crossover-method,num-generations,best-fitness
10_POINT,1,135316.875
10_POINT,2,131261.625
10_POINT,3,127846.5
10_POINT,4,124619.25
10_POINT,5,122085.0
10_POINT,6,119275.5
10_POINT,7,118058.875
10_POINT,8,115727.875
10_POINT,9,112864.125
10_POINT,10,111644.5
10_POINT,11,109273.125
10_POINT,12,107473.0
10_POINT,13,106094.125
10_POINT,14,103688.625
10_POINT,15,102789.125
10_POINT,16,100867.625
10_POINT,17,99687.125
10_POINT,18,97766.25
10_POINT,19,96832.875
10_POINT,20,95659.25
10_POINT,21,94758.125
10_POINT,22,93336.0
10_POINT,23,92523.25
10_POINT,24,91557.875
10_POINT,25,90618.125
10_POINT,26,89609.625
10_POINT,27,88560.75
10_POINT,28,87964.25
10_POINT,29,86790.5
10_POINT,30,86114.25
10_POINT,31,85778.625
10_POINT,32,85209.5
10_POINT,33,84647.375
10_POINT,34,83964.0
10_POINT,35,83375.5
10_POINT,36,83021.5
10_POINT,37,82282.25
10_POINT,38,82042.625
10_POINT,39,81510.625
10_POINT,40,81140.75
10_POINT,41,80761.75
10_POINT,42,80313.0
10_POINT,43,79904.5
10_POINT,44,79528.625
10_POINT,45,79092.875
10_POINT,46,78937.375
10_POINT,47,78745.125
10_POINT,48,78324.25
10_POINT,49,78043.0
10_POINT,50,77694.125
10_POINT,51,77576.625
10_POINT,52,77089.5
10_POINT,53,76869.5
10_POINT,54,76530.375
10_POINT,55,76147.375
10_POINT,56,75897.125
10_POINT,57,75380.25
10_POINT,58,75174.75
10_POINT,59,74819.375
10_POINT,60,74410.375
10_POINT,61,73999.25
10_POINT,62,73774.0
10_POINT,63,73508.375
10_POINT,64,73193.0
10_POINT,65,72950.0
10_POINT,66,72714.0
10_POINT,67,72349.25
10_POINT,68,72166.875
10_POINT,69,71840.125
10_POINT,70,71485.625
10_POINT,71,71211.125
10_POINT,72,70874.125
10_POINT,73,70633.5
10_POINT,74,70456.0
10_POINT,75,70158.0
10_POINT,76,69990.0
10_POINT,77,69786.125
10_POINT,78,69540.375
10_POINT,79,69240.25
10_POINT,80,68986.75
10_POINT,81,68761.25
10_POINT,82,68544.75
10_POINT,83,68376.375
10_POINT,84,68100.75
10_POINT,85,67878.75
10_POINT,86,67682.5
10_POINT,87,67304.5
10_POINT,88,66998.25
10_POINT,89,66839.375
10_POINT,90,66588.5
10_POINT,91,66336.375
10_POINT,92,66047.875
10_POINT,93,65867.125
10_POINT,94,65540.125
10_POINT,95,65383.125
10_POINT,96,65070.25
10_POINT,97,64838.0
10_POINT,98,64652.875
10_POINT,99,64539.625
10_POINT,100,64263.625
10_POINT,101,63990.5
10_POINT,102,63804.25
10_POINT,103,63695.625
10_POINT,104,63402.375
10_POINT,105,63176.625
10_POINT,106,63050.5
10_POINT,107,62796.5
10_POINT,108,62634.5
10_POINT,109,62461.25
10_POINT,110,62230.875
10_POINT,111,62110.0
10_POINT,112,61904.125
10_POINT,113,61641.75
10_POINT,114,61459.375
10_POINT,115,61331.25
10_POINT,116,61181.5
10_POINT,117,61039.625
10_POINT,118,60783.25
10_POINT,119,60620.5
10_POINT,120,60421.375
10_POINT,121,60271.75
10_POINT,122,60185.625
10_POINT,123,59946.875
10_POINT,124,59755.875
10_POINT,125,59531.5
10_POINT,126,59384.375
10_POINT,127,59193.5
10_POINT,128,59057.25
10_POINT,129,58948.375
10_POINT,130,58714.375
10_POINT,131,58585.25
10_POINT,132,58377.875
10_POINT,133,58177.625
10_POINT,134,57917.625
10_POINT,135,57734.0
10_POINT,136,57616.625
10_POINT,137,57401.25
10_POINT,138,57276.625
10_POINT,139,57088.625
10_POINT,140,56955.25
10_POINT,141,56803.125
10_POINT,142,56664.625
10_POINT,143,56427.75
10_POINT,144,56228.5
10_POINT,145,56178.375
10_POINT,146,56008.875
10_POINT,147,55803.125
10_POINT,148,55645.375
10_POINT,149,55477.125
10_POINT,150,55310.0
10_POINT,151,55215.875
10_POINT,152,54996.0
10_POINT,153,54866.125
10_POINT,154,54722.0
10_POINT,155,54551.75
10_POINT,156,54363.125
10_POINT,157,54204.5
10_POINT,158,54067.25
10_POINT,159,53970.5
10_POINT,160,53784.75
10_POINT,161,53658.125
10_POINT,162,53522.5
10_POINT,163,53358.0
10_POINT,164,53214.0
10_POINT,165,53116.125
10_POINT,166,52998.625
10_POINT,167,52843.125
10_POINT,168,52660.875
10_POINT,169,52563.875
10_POINT,170,52489.125
10_POINT,171,52352.625
10_POINT,172,52212.0
10_POINT,173,52103.75
10_POINT,174,51955.625
10_POINT,175,51870.25
10_POINT,176,51767.125
10_POINT,177,51646.25
10_POINT,178,51552.0
10_POINT,179,51411.5
10_POINT,180,51315.0
10_POINT,181,51185.75
10_POINT,182,51091.75
10_POINT,183,50983.375
10_POINT,184,50826.25
10_POINT,185,50725.25
10_POINT,186,50550.0
10_POINT,187,50437.75
10_POINT,188,50319.625
10_POINT,189,50144.375
10_POINT,190,50063.375
10_POINT,191,49898.625
10_POINT,192,49769.0
10_POINT,193,49653.125
10_POINT,194,49588.375
10_POINT,195,49497.125
10_POINT,196,49382.375
10_POINT,197,49295.25
10_POINT,198,49157.625
10_POINT,199,49089.5
10_POINT,200,49018.0
10_POINT,201,48932.0
10_POINT,202,48840.5
10_POINT,203,48743.0
10_POINT,204,48650.875
10_POINT,205,48545.875
10_POINT,206,48435.0
10_POINT,207,48355.0
10_POINT,208,48274.25
10_POINT,209,48176.0
10_POINT,210,48102.0
10_POINT,211,47979.0
10_POINT,212,47895.875
10_POINT,213,47796.875
10_POINT,214,47706.875
10_POINT,215,47632.25
10_POINT,216,47514.625
10_POINT,217,47435.5
10_POINT,218,47353.875
10_POINT,219,47315.25
10_POINT,220,47212.5
10_POINT,221,47131.25
10_POINT,222,47065.375
10_POINT,223,46979.25
10_POINT,224,46900.125
10_POINT,225,46818.875
10_POINT,226,46727.875
10_POINT,227,46649.625
10_POINT,228,46562.25
10_POINT,229,46475.5
10_POINT,230,46369.625
10_POINT,231,46293.125
10_POINT,232,46239.25
10_POINT,233,46113.125
10_POINT,234,46072.125
10_POINT,235,45974.25
10_POINT,236,45892.0
10_POINT,237,45783.875
10_POINT,238,45702.375
10_POINT,239,45600.375
10_POINT,240,45548.625
10_POINT,241,45480.875
10_POINT,242,45376.125
10_POINT,243,45277.125
10_POINT,244,45206.25
10_POINT,245,45110.25
10_POINT,246,45030.0
10_POINT,247,44941.625
10_POINT,248,44826.0
10_POINT,249,44766.25
10_POINT,250,44681.25
10_POINT,251,44619.5
10_POINT,252,44570.0
10_POINT,253,44511.875
10_POINT,254,44433.625
10_POINT,255,44382.375
10_POINT,256,44321.5
10_POINT,257,44258.375
10_POINT,258,44208.25
10_POINT,259,44125.375
10_POINT,260,44090.75
10_POINT,261,44031.0
10_POINT,262,43952.75
10_POINT,263,43901.25
10_POINT,264,43825.125
10_POINT,265,43779.375
10_POINT,266,43697.5
10_POINT,267,43614.625
10_POINT,268,43555.625
10_POINT,269,43477.0
10_POINT,270,43396.125
10_POINT,271,43342.625
10_POINT,272,43255.75
10_POINT,273,43152.375
10_POINT,274,43106.5
10_POINT,275,43010.375
10_POINT,276,42953.375
10_POINT,277,42873.125
10_POINT,278,42799.625
10_POINT,279,42726.75
10_POINT,280,42689.0
10_POINT,281,42610.625
10_POINT,282,42554.5
10_POINT,283,42495.125
10_POINT,284,42441.125
10_POINT,285,42347.625
10_POINT,286,42311.75
10_POINT,287,42246.875
10_POINT,288,42188.375
10_POINT,289,42114.625
10_POINT,290,42081.125
10_POINT,291,42023.125
10_POINT,292,41948.375
10_POINT,293,41889.75
10_POINT,294,41854.625
10_POINT,295,41801.0
10_POINT,296,41758.75
10_POINT,297,41717.5
10_POINT,298,41670.25
10_POINT,299,41611.25
10_POINT,300,41588.5
10_POINT,301,41530.875
10_POINT,302,41470.625
10_POINT,303,41430.5
10_POINT,304,41378.625
10_POINT,305,41320.25
10_POINT,306,41253.625
10_POINT,307,41180.875
10_POINT,308,41138.625
10_POINT,309,41084.25
10_POINT,310,41054.25
10_POINT,311,40989.25
10_POINT,312,40947.125
10_POINT,313,40919.25
10_POINT,314,40869.0
10_POINT,315,40809.75
10_POINT,316,40765.5
10_POINT,317,40687.5
10_POINT,318,40660.25
10_POINT,319,40606.25
10_POINT,320,40562.625
10_POINT,321,40497.25
10_POINT,322,40447.5
10_POINT,323,40406.875
10_POINT,324,40357.125
10_POINT,325,40311.0
10_POINT,326,40265.875
10_POINT,327,40239.125
10_POINT,328,40183.125
10_POINT,329,40136.25
10_POINT,330,40076.375
10_POINT,331,40034.5
10_POINT,332,39991.75
10_POINT,333,39944.625
10_POINT,334,39888.25
10_POINT,335,39852.625
10_POINT,336,39798.125
10_POINT,337,39762.375
10_POINT,338,39704.875
10_POINT,339,39671.875
10_POINT,340,39622.0
10_POINT,341,39592.0
10_POINT,342,39550.125
10_POINT,343,39505.0
10_POINT,344,39443.0
10_POINT,345,39390.375
10_POINT,346,39352.25
10_POINT,347,39329.0
10_POINT,348,39260.5
10_POINT,349,39229.5
10_POINT,350,39134.75
10_POINT,351,39116.125
10_POINT,352,39091.375
10_POINT,353,39051.75
10_POINT,354,39010.125
10_POINT,355,38969.25
10_POINT,356,38944.5
10_POINT,357,38913.75
10_POINT,358,38874.0
10_POINT,359,38823.875
10_POINT,360,38785.875
10_POINT,361,38753.875
10_POINT,362,38722.625
10_POINT,363,38679.75
10_POINT,364,38638.125
10_POINT,365,38620.0
10_POINT,366,38588.25
10_POINT,367,38528.25
10_POINT,368,38521.75
10_POINT,369,38467.375
10_POINT,370,38422.5
10_POINT,371,38398.5
10_POINT,372,38362.75
10_POINT,373,38324.0
10_POINT,374,38303.5
10_POINT,375,38255.875
10_POINT,376,38222.5
10_POINT,377,38184.0
10_POINT,378,38159.375
10_POINT,379,38125.5
10_POINT,380,38082.5
10_POINT,381,38055.875
10_POINT,382,38042.625
10_POINT,383,37993.875
10_POINT,384,37964.125
10_POINT,385,37928.625
10_POINT,386,37902.375
10_POINT,387,37870.25
10_POINT,388,37839.25
10_POINT,389,37815.5
10_POINT,390,37777.625
10_POINT,391,37748.25
10_POINT,392,37713.5
10_POINT,393,37693.0
10_POINT,394,37654.625
10_POINT,395,37625.25
10_POINT,396,37602.125
10_POINT,397,37560.25
10_POINT,398,37539.75
10_POINT,399,37504.0
10_POINT,400,37500.375
10_POINT,401,37449.125
10_POINT,402,37416.125
10_POINT,403,37352.125
10_POINT,404,37315.875
10_POINT,405,37283.0
10_POINT,406,37262.125
10_POINT,407,37224.625
10_POINT,408,37173.875
10_POINT,409,37139.875
10_POINT,410,37111.0
10_POINT,411,37086.875
10_POINT,412,37043.75
10_POINT,413,37022.375
10_POINT,414,36994.875
10_POINT,415,36954.125
10_POINT,416,36936.5
10_POINT,417,36910.375
10_POINT,418,36884.75
10_POINT,419,36848.75
10_POINT,420,36827.75
10_POINT,421,36808.625
10_POINT,422,36784.875
10_POINT,423,36745.0
10_POINT,424,36723.75
10_POINT,425,36702.875
10_POINT,426,36674.875
10_POINT,427,36641.75
10_POINT,428,36626.25
10_POINT,429,36593.75
10_POINT,430,36554.25
10_POINT,431,36512.875
10_POINT,432,36490.375
10_POINT,433,36449.375
10_POINT,434,36429.125
10_POINT,435,36409.125
10_POINT,436,36375.625
10_POINT,437,36358.0
10_POINT,438,36334.375
10_POINT,439,36302.25
10_POINT,440,36279.375
10_POINT,441,36247.125
10_POINT,442,36225.25
10_POINT,443,36199.875
10_POINT,444,36181.0
10_POINT,445,36139.125
10_POINT,446,36111.75
10_POINT,447,36082.25
10_POINT,448,36073.125
10_POINT,449,36043.875
10_POINT,450,36013.125
10_POINT,451,36000.875
10_POINT,452,35980.0
10_POINT,453,35963.875
10_POINT,454,35947.625
10_POINT,455,35913.75
10_POINT,456,35894.875
10_POINT,457,35876.625
10_POINT,458,35852.625
10_POINT,459,35821.5
10_POINT,460,35796.375
10_POINT,461,35770.75
10_POINT,462,35760.375
10_POINT,463,35716.375
10_POINT,464,35678.75
10_POINT,465,35666.0
10_POINT,466,35643.625
10_POINT,467,35621.0
10_POINT,468,35594.75
10_POINT,469,35568.625
10_POINT,470,35526.875
10_POINT,471,35507.875
10_POINT,472,35499.5
10_POINT,473,35472.625
10_POINT,474,35440.25
10_POINT,475,35421.125
10_POINT,476,35411.5
10_POINT,477,35382.875
10_POINT,478,35338.25
10_POINT,479,35324.375
10_POINT,480,35286.875
10_POINT,481,35276.125
10_POINT,482,35250.625
10_POINT,483,35235.375
10_POINT,484,35200.25
10_POINT,485,35181.5
10_POINT,486,35159.75
10_POINT,487,35121.125
10_POINT,488,35106.625
10_POINT,489,35074.25
10_POINT,490,35049.0
10_POINT,491,35028.125
10_POINT,492,35009.5
10_POINT,493,34990.375
10_POINT,494,34973.25
10_POINT,495,34959.625
10_POINT,496,34947.375
10_POINT,497,34930.25
10_POINT,498,34913.375
10_POINT,499,34892.375
10_POINT,500,34867.5
10_POINT_BLOCK,1,136823.625
10_POINT_BLOCK,2,132191.25
10_POINT_BLOCK,3,129724.5
10_POINT_BLOCK,4,125462.0
10_POINT_BLOCK,5,123929.75
10_POINT_BLOCK,6,120995.875
10_POINT_BLOCK,7,119073.875
10_POINT_BLOCK,8,115318.0
10_POINT_BLOCK,9,112982.625
10_POINT_BLOCK,10,112034.0
10_POINT_BLOCK,11,109836.125
10_POINT_BLOCK,12,106501.875
10_POINT_BLOCK,13,105754.125
10_POINT_BLOCK,14,104345.25
10_POINT_BLOCK,15,102524.875
10_POINT_BLOCK,16,100968.125
10_POINT_BLOCK,17,98616.875
10_POINT_BLOCK,18,97619.625
10_POINT_BLOCK,19,96839.25
10_POINT_BLOCK,20,94434.0
10_POINT_BLOCK,21,93865.375
10_POINT_BLOCK,22,92366.875
10_POINT_BLOCK,23,91489.625
10_POINT_BLOCK,24,90846.625
10_POINT_BLOCK,25,90103.375
10_POINT_BLOCK,26,89020.75
10_POINT_BLOCK,27,88076.125
10_POINT_BLOCK,28,87517.875
10_POINT_BLOCK,29,86757.5
10_POINT_BLOCK,30,86369.25
10_POINT_BLOCK,31,85627.875
10_POINT_BLOCK,32,84998.75
10_POINT_BLOCK,33,84293.25
10_POINT_BLOCK,34,83967.125
10_POINT_BLOCK,35,83518.0
10_POINT_BLOCK,36,83177.125
10_POINT_BLOCK,37,82389.875
10_POINT_BLOCK,38,82033.25
10_POINT_BLOCK,39,81821.125
10_POINT_BLOCK,40,81450.5
10_POINT_BLOCK,41,81159.25
10_POINT_BLOCK,42,80847.0
10_POINT_BLOCK,43,80611.75
10_POINT_BLOCK,44,80345.125
10_POINT_BLOCK,45,79948.875
10_POINT_BLOCK,46,79766.875
10_POINT_BLOCK,47,79287.375
10_POINT_BLOCK,48,79025.125
10_POINT_BLOCK,49,78554.25
10_POINT_BLOCK,50,78332.25
10_POINT_BLOCK,51,77900.875
10_POINT_BLOCK,52,77691.625
10_POINT_BLOCK,53,77430.125
10_POINT_BLOCK,54,77182.125
10_POINT_BLOCK,55,76810.625
10_POINT_BLOCK,56,76574.25
10_POINT_BLOCK,57,76341.5
10_POINT_BLOCK,58,76163.25
10_POINT_BLOCK,59,75772.625
10_POINT_BLOCK,60,75482.625
10_POINT_BLOCK,61,75153.875
10_POINT_BLOCK,62,74929.25
10_POINT_BLOCK,63,74543.5
10_POINT_BLOCK,64,74189.75
10_POINT_BLOCK,65,74023.0
10_POINT_BLOCK,66,73682.5
10_POINT_BLOCK,67,73452.0
10_POINT_BLOCK,68,73109.625
10_POINT_BLOCK,69,72888.5
10_POINT_BLOCK,70,72545.875
10_POINT_BLOCK,71,72202.125
10_POINT_BLOCK,72,71980.125
10_POINT_BLOCK,73,71803.125
10_POINT_BLOCK,74,71614.375
10_POINT_BLOCK,75,71314.375
10_POINT_BLOCK,76,71074.625
10_POINT_BLOCK,77,70846.375
10_POINT_BLOCK,78,70624.25
10_POINT_BLOCK,79,70307.625
10_POINT_BLOCK,80,70085.875
10_POINT_BLOCK,81,69853.75
10_POINT_BLOCK,82,69584.375
10_POINT_BLOCK,83,69235.75
10_POINT_BLOCK,84,68972.625
10_POINT_BLOCK,85,68737.75
10_POINT_BLOCK,86,68445.875
10_POINT_BLOCK,87,68216.375
10_POINT_BLOCK,88,68057.375
10_POINT_BLOCK,89,67829.5
10_POINT_BLOCK,90,67622.0
10_POINT_BLOCK,91,67369.0
10_POINT_BLOCK,92,67073.5
10_POINT_BLOCK,93,66872.125
10_POINT_BLOCK,94,66653.75
10_POINT_BLOCK,95,66519.625
10_POINT_BLOCK,96,66321.875
10_POINT_BLOCK,97,65977.625
10_POINT_BLOCK,98,65862.125
10_POINT_BLOCK,99,65467.375
10_POINT_BLOCK,100,65298.75
10_POINT_BLOCK,101,65104.75
10_POINT_BLOCK,102,64763.0
10_POINT_BLOCK,103,64636.875
10_POINT_BLOCK,104,64363.0
10_POINT_BLOCK,105,64249.125
10_POINT_BLOCK,106,64059.625
10_POINT_BLOCK,107,63939.25
10_POINT_BLOCK,108,63692.125
10_POINT_BLOCK,109,63558.75
10_POINT_BLOCK,110,63399.375
10_POINT_BLOCK,111,63156.0
10_POINT_BLOCK,112,62900.25
10_POINT_BLOCK,113,62758.875
10_POINT_BLOCK,114,62567.375
10_POINT_BLOCK,115,62359.0
10_POINT_BLOCK,116,62238.625
10_POINT_BLOCK,117,62094.875
10_POINT_BLOCK,118,61801.625
10_POINT_BLOCK,119,61714.5
10_POINT_BLOCK,120,61515.0
10_POINT_BLOCK,121,61371.0
10_POINT_BLOCK,122,61220.25
10_POINT_BLOCK,123,61028.75
10_POINT_BLOCK,124,60896.75
10_POINT_BLOCK,125,60720.375
10_POINT_BLOCK,126,60536.25
10_POINT_BLOCK,127,60404.75
10_POINT_BLOCK,128,60186.0
10_POINT_BLOCK,129,59994.5
10_POINT_BLOCK,130,59826.5
10_POINT_BLOCK,131,59700.375
10_POINT_BLOCK,132,59534.25
10_POINT_BLOCK,133,59377.75
10_POINT_BLOCK,134,59224.75
10_POINT_BLOCK,135,59058.0
10_POINT_BLOCK,136,58878.125
10_POINT_BLOCK,137,58701.875
10_POINT_BLOCK,138,58601.875
10_POINT_BLOCK,139,58464.0
10_POINT_BLOCK,140,58236.625
10_POINT_BLOCK,141,58082.625
10_POINT_BLOCK,142,57929.125
10_POINT_BLOCK,143,57816.25
10_POINT_BLOCK,144,57620.75
10_POINT_BLOCK,145,57502.875
10_POINT_BLOCK,146,57340.875
10_POINT_BLOCK,147,57206.875
10_POINT_BLOCK,148,57077.875
10_POINT_BLOCK,149,56936.625
10_POINT_BLOCK,150,56732.125
10_POINT_BLOCK,151,56619.25
10_POINT_BLOCK,152,56454.25
10_POINT_BLOCK,153,56367.125
10_POINT_BLOCK,154,56234.25
10_POINT_BLOCK,155,56116.5
10_POINT_BLOCK,156,55872.0
10_POINT_BLOCK,157,55744.375
10_POINT_BLOCK,158,55645.5
10_POINT_BLOCK,159,55551.875
10_POINT_BLOCK,160,55387.375
10_POINT_BLOCK,161,55199.25
10_POINT_BLOCK,162,55095.375
10_POINT_BLOCK,163,54920.75
10_POINT_BLOCK,164,54819.625
10_POINT_BLOCK,165,54607.375
10_POINT_BLOCK,166,54517.625
10_POINT_BLOCK,167,54390.5
10_POINT_BLOCK,168,54219.0
10_POINT_BLOCK,169,54106.25
10_POINT_BLOCK,170,53961.25
10_POINT_BLOCK,171,53830.5
10_POINT_BLOCK,172,53744.75
10_POINT_BLOCK,173,53573.875
10_POINT_BLOCK,174,53462.875
10_POINT_BLOCK,175,53349.0
10_POINT_BLOCK,176,53225.25
10_POINT_BLOCK,177,53117.625
10_POINT_BLOCK,178,53008.125
10_POINT_BLOCK,179,52854.0
10_POINT_BLOCK,180,52776.5
10_POINT_BLOCK,181,52625.5
10_POINT_BLOCK,182,52500.875
10_POINT_BLOCK,183,52422.125
10_POINT_BLOCK,184,52307.25
10_POINT_BLOCK,185,52212.625
10_POINT_BLOCK,186,52123.875
10_POINT_BLOCK,187,52035.375
10_POINT_BLOCK,188,51877.5
10_POINT_BLOCK,189,51795.25
10_POINT_BLOCK,190,51684.25
10_POINT_BLOCK,191,51607.25
10_POINT_BLOCK,192,51448.5
10_POINT_BLOCK,193,51408.875
10_POINT_BLOCK,194,51305.25
10_POINT_BLOCK,195,51202.625
10_POINT_BLOCK,196,51131.375
10_POINT_BLOCK,197,50995.625
10_POINT_BLOCK,198,50890.0
10_POINT_BLOCK,199,50803.25
10_POINT_BLOCK,200,50685.75
10_POINT_BLOCK,201,50609.5
10_POINT_BLOCK,202,50468.5
10_POINT_BLOCK,203,50369.875
10_POINT_BLOCK,204,50278.875
10_POINT_BLOCK,205,50158.75
10_POINT_BLOCK,206,50082.25
10_POINT_BLOCK,207,50011.125
10_POINT_BLOCK,208,49838.25
10_POINT_BLOCK,209,49734.0
10_POINT_BLOCK,210,49632.75
10_POINT_BLOCK,211,49568.125
10_POINT_BLOCK,212,49442.625
10_POINT_BLOCK,213,49380.875
10_POINT_BLOCK,214,49250.125
10_POINT_BLOCK,215,49187.375
10_POINT_BLOCK,216,49030.75
10_POINT_BLOCK,217,48946.5
10_POINT_BLOCK,218,48873.25
10_POINT_BLOCK,219,48798.25
10_POINT_BLOCK,220,48689.375
10_POINT_BLOCK,221,48590.0
10_POINT_BLOCK,222,48476.625
10_POINT_BLOCK,223,48388.625
10_POINT_BLOCK,224,48304.875
10_POINT_BLOCK,225,48206.625
10_POINT_BLOCK,226,48121.75
10_POINT_BLOCK,227,48069.25
10_POINT_BLOCK,228,47956.625
10_POINT_BLOCK,229,47893.625
10_POINT_BLOCK,230,47777.5
10_POINT_BLOCK,231,47715.25
10_POINT_BLOCK,232,47613.375
10_POINT_BLOCK,233,47528.375
10_POINT_BLOCK,234,47438.5
10_POINT_BLOCK,235,47335.375
10_POINT_BLOCK,236,47279.0
10_POINT_BLOCK,237,47119.75
10_POINT_BLOCK,238,47076.875
10_POINT_BLOCK,239,47012.125
10_POINT_BLOCK,240,46918.5
10_POINT_BLOCK,241,46798.5
10_POINT_BLOCK,242,46734.375
10_POINT_BLOCK,243,46644.625
10_POINT_BLOCK,244,46548.375
10_POINT_BLOCK,245,46482.125
10_POINT_BLOCK,246,46419.75
10_POINT_BLOCK,247,46355.375
10_POINT_BLOCK,248,46267.75
10_POINT_BLOCK,249,46175.125
10_POINT_BLOCK,250,46058.875
10_POINT_BLOCK,251,46004.375
10_POINT_BLOCK,252,45939.125
10_POINT_BLOCK,253,45843.0
10_POINT_BLOCK,254,45801.375
10_POINT_BLOCK,255,45744.625
10_POINT_BLOCK,256,45647.125
10_POINT_BLOCK,257,45577.5
10_POINT_BLOCK,258,45510.5
10_POINT_BLOCK,259,45407.125
10_POINT_BLOCK,260,45335.5
10_POINT_BLOCK,261,45251.0
10_POINT_BLOCK,262,45199.0
10_POINT_BLOCK,263,45110.625
10_POINT_BLOCK,264,45062.625
10_POINT_BLOCK,265,44975.75
10_POINT_BLOCK,266,44941.875
10_POINT_BLOCK,267,44885.625
10_POINT_BLOCK,268,44808.125
10_POINT_BLOCK,269,44760.625
10_POINT_BLOCK,270,44719.875
10_POINT_BLOCK,271,44657.125
10_POINT_BLOCK,272,44582.125
10_POINT_BLOCK,273,44467.375
10_POINT_BLOCK,274,44438.25
10_POINT_BLOCK,275,44379.125
10_POINT_BLOCK,276,44331.125
10_POINT_BLOCK,277,44225.75
10_POINT_BLOCK,278,44135.375
10_POINT_BLOCK,279,44095.625
10_POINT_BLOCK,280,43997.875
10_POINT_BLOCK,281,43936.25
10_POINT_BLOCK,282,43875.625
10_POINT_BLOCK,283,43805.5
10_POINT_BLOCK,284,43716.25
10_POINT_BLOCK,285,43671.125
10_POINT_BLOCK,286,43608.75
10_POINT_BLOCK,287,43528.875
10_POINT_BLOCK,288,43474.25
10_POINT_BLOCK,289,43410.0
10_POINT_BLOCK,290,43360.75
10_POINT_BLOCK,291,43290.875
10_POINT_BLOCK,292,43225.125
10_POINT_BLOCK,293,43178.375
10_POINT_BLOCK,294,43114.0
10_POINT_BLOCK,295,43025.875
10_POINT_BLOCK,296,42956.875
10_POINT_BLOCK,297,42929.125
10_POINT_BLOCK,298,42813.0
10_POINT_BLOCK,299,42719.625
10_POINT_BLOCK,300,42675.875
10_POINT_BLOCK,301,42617.5
10_POINT_BLOCK,302,42552.5
10_POINT_BLOCK,303,42479.125
10_POINT_BLOCK,304,42421.5
10_POINT_BLOCK,305,42357.375
10_POINT_BLOCK,306,42304.0
10_POINT_BLOCK,307,42240.125
10_POINT_BLOCK,308,42183.75
10_POINT_BLOCK,309,42138.0
10_POINT_BLOCK,310,42119.25
10_POINT_BLOCK,311,42057.5
10_POINT_BLOCK,312,41986.25
10_POINT_BLOCK,313,41923.75
10_POINT_BLOCK,314,41892.375
10_POINT_BLOCK,315,41826.75
10_POINT_BLOCK,316,41775.875
10_POINT_BLOCK,317,41731.125
10_POINT_BLOCK,318,41648.0
10_POINT_BLOCK,319,41611.875
10_POINT_BLOCK,320,41558.625
10_POINT_BLOCK,321,41492.625
10_POINT_BLOCK,322,41461.875
10_POINT_BLOCK,323,41407.375
10_POINT_BLOCK,324,41308.0
10_POINT_BLOCK,325,41270.125
10_POINT_BLOCK,326,41214.75
10_POINT_BLOCK,327,41141.75
10_POINT_BLOCK,328,41121.25
10_POINT_BLOCK,329,41082.5
10_POINT_BLOCK,330,41025.625
10_POINT_BLOCK,331,40977.5
10_POINT_BLOCK,332,40950.25
10_POINT_BLOCK,333,40902.75
10_POINT_BLOCK,334,40828.375
10_POINT_BLOCK,335,40811.125
10_POINT_BLOCK,336,40775.5
10_POINT_BLOCK,337,40721.75
10_POINT_BLOCK,338,40688.5
10_POINT_BLOCK,339,40652.25
10_POINT_BLOCK,340,40574.875
10_POINT_BLOCK,341,40539.0
10_POINT_BLOCK,342,40508.125
10_POINT_BLOCK,343,40476.375
10_POINT_BLOCK,344,40422.75
10_POINT_BLOCK,345,40378.625
10_POINT_BLOCK,346,40339.25
10_POINT_BLOCK,347,40270.75
10_POINT_BLOCK,348,40247.625
10_POINT_BLOCK,349,40181.25
10_POINT_BLOCK,350,40158.0
10_POINT_BLOCK,351,40094.5
10_POINT_BLOCK,352,40021.0
10_POINT_BLOCK,353,39970.75
10_POINT_BLOCK,354,39931.0
10_POINT_BLOCK,355,39867.25
10_POINT_BLOCK,356,39814.25
10_POINT_BLOCK,357,39768.625
10_POINT_BLOCK,358,39737.375
10_POINT_BLOCK,359,39674.0
10_POINT_BLOCK,360,39637.125
10_POINT_BLOCK,361,39595.5
10_POINT_BLOCK,362,39555.25
10_POINT_BLOCK,363,39511.125
10_POINT_BLOCK,364,39490.75
10_POINT_BLOCK,365,39429.625
10_POINT_BLOCK,366,39399.25
10_POINT_BLOCK,367,39340.25
10_POINT_BLOCK,368,39299.125
10_POINT_BLOCK,369,39276.375
10_POINT_BLOCK,370,39240.25
10_POINT_BLOCK,371,39201.625
10_POINT_BLOCK,372,39172.375
10_POINT_BLOCK,373,39129.125
10_POINT_BLOCK,374,39113.25
10_POINT_BLOCK,375,39057.375
10_POINT_BLOCK,376,39042.25
10_POINT_BLOCK,377,38983.25
10_POINT_BLOCK,378,38957.625
10_POINT_BLOCK,379,38925.375
10_POINT_BLOCK,380,38907.125
10_POINT_BLOCK,381,38864.875
10_POINT_BLOCK,382,38832.75
10_POINT_BLOCK,383,38792.375
10_POINT_BLOCK,384,38751.125
10_POINT_BLOCK,385,38719.625
10_POINT_BLOCK,386,38703.5
10_POINT_BLOCK,387,38659.125
10_POINT_BLOCK,388,38582.0
10_POINT_BLOCK,389,38564.875
10_POINT_BLOCK,390,38509.25
10_POINT_BLOCK,391,38474.0
10_POINT_BLOCK,392,38432.25
10_POINT_BLOCK,393,38393.625
10_POINT_BLOCK,394,38353.375
10_POINT_BLOCK,395,38297.5
10_POINT_BLOCK,396,38255.625
10_POINT_BLOCK,397,38215.0
10_POINT_BLOCK,398,38201.625
10_POINT_BLOCK,399,38163.625
10_POINT_BLOCK,400,38140.75
10_POINT_BLOCK,401,38095.0
10_POINT_BLOCK,402,38065.625
10_POINT_BLOCK,403,38043.125
10_POINT_BLOCK,404,38014.125
10_POINT_BLOCK,405,37976.875
10_POINT_BLOCK,406,37945.625
10_POINT_BLOCK,407,37903.125
10_POINT_BLOCK,408,37875.5
10_POINT_BLOCK,409,37819.125
10_POINT_BLOCK,410,37793.625
10_POINT_BLOCK,411,37753.125
10_POINT_BLOCK,412,37728.125
10_POINT_BLOCK,413,37701.125
10_POINT_BLOCK,414,37660.75
10_POINT_BLOCK,415,37633.75
10_POINT_BLOCK,416,37610.5
10_POINT_BLOCK,417,37566.625
10_POINT_BLOCK,418,37537.75
10_POINT_BLOCK,419,37506.0
10_POINT_BLOCK,420,37476.875
10_POINT_BLOCK,421,37457.875
10_POINT_BLOCK,422,37424.5
10_POINT_BLOCK,423,37400.125
10_POINT_BLOCK,424,37366.5
10_POINT_BLOCK,425,37333.25
10_POINT_BLOCK,426,37312.375
10_POINT_BLOCK,427,37280.875
10_POINT_BLOCK,428,37241.5
10_POINT_BLOCK,429,37207.25
10_POINT_BLOCK,430,37163.125
10_POINT_BLOCK,431,37142.875
10_POINT_BLOCK,432,37077.0
10_POINT_BLOCK,433,37056.0
10_POINT_BLOCK,434,37034.875
10_POINT_BLOCK,435,36983.25
10_POINT_BLOCK,436,36956.75
10_POINT_BLOCK,437,36929.0
10_POINT_BLOCK,438,36890.875
10_POINT_BLOCK,439,36872.125
10_POINT_BLOCK,440,36841.0
10_POINT_BLOCK,441,36809.375
10_POINT_BLOCK,442,36780.5
10_POINT_BLOCK,443,36761.875
10_POINT_BLOCK,444,36721.375
10_POINT_BLOCK,445,36692.125
10_POINT_BLOCK,446,36664.125
10_POINT_BLOCK,447,36640.625
10_POINT_BLOCK,448,36601.25
10_POINT_BLOCK,449,36575.75
10_POINT_BLOCK,450,36549.625
10_POINT_BLOCK,451,36515.0
10_POINT_BLOCK,452,36477.875
10_POINT_BLOCK,453,36460.5
10_POINT_BLOCK,454,36424.125
10_POINT_BLOCK,455,36412.25
10_POINT_BLOCK,456,36380.375
10_POINT_BLOCK,457,36351.75
10_POINT_BLOCK,458,36307.375
10_POINT_BLOCK,459,36281.0
10_POINT_BLOCK,460,36255.0
10_POINT_BLOCK,461,36217.0
10_POINT_BLOCK,462,36189.25
10_POINT_BLOCK,463,36173.25
10_POINT_BLOCK,464,36155.625
10_POINT_BLOCK,465,36118.125
10_POINT_BLOCK,466,36092.625
10_POINT_BLOCK,467,36073.125
10_POINT_BLOCK,468,36038.75
10_POINT_BLOCK,469,36006.375
10_POINT_BLOCK,470,35972.375
10_POINT_BLOCK,471,35957.5
10_POINT_BLOCK,472,35930.0
10_POINT_BLOCK,473,35904.5
10_POINT_BLOCK,474,35890.0
10_POINT_BLOCK,475,35863.875
10_POINT_BLOCK,476,35852.25
10_POINT_BLOCK,477,35832.0
10_POINT_BLOCK,478,35809.0
10_POINT_BLOCK,479,35786.5
10_POINT_BLOCK,480,35750.625
10_POINT_BLOCK,481,35732.375
10_POINT_BLOCK,482,35705.875
10_POINT_BLOCK,483,35679.625
10_POINT_BLOCK,484,35653.375
10_POINT_BLOCK,485,35630.125
10_POINT_BLOCK,486,35615.125
10_POINT_BLOCK,487,35589.0
10_POINT_BLOCK,488,35570.125
10_POINT_BLOCK,489,35527.375
10_POINT_BLOCK,490,35511.75
10_POINT_BLOCK,491,35489.0
10_POINT_BLOCK,492,35462.625
10_POINT_BLOCK,493,35445.0
10_POINT_BLOCK,494,35427.625
10_POINT_BLOCK,495,35403.25
10_POINT_BLOCK,496,35373.875
10_POINT_BLOCK,497,35361.0
10_POINT_BLOCK,498,35342.25
10_POINT_BLOCK,499,35333.625
10_POINT_BLOCK,500,35315.125
1_POINT,1,135694.5
1_POINT,2,131625.625
1_POINT,3,130319.25
1_POINT,4,126484.0
1_POINT,5,124598.5
1_POINT,6,123095.75
1_POINT,7,121483.875
1_POINT,8,119911.0
1_POINT,9,118021.25
1_POINT,10,116580.125
1_POINT,11,114960.5
1_POINT,12,114224.0
1_POINT,13,113130.375
1_POINT,14,112353.125
1_POINT,15,111895.25
1_POINT,16,111114.25
1_POINT,17,110127.0
1_POINT,18,109742.0
1_POINT,19,109125.125
1_POINT,20,108562.375
1_POINT,21,107963.625
1_POINT,22,107359.125
1_POINT,23,106584.75
1_POINT,24,106045.5
1_POINT,25,105113.25
1_POINT,26,104503.625
1_POINT,27,103772.125
1_POINT,28,103097.875
1_POINT,29,102826.25
1_POINT,30,102272.625
1_POINT,31,101841.125
1_POINT,32,101414.625
1_POINT,33,101017.0
1_POINT,34,100554.125
1_POINT,35,100124.875
1_POINT,36,99500.0
1_POINT,37,98906.5
1_POINT,38,98569.5
1_POINT,39,98084.75
1_POINT,40,97463.375
1_POINT,41,97272.125
1_POINT,42,96963.25
1_POINT,43,96528.375
1_POINT,44,96086.0
1_POINT,45,95623.375
1_POINT,46,95287.125
1_POINT,47,95123.625
1_POINT,48,94402.625
1_POINT,49,94063.125
1_POINT,50,93958.25
1_POINT,51,93655.5
1_POINT,52,93110.375
1_POINT,53,92707.625
1_POINT,54,92439.75
1_POINT,55,92104.75
1_POINT,56,91675.375
1_POINT,57,91361.375
1_POINT,58,91113.0
1_POINT,59,90827.25
1_POINT,60,90311.375
1_POINT,61,90094.0
1_POINT,62,89821.5
1_POINT,63,89605.125
1_POINT,64,89233.25
1_POINT,65,88817.0
1_POINT,66,88460.125
1_POINT,67,88174.25
1_POINT,68,87883.0
1_POINT,69,87584.5
1_POINT,70,87273.875
1_POINT,71,86950.875
1_POINT,72,86634.875
1_POINT,73,86399.75
1_POINT,74,86082.0
1_POINT,75,85695.25
1_POINT,76,85572.25
1_POINT,77,85291.0
1_POINT,78,84963.0
1_POINT,79,84732.5
1_POINT,80,84407.625
1_POINT,81,84108.625
1_POINT,82,83911.75
1_POINT,83,83628.5
1_POINT,84,83340.75
1_POINT,85,83062.25
1_POINT,86,82831.25
1_POINT,87,82617.625
1_POINT,88,82394.375
1_POINT,89,82167.75
1_POINT,90,81818.125
1_POINT,91,81596.375
1_POINT,92,81314.625
1_POINT,93,81054.25
1_POINT,94,80817.625
1_POINT,95,80601.125
1_POINT,96,80217.125
1_POINT,97,79959.375
1_POINT,98,79668.5
1_POINT,99,79465.375
1_POINT,100,79167.5
1_POINT,101,79022.75
1_POINT,102,78790.375
1_POINT,103,78568.125
1_POINT,104,78404.875
1_POINT,105,78164.125
1_POINT,106,77990.125
1_POINT,107,77644.0
1_POINT,108,77481.875
1_POINT,109,77265.0
1_POINT,110,77073.375
1_POINT,111,76772.375
1_POINT,112,76493.0
1_POINT,113,76358.375
1_POINT,114,76128.5
1_POINT,115,75892.5
1_POINT,116,75657.625
1_POINT,117,75550.875
1_POINT,118,75297.25
1_POINT,119,75133.75
1_POINT,120,74906.0
1_POINT,121,74670.625
1_POINT,122,74514.5
1_POINT,123,74213.0
1_POINT,124,74061.125
1_POINT,125,73914.5
1_POINT,126,73646.875
1_POINT,127,73466.125
1_POINT,128,73294.375
1_POINT,129,72971.25
1_POINT,130,72818.875
1_POINT,131,72626.5
1_POINT,132,72488.125
1_POINT,133,72241.375
1_POINT,134,72104.25
1_POINT,135,72006.5
1_POINT,136,71799.25
1_POINT,137,71664.5
1_POINT,138,71478.75
1_POINT,139,71334.5
1_POINT,140,71069.0
1_POINT,141,70949.875
1_POINT,142,70683.5
1_POINT,143,70496.0
1_POINT,144,70329.125
1_POINT,145,70112.875
1_POINT,146,69896.125
1_POINT,147,69745.625
1_POINT,148,69563.625
1_POINT,149,69434.375
1_POINT,150,69105.375
1_POINT,151,68983.5
1_POINT,152,68870.5
1_POINT,153,68659.625
1_POINT,154,68500.125
1_POINT,155,68410.375
1_POINT,156,68225.125
1_POINT,157,67990.5
1_POINT,158,67821.25
1_POINT,159,67669.875
1_POINT,160,67497.375
1_POINT,161,67350.25
1_POINT,162,67192.5
1_POINT,163,66972.75
1_POINT,164,66854.875
1_POINT,165,66647.25
1_POINT,166,66481.0
1_POINT,167,66307.375
1_POINT,168,66209.75
1_POINT,169,66017.25
1_POINT,170,65921.75
1_POINT,171,65762.0
1_POINT,172,65599.25
1_POINT,173,65381.125
1_POINT,174,65257.5
1_POINT,175,65043.5
1_POINT,176,64975.5
1_POINT,177,64853.25
1_POINT,178,64728.875
1_POINT,179,64613.125
1_POINT,180,64413.875
1_POINT,181,64282.625
1_POINT,182,64144.625
1_POINT,183,64052.125
1_POINT,184,63871.75
1_POINT,185,63757.625
1_POINT,186,63684.0
1_POINT,187,63517.125
1_POINT,188,63408.625
1_POINT,189,63264.875
1_POINT,190,63080.125
1_POINT,191,62993.375
1_POINT,192,62808.25
1_POINT,193,62662.75
1_POINT,194,62518.0
1_POINT,195,62393.0
1_POINT,196,62268.125
1_POINT,197,62072.5
1_POINT,198,61935.75
1_POINT,199,61848.875
1_POINT,200,61709.625
1_POINT,201,61540.125
1_POINT,202,61383.375
1_POINT,203,61237.0
1_POINT,204,61106.875
1_POINT,205,61025.5
1_POINT,206,60877.625
1_POINT,207,60812.125
1_POINT,208,60658.625
1_POINT,209,60527.625
1_POINT,210,60418.5
1_POINT,211,60325.0
1_POINT,212,60227.25
1_POINT,213,60129.25
1_POINT,214,59983.25
1_POINT,215,59866.25
1_POINT,216,59785.375
1_POINT,217,59703.125
1_POINT,218,59536.25
1_POINT,219,59420.625
1_POINT,220,59282.625
1_POINT,221,59181.5
1_POINT,222,59070.875
1_POINT,223,58965.875
1_POINT,224,58835.25
1_POINT,225,58730.0
1_POINT,226,58578.125
1_POINT,227,58547.125
1_POINT,228,58444.0
1_POINT,229,58249.875
1_POINT,230,58138.75
1_POINT,231,58063.75
1_POINT,232,57924.0
1_POINT,233,57821.5
1_POINT,234,57701.25
1_POINT,235,57608.125
1_POINT,236,57511.875
1_POINT,237,57358.625
1_POINT,238,57212.75
1_POINT,239,57142.75
1_POINT,240,56957.25
1_POINT,241,56852.5
1_POINT,242,56687.625
1_POINT,243,56602.0
1_POINT,244,56516.625
1_POINT,245,56430.125
1_POINT,246,56309.875
1_POINT,247,56175.875
1_POINT,248,56090.0
1_POINT,249,55978.875
1_POINT,250,55934.75
1_POINT,251,55860.375
1_POINT,252,55735.0
1_POINT,253,55670.875
1_POINT,254,55531.75
1_POINT,255,55412.5
1_POINT,256,55359.0
1_POINT,257,55269.25
1_POINT,258,55152.5
1_POINT,259,55064.75
1_POINT,260,54922.5
1_POINT,261,54814.75
1_POINT,262,54729.125
1_POINT,263,54670.75
1_POINT,264,54603.625
1_POINT,265,54463.875
1_POINT,266,54355.875
1_POINT,267,54257.375
1_POINT,268,54234.5
1_POINT,269,54106.875
1_POINT,270,53977.5
1_POINT,271,53882.625
1_POINT,272,53801.0
1_POINT,273,53732.75
1_POINT,274,53643.125
1_POINT,275,53594.75
1_POINT,276,53482.625
1_POINT,277,53390.0
1_POINT,278,53310.375
1_POINT,279,53223.75
1_POINT,280,53148.75
1_POINT,281,53087.375
1_POINT,282,52980.625
1_POINT,283,52921.5
1_POINT,284,52797.25
1_POINT,285,52702.125
1_POINT,286,52642.125
1_POINT,287,52508.25
1_POINT,288,52406.0
1_POINT,289,52323.875
1_POINT,290,52271.75
1_POINT,291,52124.25
1_POINT,292,52038.0
1_POINT,293,51961.125
1_POINT,294,51886.75
1_POINT,295,51792.375
1_POINT,296,51692.25
1_POINT,297,51570.25
1_POINT,298,51515.75
1_POINT,299,51428.125
1_POINT,300,51325.375
1_POINT,301,51242.875
1_POINT,302,51178.25
1_POINT,303,51090.75
1_POINT,304,51003.125
1_POINT,305,50944.0
1_POINT,306,50870.875
1_POINT,307,50816.125
1_POINT,308,50721.375
1_POINT,309,50633.5
1_POINT,310,50543.75
1_POINT,311,50444.0
1_POINT,312,50381.5
1_POINT,313,50318.625
1_POINT,314,50163.375
1_POINT,315,50100.0
1_POINT,316,49997.875
1_POINT,317,49943.75
1_POINT,318,49858.75
1_POINT,319,49756.375
1_POINT,320,49667.0
1_POINT,321,49604.25
1_POINT,322,49559.375
1_POINT,323,49469.625
1_POINT,324,49378.875
1_POINT,325,49300.75
1_POINT,326,49247.125
1_POINT,327,49171.25
1_POINT,328,49104.125
1_POINT,329,49069.75
1_POINT,330,48991.5
1_POINT,331,48895.25
1_POINT,332,48825.5
1_POINT,333,48760.875
1_POINT,334,48688.75
1_POINT,335,48642.0
1_POINT,336,48587.5
1_POINT,337,48534.75
1_POINT,338,48448.125
1_POINT,339,48394.75
1_POINT,340,48321.375
1_POINT,341,48232.0
1_POINT,342,48170.125
1_POINT,343,48090.125
1_POINT,344,47973.0
1_POINT,345,47912.625
1_POINT,346,47861.75
1_POINT,347,47808.625
1_POINT,348,47737.375
1_POINT,349,47673.875
1_POINT,350,47623.375
1_POINT,351,47591.75
1_POINT,352,47506.625
1_POINT,353,47414.375
1_POINT,354,47365.0
1_POINT,355,47322.875
1_POINT,356,47261.625
1_POINT,357,47216.25
1_POINT,358,47150.25
1_POINT,359,47085.5
1_POINT,360,47042.875
1_POINT,361,46967.125
1_POINT,362,46901.375
1_POINT,363,46863.5
1_POINT,364,46767.375
1_POINT,365,46728.875
1_POINT,366,46647.25
1_POINT,367,46593.75
1_POINT,368,46501.375
1_POINT,369,46455.25
1_POINT,370,46420.5
1_POINT,371,46375.75
1_POINT,372,46330.5
1_POINT,373,46225.0
1_POINT,374,46176.5
1_POINT,375,46129.875
1_POINT,376,46063.0
1_POINT,377,46045.375
1_POINT,378,45970.625
1_POINT,379,45907.875
1_POINT,380,45849.25
1_POINT,381,45819.375
1_POINT,382,45733.625
1_POINT,383,45713.375
1_POINT,384,45670.375
1_POINT,385,45591.875
1_POINT,386,45538.125
1_POINT,387,45479.125
1_POINT,388,45440.5
1_POINT,389,45364.0
1_POINT,390,45333.625
1_POINT,391,45267.625
1_POINT,392,45194.875
1_POINT,393,45146.5
1_POINT,394,45101.125
1_POINT,395,45001.0
1_POINT,396,44969.375
1_POINT,397,44929.375
1_POINT,398,44856.75
1_POINT,399,44794.5
1_POINT,400,44744.875
1_POINT,401,44700.75
1_POINT,402,44662.125
1_POINT,403,44606.875
1_POINT,404,44542.375
1_POINT,405,44516.0
1_POINT,406,44471.25
1_POINT,407,44437.5
1_POINT,408,44379.375
1_POINT,409,44332.5
1_POINT,410,44312.125
1_POINT,411,44247.25
1_POINT,412,44195.625
1_POINT,413,44120.375
1_POINT,414,44098.875
1_POINT,415,44071.5
1_POINT,416,43993.625
1_POINT,417,43951.875
1_POINT,418,43885.375
1_POINT,419,43818.125
1_POINT,420,43791.0
1_POINT,421,43758.125
1_POINT,422,43692.375
1_POINT,423,43643.25
1_POINT,424,43613.375
1_POINT,425,43576.75
1_POINT,426,43542.625
1_POINT,427,43472.75
1_POINT,428,43434.0
1_POINT,429,43407.75
1_POINT,430,43389.25
1_POINT,431,43345.75
1_POINT,432,43277.75
1_POINT,433,43235.5
1_POINT,434,43159.75
1_POINT,435,43111.25
1_POINT,436,43054.25
1_POINT,437,43000.875
1_POINT,438,42949.25
1_POINT,439,42915.25
1_POINT,440,42876.125
1_POINT,441,42853.75
1_POINT,442,42820.25
1_POINT,443,42796.375
1_POINT,444,42727.625
1_POINT,445,42673.0
1_POINT,446,42643.0
1_POINT,447,42600.875
1_POINT,448,42572.5
1_POINT,449,42536.625
1_POINT,450,42482.375
1_POINT,451,42463.5
1_POINT,452,42385.0
1_POINT,453,42362.875
1_POINT,454,42315.375
1_POINT,455,42266.875
1_POINT,456,42217.375
1_POINT,457,42180.25
1_POINT,458,42153.25
1_POINT,459,42081.75
1_POINT,460,42030.875
1_POINT,461,41989.0
1_POINT,462,41959.75
1_POINT,463,41940.375
1_POINT,464,41901.0
1_POINT,465,41878.375
1_POINT,466,41826.625
1_POINT,467,41796.5
1_POINT,468,41758.375
1_POINT,469,41704.625
1_POINT,470,41660.25
1_POINT,471,41612.75
1_POINT,472,41578.5
1_POINT,473,41544.0
1_POINT,474,41504.0
1_POINT,475,41459.625
1_POINT,476,41432.75
1_POINT,477,41388.25
1_POINT,478,41347.25
1_POINT,479,41320.25
1_POINT,480,41275.875
1_POINT,481,41240.5
1_POINT,482,41206.25
1_POINT,483,41184.875
1_POINT,484,41160.875
1_POINT,485,41121.25
1_POINT,486,41085.625
1_POINT,487,41047.5
1_POINT,488,41021.375
1_POINT,489,40962.375
1_POINT,490,40927.75
1_POINT,491,40832.625
1_POINT,492,40808.75
1_POINT,493,40775.75
1_POINT,494,40741.75
1_POINT,495,40713.875
1_POINT,496,40644.625
1_POINT,497,40631.875
1_POINT,498,40589.25
1_POINT,499,40543.75
1_POINT,500,40495.0
1_POINT_BLOCK,1,137625.625
1_POINT_BLOCK,2,133000.75
1_POINT_BLOCK,3,130212.0
1_POINT_BLOCK,4,126728.0
1_POINT_BLOCK,5,125736.5
1_POINT_BLOCK,6,124318.5
1_POINT_BLOCK,7,122381.875
1_POINT_BLOCK,8,120775.75
1_POINT_BLOCK,9,118476.875
1_POINT_BLOCK,10,117619.75
1_POINT_BLOCK,11,116474.5
1_POINT_BLOCK,12,115969.75
1_POINT_BLOCK,13,114863.625
1_POINT_BLOCK,14,114379.375
1_POINT_BLOCK,15,113461.75
1_POINT_BLOCK,16,112213.875
1_POINT_BLOCK,17,111506.25
1_POINT_BLOCK,18,110649.875
1_POINT_BLOCK,19,110141.75
1_POINT_BLOCK,20,109325.875
1_POINT_BLOCK,21,109011.125
1_POINT_BLOCK,22,108438.25
1_POINT_BLOCK,23,107877.75
1_POINT_BLOCK,24,107408.0
1_POINT_BLOCK,25,106961.875
1_POINT_BLOCK,26,106330.625
1_POINT_BLOCK,27,105955.875
1_POINT_BLOCK,28,105568.125
1_POINT_BLOCK,29,105145.125
1_POINT_BLOCK,30,104467.375
1_POINT_BLOCK,31,103935.875
1_POINT_BLOCK,32,103718.75
1_POINT_BLOCK,33,103231.25
1_POINT_BLOCK,34,102928.0
1_POINT_BLOCK,35,102213.25
1_POINT_BLOCK,36,101746.0
1_POINT_BLOCK,37,101513.25
1_POINT_BLOCK,38,101156.875
1_POINT_BLOCK,39,100841.75
1_POINT_BLOCK,40,100532.375
1_POINT_BLOCK,41,100195.0
1_POINT_BLOCK,42,99818.75
1_POINT_BLOCK,43,99485.125
1_POINT_BLOCK,44,99124.875
1_POINT_BLOCK,45,98631.25
1_POINT_BLOCK,46,98206.25
1_POINT_BLOCK,47,97698.875
1_POINT_BLOCK,48,97436.125
1_POINT_BLOCK,49,97041.75
1_POINT_BLOCK,50,96556.625
1_POINT_BLOCK,51,96113.5
1_POINT_BLOCK,52,95798.25
1_POINT_BLOCK,53,95387.625
1_POINT_BLOCK,54,95097.5
1_POINT_BLOCK,55,94749.0
1_POINT_BLOCK,56,94349.625
1_POINT_BLOCK,57,93814.5
1_POINT_BLOCK,58,93564.625
1_POINT_BLOCK,59,93333.625
1_POINT_BLOCK,60,92847.875
1_POINT_BLOCK,61,92540.0
1_POINT_BLOCK,62,92275.625
1_POINT_BLOCK,63,91871.25
1_POINT_BLOCK,64,91459.375
1_POINT_BLOCK,65,91067.25
1_POINT_BLOCK,66,90830.5
1_POINT_BLOCK,67,90528.0
1_POINT_BLOCK,68,90288.125
1_POINT_BLOCK,69,89843.0
1_POINT_BLOCK,70,89559.125
1_POINT_BLOCK,71,89130.875
1_POINT_BLOCK,72,88850.625
1_POINT_BLOCK,73,88555.0
1_POINT_BLOCK,74,88204.375
1_POINT_BLOCK,75,88042.125
1_POINT_BLOCK,76,87857.625
1_POINT_BLOCK,77,87474.75
1_POINT_BLOCK,78,87253.125
1_POINT_BLOCK,79,87008.5
1_POINT_BLOCK,80,86687.0
1_POINT_BLOCK,81,86438.0
1_POINT_BLOCK,82,86234.375
1_POINT_BLOCK,83,85679.5
1_POINT_BLOCK,84,85438.125
1_POINT_BLOCK,85,84986.5
1_POINT_BLOCK,86,84806.875
1_POINT_BLOCK,87,84550.0
1_POINT_BLOCK,88,84225.375
1_POINT_BLOCK,89,83888.125
1_POINT_BLOCK,90,83710.125
1_POINT_BLOCK,91,83450.125
1_POINT_BLOCK,92,83142.0
1_POINT_BLOCK,93,82895.875
1_POINT_BLOCK,94,82724.125
1_POINT_BLOCK,95,82289.0
1_POINT_BLOCK,96,81981.75
1_POINT_BLOCK,97,81823.5
1_POINT_BLOCK,98,81655.75
1_POINT_BLOCK,99,81422.125
1_POINT_BLOCK,100,81187.125
1_POINT_BLOCK,101,80984.375
1_POINT_BLOCK,102,80744.125
1_POINT_BLOCK,103,80584.75
1_POINT_BLOCK,104,80273.5
1_POINT_BLOCK,105,79997.75
1_POINT_BLOCK,106,79792.375
1_POINT_BLOCK,107,79565.5
1_POINT_BLOCK,108,79315.875
1_POINT_BLOCK,109,79151.75
1_POINT_BLOCK,110,78817.25
1_POINT_BLOCK,111,78537.875
1_POINT_BLOCK,112,78331.625
1_POINT_BLOCK,113,78208.25
1_POINT_BLOCK,114,77992.875
1_POINT_BLOCK,115,77713.0
1_POINT_BLOCK,116,77562.75
1_POINT_BLOCK,117,77355.25
1_POINT_BLOCK,118,77145.0
1_POINT_BLOCK,119,76911.125
1_POINT_BLOCK,120,76551.625
1_POINT_BLOCK,121,76462.375
1_POINT_BLOCK,122,76240.0
1_POINT_BLOCK,123,76020.5
1_POINT_BLOCK,124,75738.375
1_POINT_BLOCK,125,75598.375
1_POINT_BLOCK,126,75408.75
1_POINT_BLOCK,127,75093.875
1_POINT_BLOCK,128,74869.5
1_POINT_BLOCK,129,74657.125
1_POINT_BLOCK,130,74504.625
1_POINT_BLOCK,131,74271.875
1_POINT_BLOCK,132,74072.875
1_POINT_BLOCK,133,73818.625
1_POINT_BLOCK,134,73688.125
1_POINT_BLOCK,135,73347.5
1_POINT_BLOCK,136,73180.5
1_POINT_BLOCK,137,72982.625
1_POINT_BLOCK,138,72828.75
1_POINT_BLOCK,139,72702.0
1_POINT_BLOCK,140,72460.375
1_POINT_BLOCK,141,72307.125
1_POINT_BLOCK,142,72172.25
1_POINT_BLOCK,143,71980.25
1_POINT_BLOCK,144,71855.625
1_POINT_BLOCK,145,71602.25
1_POINT_BLOCK,146,71465.25
1_POINT_BLOCK,147,71268.25
1_POINT_BLOCK,148,71110.0
1_POINT_BLOCK,149,70985.5
1_POINT_BLOCK,150,70875.5
1_POINT_BLOCK,151,70686.625
1_POINT_BLOCK,152,70516.625
1_POINT_BLOCK,153,70346.5
1_POINT_BLOCK,154,70144.125
1_POINT_BLOCK,155,70063.125
1_POINT_BLOCK,156,69877.875
1_POINT_BLOCK,157,69736.0
1_POINT_BLOCK,158,69446.375
1_POINT_BLOCK,159,69260.75
1_POINT_BLOCK,160,69113.375
1_POINT_BLOCK,161,68950.25
1_POINT_BLOCK,162,68746.25
1_POINT_BLOCK,163,68576.75
1_POINT_BLOCK,164,68387.375
1_POINT_BLOCK,165,68217.875
1_POINT_BLOCK,166,68070.75
1_POINT_BLOCK,167,67935.875
1_POINT_BLOCK,168,67723.75
1_POINT_BLOCK,169,67564.0
1_POINT_BLOCK,170,67473.0
1_POINT_BLOCK,171,67249.0
1_POINT_BLOCK,172,67097.5
1_POINT_BLOCK,173,66893.5
1_POINT_BLOCK,174,66654.875
1_POINT_BLOCK,175,66527.75
1_POINT_BLOCK,176,66374.875
1_POINT_BLOCK,177,66264.5
1_POINT_BLOCK,178,66138.25
1_POINT_BLOCK,179,65924.75
1_POINT_BLOCK,180,65755.625
1_POINT_BLOCK,181,65534.625
1_POINT_BLOCK,182,65423.25
1_POINT_BLOCK,183,65250.5
1_POINT_BLOCK,184,65178.25
1_POINT_BLOCK,185,64968.0
1_POINT_BLOCK,186,64819.125
1_POINT_BLOCK,187,64772.125
1_POINT_BLOCK,188,64647.875
1_POINT_BLOCK,189,64461.0
1_POINT_BLOCK,190,64325.875
1_POINT_BLOCK,191,64147.125
1_POINT_BLOCK,192,64055.125
1_POINT_BLOCK,193,63789.125
1_POINT_BLOCK,194,63686.25
1_POINT_BLOCK,195,63566.0
1_POINT_BLOCK,196,63448.875
1_POINT_BLOCK,197,63302.5
1_POINT_BLOCK,198,63151.625
1_POINT_BLOCK,199,63023.75
1_POINT_BLOCK,200,62886.125
1_POINT_BLOCK,201,62688.375
1_POINT_BLOCK,202,62615.5
1_POINT_BLOCK,203,62507.25
1_POINT_BLOCK,204,62352.875
1_POINT_BLOCK,205,62197.75
1_POINT_BLOCK,206,62115.125
1_POINT_BLOCK,207,61909.875
1_POINT_BLOCK,208,61825.375
1_POINT_BLOCK,209,61659.375
1_POINT_BLOCK,210,61563.5
1_POINT_BLOCK,211,61461.875
1_POINT_BLOCK,212,61354.875
1_POINT_BLOCK,213,61224.625
1_POINT_BLOCK,214,61114.125
1_POINT_BLOCK,215,60903.125
1_POINT_BLOCK,216,60792.875
1_POINT_BLOCK,217,60728.25
1_POINT_BLOCK,218,60528.75
1_POINT_BLOCK,219,60472.875
1_POINT_BLOCK,220,60335.875
1_POINT_BLOCK,221,60219.5
1_POINT_BLOCK,222,60088.0
1_POINT_BLOCK,223,60011.5
1_POINT_BLOCK,224,59899.875
1_POINT_BLOCK,225,59715.25
1_POINT_BLOCK,226,59617.125
1_POINT_BLOCK,227,59497.875
1_POINT_BLOCK,228,59377.375
1_POINT_BLOCK,229,59241.875
1_POINT_BLOCK,230,59097.875
1_POINT_BLOCK,231,58983.25
1_POINT_BLOCK,232,58800.0
1_POINT_BLOCK,233,58774.375
1_POINT_BLOCK,234,58600.75
1_POINT_BLOCK,235,58464.0
1_POINT_BLOCK,236,58402.875
1_POINT_BLOCK,237,58295.5
1_POINT_BLOCK,238,58127.625
1_POINT_BLOCK,239,58033.125
1_POINT_BLOCK,240,57974.25
1_POINT_BLOCK,241,57885.0
1_POINT_BLOCK,242,57779.25
1_POINT_BLOCK,243,57674.75
1_POINT_BLOCK,244,57577.5
1_POINT_BLOCK,245,57427.375
1_POINT_BLOCK,246,57322.5
1_POINT_BLOCK,247,57200.5
1_POINT_BLOCK,248,57116.375
1_POINT_BLOCK,249,56988.125
1_POINT_BLOCK,250,56951.125
1_POINT_BLOCK,251,56851.375
1_POINT_BLOCK,252,56765.5
1_POINT_BLOCK,253,56594.25
1_POINT_BLOCK,254,56551.125
1_POINT_BLOCK,255,56433.0
1_POINT_BLOCK,256,56320.75
1_POINT_BLOCK,257,56213.5
1_POINT_BLOCK,258,56073.75
1_POINT_BLOCK,259,55975.375
1_POINT_BLOCK,260,55900.875
1_POINT_BLOCK,261,55773.375
1_POINT_BLOCK,262,55622.625
1_POINT_BLOCK,263,55555.25
1_POINT_BLOCK,264,55447.25
1_POINT_BLOCK,265,55364.25
1_POINT_BLOCK,266,55185.75
1_POINT_BLOCK,267,55071.125
1_POINT_BLOCK,268,54966.125
1_POINT_BLOCK,269,54878.25
1_POINT_BLOCK,270,54806.75
1_POINT_BLOCK,271,54703.75
1_POINT_BLOCK,272,54624.375
1_POINT_BLOCK,273,54565.125
1_POINT_BLOCK,274,54476.875
1_POINT_BLOCK,275,54411.125
1_POINT_BLOCK,276,54307.0
1_POINT_BLOCK,277,54180.875
1_POINT_BLOCK,278,54114.5
1_POINT_BLOCK,279,54009.625
1_POINT_BLOCK,280,53909.5
1_POINT_BLOCK,281,53764.375
1_POINT_BLOCK,282,53657.875
1_POINT_BLOCK,283,53558.75
1_POINT_BLOCK,284,53456.0
1_POINT_BLOCK,285,53403.0
1_POINT_BLOCK,286,53328.25
1_POINT_BLOCK,287,53214.375
1_POINT_BLOCK,288,53113.0
1_POINT_BLOCK,289,53025.25
1_POINT_BLOCK,290,52933.375
1_POINT_BLOCK,291,52856.125
1_POINT_BLOCK,292,52750.5
1_POINT_BLOCK,293,52686.875
1_POINT_BLOCK,294,52580.875
1_POINT_BLOCK,295,52510.75
1_POINT_BLOCK,296,52406.25
1_POINT_BLOCK,297,52315.75
1_POINT_BLOCK,298,52243.875
1_POINT_BLOCK,299,52150.75
1_POINT_BLOCK,300,52056.5
1_POINT_BLOCK,301,52007.75
1_POINT_BLOCK,302,51905.5
1_POINT_BLOCK,303,51810.375
1_POINT_BLOCK,304,51723.875
1_POINT_BLOCK,305,51653.875
1_POINT_BLOCK,306,51583.0
1_POINT_BLOCK,307,51475.125
1_POINT_BLOCK,308,51382.0
1_POINT_BLOCK,309,51332.5
1_POINT_BLOCK,310,51252.5
1_POINT_BLOCK,311,51101.375
1_POINT_BLOCK,312,51055.75
1_POINT_BLOCK,313,50960.125
1_POINT_BLOCK,314,50828.125
1_POINT_BLOCK,315,50725.375
1_POINT_BLOCK,316,50663.5
1_POINT_BLOCK,317,50564.0
1_POINT_BLOCK,318,50517.25
1_POINT_BLOCK,319,50476.5
1_POINT_BLOCK,320,50390.0
1_POINT_BLOCK,321,50347.0
1_POINT_BLOCK,322,50297.0
1_POINT_BLOCK,323,50206.125
1_POINT_BLOCK,324,50131.625
1_POINT_BLOCK,325,50066.25
1_POINT_BLOCK,326,50006.0
1_POINT_BLOCK,327,49965.875
1_POINT_BLOCK,328,49882.625
1_POINT_BLOCK,329,49793.375
1_POINT_BLOCK,330,49748.0
1_POINT_BLOCK,331,49662.5
1_POINT_BLOCK,332,49597.625
1_POINT_BLOCK,333,49554.875
1_POINT_BLOCK,334,49403.875
1_POINT_BLOCK,335,49364.5
1_POINT_BLOCK,336,49327.125
1_POINT_BLOCK,337,49241.25
1_POINT_BLOCK,338,49177.25
1_POINT_BLOCK,339,49085.125
1_POINT_BLOCK,340,48986.125
1_POINT_BLOCK,341,48940.625
1_POINT_BLOCK,342,48881.5
1_POINT_BLOCK,343,48830.375
1_POINT_BLOCK,344,48748.25
1_POINT_BLOCK,345,48673.375
1_POINT_BLOCK,346,48600.5
1_POINT_BLOCK,347,48562.375
1_POINT_BLOCK,348,48487.5
1_POINT_BLOCK,349,48426.875
1_POINT_BLOCK,350,48366.75
1_POINT_BLOCK,351,48301.125
1_POINT_BLOCK,352,48224.375
1_POINT_BLOCK,353,48187.375
1_POINT_BLOCK,354,48127.625
1_POINT_BLOCK,355,48074.25
1_POINT_BLOCK,356,48001.5
1_POINT_BLOCK,357,47942.125
1_POINT_BLOCK,358,47887.75
1_POINT_BLOCK,359,47845.5
1_POINT_BLOCK,360,47784.625
1_POINT_BLOCK,361,47686.875
1_POINT_BLOCK,362,47650.625
1_POINT_BLOCK,363,47594.875
1_POINT_BLOCK,364,47566.875
1_POINT_BLOCK,365,47476.0
1_POINT_BLOCK,366,47381.875
1_POINT_BLOCK,367,47340.25
1_POINT_BLOCK,368,47279.625
1_POINT_BLOCK,369,47193.875
1_POINT_BLOCK,370,47145.125
1_POINT_BLOCK,371,47073.125
1_POINT_BLOCK,372,46995.5
1_POINT_BLOCK,373,46927.5
1_POINT_BLOCK,374,46880.625
1_POINT_BLOCK,375,46836.0
1_POINT_BLOCK,376,46746.75
1_POINT_BLOCK,377,46680.125
1_POINT_BLOCK,378,46651.5
1_POINT_BLOCK,379,46618.625
1_POINT_BLOCK,380,46535.625
1_POINT_BLOCK,381,46501.875
1_POINT_BLOCK,382,46457.5
1_POINT_BLOCK,383,46404.0
1_POINT_BLOCK,384,46356.0
1_POINT_BLOCK,385,46316.375
1_POINT_BLOCK,386,46258.5
1_POINT_BLOCK,387,46180.375
1_POINT_BLOCK,388,46131.375
1_POINT_BLOCK,389,46056.75
1_POINT_BLOCK,390,46002.125
1_POINT_BLOCK,391,45979.625
1_POINT_BLOCK,392,45906.25
1_POINT_BLOCK,393,45844.125
1_POINT_BLOCK,394,45786.375
1_POINT_BLOCK,395,45739.25
1_POINT_BLOCK,396,45672.5
1_POINT_BLOCK,397,45623.5
1_POINT_BLOCK,398,45571.25
1_POINT_BLOCK,399,45500.5
1_POINT_BLOCK,400,45454.25
1_POINT_BLOCK,401,45405.5
1_POINT_BLOCK,402,45357.5
1_POINT_BLOCK,403,45313.75
1_POINT_BLOCK,404,45236.75
1_POINT_BLOCK,405,45207.375
1_POINT_BLOCK,406,45174.375
1_POINT_BLOCK,407,45122.375
1_POINT_BLOCK,408,45069.75
1_POINT_BLOCK,409,45011.25
1_POINT_BLOCK,410,44953.125
1_POINT_BLOCK,411,44885.375
1_POINT_BLOCK,412,44847.75
1_POINT_BLOCK,413,44791.875
1_POINT_BLOCK,414,44752.0
1_POINT_BLOCK,415,44691.875
1_POINT_BLOCK,416,44640.5
1_POINT_BLOCK,417,44600.625
1_POINT_BLOCK,418,44554.75
1_POINT_BLOCK,419,44513.75
1_POINT_BLOCK,420,44476.375
1_POINT_BLOCK,421,44412.875
1_POINT_BLOCK,422,44386.625
1_POINT_BLOCK,423,44321.625
1_POINT_BLOCK,424,44257.625
1_POINT_BLOCK,425,44205.625
1_POINT_BLOCK,426,44162.75
1_POINT_BLOCK,427,44110.625
1_POINT_BLOCK,428,44075.875
1_POINT_BLOCK,429,44031.25
1_POINT_BLOCK,430,43978.75
1_POINT_BLOCK,431,43930.0
1_POINT_BLOCK,432,43885.25
1_POINT_BLOCK,433,43838.0
1_POINT_BLOCK,434,43796.375
1_POINT_BLOCK,435,43730.875
1_POINT_BLOCK,436,43691.125
1_POINT_BLOCK,437,43630.0
1_POINT_BLOCK,438,43604.0
1_POINT_BLOCK,439,43553.125
1_POINT_BLOCK,440,43480.375
1_POINT_BLOCK,441,43430.5
1_POINT_BLOCK,442,43384.875
1_POINT_BLOCK,443,43348.25
1_POINT_BLOCK,444,43301.0
1_POINT_BLOCK,445,43247.5
1_POINT_BLOCK,446,43215.125
1_POINT_BLOCK,447,43191.5
1_POINT_BLOCK,448,43127.25
1_POINT_BLOCK,449,43096.0
1_POINT_BLOCK,450,43058.5
1_POINT_BLOCK,451,43003.125
1_POINT_BLOCK,452,42976.0
1_POINT_BLOCK,453,42932.0
1_POINT_BLOCK,454,42903.125
1_POINT_BLOCK,455,42838.375
1_POINT_BLOCK,456,42824.125
1_POINT_BLOCK,457,42780.625
1_POINT_BLOCK,458,42745.0
1_POINT_BLOCK,459,42708.375
1_POINT_BLOCK,460,42678.875
1_POINT_BLOCK,461,42651.125
1_POINT_BLOCK,462,42629.375
1_POINT_BLOCK,463,42550.875
1_POINT_BLOCK,464,42531.625
1_POINT_BLOCK,465,42475.125
1_POINT_BLOCK,466,42439.75
1_POINT_BLOCK,467,42383.375
1_POINT_BLOCK,468,42356.75
1_POINT_BLOCK,469,42321.75
1_POINT_BLOCK,470,42262.125
1_POINT_BLOCK,471,42217.75
1_POINT_BLOCK,472,42191.875
1_POINT_BLOCK,473,42134.25
1_POINT_BLOCK,474,42098.625
1_POINT_BLOCK,475,42064.875
1_POINT_BLOCK,476,42006.25
1_POINT_BLOCK,477,41967.375
1_POINT_BLOCK,478,41926.25
1_POINT_BLOCK,479,41885.0
1_POINT_BLOCK,480,41842.0
1_POINT_BLOCK,481,41791.0
1_POINT_BLOCK,482,41753.625
1_POINT_BLOCK,483,41711.75
1_POINT_BLOCK,484,41649.25
1_POINT_BLOCK,485,41628.625
1_POINT_BLOCK,486,41576.625
1_POINT_BLOCK,487,41559.25
1_POINT_BLOCK,488,41509.125
1_POINT_BLOCK,489,41456.75
1_POINT_BLOCK,490,41438.5
1_POINT_BLOCK,491,41416.375
1_POINT_BLOCK,492,41376.125
1_POINT_BLOCK,493,41331.0
1_POINT_BLOCK,494,41278.0
1_POINT_BLOCK,495,41247.375
1_POINT_BLOCK,496,41226.0
1_POINT_BLOCK,497,41184.875
1_POINT_BLOCK,498,41140.375
1_POINT_BLOCK,499,41107.125
1_POINT_BLOCK,500,41093.0
20_POINT,1,134888.125
20_POINT,2,129953.5
20_POINT,3,128643.5
20_POINT,4,126011.75
20_POINT,5,121861.625
20_POINT,6,119994.25
20_POINT,7,118036.25
20_POINT,8,115278.375
20_POINT,9,113470.125
20_POINT,10,112109.625
20_POINT,11,107588.375
20_POINT,12,106695.125
20_POINT,13,104309.75
20_POINT,14,102725.125
20_POINT,15,101533.625
20_POINT,16,100599.625
20_POINT,17,98702.5
20_POINT,18,97704.25
20_POINT,19,96045.125
20_POINT,20,94803.625
20_POINT,21,93407.5
20_POINT,22,92117.125
20_POINT,23,91374.625
20_POINT,24,90645.0
20_POINT,25,89942.375
20_POINT,26,88998.0
20_POINT,27,88127.375
20_POINT,28,87111.5
20_POINT,29,85845.375
20_POINT,30,85580.25
20_POINT,31,84590.875
20_POINT,32,84096.875
20_POINT,33,83299.625
20_POINT,34,82628.5
20_POINT,35,82197.5
20_POINT,36,81324.375
20_POINT,37,81046.5
20_POINT,38,80753.375
20_POINT,39,80140.5
20_POINT,40,79708.125
20_POINT,41,79338.75
20_POINT,42,78885.125
20_POINT,43,78493.0
20_POINT,44,78023.625
20_POINT,45,77787.75
20_POINT,46,77525.0
20_POINT,47,77089.5
20_POINT,48,76850.625
20_POINT,49,76592.75
20_POINT,50,76101.125
20_POINT,51,75890.5
20_POINT,52,75596.25
20_POINT,53,75383.75
20_POINT,54,74985.25
20_POINT,55,74767.625
20_POINT,56,74484.0
20_POINT,57,74193.75
20_POINT,58,73884.125
20_POINT,59,73593.875
20_POINT,60,73361.5
20_POINT,61,72961.0
20_POINT,62,72797.375
20_POINT,63,72517.875
20_POINT,64,72320.5
20_POINT,65,71979.25
20_POINT,66,71836.0
20_POINT,67,71463.5
20_POINT,68,71179.0
20_POINT,69,71095.625
20_POINT,70,70728.875
20_POINT,71,70637.25
20_POINT,72,70380.375
20_POINT,73,70083.0
20_POINT,74,69914.125
20_POINT,75,69699.875
20_POINT,76,69540.5
20_POINT,77,69287.875
20_POINT,78,69048.875
20_POINT,79,68874.125
20_POINT,80,68572.875
20_POINT,81,68330.875
20_POINT,82,68101.875
20_POINT,83,67826.875
20_POINT,84,67721.25
20_POINT,85,67387.5
20_POINT,86,67064.25
20_POINT,87,66926.125
20_POINT,88,66704.75
20_POINT,89,66488.625
20_POINT,90,66265.25
20_POINT,91,65971.0
20_POINT,92,65846.75
20_POINT,93,65559.125
20_POINT,94,65315.625
20_POINT,95,65171.25
20_POINT,96,64812.875
20_POINT,97,64594.125
20_POINT,98,64300.75
20_POINT,99,64103.0
20_POINT,100,63850.5
20_POINT,101,63626.125
20_POINT,102,63379.625
20_POINT,103,63261.625
20_POINT,104,63077.5
20_POINT,105,62838.75
20_POINT,106,62645.25
20_POINT,107,62456.375
20_POINT,108,62250.75
20_POINT,109,62102.0
20_POINT,110,61929.875
20_POINT,111,61693.5
20_POINT,112,61484.625
20_POINT,113,61286.875
20_POINT,114,61128.875
20_POINT,115,60911.5
20_POINT,116,60744.0
20_POINT,117,60498.5
20_POINT,118,60380.25
20_POINT,119,60233.875
20_POINT,120,60073.625
20_POINT,121,59875.625
20_POINT,122,59697.75
20_POINT,123,59537.625
20_POINT,124,59286.75
20_POINT,125,59114.25
20_POINT,126,58903.875
20_POINT,127,58622.125
20_POINT,128,58552.0
20_POINT,129,58369.5
20_POINT,130,58149.5
20_POINT,131,57992.75
20_POINT,132,57869.75
20_POINT,133,57728.0
20_POINT,134,57533.25
20_POINT,135,57401.625
20_POINT,136,57259.875
20_POINT,137,57135.625
20_POINT,138,56972.5
20_POINT,139,56787.25
20_POINT,140,56676.375
20_POINT,141,56485.375
20_POINT,142,56335.25
20_POINT,143,56177.0
20_POINT,144,56068.25
20_POINT,145,55865.0
20_POINT,146,55693.0
20_POINT,147,55534.0
20_POINT,148,55362.875
20_POINT,149,55182.5
20_POINT,150,55116.5
20_POINT,151,54995.5
20_POINT,152,54816.5
20_POINT,153,54708.625
20_POINT,154,54598.75
20_POINT,155,54432.75
20_POINT,156,54317.375
20_POINT,157,54168.125
20_POINT,158,53984.25
20_POINT,159,53783.25
20_POINT,160,53733.125
20_POINT,161,53588.5
20_POINT,162,53430.375
20_POINT,163,53334.625
20_POINT,164,53128.625
20_POINT,165,53072.125
20_POINT,166,52895.25
20_POINT,167,52775.75
20_POINT,168,52685.375
20_POINT,169,52492.0
20_POINT,170,52359.75
20_POINT,171,52264.125
20_POINT,172,52163.125
20_POINT,173,52073.625
20_POINT,174,51981.5
20_POINT,175,51869.375
20_POINT,176,51760.625
20_POINT,177,51645.125
20_POINT,178,51557.875
20_POINT,179,51497.0
20_POINT,180,51352.75
20_POINT,181,51247.0
20_POINT,182,51122.0
20_POINT,183,51024.875
20_POINT,184,50927.5
20_POINT,185,50822.75
20_POINT,186,50724.75
20_POINT,187,50624.75
20_POINT,188,50502.875
20_POINT,189,50361.625
20_POINT,190,50218.5
20_POINT,191,50121.875
20_POINT,192,50004.25
20_POINT,193,49911.875
20_POINT,194,49791.25
20_POINT,195,49649.125
20_POINT,196,49582.625
20_POINT,197,49464.625
20_POINT,198,49363.75
20_POINT,199,49258.5
20_POINT,200,49151.0
20_POINT,201,49009.625
20_POINT,202,48946.375
20_POINT,203,48846.5
20_POINT,204,48740.0
20_POINT,205,48669.5
20_POINT,206,48531.5
20_POINT,207,48415.625
20_POINT,208,48334.125
20_POINT,209,48264.5
20_POINT,210,48170.625
20_POINT,211,48087.125
20_POINT,212,48006.5
20_POINT,213,47872.375
20_POINT,214,47794.625
20_POINT,215,47690.0
20_POINT,216,47574.375
20_POINT,217,47503.375
20_POINT,218,47427.5
20_POINT,219,47336.125
20_POINT,220,47258.25
20_POINT,221,47144.875
20_POINT,222,47056.0
20_POINT,223,46990.125
20_POINT,224,46902.0
20_POINT,225,46813.75
20_POINT,226,46712.0
20_POINT,227,46656.625
20_POINT,228,46602.125
20_POINT,229,46504.375
20_POINT,230,46424.5
20_POINT,231,46348.5
20_POINT,232,46289.75
20_POINT,233,46184.5
20_POINT,234,46113.5
20_POINT,235,46007.0
20_POINT,236,45970.625
20_POINT,237,45840.5
20_POINT,238,45757.25
20_POINT,239,45644.625
20_POINT,240,45576.125
20_POINT,241,45512.625
20_POINT,242,45447.25
20_POINT,243,45388.75
20_POINT,244,45297.5
20_POINT,245,45257.875
20_POINT,246,45176.75
20_POINT,247,45078.75
20_POINT,248,45005.625
20_POINT,249,44927.5
20_POINT,250,44846.125
20_POINT,251,44805.375
20_POINT,252,44728.5
20_POINT,253,44644.875
20_POINT,254,44567.75
20_POINT,255,44478.0
20_POINT,256,44381.5
20_POINT,257,44357.75
20_POINT,258,44287.125
20_POINT,259,44181.875
20_POINT,260,44074.125
20_POINT,261,44004.625
20_POINT,262,43936.625
20_POINT,263,43877.5
20_POINT,264,43811.5
20_POINT,265,43711.25
20_POINT,266,43643.875
20_POINT,267,43603.375
20_POINT,268,43548.25
20_POINT,269,43509.125
20_POINT,270,43413.0
20_POINT,271,43388.0
20_POINT,272,43320.25
20_POINT,273,43255.75
20_POINT,274,43148.125
20_POINT,275,43108.625
20_POINT,276,43024.875
20_POINT,277,42922.375
20_POINT,278,42855.75
20_POINT,279,42780.125
20_POINT,280,42732.125
20_POINT,281,42652.25
20_POINT,282,42608.25
20_POINT,283,42551.75
20_POINT,284,42491.125
20_POINT,285,42435.0
20_POINT,286,42416.125
20_POINT,287,42331.625
20_POINT,288,42290.125
20_POINT,289,42263.25
20_POINT,290,42169.75
20_POINT,291,42121.0
20_POINT,292,42106.25
20_POINT,293,42039.375
20_POINT,294,41979.875
20_POINT,295,41939.75
20_POINT,296,41870.5
20_POINT,297,41816.5
20_POINT,298,41792.125
20_POINT,299,41734.0
20_POINT,300,41698.125
20_POINT,301,41643.5
20_POINT,302,41573.25
20_POINT,303,41508.25
20_POINT,304,41441.375
20_POINT,305,41375.75
20_POINT,306,41300.125
20_POINT,307,41263.625
20_POINT,308,41213.75
20_POINT,309,41153.0
20_POINT,310,41102.125
20_POINT,311,41056.125
20_POINT,312,41017.5
20_POINT,313,40979.875
20_POINT,314,40934.125
20_POINT,315,40883.25
20_POINT,316,40845.375
20_POINT,317,40805.625
20_POINT,318,40715.875
20_POINT,319,40651.75
20_POINT,320,40631.625
20_POINT,321,40562.0
20_POINT,322,40508.75
20_POINT,323,40441.75
20_POINT,324,40427.5
20_POINT,325,40382.125
20_POINT,326,40330.875
20_POINT,327,40294.375
20_POINT,328,40248.125
20_POINT,329,40175.125
20_POINT,330,40143.625
20_POINT,331,40102.625
20_POINT,332,40067.0
20_POINT,333,40047.5
20_POINT,334,40002.875
20_POINT,335,39960.75
20_POINT,336,39893.0
20_POINT,337,39833.875
20_POINT,338,39805.875
20_POINT,339,39752.625
20_POINT,340,39715.875
20_POINT,341,39641.125
20_POINT,342,39615.25
20_POINT,343,39563.5
20_POINT,344,39519.125
20_POINT,345,39454.75
20_POINT,346,39408.625
20_POINT,347,39376.25
20_POINT,348,39327.875
20_POINT,349,39269.125
20_POINT,350,39240.625
20_POINT,351,39178.75
20_POINT,352,39127.5
20_POINT,353,39074.875
20_POINT,354,39037.5
20_POINT,355,38990.875
20_POINT,356,38952.375
20_POINT,357,38939.0
20_POINT,358,38908.125
20_POINT,359,38855.875
20_POINT,360,38822.25
20_POINT,361,38764.25
20_POINT,362,38734.0
20_POINT,363,38689.625
20_POINT,364,38656.0
20_POINT,365,38624.375
20_POINT,366,38586.0
20_POINT,367,38537.625
20_POINT,368,38469.875
20_POINT,369,38443.5
20_POINT,370,38427.5
20_POINT,371,38362.375
20_POINT,372,38315.75
20_POINT,373,38277.75
20_POINT,374,38236.875
20_POINT,375,38202.375
20_POINT,376,38121.75
20_POINT,377,38109.875
20_POINT,378,38076.0
20_POINT,379,38035.875
20_POINT,380,38010.125
20_POINT,381,37969.5
20_POINT,382,37947.0
20_POINT,383,37898.0
20_POINT,384,37870.0
20_POINT,385,37839.625
20_POINT,386,37822.0
20_POINT,387,37792.375
20_POINT,388,37738.0
20_POINT,389,37711.375
20_POINT,390,37686.75
20_POINT,391,37671.875
20_POINT,392,37643.375
20_POINT,393,37602.25
20_POINT,394,37574.5
20_POINT,395,37537.25
20_POINT,396,37502.25
20_POINT,397,37473.75
20_POINT,398,37453.25
20_POINT,399,37418.625
20_POINT,400,37386.125
20_POINT,401,37364.25
20_POINT,402,37340.75
20_POINT,403,37303.25
20_POINT,404,37273.5
20_POINT,405,37232.75
20_POINT,406,37204.0
20_POINT,407,37165.375
20_POINT,408,37146.875
20_POINT,409,37085.75
20_POINT,410,37065.0
20_POINT,411,37046.375
20_POINT,412,37000.875
20_POINT,413,36970.875
20_POINT,414,36950.5
20_POINT,415,36909.0
20_POINT,416,36858.0
20_POINT,417,36833.75
20_POINT,418,36806.125
20_POINT,419,36760.75
20_POINT,420,36730.75
20_POINT,421,36695.125
20_POINT,422,36670.875
20_POINT,423,36639.875
20_POINT,424,36625.125
20_POINT,425,36597.75
20_POINT,426,36564.5
20_POINT,427,36535.875
20_POINT,428,36507.75
20_POINT,429,36478.0
20_POINT,430,36449.875
20_POINT,431,36426.375
20_POINT,432,36399.0
20_POINT,433,36372.5
20_POINT,434,36336.875
20_POINT,435,36311.25
20_POINT,436,36286.375
20_POINT,437,36263.875
20_POINT,438,36227.375
20_POINT,439,36183.25
20_POINT,440,36157.625
20_POINT,441,36131.5
20_POINT,442,36113.875
20_POINT,443,36080.375
20_POINT,444,36061.375
20_POINT,445,36033.875
20_POINT,446,36020.375
20_POINT,447,36007.75
20_POINT,448,35978.5
20_POINT,449,35952.5
20_POINT,450,35929.875
20_POINT,451,35895.5
20_POINT,452,35877.25
20_POINT,453,35854.875
20_POINT,454,35809.5
20_POINT,455,35792.5
20_POINT,456,35770.0
20_POINT,457,35754.5
20_POINT,458,35720.25
20_POINT,459,35701.125
20_POINT,460,35685.625
20_POINT,461,35672.375
20_POINT,462,35636.25
20_POINT,463,35616.625
20_POINT,464,35605.25
20_POINT,465,35584.5
20_POINT,466,35556.75
20_POINT,467,35537.125
20_POINT,468,35530.25
20_POINT,469,35499.375
20_POINT,470,35481.25
20_POINT,471,35461.625
20_POINT,472,35441.875
20_POINT,473,35430.0
20_POINT,474,35401.0
20_POINT,475,35380.375
20_POINT,476,35349.125
20_POINT,477,35311.375
20_POINT,478,35281.375
20_POINT,479,35265.875
20_POINT,480,35255.625
20_POINT,481,35233.375
20_POINT,482,35225.375
20_POINT,483,35201.25
20_POINT,484,35184.0
20_POINT,485,35161.125
20_POINT,486,35148.875
20_POINT,487,35133.125
20_POINT,488,35113.375
20_POINT,489,35095.625
20_POINT,490,35076.5
20_POINT,491,35052.875
20_POINT,492,35032.875
20_POINT,493,35017.0
20_POINT,494,34998.875
20_POINT,495,34975.875
20_POINT,496,34961.5
20_POINT,497,34930.0
20_POINT,498,34918.375
20_POINT,499,34890.75
20_POINT,500,34882.875
20_POINT_BLOCK,1,136610.0
20_POINT_BLOCK,2,132243.25
20_POINT_BLOCK,3,129480.25
20_POINT_BLOCK,4,125296.75
20_POINT_BLOCK,5,121735.5
20_POINT_BLOCK,6,118790.875
20_POINT_BLOCK,7,116900.375
20_POINT_BLOCK,8,114520.875
20_POINT_BLOCK,9,111837.625
20_POINT_BLOCK,10,108792.0
20_POINT_BLOCK,11,106582.875
20_POINT_BLOCK,12,105061.375
20_POINT_BLOCK,13,103540.875
20_POINT_BLOCK,14,102037.75
20_POINT_BLOCK,15,100253.75
20_POINT_BLOCK,16,98942.25
20_POINT_BLOCK,17,96998.25
20_POINT_BLOCK,18,95675.625
20_POINT_BLOCK,19,93586.125
20_POINT_BLOCK,20,93005.75
20_POINT_BLOCK,21,91637.875
20_POINT_BLOCK,22,90533.125
20_POINT_BLOCK,23,89597.5
20_POINT_BLOCK,24,88532.125
20_POINT_BLOCK,25,87848.875
20_POINT_BLOCK,26,86929.25
20_POINT_BLOCK,27,85836.625
20_POINT_BLOCK,28,85149.375
20_POINT_BLOCK,29,84616.625
20_POINT_BLOCK,30,83720.375
20_POINT_BLOCK,31,83410.75
20_POINT_BLOCK,32,82623.75
20_POINT_BLOCK,33,82176.0
20_POINT_BLOCK,34,81541.25
20_POINT_BLOCK,35,81161.75
20_POINT_BLOCK,36,80998.25
20_POINT_BLOCK,37,80778.625
20_POINT_BLOCK,38,80367.0
20_POINT_BLOCK,39,79915.375
20_POINT_BLOCK,40,79796.25
20_POINT_BLOCK,41,79220.0
20_POINT_BLOCK,42,78800.75
20_POINT_BLOCK,43,78581.75
20_POINT_BLOCK,44,78084.125
20_POINT_BLOCK,45,77986.25
20_POINT_BLOCK,46,77589.125
20_POINT_BLOCK,47,77439.125
20_POINT_BLOCK,48,77081.25
20_POINT_BLOCK,49,76843.875
20_POINT_BLOCK,50,76573.5
20_POINT_BLOCK,51,76392.625
20_POINT_BLOCK,52,76092.625
20_POINT_BLOCK,53,75940.375
20_POINT_BLOCK,54,75697.875
20_POINT_BLOCK,55,75440.0
20_POINT_BLOCK,56,75195.625
20_POINT_BLOCK,57,75000.25
20_POINT_BLOCK,58,74807.25
20_POINT_BLOCK,59,74471.375
20_POINT_BLOCK,60,74273.25
20_POINT_BLOCK,61,73827.75
20_POINT_BLOCK,62,73593.0
20_POINT_BLOCK,63,73381.25
20_POINT_BLOCK,64,73016.125
20_POINT_BLOCK,65,72844.875
20_POINT_BLOCK,66,72560.875
20_POINT_BLOCK,67,72236.875
20_POINT_BLOCK,68,71821.0
20_POINT_BLOCK,69,71464.5
20_POINT_BLOCK,70,71283.875
20_POINT_BLOCK,71,71146.0
20_POINT_BLOCK,72,70806.0
20_POINT_BLOCK,73,70493.375
20_POINT_BLOCK,74,70194.75
20_POINT_BLOCK,75,70028.0
20_POINT_BLOCK,76,69776.5
20_POINT_BLOCK,77,69485.375
20_POINT_BLOCK,78,69189.875
20_POINT_BLOCK,79,69010.5
20_POINT_BLOCK,80,68766.875
20_POINT_BLOCK,81,68452.125
20_POINT_BLOCK,82,68226.375
20_POINT_BLOCK,83,67931.125
20_POINT_BLOCK,84,67627.125
20_POINT_BLOCK,85,67473.125
20_POINT_BLOCK,86,67184.125
20_POINT_BLOCK,87,66888.0
20_POINT_BLOCK,88,66705.625
20_POINT_BLOCK,89,66454.875
20_POINT_BLOCK,90,66104.375
20_POINT_BLOCK,91,65892.375
20_POINT_BLOCK,92,65664.5
20_POINT_BLOCK,93,65465.75
20_POINT_BLOCK,94,65238.125
20_POINT_BLOCK,95,65037.625
20_POINT_BLOCK,96,64755.0
20_POINT_BLOCK,97,64570.625
20_POINT_BLOCK,98,64293.0
20_POINT_BLOCK,99,64201.5
20_POINT_BLOCK,100,64005.875
20_POINT_BLOCK,101,63733.375
20_POINT_BLOCK,102,63616.5
20_POINT_BLOCK,103,63505.0
20_POINT_BLOCK,104,63250.875
20_POINT_BLOCK,105,63100.5
20_POINT_BLOCK,106,62906.875
20_POINT_BLOCK,107,62777.5
20_POINT_BLOCK,108,62611.375
20_POINT_BLOCK,109,62473.625
20_POINT_BLOCK,110,62170.625
20_POINT_BLOCK,111,61965.375
20_POINT_BLOCK,112,61796.75
20_POINT_BLOCK,113,61602.5
20_POINT_BLOCK,114,61435.5
20_POINT_BLOCK,115,61204.75
20_POINT_BLOCK,116,61022.875
20_POINT_BLOCK,117,60815.25
20_POINT_BLOCK,118,60594.875
20_POINT_BLOCK,119,60459.125
20_POINT_BLOCK,120,60216.5
20_POINT_BLOCK,121,60109.875
20_POINT_BLOCK,122,59918.5
20_POINT_BLOCK,123,59695.75
20_POINT_BLOCK,124,59516.125
20_POINT_BLOCK,125,59266.375
20_POINT_BLOCK,126,59165.25
20_POINT_BLOCK,127,58991.75
20_POINT_BLOCK,128,58791.0
20_POINT_BLOCK,129,58626.625
20_POINT_BLOCK,130,58378.875
20_POINT_BLOCK,131,58334.25
20_POINT_BLOCK,132,58033.125
20_POINT_BLOCK,133,57898.0
20_POINT_BLOCK,134,57800.5
20_POINT_BLOCK,135,57594.75
20_POINT_BLOCK,136,57389.125
20_POINT_BLOCK,137,57224.875
20_POINT_BLOCK,138,57070.75
20_POINT_BLOCK,139,56984.0
20_POINT_BLOCK,140,56830.25
20_POINT_BLOCK,141,56668.5
20_POINT_BLOCK,142,56592.0
20_POINT_BLOCK,143,56355.625
20_POINT_BLOCK,144,56197.375
20_POINT_BLOCK,145,56055.25
20_POINT_BLOCK,146,55961.625
20_POINT_BLOCK,147,55799.875
20_POINT_BLOCK,148,55678.5
20_POINT_BLOCK,149,55571.375
20_POINT_BLOCK,150,55296.5
20_POINT_BLOCK,151,55216.5
20_POINT_BLOCK,152,55060.5
20_POINT_BLOCK,153,54949.25
20_POINT_BLOCK,154,54753.875
20_POINT_BLOCK,155,54583.625
20_POINT_BLOCK,156,54460.75
20_POINT_BLOCK,157,54292.0
20_POINT_BLOCK,158,54142.625
20_POINT_BLOCK,159,53991.125
20_POINT_BLOCK,160,53824.625
20_POINT_BLOCK,161,53664.625
20_POINT_BLOCK,162,53532.75
20_POINT_BLOCK,163,53417.125
20_POINT_BLOCK,164,53303.375
20_POINT_BLOCK,165,53158.625
20_POINT_BLOCK,166,52997.375
20_POINT_BLOCK,167,52874.375
20_POINT_BLOCK,168,52754.0
20_POINT_BLOCK,169,52604.75
20_POINT_BLOCK,170,52490.875
20_POINT_BLOCK,171,52390.875
20_POINT_BLOCK,172,52275.375
20_POINT_BLOCK,173,52188.5
20_POINT_BLOCK,174,52061.125
20_POINT_BLOCK,175,51943.25
20_POINT_BLOCK,176,51814.875
20_POINT_BLOCK,177,51698.25
20_POINT_BLOCK,178,51557.375
20_POINT_BLOCK,179,51462.375
20_POINT_BLOCK,180,51341.125
20_POINT_BLOCK,181,51253.25
20_POINT_BLOCK,182,51149.25
20_POINT_BLOCK,183,51035.75
20_POINT_BLOCK,184,50901.375
20_POINT_BLOCK,185,50833.375
20_POINT_BLOCK,186,50741.375
20_POINT_BLOCK,187,50616.0
20_POINT_BLOCK,188,50546.875
20_POINT_BLOCK,189,50427.5
20_POINT_BLOCK,190,50317.875
20_POINT_BLOCK,191,50241.5
20_POINT_BLOCK,192,50131.0
20_POINT_BLOCK,193,50060.125
20_POINT_BLOCK,194,49932.25
20_POINT_BLOCK,195,49838.375
20_POINT_BLOCK,196,49770.5
20_POINT_BLOCK,197,49642.875
20_POINT_BLOCK,198,49559.25
20_POINT_BLOCK,199,49446.375
20_POINT_BLOCK,200,49362.5
20_POINT_BLOCK,201,49249.625
20_POINT_BLOCK,202,49136.25
20_POINT_BLOCK,203,49063.0
20_POINT_BLOCK,204,48988.25
20_POINT_BLOCK,205,48884.0
20_POINT_BLOCK,206,48726.875
20_POINT_BLOCK,207,48664.5
20_POINT_BLOCK,208,48572.125
20_POINT_BLOCK,209,48499.875
20_POINT_BLOCK,210,48413.75
20_POINT_BLOCK,211,48332.5
20_POINT_BLOCK,212,48209.125
20_POINT_BLOCK,213,48114.25
20_POINT_BLOCK,214,48064.0
20_POINT_BLOCK,215,47933.625
20_POINT_BLOCK,216,47850.125
20_POINT_BLOCK,217,47734.375
20_POINT_BLOCK,218,47669.25
20_POINT_BLOCK,219,47590.75
20_POINT_BLOCK,220,47526.25
20_POINT_BLOCK,221,47411.625
20_POINT_BLOCK,222,47352.25
20_POINT_BLOCK,223,47263.625
20_POINT_BLOCK,224,47165.0
20_POINT_BLOCK,225,47061.625
20_POINT_BLOCK,226,47011.5
20_POINT_BLOCK,227,46901.875
20_POINT_BLOCK,228,46839.375
20_POINT_BLOCK,229,46746.75
20_POINT_BLOCK,230,46638.25
20_POINT_BLOCK,231,46555.375
20_POINT_BLOCK,232,46497.125
20_POINT_BLOCK,233,46422.625
20_POINT_BLOCK,234,46329.5
20_POINT_BLOCK,235,46248.5
20_POINT_BLOCK,236,46193.75
20_POINT_BLOCK,237,46098.375
20_POINT_BLOCK,238,46027.625
20_POINT_BLOCK,239,45958.625
20_POINT_BLOCK,240,45867.625
20_POINT_BLOCK,241,45786.75
20_POINT_BLOCK,242,45685.0
20_POINT_BLOCK,243,45598.625
20_POINT_BLOCK,244,45552.375
20_POINT_BLOCK,245,45442.5
20_POINT_BLOCK,246,45354.375
20_POINT_BLOCK,247,45283.875
20_POINT_BLOCK,248,45197.75
20_POINT_BLOCK,249,45137.0
20_POINT_BLOCK,250,45055.375
20_POINT_BLOCK,251,44989.125
20_POINT_BLOCK,252,44908.375
20_POINT_BLOCK,253,44821.875
20_POINT_BLOCK,254,44720.875
20_POINT_BLOCK,255,44656.375
20_POINT_BLOCK,256,44599.0
20_POINT_BLOCK,257,44506.375
20_POINT_BLOCK,258,44370.375
20_POINT_BLOCK,259,44331.125
20_POINT_BLOCK,260,44264.875
20_POINT_BLOCK,261,44192.875
20_POINT_BLOCK,262,44127.125
20_POINT_BLOCK,263,44017.75
20_POINT_BLOCK,264,43952.25
20_POINT_BLOCK,265,43898.875
20_POINT_BLOCK,266,43834.5
20_POINT_BLOCK,267,43775.375
20_POINT_BLOCK,268,43683.375
20_POINT_BLOCK,269,43635.75
20_POINT_BLOCK,270,43583.25
20_POINT_BLOCK,271,43499.75
20_POINT_BLOCK,272,43416.125
20_POINT_BLOCK,273,43325.375
20_POINT_BLOCK,274,43295.75
20_POINT_BLOCK,275,43178.625
20_POINT_BLOCK,276,43147.75
20_POINT_BLOCK,277,43120.5
20_POINT_BLOCK,278,43030.5
20_POINT_BLOCK,279,42962.75
20_POINT_BLOCK,280,42918.75
20_POINT_BLOCK,281,42828.625
20_POINT_BLOCK,282,42787.25
20_POINT_BLOCK,283,42723.125
20_POINT_BLOCK,284,42654.375
20_POINT_BLOCK,285,42593.0
20_POINT_BLOCK,286,42498.75
20_POINT_BLOCK,287,42443.875
20_POINT_BLOCK,288,42370.625
20_POINT_BLOCK,289,42343.625
20_POINT_BLOCK,290,42292.125
20_POINT_BLOCK,291,42234.5
20_POINT_BLOCK,292,42157.125
20_POINT_BLOCK,293,42110.875
20_POINT_BLOCK,294,42026.125
20_POINT_BLOCK,295,41951.125
20_POINT_BLOCK,296,41905.5
20_POINT_BLOCK,297,41790.875
20_POINT_BLOCK,298,41750.0
20_POINT_BLOCK,299,41693.125
20_POINT_BLOCK,300,41618.875
20_POINT_BLOCK,301,41546.75
20_POINT_BLOCK,302,41480.25
20_POINT_BLOCK,303,41430.25
20_POINT_BLOCK,304,41376.25
20_POINT_BLOCK,305,41312.5
20_POINT_BLOCK,306,41211.75
20_POINT_BLOCK,307,41191.75
20_POINT_BLOCK,308,41132.75
20_POINT_BLOCK,309,41037.25
20_POINT_BLOCK,310,40995.625
20_POINT_BLOCK,311,40934.625
20_POINT_BLOCK,312,40903.625
20_POINT_BLOCK,313,40865.125
20_POINT_BLOCK,314,40779.75
20_POINT_BLOCK,315,40737.75
20_POINT_BLOCK,316,40705.0
20_POINT_BLOCK,317,40631.125
20_POINT_BLOCK,318,40580.0
20_POINT_BLOCK,319,40533.0
20_POINT_BLOCK,320,40475.75
20_POINT_BLOCK,321,40411.25
20_POINT_BLOCK,322,40373.5
20_POINT_BLOCK,323,40342.0
20_POINT_BLOCK,324,40289.0
20_POINT_BLOCK,325,40250.875
20_POINT_BLOCK,326,40205.125
20_POINT_BLOCK,327,40145.0
20_POINT_BLOCK,328,40110.125
20_POINT_BLOCK,329,40070.625
20_POINT_BLOCK,330,40021.5
20_POINT_BLOCK,331,39963.625
20_POINT_BLOCK,332,39913.625
20_POINT_BLOCK,333,39856.875
20_POINT_BLOCK,334,39811.125
20_POINT_BLOCK,335,39777.625
20_POINT_BLOCK,336,39731.375
20_POINT_BLOCK,337,39693.875
20_POINT_BLOCK,338,39640.875
20_POINT_BLOCK,339,39564.5
20_POINT_BLOCK,340,39539.0
20_POINT_BLOCK,341,39501.25
20_POINT_BLOCK,342,39452.5
20_POINT_BLOCK,343,39389.625
20_POINT_BLOCK,344,39355.625
20_POINT_BLOCK,345,39324.625
20_POINT_BLOCK,346,39269.625
20_POINT_BLOCK,347,39224.75
20_POINT_BLOCK,348,39192.25
20_POINT_BLOCK,349,39119.375
20_POINT_BLOCK,350,39051.75
20_POINT_BLOCK,351,39017.5
20_POINT_BLOCK,352,38958.375
20_POINT_BLOCK,353,38918.375
20_POINT_BLOCK,354,38892.875
20_POINT_BLOCK,355,38864.0
20_POINT_BLOCK,356,38804.5
20_POINT_BLOCK,357,38761.125
20_POINT_BLOCK,358,38738.75
20_POINT_BLOCK,359,38664.0
20_POINT_BLOCK,360,38616.125
20_POINT_BLOCK,361,38571.25
20_POINT_BLOCK,362,38516.875
20_POINT_BLOCK,363,38495.125
20_POINT_BLOCK,364,38450.75
20_POINT_BLOCK,365,38406.875
20_POINT_BLOCK,366,38364.5
20_POINT_BLOCK,367,38326.0
20_POINT_BLOCK,368,38297.25
20_POINT_BLOCK,369,38279.375
20_POINT_BLOCK,370,38242.875
20_POINT_BLOCK,371,38206.5
20_POINT_BLOCK,372,38172.0
20_POINT_BLOCK,373,38148.125
20_POINT_BLOCK,374,38112.25
20_POINT_BLOCK,375,38080.75
20_POINT_BLOCK,376,38033.375
20_POINT_BLOCK,377,38005.625
20_POINT_BLOCK,378,37977.125
20_POINT_BLOCK,379,37919.875
20_POINT_BLOCK,380,37854.75
20_POINT_BLOCK,381,37823.125
20_POINT_BLOCK,382,37778.0
20_POINT_BLOCK,383,37752.875
20_POINT_BLOCK,384,37714.25
20_POINT_BLOCK,385,37674.0
20_POINT_BLOCK,386,37652.125
20_POINT_BLOCK,387,37629.0
20_POINT_BLOCK,388,37605.5
20_POINT_BLOCK,389,37538.875
20_POINT_BLOCK,390,37497.875
20_POINT_BLOCK,391,37472.0
20_POINT_BLOCK,392,37455.0
20_POINT_BLOCK,393,37404.625
20_POINT_BLOCK,394,37384.375
20_POINT_BLOCK,395,37352.5
20_POINT_BLOCK,396,37305.75
20_POINT_BLOCK,397,37283.875
20_POINT_BLOCK,398,37255.75
20_POINT_BLOCK,399,37197.5
20_POINT_BLOCK,400,37122.375
20_POINT_BLOCK,401,37100.375
20_POINT_BLOCK,402,37071.625
20_POINT_BLOCK,403,37052.75
20_POINT_BLOCK,404,37019.375
20_POINT_BLOCK,405,36991.625
20_POINT_BLOCK,406,36967.0
20_POINT_BLOCK,407,36950.5
20_POINT_BLOCK,408,36917.75
20_POINT_BLOCK,409,36879.875
20_POINT_BLOCK,410,36839.5
20_POINT_BLOCK,411,36815.875
20_POINT_BLOCK,412,36792.75
20_POINT_BLOCK,413,36768.25
20_POINT_BLOCK,414,36736.625
20_POINT_BLOCK,415,36701.375
20_POINT_BLOCK,416,36684.625
20_POINT_BLOCK,417,36649.25
20_POINT_BLOCK,418,36625.875
20_POINT_BLOCK,419,36592.375
20_POINT_BLOCK,420,36577.625
20_POINT_BLOCK,421,36557.375
20_POINT_BLOCK,422,36521.75
20_POINT_BLOCK,423,36499.125
20_POINT_BLOCK,424,36459.125
20_POINT_BLOCK,425,36441.375
20_POINT_BLOCK,426,36394.75
20_POINT_BLOCK,427,36374.875
20_POINT_BLOCK,428,36347.75
20_POINT_BLOCK,429,36330.25
20_POINT_BLOCK,430,36313.875
20_POINT_BLOCK,431,36293.125
20_POINT_BLOCK,432,36265.625
20_POINT_BLOCK,433,36255.5
20_POINT_BLOCK,434,36234.75
20_POINT_BLOCK,435,36205.75
20_POINT_BLOCK,436,36177.875
20_POINT_BLOCK,437,36148.625
20_POINT_BLOCK,438,36131.375
20_POINT_BLOCK,439,36101.875
20_POINT_BLOCK,440,36080.5
20_POINT_BLOCK,441,36062.875
20_POINT_BLOCK,442,36041.5
20_POINT_BLOCK,443,36018.125
20_POINT_BLOCK,444,35990.25
20_POINT_BLOCK,445,35952.25
20_POINT_BLOCK,446,35935.125
20_POINT_BLOCK,447,35890.875
20_POINT_BLOCK,448,35853.625
20_POINT_BLOCK,449,35829.875
20_POINT_BLOCK,450,35820.75
20_POINT_BLOCK,451,35766.25
20_POINT_BLOCK,452,35743.875
20_POINT_BLOCK,453,35727.375
20_POINT_BLOCK,454,35697.875
20_POINT_BLOCK,455,35666.875
20_POINT_BLOCK,456,35632.75
20_POINT_BLOCK,457,35619.75
20_POINT_BLOCK,458,35600.0
20_POINT_BLOCK,459,35578.125
20_POINT_BLOCK,460,35557.75
20_POINT_BLOCK,461,35535.875
20_POINT_BLOCK,462,35518.0
20_POINT_BLOCK,463,35491.625
20_POINT_BLOCK,464,35458.875
20_POINT_BLOCK,465,35444.0
20_POINT_BLOCK,466,35398.875
20_POINT_BLOCK,467,35383.5
20_POINT_BLOCK,468,35350.75
20_POINT_BLOCK,469,35330.375
20_POINT_BLOCK,470,35319.25
20_POINT_BLOCK,471,35294.375
20_POINT_BLOCK,472,35267.125
20_POINT_BLOCK,473,35252.25
20_POINT_BLOCK,474,35243.625
20_POINT_BLOCK,475,35218.125
20_POINT_BLOCK,476,35191.25
20_POINT_BLOCK,477,35173.625
20_POINT_BLOCK,478,35153.125
20_POINT_BLOCK,479,35126.375
20_POINT_BLOCK,480,35108.75
20_POINT_BLOCK,481,35094.125
20_POINT_BLOCK,482,35080.875
20_POINT_BLOCK,483,35062.75
20_POINT_BLOCK,484,35047.375
20_POINT_BLOCK,485,35017.875
20_POINT_BLOCK,486,34988.375
20_POINT_BLOCK,487,34962.625
20_POINT_BLOCK,488,34942.875
20_POINT_BLOCK,489,34932.375
20_POINT_BLOCK,490,34911.25
20_POINT_BLOCK,491,34888.625
20_POINT_BLOCK,492,34874.375
20_POINT_BLOCK,493,34856.5
20_POINT_BLOCK,494,34842.625
20_POINT_BLOCK,495,34818.75
20_POINT_BLOCK,496,34799.0
20_POINT_BLOCK,497,34779.625
20_POINT_BLOCK,498,34756.375
20_POINT_BLOCK,499,34744.25
20_POINT_BLOCK,500,34717.75
2_POINT,1,132994.375
2_POINT,2,130604.875
2_POINT,3,129121.25
2_POINT,4,125567.875
2_POINT,5,122714.375
2_POINT,6,121430.0
2_POINT,7,119283.75
2_POINT,8,117777.375
2_POINT,9,117105.625
2_POINT,10,115306.625
2_POINT,11,113499.625
2_POINT,12,112316.75
2_POINT,13,110967.875
2_POINT,14,109942.75
2_POINT,15,109184.125
2_POINT,16,107982.125
2_POINT,17,106720.0
2_POINT,18,106431.125
2_POINT,19,105277.0
2_POINT,20,104451.875
2_POINT,21,103695.375
2_POINT,22,103025.375
2_POINT,23,102431.875
2_POINT,24,101782.875
2_POINT,25,101237.5
2_POINT,26,100415.0
2_POINT,27,99711.5
2_POINT,28,99393.75
2_POINT,29,98820.75
2_POINT,30,98375.75
2_POINT,31,97750.5
2_POINT,32,97510.375
2_POINT,33,97022.875
2_POINT,34,96691.875
2_POINT,35,96153.625
2_POINT,36,95734.625
2_POINT,37,95239.625
2_POINT,38,94772.75
2_POINT,39,94290.0
2_POINT,40,93739.375
2_POINT,41,93106.5
2_POINT,42,92773.625
2_POINT,43,92283.375
2_POINT,44,91941.75
2_POINT,45,91516.875
2_POINT,46,90883.25
2_POINT,47,90444.5
2_POINT,48,90063.125
2_POINT,49,89605.375
2_POINT,50,89276.875
2_POINT,51,89010.875
2_POINT,52,88725.625
2_POINT,53,88291.875
2_POINT,54,87889.75
2_POINT,55,87675.5
2_POINT,56,87289.375
2_POINT,57,86872.75
2_POINT,58,86630.375
2_POINT,59,86326.5
2_POINT,60,86022.25
2_POINT,61,85737.25
2_POINT,62,85512.375
2_POINT,63,85187.5
2_POINT,64,84676.875
2_POINT,65,84542.875
2_POINT,66,84295.0
2_POINT,67,84138.25
2_POINT,68,83831.5
2_POINT,69,83580.875
2_POINT,70,83226.0
2_POINT,71,82947.875
2_POINT,72,82683.375
2_POINT,73,82328.5
2_POINT,74,82036.5
2_POINT,75,81811.5
2_POINT,76,81561.375
2_POINT,77,81127.5
2_POINT,78,80772.625
2_POINT,79,80607.375
2_POINT,80,80365.25
2_POINT,81,79988.75
2_POINT,82,79819.5
2_POINT,83,79570.375
2_POINT,84,79247.375
2_POINT,85,79038.625
2_POINT,86,78747.625
2_POINT,87,78514.375
2_POINT,88,78195.75
2_POINT,89,77978.75
2_POINT,90,77735.625
2_POINT,91,77505.25
2_POINT,92,77097.375
2_POINT,93,76896.5
2_POINT,94,76554.75
2_POINT,95,76285.125
2_POINT,96,76118.125
2_POINT,97,75827.125
2_POINT,98,75626.25
2_POINT,99,75459.875
2_POINT,100,75164.875
2_POINT,101,74981.25
2_POINT,102,74755.125
2_POINT,103,74511.0
2_POINT,104,74225.5
2_POINT,105,73998.75
2_POINT,106,73824.75
2_POINT,107,73563.75
2_POINT,108,73271.0
2_POINT,109,73120.5
2_POINT,110,72842.625
2_POINT,111,72676.625
2_POINT,112,72427.875
2_POINT,113,72151.875
2_POINT,114,71975.5
2_POINT,115,71762.625
2_POINT,116,71598.5
2_POINT,117,71248.5
2_POINT,118,71022.75
2_POINT,119,70917.5
2_POINT,120,70777.625
2_POINT,121,70635.5
2_POINT,122,70496.0
2_POINT,123,70222.125
2_POINT,124,70089.5
2_POINT,125,69921.0
2_POINT,126,69766.0
2_POINT,127,69573.875
2_POINT,128,69419.0
2_POINT,129,69233.375
2_POINT,130,69042.125
2_POINT,131,68989.875
2_POINT,132,68882.0
2_POINT,133,68695.25
2_POINT,134,68582.125
2_POINT,135,68391.625
2_POINT,136,68140.5
2_POINT,137,68073.125
2_POINT,138,67964.875
2_POINT,139,67713.625
2_POINT,140,67569.875
2_POINT,141,67250.25
2_POINT,142,67137.625
2_POINT,143,66925.5
2_POINT,144,66788.0
2_POINT,145,66558.875
2_POINT,146,66372.125
2_POINT,147,66167.875
2_POINT,148,66016.375
2_POINT,149,65736.75
2_POINT,150,65666.875
2_POINT,151,65518.875
2_POINT,152,65287.875
2_POINT,153,65170.25
2_POINT,154,64969.0
2_POINT,155,64790.25
2_POINT,156,64637.0
2_POINT,157,64414.25
2_POINT,158,64269.25
2_POINT,159,64048.0
2_POINT,160,63887.25
2_POINT,161,63801.5
2_POINT,162,63647.25
2_POINT,163,63559.875
2_POINT,164,63414.125
2_POINT,165,63302.625
2_POINT,166,63157.25
2_POINT,167,62995.625
2_POINT,168,62849.375
2_POINT,169,62719.125
2_POINT,170,62573.625
2_POINT,171,62503.75
2_POINT,172,62280.625
2_POINT,173,62214.625
2_POINT,174,62105.75
2_POINT,175,61993.5
2_POINT,176,61740.25
2_POINT,177,61661.0
2_POINT,178,61535.375
2_POINT,179,61406.25
2_POINT,180,61314.125
2_POINT,181,61108.125
2_POINT,182,61002.25
2_POINT,183,60862.125
2_POINT,184,60629.125
2_POINT,185,60541.125
2_POINT,186,60413.25
2_POINT,187,60211.75
2_POINT,188,60028.0
2_POINT,189,59830.375
2_POINT,190,59784.25
2_POINT,191,59626.5
2_POINT,192,59475.25
2_POINT,193,59381.375
2_POINT,194,59195.625
2_POINT,195,59028.25
2_POINT,196,58898.125
2_POINT,197,58811.25
2_POINT,198,58638.625
2_POINT,199,58522.875
2_POINT,200,58352.5
2_POINT,201,58217.875
2_POINT,202,58076.5
2_POINT,203,58028.0
2_POINT,204,57876.375
2_POINT,205,57747.5
2_POINT,206,57614.25
2_POINT,207,57558.5
2_POINT,208,57447.0
2_POINT,209,57292.0
2_POINT,210,57168.125
2_POINT,211,57060.25
2_POINT,212,57003.125
2_POINT,213,56847.25
2_POINT,214,56716.0
2_POINT,215,56612.875
2_POINT,216,56514.875
2_POINT,217,56390.5
2_POINT,218,56308.25
2_POINT,219,56173.75
2_POINT,220,56097.125
2_POINT,221,55991.875
2_POINT,222,55849.375
2_POINT,223,55739.0
2_POINT,224,55645.0
2_POINT,225,55545.875
2_POINT,226,55437.75
2_POINT,227,55323.875
2_POINT,228,55254.125
2_POINT,229,55108.125
2_POINT,230,55087.875
2_POINT,231,54951.25
2_POINT,232,54814.625
2_POINT,233,54705.0
2_POINT,234,54625.25
2_POINT,235,54518.0
2_POINT,236,54390.375
2_POINT,237,54305.0
2_POINT,238,54214.125
2_POINT,239,54071.625
2_POINT,240,53959.625
2_POINT,241,53858.5
2_POINT,242,53732.0
2_POINT,243,53653.75
2_POINT,244,53554.5
2_POINT,245,53458.0
2_POINT,246,53345.25
2_POINT,247,53298.75
2_POINT,248,53186.0
2_POINT,249,53087.625
2_POINT,250,53007.25
2_POINT,251,52894.5
2_POINT,252,52829.25
2_POINT,253,52714.5
2_POINT,254,52619.0
2_POINT,255,52508.25
2_POINT,256,52442.5
2_POINT,257,52325.125
2_POINT,258,52219.5
2_POINT,259,52049.75
2_POINT,260,51982.125
2_POINT,261,51906.375
2_POINT,262,51842.375
2_POINT,263,51703.625
2_POINT,264,51621.5
2_POINT,265,51556.125
2_POINT,266,51453.625
2_POINT,267,51390.375
2_POINT,268,51319.25
2_POINT,269,51229.125
2_POINT,270,51141.75
2_POINT,271,51051.625
2_POINT,272,50975.375
2_POINT,273,50855.875
2_POINT,274,50809.125
2_POINT,275,50740.5
2_POINT,276,50588.125
2_POINT,277,50528.125
2_POINT,278,50448.25
2_POINT,279,50394.75
2_POINT,280,50338.125
2_POINT,281,50271.5
2_POINT,282,50185.25
2_POINT,283,50105.875
2_POINT,284,50042.625
2_POINT,285,49989.375
2_POINT,286,49878.25
2_POINT,287,49789.0
2_POINT,288,49715.625
2_POINT,289,49646.25
2_POINT,290,49583.125
2_POINT,291,49535.75
2_POINT,292,49456.25
2_POINT,293,49335.0
2_POINT,294,49298.0
2_POINT,295,49228.125
2_POINT,296,49183.625
2_POINT,297,49090.125
2_POINT,298,48966.75
2_POINT,299,48927.375
2_POINT,300,48846.375
2_POINT,301,48756.375
2_POINT,302,48666.25
2_POINT,303,48597.0
2_POINT,304,48528.875
2_POINT,305,48420.125
2_POINT,306,48363.875
2_POINT,307,48261.375
2_POINT,308,48182.875
2_POINT,309,48152.375
2_POINT,310,48070.5
2_POINT,311,47994.75
2_POINT,312,47953.5
2_POINT,313,47874.625
2_POINT,314,47801.625
2_POINT,315,47757.125
2_POINT,316,47677.875
2_POINT,317,47636.0
2_POINT,318,47528.75
2_POINT,319,47448.25
2_POINT,320,47420.875
2_POINT,321,47365.75
2_POINT,322,47318.25
2_POINT,323,47231.875
2_POINT,324,47185.25
2_POINT,325,47138.5
2_POINT,326,47097.625
2_POINT,327,47032.875
2_POINT,328,46990.125
2_POINT,329,46954.75
2_POINT,330,46885.25
2_POINT,331,46839.875
2_POINT,332,46777.375
2_POINT,333,46712.875
2_POINT,334,46654.125
2_POINT,335,46602.0
2_POINT,336,46531.375
2_POINT,337,46454.5
2_POINT,338,46393.125
2_POINT,339,46310.0
2_POINT,340,46248.625
2_POINT,341,46217.625
2_POINT,342,46118.5
2_POINT,343,46058.25
2_POINT,344,46030.125
2_POINT,345,45965.625
2_POINT,346,45892.625
2_POINT,347,45828.125
2_POINT,348,45803.875
2_POINT,349,45683.875
2_POINT,350,45631.625
2_POINT,351,45587.625
2_POINT,352,45521.875
2_POINT,353,45445.25
2_POINT,354,45408.25
2_POINT,355,45319.5
2_POINT,356,45270.125
2_POINT,357,45191.125
2_POINT,358,45164.125
2_POINT,359,45106.75
2_POINT,360,45028.0
2_POINT,361,44988.5
2_POINT,362,44916.625
2_POINT,363,44853.125
2_POINT,364,44794.375
2_POINT,365,44754.375
2_POINT,366,44726.375
2_POINT,367,44658.25
2_POINT,368,44624.375
2_POINT,369,44528.375
2_POINT,370,44485.375
2_POINT,371,44444.875
2_POINT,372,44398.5
2_POINT,373,44373.75
2_POINT,374,44304.25
2_POINT,375,44249.625
2_POINT,376,44232.75
2_POINT,377,44158.375
2_POINT,378,44065.5
2_POINT,379,44044.25
2_POINT,380,43998.875
2_POINT,381,43926.875
2_POINT,382,43902.5
2_POINT,383,43868.125
2_POINT,384,43783.375
2_POINT,385,43754.625
2_POINT,386,43704.375
2_POINT,387,43674.25
2_POINT,388,43611.5
2_POINT,389,43557.0
2_POINT,390,43536.625
2_POINT,391,43453.0
2_POINT,392,43399.125
2_POINT,393,43361.0
2_POINT,394,43287.5
2_POINT,395,43240.375
2_POINT,396,43186.125
2_POINT,397,43149.125
2_POINT,398,43117.875
2_POINT,399,43071.125
2_POINT,400,42986.375
2_POINT,401,42973.75
2_POINT,402,42934.75
2_POINT,403,42894.375
2_POINT,404,42848.625
2_POINT,405,42783.75
2_POINT,406,42735.375
2_POINT,407,42680.5
2_POINT,408,42643.375
2_POINT,409,42570.375
2_POINT,410,42516.375
2_POINT,411,42473.625
2_POINT,412,42420.0
2_POINT,413,42357.125
2_POINT,414,42290.375
2_POINT,415,42273.375
2_POINT,416,42234.75
2_POINT,417,42187.875
2_POINT,418,42159.375
2_POINT,419,42123.0
2_POINT,420,42080.5
2_POINT,421,42050.25
2_POINT,422,42022.75
2_POINT,423,41979.375
2_POINT,424,41941.625
2_POINT,425,41913.0
2_POINT,426,41875.875
2_POINT,427,41831.5
2_POINT,428,41793.625
2_POINT,429,41761.375
2_POINT,430,41709.875
2_POINT,431,41675.0
2_POINT,432,41615.625
2_POINT,433,41574.875
2_POINT,434,41553.5
2_POINT,435,41528.125
2_POINT,436,41479.5
2_POINT,437,41433.0
2_POINT,438,41407.375
2_POINT,439,41375.375
2_POINT,440,41344.0
2_POINT,441,41279.75
2_POINT,442,41239.625
2_POINT,443,41194.125
2_POINT,444,41168.375
2_POINT,445,41118.875
2_POINT,446,41087.5
2_POINT,447,41054.375
2_POINT,448,41011.875
2_POINT,449,40970.5
2_POINT,450,40937.625
2_POINT,451,40915.25
2_POINT,452,40863.5
2_POINT,453,40839.875
2_POINT,454,40800.625
2_POINT,455,40767.5
2_POINT,456,40741.375
2_POINT,457,40713.5
2_POINT,458,40673.875
2_POINT,459,40636.0
2_POINT,460,40578.5
2_POINT,461,40550.0
2_POINT,462,40521.375
2_POINT,463,40478.125
2_POINT,464,40429.625
2_POINT,465,40365.625
2_POINT,466,40347.625
2_POINT,467,40319.375
2_POINT,468,40283.875
2_POINT,469,40253.75
2_POINT,470,40235.0
2_POINT,471,40178.625
2_POINT,472,40140.625
2_POINT,473,40104.625
2_POINT,474,40066.75
2_POINT,475,40030.5
2_POINT,476,40006.125
2_POINT,477,39939.125
2_POINT,478,39920.625
2_POINT,479,39889.25
2_POINT,480,39869.125
2_POINT,481,39843.625
2_POINT,482,39801.5
2_POINT,483,39790.375
2_POINT,484,39746.0
2_POINT,485,39710.5
2_POINT,486,39666.0
2_POINT,487,39644.0
2_POINT,488,39591.125
2_POINT,489,39550.625
2_POINT,490,39531.75
2_POINT,491,39501.75
2_POINT,492,39475.25
2_POINT,493,39433.5
2_POINT,494,39406.125
2_POINT,495,39368.375
2_POINT,496,39334.625
2_POINT,497,39303.0
2_POINT,498,39271.625
2_POINT,499,39242.25
2_POINT,500,39218.5
2_POINT_BLOCK,1,138834.5
2_POINT_BLOCK,2,133969.625
2_POINT_BLOCK,3,129892.125
2_POINT_BLOCK,4,126208.0
2_POINT_BLOCK,5,125214.625
2_POINT_BLOCK,6,123349.5
2_POINT_BLOCK,7,119298.0
2_POINT_BLOCK,8,118148.25
2_POINT_BLOCK,9,116348.875
2_POINT_BLOCK,10,115168.375
2_POINT_BLOCK,11,113130.75
2_POINT_BLOCK,12,112290.5
2_POINT_BLOCK,13,110649.625
2_POINT_BLOCK,14,110069.125
2_POINT_BLOCK,15,109187.25
2_POINT_BLOCK,16,107903.5
2_POINT_BLOCK,17,106935.25
2_POINT_BLOCK,18,106167.625
2_POINT_BLOCK,19,105341.0
2_POINT_BLOCK,20,104982.75
2_POINT_BLOCK,21,104486.125
2_POINT_BLOCK,22,103489.375
2_POINT_BLOCK,23,103199.5
2_POINT_BLOCK,24,102449.5
2_POINT_BLOCK,25,101893.375
2_POINT_BLOCK,26,101371.75
2_POINT_BLOCK,27,100955.5
2_POINT_BLOCK,28,100676.75
2_POINT_BLOCK,29,100170.375
2_POINT_BLOCK,30,99678.25
2_POINT_BLOCK,31,99254.875
2_POINT_BLOCK,32,98535.75
2_POINT_BLOCK,33,97902.75
2_POINT_BLOCK,34,97487.375
2_POINT_BLOCK,35,97182.875
2_POINT_BLOCK,36,96786.125
2_POINT_BLOCK,37,96275.875
2_POINT_BLOCK,38,96093.25
2_POINT_BLOCK,39,95905.875
2_POINT_BLOCK,40,95295.0
2_POINT_BLOCK,41,94905.375
2_POINT_BLOCK,42,94592.375
2_POINT_BLOCK,43,94025.875
2_POINT_BLOCK,44,93770.375
2_POINT_BLOCK,45,93442.625
2_POINT_BLOCK,46,93035.375
2_POINT_BLOCK,47,92665.625
2_POINT_BLOCK,48,92297.75
2_POINT_BLOCK,49,91934.75
2_POINT_BLOCK,50,91654.5
2_POINT_BLOCK,51,91320.125
2_POINT_BLOCK,52,90878.625
2_POINT_BLOCK,53,90487.875
2_POINT_BLOCK,54,90198.25
2_POINT_BLOCK,55,90122.0
2_POINT_BLOCK,56,89606.5
2_POINT_BLOCK,57,89163.875
2_POINT_BLOCK,58,88795.625
2_POINT_BLOCK,59,88419.0
2_POINT_BLOCK,60,88173.875
2_POINT_BLOCK,61,87927.625
2_POINT_BLOCK,62,87575.0
2_POINT_BLOCK,63,87319.25
2_POINT_BLOCK,64,86939.625
2_POINT_BLOCK,65,86706.25
2_POINT_BLOCK,66,86394.875
2_POINT_BLOCK,67,86046.25
2_POINT_BLOCK,68,85724.375
2_POINT_BLOCK,69,85468.875
2_POINT_BLOCK,70,84943.75
2_POINT_BLOCK,71,84432.0
2_POINT_BLOCK,72,84115.625
2_POINT_BLOCK,73,83818.0
2_POINT_BLOCK,74,83638.75
2_POINT_BLOCK,75,83312.0
2_POINT_BLOCK,76,82913.25
2_POINT_BLOCK,77,82583.625
2_POINT_BLOCK,78,82385.125
2_POINT_BLOCK,79,82132.125
2_POINT_BLOCK,80,81793.125
2_POINT_BLOCK,81,81563.375
2_POINT_BLOCK,82,81374.875
2_POINT_BLOCK,83,81054.875
2_POINT_BLOCK,84,80779.75
2_POINT_BLOCK,85,80643.75
2_POINT_BLOCK,86,80244.5
2_POINT_BLOCK,87,80044.25
2_POINT_BLOCK,88,79692.5
2_POINT_BLOCK,89,79346.75
2_POINT_BLOCK,90,79237.125
2_POINT_BLOCK,91,78825.875
2_POINT_BLOCK,92,78566.75
2_POINT_BLOCK,93,78294.0
2_POINT_BLOCK,94,78059.75
2_POINT_BLOCK,95,77877.25
2_POINT_BLOCK,96,77615.0
2_POINT_BLOCK,97,77250.375
2_POINT_BLOCK,98,77048.75
2_POINT_BLOCK,99,76759.125
2_POINT_BLOCK,100,76548.875
2_POINT_BLOCK,101,76233.0
2_POINT_BLOCK,102,75926.75
2_POINT_BLOCK,103,75759.25
2_POINT_BLOCK,104,75527.75
2_POINT_BLOCK,105,75317.75
2_POINT_BLOCK,106,75132.375
2_POINT_BLOCK,107,74852.375
2_POINT_BLOCK,108,74637.375
2_POINT_BLOCK,109,74336.25
2_POINT_BLOCK,110,74101.125
2_POINT_BLOCK,111,73960.75
2_POINT_BLOCK,112,73585.875
2_POINT_BLOCK,113,73382.625
2_POINT_BLOCK,114,73119.375
2_POINT_BLOCK,115,72933.75
2_POINT_BLOCK,116,72730.0
2_POINT_BLOCK,117,72412.875
2_POINT_BLOCK,118,72203.0
2_POINT_BLOCK,119,72016.5
2_POINT_BLOCK,120,71727.125
2_POINT_BLOCK,121,71583.75
2_POINT_BLOCK,122,71300.875
2_POINT_BLOCK,123,71150.375
2_POINT_BLOCK,124,70967.5
2_POINT_BLOCK,125,70821.625
2_POINT_BLOCK,126,70532.25
2_POINT_BLOCK,127,70372.625
2_POINT_BLOCK,128,70193.25
2_POINT_BLOCK,129,69942.625
2_POINT_BLOCK,130,69726.625
2_POINT_BLOCK,131,69594.75
2_POINT_BLOCK,132,69314.375
2_POINT_BLOCK,133,69151.75
2_POINT_BLOCK,134,68869.625
2_POINT_BLOCK,135,68771.5
2_POINT_BLOCK,136,68567.125
2_POINT_BLOCK,137,68459.5
2_POINT_BLOCK,138,68221.125
2_POINT_BLOCK,139,68073.875
2_POINT_BLOCK,140,67841.25
2_POINT_BLOCK,141,67631.875
2_POINT_BLOCK,142,67442.0
2_POINT_BLOCK,143,67180.625
2_POINT_BLOCK,144,67102.5
2_POINT_BLOCK,145,66903.125
2_POINT_BLOCK,146,66771.25
2_POINT_BLOCK,147,66639.5
2_POINT_BLOCK,148,66537.375
2_POINT_BLOCK,149,66321.25
2_POINT_BLOCK,150,66135.5
2_POINT_BLOCK,151,65915.25
2_POINT_BLOCK,152,65807.0
2_POINT_BLOCK,153,65682.625
2_POINT_BLOCK,154,65483.625
2_POINT_BLOCK,155,65293.25
2_POINT_BLOCK,156,65144.25
2_POINT_BLOCK,157,64998.125
2_POINT_BLOCK,158,64834.625
2_POINT_BLOCK,159,64685.875
2_POINT_BLOCK,160,64504.375
2_POINT_BLOCK,161,64332.875
2_POINT_BLOCK,162,64261.375
2_POINT_BLOCK,163,64065.125
2_POINT_BLOCK,164,63923.375
2_POINT_BLOCK,165,63751.375
2_POINT_BLOCK,166,63561.75
2_POINT_BLOCK,167,63423.75
2_POINT_BLOCK,168,63260.5
2_POINT_BLOCK,169,63065.25
2_POINT_BLOCK,170,62871.125
2_POINT_BLOCK,171,62581.375
2_POINT_BLOCK,172,62483.875
2_POINT_BLOCK,173,62278.625
2_POINT_BLOCK,174,62074.625
2_POINT_BLOCK,175,61942.375
2_POINT_BLOCK,176,61784.0
2_POINT_BLOCK,177,61662.125
2_POINT_BLOCK,178,61446.25
2_POINT_BLOCK,179,61262.5
2_POINT_BLOCK,180,61108.25
2_POINT_BLOCK,181,61008.25
2_POINT_BLOCK,182,60823.875
2_POINT_BLOCK,183,60714.0
2_POINT_BLOCK,184,60604.875
2_POINT_BLOCK,185,60492.75
2_POINT_BLOCK,186,60412.5
2_POINT_BLOCK,187,60282.375
2_POINT_BLOCK,188,60137.25
2_POINT_BLOCK,189,60022.875
2_POINT_BLOCK,190,59940.5
2_POINT_BLOCK,191,59804.25
2_POINT_BLOCK,192,59590.875
2_POINT_BLOCK,193,59543.5
2_POINT_BLOCK,194,59417.0
2_POINT_BLOCK,195,59271.75
2_POINT_BLOCK,196,59166.75
2_POINT_BLOCK,197,59075.875
2_POINT_BLOCK,198,58947.625
2_POINT_BLOCK,199,58827.5
2_POINT_BLOCK,200,58718.375
2_POINT_BLOCK,201,58574.75
2_POINT_BLOCK,202,58471.5
2_POINT_BLOCK,203,58345.625
2_POINT_BLOCK,204,58260.625
2_POINT_BLOCK,205,58105.5
2_POINT_BLOCK,206,57987.875
2_POINT_BLOCK,207,57876.875
2_POINT_BLOCK,208,57727.25
2_POINT_BLOCK,209,57592.875
2_POINT_BLOCK,210,57499.625
2_POINT_BLOCK,211,57364.875
2_POINT_BLOCK,212,57194.0
2_POINT_BLOCK,213,57081.375
2_POINT_BLOCK,214,56916.75
2_POINT_BLOCK,215,56836.375
2_POINT_BLOCK,216,56683.625
2_POINT_BLOCK,217,56600.625
2_POINT_BLOCK,218,56463.5
2_POINT_BLOCK,219,56372.0
2_POINT_BLOCK,220,56239.5
2_POINT_BLOCK,221,56171.0
2_POINT_BLOCK,222,56047.25
2_POINT_BLOCK,223,55916.0
2_POINT_BLOCK,224,55779.875
2_POINT_BLOCK,225,55688.5
2_POINT_BLOCK,226,55601.875
2_POINT_BLOCK,227,55499.0
2_POINT_BLOCK,228,55395.375
2_POINT_BLOCK,229,55235.0
2_POINT_BLOCK,230,55068.875
2_POINT_BLOCK,231,54960.25
2_POINT_BLOCK,232,54869.875
2_POINT_BLOCK,233,54803.25
2_POINT_BLOCK,234,54717.5
2_POINT_BLOCK,235,54525.75
2_POINT_BLOCK,236,54377.25
2_POINT_BLOCK,237,54306.0
2_POINT_BLOCK,238,54230.5
2_POINT_BLOCK,239,54121.0
2_POINT_BLOCK,240,54054.625
2_POINT_BLOCK,241,53897.25
2_POINT_BLOCK,242,53789.625
2_POINT_BLOCK,243,53738.625
2_POINT_BLOCK,244,53692.625
2_POINT_BLOCK,245,53553.0
2_POINT_BLOCK,246,53415.875
2_POINT_BLOCK,247,53340.625
2_POINT_BLOCK,248,53212.25
2_POINT_BLOCK,249,53143.125
2_POINT_BLOCK,250,53058.625
2_POINT_BLOCK,251,52955.25
2_POINT_BLOCK,252,52816.875
2_POINT_BLOCK,253,52737.625
2_POINT_BLOCK,254,52637.125
2_POINT_BLOCK,255,52552.0
2_POINT_BLOCK,256,52468.625
2_POINT_BLOCK,257,52372.625
2_POINT_BLOCK,258,52295.875
2_POINT_BLOCK,259,52171.875
2_POINT_BLOCK,260,52064.625
2_POINT_BLOCK,261,52007.375
2_POINT_BLOCK,262,51931.75
2_POINT_BLOCK,263,51810.375
2_POINT_BLOCK,264,51670.375
2_POINT_BLOCK,265,51581.75
2_POINT_BLOCK,266,51498.5
2_POINT_BLOCK,267,51431.0
2_POINT_BLOCK,268,51376.875
2_POINT_BLOCK,269,51318.875
2_POINT_BLOCK,270,51265.875
2_POINT_BLOCK,271,51138.25
2_POINT_BLOCK,272,51100.625
2_POINT_BLOCK,273,51025.125
2_POINT_BLOCK,274,50938.875
2_POINT_BLOCK,275,50856.375
2_POINT_BLOCK,276,50775.625
2_POINT_BLOCK,277,50662.875
2_POINT_BLOCK,278,50630.0
2_POINT_BLOCK,279,50553.0
2_POINT_BLOCK,280,50402.875
2_POINT_BLOCK,281,50353.25
2_POINT_BLOCK,282,50229.25
2_POINT_BLOCK,283,50147.5
2_POINT_BLOCK,284,50030.125
2_POINT_BLOCK,285,49962.0
2_POINT_BLOCK,286,49886.875
2_POINT_BLOCK,287,49803.625
2_POINT_BLOCK,288,49735.875
2_POINT_BLOCK,289,49662.0
2_POINT_BLOCK,290,49537.5
2_POINT_BLOCK,291,49469.875
2_POINT_BLOCK,292,49354.5
2_POINT_BLOCK,293,49283.125
2_POINT_BLOCK,294,49230.625
2_POINT_BLOCK,295,49173.75
2_POINT_BLOCK,296,49095.375
2_POINT_BLOCK,297,49034.25
2_POINT_BLOCK,298,48944.75
2_POINT_BLOCK,299,48869.25
2_POINT_BLOCK,300,48817.25
2_POINT_BLOCK,301,48773.625
2_POINT_BLOCK,302,48702.875
2_POINT_BLOCK,303,48612.625
2_POINT_BLOCK,304,48523.75
2_POINT_BLOCK,305,48423.875
2_POINT_BLOCK,306,48329.875
2_POINT_BLOCK,307,48301.5
2_POINT_BLOCK,308,48224.875
2_POINT_BLOCK,309,48167.5
2_POINT_BLOCK,310,48047.625
2_POINT_BLOCK,311,47967.5
2_POINT_BLOCK,312,47921.75
2_POINT_BLOCK,313,47867.375
2_POINT_BLOCK,314,47817.75
2_POINT_BLOCK,315,47705.125
2_POINT_BLOCK,316,47630.25
2_POINT_BLOCK,317,47569.0
2_POINT_BLOCK,318,47477.0
2_POINT_BLOCK,319,47384.625
2_POINT_BLOCK,320,47346.5
2_POINT_BLOCK,321,47300.5
2_POINT_BLOCK,322,47209.0
2_POINT_BLOCK,323,47161.0
2_POINT_BLOCK,324,47125.25
2_POINT_BLOCK,325,47039.875
2_POINT_BLOCK,326,46953.75
2_POINT_BLOCK,327,46862.0
2_POINT_BLOCK,328,46842.5
2_POINT_BLOCK,329,46785.5
2_POINT_BLOCK,330,46677.375
2_POINT_BLOCK,331,46613.125
2_POINT_BLOCK,332,46542.625
2_POINT_BLOCK,333,46511.375
2_POINT_BLOCK,334,46453.25
2_POINT_BLOCK,335,46365.75
2_POINT_BLOCK,336,46281.875
2_POINT_BLOCK,337,46222.875
2_POINT_BLOCK,338,46175.0
2_POINT_BLOCK,339,46054.5
2_POINT_BLOCK,340,45998.625
2_POINT_BLOCK,341,45967.625
2_POINT_BLOCK,342,45901.375
2_POINT_BLOCK,343,45811.125
2_POINT_BLOCK,344,45762.5
2_POINT_BLOCK,345,45718.875
2_POINT_BLOCK,346,45665.75
2_POINT_BLOCK,347,45568.375
2_POINT_BLOCK,348,45508.25
2_POINT_BLOCK,349,45455.375
2_POINT_BLOCK,350,45402.25
2_POINT_BLOCK,351,45333.375
2_POINT_BLOCK,352,45288.125
2_POINT_BLOCK,353,45217.875
2_POINT_BLOCK,354,45172.25
2_POINT_BLOCK,355,45141.625
2_POINT_BLOCK,356,45073.375
2_POINT_BLOCK,357,45001.25
2_POINT_BLOCK,358,44957.5
2_POINT_BLOCK,359,44897.25
2_POINT_BLOCK,360,44845.5
2_POINT_BLOCK,361,44791.0
2_POINT_BLOCK,362,44723.75
2_POINT_BLOCK,363,44679.875
2_POINT_BLOCK,364,44631.375
2_POINT_BLOCK,365,44586.375
2_POINT_BLOCK,366,44505.0
2_POINT_BLOCK,367,44461.875
2_POINT_BLOCK,368,44433.0
2_POINT_BLOCK,369,44378.125
2_POINT_BLOCK,370,44292.625
2_POINT_BLOCK,371,44266.0
2_POINT_BLOCK,372,44173.625
2_POINT_BLOCK,373,44161.25
2_POINT_BLOCK,374,44091.375
2_POINT_BLOCK,375,44039.25
2_POINT_BLOCK,376,43985.625
2_POINT_BLOCK,377,43916.125
2_POINT_BLOCK,378,43875.0
2_POINT_BLOCK,379,43807.5
2_POINT_BLOCK,380,43767.5
2_POINT_BLOCK,381,43694.5
2_POINT_BLOCK,382,43658.25
2_POINT_BLOCK,383,43628.375
2_POINT_BLOCK,384,43533.0
2_POINT_BLOCK,385,43476.75
2_POINT_BLOCK,386,43443.375
2_POINT_BLOCK,387,43373.25
2_POINT_BLOCK,388,43302.875
2_POINT_BLOCK,389,43265.0
2_POINT_BLOCK,390,43199.75
2_POINT_BLOCK,391,43166.625
2_POINT_BLOCK,392,43103.0
2_POINT_BLOCK,393,43056.25
2_POINT_BLOCK,394,43003.875
2_POINT_BLOCK,395,42972.25
2_POINT_BLOCK,396,42915.0
2_POINT_BLOCK,397,42854.125
2_POINT_BLOCK,398,42814.625
2_POINT_BLOCK,399,42774.125
2_POINT_BLOCK,400,42714.875
2_POINT_BLOCK,401,42700.0
2_POINT_BLOCK,402,42640.875
2_POINT_BLOCK,403,42621.5
2_POINT_BLOCK,404,42571.625
2_POINT_BLOCK,405,42506.0
2_POINT_BLOCK,406,42469.5
2_POINT_BLOCK,407,42422.25
2_POINT_BLOCK,408,42364.375
2_POINT_BLOCK,409,42331.875
2_POINT_BLOCK,410,42287.125
2_POINT_BLOCK,411,42261.625
2_POINT_BLOCK,412,42224.875
2_POINT_BLOCK,413,42190.375
2_POINT_BLOCK,414,42156.75
2_POINT_BLOCK,415,42096.125
2_POINT_BLOCK,416,42070.0
2_POINT_BLOCK,417,42009.125
2_POINT_BLOCK,418,41983.5
2_POINT_BLOCK,419,41940.0
2_POINT_BLOCK,420,41900.25
2_POINT_BLOCK,421,41853.25
2_POINT_BLOCK,422,41827.25
2_POINT_BLOCK,423,41799.25
2_POINT_BLOCK,424,41731.125
2_POINT_BLOCK,425,41702.5
2_POINT_BLOCK,426,41674.0
2_POINT_BLOCK,427,41613.25
2_POINT_BLOCK,428,41573.125
2_POINT_BLOCK,429,41544.875
2_POINT_BLOCK,430,41483.75
2_POINT_BLOCK,431,41455.125
2_POINT_BLOCK,432,41410.125
2_POINT_BLOCK,433,41368.125
2_POINT_BLOCK,434,41348.625
2_POINT_BLOCK,435,41276.75
2_POINT_BLOCK,436,41231.625
2_POINT_BLOCK,437,41195.875
2_POINT_BLOCK,438,41163.625
2_POINT_BLOCK,439,41104.125
2_POINT_BLOCK,440,41068.0
2_POINT_BLOCK,441,41033.5
2_POINT_BLOCK,442,41004.375
2_POINT_BLOCK,443,40944.375
2_POINT_BLOCK,444,40899.25
2_POINT_BLOCK,445,40870.125
2_POINT_BLOCK,446,40831.75
2_POINT_BLOCK,447,40761.625
2_POINT_BLOCK,448,40733.25
2_POINT_BLOCK,449,40724.25
2_POINT_BLOCK,450,40688.875
2_POINT_BLOCK,451,40653.75
2_POINT_BLOCK,452,40620.625
2_POINT_BLOCK,453,40608.375
2_POINT_BLOCK,454,40575.875
2_POINT_BLOCK,455,40551.625
2_POINT_BLOCK,456,40500.375
2_POINT_BLOCK,457,40487.5
2_POINT_BLOCK,458,40450.125
2_POINT_BLOCK,459,40419.875
2_POINT_BLOCK,460,40374.375
2_POINT_BLOCK,461,40360.375
2_POINT_BLOCK,462,40322.25
2_POINT_BLOCK,463,40274.75
2_POINT_BLOCK,464,40237.0
2_POINT_BLOCK,465,40213.875
2_POINT_BLOCK,466,40163.5
2_POINT_BLOCK,467,40140.625
2_POINT_BLOCK,468,40112.5
2_POINT_BLOCK,469,40043.875
2_POINT_BLOCK,470,40022.25
2_POINT_BLOCK,471,39997.625
2_POINT_BLOCK,472,39967.125
2_POINT_BLOCK,473,39942.875
2_POINT_BLOCK,474,39913.625
2_POINT_BLOCK,475,39884.25
2_POINT_BLOCK,476,39838.375
2_POINT_BLOCK,477,39795.5
2_POINT_BLOCK,478,39729.5
2_POINT_BLOCK,479,39710.5
2_POINT_BLOCK,480,39682.75
2_POINT_BLOCK,481,39656.125
2_POINT_BLOCK,482,39626.5
2_POINT_BLOCK,483,39589.75
2_POINT_BLOCK,484,39572.375
2_POINT_BLOCK,485,39537.875
2_POINT_BLOCK,486,39522.375
2_POINT_BLOCK,487,39478.375
2_POINT_BLOCK,488,39456.375
2_POINT_BLOCK,489,39429.25
2_POINT_BLOCK,490,39401.625
2_POINT_BLOCK,491,39363.25
2_POINT_BLOCK,492,39324.375
2_POINT_BLOCK,493,39284.875
2_POINT_BLOCK,494,39243.75
2_POINT_BLOCK,495,39210.25
2_POINT_BLOCK,496,39176.0
2_POINT_BLOCK,497,39155.75
2_POINT_BLOCK,498,39111.0
2_POINT_BLOCK,499,39077.5
2_POINT_BLOCK,500,39053.75
5_POINT,1,134996.75
5_POINT,2,132032.5
5_POINT,3,128414.875
5_POINT,4,124612.0
5_POINT,5,123597.625
5_POINT,6,119898.75
5_POINT,7,118200.0
5_POINT,8,115751.875
5_POINT,9,113936.625
5_POINT,10,112464.125
5_POINT,11,110140.25
5_POINT,12,108647.125
5_POINT,13,106470.125
5_POINT,14,104565.375
5_POINT,15,103540.0
5_POINT,16,102317.75
5_POINT,17,101056.125
5_POINT,18,98985.75
5_POINT,19,98226.875
5_POINT,20,97335.625
5_POINT,21,96570.25
5_POINT,22,95845.75
5_POINT,23,94973.5
5_POINT,24,93834.625
5_POINT,25,92991.0
5_POINT,26,92556.75
5_POINT,27,91770.875
5_POINT,28,91152.375
5_POINT,29,90656.75
5_POINT,30,90093.75
5_POINT,31,89510.5
5_POINT,32,89135.625
5_POINT,33,88563.125
5_POINT,34,87868.375
5_POINT,35,87276.125
5_POINT,36,86769.75
5_POINT,37,86324.0
5_POINT,38,85656.25
5_POINT,39,85131.875
5_POINT,40,84688.25
5_POINT,41,84422.625
5_POINT,42,84003.25
5_POINT,43,83525.375
5_POINT,44,83213.0
5_POINT,45,82918.25
5_POINT,46,82565.375
5_POINT,47,82289.625
5_POINT,48,81972.75
5_POINT,49,81688.625
5_POINT,50,81249.5
5_POINT,51,81086.75
5_POINT,52,80883.875
5_POINT,53,80371.75
5_POINT,54,80168.625
5_POINT,55,79867.25
5_POINT,56,79562.875
5_POINT,57,79295.25
5_POINT,58,78914.125
5_POINT,59,78622.25
5_POINT,60,78306.5
5_POINT,61,78174.125
5_POINT,62,77721.75
5_POINT,63,77440.625
5_POINT,64,77100.5
5_POINT,65,76961.375
5_POINT,66,76633.5
5_POINT,67,76255.125
5_POINT,68,76003.625
5_POINT,69,75767.625
5_POINT,70,75490.5
5_POINT,71,75000.875
5_POINT,72,74882.625
5_POINT,73,74447.5
5_POINT,74,74115.375
5_POINT,75,73896.125
5_POINT,76,73544.625
5_POINT,77,73221.375
5_POINT,78,73052.875
5_POINT,79,72698.375
5_POINT,80,72548.25
5_POINT,81,72280.0
5_POINT,82,71848.375
5_POINT,83,71617.0
5_POINT,84,71353.75
5_POINT,85,71192.75
5_POINT,86,70948.0
5_POINT,87,70711.5
5_POINT,88,70454.125
5_POINT,89,70185.25
5_POINT,90,70049.875
5_POINT,91,69776.75
5_POINT,92,69501.5
5_POINT,93,69214.75
5_POINT,94,69031.5
5_POINT,95,68718.25
5_POINT,96,68468.625
5_POINT,97,68282.625
5_POINT,98,67926.5
5_POINT,99,67696.75
5_POINT,100,67534.125
5_POINT,101,67279.75
5_POINT,102,67083.5
5_POINT,103,66956.125
5_POINT,104,66683.875
5_POINT,105,66451.25
5_POINT,106,66151.75
5_POINT,107,66040.375
5_POINT,108,65822.5
5_POINT,109,65497.875
5_POINT,110,65342.75
5_POINT,111,65177.75
5_POINT,112,64925.875
5_POINT,113,64769.375
5_POINT,114,64560.0
5_POINT,115,64344.625
5_POINT,116,64154.25
5_POINT,117,64053.125
5_POINT,118,63813.625
5_POINT,119,63454.25
5_POINT,120,63301.5
5_POINT,121,63086.125
5_POINT,122,62830.75
5_POINT,123,62657.625
5_POINT,124,62459.0
5_POINT,125,62325.625
5_POINT,126,62052.625
5_POINT,127,61924.0
5_POINT,128,61789.5
5_POINT,129,61549.625
5_POINT,130,61312.5
5_POINT,131,61024.875
5_POINT,132,60875.5
5_POINT,133,60722.25
5_POINT,134,60609.5
5_POINT,135,60436.5
5_POINT,136,60263.125
5_POINT,137,60097.75
5_POINT,138,59966.125
5_POINT,139,59730.75
5_POINT,140,59618.875
5_POINT,141,59373.625
5_POINT,142,59272.5
5_POINT,143,59151.375
5_POINT,144,59008.0
5_POINT,145,58832.25
5_POINT,146,58717.625
5_POINT,147,58535.875
5_POINT,148,58337.375
5_POINT,149,58162.25
5_POINT,150,57985.75
5_POINT,151,57812.5
5_POINT,152,57676.375
5_POINT,153,57569.5
5_POINT,154,57483.125
5_POINT,155,57359.5
5_POINT,156,57203.25
5_POINT,157,57071.25
5_POINT,158,56906.375
5_POINT,159,56717.875
5_POINT,160,56594.125
5_POINT,161,56462.125
5_POINT,162,56330.75
5_POINT,163,56145.875
5_POINT,164,56042.375
5_POINT,165,55875.0
5_POINT,166,55657.125
5_POINT,167,55565.875
5_POINT,168,55415.5
5_POINT,169,55290.625
5_POINT,170,55119.625
5_POINT,171,54938.25
5_POINT,172,54816.5
5_POINT,173,54618.625
5_POINT,174,54505.375
5_POINT,175,54438.875
5_POINT,176,54263.375
5_POINT,177,54160.5
5_POINT,178,54073.375
5_POINT,179,53989.875
5_POINT,180,53879.5
5_POINT,181,53782.875
5_POINT,182,53604.375
5_POINT,183,53546.5
5_POINT,184,53434.125
5_POINT,185,53336.25
5_POINT,186,53206.375
5_POINT,187,53090.5
5_POINT,188,52999.0
5_POINT,189,52870.875
5_POINT,190,52757.0
5_POINT,191,52594.625
5_POINT,192,52477.0
5_POINT,193,52321.75
5_POINT,194,52240.0
5_POINT,195,52186.375
5_POINT,196,52016.5
5_POINT,197,51972.875
5_POINT,198,51865.75
5_POINT,199,51780.875
5_POINT,200,51719.75
5_POINT,201,51621.375
5_POINT,202,51518.5
5_POINT,203,51422.625
5_POINT,204,51282.75
5_POINT,205,51226.875
5_POINT,206,51132.5
5_POINT,207,50979.125
5_POINT,208,50850.125
5_POINT,209,50792.25
5_POINT,210,50652.625
5_POINT,211,50570.875
5_POINT,212,50442.75
5_POINT,213,50362.375
5_POINT,214,50269.875
5_POINT,215,50151.625
5_POINT,216,50023.875
5_POINT,217,49924.5
5_POINT,218,49853.875
5_POINT,219,49744.875
5_POINT,220,49664.625
5_POINT,221,49589.0
5_POINT,222,49449.625
5_POINT,223,49411.125
5_POINT,224,49313.75
5_POINT,225,49202.875
5_POINT,226,49117.25
5_POINT,227,49026.5
5_POINT,228,48927.25
5_POINT,229,48854.875
5_POINT,230,48752.875
5_POINT,231,48659.75
5_POINT,232,48575.25
5_POINT,233,48512.75
5_POINT,234,48428.0
5_POINT,235,48326.5
5_POINT,236,48241.25
5_POINT,237,48114.0
5_POINT,238,48072.5
5_POINT,239,48003.125
5_POINT,240,47880.625
5_POINT,241,47775.75
5_POINT,242,47730.0
5_POINT,243,47598.375
5_POINT,244,47512.125
5_POINT,245,47380.25
5_POINT,246,47249.0
5_POINT,247,47131.0
5_POINT,248,47099.375
5_POINT,249,47010.875
5_POINT,250,46971.0
5_POINT,251,46900.0
5_POINT,252,46802.0
5_POINT,253,46728.0
5_POINT,254,46672.75
5_POINT,255,46607.0
5_POINT,256,46518.0
5_POINT,257,46401.0
5_POINT,258,46366.375
5_POINT,259,46215.375
5_POINT,260,46116.25
5_POINT,261,46039.25
5_POINT,262,45938.875
5_POINT,263,45912.5
5_POINT,264,45838.25
5_POINT,265,45732.5
5_POINT,266,45642.75
5_POINT,267,45539.375
5_POINT,268,45489.375
5_POINT,269,45395.875
5_POINT,270,45333.5
5_POINT,271,45243.125
5_POINT,272,45144.875
5_POINT,273,45100.375
5_POINT,274,45040.0
5_POINT,275,44917.125
5_POINT,276,44852.75
5_POINT,277,44809.125
5_POINT,278,44765.5
5_POINT,279,44683.125
5_POINT,280,44621.5
5_POINT,281,44589.875
5_POINT,282,44491.5
5_POINT,283,44466.875
5_POINT,284,44365.375
5_POINT,285,44337.25
5_POINT,286,44255.5
5_POINT,287,44178.75
5_POINT,288,44134.625
5_POINT,289,44078.0
5_POINT,290,44002.0
5_POINT,291,43923.5
5_POINT,292,43846.875
5_POINT,293,43762.125
5_POINT,294,43728.5
5_POINT,295,43649.75
5_POINT,296,43579.0
5_POINT,297,43497.125
5_POINT,298,43432.875
5_POINT,299,43363.875
5_POINT,300,43289.5
5_POINT,301,43194.625
5_POINT,302,43166.5
5_POINT,303,43072.125
5_POINT,304,43007.625
5_POINT,305,42930.25
5_POINT,306,42890.75
5_POINT,307,42846.125
5_POINT,308,42790.5
5_POINT,309,42742.125
5_POINT,310,42693.75
5_POINT,311,42617.75
5_POINT,312,42599.75
5_POINT,313,42541.25
5_POINT,314,42503.75
5_POINT,315,42434.875
5_POINT,316,42364.75
5_POINT,317,42319.375
5_POINT,318,42242.0
5_POINT,319,42190.625
5_POINT,320,42127.875
5_POINT,321,42080.625
5_POINT,322,42016.375
5_POINT,323,41911.0
5_POINT,324,41873.25
5_POINT,325,41846.75
5_POINT,326,41768.0
5_POINT,327,41752.375
5_POINT,328,41687.75
5_POINT,329,41628.25
5_POINT,330,41569.375
5_POINT,331,41527.5
5_POINT,332,41490.5
5_POINT,333,41456.375
5_POINT,334,41415.625
5_POINT,335,41395.625
5_POINT,336,41347.375
5_POINT,337,41286.875
5_POINT,338,41244.125
5_POINT,339,41213.875
5_POINT,340,41171.0
5_POINT,341,41115.125
5_POINT,342,41090.5
5_POINT,343,41053.0
5_POINT,344,41008.625
5_POINT,345,40980.5
5_POINT,346,40938.0
5_POINT,347,40880.25
5_POINT,348,40835.5
5_POINT,349,40776.25
5_POINT,350,40738.75
5_POINT,351,40669.75
5_POINT,352,40621.375
5_POINT,353,40565.125
5_POINT,354,40508.125
5_POINT,355,40455.5
5_POINT,356,40419.375
5_POINT,357,40392.625
5_POINT,358,40351.75
5_POINT,359,40298.875
5_POINT,360,40250.75
5_POINT,361,40215.75
5_POINT,362,40181.75
5_POINT,363,40138.625
5_POINT,364,40099.625
5_POINT,365,40047.875
5_POINT,366,39995.875
5_POINT,367,39960.125
5_POINT,368,39904.25
5_POINT,369,39845.125
5_POINT,370,39820.125
5_POINT,371,39796.25
5_POINT,372,39749.25
5_POINT,373,39692.375
5_POINT,374,39679.625
5_POINT,375,39645.75
5_POINT,376,39619.625
5_POINT,377,39574.875
5_POINT,378,39515.75
5_POINT,379,39488.875
5_POINT,380,39465.25
5_POINT,381,39426.375
5_POINT,382,39398.625
5_POINT,383,39354.5
5_POINT,384,39317.625
5_POINT,385,39287.125
5_POINT,386,39234.375
5_POINT,387,39202.125
5_POINT,388,39167.0
5_POINT,389,39122.875
5_POINT,390,39072.625
5_POINT,391,39033.125
5_POINT,392,39004.25
5_POINT,393,38977.75
5_POINT,394,38930.25
5_POINT,395,38888.5
5_POINT,396,38863.375
5_POINT,397,38817.0
5_POINT,398,38791.875
5_POINT,399,38734.5
5_POINT,400,38694.125
5_POINT,401,38684.875
5_POINT,402,38636.5
5_POINT,403,38614.5
5_POINT,404,38586.75
5_POINT,405,38532.625
5_POINT,406,38496.625
5_POINT,407,38472.125
5_POINT,408,38427.875
5_POINT,409,38387.25
5_POINT,410,38358.25
5_POINT,411,38329.375
5_POINT,412,38314.625
5_POINT,413,38283.25
5_POINT,414,38256.625
5_POINT,415,38233.875
5_POINT,416,38205.625
5_POINT,417,38177.5
5_POINT,418,38148.25
5_POINT,419,38119.5
5_POINT,420,38099.625
5_POINT,421,38074.75
5_POINT,422,38055.625
5_POINT,423,38028.875
5_POINT,424,38003.0
5_POINT,425,37979.875
5_POINT,426,37934.875
5_POINT,427,37901.0
5_POINT,428,37867.25
5_POINT,429,37858.5
5_POINT,430,37830.75
5_POINT,431,37797.75
5_POINT,432,37775.5
5_POINT,433,37724.75
5_POINT,434,37692.125
5_POINT,435,37656.625
5_POINT,436,37623.125
5_POINT,437,37586.0
5_POINT,438,37573.375
5_POINT,439,37526.0
5_POINT,440,37495.375
5_POINT,441,37474.625
5_POINT,442,37457.125
5_POINT,443,37427.875
5_POINT,444,37391.625
5_POINT,445,37376.875
5_POINT,446,37345.0
5_POINT,447,37316.875
5_POINT,448,37283.0
5_POINT,449,37258.125
5_POINT,450,37232.125
5_POINT,451,37198.5
5_POINT,452,37148.625
5_POINT,453,37120.375
5_POINT,454,37081.125
5_POINT,455,37066.625
5_POINT,456,37030.875
5_POINT,457,36998.375
5_POINT,458,36973.75
5_POINT,459,36950.75
5_POINT,460,36924.75
5_POINT,461,36900.0
5_POINT,462,36850.125
5_POINT,463,36832.125
5_POINT,464,36795.5
5_POINT,465,36758.375
5_POINT,466,36713.875
5_POINT,467,36702.625
5_POINT,468,36683.875
5_POINT,469,36641.125
5_POINT,470,36627.125
5_POINT,471,36587.0
5_POINT,472,36556.125
5_POINT,473,36534.25
5_POINT,474,36514.0
5_POINT,475,36501.625
5_POINT,476,36464.0
5_POINT,477,36426.625
5_POINT,478,36416.875
5_POINT,479,36392.375
5_POINT,480,36366.625
5_POINT,481,36344.5
5_POINT,482,36298.125
5_POINT,483,36274.5
5_POINT,484,36245.375
5_POINT,485,36207.375
5_POINT,486,36188.75
5_POINT,487,36175.125
5_POINT,488,36147.625
5_POINT,489,36126.375
5_POINT,490,36093.375
5_POINT,491,36079.875
5_POINT,492,36066.5
5_POINT,493,36046.0
5_POINT,494,36026.375
5_POINT,495,36004.375
5_POINT,496,35996.375
5_POINT,497,35965.625
5_POINT,498,35945.625
5_POINT,499,35930.875
5_POINT,500,35901.25
5_POINT_BLOCK,1,135541.125
5_POINT_BLOCK,2,131262.0
5_POINT_BLOCK,3,127935.375
5_POINT_BLOCK,4,125523.875
5_POINT_BLOCK,5,122972.875
5_POINT_BLOCK,6,119897.875
5_POINT_BLOCK,7,117386.25
5_POINT_BLOCK,8,115832.25
5_POINT_BLOCK,9,113678.125
5_POINT_BLOCK,10,111915.375
5_POINT_BLOCK,11,109328.0
5_POINT_BLOCK,12,107819.0
5_POINT_BLOCK,13,105930.25
5_POINT_BLOCK,14,104532.125
5_POINT_BLOCK,15,103103.625
5_POINT_BLOCK,16,101982.75
5_POINT_BLOCK,17,100655.875
5_POINT_BLOCK,18,99455.0
5_POINT_BLOCK,19,97896.75
5_POINT_BLOCK,20,96733.875
5_POINT_BLOCK,21,96468.25
5_POINT_BLOCK,22,95482.125
5_POINT_BLOCK,23,94846.5
5_POINT_BLOCK,24,94245.375
5_POINT_BLOCK,25,93569.5
5_POINT_BLOCK,26,93168.375
5_POINT_BLOCK,27,92360.0
5_POINT_BLOCK,28,91727.375
5_POINT_BLOCK,29,91368.125
5_POINT_BLOCK,30,90696.75
5_POINT_BLOCK,31,90120.625
5_POINT_BLOCK,32,89815.5
5_POINT_BLOCK,33,89484.0
5_POINT_BLOCK,34,88875.5
5_POINT_BLOCK,35,88322.25
5_POINT_BLOCK,36,87878.75
5_POINT_BLOCK,37,87477.75
5_POINT_BLOCK,38,86916.875
5_POINT_BLOCK,39,86388.625
5_POINT_BLOCK,40,85992.0
5_POINT_BLOCK,41,85467.0
5_POINT_BLOCK,42,85049.0
5_POINT_BLOCK,43,84717.75
5_POINT_BLOCK,44,84352.125
5_POINT_BLOCK,45,83995.75
5_POINT_BLOCK,46,83676.75
5_POINT_BLOCK,47,83318.625
5_POINT_BLOCK,48,83035.0
5_POINT_BLOCK,49,82635.5
5_POINT_BLOCK,50,82423.875
5_POINT_BLOCK,51,81947.5
5_POINT_BLOCK,52,81543.0
5_POINT_BLOCK,53,81304.875
5_POINT_BLOCK,54,80929.75
5_POINT_BLOCK,55,80625.375
5_POINT_BLOCK,56,80235.5
5_POINT_BLOCK,57,80060.25
5_POINT_BLOCK,58,79836.5
5_POINT_BLOCK,59,79568.875
5_POINT_BLOCK,60,79128.875
5_POINT_BLOCK,61,79030.375
5_POINT_BLOCK,62,78645.75
5_POINT_BLOCK,63,78283.5
5_POINT_BLOCK,64,77988.0
5_POINT_BLOCK,65,77719.375
5_POINT_BLOCK,66,77495.5
5_POINT_BLOCK,67,77192.75
5_POINT_BLOCK,68,76833.125
5_POINT_BLOCK,69,76508.25
5_POINT_BLOCK,70,76211.5
5_POINT_BLOCK,71,75759.25
5_POINT_BLOCK,72,75664.125
5_POINT_BLOCK,73,75460.0
5_POINT_BLOCK,74,75222.0
5_POINT_BLOCK,75,75037.875
5_POINT_BLOCK,76,74804.625
5_POINT_BLOCK,77,74644.125
5_POINT_BLOCK,78,74295.125
5_POINT_BLOCK,79,74036.375
5_POINT_BLOCK,80,73791.0
5_POINT_BLOCK,81,73450.25
5_POINT_BLOCK,82,73062.625
5_POINT_BLOCK,83,72801.125
5_POINT_BLOCK,84,72640.5
5_POINT_BLOCK,85,72352.625
5_POINT_BLOCK,86,72097.125
5_POINT_BLOCK,87,71782.125
5_POINT_BLOCK,88,71608.375
5_POINT_BLOCK,89,71473.625
5_POINT_BLOCK,90,71173.625
5_POINT_BLOCK,91,70944.125
5_POINT_BLOCK,92,70662.875
5_POINT_BLOCK,93,70355.25
5_POINT_BLOCK,94,70137.5
5_POINT_BLOCK,95,69982.125
5_POINT_BLOCK,96,69659.875
5_POINT_BLOCK,97,69546.5
5_POINT_BLOCK,98,69358.625
5_POINT_BLOCK,99,69233.0
5_POINT_BLOCK,100,68937.0
5_POINT_BLOCK,101,68753.125
5_POINT_BLOCK,102,68354.875
5_POINT_BLOCK,103,68122.375
5_POINT_BLOCK,104,67811.75
5_POINT_BLOCK,105,67653.375
5_POINT_BLOCK,106,67448.5
5_POINT_BLOCK,107,67190.875
5_POINT_BLOCK,108,66872.875
5_POINT_BLOCK,109,66670.0
5_POINT_BLOCK,110,66424.0
5_POINT_BLOCK,111,66213.875
5_POINT_BLOCK,112,66002.5
5_POINT_BLOCK,113,65808.5
5_POINT_BLOCK,114,65618.0
5_POINT_BLOCK,115,65393.5
5_POINT_BLOCK,116,65202.125
5_POINT_BLOCK,117,64945.125
5_POINT_BLOCK,118,64783.0
5_POINT_BLOCK,119,64575.125
5_POINT_BLOCK,120,64371.375
5_POINT_BLOCK,121,64130.375
5_POINT_BLOCK,122,63931.75
5_POINT_BLOCK,123,63807.875
5_POINT_BLOCK,124,63621.5
5_POINT_BLOCK,125,63465.25
5_POINT_BLOCK,126,63253.375
5_POINT_BLOCK,127,63123.75
5_POINT_BLOCK,128,62959.625
5_POINT_BLOCK,129,62849.25
5_POINT_BLOCK,130,62602.25
5_POINT_BLOCK,131,62459.875
5_POINT_BLOCK,132,62312.75
5_POINT_BLOCK,133,62147.125
5_POINT_BLOCK,134,61988.875
5_POINT_BLOCK,135,61887.0
5_POINT_BLOCK,136,61701.75
5_POINT_BLOCK,137,61518.875
5_POINT_BLOCK,138,61419.625
5_POINT_BLOCK,139,61157.875
5_POINT_BLOCK,140,60963.0
5_POINT_BLOCK,141,60698.875
5_POINT_BLOCK,142,60593.625
5_POINT_BLOCK,143,60386.375
5_POINT_BLOCK,144,60258.25
5_POINT_BLOCK,145,60069.75
5_POINT_BLOCK,146,59955.875
5_POINT_BLOCK,147,59836.125
5_POINT_BLOCK,148,59674.875
5_POINT_BLOCK,149,59579.625
5_POINT_BLOCK,150,59413.625
5_POINT_BLOCK,151,59290.5
5_POINT_BLOCK,152,59046.25
5_POINT_BLOCK,153,58959.0
5_POINT_BLOCK,154,58709.25
5_POINT_BLOCK,155,58595.375
5_POINT_BLOCK,156,58479.5
5_POINT_BLOCK,157,58339.875
5_POINT_BLOCK,158,58173.5
5_POINT_BLOCK,159,58006.0
5_POINT_BLOCK,160,57913.125
5_POINT_BLOCK,161,57778.625
5_POINT_BLOCK,162,57630.25
5_POINT_BLOCK,163,57453.875
5_POINT_BLOCK,164,57318.75
5_POINT_BLOCK,165,57188.875
5_POINT_BLOCK,166,57078.375
5_POINT_BLOCK,167,56951.875
5_POINT_BLOCK,168,56860.25
5_POINT_BLOCK,169,56703.125
5_POINT_BLOCK,170,56601.5
5_POINT_BLOCK,171,56424.0
5_POINT_BLOCK,172,56385.875
5_POINT_BLOCK,173,56223.125
5_POINT_BLOCK,174,56164.5
5_POINT_BLOCK,175,55978.125
5_POINT_BLOCK,176,55865.875
5_POINT_BLOCK,177,55725.375
5_POINT_BLOCK,178,55603.375
5_POINT_BLOCK,179,55462.625
5_POINT_BLOCK,180,55355.75
5_POINT_BLOCK,181,55187.875
5_POINT_BLOCK,182,55037.125
5_POINT_BLOCK,183,54937.625
5_POINT_BLOCK,184,54722.75
5_POINT_BLOCK,185,54670.0
5_POINT_BLOCK,186,54499.5
5_POINT_BLOCK,187,54306.5
5_POINT_BLOCK,188,54236.5
5_POINT_BLOCK,189,54123.25
5_POINT_BLOCK,190,54018.5
5_POINT_BLOCK,191,53900.875
5_POINT_BLOCK,192,53772.25
5_POINT_BLOCK,193,53674.25
5_POINT_BLOCK,194,53571.75
5_POINT_BLOCK,195,53404.625
5_POINT_BLOCK,196,53340.375
5_POINT_BLOCK,197,53188.5
5_POINT_BLOCK,198,53055.875
5_POINT_BLOCK,199,52962.125
5_POINT_BLOCK,200,52866.25
5_POINT_BLOCK,201,52687.0
5_POINT_BLOCK,202,52631.875
5_POINT_BLOCK,203,52544.375
5_POINT_BLOCK,204,52477.125
5_POINT_BLOCK,205,52399.5
5_POINT_BLOCK,206,52294.5
5_POINT_BLOCK,207,52153.375
5_POINT_BLOCK,208,52060.0
5_POINT_BLOCK,209,51894.625
5_POINT_BLOCK,210,51806.625
5_POINT_BLOCK,211,51729.875
5_POINT_BLOCK,212,51601.25
5_POINT_BLOCK,213,51497.375
5_POINT_BLOCK,214,51372.625
5_POINT_BLOCK,215,51216.75
5_POINT_BLOCK,216,51118.5
5_POINT_BLOCK,217,51045.0
5_POINT_BLOCK,218,50889.875
5_POINT_BLOCK,219,50824.625
5_POINT_BLOCK,220,50715.375
5_POINT_BLOCK,221,50603.25
5_POINT_BLOCK,222,50512.875
5_POINT_BLOCK,223,50413.875
5_POINT_BLOCK,224,50335.25
5_POINT_BLOCK,225,50248.375
5_POINT_BLOCK,226,50154.625
5_POINT_BLOCK,227,50107.875
5_POINT_BLOCK,228,49988.0
5_POINT_BLOCK,229,49864.625
5_POINT_BLOCK,230,49754.75
5_POINT_BLOCK,231,49701.25
5_POINT_BLOCK,232,49618.75
5_POINT_BLOCK,233,49514.5
5_POINT_BLOCK,234,49394.5
5_POINT_BLOCK,235,49336.5
5_POINT_BLOCK,236,49252.875
5_POINT_BLOCK,237,49169.375
5_POINT_BLOCK,238,49108.625
5_POINT_BLOCK,239,49000.0
5_POINT_BLOCK,240,48932.375
5_POINT_BLOCK,241,48825.5
5_POINT_BLOCK,242,48727.875
5_POINT_BLOCK,243,48628.0
5_POINT_BLOCK,244,48545.75
5_POINT_BLOCK,245,48446.25
5_POINT_BLOCK,246,48345.5
5_POINT_BLOCK,247,48272.375
5_POINT_BLOCK,248,48133.0
5_POINT_BLOCK,249,48080.0
5_POINT_BLOCK,250,47975.5
5_POINT_BLOCK,251,47927.5
5_POINT_BLOCK,252,47809.875
5_POINT_BLOCK,253,47729.375
5_POINT_BLOCK,254,47630.5
5_POINT_BLOCK,255,47557.375
5_POINT_BLOCK,256,47512.25
5_POINT_BLOCK,257,47406.125
5_POINT_BLOCK,258,47308.5
5_POINT_BLOCK,259,47212.75
5_POINT_BLOCK,260,47122.375
5_POINT_BLOCK,261,47058.375
5_POINT_BLOCK,262,46984.75
5_POINT_BLOCK,263,46917.125
5_POINT_BLOCK,264,46844.25
5_POINT_BLOCK,265,46720.125
5_POINT_BLOCK,266,46673.375
5_POINT_BLOCK,267,46613.125
5_POINT_BLOCK,268,46516.875
5_POINT_BLOCK,269,46458.5
5_POINT_BLOCK,270,46384.125
5_POINT_BLOCK,271,46337.125
5_POINT_BLOCK,272,46238.5
5_POINT_BLOCK,273,46123.375
5_POINT_BLOCK,274,46087.625
5_POINT_BLOCK,275,46033.0
5_POINT_BLOCK,276,45967.375
5_POINT_BLOCK,277,45900.0
5_POINT_BLOCK,278,45836.25
5_POINT_BLOCK,279,45763.75
5_POINT_BLOCK,280,45676.5
5_POINT_BLOCK,281,45604.0
5_POINT_BLOCK,282,45558.625
5_POINT_BLOCK,283,45503.0
5_POINT_BLOCK,284,45388.0
5_POINT_BLOCK,285,45355.125
5_POINT_BLOCK,286,45301.625
5_POINT_BLOCK,287,45230.125
5_POINT_BLOCK,288,45133.125
5_POINT_BLOCK,289,45085.25
5_POINT_BLOCK,290,45031.125
5_POINT_BLOCK,291,44957.625
5_POINT_BLOCK,292,44884.875
5_POINT_BLOCK,293,44797.5
5_POINT_BLOCK,294,44708.5
5_POINT_BLOCK,295,44657.375
5_POINT_BLOCK,296,44618.75
5_POINT_BLOCK,297,44488.75
5_POINT_BLOCK,298,44461.25
5_POINT_BLOCK,299,44370.0
5_POINT_BLOCK,300,44328.625
5_POINT_BLOCK,301,44282.5
5_POINT_BLOCK,302,44244.25
5_POINT_BLOCK,303,44194.375
5_POINT_BLOCK,304,44120.875
5_POINT_BLOCK,305,44038.125
5_POINT_BLOCK,306,43981.5
5_POINT_BLOCK,307,43908.375
5_POINT_BLOCK,308,43858.75
5_POINT_BLOCK,309,43814.625
5_POINT_BLOCK,310,43748.75
5_POINT_BLOCK,311,43676.5
5_POINT_BLOCK,312,43591.25
5_POINT_BLOCK,313,43544.75
5_POINT_BLOCK,314,43473.5
5_POINT_BLOCK,315,43421.375
5_POINT_BLOCK,316,43350.25
5_POINT_BLOCK,317,43313.875
5_POINT_BLOCK,318,43268.5
5_POINT_BLOCK,319,43181.75
5_POINT_BLOCK,320,43106.875
5_POINT_BLOCK,321,43055.625
5_POINT_BLOCK,322,42982.375
5_POINT_BLOCK,323,42937.375
5_POINT_BLOCK,324,42906.75
5_POINT_BLOCK,325,42861.625
5_POINT_BLOCK,326,42767.5
5_POINT_BLOCK,327,42716.375
5_POINT_BLOCK,328,42690.375
5_POINT_BLOCK,329,42608.75
5_POINT_BLOCK,330,42554.125
5_POINT_BLOCK,331,42488.5
5_POINT_BLOCK,332,42421.125
5_POINT_BLOCK,333,42375.25
5_POINT_BLOCK,334,42323.375
5_POINT_BLOCK,335,42263.875
5_POINT_BLOCK,336,42221.5
5_POINT_BLOCK,337,42174.875
5_POINT_BLOCK,338,42121.125
5_POINT_BLOCK,339,42053.75
5_POINT_BLOCK,340,42022.0
5_POINT_BLOCK,341,41955.625
5_POINT_BLOCK,342,41894.5
5_POINT_BLOCK,343,41851.25
5_POINT_BLOCK,344,41798.625
5_POINT_BLOCK,345,41726.0
5_POINT_BLOCK,346,41689.75
5_POINT_BLOCK,347,41597.0
5_POINT_BLOCK,348,41560.25
5_POINT_BLOCK,349,41516.25
5_POINT_BLOCK,350,41448.0
5_POINT_BLOCK,351,41396.125
5_POINT_BLOCK,352,41354.5
5_POINT_BLOCK,353,41309.75
5_POINT_BLOCK,354,41276.75
5_POINT_BLOCK,355,41221.0
5_POINT_BLOCK,356,41173.625
5_POINT_BLOCK,357,41123.375
5_POINT_BLOCK,358,41065.5
5_POINT_BLOCK,359,41038.375
5_POINT_BLOCK,360,40983.5
5_POINT_BLOCK,361,40917.625
5_POINT_BLOCK,362,40863.0
5_POINT_BLOCK,363,40822.875
5_POINT_BLOCK,364,40797.75
5_POINT_BLOCK,365,40764.75
5_POINT_BLOCK,366,40722.875
5_POINT_BLOCK,367,40665.875
5_POINT_BLOCK,368,40633.25
5_POINT_BLOCK,369,40599.375
5_POINT_BLOCK,370,40539.75
5_POINT_BLOCK,371,40515.5
5_POINT_BLOCK,372,40487.5
5_POINT_BLOCK,373,40434.875
5_POINT_BLOCK,374,40394.125
5_POINT_BLOCK,375,40367.25
5_POINT_BLOCK,376,40318.75
5_POINT_BLOCK,377,40278.75
5_POINT_BLOCK,378,40234.75
5_POINT_BLOCK,379,40179.75
5_POINT_BLOCK,380,40143.375
5_POINT_BLOCK,381,40097.75
5_POINT_BLOCK,382,40044.875
5_POINT_BLOCK,383,40009.5
5_POINT_BLOCK,384,39957.125
5_POINT_BLOCK,385,39910.75
5_POINT_BLOCK,386,39886.375
5_POINT_BLOCK,387,39828.875
5_POINT_BLOCK,388,39804.375
5_POINT_BLOCK,389,39742.75
5_POINT_BLOCK,390,39703.875
5_POINT_BLOCK,391,39675.625
5_POINT_BLOCK,392,39622.25
5_POINT_BLOCK,393,39593.5
5_POINT_BLOCK,394,39549.875
5_POINT_BLOCK,395,39514.0
5_POINT_BLOCK,396,39471.625
5_POINT_BLOCK,397,39444.25
5_POINT_BLOCK,398,39418.0
5_POINT_BLOCK,399,39373.125
5_POINT_BLOCK,400,39332.75
5_POINT_BLOCK,401,39299.5
5_POINT_BLOCK,402,39278.75
5_POINT_BLOCK,403,39250.375
5_POINT_BLOCK,404,39216.625
5_POINT_BLOCK,405,39174.5
5_POINT_BLOCK,406,39152.375
5_POINT_BLOCK,407,39127.25
5_POINT_BLOCK,408,39079.875
5_POINT_BLOCK,409,39056.125
5_POINT_BLOCK,410,39030.0
5_POINT_BLOCK,411,38974.5
5_POINT_BLOCK,412,38942.75
5_POINT_BLOCK,413,38907.75
5_POINT_BLOCK,414,38874.0
5_POINT_BLOCK,415,38836.375
5_POINT_BLOCK,416,38775.5
5_POINT_BLOCK,417,38754.375
5_POINT_BLOCK,418,38722.25
5_POINT_BLOCK,419,38694.625
5_POINT_BLOCK,420,38648.375
5_POINT_BLOCK,421,38629.375
5_POINT_BLOCK,422,38595.75
5_POINT_BLOCK,423,38560.625
5_POINT_BLOCK,424,38527.875
5_POINT_BLOCK,425,38485.125
5_POINT_BLOCK,426,38461.5
5_POINT_BLOCK,427,38422.375
5_POINT_BLOCK,428,38390.875
5_POINT_BLOCK,429,38365.25
5_POINT_BLOCK,430,38340.75
5_POINT_BLOCK,431,38305.125
5_POINT_BLOCK,432,38268.375
5_POINT_BLOCK,433,38225.25
5_POINT_BLOCK,434,38199.0
5_POINT_BLOCK,435,38163.75
5_POINT_BLOCK,436,38103.625
5_POINT_BLOCK,437,38071.0
5_POINT_BLOCK,438,38047.0
5_POINT_BLOCK,439,37995.25
5_POINT_BLOCK,440,37973.5
5_POINT_BLOCK,441,37942.25
5_POINT_BLOCK,442,37906.25
5_POINT_BLOCK,443,37880.375
5_POINT_BLOCK,444,37853.5
5_POINT_BLOCK,445,37807.5
5_POINT_BLOCK,446,37779.375
5_POINT_BLOCK,447,37745.875
5_POINT_BLOCK,448,37728.0
5_POINT_BLOCK,449,37682.0
5_POINT_BLOCK,450,37646.0
5_POINT_BLOCK,451,37628.625
5_POINT_BLOCK,452,37598.25
5_POINT_BLOCK,453,37576.25
5_POINT_BLOCK,454,37541.25
5_POINT_BLOCK,455,37516.125
5_POINT_BLOCK,456,37482.75
5_POINT_BLOCK,457,37457.75
5_POINT_BLOCK,458,37424.875
5_POINT_BLOCK,459,37399.875
5_POINT_BLOCK,460,37375.75
5_POINT_BLOCK,461,37347.125
5_POINT_BLOCK,462,37329.375
5_POINT_BLOCK,463,37297.75
5_POINT_BLOCK,464,37276.125
5_POINT_BLOCK,465,37251.125
5_POINT_BLOCK,466,37233.625
5_POINT_BLOCK,467,37193.75
5_POINT_BLOCK,468,37180.0
5_POINT_BLOCK,469,37135.75
5_POINT_BLOCK,470,37114.75
5_POINT_BLOCK,471,37087.875
5_POINT_BLOCK,472,37058.5
5_POINT_BLOCK,473,37049.875
5_POINT_BLOCK,474,37029.125
5_POINT_BLOCK,475,37002.75
5_POINT_BLOCK,476,36987.5
5_POINT_BLOCK,477,36965.875
5_POINT_BLOCK,478,36948.625
5_POINT_BLOCK,479,36919.125
5_POINT_BLOCK,480,36893.75
5_POINT_BLOCK,481,36850.625
5_POINT_BLOCK,482,36829.625
5_POINT_BLOCK,483,36797.875
5_POINT_BLOCK,484,36774.5
5_POINT_BLOCK,485,36727.125
5_POINT_BLOCK,486,36718.25
5_POINT_BLOCK,487,36692.5
5_POINT_BLOCK,488,36662.25
5_POINT_BLOCK,489,36639.75
5_POINT_BLOCK,490,36620.25
5_POINT_BLOCK,491,36602.875
5_POINT_BLOCK,492,36582.875
5_POINT_BLOCK,493,36544.875
5_POINT_BLOCK,494,36518.125
5_POINT_BLOCK,495,36470.625
5_POINT_BLOCK,496,36450.25
5_POINT_BLOCK,497,36444.0
5_POINT_BLOCK,498,36396.0
5_POINT_BLOCK,499,36380.5
5_POINT_BLOCK,500,36349.375
UNIFORM,1,135053.375
UNIFORM,2,131503.375
UNIFORM,3,130596.25
UNIFORM,4,128293.875
UNIFORM,5,126244.125
UNIFORM,6,125444.25
UNIFORM,7,124139.5
UNIFORM,8,121851.125
UNIFORM,9,120459.25
UNIFORM,10,118512.5
UNIFORM,11,117378.375
UNIFORM,12,116337.75
UNIFORM,13,114931.875
UNIFORM,14,113793.875
UNIFORM,15,113006.5
UNIFORM,16,111649.625
UNIFORM,17,109371.125
UNIFORM,18,108055.875
UNIFORM,19,106084.5
UNIFORM,20,105235.125
UNIFORM,21,103925.0
UNIFORM,22,102775.75
UNIFORM,23,101824.125
UNIFORM,24,100494.875
UNIFORM,25,99643.25
UNIFORM,26,98095.875
UNIFORM,27,97601.75
UNIFORM,28,96868.5
UNIFORM,29,95140.625
UNIFORM,30,94756.5
UNIFORM,31,94230.875
UNIFORM,32,93088.375
UNIFORM,33,92145.5
UNIFORM,34,91520.375
UNIFORM,35,90858.375
UNIFORM,36,89947.625
UNIFORM,37,89596.375
UNIFORM,38,88865.25
UNIFORM,39,88138.0
UNIFORM,40,87742.0
UNIFORM,41,87373.625
UNIFORM,42,86647.5
UNIFORM,43,86071.125
UNIFORM,44,85717.125
UNIFORM,45,85459.0
UNIFORM,46,84705.0
UNIFORM,47,84330.75
UNIFORM,48,84080.75
UNIFORM,49,83750.5
UNIFORM,50,83266.375
UNIFORM,51,83026.25
UNIFORM,52,82476.75
UNIFORM,53,82231.125
UNIFORM,54,81934.0
UNIFORM,55,81523.375
UNIFORM,56,80888.375
UNIFORM,57,80747.125
UNIFORM,58,80438.125
UNIFORM,59,80017.125
UNIFORM,60,79761.75
UNIFORM,61,79439.375
UNIFORM,62,79179.875
UNIFORM,63,78699.75
UNIFORM,64,78435.125
UNIFORM,65,78169.375
UNIFORM,66,77881.0
UNIFORM,67,77490.5
UNIFORM,68,77250.875
UNIFORM,69,76668.625
UNIFORM,70,76567.375
UNIFORM,71,76136.625
UNIFORM,72,75857.375
UNIFORM,73,75554.5
UNIFORM,74,75247.375
UNIFORM,75,75021.625
UNIFORM,76,74737.375
UNIFORM,77,74483.5
UNIFORM,78,74080.75
UNIFORM,79,73848.75
UNIFORM,80,73654.375
UNIFORM,81,73247.625
UNIFORM,82,72987.75
UNIFORM,83,72784.75
UNIFORM,84,72370.625
UNIFORM,85,72274.25
UNIFORM,86,72073.0
UNIFORM,87,71747.875
UNIFORM,88,71568.875
UNIFORM,89,71414.0
UNIFORM,90,71080.5
UNIFORM,91,70789.5
UNIFORM,92,70624.625
UNIFORM,93,70366.0
UNIFORM,94,70090.625
UNIFORM,95,69779.5
UNIFORM,96,69580.5
UNIFORM,97,69398.0
UNIFORM,98,69185.5
UNIFORM,99,68869.0
UNIFORM,100,68580.5
UNIFORM,101,68238.375
UNIFORM,102,67976.875
UNIFORM,103,67715.5
UNIFORM,104,67514.0
UNIFORM,105,67206.375
UNIFORM,106,66957.375
UNIFORM,107,66748.375
UNIFORM,108,66566.75
UNIFORM,109,66373.0
UNIFORM,110,66185.625
UNIFORM,111,65875.25
UNIFORM,112,65640.25
UNIFORM,113,65439.0
UNIFORM,114,65248.375
UNIFORM,115,65094.0
UNIFORM,116,64873.875
UNIFORM,117,64638.125
UNIFORM,118,64398.0
UNIFORM,119,64258.25
UNIFORM,120,63955.375
UNIFORM,121,63762.125
UNIFORM,122,63630.375
UNIFORM,123,63397.875
UNIFORM,124,63226.625
UNIFORM,125,63053.75
UNIFORM,126,62794.375
UNIFORM,127,62599.625
UNIFORM,128,62319.75
UNIFORM,129,62178.5
UNIFORM,130,61964.25
UNIFORM,131,61804.75
UNIFORM,132,61683.25
UNIFORM,133,61504.875
UNIFORM,134,61262.875
UNIFORM,135,61172.125
UNIFORM,136,60968.625
UNIFORM,137,60771.0
UNIFORM,138,60595.75
UNIFORM,139,60377.125
UNIFORM,140,60231.875
UNIFORM,141,59904.75
UNIFORM,142,59757.75
UNIFORM,143,59570.375
UNIFORM,144,59333.875
UNIFORM,145,59203.125
UNIFORM,146,58967.25
UNIFORM,147,58740.375
UNIFORM,148,58567.5
UNIFORM,149,58379.625
UNIFORM,150,58205.75
UNIFORM,151,58035.875
UNIFORM,152,57841.375
UNIFORM,153,57668.75
UNIFORM,154,57491.875
UNIFORM,155,57403.5
UNIFORM,156,57284.0
UNIFORM,157,57112.625
UNIFORM,158,57035.625
UNIFORM,159,56918.375
UNIFORM,160,56835.75
UNIFORM,161,56688.375
UNIFORM,162,56458.0
UNIFORM,163,56359.375
UNIFORM,164,56244.5
UNIFORM,165,56009.75
UNIFORM,166,55919.125
UNIFORM,167,55776.0
UNIFORM,168,55682.0
UNIFORM,169,55572.625
UNIFORM,170,55348.25
UNIFORM,171,55242.75
UNIFORM,172,54997.5
UNIFORM,173,54877.75
UNIFORM,174,54689.75
UNIFORM,175,54571.625
UNIFORM,176,54411.75
UNIFORM,177,54246.375
UNIFORM,178,54059.875
UNIFORM,179,53940.75
UNIFORM,180,53835.5
UNIFORM,181,53716.125
UNIFORM,182,53539.625
UNIFORM,183,53443.5
UNIFORM,184,53289.5
UNIFORM,185,53164.75
UNIFORM,186,53054.5
UNIFORM,187,52922.25
UNIFORM,188,52794.875
UNIFORM,189,52693.5
UNIFORM,190,52500.375
UNIFORM,191,52362.75
UNIFORM,192,52243.375
UNIFORM,193,52059.125
UNIFORM,194,51906.125
UNIFORM,195,51787.125
UNIFORM,196,51672.625
UNIFORM,197,51541.5
UNIFORM,198,51380.125
UNIFORM,199,51217.0
UNIFORM,200,51105.0
UNIFORM,201,50986.875
UNIFORM,202,50895.875
UNIFORM,203,50805.875
UNIFORM,204,50670.0
UNIFORM,205,50512.625
UNIFORM,206,50420.5
UNIFORM,207,50353.375
UNIFORM,208,50201.375
UNIFORM,209,50133.375
UNIFORM,210,50021.25
UNIFORM,211,49924.75
UNIFORM,212,49843.375
UNIFORM,213,49723.125
UNIFORM,214,49607.0
UNIFORM,215,49459.5
UNIFORM,216,49379.0
UNIFORM,217,49183.375
UNIFORM,218,49151.375
UNIFORM,219,49030.625
UNIFORM,220,48957.125
UNIFORM,221,48832.625
UNIFORM,222,48719.75
UNIFORM,223,48644.0
UNIFORM,224,48528.125
UNIFORM,225,48454.625
UNIFORM,226,48386.625
UNIFORM,227,48307.0
UNIFORM,228,48157.125
UNIFORM,229,48123.875
UNIFORM,230,48019.0
UNIFORM,231,47923.5
UNIFORM,232,47866.0
UNIFORM,233,47719.625
UNIFORM,234,47641.875
UNIFORM,235,47561.25
UNIFORM,236,47420.125
UNIFORM,237,47351.25
UNIFORM,238,47266.0
UNIFORM,239,47188.5
UNIFORM,240,47096.75
UNIFORM,241,46959.0
UNIFORM,242,46885.625
UNIFORM,243,46835.125
UNIFORM,244,46675.875
UNIFORM,245,46625.75
UNIFORM,246,46491.875
UNIFORM,247,46393.75
UNIFORM,248,46306.625
UNIFORM,249,46224.625
UNIFORM,250,46131.625
UNIFORM,251,46033.0
UNIFORM,252,45955.875
UNIFORM,253,45916.625
UNIFORM,254,45786.0
UNIFORM,255,45730.75
UNIFORM,256,45671.75
UNIFORM,257,45613.25
UNIFORM,258,45532.0
UNIFORM,259,45446.25
UNIFORM,260,45399.25
UNIFORM,261,45325.375
UNIFORM,262,45231.375
UNIFORM,263,45124.625
UNIFORM,264,45052.5
UNIFORM,265,44955.25
UNIFORM,266,44868.125
UNIFORM,267,44771.75
UNIFORM,268,44704.5
UNIFORM,269,44600.25
UNIFORM,270,44542.25
UNIFORM,271,44448.25
UNIFORM,272,44385.0
UNIFORM,273,44270.875
UNIFORM,274,44193.625
UNIFORM,275,44096.375
UNIFORM,276,44035.5
UNIFORM,277,43966.25
UNIFORM,278,43863.5
UNIFORM,279,43816.375
UNIFORM,280,43730.5
UNIFORM,281,43629.125
UNIFORM,282,43556.0
UNIFORM,283,43494.25
UNIFORM,284,43405.125
UNIFORM,285,43357.125
UNIFORM,286,43290.625
UNIFORM,287,43239.125
UNIFORM,288,43173.625
UNIFORM,289,43095.875
UNIFORM,290,43061.375
UNIFORM,291,43001.5
UNIFORM,292,42949.625
UNIFORM,293,42877.0
UNIFORM,294,42804.375
UNIFORM,295,42731.5
UNIFORM,296,42696.75
UNIFORM,297,42621.375
UNIFORM,298,42571.75
UNIFORM,299,42509.375
UNIFORM,300,42435.125
UNIFORM,301,42384.625
UNIFORM,302,42284.75
UNIFORM,303,42253.125
UNIFORM,304,42160.25
UNIFORM,305,42119.75
UNIFORM,306,42069.5
UNIFORM,307,41966.625
UNIFORM,308,41936.0
UNIFORM,309,41876.0
UNIFORM,310,41825.75
UNIFORM,311,41753.125
UNIFORM,312,41691.375
UNIFORM,313,41606.125
UNIFORM,314,41570.0
UNIFORM,315,41528.25
UNIFORM,316,41435.0
UNIFORM,317,41375.25
UNIFORM,318,41304.375
UNIFORM,319,41232.25
UNIFORM,320,41216.375
UNIFORM,321,41136.625
UNIFORM,322,41064.5
UNIFORM,323,41002.875
UNIFORM,324,40958.0
UNIFORM,325,40886.625
UNIFORM,326,40848.875
UNIFORM,327,40793.75
UNIFORM,328,40725.25
UNIFORM,329,40702.375
UNIFORM,330,40633.25
UNIFORM,331,40556.375
UNIFORM,332,40526.25
UNIFORM,333,40469.875
UNIFORM,334,40394.5
UNIFORM,335,40349.125
UNIFORM,336,40295.125
UNIFORM,337,40252.625
UNIFORM,338,40198.625
UNIFORM,339,40157.375
UNIFORM,340,40096.75
UNIFORM,341,40046.75
UNIFORM,342,39993.25
UNIFORM,343,39941.625
UNIFORM,344,39875.25
UNIFORM,345,39832.625
UNIFORM,346,39783.375
UNIFORM,347,39720.5
UNIFORM,348,39658.25
UNIFORM,349,39624.75
UNIFORM,350,39570.125
UNIFORM,351,39516.25
UNIFORM,352,39478.5
UNIFORM,353,39423.875
UNIFORM,354,39387.625
UNIFORM,355,39336.125
UNIFORM,356,39302.25
UNIFORM,357,39227.25
UNIFORM,358,39197.25
UNIFORM,359,39165.875
UNIFORM,360,39108.625
UNIFORM,361,39065.875
UNIFORM,362,39039.75
UNIFORM,363,39022.375
UNIFORM,364,38994.375
UNIFORM,365,38950.25
UNIFORM,366,38913.25
UNIFORM,367,38881.5
UNIFORM,368,38854.5
UNIFORM,369,38816.625
UNIFORM,370,38786.125
UNIFORM,371,38731.75
UNIFORM,372,38695.875
UNIFORM,373,38628.75
UNIFORM,374,38598.0
UNIFORM,375,38548.125
UNIFORM,376,38522.75
UNIFORM,377,38489.0
UNIFORM,378,38463.75
UNIFORM,379,38425.375
UNIFORM,380,38389.25
UNIFORM,381,38352.5
UNIFORM,382,38312.625
UNIFORM,383,38292.5
UNIFORM,384,38250.125
UNIFORM,385,38193.875
UNIFORM,386,38172.625
UNIFORM,387,38144.0
UNIFORM,388,38088.0
UNIFORM,389,38062.25
UNIFORM,390,38045.75
UNIFORM,391,37997.5
UNIFORM,392,37959.0
UNIFORM,393,37878.125
UNIFORM,394,37847.75
UNIFORM,395,37836.75
UNIFORM,396,37800.75
UNIFORM,397,37763.875
UNIFORM,398,37738.75
UNIFORM,399,37689.75
UNIFORM,400,37664.0
UNIFORM,401,37636.0
UNIFORM,402,37601.625
UNIFORM,403,37579.25
UNIFORM,404,37539.375
UNIFORM,405,37509.875
UNIFORM,406,37477.875
UNIFORM,407,37427.5
UNIFORM,408,37404.375
UNIFORM,409,37367.625
UNIFORM,410,37345.0
UNIFORM,411,37324.875
UNIFORM,412,37267.125
UNIFORM,413,37252.75
UNIFORM,414,37220.375
UNIFORM,415,37197.125
UNIFORM,416,37176.125
UNIFORM,417,37139.75
UNIFORM,418,37119.375
UNIFORM,419,37090.0
UNIFORM,420,37056.5
UNIFORM,421,37035.875
UNIFORM,422,37016.75
UNIFORM,423,36983.625
UNIFORM,424,36940.875
UNIFORM,425,36914.75
UNIFORM,426,36883.25
UNIFORM,427,36839.25
UNIFORM,428,36804.75
UNIFORM,429,36782.625
UNIFORM,430,36761.0
UNIFORM,431,36726.375
UNIFORM,432,36694.375
UNIFORM,433,36672.875
UNIFORM,434,36628.875
UNIFORM,435,36617.0
UNIFORM,436,36589.25
UNIFORM,437,36558.25
UNIFORM,438,36524.875
UNIFORM,439,36504.875
UNIFORM,440,36474.75
UNIFORM,441,36464.25
UNIFORM,442,36436.625
UNIFORM,443,36398.125
UNIFORM,444,36383.5
UNIFORM,445,36362.125
UNIFORM,446,36338.875
UNIFORM,447,36309.5
UNIFORM,448,36284.0
UNIFORM,449,36261.375
UNIFORM,450,36231.375
UNIFORM,451,36210.625
UNIFORM,452,36167.625
UNIFORM,453,36135.0
UNIFORM,454,36119.0
UNIFORM,455,36083.125
UNIFORM,456,36062.0
UNIFORM,457,36034.0
UNIFORM,458,36009.0
UNIFORM,459,35976.25
UNIFORM,460,35963.875
UNIFORM,461,35927.5
UNIFORM,462,35898.25
UNIFORM,463,35872.5
UNIFORM,464,35837.0
UNIFORM,465,35800.0
UNIFORM,466,35777.0
UNIFORM,467,35753.125
UNIFORM,468,35742.75
UNIFORM,469,35700.0
UNIFORM,470,35677.375
UNIFORM,471,35649.25
UNIFORM,472,35633.625
UNIFORM,473,35616.0
UNIFORM,474,35604.625
UNIFORM,475,35573.5
UNIFORM,476,35537.375
UNIFORM,477,35526.25
UNIFORM,478,35502.75
UNIFORM,479,35485.125
UNIFORM,480,35433.625
UNIFORM,481,35422.875
UNIFORM,482,35414.375
UNIFORM,483,35391.375
UNIFORM,484,35363.5
UNIFORM,485,35345.875
UNIFORM,486,35319.5
UNIFORM,487,35299.875
UNIFORM,488,35273.0
UNIFORM,489,35238.375
UNIFORM,490,35224.125
UNIFORM,491,35199.25
UNIFORM,492,35170.25
UNIFORM,493,35148.5
UNIFORM,494,35134.25
UNIFORM,495,35109.75
UNIFORM,496,35086.625
UNIFORM,497,35069.375
UNIFORM,498,35061.0
UNIFORM,499,35051.125
UNIFORM,500,35036.0
UNIFORM_BLOCK,1,135439.375
UNIFORM_BLOCK,2,131528.25
UNIFORM_BLOCK,3,127487.5
UNIFORM_BLOCK,4,123053.375
UNIFORM_BLOCK,5,121129.75
UNIFORM_BLOCK,6,119217.375
UNIFORM_BLOCK,7,115751.25
UNIFORM_BLOCK,8,112854.375
UNIFORM_BLOCK,9,110610.5
UNIFORM_BLOCK,10,108872.0
UNIFORM_BLOCK,11,106251.375
UNIFORM_BLOCK,12,104227.0
UNIFORM_BLOCK,13,102226.5
UNIFORM_BLOCK,14,100405.875
UNIFORM_BLOCK,15,98564.375
UNIFORM_BLOCK,16,97806.25
UNIFORM_BLOCK,17,96166.75
UNIFORM_BLOCK,18,93991.125
UNIFORM_BLOCK,19,93332.25
UNIFORM_BLOCK,20,91263.0
UNIFORM_BLOCK,21,90481.375
UNIFORM_BLOCK,22,89247.75
UNIFORM_BLOCK,23,88221.0
UNIFORM_BLOCK,24,87264.875
UNIFORM_BLOCK,25,86668.25
UNIFORM_BLOCK,26,85680.75
UNIFORM_BLOCK,27,84469.875
UNIFORM_BLOCK,28,83854.25
UNIFORM_BLOCK,29,82825.375
UNIFORM_BLOCK,30,82550.75
UNIFORM_BLOCK,31,81811.0
UNIFORM_BLOCK,32,81194.25
UNIFORM_BLOCK,33,80632.0
UNIFORM_BLOCK,34,80167.125
UNIFORM_BLOCK,35,79664.375
UNIFORM_BLOCK,36,79136.375
UNIFORM_BLOCK,37,78836.25
UNIFORM_BLOCK,38,78543.5
UNIFORM_BLOCK,39,78196.875
UNIFORM_BLOCK,40,77794.75
UNIFORM_BLOCK,41,77180.5
UNIFORM_BLOCK,42,76908.0
UNIFORM_BLOCK,43,76767.5
UNIFORM_BLOCK,44,76215.625
UNIFORM_BLOCK,45,75755.0
UNIFORM_BLOCK,46,75424.75
UNIFORM_BLOCK,47,75171.375
UNIFORM_BLOCK,48,74790.625
UNIFORM_BLOCK,49,74482.125
UNIFORM_BLOCK,50,74180.375
UNIFORM_BLOCK,51,73868.25
UNIFORM_BLOCK,52,73487.375
UNIFORM_BLOCK,53,73119.5
UNIFORM_BLOCK,54,73010.125
UNIFORM_BLOCK,55,72741.5
UNIFORM_BLOCK,56,72498.5
UNIFORM_BLOCK,57,72251.25
UNIFORM_BLOCK,58,71894.125
UNIFORM_BLOCK,59,71687.125
UNIFORM_BLOCK,60,71460.5
UNIFORM_BLOCK,61,71121.75
UNIFORM_BLOCK,62,70749.25
UNIFORM_BLOCK,63,70559.375
UNIFORM_BLOCK,64,70415.875
UNIFORM_BLOCK,65,70164.25
UNIFORM_BLOCK,66,69755.75
UNIFORM_BLOCK,67,69523.625
UNIFORM_BLOCK,68,69379.5
UNIFORM_BLOCK,69,69197.25
UNIFORM_BLOCK,70,68797.125
UNIFORM_BLOCK,71,68603.875
UNIFORM_BLOCK,72,68382.375
UNIFORM_BLOCK,73,68005.875
UNIFORM_BLOCK,74,67772.625
UNIFORM_BLOCK,75,67535.875
UNIFORM_BLOCK,76,67339.625
UNIFORM_BLOCK,77,67010.25
UNIFORM_BLOCK,78,66684.25
UNIFORM_BLOCK,79,66410.25
UNIFORM_BLOCK,80,66198.625
UNIFORM_BLOCK,81,66010.5
UNIFORM_BLOCK,82,65756.875
UNIFORM_BLOCK,83,65393.125
UNIFORM_BLOCK,84,65246.375
UNIFORM_BLOCK,85,64963.75
UNIFORM_BLOCK,86,64744.0
UNIFORM_BLOCK,87,64505.0
UNIFORM_BLOCK,88,64289.375
UNIFORM_BLOCK,89,64013.75
UNIFORM_BLOCK,90,63804.5
UNIFORM_BLOCK,91,63616.125
UNIFORM_BLOCK,92,63466.0
UNIFORM_BLOCK,93,63161.125
UNIFORM_BLOCK,94,62936.125
UNIFORM_BLOCK,95,62726.0
UNIFORM_BLOCK,96,62493.625
UNIFORM_BLOCK,97,62229.0
UNIFORM_BLOCK,98,61973.125
UNIFORM_BLOCK,99,61662.875
UNIFORM_BLOCK,100,61551.875
UNIFORM_BLOCK,101,61372.625
UNIFORM_BLOCK,102,61198.125
UNIFORM_BLOCK,103,60948.25
UNIFORM_BLOCK,104,60772.625
UNIFORM_BLOCK,105,60558.0
UNIFORM_BLOCK,106,60366.75
UNIFORM_BLOCK,107,60103.25
UNIFORM_BLOCK,108,59920.0
UNIFORM_BLOCK,109,59689.875
UNIFORM_BLOCK,110,59505.75
UNIFORM_BLOCK,111,59313.25
UNIFORM_BLOCK,112,59140.75
UNIFORM_BLOCK,113,58932.0
UNIFORM_BLOCK,114,58767.5
UNIFORM_BLOCK,115,58608.75
UNIFORM_BLOCK,116,58444.0
UNIFORM_BLOCK,117,58265.0
UNIFORM_BLOCK,118,58043.625
UNIFORM_BLOCK,119,57911.375
UNIFORM_BLOCK,120,57744.125
UNIFORM_BLOCK,121,57572.5
UNIFORM_BLOCK,122,57491.25
UNIFORM_BLOCK,123,57245.125
UNIFORM_BLOCK,124,57157.75
UNIFORM_BLOCK,125,56965.0
UNIFORM_BLOCK,126,56838.125
UNIFORM_BLOCK,127,56638.375
UNIFORM_BLOCK,128,56459.5
UNIFORM_BLOCK,129,56325.0
UNIFORM_BLOCK,130,56216.875
UNIFORM_BLOCK,131,56077.75
UNIFORM_BLOCK,132,55878.75
UNIFORM_BLOCK,133,55573.25
UNIFORM_BLOCK,134,55510.875
UNIFORM_BLOCK,135,55279.375
UNIFORM_BLOCK,136,55208.625
UNIFORM_BLOCK,137,54962.75
UNIFORM_BLOCK,138,54880.125
UNIFORM_BLOCK,139,54686.0
UNIFORM_BLOCK,140,54505.75
UNIFORM_BLOCK,141,54336.625
UNIFORM_BLOCK,142,54180.5
UNIFORM_BLOCK,143,54061.75
UNIFORM_BLOCK,144,53917.0
UNIFORM_BLOCK,145,53825.625
UNIFORM_BLOCK,146,53669.75
UNIFORM_BLOCK,147,53552.875
UNIFORM_BLOCK,148,53424.25
UNIFORM_BLOCK,149,53287.25
UNIFORM_BLOCK,150,53203.0
UNIFORM_BLOCK,151,53021.125
UNIFORM_BLOCK,152,52907.75
UNIFORM_BLOCK,153,52765.75
UNIFORM_BLOCK,154,52618.375
UNIFORM_BLOCK,155,52501.5
UNIFORM_BLOCK,156,52353.5
UNIFORM_BLOCK,157,52170.375
UNIFORM_BLOCK,158,52100.25
UNIFORM_BLOCK,159,51971.75
UNIFORM_BLOCK,160,51870.75
UNIFORM_BLOCK,161,51689.375
UNIFORM_BLOCK,162,51580.875
UNIFORM_BLOCK,163,51462.75
UNIFORM_BLOCK,164,51311.875
UNIFORM_BLOCK,165,51248.375
UNIFORM_BLOCK,166,51124.5
UNIFORM_BLOCK,167,51002.5
UNIFORM_BLOCK,168,50925.5
UNIFORM_BLOCK,169,50722.375
UNIFORM_BLOCK,170,50607.5
UNIFORM_BLOCK,171,50491.625
UNIFORM_BLOCK,172,50326.125
UNIFORM_BLOCK,173,50252.5
UNIFORM_BLOCK,174,50168.0
UNIFORM_BLOCK,175,50052.875
UNIFORM_BLOCK,176,49896.625
UNIFORM_BLOCK,177,49790.5
UNIFORM_BLOCK,178,49727.75
UNIFORM_BLOCK,179,49577.5
UNIFORM_BLOCK,180,49519.5
UNIFORM_BLOCK,181,49386.125
UNIFORM_BLOCK,182,49260.875
UNIFORM_BLOCK,183,49172.0
UNIFORM_BLOCK,184,49056.125
UNIFORM_BLOCK,185,48912.0
UNIFORM_BLOCK,186,48802.5
UNIFORM_BLOCK,187,48652.875
UNIFORM_BLOCK,188,48589.25
UNIFORM_BLOCK,189,48489.25
UNIFORM_BLOCK,190,48438.875
UNIFORM_BLOCK,191,48296.25
UNIFORM_BLOCK,192,48222.625
UNIFORM_BLOCK,193,48094.5
UNIFORM_BLOCK,194,47970.875
UNIFORM_BLOCK,195,47881.75
UNIFORM_BLOCK,196,47801.75
UNIFORM_BLOCK,197,47649.875
UNIFORM_BLOCK,198,47540.125
UNIFORM_BLOCK,199,47430.375
UNIFORM_BLOCK,200,47308.75
UNIFORM_BLOCK,201,47194.125
UNIFORM_BLOCK,202,47114.625
UNIFORM_BLOCK,203,47010.25
UNIFORM_BLOCK,204,46899.875
UNIFORM_BLOCK,205,46813.625
UNIFORM_BLOCK,206,46735.625
UNIFORM_BLOCK,207,46644.375
UNIFORM_BLOCK,208,46509.0
UNIFORM_BLOCK,209,46406.5
UNIFORM_BLOCK,210,46323.25
UNIFORM_BLOCK,211,46193.375
UNIFORM_BLOCK,212,46145.875
UNIFORM_BLOCK,213,46044.75
UNIFORM_BLOCK,214,45977.75
UNIFORM_BLOCK,215,45893.25
UNIFORM_BLOCK,216,45748.125
UNIFORM_BLOCK,217,45722.75
UNIFORM_BLOCK,218,45658.375
UNIFORM_BLOCK,219,45597.75
UNIFORM_BLOCK,220,45519.875
UNIFORM_BLOCK,221,45445.25
UNIFORM_BLOCK,222,45370.0
UNIFORM_BLOCK,223,45292.125
UNIFORM_BLOCK,224,45200.5
UNIFORM_BLOCK,225,45129.5
UNIFORM_BLOCK,226,45092.0
UNIFORM_BLOCK,227,44991.75
UNIFORM_BLOCK,228,44916.625
UNIFORM_BLOCK,229,44859.75
UNIFORM_BLOCK,230,44751.125
UNIFORM_BLOCK,231,44664.0
UNIFORM_BLOCK,232,44588.75
UNIFORM_BLOCK,233,44517.625
UNIFORM_BLOCK,234,44421.375
UNIFORM_BLOCK,235,44350.375
UNIFORM_BLOCK,236,44290.625
UNIFORM_BLOCK,237,44213.75
UNIFORM_BLOCK,238,44145.5
UNIFORM_BLOCK,239,44086.625
UNIFORM_BLOCK,240,43977.25
UNIFORM_BLOCK,241,43921.125
UNIFORM_BLOCK,242,43864.625
UNIFORM_BLOCK,243,43813.5
UNIFORM_BLOCK,244,43708.75
UNIFORM_BLOCK,245,43620.875
UNIFORM_BLOCK,246,43563.625
UNIFORM_BLOCK,247,43443.0
UNIFORM_BLOCK,248,43393.125
UNIFORM_BLOCK,249,43328.25
UNIFORM_BLOCK,250,43240.125
UNIFORM_BLOCK,251,43200.25
UNIFORM_BLOCK,252,43129.375
UNIFORM_BLOCK,253,43047.125
UNIFORM_BLOCK,254,42982.0
UNIFORM_BLOCK,255,42904.375
UNIFORM_BLOCK,256,42865.75
UNIFORM_BLOCK,257,42792.875
UNIFORM_BLOCK,258,42741.0
UNIFORM_BLOCK,259,42683.625
UNIFORM_BLOCK,260,42637.875
UNIFORM_BLOCK,261,42561.625
UNIFORM_BLOCK,262,42497.75
UNIFORM_BLOCK,263,42448.625
UNIFORM_BLOCK,264,42378.625
UNIFORM_BLOCK,265,42302.25
UNIFORM_BLOCK,266,42263.75
UNIFORM_BLOCK,267,42196.125
UNIFORM_BLOCK,268,42106.75
UNIFORM_BLOCK,269,42064.375
UNIFORM_BLOCK,270,42007.625
UNIFORM_BLOCK,271,41948.5
UNIFORM_BLOCK,272,41887.125
UNIFORM_BLOCK,273,41821.125
UNIFORM_BLOCK,274,41774.375
UNIFORM_BLOCK,275,41722.5
UNIFORM_BLOCK,276,41664.125
UNIFORM_BLOCK,277,41616.375
UNIFORM_BLOCK,278,41559.0
UNIFORM_BLOCK,279,41494.25
UNIFORM_BLOCK,280,41396.875
UNIFORM_BLOCK,281,41362.375
UNIFORM_BLOCK,282,41326.875
UNIFORM_BLOCK,283,41259.625
UNIFORM_BLOCK,284,41220.0
UNIFORM_BLOCK,285,41144.5
UNIFORM_BLOCK,286,41103.625
UNIFORM_BLOCK,287,41054.75
UNIFORM_BLOCK,288,41002.5
UNIFORM_BLOCK,289,40950.75
UNIFORM_BLOCK,290,40917.75
UNIFORM_BLOCK,291,40864.625
UNIFORM_BLOCK,292,40820.625
UNIFORM_BLOCK,293,40765.875
UNIFORM_BLOCK,294,40730.0
UNIFORM_BLOCK,295,40642.5
UNIFORM_BLOCK,296,40602.0
UNIFORM_BLOCK,297,40560.5
UNIFORM_BLOCK,298,40486.5
UNIFORM_BLOCK,299,40443.625
UNIFORM_BLOCK,300,40395.875
UNIFORM_BLOCK,301,40351.5
UNIFORM_BLOCK,302,40307.375
UNIFORM_BLOCK,303,40239.75
UNIFORM_BLOCK,304,40194.375
UNIFORM_BLOCK,305,40134.25
UNIFORM_BLOCK,306,40070.375
UNIFORM_BLOCK,307,40037.625
UNIFORM_BLOCK,308,39998.625
UNIFORM_BLOCK,309,39961.5
UNIFORM_BLOCK,310,39913.5
UNIFORM_BLOCK,311,39834.5
UNIFORM_BLOCK,312,39810.125
UNIFORM_BLOCK,313,39762.625
UNIFORM_BLOCK,314,39695.625
UNIFORM_BLOCK,315,39661.125
UNIFORM_BLOCK,316,39635.125
UNIFORM_BLOCK,317,39560.5
UNIFORM_BLOCK,318,39536.125
UNIFORM_BLOCK,319,39484.625
UNIFORM_BLOCK,320,39448.375
UNIFORM_BLOCK,321,39408.625
UNIFORM_BLOCK,322,39365.25
UNIFORM_BLOCK,323,39325.625
UNIFORM_BLOCK,324,39274.5
UNIFORM_BLOCK,325,39242.75
UNIFORM_BLOCK,326,39218.0
UNIFORM_BLOCK,327,39169.75
UNIFORM_BLOCK,328,39124.75
UNIFORM_BLOCK,329,39084.75
UNIFORM_BLOCK,330,39046.25
UNIFORM_BLOCK,331,38998.125
UNIFORM_BLOCK,332,38970.875
UNIFORM_BLOCK,333,38923.375
UNIFORM_BLOCK,334,38885.75
UNIFORM_BLOCK,335,38847.125
UNIFORM_BLOCK,336,38815.75
UNIFORM_BLOCK,337,38786.5
UNIFORM_BLOCK,338,38734.875
UNIFORM_BLOCK,339,38674.875
UNIFORM_BLOCK,340,38625.875
UNIFORM_BLOCK,341,38608.25
UNIFORM_BLOCK,342,38532.125
UNIFORM_BLOCK,343,38499.25
UNIFORM_BLOCK,344,38466.375
UNIFORM_BLOCK,345,38437.625
UNIFORM_BLOCK,346,38397.0
UNIFORM_BLOCK,347,38366.0
UNIFORM_BLOCK,348,38336.875
UNIFORM_BLOCK,349,38307.125
UNIFORM_BLOCK,350,38256.5
UNIFORM_BLOCK,351,38213.625
UNIFORM_BLOCK,352,38176.375
UNIFORM_BLOCK,353,38107.0
UNIFORM_BLOCK,354,38074.375
UNIFORM_BLOCK,355,38001.125
UNIFORM_BLOCK,356,37982.875
UNIFORM_BLOCK,357,37933.0
UNIFORM_BLOCK,358,37866.375
UNIFORM_BLOCK,359,37797.25
UNIFORM_BLOCK,360,37779.875
UNIFORM_BLOCK,361,37740.875
UNIFORM_BLOCK,362,37714.75
UNIFORM_BLOCK,363,37669.5
UNIFORM_BLOCK,364,37631.25
UNIFORM_BLOCK,365,37590.5
UNIFORM_BLOCK,366,37544.25
UNIFORM_BLOCK,367,37503.375
UNIFORM_BLOCK,368,37472.0
UNIFORM_BLOCK,369,37438.0
UNIFORM_BLOCK,370,37414.0
UNIFORM_BLOCK,371,37375.875
UNIFORM_BLOCK,372,37345.375
UNIFORM_BLOCK,373,37320.25
UNIFORM_BLOCK,374,37269.0
UNIFORM_BLOCK,375,37243.25
UNIFORM_BLOCK,376,37213.375
UNIFORM_BLOCK,377,37177.625
UNIFORM_BLOCK,378,37142.0
UNIFORM_BLOCK,379,37117.25
UNIFORM_BLOCK,380,37071.75
UNIFORM_BLOCK,381,37041.375
UNIFORM_BLOCK,382,37020.25
UNIFORM_BLOCK,383,36994.75
UNIFORM_BLOCK,384,36966.75
UNIFORM_BLOCK,385,36925.375
UNIFORM_BLOCK,386,36910.0
UNIFORM_BLOCK,387,36852.5
UNIFORM_BLOCK,388,36839.375
UNIFORM_BLOCK,389,36803.5
UNIFORM_BLOCK,390,36763.0
UNIFORM_BLOCK,391,36744.125
UNIFORM_BLOCK,392,36698.25
UNIFORM_BLOCK,393,36656.875
UNIFORM_BLOCK,394,36631.0
UNIFORM_BLOCK,395,36589.75
UNIFORM_BLOCK,396,36572.875
UNIFORM_BLOCK,397,36548.25
UNIFORM_BLOCK,398,36513.25
UNIFORM_BLOCK,399,36459.875
UNIFORM_BLOCK,400,36421.75
UNIFORM_BLOCK,401,36401.5
UNIFORM_BLOCK,402,36363.25
UNIFORM_BLOCK,403,36318.625
UNIFORM_BLOCK,404,36302.25
UNIFORM_BLOCK,405,36262.25
UNIFORM_BLOCK,406,36253.5
UNIFORM_BLOCK,407,36220.625
UNIFORM_BLOCK,408,36188.0
UNIFORM_BLOCK,409,36165.0
UNIFORM_BLOCK,410,36124.125
UNIFORM_BLOCK,411,36105.75
UNIFORM_BLOCK,412,36080.125
UNIFORM_BLOCK,413,36048.375
UNIFORM_BLOCK,414,36019.875
UNIFORM_BLOCK,415,35992.125
UNIFORM_BLOCK,416,35973.0
UNIFORM_BLOCK,417,35943.0
UNIFORM_BLOCK,418,35917.0
UNIFORM_BLOCK,419,35888.375
UNIFORM_BLOCK,420,35852.625
UNIFORM_BLOCK,421,35818.125
UNIFORM_BLOCK,422,35793.375
UNIFORM_BLOCK,423,35761.125
UNIFORM_BLOCK,424,35745.0
UNIFORM_BLOCK,425,35727.875
UNIFORM_BLOCK,426,35707.375
UNIFORM_BLOCK,427,35689.875
UNIFORM_BLOCK,428,35663.0
UNIFORM_BLOCK,429,35646.5
UNIFORM_BLOCK,430,35632.25
UNIFORM_BLOCK,431,35588.25
UNIFORM_BLOCK,432,35568.0
UNIFORM_BLOCK,433,35549.25
UNIFORM_BLOCK,434,35517.875
UNIFORM_BLOCK,435,35487.625
UNIFORM_BLOCK,436,35453.875
UNIFORM_BLOCK,437,35446.5
UNIFORM_BLOCK,438,35416.875
UNIFORM_BLOCK,439,35392.75
UNIFORM_BLOCK,440,35371.125
UNIFORM_BLOCK,441,35356.25
UNIFORM_BLOCK,442,35349.125
UNIFORM_BLOCK,443,35328.5
UNIFORM_BLOCK,444,35298.375
UNIFORM_BLOCK,445,35274.375
UNIFORM_BLOCK,446,35260.25
UNIFORM_BLOCK,447,35220.625
UNIFORM_BLOCK,448,35214.25
UNIFORM_BLOCK,449,35195.375
UNIFORM_BLOCK,450,35171.875
UNIFORM_BLOCK,451,35143.375
UNIFORM_BLOCK,452,35130.375
UNIFORM_BLOCK,453,35123.5
UNIFORM_BLOCK,454,35098.5
UNIFORM_BLOCK,455,35080.25
UNIFORM_BLOCK,456,35068.625
UNIFORM_BLOCK,457,35043.25
UNIFORM_BLOCK,458,35019.375
UNIFORM_BLOCK,459,35011.125
UNIFORM_BLOCK,460,35004.0
UNIFORM_BLOCK,461,34978.5
UNIFORM_BLOCK,462,34925.875
UNIFORM_BLOCK,463,34907.875
UNIFORM_BLOCK,464,34882.75
UNIFORM_BLOCK,465,34875.5
UNIFORM_BLOCK,466,34843.5
UNIFORM_BLOCK,467,34826.5
UNIFORM_BLOCK,468,34796.25
UNIFORM_BLOCK,469,34774.75
UNIFORM_BLOCK,470,34752.75
UNIFORM_BLOCK,471,34724.75
UNIFORM_BLOCK,472,34708.625
UNIFORM_BLOCK,473,34675.875
UNIFORM_BLOCK,474,34655.375
UNIFORM_BLOCK,475,34629.0
UNIFORM_BLOCK,476,34608.375
UNIFORM_BLOCK,477,34584.375
UNIFORM_BLOCK,478,34555.125
UNIFORM_BLOCK,479,34526.125
UNIFORM_BLOCK,480,34516.125
UNIFORM_BLOCK,481,34495.375
UNIFORM_BLOCK,482,34472.875
UNIFORM_BLOCK,483,34444.0
UNIFORM_BLOCK,484,34428.875
UNIFORM_BLOCK,485,34413.0
UNIFORM_BLOCK,486,34396.125
UNIFORM_BLOCK,487,34372.75
UNIFORM_BLOCK,488,34357.75
UNIFORM_BLOCK,489,34338.75
UNIFORM_BLOCK,490,34322.875
UNIFORM_BLOCK,491,34307.5
UNIFORM_BLOCK,492,34301.125
UNIFORM_BLOCK,493,34285.75
UNIFORM_BLOCK,494,34258.125
UNIFORM_BLOCK,495,34243.5
UNIFORM_BLOCK,496,34231.875
UNIFORM_BLOCK,497,34208.0
UNIFORM_BLOCK,498,34179.25
UNIFORM_BLOCK,499,34166.0
UNIFORM_BLOCK,500,34148.5
