num-generations,num-evaluations,time-elapsed,best-fitness,avg-fitness,elite-frac,alpha,num_features_mutation_strength,elitist_size,crossover-method,population-size,num-points,initialization,seed
1,200,0.276869535446167,136990,135916.22,0,0.4,0.25,20,ONE_POINT,100,100,RANDOM,3
2,300,0.6591613292694092,133583,133621.65,0,0.4,0.25,20,ONE_POINT,100,100,RANDOM,3
3,400,1.1043243408203125,133028,133039.1,0,0.4,0.25,20,ONE_POINT,100,100,RANDOM,3
4,500,1.4835357666015625,131988,132008.8,0,0.4,0.25,20,ONE_POINT,100,100,RANDOM,3
5,600,1.8247079849243164,131409,131425.05,0,0.4,0.25,20,ONE_POINT,100,100,RANDOM,3
6,700,2.3031201362609863,130921,130938.63,0,0.4,0.25,20,ONE_POINT,100,100,RANDOM,3
7,800,2.6689584255218506,130414,130426.27,0,0.4,0.25,20,ONE_POINT,100,100,RANDOM,3
8,900,3.022005796432495,129135,129164.76,0,0.4,0.25,20,ONE_POINT,100,100,RANDOM,3
9,1000,3.401599407196045,128863,128870.96,0,0.4,0.25,20,ONE_POINT,100,100,RANDOM,3
10,1100,3.7178797721862793,127189,127264.13,0,0.4,0.25,20,ONE_POINT,100,100,RANDOM,3
11,1200,4.068925380706787,126213,126232.52,0,0.4,0.25,20,ONE_POINT,100,100,RANDOM,3
12,1300,4.401583433151245,125425,125448.64,0,0.4,0.25,20,ONE_POINT,100,100,RANDOM,3
13,1400,4.7376017570495605,124708,124739.5,0,0.4,0.25,20,ONE_POINT,100,100,RANDOM,3
14,1500,5.0719969272613525,123756,123775.24,0,0.4,0.25,20,ONE_POINT,100,100,RANDOM,3
15,1600,5.448493242263794,122584,122605.89,0,0.4,0.25,20,ONE_POINT,100,100,RANDOM,3
16,1700,5.79742431640625,122188,122203.5,0,0.4,0.25,20,ONE_POINT,100,100,RANDOM,3
17,1800,6.132541656494141,121620,121641.73,0,0.4,0.25,20,ONE_POINT,100,100,RANDOM,3
18,1900,6.444702863693237,121125,121147.09,0,0.4,0.25,20,ONE_POINT,100,100,RANDOM,3
19,2000,6.742341756820679,120688,120705.48,0,0.4,0.25,20,ONE_POINT,100,100,RANDOM,3
20,2100,7.074731349945068,119068,119100.4,0,0.4,0.25,20,ONE_POINT,100,100,RANDOM,3
21,2200,7.41375732421875,118806,118831.62,0,0.4,0.25,20,ONE_POINT,100,100,RANDOM,3
22,2300,7.768660068511963,117913,117938.22,0,0.4,0.25,20,ONE_POINT,100,100,RANDOM,3
23,2400,8.097591161727905,117463,117481.32,0,0.4,0.25,20,ONE_POINT,100,100,RANDOM,3
24,2500,8.409329652786255,116530,116556.19,0,0.4,0.25,20,ONE_POINT,100,100,RANDOM,3
25,2600,8.734649419784546,116148,116170.31,0,0.4,0.25,20,ONE_POINT,100,100,RANDOM,3
26,2700,9.054943799972534,115153,115172.75,0,0.4,0.25,20,ONE_POINT,100,100,RANDOM,3
27,2800,9.388751029968262,114532,114696.09,0,0.4,0.25,20,ONE_POINT,100,100,RANDOM,3
28,2900,9.739041090011597,114096,114122.44,0,0.4,0.25,20,ONE_POINT,100,100,RANDOM,3
29,3000,10.102312326431274,113576,113594.15,0,0.4,0.25,20,ONE_POINT,100,100,RANDOM,3
30,3100,10.447370052337646,112826,112974.98,0,0.4,0.25,20,ONE_POINT,100,100,RANDOM,3
31,3200,10.775034427642822,112438,112453.41,0,0.4,0.25,20,ONE_POINT,100,100,RANDOM,3
32,3300,11.117461204528809,112042,112053.88,0,0.4,0.25,20,ONE_POINT,100,100,RANDOM,3
33,3400,11.52449893951416,111560,111580.93,0,0.4,0.25,20,ONE_POINT,100,100,RANDOM,3
34,3500,11.831384658813477,111246,111258.63,0,0.4,0.25,20,ONE_POINT,100,100,RANDOM,3
35,3600,12.127730131149292,110945,110972.14,0,0.4,0.25,20,ONE_POINT,100,100,RANDOM,3
36,3700,12.45832896232605,110777,110802.68,0,0.4,0.25,20,ONE_POINT,100,100,RANDOM,3
37,3800,12.798386335372925,110414,110428.6,0,0.4,0.25,20,ONE_POINT,100,100,RANDOM,3
38,3900,13.137198448181152,109285,109310.37,0,0.4,0.25,20,ONE_POINT,100,100,RANDOM,3
39,4000,13.482808589935303,108716,108741.74,0,0.4,0.25,20,ONE_POINT,100,100,RANDOM,3
40,4100,13.815860033035278,108566,108572.3,0,0.4,0.25,20,ONE_POINT,100,100,RANDOM,3
41,4200,14.155489444732666,107945,108020.35,0,0.4,0.25,20,ONE_POINT,100,100,RANDOM,3
42,4300,14.467193365097046,107310,107330.11,0,0.4,0.25,20,ONE_POINT,100,100,RANDOM,3
43,4400,14.787229776382446,107171,107176.97,0,0.4,0.25,20,ONE_POINT,100,100,RANDOM,3
44,4500,15.091013193130493,106901,106921.0,0,0.4,0.25,20,ONE_POINT,100,100,RANDOM,3
45,4600,15.414149045944214,106497,106571.17,0,0.4,0.25,20,ONE_POINT,100,100,RANDOM,3
46,4700,15.728228092193604,106118,106129.05,0,0.4,0.25,20,ONE_POINT,100,100,RANDOM,3
47,4800,16.019479513168335,105470,105489.44,0,0.4,0.25,20,ONE_POINT,100,100,RANDOM,3
48,4900,16.32036805152893,105267,105275.1,0,0.4,0.25,20,ONE_POINT,100,100,RANDOM,3
49,5000,16.63257098197937,104963,104975.16,0,0.4,0.25,20,ONE_POINT,100,100,RANDOM,3
50,5100,16.960898637771606,104274,104287.74,0,0.4,0.25,20,ONE_POINT,100,100,RANDOM,3
51,5200,17.34950065612793,103825,103878.39,0,0.4,0.25,20,ONE_POINT,100,100,RANDOM,3
52,5300,17.713907480239868,102946,102963.58,0,0.4,0.25,20,ONE_POINT,100,100,RANDOM,3
53,5400,18.047747373580933,102397,102408.08,0,0.4,0.25,20,ONE_POINT,100,100,RANDOM,3
54,5500,18.380048990249634,102084,102093.39,0,0.4,0.25,20,ONE_POINT,100,100,RANDOM,3
55,5600,18.710259675979614,101685,101696.97,0,0.4,0.25,20,ONE_POINT,100,100,RANDOM,3
56,5700,19.064057111740112,101461,101533.27,0,0.4,0.25,20,ONE_POINT,100,100,RANDOM,3
57,5800,19.4025661945343,100982,100996.37,0,0.4,0.25,20,ONE_POINT,100,100,RANDOM,3
58,5900,19.715437650680542,100762,100770.55,0,0.4,0.25,20,ONE_POINT,100,100,RANDOM,3
59,6000,20.05685067176819,100351,100364.72,0,0.4,0.25,20,ONE_POINT,100,100,RANDOM,3
60,6100,20.37734055519104,100046,100078.53,0,0.4,0.25,20,ONE_POINT,100,100,RANDOM,3
61,6200,20.736676931381226,99682,99702.68,0,0.4,0.25,20,ONE_POINT,100,100,RANDOM,3
62,6300,21.12377119064331,99363,99453.64,0,0.4,0.25,20,ONE_POINT,100,100,RANDOM,3
63,6400,21.479968309402466,98566,98581.94,0,0.4,0.25,20,ONE_POINT,100,100,RANDOM,3
64,6500,21.79811668395996,98157,98166.76,0,0.4,0.25,20,ONE_POINT,100,100,RANDOM,3
65,6600,22.122117519378662,97355,97419.43,0,0.4,0.25,20,ONE_POINT,100,100,RANDOM,3
66,6700,22.420894384384155,97056,97067.96,0,0.4,0.25,20,ONE_POINT,100,100,RANDOM,3
67,6800,22.738548517227173,95643,95672.15,0,0.4,0.25,20,ONE_POINT,100,100,RANDOM,3
68,6900,23.074297428131104,95435,95443.83,0,0.4,0.25,20,ONE_POINT,100,100,RANDOM,3
69,7000,23.41193389892578,95022,95033.57,0,0.4,0.25,20,ONE_POINT,100,100,RANDOM,3
70,7100,23.756462335586548,94356,94369.53,0,0.4,0.25,20,ONE_POINT,100,100,RANDOM,3
71,7200,24.043869018554688,94203,94209.47,0,0.4,0.25,20,ONE_POINT,100,100,RANDOM,3
72,7300,24.362132787704468,93987,93996.08,0,0.4,0.25,20,ONE_POINT,100,100,RANDOM,3
73,7400,24.677104949951172,93414,93433.55,0,0.4,0.25,20,ONE_POINT,100,100,RANDOM,3
74,7500,25.030642986297607,93062,93068.31,0,0.4,0.25,20,ONE_POINT,100,100,RANDOM,3
75,7600,25.35567879676819,92775,92792.86,0,0.4,0.25,20,ONE_POINT,100,100,RANDOM,3
76,7700,25.65215516090393,92589,92603.86,0,0.4,0.25,20,ONE_POINT,100,100,RANDOM,3
77,7800,25.971346855163574,92157,92174.21,0,0.4,0.25,20,ONE_POINT,100,100,RANDOM,3
78,7900,26.265721797943115,91933,91965.14,0,0.4,0.25,20,ONE_POINT,100,100,RANDOM,3
79,8000,26.593456268310547,91692,91702.86,0,0.4,0.25,20,ONE_POINT,100,100,RANDOM,3
80,8100,26.929417610168457,91366,91386.61,0,0.4,0.25,20,ONE_POINT,100,100,RANDOM,3
81,8200,27.26835322380066,91124,91135.67,0,0.4,0.25,20,ONE_POINT,100,100,RANDOM,3
82,8300,27.57953381538391,90532,90550.29,0,0.4,0.25,20,ONE_POINT,100,100,RANDOM,3
83,8400,27.92098879814148,90241,90260.65,0,0.4,0.25,20,ONE_POINT,100,100,RANDOM,3
84,8500,28.231663465499878,89944,89958.79,0,0.4,0.25,20,ONE_POINT,100,100,RANDOM,3
85,8600,28.544201135635376,89726,89732.54,0,0.4,0.25,20,ONE_POINT,100,100,RANDOM,3
86,8700,28.8681583404541,89292,89304.57,0,0.4,0.25,20,ONE_POINT,100,100,RANDOM,3
87,8800,29.19404649734497,89066,89104.98,0,0.4,0.25,20,ONE_POINT,100,100,RANDOM,3
88,8900,29.486235857009888,88895,88936.41,0,0.4,0.25,20,ONE_POINT,100,100,RANDOM,3
89,9000,29.789103031158447,88437,88450.51,0,0.4,0.25,20,ONE_POINT,100,100,RANDOM,3
90,9100,30.090624570846558,87682,87700.78,0,0.4,0.25,20,ONE_POINT,100,100,RANDOM,3
91,9200,30.386798620224,87400,87408.46,0,0.4,0.25,20,ONE_POINT,100,100,RANDOM,3
92,9300,30.708441257476807,87306,87318.4,0,0.4,0.25,20,ONE_POINT,100,100,RANDOM,3
93,9400,31.041120290756226,87159,87164.44,0,0.4,0.25,20,ONE_POINT,100,100,RANDOM,3
94,9500,31.373934507369995,86793,86806.72,0,0.4,0.25,20,ONE_POINT,100,100,RANDOM,3
95,9600,31.669341564178467,86643,86647.94,0,0.4,0.25,20,ONE_POINT,100,100,RANDOM,3
96,9700,31.985743045806885,86244,86256.54,0,0.4,0.25,20,ONE_POINT,100,100,RANDOM,3
97,9800,32.28841257095337,86116,86126.71,0,0.4,0.25,20,ONE_POINT,100,100,RANDOM,3
98,9900,32.5780930519104,85856,85866.4,0,0.4,0.25,20,ONE_POINT,100,100,RANDOM,3
99,10000,32.87570023536682,85411,85428.23,0,0.4,0.25,20,ONE_POINT,100,100,RANDOM,3
100,10100,33.186847448349,85220,85237.83,0,0.4,0.25,20,ONE_POINT,100,100,RANDOM,3
101,10200,33.54368233680725,85048,85069.11,0,0.4,0.25,20,ONE_POINT,100,100,RANDOM,3
102,10300,33.882535457611084,84499,84509.66,0,0.4,0.25,20,ONE_POINT,100,100,RANDOM,3
103,10400,34.19086718559265,84187,84199.51,0,0.4,0.25,20,ONE_POINT,100,100,RANDOM,3
104,10500,34.53518891334534,83580,83592.17,0,0.4,0.25,20,ONE_POINT,100,100,RANDOM,3
105,10600,34.86225938796997,83006,83016.12,0,0.4,0.25,20,ONE_POINT,100,100,RANDOM,3
106,10700,35.20719122886658,82813,82817.72,0,0.4,0.25,20,ONE_POINT,100,100,RANDOM,3
107,10800,35.56332612037659,82675,82681.9,0,0.4,0.25,20,ONE_POINT,100,100,RANDOM,3
108,10900,35.87797737121582,82238,82247.81,0,0.4,0.25,20,ONE_POINT,100,100,RANDOM,3
109,11000,36.20967411994934,81818,81830.6,0,0.4,0.25,20,ONE_POINT,100,100,RANDOM,3
110,11100,36.498207330703735,81600,81643.0,0,0.4,0.25,20,ONE_POINT,100,100,RANDOM,3
111,11200,36.789419412612915,81413,81419.62,0,0.4,0.25,20,ONE_POINT,100,100,RANDOM,3
112,11300,37.13679599761963,81081,81089.63,0,0.4,0.25,20,ONE_POINT,100,100,RANDOM,3
113,11400,37.48942494392395,80568,80582.9,0,0.4,0.25,20,ONE_POINT,100,100,RANDOM,3
114,11500,37.791579484939575,80221,80231.41,0,0.4,0.25,20,ONE_POINT,100,100,RANDOM,3
115,11600,38.10181283950806,80038,80045.03,0,0.4,0.25,20,ONE_POINT,100,100,RANDOM,3
116,11700,38.40958905220032,79820,79828.72,0,0.4,0.25,20,ONE_POINT,100,100,RANDOM,3
117,11800,38.731791734695435,79594,79623.55,0,0.4,0.25,20,ONE_POINT,100,100,RANDOM,3
118,11900,39.05666947364807,79370,79376.72,0,0.4,0.25,20,ONE_POINT,100,100,RANDOM,3
119,12000,39.37006139755249,79032,79058.97,0,0.4,0.25,20,ONE_POINT,100,100,RANDOM,3
120,12100,39.67968726158142,78831,78838.62,0,0.4,0.25,20,ONE_POINT,100,100,RANDOM,3
121,12200,39.98127508163452,78589,78598.74,0,0.4,0.25,20,ONE_POINT,100,100,RANDOM,3
122,12300,40.274953842163086,78029,78050.83,0,0.4,0.25,20,ONE_POINT,100,100,RANDOM,3
123,12400,40.607332944869995,77912,77917.09,0,0.4,0.25,20,ONE_POINT,100,100,RANDOM,3
124,12500,40.944130420684814,77756,77761.46,0,0.4,0.25,20,ONE_POINT,100,100,RANDOM,3
125,12600,41.28125357627869,77625,77642.09,0,0.4,0.25,20,ONE_POINT,100,100,RANDOM,3
126,12700,41.57959723472595,77463,77469.48,0,0.4,0.25,20,ONE_POINT,100,100,RANDOM,3
127,12800,41.92183566093445,77165,77178.54,0,0.4,0.25,20,ONE_POINT,100,100,RANDOM,3
128,12900,42.23176908493042,76885,76896.2,0,0.4,0.25,20,ONE_POINT,100,100,RANDOM,3
129,13000,42.53207802772522,76827,76830.36,0,0.4,0.25,20,ONE_POINT,100,100,RANDOM,3
130,13100,42.82680320739746,76696,76722.91,0,0.4,0.25,20,ONE_POINT,100,100,RANDOM,3
131,13200,43.12970852851868,76563,76569.65,0,0.4,0.25,20,ONE_POINT,100,100,RANDOM,3
132,13300,43.45764684677124,76208,76218.65,0,0.4,0.25,20,ONE_POINT,100,100,RANDOM,3
133,13400,43.776408433914185,76070,76075.52,0,0.4,0.25,20,ONE_POINT,100,100,RANDOM,3
134,13500,44.10467886924744,75947,75972.74,0,0.4,0.25,20,ONE_POINT,100,100,RANDOM,3
135,13600,44.45399618148804,75787,75791.11,0,0.4,0.25,20,ONE_POINT,100,100,RANDOM,3
136,13700,44.75507307052612,75748,75750.43,0,0.4,0.25,20,ONE_POINT,100,100,RANDOM,3
137,13800,45.08161115646362,75476,75486.88,0,0.4,0.25,20,ONE_POINT,100,100,RANDOM,3
138,13900,45.43688631057739,75232,75241.76,0,0.4,0.25,20,ONE_POINT,100,100,RANDOM,3
139,14000,45.76770377159119,74749,74763.58,0,0.4,0.25,20,ONE_POINT,100,100,RANDOM,3
140,14100,46.091543674468994,74493,74504.25,0,0.4,0.25,20,ONE_POINT,100,100,RANDOM,3
141,14200,46.40730047225952,74330,74399.84,0,0.4,0.25,20,ONE_POINT,100,100,RANDOM,3
142,14300,46.73886060714722,74188,74244.02,0,0.4,0.25,20,ONE_POINT,100,100,RANDOM,3
143,14400,47.110875606536865,74079,74085.54,0,0.4,0.25,20,ONE_POINT,100,100,RANDOM,3
144,14500,47.430814266204834,73893,73902.65,0,0.4,0.25,20,ONE_POINT,100,100,RANDOM,3
145,14600,47.732586145401,73595,73618.82,0,0.4,0.25,20,ONE_POINT,100,100,RANDOM,3
146,14700,48.091020822525024,73483,73488.6,0,0.4,0.25,20,ONE_POINT,100,100,RANDOM,3
147,14800,48.43891739845276,73224,73242.34,0,0.4,0.25,20,ONE_POINT,100,100,RANDOM,3
148,14900,48.79839754104614,73053,73059.86,0,0.4,0.25,20,ONE_POINT,100,100,RANDOM,3
149,15000,49.16268062591553,72866,72874.8,0,0.4,0.25,20,ONE_POINT,100,100,RANDOM,3
150,15100,49.51915717124939,72682,72691.38,0,0.4,0.25,20,ONE_POINT,100,100,RANDOM,3
151,15200,49.918713331222534,72630,72635.84,0,0.4,0.25,20,ONE_POINT,100,100,RANDOM,3
152,15300,50.27820825576782,72368,72378.48,0,0.4,0.25,20,ONE_POINT,100,100,RANDOM,3
153,15400,50.59094762802124,72201,72239.44,0,0.4,0.25,20,ONE_POINT,100,100,RANDOM,3
154,15500,50.919801235198975,71907,71935.69,0,0.4,0.25,20,ONE_POINT,100,100,RANDOM,3
155,15600,51.30029559135437,71756,71762.04,0,0.4,0.25,20,ONE_POINT,100,100,RANDOM,3
156,15700,51.67901086807251,71594,71599.69,0,0.4,0.25,20,ONE_POINT,100,100,RANDOM,3
157,15800,52.00304198265076,71378,71398.55,0,0.4,0.25,20,ONE_POINT,100,100,RANDOM,3
158,15900,52.32359218597412,71223,71231.36,0,0.4,0.25,20,ONE_POINT,100,100,RANDOM,3
159,16000,52.65611791610718,70904,70915.12,0,0.4,0.25,20,ONE_POINT,100,100,RANDOM,3
160,16100,52.95635008811951,70830,70834.44,0,0.4,0.25,20,ONE_POINT,100,100,RANDOM,3
161,16200,53.27851605415344,70745,70757.75,0,0.4,0.25,20,ONE_POINT,100,100,RANDOM,3
162,16300,53.60088658332825,70587,70591.94,0,0.4,0.25,20,ONE_POINT,100,100,RANDOM,3
163,16400,53.92064952850342,70492,70500.37,0,0.4,0.25,20,ONE_POINT,100,100,RANDOM,3
164,16500,54.23841166496277,70350,70361.41,0,0.4,0.25,20,ONE_POINT,100,100,RANDOM,3
165,16600,54.555960178375244,70218,70223.91,0,0.4,0.25,20,ONE_POINT,100,100,RANDOM,3
166,16700,54.867369413375854,70069,70074.99,0,0.4,0.25,20,ONE_POINT,100,100,RANDOM,3
167,16800,55.19927406311035,69791,69799.15,0,0.4,0.25,20,ONE_POINT,100,100,RANDOM,3
168,16900,55.51810264587402,69564,69570.81,0,0.4,0.25,20,ONE_POINT,100,100,RANDOM,3
169,17000,55.815173625946045,69284,69295.57,0,0.4,0.25,20,ONE_POINT,100,100,RANDOM,3
170,17100,56.180638551712036,69187,69192.82,0,0.4,0.25,20,ONE_POINT,100,100,RANDOM,3
171,17200,56.5613956451416,68997,69005.06,0,0.4,0.25,20,ONE_POINT,100,100,RANDOM,3
172,17300,56.875476360321045,68762,68769.05,0,0.4,0.25,20,ONE_POINT,100,100,RANDOM,3
173,17400,57.230629205703735,68531,68543.06,0,0.4,0.25,20,ONE_POINT,100,100,RANDOM,3
174,17500,57.53901505470276,68323,68329.56,0,0.4,0.25,20,ONE_POINT,100,100,RANDOM,3
175,17600,57.88589930534363,68244,68247.95,0,0.4,0.25,20,ONE_POINT,100,100,RANDOM,3
176,17700,58.220759868621826,68032,68040.48,0,0.4,0.25,20,ONE_POINT,100,100,RANDOM,3
177,17800,58.57891035079956,67912,67916.8,0,0.4,0.25,20,ONE_POINT,100,100,RANDOM,3
178,17900,58.965638399124146,67805,67899.29,0,0.4,0.25,20,ONE_POINT,100,100,RANDOM,3
179,18000,59.35393810272217,67505,67541.35,0,0.4,0.25,20,ONE_POINT,100,100,RANDOM,3
180,18100,59.680967807769775,67359,67401.7,0,0.4,0.25,20,ONE_POINT,100,100,RANDOM,3
181,18200,60.01624155044556,67266,67270.99,0,0.4,0.25,20,ONE_POINT,100,100,RANDOM,3
182,18300,60.327951192855835,67112,67164.9,0,0.4,0.25,20,ONE_POINT,100,100,RANDOM,3
183,18400,60.65967154502869,67045,67049.02,0,0.4,0.25,20,ONE_POINT,100,100,RANDOM,3
184,18500,60.99358034133911,66874,66880.84,0,0.4,0.25,20,ONE_POINT,100,100,RANDOM,3
185,18600,61.32892870903015,66721,66727.42,0,0.4,0.25,20,ONE_POINT,100,100,RANDOM,3
186,18700,61.661511182785034,66663,66672.72,0,0.4,0.25,20,ONE_POINT,100,100,RANDOM,3
187,18800,61.97257876396179,66557,66562.19,0,0.4,0.25,20,ONE_POINT,100,100,RANDOM,3
188,18900,62.28864049911499,66487,66536.72,0,0.4,0.25,20,ONE_POINT,100,100,RANDOM,3
189,19000,62.639936208724976,66408,66412.78,0,0.4,0.25,20,ONE_POINT,100,100,RANDOM,3
190,19100,62.99007749557495,66251,66259.82,0,0.4,0.25,20,ONE_POINT,100,100,RANDOM,3
191,19200,63.32418870925903,66071,66082.59,0,0.4,0.25,20,ONE_POINT,100,100,RANDOM,3
192,19300,63.665371894836426,65878,65971.94,0,0.4,0.25,20,ONE_POINT,100,100,RANDOM,3
193,19400,63.980961322784424,65744,65750.27,0,0.4,0.25,20,ONE_POINT,100,100,RANDOM,3
194,19500,64.28812217712402,65633,65641.29,0,0.4,0.25,20,ONE_POINT,100,100,RANDOM,3
195,19600,64.6305193901062,65357,65368.04,0,0.4,0.25,20,ONE_POINT,100,100,RANDOM,3
196,19700,64.94472169876099,65228,65254.09,0,0.4,0.25,20,ONE_POINT,100,100,RANDOM,3
197,19800,65.26120805740356,65116,65125.65,0,0.4,0.25,20,ONE_POINT,100,100,RANDOM,3
198,19900,65.59789657592773,64971,64992.6,0,0.4,0.25,20,ONE_POINT,100,100,RANDOM,3
199,20000,65.93042206764221,64731,64740.6,0,0.4,0.25,20,ONE_POINT,100,100,RANDOM,3
200,20100,66.27713513374329,64574,64600.27,0,0.4,0.25,20,ONE_POINT,100,100,RANDOM,3
201,20200,66.61453771591187,64412,64443.87,0,0.4,0.25,20,ONE_POINT,100,100,RANDOM,3
202,20300,66.90504288673401,64301,64304.9,0,0.4,0.25,20,ONE_POINT,100,100,RANDOM,3
203,20400,67.23786854743958,64060,64067.23,0,0.4,0.25,20,ONE_POINT,100,100,RANDOM,3
204,20500,67.59116506576538,63935,63943.69,0,0.4,0.25,20,ONE_POINT,100,100,RANDOM,3
205,20600,67.9021406173706,63815,63819.91,0,0.4,0.25,20,ONE_POINT,100,100,RANDOM,3
206,20700,68.25171136856079,63663,63670.98,0,0.4,0.25,20,ONE_POINT,100,100,RANDOM,3
207,20800,68.57188296318054,63494,63500.63,0,0.4,0.25,20,ONE_POINT,100,100,RANDOM,3
208,20900,68.86468172073364,63411,63414.94,0,0.4,0.25,20,ONE_POINT,100,100,RANDOM,3
209,21000,69.20188426971436,63278,63297.71,0,0.4,0.25,20,ONE_POINT,100,100,RANDOM,3
210,21100,69.51800894737244,63062,63069.92,0,0.4,0.25,20,ONE_POINT,100,100,RANDOM,3
211,21200,69.80808329582214,62757,62789.1,0,0.4,0.25,20,ONE_POINT,100,100,RANDOM,3
212,21300,70.16098380088806,62642,62648.21,0,0.4,0.25,20,ONE_POINT,100,100,RANDOM,3
213,21400,70.53896975517273,62564,62585.75,0,0.4,0.25,20,ONE_POINT,100,100,RANDOM,3
214,21500,70.85487055778503,62266,62278.61,0,0.4,0.25,20,ONE_POINT,100,100,RANDOM,3
215,21600,71.17207360267639,62137,62143.45,0,0.4,0.25,20,ONE_POINT,100,100,RANDOM,3
216,21700,71.48019289970398,62065,62068.92,0,0.4,0.25,20,ONE_POINT,100,100,RANDOM,3
217,21800,71.7884304523468,62023,62025.52,0,0.4,0.25,20,ONE_POINT,100,100,RANDOM,3
218,21900,72.09770464897156,61958,61988.36,0,0.4,0.25,20,ONE_POINT,100,100,RANDOM,3
219,22000,72.4001362323761,61821,61828.93,0,0.4,0.25,20,ONE_POINT,100,100,RANDOM,3
220,22100,72.73739743232727,61685,61696.33,0,0.4,0.25,20,ONE_POINT,100,100,RANDOM,3
221,22200,73.1025116443634,61583,61588.11,0,0.4,0.25,20,ONE_POINT,100,100,RANDOM,3
222,22300,73.3982093334198,61210,61224.92,0,0.4,0.25,20,ONE_POINT,100,100,RANDOM,3
223,22400,73.75764346122742,61118,61124.37,0,0.4,0.25,20,ONE_POINT,100,100,RANDOM,3
224,22500,74.07954263687134,60859,60884.64,0,0.4,0.25,20,ONE_POINT,100,100,RANDOM,3
225,22600,74.36966800689697,60778,60783.65,0,0.4,0.25,20,ONE_POINT,100,100,RANDOM,3
226,22700,74.67518949508667,60697,60701.05,0,0.4,0.25,20,ONE_POINT,100,100,RANDOM,3
227,22800,75.01320815086365,60553,60561.02,0,0.4,0.25,20,ONE_POINT,100,100,RANDOM,3
228,22900,75.30643105506897,60460,60465.52,0,0.4,0.25,20,ONE_POINT,100,100,RANDOM,3
229,23000,75.59400749206543,60357,60412.87,0,0.4,0.25,20,ONE_POINT,100,100,RANDOM,3
230,23100,75.90928411483765,60232,60264.71,0,0.4,0.25,20,ONE_POINT,100,100,RANDOM,3
231,23200,76.21601748466492,60030,60048.29,0,0.4,0.25,20,ONE_POINT,100,100,RANDOM,3
232,23300,76.53594183921814,59836,59867.17,0,0.4,0.25,20,ONE_POINT,100,100,RANDOM,3
233,23400,76.85728812217712,59754,59789.46,0,0.4,0.25,20,ONE_POINT,100,100,RANDOM,3
234,23500,77.17726182937622,59608,59617.31,0,0.4,0.25,20,ONE_POINT,100,100,RANDOM,3
235,23600,77.49037384986877,59469,59474.56,0,0.4,0.25,20,ONE_POINT,100,100,RANDOM,3
236,23700,77.80012917518616,59416,59419.18,0,0.4,0.25,20,ONE_POINT,100,100,RANDOM,3
237,23800,78.09131789207458,59257,59265.48,0,0.4,0.25,20,ONE_POINT,100,100,RANDOM,3
238,23900,78.4171986579895,59209,59226.88,0,0.4,0.25,20,ONE_POINT,100,100,RANDOM,3
239,24000,78.74552631378174,59089,59094.84,0,0.4,0.25,20,ONE_POINT,100,100,RANDOM,3
240,24100,79.08463978767395,58993,58998.17,0,0.4,0.25,20,ONE_POINT,100,100,RANDOM,3
241,24200,79.40023684501648,58954,58957.4,0,0.4,0.25,20,ONE_POINT,100,100,RANDOM,3
242,24300,79.70816469192505,58685,58695.76,0,0.4,0.25,20,ONE_POINT,100,100,RANDOM,3
243,24400,80.00940299034119,58598,58606.07,0,0.4,0.25,20,ONE_POINT,100,100,RANDOM,3
244,24500,80.31912422180176,58393,58432.05,0,0.4,0.25,20,ONE_POINT,100,100,RANDOM,3
245,24600,80.65384864807129,58344,58375.94,0,0.4,0.25,20,ONE_POINT,100,100,RANDOM,3
246,24700,80.98669648170471,58263,58267.91,0,0.4,0.25,20,ONE_POINT,100,100,RANDOM,3
247,24800,81.28381657600403,58086,58106.88,0,0.4,0.25,20,ONE_POINT,100,100,RANDOM,3
248,24900,81.58073806762695,58020,58024.02,0,0.4,0.25,20,ONE_POINT,100,100,RANDOM,3
249,25000,81.86847829818726,57849,57873.38,0,0.4,0.25,20,ONE_POINT,100,100,RANDOM,3
250,25100,82.22137928009033,57734,57739.77,0,0.4,0.25,20,ONE_POINT,100,100,RANDOM,3
251,25200,82.53496170043945,57654,57658.09,0,0.4,0.25,20,ONE_POINT,100,100,RANDOM,3
252,25300,82.82181453704834,57602,57605.22,0,0.4,0.25,20,ONE_POINT,100,100,RANDOM,3
253,25400,83.15602231025696,57487,57493.45,0,0.4,0.25,20,ONE_POINT,100,100,RANDOM,3
254,25500,83.47720122337341,57307,57314.2,0,0.4,0.25,20,ONE_POINT,100,100,RANDOM,3
255,25600,83.80857634544373,57092,57105.24,0,0.4,0.25,20,ONE_POINT,100,100,RANDOM,3
256,25700,84.15264010429382,56991,57009.6,0,0.4,0.25,20,ONE_POINT,100,100,RANDOM,3
257,25800,84.45869421958923,56725,56735.64,0,0.4,0.25,20,ONE_POINT,100,100,RANDOM,3
258,25900,84.7725920677185,56584,56612.06,0,0.4,0.25,20,ONE_POINT,100,100,RANDOM,3
259,26000,85.07668972015381,56460,56483.79,0,0.4,0.25,20,ONE_POINT,100,100,RANDOM,3
260,26100,85.37975811958313,56404,56428.81,0,0.4,0.25,20,ONE_POINT,100,100,RANDOM,3
261,26200,85.72248721122742,56266,56271.52,0,0.4,0.25,20,ONE_POINT,100,100,RANDOM,3
262,26300,86.04979181289673,56123,56131.43,0,0.4,0.25,20,ONE_POINT,100,100,RANDOM,3
263,26400,86.34701180458069,56055,56059.02,0,0.4,0.25,20,ONE_POINT,100,100,RANDOM,3
264,26500,86.6996500492096,55890,55914.27,0,0.4,0.25,20,ONE_POINT,100,100,RANDOM,3
265,26600,87.01915454864502,55803,55811.77,0,0.4,0.25,20,ONE_POINT,100,100,RANDOM,3
266,26700,87.32378959655762,55707,55713.65,0,0.4,0.25,20,ONE_POINT,100,100,RANDOM,3
267,26800,87.66382098197937,55641,55648.51,0,0.4,0.25,20,ONE_POINT,100,100,RANDOM,3
268,26900,87.96067333221436,55579,55586.14,0,0.4,0.25,20,ONE_POINT,100,100,RANDOM,3
269,27000,88.27056241035461,55446,55474.58,0,0.4,0.25,20,ONE_POINT,100,100,RANDOM,3
270,27100,88.59449458122253,55362,55367.37,0,0.4,0.25,20,ONE_POINT,100,100,RANDOM,3
271,27200,88.8874158859253,55268,55279.94,0,0.4,0.25,20,ONE_POINT,100,100,RANDOM,3
272,27300,89.20721077919006,55123,55128.78,0,0.4,0.25,20,ONE_POINT,100,100,RANDOM,3
273,27400,89.49609303474426,54951,54959.33,0,0.4,0.25,20,ONE_POINT,100,100,RANDOM,3
274,27500,89.85092902183533,54746,54770.63,0,0.4,0.25,20,ONE_POINT,100,100,RANDOM,3
275,27600,90.1434416770935,54559,54572.44,0,0.4,0.25,20,ONE_POINT,100,100,RANDOM,3
276,27700,90.46431827545166,54437,54454.16,0,0.4,0.25,20,ONE_POINT,100,100,RANDOM,3
277,27800,90.83009028434753,54389,54441.84,0,0.4,0.25,20,ONE_POINT,100,100,RANDOM,3
278,27900,91.18070316314697,54308,54312.44,0,0.4,0.25,20,ONE_POINT,100,100,RANDOM,3
279,28000,91.52951288223267,54158,54167.36,0,0.4,0.25,20,ONE_POINT,100,100,RANDOM,3
280,28100,91.8333306312561,54057,54095.71,0,0.4,0.25,20,ONE_POINT,100,100,RANDOM,3
281,28200,92.15503907203674,53955,53964.25,0,0.4,0.25,20,ONE_POINT,100,100,RANDOM,3
282,28300,92.46145725250244,53898,53902.52,0,0.4,0.25,20,ONE_POINT,100,100,RANDOM,3
283,28400,92.75954174995422,53817,53821.77,0,0.4,0.25,20,ONE_POINT,100,100,RANDOM,3
284,28500,93.09638261795044,53733,53758.91,0,0.4,0.25,20,ONE_POINT,100,100,RANDOM,3
285,28600,93.42655396461487,53573,53604.35,0,0.4,0.25,20,ONE_POINT,100,100,RANDOM,3
286,28700,93.72427701950073,53447,53456.27,0,0.4,0.25,20,ONE_POINT,100,100,RANDOM,3
287,28800,94.0399022102356,53383,53407.83,0,0.4,0.25,20,ONE_POINT,100,100,RANDOM,3
288,28900,94.40292406082153,53356,53359.51,0,0.4,0.25,20,ONE_POINT,100,100,RANDOM,3
289,29000,94.74535846710205,53183,53193.76,0,0.4,0.25,20,ONE_POINT,100,100,RANDOM,3
290,29100,95.0358669757843,53105,53111.41,0,0.4,0.25,20,ONE_POINT,100,100,RANDOM,3
291,29200,95.38644552230835,52819,52832.65,0,0.4,0.25,20,ONE_POINT,100,100,RANDOM,3
292,29300,95.72496294975281,52750,52803.87,0,0.4,0.25,20,ONE_POINT,100,100,RANDOM,3
293,29400,96.08413505554199,52693,52697.16,0,0.4,0.25,20,ONE_POINT,100,100,RANDOM,3
294,29500,96.37469696998596,52660,52670.19,0,0.4,0.25,20,ONE_POINT,100,100,RANDOM,3
295,29600,96.72565841674805,52593,52597.02,0,0.4,0.25,20,ONE_POINT,100,100,RANDOM,3
296,29700,97.05817675590515,52497,52504.9,0,0.4,0.25,20,ONE_POINT,100,100,RANDOM,3
297,29800,97.42624926567078,52446,52452.4,0,0.4,0.25,20,ONE_POINT,100,100,RANDOM,3
298,29900,97.81363034248352,52408,52445.66,0,0.4,0.25,20,ONE_POINT,100,100,RANDOM,3
299,30000,98.14843511581421,52339,52347.31,0,0.4,0.25,20,ONE_POINT,100,100,RANDOM,3
300,30100,98.47518301010132,52260,52269.73,0,0.4,0.25,20,ONE_POINT,100,100,RANDOM,3
301,30200,98.82498216629028,52166,52174.68,0,0.4,0.25,20,ONE_POINT,100,100,RANDOM,3
302,30300,99.17041778564453,52062,52068.75,0,0.4,0.25,20,ONE_POINT,100,100,RANDOM,3
303,30400,99.54173874855042,52023,52042.05,0,0.4,0.25,20,ONE_POINT,100,100,RANDOM,3
304,30500,99.86367774009705,51854,51862.47,0,0.4,0.25,20,ONE_POINT,100,100,RANDOM,3
305,30600,100.19533967971802,51765,51772.05,0,0.4,0.25,20,ONE_POINT,100,100,RANDOM,3
306,30700,100.54856252670288,51724,51727.08,0,0.4,0.25,20,ONE_POINT,100,100,RANDOM,3
307,30800,100.87360692024231,51640,51643.93,0,0.4,0.25,20,ONE_POINT,100,100,RANDOM,3
308,30900,101.21499228477478,51556,51565.34,0,0.4,0.25,20,ONE_POINT,100,100,RANDOM,3
309,31000,101.58135843276978,51482,51487.3,0,0.4,0.25,20,ONE_POINT,100,100,RANDOM,3
310,31100,101.92341017723083,51398,51403.07,0,0.4,0.25,20,ONE_POINT,100,100,RANDOM,3
311,31200,102.22541880607605,51346,51356.37,0,0.4,0.25,20,ONE_POINT,100,100,RANDOM,3
312,31300,102.51498818397522,51232,51238.81,0,0.4,0.25,20,ONE_POINT,100,100,RANDOM,3
313,31400,102.8542971611023,51124,51130.56,0,0.4,0.25,20,ONE_POINT,100,100,RANDOM,3
314,31500,103.20371460914612,51020,51027.32,0,0.4,0.25,20,ONE_POINT,100,100,RANDOM,3
315,31600,103.55042362213135,50906,50914.16,0,0.4,0.25,20,ONE_POINT,100,100,RANDOM,3
316,31700,103.88272333145142,50853,50858.74,0,0.4,0.25,20,ONE_POINT,100,100,RANDOM,3
317,31800,104.22501802444458,50752,50761.28,0,0.4,0.25,20,ONE_POINT,100,100,RANDOM,3
318,31900,104.5519483089447,50697,50700.85,0,0.4,0.25,20,ONE_POINT,100,100,RANDOM,3
319,32000,104.85417079925537,50571,50581.33,0,0.4,0.25,20,ONE_POINT,100,100,RANDOM,3
320,32100,105.17712783813477,50508,50512.4,0,0.4,0.25,20,ONE_POINT,100,100,RANDOM,3
321,32200,105.51088619232178,50266,50278.73,0,0.4,0.25,20,ONE_POINT,100,100,RANDOM,3
322,32300,105.8222165107727,50213,50245.18,0,0.4,0.25,20,ONE_POINT,100,100,RANDOM,3
323,32400,106.10938239097595,50139,50198.11,0,0.4,0.25,20,ONE_POINT,100,100,RANDOM,3
324,32500,106.4229507446289,50103,50107.95,0,0.4,0.25,20,ONE_POINT,100,100,RANDOM,3
325,32600,106.75526070594788,50050,50067.81,0,0.4,0.25,20,ONE_POINT,100,100,RANDOM,3
326,32700,107.11321783065796,49992,49997.69,0,0.4,0.25,20,ONE_POINT,100,100,RANDOM,3
327,32800,107.47577548027039,49905,49951.09,0,0.4,0.25,20,ONE_POINT,100,100,RANDOM,3
328,32900,107.86392331123352,49827,49834.93,0,0.4,0.25,20,ONE_POINT,100,100,RANDOM,3
329,33000,108.21512508392334,49791,49794.08,0,0.4,0.25,20,ONE_POINT,100,100,RANDOM,3
330,33100,108.55017256736755,49647,49656.94,0,0.4,0.25,20,ONE_POINT,100,100,RANDOM,3
331,33200,108.88959646224976,49556,49564.14,0,0.4,0.25,20,ONE_POINT,100,100,RANDOM,3
332,33300,109.25596904754639,49494,49500.96,0,0.4,0.25,20,ONE_POINT,100,100,RANDOM,3
333,33400,109.57247996330261,49441,49448.85,0,0.4,0.25,20,ONE_POINT,100,100,RANDOM,3
334,33500,109.88067030906677,49397,49400.61,0,0.4,0.25,20,ONE_POINT,100,100,RANDOM,3
335,33600,110.2014651298523,49359,49363.53,0,0.4,0.25,20,ONE_POINT,100,100,RANDOM,3
336,33700,110.53728079795837,49294,49300.82,0,0.4,0.25,20,ONE_POINT,100,100,RANDOM,3
337,33800,110.834139585495,49154,49160.43,0,0.4,0.25,20,ONE_POINT,100,100,RANDOM,3
338,33900,111.19127297401428,49019,49030.36,0,0.4,0.25,20,ONE_POINT,100,100,RANDOM,3
339,34000,111.53716254234314,48911,48922.01,0,0.4,0.25,20,ONE_POINT,100,100,RANDOM,3
340,34100,111.88618803024292,48878,48884.82,0,0.4,0.25,20,ONE_POINT,100,100,RANDOM,3
341,34200,112.17904496192932,48823,48829.15,0,0.4,0.25,20,ONE_POINT,100,100,RANDOM,3
342,34300,112.5302848815918,48703,48716.03,0,0.4,0.25,20,ONE_POINT,100,100,RANDOM,3
343,34400,112.84097957611084,48455,48472.65,0,0.4,0.25,20,ONE_POINT,100,100,RANDOM,3
344,34500,113.17218470573425,48420,48426.54,0,0.4,0.25,20,ONE_POINT,100,100,RANDOM,3
345,34600,113.48444962501526,48340,48346.21,0,0.4,0.25,20,ONE_POINT,100,100,RANDOM,3
346,34700,113.8051438331604,48249,48280.6,0,0.4,0.25,20,ONE_POINT,100,100,RANDOM,3
347,34800,114.14455986022949,48151,48172.3,0,0.4,0.25,20,ONE_POINT,100,100,RANDOM,3
348,34900,114.43151998519897,48088,48090.94,0,0.4,0.25,20,ONE_POINT,100,100,RANDOM,3
349,35000,114.72832465171814,48033,48036.84,0,0.4,0.25,20,ONE_POINT,100,100,RANDOM,3
350,35100,115.05263066291809,47943,47964.32,0,0.4,0.25,20,ONE_POINT,100,100,RANDOM,3
351,35200,115.35508060455322,47888,47891.55,0,0.4,0.25,20,ONE_POINT,100,100,RANDOM,3
352,35300,115.68251991271973,47854,47856.4,0,0.4,0.25,20,ONE_POINT,100,100,RANDOM,3
353,35400,116.0317268371582,47803,47807.42,0,0.4,0.25,20,ONE_POINT,100,100,RANDOM,3
354,35500,116.38731932640076,47760,47762.15,0,0.4,0.25,20,ONE_POINT,100,100,RANDOM,3
355,35600,116.68694996833801,47702,47706.36,0,0.4,0.25,20,ONE_POINT,100,100,RANDOM,3
356,35700,116.98827052116394,47629,47633.38,0,0.4,0.25,20,ONE_POINT,100,100,RANDOM,3
357,35800,117.28723073005676,47580,47614.05,0,0.4,0.25,20,ONE_POINT,100,100,RANDOM,3
358,35900,117.57522106170654,47503,47507.61,0,0.4,0.25,20,ONE_POINT,100,100,RANDOM,3
359,36000,117.8814389705658,47388,47394.9,0,0.4,0.25,20,ONE_POINT,100,100,RANDOM,3
360,36100,118.2115490436554,47317,47321.26,0,0.4,0.25,20,ONE_POINT,100,100,RANDOM,3
361,36200,118.53865385055542,47296,47364.78,0,0.4,0.25,20,ONE_POINT,100,100,RANDOM,3
362,36300,118.87818193435669,47248,47253.09,0,0.4,0.25,20,ONE_POINT,100,100,RANDOM,3
363,36400,119.22844052314758,47217,47219.69,0,0.4,0.25,20,ONE_POINT,100,100,RANDOM,3
364,36500,119.52371573448181,47175,47188.68,0,0.4,0.25,20,ONE_POINT,100,100,RANDOM,3
365,36600,119.84481859207153,47144,47147.0,0,0.4,0.25,20,ONE_POINT,100,100,RANDOM,3
366,36700,120.15166568756104,47072,47085.98,0,0.4,0.25,20,ONE_POINT,100,100,RANDOM,3
367,36800,120.47746253013611,47011,47016.22,0,0.4,0.25,20,ONE_POINT,100,100,RANDOM,3
368,36900,120.81495070457458,46988,47128.17,0,0.4,0.25,20,ONE_POINT,100,100,RANDOM,3
369,37000,121.12650036811829,46908,46913.38,0,0.4,0.25,20,ONE_POINT,100,100,RANDOM,3
370,37100,121.41986083984375,46848,46861.7,0,0.4,0.25,20,ONE_POINT,100,100,RANDOM,3
371,37200,121.76299047470093,46821,46841.02,0,0.4,0.25,20,ONE_POINT,100,100,RANDOM,3
372,37300,122.08334803581238,46754,46779.35,0,0.4,0.25,20,ONE_POINT,100,100,RANDOM,3
373,37400,122.38420486450195,46699,46705.85,0,0.4,0.25,20,ONE_POINT,100,100,RANDOM,3
374,37500,122.71382188796997,46669,46673.83,0,0.4,0.25,20,ONE_POINT,100,100,RANDOM,3
375,37600,123.03404879570007,46633,46637.68,0,0.4,0.25,20,ONE_POINT,100,100,RANDOM,3
376,37700,123.33286690711975,46527,46532.66,0,0.4,0.25,20,ONE_POINT,100,100,RANDOM,3
377,37800,123.6399073600769,46472,46477.48,0,0.4,0.25,20,ONE_POINT,100,100,RANDOM,3
378,37900,123.92722725868225,46382,46389.67,0,0.4,0.25,20,ONE_POINT,100,100,RANDOM,3
379,38000,124.25463056564331,46331,46333.55,0,0.4,0.25,20,ONE_POINT,100,100,RANDOM,3
380,38100,124.57365441322327,46274,46290.22,0,0.4,0.25,20,ONE_POINT,100,100,RANDOM,3
381,38200,124.8674738407135,46196,46203.44,0,0.4,0.25,20,ONE_POINT,100,100,RANDOM,3
382,38300,125.22223567962646,46116,46121.58,0,0.4,0.25,20,ONE_POINT,100,100,RANDOM,3
383,38400,125.51483249664307,46008,46017.29,0,0.4,0.25,20,ONE_POINT,100,100,RANDOM,3
384,38500,125.79986572265625,45961,45965.53,0,0.4,0.25,20,ONE_POINT,100,100,RANDOM,3
385,38600,126.08688998222351,45843,45848.12,0,0.4,0.25,20,ONE_POINT,100,100,RANDOM,3
386,38700,126.42044711112976,45812,45818.28,0,0.4,0.25,20,ONE_POINT,100,100,RANDOM,3
387,38800,126.73690366744995,45770,45780.44,0,0.4,0.25,20,ONE_POINT,100,100,RANDOM,3
388,38900,127.07183623313904,45691,45696.53,0,0.4,0.25,20,ONE_POINT,100,100,RANDOM,3
389,39000,127.37872385978699,45609,45613.92,0,0.4,0.25,20,ONE_POINT,100,100,RANDOM,3
390,39100,127.7081995010376,45545,45551.73,0,0.4,0.25,20,ONE_POINT,100,100,RANDOM,3
391,39200,128.01527905464172,45511,45514.06,0,0.4,0.25,20,ONE_POINT,100,100,RANDOM,3
392,39300,128.31549763679504,45432,45438.16,0,0.4,0.25,20,ONE_POINT,100,100,RANDOM,3
393,39400,128.61766719818115,45339,45349.58,0,0.4,0.25,20,ONE_POINT,100,100,RANDOM,3
394,39500,128.92045211791992,45287,45297.77,0,0.4,0.25,20,ONE_POINT,100,100,RANDOM,3
395,39600,129.25322580337524,45243,45246.84,0,0.4,0.25,20,ONE_POINT,100,100,RANDOM,3
396,39700,129.55576086044312,45195,45218.99,0,0.4,0.25,20,ONE_POINT,100,100,RANDOM,3
397,39800,129.8815038204193,45170,45252.08,0,0.4,0.25,20,ONE_POINT,100,100,RANDOM,3
398,39900,130.21613931655884,45143,45153.86,0,0.4,0.25,20,ONE_POINT,100,100,RANDOM,3
399,40000,130.52547073364258,45096,45100.62,0,0.4,0.25,20,ONE_POINT,100,100,RANDOM,3
400,40100,130.84361457824707,45040,45044.09,0,0.4,0.25,20,ONE_POINT,100,100,RANDOM,3
401,40200,131.14915442466736,45016,45019.47,0,0.4,0.25,20,ONE_POINT,100,100,RANDOM,3
402,40300,131.442485332489,44663,44688.91,0,0.4,0.25,20,ONE_POINT,100,100,RANDOM,3
403,40400,131.81671166419983,44557,44567.69,0,0.4,0.25,20,ONE_POINT,100,100,RANDOM,3
404,40500,132.1348204612732,44472,44477.95,0,0.4,0.25,20,ONE_POINT,100,100,RANDOM,3
405,40600,132.47566199302673,44419,44436.21,0,0.4,0.25,20,ONE_POINT,100,100,RANDOM,3
406,40700,132.83658027648926,44387,44398.91,0,0.4,0.25,20,ONE_POINT,100,100,RANDOM,3
407,40800,133.18983674049377,44262,44271.88,0,0.4,0.25,20,ONE_POINT,100,100,RANDOM,3
408,40900,133.4842131137848,44146,44153.57,0,0.4,0.25,20,ONE_POINT,100,100,RANDOM,3
409,41000,133.7964096069336,44094,44101.49,0,0.4,0.25,20,ONE_POINT,100,100,RANDOM,3
410,41100,134.08586144447327,44047,44049.82,0,0.4,0.25,20,ONE_POINT,100,100,RANDOM,3
411,41200,134.37538981437683,44006,44009.74,0,0.4,0.25,20,ONE_POINT,100,100,RANDOM,3
412,41300,134.7100579738617,43917,43950.36,0,0.4,0.25,20,ONE_POINT,100,100,RANDOM,3
413,41400,135.01404666900635,43901,43903.18,0,0.4,0.25,20,ONE_POINT,100,100,RANDOM,3
414,41500,135.30266642570496,43871,43890.51,0,0.4,0.25,20,ONE_POINT,100,100,RANDOM,3
415,41600,135.6076271533966,43836,43840.49,0,0.4,0.25,20,ONE_POINT,100,100,RANDOM,3
416,41700,135.91571521759033,43792,43798.51,0,0.4,0.25,20,ONE_POINT,100,100,RANDOM,3
417,41800,136.2333426475525,43772,43774.12,0,0.4,0.25,20,ONE_POINT,100,100,RANDOM,3
418,41900,136.5747470855713,43691,43712.11,0,0.4,0.25,20,ONE_POINT,100,100,RANDOM,3
419,42000,136.8662247657776,43663,43672.25,0,0.4,0.25,20,ONE_POINT,100,100,RANDOM,3
420,42100,137.2131223678589,43633,43638.4,0,0.4,0.25,20,ONE_POINT,100,100,RANDOM,3
421,42200,137.5284938812256,43570,43575.52,0,0.4,0.25,20,ONE_POINT,100,100,RANDOM,3
422,42300,137.82227420806885,43509,43514.19,0,0.4,0.25,20,ONE_POINT,100,100,RANDOM,3
423,42400,138.14902591705322,43466,43480.22,0,0.4,0.25,20,ONE_POINT,100,100,RANDOM,3
424,42500,138.47197937965393,43447,43449.33,0,0.4,0.25,20,ONE_POINT,100,100,RANDOM,3
425,42600,138.76705384254456,43412,43414.99,0,0.4,0.25,20,ONE_POINT,100,100,RANDOM,3
426,42700,139.1115643978119,43339,43577.31,0,0.4,0.25,20,ONE_POINT,100,100,RANDOM,3
427,42800,139.39609336853027,43319,43327.2,0,0.4,0.25,20,ONE_POINT,100,100,RANDOM,3
428,42900,139.728018283844,43287,43295.14,0,0.4,0.25,20,ONE_POINT,100,100,RANDOM,3
429,43000,140.06150221824646,43191,43197.36,0,0.4,0.25,20,ONE_POINT,100,100,RANDOM,3
430,43100,140.3502504825592,43144,43150.28,0,0.4,0.25,20,ONE_POINT,100,100,RANDOM,3
431,43200,140.67501378059387,43066,43070.68,0,0.4,0.25,20,ONE_POINT,100,100,RANDOM,3
432,43300,141.00446915626526,43019,43022.29,0,0.4,0.25,20,ONE_POINT,100,100,RANDOM,3
433,43400,141.32445192337036,42994,43000.02,0,0.4,0.25,20,ONE_POINT,100,100,RANDOM,3
434,43500,141.66126084327698,42956,42958.85,0,0.4,0.25,20,ONE_POINT,100,100,RANDOM,3
435,43600,141.96022033691406,42825,42830.32,0,0.4,0.25,20,ONE_POINT,100,100,RANDOM,3
436,43700,142.26495003700256,42796,42798.32,0,0.4,0.25,20,ONE_POINT,100,100,RANDOM,3
437,43800,142.5856852531433,42703,42709.02,0,0.4,0.25,20,ONE_POINT,100,100,RANDOM,3
438,43900,142.89938640594482,42607,42627.88,0,0.4,0.25,20,ONE_POINT,100,100,RANDOM,3
439,44000,143.2272913455963,42534,42539.98,0,0.4,0.25,20,ONE_POINT,100,100,RANDOM,3
440,44100,143.51726365089417,42476,42479.48,0,0.4,0.25,20,ONE_POINT,100,100,RANDOM,3
441,44200,143.84131169319153,42439,42443.75,0,0.4,0.25,20,ONE_POINT,100,100,RANDOM,3
442,44300,144.16225242614746,42401,42408.73,0,0.4,0.25,20,ONE_POINT,100,100,RANDOM,3
443,44400,144.48847341537476,42359,42376.58,0,0.4,0.25,20,ONE_POINT,100,100,RANDOM,3
444,44500,144.79026055335999,42284,42292.21,0,0.4,0.25,20,ONE_POINT,100,100,RANDOM,3
445,44600,145.12851858139038,42242,42246.5,0,0.4,0.25,20,ONE_POINT,100,100,RANDOM,3
446,44700,145.46663093566895,42209,42213.36,0,0.4,0.25,20,ONE_POINT,100,100,RANDOM,3
447,44800,145.7569649219513,42153,42164.3,0,0.4,0.25,20,ONE_POINT,100,100,RANDOM,3
448,44900,146.0846884250641,42122,42125.52,0,0.4,0.25,20,ONE_POINT,100,100,RANDOM,3
449,45000,146.37784123420715,42091,42095.48,0,0.4,0.25,20,ONE_POINT,100,100,RANDOM,3
450,45100,146.67262887954712,42055,42059.13,0,0.4,0.25,20,ONE_POINT,100,100,RANDOM,3
451,45200,147.01326894760132,42025,42027.2,0,0.4,0.25,20,ONE_POINT,100,100,RANDOM,3
452,45300,147.30930066108704,41970,42010.48,0,0.4,0.25,20,ONE_POINT,100,100,RANDOM,3
453,45400,147.6126868724823,41917,41920.88,0,0.4,0.25,20,ONE_POINT,100,100,RANDOM,3
454,45500,147.90544438362122,41894,41908.84,0,0.4,0.25,20,ONE_POINT,100,100,RANDOM,3
455,45600,148.23438167572021,41842,41851.04,0,0.4,0.25,20,ONE_POINT,100,100,RANDOM,3
456,45700,148.5649802684784,41817,41819.52,0,0.4,0.25,20,ONE_POINT,100,100,RANDOM,3
457,45800,148.88692593574524,41767,41771.5,0,0.4,0.25,20,ONE_POINT,100,100,RANDOM,3
458,45900,149.20780277252197,41721,41744.23,0,0.4,0.25,20,ONE_POINT,100,100,RANDOM,3
459,46000,149.54635381698608,41708,41712.02,0,0.4,0.25,20,ONE_POINT,100,100,RANDOM,3
460,46100,149.85609579086304,41686,41697.79,0,0.4,0.25,20,ONE_POINT,100,100,RANDOM,3
461,46200,150.1852536201477,41662,41686.56,0,0.4,0.25,20,ONE_POINT,100,100,RANDOM,3
462,46300,150.50510048866272,41597,41607.13,0,0.4,0.25,20,ONE_POINT,100,100,RANDOM,3
463,46400,150.81148195266724,41570,41573.68,0,0.4,0.25,20,ONE_POINT,100,100,RANDOM,3
464,46500,151.11872839927673,41541,41562.97,0,0.4,0.25,20,ONE_POINT,100,100,RANDOM,3
465,46600,151.459552526474,41501,41506.3,0,0.4,0.25,20,ONE_POINT,100,100,RANDOM,3
466,46700,151.75325679779053,41480,41482.2,0,0.4,0.25,20,ONE_POINT,100,100,RANDOM,3
467,46800,152.09329462051392,41477,41486.0,0,0.4,0.25,20,ONE_POINT,100,100,RANDOM,3
468,46900,152.44701480865479,41443,41450.69,0,0.4,0.25,20,ONE_POINT,100,100,RANDOM,3
469,47000,152.7989695072174,41405,41409.09,0,0.4,0.25,20,ONE_POINT,100,100,RANDOM,3
470,47100,153.1417100429535,41328,41332.72,0,0.4,0.25,20,ONE_POINT,100,100,RANDOM,3
471,47200,153.4302372932434,41278,41283.25,0,0.4,0.25,20,ONE_POINT,100,100,RANDOM,3
472,47300,153.73167157173157,41256,41263.74,0,0.4,0.25,20,ONE_POINT,100,100,RANDOM,3
473,47400,154.0355246067047,41196,41264.56,0,0.4,0.25,20,ONE_POINT,100,100,RANDOM,3
474,47500,154.35891366004944,41143,41157.82,0,0.4,0.25,20,ONE_POINT,100,100,RANDOM,3
475,47600,154.68591237068176,41137,41138.63,0,0.4,0.25,20,ONE_POINT,100,100,RANDOM,3
476,47700,155.0268416404724,41106,41119.94,0,0.4,0.25,20,ONE_POINT,100,100,RANDOM,3
477,47800,155.39423322677612,41090,41095.97,0,0.4,0.25,20,ONE_POINT,100,100,RANDOM,3
478,47900,155.68969345092773,41059,41065.59,0,0.4,0.25,20,ONE_POINT,100,100,RANDOM,3
479,48000,155.99497509002686,41008,41014.72,0,0.4,0.25,20,ONE_POINT,100,100,RANDOM,3
480,48100,156.30829238891602,40984,40988.4,0,0.4,0.25,20,ONE_POINT,100,100,RANDOM,3
481,48200,156.60876893997192,40928,40935.2,0,0.4,0.25,20,ONE_POINT,100,100,RANDOM,3
482,48300,156.8969371318817,40877,40882.92,0,0.4,0.25,20,ONE_POINT,100,100,RANDOM,3
483,48400,157.24490690231323,40806,40814.54,0,0.4,0.25,20,ONE_POINT,100,100,RANDOM,3
484,48500,157.55104684829712,40776,40781.86,0,0.4,0.25,20,ONE_POINT,100,100,RANDOM,3
485,48600,157.86785435676575,40749,40769.75,0,0.4,0.25,20,ONE_POINT,100,100,RANDOM,3
486,48700,158.1676299571991,40670,40699.57,0,0.4,0.25,20,ONE_POINT,100,100,RANDOM,3
487,48800,158.47446036338806,40627,40729.74,0,0.4,0.25,20,ONE_POINT,100,100,RANDOM,3
488,48900,158.80306553840637,40603,40609.3,0,0.4,0.25,20,ONE_POINT,100,100,RANDOM,3
489,49000,159.14836812019348,40584,40589.31,0,0.4,0.25,20,ONE_POINT,100,100,RANDOM,3
490,49100,159.45913076400757,40530,40580.28,0,0.4,0.25,20,ONE_POINT,100,100,RANDOM,3
491,49200,159.78563594818115,40488,40489.75,0,0.4,0.25,20,ONE_POINT,100,100,RANDOM,3
492,49300,160.08297324180603,40441,40443.65,0,0.4,0.25,20,ONE_POINT,100,100,RANDOM,3
493,49400,160.38343119621277,40419,40422.16,0,0.4,0.25,20,ONE_POINT,100,100,RANDOM,3
494,49500,160.69476652145386,40368,40373.07,0,0.4,0.25,20,ONE_POINT,100,100,RANDOM,3
495,49600,160.9879276752472,40302,40306.01,0,0.4,0.25,20,ONE_POINT,100,100,RANDOM,3
496,49700,161.28481101989746,40226,40230.36,0,0.4,0.25,20,ONE_POINT,100,100,RANDOM,3
497,49800,161.57868766784668,40202,40230.6,0,0.4,0.25,20,ONE_POINT,100,100,RANDOM,3
498,49900,161.9124367237091,40188,40190.41,0,0.4,0.25,20,ONE_POINT,100,100,RANDOM,3
499,50000,162.2039394378662,40171,40174.43,0,0.4,0.25,20,ONE_POINT,100,100,RANDOM,3
500,50100,162.50733494758606,40127,40141.14,0,0.4,0.25,20,ONE_POINT,100,100,RANDOM,3
1,200,0.2335822582244873,140254,137359.06,0,0.4,0.25,20,ONE_POINT,100,100,RANDOM,4
2,300,0.5928037166595459,135681,135722.41,0,0.4,0.25,20,ONE_POINT,100,100,RANDOM,4
3,400,0.9426181316375732,134623,134642.58,0,0.4,0.25,20,ONE_POINT,100,100,RANDOM,4
4,500,1.2817771434783936,133695,133713.56,0,0.4,0.25,20,ONE_POINT,100,100,RANDOM,4
5,600,1.6054410934448242,133057,133069.76,0,0.4,0.25,20,ONE_POINT,100,100,RANDOM,4
6,700,1.9511299133300781,132560,132591.5,0,0.4,0.25,20,ONE_POINT,100,100,RANDOM,4
7,800,2.289259195327759,131943,131955.34,0,0.4,0.25,20,ONE_POINT,100,100,RANDOM,4
8,900,2.63798451423645,131323,131343.13,0,0.4,0.25,20,ONE_POINT,100,100,RANDOM,4
9,1000,2.9957475662231445,130703,130729.65,0,0.4,0.25,20,ONE_POINT,100,100,RANDOM,4
10,1100,3.3100855350494385,129911,129992.46,0,0.4,0.25,20,ONE_POINT,100,100,RANDOM,4
11,1200,3.635782241821289,129155,129177.68,0,0.4,0.25,20,ONE_POINT,100,100,RANDOM,4
12,1300,3.9689338207244873,128876,128887.16,0,0.4,0.25,20,ONE_POINT,100,100,RANDOM,4
13,1400,4.329862117767334,128095,128105.67,0,0.4,0.25,20,ONE_POINT,100,100,RANDOM,4
14,1500,4.695732355117798,127580,127595.45,0,0.4,0.25,20,ONE_POINT,100,100,RANDOM,4
15,1600,5.007132530212402,126213,126245.49,0,0.4,0.25,20,ONE_POINT,100,100,RANDOM,4
16,1700,5.373026371002197,125680,125695.99,0,0.4,0.25,20,ONE_POINT,100,100,RANDOM,4
17,1800,5.72117018699646,125359,125385.32,0,0.4,0.25,20,ONE_POINT,100,100,RANDOM,4
18,1900,6.0814220905303955,124880,124900.26,0,0.4,0.25,20,ONE_POINT,100,100,RANDOM,4
19,2000,6.447658061981201,124527,124583.86,0,0.4,0.25,20,ONE_POINT,100,100,RANDOM,4
20,2100,6.79262900352478,123680,123727.96,0,0.4,0.25,20,ONE_POINT,100,100,RANDOM,4
21,2200,7.123594760894775,123278,123294.76,0,0.4,0.25,20,ONE_POINT,100,100,RANDOM,4
22,2300,7.47341513633728,122551,122580.52,0,0.4,0.25,20,ONE_POINT,100,100,RANDOM,4
23,2400,7.772321939468384,121689,121715.8,0,0.4,0.25,20,ONE_POINT,100,100,RANDOM,4
24,2500,8.11827301979065,121324,121359.94,0,0.4,0.25,20,ONE_POINT,100,100,RANDOM,4
25,2600,8.440559387207031,120442,120489.15,0,0.4,0.25,20,ONE_POINT,100,100,RANDOM,4
26,2700,8.76604437828064,119260,119339.66,0,0.4,0.25,20,ONE_POINT,100,100,RANDOM,4
27,2800,9.091482639312744,118702,118718.74,0,0.4,0.25,20,ONE_POINT,100,100,RANDOM,4
28,2900,9.428210496902466,118422,118433.16,0,0.4,0.25,20,ONE_POINT,100,100,RANDOM,4
29,3000,9.766965389251709,117526,117544.62,0,0.4,0.25,20,ONE_POINT,100,100,RANDOM,4
30,3100,10.107669591903687,117022,117042.16,0,0.4,0.25,20,ONE_POINT,100,100,RANDOM,4
31,3200,10.456154346466064,116545,116559.39,0,0.4,0.25,20,ONE_POINT,100,100,RANDOM,4
32,3300,10.776334762573242,116194,116234.32,0,0.4,0.25,20,ONE_POINT,100,100,RANDOM,4
33,3400,11.082261323928833,115640,115656.25,0,0.4,0.25,20,ONE_POINT,100,100,RANDOM,4
34,3500,11.39243769645691,115190,115208.0,0,0.4,0.25,20,ONE_POINT,100,100,RANDOM,4
35,3600,11.766250610351562,114861,114874.13,0,0.4,0.25,20,ONE_POINT,100,100,RANDOM,4
36,3700,12.130499601364136,113952,113980.33,0,0.4,0.25,20,ONE_POINT,100,100,RANDOM,4
37,3800,12.486224174499512,113507,113524.03,0,0.4,0.25,20,ONE_POINT,100,100,RANDOM,4
38,3900,12.825406551361084,112724,112759.69,0,0.4,0.25,20,ONE_POINT,100,100,RANDOM,4
39,4000,13.187987804412842,112275,112312.31,0,0.4,0.25,20,ONE_POINT,100,100,RANDOM,4
40,4100,13.52328896522522,111614,111628.02,0,0.4,0.25,20,ONE_POINT,100,100,RANDOM,4
41,4200,13.848435878753662,110865,110887.57,0,0.4,0.25,20,ONE_POINT,100,100,RANDOM,4
42,4300,14.190821886062622,110732,110744.61,0,0.4,0.25,20,ONE_POINT,100,100,RANDOM,4
43,4400,14.522437810897827,110406,110439.07,0,0.4,0.25,20,ONE_POINT,100,100,RANDOM,4
44,4500,14.860667943954468,109643,109665.89,0,0.4,0.25,20,ONE_POINT,100,100,RANDOM,4
45,4600,15.23261046409607,109137,109147.12,0,0.4,0.25,20,ONE_POINT,100,100,RANDOM,4
46,4700,15.551570177078247,108278,108295.18,0,0.4,0.25,20,ONE_POINT,100,100,RANDOM,4
47,4800,15.836638689041138,107660,107672.67,0,0.4,0.25,20,ONE_POINT,100,100,RANDOM,4
48,4900,16.154810905456543,107268,107275.84,0,0.4,0.25,20,ONE_POINT,100,100,RANDOM,4
49,5000,16.487592220306396,106883,106894.55,0,0.4,0.25,20,ONE_POINT,100,100,RANDOM,4
50,5100,16.80298638343811,106248,106274.21,0,0.4,0.25,20,ONE_POINT,100,100,RANDOM,4
51,5200,17.10512638092041,105532,105545.56,0,0.4,0.25,20,ONE_POINT,100,100,RANDOM,4
52,5300,17.420897722244263,105244,105256.59,0,0.4,0.25,20,ONE_POINT,100,100,RANDOM,4
53,5400,17.79982852935791,104885,104895.77,0,0.4,0.25,20,ONE_POINT,100,100,RANDOM,4
54,5500,18.114526510238647,104567,104638.19,0,0.4,0.25,20,ONE_POINT,100,100,RANDOM,4
55,5600,18.41776180267334,104110,104184.06,0,0.4,0.25,20,ONE_POINT,100,100,RANDOM,4
56,5700,18.720253229141235,103424,103437.71,0,0.4,0.25,20,ONE_POINT,100,100,RANDOM,4
57,5800,19.01779007911682,103064,103079.66,0,0.4,0.25,20,ONE_POINT,100,100,RANDOM,4
58,5900,19.35036301612854,102571,102585.79,0,0.4,0.25,20,ONE_POINT,100,100,RANDOM,4
59,6000,19.667572021484375,101956,101974.69,0,0.4,0.25,20,ONE_POINT,100,100,RANDOM,4
60,6100,20.00990319252014,101533,101545.71,0,0.4,0.25,20,ONE_POINT,100,100,RANDOM,4
61,6200,20.324259996414185,100878,100897.34,0,0.4,0.25,20,ONE_POINT,100,100,RANDOM,4
62,6300,20.62565326690674,100515,100567.01,0,0.4,0.25,20,ONE_POINT,100,100,RANDOM,4
63,6400,20.911965370178223,100291,100299.96,0,0.4,0.25,20,ONE_POINT,100,100,RANDOM,4
64,6500,21.222191095352173,99941,99945.4,0,0.4,0.25,20,ONE_POINT,100,100,RANDOM,4
65,6600,21.528363704681396,99695,99705.49,0,0.4,0.25,20,ONE_POINT,100,100,RANDOM,4
66,6700,21.824289560317993,99308,99318.62,0,0.4,0.25,20,ONE_POINT,100,100,RANDOM,4
67,6800,22.114113092422485,99067,99077.16,0,0.4,0.25,20,ONE_POINT,100,100,RANDOM,4
68,6900,22.4159517288208,98924,98932.9,0,0.4,0.25,20,ONE_POINT,100,100,RANDOM,4
69,7000,22.744134426116943,98769,98806.23,0,0.4,0.25,20,ONE_POINT,100,100,RANDOM,4
70,7100,23.043503999710083,98170,98202.16,0,0.4,0.25,20,ONE_POINT,100,100,RANDOM,4
71,7200,23.335911512374878,97772,97789.18,0,0.4,0.25,20,ONE_POINT,100,100,RANDOM,4
72,7300,23.634856462478638,97389,97444.86,0,0.4,0.25,20,ONE_POINT,100,100,RANDOM,4
73,7400,23.957289695739746,96724,96747.88,0,0.4,0.25,20,ONE_POINT,100,100,RANDOM,4
74,7500,24.2810537815094,96518,96525.72,0,0.4,0.25,20,ONE_POINT,100,100,RANDOM,4
75,7600,24.601248264312744,96363,96371.26,0,0.4,0.25,20,ONE_POINT,100,100,RANDOM,4
76,7700,24.944363594055176,96148,96156.85,0,0.4,0.25,20,ONE_POINT,100,100,RANDOM,4
77,7800,25.24172043800354,95675,95706.68,0,0.4,0.25,20,ONE_POINT,100,100,RANDOM,4
78,7900,25.57410430908203,95398,95406.45,0,0.4,0.25,20,ONE_POINT,100,100,RANDOM,4
79,8000,25.986060857772827,95116,95125.47,0,0.4,0.25,20,ONE_POINT,100,100,RANDOM,4
80,8100,26.383036375045776,94790,94796.33,0,0.4,0.25,20,ONE_POINT,100,100,RANDOM,4
81,8200,26.68562650680542,94173,94199.41,0,0.4,0.25,20,ONE_POINT,100,100,RANDOM,4
82,8300,27.04127812385559,94050,94055.76,0,0.4,0.25,20,ONE_POINT,100,100,RANDOM,4
83,8400,27.404515504837036,93762,93770.94,0,0.4,0.25,20,ONE_POINT,100,100,RANDOM,4
84,8500,27.794698238372803,93515,93525.04,0,0.4,0.25,20,ONE_POINT,100,100,RANDOM,4
85,8600,28.180875062942505,93217,93309.03,0,0.4,0.25,20,ONE_POINT,100,100,RANDOM,4
86,8700,28.591007232666016,92920,92934.86,0,0.4,0.25,20,ONE_POINT,100,100,RANDOM,4
87,8800,28.914515018463135,92706,92716.32,0,0.4,0.25,20,ONE_POINT,100,100,RANDOM,4
88,8900,29.247250080108643,92426,92435.46,0,0.4,0.25,20,ONE_POINT,100,100,RANDOM,4
89,9000,29.680770874023438,92208,92216.72,0,0.4,0.25,20,ONE_POINT,100,100,RANDOM,4
90,9100,30.036487817764282,91659,91703.83,0,0.4,0.25,20,ONE_POINT,100,100,RANDOM,4
91,9200,30.37255072593689,91325,91347.81,0,0.4,0.25,20,ONE_POINT,100,100,RANDOM,4
92,9300,30.693162202835083,91179,91183.97,0,0.4,0.25,20,ONE_POINT,100,100,RANDOM,4
93,9400,31.008094787597656,90820,90830.77,0,0.4,0.25,20,ONE_POINT,100,100,RANDOM,4
94,9500,31.42471718788147,90266,90282.62,0,0.4,0.25,20,ONE_POINT,100,100,RANDOM,4
95,9600,31.75572443008423,89953,89991.53,0,0.4,0.25,20,ONE_POINT,100,100,RANDOM,4
96,9700,32.12764620780945,89769,89791.92,0,0.4,0.25,20,ONE_POINT,100,100,RANDOM,4
97,9800,32.48211741447449,89110,89129.77,0,0.4,0.25,20,ONE_POINT,100,100,RANDOM,4
98,9900,32.79333829879761,88853,88866.3,0,0.4,0.25,20,ONE_POINT,100,100,RANDOM,4
99,10000,33.124852895736694,88683,88691.5,0,0.4,0.25,20,ONE_POINT,100,100,RANDOM,4
100,10100,33.439568281173706,88442,88510.45,0,0.4,0.25,20,ONE_POINT,100,100,RANDOM,4
101,10200,33.75998830795288,87779,87798.89,0,0.4,0.25,20,ONE_POINT,100,100,RANDOM,4
102,10300,34.070539474487305,87510,87520.76,0,0.4,0.25,20,ONE_POINT,100,100,RANDOM,4
103,10400,34.41234517097473,87201,87213.49,0,0.4,0.25,20,ONE_POINT,100,100,RANDOM,4
104,10500,34.72769832611084,86165,86196.08,0,0.4,0.25,20,ONE_POINT,100,100,RANDOM,4
105,10600,35.10648465156555,85525,85537.82,0,0.4,0.25,20,ONE_POINT,100,100,RANDOM,4
106,10700,35.53329586982727,85079,85130.96,0,0.4,0.25,20,ONE_POINT,100,100,RANDOM,4
107,10800,35.913841009140015,84694,84721.27,0,0.4,0.25,20,ONE_POINT,100,100,RANDOM,4
108,10900,36.251949071884155,84422,84432.71,0,0.4,0.25,20,ONE_POINT,100,100,RANDOM,4
109,11000,36.5434730052948,84061,84104.84,0,0.4,0.25,20,ONE_POINT,100,100,RANDOM,4
110,11100,36.85909676551819,83801,83811.4,0,0.4,0.25,20,ONE_POINT,100,100,RANDOM,4
111,11200,37.189918756484985,83205,83232.53,0,0.4,0.25,20,ONE_POINT,100,100,RANDOM,4
112,11300,37.55502200126648,82932,82945.62,0,0.4,0.25,20,ONE_POINT,100,100,RANDOM,4
113,11400,37.89796733856201,82561,82574.94,0,0.4,0.25,20,ONE_POINT,100,100,RANDOM,4
114,11500,38.20976281166077,82469,82493.95,0,0.4,0.25,20,ONE_POINT,100,100,RANDOM,4
115,11600,38.53346872329712,82321,82326.23,0,0.4,0.25,20,ONE_POINT,100,100,RANDOM,4
116,11700,38.912978172302246,81978,81995.48,0,0.4,0.25,20,ONE_POINT,100,100,RANDOM,4
117,11800,39.222652196884155,81697,81725.09,0,0.4,0.25,20,ONE_POINT,100,100,RANDOM,4
118,11900,39.56058049201965,81360,81398.98,0,0.4,0.25,20,ONE_POINT,100,100,RANDOM,4
119,12000,39.898990869522095,81051,81065.04,0,0.4,0.25,20,ONE_POINT,100,100,RANDOM,4
120,12100,40.21154856681824,80441,80468.0,0,0.4,0.25,20,ONE_POINT,100,100,RANDOM,4
121,12200,40.54013991355896,80173,80183.72,0,0.4,0.25,20,ONE_POINT,100,100,RANDOM,4
122,12300,40.858566999435425,79991,80000.05,0,0.4,0.25,20,ONE_POINT,100,100,RANDOM,4
123,12400,41.230942487716675,79625,79640.28,0,0.4,0.25,20,ONE_POINT,100,100,RANDOM,4
124,12500,41.5519585609436,79429,79451.73,0,0.4,0.25,20,ONE_POINT,100,100,RANDOM,4
125,12600,41.8726909160614,79177,79204.83,0,0.4,0.25,20,ONE_POINT,100,100,RANDOM,4
126,12700,42.21394228935242,78854,78866.11,0,0.4,0.25,20,ONE_POINT,100,100,RANDOM,4
127,12800,42.52851128578186,78330,78351.57,0,0.4,0.25,20,ONE_POINT,100,100,RANDOM,4
128,12900,42.85765790939331,77923,77939.28,0,0.4,0.25,20,ONE_POINT,100,100,RANDOM,4
129,13000,43.14569711685181,77657,77697.54,0,0.4,0.25,20,ONE_POINT,100,100,RANDOM,4
130,13100,43.47805571556091,77480,77487.08,0,0.4,0.25,20,ONE_POINT,100,100,RANDOM,4
131,13200,43.86836791038513,76933,76949.31,0,0.4,0.25,20,ONE_POINT,100,100,RANDOM,4
132,13300,44.156840562820435,76689,76735.91,0,0.4,0.25,20,ONE_POINT,100,100,RANDOM,4
133,13400,44.52358436584473,76287,76303.15,0,0.4,0.25,20,ONE_POINT,100,100,RANDOM,4
134,13500,44.84332036972046,76147,76154.66,0,0.4,0.25,20,ONE_POINT,100,100,RANDOM,4
135,13600,45.147433042526245,75863,75879.86,0,0.4,0.25,20,ONE_POINT,100,100,RANDOM,4
136,13700,45.50668287277222,75540,75543.23,0,0.4,0.25,20,ONE_POINT,100,100,RANDOM,4
137,13800,45.82199764251709,75288,75301.2,0,0.4,0.25,20,ONE_POINT,100,100,RANDOM,4
138,13900,46.16787075996399,74974,75054.14,0,0.4,0.25,20,ONE_POINT,100,100,RANDOM,4
139,14000,46.482497453689575,74810,74834.4,0,0.4,0.25,20,ONE_POINT,100,100,RANDOM,4
140,14100,46.83248567581177,74648,74656.04,0,0.4,0.25,20,ONE_POINT,100,100,RANDOM,4
141,14200,47.15932083129883,74473,74480.0,0,0.4,0.25,20,ONE_POINT,100,100,RANDOM,4
142,14300,47.46694755554199,74316,74323.77,0,0.4,0.25,20,ONE_POINT,100,100,RANDOM,4
143,14400,47.84139370918274,74064,74077.9,0,0.4,0.25,20,ONE_POINT,100,100,RANDOM,4
144,14500,48.211671113967896,73955,73988.95,0,0.4,0.25,20,ONE_POINT,100,100,RANDOM,4
145,14600,48.54766654968262,73746,73750.39,0,0.4,0.25,20,ONE_POINT,100,100,RANDOM,4
146,14700,48.85454034805298,73473,73484.16,0,0.4,0.25,20,ONE_POINT,100,100,RANDOM,4
147,14800,49.1841926574707,73284,73296.55,0,0.4,0.25,20,ONE_POINT,100,100,RANDOM,4
148,14900,49.49981451034546,73084,73095.98,0,0.4,0.25,20,ONE_POINT,100,100,RANDOM,4
149,15000,49.88272547721863,72912,72922.59,0,0.4,0.25,20,ONE_POINT,100,100,RANDOM,4
150,15100,50.218382358551025,72682,72713.64,0,0.4,0.25,20,ONE_POINT,100,100,RANDOM,4
151,15200,50.53806447982788,72367,72383.39,0,0.4,0.25,20,ONE_POINT,100,100,RANDOM,4
152,15300,50.87204694747925,72151,72163.83,0,0.4,0.25,20,ONE_POINT,100,100,RANDOM,4
153,15400,51.196812868118286,72055,72061.51,0,0.4,0.25,20,ONE_POINT,100,100,RANDOM,4
154,15500,51.49981427192688,71862,71871.65,0,0.4,0.25,20,ONE_POINT,100,100,RANDOM,4
155,15600,51.84372878074646,71786,71806.58,0,0.4,0.25,20,ONE_POINT,100,100,RANDOM,4
156,15700,52.163275480270386,71573,71583.3,0,0.4,0.25,20,ONE_POINT,100,100,RANDOM,4
157,15800,52.46499514579773,71329,71338.76,0,0.4,0.25,20,ONE_POINT,100,100,RANDOM,4
158,15900,52.817978620529175,71021,71063.06,0,0.4,0.25,20,ONE_POINT,100,100,RANDOM,4
159,16000,53.15414381027222,70863,70870.9,0,0.4,0.25,20,ONE_POINT,100,100,RANDOM,4
160,16100,53.455031871795654,70685,70710.45,0,0.4,0.25,20,ONE_POINT,100,100,RANDOM,4
161,16200,53.74177074432373,70384,70395.84,0,0.4,0.25,20,ONE_POINT,100,100,RANDOM,4
162,16300,54.12439179420471,70287,70311.35,0,0.4,0.25,20,ONE_POINT,100,100,RANDOM,4
163,16400,54.460962533950806,70128,70148.93,0,0.4,0.25,20,ONE_POINT,100,100,RANDOM,4
164,16500,54.78895831108093,70045,70086.99,0,0.4,0.25,20,ONE_POINT,100,100,RANDOM,4
165,16600,55.16328144073486,69891,69901.26,0,0.4,0.25,20,ONE_POINT,100,100,RANDOM,4
166,16700,55.52536201477051,69764,69771.54,0,0.4,0.25,20,ONE_POINT,100,100,RANDOM,4
167,16800,55.85782790184021,69521,69536.31,0,0.4,0.25,20,ONE_POINT,100,100,RANDOM,4
168,16900,56.229857444763184,69360,69372.99,0,0.4,0.25,20,ONE_POINT,100,100,RANDOM,4
169,17000,56.535444259643555,69215,69224.65,0,0.4,0.25,20,ONE_POINT,100,100,RANDOM,4
170,17100,56.84879207611084,69029,69041.98,0,0.4,0.25,20,ONE_POINT,100,100,RANDOM,4
171,17200,57.17251777648926,68905,68912.59,0,0.4,0.25,20,ONE_POINT,100,100,RANDOM,4
172,17300,57.513495445251465,68757,68772.48,0,0.4,0.25,20,ONE_POINT,100,100,RANDOM,4
173,17400,57.822226762771606,68610,68630.73,0,0.4,0.25,20,ONE_POINT,100,100,RANDOM,4
174,17500,58.18522071838379,68429,68482.56,0,0.4,0.25,20,ONE_POINT,100,100,RANDOM,4
175,17600,58.52059984207153,68297,68307.23,0,0.4,0.25,20,ONE_POINT,100,100,RANDOM,4
176,17700,58.866313219070435,68080,68097.31,0,0.4,0.25,20,ONE_POINT,100,100,RANDOM,4
177,17800,59.15680956840515,67798,67851.54,0,0.4,0.25,20,ONE_POINT,100,100,RANDOM,4
178,17900,59.46896314620972,67612,67778.75,0,0.4,0.25,20,ONE_POINT,100,100,RANDOM,4
179,18000,59.78599834442139,67421,67431.88,0,0.4,0.25,20,ONE_POINT,100,100,RANDOM,4
180,18100,60.13554883003235,67301,67326.09,0,0.4,0.25,20,ONE_POINT,100,100,RANDOM,4
181,18200,60.45476293563843,67211,67234.59,0,0.4,0.25,20,ONE_POINT,100,100,RANDOM,4
182,18300,60.7887818813324,66945,66985.72,0,0.4,0.25,20,ONE_POINT,100,100,RANDOM,4
183,18400,61.12405586242676,66807,66815.58,0,0.4,0.25,20,ONE_POINT,100,100,RANDOM,4
184,18500,61.43153429031372,66624,66633.15,0,0.4,0.25,20,ONE_POINT,100,100,RANDOM,4
185,18600,61.74621272087097,66483,66501.48,0,0.4,0.25,20,ONE_POINT,100,100,RANDOM,4
186,18700,62.03411269187927,66191,66206.47,0,0.4,0.25,20,ONE_POINT,100,100,RANDOM,4
187,18800,62.35904860496521,66093,66117.45,0,0.4,0.25,20,ONE_POINT,100,100,RANDOM,4
188,18900,62.681867837905884,65853,65884.13,0,0.4,0.25,20,ONE_POINT,100,100,RANDOM,4
189,19000,62.99519991874695,65646,65657.83,0,0.4,0.25,20,ONE_POINT,100,100,RANDOM,4
190,19100,63.33285427093506,65444,65452.36,0,0.4,0.25,20,ONE_POINT,100,100,RANDOM,4
191,19200,63.664559841156006,65235,65243.36,0,0.4,0.25,20,ONE_POINT,100,100,RANDOM,4
192,19300,63.98486614227295,65062,65102.72,0,0.4,0.25,20,ONE_POINT,100,100,RANDOM,4
193,19400,64.31376361846924,64915,64929.41,0,0.4,0.25,20,ONE_POINT,100,100,RANDOM,4
194,19500,64.61915326118469,64789,64799.86,0,0.4,0.25,20,ONE_POINT,100,100,RANDOM,4
195,19600,64.94487285614014,64540,64551.08,0,0.4,0.25,20,ONE_POINT,100,100,RANDOM,4
196,19700,65.25018763542175,64451,64457.44,0,0.4,0.25,20,ONE_POINT,100,100,RANDOM,4
197,19800,65.58065819740295,64248,64260.18,0,0.4,0.25,20,ONE_POINT,100,100,RANDOM,4
198,19900,65.93021392822266,64122,64147.93,0,0.4,0.25,20,ONE_POINT,100,100,RANDOM,4
199,20000,66.23432350158691,63936,63945.35,0,0.4,0.25,20,ONE_POINT,100,100,RANDOM,4
200,20100,66.5479736328125,63883,63887.47,0,0.4,0.25,20,ONE_POINT,100,100,RANDOM,4
201,20200,66.84365439414978,63763,63775.01,0,0.4,0.25,20,ONE_POINT,100,100,RANDOM,4
202,20300,67.13560557365417,63683,63690.87,0,0.4,0.25,20,ONE_POINT,100,100,RANDOM,4
203,20400,67.50069069862366,63346,63369.89,0,0.4,0.25,20,ONE_POINT,100,100,RANDOM,4
204,20500,67.85671901702881,63137,63158.55,0,0.4,0.25,20,ONE_POINT,100,100,RANDOM,4
205,20600,68.15905690193176,63108,63110.9,0,0.4,0.25,20,ONE_POINT,100,100,RANDOM,4
206,20700,68.49597120285034,62959,62975.76,0,0.4,0.25,20,ONE_POINT,100,100,RANDOM,4
207,20800,68.81297588348389,62893,62931.04,0,0.4,0.25,20,ONE_POINT,100,100,RANDOM,4
208,20900,69.14783382415771,62743,62781.54,0,0.4,0.25,20,ONE_POINT,100,100,RANDOM,4
209,21000,69.46837043762207,62619,62637.68,0,0.4,0.25,20,ONE_POINT,100,100,RANDOM,4
210,21100,69.8234179019928,62485,62494.2,0,0.4,0.25,20,ONE_POINT,100,100,RANDOM,4
211,21200,70.11259317398071,62309,62324.46,0,0.4,0.25,20,ONE_POINT,100,100,RANDOM,4
212,21300,70.40502071380615,62194,62199.76,0,0.4,0.25,20,ONE_POINT,100,100,RANDOM,4
213,21400,70.74158906936646,62021,62032.92,0,0.4,0.25,20,ONE_POINT,100,100,RANDOM,4
214,21500,71.05803179740906,61822,61832.6,0,0.4,0.25,20,ONE_POINT,100,100,RANDOM,4
215,21600,71.37085723876953,61624,61637.87,0,0.4,0.25,20,ONE_POINT,100,100,RANDOM,4
216,21700,71.6696126461029,61479,61486.25,0,0.4,0.25,20,ONE_POINT,100,100,RANDOM,4
217,21800,71.99122786521912,61311,61332.31,0,0.4,0.25,20,ONE_POINT,100,100,RANDOM,4
218,21900,72.31647372245789,61255,61262.19,0,0.4,0.25,20,ONE_POINT,100,100,RANDOM,4
219,22000,72.6217041015625,61211,61229.47,0,0.4,0.25,20,ONE_POINT,100,100,RANDOM,4
220,22100,72.95943570137024,61102,61110.69,0,0.4,0.25,20,ONE_POINT,100,100,RANDOM,4
221,22200,73.2740843296051,60980,60995.81,0,0.4,0.25,20,ONE_POINT,100,100,RANDOM,4
222,22300,73.57509994506836,60753,60764.35,0,0.4,0.25,20,ONE_POINT,100,100,RANDOM,4
223,22400,73.89756798744202,60699,60729.69,0,0.4,0.25,20,ONE_POINT,100,100,RANDOM,4
224,22500,74.2453498840332,60598,60609.86,0,0.4,0.25,20,ONE_POINT,100,100,RANDOM,4
225,22600,74.57330226898193,60468,60476.17,0,0.4,0.25,20,ONE_POINT,100,100,RANDOM,4
226,22700,74.86149430274963,60340,60375.52,0,0.4,0.25,20,ONE_POINT,100,100,RANDOM,4
227,22800,75.17462062835693,60227,60306.16,0,0.4,0.25,20,ONE_POINT,100,100,RANDOM,4
228,22900,75.48017477989197,60156,60162.79,0,0.4,0.25,20,ONE_POINT,100,100,RANDOM,4
229,23000,75.77733206748962,60053,60058.92,0,0.4,0.25,20,ONE_POINT,100,100,RANDOM,4
230,23100,76.0910415649414,59954,59960.28,0,0.4,0.25,20,ONE_POINT,100,100,RANDOM,4
231,23200,76.38933634757996,59852,59977.79,0,0.4,0.25,20,ONE_POINT,100,100,RANDOM,4
232,23300,76.7142641544342,59723,59752.48,0,0.4,0.25,20,ONE_POINT,100,100,RANDOM,4
233,23400,77.02532362937927,59635,59640.65,0,0.4,0.25,20,ONE_POINT,100,100,RANDOM,4
234,23500,77.34552240371704,59579,59601.18,0,0.4,0.25,20,ONE_POINT,100,100,RANDOM,4
235,23600,77.68324112892151,59508,59516.17,0,0.4,0.25,20,ONE_POINT,100,100,RANDOM,4
236,23700,77.97455549240112,59429,59441.1,0,0.4,0.25,20,ONE_POINT,100,100,RANDOM,4
237,23800,78.31493926048279,59299,59311.52,0,0.4,0.25,20,ONE_POINT,100,100,RANDOM,4
238,23900,78.61075592041016,59148,59157.06,0,0.4,0.25,20,ONE_POINT,100,100,RANDOM,4
239,24000,78.9029643535614,58905,58931.89,0,0.4,0.25,20,ONE_POINT,100,100,RANDOM,4
240,24100,79.21032881736755,58833,59000.04,0,0.4,0.25,20,ONE_POINT,100,100,RANDOM,4
241,24200,79.51015114784241,58755,58759.68,0,0.4,0.25,20,ONE_POINT,100,100,RANDOM,4
242,24300,79.83196520805359,58651,58658.26,0,0.4,0.25,20,ONE_POINT,100,100,RANDOM,4
243,24400,80.12775707244873,58571,58587.28,0,0.4,0.25,20,ONE_POINT,100,100,RANDOM,4
244,24500,80.43944311141968,58501,58571.99,0,0.4,0.25,20,ONE_POINT,100,100,RANDOM,4
245,24600,80.76512908935547,58368,58373.66,0,0.4,0.25,20,ONE_POINT,100,100,RANDOM,4
246,24700,81.08742642402649,58224,58232.52,0,0.4,0.25,20,ONE_POINT,100,100,RANDOM,4
247,24800,81.39001655578613,58143,58149.34,0,0.4,0.25,20,ONE_POINT,100,100,RANDOM,4
248,24900,81.70707130432129,57915,57959.65,0,0.4,0.25,20,ONE_POINT,100,100,RANDOM,4
249,25000,81.99988126754761,57782,57788.97,0,0.4,0.25,20,ONE_POINT,100,100,RANDOM,4
250,25100,82.33763718605042,57579,57631.89,0,0.4,0.25,20,ONE_POINT,100,100,RANDOM,4
251,25200,82.65559458732605,57481,57498.87,0,0.4,0.25,20,ONE_POINT,100,100,RANDOM,4
252,25300,82.99877858161926,57418,57435.64,0,0.4,0.25,20,ONE_POINT,100,100,RANDOM,4
253,25400,83.33027672767639,57281,57293.66,0,0.4,0.25,20,ONE_POINT,100,100,RANDOM,4
254,25500,83.65091609954834,57205,57211.08,0,0.4,0.25,20,ONE_POINT,100,100,RANDOM,4
255,25600,83.96288347244263,57032,57048.01,0,0.4,0.25,20,ONE_POINT,100,100,RANDOM,4
256,25700,84.28182339668274,56901,56921.87,0,0.4,0.25,20,ONE_POINT,100,100,RANDOM,4
257,25800,84.5924506187439,56774,56803.08,0,0.4,0.25,20,ONE_POINT,100,100,RANDOM,4
258,25900,84.93571925163269,56727,56736.75,0,0.4,0.25,20,ONE_POINT,100,100,RANDOM,4
259,26000,85.2586121559143,56647,56653.74,0,0.4,0.25,20,ONE_POINT,100,100,RANDOM,4
260,26100,85.56272625923157,56534,56543.47,0,0.4,0.25,20,ONE_POINT,100,100,RANDOM,4
261,26200,85.90333580970764,56417,56425.15,0,0.4,0.25,20,ONE_POINT,100,100,RANDOM,4
262,26300,86.23458552360535,56321,56336.85,0,0.4,0.25,20,ONE_POINT,100,100,RANDOM,4
263,26400,86.58213257789612,56256,56261.31,0,0.4,0.25,20,ONE_POINT,100,100,RANDOM,4
264,26500,86.88673138618469,56200,56204.5,0,0.4,0.25,20,ONE_POINT,100,100,RANDOM,4
265,26600,87.20279741287231,56083,56096.66,0,0.4,0.25,20,ONE_POINT,100,100,RANDOM,4
266,26700,87.50905203819275,55955,55965.41,0,0.4,0.25,20,ONE_POINT,100,100,RANDOM,4
267,26800,87.79465055465698,55892,55897.04,0,0.4,0.25,20,ONE_POINT,100,100,RANDOM,4
268,26900,88.1304235458374,55787,55793.96,0,0.4,0.25,20,ONE_POINT,100,100,RANDOM,4
269,27000,88.41864514350891,55715,55738.6,0,0.4,0.25,20,ONE_POINT,100,100,RANDOM,4
270,27100,88.75405812263489,55648,55652.13,0,0.4,0.25,20,ONE_POINT,100,100,RANDOM,4
271,27200,89.07005977630615,55549,55565.01,0,0.4,0.25,20,ONE_POINT,100,100,RANDOM,4
272,27300,89.41669487953186,55475,55480.05,0,0.4,0.25,20,ONE_POINT,100,100,RANDOM,4
273,27400,89.7585518360138,55388,55398.3,0,0.4,0.25,20,ONE_POINT,100,100,RANDOM,4
274,27500,90.0481870174408,55313,55329.34,0,0.4,0.25,20,ONE_POINT,100,100,RANDOM,4
275,27600,90.34164524078369,55204,55211.2,0,0.4,0.25,20,ONE_POINT,100,100,RANDOM,4
276,27700,90.66858506202698,55126,55130.34,0,0.4,0.25,20,ONE_POINT,100,100,RANDOM,4
277,27800,90.98485136032104,55027,55034.71,0,0.4,0.25,20,ONE_POINT,100,100,RANDOM,4
278,27900,91.32308793067932,54972,54988.92,0,0.4,0.25,20,ONE_POINT,100,100,RANDOM,4
279,28000,91.61850547790527,54878,54893.35,0,0.4,0.25,20,ONE_POINT,100,100,RANDOM,4
280,28100,91.91608095169067,54706,54715.49,0,0.4,0.25,20,ONE_POINT,100,100,RANDOM,4
281,28200,92.25030303001404,54621,54628.79,0,0.4,0.25,20,ONE_POINT,100,100,RANDOM,4
282,28300,92.55305528640747,54504,54512.06,0,0.4,0.25,20,ONE_POINT,100,100,RANDOM,4
283,28400,92.89478945732117,54355,54378.0,0,0.4,0.25,20,ONE_POINT,100,100,RANDOM,4
284,28500,93.19226551055908,54251,54260.71,0,0.4,0.25,20,ONE_POINT,100,100,RANDOM,4
285,28600,93.52351546287537,54175,54185.47,0,0.4,0.25,20,ONE_POINT,100,100,RANDOM,4
286,28700,93.85533547401428,54033,54041.43,0,0.4,0.25,20,ONE_POINT,100,100,RANDOM,4
287,28800,94.13933062553406,53961,53965.2,0,0.4,0.25,20,ONE_POINT,100,100,RANDOM,4
288,28900,94.45960783958435,53841,53857.92,0,0.4,0.25,20,ONE_POINT,100,100,RANDOM,4
289,29000,94.76397371292114,53763,53786.38,0,0.4,0.25,20,ONE_POINT,100,100,RANDOM,4
290,29100,95.0497510433197,53710,53730.26,0,0.4,0.25,20,ONE_POINT,100,100,RANDOM,4
291,29200,95.36215615272522,53502,53529.42,0,0.4,0.25,20,ONE_POINT,100,100,RANDOM,4
292,29300,95.67020893096924,53403,53416.5,0,0.4,0.25,20,ONE_POINT,100,100,RANDOM,4
293,29400,95.97108769416809,53312,53319.28,0,0.4,0.25,20,ONE_POINT,100,100,RANDOM,4
294,29500,96.27888822555542,53269,53273.06,0,0.4,0.25,20,ONE_POINT,100,100,RANDOM,4
295,29600,96.57667279243469,53187,53197.09,0,0.4,0.25,20,ONE_POINT,100,100,RANDOM,4
296,29700,96.88138461112976,53103,53111.36,0,0.4,0.25,20,ONE_POINT,100,100,RANDOM,4
297,29800,97.21231746673584,52992,52999.05,0,0.4,0.25,20,ONE_POINT,100,100,RANDOM,4
298,29900,97.51136088371277,52898,52906.18,0,0.4,0.25,20,ONE_POINT,100,100,RANDOM,4
299,30000,97.81315612792969,52809,52840.6,0,0.4,0.25,20,ONE_POINT,100,100,RANDOM,4
300,30100,98.10657119750977,52702,52709.39,0,0.4,0.25,20,ONE_POINT,100,100,RANDOM,4
301,30200,98.41316056251526,52665,52671.63,0,0.4,0.25,20,ONE_POINT,100,100,RANDOM,4
302,30300,98.73881411552429,52591,52601.51,0,0.4,0.25,20,ONE_POINT,100,100,RANDOM,4
303,30400,99.07912945747375,52479,52501.74,0,0.4,0.25,20,ONE_POINT,100,100,RANDOM,4
304,30500,99.36882162094116,52393,52398.16,0,0.4,0.25,20,ONE_POINT,100,100,RANDOM,4
305,30600,99.70497632026672,52322,52328.33,0,0.4,0.25,20,ONE_POINT,100,100,RANDOM,4
306,30700,100.07177662849426,52245,52254.48,0,0.4,0.25,20,ONE_POINT,100,100,RANDOM,4
307,30800,100.39213633537292,52165,52176.2,0,0.4,0.25,20,ONE_POINT,100,100,RANDOM,4
308,30900,100.68639898300171,52082,52088.25,0,0.4,0.25,20,ONE_POINT,100,100,RANDOM,4
309,31000,101.02642917633057,51945,52011.53,0,0.4,0.25,20,ONE_POINT,100,100,RANDOM,4
310,31100,101.35260581970215,51877,51887.78,0,0.4,0.25,20,ONE_POINT,100,100,RANDOM,4
311,31200,101.68742275238037,51799,51809.73,0,0.4,0.25,20,ONE_POINT,100,100,RANDOM,4
312,31300,102.01262283325195,51677,51684.32,0,0.4,0.25,20,ONE_POINT,100,100,RANDOM,4
313,31400,102.31920766830444,51585,51596.96,0,0.4,0.25,20,ONE_POINT,100,100,RANDOM,4
314,31500,102.65950298309326,51508,51516.24,0,0.4,0.25,20,ONE_POINT,100,100,RANDOM,4
315,31600,102.97531771659851,51479,51481.96,0,0.4,0.25,20,ONE_POINT,100,100,RANDOM,4
316,31700,103.2649416923523,51435,51448.02,0,0.4,0.25,20,ONE_POINT,100,100,RANDOM,4
317,31800,103.55230379104614,51408,51529.66,0,0.4,0.25,20,ONE_POINT,100,100,RANDOM,4
318,31900,103.84243440628052,51352,51363.22,0,0.4,0.25,20,ONE_POINT,100,100,RANDOM,4
319,32000,104.16201162338257,51302,51306.5,0,0.4,0.25,20,ONE_POINT,100,100,RANDOM,4
320,32100,104.49708390235901,51270,51278.08,0,0.4,0.25,20,ONE_POINT,100,100,RANDOM,4
321,32200,104.8031439781189,51219,51224.42,0,0.4,0.25,20,ONE_POINT,100,100,RANDOM,4
322,32300,105.10573959350586,51156,51172.17,0,0.4,0.25,20,ONE_POINT,100,100,RANDOM,4
323,32400,105.43287110328674,51066,51072.67,0,0.4,0.25,20,ONE_POINT,100,100,RANDOM,4
324,32500,105.7645173072815,50982,50992.13,0,0.4,0.25,20,ONE_POINT,100,100,RANDOM,4
325,32600,106.0908534526825,50905,50912.0,0,0.4,0.25,20,ONE_POINT,100,100,RANDOM,4
326,32700,106.43320345878601,50827,50832.46,0,0.4,0.25,20,ONE_POINT,100,100,RANDOM,4
327,32800,106.7375328540802,50794,50796.97,0,0.4,0.25,20,ONE_POINT,100,100,RANDOM,4
328,32900,107.02642440795898,50730,50744.27,0,0.4,0.25,20,ONE_POINT,100,100,RANDOM,4
329,33000,107.33395028114319,50645,50656.32,0,0.4,0.25,20,ONE_POINT,100,100,RANDOM,4
330,33100,107.64765977859497,50574,50586.43,0,0.4,0.25,20,ONE_POINT,100,100,RANDOM,4
331,33200,107.9593710899353,50513,50526.94,0,0.4,0.25,20,ONE_POINT,100,100,RANDOM,4
332,33300,108.30493259429932,50470,50530.7,0,0.4,0.25,20,ONE_POINT,100,100,RANDOM,4
333,33400,108.60376715660095,50447,50449.88,0,0.4,0.25,20,ONE_POINT,100,100,RANDOM,4
334,33500,108.90022945404053,50324,50346.26,0,0.4,0.25,20,ONE_POINT,100,100,RANDOM,4
335,33600,109.24127697944641,50304,50306.05,0,0.4,0.25,20,ONE_POINT,100,100,RANDOM,4
336,33700,109.57688665390015,50245,50251.11,0,0.4,0.25,20,ONE_POINT,100,100,RANDOM,4
337,33800,109.90428328514099,50219,50228.14,0,0.4,0.25,20,ONE_POINT,100,100,RANDOM,4
338,33900,110.19617319107056,50180,50187.35,0,0.4,0.25,20,ONE_POINT,100,100,RANDOM,4
339,34000,110.51979875564575,50126,50131.21,0,0.4,0.25,20,ONE_POINT,100,100,RANDOM,4
340,34100,110.87207078933716,50065,50069.52,0,0.4,0.25,20,ONE_POINT,100,100,RANDOM,4
341,34200,111.16043424606323,50006,50021.75,0,0.4,0.25,20,ONE_POINT,100,100,RANDOM,4
342,34300,111.49573135375977,49971,49982.1,0,0.4,0.25,20,ONE_POINT,100,100,RANDOM,4
343,34400,111.82978224754333,49886,49895.83,0,0.4,0.25,20,ONE_POINT,100,100,RANDOM,4
344,34500,112.1427800655365,49829,49835.72,0,0.4,0.25,20,ONE_POINT,100,100,RANDOM,4
345,34600,112.46544146537781,49699,49721.15,0,0.4,0.25,20,ONE_POINT,100,100,RANDOM,4
346,34700,112.81732058525085,49525,49538.89,0,0.4,0.25,20,ONE_POINT,100,100,RANDOM,4
347,34800,113.10251760482788,49489,49492.25,0,0.4,0.25,20,ONE_POINT,100,100,RANDOM,4
348,34900,113.455806016922,49424,49455.32,0,0.4,0.25,20,ONE_POINT,100,100,RANDOM,4
349,35000,113.79546689987183,49370,49376.37,0,0.4,0.25,20,ONE_POINT,100,100,RANDOM,4
350,35100,114.09565019607544,49304,49451.45,0,0.4,0.25,20,ONE_POINT,100,100,RANDOM,4
351,35200,114.40456223487854,49256,49261.3,0,0.4,0.25,20,ONE_POINT,100,100,RANDOM,4
352,35300,114.72427749633789,49187,49192.92,0,0.4,0.25,20,ONE_POINT,100,100,RANDOM,4
353,35400,115.05491948127747,49123,49146.4,0,0.4,0.25,20,ONE_POINT,100,100,RANDOM,4
354,35500,115.3875482082367,49056,49063.2,0,0.4,0.25,20,ONE_POINT,100,100,RANDOM,4
355,35600,115.71691513061523,49031,49038.09,0,0.4,0.25,20,ONE_POINT,100,100,RANDOM,4
356,35700,116.07747673988342,48960,48965.76,0,0.4,0.25,20,ONE_POINT,100,100,RANDOM,4
357,35800,116.38378262519836,48854,48862.03,0,0.4,0.25,20,ONE_POINT,100,100,RANDOM,4
358,35900,116.69522070884705,48782,48787.82,0,0.4,0.25,20,ONE_POINT,100,100,RANDOM,4
359,36000,116.98546838760376,48725,48729.56,0,0.4,0.25,20,ONE_POINT,100,100,RANDOM,4
360,36100,117.27238583564758,48672,48681.27,0,0.4,0.25,20,ONE_POINT,100,100,RANDOM,4
361,36200,117.59903407096863,48607,48652.45,0,0.4,0.25,20,ONE_POINT,100,100,RANDOM,4
362,36300,117.90677261352539,48577,48612.46,0,0.4,0.25,20,ONE_POINT,100,100,RANDOM,4
363,36400,118.25160241127014,48574,48575.2,0,0.4,0.25,20,ONE_POINT,100,100,RANDOM,4
364,36500,118.56527805328369,48542,48592.81,0,0.4,0.25,20,ONE_POINT,100,100,RANDOM,4
365,36600,118.88287568092346,48489,48513.19,0,0.4,0.25,20,ONE_POINT,100,100,RANDOM,4
366,36700,119.17618227005005,48409,48421.44,0,0.4,0.25,20,ONE_POINT,100,100,RANDOM,4
367,36800,119.52539110183716,48346,48351.04,0,0.4,0.25,20,ONE_POINT,100,100,RANDOM,4
368,36900,119.82892441749573,48278,48502.83,0,0.4,0.25,20,ONE_POINT,100,100,RANDOM,4
369,37000,120.1208872795105,48269,48270.67,0,0.4,0.25,20,ONE_POINT,100,100,RANDOM,4
370,37100,120.4497902393341,48184,48262.35,0,0.4,0.25,20,ONE_POINT,100,100,RANDOM,4
371,37200,120.75930595397949,48145,48159.42,0,0.4,0.25,20,ONE_POINT,100,100,RANDOM,4
372,37300,121.06605577468872,48070,48077.88,0,0.4,0.25,20,ONE_POINT,100,100,RANDOM,4
373,37400,121.37319374084473,47977,47984.18,0,0.4,0.25,20,ONE_POINT,100,100,RANDOM,4
374,37500,121.6641116142273,47943,47945.96,0,0.4,0.25,20,ONE_POINT,100,100,RANDOM,4
375,37600,121.95265030860901,47877,47884.03,0,0.4,0.25,20,ONE_POINT,100,100,RANDOM,4
376,37700,122.25998997688293,47822,47827.13,0,0.4,0.25,20,ONE_POINT,100,100,RANDOM,4
377,37800,122.57239627838135,47790,47797.01,0,0.4,0.25,20,ONE_POINT,100,100,RANDOM,4
378,37900,122.91318893432617,47750,47766.55,0,0.4,0.25,20,ONE_POINT,100,100,RANDOM,4
379,38000,123.24321103096008,47705,47714.12,0,0.4,0.25,20,ONE_POINT,100,100,RANDOM,4
380,38100,123.58507037162781,47649,47654.76,0,0.4,0.25,20,ONE_POINT,100,100,RANDOM,4
381,38200,123.89447522163391,47588,47594.41,0,0.4,0.25,20,ONE_POINT,100,100,RANDOM,4
382,38300,124.22497463226318,47523,47528.67,0,0.4,0.25,20,ONE_POINT,100,100,RANDOM,4
383,38400,124.57047843933105,47495,47498.12,0,0.4,0.25,20,ONE_POINT,100,100,RANDOM,4
384,38500,124.90107321739197,47451,47455.51,0,0.4,0.25,20,ONE_POINT,100,100,RANDOM,4
385,38600,125.23428440093994,47384,47415.77,0,0.4,0.25,20,ONE_POINT,100,100,RANDOM,4
386,38700,125.55621004104614,47256,47412.75,0,0.4,0.25,20,ONE_POINT,100,100,RANDOM,4
387,38800,125.89683246612549,47207,47212.05,0,0.4,0.25,20,ONE_POINT,100,100,RANDOM,4
388,38900,126.19067215919495,47109,47115.66,0,0.4,0.25,20,ONE_POINT,100,100,RANDOM,4
389,39000,126.49243497848511,47018,47064.47,0,0.4,0.25,20,ONE_POINT,100,100,RANDOM,4
390,39100,126.79978275299072,46970,46974.32,0,0.4,0.25,20,ONE_POINT,100,100,RANDOM,4
391,39200,127.1183066368103,46949,46951.85,0,0.4,0.25,20,ONE_POINT,100,100,RANDOM,4
392,39300,127.42970752716064,46916,46969.6,0,0.4,0.25,20,ONE_POINT,100,100,RANDOM,4
393,39400,127.75042486190796,46896,46897.89,0,0.4,0.25,20,ONE_POINT,100,100,RANDOM,4
394,39500,128.03777885437012,46795,47058.88,0,0.4,0.25,20,ONE_POINT,100,100,RANDOM,4
395,39600,128.3683295249939,46749,46757.67,0,0.4,0.25,20,ONE_POINT,100,100,RANDOM,4
396,39700,128.66934776306152,46708,46713.32,0,0.4,0.25,20,ONE_POINT,100,100,RANDOM,4
397,39800,129.03595805168152,46656,46660.89,0,0.4,0.25,20,ONE_POINT,100,100,RANDOM,4
398,39900,129.33016753196716,46634,46639.26,0,0.4,0.25,20,ONE_POINT,100,100,RANDOM,4
399,40000,129.649747133255,46512,46530.59,0,0.4,0.25,20,ONE_POINT,100,100,RANDOM,4
400,40100,129.99086165428162,46447,46459.4,0,0.4,0.25,20,ONE_POINT,100,100,RANDOM,4
401,40200,130.3138403892517,46428,46440.23,0,0.4,0.25,20,ONE_POINT,100,100,RANDOM,4
402,40300,130.62228298187256,46380,46422.72,0,0.4,0.25,20,ONE_POINT,100,100,RANDOM,4
403,40400,130.95375227928162,46302,46309.96,0,0.4,0.25,20,ONE_POINT,100,100,RANDOM,4
404,40500,131.28028988838196,46266,46275.92,0,0.4,0.25,20,ONE_POINT,100,100,RANDOM,4
405,40600,131.62195563316345,46209,46224.66,0,0.4,0.25,20,ONE_POINT,100,100,RANDOM,4
406,40700,131.930593252182,46147,46158.23,0,0.4,0.25,20,ONE_POINT,100,100,RANDOM,4
407,40800,132.25096130371094,46104,46108.49,0,0.4,0.25,20,ONE_POINT,100,100,RANDOM,4
408,40900,132.5584695339203,45856,45865.92,0,0.4,0.25,20,ONE_POINT,100,100,RANDOM,4
409,41000,132.85023760795593,45763,45770.62,0,0.4,0.25,20,ONE_POINT,100,100,RANDOM,4
410,41100,133.19250082969666,45735,45743.13,0,0.4,0.25,20,ONE_POINT,100,100,RANDOM,4
411,41200,133.5138819217682,45709,45714.18,0,0.4,0.25,20,ONE_POINT,100,100,RANDOM,4
412,41300,133.8105297088623,45584,45591.37,0,0.4,0.25,20,ONE_POINT,100,100,RANDOM,4
413,41400,134.13752555847168,45518,45524.53,0,0.4,0.25,20,ONE_POINT,100,100,RANDOM,4
414,41500,134.46158385276794,45463,45469.09,0,0.4,0.25,20,ONE_POINT,100,100,RANDOM,4
415,41600,134.8116683959961,45407,45415.45,0,0.4,0.25,20,ONE_POINT,100,100,RANDOM,4
416,41700,135.10239696502686,45363,45366.52,0,0.4,0.25,20,ONE_POINT,100,100,RANDOM,4
417,41800,135.41331815719604,45316,45321.62,0,0.4,0.25,20,ONE_POINT,100,100,RANDOM,4
418,41900,135.74537920951843,45200,45212.31,0,0.4,0.25,20,ONE_POINT,100,100,RANDOM,4
419,42000,136.05336737632751,45136,45141.12,0,0.4,0.25,20,ONE_POINT,100,100,RANDOM,4
420,42100,136.3616054058075,45113,45116.09,0,0.4,0.25,20,ONE_POINT,100,100,RANDOM,4
421,42200,136.67080736160278,45084,45124.27,0,0.4,0.25,20,ONE_POINT,100,100,RANDOM,4
422,42300,136.9842712879181,45021,45140.81,0,0.4,0.25,20,ONE_POINT,100,100,RANDOM,4
423,42400,137.27567768096924,45005,45017.32,0,0.4,0.25,20,ONE_POINT,100,100,RANDOM,4
424,42500,137.6190221309662,44955,44971.4,0,0.4,0.25,20,ONE_POINT,100,100,RANDOM,4
425,42600,137.90564560890198,44911,44916.45,0,0.4,0.25,20,ONE_POINT,100,100,RANDOM,4
426,42700,138.20104050636292,44874,44887.08,0,0.4,0.25,20,ONE_POINT,100,100,RANDOM,4
427,42800,138.54048490524292,44795,44800.41,0,0.4,0.25,20,ONE_POINT,100,100,RANDOM,4
428,42900,138.8299651145935,44751,44756.11,0,0.4,0.25,20,ONE_POINT,100,100,RANDOM,4
429,43000,139.12323141098022,44672,44676.74,0,0.4,0.25,20,ONE_POINT,100,100,RANDOM,4
430,43100,139.43979787826538,44620,44628.8,0,0.4,0.25,20,ONE_POINT,100,100,RANDOM,4
431,43200,139.76752042770386,44578,44584.01,0,0.4,0.25,20,ONE_POINT,100,100,RANDOM,4
432,43300,140.11385250091553,44548,44556.12,0,0.4,0.25,20,ONE_POINT,100,100,RANDOM,4
433,43400,140.41133999824524,44502,44514.76,0,0.4,0.25,20,ONE_POINT,100,100,RANDOM,4
434,43500,140.7001392841339,44418,44430.01,0,0.4,0.25,20,ONE_POINT,100,100,RANDOM,4
435,43600,140.9839539527893,44372,44391.38,0,0.4,0.25,20,ONE_POINT,100,100,RANDOM,4
436,43700,141.28772139549255,44362,44364.07,0,0.4,0.25,20,ONE_POINT,100,100,RANDOM,4
437,43800,141.59747886657715,44285,44291.35,0,0.4,0.25,20,ONE_POINT,100,100,RANDOM,4
438,43900,141.88679385185242,44268,44272.53,0,0.4,0.25,20,ONE_POINT,100,100,RANDOM,4
439,44000,142.17523312568665,44150,44251.42,0,0.4,0.25,20,ONE_POINT,100,100,RANDOM,4
440,44100,142.49265122413635,44055,44060.7,0,0.4,0.25,20,ONE_POINT,100,100,RANDOM,4
441,44200,142.78794693946838,43951,43962.64,0,0.4,0.25,20,ONE_POINT,100,100,RANDOM,4
442,44300,143.11448574066162,43838,43845.15,0,0.4,0.25,20,ONE_POINT,100,100,RANDOM,4
443,44400,143.40607357025146,43753,43767.32,0,0.4,0.25,20,ONE_POINT,100,100,RANDOM,4
444,44500,143.73389267921448,43664,43670.31,0,0.4,0.25,20,ONE_POINT,100,100,RANDOM,4
445,44600,144.03527760505676,43648,43651.44,0,0.4,0.25,20,ONE_POINT,100,100,RANDOM,4
446,44700,144.3487241268158,43623,43626.2,0,0.4,0.25,20,ONE_POINT,100,100,RANDOM,4
447,44800,144.66058945655823,43560,43624.43,0,0.4,0.25,20,ONE_POINT,100,100,RANDOM,4
448,44900,144.9473328590393,43517,43532.09,0,0.4,0.25,20,ONE_POINT,100,100,RANDOM,4
449,45000,145.24118971824646,43410,43445.3,0,0.4,0.25,20,ONE_POINT,100,100,RANDOM,4
450,45100,145.53367376327515,43385,43403.52,0,0.4,0.25,20,ONE_POINT,100,100,RANDOM,4
451,45200,145.82387495040894,43317,43339.79,0,0.4,0.25,20,ONE_POINT,100,100,RANDOM,4
452,45300,146.12073945999146,43296,43299.2,0,0.4,0.25,20,ONE_POINT,100,100,RANDOM,4
453,45400,146.50060176849365,43180,43186.96,0,0.4,0.25,20,ONE_POINT,100,100,RANDOM,4
454,45500,146.82950854301453,43164,43168.76,0,0.4,0.25,20,ONE_POINT,100,100,RANDOM,4
455,45600,147.14876890182495,43058,43075.87,0,0.4,0.25,20,ONE_POINT,100,100,RANDOM,4
456,45700,147.47775626182556,43013,43266.79,0,0.4,0.25,20,ONE_POINT,100,100,RANDOM,4
457,45800,147.806401014328,42941,42946.68,0,0.4,0.25,20,ONE_POINT,100,100,RANDOM,4
458,45900,148.1197588443756,42906,42909.64,0,0.4,0.25,20,ONE_POINT,100,100,RANDOM,4
459,46000,148.4262821674347,42827,42833.26,0,0.4,0.25,20,ONE_POINT,100,100,RANDOM,4
460,46100,148.7158236503601,42516,42528.44,0,0.4,0.25,20,ONE_POINT,100,100,RANDOM,4
461,46200,149.044424533844,42467,42470.92,0,0.4,0.25,20,ONE_POINT,100,100,RANDOM,4
462,46300,149.3373565673828,42373,42394.0,0,0.4,0.25,20,ONE_POINT,100,100,RANDOM,4
463,46400,149.67358660697937,42343,42346.87,0,0.4,0.25,20,ONE_POINT,100,100,RANDOM,4
464,46500,150.00460982322693,42298,42302.43,0,0.4,0.25,20,ONE_POINT,100,100,RANDOM,4
465,46600,150.31372594833374,42284,42286.39,0,0.4,0.25,20,ONE_POINT,100,100,RANDOM,4
466,46700,150.6217484474182,42235,42240.07,0,0.4,0.25,20,ONE_POINT,100,100,RANDOM,4
467,46800,150.94025588035583,42168,42175.73,0,0.4,0.25,20,ONE_POINT,100,100,RANDOM,4
468,46900,151.24319171905518,42093,42101.55,0,0.4,0.25,20,ONE_POINT,100,100,RANDOM,4
469,47000,151.5285542011261,42073,42075.4,0,0.4,0.25,20,ONE_POINT,100,100,RANDOM,4
470,47100,151.84620451927185,42007,42110.63,0,0.4,0.25,20,ONE_POINT,100,100,RANDOM,4
471,47200,152.1540241241455,41888,41959.95,0,0.4,0.25,20,ONE_POINT,100,100,RANDOM,4
472,47300,152.45065093040466,41809,41818.01,0,0.4,0.25,20,ONE_POINT,100,100,RANDOM,4
473,47400,152.7769684791565,41742,41751.51,0,0.4,0.25,20,ONE_POINT,100,100,RANDOM,4
474,47500,153.06481170654297,41689,41693.25,0,0.4,0.25,20,ONE_POINT,100,100,RANDOM,4
475,47600,153.3544144630432,41643,41663.51,0,0.4,0.25,20,ONE_POINT,100,100,RANDOM,4
476,47700,153.66005897521973,41611,41797.85,0,0.4,0.25,20,ONE_POINT,100,100,RANDOM,4
477,47800,153.96074557304382,41565,41569.14,0,0.4,0.25,20,ONE_POINT,100,100,RANDOM,4
478,47900,154.27460479736328,41517,41521.8,0,0.4,0.25,20,ONE_POINT,100,100,RANDOM,4
479,48000,154.56947541236877,41454,41460.9,0,0.4,0.25,20,ONE_POINT,100,100,RANDOM,4
480,48100,154.87152338027954,41416,41469.53,0,0.4,0.25,20,ONE_POINT,100,100,RANDOM,4
481,48200,155.20628380775452,41368,41398.83,0,0.4,0.25,20,ONE_POINT,100,100,RANDOM,4
482,48300,155.55172061920166,41303,41311.93,0,0.4,0.25,20,ONE_POINT,100,100,RANDOM,4
483,48400,155.85852456092834,41271,41279.31,0,0.4,0.25,20,ONE_POINT,100,100,RANDOM,4
484,48500,156.18643617630005,41122,41132.85,0,0.4,0.25,20,ONE_POINT,100,100,RANDOM,4
485,48600,156.49655175209045,41033,41040.77,0,0.4,0.25,20,ONE_POINT,100,100,RANDOM,4
486,48700,156.80312705039978,40998,41002.8,0,0.4,0.25,20,ONE_POINT,100,100,RANDOM,4
487,48800,157.1439335346222,40952,40963.13,0,0.4,0.25,20,ONE_POINT,100,100,RANDOM,4
488,48900,157.44090056419373,40890,40895.49,0,0.4,0.25,20,ONE_POINT,100,100,RANDOM,4
489,49000,157.79804182052612,40769,40777.73,0,0.4,0.25,20,ONE_POINT,100,100,RANDOM,4
490,49100,158.10212445259094,40702,40707.24,0,0.4,0.25,20,ONE_POINT,100,100,RANDOM,4
491,49200,158.4258177280426,40630,40636.85,0,0.4,0.25,20,ONE_POINT,100,100,RANDOM,4
492,49300,158.73325371742249,40588,40611.83,0,0.4,0.25,20,ONE_POINT,100,100,RANDOM,4
493,49400,159.02247738838196,40570,40572.58,0,0.4,0.25,20,ONE_POINT,100,100,RANDOM,4
494,49500,159.3580994606018,40551,40607.77,0,0.4,0.25,20,ONE_POINT,100,100,RANDOM,4
495,49600,159.6850461959839,40522,40528.42,0,0.4,0.25,20,ONE_POINT,100,100,RANDOM,4
496,49700,159.97431349754333,40507,40509.76,0,0.4,0.25,20,ONE_POINT,100,100,RANDOM,4
497,49800,160.31442141532898,40420,40427.55,0,0.4,0.25,20,ONE_POINT,100,100,RANDOM,4
498,49900,160.66176867485046,40399,40421.36,0,0.4,0.25,20,ONE_POINT,100,100,RANDOM,4
499,50000,160.9944770336151,40366,40368.31,0,0.4,0.25,20,ONE_POINT,100,100,RANDOM,4
500,50100,161.2817485332489,40340,40344.18,0,0.4,0.25,20,ONE_POINT,100,100,RANDOM,4
1,200,0.18665480613708496,135885,134557.58,0,0.4,0.25,20,ONE_POINT,100,100,RANDOM,5
2,300,0.5319228172302246,132998,133066.04,0,0.4,0.25,20,ONE_POINT,100,100,RANDOM,5
3,400,0.88950514793396,132516,132526.94,0,0.4,0.25,20,ONE_POINT,100,100,RANDOM,5
4,500,1.2496912479400635,132192,132198.48,0,0.4,0.25,20,ONE_POINT,100,100,RANDOM,5
5,600,1.5884828567504883,130882,130908.33,0,0.4,0.25,20,ONE_POINT,100,100,RANDOM,5
6,700,1.9093761444091797,129761,129785.09,0,0.4,0.25,20,ONE_POINT,100,100,RANDOM,5
7,800,2.206873893737793,129306,129315.1,0,0.4,0.25,20,ONE_POINT,100,100,RANDOM,5
8,900,2.529628038406372,128537,128552.84,0,0.4,0.25,20,ONE_POINT,100,100,RANDOM,5
9,1000,2.837911605834961,127857,127870.12,0,0.4,0.25,20,ONE_POINT,100,100,RANDOM,5
10,1100,3.1843714714050293,126781,126812.8,0,0.4,0.25,20,ONE_POINT,100,100,RANDOM,5
11,1200,3.4993503093719482,126357,126373.96,0,0.4,0.25,20,ONE_POINT,100,100,RANDOM,5
12,1300,3.801330804824829,125907,125927.0,0,0.4,0.25,20,ONE_POINT,100,100,RANDOM,5
13,1400,4.121644735336304,124952,124991.39,0,0.4,0.25,20,ONE_POINT,100,100,RANDOM,5
14,1500,4.424651384353638,124194,124209.16,0,0.4,0.25,20,ONE_POINT,100,100,RANDOM,5
15,1600,4.744512557983398,122071,122112.37,0,0.4,0.25,20,ONE_POINT,100,100,RANDOM,5
16,1700,5.090591669082642,121436,121454.85,0,0.4,0.25,20,ONE_POINT,100,100,RANDOM,5
17,1800,5.411913156509399,121007,121032.07,0,0.4,0.25,20,ONE_POINT,100,100,RANDOM,5
18,1900,5.7561118602752686,120530,120546.72,0,0.4,0.25,20,ONE_POINT,100,100,RANDOM,5
19,2000,6.044620037078857,119319,119355.33,0,0.4,0.25,20,ONE_POINT,100,100,RANDOM,5
20,2100,6.364645719528198,118451,118485.22,0,0.4,0.25,20,ONE_POINT,100,100,RANDOM,5
21,2200,6.69254994392395,117674,117720.38,0,0.4,0.25,20,ONE_POINT,100,100,RANDOM,5
22,2300,7.029379844665527,117150,117167.82,0,0.4,0.25,20,ONE_POINT,100,100,RANDOM,5
23,2400,7.345834970474243,116641,116767.77,0,0.4,0.25,20,ONE_POINT,100,100,RANDOM,5
24,2500,7.666815280914307,116362,116380.07,0,0.4,0.25,20,ONE_POINT,100,100,RANDOM,5
25,2600,7.9570770263671875,115652,115672.95,0,0.4,0.25,20,ONE_POINT,100,100,RANDOM,5
26,2700,8.263911724090576,115261,115273.51,0,0.4,0.25,20,ONE_POINT,100,100,RANDOM,5
27,2800,8.664597988128662,113503,113538.16,0,0.4,0.25,20,ONE_POINT,100,100,RANDOM,5
28,2900,8.962685585021973,112715,112782.35,0,0.4,0.25,20,ONE_POINT,100,100,RANDOM,5
29,3000,9.292361497879028,112026,112059.4,0,0.4,0.25,20,ONE_POINT,100,100,RANDOM,5
30,3100,9.611237525939941,111486,111529.17,0,0.4,0.25,20,ONE_POINT,100,100,RANDOM,5
31,3200,9.950890302658081,110921,110943.6,0,0.4,0.25,20,ONE_POINT,100,100,RANDOM,5
32,3300,10.292017221450806,110518,110534.12,0,0.4,0.25,20,ONE_POINT,100,100,RANDOM,5
33,3400,10.594633340835571,110133,110149.24,0,0.4,0.25,20,ONE_POINT,100,100,RANDOM,5
34,3500,10.92609190940857,109143,109183.94,0,0.4,0.25,20,ONE_POINT,100,100,RANDOM,5
35,3600,11.265851259231567,108468,108492.12,0,0.4,0.25,20,ONE_POINT,100,100,RANDOM,5
36,3700,11.622089624404907,108173,108184.8,0,0.4,0.25,20,ONE_POINT,100,100,RANDOM,5
37,3800,11.987589836120605,107782,107814.11,0,0.4,0.25,20,ONE_POINT,100,100,RANDOM,5
38,3900,12.364958763122559,107322,107361.78,0,0.4,0.25,20,ONE_POINT,100,100,RANDOM,5
39,4000,12.718191146850586,107084,107114.91,0,0.4,0.25,20,ONE_POINT,100,100,RANDOM,5
40,4100,13.032089233398438,106431,106456.77,0,0.4,0.25,20,ONE_POINT,100,100,RANDOM,5
41,4200,13.326802968978882,106061,106075.8,0,0.4,0.25,20,ONE_POINT,100,100,RANDOM,5
42,4300,13.670925855636597,105495,105512.29,0,0.4,0.25,20,ONE_POINT,100,100,RANDOM,5
43,4400,14.02267861366272,105274,105361.75,0,0.4,0.25,20,ONE_POINT,100,100,RANDOM,5
44,4500,14.373044490814209,104970,105020.31,0,0.4,0.25,20,ONE_POINT,100,100,RANDOM,5
45,4600,14.728237628936768,104497,104527.42,0,0.4,0.25,20,ONE_POINT,100,100,RANDOM,5
46,4700,15.025449752807617,104269,104294.52,0,0.4,0.25,20,ONE_POINT,100,100,RANDOM,5
47,4800,15.320096969604492,104005,104015.53,0,0.4,0.25,20,ONE_POINT,100,100,RANDOM,5
48,4900,15.61093807220459,103797,103804.54,0,0.4,0.25,20,ONE_POINT,100,100,RANDOM,5
49,5000,15.953847408294678,103201,103212.92,0,0.4,0.25,20,ONE_POINT,100,100,RANDOM,5
50,5100,16.273682355880737,102720,102734.43,0,0.4,0.25,20,ONE_POINT,100,100,RANDOM,5
51,5200,16.605690717697144,102486,102541.11,0,0.4,0.25,20,ONE_POINT,100,100,RANDOM,5
52,5300,16.94416308403015,101802,101815.68,0,0.4,0.25,20,ONE_POINT,100,100,RANDOM,5
53,5400,17.279670000076294,101372,101399.08,0,0.4,0.25,20,ONE_POINT,100,100,RANDOM,5
54,5500,17.650766849517822,101135,101148.09,0,0.4,0.25,20,ONE_POINT,100,100,RANDOM,5
55,5600,17.99880027770996,100886,100895.96,0,0.4,0.25,20,ONE_POINT,100,100,RANDOM,5
56,5700,18.34379553794861,100356,100373.24,0,0.4,0.25,20,ONE_POINT,100,100,RANDOM,5
57,5800,18.663493394851685,99775,99786.55,0,0.4,0.25,20,ONE_POINT,100,100,RANDOM,5
58,5900,18.981861114501953,99592,99601.2,0,0.4,0.25,20,ONE_POINT,100,100,RANDOM,5
59,6000,19.277311086654663,99357,99366.4,0,0.4,0.25,20,ONE_POINT,100,100,RANDOM,5
60,6100,19.57959246635437,98953,98979.22,0,0.4,0.25,20,ONE_POINT,100,100,RANDOM,5
61,6200,19.921560764312744,98658,98667.94,0,0.4,0.25,20,ONE_POINT,100,100,RANDOM,5
62,6300,20.25075101852417,98430,98482.55,0,0.4,0.25,20,ONE_POINT,100,100,RANDOM,5
63,6400,20.567843675613403,98192,98201.52,0,0.4,0.25,20,ONE_POINT,100,100,RANDOM,5
64,6500,20.891430377960205,97989,97997.39,0,0.4,0.25,20,ONE_POINT,100,100,RANDOM,5
65,6600,21.211540699005127,97729,97740.22,0,0.4,0.25,20,ONE_POINT,100,100,RANDOM,5
66,6700,21.519446849822998,97444,97455.4,0,0.4,0.25,20,ONE_POINT,100,100,RANDOM,5
67,6800,21.84020161628723,96963,96994.94,0,0.4,0.25,20,ONE_POINT,100,100,RANDOM,5
68,6900,22.153560638427734,96667,96693.51,0,0.4,0.25,20,ONE_POINT,100,100,RANDOM,5
69,7000,22.47595524787903,96250,96264.38,0,0.4,0.25,20,ONE_POINT,100,100,RANDOM,5
70,7100,22.8215651512146,95755,95769.8,0,0.4,0.25,20,ONE_POINT,100,100,RANDOM,5
71,7200,23.189074277877808,95283,95306.28,0,0.4,0.25,20,ONE_POINT,100,100,RANDOM,5
72,7300,23.5414822101593,94810,94824.19,0,0.4,0.25,20,ONE_POINT,100,100,RANDOM,5
73,7400,23.888257265090942,94501,94532.88,0,0.4,0.25,20,ONE_POINT,100,100,RANDOM,5
74,7500,24.216213703155518,93949,94022.72,0,0.4,0.25,20,ONE_POINT,100,100,RANDOM,5
75,7600,24.586653232574463,93719,93727.03,0,0.4,0.25,20,ONE_POINT,100,100,RANDOM,5
76,7700,24.913790225982666,93545,93551.96,0,0.4,0.25,20,ONE_POINT,100,100,RANDOM,5
77,7800,25.286370515823364,93269,93281.78,0,0.4,0.25,20,ONE_POINT,100,100,RANDOM,5
78,7900,25.596614599227905,93071,93076.55,0,0.4,0.25,20,ONE_POINT,100,100,RANDOM,5
79,8000,25.932912349700928,92783,92793.5,0,0.4,0.25,20,ONE_POINT,100,100,RANDOM,5
80,8100,26.29675006866455,92514,92524.28,0,0.4,0.25,20,ONE_POINT,100,100,RANDOM,5
81,8200,26.631671667099,92264,92325.96,0,0.4,0.25,20,ONE_POINT,100,100,RANDOM,5
82,8300,26.98059320449829,91904,91924.24,0,0.4,0.25,20,ONE_POINT,100,100,RANDOM,5
83,8400,27.33228087425232,91726,91762.55,0,0.4,0.25,20,ONE_POINT,100,100,RANDOM,5
84,8500,27.66935682296753,91479,91486.41,0,0.4,0.25,20,ONE_POINT,100,100,RANDOM,5
85,8600,28.0111141204834,91257,91266.12,0,0.4,0.25,20,ONE_POINT,100,100,RANDOM,5
86,8700,28.347861289978027,90669,90748.06,0,0.4,0.25,20,ONE_POINT,100,100,RANDOM,5
87,8800,28.699888944625854,90367,90373.04,0,0.4,0.25,20,ONE_POINT,100,100,RANDOM,5
88,8900,29.033087730407715,89840,89850.54,0,0.4,0.25,20,ONE_POINT,100,100,RANDOM,5
89,9000,29.40118432044983,89596,89607.41,0,0.4,0.25,20,ONE_POINT,100,100,RANDOM,5
90,9100,29.73421001434326,89375,89386.05,0,0.4,0.25,20,ONE_POINT,100,100,RANDOM,5
91,9200,30.059414386749268,89189,89200.07,0,0.4,0.25,20,ONE_POINT,100,100,RANDOM,5
92,9300,30.435611486434937,88895,88906.76,0,0.4,0.25,20,ONE_POINT,100,100,RANDOM,5
93,9400,30.757805824279785,88609,88620.46,0,0.4,0.25,20,ONE_POINT,100,100,RANDOM,5
94,9500,31.103511810302734,88406,88414.12,0,0.4,0.25,20,ONE_POINT,100,100,RANDOM,5
95,9600,31.422494411468506,88258,88277.16,0,0.4,0.25,20,ONE_POINT,100,100,RANDOM,5
96,9700,31.845536947250366,88079,88085.19,0,0.4,0.25,20,ONE_POINT,100,100,RANDOM,5
97,9800,32.24959468841553,87964,87970.98,0,0.4,0.25,20,ONE_POINT,100,100,RANDOM,5
98,9900,32.61324858665466,87767,87775.27,0,0.4,0.25,20,ONE_POINT,100,100,RANDOM,5
99,10000,32.93011784553528,87500,87511.25,0,0.4,0.25,20,ONE_POINT,100,100,RANDOM,5
100,10100,33.31403636932373,87339,87355.08,0,0.4,0.25,20,ONE_POINT,100,100,RANDOM,5
101,10200,33.663426876068115,87050,87059.55,0,0.4,0.25,20,ONE_POINT,100,100,RANDOM,5
102,10300,34.04693365097046,86703,86732.12,0,0.4,0.25,20,ONE_POINT,100,100,RANDOM,5
103,10400,34.393563985824585,86488,86500.36,0,0.4,0.25,20,ONE_POINT,100,100,RANDOM,5
104,10500,34.76885533332825,86204,86225.48,0,0.4,0.25,20,ONE_POINT,100,100,RANDOM,5
105,10600,35.148669481277466,85930,85940.96,0,0.4,0.25,20,ONE_POINT,100,100,RANDOM,5
106,10700,35.52752089500427,85809,85815.38,0,0.4,0.25,20,ONE_POINT,100,100,RANDOM,5
107,10800,35.83978295326233,85601,85610.09,0,0.4,0.25,20,ONE_POINT,100,100,RANDOM,5
108,10900,36.192259311676025,85348,85361.41,0,0.4,0.25,20,ONE_POINT,100,100,RANDOM,5
109,11000,36.527358293533325,85121,85132.6,0,0.4,0.25,20,ONE_POINT,100,100,RANDOM,5
110,11100,36.87425947189331,84607,84627.56,0,0.4,0.25,20,ONE_POINT,100,100,RANDOM,5
111,11200,37.269681215286255,84268,84280.55,0,0.4,0.25,20,ONE_POINT,100,100,RANDOM,5
112,11300,37.69874930381775,84106,84136.33,0,0.4,0.25,20,ONE_POINT,100,100,RANDOM,5
113,11400,38.14004898071289,83759,83783.62,0,0.4,0.25,20,ONE_POINT,100,100,RANDOM,5
114,11500,38.510356187820435,83417,83432.61,0,0.4,0.25,20,ONE_POINT,100,100,RANDOM,5
115,11600,38.89011764526367,83131,83248.74,0,0.4,0.25,20,ONE_POINT,100,100,RANDOM,5
116,11700,39.2651789188385,82829,82842.87,0,0.4,0.25,20,ONE_POINT,100,100,RANDOM,5
117,11800,39.67357039451599,82722,82728.42,0,0.4,0.25,20,ONE_POINT,100,100,RANDOM,5
118,11900,39.9791214466095,82408,82420.56,0,0.4,0.25,20,ONE_POINT,100,100,RANDOM,5
119,12000,40.376514196395874,82171,82180.48,0,0.4,0.25,20,ONE_POINT,100,100,RANDOM,5
120,12100,40.75530123710632,81863,81880.4,0,0.4,0.25,20,ONE_POINT,100,100,RANDOM,5
121,12200,41.07037329673767,81616,81623.41,0,0.4,0.25,20,ONE_POINT,100,100,RANDOM,5
122,12300,41.444483518600464,81381,81390.4,0,0.4,0.25,20,ONE_POINT,100,100,RANDOM,5
123,12400,41.82453989982605,80946,80966.21,0,0.4,0.25,20,ONE_POINT,100,100,RANDOM,5
124,12500,42.15716481208801,80824,80862.96,0,0.4,0.25,20,ONE_POINT,100,100,RANDOM,5
125,12600,42.51085090637207,80614,80658.02,0,0.4,0.25,20,ONE_POINT,100,100,RANDOM,5
126,12700,42.84775233268738,80467,80476.43,0,0.4,0.25,20,ONE_POINT,100,100,RANDOM,5
127,12800,43.16635251045227,80323,80333.72,0,0.4,0.25,20,ONE_POINT,100,100,RANDOM,5
128,12900,43.50600028038025,80019,80030.86,0,0.4,0.25,20,ONE_POINT,100,100,RANDOM,5
129,13000,43.83138346672058,79838,79894.62,0,0.4,0.25,20,ONE_POINT,100,100,RANDOM,5
130,13100,44.19925355911255,79612,79623.06,0,0.4,0.25,20,ONE_POINT,100,100,RANDOM,5
131,13200,44.49714994430542,79371,79379.99,0,0.4,0.25,20,ONE_POINT,100,100,RANDOM,5
132,13300,44.81509065628052,79170,79178.04,0,0.4,0.25,20,ONE_POINT,100,100,RANDOM,5
133,13400,45.154335260391235,78902,78912.72,0,0.4,0.25,20,ONE_POINT,100,100,RANDOM,5
134,13500,45.49672555923462,78774,78783.49,0,0.4,0.25,20,ONE_POINT,100,100,RANDOM,5
135,13600,45.85013675689697,78460,78493.61,0,0.4,0.25,20,ONE_POINT,100,100,RANDOM,5
136,13700,46.14932179450989,78241,78249.76,0,0.4,0.25,20,ONE_POINT,100,100,RANDOM,5
137,13800,46.44587302207947,77771,77791.46,0,0.4,0.25,20,ONE_POINT,100,100,RANDOM,5
138,13900,46.7617666721344,77661,77682.83,0,0.4,0.25,20,ONE_POINT,100,100,RANDOM,5
139,14000,47.070409536361694,77514,77523.9,0,0.4,0.25,20,ONE_POINT,100,100,RANDOM,5
140,14100,47.40652656555176,77380,77460.04,0,0.4,0.25,20,ONE_POINT,100,100,RANDOM,5
141,14200,47.72353434562683,77212,77221.8,0,0.4,0.25,20,ONE_POINT,100,100,RANDOM,5
142,14300,48.02974557876587,77064,77071.4,0,0.4,0.25,20,ONE_POINT,100,100,RANDOM,5
143,14400,48.37181520462036,76803,76823.63,0,0.4,0.25,20,ONE_POINT,100,100,RANDOM,5
144,14500,48.73246192932129,76618,76623.55,0,0.4,0.25,20,ONE_POINT,100,100,RANDOM,5
145,14600,49.052324056625366,76080,76096.14,0,0.4,0.25,20,ONE_POINT,100,100,RANDOM,5
146,14700,49.389023542404175,75883,75891.77,0,0.4,0.25,20,ONE_POINT,100,100,RANDOM,5
147,14800,49.770646810531616,75650,75673.71,0,0.4,0.25,20,ONE_POINT,100,100,RANDOM,5
148,14900,50.07701754570007,75546,75551.43,0,0.4,0.25,20,ONE_POINT,100,100,RANDOM,5
149,15000,50.42220187187195,75345,75355.81,0,0.4,0.25,20,ONE_POINT,100,100,RANDOM,5
150,15100,50.73850464820862,75091,75118.28,0,0.4,0.25,20,ONE_POINT,100,100,RANDOM,5
151,15200,51.08416390419006,74891,74902.17,0,0.4,0.25,20,ONE_POINT,100,100,RANDOM,5
152,15300,51.408371925354004,74598,74609.19,0,0.4,0.25,20,ONE_POINT,100,100,RANDOM,5
153,15400,51.74545097351074,74334,74344.56,0,0.4,0.25,20,ONE_POINT,100,100,RANDOM,5
154,15500,52.095205783843994,74033,74048.05,0,0.4,0.25,20,ONE_POINT,100,100,RANDOM,5
155,15600,52.450754165649414,73378,73404.2,0,0.4,0.25,20,ONE_POINT,100,100,RANDOM,5
156,15700,52.851388692855835,73103,73133.84,0,0.4,0.25,20,ONE_POINT,100,100,RANDOM,5
157,15800,53.208704471588135,72778,72811.93,0,0.4,0.25,20,ONE_POINT,100,100,RANDOM,5
158,15900,53.54560899734497,72623,72651.13,0,0.4,0.25,20,ONE_POINT,100,100,RANDOM,5
159,16000,53.87486267089844,72453,72464.39,0,0.4,0.25,20,ONE_POINT,100,100,RANDOM,5
160,16100,54.25224804878235,72285,72295.08,0,0.4,0.25,20,ONE_POINT,100,100,RANDOM,5
161,16200,54.67773747444153,72139,72149.66,0,0.4,0.25,20,ONE_POINT,100,100,RANDOM,5
162,16300,55.009186029434204,72000,72008.34,0,0.4,0.25,20,ONE_POINT,100,100,RANDOM,5
163,16400,55.368403673172,71733,71746.68,0,0.4,0.25,20,ONE_POINT,100,100,RANDOM,5
164,16500,55.69429087638855,71584,71593.06,0,0.4,0.25,20,ONE_POINT,100,100,RANDOM,5
165,16600,56.08078622817993,71238,71265.25,0,0.4,0.25,20,ONE_POINT,100,100,RANDOM,5
166,16700,56.38839292526245,71080,71097.59,0,0.4,0.25,20,ONE_POINT,100,100,RANDOM,5
167,16800,56.74981093406677,70944,70949.47,0,0.4,0.25,20,ONE_POINT,100,100,RANDOM,5
168,16900,57.0949227809906,70786,70796.07,0,0.4,0.25,20,ONE_POINT,100,100,RANDOM,5
169,17000,57.41517376899719,70562,70596.13,0,0.4,0.25,20,ONE_POINT,100,100,RANDOM,5
170,17100,57.79136395454407,70433,70443.06,0,0.4,0.25,20,ONE_POINT,100,100,RANDOM,5
171,17200,58.173155307769775,70300,70380.13,0,0.4,0.25,20,ONE_POINT,100,100,RANDOM,5
172,17300,58.50406503677368,70148,70153.37,0,0.4,0.25,20,ONE_POINT,100,100,RANDOM,5
173,17400,58.87786602973938,69993,70000.93,0,0.4,0.25,20,ONE_POINT,100,100,RANDOM,5
174,17500,59.23397254943848,69902,69908.58,0,0.4,0.25,20,ONE_POINT,100,100,RANDOM,5
175,17600,59.547670125961304,69715,69726.86,0,0.4,0.25,20,ONE_POINT,100,100,RANDOM,5
176,17700,59.83898854255676,69558,69580.93,0,0.4,0.25,20,ONE_POINT,100,100,RANDOM,5
177,17800,60.18504190444946,69413,69426.97,0,0.4,0.25,20,ONE_POINT,100,100,RANDOM,5
178,17900,60.49723529815674,69318,69323.7,0,0.4,0.25,20,ONE_POINT,100,100,RANDOM,5
179,18000,60.89070200920105,69048,69058.8,0,0.4,0.25,20,ONE_POINT,100,100,RANDOM,5
180,18100,61.19384837150574,68984,68987.29,0,0.4,0.25,20,ONE_POINT,100,100,RANDOM,5
181,18200,61.53349232673645,68855,68861.45,0,0.4,0.25,20,ONE_POINT,100,100,RANDOM,5
182,18300,61.903804540634155,68710,68818.24,0,0.4,0.25,20,ONE_POINT,100,100,RANDOM,5
183,18400,62.21889066696167,68601,68615.33,0,0.4,0.25,20,ONE_POINT,100,100,RANDOM,5
184,18500,62.53189492225647,68230,68245.93,0,0.4,0.25,20,ONE_POINT,100,100,RANDOM,5
185,18600,62.8352632522583,68030,68042.0,0,0.4,0.25,20,ONE_POINT,100,100,RANDOM,5
186,18700,63.19010257720947,67883,67892.81,0,0.4,0.25,20,ONE_POINT,100,100,RANDOM,5
187,18800,63.54642081260681,67562,67576.63,0,0.4,0.25,20,ONE_POINT,100,100,RANDOM,5
188,18900,63.90659284591675,67315,67367.5,0,0.4,0.25,20,ONE_POINT,100,100,RANDOM,5
189,19000,64.22653007507324,67141,67151.9,0,0.4,0.25,20,ONE_POINT,100,100,RANDOM,5
190,19100,64.56647062301636,66927,66936.65,0,0.4,0.25,20,ONE_POINT,100,100,RANDOM,5
191,19200,64.9233250617981,66836,66842.78,0,0.4,0.25,20,ONE_POINT,100,100,RANDOM,5
192,19300,65.22996997833252,66686,66696.72,0,0.4,0.25,20,ONE_POINT,100,100,RANDOM,5
193,19400,65.60946488380432,66404,66415.9,0,0.4,0.25,20,ONE_POINT,100,100,RANDOM,5
194,19500,65.93004941940308,66170,66227.79,0,0.4,0.25,20,ONE_POINT,100,100,RANDOM,5
195,19600,66.28396701812744,65990,66000.55,0,0.4,0.25,20,ONE_POINT,100,100,RANDOM,5
196,19700,66.6241443157196,65936,65943.17,0,0.4,0.25,20,ONE_POINT,100,100,RANDOM,5
197,19800,66.96183204650879,65820,65925.47,0,0.4,0.25,20,ONE_POINT,100,100,RANDOM,5
198,19900,67.29680180549622,65601,65612.54,0,0.4,0.25,20,ONE_POINT,100,100,RANDOM,5
199,20000,67.6309597492218,65344,65356.13,0,0.4,0.25,20,ONE_POINT,100,100,RANDOM,5
200,20100,67.97188758850098,65197,65206.62,0,0.4,0.25,20,ONE_POINT,100,100,RANDOM,5
201,20200,68.31107378005981,65113,65117.58,0,0.4,0.25,20,ONE_POINT,100,100,RANDOM,5
202,20300,68.61924171447754,64647,64752.6,0,0.4,0.25,20,ONE_POINT,100,100,RANDOM,5
203,20400,68.95782375335693,64523,64544.57,0,0.4,0.25,20,ONE_POINT,100,100,RANDOM,5
204,20500,69.31483578681946,64350,64366.28,0,0.4,0.25,20,ONE_POINT,100,100,RANDOM,5
205,20600,69.6435296535492,64223,64229.35,0,0.4,0.25,20,ONE_POINT,100,100,RANDOM,5
206,20700,69.94143772125244,64114,64151.08,0,0.4,0.25,20,ONE_POINT,100,100,RANDOM,5
207,20800,70.27366590499878,63897,63906.77,0,0.4,0.25,20,ONE_POINT,100,100,RANDOM,5
208,20900,70.66700220108032,63785,63791.3,0,0.4,0.25,20,ONE_POINT,100,100,RANDOM,5
209,21000,71.058424949646,63499,63510.44,0,0.4,0.25,20,ONE_POINT,100,100,RANDOM,5
210,21100,71.38637280464172,63267,63366.8,0,0.4,0.25,20,ONE_POINT,100,100,RANDOM,5
211,21200,71.69123435020447,63119,63173.68,0,0.4,0.25,20,ONE_POINT,100,100,RANDOM,5
212,21300,72.02470588684082,62921,62942.26,0,0.4,0.25,20,ONE_POINT,100,100,RANDOM,5
213,21400,72.41687774658203,62784,62793.36,0,0.4,0.25,20,ONE_POINT,100,100,RANDOM,5
214,21500,72.7362368106842,62623,62651.29,0,0.4,0.25,20,ONE_POINT,100,100,RANDOM,5
215,21600,73.04146146774292,62489,62497.04,0,0.4,0.25,20,ONE_POINT,100,100,RANDOM,5
216,21700,73.3312885761261,62284,62292.87,0,0.4,0.25,20,ONE_POINT,100,100,RANDOM,5
217,21800,73.76079034805298,62144,62153.05,0,0.4,0.25,20,ONE_POINT,100,100,RANDOM,5
218,21900,74.08474373817444,61826,61837.64,0,0.4,0.25,20,ONE_POINT,100,100,RANDOM,5
219,22000,74.4332320690155,61716,61720.6,0,0.4,0.25,20,ONE_POINT,100,100,RANDOM,5
220,22100,74.78406715393066,61615,61621.39,0,0.4,0.25,20,ONE_POINT,100,100,RANDOM,5
221,22200,75.14221668243408,61545,61555.25,0,0.4,0.25,20,ONE_POINT,100,100,RANDOM,5
222,22300,75.44761562347412,61491,61527.69,0,0.4,0.25,20,ONE_POINT,100,100,RANDOM,5
223,22400,75.7749502658844,61420,61424.26,0,0.4,0.25,20,ONE_POINT,100,100,RANDOM,5
224,22500,76.08070683479309,61293,61300.08,0,0.4,0.25,20,ONE_POINT,100,100,RANDOM,5
225,22600,76.39936661720276,61168,61179.51,0,0.4,0.25,20,ONE_POINT,100,100,RANDOM,5
226,22700,76.70212841033936,61077,61096.08,0,0.4,0.25,20,ONE_POINT,100,100,RANDOM,5
227,22800,77.02928805351257,60983,60988.97,0,0.4,0.25,20,ONE_POINT,100,100,RANDOM,5
228,22900,77.32955646514893,60886,60893.35,0,0.4,0.25,20,ONE_POINT,100,100,RANDOM,5
229,23000,77.66953420639038,60752,60766.68,0,0.4,0.25,20,ONE_POINT,100,100,RANDOM,5
230,23100,78.02467274665833,60709,60732.01,0,0.4,0.25,20,ONE_POINT,100,100,RANDOM,5
231,23200,78.31653237342834,60604,60739.48,0,0.4,0.25,20,ONE_POINT,100,100,RANDOM,5
232,23300,78.64969682693481,60490,60496.84,0,0.4,0.25,20,ONE_POINT,100,100,RANDOM,5
233,23400,78.96775436401367,60396,60404.11,0,0.4,0.25,20,ONE_POINT,100,100,RANDOM,5
234,23500,79.29808950424194,60215,60225.6,0,0.4,0.25,20,ONE_POINT,100,100,RANDOM,5
235,23600,79.61807680130005,59900,59915.75,0,0.4,0.25,20,ONE_POINT,100,100,RANDOM,5
236,23700,79.96238780021667,59746,59776.64,0,0.4,0.25,20,ONE_POINT,100,100,RANDOM,5
237,23800,80.25314211845398,59643,59662.49,0,0.4,0.25,20,ONE_POINT,100,100,RANDOM,5
238,23900,80.57302737236023,59527,59541.87,0,0.4,0.25,20,ONE_POINT,100,100,RANDOM,5
239,24000,80.86398315429688,59299,59335.01,0,0.4,0.25,20,ONE_POINT,100,100,RANDOM,5
240,24100,81.16322612762451,59254,59278.3,0,0.4,0.25,20,ONE_POINT,100,100,RANDOM,5
241,24200,81.45152187347412,59199,59206.22,0,0.4,0.25,20,ONE_POINT,100,100,RANDOM,5
242,24300,81.7609760761261,58995,59005.05,0,0.4,0.25,20,ONE_POINT,100,100,RANDOM,5
243,24400,82.08357000350952,58797,58818.06,0,0.4,0.25,20,ONE_POINT,100,100,RANDOM,5
244,24500,82.39039039611816,58673,58704.86,0,0.4,0.25,20,ONE_POINT,100,100,RANDOM,5
245,24600,82.70965766906738,58590,58601.08,0,0.4,0.25,20,ONE_POINT,100,100,RANDOM,5
246,24700,83.06395435333252,58525,58528.9,0,0.4,0.25,20,ONE_POINT,100,100,RANDOM,5
247,24800,83.39606738090515,58342,58360.41,0,0.4,0.25,20,ONE_POINT,100,100,RANDOM,5
248,24900,83.68328523635864,58132,58165.87,0,0.4,0.25,20,ONE_POINT,100,100,RANDOM,5
249,25000,84.00375652313232,58021,58028.17,0,0.4,0.25,20,ONE_POINT,100,100,RANDOM,5
250,25100,84.30517864227295,57882,57891.45,0,0.4,0.25,20,ONE_POINT,100,100,RANDOM,5
251,25200,84.61228537559509,57772,57806.13,0,0.4,0.25,20,ONE_POINT,100,100,RANDOM,5
252,25300,84.91261744499207,57658,57666.12,0,0.4,0.25,20,ONE_POINT,100,100,RANDOM,5
253,25400,85.28652572631836,57572,57580.31,0,0.4,0.25,20,ONE_POINT,100,100,RANDOM,5
254,25500,85.59505915641785,57490,57501.1,0,0.4,0.25,20,ONE_POINT,100,100,RANDOM,5
255,25600,85.93716597557068,57403,57428.59,0,0.4,0.25,20,ONE_POINT,100,100,RANDOM,5
256,25700,86.27546048164368,57295,57301.48,0,0.4,0.25,20,ONE_POINT,100,100,RANDOM,5
257,25800,86.60749387741089,57156,57164.03,0,0.4,0.25,20,ONE_POINT,100,100,RANDOM,5
258,25900,86.91290187835693,57022,57085.79,0,0.4,0.25,20,ONE_POINT,100,100,RANDOM,5
259,26000,87.21282172203064,56912,56921.15,0,0.4,0.25,20,ONE_POINT,100,100,RANDOM,5
260,26100,87.53389692306519,56831,56949.29,0,0.4,0.25,20,ONE_POINT,100,100,RANDOM,5
261,26200,87.85042190551758,56733,56745.36,0,0.4,0.25,20,ONE_POINT,100,100,RANDOM,5
262,26300,88.14445185661316,56587,56601.98,0,0.4,0.25,20,ONE_POINT,100,100,RANDOM,5
263,26400,88.44031429290771,56470,56487.73,0,0.4,0.25,20,ONE_POINT,100,100,RANDOM,5
264,26500,88.78062629699707,56236,56245.36,0,0.4,0.25,20,ONE_POINT,100,100,RANDOM,5
265,26600,89.09000396728516,56125,56137.33,0,0.4,0.25,20,ONE_POINT,100,100,RANDOM,5
266,26700,89.4035096168518,56069,56075.9,0,0.4,0.25,20,ONE_POINT,100,100,RANDOM,5
267,26800,89.69281435012817,55954,55960.97,0,0.4,0.25,20,ONE_POINT,100,100,RANDOM,5
268,26900,89.98511219024658,55777,55790.64,0,0.4,0.25,20,ONE_POINT,100,100,RANDOM,5
269,27000,90.29426598548889,55671,55676.92,0,0.4,0.25,20,ONE_POINT,100,100,RANDOM,5
270,27100,90.63752174377441,55562,55567.55,0,0.4,0.25,20,ONE_POINT,100,100,RANDOM,5
271,27200,90.94834566116333,55465,55484.59,0,0.4,0.25,20,ONE_POINT,100,100,RANDOM,5
272,27300,91.25534701347351,55265,55273.0,0,0.4,0.25,20,ONE_POINT,100,100,RANDOM,5
273,27400,91.57703638076782,55157,55179.97,0,0.4,0.25,20,ONE_POINT,100,100,RANDOM,5
274,27500,91.92713713645935,55103,55115.31,0,0.4,0.25,20,ONE_POINT,100,100,RANDOM,5
275,27600,92.21140694618225,54966,54975.97,0,0.4,0.25,20,ONE_POINT,100,100,RANDOM,5
276,27700,92.5711989402771,54887,54905.37,0,0.4,0.25,20,ONE_POINT,100,100,RANDOM,5
277,27800,92.88726162910461,54821,54831.23,0,0.4,0.25,20,ONE_POINT,100,100,RANDOM,5
278,27900,93.17775845527649,54747,54755.65,0,0.4,0.25,20,ONE_POINT,100,100,RANDOM,5
279,28000,93.47529149055481,54640,54687.1,0,0.4,0.25,20,ONE_POINT,100,100,RANDOM,5
280,28100,93.76463532447815,54578,54584.51,0,0.4,0.25,20,ONE_POINT,100,100,RANDOM,5
281,28200,94.11755514144897,54410,54421.31,0,0.4,0.25,20,ONE_POINT,100,100,RANDOM,5
282,28300,94.43775963783264,54323,54342.08,0,0.4,0.25,20,ONE_POINT,100,100,RANDOM,5
283,28400,94.77563381195068,54245,54249.39,0,0.4,0.25,20,ONE_POINT,100,100,RANDOM,5
284,28500,95.11417388916016,54156,54161.34,0,0.4,0.25,20,ONE_POINT,100,100,RANDOM,5
285,28600,95.42118048667908,54093,54098.84,0,0.4,0.25,20,ONE_POINT,100,100,RANDOM,5
286,28700,95.71351432800293,53952,53968.37,0,0.4,0.25,20,ONE_POINT,100,100,RANDOM,5
287,28800,96.0093367099762,53874,54062.3,0,0.4,0.25,20,ONE_POINT,100,100,RANDOM,5
288,28900,96.32427954673767,53738,53745.79,0,0.4,0.25,20,ONE_POINT,100,100,RANDOM,5
289,29000,96.63654589653015,53568,53701.84,0,0.4,0.25,20,ONE_POINT,100,100,RANDOM,5
290,29100,96.93564295768738,53528,53530.32,0,0.4,0.25,20,ONE_POINT,100,100,RANDOM,5
291,29200,97.26411962509155,53420,53426.89,0,0.4,0.25,20,ONE_POINT,100,100,RANDOM,5
292,29300,97.56811833381653,53354,53361.49,0,0.4,0.25,20,ONE_POINT,100,100,RANDOM,5
293,29400,97.87049126625061,53297,53301.83,0,0.4,0.25,20,ONE_POINT,100,100,RANDOM,5
294,29500,98.15952229499817,53240,53297.33,0,0.4,0.25,20,ONE_POINT,100,100,RANDOM,5
295,29600,98.45418286323547,53196,53199.59,0,0.4,0.25,20,ONE_POINT,100,100,RANDOM,5
296,29700,98.77836155891418,53141,53147.53,0,0.4,0.25,20,ONE_POINT,100,100,RANDOM,5
297,29800,99.10625314712524,52927,52938.25,0,0.4,0.25,20,ONE_POINT,100,100,RANDOM,5
298,29900,99.3926944732666,52870,52989.71,0,0.4,0.25,20,ONE_POINT,100,100,RANDOM,5
299,30000,99.68351745605469,52824,52827.29,0,0.4,0.25,20,ONE_POINT,100,100,RANDOM,5
300,30100,100.02973127365112,52722,52738.71,0,0.4,0.25,20,ONE_POINT,100,100,RANDOM,5
301,30200,100.31680011749268,52618,52625.73,0,0.4,0.25,20,ONE_POINT,100,100,RANDOM,5
302,30300,100.60033988952637,52485,52494.16,0,0.4,0.25,20,ONE_POINT,100,100,RANDOM,5
303,30400,100.93457913398743,52430,52434.8,0,0.4,0.25,20,ONE_POINT,100,100,RANDOM,5
304,30500,101.24116802215576,52109,52121.84,0,0.4,0.25,20,ONE_POINT,100,100,RANDOM,5
305,30600,101.59489297866821,51974,51983.45,0,0.4,0.25,20,ONE_POINT,100,100,RANDOM,5
306,30700,101.9285249710083,51929,51958.57,0,0.4,0.25,20,ONE_POINT,100,100,RANDOM,5
307,30800,102.23062682151794,51814,51820.38,0,0.4,0.25,20,ONE_POINT,100,100,RANDOM,5
308,30900,102.54826188087463,51803,51804.5,0,0.4,0.25,20,ONE_POINT,100,100,RANDOM,5
309,31000,102.8532817363739,51637,51646.89,0,0.4,0.25,20,ONE_POINT,100,100,RANDOM,5
310,31100,103.18451070785522,51548,51553.34,0,0.4,0.25,20,ONE_POINT,100,100,RANDOM,5
311,31200,103.4928023815155,51459,51471.11,0,0.4,0.25,20,ONE_POINT,100,100,RANDOM,5
312,31300,103.82020282745361,51373,51379.02,0,0.4,0.25,20,ONE_POINT,100,100,RANDOM,5
313,31400,104.12570858001709,51328,51332.23,0,0.4,0.25,20,ONE_POINT,100,100,RANDOM,5
314,31500,104.43000292778015,51219,51253.56,0,0.4,0.25,20,ONE_POINT,100,100,RANDOM,5
315,31600,104.7256875038147,51105,51113.04,0,0.4,0.25,20,ONE_POINT,100,100,RANDOM,5
316,31700,105.07621717453003,51021,51033.58,0,0.4,0.25,20,ONE_POINT,100,100,RANDOM,5
317,31800,105.3951027393341,50934,51087.95,0,0.4,0.25,20,ONE_POINT,100,100,RANDOM,5
318,31900,105.75664782524109,50771,50780.78,0,0.4,0.25,20,ONE_POINT,100,100,RANDOM,5
319,32000,106.07243132591248,50691,50699.77,0,0.4,0.25,20,ONE_POINT,100,100,RANDOM,5
320,32100,106.41640019416809,50555,50563.01,0,0.4,0.25,20,ONE_POINT,100,100,RANDOM,5
321,32200,106.73619437217712,50464,50481.34,0,0.4,0.25,20,ONE_POINT,100,100,RANDOM,5
322,32300,107.03552150726318,50172,50201.25,0,0.4,0.25,20,ONE_POINT,100,100,RANDOM,5
323,32400,107.34049487113953,50099,50154.15,0,0.4,0.25,20,ONE_POINT,100,100,RANDOM,5
324,32500,107.66461181640625,50023,50038.18,0,0.4,0.25,20,ONE_POINT,100,100,RANDOM,5
325,32600,107.96582293510437,49917,49936.07,0,0.4,0.25,20,ONE_POINT,100,100,RANDOM,5
326,32700,108.29464173316956,49761,49770.36,0,0.4,0.25,20,ONE_POINT,100,100,RANDOM,5
327,32800,108.58712363243103,49639,49650.94,0,0.4,0.25,20,ONE_POINT,100,100,RANDOM,5
328,32900,108.90457773208618,49560,49581.36,0,0.4,0.25,20,ONE_POINT,100,100,RANDOM,5
329,33000,109.22140216827393,49461,49467.94,0,0.4,0.25,20,ONE_POINT,100,100,RANDOM,5
330,33100,109.52177691459656,49370,49388.92,0,0.4,0.25,20,ONE_POINT,100,100,RANDOM,5
331,33200,109.85541248321533,49282,49287.28,0,0.4,0.25,20,ONE_POINT,100,100,RANDOM,5
332,33300,110.19930863380432,49241,49250.95,0,0.4,0.25,20,ONE_POINT,100,100,RANDOM,5
333,33400,110.48620057106018,49186,49189.91,0,0.4,0.25,20,ONE_POINT,100,100,RANDOM,5
334,33500,110.85249042510986,49078,49084.7,0,0.4,0.25,20,ONE_POINT,100,100,RANDOM,5
335,33600,111.1860921382904,49018,49022.8,0,0.4,0.25,20,ONE_POINT,100,100,RANDOM,5
336,33700,111.47800302505493,48983,48988.62,0,0.4,0.25,20,ONE_POINT,100,100,RANDOM,5
337,33800,111.78444743156433,48906,48921.66,0,0.4,0.25,20,ONE_POINT,100,100,RANDOM,5
338,33900,112.11549162864685,48818,48825.01,0,0.4,0.25,20,ONE_POINT,100,100,RANDOM,5
339,34000,112.40148591995239,48754,48759.89,0,0.4,0.25,20,ONE_POINT,100,100,RANDOM,5
340,34100,112.69728207588196,48692,48700.79,0,0.4,0.25,20,ONE_POINT,100,100,RANDOM,5
341,34200,113.00035119056702,48580,48602.51,0,0.4,0.25,20,ONE_POINT,100,100,RANDOM,5
342,34300,113.29246711730957,48517,48575.18,0,0.4,0.25,20,ONE_POINT,100,100,RANDOM,5
343,34400,113.62311434745789,48440,48445.88,0,0.4,0.25,20,ONE_POINT,100,100,RANDOM,5
344,34500,113.94022059440613,48305,48326.85,0,0.4,0.25,20,ONE_POINT,100,100,RANDOM,5
345,34600,114.28575873374939,48213,48217.69,0,0.4,0.25,20,ONE_POINT,100,100,RANDOM,5
346,34700,114.57122230529785,48106,48112.42,0,0.4,0.25,20,ONE_POINT,100,100,RANDOM,5
347,34800,114.87832808494568,48029,48035.2,0,0.4,0.25,20,ONE_POINT,100,100,RANDOM,5
348,34900,115.16318726539612,47975,47980.15,0,0.4,0.25,20,ONE_POINT,100,100,RANDOM,5
349,35000,115.4479386806488,47893,47897.69,0,0.4,0.25,20,ONE_POINT,100,100,RANDOM,5
350,35100,115.76635146141052,47810,47815.0,0,0.4,0.25,20,ONE_POINT,100,100,RANDOM,5
351,35200,116.07676649093628,47739,47745.14,0,0.4,0.25,20,ONE_POINT,100,100,RANDOM,5
352,35300,116.40738940238953,47697,47700.5,0,0.4,0.25,20,ONE_POINT,100,100,RANDOM,5
353,35400,116.74242520332336,47615,47637.76,0,0.4,0.25,20,ONE_POINT,100,100,RANDOM,5
354,35500,117.03368854522705,47479,47500.9,0,0.4,0.25,20,ONE_POINT,100,100,RANDOM,5
355,35600,117.37587118148804,47404,47425.59,0,0.4,0.25,20,ONE_POINT,100,100,RANDOM,5
356,35700,117.72320580482483,47304,47354.02,0,0.4,0.25,20,ONE_POINT,100,100,RANDOM,5
357,35800,118.0526750087738,47178,47185.83,0,0.4,0.25,20,ONE_POINT,100,100,RANDOM,5
358,35900,118.3531289100647,47109,47116.02,0,0.4,0.25,20,ONE_POINT,100,100,RANDOM,5
359,36000,118.6827495098114,47030,47092.0,0,0.4,0.25,20,ONE_POINT,100,100,RANDOM,5
360,36100,119.00024223327637,46965,46977.69,0,0.4,0.25,20,ONE_POINT,100,100,RANDOM,5
361,36200,119.35184454917908,46800,46823.14,0,0.4,0.25,20,ONE_POINT,100,100,RANDOM,5
362,36300,119.7003881931305,46768,46779.14,0,0.4,0.25,20,ONE_POINT,100,100,RANDOM,5
363,36400,120.00199031829834,46703,46718.14,0,0.4,0.25,20,ONE_POINT,100,100,RANDOM,5
364,36500,120.30242156982422,46600,46618.6,0,0.4,0.25,20,ONE_POINT,100,100,RANDOM,5
365,36600,120.65575885772705,46531,46536.84,0,0.4,0.25,20,ONE_POINT,100,100,RANDOM,5
366,36700,120.97101593017578,46498,46502.41,0,0.4,0.25,20,ONE_POINT,100,100,RANDOM,5
367,36800,121.26116251945496,46413,46421.34,0,0.4,0.25,20,ONE_POINT,100,100,RANDOM,5
368,36900,121.56116962432861,46299,46310.42,0,0.4,0.25,20,ONE_POINT,100,100,RANDOM,5
369,37000,121.85489249229431,46245,46251.79,0,0.4,0.25,20,ONE_POINT,100,100,RANDOM,5
370,37100,122.17665338516235,46201,46271.42,0,0.4,0.25,20,ONE_POINT,100,100,RANDOM,5
371,37200,122.48553609848022,46077,46085.82,0,0.4,0.25,20,ONE_POINT,100,100,RANDOM,5
372,37300,122.78855419158936,46018,46025.2,0,0.4,0.25,20,ONE_POINT,100,100,RANDOM,5
373,37400,123.0829484462738,45961,46010.89,0,0.4,0.25,20,ONE_POINT,100,100,RANDOM,5
374,37500,123.39984774589539,45913,45926.51,0,0.4,0.25,20,ONE_POINT,100,100,RANDOM,5
375,37600,123.70400190353394,45846,45899.69,0,0.4,0.25,20,ONE_POINT,100,100,RANDOM,5
376,37700,124.03960180282593,45793,45797.24,0,0.4,0.25,20,ONE_POINT,100,100,RANDOM,5
377,37800,124.33331799507141,45728,45736.64,0,0.4,0.25,20,ONE_POINT,100,100,RANDOM,5
378,37900,124.65850853919983,45490,45502.71,0,0.4,0.25,20,ONE_POINT,100,100,RANDOM,5
379,38000,124.94704294204712,45418,45428.97,0,0.4,0.25,20,ONE_POINT,100,100,RANDOM,5
380,38100,125.27344012260437,45280,45288.76,0,0.4,0.25,20,ONE_POINT,100,100,RANDOM,5
381,38200,125.58208346366882,45230,45232.92,0,0.4,0.25,20,ONE_POINT,100,100,RANDOM,5
382,38300,125.89452576637268,45160,45164.2,0,0.4,0.25,20,ONE_POINT,100,100,RANDOM,5
383,38400,126.21081566810608,45091,45094.62,0,0.4,0.25,20,ONE_POINT,100,100,RANDOM,5
384,38500,126.54748964309692,45058,45066.27,0,0.4,0.25,20,ONE_POINT,100,100,RANDOM,5
385,38600,126.86810755729675,45003,45173.8,0,0.4,0.25,20,ONE_POINT,100,100,RANDOM,5
386,38700,127.19785523414612,44916,44925.69,0,0.4,0.25,20,ONE_POINT,100,100,RANDOM,5
387,38800,127.51980757713318,44889,44901.35,0,0.4,0.25,20,ONE_POINT,100,100,RANDOM,5
388,38900,127.83940148353577,44834,44985.66,0,0.4,0.25,20,ONE_POINT,100,100,RANDOM,5
389,39000,128.1367666721344,44783,44787.59,0,0.4,0.25,20,ONE_POINT,100,100,RANDOM,5
390,39100,128.4346218109131,44715,44723.58,0,0.4,0.25,20,ONE_POINT,100,100,RANDOM,5
391,39200,128.74129247665405,44652,44661.97,0,0.4,0.25,20,ONE_POINT,100,100,RANDOM,5
392,39300,129.0430941581726,44582,44588.94,0,0.4,0.25,20,ONE_POINT,100,100,RANDOM,5
393,39400,129.38635110855103,44555,44557.16,0,0.4,0.25,20,ONE_POINT,100,100,RANDOM,5
394,39500,129.73277163505554,44492,44499.35,0,0.4,0.25,20,ONE_POINT,100,100,RANDOM,5
395,39600,130.0471692085266,44446,44463.34,0,0.4,0.25,20,ONE_POINT,100,100,RANDOM,5
396,39700,130.34299302101135,44377,44385.89,0,0.4,0.25,20,ONE_POINT,100,100,RANDOM,5
397,39800,130.66511726379395,44356,44358.21,0,0.4,0.25,20,ONE_POINT,100,100,RANDOM,5
398,39900,131.01977944374084,44299,44304.05,0,0.4,0.25,20,ONE_POINT,100,100,RANDOM,5
399,40000,131.31683993339539,44225,44229.44,0,0.4,0.25,20,ONE_POINT,100,100,RANDOM,5
400,40100,131.61667156219482,44143,44147.76,0,0.4,0.25,20,ONE_POINT,100,100,RANDOM,5
401,40200,131.96218943595886,44069,44077.81,0,0.4,0.25,20,ONE_POINT,100,100,RANDOM,5
402,40300,132.25891041755676,44027,44031.66,0,0.4,0.25,20,ONE_POINT,100,100,RANDOM,5
403,40400,132.59841299057007,43985,44061.03,0,0.4,0.25,20,ONE_POINT,100,100,RANDOM,5
404,40500,132.90742754936218,43945,43955.52,0,0.4,0.25,20,ONE_POINT,100,100,RANDOM,5
405,40600,133.22919392585754,43853,43864.35,0,0.4,0.25,20,ONE_POINT,100,100,RANDOM,5
406,40700,133.5283682346344,43783,43787.0,0,0.4,0.25,20,ONE_POINT,100,100,RANDOM,5
407,40800,133.83745074272156,43695,43707.37,0,0.4,0.25,20,ONE_POINT,100,100,RANDOM,5
408,40900,134.1296350955963,43661,43664.6,0,0.4,0.25,20,ONE_POINT,100,100,RANDOM,5
409,41000,134.43757152557373,43456,43466.33,0,0.4,0.25,20,ONE_POINT,100,100,RANDOM,5
410,41100,134.79500937461853,43389,43394.44,0,0.4,0.25,20,ONE_POINT,100,100,RANDOM,5
411,41200,135.13410329818726,43337,43341.48,0,0.4,0.25,20,ONE_POINT,100,100,RANDOM,5
412,41300,135.4337921142578,43298,43304.99,0,0.4,0.25,20,ONE_POINT,100,100,RANDOM,5
413,41400,135.7532467842102,43261,43264.75,0,0.4,0.25,20,ONE_POINT,100,100,RANDOM,5
414,41500,136.0482518672943,43150,43156.66,0,0.4,0.25,20,ONE_POINT,100,100,RANDOM,5
415,41600,136.38388347625732,43097,43101.95,0,0.4,0.25,20,ONE_POINT,100,100,RANDOM,5
416,41700,136.71797943115234,43078,43080.28,0,0.4,0.25,20,ONE_POINT,100,100,RANDOM,5
417,41800,137.0615336894989,42955,42965.21,0,0.4,0.25,20,ONE_POINT,100,100,RANDOM,5
418,41900,137.388436794281,42908,42912.91,0,0.4,0.25,20,ONE_POINT,100,100,RANDOM,5
419,42000,137.68874216079712,42819,42826.12,0,0.4,0.25,20,ONE_POINT,100,100,RANDOM,5
420,42100,137.9941132068634,42733,42743.19,0,0.4,0.25,20,ONE_POINT,100,100,RANDOM,5
421,42200,138.29829788208008,42658,42669.78,0,0.4,0.25,20,ONE_POINT,100,100,RANDOM,5
422,42300,138.62330627441406,42567,42577.73,0,0.4,0.25,20,ONE_POINT,100,100,RANDOM,5
423,42400,138.95378375053406,42549,42551.82,0,0.4,0.25,20,ONE_POINT,100,100,RANDOM,5
424,42500,139.30420660972595,42404,42413.92,0,0.4,0.25,20,ONE_POINT,100,100,RANDOM,5
425,42600,139.60751748085022,42354,42358.28,0,0.4,0.25,20,ONE_POINT,100,100,RANDOM,5
426,42700,139.91969633102417,42304,42307.0,0,0.4,0.25,20,ONE_POINT,100,100,RANDOM,5
427,42800,140.20759534835815,42254,42255.5,0,0.4,0.25,20,ONE_POINT,100,100,RANDOM,5
428,42900,140.51289343833923,42191,42195.71,0,0.4,0.25,20,ONE_POINT,100,100,RANDOM,5
429,43000,140.83797240257263,42120,42126.55,0,0.4,0.25,20,ONE_POINT,100,100,RANDOM,5
430,43100,141.1609070301056,42092,42095.98,0,0.4,0.25,20,ONE_POINT,100,100,RANDOM,5
431,43200,141.48251914978027,42068,42073.06,0,0.4,0.25,20,ONE_POINT,100,100,RANDOM,5
432,43300,141.7704427242279,42010,42018.82,0,0.4,0.25,20,ONE_POINT,100,100,RANDOM,5
433,43400,142.08746123313904,41960,41976.7,0,0.4,0.25,20,ONE_POINT,100,100,RANDOM,5
434,43500,142.37755465507507,41952,41953.92,0,0.4,0.25,20,ONE_POINT,100,100,RANDOM,5
435,43600,142.7092785835266,41822,41831.68,0,0.4,0.25,20,ONE_POINT,100,100,RANDOM,5
436,43700,142.9997489452362,41756,41762.3,0,0.4,0.25,20,ONE_POINT,100,100,RANDOM,5
437,43800,143.3129870891571,41705,41722.47,0,0.4,0.25,20,ONE_POINT,100,100,RANDOM,5
438,43900,143.6178047657013,41666,41696.29,0,0.4,0.25,20,ONE_POINT,100,100,RANDOM,5
439,44000,143.93076014518738,41611,41641.57,0,0.4,0.25,20,ONE_POINT,100,100,RANDOM,5
440,44100,144.2267074584961,41553,41596.78,0,0.4,0.25,20,ONE_POINT,100,100,RANDOM,5
441,44200,144.52760076522827,41502,41506.44,0,0.4,0.25,20,ONE_POINT,100,100,RANDOM,5
442,44300,144.81925797462463,41463,41473.15,0,0.4,0.25,20,ONE_POINT,100,100,RANDOM,5
443,44400,145.10391807556152,41444,41446.04,0,0.4,0.25,20,ONE_POINT,100,100,RANDOM,5
444,44500,145.42979311943054,41270,41283.29,0,0.4,0.25,20,ONE_POINT,100,100,RANDOM,5
445,44600,145.77667093276978,41189,41196.73,0,0.4,0.25,20,ONE_POINT,100,100,RANDOM,5
446,44700,146.08837938308716,41157,41171.72,0,0.4,0.25,20,ONE_POINT,100,100,RANDOM,5
447,44800,146.4304256439209,41121,41314.35,0,0.4,0.25,20,ONE_POINT,100,100,RANDOM,5
448,44900,146.74385619163513,41057,41065.79,0,0.4,0.25,20,ONE_POINT,100,100,RANDOM,5
449,45000,147.05676221847534,41031,41036.08,0,0.4,0.25,20,ONE_POINT,100,100,RANDOM,5
450,45100,147.3514256477356,41005,41008.13,0,0.4,0.25,20,ONE_POINT,100,100,RANDOM,5
451,45200,147.69505214691162,40978,40981.3,0,0.4,0.25,20,ONE_POINT,100,100,RANDOM,5
452,45300,148.06321477890015,40950,41021.59,0,0.4,0.25,20,ONE_POINT,100,100,RANDOM,5
453,45400,148.38156366348267,40928,40931.69,0,0.4,0.25,20,ONE_POINT,100,100,RANDOM,5
454,45500,148.68569707870483,40926,40927.23,0,0.4,0.25,20,ONE_POINT,100,100,RANDOM,5
455,45600,149.0072557926178,40906,40909.41,0,0.4,0.25,20,ONE_POINT,100,100,RANDOM,5
456,45700,149.3228166103363,40878,40880.77,0,0.4,0.25,20,ONE_POINT,100,100,RANDOM,5
457,45800,149.66449308395386,40821,40991.97,0,0.4,0.25,20,ONE_POINT,100,100,RANDOM,5
458,45900,149.97050595283508,40777,40783.8,0,0.4,0.25,20,ONE_POINT,100,100,RANDOM,5
459,46000,150.28762888908386,40736,40739.67,0,0.4,0.25,20,ONE_POINT,100,100,RANDOM,5
460,46100,150.5945725440979,40683,40695.32,0,0.4,0.25,20,ONE_POINT,100,100,RANDOM,5
461,46200,150.903382062912,40632,40636.61,0,0.4,0.25,20,ONE_POINT,100,100,RANDOM,5
462,46300,151.20608806610107,40546,40580.65,0,0.4,0.25,20,ONE_POINT,100,100,RANDOM,5
463,46400,151.50825333595276,40501,40514.97,0,0.4,0.25,20,ONE_POINT,100,100,RANDOM,5
464,46500,151.82371473312378,40456,40459.12,0,0.4,0.25,20,ONE_POINT,100,100,RANDOM,5
465,46600,152.1454360485077,40430,40433.38,0,0.4,0.25,20,ONE_POINT,100,100,RANDOM,5
466,46700,152.49603533744812,40342,40352.07,0,0.4,0.25,20,ONE_POINT,100,100,RANDOM,5
467,46800,152.78436732292175,40321,40326.76,0,0.4,0.25,20,ONE_POINT,100,100,RANDOM,5
468,46900,153.1012761592865,40273,40284.42,0,0.4,0.25,20,ONE_POINT,100,100,RANDOM,5
469,47000,153.41764879226685,40233,40235.45,0,0.4,0.25,20,ONE_POINT,100,100,RANDOM,5
470,47100,153.72449254989624,40202,40206.14,0,0.4,0.25,20,ONE_POINT,100,100,RANDOM,5
471,47200,154.04490876197815,40180,40223.19,0,0.4,0.25,20,ONE_POINT,100,100,RANDOM,5
472,47300,154.34477281570435,40141,40144.55,0,0.4,0.25,20,ONE_POINT,100,100,RANDOM,5
473,47400,154.65146279335022,40096,40102.08,0,0.4,0.25,20,ONE_POINT,100,100,RANDOM,5
474,47500,154.96854424476624,40037,40041.72,0,0.4,0.25,20,ONE_POINT,100,100,RANDOM,5
475,47600,155.2997362613678,40002,40010.86,0,0.4,0.25,20,ONE_POINT,100,100,RANDOM,5
476,47700,155.6154191493988,39954,39958.57,0,0.4,0.25,20,ONE_POINT,100,100,RANDOM,5
477,47800,155.9141206741333,39904,39936.74,0,0.4,0.25,20,ONE_POINT,100,100,RANDOM,5
478,47900,156.23544883728027,39880,39882.41,0,0.4,0.25,20,ONE_POINT,100,100,RANDOM,5
479,48000,156.5298376083374,39862,39866.93,0,0.4,0.25,20,ONE_POINT,100,100,RANDOM,5
480,48100,156.85290002822876,39835,39840.67,0,0.4,0.25,20,ONE_POINT,100,100,RANDOM,5
481,48200,157.15001010894775,39753,39761.92,0,0.4,0.25,20,ONE_POINT,100,100,RANDOM,5
482,48300,157.4447934627533,39728,39733.14,0,0.4,0.25,20,ONE_POINT,100,100,RANDOM,5
483,48400,157.76053071022034,39716,39718.34,0,0.4,0.25,20,ONE_POINT,100,100,RANDOM,5
484,48500,158.06213808059692,39680,39687.96,0,0.4,0.25,20,ONE_POINT,100,100,RANDOM,5
485,48600,158.38142323493958,39608,39614.43,0,0.4,0.25,20,ONE_POINT,100,100,RANDOM,5
486,48700,158.68051934242249,39567,39571.77,0,0.4,0.25,20,ONE_POINT,100,100,RANDOM,5
487,48800,159.00615549087524,39503,39588.85,0,0.4,0.25,20,ONE_POINT,100,100,RANDOM,5
488,48900,159.29225873947144,39465,39469.7,0,0.4,0.25,20,ONE_POINT,100,100,RANDOM,5
489,49000,159.5938937664032,39410,39422.77,0,0.4,0.25,20,ONE_POINT,100,100,RANDOM,5
490,49100,159.92335152626038,39367,39378.86,0,0.4,0.25,20,ONE_POINT,100,100,RANDOM,5
491,49200,160.24478340148926,39256,39264.37,0,0.4,0.25,20,ONE_POINT,100,100,RANDOM,5
492,49300,160.53818082809448,39095,39107.47,0,0.4,0.25,20,ONE_POINT,100,100,RANDOM,5
493,49400,160.8488233089447,39031,39055.01,0,0.4,0.25,20,ONE_POINT,100,100,RANDOM,5
494,49500,161.1452832221985,38985,39114.56,0,0.4,0.25,20,ONE_POINT,100,100,RANDOM,5
495,49600,161.4506995677948,38968,38978.66,0,0.4,0.25,20,ONE_POINT,100,100,RANDOM,5
496,49700,161.76379776000977,38947,38956.05,0,0.4,0.25,20,ONE_POINT,100,100,RANDOM,5
497,49800,162.06216716766357,38874,38886.99,0,0.4,0.25,20,ONE_POINT,100,100,RANDOM,5
498,49900,162.37830591201782,38848,38851.71,0,0.4,0.25,20,ONE_POINT,100,100,RANDOM,5
499,50000,162.72199010849,38839,38880.29,0,0.4,0.25,20,ONE_POINT,100,100,RANDOM,5
500,50100,163.00715017318726,38801,38842.38,0,0.4,0.25,20,ONE_POINT,100,100,RANDOM,5
1,200,0.22388148307800293,132031,130404.97,0,0.4,0.25,20,ONE_POINT,100,100,RANDOM,6
2,300,0.5912020206451416,128462,128512.82,0,0.4,0.25,20,ONE_POINT,100,100,RANDOM,6
3,400,0.9262166023254395,127154,127154.0,0,0.4,0.25,20,ONE_POINT,100,100,RANDOM,6
1,200,0.1945970058441162,133547,133919.82,0,0.4,0.25,20,ONE_POINT,100,100,RANDOM,7
2,300,0.5449445247650146,132707,132730.4,0,0.4,0.25,20,ONE_POINT,100,100,RANDOM,7
3,400,0.8709845542907715,130592,130634.3,0,0.4,0.25,20,ONE_POINT,100,100,RANDOM,7
4,500,1.2543325424194336,129640,129659.04,0,0.4,0.25,20,ONE_POINT,100,100,RANDOM,7
5,600,1.567608118057251,128459,128470.81,0,0.4,0.25,20,ONE_POINT,100,100,RANDOM,7
6,700,1.913855791091919,128074,128081.13,0,0.4,0.25,20,ONE_POINT,100,100,RANDOM,7
7,800,2.226585626602173,127376,127397.44,0,0.4,0.25,20,ONE_POINT,100,100,RANDOM,7
8,900,2.5720162391662598,125993,126029.36,0,0.4,0.25,20,ONE_POINT,100,100,RANDOM,7
9,1000,2.8791873455047607,123701,123746.32,0,0.4,0.25,20,ONE_POINT,100,100,RANDOM,7
10,1100,3.2248427867889404,122010,122043.3,0,0.4,0.25,20,ONE_POINT,100,100,RANDOM,7
11,1200,3.5380728244781494,120992,121008.54,0,0.4,0.25,20,ONE_POINT,100,100,RANDOM,7
12,1300,3.896470069885254,120545,120612.53,0,0.4,0.25,20,ONE_POINT,100,100,RANDOM,7
13,1400,4.221381425857544,120225,120238.97,0,0.4,0.25,20,ONE_POINT,100,100,RANDOM,7
14,1500,4.599750518798828,119879,119895.41,0,0.4,0.25,20,ONE_POINT,100,100,RANDOM,7
15,1600,4.9278881549835205,119127,119192.29,0,0.4,0.25,20,ONE_POINT,100,100,RANDOM,7
16,1700,5.2286460399627686,118656,118676.2,0,0.4,0.25,20,ONE_POINT,100,100,RANDOM,7
17,1800,5.565472364425659,118330,118343.04,0,0.4,0.25,20,ONE_POINT,100,100,RANDOM,7
18,1900,5.9213457107543945,117513,117545.68,0,0.4,0.25,20,ONE_POINT,100,100,RANDOM,7
19,2000,6.254907608032227,117220,117284.63,0,0.4,0.25,20,ONE_POINT,100,100,RANDOM,7
20,2100,6.562363624572754,116477,116499.55,0,0.4,0.25,20,ONE_POINT,100,100,RANDOM,7
21,2200,6.877753019332886,115990,116009.92,0,0.4,0.25,20,ONE_POINT,100,100,RANDOM,7
22,2300,7.216390609741211,115453,115469.11,0,0.4,0.25,20,ONE_POINT,100,100,RANDOM,7
23,2400,7.547793388366699,115040,115093.26,0,0.4,0.25,20,ONE_POINT,100,100,RANDOM,7
24,2500,7.89455246925354,114562,114585.8,0,0.4,0.25,20,ONE_POINT,100,100,RANDOM,7
25,2600,8.249119520187378,114276,114287.43,0,0.4,0.25,20,ONE_POINT,100,100,RANDOM,7
26,2700,8.57173490524292,113808,113827.59,0,0.4,0.25,20,ONE_POINT,100,100,RANDOM,7
27,2800,8.873126983642578,113342,113389.77,0,0.4,0.25,20,ONE_POINT,100,100,RANDOM,7
28,2900,9.181292295455933,112798,112825.45,0,0.4,0.25,20,ONE_POINT,100,100,RANDOM,7
29,3000,9.557737350463867,112462,112530.12,0,0.4,0.25,20,ONE_POINT,100,100,RANDOM,7
30,3100,9.999700546264648,111973,111993.58,0,0.4,0.25,20,ONE_POINT,100,100,RANDOM,7
31,3200,10.374326944351196,111516,111539.35,0,0.4,0.25,20,ONE_POINT,100,100,RANDOM,7
32,3300,10.699106216430664,111026,111041.21,0,0.4,0.25,20,ONE_POINT,100,100,RANDOM,7
33,3400,11.007157564163208,110534,110598.47,0,0.4,0.25,20,ONE_POINT,100,100,RANDOM,7
34,3500,11.29539966583252,110194,110204.2,0,0.4,0.25,20,ONE_POINT,100,100,RANDOM,7
35,3600,11.587128400802612,109669,109679.5,0,0.4,0.25,20,ONE_POINT,100,100,RANDOM,7
36,3700,11.910632371902466,109447,109455.88,0,0.4,0.25,20,ONE_POINT,100,100,RANDOM,7
37,3800,12.31373143196106,109080,109094.68,0,0.4,0.25,20,ONE_POINT,100,100,RANDOM,7
38,3900,12.610708713531494,108579,108599.04,0,0.4,0.25,20,ONE_POINT,100,100,RANDOM,7
39,4000,12.937406063079834,108234,108429.28,0,0.4,0.25,20,ONE_POINT,100,100,RANDOM,7
40,4100,13.26979112625122,107616,107714.96,0,0.4,0.25,20,ONE_POINT,100,100,RANDOM,7
41,4200,13.614250898361206,107360,107370.0,0,0.4,0.25,20,ONE_POINT,100,100,RANDOM,7
42,4300,13.973803520202637,107012,107025.92,0,0.4,0.25,20,ONE_POINT,100,100,RANDOM,7
43,4400,14.296213865280151,106754,106764.29,0,0.4,0.25,20,ONE_POINT,100,100,RANDOM,7
44,4500,14.642022371292114,106490,106529.45,0,0.4,0.25,20,ONE_POINT,100,100,RANDOM,7
45,4600,15.005289793014526,105973,105993.75,0,0.4,0.25,20,ONE_POINT,100,100,RANDOM,7
46,4700,15.301810503005981,105549,105573.77,0,0.4,0.25,20,ONE_POINT,100,100,RANDOM,7
47,4800,15.712463140487671,105048,105063.03,0,0.4,0.25,20,ONE_POINT,100,100,RANDOM,7
48,4900,16.052600860595703,103937,103959.22,0,0.4,0.25,20,ONE_POINT,100,100,RANDOM,7
49,5000,16.371455192565918,103604,103619.85,0,0.4,0.25,20,ONE_POINT,100,100,RANDOM,7
50,5100,16.736048698425293,103276,103291.2,0,0.4,0.25,20,ONE_POINT,100,100,RANDOM,7
51,5200,17.10426425933838,102987,102997.05,0,0.4,0.25,20,ONE_POINT,100,100,RANDOM,7
52,5300,17.42981266975403,102619,102631.46,0,0.4,0.25,20,ONE_POINT,100,100,RANDOM,7
53,5400,17.745840549468994,102232,102239.74,0,0.4,0.25,20,ONE_POINT,100,100,RANDOM,7
54,5500,18.042372703552246,101984,101993.92,0,0.4,0.25,20,ONE_POINT,100,100,RANDOM,7
55,5600,18.390225172042847,101433,101524.84,0,0.4,0.25,20,ONE_POINT,100,100,RANDOM,7
56,5700,18.821226119995117,101136,101147.88,0,0.4,0.25,20,ONE_POINT,100,100,RANDOM,7
57,5800,19.145835161209106,100849,100861.93,0,0.4,0.25,20,ONE_POINT,100,100,RANDOM,7
58,5900,19.46349811553955,100622,100629.67,0,0.4,0.25,20,ONE_POINT,100,100,RANDOM,7
59,6000,19.782330751419067,100491,100498.86,0,0.4,0.25,20,ONE_POINT,100,100,RANDOM,7
60,6100,20.117314100265503,100232,100245.29,0,0.4,0.25,20,ONE_POINT,100,100,RANDOM,7
61,6200,20.42986822128296,99797,99812.14,0,0.4,0.25,20,ONE_POINT,100,100,RANDOM,7
62,6300,20.745383262634277,99320,99329.54,0,0.4,0.25,20,ONE_POINT,100,100,RANDOM,7
63,6400,21.091822147369385,98987,99002.71,0,0.4,0.25,20,ONE_POINT,100,100,RANDOM,7
64,6500,21.392734050750732,98820,98892.73,0,0.4,0.25,20,ONE_POINT,100,100,RANDOM,7
65,6600,21.72466731071472,97949,97982.18,0,0.4,0.25,20,ONE_POINT,100,100,RANDOM,7
66,6700,22.014464855194092,97833,97837.72,0,0.4,0.25,20,ONE_POINT,100,100,RANDOM,7
67,6800,22.34170126914978,97565,97603.61,0,0.4,0.25,20,ONE_POINT,100,100,RANDOM,7
68,6900,22.627910375595093,97350,97361.13,0,0.4,0.25,20,ONE_POINT,100,100,RANDOM,7
69,7000,22.94915533065796,97259,97263.89,0,0.4,0.25,20,ONE_POINT,100,100,RANDOM,7
70,7100,23.26681900024414,96971,96981.53,0,0.4,0.25,20,ONE_POINT,100,100,RANDOM,7
71,7200,23.642319679260254,96647,96699.82,0,0.4,0.25,20,ONE_POINT,100,100,RANDOM,7
72,7300,24.029592990875244,96422,96431.37,0,0.4,0.25,20,ONE_POINT,100,100,RANDOM,7
73,7400,24.370582580566406,95928,95943.12,0,0.4,0.25,20,ONE_POINT,100,100,RANDOM,7
74,7500,24.701509714126587,95482,95495.65,0,0.4,0.25,20,ONE_POINT,100,100,RANDOM,7
75,7600,25.012973308563232,95355,95375.83,0,0.4,0.25,20,ONE_POINT,100,100,RANDOM,7
76,7700,25.34227442741394,95205,95211.35,0,0.4,0.25,20,ONE_POINT,100,100,RANDOM,7
77,7800,25.658008098602295,94945,94967.57,0,0.4,0.25,20,ONE_POINT,100,100,RANDOM,7
78,7900,25.955764293670654,94374,94396.5,0,0.4,0.25,20,ONE_POINT,100,100,RANDOM,7
79,8000,26.268298625946045,94102,94111.23,0,0.4,0.25,20,ONE_POINT,100,100,RANDOM,7
80,8100,26.607181549072266,93675,93764.05,0,0.4,0.25,20,ONE_POINT,100,100,RANDOM,7
81,8200,26.955459117889404,93511,93524.46,0,0.4,0.25,20,ONE_POINT,100,100,RANDOM,7
82,8300,27.297917366027832,93023,93056.46,0,0.4,0.25,20,ONE_POINT,100,100,RANDOM,7
83,8400,27.625699281692505,92835,92856.08,0,0.4,0.25,20,ONE_POINT,100,100,RANDOM,7
84,8500,27.97610068321228,92645,92652.6,0,0.4,0.25,20,ONE_POINT,100,100,RANDOM,7
85,8600,28.303858518600464,92472,92480.65,0,0.4,0.25,20,ONE_POINT,100,100,RANDOM,7
86,8700,28.597177267074585,92018,92036.16,0,0.4,0.25,20,ONE_POINT,100,100,RANDOM,7
87,8800,28.903752088546753,91703,91719.91,0,0.4,0.25,20,ONE_POINT,100,100,RANDOM,7
88,8900,29.210899353027344,91340,91456.96,0,0.4,0.25,20,ONE_POINT,100,100,RANDOM,7
89,9000,29.62996530532837,91022,91051.1,0,0.4,0.25,20,ONE_POINT,100,100,RANDOM,7
90,9100,29.986836194992065,90777,90795.4,0,0.4,0.25,20,ONE_POINT,100,100,RANDOM,7
91,9200,30.348594188690186,90373,90386.29,0,0.4,0.25,20,ONE_POINT,100,100,RANDOM,7
92,9300,30.723036527633667,89888,89999.04,0,0.4,0.25,20,ONE_POINT,100,100,RANDOM,7
93,9400,31.035884141921997,89632,89663.72,0,0.4,0.25,20,ONE_POINT,100,100,RANDOM,7
94,9500,31.352323293685913,89433,89444.95,0,0.4,0.25,20,ONE_POINT,100,100,RANDOM,7
95,9600,31.662359476089478,89279,89284.31,0,0.4,0.25,20,ONE_POINT,100,100,RANDOM,7
96,9700,32.06919479370117,89020,89032.49,0,0.4,0.25,20,ONE_POINT,100,100,RANDOM,7
97,9800,32.37550640106201,88815,88822.13,0,0.4,0.25,20,ONE_POINT,100,100,RANDOM,7
98,9900,32.73517370223999,88591,88606.42,0,0.4,0.25,20,ONE_POINT,100,100,RANDOM,7
99,10000,33.06331253051758,88422,88429.66,0,0.4,0.25,20,ONE_POINT,100,100,RANDOM,7
100,10100,33.457297563552856,88122,88137.9,0,0.4,0.25,20,ONE_POINT,100,100,RANDOM,7
101,10200,33.758636713027954,87710,87842.43,0,0.4,0.25,20,ONE_POINT,100,100,RANDOM,7
102,10300,34.1367084980011,87293,87313.8,0,0.4,0.25,20,ONE_POINT,100,100,RANDOM,7
103,10400,34.45557904243469,87129,87134.64,0,0.4,0.25,20,ONE_POINT,100,100,RANDOM,7
104,10500,34.77680492401123,86823,86838.37,0,0.4,0.25,20,ONE_POINT,100,100,RANDOM,7
105,10600,35.120996952056885,86587,86596.44,0,0.4,0.25,20,ONE_POINT,100,100,RANDOM,7
106,10700,35.557180881500244,86353,86362.36,0,0.4,0.25,20,ONE_POINT,100,100,RANDOM,7
107,10800,35.93151807785034,86044,86085.62,0,0.4,0.25,20,ONE_POINT,100,100,RANDOM,7
108,10900,36.24911332130432,85786,85796.32,0,0.4,0.25,20,ONE_POINT,100,100,RANDOM,7
109,11000,36.589500427246094,85316,85360.26,0,0.4,0.25,20,ONE_POINT,100,100,RANDOM,7
110,11100,36.886842012405396,85247,85277.2,0,0.4,0.25,20,ONE_POINT,100,100,RANDOM,7
111,11200,37.203152894973755,85000,85009.44,0,0.4,0.25,20,ONE_POINT,100,100,RANDOM,7
112,11300,37.581486225128174,84726,84835.83,0,0.4,0.25,20,ONE_POINT,100,100,RANDOM,7
113,11400,37.90631413459778,84379,84389.41,0,0.4,0.25,20,ONE_POINT,100,100,RANDOM,7
114,11500,38.23522639274597,84050,84062.84,0,0.4,0.25,20,ONE_POINT,100,100,RANDOM,7
115,11600,38.60097551345825,83873,83911.35,0,0.4,0.25,20,ONE_POINT,100,100,RANDOM,7
116,11700,38.92036771774292,83495,83518.54,0,0.4,0.25,20,ONE_POINT,100,100,RANDOM,7
117,11800,39.22243809700012,83374,83379.41,0,0.4,0.25,20,ONE_POINT,100,100,RANDOM,7
118,11900,39.52646470069885,83044,83059.68,0,0.4,0.25,20,ONE_POINT,100,100,RANDOM,7
119,12000,39.93692898750305,82936,82941.63,0,0.4,0.25,20,ONE_POINT,100,100,RANDOM,7
120,12100,40.25485444068909,82703,82797.48,0,0.4,0.25,20,ONE_POINT,100,100,RANDOM,7
121,12200,40.64198184013367,82597,82612.02,0,0.4,0.25,20,ONE_POINT,100,100,RANDOM,7
122,12300,41.04223418235779,82413,82421.14,0,0.4,0.25,20,ONE_POINT,100,100,RANDOM,7
123,12400,41.38116979598999,82223,82356.39,0,0.4,0.25,20,ONE_POINT,100,100,RANDOM,7
124,12500,41.700201988220215,82072,82082.96,0,0.4,0.25,20,ONE_POINT,100,100,RANDOM,7
125,12600,42.05651068687439,81886,81896.14,0,0.4,0.25,20,ONE_POINT,100,100,RANDOM,7
126,12700,42.43454170227051,81308,81346.0,0,0.4,0.25,20,ONE_POINT,100,100,RANDOM,7
127,12800,42.73494076728821,81128,81138.64,0,0.4,0.25,20,ONE_POINT,100,100,RANDOM,7
128,12900,43.05407452583313,81014,81019.9,0,0.4,0.25,20,ONE_POINT,100,100,RANDOM,7
129,13000,43.39851212501526,80857,80865.17,0,0.4,0.25,20,ONE_POINT,100,100,RANDOM,7
130,13100,43.690025329589844,80721,80727.02,0,0.4,0.25,20,ONE_POINT,100,100,RANDOM,7
131,13200,44.077908515930176,80447,80459.9,0,0.4,0.25,20,ONE_POINT,100,100,RANDOM,7
132,13300,44.460145711898804,80267,80312.64,0,0.4,0.25,20,ONE_POINT,100,100,RANDOM,7
133,13400,44.81110405921936,79874,79887.27,0,0.4,0.25,20,ONE_POINT,100,100,RANDOM,7
134,13500,45.14310956001282,79703,79722.18,0,0.4,0.25,20,ONE_POINT,100,100,RANDOM,7
135,13600,45.44839668273926,79284,79302.05,0,0.4,0.25,20,ONE_POINT,100,100,RANDOM,7
136,13700,45.754364252090454,78834,78917.33,0,0.4,0.25,20,ONE_POINT,100,100,RANDOM,7
137,13800,46.04732418060303,78558,78569.04,0,0.4,0.25,20,ONE_POINT,100,100,RANDOM,7
138,13900,46.40114378929138,78414,78448.62,0,0.4,0.25,20,ONE_POINT,100,100,RANDOM,7
139,14000,46.74516224861145,77929,77944.5,0,0.4,0.25,20,ONE_POINT,100,100,RANDOM,7
140,14100,47.061172008514404,77657,77670.39,0,0.4,0.25,20,ONE_POINT,100,100,RANDOM,7
141,14200,47.370341777801514,77509,77538.59,0,0.4,0.25,20,ONE_POINT,100,100,RANDOM,7
142,14300,47.72093367576599,77358,77365.47,0,0.4,0.25,20,ONE_POINT,100,100,RANDOM,7
143,14400,48.0417115688324,77329,77337.81,0,0.4,0.25,20,ONE_POINT,100,100,RANDOM,7
144,14500,48.37383961677551,76980,76997.02,0,0.4,0.25,20,ONE_POINT,100,100,RANDOM,7
145,14600,48.70120859146118,76891,76902.04,0,0.4,0.25,20,ONE_POINT,100,100,RANDOM,7
146,14700,49.008960485458374,76651,76690.98,0,0.4,0.25,20,ONE_POINT,100,100,RANDOM,7
147,14800,49.31683564186096,76481,76488.41,0,0.4,0.25,20,ONE_POINT,100,100,RANDOM,7
148,14900,49.62818002700806,76182,76198.44,0,0.4,0.25,20,ONE_POINT,100,100,RANDOM,7
149,15000,49.92184805870056,76065,76072.54,0,0.4,0.25,20,ONE_POINT,100,100,RANDOM,7
150,15100,50.25769257545471,75924,75933.79,0,0.4,0.25,20,ONE_POINT,100,100,RANDOM,7
151,15200,50.568065881729126,75774,75830.21,0,0.4,0.25,20,ONE_POINT,100,100,RANDOM,7
152,15300,50.94165921211243,75519,75528.78,0,0.4,0.25,20,ONE_POINT,100,100,RANDOM,7
153,15400,51.27990937232971,75327,75334.68,0,0.4,0.25,20,ONE_POINT,100,100,RANDOM,7
154,15500,51.62470579147339,75236,75241.46,0,0.4,0.25,20,ONE_POINT,100,100,RANDOM,7
155,15600,51.96941804885864,75109,75116.62,0,0.4,0.25,20,ONE_POINT,100,100,RANDOM,7
156,15700,52.33296513557434,75029,75033.59,0,0.4,0.25,20,ONE_POINT,100,100,RANDOM,7
157,15800,52.64259386062622,74709,74755.83,0,0.4,0.25,20,ONE_POINT,100,100,RANDOM,7
158,15900,52.968441009521484,74609,74616.07,0,0.4,0.25,20,ONE_POINT,100,100,RANDOM,7
159,16000,53.34169101715088,74461,74469.65,0,0.4,0.25,20,ONE_POINT,100,100,RANDOM,7
160,16100,53.64369988441467,74287,74337.4,0,0.4,0.25,20,ONE_POINT,100,100,RANDOM,7
161,16200,53.97249937057495,74111,74124.78,0,0.4,0.25,20,ONE_POINT,100,100,RANDOM,7
162,16300,54.280428886413574,73549,73594.57,0,0.4,0.25,20,ONE_POINT,100,100,RANDOM,7
163,16400,54.616374254226685,73081,73099.55,0,0.4,0.25,20,ONE_POINT,100,100,RANDOM,7
164,16500,54.96832251548767,72937,72943.38,0,0.4,0.25,20,ONE_POINT,100,100,RANDOM,7
165,16600,55.34071445465088,72718,72737.49,0,0.4,0.25,20,ONE_POINT,100,100,RANDOM,7
166,16700,55.70389413833618,72491,72519.78,0,0.4,0.25,20,ONE_POINT,100,100,RANDOM,7
167,16800,56.01224756240845,72233,72245.19,0,0.4,0.25,20,ONE_POINT,100,100,RANDOM,7
168,16900,56.30229043960571,71933,72061.56,0,0.4,0.25,20,ONE_POINT,100,100,RANDOM,7
169,17000,56.64232659339905,71796,71804.25,0,0.4,0.25,20,ONE_POINT,100,100,RANDOM,7
170,17100,56.98255896568298,71693,71699.18,0,0.4,0.25,20,ONE_POINT,100,100,RANDOM,7
171,17200,57.32173728942871,71545,71552.4,0,0.4,0.25,20,ONE_POINT,100,100,RANDOM,7
172,17300,57.68763446807861,71210,71223.74,0,0.4,0.25,20,ONE_POINT,100,100,RANDOM,7
173,17400,57.99344038963318,71035,71066.04,0,0.4,0.25,20,ONE_POINT,100,100,RANDOM,7
174,17500,58.294554710388184,70744,70801.75,0,0.4,0.25,20,ONE_POINT,100,100,RANDOM,7
175,17600,58.624915599823,70489,70499.17,0,0.4,0.25,20,ONE_POINT,100,100,RANDOM,7
176,17700,58.93838095664978,70360,70373.66,0,0.4,0.25,20,ONE_POINT,100,100,RANDOM,7
177,17800,59.23013734817505,70250,70259.8,0,0.4,0.25,20,ONE_POINT,100,100,RANDOM,7
178,17900,59.557398080825806,70132,70183.25,0,0.4,0.25,20,ONE_POINT,100,100,RANDOM,7
179,18000,59.946552991867065,70014,70165.13,0,0.4,0.25,20,ONE_POINT,100,100,RANDOM,7
180,18100,60.36973857879639,69902,69908.36,0,0.4,0.25,20,ONE_POINT,100,100,RANDOM,7
181,18200,60.68739676475525,69744,69765.83,0,0.4,0.25,20,ONE_POINT,100,100,RANDOM,7
182,18300,61.04811429977417,69641,69648.63,0,0.4,0.25,20,ONE_POINT,100,100,RANDOM,7
183,18400,61.37110185623169,69098,69124.63,0,0.4,0.25,20,ONE_POINT,100,100,RANDOM,7
184,18500,61.702415466308594,68981,69017.54,0,0.4,0.25,20,ONE_POINT,100,100,RANDOM,7
185,18600,62.01048922538757,68810,68840.23,0,0.4,0.25,20,ONE_POINT,100,100,RANDOM,7
186,18700,62.33001923561096,68755,68757.76,0,0.4,0.25,20,ONE_POINT,100,100,RANDOM,7
187,18800,62.65027952194214,68602,68617.82,0,0.4,0.25,20,ONE_POINT,100,100,RANDOM,7
188,18900,62.99400234222412,68350,68385.67,0,0.4,0.25,20,ONE_POINT,100,100,RANDOM,7
189,19000,63.39563179016113,68230,68237.75,0,0.4,0.25,20,ONE_POINT,100,100,RANDOM,7
190,19100,63.72653150558472,68133,68139.42,0,0.4,0.25,20,ONE_POINT,100,100,RANDOM,7
191,19200,64.10622191429138,67981,67991.09,0,0.4,0.25,20,ONE_POINT,100,100,RANDOM,7
192,19300,64.46944165229797,67874,67884.4,0,0.4,0.25,20,ONE_POINT,100,100,RANDOM,7
193,19400,64.82018423080444,67760,67809.94,0,0.4,0.25,20,ONE_POINT,100,100,RANDOM,7
194,19500,65.1687843799591,67652,67669.19,0,0.4,0.25,20,ONE_POINT,100,100,RANDOM,7
195,19600,65.49113583564758,67572,67578.14,0,0.4,0.25,20,ONE_POINT,100,100,RANDOM,7
196,19700,65.8752875328064,67312,67348.46,0,0.4,0.25,20,ONE_POINT,100,100,RANDOM,7
197,19800,66.25939631462097,67257,67262.99,0,0.4,0.25,20,ONE_POINT,100,100,RANDOM,7
198,19900,66.55560898780823,67168,67179.67,0,0.4,0.25,20,ONE_POINT,100,100,RANDOM,7
199,20000,66.90305614471436,67019,67036.1,0,0.4,0.25,20,ONE_POINT,100,100,RANDOM,7
200,20100,67.20511484146118,66867,66876.18,0,0.4,0.25,20,ONE_POINT,100,100,RANDOM,7
201,20200,67.57342219352722,66510,66552.02,0,0.4,0.25,20,ONE_POINT,100,100,RANDOM,7
202,20300,67.91041946411133,66043,66061.68,0,0.4,0.25,20,ONE_POINT,100,100,RANDOM,7
203,20400,68.3089747428894,65877,65885.3,0,0.4,0.25,20,ONE_POINT,100,100,RANDOM,7
204,20500,68.67240047454834,65792,65798.02,0,0.4,0.25,20,ONE_POINT,100,100,RANDOM,7
205,20600,68.98731660842896,65434,65449.17,0,0.4,0.25,20,ONE_POINT,100,100,RANDOM,7
206,20700,69.34806370735168,65204,65212.84,0,0.4,0.25,20,ONE_POINT,100,100,RANDOM,7
207,20800,69.77292680740356,65072,65106.62,0,0.4,0.25,20,ONE_POINT,100,100,RANDOM,7
208,20900,70.20094060897827,64973,64979.87,0,0.4,0.25,20,ONE_POINT,100,100,RANDOM,7
209,21000,70.5580666065216,64828,64837.1,0,0.4,0.25,20,ONE_POINT,100,100,RANDOM,7
210,21100,70.93179607391357,64628,64652.97,0,0.4,0.25,20,ONE_POINT,100,100,RANDOM,7
211,21200,71.26751279830933,64419,64429.45,0,0.4,0.25,20,ONE_POINT,100,100,RANDOM,7
212,21300,71.59398579597473,64258,64288.89,0,0.4,0.25,20,ONE_POINT,100,100,RANDOM,7
213,21400,71.92270016670227,64013,64022.8,0,0.4,0.25,20,ONE_POINT,100,100,RANDOM,7
214,21500,72.24300575256348,63896,63903.0,0,0.4,0.25,20,ONE_POINT,100,100,RANDOM,7
215,21600,72.60015058517456,63628,63650.96,0,0.4,0.25,20,ONE_POINT,100,100,RANDOM,7
216,21700,72.94579291343689,63565,63571.05,0,0.4,0.25,20,ONE_POINT,100,100,RANDOM,7
217,21800,73.24812006950378,63307,63433.49,0,0.4,0.25,20,ONE_POINT,100,100,RANDOM,7
218,21900,73.6002287864685,62728,62748.57,0,0.4,0.25,20,ONE_POINT,100,100,RANDOM,7
219,22000,73.93347549438477,62502,62511.3,0,0.4,0.25,20,ONE_POINT,100,100,RANDOM,7
220,22100,74.26525020599365,62284,62297.11,0,0.4,0.25,20,ONE_POINT,100,100,RANDOM,7
221,22200,74.64232444763184,62151,62214.09,0,0.4,0.25,20,ONE_POINT,100,100,RANDOM,7
222,22300,75.06248164176941,62068,62073.81,0,0.4,0.25,20,ONE_POINT,100,100,RANDOM,7
223,22400,75.57551646232605,61975,61980.58,0,0.4,0.25,20,ONE_POINT,100,100,RANDOM,7
224,22500,76.14937782287598,61859,61882.51,0,0.4,0.25,20,ONE_POINT,100,100,RANDOM,7
225,22600,76.53152251243591,61629,61638.2,0,0.4,0.25,20,ONE_POINT,100,100,RANDOM,7
226,22700,76.83611345291138,61063,61080.04,0,0.4,0.25,20,ONE_POINT,100,100,RANDOM,7
227,22800,77.18551301956177,60833,60843.87,0,0.4,0.25,20,ONE_POINT,100,100,RANDOM,7
228,22900,77.50151014328003,60631,60643.93,0,0.4,0.25,20,ONE_POINT,100,100,RANDOM,7
229,23000,77.83429074287415,60536,60541.23,0,0.4,0.25,20,ONE_POINT,100,100,RANDOM,7
230,23100,78.16134738922119,60367,60377.42,0,0.4,0.25,20,ONE_POINT,100,100,RANDOM,7
231,23200,78.47540831565857,60190,60222.66,0,0.4,0.25,20,ONE_POINT,100,100,RANDOM,7
232,23300,78.81503224372864,60103,60109.13,0,0.4,0.25,20,ONE_POINT,100,100,RANDOM,7
233,23400,79.15343761444092,59976,59984.51,0,0.4,0.25,20,ONE_POINT,100,100,RANDOM,7
234,23500,79.44782757759094,59831,59837.04,0,0.4,0.25,20,ONE_POINT,100,100,RANDOM,7
235,23600,79.76163411140442,59607,59643.27,0,0.4,0.25,20,ONE_POINT,100,100,RANDOM,7
236,23700,80.12711143493652,59534,59540.51,0,0.4,0.25,20,ONE_POINT,100,100,RANDOM,7
237,23800,80.47795367240906,59385,59395.95,0,0.4,0.25,20,ONE_POINT,100,100,RANDOM,7
238,23900,80.79944634437561,59278,59284.42,0,0.4,0.25,20,ONE_POINT,100,100,RANDOM,7
239,24000,81.12800574302673,59190,59195.69,0,0.4,0.25,20,ONE_POINT,100,100,RANDOM,7
240,24100,81.43670678138733,59115,59120.4,0,0.4,0.25,20,ONE_POINT,100,100,RANDOM,7
241,24200,81.76114392280579,58960,58970.05,0,0.4,0.25,20,ONE_POINT,100,100,RANDOM,7
242,24300,82.0881097316742,58864,58878.8,0,0.4,0.25,20,ONE_POINT,100,100,RANDOM,7
243,24400,82.3950617313385,58775,58846.09,0,0.4,0.25,20,ONE_POINT,100,100,RANDOM,7
244,24500,82.70558834075928,58711,58715.69,0,0.4,0.25,20,ONE_POINT,100,100,RANDOM,7
245,24600,83.05782747268677,58652,58657.58,0,0.4,0.25,20,ONE_POINT,100,100,RANDOM,7
246,24700,83.40738081932068,58568,58640.03,0,0.4,0.25,20,ONE_POINT,100,100,RANDOM,7
247,24800,83.7492425441742,58444,58451.44,0,0.4,0.25,20,ONE_POINT,100,100,RANDOM,7
248,24900,84.06507921218872,58296,58329.37,0,0.4,0.25,20,ONE_POINT,100,100,RANDOM,7
249,25000,84.36206984519958,58144,58151.6,0,0.4,0.25,20,ONE_POINT,100,100,RANDOM,7
250,25100,84.7064139842987,57951,57965.73,0,0.4,0.25,20,ONE_POINT,100,100,RANDOM,7
251,25200,85.07998704910278,57824,57828.89,0,0.4,0.25,20,ONE_POINT,100,100,RANDOM,7
252,25300,85.39717411994934,57543,57557.62,0,0.4,0.25,20,ONE_POINT,100,100,RANDOM,7
253,25400,85.70591616630554,57361,57371.98,0,0.4,0.25,20,ONE_POINT,100,100,RANDOM,7
254,25500,86.06795358657837,57304,57482.34,0,0.4,0.25,20,ONE_POINT,100,100,RANDOM,7
255,25600,86.40838408470154,57207,57213.39,0,0.4,0.25,20,ONE_POINT,100,100,RANDOM,7
256,25700,86.81896328926086,57084,57092.92,0,0.4,0.25,20,ONE_POINT,100,100,RANDOM,7
257,25800,87.17998576164246,57036,57039.93,0,0.4,0.25,20,ONE_POINT,100,100,RANDOM,7
258,25900,87.52976536750793,56508,56546.13,0,0.4,0.25,20,ONE_POINT,100,100,RANDOM,7
259,26000,87.95480465888977,56344,56385.12,0,0.4,0.25,20,ONE_POINT,100,100,RANDOM,7
260,26100,88.29311418533325,56266,56270.68,0,0.4,0.25,20,ONE_POINT,100,100,RANDOM,7
261,26200,88.61356115341187,56145,56207.35,0,0.4,0.25,20,ONE_POINT,100,100,RANDOM,7
262,26300,89.02354669570923,56084,56088.62,0,0.4,0.25,20,ONE_POINT,100,100,RANDOM,7
263,26400,89.32661056518555,55999,56026.04,0,0.4,0.25,20,ONE_POINT,100,100,RANDOM,7
264,26500,89.6653196811676,55964,55973.14,0,0.4,0.25,20,ONE_POINT,100,100,RANDOM,7
265,26600,89.99464440345764,55906,55909.92,0,0.4,0.25,20,ONE_POINT,100,100,RANDOM,7
266,26700,90.33459544181824,55770,55778.41,0,0.4,0.25,20,ONE_POINT,100,100,RANDOM,7
267,26800,90.66884136199951,55604,55618.92,0,0.4,0.25,20,ONE_POINT,100,100,RANDOM,7
268,26900,91.10125422477722,55462,55472.18,0,0.4,0.25,20,ONE_POINT,100,100,RANDOM,7
269,27000,91.46269345283508,55372,55378.92,0,0.4,0.25,20,ONE_POINT,100,100,RANDOM,7
270,27100,91.79981207847595,55248,55274.87,0,0.4,0.25,20,ONE_POINT,100,100,RANDOM,7
271,27200,92.13306212425232,55152,55257.28,0,0.4,0.25,20,ONE_POINT,100,100,RANDOM,7
272,27300,92.42930269241333,55102,55218.59,0,0.4,0.25,20,ONE_POINT,100,100,RANDOM,7
273,27400,92.78113842010498,55021,55037.42,0,0.4,0.25,20,ONE_POINT,100,100,RANDOM,7
274,27500,93.13230991363525,54884,54895.12,0,0.4,0.25,20,ONE_POINT,100,100,RANDOM,7
275,27600,93.48038172721863,54756,54762.5,0,0.4,0.25,20,ONE_POINT,100,100,RANDOM,7
276,27700,93.85657739639282,54603,54614.37,0,0.4,0.25,20,ONE_POINT,100,100,RANDOM,7
277,27800,94.18660926818848,54455,54463.88,0,0.4,0.25,20,ONE_POINT,100,100,RANDOM,7
278,27900,94.5077052116394,54383,54391.01,0,0.4,0.25,20,ONE_POINT,100,100,RANDOM,7
279,28000,94.82489013671875,54324,54328.22,0,0.4,0.25,20,ONE_POINT,100,100,RANDOM,7
280,28100,95.16601610183716,54257,54263.94,0,0.4,0.25,20,ONE_POINT,100,100,RANDOM,7
281,28200,95.49048137664795,54105,54114.12,0,0.4,0.25,20,ONE_POINT,100,100,RANDOM,7
282,28300,95.842933177948,53922,53943.45,0,0.4,0.25,20,ONE_POINT,100,100,RANDOM,7
283,28400,96.17382049560547,53798,53821.47,0,0.4,0.25,20,ONE_POINT,100,100,RANDOM,7
284,28500,96.55741167068481,53674,53692.93,0,0.4,0.25,20,ONE_POINT,100,100,RANDOM,7
285,28600,96.8569188117981,53581,53589.81,0,0.4,0.25,20,ONE_POINT,100,100,RANDOM,7
286,28700,97.23888850212097,53492,53497.32,0,0.4,0.25,20,ONE_POINT,100,100,RANDOM,7
287,28800,97.60655307769775,53357,53366.04,0,0.4,0.25,20,ONE_POINT,100,100,RANDOM,7
288,28900,97.96080589294434,53193,53208.1,0,0.4,0.25,20,ONE_POINT,100,100,RANDOM,7
289,29000,98.26614689826965,53044,53052.94,0,0.4,0.25,20,ONE_POINT,100,100,RANDOM,7
290,29100,98.58167886734009,52976,52982.91,0,0.4,0.25,20,ONE_POINT,100,100,RANDOM,7
291,29200,98.94837379455566,52874,52881.06,0,0.4,0.25,20,ONE_POINT,100,100,RANDOM,7
292,29300,99.2679762840271,52761,52769.1,0,0.4,0.25,20,ONE_POINT,100,100,RANDOM,7
293,29400,99.66154861450195,52737,52833.04,0,0.4,0.25,20,ONE_POINT,100,100,RANDOM,7
294,29500,99.98783421516418,52612,52620.88,0,0.4,0.25,20,ONE_POINT,100,100,RANDOM,7
295,29600,100.3184130191803,52481,52490.56,0,0.4,0.25,20,ONE_POINT,100,100,RANDOM,7
296,29700,100.67020058631897,52432,52436.29,0,0.4,0.25,20,ONE_POINT,100,100,RANDOM,7
297,29800,101.01001405715942,52346,52421.26,0,0.4,0.25,20,ONE_POINT,100,100,RANDOM,7
298,29900,101.32834649085999,52259,52264.22,0,0.4,0.25,20,ONE_POINT,100,100,RANDOM,7
299,30000,101.62790131568909,52157,52163.25,0,0.4,0.25,20,ONE_POINT,100,100,RANDOM,7
300,30100,101.95595979690552,51991,52000.9,0,0.4,0.25,20,ONE_POINT,100,100,RANDOM,7
301,30200,102.29195857048035,51872,51880.91,0,0.4,0.25,20,ONE_POINT,100,100,RANDOM,7
302,30300,102.65890336036682,51761,51767.66,0,0.4,0.25,20,ONE_POINT,100,100,RANDOM,7
303,30400,103.07706594467163,51653,51660.93,0,0.4,0.25,20,ONE_POINT,100,100,RANDOM,7
304,30500,103.48391795158386,51607,51626.83,0,0.4,0.25,20,ONE_POINT,100,100,RANDOM,7
305,30600,103.79331851005554,51551,51555.48,0,0.4,0.25,20,ONE_POINT,100,100,RANDOM,7
306,30700,104.19296360015869,51410,51435.14,0,0.4,0.25,20,ONE_POINT,100,100,RANDOM,7
307,30800,104.591557264328,51342,51348.95,0,0.4,0.25,20,ONE_POINT,100,100,RANDOM,7
308,30900,104.91669464111328,51248,51265.87,0,0.4,0.25,20,ONE_POINT,100,100,RANDOM,7
309,31000,105.25243020057678,51144,51172.02,0,0.4,0.25,20,ONE_POINT,100,100,RANDOM,7
310,31100,105.65083169937134,51108,51171.95,0,0.4,0.25,20,ONE_POINT,100,100,RANDOM,7
311,31200,105.97229623794556,51066,51070.14,0,0.4,0.25,20,ONE_POINT,100,100,RANDOM,7
312,31300,106.39045906066895,50999,51004.95,0,0.4,0.25,20,ONE_POINT,100,100,RANDOM,7
313,31400,106.79319047927856,50925,50933.45,0,0.4,0.25,20,ONE_POINT,100,100,RANDOM,7
314,31500,107.12047839164734,50840,51001.23,0,0.4,0.25,20,ONE_POINT,100,100,RANDOM,7
315,31600,107.4462342262268,50739,50746.11,0,0.4,0.25,20,ONE_POINT,100,100,RANDOM,7
316,31700,107.75800013542175,50666,50670.38,0,0.4,0.25,20,ONE_POINT,100,100,RANDOM,7
317,31800,108.07436943054199,50623,50626.01,0,0.4,0.25,20,ONE_POINT,100,100,RANDOM,7
318,31900,108.44360041618347,50581,50586.36,0,0.4,0.25,20,ONE_POINT,100,100,RANDOM,7
319,32000,108.8063714504242,50479,50514.06,0,0.4,0.25,20,ONE_POINT,100,100,RANDOM,7
320,32100,109.12512946128845,50448,50455.88,0,0.4,0.25,20,ONE_POINT,100,100,RANDOM,7
321,32200,109.43787932395935,50341,50347.73,0,0.4,0.25,20,ONE_POINT,100,100,RANDOM,7
322,32300,109.80168437957764,50267,50273.3,0,0.4,0.25,20,ONE_POINT,100,100,RANDOM,7
323,32400,110.17330884933472,50219,50222.69,0,0.4,0.25,20,ONE_POINT,100,100,RANDOM,7
324,32500,110.51562809944153,50151,50229.64,0,0.4,0.25,20,ONE_POINT,100,100,RANDOM,7
325,32600,110.90292930603027,50041,50065.03,0,0.4,0.25,20,ONE_POINT,100,100,RANDOM,7
326,32700,111.25996899604797,49930,49957.64,0,0.4,0.25,20,ONE_POINT,100,100,RANDOM,7
327,32800,111.5954053401947,49887,49890.44,0,0.4,0.25,20,ONE_POINT,100,100,RANDOM,7
328,32900,111.91837239265442,49767,49774.83,0,0.4,0.25,20,ONE_POINT,100,100,RANDOM,7
329,33000,112.27180886268616,49694,49726.62,0,0.4,0.25,20,ONE_POINT,100,100,RANDOM,7
330,33100,112.59786200523376,49650,49657.23,0,0.4,0.25,20,ONE_POINT,100,100,RANDOM,7
331,33200,112.90204381942749,49619,49621.48,0,0.4,0.25,20,ONE_POINT,100,100,RANDOM,7
332,33300,113.23072791099548,49562,49567.18,0,0.4,0.25,20,ONE_POINT,100,100,RANDOM,7
333,33400,113.53693270683289,49499,49505.81,0,0.4,0.25,20,ONE_POINT,100,100,RANDOM,7
334,33500,113.82495999336243,49451,49457.74,0,0.4,0.25,20,ONE_POINT,100,100,RANDOM,7
335,33600,114.20402121543884,49349,49355.22,0,0.4,0.25,20,ONE_POINT,100,100,RANDOM,7
336,33700,114.55713701248169,49272,49277.17,0,0.4,0.25,20,ONE_POINT,100,100,RANDOM,7
337,33800,114.84734344482422,49220,49228.63,0,0.4,0.25,20,ONE_POINT,100,100,RANDOM,7
338,33900,115.18143939971924,49090,49107.31,0,0.4,0.25,20,ONE_POINT,100,100,RANDOM,7
339,34000,115.49631547927856,49024,49068.86,0,0.4,0.25,20,ONE_POINT,100,100,RANDOM,7
340,34100,115.82202816009521,48974,49052.12,0,0.4,0.25,20,ONE_POINT,100,100,RANDOM,7
341,34200,116.12427973747253,48863,48868.55,0,0.4,0.25,20,ONE_POINT,100,100,RANDOM,7
342,34300,116.44131875038147,48776,48783.19,0,0.4,0.25,20,ONE_POINT,100,100,RANDOM,7
343,34400,116.73227763175964,48728,48738.23,0,0.4,0.25,20,ONE_POINT,100,100,RANDOM,7
344,34500,117.07895612716675,48692,48704.89,0,0.4,0.25,20,ONE_POINT,100,100,RANDOM,7
345,34600,117.3863787651062,48662,48676.05,0,0.4,0.25,20,ONE_POINT,100,100,RANDOM,7
346,34700,117.68250441551208,48585,48606.31,0,0.4,0.25,20,ONE_POINT,100,100,RANDOM,7
347,34800,117.97883987426758,48529,48562.94,0,0.4,0.25,20,ONE_POINT,100,100,RANDOM,7
348,34900,118.2928946018219,48408,48417.58,0,0.4,0.25,20,ONE_POINT,100,100,RANDOM,7
349,35000,118.61863541603088,48292,48298.14,0,0.4,0.25,20,ONE_POINT,100,100,RANDOM,7
350,35100,118.9532241821289,48204,48224.75,0,0.4,0.25,20,ONE_POINT,100,100,RANDOM,7
351,35200,119.27790212631226,48138,48142.98,0,0.4,0.25,20,ONE_POINT,100,100,RANDOM,7
352,35300,119.59165096282959,48081,48085.65,0,0.4,0.25,20,ONE_POINT,100,100,RANDOM,7
353,35400,119.93113541603088,47966,47975.31,0,0.4,0.25,20,ONE_POINT,100,100,RANDOM,7
354,35500,120.22614908218384,47897,47911.27,0,0.4,0.25,20,ONE_POINT,100,100,RANDOM,7
355,35600,120.57565760612488,47823,47829.94,0,0.4,0.25,20,ONE_POINT,100,100,RANDOM,7
356,35700,120.90897512435913,47762,47769.48,0,0.4,0.25,20,ONE_POINT,100,100,RANDOM,7
357,35800,121.23874378204346,47731,47734.86,0,0.4,0.25,20,ONE_POINT,100,100,RANDOM,7
358,35900,121.54808521270752,47673,47681.3,0,0.4,0.25,20,ONE_POINT,100,100,RANDOM,7
359,36000,121.87229776382446,47609,47614.6,0,0.4,0.25,20,ONE_POINT,100,100,RANDOM,7
360,36100,122.16967940330505,47550,47560.66,0,0.4,0.25,20,ONE_POINT,100,100,RANDOM,7
361,36200,122.4595468044281,47460,47466.85,0,0.4,0.25,20,ONE_POINT,100,100,RANDOM,7
362,36300,122.81279683113098,47368,47374.29,0,0.4,0.25,20,ONE_POINT,100,100,RANDOM,7
363,36400,123.14646553993225,47270,47277.78,0,0.4,0.25,20,ONE_POINT,100,100,RANDOM,7
364,36500,123.49856948852539,47244,47247.67,0,0.4,0.25,20,ONE_POINT,100,100,RANDOM,7
365,36600,123.81037712097168,47212,47214.92,0,0.4,0.25,20,ONE_POINT,100,100,RANDOM,7
366,36700,124.14743685722351,47164,47167.84,0,0.4,0.25,20,ONE_POINT,100,100,RANDOM,7
367,36800,124.44655561447144,47082,47087.74,0,0.4,0.25,20,ONE_POINT,100,100,RANDOM,7
368,36900,124.7648298740387,47035,47038.91,0,0.4,0.25,20,ONE_POINT,100,100,RANDOM,7
369,37000,125.07038474082947,47006,47008.57,0,0.4,0.25,20,ONE_POINT,100,100,RANDOM,7
370,37100,125.38789129257202,46941,46950.14,0,0.4,0.25,20,ONE_POINT,100,100,RANDOM,7
371,37200,125.68798851966858,46909,46922.73,0,0.4,0.25,20,ONE_POINT,100,100,RANDOM,7
372,37300,126.01954770088196,46822,46827.88,0,0.4,0.25,20,ONE_POINT,100,100,RANDOM,7
373,37400,126.33560848236084,46764,46781.63,0,0.4,0.25,20,ONE_POINT,100,100,RANDOM,7
374,37500,126.66637897491455,46699,46702.26,0,0.4,0.25,20,ONE_POINT,100,100,RANDOM,7
375,37600,126.96856713294983,46540,46550.33,0,0.4,0.25,20,ONE_POINT,100,100,RANDOM,7
376,37700,127.29353785514832,46416,46441.89,0,0.4,0.25,20,ONE_POINT,100,100,RANDOM,7
377,37800,127.59458184242249,46377,46383.1,0,0.4,0.25,20,ONE_POINT,100,100,RANDOM,7
378,37900,127.89077997207642,46269,46288.74,0,0.4,0.25,20,ONE_POINT,100,100,RANDOM,7
379,38000,128.21621417999268,46199,46207.78,0,0.4,0.25,20,ONE_POINT,100,100,RANDOM,7
380,38100,128.55636954307556,46082,46132.69,0,0.4,0.25,20,ONE_POINT,100,100,RANDOM,7
381,38200,128.89040350914001,46024,46030.91,0,0.4,0.25,20,ONE_POINT,100,100,RANDOM,7
382,38300,129.3180992603302,45985,46007.65,0,0.4,0.25,20,ONE_POINT,100,100,RANDOM,7
383,38400,129.72056889533997,45922,45928.13,0,0.4,0.25,20,ONE_POINT,100,100,RANDOM,7
384,38500,130.0736541748047,45810,45822.69,0,0.4,0.25,20,ONE_POINT,100,100,RANDOM,7
385,38600,130.3749554157257,45736,45746.31,0,0.4,0.25,20,ONE_POINT,100,100,RANDOM,7
386,38700,130.66424536705017,45647,45655.26,0,0.4,0.25,20,ONE_POINT,100,100,RANDOM,7
387,38800,131.01198077201843,45533,45544.14,0,0.4,0.25,20,ONE_POINT,100,100,RANDOM,7
388,38900,131.45444226264954,45472,45483.71,0,0.4,0.25,20,ONE_POINT,100,100,RANDOM,7
389,39000,131.7697513103485,45407,45476.2,0,0.4,0.25,20,ONE_POINT,100,100,RANDOM,7
390,39100,132.07970690727234,45357,45367.82,0,0.4,0.25,20,ONE_POINT,100,100,RANDOM,7
391,39200,132.4038405418396,45307,45310.94,0,0.4,0.25,20,ONE_POINT,100,100,RANDOM,7
392,39300,132.73547792434692,45205,45212.61,0,0.4,0.25,20,ONE_POINT,100,100,RANDOM,7
393,39400,133.1341803073883,45168,45171.02,0,0.4,0.25,20,ONE_POINT,100,100,RANDOM,7
394,39500,133.51316380500793,45102,45122.68,0,0.4,0.25,20,ONE_POINT,100,100,RANDOM,7
395,39600,133.8519411087036,45054,45066.19,0,0.4,0.25,20,ONE_POINT,100,100,RANDOM,7
396,39700,134.1549768447876,44998,45007.36,0,0.4,0.25,20,ONE_POINT,100,100,RANDOM,7
397,39800,134.48530077934265,44889,44899.01,0,0.4,0.25,20,ONE_POINT,100,100,RANDOM,7
398,39900,134.7847170829773,44865,44867.43,0,0.4,0.25,20,ONE_POINT,100,100,RANDOM,7
399,40000,135.19379997253418,44831,44844.07,0,0.4,0.25,20,ONE_POINT,100,100,RANDOM,7
400,40100,135.53489232063293,44779,44783.07,0,0.4,0.25,20,ONE_POINT,100,100,RANDOM,7
401,40200,135.87518429756165,44698,44703.52,0,0.4,0.25,20,ONE_POINT,100,100,RANDOM,7
402,40300,136.16148614883423,44635,44646.47,0,0.4,0.25,20,ONE_POINT,100,100,RANDOM,7
403,40400,136.46595430374146,44534,44541.08,0,0.4,0.25,20,ONE_POINT,100,100,RANDOM,7
404,40500,136.80082964897156,44432,44441.27,0,0.4,0.25,20,ONE_POINT,100,100,RANDOM,7
405,40600,137.13448667526245,44334,44340.85,0,0.4,0.25,20,ONE_POINT,100,100,RANDOM,7
406,40700,137.49985098838806,44296,44301.92,0,0.4,0.25,20,ONE_POINT,100,100,RANDOM,7
407,40800,138.0006766319275,44244,44251.84,0,0.4,0.25,20,ONE_POINT,100,100,RANDOM,7
408,40900,138.43386721611023,44226,44233.34,0,0.4,0.25,20,ONE_POINT,100,100,RANDOM,7
409,41000,138.80522847175598,44171,44177.57,0,0.4,0.25,20,ONE_POINT,100,100,RANDOM,7
410,41100,139.12973999977112,44065,44077.73,0,0.4,0.25,20,ONE_POINT,100,100,RANDOM,7
411,41200,139.44925808906555,44007,44016.53,0,0.4,0.25,20,ONE_POINT,100,100,RANDOM,7
412,41300,139.82171630859375,43978,43984.32,0,0.4,0.25,20,ONE_POINT,100,100,RANDOM,7
413,41400,140.17762184143066,43948,43952.48,0,0.4,0.25,20,ONE_POINT,100,100,RANDOM,7
414,41500,140.49114561080933,43905,43909.31,0,0.4,0.25,20,ONE_POINT,100,100,RANDOM,7
415,41600,140.91678857803345,43865,43870.2,0,0.4,0.25,20,ONE_POINT,100,100,RANDOM,7
416,41700,141.34504079818726,43761,43769.98,0,0.4,0.25,20,ONE_POINT,100,100,RANDOM,7
417,41800,141.679456949234,43708,43712.12,0,0.4,0.25,20,ONE_POINT,100,100,RANDOM,7
418,41900,142.09091901779175,43585,43612.32,0,0.4,0.25,20,ONE_POINT,100,100,RANDOM,7
419,42000,142.39374089241028,43557,43560.41,0,0.4,0.25,20,ONE_POINT,100,100,RANDOM,7
420,42100,142.75809860229492,43489,43494.0,0,0.4,0.25,20,ONE_POINT,100,100,RANDOM,7
421,42200,143.1146273612976,43432,43438.49,0,0.4,0.25,20,ONE_POINT,100,100,RANDOM,7
422,42300,143.44939637184143,43408,43410.0,0,0.4,0.25,20,ONE_POINT,100,100,RANDOM,7
423,42400,143.81701231002808,43366,43376.7,0,0.4,0.25,20,ONE_POINT,100,100,RANDOM,7
424,42500,144.12456250190735,43330,43366.03,0,0.4,0.25,20,ONE_POINT,100,100,RANDOM,7
425,42600,144.43448615074158,43281,43285.1,0,0.4,0.25,20,ONE_POINT,100,100,RANDOM,7
426,42700,144.77559185028076,43189,43235.48,0,0.4,0.25,20,ONE_POINT,100,100,RANDOM,7
427,42800,145.09523558616638,43161,43167.25,0,0.4,0.25,20,ONE_POINT,100,100,RANDOM,7
428,42900,145.447518825531,43131,43144.49,0,0.4,0.25,20,ONE_POINT,100,100,RANDOM,7
429,43000,145.77776336669922,43032,43038.24,0,0.4,0.25,20,ONE_POINT,100,100,RANDOM,7
430,43100,146.12021327018738,42975,42980.55,0,0.4,0.25,20,ONE_POINT,100,100,RANDOM,7
431,43200,146.4939670562744,42942,42945.08,0,0.4,0.25,20,ONE_POINT,100,100,RANDOM,7
432,43300,146.83041524887085,42909,42912.63,0,0.4,0.25,20,ONE_POINT,100,100,RANDOM,7
433,43400,147.17537832260132,42894,42896.38,0,0.4,0.25,20,ONE_POINT,100,100,RANDOM,7
434,43500,147.5390784740448,42802,42808.44,0,0.4,0.25,20,ONE_POINT,100,100,RANDOM,7
435,43600,147.8930196762085,42757,42762.18,0,0.4,0.25,20,ONE_POINT,100,100,RANDOM,7
436,43700,148.29806351661682,42732,42738.0,0,0.4,0.25,20,ONE_POINT,100,100,RANDOM,7
437,43800,148.63247537612915,42658,42663.71,0,0.4,0.25,20,ONE_POINT,100,100,RANDOM,7
438,43900,148.94885230064392,42619,42623.48,0,0.4,0.25,20,ONE_POINT,100,100,RANDOM,7
439,44000,149.26283502578735,42552,42556.69,0,0.4,0.25,20,ONE_POINT,100,100,RANDOM,7
440,44100,149.5965404510498,42502,42507.87,0,0.4,0.25,20,ONE_POINT,100,100,RANDOM,7
441,44200,149.95975279808044,42436,42447.61,0,0.4,0.25,20,ONE_POINT,100,100,RANDOM,7
442,44300,150.34197425842285,42407,42409.96,0,0.4,0.25,20,ONE_POINT,100,100,RANDOM,7
443,44400,150.68850135803223,42358,42449.47,0,0.4,0.25,20,ONE_POINT,100,100,RANDOM,7
444,44500,151.0820667743683,42304,42308.92,0,0.4,0.25,20,ONE_POINT,100,100,RANDOM,7
445,44600,151.4902892112732,42285,42287.02,0,0.4,0.25,20,ONE_POINT,100,100,RANDOM,7
446,44700,151.86881113052368,42198,42203.47,0,0.4,0.25,20,ONE_POINT,100,100,RANDOM,7
447,44800,152.16096830368042,42169,42227.58,0,0.4,0.25,20,ONE_POINT,100,100,RANDOM,7
448,44900,152.46322560310364,42137,42141.52,0,0.4,0.25,20,ONE_POINT,100,100,RANDOM,7
449,45000,152.78079390525818,42101,42104.79,0,0.4,0.25,20,ONE_POINT,100,100,RANDOM,7
450,45100,153.08109092712402,42033,42050.65,0,0.4,0.25,20,ONE_POINT,100,100,RANDOM,7
451,45200,153.4246551990509,42005,42008.29,0,0.4,0.25,20,ONE_POINT,100,100,RANDOM,7
452,45300,153.75244092941284,41970,41974.15,0,0.4,0.25,20,ONE_POINT,100,100,RANDOM,7
453,45400,154.0979027748108,41832,41845.65,0,0.4,0.25,20,ONE_POINT,100,100,RANDOM,7
454,45500,154.41716241836548,41808,41813.1,0,0.4,0.25,20,ONE_POINT,100,100,RANDOM,7
455,45600,154.7935094833374,41676,41692.27,0,0.4,0.25,20,ONE_POINT,100,100,RANDOM,7
456,45700,155.1634693145752,41629,41632.76,0,0.4,0.25,20,ONE_POINT,100,100,RANDOM,7
457,45800,155.47228980064392,41588,41600.17,0,0.4,0.25,20,ONE_POINT,100,100,RANDOM,7
458,45900,155.75963592529297,41551,41556.64,0,0.4,0.25,20,ONE_POINT,100,100,RANDOM,7
459,46000,156.07603192329407,41532,41535.13,0,0.4,0.25,20,ONE_POINT,100,100,RANDOM,7
460,46100,156.4174530506134,41481,41484.95,0,0.4,0.25,20,ONE_POINT,100,100,RANDOM,7
461,46200,156.72985863685608,41451,41454.36,0,0.4,0.25,20,ONE_POINT,100,100,RANDOM,7
462,46300,157.08257842063904,41385,41404.76,0,0.4,0.25,20,ONE_POINT,100,100,RANDOM,7
463,46400,157.4211609363556,41313,41318.86,0,0.4,0.25,20,ONE_POINT,100,100,RANDOM,7
464,46500,157.80812287330627,41246,41254.31,0,0.4,0.25,20,ONE_POINT,100,100,RANDOM,7
465,46600,158.1685447692871,41225,41229.28,0,0.4,0.25,20,ONE_POINT,100,100,RANDOM,7
466,46700,158.47210359573364,41185,41199.23,0,0.4,0.25,20,ONE_POINT,100,100,RANDOM,7
467,46800,158.80153346061707,41053,41060.92,0,0.4,0.25,20,ONE_POINT,100,100,RANDOM,7
468,46900,159.13413166999817,41026,41054.25,0,0.4,0.25,20,ONE_POINT,100,100,RANDOM,7
469,47000,159.4709312915802,40958,40964.91,0,0.4,0.25,20,ONE_POINT,100,100,RANDOM,7
470,47100,159.83558630943298,40910,40914.95,0,0.4,0.25,20,ONE_POINT,100,100,RANDOM,7
471,47200,160.20627069473267,40870,40874.86,0,0.4,0.25,20,ONE_POINT,100,100,RANDOM,7
472,47300,160.5347089767456,40809,40814.21,0,0.4,0.25,20,ONE_POINT,100,100,RANDOM,7
473,47400,160.84692907333374,40787,40791.98,0,0.4,0.25,20,ONE_POINT,100,100,RANDOM,7
474,47500,161.18336462974548,40762,40765.72,0,0.4,0.25,20,ONE_POINT,100,100,RANDOM,7
475,47600,161.5015823841095,40748,40761.78,0,0.4,0.25,20,ONE_POINT,100,100,RANDOM,7
476,47700,161.86043405532837,40703,40711.58,0,0.4,0.25,20,ONE_POINT,100,100,RANDOM,7
477,47800,162.21905303001404,40568,40581.53,0,0.4,0.25,20,ONE_POINT,100,100,RANDOM,7
478,47900,162.54763174057007,40550,40553.66,0,0.4,0.25,20,ONE_POINT,100,100,RANDOM,7
479,48000,162.89571976661682,40489,40494.33,0,0.4,0.25,20,ONE_POINT,100,100,RANDOM,7
480,48100,163.25960898399353,40461,40469.0,0,0.4,0.25,20,ONE_POINT,100,100,RANDOM,7
481,48200,163.5948839187622,40426,40430.76,0,0.4,0.25,20,ONE_POINT,100,100,RANDOM,7
482,48300,163.9654734134674,40403,40464.96,0,0.4,0.25,20,ONE_POINT,100,100,RANDOM,7
483,48400,164.29410123825073,40326,40339.92,0,0.4,0.25,20,ONE_POINT,100,100,RANDOM,7
484,48500,164.60279607772827,40288,40292.6,0,0.4,0.25,20,ONE_POINT,100,100,RANDOM,7
485,48600,164.96861934661865,40250,40251.54,0,0.4,0.25,20,ONE_POINT,100,100,RANDOM,7
486,48700,165.29923915863037,40174,40179.25,0,0.4,0.25,20,ONE_POINT,100,100,RANDOM,7
487,48800,165.62766337394714,40115,40119.72,0,0.4,0.25,20,ONE_POINT,100,100,RANDOM,7
488,48900,165.96498847007751,40025,40033.38,0,0.4,0.25,20,ONE_POINT,100,100,RANDOM,7
489,49000,166.28405356407166,40021,40023.72,0,0.4,0.25,20,ONE_POINT,100,100,RANDOM,7
490,49100,166.64117527008057,39991,39994.08,0,0.4,0.25,20,ONE_POINT,100,100,RANDOM,7
491,49200,166.98380398750305,39931,39935.76,0,0.4,0.25,20,ONE_POINT,100,100,RANDOM,7
492,49300,167.2991943359375,39899,39936.92,0,0.4,0.25,20,ONE_POINT,100,100,RANDOM,7
493,49400,167.60074758529663,39848,39856.43,0,0.4,0.25,20,ONE_POINT,100,100,RANDOM,7
494,49500,167.95354223251343,39796,39805.5,0,0.4,0.25,20,ONE_POINT,100,100,RANDOM,7
495,49600,168.25578546524048,39770,39773.74,0,0.4,0.25,20,ONE_POINT,100,100,RANDOM,7
496,49700,168.59864234924316,39740,39743.74,0,0.4,0.25,20,ONE_POINT,100,100,RANDOM,7
497,49800,168.91594433784485,39709,39719.02,0,0.4,0.25,20,ONE_POINT,100,100,RANDOM,7
498,49900,169.28365659713745,39687,39698.28,0,0.4,0.25,20,ONE_POINT,100,100,RANDOM,7
499,50000,169.60005974769592,39645,39649.21,0,0.4,0.25,20,ONE_POINT,100,100,RANDOM,7
500,50100,169.93268632888794,39607,39614.01,0,0.4,0.25,20,ONE_POINT,100,100,RANDOM,7
1,200,0.21648502349853516,128291,128967.8,0,0.4,0.25,20,ONE_POINT,100,100,RANDOM,8
2,300,0.5608305931091309,127078,127126.52,0,0.4,0.25,20,ONE_POINT,100,100,RANDOM,8
3,400,0.8845043182373047,125379,125409.68,0,0.4,0.25,20,ONE_POINT,100,100,RANDOM,8
4,500,1.286095380783081,124251,124271.58,0,0.4,0.25,20,ONE_POINT,100,100,RANDOM,8
5,600,1.660562515258789,123420,123437.86,0,0.4,0.25,20,ONE_POINT,100,100,RANDOM,8
6,700,2.026369571685791,122980,122992.67,0,0.4,0.25,20,ONE_POINT,100,100,RANDOM,8
7,800,2.3553833961486816,122149,122186.64,0,0.4,0.25,20,ONE_POINT,100,100,RANDOM,8
8,900,2.6737635135650635,121698,121711.53,0,0.4,0.25,20,ONE_POINT,100,100,RANDOM,8
9,1000,3.0093164443969727,120922,120937.56,0,0.4,0.25,20,ONE_POINT,100,100,RANDOM,8
10,1100,3.3013153076171875,120244,120266.04,0,0.4,0.25,20,ONE_POINT,100,100,RANDOM,8
11,1200,3.6279234886169434,119586,119598.98,0,0.4,0.25,20,ONE_POINT,100,100,RANDOM,8
12,1300,3.920738458633423,119125,119138.29,0,0.4,0.25,20,ONE_POINT,100,100,RANDOM,8
13,1400,4.325266361236572,118711,118724.6,0,0.4,0.25,20,ONE_POINT,100,100,RANDOM,8
14,1500,4.6477484703063965,118359,118369.56,0,0.4,0.25,20,ONE_POINT,100,100,RANDOM,8
15,1600,5.0829198360443115,117670,117693.87,0,0.4,0.25,20,ONE_POINT,100,100,RANDOM,8
16,1700,5.497019529342651,117264,117273.1,0,0.4,0.25,20,ONE_POINT,100,100,RANDOM,8
17,1800,5.954148292541504,116667,116678.94,0,0.4,0.25,20,ONE_POINT,100,100,RANDOM,8
18,1900,6.302324295043945,116288,116310.94,0,0.4,0.25,20,ONE_POINT,100,100,RANDOM,8
19,2000,6.612927436828613,115675,115700.06,0,0.4,0.25,20,ONE_POINT,100,100,RANDOM,8
20,2100,6.990365743637085,115170,115178.42,0,0.4,0.25,20,ONE_POINT,100,100,RANDOM,8
21,2200,7.360572099685669,113838,113877.48,0,0.4,0.25,20,ONE_POINT,100,100,RANDOM,8
22,2300,7.67525315284729,113242,113253.92,0,0.4,0.25,20,ONE_POINT,100,100,RANDOM,8
23,2400,7.987807273864746,112846,112893.53,0,0.4,0.25,20,ONE_POINT,100,100,RANDOM,8
24,2500,8.301844358444214,112514,112526.55,0,0.4,0.25,20,ONE_POINT,100,100,RANDOM,8
25,2600,8.703848838806152,112094,112114.0,0,0.4,0.25,20,ONE_POINT,100,100,RANDOM,8
26,2700,9.026411056518555,111135,111154.18,0,0.4,0.25,20,ONE_POINT,100,100,RANDOM,8
27,2800,9.32462477684021,110483,110562.9,0,0.4,0.25,20,ONE_POINT,100,100,RANDOM,8
28,2900,9.653024673461914,110139,110158.16,0,0.4,0.25,20,ONE_POINT,100,100,RANDOM,8
29,3000,9.973431587219238,109771,109778.36,0,0.4,0.25,20,ONE_POINT,100,100,RANDOM,8
30,3100,10.361572504043579,109129,109147.7,0,0.4,0.25,20,ONE_POINT,100,100,RANDOM,8
31,3200,10.718878507614136,108829,108841.0,0,0.4,0.25,20,ONE_POINT,100,100,RANDOM,8
32,3300,11.035604476928711,108522,108537.94,0,0.4,0.25,20,ONE_POINT,100,100,RANDOM,8
33,3400,11.370122909545898,108306,108315.78,0,0.4,0.25,20,ONE_POINT,100,100,RANDOM,8
34,3500,11.690074920654297,107814,107872.27,0,0.4,0.25,20,ONE_POINT,100,100,RANDOM,8
35,3600,12.022393703460693,107549,107559.6,0,0.4,0.25,20,ONE_POINT,100,100,RANDOM,8
36,3700,12.351535320281982,106806,106843.29,0,0.4,0.25,20,ONE_POINT,100,100,RANDOM,8
37,3800,12.718979597091675,106575,106589.44,0,0.4,0.25,20,ONE_POINT,100,100,RANDOM,8
38,3900,13.03993558883667,105955,105967.4,0,0.4,0.25,20,ONE_POINT,100,100,RANDOM,8
39,4000,13.332249402999878,105070,105091.25,0,0.4,0.25,20,ONE_POINT,100,100,RANDOM,8
40,4100,13.619629621505737,104903,104912.95,0,0.4,0.25,20,ONE_POINT,100,100,RANDOM,8
41,4200,13.932307243347168,104036,104053.34,0,0.4,0.25,20,ONE_POINT,100,100,RANDOM,8
42,4300,14.266220331192017,103689,103699.41,0,0.4,0.25,20,ONE_POINT,100,100,RANDOM,8
43,4400,14.586931467056274,103285,103299.78,0,0.4,0.25,20,ONE_POINT,100,100,RANDOM,8
44,4500,14.937571048736572,103047,103056.73,0,0.4,0.25,20,ONE_POINT,100,100,RANDOM,8
45,4600,15.256753206253052,102152,102206.64,0,0.4,0.25,20,ONE_POINT,100,100,RANDOM,8
46,4700,15.566492319107056,101777,101795.21,0,0.4,0.25,20,ONE_POINT,100,100,RANDOM,8
47,4800,15.874337434768677,101619,101625.56,0,0.4,0.25,20,ONE_POINT,100,100,RANDOM,8
48,4900,16.183858156204224,101188,101196.62,0,0.4,0.25,20,ONE_POINT,100,100,RANDOM,8
49,5000,16.505156755447388,100740,100753.32,0,0.4,0.25,20,ONE_POINT,100,100,RANDOM,8
50,5100,16.81547212600708,100310,100341.79,0,0.4,0.25,20,ONE_POINT,100,100,RANDOM,8
51,5200,17.12612509727478,99894,99906.48,0,0.4,0.25,20,ONE_POINT,100,100,RANDOM,8
52,5300,17.442879676818848,99700,99711.82,0,0.4,0.25,20,ONE_POINT,100,100,RANDOM,8
53,5400,17.824278593063354,99230,99241.34,0,0.4,0.25,20,ONE_POINT,100,100,RANDOM,8
54,5500,18.148225784301758,98983,98990.42,0,0.4,0.25,20,ONE_POINT,100,100,RANDOM,8
55,5600,18.497795343399048,97991,98027.93,0,0.4,0.25,20,ONE_POINT,100,100,RANDOM,8
56,5700,18.833735466003418,97733,97742.63,0,0.4,0.25,20,ONE_POINT,100,100,RANDOM,8
57,5800,19.17567205429077,97535,97541.66,0,0.4,0.25,20,ONE_POINT,100,100,RANDOM,8
58,5900,19.48008418083191,96755,96770.6,0,0.4,0.25,20,ONE_POINT,100,100,RANDOM,8
59,6000,19.786776065826416,96376,96383.58,0,0.4,0.25,20,ONE_POINT,100,100,RANDOM,8
60,6100,20.094658374786377,95951,95968.03,0,0.4,0.25,20,ONE_POINT,100,100,RANDOM,8
61,6200,20.413395643234253,95698,95704.41,0,0.4,0.25,20,ONE_POINT,100,100,RANDOM,8
62,6300,20.73630142211914,95433,95443.73,0,0.4,0.25,20,ONE_POINT,100,100,RANDOM,8
63,6400,21.036749124526978,95064,95124.74,0,0.4,0.25,20,ONE_POINT,100,100,RANDOM,8
64,6500,21.338209867477417,94817,94835.26,0,0.4,0.25,20,ONE_POINT,100,100,RANDOM,8
65,6600,21.663968563079834,94564,94574.14,0,0.4,0.25,20,ONE_POINT,100,100,RANDOM,8
66,6700,21.98841118812561,94095,94109.07,0,0.4,0.25,20,ONE_POINT,100,100,RANDOM,8
67,6800,22.275229930877686,93721,93734.31,0,0.4,0.25,20,ONE_POINT,100,100,RANDOM,8
68,6900,22.589476823806763,93448,93529.02,0,0.4,0.25,20,ONE_POINT,100,100,RANDOM,8
69,7000,22.88927173614502,93135,93165.59,0,0.4,0.25,20,ONE_POINT,100,100,RANDOM,8
70,7100,23.179988622665405,92711,92751.41,0,0.4,0.25,20,ONE_POINT,100,100,RANDOM,8
71,7200,23.470043659210205,92545,92551.04,0,0.4,0.25,20,ONE_POINT,100,100,RANDOM,8
72,7300,23.768436670303345,92214,92226.03,0,0.4,0.25,20,ONE_POINT,100,100,RANDOM,8
73,7400,24.085412979125977,91758,91794.5,0,0.4,0.25,20,ONE_POINT,100,100,RANDOM,8
74,7500,24.39659810066223,91534,91540.14,0,0.4,0.25,20,ONE_POINT,100,100,RANDOM,8
75,7600,24.709999561309814,91116,91130.84,0,0.4,0.25,20,ONE_POINT,100,100,RANDOM,8
76,7700,25.03501009941101,90820,90833.62,0,0.4,0.25,20,ONE_POINT,100,100,RANDOM,8
77,7800,25.40113353729248,90670,90688.0,0,0.4,0.25,20,ONE_POINT,100,100,RANDOM,8
78,7900,25.798630714416504,90568,90572.08,0,0.4,0.25,20,ONE_POINT,100,100,RANDOM,8
79,8000,26.34427285194397,90374,90382.84,0,0.4,0.25,20,ONE_POINT,100,100,RANDOM,8
80,8100,26.830482482910156,90051,90063.92,0,0.4,0.25,20,ONE_POINT,100,100,RANDOM,8
81,8200,27.251915216445923,89856,89863.82,0,0.4,0.25,20,ONE_POINT,100,100,RANDOM,8
82,8300,27.650046825408936,89447,89471.99,0,0.4,0.25,20,ONE_POINT,100,100,RANDOM,8
83,8400,28.0155827999115,89267,89290.82,0,0.4,0.25,20,ONE_POINT,100,100,RANDOM,8
84,8500,28.38672709465027,88823,88841.79,0,0.4,0.25,20,ONE_POINT,100,100,RANDOM,8
85,8600,28.7672758102417,88588,88599.61,0,0.4,0.25,20,ONE_POINT,100,100,RANDOM,8
86,8700,29.143131971359253,88332,88341.81,0,0.4,0.25,20,ONE_POINT,100,100,RANDOM,8
87,8800,29.48123526573181,87961,87975.84,0,0.4,0.25,20,ONE_POINT,100,100,RANDOM,8
88,8900,29.887190341949463,87822,87828.95,0,0.4,0.25,20,ONE_POINT,100,100,RANDOM,8
89,9000,30.20788550376892,87586,87595.19,0,0.4,0.25,20,ONE_POINT,100,100,RANDOM,8
90,9100,30.528403520584106,87315,87323.13,0,0.4,0.25,20,ONE_POINT,100,100,RANDOM,8
91,9200,30.874186277389526,87206,87211.45,0,0.4,0.25,20,ONE_POINT,100,100,RANDOM,8
92,9300,31.256080865859985,86996,87008.48,0,0.4,0.25,20,ONE_POINT,100,100,RANDOM,8
93,9400,31.61492609977722,86817,86831.35,0,0.4,0.25,20,ONE_POINT,100,100,RANDOM,8
94,9500,31.982361555099487,86580,86588.9,0,0.4,0.25,20,ONE_POINT,100,100,RANDOM,8
95,9600,32.34381341934204,86432,86451.24,0,0.4,0.25,20,ONE_POINT,100,100,RANDOM,8
96,9700,32.7092444896698,86002,86015.02,0,0.4,0.25,20,ONE_POINT,100,100,RANDOM,8
97,9800,33.041913986206055,85604,85619.64,0,0.4,0.25,20,ONE_POINT,100,100,RANDOM,8
98,9900,33.386799573898315,85423,85430.02,0,0.4,0.25,20,ONE_POINT,100,100,RANDOM,8
99,10000,33.736934661865234,85198,85204.75,0,0.4,0.25,20,ONE_POINT,100,100,RANDOM,8
100,10100,34.05755615234375,84896,84906.28,0,0.4,0.25,20,ONE_POINT,100,100,RANDOM,8
101,10200,34.3869047164917,84797,84803.63,0,0.4,0.25,20,ONE_POINT,100,100,RANDOM,8
102,10300,34.728898763656616,84530,84539.89,0,0.4,0.25,20,ONE_POINT,100,100,RANDOM,8
103,10400,35.03490662574768,84400,84407.13,0,0.4,0.25,20,ONE_POINT,100,100,RANDOM,8
104,10500,35.38039302825928,84284,84294.93,0,0.4,0.25,20,ONE_POINT,100,100,RANDOM,8
105,10600,35.712377309799194,84168,84173.8,0,0.4,0.25,20,ONE_POINT,100,100,RANDOM,8
106,10700,36.05524706840515,84019,84071.89,0,0.4,0.25,20,ONE_POINT,100,100,RANDOM,8
107,10800,36.42678475379944,83755,83786.11,0,0.4,0.25,20,ONE_POINT,100,100,RANDOM,8
108,10900,36.73282074928284,83570,83577.93,0,0.4,0.25,20,ONE_POINT,100,100,RANDOM,8
109,11000,37.075366735458374,82594,82614.98,0,0.4,0.25,20,ONE_POINT,100,100,RANDOM,8
110,11100,37.413023471832275,82416,82421.53,0,0.4,0.25,20,ONE_POINT,100,100,RANDOM,8
111,11200,37.73677396774292,82243,82250.82,0,0.4,0.25,20,ONE_POINT,100,100,RANDOM,8
112,11300,38.06679964065552,82105,82110.87,0,0.4,0.25,20,ONE_POINT,100,100,RANDOM,8
113,11400,38.41611886024475,81955,81964.41,0,0.4,0.25,20,ONE_POINT,100,100,RANDOM,8
114,11500,38.73709678649902,81596,81630.1,0,0.4,0.25,20,ONE_POINT,100,100,RANDOM,8
115,11600,39.052217960357666,81455,81460.92,0,0.4,0.25,20,ONE_POINT,100,100,RANDOM,8
116,11700,39.38210487365723,81279,81313.44,0,0.4,0.25,20,ONE_POINT,100,100,RANDOM,8
117,11800,39.70106554031372,81152,81178.32,0,0.4,0.25,20,ONE_POINT,100,100,RANDOM,8
118,11900,40.04705810546875,81057,81060.3,0,0.4,0.25,20,ONE_POINT,100,100,RANDOM,8
119,12000,40.37362480163574,80553,80627.91,0,0.4,0.25,20,ONE_POINT,100,100,RANDOM,8
120,12100,40.720733404159546,80397,80402.22,0,0.4,0.25,20,ONE_POINT,100,100,RANDOM,8
121,12200,41.03731060028076,80161,80170.56,0,0.4,0.25,20,ONE_POINT,100,100,RANDOM,8
122,12300,41.38297414779663,80025,80030.15,0,0.4,0.25,20,ONE_POINT,100,100,RANDOM,8
123,12400,41.74161076545715,79895,79900.04,0,0.4,0.25,20,ONE_POINT,100,100,RANDOM,8
124,12500,42.07624411582947,79577,79584.73,0,0.4,0.25,20,ONE_POINT,100,100,RANDOM,8
125,12600,42.37283968925476,79273,79283.63,0,0.4,0.25,20,ONE_POINT,100,100,RANDOM,8
126,12700,42.75578188896179,79094,79112.82,0,0.4,0.25,20,ONE_POINT,100,100,RANDOM,8
127,12800,43.11599636077881,78884,78892.74,0,0.4,0.25,20,ONE_POINT,100,100,RANDOM,8
128,12900,43.44257855415344,78528,78539.61,0,0.4,0.25,20,ONE_POINT,100,100,RANDOM,8
129,13000,43.837751150131226,78056,78065.44,0,0.4,0.25,20,ONE_POINT,100,100,RANDOM,8
130,13100,44.19320344924927,77898,77904.92,0,0.4,0.25,20,ONE_POINT,100,100,RANDOM,8
131,13200,44.54014730453491,77744,77749.8,0,0.4,0.25,20,ONE_POINT,100,100,RANDOM,8
132,13300,44.86334753036499,77485,77495.4,0,0.4,0.25,20,ONE_POINT,100,100,RANDOM,8
133,13400,45.22836709022522,77227,77235.9,0,0.4,0.25,20,ONE_POINT,100,100,RANDOM,8
134,13500,45.62994933128357,77034,77047.19,0,0.4,0.25,20,ONE_POINT,100,100,RANDOM,8
135,13600,46.00533366203308,76763,76771.58,0,0.4,0.25,20,ONE_POINT,100,100,RANDOM,8
136,13700,46.36242485046387,76509,76519.16,0,0.4,0.25,20,ONE_POINT,100,100,RANDOM,8
137,13800,46.69692039489746,76245,76348.78,0,0.4,0.25,20,ONE_POINT,100,100,RANDOM,8
138,13900,47.03803873062134,76068,76077.48,0,0.4,0.25,20,ONE_POINT,100,100,RANDOM,8
139,14000,47.36547374725342,75873,75879.75,0,0.4,0.25,20,ONE_POINT,100,100,RANDOM,8
140,14100,47.70211338996887,75584,75589.78,0,0.4,0.25,20,ONE_POINT,100,100,RANDOM,8
141,14200,48.03935933113098,75183,75195.2,0,0.4,0.25,20,ONE_POINT,100,100,RANDOM,8
142,14300,48.350372314453125,75028,75035.84,0,0.4,0.25,20,ONE_POINT,100,100,RANDOM,8
143,14400,48.68933057785034,74933,74957.04,0,0.4,0.25,20,ONE_POINT,100,100,RANDOM,8
144,14500,49.019078493118286,74696,74711.39,0,0.4,0.25,20,ONE_POINT,100,100,RANDOM,8
145,14600,49.323383808135986,74477,74485.76,0,0.4,0.25,20,ONE_POINT,100,100,RANDOM,8
146,14700,49.66627335548401,74212,74217.3,0,0.4,0.25,20,ONE_POINT,100,100,RANDOM,8
147,14800,49.967408657073975,73959,73966.59,0,0.4,0.25,20,ONE_POINT,100,100,RANDOM,8
148,14900,50.33437156677246,73701,73714.25,0,0.4,0.25,20,ONE_POINT,100,100,RANDOM,8
149,15000,50.665406465530396,73494,73502.28,0,0.4,0.25,20,ONE_POINT,100,100,RANDOM,8
150,15100,50.98294734954834,73364,73370.67,0,0.4,0.25,20,ONE_POINT,100,100,RANDOM,8
151,15200,51.331023931503296,73026,73035.28,0,0.4,0.25,20,ONE_POINT,100,100,RANDOM,8
152,15300,51.644535064697266,72893,72898.32,0,0.4,0.25,20,ONE_POINT,100,100,RANDOM,8
153,15400,51.99582386016846,72653,72665.0,0,0.4,0.25,20,ONE_POINT,100,100,RANDOM,8
154,15500,52.34911799430847,72483,72496.22,0,0.4,0.25,20,ONE_POINT,100,100,RANDOM,8
155,15600,52.656168937683105,72265,72273.72,0,0.4,0.25,20,ONE_POINT,100,100,RANDOM,8
156,15700,53.00648522377014,72169,72174.46,0,0.4,0.25,20,ONE_POINT,100,100,RANDOM,8
157,15800,53.306047201156616,71993,72023.1,0,0.4,0.25,20,ONE_POINT,100,100,RANDOM,8
158,15900,53.68089056015015,71699,71715.04,0,0.4,0.25,20,ONE_POINT,100,100,RANDOM,8
159,16000,54.042850971221924,71614,71619.1,0,0.4,0.25,20,ONE_POINT,100,100,RANDOM,8
160,16100,54.39283871650696,71425,71501.12,0,0.4,0.25,20,ONE_POINT,100,100,RANDOM,8
161,16200,54.755855560302734,71292,71297.36,0,0.4,0.25,20,ONE_POINT,100,100,RANDOM,8
162,16300,55.10509467124939,71123,71131.09,0,0.4,0.25,20,ONE_POINT,100,100,RANDOM,8
163,16400,55.42362189292908,70991,70998.16,0,0.4,0.25,20,ONE_POINT,100,100,RANDOM,8
164,16500,55.761738300323486,70817,70823.96,0,0.4,0.25,20,ONE_POINT,100,100,RANDOM,8
165,16600,56.09523844718933,70696,70701.44,0,0.4,0.25,20,ONE_POINT,100,100,RANDOM,8
166,16700,56.452319622039795,70506,70511.7,0,0.4,0.25,20,ONE_POINT,100,100,RANDOM,8
167,16800,56.80464792251587,70284,70292.86,0,0.4,0.25,20,ONE_POINT,100,100,RANDOM,8
168,16900,57.154128074645996,70017,70027.68,0,0.4,0.25,20,ONE_POINT,100,100,RANDOM,8
169,17000,57.51384496688843,69865,69874.0,0,0.4,0.25,20,ONE_POINT,100,100,RANDOM,8
170,17100,57.86716055870056,69416,69432.19,0,0.4,0.25,20,ONE_POINT,100,100,RANDOM,8
171,17200,58.222980976104736,69333,69339.29,0,0.4,0.25,20,ONE_POINT,100,100,RANDOM,8
172,17300,58.56667351722717,68805,68815.56,0,0.4,0.25,20,ONE_POINT,100,100,RANDOM,8
173,17400,58.93063282966614,68599,68609.09,0,0.4,0.25,20,ONE_POINT,100,100,RANDOM,8
174,17500,59.26890516281128,68461,68493.97,0,0.4,0.25,20,ONE_POINT,100,100,RANDOM,8
175,17600,59.645203590393066,68306,68313.52,0,0.4,0.25,20,ONE_POINT,100,100,RANDOM,8
176,17700,59.97040367126465,68054,68083.36,0,0.4,0.25,20,ONE_POINT,100,100,RANDOM,8
177,17800,60.270795583724976,67893,67900.07,0,0.4,0.25,20,ONE_POINT,100,100,RANDOM,8
178,17900,60.59338426589966,67690,67715.99,0,0.4,0.25,20,ONE_POINT,100,100,RANDOM,8
179,18000,60.95718765258789,67538,67593.57,0,0.4,0.25,20,ONE_POINT,100,100,RANDOM,8
180,18100,61.31170701980591,67363,67385.25,0,0.4,0.25,20,ONE_POINT,100,100,RANDOM,8
181,18200,61.62502598762512,67268,67274.5,0,0.4,0.25,20,ONE_POINT,100,100,RANDOM,8
182,18300,62.02268314361572,66980,66992.11,0,0.4,0.25,20,ONE_POINT,100,100,RANDOM,8
183,18400,62.41661071777344,66715,66725.62,0,0.4,0.25,20,ONE_POINT,100,100,RANDOM,8
184,18500,62.791722536087036,66318,66338.13,0,0.4,0.25,20,ONE_POINT,100,100,RANDOM,8
185,18600,63.10319185256958,66238,66250.41,0,0.4,0.25,20,ONE_POINT,100,100,RANDOM,8
186,18700,63.45401573181152,66115,66126.12,0,0.4,0.25,20,ONE_POINT,100,100,RANDOM,8
187,18800,63.77403020858765,65909,65940.61,0,0.4,0.25,20,ONE_POINT,100,100,RANDOM,8
188,18900,64.1101484298706,65610,65660.17,0,0.4,0.25,20,ONE_POINT,100,100,RANDOM,8
189,19000,64.46571612358093,65486,65495.78,0,0.4,0.25,20,ONE_POINT,100,100,RANDOM,8
190,19100,64.79382085800171,65335,65340.27,0,0.4,0.25,20,ONE_POINT,100,100,RANDOM,8
191,19200,65.13640141487122,65134,65155.78,0,0.4,0.25,20,ONE_POINT,100,100,RANDOM,8
192,19300,65.45373964309692,65011,65018.29,0,0.4,0.25,20,ONE_POINT,100,100,RANDOM,8
193,19400,65.81654000282288,64951,64963.46,0,0.4,0.25,20,ONE_POINT,100,100,RANDOM,8
194,19500,66.12523794174194,64869,64880.82,0,0.4,0.25,20,ONE_POINT,100,100,RANDOM,8
195,19600,66.45009636878967,64798,64813.9,0,0.4,0.25,20,ONE_POINT,100,100,RANDOM,8
196,19700,66.7796721458435,64541,64551.69,0,0.4,0.25,20,ONE_POINT,100,100,RANDOM,8
197,19800,67.13534688949585,64471,64478.48,0,0.4,0.25,20,ONE_POINT,100,100,RANDOM,8
198,19900,67.44358491897583,64387,64408.03,0,0.4,0.25,20,ONE_POINT,100,100,RANDOM,8
199,20000,67.74892115592957,64308,64312.27,0,0.4,0.25,20,ONE_POINT,100,100,RANDOM,8
200,20100,68.05706453323364,64160,64165.92,0,0.4,0.25,20,ONE_POINT,100,100,RANDOM,8
201,20200,68.39949798583984,64021,64030.59,0,0.4,0.25,20,ONE_POINT,100,100,RANDOM,8
202,20300,68.74560236930847,63939,63946.08,0,0.4,0.25,20,ONE_POINT,100,100,RANDOM,8
203,20400,69.09653902053833,63796,63807.75,0,0.4,0.25,20,ONE_POINT,100,100,RANDOM,8
204,20500,69.5428466796875,63657,63665.38,0,0.4,0.25,20,ONE_POINT,100,100,RANDOM,8
205,20600,69.92345857620239,63530,63535.99,0,0.4,0.25,20,ONE_POINT,100,100,RANDOM,8
206,20700,70.27139735221863,63353,63363.62,0,0.4,0.25,20,ONE_POINT,100,100,RANDOM,8
207,20800,70.73658895492554,63272,63276.86,0,0.4,0.25,20,ONE_POINT,100,100,RANDOM,8
208,20900,71.13337135314941,63061,63118.45,0,0.4,0.25,20,ONE_POINT,100,100,RANDOM,8
209,21000,71.44995427131653,62987,62992.09,0,0.4,0.25,20,ONE_POINT,100,100,RANDOM,8
210,21100,71.78970503807068,62856,62874.94,0,0.4,0.25,20,ONE_POINT,100,100,RANDOM,8
211,21200,72.16067814826965,62628,62637.19,0,0.4,0.25,20,ONE_POINT,100,100,RANDOM,8
212,21300,72.49842810630798,62548,62563.23,0,0.4,0.25,20,ONE_POINT,100,100,RANDOM,8
213,21400,72.83963632583618,62477,62495.53,0,0.4,0.25,20,ONE_POINT,100,100,RANDOM,8
214,21500,73.17200684547424,62413,62422.08,0,0.4,0.25,20,ONE_POINT,100,100,RANDOM,8
215,21600,73.49900150299072,62335,62345.93,0,0.4,0.25,20,ONE_POINT,100,100,RANDOM,8
216,21700,73.81393098831177,62281,62289.99,0,0.4,0.25,20,ONE_POINT,100,100,RANDOM,8
217,21800,74.18388271331787,62129,62138.19,0,0.4,0.25,20,ONE_POINT,100,100,RANDOM,8
218,21900,74.52002310752869,62019,62024.81,0,0.4,0.25,20,ONE_POINT,100,100,RANDOM,8
219,22000,74.87194919586182,61878,61885.05,0,0.4,0.25,20,ONE_POINT,100,100,RANDOM,8
220,22100,75.23161220550537,61744,61756.67,0,0.4,0.25,20,ONE_POINT,100,100,RANDOM,8
221,22200,75.55121970176697,61646,61656.25,0,0.4,0.25,20,ONE_POINT,100,100,RANDOM,8
222,22300,75.86441230773926,61493,61502.94,0,0.4,0.25,20,ONE_POINT,100,100,RANDOM,8
223,22400,76.17099571228027,61249,61260.43,0,0.4,0.25,20,ONE_POINT,100,100,RANDOM,8
224,22500,76.46779751777649,61083,61097.38,0,0.4,0.25,20,ONE_POINT,100,100,RANDOM,8
225,22600,76.79089760780334,60995,61014.56,0,0.4,0.25,20,ONE_POINT,100,100,RANDOM,8
226,22700,77.12240409851074,60842,60870.66,0,0.4,0.25,20,ONE_POINT,100,100,RANDOM,8
227,22800,77.42370963096619,60716,60727.66,0,0.4,0.25,20,ONE_POINT,100,100,RANDOM,8
228,22900,77.7516438961029,60620,60628.25,0,0.4,0.25,20,ONE_POINT,100,100,RANDOM,8
229,23000,78.07043266296387,60383,60395.81,0,0.4,0.25,20,ONE_POINT,100,100,RANDOM,8
230,23100,78.3943989276886,60299,60314.36,0,0.4,0.25,20,ONE_POINT,100,100,RANDOM,8
231,23200,78.79571723937988,60175,60182.18,0,0.4,0.25,20,ONE_POINT,100,100,RANDOM,8
232,23300,79.13345503807068,60061,60065.08,0,0.4,0.25,20,ONE_POINT,100,100,RANDOM,8
233,23400,79.44865775108337,59950,59955.03,0,0.4,0.25,20,ONE_POINT,100,100,RANDOM,8
234,23500,79.7432746887207,59799,59823.51,0,0.4,0.25,20,ONE_POINT,100,100,RANDOM,8
235,23600,80.09072995185852,59499,59511.0,0,0.4,0.25,20,ONE_POINT,100,100,RANDOM,8
236,23700,80.4271912574768,59434,59438.53,0,0.4,0.25,20,ONE_POINT,100,100,RANDOM,8
237,23800,80.81220531463623,59217,59226.28,0,0.4,0.25,20,ONE_POINT,100,100,RANDOM,8
238,23900,81.16112327575684,59142,59161.16,0,0.4,0.25,20,ONE_POINT,100,100,RANDOM,8
239,24000,81.54030442237854,59068,59074.13,0,0.4,0.25,20,ONE_POINT,100,100,RANDOM,8
240,24100,81.86530113220215,58942,58963.97,0,0.4,0.25,20,ONE_POINT,100,100,RANDOM,8
241,24200,82.1806788444519,58708,58729.35,0,0.4,0.25,20,ONE_POINT,100,100,RANDOM,8
242,24300,82.48083281517029,58549,58558.54,0,0.4,0.25,20,ONE_POINT,100,100,RANDOM,8
243,24400,82.77654361724854,58507,58513.87,0,0.4,0.25,20,ONE_POINT,100,100,RANDOM,8
244,24500,83.0843505859375,58439,58443.18,0,0.4,0.25,20,ONE_POINT,100,100,RANDOM,8
245,24600,83.4722740650177,58054,58097.78,0,0.4,0.25,20,ONE_POINT,100,100,RANDOM,8
246,24700,83.76355409622192,57917,57926.22,0,0.4,0.25,20,ONE_POINT,100,100,RANDOM,8
247,24800,84.11906695365906,57783,57802.14,0,0.4,0.25,20,ONE_POINT,100,100,RANDOM,8
248,24900,84.47736048698425,57664,57670.54,0,0.4,0.25,20,ONE_POINT,100,100,RANDOM,8
249,25000,84.80009126663208,57545,57552.4,0,0.4,0.25,20,ONE_POINT,100,100,RANDOM,8
250,25100,85.20387721061707,57397,57405.88,0,0.4,0.25,20,ONE_POINT,100,100,RANDOM,8
251,25200,85.52112650871277,57296,57304.55,0,0.4,0.25,20,ONE_POINT,100,100,RANDOM,8
252,25300,85.81424617767334,57224,57228.32,0,0.4,0.25,20,ONE_POINT,100,100,RANDOM,8
253,25400,86.1507568359375,57156,57160.76,0,0.4,0.25,20,ONE_POINT,100,100,RANDOM,8
254,25500,86.5262942314148,57088,57093.58,0,0.4,0.25,20,ONE_POINT,100,100,RANDOM,8
255,25600,86.83486413955688,56885,56914.77,0,0.4,0.25,20,ONE_POINT,100,100,RANDOM,8
256,25700,87.19829559326172,56797,56802.18,0,0.4,0.25,20,ONE_POINT,100,100,RANDOM,8
257,25800,87.51185369491577,56750,56753.36,0,0.4,0.25,20,ONE_POINT,100,100,RANDOM,8
258,25900,87.82395195960999,56640,56650.21,0,0.4,0.25,20,ONE_POINT,100,100,RANDOM,8
259,26000,88.12821769714355,56536,56541.9,0,0.4,0.25,20,ONE_POINT,100,100,RANDOM,8
260,26100,88.4491605758667,56469,56506.88,0,0.4,0.25,20,ONE_POINT,100,100,RANDOM,8
261,26200,88.76046943664551,56275,56305.67,0,0.4,0.25,20,ONE_POINT,100,100,RANDOM,8
262,26300,89.18717527389526,56163,56168.6,0,0.4,0.25,20,ONE_POINT,100,100,RANDOM,8
263,26400,89.53197145462036,56051,56059.03,0,0.4,0.25,20,ONE_POINT,100,100,RANDOM,8
264,26500,89.85156917572021,55924,55945.08,0,0.4,0.25,20,ONE_POINT,100,100,RANDOM,8
265,26600,90.15510201454163,55821,55835.56,0,0.4,0.25,20,ONE_POINT,100,100,RANDOM,8
266,26700,90.47659039497375,55742,55758.39,0,0.4,0.25,20,ONE_POINT,100,100,RANDOM,8
267,26800,90.8993558883667,55627,55636.63,0,0.4,0.25,20,ONE_POINT,100,100,RANDOM,8
268,26900,91.27957797050476,55564,55573.28,0,0.4,0.25,20,ONE_POINT,100,100,RANDOM,8
269,27000,91.6353645324707,55454,55461.25,0,0.4,0.25,20,ONE_POINT,100,100,RANDOM,8
270,27100,91.97305917739868,55377,55398.85,0,0.4,0.25,20,ONE_POINT,100,100,RANDOM,8
271,27200,92.27359342575073,55299,55305.33,0,0.4,0.25,20,ONE_POINT,100,100,RANDOM,8
272,27300,92.63106036186218,55225,55242.56,0,0.4,0.25,20,ONE_POINT,100,100,RANDOM,8
273,27400,92.985524892807,55097,55104.14,0,0.4,0.25,20,ONE_POINT,100,100,RANDOM,8
274,27500,93.3131206035614,55022,55026.5,0,0.4,0.25,20,ONE_POINT,100,100,RANDOM,8
275,27600,93.67788624763489,54965,54967.85,0,0.4,0.25,20,ONE_POINT,100,100,RANDOM,8
276,27700,94.00902795791626,54869,54874.94,0,0.4,0.25,20,ONE_POINT,100,100,RANDOM,8
277,27800,94.31056237220764,54784,54797.48,0,0.4,0.25,20,ONE_POINT,100,100,RANDOM,8
278,27900,94.64543056488037,54614,54626.09,0,0.4,0.25,20,ONE_POINT,100,100,RANDOM,8
279,28000,94.97365403175354,54501,54512.94,0,0.4,0.25,20,ONE_POINT,100,100,RANDOM,8
280,28100,95.31545281410217,54389,54397.93,0,0.4,0.25,20,ONE_POINT,100,100,RANDOM,8
281,28200,95.64245104789734,54302,54308.02,0,0.4,0.25,20,ONE_POINT,100,100,RANDOM,8
282,28300,95.95818209648132,53913,53928.56,0,0.4,0.25,20,ONE_POINT,100,100,RANDOM,8
283,28400,96.32426571846008,53618,53665.69,0,0.4,0.25,20,ONE_POINT,100,100,RANDOM,8
284,28500,96.61667990684509,53501,53515.73,0,0.4,0.25,20,ONE_POINT,100,100,RANDOM,8
285,28600,96.96714115142822,53413,53421.8,0,0.4,0.25,20,ONE_POINT,100,100,RANDOM,8
286,28700,97.31365728378296,53302,53364.31,0,0.4,0.25,20,ONE_POINT,100,100,RANDOM,8
287,28800,97.65730571746826,53158,53255.28,0,0.4,0.25,20,ONE_POINT,100,100,RANDOM,8
288,28900,98.00476551055908,53072,53092.58,0,0.4,0.25,20,ONE_POINT,100,100,RANDOM,8
289,29000,98.34344816207886,52953,52962.93,0,0.4,0.25,20,ONE_POINT,100,100,RANDOM,8
290,29100,98.66339445114136,52858,52868.15,0,0.4,0.25,20,ONE_POINT,100,100,RANDOM,8
291,29200,99.00834584236145,52810,52821.33,0,0.4,0.25,20,ONE_POINT,100,100,RANDOM,8
292,29300,99.31776666641235,52707,52719.21,0,0.4,0.25,20,ONE_POINT,100,100,RANDOM,8
293,29400,99.60499715805054,52671,52673.83,0,0.4,0.25,20,ONE_POINT,100,100,RANDOM,8
294,29500,99.91888284683228,52531,52540.12,0,0.4,0.25,20,ONE_POINT,100,100,RANDOM,8
295,29600,100.24718165397644,52469,52501.11,0,0.4,0.25,20,ONE_POINT,100,100,RANDOM,8
296,29700,100.57880687713623,52422,52427.31,0,0.4,0.25,20,ONE_POINT,100,100,RANDOM,8
297,29800,100.92437386512756,52319,52325.11,0,0.4,0.25,20,ONE_POINT,100,100,RANDOM,8
298,29900,101.21833539009094,52176,52194.34,0,0.4,0.25,20,ONE_POINT,100,100,RANDOM,8
299,30000,101.5293755531311,52013,52024.56,0,0.4,0.25,20,ONE_POINT,100,100,RANDOM,8
300,30100,101.8579933643341,51963,52019.26,0,0.4,0.25,20,ONE_POINT,100,100,RANDOM,8
301,30200,102.20282912254333,51814,51832.49,0,0.4,0.25,20,ONE_POINT,100,100,RANDOM,8
302,30300,102.51568841934204,51639,51652.78,0,0.4,0.25,20,ONE_POINT,100,100,RANDOM,8
303,30400,102.8547351360321,51599,51638.65,0,0.4,0.25,20,ONE_POINT,100,100,RANDOM,8
304,30500,103.15085411071777,51427,51436.39,0,0.4,0.25,20,ONE_POINT,100,100,RANDOM,8
305,30600,103.48867011070251,51311,51318.24,0,0.4,0.25,20,ONE_POINT,100,100,RANDOM,8
306,30700,103.7978162765503,51193,51199.93,0,0.4,0.25,20,ONE_POINT,100,100,RANDOM,8
307,30800,104.11463904380798,51134,51155.22,0,0.4,0.25,20,ONE_POINT,100,100,RANDOM,8
308,30900,104.47067260742188,51037,51058.56,0,0.4,0.25,20,ONE_POINT,100,100,RANDOM,8
309,31000,104.77864217758179,50995,50999.74,0,0.4,0.25,20,ONE_POINT,100,100,RANDOM,8
310,31100,105.09527540206909,50795,50805.03,0,0.4,0.25,20,ONE_POINT,100,100,RANDOM,8
311,31200,105.42155337333679,50517,50528.33,0,0.4,0.25,20,ONE_POINT,100,100,RANDOM,8
312,31300,105.73341584205627,50373,50380.52,0,0.4,0.25,20,ONE_POINT,100,100,RANDOM,8
313,31400,106.04322695732117,50249,50256.44,0,0.4,0.25,20,ONE_POINT,100,100,RANDOM,8
314,31500,106.36302304267883,50096,50104.11,0,0.4,0.25,20,ONE_POINT,100,100,RANDOM,8
315,31600,106.68446850776672,49988,49994.5,0,0.4,0.25,20,ONE_POINT,100,100,RANDOM,8
316,31700,107.09263825416565,49955,49958.95,0,0.4,0.25,20,ONE_POINT,100,100,RANDOM,8
317,31800,107.44108700752258,49851,49857.24,0,0.4,0.25,20,ONE_POINT,100,100,RANDOM,8
318,31900,107.75028586387634,49754,49762.14,0,0.4,0.25,20,ONE_POINT,100,100,RANDOM,8
319,32000,108.1622986793518,49706,49715.14,0,0.4,0.25,20,ONE_POINT,100,100,RANDOM,8
320,32100,108.4548590183258,49605,49611.43,0,0.4,0.25,20,ONE_POINT,100,100,RANDOM,8
321,32200,108.76505851745605,49563,49565.52,0,0.4,0.25,20,ONE_POINT,100,100,RANDOM,8
322,32300,109.05914258956909,49437,49535.37,0,0.4,0.25,20,ONE_POINT,100,100,RANDOM,8
323,32400,109.41413688659668,49371,49424.25,0,0.4,0.25,20,ONE_POINT,100,100,RANDOM,8
324,32500,109.71362376213074,49351,49354.43,0,0.4,0.25,20,ONE_POINT,100,100,RANDOM,8
325,32600,110.04037261009216,49284,49331.34,0,0.4,0.25,20,ONE_POINT,100,100,RANDOM,8
326,32700,110.38580060005188,49273,49275.36,0,0.4,0.25,20,ONE_POINT,100,100,RANDOM,8
327,32800,110.70613384246826,49211,49218.17,0,0.4,0.25,20,ONE_POINT,100,100,RANDOM,8
328,32900,111.01935052871704,49102,49107.89,0,0.4,0.25,20,ONE_POINT,100,100,RANDOM,8
329,33000,111.31181526184082,49057,49060.19,0,0.4,0.25,20,ONE_POINT,100,100,RANDOM,8
330,33100,111.65016913414001,48967,48975.06,0,0.4,0.25,20,ONE_POINT,100,100,RANDOM,8
331,33200,111.96514821052551,48882,48891.01,0,0.4,0.25,20,ONE_POINT,100,100,RANDOM,8
332,33300,112.29186463356018,48851,48854.1,0,0.4,0.25,20,ONE_POINT,100,100,RANDOM,8
333,33400,112.60696768760681,48790,48806.11,0,0.4,0.25,20,ONE_POINT,100,100,RANDOM,8
334,33500,112.93280982971191,48740,48790.31,0,0.4,0.25,20,ONE_POINT,100,100,RANDOM,8
335,33600,113.23836588859558,48654,48675.14,0,0.4,0.25,20,ONE_POINT,100,100,RANDOM,8
336,33700,113.59107661247253,48616,48623.92,0,0.4,0.25,20,ONE_POINT,100,100,RANDOM,8
337,33800,113.88546061515808,48567,48571.3,0,0.4,0.25,20,ONE_POINT,100,100,RANDOM,8
338,33900,114.19002223014832,48537,48540.89,0,0.4,0.25,20,ONE_POINT,100,100,RANDOM,8
339,34000,114.51465511322021,48415,48420.63,0,0.4,0.25,20,ONE_POINT,100,100,RANDOM,8
340,34100,114.85738945007324,48364,48413.07,0,0.4,0.25,20,ONE_POINT,100,100,RANDOM,8
341,34200,115.15345454216003,48308,48313.57,0,0.4,0.25,20,ONE_POINT,100,100,RANDOM,8
342,34300,115.50132298469543,48251,48258.06,0,0.4,0.25,20,ONE_POINT,100,100,RANDOM,8
343,34400,115.87717390060425,48180,48186.81,0,0.4,0.25,20,ONE_POINT,100,100,RANDOM,8
344,34500,116.21440291404724,48172,48172.77,0,0.4,0.25,20,ONE_POINT,100,100,RANDOM,8
345,34600,116.5014967918396,48095,48107.95,0,0.4,0.25,20,ONE_POINT,100,100,RANDOM,8
346,34700,116.84315299987793,48057,48060.02,0,0.4,0.25,20,ONE_POINT,100,100,RANDOM,8
347,34800,117.16510391235352,47990,48006.82,0,0.4,0.25,20,ONE_POINT,100,100,RANDOM,8
348,34900,117.49617457389832,47897,47913.48,0,0.4,0.25,20,ONE_POINT,100,100,RANDOM,8
349,35000,117.79064655303955,47847,47944.16,0,0.4,0.25,20,ONE_POINT,100,100,RANDOM,8
350,35100,118.07938814163208,47734,47751.11,0,0.4,0.25,20,ONE_POINT,100,100,RANDOM,8
351,35200,118.40462899208069,47626,47639.98,0,0.4,0.25,20,ONE_POINT,100,100,RANDOM,8
352,35300,118.70623302459717,47572,47576.47,0,0.4,0.25,20,ONE_POINT,100,100,RANDOM,8
353,35400,119.05425381660461,47427,47445.68,0,0.4,0.25,20,ONE_POINT,100,100,RANDOM,8
354,35500,119.35765314102173,47401,47403.65,0,0.4,0.25,20,ONE_POINT,100,100,RANDOM,8
355,35600,119.68038201332092,47302,47308.2,0,0.4,0.25,20,ONE_POINT,100,100,RANDOM,8
356,35700,119.97988319396973,47229,47234.11,0,0.4,0.25,20,ONE_POINT,100,100,RANDOM,8
357,35800,120.30664682388306,47195,47197.72,0,0.4,0.25,20,ONE_POINT,100,100,RANDOM,8
358,35900,120.60207533836365,47154,47160.74,0,0.4,0.25,20,ONE_POINT,100,100,RANDOM,8
359,36000,120.97743606567383,47109,47204.8,0,0.4,0.25,20,ONE_POINT,100,100,RANDOM,8
360,36100,121.3032078742981,46998,47004.01,0,0.4,0.25,20,ONE_POINT,100,100,RANDOM,8
361,36200,121.61775922775269,46946,46950.67,0,0.4,0.25,20,ONE_POINT,100,100,RANDOM,8
362,36300,121.93197894096375,46863,46887.17,0,0.4,0.25,20,ONE_POINT,100,100,RANDOM,8
363,36400,122.25219130516052,46691,46700.43,0,0.4,0.25,20,ONE_POINT,100,100,RANDOM,8
364,36500,122.60702657699585,46606,46611.1,0,0.4,0.25,20,ONE_POINT,100,100,RANDOM,8
365,36600,122.95576190948486,46555,46573.43,0,0.4,0.25,20,ONE_POINT,100,100,RANDOM,8
366,36700,123.3031816482544,46512,46515.9,0,0.4,0.25,20,ONE_POINT,100,100,RANDOM,8
367,36800,123.62796878814697,46419,46425.2,0,0.4,0.25,20,ONE_POINT,100,100,RANDOM,8
368,36900,123.93655729293823,46394,46399.44,0,0.4,0.25,20,ONE_POINT,100,100,RANDOM,8
369,37000,124.23458504676819,46334,46337.86,0,0.4,0.25,20,ONE_POINT,100,100,RANDOM,8
370,37100,124.53900814056396,46301,46304.5,0,0.4,0.25,20,ONE_POINT,100,100,RANDOM,8
371,37200,124.86312556266785,46278,46280.36,0,0.4,0.25,20,ONE_POINT,100,100,RANDOM,8
372,37300,125.16145038604736,46200,46209.82,0,0.4,0.25,20,ONE_POINT,100,100,RANDOM,8
373,37400,125.45369148254395,46149,46206.98,0,0.4,0.25,20,ONE_POINT,100,100,RANDOM,8
374,37500,125.76788210868835,45903,45915.3,0,0.4,0.25,20,ONE_POINT,100,100,RANDOM,8
375,37600,126.0937352180481,45823,45829.05,0,0.4,0.25,20,ONE_POINT,100,100,RANDOM,8
376,37700,126.406489610672,45734,45739.31,0,0.4,0.25,20,ONE_POINT,100,100,RANDOM,8
377,37800,126.75331282615662,45689,45693.94,0,0.4,0.25,20,ONE_POINT,100,100,RANDOM,8
378,37900,127.09089517593384,45611,45616.21,0,0.4,0.25,20,ONE_POINT,100,100,RANDOM,8
379,38000,127.4181604385376,45519,45527.85,0,0.4,0.25,20,ONE_POINT,100,100,RANDOM,8
380,38100,127.7179160118103,45432,45445.3,0,0.4,0.25,20,ONE_POINT,100,100,RANDOM,8
381,38200,128.03648018836975,45393,45397.71,0,0.4,0.25,20,ONE_POINT,100,100,RANDOM,8
382,38300,128.33525943756104,45355,45366.53,0,0.4,0.25,20,ONE_POINT,100,100,RANDOM,8
383,38400,128.70245242118835,45109,45127.03,0,0.4,0.25,20,ONE_POINT,100,100,RANDOM,8
384,38500,129.02158188819885,45007,45108.62,0,0.4,0.25,20,ONE_POINT,100,100,RANDOM,8
385,38600,129.32205605506897,44943,44961.71,0,0.4,0.25,20,ONE_POINT,100,100,RANDOM,8
386,38700,129.62214946746826,44891,44895.71,0,0.4,0.25,20,ONE_POINT,100,100,RANDOM,8
387,38800,129.9481406211853,44871,44888.15,0,0.4,0.25,20,ONE_POINT,100,100,RANDOM,8
388,38900,130.34672904014587,44858,44862.31,0,0.4,0.25,20,ONE_POINT,100,100,RANDOM,8
389,39000,130.66954159736633,44818,44906.28,0,0.4,0.25,20,ONE_POINT,100,100,RANDOM,8
390,39100,131.027202129364,44780,44810.51,0,0.4,0.25,20,ONE_POINT,100,100,RANDOM,8
391,39200,131.33272910118103,44713,44791.88,0,0.4,0.25,20,ONE_POINT,100,100,RANDOM,8
392,39300,131.6305751800537,44623,44629.29,0,0.4,0.25,20,ONE_POINT,100,100,RANDOM,8
393,39400,131.95750379562378,44594,44597.53,0,0.4,0.25,20,ONE_POINT,100,100,RANDOM,8
394,39500,132.2911775112152,44559,44629.45,0,0.4,0.25,20,ONE_POINT,100,100,RANDOM,8
395,39600,132.6013798713684,44417,44429.53,0,0.4,0.25,20,ONE_POINT,100,100,RANDOM,8
396,39700,132.90471267700195,44311,44338.31,0,0.4,0.25,20,ONE_POINT,100,100,RANDOM,8
397,39800,133.20303583145142,44167,44182.58,0,0.4,0.25,20,ONE_POINT,100,100,RANDOM,8
398,39900,133.54299449920654,44053,44061.44,0,0.4,0.25,20,ONE_POINT,100,100,RANDOM,8
399,40000,133.83425855636597,43972,43991.23,0,0.4,0.25,20,ONE_POINT,100,100,RANDOM,8
400,40100,134.13564896583557,43936,43956.83,0,0.4,0.25,20,ONE_POINT,100,100,RANDOM,8
401,40200,134.46919655799866,43860,43870.5,0,0.4,0.25,20,ONE_POINT,100,100,RANDOM,8
402,40300,134.75664710998535,43836,43839.59,0,0.4,0.25,20,ONE_POINT,100,100,RANDOM,8
403,40400,135.1130609512329,43787,43801.29,0,0.4,0.25,20,ONE_POINT,100,100,RANDOM,8
404,40500,135.43441677093506,43719,43723.71,0,0.4,0.25,20,ONE_POINT,100,100,RANDOM,8
405,40600,135.74641370773315,43604,43610.9,0,0.4,0.25,20,ONE_POINT,100,100,RANDOM,8
406,40700,136.0732705593109,43564,43568.34,0,0.4,0.25,20,ONE_POINT,100,100,RANDOM,8
407,40800,136.36155104637146,43508,43512.48,0,0.4,0.25,20,ONE_POINT,100,100,RANDOM,8
408,40900,136.67391896247864,43462,43479.24,0,0.4,0.25,20,ONE_POINT,100,100,RANDOM,8
409,41000,136.9733862876892,43237,43260.13,0,0.4,0.25,20,ONE_POINT,100,100,RANDOM,8
410,41100,137.27765083312988,43172,43177.21,0,0.4,0.25,20,ONE_POINT,100,100,RANDOM,8
411,41200,137.61009216308594,43127,43290.95,0,0.4,0.25,20,ONE_POINT,100,100,RANDOM,8
412,41300,137.91678285598755,43050,43060.53,0,0.4,0.25,20,ONE_POINT,100,100,RANDOM,8
413,41400,138.21993160247803,43020,43024.26,0,0.4,0.25,20,ONE_POINT,100,100,RANDOM,8
414,41500,138.5164532661438,42988,42990.97,0,0.4,0.25,20,ONE_POINT,100,100,RANDOM,8
415,41600,138.8652184009552,42861,42955.45,0,0.4,0.25,20,ONE_POINT,100,100,RANDOM,8
416,41700,139.18613743782043,42807,42812.59,0,0.4,0.25,20,ONE_POINT,100,100,RANDOM,8
417,41800,139.47587633132935,42760,42767.53,0,0.4,0.25,20,ONE_POINT,100,100,RANDOM,8
418,41900,139.80568647384644,42715,42719.37,0,0.4,0.25,20,ONE_POINT,100,100,RANDOM,8
419,42000,140.09841060638428,42612,42630.59,0,0.4,0.25,20,ONE_POINT,100,100,RANDOM,8
420,42100,140.43660855293274,42592,42605.84,0,0.4,0.25,20,ONE_POINT,100,100,RANDOM,8
421,42200,140.75783705711365,42559,42608.28,0,0.4,0.25,20,ONE_POINT,100,100,RANDOM,8
422,42300,141.05336928367615,42484,42489.83,0,0.4,0.25,20,ONE_POINT,100,100,RANDOM,8
423,42400,141.35725665092468,42418,42471.22,0,0.4,0.25,20,ONE_POINT,100,100,RANDOM,8
424,42500,141.64680790901184,42388,42403.46,0,0.4,0.25,20,ONE_POINT,100,100,RANDOM,8
425,42600,141.98477339744568,42328,42339.98,0,0.4,0.25,20,ONE_POINT,100,100,RANDOM,8
426,42700,142.282874584198,42244,42257.47,0,0.4,0.25,20,ONE_POINT,100,100,RANDOM,8
427,42800,142.62220239639282,42202,42205.75,0,0.4,0.25,20,ONE_POINT,100,100,RANDOM,8
428,42900,142.91831803321838,42159,42161.76,0,0.4,0.25,20,ONE_POINT,100,100,RANDOM,8
429,43000,143.28434896469116,42114,42124.61,0,0.4,0.25,20,ONE_POINT,100,100,RANDOM,8
430,43100,143.59332013130188,42073,42079.66,0,0.4,0.25,20,ONE_POINT,100,100,RANDOM,8
431,43200,143.93538618087769,42020,42025.71,0,0.4,0.25,20,ONE_POINT,100,100,RANDOM,8
432,43300,144.25457906723022,41972,41979.93,0,0.4,0.25,20,ONE_POINT,100,100,RANDOM,8
433,43400,144.54107069969177,41908,41915.37,0,0.4,0.25,20,ONE_POINT,100,100,RANDOM,8
434,43500,144.8317265510559,41845,41850.02,0,0.4,0.25,20,ONE_POINT,100,100,RANDOM,8
435,43600,145.12954664230347,41805,41808.81,0,0.4,0.25,20,ONE_POINT,100,100,RANDOM,8
436,43700,145.44147062301636,41784,41786.95,0,0.4,0.25,20,ONE_POINT,100,100,RANDOM,8
437,43800,145.77604508399963,41739,41743.36,0,0.4,0.25,20,ONE_POINT,100,100,RANDOM,8
438,43900,146.10778212547302,41720,41731.95,0,0.4,0.25,20,ONE_POINT,100,100,RANDOM,8
439,44000,146.46127438545227,41647,41652.86,0,0.4,0.25,20,ONE_POINT,100,100,RANDOM,8
440,44100,146.7647659778595,41597,41603.58,0,0.4,0.25,20,ONE_POINT,100,100,RANDOM,8
441,44200,147.05232787132263,41535,41539.96,0,0.4,0.25,20,ONE_POINT,100,100,RANDOM,8
442,44300,147.4187548160553,41499,41513.73,0,0.4,0.25,20,ONE_POINT,100,100,RANDOM,8
443,44400,147.74612307548523,41436,41445.88,0,0.4,0.25,20,ONE_POINT,100,100,RANDOM,8
444,44500,148.07521796226501,41375,41395.79,0,0.4,0.25,20,ONE_POINT,100,100,RANDOM,8
445,44600,148.36610317230225,41307,41338.85,0,0.4,0.25,20,ONE_POINT,100,100,RANDOM,8
446,44700,148.66865968704224,41257,41262.68,0,0.4,0.25,20,ONE_POINT,100,100,RANDOM,8
447,44800,148.98089575767517,41185,41191.71,0,0.4,0.25,20,ONE_POINT,100,100,RANDOM,8
448,44900,149.29250717163086,41109,41119.6,0,0.4,0.25,20,ONE_POINT,100,100,RANDOM,8
449,45000,149.59976148605347,41081,41084.08,0,0.4,0.25,20,ONE_POINT,100,100,RANDOM,8
450,45100,149.92839884757996,41035,41047.68,0,0.4,0.25,20,ONE_POINT,100,100,RANDOM,8
451,45200,150.24774169921875,40973,40981.43,0,0.4,0.25,20,ONE_POINT,100,100,RANDOM,8
452,45300,150.5468761920929,40954,41155.74,0,0.4,0.25,20,ONE_POINT,100,100,RANDOM,8
453,45400,150.87761926651,40921,40944.95,0,0.4,0.25,20,ONE_POINT,100,100,RANDOM,8
454,45500,151.2420208454132,40887,40897.89,0,0.4,0.25,20,ONE_POINT,100,100,RANDOM,8
455,45600,151.55498671531677,40869,40873.93,0,0.4,0.25,20,ONE_POINT,100,100,RANDOM,8
456,45700,151.8566279411316,40835,40840.09,0,0.4,0.25,20,ONE_POINT,100,100,RANDOM,8
457,45800,152.17554998397827,40827,40829.72,0,0.4,0.25,20,ONE_POINT,100,100,RANDOM,8
458,45900,152.47410655021667,40745,40793.98,0,0.4,0.25,20,ONE_POINT,100,100,RANDOM,8
459,46000,152.7874550819397,40729,40772.23,0,0.4,0.25,20,ONE_POINT,100,100,RANDOM,8
460,46100,153.09140801429749,40667,40671.59,0,0.4,0.25,20,ONE_POINT,100,100,RANDOM,8
461,46200,153.4103865623474,40532,40590.34,0,0.4,0.25,20,ONE_POINT,100,100,RANDOM,8
462,46300,153.71295380592346,40502,40513.0,0,0.4,0.25,20,ONE_POINT,100,100,RANDOM,8
463,46400,154.0615804195404,40446,40456.61,0,0.4,0.25,20,ONE_POINT,100,100,RANDOM,8
464,46500,154.35492372512817,40412,40422.71,0,0.4,0.25,20,ONE_POINT,100,100,RANDOM,8
465,46600,154.6710159778595,40394,40396.75,0,0.4,0.25,20,ONE_POINT,100,100,RANDOM,8
466,46700,154.98128628730774,40331,40337.3,0,0.4,0.25,20,ONE_POINT,100,100,RANDOM,8
467,46800,155.2932391166687,40267,40283.05,0,0.4,0.25,20,ONE_POINT,100,100,RANDOM,8
468,46900,155.61467480659485,40235,40293.83,0,0.4,0.25,20,ONE_POINT,100,100,RANDOM,8
469,47000,155.92146968841553,40214,40225.1,0,0.4,0.25,20,ONE_POINT,100,100,RANDOM,8
470,47100,156.24448800086975,40139,40164.1,0,0.4,0.25,20,ONE_POINT,100,100,RANDOM,8
471,47200,156.55424809455872,40117,40166.79,0,0.4,0.25,20,ONE_POINT,100,100,RANDOM,8
472,47300,156.86489987373352,40075,40079.22,0,0.4,0.25,20,ONE_POINT,100,100,RANDOM,8
473,47400,157.1568305492401,40069,40081.04,0,0.4,0.25,20,ONE_POINT,100,100,RANDOM,8
474,47500,157.4553415775299,40001,40005.97,0,0.4,0.25,20,ONE_POINT,100,100,RANDOM,8
475,47600,157.77408051490784,39985,39988.62,0,0.4,0.25,20,ONE_POINT,100,100,RANDOM,8
476,47700,158.07170391082764,39944,39948.4,0,0.4,0.25,20,ONE_POINT,100,100,RANDOM,8
477,47800,158.3590521812439,39903,39910.73,0,0.4,0.25,20,ONE_POINT,100,100,RANDOM,8
478,47900,158.65116691589355,39878,39880.32,0,0.4,0.25,20,ONE_POINT,100,100,RANDOM,8
479,48000,158.95923137664795,39839,39843.06,0,0.4,0.25,20,ONE_POINT,100,100,RANDOM,8
480,48100,159.3041377067566,39825,39826.97,0,0.4,0.25,20,ONE_POINT,100,100,RANDOM,8
481,48200,159.60790348052979,39811,39813.89,0,0.4,0.25,20,ONE_POINT,100,100,RANDOM,8
482,48300,159.90807104110718,39763,39767.46,0,0.4,0.25,20,ONE_POINT,100,100,RANDOM,8
483,48400,160.2331087589264,39750,39753.27,0,0.4,0.25,20,ONE_POINT,100,100,RANDOM,8
484,48500,160.5488522052765,39692,39697.74,0,0.4,0.25,20,ONE_POINT,100,100,RANDOM,8
485,48600,160.8838152885437,39679,39683.76,0,0.4,0.25,20,ONE_POINT,100,100,RANDOM,8
486,48700,161.17081141471863,39641,39645.41,0,0.4,0.25,20,ONE_POINT,100,100,RANDOM,8
487,48800,161.46947479248047,39578,39583.17,0,0.4,0.25,20,ONE_POINT,100,100,RANDOM,8
488,48900,161.77917623519897,39567,39571.9,0,0.4,0.25,20,ONE_POINT,100,100,RANDOM,8
489,49000,162.07917189598083,39534,39627.02,0,0.4,0.25,20,ONE_POINT,100,100,RANDOM,8
490,49100,162.37562799453735,39500,39505.68,0,0.4,0.25,20,ONE_POINT,100,100,RANDOM,8
491,49200,162.66625833511353,39483,39486.46,0,0.4,0.25,20,ONE_POINT,100,100,RANDOM,8
492,49300,162.97838234901428,39435,39440.98,0,0.4,0.25,20,ONE_POINT,100,100,RANDOM,8
493,49400,163.28411769866943,39416,39424.14,0,0.4,0.25,20,ONE_POINT,100,100,RANDOM,8
494,49500,163.57392954826355,39339,39344.01,0,0.4,0.25,20,ONE_POINT,100,100,RANDOM,8
495,49600,163.8645784854889,39321,39341.07,0,0.4,0.25,20,ONE_POINT,100,100,RANDOM,8
496,49700,164.15216398239136,39272,39277.48,0,0.4,0.25,20,ONE_POINT,100,100,RANDOM,8
497,49800,164.4818365573883,39227,39263.02,0,0.4,0.25,20,ONE_POINT,100,100,RANDOM,8
498,49900,164.78856134414673,39115,39121.72,0,0.4,0.25,20,ONE_POINT,100,100,RANDOM,8
499,50000,165.099467754364,39093,39096.54,0,0.4,0.25,20,ONE_POINT,100,100,RANDOM,8
500,50100,165.39551424980164,39074,39080.66,0,0.4,0.25,20,ONE_POINT,100,100,RANDOM,8
1,200,0.22902297973632812,128615,128978.26,0,0.4,0.25,20,ONE_POINT,100,100,RANDOM,9
2,300,0.580324649810791,126456,126521.72,0,0.4,0.25,20,ONE_POINT,100,100,RANDOM,9
3,400,0.8973064422607422,125749,125763.44,0,0.4,0.25,20,ONE_POINT,100,100,RANDOM,9
4,500,1.2192203998565674,125132,125143.91,0,0.4,0.25,20,ONE_POINT,100,100,RANDOM,9
5,600,1.5413732528686523,124652,124661.58,0,0.4,0.25,20,ONE_POINT,100,100,RANDOM,9
6,700,1.859436273574829,123682,123699.56,0,0.4,0.25,20,ONE_POINT,100,100,RANDOM,9
7,800,2.182171583175659,123122,123133.46,0,0.4,0.25,20,ONE_POINT,100,100,RANDOM,9
8,900,2.501075506210327,122579,122595.29,0,0.4,0.25,20,ONE_POINT,100,100,RANDOM,9
9,1000,2.797123432159424,121659,121677.33,0,0.4,0.25,20,ONE_POINT,100,100,RANDOM,9
10,1100,3.0854146480560303,120773,120789.85,0,0.4,0.25,20,ONE_POINT,100,100,RANDOM,9
11,1200,3.4056594371795654,118762,118799.95,0,0.4,0.25,20,ONE_POINT,100,100,RANDOM,9
12,1300,3.7045865058898926,117280,117353.43,0,0.4,0.25,20,ONE_POINT,100,100,RANDOM,9
13,1400,3.989184617996216,116713,116827.4,0,0.4,0.25,20,ONE_POINT,100,100,RANDOM,9
14,1500,4.306410074234009,115403,115443.18,0,0.4,0.25,20,ONE_POINT,100,100,RANDOM,9
15,1600,4.61487340927124,114873,114892.81,0,0.4,0.25,20,ONE_POINT,100,100,RANDOM,9
16,1700,4.954342365264893,114434,114451.56,0,0.4,0.25,20,ONE_POINT,100,100,RANDOM,9
17,1800,5.264824390411377,113133,113161.78,0,0.4,0.25,20,ONE_POINT,100,100,RANDOM,9
18,1900,5.561733961105347,112741,112763.58,0,0.4,0.25,20,ONE_POINT,100,100,RANDOM,9
19,2000,5.866120338439941,112270,112293.65,0,0.4,0.25,20,ONE_POINT,100,100,RANDOM,9
20,2100,6.168571949005127,111681,111703.87,0,0.4,0.25,20,ONE_POINT,100,100,RANDOM,9
21,2200,6.474599361419678,111361,111373.66,0,0.4,0.25,20,ONE_POINT,100,100,RANDOM,9
22,2300,6.778781414031982,110747,110770.99,0,0.4,0.25,20,ONE_POINT,100,100,RANDOM,9
23,2400,7.083831787109375,110385,110399.48,0,0.4,0.25,20,ONE_POINT,100,100,RANDOM,9
24,2500,7.397284269332886,109958,109978.7,0,0.4,0.25,20,ONE_POINT,100,100,RANDOM,9
25,2600,7.686443567276001,109350,109375.38,0,0.4,0.25,20,ONE_POINT,100,100,RANDOM,9
26,2700,7.993510007858276,109148,109172.09,0,0.4,0.25,20,ONE_POINT,100,100,RANDOM,9
27,2800,8.315330982208252,108776,108790.42,0,0.4,0.25,20,ONE_POINT,100,100,RANDOM,9
28,2900,8.641817808151245,108318,108360.56,0,0.4,0.25,20,ONE_POINT,100,100,RANDOM,9
29,3000,8.972442150115967,108022,108042.99,0,0.4,0.25,20,ONE_POINT,100,100,RANDOM,9
30,3100,9.283353567123413,107687,107701.67,0,0.4,0.25,20,ONE_POINT,100,100,RANDOM,9
31,3200,9.613404273986816,107296,107307.73,0,0.4,0.25,20,ONE_POINT,100,100,RANDOM,9
32,3300,9.959434986114502,106847,106867.1,0,0.4,0.25,20,ONE_POINT,100,100,RANDOM,9
33,3400,10.31509280204773,106444,106463.89,0,0.4,0.25,20,ONE_POINT,100,100,RANDOM,9
34,3500,10.623503923416138,105934,105949.3,0,0.4,0.25,20,ONE_POINT,100,100,RANDOM,9
35,3600,10.929638385772705,105692,105700.24,0,0.4,0.25,20,ONE_POINT,100,100,RANDOM,9
36,3700,11.25761866569519,105249,105262.88,0,0.4,0.25,20,ONE_POINT,100,100,RANDOM,9
37,3800,11.575193166732788,104606,104618.86,0,0.4,0.25,20,ONE_POINT,100,100,RANDOM,9
38,3900,11.88607120513916,103898,103922.55,0,0.4,0.25,20,ONE_POINT,100,100,RANDOM,9
39,4000,12.19516372680664,103294,103325.24,0,0.4,0.25,20,ONE_POINT,100,100,RANDOM,9
40,4100,12.503321647644043,102899,102917.2,0,0.4,0.25,20,ONE_POINT,100,100,RANDOM,9
41,4200,12.8154935836792,102747,102753.2,0,0.4,0.25,20,ONE_POINT,100,100,RANDOM,9
42,4300,13.133082151412964,102511,102518.8,0,0.4,0.25,20,ONE_POINT,100,100,RANDOM,9
43,4400,13.43843936920166,102278,102286.27,0,0.4,0.25,20,ONE_POINT,100,100,RANDOM,9
44,4500,13.759557962417603,102126,102176.63,0,0.4,0.25,20,ONE_POINT,100,100,RANDOM,9
45,4600,14.096375465393066,101825,101836.99,0,0.4,0.25,20,ONE_POINT,100,100,RANDOM,9
46,4700,14.403487920761108,101521,101537.69,0,0.4,0.25,20,ONE_POINT,100,100,RANDOM,9
47,4800,14.712407112121582,101237,101248.36,0,0.4,0.25,20,ONE_POINT,100,100,RANDOM,9
48,4900,15.042531967163086,100571,100584.32,0,0.4,0.25,20,ONE_POINT,100,100,RANDOM,9
49,5000,15.332387685775757,100045,100065.25,0,0.4,0.25,20,ONE_POINT,100,100,RANDOM,9
50,5100,15.638647556304932,99832,99845.78,0,0.4,0.25,20,ONE_POINT,100,100,RANDOM,9
51,5200,15.974141836166382,99621,99627.33,0,0.4,0.25,20,ONE_POINT,100,100,RANDOM,9
52,5300,16.293920040130615,99397,99411.06,0,0.4,0.25,20,ONE_POINT,100,100,RANDOM,9
53,5400,16.617784023284912,99176,99185.22,0,0.4,0.25,20,ONE_POINT,100,100,RANDOM,9
54,5500,16.946433067321777,98803,98822.06,0,0.4,0.25,20,ONE_POINT,100,100,RANDOM,9
55,5600,17.29279851913452,98356,98370.38,0,0.4,0.25,20,ONE_POINT,100,100,RANDOM,9
56,5700,17.6277973651886,97915,97932.64,0,0.4,0.25,20,ONE_POINT,100,100,RANDOM,9
57,5800,17.91218066215515,97490,97507.72,0,0.4,0.25,20,ONE_POINT,100,100,RANDOM,9
58,5900,18.235137701034546,97155,97165.79,0,0.4,0.25,20,ONE_POINT,100,100,RANDOM,9
59,6000,18.54620909690857,96865,96872.61,0,0.4,0.25,20,ONE_POINT,100,100,RANDOM,9
60,6100,18.86204767227173,96235,96247.6,0,0.4,0.25,20,ONE_POINT,100,100,RANDOM,9
61,6200,19.15788960456848,96042,96054.11,0,0.4,0.25,20,ONE_POINT,100,100,RANDOM,9
62,6300,19.46105647087097,95583,95596.73,0,0.4,0.25,20,ONE_POINT,100,100,RANDOM,9
63,6400,19.764377117156982,95182,95191.56,0,0.4,0.25,20,ONE_POINT,100,100,RANDOM,9
64,6500,20.062453508377075,94819,94833.9,0,0.4,0.25,20,ONE_POINT,100,100,RANDOM,9
65,6600,20.404022693634033,94510,94522.9,0,0.4,0.25,20,ONE_POINT,100,100,RANDOM,9
66,6700,20.712872743606567,94173,94186.21,0,0.4,0.25,20,ONE_POINT,100,100,RANDOM,9
67,6800,21.015827894210815,93871,93877.04,0,0.4,0.25,20,ONE_POINT,100,100,RANDOM,9
68,6900,21.35884714126587,93422,93430.98,0,0.4,0.25,20,ONE_POINT,100,100,RANDOM,9
69,7000,21.664278507232666,93283,93294.78,0,0.4,0.25,20,ONE_POINT,100,100,RANDOM,9
70,7100,22.007876873016357,93032,93069.05,0,0.4,0.25,20,ONE_POINT,100,100,RANDOM,9
71,7200,22.320908546447754,92617,92650.95,0,0.4,0.25,20,ONE_POINT,100,100,RANDOM,9
72,7300,22.64275050163269,92196,92208.35,0,0.4,0.25,20,ONE_POINT,100,100,RANDOM,9
73,7400,22.949821949005127,91930,91937.77,0,0.4,0.25,20,ONE_POINT,100,100,RANDOM,9
74,7500,23.269606590270996,91528,91546.74,0,0.4,0.25,20,ONE_POINT,100,100,RANDOM,9
75,7600,23.604807376861572,91371,91377.28,0,0.4,0.25,20,ONE_POINT,100,100,RANDOM,9
76,7700,23.89477515220642,90990,91002.28,0,0.4,0.25,20,ONE_POINT,100,100,RANDOM,9
77,7800,24.224424600601196,90311,90324.58,0,0.4,0.25,20,ONE_POINT,100,100,RANDOM,9
78,7900,24.5100154876709,89873,89914.35,0,0.4,0.25,20,ONE_POINT,100,100,RANDOM,9
79,8000,24.803114652633667,89649,89658.05,0,0.4,0.25,20,ONE_POINT,100,100,RANDOM,9
80,8100,25.15237808227539,89290,89300.78,0,0.4,0.25,20,ONE_POINT,100,100,RANDOM,9
81,8200,25.483739376068115,89068,89076.88,0,0.4,0.25,20,ONE_POINT,100,100,RANDOM,9
82,8300,25.773173332214355,88330,88350.88,0,0.4,0.25,20,ONE_POINT,100,100,RANDOM,9
83,8400,26.09013080596924,87648,87662.14,0,0.4,0.25,20,ONE_POINT,100,100,RANDOM,9
84,8500,26.382111072540283,86979,86999.07,0,0.4,0.25,20,ONE_POINT,100,100,RANDOM,9
85,8600,26.67679786682129,86853,86860.56,0,0.4,0.25,20,ONE_POINT,100,100,RANDOM,9
86,8700,26.975063800811768,86609,86670.85,0,0.4,0.25,20,ONE_POINT,100,100,RANDOM,9
87,8800,27.264111042022705,86152,86165.71,0,0.4,0.25,20,ONE_POINT,100,100,RANDOM,9
88,8900,27.555114269256592,85578,85595.53,0,0.4,0.25,20,ONE_POINT,100,100,RANDOM,9
89,9000,27.88256072998047,85243,85314.61,0,0.4,0.25,20,ONE_POINT,100,100,RANDOM,9
90,9100,28.187979459762573,84820,84834.97,0,0.4,0.25,20,ONE_POINT,100,100,RANDOM,9
91,9200,28.49318218231201,84416,84428.09,0,0.4,0.25,20,ONE_POINT,100,100,RANDOM,9
92,9300,28.801207780838013,83979,83996.48,0,0.4,0.25,20,ONE_POINT,100,100,RANDOM,9
93,9400,29.10839867591858,83672,83694.72,0,0.4,0.25,20,ONE_POINT,100,100,RANDOM,9
94,9500,29.430935859680176,83082,83099.7,0,0.4,0.25,20,ONE_POINT,100,100,RANDOM,9
95,9600,29.716331720352173,82788,82804.03,0,0.4,0.25,20,ONE_POINT,100,100,RANDOM,9
96,9700,30.008140087127686,82606,82631.38,0,0.4,0.25,20,ONE_POINT,100,100,RANDOM,9
97,9800,30.325571537017822,82382,82479.2,0,0.4,0.25,20,ONE_POINT,100,100,RANDOM,9
98,9900,30.643089294433594,82302,82334.54,0,0.4,0.25,20,ONE_POINT,100,100,RANDOM,9
99,10000,30.95371127128601,82138,82144.2,0,0.4,0.25,20,ONE_POINT,100,100,RANDOM,9
100,10100,31.239245891571045,81904,81913.36,0,0.4,0.25,20,ONE_POINT,100,100,RANDOM,9
101,10200,31.576913118362427,81679,81684.83,0,0.4,0.25,20,ONE_POINT,100,100,RANDOM,9
102,10300,31.88378143310547,81523,81532.98,0,0.4,0.25,20,ONE_POINT,100,100,RANDOM,9
103,10400,32.257057666778564,81249,81261.43,0,0.4,0.25,20,ONE_POINT,100,100,RANDOM,9
104,10500,32.599127769470215,80960,80970.24,0,0.4,0.25,20,ONE_POINT,100,100,RANDOM,9
105,10600,32.92006993293762,80555,80594.49,0,0.4,0.25,20,ONE_POINT,100,100,RANDOM,9
106,10700,33.227133989334106,80370,80390.49,0,0.4,0.25,20,ONE_POINT,100,100,RANDOM,9
107,10800,33.53560662269592,79917,79954.77,0,0.4,0.25,20,ONE_POINT,100,100,RANDOM,9
108,10900,33.83747220039368,79741,79748.41,0,0.4,0.25,20,ONE_POINT,100,100,RANDOM,9
109,11000,34.157187938690186,79543,79549.17,0,0.4,0.25,20,ONE_POINT,100,100,RANDOM,9
110,11100,34.455700635910034,79309,79316.08,0,0.4,0.25,20,ONE_POINT,100,100,RANDOM,9
111,11200,34.74504542350769,79135,79141.96,0,0.4,0.25,20,ONE_POINT,100,100,RANDOM,9
112,11300,35.064420223236084,78989,78996.17,0,0.4,0.25,20,ONE_POINT,100,100,RANDOM,9
113,11400,35.37683606147766,78806,78818.35,0,0.4,0.25,20,ONE_POINT,100,100,RANDOM,9
114,11500,35.661498069763184,78417,78468.49,0,0.4,0.25,20,ONE_POINT,100,100,RANDOM,9
115,11600,35.97460651397705,78263,78267.07,0,0.4,0.25,20,ONE_POINT,100,100,RANDOM,9
116,11700,36.29565215110779,77818,77835.8,0,0.4,0.25,20,ONE_POINT,100,100,RANDOM,9
117,11800,36.589683055877686,77430,77437.78,0,0.4,0.25,20,ONE_POINT,100,100,RANDOM,9
118,11900,36.92407417297363,77280,77286.0,0,0.4,0.25,20,ONE_POINT,100,100,RANDOM,9
119,12000,37.26337289810181,76907,76920.32,0,0.4,0.25,20,ONE_POINT,100,100,RANDOM,9
120,12100,37.56074142456055,76751,76767.1,0,0.4,0.25,20,ONE_POINT,100,100,RANDOM,9
121,12200,37.85173296928406,76609,76616.1,0,0.4,0.25,20,ONE_POINT,100,100,RANDOM,9
122,12300,38.15964961051941,76333,76379.18,0,0.4,0.25,20,ONE_POINT,100,100,RANDOM,9
123,12400,38.49362826347351,76054,76062.37,0,0.4,0.25,20,ONE_POINT,100,100,RANDOM,9
124,12500,38.78509855270386,75751,75759.49,0,0.4,0.25,20,ONE_POINT,100,100,RANDOM,9
125,12600,39.119391441345215,75495,75507.89,0,0.4,0.25,20,ONE_POINT,100,100,RANDOM,9
126,12700,39.47645163536072,75260,75267.1,0,0.4,0.25,20,ONE_POINT,100,100,RANDOM,9
127,12800,39.76853132247925,75151,75170.71,0,0.4,0.25,20,ONE_POINT,100,100,RANDOM,9
128,12900,40.10816812515259,74935,74975.48,0,0.4,0.25,20,ONE_POINT,100,100,RANDOM,9
129,13000,40.40758013725281,74683,74695.08,0,0.4,0.25,20,ONE_POINT,100,100,RANDOM,9
130,13100,40.71147704124451,74606,74610.91,0,0.4,0.25,20,ONE_POINT,100,100,RANDOM,9
131,13200,41.082680463790894,74365,74388.81,0,0.4,0.25,20,ONE_POINT,100,100,RANDOM,9
132,13300,41.38319730758667,74055,74066.88,0,0.4,0.25,20,ONE_POINT,100,100,RANDOM,9
133,13400,41.69112181663513,73687,73701.72,0,0.4,0.25,20,ONE_POINT,100,100,RANDOM,9
134,13500,42.01131582260132,73350,73365.42,0,0.4,0.25,20,ONE_POINT,100,100,RANDOM,9
135,13600,42.31828689575195,73183,73190.0,0,0.4,0.25,20,ONE_POINT,100,100,RANDOM,9
136,13700,42.61484336853027,73006,73016.72,0,0.4,0.25,20,ONE_POINT,100,100,RANDOM,9
137,13800,42.92402195930481,72824,72834.3,0,0.4,0.25,20,ONE_POINT,100,100,RANDOM,9
138,13900,43.26192808151245,72549,72560.0,0,0.4,0.25,20,ONE_POINT,100,100,RANDOM,9
139,14000,43.596667528152466,72345,72360.05,0,0.4,0.25,20,ONE_POINT,100,100,RANDOM,9
140,14100,43.90114116668701,72134,72143.03,0,0.4,0.25,20,ONE_POINT,100,100,RANDOM,9
141,14200,44.1879358291626,71969,71975.63,0,0.4,0.25,20,ONE_POINT,100,100,RANDOM,9
142,14300,44.501023292541504,71725,71734.76,0,0.4,0.25,20,ONE_POINT,100,100,RANDOM,9
143,14400,44.846259355545044,71562,71572.46,0,0.4,0.25,20,ONE_POINT,100,100,RANDOM,9
144,14500,45.16307544708252,71407,71414.16,0,0.4,0.25,20,ONE_POINT,100,100,RANDOM,9
145,14600,45.51103901863098,71139,71149.75,0,0.4,0.25,20,ONE_POINT,100,100,RANDOM,9
146,14700,45.80573916435242,71003,71011.57,0,0.4,0.25,20,ONE_POINT,100,100,RANDOM,9
147,14800,46.09079313278198,70905,70936.29,0,0.4,0.25,20,ONE_POINT,100,100,RANDOM,9
148,14900,46.39032006263733,70713,70720.69,0,0.4,0.25,20,ONE_POINT,100,100,RANDOM,9
149,15000,46.72856020927429,70570,70587.09,0,0.4,0.25,20,ONE_POINT,100,100,RANDOM,9
150,15100,47.05135107040405,70437,70443.87,0,0.4,0.25,20,ONE_POINT,100,100,RANDOM,9
151,15200,47.38165235519409,70251,70258.18,0,0.4,0.25,20,ONE_POINT,100,100,RANDOM,9
152,15300,47.69186496734619,70104,70111.35,0,0.4,0.25,20,ONE_POINT,100,100,RANDOM,9
153,15400,48.01799774169922,70017,70048.44,0,0.4,0.25,20,ONE_POINT,100,100,RANDOM,9
154,15500,48.32489562034607,69948,69952.14,0,0.4,0.25,20,ONE_POINT,100,100,RANDOM,9
155,15600,48.6207001209259,69635,69647.45,0,0.4,0.25,20,ONE_POINT,100,100,RANDOM,9
156,15700,48.94202136993408,69494,69499.76,0,0.4,0.25,20,ONE_POINT,100,100,RANDOM,9
157,15800,49.2445867061615,69332,69369.34,0,0.4,0.25,20,ONE_POINT,100,100,RANDOM,9
158,15900,49.54588460922241,69192,69200.79,0,0.4,0.25,20,ONE_POINT,100,100,RANDOM,9
159,16000,49.88551354408264,68936,68948.21,0,0.4,0.25,20,ONE_POINT,100,100,RANDOM,9
160,16100,50.210137605667114,68781,68788.12,0,0.4,0.25,20,ONE_POINT,100,100,RANDOM,9
161,16200,50.49542284011841,68491,68502.5,0,0.4,0.25,20,ONE_POINT,100,100,RANDOM,9
162,16300,50.79165816307068,68406,68410.95,0,0.4,0.25,20,ONE_POINT,100,100,RANDOM,9
163,16400,51.101131200790405,68256,68262.0,0,0.4,0.25,20,ONE_POINT,100,100,RANDOM,9
164,16500,51.44848990440369,68105,68112.55,0,0.4,0.25,20,ONE_POINT,100,100,RANDOM,9
165,16600,51.74737191200256,67895,67914.18,0,0.4,0.25,20,ONE_POINT,100,100,RANDOM,9
166,16700,52.05583596229553,67770,67804.47,0,0.4,0.25,20,ONE_POINT,100,100,RANDOM,9
167,16800,52.373188734054565,67539,67581.51,0,0.4,0.25,20,ONE_POINT,100,100,RANDOM,9
168,16900,52.69803285598755,67225,67239.6,0,0.4,0.25,20,ONE_POINT,100,100,RANDOM,9
169,17000,53.00742506980896,67084,67098.4,0,0.4,0.25,20,ONE_POINT,100,100,RANDOM,9
170,17100,53.3204824924469,67010,67047.05,0,0.4,0.25,20,ONE_POINT,100,100,RANDOM,9
171,17200,53.60907816886902,66869,66925.8,0,0.4,0.25,20,ONE_POINT,100,100,RANDOM,9
172,17300,53.91929244995117,66820,66825.96,0,0.4,0.25,20,ONE_POINT,100,100,RANDOM,9
173,17400,54.2259202003479,66530,66554.45,0,0.4,0.25,20,ONE_POINT,100,100,RANDOM,9
174,17500,54.56676387786865,66459,66468.49,0,0.4,0.25,20,ONE_POINT,100,100,RANDOM,9
175,17600,54.884828090667725,66273,66282.3,0,0.4,0.25,20,ONE_POINT,100,100,RANDOM,9
176,17700,55.19490718841553,66060,66076.43,0,0.4,0.25,20,ONE_POINT,100,100,RANDOM,9
177,17800,55.51522397994995,65863,65870.88,0,0.4,0.25,20,ONE_POINT,100,100,RANDOM,9
178,17900,55.85317015647888,65568,65587.18,0,0.4,0.25,20,ONE_POINT,100,100,RANDOM,9
179,18000,56.16671681404114,65351,65362.6,0,0.4,0.25,20,ONE_POINT,100,100,RANDOM,9
180,18100,56.5819993019104,65282,65301.95,0,0.4,0.25,20,ONE_POINT,100,100,RANDOM,9
181,18200,56.89748454093933,65202,65206.96,0,0.4,0.25,20,ONE_POINT,100,100,RANDOM,9
182,18300,57.20078921318054,65090,65097.25,0,0.4,0.25,20,ONE_POINT,100,100,RANDOM,9
183,18400,57.59651970863342,64934,64954.13,0,0.4,0.25,20,ONE_POINT,100,100,RANDOM,9
184,18500,57.92677927017212,64609,64624.4,0,0.4,0.25,20,ONE_POINT,100,100,RANDOM,9
185,18600,58.240752935409546,64504,64509.03,0,0.4,0.25,20,ONE_POINT,100,100,RANDOM,9
186,18700,58.563485860824585,64397,64403.26,0,0.4,0.25,20,ONE_POINT,100,100,RANDOM,9
187,18800,58.91410303115845,64256,64374.77,0,0.4,0.25,20,ONE_POINT,100,100,RANDOM,9
188,18900,59.223783016204834,64133,64140.43,0,0.4,0.25,20,ONE_POINT,100,100,RANDOM,9
189,19000,59.56692290306091,64007,64013.3,0,0.4,0.25,20,ONE_POINT,100,100,RANDOM,9
190,19100,59.98536777496338,63888,63895.14,0,0.4,0.25,20,ONE_POINT,100,100,RANDOM,9
191,19200,60.39712452888489,63715,63721.31,0,0.4,0.25,20,ONE_POINT,100,100,RANDOM,9
192,19300,60.74938464164734,63586,63595.36,0,0.4,0.25,20,ONE_POINT,100,100,RANDOM,9
193,19400,61.06320881843567,63498,63504.18,0,0.4,0.25,20,ONE_POINT,100,100,RANDOM,9
194,19500,61.357375383377075,63361,63366.48,0,0.4,0.25,20,ONE_POINT,100,100,RANDOM,9
195,19600,61.65402698516846,63185,63196.75,0,0.4,0.25,20,ONE_POINT,100,100,RANDOM,9
196,19700,61.99939799308777,63083,63094.75,0,0.4,0.25,20,ONE_POINT,100,100,RANDOM,9
197,19800,62.387420654296875,62918,62924.48,0,0.4,0.25,20,ONE_POINT,100,100,RANDOM,9
198,19900,62.74963092803955,62743,62776.92,0,0.4,0.25,20,ONE_POINT,100,100,RANDOM,9
199,20000,63.0360586643219,62456,62484.02,0,0.4,0.25,20,ONE_POINT,100,100,RANDOM,9
200,20100,63.359381675720215,62290,62300.52,0,0.4,0.25,20,ONE_POINT,100,100,RANDOM,9
201,20200,63.68918561935425,62004,62016.19,0,0.4,0.25,20,ONE_POINT,100,100,RANDOM,9
202,20300,63.98336911201477,61909,61913.8,0,0.4,0.25,20,ONE_POINT,100,100,RANDOM,9
203,20400,64.29591536521912,61784,61811.03,0,0.4,0.25,20,ONE_POINT,100,100,RANDOM,9
204,20500,64.72943329811096,61426,61438.45,0,0.4,0.25,20,ONE_POINT,100,100,RANDOM,9
205,20600,65.09455394744873,61282,61289.79,0,0.4,0.25,20,ONE_POINT,100,100,RANDOM,9
206,20700,65.45334458351135,61176,61182.74,0,0.4,0.25,20,ONE_POINT,100,100,RANDOM,9
207,20800,65.76366114616394,61070,61088.47,0,0.4,0.25,20,ONE_POINT,100,100,RANDOM,9
208,20900,66.1151990890503,60931,60939.52,0,0.4,0.25,20,ONE_POINT,100,100,RANDOM,9
209,21000,66.45197200775146,60813,60827.65,0,0.4,0.25,20,ONE_POINT,100,100,RANDOM,9
210,21100,66.82499647140503,60659,60668.0,0,0.4,0.25,20,ONE_POINT,100,100,RANDOM,9
211,21200,67.12340593338013,60593,60597.94,0,0.4,0.25,20,ONE_POINT,100,100,RANDOM,9
212,21300,67.41218519210815,60494,60504.24,0,0.4,0.25,20,ONE_POINT,100,100,RANDOM,9
213,21400,67.7119996547699,60408,60416.47,0,0.4,0.25,20,ONE_POINT,100,100,RANDOM,9
214,21500,68.03161644935608,60311,60318.11,0,0.4,0.25,20,ONE_POINT,100,100,RANDOM,9
215,21600,68.39992165565491,60168,60175.98,0,0.4,0.25,20,ONE_POINT,100,100,RANDOM,9
216,21700,68.79170227050781,60080,60126.06,0,0.4,0.25,20,ONE_POINT,100,100,RANDOM,9
217,21800,69.1211404800415,59972,60003.96,0,0.4,0.25,20,ONE_POINT,100,100,RANDOM,9
218,21900,69.43063402175903,59892,59897.52,0,0.4,0.25,20,ONE_POINT,100,100,RANDOM,9
219,22000,69.75860023498535,59707,59714.89,0,0.4,0.25,20,ONE_POINT,100,100,RANDOM,9
220,22100,70.08763337135315,59588,59595.14,0,0.4,0.25,20,ONE_POINT,100,100,RANDOM,9
221,22200,70.42718076705933,59539,59542.94,0,0.4,0.25,20,ONE_POINT,100,100,RANDOM,9
222,22300,70.81110334396362,59457,59462.42,0,0.4,0.25,20,ONE_POINT,100,100,RANDOM,9
223,22400,71.12883448600769,59433,59435.19,0,0.4,0.25,20,ONE_POINT,100,100,RANDOM,9
224,22500,71.43490624427795,59368,59372.55,0,0.4,0.25,20,ONE_POINT,100,100,RANDOM,9
225,22600,71.76780652999878,59272,59278.16,0,0.4,0.25,20,ONE_POINT,100,100,RANDOM,9
226,22700,72.07241535186768,59116,59132.1,0,0.4,0.25,20,ONE_POINT,100,100,RANDOM,9
227,22800,72.3667676448822,58886,58896.76,0,0.4,0.25,20,ONE_POINT,100,100,RANDOM,9
228,22900,72.71388125419617,58743,58751.9,0,0.4,0.25,20,ONE_POINT,100,100,RANDOM,9
229,23000,73.00914406776428,58525,58537.74,0,0.4,0.25,20,ONE_POINT,100,100,RANDOM,9
230,23100,73.40907406806946,58389,58394.55,0,0.4,0.25,20,ONE_POINT,100,100,RANDOM,9
231,23200,73.73377561569214,58209,58216.23,0,0.4,0.25,20,ONE_POINT,100,100,RANDOM,9
232,23300,74.11060810089111,58144,58153.51,0,0.4,0.25,20,ONE_POINT,100,100,RANDOM,9
233,23400,74.49199914932251,58022,58028.96,0,0.4,0.25,20,ONE_POINT,100,100,RANDOM,9
234,23500,74.80565214157104,57947,57975.43,0,0.4,0.25,20,ONE_POINT,100,100,RANDOM,9
235,23600,75.10243558883667,57885,57892.17,0,0.4,0.25,20,ONE_POINT,100,100,RANDOM,9
236,23700,75.41993880271912,57744,57750.48,0,0.4,0.25,20,ONE_POINT,100,100,RANDOM,9
237,23800,75.72968292236328,57609,57625.99,0,0.4,0.25,20,ONE_POINT,100,100,RANDOM,9
238,23900,76.0202968120575,57404,57414.25,0,0.4,0.25,20,ONE_POINT,100,100,RANDOM,9
239,24000,76.357670545578,57318,57323.53,0,0.4,0.25,20,ONE_POINT,100,100,RANDOM,9
240,24100,76.64105224609375,57188,57210.8,0,0.4,0.25,20,ONE_POINT,100,100,RANDOM,9
241,24200,77.04524874687195,57100,57120.52,0,0.4,0.25,20,ONE_POINT,100,100,RANDOM,9
242,24300,77.4215018749237,57010,57039.37,0,0.4,0.25,20,ONE_POINT,100,100,RANDOM,9
243,24400,77.78720736503601,56940,56982.21,0,0.4,0.25,20,ONE_POINT,100,100,RANDOM,9
244,24500,78.07765626907349,56903,56917.89,0,0.4,0.25,20,ONE_POINT,100,100,RANDOM,9
245,24600,78.37209820747375,56840,56843.54,0,0.4,0.25,20,ONE_POINT,100,100,RANDOM,9
246,24700,78.71352553367615,56761,56767.53,0,0.4,0.25,20,ONE_POINT,100,100,RANDOM,9
247,24800,79.04940748214722,56699,56704.51,0,0.4,0.25,20,ONE_POINT,100,100,RANDOM,9
248,24900,79.38480019569397,56634,56659.94,0,0.4,0.25,20,ONE_POINT,100,100,RANDOM,9
249,25000,79.78681135177612,56474,56499.55,0,0.4,0.25,20,ONE_POINT,100,100,RANDOM,9
250,25100,80.1615891456604,56321,56331.57,0,0.4,0.25,20,ONE_POINT,100,100,RANDOM,9
251,25200,80.50064039230347,55986,56002.9,0,0.4,0.25,20,ONE_POINT,100,100,RANDOM,9
252,25300,80.87998247146606,55905,55909.86,0,0.4,0.25,20,ONE_POINT,100,100,RANDOM,9
253,25400,81.27002739906311,55757,55778.71,0,0.4,0.25,20,ONE_POINT,100,100,RANDOM,9
254,25500,81.63157057762146,55682,55685.95,0,0.4,0.25,20,ONE_POINT,100,100,RANDOM,9
255,25600,81.96829867362976,55589,55594.66,0,0.4,0.25,20,ONE_POINT,100,100,RANDOM,9
256,25700,82.28631663322449,55350,55365.27,0,0.4,0.25,20,ONE_POINT,100,100,RANDOM,9
257,25800,82.637775182724,55221,55228.74,0,0.4,0.25,20,ONE_POINT,100,100,RANDOM,9
258,25900,82.92334604263306,55097,55120.63,0,0.4,0.25,20,ONE_POINT,100,100,RANDOM,9
259,26000,83.29447674751282,54739,54753.32,0,0.4,0.25,20,ONE_POINT,100,100,RANDOM,9
260,26100,83.66059184074402,54647,54652.52,0,0.4,0.25,20,ONE_POINT,100,100,RANDOM,9
261,26200,83.97007274627686,54564,54571.19,0,0.4,0.25,20,ONE_POINT,100,100,RANDOM,9
262,26300,84.29936265945435,54426,54435.11,0,0.4,0.25,20,ONE_POINT,100,100,RANDOM,9
263,26400,84.5875141620636,54360,54370.71,0,0.4,0.25,20,ONE_POINT,100,100,RANDOM,9
264,26500,84.90182280540466,54313,54318.09,0,0.4,0.25,20,ONE_POINT,100,100,RANDOM,9
265,26600,85.20608592033386,54188,54194.37,0,0.4,0.25,20,ONE_POINT,100,100,RANDOM,9
266,26700,85.5037727355957,54069,54189.14,0,0.4,0.25,20,ONE_POINT,100,100,RANDOM,9
267,26800,85.855881690979,54007,54011.2,0,0.4,0.25,20,ONE_POINT,100,100,RANDOM,9
268,26900,86.18136668205261,53939,53946.41,0,0.4,0.25,20,ONE_POINT,100,100,RANDOM,9
269,27000,86.50091934204102,53873,53892.4,0,0.4,0.25,20,ONE_POINT,100,100,RANDOM,9
270,27100,86.83260297775269,53748,53756.29,0,0.4,0.25,20,ONE_POINT,100,100,RANDOM,9
271,27200,87.1205370426178,53621,53627.35,0,0.4,0.25,20,ONE_POINT,100,100,RANDOM,9
272,27300,87.44389462471008,53528,53533.38,0,0.4,0.25,20,ONE_POINT,100,100,RANDOM,9
273,27400,87.77632164955139,53432,53569.83,0,0.4,0.25,20,ONE_POINT,100,100,RANDOM,9
274,27500,88.09512376785278,53376,53388.12,0,0.4,0.25,20,ONE_POINT,100,100,RANDOM,9
275,27600,88.4159562587738,53041,53054.9,0,0.4,0.25,20,ONE_POINT,100,100,RANDOM,9
276,27700,88.73132562637329,52956,52970.86,0,0.4,0.25,20,ONE_POINT,100,100,RANDOM,9
277,27800,89.04113864898682,52902,52906.32,0,0.4,0.25,20,ONE_POINT,100,100,RANDOM,9
278,27900,89.35309982299805,52811,52818.82,0,0.4,0.25,20,ONE_POINT,100,100,RANDOM,9
279,28000,89.68262505531311,52679,52704.33,0,0.4,0.25,20,ONE_POINT,100,100,RANDOM,9
280,28100,90.02861142158508,52548,52554.55,0,0.4,0.25,20,ONE_POINT,100,100,RANDOM,9
281,28200,90.37609052658081,52479,52491.55,0,0.4,0.25,20,ONE_POINT,100,100,RANDOM,9
282,28300,90.68438744544983,52330,52351.98,0,0.4,0.25,20,ONE_POINT,100,100,RANDOM,9
283,28400,90.99954748153687,52217,52223.78,0,0.4,0.25,20,ONE_POINT,100,100,RANDOM,9
284,28500,91.28568148612976,52111,52122.34,0,0.4,0.25,20,ONE_POINT,100,100,RANDOM,9
285,28600,91.59500789642334,52015,52021.77,0,0.4,0.25,20,ONE_POINT,100,100,RANDOM,9
286,28700,91.94444584846497,51981,51985.69,0,0.4,0.25,20,ONE_POINT,100,100,RANDOM,9
287,28800,92.2613263130188,51917,51934.83,0,0.4,0.25,20,ONE_POINT,100,100,RANDOM,9
288,28900,92.55069780349731,51839,51845.4,0,0.4,0.25,20,ONE_POINT,100,100,RANDOM,9
289,29000,92.87316012382507,51792,51795.71,0,0.4,0.25,20,ONE_POINT,100,100,RANDOM,9
290,29100,93.15781211853027,51662,51671.12,0,0.4,0.25,20,ONE_POINT,100,100,RANDOM,9
291,29200,93.44448065757751,51581,51587.48,0,0.4,0.25,20,ONE_POINT,100,100,RANDOM,9
292,29300,93.74181270599365,51515,51529.5,0,0.4,0.25,20,ONE_POINT,100,100,RANDOM,9
293,29400,94.07399129867554,51440,51456.94,0,0.4,0.25,20,ONE_POINT,100,100,RANDOM,9
294,29500,94.3849287033081,51344,51348.99,0,0.4,0.25,20,ONE_POINT,100,100,RANDOM,9
295,29600,94.70571660995483,51268,51273.14,0,0.4,0.25,20,ONE_POINT,100,100,RANDOM,9
296,29700,94.99799275398254,51201,51207.12,0,0.4,0.25,20,ONE_POINT,100,100,RANDOM,9
297,29800,95.31251955032349,51132,51137.83,0,0.4,0.25,20,ONE_POINT,100,100,RANDOM,9
298,29900,95.60079622268677,51055,51061.46,0,0.4,0.25,20,ONE_POINT,100,100,RANDOM,9
299,30000,95.91149353981018,50868,50926.26,0,0.4,0.25,20,ONE_POINT,100,100,RANDOM,9
300,30100,96.25495600700378,50791,50796.02,0,0.4,0.25,20,ONE_POINT,100,100,RANDOM,9
301,30200,96.60080099105835,50735,50740.74,0,0.4,0.25,20,ONE_POINT,100,100,RANDOM,9
302,30300,96.88930034637451,50689,50696.7,0,0.4,0.25,20,ONE_POINT,100,100,RANDOM,9
303,30400,97.2323670387268,50647,50650.51,0,0.4,0.25,20,ONE_POINT,100,100,RANDOM,9
304,30500,97.55024075508118,50457,50469.62,0,0.4,0.25,20,ONE_POINT,100,100,RANDOM,9
305,30600,97.89740896224976,50347,50370.79,0,0.4,0.25,20,ONE_POINT,100,100,RANDOM,9
306,30700,98.1994960308075,50267,50275.06,0,0.4,0.25,20,ONE_POINT,100,100,RANDOM,9
307,30800,98.52599310874939,50215,50224.88,0,0.4,0.25,20,ONE_POINT,100,100,RANDOM,9
308,30900,98.84623122215271,50134,50299.46,0,0.4,0.25,20,ONE_POINT,100,100,RANDOM,9
309,31000,99.15586376190186,50103,50106.1,0,0.4,0.25,20,ONE_POINT,100,100,RANDOM,9
310,31100,99.45419645309448,50053,50060.2,0,0.4,0.25,20,ONE_POINT,100,100,RANDOM,9
311,31200,99.76726937294006,49992,50008.75,0,0.4,0.25,20,ONE_POINT,100,100,RANDOM,9
312,31300,100.0687985420227,49929,49934.91,0,0.4,0.25,20,ONE_POINT,100,100,RANDOM,9
313,31400,100.38162279129028,49874,49878.88,0,0.4,0.25,20,ONE_POINT,100,100,RANDOM,9
314,31500,100.67233610153198,49826,49906.33,0,0.4,0.25,20,ONE_POINT,100,100,RANDOM,9
315,31600,100.97180795669556,49808,49812.38,0,0.4,0.25,20,ONE_POINT,100,100,RANDOM,9
316,31700,101.30580234527588,49746,49751.65,0,0.4,0.25,20,ONE_POINT,100,100,RANDOM,9
317,31800,101.60408139228821,49691,49694.3,0,0.4,0.25,20,ONE_POINT,100,100,RANDOM,9
318,31900,101.9266586303711,49523,49536.68,0,0.4,0.25,20,ONE_POINT,100,100,RANDOM,9
319,32000,102.25347900390625,49506,49536.12,0,0.4,0.25,20,ONE_POINT,100,100,RANDOM,9
320,32100,102.558438539505,49456,49459.96,0,0.4,0.25,20,ONE_POINT,100,100,RANDOM,9
321,32200,102.85046815872192,49351,49356.79,0,0.4,0.25,20,ONE_POINT,100,100,RANDOM,9
322,32300,103.17410922050476,49305,49308.68,0,0.4,0.25,20,ONE_POINT,100,100,RANDOM,9
323,32400,103.46051836013794,49271,49274.93,0,0.4,0.25,20,ONE_POINT,100,100,RANDOM,9
324,32500,103.77687954902649,49196,49213.86,0,0.4,0.25,20,ONE_POINT,100,100,RANDOM,9
325,32600,104.08183884620667,49147,49157.63,0,0.4,0.25,20,ONE_POINT,100,100,RANDOM,9
326,32700,104.41596055030823,49071,49077.24,0,0.4,0.25,20,ONE_POINT,100,100,RANDOM,9
327,32800,104.72251296043396,49007,49062.98,0,0.4,0.25,20,ONE_POINT,100,100,RANDOM,9
328,32900,105.06399393081665,48911,48983.04,0,0.4,0.25,20,ONE_POINT,100,100,RANDOM,9
329,33000,105.35995841026306,48858,48870.65,0,0.4,0.25,20,ONE_POINT,100,100,RANDOM,9
330,33100,105.75131845474243,48824,48853.63,0,0.4,0.25,20,ONE_POINT,100,100,RANDOM,9
331,33200,106.08902502059937,48736,48745.05,0,0.4,0.25,20,ONE_POINT,100,100,RANDOM,9
332,33300,106.41239285469055,48673,48702.2,0,0.4,0.25,20,ONE_POINT,100,100,RANDOM,9
333,33400,106.72140645980835,48617,48625.1,0,0.4,0.25,20,ONE_POINT,100,100,RANDOM,9
334,33500,107.05700755119324,48566,48569.6,0,0.4,0.25,20,ONE_POINT,100,100,RANDOM,9
335,33600,107.37537145614624,48483,48492.91,0,0.4,0.25,20,ONE_POINT,100,100,RANDOM,9
336,33700,107.70019292831421,48405,48424.69,0,0.4,0.25,20,ONE_POINT,100,100,RANDOM,9
337,33800,108.07372236251831,48312,48318.14,0,0.4,0.25,20,ONE_POINT,100,100,RANDOM,9
338,33900,108.38921332359314,48244,48248.51,0,0.4,0.25,20,ONE_POINT,100,100,RANDOM,9
339,34000,108.73518991470337,47997,48015.36,0,0.4,0.25,20,ONE_POINT,100,100,RANDOM,9
340,34100,109.04621315002441,47951,47954.33,0,0.4,0.25,20,ONE_POINT,100,100,RANDOM,9
341,34200,109.35169982910156,47874,47879.39,0,0.4,0.25,20,ONE_POINT,100,100,RANDOM,9
342,34300,109.69605016708374,47823,47827.46,0,0.4,0.25,20,ONE_POINT,100,100,RANDOM,9
343,34400,110.01561188697815,47762,47765.79,0,0.4,0.25,20,ONE_POINT,100,100,RANDOM,9
344,34500,110.34443354606628,47713,47716.92,0,0.4,0.25,20,ONE_POINT,100,100,RANDOM,9
345,34600,110.72685956954956,47433,47461.78,0,0.4,0.25,20,ONE_POINT,100,100,RANDOM,9
346,34700,111.05047917366028,47383,47397.43,0,0.4,0.25,20,ONE_POINT,100,100,RANDOM,9
347,34800,111.38277387619019,47335,47345.42,0,0.4,0.25,20,ONE_POINT,100,100,RANDOM,9
348,34900,111.68332052230835,47283,47292.05,0,0.4,0.25,20,ONE_POINT,100,100,RANDOM,9
349,35000,112.01473712921143,47236,47240.39,0,0.4,0.25,20,ONE_POINT,100,100,RANDOM,9
350,35100,112.31399393081665,47222,47236.2,0,0.4,0.25,20,ONE_POINT,100,100,RANDOM,9
351,35200,112.60647416114807,47166,47170.11,0,0.4,0.25,20,ONE_POINT,100,100,RANDOM,9
352,35300,112.92531538009644,47127,47130.12,0,0.4,0.25,20,ONE_POINT,100,100,RANDOM,9
353,35400,113.22854661941528,47050,47058.69,0,0.4,0.25,20,ONE_POINT,100,100,RANDOM,9
354,35500,113.5649733543396,47027,47031.95,0,0.4,0.25,20,ONE_POINT,100,100,RANDOM,9
355,35600,113.86390042304993,46979,47157.79,0,0.4,0.25,20,ONE_POINT,100,100,RANDOM,9
356,35700,114.22275161743164,46909,46916.09,0,0.4,0.25,20,ONE_POINT,100,100,RANDOM,9
357,35800,114.59965777397156,46880,46884.16,0,0.4,0.25,20,ONE_POINT,100,100,RANDOM,9
358,35900,114.95127820968628,46791,46797.5,0,0.4,0.25,20,ONE_POINT,100,100,RANDOM,9
359,36000,115.25869798660278,46743,46754.37,0,0.4,0.25,20,ONE_POINT,100,100,RANDOM,9
360,36100,115.55895352363586,46673,46678.86,0,0.4,0.25,20,ONE_POINT,100,100,RANDOM,9
361,36200,115.87129044532776,46646,46649.38,0,0.4,0.25,20,ONE_POINT,100,100,RANDOM,9
362,36300,116.18647766113281,46576,46583.45,0,0.4,0.25,20,ONE_POINT,100,100,RANDOM,9
363,36400,116.51299810409546,46409,46420.38,0,0.4,0.25,20,ONE_POINT,100,100,RANDOM,9
364,36500,116.8660671710968,46376,46380.53,0,0.4,0.25,20,ONE_POINT,100,100,RANDOM,9
365,36600,117.23772835731506,46288,46293.36,0,0.4,0.25,20,ONE_POINT,100,100,RANDOM,9
366,36700,117.59065651893616,46188,46196.05,0,0.4,0.25,20,ONE_POINT,100,100,RANDOM,9
367,36800,117.92942976951599,46070,46077.68,0,0.4,0.25,20,ONE_POINT,100,100,RANDOM,9
368,36900,118.27026915550232,45970,45977.58,0,0.4,0.25,20,ONE_POINT,100,100,RANDOM,9
369,37000,118.61169528961182,45743,45796.22,0,0.4,0.25,20,ONE_POINT,100,100,RANDOM,9
370,37100,118.92933964729309,45692,45696.11,0,0.4,0.25,20,ONE_POINT,100,100,RANDOM,9
371,37200,119.25106358528137,45611,45621.98,0,0.4,0.25,20,ONE_POINT,100,100,RANDOM,9
372,37300,119.5392279624939,45589,45593.61,0,0.4,0.25,20,ONE_POINT,100,100,RANDOM,9
373,37400,119.87971138954163,45519,45524.12,0,0.4,0.25,20,ONE_POINT,100,100,RANDOM,9
374,37500,120.19514989852905,45475,45492.06,0,0.4,0.25,20,ONE_POINT,100,100,RANDOM,9
375,37600,120.50345945358276,45430,45436.47,0,0.4,0.25,20,ONE_POINT,100,100,RANDOM,9
376,37700,120.81055736541748,45374,45378.52,0,0.4,0.25,20,ONE_POINT,100,100,RANDOM,9
377,37800,121.12709879875183,45337,45340.7,0,0.4,0.25,20,ONE_POINT,100,100,RANDOM,9
378,37900,121.41498398780823,45251,45271.08,0,0.4,0.25,20,ONE_POINT,100,100,RANDOM,9
379,38000,121.78401398658752,45167,45173.74,0,0.4,0.25,20,ONE_POINT,100,100,RANDOM,9
380,38100,122.10914325714111,45082,45091.26,0,0.4,0.25,20,ONE_POINT,100,100,RANDOM,9
381,38200,122.42011952400208,45053,45057.4,0,0.4,0.25,20,ONE_POINT,100,100,RANDOM,9
382,38300,122.7180585861206,44985,44991.09,0,0.4,0.25,20,ONE_POINT,100,100,RANDOM,9
383,38400,123.03030443191528,44968,44970.07,0,0.4,0.25,20,ONE_POINT,100,100,RANDOM,9
384,38500,123.383544921875,44925,44936.34,0,0.4,0.25,20,ONE_POINT,100,100,RANDOM,9
385,38600,123.70067501068115,44826,44835.73,0,0.4,0.25,20,ONE_POINT,100,100,RANDOM,9
386,38700,124.01558637619019,44790,44792.59,0,0.4,0.25,20,ONE_POINT,100,100,RANDOM,9
387,38800,124.34426474571228,44754,44758.99,0,0.4,0.25,20,ONE_POINT,100,100,RANDOM,9
388,38900,124.67919564247131,44621,44629.43,0,0.4,0.25,20,ONE_POINT,100,100,RANDOM,9
389,39000,124.99487614631653,44575,44686.96,0,0.4,0.25,20,ONE_POINT,100,100,RANDOM,9
390,39100,125.29879808425903,44519,44523.45,0,0.4,0.25,20,ONE_POINT,100,100,RANDOM,9
391,39200,125.58851552009583,44504,44506.16,0,0.4,0.25,20,ONE_POINT,100,100,RANDOM,9
392,39300,125.87513899803162,44447,44460.82,0,0.4,0.25,20,ONE_POINT,100,100,RANDOM,9
393,39400,126.21859574317932,44405,44434.39,0,0.4,0.25,20,ONE_POINT,100,100,RANDOM,9
394,39500,126.59233546257019,44366,44368.76,0,0.4,0.25,20,ONE_POINT,100,100,RANDOM,9
395,39600,126.89961457252502,44328,44335.64,0,0.4,0.25,20,ONE_POINT,100,100,RANDOM,9
396,39700,127.22953510284424,44238,44244.92,0,0.4,0.25,20,ONE_POINT,100,100,RANDOM,9
397,39800,127.59220147132874,44179,44183.88,0,0.4,0.25,20,ONE_POINT,100,100,RANDOM,9
398,39900,127.97852039337158,44117,44157.55,0,0.4,0.25,20,ONE_POINT,100,100,RANDOM,9
399,40000,128.31856560707092,44113,44120.35,0,0.4,0.25,20,ONE_POINT,100,100,RANDOM,9
400,40100,128.62140369415283,44054,44059.97,0,0.4,0.25,20,ONE_POINT,100,100,RANDOM,9
401,40200,128.92661261558533,44023,44025.52,0,0.4,0.25,20,ONE_POINT,100,100,RANDOM,9
402,40300,129.2317705154419,43987,44000.78,0,0.4,0.25,20,ONE_POINT,100,100,RANDOM,9
403,40400,129.5705051422119,43954,43957.24,0,0.4,0.25,20,ONE_POINT,100,100,RANDOM,9
404,40500,129.89992761611938,43839,43845.38,0,0.4,0.25,20,ONE_POINT,100,100,RANDOM,9
405,40600,130.25461292266846,43768,43781.61,0,0.4,0.25,20,ONE_POINT,100,100,RANDOM,9
406,40700,130.5971601009369,43728,43733.71,0,0.4,0.25,20,ONE_POINT,100,100,RANDOM,9
407,40800,130.9204969406128,43697,43698.86,0,0.4,0.25,20,ONE_POINT,100,100,RANDOM,9
408,40900,131.30333638191223,43645,43655.41,0,0.4,0.25,20,ONE_POINT,100,100,RANDOM,9
409,41000,131.6316294670105,43566,43571.57,0,0.4,0.25,20,ONE_POINT,100,100,RANDOM,9
410,41100,131.97566676139832,43484,43492.0,0,0.4,0.25,20,ONE_POINT,100,100,RANDOM,9
411,41200,132.30587339401245,43436,43448.66,0,0.4,0.25,20,ONE_POINT,100,100,RANDOM,9
412,41300,132.61358451843262,43131,43147.65,0,0.4,0.25,20,ONE_POINT,100,100,RANDOM,9
413,41400,132.91161489486694,43091,43095.82,0,0.4,0.25,20,ONE_POINT,100,100,RANDOM,9
414,41500,133.21184396743774,43017,43022.86,0,0.4,0.25,20,ONE_POINT,100,100,RANDOM,9
415,41600,133.5383584499359,43008,43009.64,0,0.4,0.25,20,ONE_POINT,100,100,RANDOM,9
416,41700,133.8485381603241,42985,42987.48,0,0.4,0.25,20,ONE_POINT,100,100,RANDOM,9
417,41800,134.24732613563538,42912,42922.45,0,0.4,0.25,20,ONE_POINT,100,100,RANDOM,9
418,41900,134.54796504974365,42874,42876.68,0,0.4,0.25,20,ONE_POINT,100,100,RANDOM,9
419,42000,134.83577942848206,42826,42831.15,0,0.4,0.25,20,ONE_POINT,100,100,RANDOM,9
420,42100,135.1594226360321,42792,42799.27,0,0.4,0.25,20,ONE_POINT,100,100,RANDOM,9
421,42200,135.44537830352783,42759,42761.67,0,0.4,0.25,20,ONE_POINT,100,100,RANDOM,9
422,42300,135.77600717544556,42731,42736.11,0,0.4,0.25,20,ONE_POINT,100,100,RANDOM,9
423,42400,136.0675117969513,42661,42667.53,0,0.4,0.25,20,ONE_POINT,100,100,RANDOM,9
424,42500,136.40029335021973,42630,42638.22,0,0.4,0.25,20,ONE_POINT,100,100,RANDOM,9
425,42600,136.7106852531433,42513,42525.02,0,0.4,0.25,20,ONE_POINT,100,100,RANDOM,9
426,42700,137.00103092193604,42496,42509.27,0,0.4,0.25,20,ONE_POINT,100,100,RANDOM,9
427,42800,137.35144805908203,42443,42528.35,0,0.4,0.25,20,ONE_POINT,100,100,RANDOM,9
428,42900,137.65975666046143,42388,42395.89,0,0.4,0.25,20,ONE_POINT,100,100,RANDOM,9
429,43000,137.97101187705994,42272,42279.0,0,0.4,0.25,20,ONE_POINT,100,100,RANDOM,9
430,43100,138.289235830307,42231,42236.75,0,0.4,0.25,20,ONE_POINT,100,100,RANDOM,9
431,43200,138.59961533546448,42208,42210.26,0,0.4,0.25,20,ONE_POINT,100,100,RANDOM,9
432,43300,138.92103815078735,42147,42153.15,0,0.4,0.25,20,ONE_POINT,100,100,RANDOM,9
433,43400,139.2229506969452,42127,42130.36,0,0.4,0.25,20,ONE_POINT,100,100,RANDOM,9
434,43500,139.52080059051514,42005,42022.55,0,0.4,0.25,20,ONE_POINT,100,100,RANDOM,9
435,43600,139.83455634117126,41915,41920.4,0,0.4,0.25,20,ONE_POINT,100,100,RANDOM,9
436,43700,140.1384117603302,41895,41907.43,0,0.4,0.25,20,ONE_POINT,100,100,RANDOM,9
437,43800,140.47776246070862,41845,41851.44,0,0.4,0.25,20,ONE_POINT,100,100,RANDOM,9
438,43900,140.78028011322021,41819,41821.55,0,0.4,0.25,20,ONE_POINT,100,100,RANDOM,9
439,44000,141.1016902923584,41714,41729.02,0,0.4,0.25,20,ONE_POINT,100,100,RANDOM,9
440,44100,141.43332409858704,41651,41661.59,0,0.4,0.25,20,ONE_POINT,100,100,RANDOM,9
441,44200,141.71624541282654,41615,41618.87,0,0.4,0.25,20,ONE_POINT,100,100,RANDOM,9
442,44300,142.04809427261353,41575,41587.5,0,0.4,0.25,20,ONE_POINT,100,100,RANDOM,9
443,44400,142.3643138408661,41478,41492.35,0,0.4,0.25,20,ONE_POINT,100,100,RANDOM,9
444,44500,142.6880509853363,41215,41232.15,0,0.4,0.25,20,ONE_POINT,100,100,RANDOM,9
445,44600,143.02969646453857,41157,41162.39,0,0.4,0.25,20,ONE_POINT,100,100,RANDOM,9
446,44700,143.35080933570862,41100,41104.01,0,0.4,0.25,20,ONE_POINT,100,100,RANDOM,9
447,44800,143.64410161972046,41071,41076.6,0,0.4,0.25,20,ONE_POINT,100,100,RANDOM,9
448,44900,143.99508833885193,41031,41044.02,0,0.4,0.25,20,ONE_POINT,100,100,RANDOM,9
449,45000,144.29140996932983,41007,41019.55,0,0.4,0.25,20,ONE_POINT,100,100,RANDOM,9
450,45100,144.63596773147583,40951,40997.84,0,0.4,0.25,20,ONE_POINT,100,100,RANDOM,9
451,45200,144.92424273490906,40880,40897.17,0,0.4,0.25,20,ONE_POINT,100,100,RANDOM,9
452,45300,145.27762913703918,40859,40863.28,0,0.4,0.25,20,ONE_POINT,100,100,RANDOM,9
453,45400,145.60284948349,40814,40910.99,0,0.4,0.25,20,ONE_POINT,100,100,RANDOM,9
454,45500,145.94065356254578,40749,40752.9,0,0.4,0.25,20,ONE_POINT,100,100,RANDOM,9
455,45600,146.29223251342773,40681,40686.44,0,0.4,0.25,20,ONE_POINT,100,100,RANDOM,9
456,45700,146.59255385398865,40632,40644.92,0,0.4,0.25,20,ONE_POINT,100,100,RANDOM,9
457,45800,146.89249229431152,40603,40605.92,0,0.4,0.25,20,ONE_POINT,100,100,RANDOM,9
458,45900,147.21005725860596,40552,40564.15,0,0.4,0.25,20,ONE_POINT,100,100,RANDOM,9
459,46000,147.50385189056396,40500,40504.07,0,0.4,0.25,20,ONE_POINT,100,100,RANDOM,9
460,46100,147.80068588256836,40400,40406.05,0,0.4,0.25,20,ONE_POINT,100,100,RANDOM,9
461,46200,148.10476779937744,40347,40358.36,0,0.4,0.25,20,ONE_POINT,100,100,RANDOM,9
462,46300,148.39139485359192,40325,40327.68,0,0.4,0.25,20,ONE_POINT,100,100,RANDOM,9
463,46400,148.70526766777039,40296,40299.11,0,0.4,0.25,20,ONE_POINT,100,100,RANDOM,9
464,46500,149.0024516582489,40233,40238.78,0,0.4,0.25,20,ONE_POINT,100,100,RANDOM,9
465,46600,149.34650301933289,40228,40230.51,0,0.4,0.25,20,ONE_POINT,100,100,RANDOM,9
466,46700,149.65760970115662,40197,40200.86,0,0.4,0.25,20,ONE_POINT,100,100,RANDOM,9
467,46800,149.93962001800537,40171,40174.02,0,0.4,0.25,20,ONE_POINT,100,100,RANDOM,9
468,46900,150.25706553459167,40133,40134.52,0,0.4,0.25,20,ONE_POINT,100,100,RANDOM,9
469,47000,150.5821816921234,40078,40090.15,0,0.4,0.25,20,ONE_POINT,100,100,RANDOM,9
470,47100,150.87017583847046,39973,40047.47,0,0.4,0.25,20,ONE_POINT,100,100,RANDOM,9
471,47200,151.1975166797638,39960,40003.09,0,0.4,0.25,20,ONE_POINT,100,100,RANDOM,9
472,47300,151.533775806427,39919,39922.84,0,0.4,0.25,20,ONE_POINT,100,100,RANDOM,9
473,47400,151.8412013053894,39880,39884.87,0,0.4,0.25,20,ONE_POINT,100,100,RANDOM,9
474,47500,152.18221497535706,39830,39834.26,0,0.4,0.25,20,ONE_POINT,100,100,RANDOM,9
475,47600,152.4877851009369,39800,39807.23,0,0.4,0.25,20,ONE_POINT,100,100,RANDOM,9
476,47700,152.80052161216736,39762,39766.07,0,0.4,0.25,20,ONE_POINT,100,100,RANDOM,9
477,47800,153.1115427017212,39679,39683.98,0,0.4,0.25,20,ONE_POINT,100,100,RANDOM,9
478,47900,153.39647698402405,39590,39605.03,0,0.4,0.25,20,ONE_POINT,100,100,RANDOM,9
479,48000,153.72045826911926,39553,39612.98,0,0.4,0.25,20,ONE_POINT,100,100,RANDOM,9
480,48100,154.0453417301178,39534,39539.77,0,0.4,0.25,20,ONE_POINT,100,100,RANDOM,9
481,48200,154.34978699684143,39506,39512.42,0,0.4,0.25,20,ONE_POINT,100,100,RANDOM,9
482,48300,154.63972425460815,39457,39464.76,0,0.4,0.25,20,ONE_POINT,100,100,RANDOM,9
483,48400,154.9729950428009,39423,39427.57,0,0.4,0.25,20,ONE_POINT,100,100,RANDOM,9
484,48500,155.26781105995178,39397,39405.64,0,0.4,0.25,20,ONE_POINT,100,100,RANDOM,9
485,48600,155.56792521476746,39357,39364.08,0,0.4,0.25,20,ONE_POINT,100,100,RANDOM,9
486,48700,155.8721408843994,39343,39347.92,0,0.4,0.25,20,ONE_POINT,100,100,RANDOM,9
487,48800,156.17718362808228,39267,39280.86,0,0.4,0.25,20,ONE_POINT,100,100,RANDOM,9
488,48900,156.49711084365845,39247,39249.53,0,0.4,0.25,20,ONE_POINT,100,100,RANDOM,9
489,49000,156.78520369529724,39206,39213.85,0,0.4,0.25,20,ONE_POINT,100,100,RANDOM,9
490,49100,157.09176540374756,39196,39204.12,0,0.4,0.25,20,ONE_POINT,100,100,RANDOM,9
491,49200,157.4028081893921,39077,39084.14,0,0.4,0.25,20,ONE_POINT,100,100,RANDOM,9
492,49300,157.7165150642395,39037,39048.24,0,0.4,0.25,20,ONE_POINT,100,100,RANDOM,9
493,49400,158.0700740814209,38989,38992.84,0,0.4,0.25,20,ONE_POINT,100,100,RANDOM,9
494,49500,158.4357795715332,38958,38963.85,0,0.4,0.25,20,ONE_POINT,100,100,RANDOM,9
495,49600,158.8039345741272,38926,38928.9,0,0.4,0.25,20,ONE_POINT,100,100,RANDOM,9
496,49700,159.12191534042358,38913,38917.26,0,0.4,0.25,20,ONE_POINT,100,100,RANDOM,9
497,49800,159.469584941864,38883,38890.55,0,0.4,0.25,20,ONE_POINT,100,100,RANDOM,9
498,49900,159.790447473526,38863,39014.46,0,0.4,0.25,20,ONE_POINT,100,100,RANDOM,9
499,50000,160.09914541244507,38756,38767.28,0,0.4,0.25,20,ONE_POINT,100,100,RANDOM,9
500,50100,160.39810991287231,38745,38751.34,0,0.4,0.25,20,ONE_POINT,100,100,RANDOM,9
1,200,0.19446039199829102,131248,131783.11,0,0.4,0.25,20,ONE_POINT,100,100,RANDOM,10
2,300,0.5674862861633301,128891,129039.42,0,0.4,0.25,20,ONE_POINT,100,100,RANDOM,10
3,400,0.8673019409179688,125718,125780.7,0,0.4,0.25,20,ONE_POINT,100,100,RANDOM,10
4,500,1.2157402038574219,123028,123077.19,0,0.4,0.25,20,ONE_POINT,100,100,RANDOM,10
5,600,1.5291569232940674,122030,122049.92,0,0.4,0.25,20,ONE_POINT,100,100,RANDOM,10
6,700,1.838759422302246,120984,121026.04,0,0.4,0.25,20,ONE_POINT,100,100,RANDOM,10
7,800,2.1399142742156982,120428,120465.12,0,0.4,0.25,20,ONE_POINT,100,100,RANDOM,10
8,900,2.4679346084594727,119694,119722.44,0,0.4,0.25,20,ONE_POINT,100,100,RANDOM,10
9,1000,2.7829015254974365,119130,119152.56,0,0.4,0.25,20,ONE_POINT,100,100,RANDOM,10
10,1100,3.109395742416382,118294,118425.05,0,0.4,0.25,20,ONE_POINT,100,100,RANDOM,10
11,1200,3.4429214000701904,117663,117687.96,0,0.4,0.25,20,ONE_POINT,100,100,RANDOM,10
12,1300,3.7863001823425293,117070,117093.51,0,0.4,0.25,20,ONE_POINT,100,100,RANDOM,10
13,1400,4.074129581451416,115998,116040.67,0,0.4,0.25,20,ONE_POINT,100,100,RANDOM,10
14,1500,4.399879455566406,115144,115194.81,0,0.4,0.25,20,ONE_POINT,100,100,RANDOM,10
15,1600,4.691776275634766,114535,114584.7,0,0.4,0.25,20,ONE_POINT,100,100,RANDOM,10
16,1700,5.036106824874878,114026,114041.27,0,0.4,0.25,20,ONE_POINT,100,100,RANDOM,10
17,1800,5.337973356246948,113148,113171.57,0,0.4,0.25,20,ONE_POINT,100,100,RANDOM,10
18,1900,5.630749464035034,112737,112756.53,0,0.4,0.25,20,ONE_POINT,100,100,RANDOM,10
19,2000,5.979187726974487,112225,112264.5,0,0.4,0.25,20,ONE_POINT,100,100,RANDOM,10
20,2100,6.305059909820557,111872,111888.34,0,0.4,0.25,20,ONE_POINT,100,100,RANDOM,10
21,2200,6.598532199859619,111631,111647.68,0,0.4,0.25,20,ONE_POINT,100,100,RANDOM,10
22,2300,6.88753604888916,111449,111456.3,0,0.4,0.25,20,ONE_POINT,100,100,RANDOM,10
23,2400,7.2180445194244385,110806,110842.1,0,0.4,0.25,20,ONE_POINT,100,100,RANDOM,10
24,2500,7.553400039672852,110109,110141.84,0,0.4,0.25,20,ONE_POINT,100,100,RANDOM,10
25,2600,7.846991300582886,109149,109172.75,0,0.4,0.25,20,ONE_POINT,100,100,RANDOM,10
26,2700,8.174018383026123,108803,108816.84,0,0.4,0.25,20,ONE_POINT,100,100,RANDOM,10
27,2800,8.498055696487427,108253,108269.5,0,0.4,0.25,20,ONE_POINT,100,100,RANDOM,10
28,2900,8.798205614089966,107954,107967.79,0,0.4,0.25,20,ONE_POINT,100,100,RANDOM,10
29,3000,9.120212316513062,107334,107352.97,0,0.4,0.25,20,ONE_POINT,100,100,RANDOM,10
30,3100,9.428673028945923,107041,107052.45,0,0.4,0.25,20,ONE_POINT,100,100,RANDOM,10
31,3200,9.746567010879517,106846,106853.83,0,0.4,0.25,20,ONE_POINT,100,100,RANDOM,10
32,3300,10.065950393676758,106386,106401.4,0,0.4,0.25,20,ONE_POINT,100,100,RANDOM,10
33,3400,10.400502920150757,105871,105896.4,0,0.4,0.25,20,ONE_POINT,100,100,RANDOM,10
34,3500,10.741535425186157,105289,105325.91,0,0.4,0.25,20,ONE_POINT,100,100,RANDOM,10
35,3600,11.057194709777832,104819,104828.23,0,0.4,0.25,20,ONE_POINT,100,100,RANDOM,10
36,3700,11.358306646347046,104000,104015.41,0,0.4,0.25,20,ONE_POINT,100,100,RANDOM,10
37,3800,11.679879188537598,103560,103585.5,0,0.4,0.25,20,ONE_POINT,100,100,RANDOM,10
38,3900,11.972367286682129,103130,103152.04,0,0.4,0.25,20,ONE_POINT,100,100,RANDOM,10
39,4000,12.274453163146973,102740,102748.16,0,0.4,0.25,20,ONE_POINT,100,100,RANDOM,10
40,4100,12.618694067001343,102288,102301.12,0,0.4,0.25,20,ONE_POINT,100,100,RANDOM,10
41,4200,12.938666105270386,101856,101887.67,0,0.4,0.25,20,ONE_POINT,100,100,RANDOM,10
42,4300,13.23208737373352,100788,100837.08,0,0.4,0.25,20,ONE_POINT,100,100,RANDOM,10
43,4400,13.528199434280396,100171,100193.55,0,0.4,0.25,20,ONE_POINT,100,100,RANDOM,10
44,4500,13.81913161277771,99765,99775.8,0,0.4,0.25,20,ONE_POINT,100,100,RANDOM,10
45,4600,14.151769161224365,99437,99450.5,0,0.4,0.25,20,ONE_POINT,100,100,RANDOM,10
46,4700,14.461184740066528,99053,99068.7,0,0.4,0.25,20,ONE_POINT,100,100,RANDOM,10
47,4800,14.76462459564209,98695,98709.32,0,0.4,0.25,20,ONE_POINT,100,100,RANDOM,10
48,4900,15.068791151046753,98252,98269.72,0,0.4,0.25,20,ONE_POINT,100,100,RANDOM,10
49,5000,15.367609977722168,97460,97475.55,0,0.4,0.25,20,ONE_POINT,100,100,RANDOM,10
50,5100,15.7052640914917,97296,97302.56,0,0.4,0.25,20,ONE_POINT,100,100,RANDOM,10
51,5200,16.03744387626648,96900,96921.69,0,0.4,0.25,20,ONE_POINT,100,100,RANDOM,10
52,5300,16.34701442718506,96695,96702.89,0,0.4,0.25,20,ONE_POINT,100,100,RANDOM,10
53,5400,16.664144277572632,96531,96539.63,0,0.4,0.25,20,ONE_POINT,100,100,RANDOM,10
54,5500,16.977182865142822,96096,96109.05,0,0.4,0.25,20,ONE_POINT,100,100,RANDOM,10
55,5600,17.302432537078857,95987,95992.91,0,0.4,0.25,20,ONE_POINT,100,100,RANDOM,10
56,5700,17.621490240097046,95611,95622.43,0,0.4,0.25,20,ONE_POINT,100,100,RANDOM,10
57,5800,17.952348232269287,95349,95357.01,0,0.4,0.25,20,ONE_POINT,100,100,RANDOM,10
58,5900,18.292879104614258,95191,95195.92,0,0.4,0.25,20,ONE_POINT,100,100,RANDOM,10
59,6000,18.577632188796997,94735,94748.68,0,0.4,0.25,20,ONE_POINT,100,100,RANDOM,10
60,6100,18.87152862548828,94277,94286.16,0,0.4,0.25,20,ONE_POINT,100,100,RANDOM,10
61,6200,19.168631553649902,93971,93980.6,0,0.4,0.25,20,ONE_POINT,100,100,RANDOM,10
62,6300,19.477262258529663,93782,93790.21,0,0.4,0.25,20,ONE_POINT,100,100,RANDOM,10
63,6400,19.81026792526245,93434,93448.28,0,0.4,0.25,20,ONE_POINT,100,100,RANDOM,10
64,6500,20.11763334274292,92957,92977.54,0,0.4,0.25,20,ONE_POINT,100,100,RANDOM,10
65,6600,20.450889348983765,92741,92748.68,0,0.4,0.25,20,ONE_POINT,100,100,RANDOM,10
66,6700,20.790077209472656,92443,92481.07,0,0.4,0.25,20,ONE_POINT,100,100,RANDOM,10
67,6800,21.1395583152771,92180,92192.54,0,0.4,0.25,20,ONE_POINT,100,100,RANDOM,10
68,6900,21.517678260803223,91884,91948.01,0,0.4,0.25,20,ONE_POINT,100,100,RANDOM,10
69,7000,21.870800733566284,91616,91627.78,0,0.4,0.25,20,ONE_POINT,100,100,RANDOM,10
70,7100,22.227704286575317,91413,91433.02,0,0.4,0.25,20,ONE_POINT,100,100,RANDOM,10
71,7200,22.581505060195923,91092,91100.78,0,0.4,0.25,20,ONE_POINT,100,100,RANDOM,10
72,7300,22.91282081604004,90933,90951.15,0,0.4,0.25,20,ONE_POINT,100,100,RANDOM,10
73,7400,23.257583379745483,90424,90441.47,0,0.4,0.25,20,ONE_POINT,100,100,RANDOM,10
74,7500,23.58853816986084,90128,90155.64,0,0.4,0.25,20,ONE_POINT,100,100,RANDOM,10
75,7600,23.933252096176147,89752,89763.28,0,0.4,0.25,20,ONE_POINT,100,100,RANDOM,10
76,7700,24.222517251968384,89196,89226.57,0,0.4,0.25,20,ONE_POINT,100,100,RANDOM,10
77,7800,24.546759366989136,88950,88987.28,0,0.4,0.25,20,ONE_POINT,100,100,RANDOM,10
78,7900,24.850022792816162,88670,88678.4,0,0.4,0.25,20,ONE_POINT,100,100,RANDOM,10
79,8000,25.170321226119995,88312,88326.32,0,0.4,0.25,20,ONE_POINT,100,100,RANDOM,10
80,8100,25.487338542938232,87936,87950.72,0,0.4,0.25,20,ONE_POINT,100,100,RANDOM,10
81,8200,25.86349630355835,87738,87745.98,0,0.4,0.25,20,ONE_POINT,100,100,RANDOM,10
82,8300,26.23340654373169,87525,87533.52,0,0.4,0.25,20,ONE_POINT,100,100,RANDOM,10
83,8400,26.527400970458984,87184,87204.23,0,0.4,0.25,20,ONE_POINT,100,100,RANDOM,10
84,8500,26.859378337860107,86946,87001.86,0,0.4,0.25,20,ONE_POINT,100,100,RANDOM,10
85,8600,27.160215377807617,86537,86553.36,0,0.4,0.25,20,ONE_POINT,100,100,RANDOM,10
86,8700,27.4548659324646,86371,86391.31,0,0.4,0.25,20,ONE_POINT,100,100,RANDOM,10
87,8800,27.74213433265686,86177,86184.75,0,0.4,0.25,20,ONE_POINT,100,100,RANDOM,10
88,8900,28.029832363128662,85850,85859.24,0,0.4,0.25,20,ONE_POINT,100,100,RANDOM,10
89,9000,28.394904851913452,85730,85751.27,0,0.4,0.25,20,ONE_POINT,100,100,RANDOM,10
90,9100,28.726497411727905,85572,85578.32,0,0.4,0.25,20,ONE_POINT,100,100,RANDOM,10
91,9200,29.040780305862427,85357,85365.6,0,0.4,0.25,20,ONE_POINT,100,100,RANDOM,10
92,9300,29.344586849212646,85247,85252.11,0,0.4,0.25,20,ONE_POINT,100,100,RANDOM,10
93,9400,29.6683669090271,85022,85031.73,0,0.4,0.25,20,ONE_POINT,100,100,RANDOM,10
94,9500,29.955694675445557,84710,84770.69,0,0.4,0.25,20,ONE_POINT,100,100,RANDOM,10
95,9600,30.24247932434082,84258,84284.59,0,0.4,0.25,20,ONE_POINT,100,100,RANDOM,10
96,9700,30.557504177093506,84101,84114.34,0,0.4,0.25,20,ONE_POINT,100,100,RANDOM,10
97,9800,30.89775323867798,83722,83731.12,0,0.4,0.25,20,ONE_POINT,100,100,RANDOM,10
98,9900,31.223348140716553,83354,83364.41,0,0.4,0.25,20,ONE_POINT,100,100,RANDOM,10
99,10000,31.558358907699585,83105,83159.56,0,0.4,0.25,20,ONE_POINT,100,100,RANDOM,10
100,10100,31.898521184921265,82915,82922.65,0,0.4,0.25,20,ONE_POINT,100,100,RANDOM,10
101,10200,32.32370376586914,82746,82782.11,0,0.4,0.25,20,ONE_POINT,100,100,RANDOM,10
102,10300,32.6549768447876,82346,82376.58,0,0.4,0.25,20,ONE_POINT,100,100,RANDOM,10
103,10400,33.00377821922302,82228,82234.77,0,0.4,0.25,20,ONE_POINT,100,100,RANDOM,10
104,10500,33.35322546958923,82064,82070.35,0,0.4,0.25,20,ONE_POINT,100,100,RANDOM,10
105,10600,33.69494867324829,81731,81749.22,0,0.4,0.25,20,ONE_POINT,100,100,RANDOM,10
106,10700,34.06510639190674,81257,81270.53,0,0.4,0.25,20,ONE_POINT,100,100,RANDOM,10
107,10800,34.39817237854004,81060,81068.55,0,0.4,0.25,20,ONE_POINT,100,100,RANDOM,10
108,10900,34.7249493598938,80798,80819.97,0,0.4,0.25,20,ONE_POINT,100,100,RANDOM,10
109,11000,35.08701729774475,80683,80687.6,0,0.4,0.25,20,ONE_POINT,100,100,RANDOM,10
110,11100,35.45519471168518,80504,80529.44,0,0.4,0.25,20,ONE_POINT,100,100,RANDOM,10
111,11200,35.78850531578064,80159,80169.35,0,0.4,0.25,20,ONE_POINT,100,100,RANDOM,10
112,11300,36.12302041053772,79860,79912.95,0,0.4,0.25,20,ONE_POINT,100,100,RANDOM,10
113,11400,36.4727509021759,79505,79519.2,0,0.4,0.25,20,ONE_POINT,100,100,RANDOM,10
114,11500,36.820550203323364,79318,79324.19,0,0.4,0.25,20,ONE_POINT,100,100,RANDOM,10
115,11600,37.14276599884033,78893,78905.52,0,0.4,0.25,20,ONE_POINT,100,100,RANDOM,10
116,11700,37.51489496231079,78670,78682.84,0,0.4,0.25,20,ONE_POINT,100,100,RANDOM,10
117,11800,37.848849296569824,78313,78321.93,0,0.4,0.25,20,ONE_POINT,100,100,RANDOM,10
118,11900,38.170574426651,78168,78212.83,0,0.4,0.25,20,ONE_POINT,100,100,RANDOM,10
119,12000,38.46704912185669,78089,78190.06,0,0.4,0.25,20,ONE_POINT,100,100,RANDOM,10
120,12100,38.80679368972778,77986,77992.18,0,0.4,0.25,20,ONE_POINT,100,100,RANDOM,10
121,12200,39.17800831794739,77466,77486.8,0,0.4,0.25,20,ONE_POINT,100,100,RANDOM,10
122,12300,39.49206805229187,77350,77390.32,0,0.4,0.25,20,ONE_POINT,100,100,RANDOM,10
123,12400,39.804800033569336,77231,77239.19,0,0.4,0.25,20,ONE_POINT,100,100,RANDOM,10
124,12500,40.105642318725586,76982,77004.84,0,0.4,0.25,20,ONE_POINT,100,100,RANDOM,10
125,12600,40.39818716049194,76754,76763.12,0,0.4,0.25,20,ONE_POINT,100,100,RANDOM,10
126,12700,40.73268175125122,76100,76121.84,0,0.4,0.25,20,ONE_POINT,100,100,RANDOM,10
127,12800,41.02020263671875,75754,75763.88,0,0.4,0.25,20,ONE_POINT,100,100,RANDOM,10
128,12900,41.44869327545166,75510,75521.53,0,0.4,0.25,20,ONE_POINT,100,100,RANDOM,10
129,13000,41.779778242111206,75258,75293.59,0,0.4,0.25,20,ONE_POINT,100,100,RANDOM,10
130,13100,42.09710741043091,75061,75069.02,0,0.4,0.25,20,ONE_POINT,100,100,RANDOM,10
131,13200,42.50275731086731,74977,74986.34,0,0.4,0.25,20,ONE_POINT,100,100,RANDOM,10
132,13300,42.8400182723999,74784,74793.65,0,0.4,0.25,20,ONE_POINT,100,100,RANDOM,10
133,13400,43.14531874656677,74243,74261.16,0,0.4,0.25,20,ONE_POINT,100,100,RANDOM,10
134,13500,43.43465733528137,74070,74082.63,0,0.4,0.25,20,ONE_POINT,100,100,RANDOM,10
135,13600,43.80867075920105,73944,73950.74,0,0.4,0.25,20,ONE_POINT,100,100,RANDOM,10
136,13700,44.16057848930359,73784,73871.31,0,0.4,0.25,20,ONE_POINT,100,100,RANDOM,10
137,13800,44.47128701210022,73601,73608.83,0,0.4,0.25,20,ONE_POINT,100,100,RANDOM,10
138,13900,44.77407097816467,73485,73503.59,0,0.4,0.25,20,ONE_POINT,100,100,RANDOM,10
139,14000,45.11084175109863,73415,73471.69,0,0.4,0.25,20,ONE_POINT,100,100,RANDOM,10
140,14100,45.506312131881714,73194,73204.77,0,0.4,0.25,20,ONE_POINT,100,100,RANDOM,10
141,14200,45.884867429733276,73089,73093.9,0,0.4,0.25,20,ONE_POINT,100,100,RANDOM,10
142,14300,46.198554039001465,72934,72998.67,0,0.4,0.25,20,ONE_POINT,100,100,RANDOM,10
143,14400,46.55682611465454,72805,72811.46,0,0.4,0.25,20,ONE_POINT,100,100,RANDOM,10
144,14500,46.885093450546265,72664,72672.56,0,0.4,0.25,20,ONE_POINT,100,100,RANDOM,10
145,14600,47.265217304229736,72204,72275.09,0,0.4,0.25,20,ONE_POINT,100,100,RANDOM,10
146,14700,47.601927518844604,72023,72030.24,0,0.4,0.25,20,ONE_POINT,100,100,RANDOM,10
147,14800,47.91981077194214,71810,71822.99,0,0.4,0.25,20,ONE_POINT,100,100,RANDOM,10
148,14900,48.266907691955566,71485,71494.75,0,0.4,0.25,20,ONE_POINT,100,100,RANDOM,10
149,15000,48.59518885612488,71064,71076.01,0,0.4,0.25,20,ONE_POINT,100,100,RANDOM,10
150,15100,48.95748019218445,70877,70887.63,0,0.4,0.25,20,ONE_POINT,100,100,RANDOM,10
151,15200,49.314573526382446,70604,70614.92,0,0.4,0.25,20,ONE_POINT,100,100,RANDOM,10
152,15300,49.7125129699707,70402,70410.08,0,0.4,0.25,20,ONE_POINT,100,100,RANDOM,10
153,15400,50.050901651382446,70194,70202.32,0,0.4,0.25,20,ONE_POINT,100,100,RANDOM,10
154,15500,50.43309307098389,70054,70061.66,0,0.4,0.25,20,ONE_POINT,100,100,RANDOM,10
155,15600,50.78776478767395,69925,69936.19,0,0.4,0.25,20,ONE_POINT,100,100,RANDOM,10
156,15700,51.102744340896606,69712,69756.29,0,0.4,0.25,20,ONE_POINT,100,100,RANDOM,10
157,15800,51.40320086479187,69413,69426.38,0,0.4,0.25,20,ONE_POINT,100,100,RANDOM,10
158,15900,51.76889681816101,69191,69205.0,0,0.4,0.25,20,ONE_POINT,100,100,RANDOM,10
159,16000,52.08431911468506,69085,69117.55,0,0.4,0.25,20,ONE_POINT,100,100,RANDOM,10
160,16100,52.41874575614929,68813,68823.88,0,0.4,0.25,20,ONE_POINT,100,100,RANDOM,10
161,16200,52.76200580596924,68719,68724.84,0,0.4,0.25,20,ONE_POINT,100,100,RANDOM,10
162,16300,53.07504224777222,68418,68492.97,0,0.4,0.25,20,ONE_POINT,100,100,RANDOM,10
163,16400,53.48124551773071,68297,68304.62,0,0.4,0.25,20,ONE_POINT,100,100,RANDOM,10
164,16500,53.81203007698059,68141,68147.41,0,0.4,0.25,20,ONE_POINT,100,100,RANDOM,10
165,16600,54.24119305610657,67998,68003.53,0,0.4,0.25,20,ONE_POINT,100,100,RANDOM,10
166,16700,54.55352711677551,67821,67829.85,0,0.4,0.25,20,ONE_POINT,100,100,RANDOM,10
167,16800,54.86730694770813,67727,67732.92,0,0.4,0.25,20,ONE_POINT,100,100,RANDOM,10
168,16900,55.21752309799194,67534,67541.72,0,0.4,0.25,20,ONE_POINT,100,100,RANDOM,10
169,17000,55.615410804748535,67329,67341.49,0,0.4,0.25,20,ONE_POINT,100,100,RANDOM,10
170,17100,55.950332164764404,67055,67066.6,0,0.4,0.25,20,ONE_POINT,100,100,RANDOM,10
171,17200,56.26639366149902,66950,66955.13,0,0.4,0.25,20,ONE_POINT,100,100,RANDOM,10
172,17300,56.64620089530945,66895,66928.64,0,0.4,0.25,20,ONE_POINT,100,100,RANDOM,10
173,17400,56.9810848236084,66809,66831.21,0,0.4,0.25,20,ONE_POINT,100,100,RANDOM,10
174,17500,57.26583504676819,66576,66587.87,0,0.4,0.25,20,ONE_POINT,100,100,RANDOM,10
175,17600,57.58007764816284,66351,66367.53,0,0.4,0.25,20,ONE_POINT,100,100,RANDOM,10
176,17700,57.90607976913452,66036,66045.45,0,0.4,0.25,20,ONE_POINT,100,100,RANDOM,10
177,17800,58.30516576766968,65901,65911.59,0,0.4,0.25,20,ONE_POINT,100,100,RANDOM,10
178,17900,58.6138334274292,65783,65787.54,0,0.4,0.25,20,ONE_POINT,100,100,RANDOM,10
179,18000,58.92863130569458,65672,65678.73,0,0.4,0.25,20,ONE_POINT,100,100,RANDOM,10
180,18100,59.224361419677734,65557,65642.43,0,0.4,0.25,20,ONE_POINT,100,100,RANDOM,10
181,18200,59.5428729057312,65332,65423.27,0,0.4,0.25,20,ONE_POINT,100,100,RANDOM,10
182,18300,59.891124963760376,65199,65204.23,0,0.4,0.25,20,ONE_POINT,100,100,RANDOM,10
183,18400,60.177839517593384,65086,65096.73,0,0.4,0.25,20,ONE_POINT,100,100,RANDOM,10
184,18500,60.469996213912964,64813,64823.92,0,0.4,0.25,20,ONE_POINT,100,100,RANDOM,10
185,18600,60.75585913658142,64695,64705.08,0,0.4,0.25,20,ONE_POINT,100,100,RANDOM,10
186,18700,61.05933880805969,64595,64600.84,0,0.4,0.25,20,ONE_POINT,100,100,RANDOM,10
187,18800,61.39860701560974,64282,64291.64,0,0.4,0.25,20,ONE_POINT,100,100,RANDOM,10
188,18900,61.73613524436951,64183,64188.49,0,0.4,0.25,20,ONE_POINT,100,100,RANDOM,10
189,19000,62.12107801437378,64089,64108.55,0,0.4,0.25,20,ONE_POINT,100,100,RANDOM,10
190,19100,62.445658445358276,63988,63992.04,0,0.4,0.25,20,ONE_POINT,100,100,RANDOM,10
191,19200,62.755821228027344,63915,63919.6,0,0.4,0.25,20,ONE_POINT,100,100,RANDOM,10
192,19300,63.08227252960205,63792,63801.62,0,0.4,0.25,20,ONE_POINT,100,100,RANDOM,10
193,19400,63.3697292804718,63602,63609.6,0,0.4,0.25,20,ONE_POINT,100,100,RANDOM,10
194,19500,63.77697992324829,63457,63464.25,0,0.4,0.25,20,ONE_POINT,100,100,RANDOM,10
195,19600,64.09160089492798,63352,63358.97,0,0.4,0.25,20,ONE_POINT,100,100,RANDOM,10
196,19700,64.39802145957947,63180,63188.05,0,0.4,0.25,20,ONE_POINT,100,100,RANDOM,10
197,19800,64.71313142776489,63011,63079.37,0,0.4,0.25,20,ONE_POINT,100,100,RANDOM,10
198,19900,65.14043045043945,62877,62885.01,0,0.4,0.25,20,ONE_POINT,100,100,RANDOM,10
199,20000,65.49447298049927,62767,62772.21,0,0.4,0.25,20,ONE_POINT,100,100,RANDOM,10
200,20100,65.83978128433228,62519,62527.3,0,0.4,0.25,20,ONE_POINT,100,100,RANDOM,10
201,20200,66.1582579612732,62276,62285.0,0,0.4,0.25,20,ONE_POINT,100,100,RANDOM,10
202,20300,66.45563077926636,62128,62158.89,0,0.4,0.25,20,ONE_POINT,100,100,RANDOM,10
203,20400,66.90479803085327,62043,62052.31,0,0.4,0.25,20,ONE_POINT,100,100,RANDOM,10
204,20500,67.23823881149292,61901,61930.61,0,0.4,0.25,20,ONE_POINT,100,100,RANDOM,10
205,20600,67.59393835067749,61731,61740.92,0,0.4,0.25,20,ONE_POINT,100,100,RANDOM,10
206,20700,67.9246175289154,61595,61609.68,0,0.4,0.25,20,ONE_POINT,100,100,RANDOM,10
207,20800,68.25343227386475,61407,61417.76,0,0.4,0.25,20,ONE_POINT,100,100,RANDOM,10
208,20900,68.57005405426025,61176,61185.24,0,0.4,0.25,20,ONE_POINT,100,100,RANDOM,10
209,21000,68.94956588745117,61058,61063.45,0,0.4,0.25,20,ONE_POINT,100,100,RANDOM,10
210,21100,69.29807257652283,60921,60997.9,0,0.4,0.25,20,ONE_POINT,100,100,RANDOM,10
211,21200,69.64838123321533,60782,60804.93,0,0.4,0.25,20,ONE_POINT,100,100,RANDOM,10
212,21300,70.00587630271912,60570,60578.75,0,0.4,0.25,20,ONE_POINT,100,100,RANDOM,10
213,21400,70.34461879730225,60336,60345.83,0,0.4,0.25,20,ONE_POINT,100,100,RANDOM,10
214,21500,70.70575046539307,60182,60191.46,0,0.4,0.25,20,ONE_POINT,100,100,RANDOM,10
215,21600,71.0386712551117,60040,60047.1,0,0.4,0.25,20,ONE_POINT,100,100,RANDOM,10
216,21700,71.34843277931213,59872,59895.88,0,0.4,0.25,20,ONE_POINT,100,100,RANDOM,10
217,21800,71.68902683258057,59755,59759.68,0,0.4,0.25,20,ONE_POINT,100,100,RANDOM,10
218,21900,72.00507283210754,59665,59678.02,0,0.4,0.25,20,ONE_POINT,100,100,RANDOM,10
219,22000,72.29313468933105,59600,59611.7,0,0.4,0.25,20,ONE_POINT,100,100,RANDOM,10
220,22100,72.64891362190247,59468,59541.15,0,0.4,0.25,20,ONE_POINT,100,100,RANDOM,10
221,22200,73.00929999351501,59424,59427.77,0,0.4,0.25,20,ONE_POINT,100,100,RANDOM,10
222,22300,73.35491847991943,59290,59343.2,0,0.4,0.25,20,ONE_POINT,100,100,RANDOM,10
223,22400,73.67637872695923,59124,59135.3,0,0.4,0.25,20,ONE_POINT,100,100,RANDOM,10
224,22500,74.02175641059875,58960,58967.76,0,0.4,0.25,20,ONE_POINT,100,100,RANDOM,10
225,22600,74.3984751701355,58897,58901.8,0,0.4,0.25,20,ONE_POINT,100,100,RANDOM,10
226,22700,74.76766753196716,58643,58653.16,0,0.4,0.25,20,ONE_POINT,100,100,RANDOM,10
227,22800,75.09153342247009,58484,58493.01,0,0.4,0.25,20,ONE_POINT,100,100,RANDOM,10
228,22900,75.46905207633972,58347,58356.63,0,0.4,0.25,20,ONE_POINT,100,100,RANDOM,10
229,23000,75.80274748802185,58253,58258.05,0,0.4,0.25,20,ONE_POINT,100,100,RANDOM,10
230,23100,76.09627771377563,58220,58250.93,0,0.4,0.25,20,ONE_POINT,100,100,RANDOM,10
231,23200,76.46070504188538,57966,57977.65,0,0.4,0.25,20,ONE_POINT,100,100,RANDOM,10
232,23300,76.78360342979431,57870,57876.89,0,0.4,0.25,20,ONE_POINT,100,100,RANDOM,10
233,23400,77.16219997406006,57716,57723.47,0,0.4,0.25,20,ONE_POINT,100,100,RANDOM,10
234,23500,77.46485495567322,57650,57654.7,0,0.4,0.25,20,ONE_POINT,100,100,RANDOM,10
235,23600,77.76846528053284,57560,57566.61,0,0.4,0.25,20,ONE_POINT,100,100,RANDOM,10
236,23700,78.14682745933533,57466,57471.91,0,0.4,0.25,20,ONE_POINT,100,100,RANDOM,10
237,23800,78.4842312335968,57247,57259.24,0,0.4,0.25,20,ONE_POINT,100,100,RANDOM,10
238,23900,78.77750563621521,56981,56991.85,0,0.4,0.25,20,ONE_POINT,100,100,RANDOM,10
239,24000,79.10922074317932,56815,56824.31,0,0.4,0.25,20,ONE_POINT,100,100,RANDOM,10
240,24100,79.51864218711853,56671,56699.25,0,0.4,0.25,20,ONE_POINT,100,100,RANDOM,10
241,24200,79.86364126205444,56558,56564.45,0,0.4,0.25,20,ONE_POINT,100,100,RANDOM,10
242,24300,80.18415880203247,56394,56409.64,0,0.4,0.25,20,ONE_POINT,100,100,RANDOM,10
243,24400,80.49984073638916,56184,56219.24,0,0.4,0.25,20,ONE_POINT,100,100,RANDOM,10
244,24500,80.87956714630127,56013,56037.41,0,0.4,0.25,20,ONE_POINT,100,100,RANDOM,10
245,24600,81.19374370574951,55926,55932.06,0,0.4,0.25,20,ONE_POINT,100,100,RANDOM,10
246,24700,81.51331496238708,55793,55802.27,0,0.4,0.25,20,ONE_POINT,100,100,RANDOM,10
247,24800,81.80738425254822,55619,55627.7,0,0.4,0.25,20,ONE_POINT,100,100,RANDOM,10
248,24900,82.11715865135193,55568,55572.45,0,0.4,0.25,20,ONE_POINT,100,100,RANDOM,10
249,25000,82.40645337104797,55486,55491.73,0,0.4,0.25,20,ONE_POINT,100,100,RANDOM,10
250,25100,82.75143241882324,55354,55365.75,0,0.4,0.25,20,ONE_POINT,100,100,RANDOM,10
251,25200,83.0465567111969,55267,55272.22,0,0.4,0.25,20,ONE_POINT,100,100,RANDOM,10
252,25300,83.37335681915283,55127,55133.06,0,0.4,0.25,20,ONE_POINT,100,100,RANDOM,10
253,25400,83.74244713783264,54900,54915.74,0,0.4,0.25,20,ONE_POINT,100,100,RANDOM,10
254,25500,84.08148169517517,54783,54788.46,0,0.4,0.25,20,ONE_POINT,100,100,RANDOM,10
255,25600,84.40924787521362,54697,54739.8,0,0.4,0.25,20,ONE_POINT,100,100,RANDOM,10
256,25700,84.7441897392273,54597,54613.73,0,0.4,0.25,20,ONE_POINT,100,100,RANDOM,10
257,25800,85.04976034164429,54514,54518.57,0,0.4,0.25,20,ONE_POINT,100,100,RANDOM,10
258,25900,85.37568545341492,54358,54375.07,0,0.4,0.25,20,ONE_POINT,100,100,RANDOM,10
259,26000,85.68950867652893,54279,54302.64,0,0.4,0.25,20,ONE_POINT,100,100,RANDOM,10
260,26100,86.01362800598145,54202,54222.53,0,0.4,0.25,20,ONE_POINT,100,100,RANDOM,10
261,26200,86.32761716842651,54129,54134.11,0,0.4,0.25,20,ONE_POINT,100,100,RANDOM,10
262,26300,86.61797165870667,54014,54020.52,0,0.4,0.25,20,ONE_POINT,100,100,RANDOM,10
263,26400,86.92799139022827,53975,53986.91,0,0.4,0.25,20,ONE_POINT,100,100,RANDOM,10
264,26500,87.22158575057983,53804,53816.26,0,0.4,0.25,20,ONE_POINT,100,100,RANDOM,10
265,26600,87.54532837867737,53742,53746.99,0,0.4,0.25,20,ONE_POINT,100,100,RANDOM,10
266,26700,87.84648633003235,53671,53696.88,0,0.4,0.25,20,ONE_POINT,100,100,RANDOM,10
267,26800,88.18249487876892,53635,53638.23,0,0.4,0.25,20,ONE_POINT,100,100,RANDOM,10
268,26900,88.48877573013306,53547,53553.52,0,0.4,0.25,20,ONE_POINT,100,100,RANDOM,10
269,27000,88.77641773223877,53501,53507.98,0,0.4,0.25,20,ONE_POINT,100,100,RANDOM,10
270,27100,89.06592345237732,53426,53432.41,0,0.4,0.25,20,ONE_POINT,100,100,RANDOM,10
271,27200,89.35695481300354,53183,53197.86,0,0.4,0.25,20,ONE_POINT,100,100,RANDOM,10
272,27300,89.66954636573792,53055,53105.11,0,0.4,0.25,20,ONE_POINT,100,100,RANDOM,10
273,27400,89.9986526966095,52975,52997.82,0,0.4,0.25,20,ONE_POINT,100,100,RANDOM,10
274,27500,90.33318829536438,52920,52923.86,0,0.4,0.25,20,ONE_POINT,100,100,RANDOM,10
275,27600,90.66118717193604,52881,52884.76,0,0.4,0.25,20,ONE_POINT,100,100,RANDOM,10
276,27700,90.94867706298828,52782,52787.94,0,0.4,0.25,20,ONE_POINT,100,100,RANDOM,10
277,27800,91.2512059211731,52716,52722.49,0,0.4,0.25,20,ONE_POINT,100,100,RANDOM,10
278,27900,91.56996440887451,52645,52662.28,0,0.4,0.25,20,ONE_POINT,100,100,RANDOM,10
279,28000,91.86571741104126,52455,52465.15,0,0.4,0.25,20,ONE_POINT,100,100,RANDOM,10
280,28100,92.20083713531494,52376,52398.74,0,0.4,0.25,20,ONE_POINT,100,100,RANDOM,10
281,28200,92.53126454353333,52328,52330.76,0,0.4,0.25,20,ONE_POINT,100,100,RANDOM,10
282,28300,92.88902378082275,52258,52273.62,0,0.4,0.25,20,ONE_POINT,100,100,RANDOM,10
283,28400,93.17976593971252,52213,52217.48,0,0.4,0.25,20,ONE_POINT,100,100,RANDOM,10
284,28500,93.47985172271729,52178,52233.22,0,0.4,0.25,20,ONE_POINT,100,100,RANDOM,10
285,28600,93.78045725822449,52081,52087.17,0,0.4,0.25,20,ONE_POINT,100,100,RANDOM,10
286,28700,94.08184051513672,51976,51995.49,0,0.4,0.25,20,ONE_POINT,100,100,RANDOM,10
287,28800,94.37027549743652,51841,51849.1,0,0.4,0.25,20,ONE_POINT,100,100,RANDOM,10
288,28900,94.69436454772949,51793,51801.52,0,0.4,0.25,20,ONE_POINT,100,100,RANDOM,10
289,29000,94.99867343902588,51706,51712.09,0,0.4,0.25,20,ONE_POINT,100,100,RANDOM,10
290,29100,95.33353352546692,51565,51593.37,0,0.4,0.25,20,ONE_POINT,100,100,RANDOM,10
291,29200,95.63695335388184,51465,51493.44,0,0.4,0.25,20,ONE_POINT,100,100,RANDOM,10
292,29300,95.92679500579834,51385,51389.8,0,0.4,0.25,20,ONE_POINT,100,100,RANDOM,10
293,29400,96.23404240608215,51326,51334.8,0,0.4,0.25,20,ONE_POINT,100,100,RANDOM,10
294,29500,96.53304123878479,51171,51180.77,0,0.4,0.25,20,ONE_POINT,100,100,RANDOM,10
295,29600,96.82871842384338,51043,51050.28,0,0.4,0.25,20,ONE_POINT,100,100,RANDOM,10
296,29700,97.1837809085846,50953,50973.23,0,0.4,0.25,20,ONE_POINT,100,100,RANDOM,10
297,29800,97.50996041297913,50882,50888.58,0,0.4,0.25,20,ONE_POINT,100,100,RANDOM,10
298,29900,97.83955764770508,50778,50785.41,0,0.4,0.25,20,ONE_POINT,100,100,RANDOM,10
299,30000,98.16263222694397,50680,50686.09,0,0.4,0.25,20,ONE_POINT,100,100,RANDOM,10
300,30100,98.45773243904114,50582,50605.75,0,0.4,0.25,20,ONE_POINT,100,100,RANDOM,10
301,30200,98.75736403465271,50513,50531.55,0,0.4,0.25,20,ONE_POINT,100,100,RANDOM,10
302,30300,99.0693256855011,50420,50425.98,0,0.4,0.25,20,ONE_POINT,100,100,RANDOM,10
303,30400,99.39206600189209,50305,50319.76,0,0.4,0.25,20,ONE_POINT,100,100,RANDOM,10
304,30500,99.69096350669861,50217,50222.4,0,0.4,0.25,20,ONE_POINT,100,100,RANDOM,10
305,30600,100.01187825202942,50161,50166.19,0,0.4,0.25,20,ONE_POINT,100,100,RANDOM,10
306,30700,100.3146276473999,50011,50027.44,0,0.4,0.25,20,ONE_POINT,100,100,RANDOM,10
307,30800,100.6326253414154,49953,49957.4,0,0.4,0.25,20,ONE_POINT,100,100,RANDOM,10
308,30900,100.9427216053009,49932,49947.26,0,0.4,0.25,20,ONE_POINT,100,100,RANDOM,10
309,31000,101.23010087013245,49867,49874.54,0,0.4,0.25,20,ONE_POINT,100,100,RANDOM,10
310,31100,101.51435232162476,49792,49802.71,0,0.4,0.25,20,ONE_POINT,100,100,RANDOM,10
311,31200,101.8005383014679,49696,49710.9,0,0.4,0.25,20,ONE_POINT,100,100,RANDOM,10
312,31300,102.08642554283142,49575,49589.91,0,0.4,0.25,20,ONE_POINT,100,100,RANDOM,10
313,31400,102.52766752243042,49442,49464.73,0,0.4,0.25,20,ONE_POINT,100,100,RANDOM,10
314,31500,102.83865141868591,49410,49411.92,0,0.4,0.25,20,ONE_POINT,100,100,RANDOM,10
315,31600,103.12519240379333,49325,49333.08,0,0.4,0.25,20,ONE_POINT,100,100,RANDOM,10
316,31700,103.501216173172,49200,49221.83,0,0.4,0.25,20,ONE_POINT,100,100,RANDOM,10
317,31800,103.79186844825745,49077,49097.56,0,0.4,0.25,20,ONE_POINT,100,100,RANDOM,10
318,31900,104.1181571483612,48968,48974.54,0,0.4,0.25,20,ONE_POINT,100,100,RANDOM,10
319,32000,104.42936444282532,48813,48822.58,0,0.4,0.25,20,ONE_POINT,100,100,RANDOM,10
320,32100,104.7298936843872,48758,48762.4,0,0.4,0.25,20,ONE_POINT,100,100,RANDOM,10
321,32200,105.02542805671692,48698,48702.33,0,0.4,0.25,20,ONE_POINT,100,100,RANDOM,10
322,32300,105.37441658973694,48648,48655.98,0,0.4,0.25,20,ONE_POINT,100,100,RANDOM,10
323,32400,105.6693172454834,48565,48572.25,0,0.4,0.25,20,ONE_POINT,100,100,RANDOM,10
324,32500,105.97132349014282,48548,48553.99,0,0.4,0.25,20,ONE_POINT,100,100,RANDOM,10
325,32600,106.3009078502655,48493,48497.27,0,0.4,0.25,20,ONE_POINT,100,100,RANDOM,10
326,32700,106.64434671401978,48409,48413.01,0,0.4,0.25,20,ONE_POINT,100,100,RANDOM,10
327,32800,106.96493124961853,48285,48295.08,0,0.4,0.25,20,ONE_POINT,100,100,RANDOM,10
328,32900,107.28785800933838,48231,48234.49,0,0.4,0.25,20,ONE_POINT,100,100,RANDOM,10
329,33000,107.58449959754944,48196,48198.8,0,0.4,0.25,20,ONE_POINT,100,100,RANDOM,10
330,33100,107.87693214416504,48129,48140.44,0,0.4,0.25,20,ONE_POINT,100,100,RANDOM,10
331,33200,108.20783424377441,48037,48043.34,0,0.4,0.25,20,ONE_POINT,100,100,RANDOM,10
332,33300,108.51873564720154,47952,47969.95,0,0.4,0.25,20,ONE_POINT,100,100,RANDOM,10
333,33400,108.82554125785828,47916,47917.82,0,0.4,0.25,20,ONE_POINT,100,100,RANDOM,10
334,33500,109.13671946525574,47787,47792.16,0,0.4,0.25,20,ONE_POINT,100,100,RANDOM,10
335,33600,109.42737674713135,47684,47703.98,0,0.4,0.25,20,ONE_POINT,100,100,RANDOM,10
336,33700,109.75326371192932,47636,47641.35,0,0.4,0.25,20,ONE_POINT,100,100,RANDOM,10
337,33800,110.07349872589111,47523,47533.75,0,0.4,0.25,20,ONE_POINT,100,100,RANDOM,10
338,33900,110.4125247001648,47303,47311.26,0,0.4,0.25,20,ONE_POINT,100,100,RANDOM,10
339,34000,110.71604514122009,47264,47271.1,0,0.4,0.25,20,ONE_POINT,100,100,RANDOM,10
340,34100,111.00900912284851,47190,47194.65,0,0.4,0.25,20,ONE_POINT,100,100,RANDOM,10
341,34200,111.33414268493652,47115,47131.71,0,0.4,0.25,20,ONE_POINT,100,100,RANDOM,10
342,34300,111.64584422111511,47031,47037.78,0,0.4,0.25,20,ONE_POINT,100,100,RANDOM,10
343,34400,111.96965765953064,47013,47014.46,0,0.4,0.25,20,ONE_POINT,100,100,RANDOM,10
344,34500,112.27266001701355,46936,46974.88,0,0.4,0.25,20,ONE_POINT,100,100,RANDOM,10
345,34600,112.5790228843689,46807,46830.38,0,0.4,0.25,20,ONE_POINT,100,100,RANDOM,10
346,34700,112.9039216041565,46742,46755.66,0,0.4,0.25,20,ONE_POINT,100,100,RANDOM,10
347,34800,113.22458624839783,46639,46645.18,0,0.4,0.25,20,ONE_POINT,100,100,RANDOM,10
348,34900,113.53454613685608,46536,46540.12,0,0.4,0.25,20,ONE_POINT,100,100,RANDOM,10
349,35000,113.8761625289917,46458,46525.1,0,0.4,0.25,20,ONE_POINT,100,100,RANDOM,10
350,35100,114.1790554523468,46376,46386.05,0,0.4,0.25,20,ONE_POINT,100,100,RANDOM,10
351,35200,114.50278377532959,46309,46328.67,0,0.4,0.25,20,ONE_POINT,100,100,RANDOM,10
352,35300,114.82455897331238,46236,46256.55,0,0.4,0.25,20,ONE_POINT,100,100,RANDOM,10
353,35400,115.14571499824524,46165,46170.73,0,0.4,0.25,20,ONE_POINT,100,100,RANDOM,10
354,35500,115.46637415885925,46042,46081.98,0,0.4,0.25,20,ONE_POINT,100,100,RANDOM,10
355,35600,115.83075547218323,45946,45961.65,0,0.4,0.25,20,ONE_POINT,100,100,RANDOM,10
356,35700,116.1368420124054,45858,45863.4,0,0.4,0.25,20,ONE_POINT,100,100,RANDOM,10
357,35800,116.45104646682739,45788,45807.98,0,0.4,0.25,20,ONE_POINT,100,100,RANDOM,10
358,35900,116.7755057811737,45684,45702.47,0,0.4,0.25,20,ONE_POINT,100,100,RANDOM,10
359,36000,117.09987211227417,45633,45637.05,0,0.4,0.25,20,ONE_POINT,100,100,RANDOM,10
360,36100,117.43619561195374,45607,45610.16,0,0.4,0.25,20,ONE_POINT,100,100,RANDOM,10
361,36200,117.77742338180542,45554,45558.72,0,0.4,0.25,20,ONE_POINT,100,100,RANDOM,10
362,36300,118.12902331352234,45501,45530.42,0,0.4,0.25,20,ONE_POINT,100,100,RANDOM,10
363,36400,118.47116708755493,45446,45526.0,0,0.4,0.25,20,ONE_POINT,100,100,RANDOM,10
364,36500,118.79925417900085,45416,45419.64,0,0.4,0.25,20,ONE_POINT,100,100,RANDOM,10
365,36600,119.13660454750061,45373,45377.13,0,0.4,0.25,20,ONE_POINT,100,100,RANDOM,10
366,36700,119.44339871406555,45309,45313.63,0,0.4,0.25,20,ONE_POINT,100,100,RANDOM,10
367,36800,119.7270736694336,45232,45238.67,0,0.4,0.25,20,ONE_POINT,100,100,RANDOM,10
368,36900,120.08646988868713,45103,45125.66,0,0.4,0.25,20,ONE_POINT,100,100,RANDOM,10
369,37000,120.38488101959229,45004,45010.47,0,0.4,0.25,20,ONE_POINT,100,100,RANDOM,10
370,37100,120.67502474784851,44865,44875.5,0,0.4,0.25,20,ONE_POINT,100,100,RANDOM,10
371,37200,120.99068832397461,44799,44806.62,0,0.4,0.25,20,ONE_POINT,100,100,RANDOM,10
372,37300,121.27862024307251,44738,44767.29,0,0.4,0.25,20,ONE_POINT,100,100,RANDOM,10
373,37400,121.61398458480835,44646,44652.13,0,0.4,0.25,20,ONE_POINT,100,100,RANDOM,10
374,37500,121.90365481376648,44589,44600.83,0,0.4,0.25,20,ONE_POINT,100,100,RANDOM,10
375,37600,122.21262860298157,44565,44572.83,0,0.4,0.25,20,ONE_POINT,100,100,RANDOM,10
376,37700,122.51788783073425,44514,44519.17,0,0.4,0.25,20,ONE_POINT,100,100,RANDOM,10
377,37800,122.85988116264343,44436,44442.58,0,0.4,0.25,20,ONE_POINT,100,100,RANDOM,10
378,37900,123.1494607925415,44365,44377.58,0,0.4,0.25,20,ONE_POINT,100,100,RANDOM,10
379,38000,123.44599676132202,44346,44349.92,0,0.4,0.25,20,ONE_POINT,100,100,RANDOM,10
380,38100,123.73642182350159,44322,44325.77,0,0.4,0.25,20,ONE_POINT,100,100,RANDOM,10
381,38200,124.06388425827026,44280,44285.98,0,0.4,0.25,20,ONE_POINT,100,100,RANDOM,10
382,38300,124.3682279586792,44202,44207.02,0,0.4,0.25,20,ONE_POINT,100,100,RANDOM,10
383,38400,124.66857862472534,44158,44217.08,0,0.4,0.25,20,ONE_POINT,100,100,RANDOM,10
384,38500,124.96504330635071,44106,44110.6,0,0.4,0.25,20,ONE_POINT,100,100,RANDOM,10
385,38600,125.27800107002258,44059,44070.82,0,0.4,0.25,20,ONE_POINT,100,100,RANDOM,10
386,38700,125.57617449760437,44002,44038.9,0,0.4,0.25,20,ONE_POINT,100,100,RANDOM,10
387,38800,125.86121654510498,43940,43955.78,0,0.4,0.25,20,ONE_POINT,100,100,RANDOM,10
388,38900,126.20224976539612,43836,43850.73,0,0.4,0.25,20,ONE_POINT,100,100,RANDOM,10
389,39000,126.52243447303772,43765,43769.54,0,0.4,0.25,20,ONE_POINT,100,100,RANDOM,10
390,39100,126.81070351600647,43736,43740.23,0,0.4,0.25,20,ONE_POINT,100,100,RANDOM,10
391,39200,127.14177417755127,43680,43692.55,0,0.4,0.25,20,ONE_POINT,100,100,RANDOM,10
392,39300,127.43267154693604,43623,43627.56,0,0.4,0.25,20,ONE_POINT,100,100,RANDOM,10
393,39400,127.7717673778534,43563,43572.24,0,0.4,0.25,20,ONE_POINT,100,100,RANDOM,10
394,39500,128.0641632080078,43528,43533.47,0,0.4,0.25,20,ONE_POINT,100,100,RANDOM,10
395,39600,128.40080857276917,43485,43493.92,0,0.4,0.25,20,ONE_POINT,100,100,RANDOM,10
396,39700,128.7219433784485,43434,43445.16,0,0.4,0.25,20,ONE_POINT,100,100,RANDOM,10
397,39800,129.03728461265564,43410,43411.26,0,0.4,0.25,20,ONE_POINT,100,100,RANDOM,10
398,39900,129.35776138305664,43326,43333.2,0,0.4,0.25,20,ONE_POINT,100,100,RANDOM,10
399,40000,129.6666235923767,43287,43289.94,0,0.4,0.25,20,ONE_POINT,100,100,RANDOM,10
400,40100,129.9887228012085,43242,43254.32,0,0.4,0.25,20,ONE_POINT,100,100,RANDOM,10
401,40200,130.31343340873718,43204,43209.93,0,0.4,0.25,20,ONE_POINT,100,100,RANDOM,10
402,40300,130.6586844921112,43168,43174.68,0,0.4,0.25,20,ONE_POINT,100,100,RANDOM,10
403,40400,130.9706165790558,43134,43137.57,0,0.4,0.25,20,ONE_POINT,100,100,RANDOM,10
404,40500,131.30528903007507,43100,43102.28,0,0.4,0.25,20,ONE_POINT,100,100,RANDOM,10
405,40600,131.6558961868286,43040,43046.05,0,0.4,0.25,20,ONE_POINT,100,100,RANDOM,10
406,40700,131.96313166618347,42995,42999.83,0,0.4,0.25,20,ONE_POINT,100,100,RANDOM,10
407,40800,132.26275825500488,42962,42965.71,0,0.4,0.25,20,ONE_POINT,100,100,RANDOM,10
408,40900,132.557204246521,42934,42951.89,0,0.4,0.25,20,ONE_POINT,100,100,RANDOM,10
409,41000,132.88954305648804,42900,42909.75,0,0.4,0.25,20,ONE_POINT,100,100,RANDOM,10
410,41100,133.2035050392151,42873,42876.54,0,0.4,0.25,20,ONE_POINT,100,100,RANDOM,10
411,41200,133.50377917289734,42869,42870.85,0,0.4,0.25,20,ONE_POINT,100,100,RANDOM,10
412,41300,133.79233479499817,42844,42848.78,0,0.4,0.25,20,ONE_POINT,100,100,RANDOM,10
413,41400,134.07685661315918,42778,42782.62,0,0.4,0.25,20,ONE_POINT,100,100,RANDOM,10
414,41500,134.41173696517944,42688,42707.44,0,0.4,0.25,20,ONE_POINT,100,100,RANDOM,10
415,41600,134.70657801628113,42650,42653.7,0,0.4,0.25,20,ONE_POINT,100,100,RANDOM,10
416,41700,135.01540064811707,42550,42556.63,0,0.4,0.25,20,ONE_POINT,100,100,RANDOM,10
417,41800,135.31192564964294,42489,42495.0,0,0.4,0.25,20,ONE_POINT,100,100,RANDOM,10
418,41900,135.6548891067505,42414,42425.87,0,0.4,0.25,20,ONE_POINT,100,100,RANDOM,10
419,42000,135.957373380661,42347,42352.53,0,0.4,0.25,20,ONE_POINT,100,100,RANDOM,10
420,42100,136.26625418663025,42238,42314.45,0,0.4,0.25,20,ONE_POINT,100,100,RANDOM,10
421,42200,136.55456852912903,42183,42198.67,0,0.4,0.25,20,ONE_POINT,100,100,RANDOM,10
422,42300,136.8593466281891,42173,42179.45,0,0.4,0.25,20,ONE_POINT,100,100,RANDOM,10
423,42400,137.17455577850342,42145,42155.84,0,0.4,0.25,20,ONE_POINT,100,100,RANDOM,10
424,42500,137.4753360748291,42125,42127.41,0,0.4,0.25,20,ONE_POINT,100,100,RANDOM,10
425,42600,137.7748885154724,42051,42055.44,0,0.4,0.25,20,ONE_POINT,100,100,RANDOM,10
426,42700,138.0842604637146,42004,42009.14,0,0.4,0.25,20,ONE_POINT,100,100,RANDOM,10
427,42800,138.4318871498108,41943,41946.64,0,0.4,0.25,20,ONE_POINT,100,100,RANDOM,10
428,42900,138.7434561252594,41901,41909.03,0,0.4,0.25,20,ONE_POINT,100,100,RANDOM,10
429,43000,139.07732820510864,41871,41878.91,0,0.4,0.25,20,ONE_POINT,100,100,RANDOM,10
430,43100,139.40241837501526,41812,41838.17,0,0.4,0.25,20,ONE_POINT,100,100,RANDOM,10
431,43200,139.70326447486877,41766,41772.19,0,0.4,0.25,20,ONE_POINT,100,100,RANDOM,10
432,43300,140.00266909599304,41759,41820.59,0,0.4,0.25,20,ONE_POINT,100,100,RANDOM,10
433,43400,140.32123398780823,41721,41725.61,0,0.4,0.25,20,ONE_POINT,100,100,RANDOM,10
434,43500,140.61236357688904,41661,41669.16,0,0.4,0.25,20,ONE_POINT,100,100,RANDOM,10
435,43600,140.94939661026,41621,41625.65,0,0.4,0.25,20,ONE_POINT,100,100,RANDOM,10
436,43700,141.26419186592102,41566,41575.64,0,0.4,0.25,20,ONE_POINT,100,100,RANDOM,10
437,43800,141.58601593971252,41462,41469.35,0,0.4,0.25,20,ONE_POINT,100,100,RANDOM,10
438,43900,141.87344980239868,41436,41439.07,0,0.4,0.25,20,ONE_POINT,100,100,RANDOM,10
439,44000,142.16679072380066,41413,41420.67,0,0.4,0.25,20,ONE_POINT,100,100,RANDOM,10
440,44100,142.48505806922913,41364,41391.36,0,0.4,0.25,20,ONE_POINT,100,100,RANDOM,10
441,44200,142.81218552589417,41324,41331.72,0,0.4,0.25,20,ONE_POINT,100,100,RANDOM,10
442,44300,143.13996386528015,41214,41299.92,0,0.4,0.25,20,ONE_POINT,100,100,RANDOM,10
443,44400,143.4745671749115,41186,41191.89,0,0.4,0.25,20,ONE_POINT,100,100,RANDOM,10
444,44500,143.76622486114502,41155,41193.39,0,0.4,0.25,20,ONE_POINT,100,100,RANDOM,10
445,44600,144.076331615448,41114,41117.66,0,0.4,0.25,20,ONE_POINT,100,100,RANDOM,10
446,44700,144.41818594932556,41049,41059.3,0,0.4,0.25,20,ONE_POINT,100,100,RANDOM,10
447,44800,144.7326741218567,41018,41027.36,0,0.4,0.25,20,ONE_POINT,100,100,RANDOM,10
448,44900,145.04370856285095,40986,40994.21,0,0.4,0.25,20,ONE_POINT,100,100,RANDOM,10
449,45000,145.35615301132202,40944,40949.47,0,0.4,0.25,20,ONE_POINT,100,100,RANDOM,10
450,45100,145.69220113754272,40872,40879.87,0,0.4,0.25,20,ONE_POINT,100,100,RANDOM,10
451,45200,146.00096440315247,40836,40847.2,0,0.4,0.25,20,ONE_POINT,100,100,RANDOM,10
452,45300,146.33719182014465,40815,40835.22,0,0.4,0.25,20,ONE_POINT,100,100,RANDOM,10
453,45400,146.71007204055786,40788,40790.77,0,0.4,0.25,20,ONE_POINT,100,100,RANDOM,10
454,45500,147.01556706428528,40754,40840.13,0,0.4,0.25,20,ONE_POINT,100,100,RANDOM,10
455,45600,147.35332942008972,40712,40718.05,0,0.4,0.25,20,ONE_POINT,100,100,RANDOM,10
456,45700,147.72703504562378,40666,40669.68,0,0.4,0.25,20,ONE_POINT,100,100,RANDOM,10
457,45800,148.05848360061646,40648,40650.16,0,0.4,0.25,20,ONE_POINT,100,100,RANDOM,10
458,45900,148.37895965576172,40622,40624.94,0,0.4,0.25,20,ONE_POINT,100,100,RANDOM,10
459,46000,148.66604804992676,40551,40558.35,0,0.4,0.25,20,ONE_POINT,100,100,RANDOM,10
460,46100,148.96915817260742,40493,40497.04,0,0.4,0.25,20,ONE_POINT,100,100,RANDOM,10
461,46200,149.2863850593567,40439,40443.37,0,0.4,0.25,20,ONE_POINT,100,100,RANDOM,10
462,46300,149.63913440704346,40397,40400.92,0,0.4,0.25,20,ONE_POINT,100,100,RANDOM,10
463,46400,149.9372546672821,40365,40367.88,0,0.4,0.25,20,ONE_POINT,100,100,RANDOM,10
464,46500,150.23020434379578,40356,40357.74,0,0.4,0.25,20,ONE_POINT,100,100,RANDOM,10
465,46600,150.53920674324036,40244,40251.76,0,0.4,0.25,20,ONE_POINT,100,100,RANDOM,10
466,46700,150.82828760147095,40193,40198.2,0,0.4,0.25,20,ONE_POINT,100,100,RANDOM,10
467,46800,151.13789749145508,40120,40132.57,0,0.4,0.25,20,ONE_POINT,100,100,RANDOM,10
468,46900,151.44366240501404,40084,40086.92,0,0.4,0.25,20,ONE_POINT,100,100,RANDOM,10
469,47000,151.73633360862732,40059,40192.21,0,0.4,0.25,20,ONE_POINT,100,100,RANDOM,10
470,47100,152.03844213485718,40042,40045.17,0,0.4,0.25,20,ONE_POINT,100,100,RANDOM,10
471,47200,152.33292508125305,39940,39945.97,0,0.4,0.25,20,ONE_POINT,100,100,RANDOM,10
472,47300,152.64651012420654,39910,39916.9,0,0.4,0.25,20,ONE_POINT,100,100,RANDOM,10
473,47400,152.9507040977478,39797,39804.08,0,0.4,0.25,20,ONE_POINT,100,100,RANDOM,10
474,47500,153.27456951141357,39767,39770.2,0,0.4,0.25,20,ONE_POINT,100,100,RANDOM,10
475,47600,153.5723431110382,39755,39756.85,0,0.4,0.25,20,ONE_POINT,100,100,RANDOM,10
476,47700,153.85956048965454,39702,39714.14,0,0.4,0.25,20,ONE_POINT,100,100,RANDOM,10
477,47800,154.15094137191772,39673,39677.2,0,0.4,0.25,20,ONE_POINT,100,100,RANDOM,10
478,47900,154.4519567489624,39637,39641.21,0,0.4,0.25,20,ONE_POINT,100,100,RANDOM,10
479,48000,154.79677271842957,39634,39639.82,0,0.4,0.25,20,ONE_POINT,100,100,RANDOM,10
480,48100,155.10218834877014,39619,39621.69,0,0.4,0.25,20,ONE_POINT,100,100,RANDOM,10
481,48200,155.42736053466797,39606,39607.01,0,0.4,0.25,20,ONE_POINT,100,100,RANDOM,10
482,48300,155.76961517333984,39593,39593.73,0,0.4,0.25,20,ONE_POINT,100,100,RANDOM,10
483,48400,156.0752592086792,39570,39574.86,0,0.4,0.25,20,ONE_POINT,100,100,RANDOM,10
484,48500,156.38559126853943,39558,39560.55,0,0.4,0.25,20,ONE_POINT,100,100,RANDOM,10
485,48600,156.68113565444946,39498,39504.21,0,0.4,0.25,20,ONE_POINT,100,100,RANDOM,10
486,48700,156.97443437576294,39460,39473.44,0,0.4,0.25,20,ONE_POINT,100,100,RANDOM,10
487,48800,157.26864099502563,39404,39408.32,0,0.4,0.25,20,ONE_POINT,100,100,RANDOM,10
488,48900,157.56645464897156,39375,39377.68,0,0.4,0.25,20,ONE_POINT,100,100,RANDOM,10
489,49000,157.87488722801208,39295,39304.53,0,0.4,0.25,20,ONE_POINT,100,100,RANDOM,10
490,49100,158.17771196365356,39240,39250.63,0,0.4,0.25,20,ONE_POINT,100,100,RANDOM,10
491,49200,158.49008965492249,39231,39232.84,0,0.4,0.25,20,ONE_POINT,100,100,RANDOM,10
492,49300,158.7754397392273,39170,39176.93,0,0.4,0.25,20,ONE_POINT,100,100,RANDOM,10
493,49400,159.0586018562317,39134,39141.2,0,0.4,0.25,20,ONE_POINT,100,100,RANDOM,10
494,49500,159.39319968223572,39090,39098.98,0,0.4,0.25,20,ONE_POINT,100,100,RANDOM,10
495,49600,159.69413328170776,39042,39050.57,0,0.4,0.25,20,ONE_POINT,100,100,RANDOM,10
496,49700,160.00182819366455,39008,39012.12,0,0.4,0.25,20,ONE_POINT,100,100,RANDOM,10
497,49800,160.32257676124573,38981,39013.18,0,0.4,0.25,20,ONE_POINT,100,100,RANDOM,10
498,49900,160.6676344871521,38953,38955.83,0,0.4,0.25,20,ONE_POINT,100,100,RANDOM,10
499,50000,160.95715951919556,38882,38896.61,0,0.4,0.25,20,ONE_POINT,100,100,RANDOM,10
500,50100,161.29408073425293,38849,38856.15,0,0.4,0.25,20,ONE_POINT,100,100,RANDOM,10
1,200,0.19361448287963867,139123,132755.79,0,0.4,0.25,20,ONE_POINT,100,100,RANDOM,11
2,300,0.5229322910308838,131126,131159.67,0,0.4,0.25,20,ONE_POINT,100,100,RANDOM,11
3,400,0.8740313053131104,128724,128774.64,0,0.4,0.25,20,ONE_POINT,100,100,RANDOM,11
4,500,1.2358283996582031,127800,127836.96,0,0.4,0.25,20,ONE_POINT,100,100,RANDOM,11
5,600,1.5565884113311768,127399,127410.36,0,0.4,0.25,20,ONE_POINT,100,100,RANDOM,11
6,700,1.8504564762115479,126562,126578.74,0,0.4,0.25,20,ONE_POINT,100,100,RANDOM,11
7,800,2.1822996139526367,125971,125985.07,0,0.4,0.25,20,ONE_POINT,100,100,RANDOM,11
8,900,2.5104293823242188,125471,125486.0,0,0.4,0.25,20,ONE_POINT,100,100,RANDOM,11
9,1000,2.852830648422241,124972,125015.25,0,0.4,0.25,20,ONE_POINT,100,100,RANDOM,11
10,1100,3.176571846008301,124519,124537.01,0,0.4,0.25,20,ONE_POINT,100,100,RANDOM,11
11,1200,3.4745218753814697,124008,124029.62,0,0.4,0.25,20,ONE_POINT,100,100,RANDOM,11
12,1300,3.786015510559082,123567,123584.5,0,0.4,0.25,20,ONE_POINT,100,100,RANDOM,11
13,1400,4.124613523483276,122901,122929.51,0,0.4,0.25,20,ONE_POINT,100,100,RANDOM,11
14,1500,4.435597896575928,122305,122328.22,0,0.4,0.25,20,ONE_POINT,100,100,RANDOM,11
15,1600,4.7449119091033936,120963,121005.69,0,0.4,0.25,20,ONE_POINT,100,100,RANDOM,11
16,1700,5.054749250411987,120771,120780.61,0,0.4,0.25,20,ONE_POINT,100,100,RANDOM,11
17,1800,5.346762657165527,120282,120298.24,0,0.4,0.25,20,ONE_POINT,100,100,RANDOM,11
18,1900,5.658051490783691,119140,119228.64,0,0.4,0.25,20,ONE_POINT,100,100,RANDOM,11
19,2000,5.9859843254089355,118072,118128.87,0,0.4,0.25,20,ONE_POINT,100,100,RANDOM,11
20,2100,6.291303634643555,117419,117446.33,0,0.4,0.25,20,ONE_POINT,100,100,RANDOM,11
21,2200,6.591215372085571,116391,116453.04,0,0.4,0.25,20,ONE_POINT,100,100,RANDOM,11
22,2300,6.904784679412842,116010,116024.17,0,0.4,0.25,20,ONE_POINT,100,100,RANDOM,11
23,2400,7.194427967071533,115631,115643.68,0,0.4,0.25,20,ONE_POINT,100,100,RANDOM,11
24,2500,7.484534502029419,115092,115109.83,0,0.4,0.25,20,ONE_POINT,100,100,RANDOM,11
25,2600,7.833766460418701,114691,114703.03,0,0.4,0.25,20,ONE_POINT,100,100,RANDOM,11
26,2700,8.138676166534424,114139,114150.04,0,0.4,0.25,20,ONE_POINT,100,100,RANDOM,11
27,2800,8.443907022476196,113856,113875.9,0,0.4,0.25,20,ONE_POINT,100,100,RANDOM,11
28,2900,8.740421295166016,113528,113541.12,0,0.4,0.25,20,ONE_POINT,100,100,RANDOM,11
29,3000,9.03555679321289,112965,112986.69,0,0.4,0.25,20,ONE_POINT,100,100,RANDOM,11
30,3100,9.382481336593628,112283,112329.98,0,0.4,0.25,20,ONE_POINT,100,100,RANDOM,11
31,3200,9.713618755340576,111808,111827.21,0,0.4,0.25,20,ONE_POINT,100,100,RANDOM,11
32,3300,10.006800413131714,111342,111381.12,0,0.4,0.25,20,ONE_POINT,100,100,RANDOM,11
33,3400,10.313885927200317,110826,110854.87,0,0.4,0.25,20,ONE_POINT,100,100,RANDOM,11
34,3500,10.634043455123901,110062,110084.92,0,0.4,0.25,20,ONE_POINT,100,100,RANDOM,11
35,3600,10.932503461837769,109785,109796.83,0,0.4,0.25,20,ONE_POINT,100,100,RANDOM,11
36,3700,11.257563352584839,109508,109653.79,0,0.4,0.25,20,ONE_POINT,100,100,RANDOM,11
37,3800,11.595518112182617,109260,109272.69,0,0.4,0.25,20,ONE_POINT,100,100,RANDOM,11
38,3900,11.928670883178711,108671,108701.3,0,0.4,0.25,20,ONE_POINT,100,100,RANDOM,11
39,4000,12.222641468048096,108287,108298.59,0,0.4,0.25,20,ONE_POINT,100,100,RANDOM,11
40,4100,12.534170150756836,108171,108193.52,0,0.4,0.25,20,ONE_POINT,100,100,RANDOM,11
41,4200,12.9045090675354,107435,107449.72,0,0.4,0.25,20,ONE_POINT,100,100,RANDOM,11
42,4300,13.234922885894775,107091,107101.41,0,0.4,0.25,20,ONE_POINT,100,100,RANDOM,11
43,4400,13.539112091064453,106478,106488.07,0,0.4,0.25,20,ONE_POINT,100,100,RANDOM,11
44,4500,13.831705331802368,106267,106280.19,0,0.4,0.25,20,ONE_POINT,100,100,RANDOM,11
45,4600,14.142039775848389,105983,105992.57,0,0.4,0.25,20,ONE_POINT,100,100,RANDOM,11
46,4700,14.490019798278809,105758,105771.01,0,0.4,0.25,20,ONE_POINT,100,100,RANDOM,11
47,4800,14.826303243637085,105582,105590.79,0,0.4,0.25,20,ONE_POINT,100,100,RANDOM,11
48,4900,15.146406412124634,105178,105257.13,0,0.4,0.25,20,ONE_POINT,100,100,RANDOM,11
49,5000,15.44432282447815,104585,104610.53,0,0.4,0.25,20,ONE_POINT,100,100,RANDOM,11
50,5100,15.767584323883057,104374,104382.44,0,0.4,0.25,20,ONE_POINT,100,100,RANDOM,11
51,5200,16.061294078826904,103814,103825.2,0,0.4,0.25,20,ONE_POINT,100,100,RANDOM,11
52,5300,16.355396032333374,103668,103694.74,0,0.4,0.25,20,ONE_POINT,100,100,RANDOM,11
53,5400,16.68920922279358,103312,103326.91,0,0.4,0.25,20,ONE_POINT,100,100,RANDOM,11
54,5500,16.977067708969116,103099,103106.48,0,0.4,0.25,20,ONE_POINT,100,100,RANDOM,11
55,5600,17.269999265670776,102842,102891.38,0,0.4,0.25,20,ONE_POINT,100,100,RANDOM,11
56,5700,17.629860401153564,102533,102539.18,0,0.4,0.25,20,ONE_POINT,100,100,RANDOM,11
57,5800,17.93856382369995,102137,102144.92,0,0.4,0.25,20,ONE_POINT,100,100,RANDOM,11
58,5900,18.253556728363037,101960,101968.59,0,0.4,0.25,20,ONE_POINT,100,100,RANDOM,11
59,6000,18.58026623725891,101803,101809.07,0,0.4,0.25,20,ONE_POINT,100,100,RANDOM,11
60,6100,18.905654191970825,101551,101562.69,0,0.4,0.25,20,ONE_POINT,100,100,RANDOM,11
61,6200,19.20043969154358,101370,101384.36,0,0.4,0.25,20,ONE_POINT,100,100,RANDOM,11
62,6300,19.550647258758545,100810,100823.01,0,0.4,0.25,20,ONE_POINT,100,100,RANDOM,11
63,6400,19.895075798034668,100547,100557.52,0,0.4,0.25,20,ONE_POINT,100,100,RANDOM,11
64,6500,20.22084379196167,100181,100195.64,0,0.4,0.25,20,ONE_POINT,100,100,RANDOM,11
65,6600,20.570289373397827,99738,99746.86,0,0.4,0.25,20,ONE_POINT,100,100,RANDOM,11
66,6700,20.882704257965088,99412,99434.84,0,0.4,0.25,20,ONE_POINT,100,100,RANDOM,11
67,6800,21.217024326324463,99054,99060.37,0,0.4,0.25,20,ONE_POINT,100,100,RANDOM,11
68,6900,21.52712392807007,98903,98908.98,0,0.4,0.25,20,ONE_POINT,100,100,RANDOM,11
69,7000,21.850757360458374,98441,98463.96,0,0.4,0.25,20,ONE_POINT,100,100,RANDOM,11
70,7100,22.143746376037598,98041,98055.92,0,0.4,0.25,20,ONE_POINT,100,100,RANDOM,11
71,7200,22.433443069458008,97791,97803.89,0,0.4,0.25,20,ONE_POINT,100,100,RANDOM,11
72,7300,22.73652744293213,97570,97578.04,0,0.4,0.25,20,ONE_POINT,100,100,RANDOM,11
73,7400,23.060319900512695,97126,97134.88,0,0.4,0.25,20,ONE_POINT,100,100,RANDOM,11
74,7500,23.39347529411316,96596,96606.6,0,0.4,0.25,20,ONE_POINT,100,100,RANDOM,11
75,7600,23.693697690963745,96334,96346.28,0,0.4,0.25,20,ONE_POINT,100,100,RANDOM,11
76,7700,24.01690649986267,96066,96076.05,0,0.4,0.25,20,ONE_POINT,100,100,RANDOM,11
77,7800,24.315722465515137,95854,95868.27,0,0.4,0.25,20,ONE_POINT,100,100,RANDOM,11
78,7900,24.643174409866333,95377,95391.19,0,0.4,0.25,20,ONE_POINT,100,100,RANDOM,11
79,8000,24.973613023757935,94937,94946.41,0,0.4,0.25,20,ONE_POINT,100,100,RANDOM,11
80,8100,25.334081649780273,94661,94674.18,0,0.4,0.25,20,ONE_POINT,100,100,RANDOM,11
81,8200,25.634578227996826,94266,94285.12,0,0.4,0.25,20,ONE_POINT,100,100,RANDOM,11
82,8300,25.949437856674194,94109,94114.48,0,0.4,0.25,20,ONE_POINT,100,100,RANDOM,11
83,8400,26.262019634246826,93900,93908.36,0,0.4,0.25,20,ONE_POINT,100,100,RANDOM,11
84,8500,26.62143349647522,93537,93569.74,0,0.4,0.25,20,ONE_POINT,100,100,RANDOM,11
85,8600,26.927936792373657,93125,93141.48,0,0.4,0.25,20,ONE_POINT,100,100,RANDOM,11
86,8700,27.24857187271118,92971,93011.93,0,0.4,0.25,20,ONE_POINT,100,100,RANDOM,11
87,8800,27.607956171035767,92660,92686.45,0,0.4,0.25,20,ONE_POINT,100,100,RANDOM,11
88,8900,27.93553924560547,92557,92561.92,0,0.4,0.25,20,ONE_POINT,100,100,RANDOM,11
89,9000,28.248801946640015,92139,92155.56,0,0.4,0.25,20,ONE_POINT,100,100,RANDOM,11
90,9100,28.545894861221313,91630,91721.91,0,0.4,0.25,20,ONE_POINT,100,100,RANDOM,11
91,9200,28.834257125854492,91243,91255.94,0,0.4,0.25,20,ONE_POINT,100,100,RANDOM,11
92,9300,29.142393350601196,91104,91116.96,0,0.4,0.25,20,ONE_POINT,100,100,RANDOM,11
93,9400,29.464398860931396,90803,90814.28,0,0.4,0.25,20,ONE_POINT,100,100,RANDOM,11
94,9500,29.773600339889526,90647,90653.24,0,0.4,0.25,20,ONE_POINT,100,100,RANDOM,11
95,9600,30.057832717895508,90449,90460.66,0,0.4,0.25,20,ONE_POINT,100,100,RANDOM,11
96,9700,30.375756978988647,90272,90283.34,0,0.4,0.25,20,ONE_POINT,100,100,RANDOM,11
97,9800,30.662790298461914,90023,90059.95,0,0.4,0.25,20,ONE_POINT,100,100,RANDOM,11
98,9900,30.988078594207764,89783,89822.08,0,0.4,0.25,20,ONE_POINT,100,100,RANDOM,11
99,10000,31.297760009765625,89486,89510.57,0,0.4,0.25,20,ONE_POINT,100,100,RANDOM,11
100,10100,31.618825435638428,89279,89320.06,0,0.4,0.25,20,ONE_POINT,100,100,RANDOM,11
101,10200,31.9469997882843,88960,88994.51,0,0.4,0.25,20,ONE_POINT,100,100,RANDOM,11
102,10300,32.25678300857544,88567,88577.05,0,0.4,0.25,20,ONE_POINT,100,100,RANDOM,11
103,10400,32.57166814804077,88344,88364.36,0,0.4,0.25,20,ONE_POINT,100,100,RANDOM,11
104,10500,32.86923551559448,88036,88047.54,0,0.4,0.25,20,ONE_POINT,100,100,RANDOM,11
105,10600,33.169257164001465,87714,87750.2,0,0.4,0.25,20,ONE_POINT,100,100,RANDOM,11
106,10700,33.48872971534729,87425,87444.64,0,0.4,0.25,20,ONE_POINT,100,100,RANDOM,11
107,10800,33.79867720603943,87074,87113.16,0,0.4,0.25,20,ONE_POINT,100,100,RANDOM,11
108,10900,34.14050841331482,86830,86837.32,0,0.4,0.25,20,ONE_POINT,100,100,RANDOM,11
109,11000,34.445645809173584,86306,86323.09,0,0.4,0.25,20,ONE_POINT,100,100,RANDOM,11
110,11100,34.767826795578,85664,85716.22,0,0.4,0.25,20,ONE_POINT,100,100,RANDOM,11
111,11200,35.07486009597778,85421,85437.82,0,0.4,0.25,20,ONE_POINT,100,100,RANDOM,11
112,11300,35.39372539520264,85044,85057.41,0,0.4,0.25,20,ONE_POINT,100,100,RANDOM,11
113,11400,35.704171657562256,84748,84788.07,0,0.4,0.25,20,ONE_POINT,100,100,RANDOM,11
114,11500,36.0091335773468,84548,84570.05,0,0.4,0.25,20,ONE_POINT,100,100,RANDOM,11
115,11600,36.31368374824524,84356,84419.95,0,0.4,0.25,20,ONE_POINT,100,100,RANDOM,11
116,11700,36.615280866622925,84234,84237.73,0,0.4,0.25,20,ONE_POINT,100,100,RANDOM,11
117,11800,36.922842264175415,84100,84145.66,0,0.4,0.25,20,ONE_POINT,100,100,RANDOM,11
118,11900,37.21436548233032,83791,83803.35,0,0.4,0.25,20,ONE_POINT,100,100,RANDOM,11
119,12000,37.55796837806702,83555,83568.39,0,0.4,0.25,20,ONE_POINT,100,100,RANDOM,11
120,12100,37.92279505729675,83333,83341.13,0,0.4,0.25,20,ONE_POINT,100,100,RANDOM,11
121,12200,38.24670124053955,83022,83038.25,0,0.4,0.25,20,ONE_POINT,100,100,RANDOM,11
122,12300,38.587135553359985,82786,82798.23,0,0.4,0.25,20,ONE_POINT,100,100,RANDOM,11
123,12400,38.92717671394348,82602,82609.36,0,0.4,0.25,20,ONE_POINT,100,100,RANDOM,11
124,12500,39.224844217300415,82455,82466.05,0,0.4,0.25,20,ONE_POINT,100,100,RANDOM,11
125,12600,39.5658016204834,82184,82192.13,0,0.4,0.25,20,ONE_POINT,100,100,RANDOM,11
126,12700,39.886751651763916,82029,82042.75,0,0.4,0.25,20,ONE_POINT,100,100,RANDOM,11
127,12800,40.21321892738342,81914,81921.67,0,0.4,0.25,20,ONE_POINT,100,100,RANDOM,11
128,12900,40.53284168243408,81749,81756.03,0,0.4,0.25,20,ONE_POINT,100,100,RANDOM,11
129,13000,40.82518529891968,81445,81470.59,0,0.4,0.25,20,ONE_POINT,100,100,RANDOM,11
130,13100,41.12897086143494,81169,81179.4,0,0.4,0.25,20,ONE_POINT,100,100,RANDOM,11
131,13200,41.42193055152893,81078,81090.63,0,0.4,0.25,20,ONE_POINT,100,100,RANDOM,11
132,13300,41.739189863204956,80949,81000.63,0,0.4,0.25,20,ONE_POINT,100,100,RANDOM,11
133,13400,42.04832196235657,80713,80721.18,0,0.4,0.25,20,ONE_POINT,100,100,RANDOM,11
134,13500,42.352306842803955,80075,80099.68,0,0.4,0.25,20,ONE_POINT,100,100,RANDOM,11
135,13600,42.6636905670166,79794,79811.65,0,0.4,0.25,20,ONE_POINT,100,100,RANDOM,11
136,13700,42.94974732398987,79636,79642.8,0,0.4,0.25,20,ONE_POINT,100,100,RANDOM,11
137,13800,43.26235771179199,79489,79497.09,0,0.4,0.25,20,ONE_POINT,100,100,RANDOM,11
138,13900,43.57205009460449,79286,79294.08,0,0.4,0.25,20,ONE_POINT,100,100,RANDOM,11
139,14000,43.893149852752686,78912,78932.49,0,0.4,0.25,20,ONE_POINT,100,100,RANDOM,11
140,14100,44.21468782424927,78736,78743.04,0,0.4,0.25,20,ONE_POINT,100,100,RANDOM,11
141,14200,44.518218755722046,78459,78473.02,0,0.4,0.25,20,ONE_POINT,100,100,RANDOM,11
142,14300,44.80341625213623,78200,78210.3,0,0.4,0.25,20,ONE_POINT,100,100,RANDOM,11
143,14400,45.13803315162659,78036,78045.04,0,0.4,0.25,20,ONE_POINT,100,100,RANDOM,11
144,14500,45.48657584190369,77601,77613.73,0,0.4,0.25,20,ONE_POINT,100,100,RANDOM,11
145,14600,45.78695297241211,77527,77532.13,0,0.4,0.25,20,ONE_POINT,100,100,RANDOM,11
146,14700,46.073086977005005,77367,77481.95,0,0.4,0.25,20,ONE_POINT,100,100,RANDOM,11
147,14800,46.39990043640137,77267,77274.95,0,0.4,0.25,20,ONE_POINT,100,100,RANDOM,11
148,14900,46.68877387046814,77000,77066.75,0,0.4,0.25,20,ONE_POINT,100,100,RANDOM,11
149,15000,47.02539920806885,76885,76905.78,0,0.4,0.25,20,ONE_POINT,100,100,RANDOM,11
150,15100,47.34430408477783,76650,76671.48,0,0.4,0.25,20,ONE_POINT,100,100,RANDOM,11
151,15200,47.63700246810913,76177,76193.23,0,0.4,0.25,20,ONE_POINT,100,100,RANDOM,11
152,15300,47.926053047180176,75824,75851.26,0,0.4,0.25,20,ONE_POINT,100,100,RANDOM,11
153,15400,48.24103355407715,75664,75670.93,0,0.4,0.25,20,ONE_POINT,100,100,RANDOM,11
154,15500,48.597291707992554,75499,75505.45,0,0.4,0.25,20,ONE_POINT,100,100,RANDOM,11
155,15600,48.9084587097168,75374,75381.56,0,0.4,0.25,20,ONE_POINT,100,100,RANDOM,11
156,15700,49.26080131530762,75178,75200.99,0,0.4,0.25,20,ONE_POINT,100,100,RANDOM,11
157,15800,49.560467004776,74889,74906.82,0,0.4,0.25,20,ONE_POINT,100,100,RANDOM,11
158,15900,49.905781745910645,74794,74819.86,0,0.4,0.25,20,ONE_POINT,100,100,RANDOM,11
159,16000,50.23949933052063,74582,74609.04,0,0.4,0.25,20,ONE_POINT,100,100,RANDOM,11
160,16100,50.557475328445435,74409,74508.14,0,0.4,0.25,20,ONE_POINT,100,100,RANDOM,11
161,16200,50.87999224662781,74233,74266.92,0,0.4,0.25,20,ONE_POINT,100,100,RANDOM,11
162,16300,51.16933012008667,74042,74051.55,0,0.4,0.25,20,ONE_POINT,100,100,RANDOM,11
163,16400,51.508678674697876,73894,73901.63,0,0.4,0.25,20,ONE_POINT,100,100,RANDOM,11
164,16500,51.84186363220215,73673,73685.61,0,0.4,0.25,20,ONE_POINT,100,100,RANDOM,11
165,16600,52.151089668273926,73403,73446.48,0,0.4,0.25,20,ONE_POINT,100,100,RANDOM,11
166,16700,52.4722695350647,73180,73188.28,0,0.4,0.25,20,ONE_POINT,100,100,RANDOM,11
167,16800,52.78301000595093,72828,72844.28,0,0.4,0.25,20,ONE_POINT,100,100,RANDOM,11
168,16900,53.08397340774536,72750,72753.58,0,0.4,0.25,20,ONE_POINT,100,100,RANDOM,11
169,17000,53.36996603012085,72599,72624.21,0,0.4,0.25,20,ONE_POINT,100,100,RANDOM,11
170,17100,53.70170569419861,72364,72372.02,0,0.4,0.25,20,ONE_POINT,100,100,RANDOM,11
171,17200,54.027026891708374,72090,72101.25,0,0.4,0.25,20,ONE_POINT,100,100,RANDOM,11
172,17300,54.34416198730469,71885,71897.99,0,0.4,0.25,20,ONE_POINT,100,100,RANDOM,11
173,17400,54.63537549972534,71720,71734.25,0,0.4,0.25,20,ONE_POINT,100,100,RANDOM,11
174,17500,54.97123908996582,71421,71461.72,0,0.4,0.25,20,ONE_POINT,100,100,RANDOM,11
175,17600,55.26225996017456,71303,71308.64,0,0.4,0.25,20,ONE_POINT,100,100,RANDOM,11
176,17700,55.54553198814392,70822,70841.48,0,0.4,0.25,20,ONE_POINT,100,100,RANDOM,11
177,17800,55.85898971557617,70669,70681.46,0,0.4,0.25,20,ONE_POINT,100,100,RANDOM,11
178,17900,56.151670694351196,70575,70578.79,0,0.4,0.25,20,ONE_POINT,100,100,RANDOM,11
179,18000,56.4877815246582,70481,70481.94,0,0.4,0.25,20,ONE_POINT,100,100,RANDOM,11
180,18100,56.78945732116699,70339,70368.83,0,0.4,0.25,20,ONE_POINT,100,100,RANDOM,11
181,18200,57.12460279464722,70164,70204.93,0,0.4,0.25,20,ONE_POINT,100,100,RANDOM,11
182,18300,57.41744112968445,70001,70012.74,0,0.4,0.25,20,ONE_POINT,100,100,RANDOM,11
183,18400,57.75573515892029,69742,69752.36,0,0.4,0.25,20,ONE_POINT,100,100,RANDOM,11
184,18500,58.09543585777283,69492,69568.39,0,0.4,0.25,20,ONE_POINT,100,100,RANDOM,11
185,18600,58.3990318775177,69340,69347.71,0,0.4,0.25,20,ONE_POINT,100,100,RANDOM,11
186,18700,58.74134826660156,69082,69093.84,0,0.4,0.25,20,ONE_POINT,100,100,RANDOM,11
187,18800,59.04692363739014,68617,68629.07,0,0.4,0.25,20,ONE_POINT,100,100,RANDOM,11
188,18900,59.35246205329895,68519,68524.68,0,0.4,0.25,20,ONE_POINT,100,100,RANDOM,11
189,19000,59.64357924461365,68433,68438.14,0,0.4,0.25,20,ONE_POINT,100,100,RANDOM,11
190,19100,59.96907091140747,68233,68272.15,0,0.4,0.25,20,ONE_POINT,100,100,RANDOM,11
191,19200,60.284748792648315,67959,67968.45,0,0.4,0.25,20,ONE_POINT,100,100,RANDOM,11
192,19300,60.61080193519592,67718,67729.96,0,0.4,0.25,20,ONE_POINT,100,100,RANDOM,11
193,19400,60.932583808898926,67637,67654.96,0,0.4,0.25,20,ONE_POINT,100,100,RANDOM,11
194,19500,61.228230476379395,67473,67534.59,0,0.4,0.25,20,ONE_POINT,100,100,RANDOM,11
195,19600,61.51376390457153,67356,67363.02,0,0.4,0.25,20,ONE_POINT,100,100,RANDOM,11
196,19700,61.81818413734436,67099,67109.32,0,0.4,0.25,20,ONE_POINT,100,100,RANDOM,11
197,19800,62.11669325828552,66655,66668.32,0,0.4,0.25,20,ONE_POINT,100,100,RANDOM,11
198,19900,62.41182017326355,66380,66405.77,0,0.4,0.25,20,ONE_POINT,100,100,RANDOM,11
199,20000,62.70339298248291,66299,66302.72,0,0.4,0.25,20,ONE_POINT,100,100,RANDOM,11
200,20100,63.00440192222595,66097,66105.08,0,0.4,0.25,20,ONE_POINT,100,100,RANDOM,11
201,20200,63.329986810684204,65998,66017.52,0,0.4,0.25,20,ONE_POINT,100,100,RANDOM,11
202,20300,63.664090633392334,65836,65842.69,0,0.4,0.25,20,ONE_POINT,100,100,RANDOM,11
203,20400,64.02947187423706,65701,65707.71,0,0.4,0.25,20,ONE_POINT,100,100,RANDOM,11
204,20500,64.36060333251953,65621,65625.34,0,0.4,0.25,20,ONE_POINT,100,100,RANDOM,11
205,20600,64.67086100578308,65473,65538.88,0,0.4,0.25,20,ONE_POINT,100,100,RANDOM,11
206,20700,64.99152994155884,65321,65357.72,0,0.4,0.25,20,ONE_POINT,100,100,RANDOM,11
207,20800,65.28915119171143,65231,65237.59,0,0.4,0.25,20,ONE_POINT,100,100,RANDOM,11
208,20900,65.60161066055298,65127,65132.28,0,0.4,0.25,20,ONE_POINT,100,100,RANDOM,11
209,21000,65.93335390090942,65098,65099.74,0,0.4,0.25,20,ONE_POINT,100,100,RANDOM,11
210,21100,66.2739245891571,65016,65021.06,0,0.4,0.25,20,ONE_POINT,100,100,RANDOM,11
211,21200,66.59383416175842,64836,64845.82,0,0.4,0.25,20,ONE_POINT,100,100,RANDOM,11
212,21300,66.88043117523193,64722,64733.58,0,0.4,0.25,20,ONE_POINT,100,100,RANDOM,11
213,21400,67.1932692527771,64628,64666.03,0,0.4,0.25,20,ONE_POINT,100,100,RANDOM,11
214,21500,67.53725481033325,64527,64561.02,0,0.4,0.25,20,ONE_POINT,100,100,RANDOM,11
215,21600,67.86387181282043,64458,64491.54,0,0.4,0.25,20,ONE_POINT,100,100,RANDOM,11
216,21700,68.16542387008667,64324,64331.39,0,0.4,0.25,20,ONE_POINT,100,100,RANDOM,11
217,21800,68.4834656715393,64221,64227.15,0,0.4,0.25,20,ONE_POINT,100,100,RANDOM,11
218,21900,68.8141839504242,64085,64109.44,0,0.4,0.25,20,ONE_POINT,100,100,RANDOM,11
219,22000,69.12159132957458,63986,63991.94,0,0.4,0.25,20,ONE_POINT,100,100,RANDOM,11
220,22100,69.44472122192383,63749,63758.85,0,0.4,0.25,20,ONE_POINT,100,100,RANDOM,11
221,22200,69.75753593444824,63242,63276.73,0,0.4,0.25,20,ONE_POINT,100,100,RANDOM,11
222,22300,70.0527195930481,63118,63132.88,0,0.4,0.25,20,ONE_POINT,100,100,RANDOM,11
223,22400,70.37351155281067,62990,62995.12,0,0.4,0.25,20,ONE_POINT,100,100,RANDOM,11
224,22500,70.70132374763489,62833,62844.78,0,0.4,0.25,20,ONE_POINT,100,100,RANDOM,11
225,22600,70.990558385849,62704,62710.66,0,0.4,0.25,20,ONE_POINT,100,100,RANDOM,11
226,22700,71.32512998580933,62602,62607.82,0,0.4,0.25,20,ONE_POINT,100,100,RANDOM,11
227,22800,71.63247585296631,62416,62429.93,0,0.4,0.25,20,ONE_POINT,100,100,RANDOM,11
228,22900,71.95471477508545,62102,62113.28,0,0.4,0.25,20,ONE_POINT,100,100,RANDOM,11
229,23000,72.2416684627533,61954,61972.93,0,0.4,0.25,20,ONE_POINT,100,100,RANDOM,11
230,23100,72.57179260253906,61842,61856.39,0,0.4,0.25,20,ONE_POINT,100,100,RANDOM,11
231,23200,72.89115285873413,61536,61562.24,0,0.4,0.25,20,ONE_POINT,100,100,RANDOM,11
232,23300,73.17933702468872,61380,61392.2,0,0.4,0.25,20,ONE_POINT,100,100,RANDOM,11
233,23400,73.49139857292175,61289,61369.17,0,0.4,0.25,20,ONE_POINT,100,100,RANDOM,11
234,23500,73.80468106269836,61003,61014.44,0,0.4,0.25,20,ONE_POINT,100,100,RANDOM,11
235,23600,74.13068056106567,60956,60982.49,0,0.4,0.25,20,ONE_POINT,100,100,RANDOM,11
236,23700,74.45445132255554,60807,60814.82,0,0.4,0.25,20,ONE_POINT,100,100,RANDOM,11
237,23800,74.8048505783081,60545,60608.62,0,0.4,0.25,20,ONE_POINT,100,100,RANDOM,11
238,23900,75.10446763038635,60477,60481.08,0,0.4,0.25,20,ONE_POINT,100,100,RANDOM,11
239,24000,75.43810534477234,60148,60161.29,0,0.4,0.25,20,ONE_POINT,100,100,RANDOM,11
240,24100,75.74241709709167,60085,60089.21,0,0.4,0.25,20,ONE_POINT,100,100,RANDOM,11
241,24200,76.02791237831116,60040,60043.18,0,0.4,0.25,20,ONE_POINT,100,100,RANDOM,11
242,24300,76.31605672836304,59936,59948.81,0,0.4,0.25,20,ONE_POINT,100,100,RANDOM,11
243,24400,76.6069188117981,59800,59808.9,0,0.4,0.25,20,ONE_POINT,100,100,RANDOM,11
244,24500,76.92544460296631,59572,59582.11,0,0.4,0.25,20,ONE_POINT,100,100,RANDOM,11
245,24600,77.271240234375,59325,59334.88,0,0.4,0.25,20,ONE_POINT,100,100,RANDOM,11
246,24700,77.6090190410614,59110,59118.53,0,0.4,0.25,20,ONE_POINT,100,100,RANDOM,11
247,24800,77.96106433868408,58943,58949.21,0,0.4,0.25,20,ONE_POINT,100,100,RANDOM,11
248,24900,78.24935054779053,58855,58861.16,0,0.4,0.25,20,ONE_POINT,100,100,RANDOM,11
249,25000,78.55912470817566,58674,58691.77,0,0.4,0.25,20,ONE_POINT,100,100,RANDOM,11
250,25100,78.84892225265503,58556,58564.17,0,0.4,0.25,20,ONE_POINT,100,100,RANDOM,11
251,25200,79.18685531616211,58457,58464.12,0,0.4,0.25,20,ONE_POINT,100,100,RANDOM,11
252,25300,79.53409337997437,58381,58385.56,0,0.4,0.25,20,ONE_POINT,100,100,RANDOM,11
253,25400,79.83974933624268,58239,58384.83,0,0.4,0.25,20,ONE_POINT,100,100,RANDOM,11
254,25500,80.1445038318634,58157,58179.47,0,0.4,0.25,20,ONE_POINT,100,100,RANDOM,11
255,25600,80.44762516021729,58059,58063.9,0,0.4,0.25,20,ONE_POINT,100,100,RANDOM,11
256,25700,80.78671169281006,57872,57932.93,0,0.4,0.25,20,ONE_POINT,100,100,RANDOM,11
257,25800,81.12037229537964,57805,57808.65,0,0.4,0.25,20,ONE_POINT,100,100,RANDOM,11
258,25900,81.43856644630432,57650,57664.11,0,0.4,0.25,20,ONE_POINT,100,100,RANDOM,11
259,26000,81.77342438697815,57531,57535.67,0,0.4,0.25,20,ONE_POINT,100,100,RANDOM,11
260,26100,82.10031604766846,57404,57412.91,0,0.4,0.25,20,ONE_POINT,100,100,RANDOM,11
261,26200,82.43883490562439,57255,57261.41,0,0.4,0.25,20,ONE_POINT,100,100,RANDOM,11
262,26300,82.7269651889801,57143,57149.72,0,0.4,0.25,20,ONE_POINT,100,100,RANDOM,11
263,26400,83.01130151748657,56907,56922.61,0,0.4,0.25,20,ONE_POINT,100,100,RANDOM,11
264,26500,83.3594720363617,56848,56865.55,0,0.4,0.25,20,ONE_POINT,100,100,RANDOM,11
265,26600,83.6890435218811,56799,56843.27,0,0.4,0.25,20,ONE_POINT,100,100,RANDOM,11
266,26700,83.97632002830505,56715,56720.47,0,0.4,0.25,20,ONE_POINT,100,100,RANDOM,11
267,26800,84.30594420433044,56574,56583.16,0,0.4,0.25,20,ONE_POINT,100,100,RANDOM,11
268,26900,84.60796570777893,56518,56521.36,0,0.4,0.25,20,ONE_POINT,100,100,RANDOM,11
269,27000,84.93631601333618,56443,56446.86,0,0.4,0.25,20,ONE_POINT,100,100,RANDOM,11
270,27100,85.24109220504761,56388,56393.15,0,0.4,0.25,20,ONE_POINT,100,100,RANDOM,11
271,27200,85.59110188484192,56309,56329.25,0,0.4,0.25,20,ONE_POINT,100,100,RANDOM,11
272,27300,85.888986825943,56245,56249.92,0,0.4,0.25,20,ONE_POINT,100,100,RANDOM,11
273,27400,86.21509265899658,56103,56135.9,0,0.4,0.25,20,ONE_POINT,100,100,RANDOM,11
274,27500,86.53432750701904,56038,56043.19,0,0.4,0.25,20,ONE_POINT,100,100,RANDOM,11
275,27600,86.8593258857727,55871,55891.82,0,0.4,0.25,20,ONE_POINT,100,100,RANDOM,11
276,27700,87.16860127449036,55782,55790.78,0,0.4,0.25,20,ONE_POINT,100,100,RANDOM,11
277,27800,87.46541905403137,55654,55665.24,0,0.4,0.25,20,ONE_POINT,100,100,RANDOM,11
278,27900,87.76896095275879,55370,55381.71,0,0.4,0.25,20,ONE_POINT,100,100,RANDOM,11
279,28000,88.1091079711914,55346,55401.18,0,0.4,0.25,20,ONE_POINT,100,100,RANDOM,11
280,28100,88.44503164291382,55324,55326.56,0,0.4,0.25,20,ONE_POINT,100,100,RANDOM,11
281,28200,88.73099136352539,55180,55186.6,0,0.4,0.25,20,ONE_POINT,100,100,RANDOM,11
282,28300,89.03213024139404,54973,54981.28,0,0.4,0.25,20,ONE_POINT,100,100,RANDOM,11
283,28400,89.35331177711487,54911,54920.41,0,0.4,0.25,20,ONE_POINT,100,100,RANDOM,11
284,28500,89.66807341575623,54716,54733.65,0,0.4,0.25,20,ONE_POINT,100,100,RANDOM,11
285,28600,89.97977304458618,54653,54666.2,0,0.4,0.25,20,ONE_POINT,100,100,RANDOM,11
286,28700,90.27151465415955,54595,54701.36,0,0.4,0.25,20,ONE_POINT,100,100,RANDOM,11
287,28800,90.63023161888123,54531,54567.39,0,0.4,0.25,20,ONE_POINT,100,100,RANDOM,11
288,28900,90.91677713394165,54403,54409.66,0,0.4,0.25,20,ONE_POINT,100,100,RANDOM,11
289,29000,91.20882892608643,54239,54252.28,0,0.4,0.25,20,ONE_POINT,100,100,RANDOM,11
290,29100,91.50700449943542,54149,54154.42,0,0.4,0.25,20,ONE_POINT,100,100,RANDOM,11
291,29200,91.86170411109924,54075,54083.59,0,0.4,0.25,20,ONE_POINT,100,100,RANDOM,11
292,29300,92.1645576953888,53998,54002.65,0,0.4,0.25,20,ONE_POINT,100,100,RANDOM,11
293,29400,92.4576165676117,53945,53954.96,0,0.4,0.25,20,ONE_POINT,100,100,RANDOM,11
294,29500,92.79152321815491,53782,53789.95,0,0.4,0.25,20,ONE_POINT,100,100,RANDOM,11
295,29600,93.1086835861206,53673,53678.45,0,0.4,0.25,20,ONE_POINT,100,100,RANDOM,11
296,29700,93.41032886505127,53541,53549.15,0,0.4,0.25,20,ONE_POINT,100,100,RANDOM,11
297,29800,93.7514317035675,53390,53397.21,0,0.4,0.25,20,ONE_POINT,100,100,RANDOM,11
298,29900,94.06084704399109,53314,53318.56,0,0.4,0.25,20,ONE_POINT,100,100,RANDOM,11
299,30000,94.368159532547,53069,53104.83,0,0.4,0.25,20,ONE_POINT,100,100,RANDOM,11
300,30100,94.70488381385803,52927,52950.05,0,0.4,0.25,20,ONE_POINT,100,100,RANDOM,11
301,30200,95.02703976631165,52817,52822.5,0,0.4,0.25,20,ONE_POINT,100,100,RANDOM,11
302,30300,95.36824679374695,52713,52719.24,0,0.4,0.25,20,ONE_POINT,100,100,RANDOM,11
303,30400,95.70127749443054,52544,52560.31,0,0.4,0.25,20,ONE_POINT,100,100,RANDOM,11
304,30500,96.0175518989563,52467,52472.55,0,0.4,0.25,20,ONE_POINT,100,100,RANDOM,11
305,30600,96.3434956073761,52321,52329.47,0,0.4,0.25,20,ONE_POINT,100,100,RANDOM,11
306,30700,96.66772747039795,52219,52227.6,0,0.4,0.25,20,ONE_POINT,100,100,RANDOM,11
307,30800,96.95355153083801,52098,52105.26,0,0.4,0.25,20,ONE_POINT,100,100,RANDOM,11
308,30900,97.23985028266907,52023,52027.62,0,0.4,0.25,20,ONE_POINT,100,100,RANDOM,11
309,31000,97.52080488204956,51891,51897.76,0,0.4,0.25,20,ONE_POINT,100,100,RANDOM,11
310,31100,97.8347716331482,51851,51891.18,0,0.4,0.25,20,ONE_POINT,100,100,RANDOM,11
311,31200,98.1846866607666,51652,51659.96,0,0.4,0.25,20,ONE_POINT,100,100,RANDOM,11
312,31300,98.52530860900879,51565,51583.98,0,0.4,0.25,20,ONE_POINT,100,100,RANDOM,11
313,31400,98.85673928260803,51494,51547.19,0,0.4,0.25,20,ONE_POINT,100,100,RANDOM,11
314,31500,99.15016436576843,51464,51495.24,0,0.4,0.25,20,ONE_POINT,100,100,RANDOM,11
315,31600,99.4778573513031,51358,51363.82,0,0.4,0.25,20,ONE_POINT,100,100,RANDOM,11
316,31700,99.81051921844482,51229,51237.52,0,0.4,0.25,20,ONE_POINT,100,100,RANDOM,11
317,31800,100.11524701118469,51069,51109.75,0,0.4,0.25,20,ONE_POINT,100,100,RANDOM,11
318,31900,100.45461630821228,50993,51005.08,0,0.4,0.25,20,ONE_POINT,100,100,RANDOM,11
319,32000,100.76265406608582,50949,50953.71,0,0.4,0.25,20,ONE_POINT,100,100,RANDOM,11
320,32100,101.0896782875061,50854,50873.42,0,0.4,0.25,20,ONE_POINT,100,100,RANDOM,11
321,32200,101.42046284675598,50739,50760.57,0,0.4,0.25,20,ONE_POINT,100,100,RANDOM,11
322,32300,101.72214198112488,50606,50614.7,0,0.4,0.25,20,ONE_POINT,100,100,RANDOM,11
323,32400,102.03484225273132,50515,50520.46,0,0.4,0.25,20,ONE_POINT,100,100,RANDOM,11
324,32500,102.37475371360779,50435,50454.68,0,0.4,0.25,20,ONE_POINT,100,100,RANDOM,11
325,32600,102.67618775367737,50330,50336.3,0,0.4,0.25,20,ONE_POINT,100,100,RANDOM,11
326,32700,103.00233054161072,50282,50285.12,0,0.4,0.25,20,ONE_POINT,100,100,RANDOM,11
327,32800,103.32398986816406,50211,50218.93,0,0.4,0.25,20,ONE_POINT,100,100,RANDOM,11
328,32900,103.61401391029358,50164,50168.99,0,0.4,0.25,20,ONE_POINT,100,100,RANDOM,11
329,33000,103.93572998046875,49996,50019.36,0,0.4,0.25,20,ONE_POINT,100,100,RANDOM,11
330,33100,104.23416709899902,49900,49908.08,0,0.4,0.25,20,ONE_POINT,100,100,RANDOM,11
331,33200,104.51989603042603,49738,49746.1,0,0.4,0.25,20,ONE_POINT,100,100,RANDOM,11
332,33300,104.86382365226746,49688,49690.0,0,0.4,0.25,20,ONE_POINT,100,100,RANDOM,11
333,33400,105.16342163085938,49617,49640.09,0,0.4,0.25,20,ONE_POINT,100,100,RANDOM,11
334,33500,105.49163246154785,49539,49545.43,0,0.4,0.25,20,ONE_POINT,100,100,RANDOM,11
335,33600,105.81306576728821,49438,49449.94,0,0.4,0.25,20,ONE_POINT,100,100,RANDOM,11
336,33700,106.13356113433838,49389,49392.76,0,0.4,0.25,20,ONE_POINT,100,100,RANDOM,11
337,33800,106.4518096446991,49278,49284.96,0,0.4,0.25,20,ONE_POINT,100,100,RANDOM,11
338,33900,106.74059176445007,49221,49227.73,0,0.4,0.25,20,ONE_POINT,100,100,RANDOM,11
339,34000,107.08145451545715,49126,49131.7,0,0.4,0.25,20,ONE_POINT,100,100,RANDOM,11
340,34100,107.38854360580444,49079,49083.71,0,0.4,0.25,20,ONE_POINT,100,100,RANDOM,11
341,34200,107.6905517578125,48993,49000.26,0,0.4,0.25,20,ONE_POINT,100,100,RANDOM,11
342,34300,108.03070783615112,48941,48965.87,0,0.4,0.25,20,ONE_POINT,100,100,RANDOM,11
343,34400,108.34171342849731,48873,48877.44,0,0.4,0.25,20,ONE_POINT,100,100,RANDOM,11
344,34500,108.64880514144897,48806,48810.26,0,0.4,0.25,20,ONE_POINT,100,100,RANDOM,11
345,34600,108.95372700691223,48737,48743.07,0,0.4,0.25,20,ONE_POINT,100,100,RANDOM,11
346,34700,109.2471182346344,48667,48670.79,0,0.4,0.25,20,ONE_POINT,100,100,RANDOM,11
347,34800,109.54024887084961,48491,48500.19,0,0.4,0.25,20,ONE_POINT,100,100,RANDOM,11
348,34900,109.82648086547852,48393,48398.88,0,0.4,0.25,20,ONE_POINT,100,100,RANDOM,11
349,35000,110.11698865890503,48331,48334.72,0,0.4,0.25,20,ONE_POINT,100,100,RANDOM,11
350,35100,110.42689657211304,48160,48192.43,0,0.4,0.25,20,ONE_POINT,100,100,RANDOM,11
351,35200,110.72979831695557,48105,48166.18,0,0.4,0.25,20,ONE_POINT,100,100,RANDOM,11
352,35300,111.02712655067444,47947,47964.71,0,0.4,0.25,20,ONE_POINT,100,100,RANDOM,11
353,35400,111.36018085479736,47900,47946.5,0,0.4,0.25,20,ONE_POINT,100,100,RANDOM,11
354,35500,111.70433020591736,47860,47862.42,0,0.4,0.25,20,ONE_POINT,100,100,RANDOM,11
355,35600,112.03505969047546,47757,47762.78,0,0.4,0.25,20,ONE_POINT,100,100,RANDOM,11
356,35700,112.38356614112854,47722,47728.71,0,0.4,0.25,20,ONE_POINT,100,100,RANDOM,11
357,35800,112.73641896247864,47699,47704.69,0,0.4,0.25,20,ONE_POINT,100,100,RANDOM,11
358,35900,113.05795049667358,47640,47644.52,0,0.4,0.25,20,ONE_POINT,100,100,RANDOM,11
359,36000,113.38551378250122,47563,47569.02,0,0.4,0.25,20,ONE_POINT,100,100,RANDOM,11
360,36100,113.70091772079468,47517,47520.22,0,0.4,0.25,20,ONE_POINT,100,100,RANDOM,11
361,36200,113.99104857444763,47475,47486.44,0,0.4,0.25,20,ONE_POINT,100,100,RANDOM,11
362,36300,114.29463911056519,47408,47411.35,0,0.4,0.25,20,ONE_POINT,100,100,RANDOM,11
363,36400,114.58254194259644,47317,47324.01,0,0.4,0.25,20,ONE_POINT,100,100,RANDOM,11
364,36500,114.90835785865784,47215,47221.79,0,0.4,0.25,20,ONE_POINT,100,100,RANDOM,11
365,36600,115.22792387008667,47066,47078.41,0,0.4,0.25,20,ONE_POINT,100,100,RANDOM,11
366,36700,115.52715349197388,47019,47054.76,0,0.4,0.25,20,ONE_POINT,100,100,RANDOM,11
367,36800,115.83258724212646,46966,46970.46,0,0.4,0.25,20,ONE_POINT,100,100,RANDOM,11
368,36900,116.15059614181519,46893,46898.66,0,0.4,0.25,20,ONE_POINT,100,100,RANDOM,11
369,37000,116.48858857154846,46841,46845.42,0,0.4,0.25,20,ONE_POINT,100,100,RANDOM,11
370,37100,116.82272434234619,46752,46757.86,0,0.4,0.25,20,ONE_POINT,100,100,RANDOM,11
371,37200,117.11835861206055,46655,46660.7,0,0.4,0.25,20,ONE_POINT,100,100,RANDOM,11
372,37300,117.43618988990784,46549,46555.77,0,0.4,0.25,20,ONE_POINT,100,100,RANDOM,11
373,37400,117.73032450675964,46518,46521.23,0,0.4,0.25,20,ONE_POINT,100,100,RANDOM,11
374,37500,118.06194305419922,46482,46485.27,0,0.4,0.25,20,ONE_POINT,100,100,RANDOM,11
375,37600,118.35571122169495,46369,46385.71,0,0.4,0.25,20,ONE_POINT,100,100,RANDOM,11
376,37700,118.70035791397095,46258,46304.34,0,0.4,0.25,20,ONE_POINT,100,100,RANDOM,11
377,37800,118.9839539527893,46230,46235.9,0,0.4,0.25,20,ONE_POINT,100,100,RANDOM,11
378,37900,119.30774140357971,46147,46157.45,0,0.4,0.25,20,ONE_POINT,100,100,RANDOM,11
379,38000,119.60979509353638,46117,46119.7,0,0.4,0.25,20,ONE_POINT,100,100,RANDOM,11
380,38100,119.95332360267639,45990,45997.62,0,0.4,0.25,20,ONE_POINT,100,100,RANDOM,11
381,38200,120.25624871253967,45920,45972.94,0,0.4,0.25,20,ONE_POINT,100,100,RANDOM,11
382,38300,120.56856346130371,45857,45867.48,0,0.4,0.25,20,ONE_POINT,100,100,RANDOM,11
383,38400,120.86188101768494,45813,45824.5,0,0.4,0.25,20,ONE_POINT,100,100,RANDOM,11
384,38500,121.1765820980072,45672,45681.34,0,0.4,0.25,20,ONE_POINT,100,100,RANDOM,11
385,38600,121.4706552028656,45568,45584.51,0,0.4,0.25,20,ONE_POINT,100,100,RANDOM,11
386,38700,121.79551005363464,45528,45534.36,0,0.4,0.25,20,ONE_POINT,100,100,RANDOM,11
387,38800,122.08099865913391,45459,45463.14,0,0.4,0.25,20,ONE_POINT,100,100,RANDOM,11
388,38900,122.37999773025513,45407,45412.83,0,0.4,0.25,20,ONE_POINT,100,100,RANDOM,11
389,39000,122.66632223129272,45392,45398.96,0,0.4,0.25,20,ONE_POINT,100,100,RANDOM,11
390,39100,123.00455522537231,45365,45367.7,0,0.4,0.25,20,ONE_POINT,100,100,RANDOM,11
391,39200,123.30064868927002,45300,45305.2,0,0.4,0.25,20,ONE_POINT,100,100,RANDOM,11
392,39300,123.59211254119873,45250,45292.04,0,0.4,0.25,20,ONE_POINT,100,100,RANDOM,11
393,39400,123.91295289993286,45196,45239.72,0,0.4,0.25,20,ONE_POINT,100,100,RANDOM,11
394,39500,124.20580720901489,45151,45156.92,0,0.4,0.25,20,ONE_POINT,100,100,RANDOM,11
395,39600,124.51579356193542,45104,45108.21,0,0.4,0.25,20,ONE_POINT,100,100,RANDOM,11
396,39700,124.86765027046204,45039,45044.41,0,0.4,0.25,20,ONE_POINT,100,100,RANDOM,11
397,39800,125.18258357048035,44986,44994.06,0,0.4,0.25,20,ONE_POINT,100,100,RANDOM,11
398,39900,125.50708723068237,44927,44931.72,0,0.4,0.25,20,ONE_POINT,100,100,RANDOM,11
399,40000,125.83901023864746,44843,44848.97,0,0.4,0.25,20,ONE_POINT,100,100,RANDOM,11
400,40100,126.12968826293945,44836,44836.96,0,0.4,0.25,20,ONE_POINT,100,100,RANDOM,11
401,40200,126.42638850212097,44769,44775.24,0,0.4,0.25,20,ONE_POINT,100,100,RANDOM,11
402,40300,126.73516798019409,44682,44715.57,0,0.4,0.25,20,ONE_POINT,100,100,RANDOM,11
403,40400,127.0810854434967,44605,44609.71,0,0.4,0.25,20,ONE_POINT,100,100,RANDOM,11
404,40500,127.41817355155945,44570,44584.53,0,0.4,0.25,20,ONE_POINT,100,100,RANDOM,11
405,40600,127.72483539581299,44531,44535.31,0,0.4,0.25,20,ONE_POINT,100,100,RANDOM,11
406,40700,128.0261311531067,44481,44485.41,0,0.4,0.25,20,ONE_POINT,100,100,RANDOM,11
407,40800,128.34102988243103,44440,44445.9,0,0.4,0.25,20,ONE_POINT,100,100,RANDOM,11
408,40900,128.67410707473755,44413,44417.32,0,0.4,0.25,20,ONE_POINT,100,100,RANDOM,11
409,41000,129.00424337387085,44359,44367.25,0,0.4,0.25,20,ONE_POINT,100,100,RANDOM,11
410,41100,129.34762978553772,44309,44312.82,0,0.4,0.25,20,ONE_POINT,100,100,RANDOM,11
411,41200,129.6900372505188,44289,44342.19,0,0.4,0.25,20,ONE_POINT,100,100,RANDOM,11
412,41300,129.99606442451477,44249,44252.21,0,0.4,0.25,20,ONE_POINT,100,100,RANDOM,11
413,41400,130.2978777885437,44211,44216.5,0,0.4,0.25,20,ONE_POINT,100,100,RANDOM,11
414,41500,130.63092279434204,44149,44155.1,0,0.4,0.25,20,ONE_POINT,100,100,RANDOM,11
415,41600,130.96351194381714,44098,44105.02,0,0.4,0.25,20,ONE_POINT,100,100,RANDOM,11
416,41700,131.25030374526978,44056,44063.75,0,0.4,0.25,20,ONE_POINT,100,100,RANDOM,11
417,41800,131.54529809951782,44034,44036.04,0,0.4,0.25,20,ONE_POINT,100,100,RANDOM,11
418,41900,131.87232780456543,44022,44024.77,0,0.4,0.25,20,ONE_POINT,100,100,RANDOM,11
419,42000,132.2195975780487,43987,43992.12,0,0.4,0.25,20,ONE_POINT,100,100,RANDOM,11
420,42100,132.54855704307556,43881,43948.1,0,0.4,0.25,20,ONE_POINT,100,100,RANDOM,11
421,42200,132.8375973701477,43855,43916.03,0,0.4,0.25,20,ONE_POINT,100,100,RANDOM,11
422,42300,133.17073392868042,43840,43846.63,0,0.4,0.25,20,ONE_POINT,100,100,RANDOM,11
423,42400,133.48420572280884,43792,43795.91,0,0.4,0.25,20,ONE_POINT,100,100,RANDOM,11
424,42500,133.8088982105255,43736,43879.41,0,0.4,0.25,20,ONE_POINT,100,100,RANDOM,11
425,42600,134.10698008537292,43661,43774.52,0,0.4,0.25,20,ONE_POINT,100,100,RANDOM,11
426,42700,134.45330214500427,43634,43636.84,0,0.4,0.25,20,ONE_POINT,100,100,RANDOM,11
427,42800,134.7745749950409,43599,43610.06,0,0.4,0.25,20,ONE_POINT,100,100,RANDOM,11
428,42900,135.06152963638306,43528,43534.32,0,0.4,0.25,20,ONE_POINT,100,100,RANDOM,11
429,43000,135.35088849067688,43485,43488.44,0,0.4,0.25,20,ONE_POINT,100,100,RANDOM,11
430,43100,135.64466214179993,43466,43468.46,0,0.4,0.25,20,ONE_POINT,100,100,RANDOM,11
431,43200,135.96243524551392,43386,43391.18,0,0.4,0.25,20,ONE_POINT,100,100,RANDOM,11
432,43300,136.2530641555786,43296,43306.09,0,0.4,0.25,20,ONE_POINT,100,100,RANDOM,11
433,43400,136.5689458847046,43253,43270.26,0,0.4,0.25,20,ONE_POINT,100,100,RANDOM,11
434,43500,136.90142154693604,43233,43235.61,0,0.4,0.25,20,ONE_POINT,100,100,RANDOM,11
435,43600,137.18576860427856,43205,43207.87,0,0.4,0.25,20,ONE_POINT,100,100,RANDOM,11
436,43700,137.50309324264526,43124,43136.19,0,0.4,0.25,20,ONE_POINT,100,100,RANDOM,11
437,43800,137.82296419143677,43050,43101.68,0,0.4,0.25,20,ONE_POINT,100,100,RANDOM,11
438,43900,138.13924312591553,43020,43026.65,0,0.4,0.25,20,ONE_POINT,100,100,RANDOM,11
439,44000,138.45280146598816,42915,42922.01,0,0.4,0.25,20,ONE_POINT,100,100,RANDOM,11
440,44100,138.77846312522888,42892,42917.9,0,0.4,0.25,20,ONE_POINT,100,100,RANDOM,11
441,44200,139.07319116592407,42839,42843.27,0,0.4,0.25,20,ONE_POINT,100,100,RANDOM,11
442,44300,139.3647825717926,42804,42812.07,0,0.4,0.25,20,ONE_POINT,100,100,RANDOM,11
443,44400,139.6996922492981,42766,42774.08,0,0.4,0.25,20,ONE_POINT,100,100,RANDOM,11
444,44500,140.00049543380737,42747,42875.57,0,0.4,0.25,20,ONE_POINT,100,100,RANDOM,11
445,44600,140.2985475063324,42707,42714.71,0,0.4,0.25,20,ONE_POINT,100,100,RANDOM,11
446,44700,140.6445243358612,42654,42659.22,0,0.4,0.25,20,ONE_POINT,100,100,RANDOM,11
447,44800,140.9390585422516,42539,42570.39,0,0.4,0.25,20,ONE_POINT,100,100,RANDOM,11
448,44900,141.26851963996887,42422,42435.06,0,0.4,0.25,20,ONE_POINT,100,100,RANDOM,11
449,45000,141.55223393440247,42371,42374.95,0,0.4,0.25,20,ONE_POINT,100,100,RANDOM,11
450,45100,141.8603868484497,42272,42286.76,0,0.4,0.25,20,ONE_POINT,100,100,RANDOM,11
451,45200,142.16881132125854,42202,42211.79,0,0.4,0.25,20,ONE_POINT,100,100,RANDOM,11
452,45300,142.52113842964172,41948,41966.96,0,0.4,0.25,20,ONE_POINT,100,100,RANDOM,11
453,45400,142.8477988243103,41915,41931.47,0,0.4,0.25,20,ONE_POINT,100,100,RANDOM,11
454,45500,143.15951776504517,41901,41902.54,0,0.4,0.25,20,ONE_POINT,100,100,RANDOM,11
455,45600,143.49127531051636,41888,41889.97,0,0.4,0.25,20,ONE_POINT,100,100,RANDOM,11
456,45700,143.7850546836853,41857,41860.24,0,0.4,0.25,20,ONE_POINT,100,100,RANDOM,11
457,45800,144.08640050888062,41775,41781.36,0,0.4,0.25,20,ONE_POINT,100,100,RANDOM,11
458,45900,144.38816356658936,41704,41710.4,0,0.4,0.25,20,ONE_POINT,100,100,RANDOM,11
459,46000,144.67959237098694,41676,41689.1,0,0.4,0.25,20,ONE_POINT,100,100,RANDOM,11
460,46100,144.99865293502808,41664,41667.38,0,0.4,0.25,20,ONE_POINT,100,100,RANDOM,11
461,46200,145.29164719581604,41648,41659.13,0,0.4,0.25,20,ONE_POINT,100,100,RANDOM,11
462,46300,145.60024452209473,41408,41421.62,0,0.4,0.25,20,ONE_POINT,100,100,RANDOM,11
463,46400,145.90639209747314,41345,41358.5,0,0.4,0.25,20,ONE_POINT,100,100,RANDOM,11
464,46500,146.20849347114563,41324,41327.49,0,0.4,0.25,20,ONE_POINT,100,100,RANDOM,11
465,46600,146.50614047050476,41292,41296.54,0,0.4,0.25,20,ONE_POINT,100,100,RANDOM,11
466,46700,146.8099286556244,41226,41235.4,0,0.4,0.25,20,ONE_POINT,100,100,RANDOM,11
467,46800,147.12115287780762,41109,41116.01,0,0.4,0.25,20,ONE_POINT,100,100,RANDOM,11
468,46900,147.45995903015137,41074,41129.02,0,0.4,0.25,20,ONE_POINT,100,100,RANDOM,11
469,47000,147.79926776885986,41039,41089.29,0,0.4,0.25,20,ONE_POINT,100,100,RANDOM,11
470,47100,148.09626865386963,40990,41000.02,0,0.4,0.25,20,ONE_POINT,100,100,RANDOM,11
471,47200,148.39111495018005,40971,40976.85,0,0.4,0.25,20,ONE_POINT,100,100,RANDOM,11
472,47300,148.69823002815247,40949,40951.39,0,0.4,0.25,20,ONE_POINT,100,100,RANDOM,11
473,47400,148.99347114562988,40914,40919.15,0,0.4,0.25,20,ONE_POINT,100,100,RANDOM,11
474,47500,149.3086576461792,40861,40869.65,0,0.4,0.25,20,ONE_POINT,100,100,RANDOM,11
475,47600,149.65164613723755,40826,40854.09,0,0.4,0.25,20,ONE_POINT,100,100,RANDOM,11
476,47700,149.95668172836304,40792,40803.53,0,0.4,0.25,20,ONE_POINT,100,100,RANDOM,11
477,47800,150.23943066596985,40554,40627.8,0,0.4,0.25,20,ONE_POINT,100,100,RANDOM,11
478,47900,150.57641768455505,40519,40527.53,0,0.4,0.25,20,ONE_POINT,100,100,RANDOM,11
479,48000,150.8653907775879,40507,40514.82,0,0.4,0.25,20,ONE_POINT,100,100,RANDOM,11
480,48100,151.17643189430237,40482,40498.97,0,0.4,0.25,20,ONE_POINT,100,100,RANDOM,11
481,48200,151.5092270374298,40437,40447.31,0,0.4,0.25,20,ONE_POINT,100,100,RANDOM,11
482,48300,151.84255003929138,40412,40421.16,0,0.4,0.25,20,ONE_POINT,100,100,RANDOM,11
483,48400,152.16011548042297,40387,40396.47,0,0.4,0.25,20,ONE_POINT,100,100,RANDOM,11
484,48500,152.50554847717285,40368,40374.33,0,0.4,0.25,20,ONE_POINT,100,100,RANDOM,11
485,48600,152.81121015548706,40334,40344.08,0,0.4,0.25,20,ONE_POINT,100,100,RANDOM,11
486,48700,153.1204080581665,40286,40291.12,0,0.4,0.25,20,ONE_POINT,100,100,RANDOM,11
487,48800,153.47745609283447,40245,40248.95,0,0.4,0.25,20,ONE_POINT,100,100,RANDOM,11
488,48900,153.81656742095947,40227,40229.35,0,0.4,0.25,20,ONE_POINT,100,100,RANDOM,11
489,49000,154.12550950050354,40135,40146.35,0,0.4,0.25,20,ONE_POINT,100,100,RANDOM,11
490,49100,154.4453673362732,40091,40103.59,0,0.4,0.25,20,ONE_POINT,100,100,RANDOM,11
491,49200,154.77694082260132,40049,40122.86,0,0.4,0.25,20,ONE_POINT,100,100,RANDOM,11
492,49300,155.1020245552063,40004,40008.58,0,0.4,0.25,20,ONE_POINT,100,100,RANDOM,11
493,49400,155.390949010849,39914,39923.07,0,0.4,0.25,20,ONE_POINT,100,100,RANDOM,11
494,49500,155.70962381362915,39878,39884.58,0,0.4,0.25,20,ONE_POINT,100,100,RANDOM,11
495,49600,156.02140522003174,39805,39809.34,0,0.4,0.25,20,ONE_POINT,100,100,RANDOM,11
496,49700,156.32659792900085,39783,39785.17,0,0.4,0.25,20,ONE_POINT,100,100,RANDOM,11
497,49800,156.6480565071106,39740,39760.45,0,0.4,0.25,20,ONE_POINT,100,100,RANDOM,11
498,49900,156.9414427280426,39706,39736.38,0,0.4,0.25,20,ONE_POINT,100,100,RANDOM,11
499,50000,157.25500750541687,39682,39684.22,0,0.4,0.25,20,ONE_POINT,100,100,RANDOM,11
500,50100,157.5738308429718,39607,39612.49,0,0.4,0.25,20,ONE_POINT,100,100,RANDOM,11
1,200,0.1973896026611328,137658,136481.96,0,0.4,0.25,20,ONE_POINT,100,100,RANDOM,12
2,300,0.5065779685974121,134976,135007.63,0,0.4,0.25,20,ONE_POINT,100,100,RANDOM,12
3,400,0.8525490760803223,133405,133436.42,0,0.4,0.25,20,ONE_POINT,100,100,RANDOM,12
4,500,1.196615219116211,132921,132936.46,0,0.4,0.25,20,ONE_POINT,100,100,RANDOM,12
5,600,1.54194974899292,131234,131273.64,0,0.4,0.25,20,ONE_POINT,100,100,RANDOM,12
6,700,1.8585364818572998,130021,130042.36,0,0.4,0.25,20,ONE_POINT,100,100,RANDOM,12
7,800,2.1479039192199707,128702,128730.02,0,0.4,0.25,20,ONE_POINT,100,100,RANDOM,12
8,900,2.4764456748962402,128093,128180.25,0,0.4,0.25,20,ONE_POINT,100,100,RANDOM,12
9,1000,2.7707135677337646,127253,127271.42,0,0.4,0.25,20,ONE_POINT,100,100,RANDOM,12
10,1100,3.126979112625122,126841,126853.63,0,0.4,0.25,20,ONE_POINT,100,100,RANDOM,12
11,1200,3.4589309692382812,126492,126505.96,0,0.4,0.25,20,ONE_POINT,100,100,RANDOM,12
12,1300,3.7945656776428223,124980,125011.55,0,0.4,0.25,20,ONE_POINT,100,100,RANDOM,12
13,1400,4.130017518997192,124590,124602.81,0,0.4,0.25,20,ONE_POINT,100,100,RANDOM,12
14,1500,4.421882629394531,123654,123685.98,0,0.4,0.25,20,ONE_POINT,100,100,RANDOM,12
15,1600,4.750691652297974,123072,123089.46,0,0.4,0.25,20,ONE_POINT,100,100,RANDOM,12
16,1700,5.038386583328247,122481,122600.44,0,0.4,0.25,20,ONE_POINT,100,100,RANDOM,12
17,1800,5.358053922653198,121402,121445.16,0,0.4,0.25,20,ONE_POINT,100,100,RANDOM,12
18,1900,5.691783666610718,120874,120894.92,0,0.4,0.25,20,ONE_POINT,100,100,RANDOM,12
19,2000,6.0408360958099365,120398,120421.16,0,0.4,0.25,20,ONE_POINT,100,100,RANDOM,12
20,2100,6.348620176315308,119854,119870.32,0,0.4,0.25,20,ONE_POINT,100,100,RANDOM,12
21,2200,6.643048048019409,118988,119005.32,0,0.4,0.25,20,ONE_POINT,100,100,RANDOM,12
22,2300,6.9577131271362305,118682,118693.92,0,0.4,0.25,20,ONE_POINT,100,100,RANDOM,12
23,2400,7.289398908615112,117890,117921.68,0,0.4,0.25,20,ONE_POINT,100,100,RANDOM,12
24,2500,7.624340534210205,117649,117657.42,0,0.4,0.25,20,ONE_POINT,100,100,RANDOM,12
25,2600,7.954200744628906,116690,116750.89,0,0.4,0.25,20,ONE_POINT,100,100,RANDOM,12
26,2700,8.280664682388306,115952,115981.52,0,0.4,0.25,20,ONE_POINT,100,100,RANDOM,12
27,2800,8.605634689331055,115451,115487.48,0,0.4,0.25,20,ONE_POINT,100,100,RANDOM,12
28,2900,8.920422792434692,114744,114765.37,0,0.4,0.25,20,ONE_POINT,100,100,RANDOM,12
29,3000,9.242336988449097,114506,114514.31,0,0.4,0.25,20,ONE_POINT,100,100,RANDOM,12
30,3100,9.534876108169556,113982,114002.96,0,0.4,0.25,20,ONE_POINT,100,100,RANDOM,12
31,3200,9.844441175460815,113659,113677.67,0,0.4,0.25,20,ONE_POINT,100,100,RANDOM,12
32,3300,10.134687185287476,112969,112989.7,0,0.4,0.25,20,ONE_POINT,100,100,RANDOM,12
33,3400,10.42714262008667,112349,112361.4,0,0.4,0.25,20,ONE_POINT,100,100,RANDOM,12
34,3500,10.72139286994934,111969,111984.24,0,0.4,0.25,20,ONE_POINT,100,100,RANDOM,12
35,3600,11.06041955947876,111186,111208.82,0,0.4,0.25,20,ONE_POINT,100,100,RANDOM,12
36,3700,11.389244318008423,110752,110769.13,0,0.4,0.25,20,ONE_POINT,100,100,RANDOM,12
37,3800,11.673655986785889,110065,110078.74,0,0.4,0.25,20,ONE_POINT,100,100,RANDOM,12
38,3900,11.979605197906494,109373,109386.52,0,0.4,0.25,20,ONE_POINT,100,100,RANDOM,12
39,4000,12.3186674118042,108954,108974.77,0,0.4,0.25,20,ONE_POINT,100,100,RANDOM,12
40,4100,12.64374041557312,107700,107748.63,0,0.4,0.25,20,ONE_POINT,100,100,RANDOM,12
41,4200,12.974675416946411,107379,107391.84,0,0.4,0.25,20,ONE_POINT,100,100,RANDOM,12
42,4300,13.303341388702393,106611,106630.25,0,0.4,0.25,20,ONE_POINT,100,100,RANDOM,12
43,4400,13.64443588256836,106057,106078.68,0,0.4,0.25,20,ONE_POINT,100,100,RANDOM,12
44,4500,13.931912183761597,105700,105714.52,0,0.4,0.25,20,ONE_POINT,100,100,RANDOM,12
45,4600,14.243540048599243,105451,105462.44,0,0.4,0.25,20,ONE_POINT,100,100,RANDOM,12
46,4700,14.56673264503479,104747,104761.41,0,0.4,0.25,20,ONE_POINT,100,100,RANDOM,12
47,4800,14.887944459915161,104366,104376.22,0,0.4,0.25,20,ONE_POINT,100,100,RANDOM,12
48,4900,15.201595306396484,103924,104029.14,0,0.4,0.25,20,ONE_POINT,100,100,RANDOM,12
49,5000,15.488608837127686,103414,103434.4,0,0.4,0.25,20,ONE_POINT,100,100,RANDOM,12
50,5100,15.828628063201904,103151,103166.62,0,0.4,0.25,20,ONE_POINT,100,100,RANDOM,12
51,5200,16.18045210838318,102937,102966.29,0,0.4,0.25,20,ONE_POINT,100,100,RANDOM,12
52,5300,16.507203102111816,102338,102360.04,0,0.4,0.25,20,ONE_POINT,100,100,RANDOM,12
53,5400,16.853434324264526,101707,101719.62,0,0.4,0.25,20,ONE_POINT,100,100,RANDOM,12
54,5500,17.146519899368286,101008,101059.29,0,0.4,0.25,20,ONE_POINT,100,100,RANDOM,12
55,5600,17.497867345809937,100454,100470.72,0,0.4,0.25,20,ONE_POINT,100,100,RANDOM,12
56,5700,17.83827829360962,100258,100272.46,0,0.4,0.25,20,ONE_POINT,100,100,RANDOM,12
57,5800,18.132411003112793,100143,100193.62,0,0.4,0.25,20,ONE_POINT,100,100,RANDOM,12
58,5900,18.433528661727905,99390,99425.26,0,0.4,0.25,20,ONE_POINT,100,100,RANDOM,12
59,6000,18.73917031288147,99091,99175.83,0,0.4,0.25,20,ONE_POINT,100,100,RANDOM,12
60,6100,19.06317949295044,98945,98978.78,0,0.4,0.25,20,ONE_POINT,100,100,RANDOM,12
61,6200,19.37346363067627,98734,98742.33,0,0.4,0.25,20,ONE_POINT,100,100,RANDOM,12
62,6300,19.671295642852783,98205,98223.31,0,0.4,0.25,20,ONE_POINT,100,100,RANDOM,12
63,6400,19.96344304084778,97872,97881.99,0,0.4,0.25,20,ONE_POINT,100,100,RANDOM,12
64,6500,20.3066565990448,96938,96981.94,0,0.4,0.25,20,ONE_POINT,100,100,RANDOM,12
65,6600,20.602233171463013,96628,96637.07,0,0.4,0.25,20,ONE_POINT,100,100,RANDOM,12
66,6700,20.921732425689697,96248,96260.07,0,0.4,0.25,20,ONE_POINT,100,100,RANDOM,12
67,6800,21.22485852241516,96004,96018.19,0,0.4,0.25,20,ONE_POINT,100,100,RANDOM,12
68,6900,21.53160810470581,95703,95715.8,0,0.4,0.25,20,ONE_POINT,100,100,RANDOM,12
69,7000,21.84176230430603,95408,95430.57,0,0.4,0.25,20,ONE_POINT,100,100,RANDOM,12
70,7100,22.16469430923462,94862,94878.38,0,0.4,0.25,20,ONE_POINT,100,100,RANDOM,12
71,7200,22.46928071975708,94482,94493.78,0,0.4,0.25,20,ONE_POINT,100,100,RANDOM,12
72,7300,22.806646823883057,94358,94364.75,0,0.4,0.25,20,ONE_POINT,100,100,RANDOM,12
73,7400,23.13906717300415,94177,94182.26,0,0.4,0.25,20,ONE_POINT,100,100,RANDOM,12
74,7500,23.43972110748291,93874,93910.9,0,0.4,0.25,20,ONE_POINT,100,100,RANDOM,12
75,7600,23.7507107257843,93717,93723.49,0,0.4,0.25,20,ONE_POINT,100,100,RANDOM,12
76,7700,24.078917503356934,93475,93516.89,0,0.4,0.25,20,ONE_POINT,100,100,RANDOM,12
77,7800,24.369535207748413,93233,93238.32,0,0.4,0.25,20,ONE_POINT,100,100,RANDOM,12
78,7900,24.700721263885498,92913,92981.18,0,0.4,0.25,20,ONE_POINT,100,100,RANDOM,12
79,8000,25.06639552116394,92671,92684.6,0,0.4,0.25,20,ONE_POINT,100,100,RANDOM,12
80,8100,25.352283716201782,92396,92405.18,0,0.4,0.25,20,ONE_POINT,100,100,RANDOM,12
81,8200,25.69922113418579,91778,91796.54,0,0.4,0.25,20,ONE_POINT,100,100,RANDOM,12
82,8300,25.986650466918945,91610,91618.02,0,0.4,0.25,20,ONE_POINT,100,100,RANDOM,12
83,8400,26.318681240081787,91424,91431.44,0,0.4,0.25,20,ONE_POINT,100,100,RANDOM,12
84,8500,26.604746341705322,90888,90907.8,0,0.4,0.25,20,ONE_POINT,100,100,RANDOM,12
85,8600,26.889532327651978,90545,90557.91,0,0.4,0.25,20,ONE_POINT,100,100,RANDOM,12
86,8700,27.2307071685791,90262,90269.7,0,0.4,0.25,20,ONE_POINT,100,100,RANDOM,12
87,8800,27.562168836593628,89889,89900.08,0,0.4,0.25,20,ONE_POINT,100,100,RANDOM,12
88,8900,27.856863021850586,89521,89528.59,0,0.4,0.25,20,ONE_POINT,100,100,RANDOM,12
89,9000,28.151490688323975,89238,89246.67,0,0.4,0.25,20,ONE_POINT,100,100,RANDOM,12
90,9100,28.44149398803711,88805,88817.99,0,0.4,0.25,20,ONE_POINT,100,100,RANDOM,12
91,9200,28.72535228729248,88329,88338.92,0,0.4,0.25,20,ONE_POINT,100,100,RANDOM,12
92,9300,29.020385265350342,88032,88041.94,0,0.4,0.25,20,ONE_POINT,100,100,RANDOM,12
93,9400,29.310548543930054,87742,87761.75,0,0.4,0.25,20,ONE_POINT,100,100,RANDOM,12
94,9500,29.609471321105957,87180,87243.4,0,0.4,0.25,20,ONE_POINT,100,100,RANDOM,12
95,9600,29.907878398895264,87037,87042.72,0,0.4,0.25,20,ONE_POINT,100,100,RANDOM,12
96,9700,30.19374394416809,86569,86578.36,0,0.4,0.25,20,ONE_POINT,100,100,RANDOM,12
97,9800,30.489486932754517,86097,86113.45,0,0.4,0.25,20,ONE_POINT,100,100,RANDOM,12
98,9900,30.77892827987671,85878,85888.38,0,0.4,0.25,20,ONE_POINT,100,100,RANDOM,12
99,10000,31.077373504638672,85680,85688.62,0,0.4,0.25,20,ONE_POINT,100,100,RANDOM,12
100,10100,31.393237113952637,85196,85205.68,0,0.4,0.25,20,ONE_POINT,100,100,RANDOM,12
101,10200,31.706346035003662,84862,84875.36,0,0.4,0.25,20,ONE_POINT,100,100,RANDOM,12
102,10300,32.014527559280396,84694,84712.13,0,0.4,0.25,20,ONE_POINT,100,100,RANDOM,12
103,10400,32.32331895828247,84540,84549.34,0,0.4,0.25,20,ONE_POINT,100,100,RANDOM,12
104,10500,32.6164014339447,84389,84390.51,0,0.4,0.25,20,ONE_POINT,100,100,RANDOM,12
105,10600,32.952608823776245,83917,83931.91,0,0.4,0.25,20,ONE_POINT,100,100,RANDOM,12
106,10700,33.285465240478516,83585,83594.96,0,0.4,0.25,20,ONE_POINT,100,100,RANDOM,12
107,10800,33.60983848571777,83371,83383.15,0,0.4,0.25,20,ONE_POINT,100,100,RANDOM,12
108,10900,33.934585094451904,83058,83067.39,0,0.4,0.25,20,ONE_POINT,100,100,RANDOM,12
109,11000,34.232014656066895,82711,82738.53,0,0.4,0.25,20,ONE_POINT,100,100,RANDOM,12
110,11100,34.56929564476013,82513,82518.91,0,0.4,0.25,20,ONE_POINT,100,100,RANDOM,12
111,11200,34.90584945678711,82193,82206.58,0,0.4,0.25,20,ONE_POINT,100,100,RANDOM,12
112,11300,35.19920635223389,82050,82058.16,0,0.4,0.25,20,ONE_POINT,100,100,RANDOM,12
113,11400,35.519407510757446,81768,81777.13,0,0.4,0.25,20,ONE_POINT,100,100,RANDOM,12
114,11500,35.83766460418701,81448,81463.13,0,0.4,0.25,20,ONE_POINT,100,100,RANDOM,12
115,11600,36.158528327941895,81231,81239.34,0,0.4,0.25,20,ONE_POINT,100,100,RANDOM,12
116,11700,36.47485899925232,81065,81071.64,0,0.4,0.25,20,ONE_POINT,100,100,RANDOM,12
117,11800,36.783679723739624,80756,80768.36,0,0.4,0.25,20,ONE_POINT,100,100,RANDOM,12
118,11900,37.089595794677734,80372,80406.91,0,0.4,0.25,20,ONE_POINT,100,100,RANDOM,12
119,12000,37.404242753982544,80130,80135.45,0,0.4,0.25,20,ONE_POINT,100,100,RANDOM,12
120,12100,37.699867248535156,79883,79887.94,0,0.4,0.25,20,ONE_POINT,100,100,RANDOM,12
121,12200,38.03295874595642,79637,79649.58,0,0.4,0.25,20,ONE_POINT,100,100,RANDOM,12
122,12300,38.33794903755188,79454,79460.78,0,0.4,0.25,20,ONE_POINT,100,100,RANDOM,12
123,12400,38.68819189071655,79263,79269.33,0,0.4,0.25,20,ONE_POINT,100,100,RANDOM,12
124,12500,38.97017431259155,78831,78839.64,0,0.4,0.25,20,ONE_POINT,100,100,RANDOM,12
125,12600,39.317763805389404,78695,78700.25,0,0.4,0.25,20,ONE_POINT,100,100,RANDOM,12
126,12700,39.60410213470459,78438,78450.45,0,0.4,0.25,20,ONE_POINT,100,100,RANDOM,12
127,12800,39.89969539642334,78210,78222.06,0,0.4,0.25,20,ONE_POINT,100,100,RANDOM,12
128,12900,40.205143213272095,77989,78007.22,0,0.4,0.25,20,ONE_POINT,100,100,RANDOM,12
129,13000,40.49245643615723,77763,77780.41,0,0.4,0.25,20,ONE_POINT,100,100,RANDOM,12
130,13100,40.77641296386719,77541,77547.77,0,0.4,0.25,20,ONE_POINT,100,100,RANDOM,12
131,13200,41.088066816329956,77360,77369.05,0,0.4,0.25,20,ONE_POINT,100,100,RANDOM,12
132,13300,41.37964463233948,77230,77235.75,0,0.4,0.25,20,ONE_POINT,100,100,RANDOM,12
133,13400,41.67506432533264,77049,77056.24,0,0.4,0.25,20,ONE_POINT,100,100,RANDOM,12
134,13500,42.02503776550293,76860,76868.83,0,0.4,0.25,20,ONE_POINT,100,100,RANDOM,12
135,13600,42.3679883480072,76680,76696.94,0,0.4,0.25,20,ONE_POINT,100,100,RANDOM,12
136,13700,42.66582536697388,76553,76566.63,0,0.4,0.25,20,ONE_POINT,100,100,RANDOM,12
137,13800,42.95065498352051,76351,76359.54,0,0.4,0.25,20,ONE_POINT,100,100,RANDOM,12
138,13900,43.2384192943573,76203,76212.26,0,0.4,0.25,20,ONE_POINT,100,100,RANDOM,12
139,14000,43.536609411239624,76095,76114.07,0,0.4,0.25,20,ONE_POINT,100,100,RANDOM,12
140,14100,43.85932683944702,75836,75862.51,0,0.4,0.25,20,ONE_POINT,100,100,RANDOM,12
141,14200,44.144446849823,75669,75675.68,0,0.4,0.25,20,ONE_POINT,100,100,RANDOM,12
142,14300,44.4301233291626,75383,75407.3,0,0.4,0.25,20,ONE_POINT,100,100,RANDOM,12
143,14400,44.7531521320343,75221,75229.1,0,0.4,0.25,20,ONE_POINT,100,100,RANDOM,12
144,14500,45.044837474823,75051,75095.53,0,0.4,0.25,20,ONE_POINT,100,100,RANDOM,12
145,14600,45.384822368621826,74813,74821.49,0,0.4,0.25,20,ONE_POINT,100,100,RANDOM,12
146,14700,45.736494064331055,74424,74435.09,0,0.4,0.25,20,ONE_POINT,100,100,RANDOM,12
147,14800,46.03833794593811,74263,74269.44,0,0.4,0.25,20,ONE_POINT,100,100,RANDOM,12
148,14900,46.32855415344238,74020,74029.72,0,0.4,0.25,20,ONE_POINT,100,100,RANDOM,12
149,15000,46.629610776901245,73719,73732.11,0,0.4,0.25,20,ONE_POINT,100,100,RANDOM,12
150,15100,46.979161500930786,73401,73425.03,0,0.4,0.25,20,ONE_POINT,100,100,RANDOM,12
151,15200,47.28223514556885,73182,73190.76,0,0.4,0.25,20,ONE_POINT,100,100,RANDOM,12
152,15300,47.61992144584656,73054,73059.62,0,0.4,0.25,20,ONE_POINT,100,100,RANDOM,12
153,15400,47.99160194396973,72820,72829.26,0,0.4,0.25,20,ONE_POINT,100,100,RANDOM,12
154,15500,48.29888558387756,72672,72677.86,0,0.4,0.25,20,ONE_POINT,100,100,RANDOM,12
155,15600,48.646125078201294,72469,72476.92,0,0.4,0.25,20,ONE_POINT,100,100,RANDOM,12
156,15700,48.9523651599884,72096,72119.56,0,0.4,0.25,20,ONE_POINT,100,100,RANDOM,12
157,15800,49.25833487510681,71830,71840.68,0,0.4,0.25,20,ONE_POINT,100,100,RANDOM,12
158,15900,49.550846338272095,71701,71707.55,0,0.4,0.25,20,ONE_POINT,100,100,RANDOM,12
159,16000,49.903207540512085,71549,71574.22,0,0.4,0.25,20,ONE_POINT,100,100,RANDOM,12
160,16100,50.19181418418884,71361,71409.97,0,0.4,0.25,20,ONE_POINT,100,100,RANDOM,12
161,16200,50.5195951461792,71238,71242.92,0,0.4,0.25,20,ONE_POINT,100,100,RANDOM,12
162,16300,50.82254385948181,70950,70978.32,0,0.4,0.25,20,ONE_POINT,100,100,RANDOM,12
163,16400,51.13082265853882,70845,70876.4,0,0.4,0.25,20,ONE_POINT,100,100,RANDOM,12
164,16500,51.441384077072144,70749,70755.81,0,0.4,0.25,20,ONE_POINT,100,100,RANDOM,12
165,16600,51.73882508277893,70588,70597.48,0,0.4,0.25,20,ONE_POINT,100,100,RANDOM,12
166,16700,52.03555870056152,70419,70426.65,0,0.4,0.25,20,ONE_POINT,100,100,RANDOM,12
167,16800,52.379400968551636,70274,70280.0,0,0.4,0.25,20,ONE_POINT,100,100,RANDOM,12
168,16900,52.66829037666321,70030,70039.76,0,0.4,0.25,20,ONE_POINT,100,100,RANDOM,12
169,17000,52.97854924201965,69925,69927.6,0,0.4,0.25,20,ONE_POINT,100,100,RANDOM,12
170,17100,53.30952548980713,69666,69675.78,0,0.4,0.25,20,ONE_POINT,100,100,RANDOM,12
171,17200,53.61047911643982,69531,69539.46,0,0.4,0.25,20,ONE_POINT,100,100,RANDOM,12
172,17300,53.91434931755066,69463,69467.38,0,0.4,0.25,20,ONE_POINT,100,100,RANDOM,12
173,17400,54.24035620689392,68717,68733.04,0,0.4,0.25,20,ONE_POINT,100,100,RANDOM,12
174,17500,54.56240129470825,68545,68563.02,0,0.4,0.25,20,ONE_POINT,100,100,RANDOM,12
175,17600,54.85530734062195,68446,68469.63,0,0.4,0.25,20,ONE_POINT,100,100,RANDOM,12
176,17700,55.17311406135559,68324,68354.09,0,0.4,0.25,20,ONE_POINT,100,100,RANDOM,12
177,17800,55.47742748260498,68165,68177.3,0,0.4,0.25,20,ONE_POINT,100,100,RANDOM,12
178,17900,55.78334951400757,67749,67807.21,0,0.4,0.25,20,ONE_POINT,100,100,RANDOM,12
179,18000,56.119484663009644,67640,67678.15,0,0.4,0.25,20,ONE_POINT,100,100,RANDOM,12
180,18100,56.45060420036316,67572,67576.87,0,0.4,0.25,20,ONE_POINT,100,100,RANDOM,12
181,18200,56.76966142654419,67442,67450.48,0,0.4,0.25,20,ONE_POINT,100,100,RANDOM,12
182,18300,57.06302881240845,67332,67337.92,0,0.4,0.25,20,ONE_POINT,100,100,RANDOM,12
183,18400,57.37923002243042,67096,67105.44,0,0.4,0.25,20,ONE_POINT,100,100,RANDOM,12
184,18500,57.672171115875244,66971,66977.28,0,0.4,0.25,20,ONE_POINT,100,100,RANDOM,12
185,18600,57.98418164253235,66741,66750.2,0,0.4,0.25,20,ONE_POINT,100,100,RANDOM,12
186,18700,58.34130930900574,66604,66610.41,0,0.4,0.25,20,ONE_POINT,100,100,RANDOM,12
187,18800,58.66945552825928,66435,66461.09,0,0.4,0.25,20,ONE_POINT,100,100,RANDOM,12
188,18900,58.9554238319397,66237,66246.97,0,0.4,0.25,20,ONE_POINT,100,100,RANDOM,12
189,19000,59.263245820999146,65985,65997.79,0,0.4,0.25,20,ONE_POINT,100,100,RANDOM,12
190,19100,59.60233449935913,65729,65739.0,0,0.4,0.25,20,ONE_POINT,100,100,RANDOM,12
191,19200,59.89708995819092,65697,65699.58,0,0.4,0.25,20,ONE_POINT,100,100,RANDOM,12
192,19300,60.24194669723511,65447,65475.1,0,0.4,0.25,20,ONE_POINT,100,100,RANDOM,12
193,19400,60.55385136604309,65275,65281.88,0,0.4,0.25,20,ONE_POINT,100,100,RANDOM,12
194,19500,60.84371042251587,65154,65159.79,0,0.4,0.25,20,ONE_POINT,100,100,RANDOM,12
195,19600,61.15895938873291,65009,65016.32,0,0.4,0.25,20,ONE_POINT,100,100,RANDOM,12
196,19700,61.499364614486694,64887,64892.8,0,0.4,0.25,20,ONE_POINT,100,100,RANDOM,12
197,19800,61.80136585235596,64755,64875.47,0,0.4,0.25,20,ONE_POINT,100,100,RANDOM,12
198,19900,62.09385013580322,64605,64623.45,0,0.4,0.25,20,ONE_POINT,100,100,RANDOM,12
199,20000,62.42648887634277,64379,64388.04,0,0.4,0.25,20,ONE_POINT,100,100,RANDOM,12
200,20100,62.77769994735718,64303,64311.95,0,0.4,0.25,20,ONE_POINT,100,100,RANDOM,12
201,20200,63.101680517196655,64167,64178.21,0,0.4,0.25,20,ONE_POINT,100,100,RANDOM,12
202,20300,63.40624928474426,64029,64035.98,0,0.4,0.25,20,ONE_POINT,100,100,RANDOM,12
203,20400,63.703397274017334,63828,63836.33,0,0.4,0.25,20,ONE_POINT,100,100,RANDOM,12
204,20500,63.98853015899658,63609,63620.06,0,0.4,0.25,20,ONE_POINT,100,100,RANDOM,12
205,20600,64.31857991218567,63434,63445.11,0,0.4,0.25,20,ONE_POINT,100,100,RANDOM,12
206,20700,64.65977025032043,63311,63317.65,0,0.4,0.25,20,ONE_POINT,100,100,RANDOM,12
207,20800,65.01479148864746,63178,63199.2,0,0.4,0.25,20,ONE_POINT,100,100,RANDOM,12
208,20900,65.31935000419617,63104,63108.44,0,0.4,0.25,20,ONE_POINT,100,100,RANDOM,12
209,21000,65.61250710487366,62988,63009.61,0,0.4,0.25,20,ONE_POINT,100,100,RANDOM,12
210,21100,65.927561044693,62853,62876.1,0,0.4,0.25,20,ONE_POINT,100,100,RANDOM,12
211,21200,66.22162508964539,62739,62747.52,0,0.4,0.25,20,ONE_POINT,100,100,RANDOM,12
212,21300,66.55040001869202,62604,62611.11,0,0.4,0.25,20,ONE_POINT,100,100,RANDOM,12
213,21400,66.8771116733551,62311,62319.79,0,0.4,0.25,20,ONE_POINT,100,100,RANDOM,12
214,21500,67.1929702758789,62191,62200.96,0,0.4,0.25,20,ONE_POINT,100,100,RANDOM,12
215,21600,67.52086400985718,62068,62091.9,0,0.4,0.25,20,ONE_POINT,100,100,RANDOM,12
216,21700,67.82336187362671,62030,62033.63,0,0.4,0.25,20,ONE_POINT,100,100,RANDOM,12
217,21800,68.13178396224976,61902,61911.94,0,0.4,0.25,20,ONE_POINT,100,100,RANDOM,12
218,21900,68.4458875656128,61763,61769.95,0,0.4,0.25,20,ONE_POINT,100,100,RANDOM,12
219,22000,68.75305008888245,61666,61670.85,0,0.4,0.25,20,ONE_POINT,100,100,RANDOM,12
220,22100,69.07946705818176,61629,61632.56,0,0.4,0.25,20,ONE_POINT,100,100,RANDOM,12
221,22200,69.41905188560486,61446,61453.88,0,0.4,0.25,20,ONE_POINT,100,100,RANDOM,12
222,22300,69.74636459350586,61327,61331.76,0,0.4,0.25,20,ONE_POINT,100,100,RANDOM,12
223,22400,70.04176807403564,61179,61184.93,0,0.4,0.25,20,ONE_POINT,100,100,RANDOM,12
224,22500,70.34453654289246,61041,61046.61,0,0.4,0.25,20,ONE_POINT,100,100,RANDOM,12
225,22600,70.65067338943481,60935,60939.99,0,0.4,0.25,20,ONE_POINT,100,100,RANDOM,12
226,22700,70.95675039291382,60717,60746.63,0,0.4,0.25,20,ONE_POINT,100,100,RANDOM,12
227,22800,71.30456376075745,60664,60667.71,0,0.4,0.25,20,ONE_POINT,100,100,RANDOM,12
228,22900,71.59166669845581,60550,60557.37,0,0.4,0.25,20,ONE_POINT,100,100,RANDOM,12
229,23000,71.92734861373901,60374,60383.45,0,0.4,0.25,20,ONE_POINT,100,100,RANDOM,12
230,23100,72.23587560653687,60142,60150.53,0,0.4,0.25,20,ONE_POINT,100,100,RANDOM,12
231,23200,72.54241728782654,60067,60071.92,0,0.4,0.25,20,ONE_POINT,100,100,RANDOM,12
232,23300,72.89264273643494,59907,59915.75,0,0.4,0.25,20,ONE_POINT,100,100,RANDOM,12
233,23400,73.18654799461365,59776,59782.84,0,0.4,0.25,20,ONE_POINT,100,100,RANDOM,12
234,23500,73.49959063529968,59675,59680.15,0,0.4,0.25,20,ONE_POINT,100,100,RANDOM,12
235,23600,73.80007553100586,59557,59560.68,0,0.4,0.25,20,ONE_POINT,100,100,RANDOM,12
236,23700,74.09878969192505,59398,59406.73,0,0.4,0.25,20,ONE_POINT,100,100,RANDOM,12
237,23800,74.39240622520447,59257,59262.49,0,0.4,0.25,20,ONE_POINT,100,100,RANDOM,12
238,23900,74.6757984161377,59091,59099.22,0,0.4,0.25,20,ONE_POINT,100,100,RANDOM,12
239,24000,75.00654888153076,58981,58987.44,0,0.4,0.25,20,ONE_POINT,100,100,RANDOM,12
240,24100,75.30791926383972,58854,58878.8,0,0.4,0.25,20,ONE_POINT,100,100,RANDOM,12
241,24200,75.60700726509094,58730,58740.39,0,0.4,0.25,20,ONE_POINT,100,100,RANDOM,12
242,24300,75.93569803237915,58686,58690.1,0,0.4,0.25,20,ONE_POINT,100,100,RANDOM,12
243,24400,76.2580714225769,58446,58487.34,0,0.4,0.25,20,ONE_POINT,100,100,RANDOM,12
244,24500,76.56377172470093,58305,58323.16,0,0.4,0.25,20,ONE_POINT,100,100,RANDOM,12
245,24600,76.88653516769409,58257,58259.75,0,0.4,0.25,20,ONE_POINT,100,100,RANDOM,12
246,24700,77.18971133232117,58157,58162.38,0,0.4,0.25,20,ONE_POINT,100,100,RANDOM,12
247,24800,77.54725074768066,58036,58043.16,0,0.4,0.25,20,ONE_POINT,100,100,RANDOM,12
248,24900,77.86147356033325,57887,57892.96,0,0.4,0.25,20,ONE_POINT,100,100,RANDOM,12
249,25000,78.15346240997314,57804,57811.87,0,0.4,0.25,20,ONE_POINT,100,100,RANDOM,12
250,25100,78.45235109329224,57701,57705.38,0,0.4,0.25,20,ONE_POINT,100,100,RANDOM,12
251,25200,78.76323747634888,57548,57557.55,0,0.4,0.25,20,ONE_POINT,100,100,RANDOM,12
252,25300,79.07176303863525,57254,57290.63,0,0.4,0.25,20,ONE_POINT,100,100,RANDOM,12
253,25400,79.39092302322388,57078,57093.46,0,0.4,0.25,20,ONE_POINT,100,100,RANDOM,12
254,25500,79.7024393081665,56859,56872.46,0,0.4,0.25,20,ONE_POINT,100,100,RANDOM,12
255,25600,80.048348903656,56782,56810.35,0,0.4,0.25,20,ONE_POINT,100,100,RANDOM,12
256,25700,80.4019763469696,56710,56739.0,0,0.4,0.25,20,ONE_POINT,100,100,RANDOM,12
257,25800,80.69289040565491,56497,56508.73,0,0.4,0.25,20,ONE_POINT,100,100,RANDOM,12
258,25900,81.00811553001404,56381,56395.34,0,0.4,0.25,20,ONE_POINT,100,100,RANDOM,12
259,26000,81.34961795806885,56334,56337.03,0,0.4,0.25,20,ONE_POINT,100,100,RANDOM,12
260,26100,81.67052507400513,56256,56260.34,0,0.4,0.25,20,ONE_POINT,100,100,RANDOM,12
261,26200,82.00404667854309,56207,56232.31,0,0.4,0.25,20,ONE_POINT,100,100,RANDOM,12
262,26300,82.31799411773682,56066,56075.34,0,0.4,0.25,20,ONE_POINT,100,100,RANDOM,12
263,26400,82.62802982330322,55976,55981.4,0,0.4,0.25,20,ONE_POINT,100,100,RANDOM,12
264,26500,82.97035813331604,55841,55849.7,0,0.4,0.25,20,ONE_POINT,100,100,RANDOM,12
265,26600,83.27708768844604,55545,55556.94,0,0.4,0.25,20,ONE_POINT,100,100,RANDOM,12
266,26700,83.61307168006897,55452,55456.78,0,0.4,0.25,20,ONE_POINT,100,100,RANDOM,12
267,26800,83.9427330493927,55405,55442.56,0,0.4,0.25,20,ONE_POINT,100,100,RANDOM,12
268,26900,84.27780365943909,55302,55307.57,0,0.4,0.25,20,ONE_POINT,100,100,RANDOM,12
269,27000,84.58263039588928,55195,55226.01,0,0.4,0.25,20,ONE_POINT,100,100,RANDOM,12
270,27100,84.87791919708252,55111,55116.27,0,0.4,0.25,20,ONE_POINT,100,100,RANDOM,12
271,27200,85.22491097450256,55039,55048.19,0,0.4,0.25,20,ONE_POINT,100,100,RANDOM,12
272,27300,85.50922870635986,54940,54945.15,0,0.4,0.25,20,ONE_POINT,100,100,RANDOM,12
273,27400,85.80226850509644,54794,54799.84,0,0.4,0.25,20,ONE_POINT,100,100,RANDOM,12
274,27500,86.14519476890564,54639,54662.19,0,0.4,0.25,20,ONE_POINT,100,100,RANDOM,12
275,27600,86.46148777008057,54587,54599.36,0,0.4,0.25,20,ONE_POINT,100,100,RANDOM,12
276,27700,86.77674722671509,54471,54476.5,0,0.4,0.25,20,ONE_POINT,100,100,RANDOM,12
277,27800,87.08659076690674,54194,54202.48,0,0.4,0.25,20,ONE_POINT,100,100,RANDOM,12
278,27900,87.38330388069153,54142,54154.53,0,0.4,0.25,20,ONE_POINT,100,100,RANDOM,12
279,28000,87.69350457191467,54052,54057.84,0,0.4,0.25,20,ONE_POINT,100,100,RANDOM,12
280,28100,88.00371837615967,53956,53982.25,0,0.4,0.25,20,ONE_POINT,100,100,RANDOM,12
281,28200,88.31608700752258,53869,53877.38,0,0.4,0.25,20,ONE_POINT,100,100,RANDOM,12
282,28300,88.63840365409851,53826,53830.04,0,0.4,0.25,20,ONE_POINT,100,100,RANDOM,12
283,28400,88.97879934310913,53668,53674.32,0,0.4,0.25,20,ONE_POINT,100,100,RANDOM,12
284,28500,89.26990962028503,53616,53619.64,0,0.4,0.25,20,ONE_POINT,100,100,RANDOM,12
285,28600,89.5589075088501,53544,53549.0,0,0.4,0.25,20,ONE_POINT,100,100,RANDOM,12
286,28700,89.89286351203918,53432,53445.09,0,0.4,0.25,20,ONE_POINT,100,100,RANDOM,12
287,28800,90.19650769233704,53362,53368.91,0,0.4,0.25,20,ONE_POINT,100,100,RANDOM,12
288,28900,90.54063367843628,53305,53312.43,0,0.4,0.25,20,ONE_POINT,100,100,RANDOM,12
289,29000,90.8336353302002,53161,53173.58,0,0.4,0.25,20,ONE_POINT,100,100,RANDOM,12
290,29100,91.13709282875061,53085,53116.91,0,0.4,0.25,20,ONE_POINT,100,100,RANDOM,12
291,29200,91.44623923301697,52988,53001.23,0,0.4,0.25,20,ONE_POINT,100,100,RANDOM,12
292,29300,91.77960443496704,52897,52902.67,0,0.4,0.25,20,ONE_POINT,100,100,RANDOM,12
293,29400,92.07704448699951,52793,52801.55,0,0.4,0.25,20,ONE_POINT,100,100,RANDOM,12
294,29500,92.4054594039917,52753,52762.3,0,0.4,0.25,20,ONE_POINT,100,100,RANDOM,12
295,29600,92.72831273078918,52617,52629.65,0,0.4,0.25,20,ONE_POINT,100,100,RANDOM,12
296,29700,93.04470729827881,52381,52392.08,0,0.4,0.25,20,ONE_POINT,100,100,RANDOM,12
297,29800,93.3866035938263,52255,52277.38,0,0.4,0.25,20,ONE_POINT,100,100,RANDOM,12
298,29900,93.6734549999237,52180,52196.74,0,0.4,0.25,20,ONE_POINT,100,100,RANDOM,12
299,30000,93.99372601509094,52131,52138.49,0,0.4,0.25,20,ONE_POINT,100,100,RANDOM,12
300,30100,94.3064386844635,52034,52037.85,0,0.4,0.25,20,ONE_POINT,100,100,RANDOM,12
301,30200,94.62015342712402,51986,51990.2,0,0.4,0.25,20,ONE_POINT,100,100,RANDOM,12
302,30300,94.9112160205841,51897,51902.94,0,0.4,0.25,20,ONE_POINT,100,100,RANDOM,12
303,30400,95.25463390350342,51833,51838.86,0,0.4,0.25,20,ONE_POINT,100,100,RANDOM,12
304,30500,95.55871796607971,51767,51772.13,0,0.4,0.25,20,ONE_POINT,100,100,RANDOM,12
305,30600,95.87937927246094,51652,51661.88,0,0.4,0.25,20,ONE_POINT,100,100,RANDOM,12
306,30700,96.23406171798706,51491,51498.64,0,0.4,0.25,20,ONE_POINT,100,100,RANDOM,12
307,30800,96.57765674591064,51456,51458.19,0,0.4,0.25,20,ONE_POINT,100,100,RANDOM,12
308,30900,96.87126660346985,51300,51306.32,0,0.4,0.25,20,ONE_POINT,100,100,RANDOM,12
309,31000,97.15712451934814,51212,51219.39,0,0.4,0.25,20,ONE_POINT,100,100,RANDOM,12
310,31100,97.48039412498474,51116,51122.91,0,0.4,0.25,20,ONE_POINT,100,100,RANDOM,12
311,31200,97.79780578613281,51031,51039.96,0,0.4,0.25,20,ONE_POINT,100,100,RANDOM,12
312,31300,98.09292459487915,50922,50955.57,0,0.4,0.25,20,ONE_POINT,100,100,RANDOM,12
313,31400,98.38923048973083,50772,50780.63,0,0.4,0.25,20,ONE_POINT,100,100,RANDOM,12
314,31500,98.70459938049316,50726,50730.95,0,0.4,0.25,20,ONE_POINT,100,100,RANDOM,12
315,31600,99.0304229259491,50687,50695.49,0,0.4,0.25,20,ONE_POINT,100,100,RANDOM,12
316,31700,99.33264374732971,50458,50475.34,0,0.4,0.25,20,ONE_POINT,100,100,RANDOM,12
317,31800,99.63765263557434,50439,50453.43,0,0.4,0.25,20,ONE_POINT,100,100,RANDOM,12
318,31900,99.93750238418579,50387,50391.21,0,0.4,0.25,20,ONE_POINT,100,100,RANDOM,12
319,32000,100.2493245601654,50331,50339.22,0,0.4,0.25,20,ONE_POINT,100,100,RANDOM,12
320,32100,100.56509923934937,50239,50259.39,0,0.4,0.25,20,ONE_POINT,100,100,RANDOM,12
321,32200,100.89290142059326,50146,50151.68,0,0.4,0.25,20,ONE_POINT,100,100,RANDOM,12
322,32300,101.22614407539368,50064,50068.92,0,0.4,0.25,20,ONE_POINT,100,100,RANDOM,12
323,32400,101.57162547111511,50017,50028.22,0,0.4,0.25,20,ONE_POINT,100,100,RANDOM,12
324,32500,101.86582493782043,49948,49954.83,0,0.4,0.25,20,ONE_POINT,100,100,RANDOM,12
325,32600,102.1912989616394,49906,49909.0,0,0.4,0.25,20,ONE_POINT,100,100,RANDOM,12
326,32700,102.49275207519531,49830,49847.62,0,0.4,0.25,20,ONE_POINT,100,100,RANDOM,12
327,32800,102.79493379592896,49740,49751.36,0,0.4,0.25,20,ONE_POINT,100,100,RANDOM,12
328,32900,103.08683776855469,49659,49664.34,0,0.4,0.25,20,ONE_POINT,100,100,RANDOM,12
329,33000,103.39015436172485,49595,49599.89,0,0.4,0.25,20,ONE_POINT,100,100,RANDOM,12
330,33100,103.71082019805908,49444,49451.4,0,0.4,0.25,20,ONE_POINT,100,100,RANDOM,12
331,33200,104.0634515285492,49376,49383.78,0,0.4,0.25,20,ONE_POINT,100,100,RANDOM,12
332,33300,104.37758135795593,49307,49312.06,0,0.4,0.25,20,ONE_POINT,100,100,RANDOM,12
333,33400,104.68655490875244,49198,49204.56,0,0.4,0.25,20,ONE_POINT,100,100,RANDOM,12
334,33500,105.01354789733887,49160,49166.62,0,0.4,0.25,20,ONE_POINT,100,100,RANDOM,12
335,33600,105.30332684516907,49055,49061.35,0,0.4,0.25,20,ONE_POINT,100,100,RANDOM,12
336,33700,105.65537786483765,48980,48995.94,0,0.4,0.25,20,ONE_POINT,100,100,RANDOM,12
337,33800,105.94328904151917,48848,48855.89,0,0.4,0.25,20,ONE_POINT,100,100,RANDOM,12
338,33900,106.26665353775024,48765,48801.48,0,0.4,0.25,20,ONE_POINT,100,100,RANDOM,12
339,34000,106.60895299911499,48674,48679.46,0,0.4,0.25,20,ONE_POINT,100,100,RANDOM,12
340,34100,106.9272735118866,48563,48568.88,0,0.4,0.25,20,ONE_POINT,100,100,RANDOM,12
341,34200,107.23036241531372,48506,48510.45,0,0.4,0.25,20,ONE_POINT,100,100,RANDOM,12
342,34300,107.58387231826782,48371,48380.02,0,0.4,0.25,20,ONE_POINT,100,100,RANDOM,12
343,34400,107.89179301261902,48284,48288.35,0,0.4,0.25,20,ONE_POINT,100,100,RANDOM,12
344,34500,108.18070077896118,48193,48289.61,0,0.4,0.25,20,ONE_POINT,100,100,RANDOM,12
345,34600,108.49756193161011,47951,47960.57,0,0.4,0.25,20,ONE_POINT,100,100,RANDOM,12
346,34700,108.83911156654358,47880,47886.5,0,0.4,0.25,20,ONE_POINT,100,100,RANDOM,12
347,34800,109.1800127029419,47803,47808.39,0,0.4,0.25,20,ONE_POINT,100,100,RANDOM,12
348,34900,109.47216057777405,47778,47820.51,0,0.4,0.25,20,ONE_POINT,100,100,RANDOM,12
349,35000,109.79465842247009,47715,47719.03,0,0.4,0.25,20,ONE_POINT,100,100,RANDOM,12
350,35100,110.12405776977539,47629,47650.96,0,0.4,0.25,20,ONE_POINT,100,100,RANDOM,12
351,35200,110.4740219116211,47552,47564.04,0,0.4,0.25,20,ONE_POINT,100,100,RANDOM,12
352,35300,110.78558111190796,47411,47418.05,0,0.4,0.25,20,ONE_POINT,100,100,RANDOM,12
353,35400,111.09787368774414,47341,47345.47,0,0.4,0.25,20,ONE_POINT,100,100,RANDOM,12
354,35500,111.39148283004761,47274,47279.91,0,0.4,0.25,20,ONE_POINT,100,100,RANDOM,12
355,35600,111.76131224632263,47245,47251.33,0,0.4,0.25,20,ONE_POINT,100,100,RANDOM,12
356,35700,112.08566999435425,47135,47151.55,0,0.4,0.25,20,ONE_POINT,100,100,RANDOM,12
357,35800,112.38354873657227,47060,47064.5,0,0.4,0.25,20,ONE_POINT,100,100,RANDOM,12
358,35900,112.67475962638855,47011,47022.07,0,0.4,0.25,20,ONE_POINT,100,100,RANDOM,12
359,36000,112.97982358932495,46913,46921.51,0,0.4,0.25,20,ONE_POINT,100,100,RANDOM,12
360,36100,113.29310083389282,46784,46789.88,0,0.4,0.25,20,ONE_POINT,100,100,RANDOM,12
361,36200,113.631991147995,46694,46706.64,0,0.4,0.25,20,ONE_POINT,100,100,RANDOM,12
362,36300,113.9731297492981,46642,46647.2,0,0.4,0.25,20,ONE_POINT,100,100,RANDOM,12
363,36400,114.25854659080505,46622,46623.83,0,0.4,0.25,20,ONE_POINT,100,100,RANDOM,12
364,36500,114.54936170578003,46559,46563.91,0,0.4,0.25,20,ONE_POINT,100,100,RANDOM,12
365,36600,114.87712359428406,46520,46549.13,0,0.4,0.25,20,ONE_POINT,100,100,RANDOM,12
366,36700,115.1753511428833,46470,46472.0,0,0.4,0.25,20,ONE_POINT,100,100,RANDOM,12
367,36800,115.45670318603516,46392,46401.34,0,0.4,0.25,20,ONE_POINT,100,100,RANDOM,12
368,36900,115.74383306503296,46364,46371.19,0,0.4,0.25,20,ONE_POINT,100,100,RANDOM,12
369,37000,116.04621887207031,46258,46276.24,0,0.4,0.25,20,ONE_POINT,100,100,RANDOM,12
370,37100,116.35564494132996,46217,46221.34,0,0.4,0.25,20,ONE_POINT,100,100,RANDOM,12
371,37200,116.64738583564758,46130,46136.29,0,0.4,0.25,20,ONE_POINT,100,100,RANDOM,12
372,37300,116.95430397987366,46031,46049.85,0,0.4,0.25,20,ONE_POINT,100,100,RANDOM,12
373,37400,117.24176025390625,45974,45982.92,0,0.4,0.25,20,ONE_POINT,100,100,RANDOM,12
374,37500,117.53691935539246,45892,45896.13,0,0.4,0.25,20,ONE_POINT,100,100,RANDOM,12
375,37600,117.82204341888428,45846,45868.23,0,0.4,0.25,20,ONE_POINT,100,100,RANDOM,12
376,37700,118.15296840667725,45806,45811.6,0,0.4,0.25,20,ONE_POINT,100,100,RANDOM,12
377,37800,118.47493505477905,45750,45753.23,0,0.4,0.25,20,ONE_POINT,100,100,RANDOM,12
378,37900,118.78269982337952,45711,45732.17,0,0.4,0.25,20,ONE_POINT,100,100,RANDOM,12
379,38000,119.10662627220154,45650,45655.18,0,0.4,0.25,20,ONE_POINT,100,100,RANDOM,12
380,38100,119.39043378829956,45603,45628.37,0,0.4,0.25,20,ONE_POINT,100,100,RANDOM,12
381,38200,119.7031478881836,45563,45564.6,0,0.4,0.25,20,ONE_POINT,100,100,RANDOM,12
382,38300,120.01847267150879,45507,45559.21,0,0.4,0.25,20,ONE_POINT,100,100,RANDOM,12
383,38400,120.36631512641907,45442,45452.88,0,0.4,0.25,20,ONE_POINT,100,100,RANDOM,12
384,38500,120.67644834518433,45406,45412.06,0,0.4,0.25,20,ONE_POINT,100,100,RANDOM,12
385,38600,120.98871874809265,45342,45345.71,0,0.4,0.25,20,ONE_POINT,100,100,RANDOM,12
386,38700,121.27564430236816,45259,45264.41,0,0.4,0.25,20,ONE_POINT,100,100,RANDOM,12
387,38800,121.61454367637634,45197,45204.8,0,0.4,0.25,20,ONE_POINT,100,100,RANDOM,12
388,38900,121.90117812156677,45188,45189.08,0,0.4,0.25,20,ONE_POINT,100,100,RANDOM,12
389,39000,122.2161009311676,45145,45182.56,0,0.4,0.25,20,ONE_POINT,100,100,RANDOM,12
390,39100,122.53272414207458,45060,45072.11,0,0.4,0.25,20,ONE_POINT,100,100,RANDOM,12
391,39200,122.84904527664185,45017,45020.44,0,0.4,0.25,20,ONE_POINT,100,100,RANDOM,12
392,39300,123.14907002449036,44975,45076.95,0,0.4,0.25,20,ONE_POINT,100,100,RANDOM,12
393,39400,123.45423984527588,44942,44954.81,0,0.4,0.25,20,ONE_POINT,100,100,RANDOM,12
394,39500,123.74534511566162,44909,44912.3,0,0.4,0.25,20,ONE_POINT,100,100,RANDOM,12
395,39600,124.07440829277039,44867,44871.54,0,0.4,0.25,20,ONE_POINT,100,100,RANDOM,12
396,39700,124.37052369117737,44851,44934.84,0,0.4,0.25,20,ONE_POINT,100,100,RANDOM,12
397,39800,124.68786573410034,44769,44775.07,0,0.4,0.25,20,ONE_POINT,100,100,RANDOM,12
398,39900,125.0332350730896,44738,44741.33,0,0.4,0.25,20,ONE_POINT,100,100,RANDOM,12
399,40000,125.35397744178772,44665,44670.69,0,0.4,0.25,20,ONE_POINT,100,100,RANDOM,12
400,40100,125.69734334945679,44630,44637.49,0,0.4,0.25,20,ONE_POINT,100,100,RANDOM,12
401,40200,126.03357934951782,44574,44578.53,0,0.4,0.25,20,ONE_POINT,100,100,RANDOM,12
402,40300,126.32296228408813,44502,44540.47,0,0.4,0.25,20,ONE_POINT,100,100,RANDOM,12
403,40400,126.62547612190247,44453,44490.39,0,0.4,0.25,20,ONE_POINT,100,100,RANDOM,12
404,40500,126.96966052055359,44393,44406.83,0,0.4,0.25,20,ONE_POINT,100,100,RANDOM,12
405,40600,127.32270359992981,44372,44373.75,0,0.4,0.25,20,ONE_POINT,100,100,RANDOM,12
406,40700,127.66193270683289,44336,44338.81,0,0.4,0.25,20,ONE_POINT,100,100,RANDOM,12
407,40800,127.96966934204102,44251,44263.1,0,0.4,0.25,20,ONE_POINT,100,100,RANDOM,12
408,40900,128.3004491329193,44209,44212.0,0,0.4,0.25,20,ONE_POINT,100,100,RANDOM,12
409,41000,128.5916473865509,44173,44185.88,0,0.4,0.25,20,ONE_POINT,100,100,RANDOM,12
410,41100,128.91513442993164,44129,44133.86,0,0.4,0.25,20,ONE_POINT,100,100,RANDOM,12
411,41200,129.21930241584778,44121,44134.24,0,0.4,0.25,20,ONE_POINT,100,100,RANDOM,12
412,41300,129.5072386264801,44117,44117.58,0,0.4,0.25,20,ONE_POINT,100,100,RANDOM,12
413,41400,129.79751586914062,44052,44059.89,0,0.4,0.25,20,ONE_POINT,100,100,RANDOM,12
414,41500,130.12403774261475,43987,43991.24,0,0.4,0.25,20,ONE_POINT,100,100,RANDOM,12
415,41600,130.4573712348938,43884,43897.04,0,0.4,0.25,20,ONE_POINT,100,100,RANDOM,12
416,41700,130.7604856491089,43854,43863.95,0,0.4,0.25,20,ONE_POINT,100,100,RANDOM,12
417,41800,131.07538557052612,43801,43807.65,0,0.4,0.25,20,ONE_POINT,100,100,RANDOM,12
418,41900,131.37047958374023,43749,43760.23,0,0.4,0.25,20,ONE_POINT,100,100,RANDOM,12
419,42000,131.71048617362976,43707,43711.65,0,0.4,0.25,20,ONE_POINT,100,100,RANDOM,12
420,42100,132.01676750183105,43608,43613.94,0,0.4,0.25,20,ONE_POINT,100,100,RANDOM,12
421,42200,132.34312105178833,43544,43555.76,0,0.4,0.25,20,ONE_POINT,100,100,RANDOM,12
422,42300,132.68506717681885,43511,43543.62,0,0.4,0.25,20,ONE_POINT,100,100,RANDOM,12
423,42400,133.00476264953613,43453,43456.48,0,0.4,0.25,20,ONE_POINT,100,100,RANDOM,12
424,42500,133.31875729560852,43420,43453.73,0,0.4,0.25,20,ONE_POINT,100,100,RANDOM,12
425,42600,133.60664176940918,43374,43379.57,0,0.4,0.25,20,ONE_POINT,100,100,RANDOM,12
426,42700,133.90803861618042,43327,43336.74,0,0.4,0.25,20,ONE_POINT,100,100,RANDOM,12
427,42800,134.2042417526245,43295,43314.87,0,0.4,0.25,20,ONE_POINT,100,100,RANDOM,12
428,42900,134.51041173934937,43260,43263.29,0,0.4,0.25,20,ONE_POINT,100,100,RANDOM,12
429,43000,134.80672430992126,43194,43202.24,0,0.4,0.25,20,ONE_POINT,100,100,RANDOM,12
430,43100,135.11670923233032,43123,43129.8,0,0.4,0.25,20,ONE_POINT,100,100,RANDOM,12
431,43200,135.45979166030884,43070,43076.37,0,0.4,0.25,20,ONE_POINT,100,100,RANDOM,12
432,43300,135.79267716407776,43059,43065.02,0,0.4,0.25,20,ONE_POINT,100,100,RANDOM,12
433,43400,136.08794474601746,43009,43012.72,0,0.4,0.25,20,ONE_POINT,100,100,RANDOM,12
434,43500,136.41243505477905,42982,42990.04,0,0.4,0.25,20,ONE_POINT,100,100,RANDOM,12
435,43600,136.71824169158936,42952,42954.7,0,0.4,0.25,20,ONE_POINT,100,100,RANDOM,12
436,43700,137.03263545036316,42857,42862.7,0,0.4,0.25,20,ONE_POINT,100,100,RANDOM,12
437,43800,137.3495728969574,42776,42780.86,0,0.4,0.25,20,ONE_POINT,100,100,RANDOM,12
438,43900,137.64313054084778,42761,42762.65,0,0.4,0.25,20,ONE_POINT,100,100,RANDOM,12
439,44000,137.94185495376587,42719,42721.42,0,0.4,0.25,20,ONE_POINT,100,100,RANDOM,12
440,44100,138.27024865150452,42693,42702.97,0,0.4,0.25,20,ONE_POINT,100,100,RANDOM,12
441,44200,138.58645915985107,42651,42653.77,0,0.4,0.25,20,ONE_POINT,100,100,RANDOM,12
442,44300,138.87819838523865,42602,42605.43,0,0.4,0.25,20,ONE_POINT,100,100,RANDOM,12
443,44400,139.16474604606628,42499,42514.88,0,0.4,0.25,20,ONE_POINT,100,100,RANDOM,12
444,44500,139.47628569602966,42423,42439.86,0,0.4,0.25,20,ONE_POINT,100,100,RANDOM,12
445,44600,139.81050395965576,42380,42385.72,0,0.4,0.25,20,ONE_POINT,100,100,RANDOM,12
446,44700,140.12249159812927,42296,42306.04,0,0.4,0.25,20,ONE_POINT,100,100,RANDOM,12
447,44800,140.45984721183777,42237,42249.96,0,0.4,0.25,20,ONE_POINT,100,100,RANDOM,12
448,44900,140.77591490745544,42200,42202.25,0,0.4,0.25,20,ONE_POINT,100,100,RANDOM,12
449,45000,141.1023564338684,42152,42155.42,0,0.4,0.25,20,ONE_POINT,100,100,RANDOM,12
450,45100,141.39386200904846,42119,42122.45,0,0.4,0.25,20,ONE_POINT,100,100,RANDOM,12
451,45200,141.7384011745453,42107,42108.78,0,0.4,0.25,20,ONE_POINT,100,100,RANDOM,12
452,45300,142.07619857788086,42076,42083.59,0,0.4,0.25,20,ONE_POINT,100,100,RANDOM,12
453,45400,142.38195514678955,42050,42052.47,0,0.4,0.25,20,ONE_POINT,100,100,RANDOM,12
454,45500,142.703932762146,42027,42030.13,0,0.4,0.25,20,ONE_POINT,100,100,RANDOM,12
455,45600,143.04396224021912,41976,41980.92,0,0.4,0.25,20,ONE_POINT,100,100,RANDOM,12
456,45700,143.37077021598816,41932,41935.62,0,0.4,0.25,20,ONE_POINT,100,100,RANDOM,12
457,45800,143.67008447647095,41917,41918.59,0,0.4,0.25,20,ONE_POINT,100,100,RANDOM,12
458,45900,143.98031568527222,41849,41859.35,0,0.4,0.25,20,ONE_POINT,100,100,RANDOM,12
459,46000,144.28439688682556,41831,41840.29,0,0.4,0.25,20,ONE_POINT,100,100,RANDOM,12
460,46100,144.58884286880493,41794,41811.19,0,0.4,0.25,20,ONE_POINT,100,100,RANDOM,12
461,46200,144.91867899894714,41759,41763.18,0,0.4,0.25,20,ONE_POINT,100,100,RANDOM,12
462,46300,145.26176691055298,41697,41715.15,0,0.4,0.25,20,ONE_POINT,100,100,RANDOM,12
463,46400,145.58705353736877,41452,41465.54,0,0.4,0.25,20,ONE_POINT,100,100,RANDOM,12
464,46500,145.9062316417694,41400,41414.58,0,0.4,0.25,20,ONE_POINT,100,100,RANDOM,12
465,46600,146.19633269309998,41352,41357.64,0,0.4,0.25,20,ONE_POINT,100,100,RANDOM,12
466,46700,146.51903009414673,41279,41336.89,0,0.4,0.25,20,ONE_POINT,100,100,RANDOM,12
467,46800,146.8135702610016,41256,41263.13,0,0.4,0.25,20,ONE_POINT,100,100,RANDOM,12
468,46900,147.1388247013092,41227,41278.88,0,0.4,0.25,20,ONE_POINT,100,100,RANDOM,12
469,47000,147.43977856636047,41140,41150.58,0,0.4,0.25,20,ONE_POINT,100,100,RANDOM,12
470,47100,147.7550458908081,41105,41108.73,0,0.4,0.25,20,ONE_POINT,100,100,RANDOM,12
471,47200,148.10102772712708,41062,41066.18,0,0.4,0.25,20,ONE_POINT,100,100,RANDOM,12
472,47300,148.4247326850891,41000,41012.56,0,0.4,0.25,20,ONE_POINT,100,100,RANDOM,12
473,47400,148.7493224143982,40987,40990.26,0,0.4,0.25,20,ONE_POINT,100,100,RANDOM,12
474,47500,149.06719613075256,40952,40953.94,0,0.4,0.25,20,ONE_POINT,100,100,RANDOM,12
475,47600,149.36818170547485,40936,40937.1,0,0.4,0.25,20,ONE_POINT,100,100,RANDOM,12
476,47700,149.6564450263977,40910,40915.7,0,0.4,0.25,20,ONE_POINT,100,100,RANDOM,12
477,47800,149.9802646636963,40832,40838.06,0,0.4,0.25,20,ONE_POINT,100,100,RANDOM,12
478,47900,150.27964043617249,40777,40823.68,0,0.4,0.25,20,ONE_POINT,100,100,RANDOM,12
479,48000,150.58431267738342,40683,40688.66,0,0.4,0.25,20,ONE_POINT,100,100,RANDOM,12
480,48100,150.90588521957397,40592,40609.75,0,0.4,0.25,20,ONE_POINT,100,100,RANDOM,12
481,48200,151.22874212265015,40534,40552.0,0,0.4,0.25,20,ONE_POINT,100,100,RANDOM,12
482,48300,151.5490436553955,40514,40520.87,0,0.4,0.25,20,ONE_POINT,100,100,RANDOM,12
483,48400,151.8735008239746,40469,40482.98,0,0.4,0.25,20,ONE_POINT,100,100,RANDOM,12
484,48500,152.1943838596344,40444,40447.32,0,0.4,0.25,20,ONE_POINT,100,100,RANDOM,12
485,48600,152.54152488708496,40376,40383.87,0,0.4,0.25,20,ONE_POINT,100,100,RANDOM,12
486,48700,152.85049891471863,40317,40329.81,0,0.4,0.25,20,ONE_POINT,100,100,RANDOM,12
487,48800,153.15190434455872,40292,40294.39,0,0.4,0.25,20,ONE_POINT,100,100,RANDOM,12
488,48900,153.48077630996704,40166,40174.52,0,0.4,0.25,20,ONE_POINT,100,100,RANDOM,12
489,49000,153.7966525554657,40137,40139.72,0,0.4,0.25,20,ONE_POINT,100,100,RANDOM,12
490,49100,154.0886242389679,40054,40068.46,0,0.4,0.25,20,ONE_POINT,100,100,RANDOM,12
491,49200,154.42929911613464,39980,39989.14,0,0.4,0.25,20,ONE_POINT,100,100,RANDOM,12
492,49300,154.72730326652527,39887,39894.02,0,0.4,0.25,20,ONE_POINT,100,100,RANDOM,12
493,49400,155.05726146697998,39857,39860.3,0,0.4,0.25,20,ONE_POINT,100,100,RANDOM,12
494,49500,155.34050750732422,39845,39846.98,0,0.4,0.25,20,ONE_POINT,100,100,RANDOM,12
495,49600,155.6561722755432,39835,39843.64,0,0.4,0.25,20,ONE_POINT,100,100,RANDOM,12
496,49700,155.9542200565338,39769,39773.07,0,0.4,0.25,20,ONE_POINT,100,100,RANDOM,12
497,49800,156.2530496120453,39745,39873.52,0,0.4,0.25,20,ONE_POINT,100,100,RANDOM,12
498,49900,156.5889344215393,39705,39713.73,0,0.4,0.25,20,ONE_POINT,100,100,RANDOM,12
499,50000,156.88628888130188,39681,39684.29,0,0.4,0.25,20,ONE_POINT,100,100,RANDOM,12
500,50100,157.22464323043823,39658,39661.06,0,0.4,0.25,20,ONE_POINT,100,100,RANDOM,12
