num-generations,num-evaluations,time-elapsed,best-fitness,avg-fitness,elite-frac,alpha,num_features_mutation_strength,elitist_size,crossover-method,population-size,num-points,initialization,seed
1,200,0.23399591445922852,134707,134951.26,0,0.4,1,20,ONE_POINT,100,100,RANDOM,0
2,300,0.5969889163970947,132755,132794.66,0,0.4,1,20,ONE_POINT,100,100,RANDOM,0
3,400,0.9154093265533447,130141,130193.28,0,0.4,1,20,ONE_POINT,100,100,RANDOM,0
4,500,1.2433769702911377,129062,129083.58,0,0.4,1,20,ONE_POINT,100,100,RANDOM,0
5,600,1.5628833770751953,127561,127591.05,0,0.4,1,20,ONE_POINT,100,100,RANDOM,0
6,700,1.9099833965301514,124857,124911.08,0,0.4,1,20,ONE_POINT,100,100,RANDOM,0
7,800,2.1985950469970703,123514,123540.86,0,0.4,1,20,ONE_POINT,100,100,RANDOM,0
8,900,2.5144104957580566,122478,122498.66,0,0.4,1,20,ONE_POINT,100,100,RANDOM,0
9,1000,2.8110945224761963,121253,121278.39,0,0.4,1,20,ONE_POINT,100,100,RANDOM,0
10,1100,3.1004369258880615,120388,120413.95,0,0.4,1,20,ONE_POINT,100,100,RANDOM,0
11,1200,3.431892156600952,119961,119978.08,0,0.4,1,20,ONE_POINT,100,100,RANDOM,0
12,1300,3.7186737060546875,118661,118700.0,0,0.4,1,20,ONE_POINT,100,100,RANDOM,0
13,1400,4.013737201690674,117921,117942.49,0,0.4,1,20,ONE_POINT,100,100,RANDOM,0
14,1500,4.3069679737091064,116961,116994.35,0,0.4,1,20,ONE_POINT,100,100,RANDOM,0
15,1600,4.604556322097778,115858,115988.16,0,0.4,1,20,ONE_POINT,100,100,RANDOM,0
16,1700,4.932774305343628,114904,114962.79,0,0.4,1,20,ONE_POINT,100,100,RANDOM,0
17,1800,5.274070501327515,113735,113758.38,0,0.4,1,20,ONE_POINT,100,100,RANDOM,0
18,1900,5.598730087280273,113200,113221.62,0,0.4,1,20,ONE_POINT,100,100,RANDOM,0
19,2000,5.8966944217681885,112779,112897.06,0,0.4,1,20,ONE_POINT,100,100,RANDOM,0
20,2100,6.215275764465332,112284,112299.73,0,0.4,1,20,ONE_POINT,100,100,RANDOM,0
21,2200,6.5201849937438965,111094,111130.72,0,0.4,1,20,ONE_POINT,100,100,RANDOM,0
22,2300,6.814390659332275,110117,110165.75,0,0.4,1,20,ONE_POINT,100,100,RANDOM,0
23,2400,7.127206563949585,109383,109411.12,0,0.4,1,20,ONE_POINT,100,100,RANDOM,0
24,2500,7.436347007751465,108848,108868.56,0,0.4,1,20,ONE_POINT,100,100,RANDOM,0
25,2600,7.75545334815979,107658,107815.03,0,0.4,1,20,ONE_POINT,100,100,RANDOM,0
26,2700,8.089362382888794,106733,106760.75,0,0.4,1,20,ONE_POINT,100,100,RANDOM,0
27,2800,8.421468734741211,106091,106111.32,0,0.4,1,20,ONE_POINT,100,100,RANDOM,0
28,2900,8.709144353866577,105138,105166.25,0,0.4,1,20,ONE_POINT,100,100,RANDOM,0
29,3000,8.996234655380249,104671,104684.8,0,0.4,1,20,ONE_POINT,100,100,RANDOM,0
30,3100,9.283547163009644,103255,103361.71,0,0.4,1,20,ONE_POINT,100,100,RANDOM,0
31,3200,9.593163251876831,102566,102599.52,0,0.4,1,20,ONE_POINT,100,100,RANDOM,0
32,3300,9.924898862838745,101721,101767.4,0,0.4,1,20,ONE_POINT,100,100,RANDOM,0
33,3400,10.25461196899414,101216,101235.08,0,0.4,1,20,ONE_POINT,100,100,RANDOM,0
34,3500,10.56349492073059,100324,100358.13,0,0.4,1,20,ONE_POINT,100,100,RANDOM,0
35,3600,10.861329078674316,99872,99922.07,0,0.4,1,20,ONE_POINT,100,100,RANDOM,0
36,3700,11.152954578399658,99416,99434.24,0,0.4,1,20,ONE_POINT,100,100,RANDOM,0
37,3800,11.446823835372925,98949,98968.65,0,0.4,1,20,ONE_POINT,100,100,RANDOM,0
38,3900,11.778466701507568,98105,98121.88,0,0.4,1,20,ONE_POINT,100,100,RANDOM,0
39,4000,12.094288110733032,96704,96904.64,0,0.4,1,20,ONE_POINT,100,100,RANDOM,0
40,4100,12.40409803390503,96173,96196.77,0,0.4,1,20,ONE_POINT,100,100,RANDOM,0
41,4200,12.727936267852783,95000,95052.69,0,0.4,1,20,ONE_POINT,100,100,RANDOM,0
42,4300,13.02794861793518,94069,94096.93,0,0.4,1,20,ONE_POINT,100,100,RANDOM,0
43,4400,13.394759893417358,93772,93781.32,0,0.4,1,20,ONE_POINT,100,100,RANDOM,0
44,4500,13.696734428405762,92953,93086.56,0,0.4,1,20,ONE_POINT,100,100,RANDOM,0
45,4600,14.004517793655396,92611,92624.68,0,0.4,1,20,ONE_POINT,100,100,RANDOM,0
46,4700,14.302855968475342,91976,92009.46,0,0.4,1,20,ONE_POINT,100,100,RANDOM,0
47,4800,14.627645015716553,91243,91265.73,0,0.4,1,20,ONE_POINT,100,100,RANDOM,0
48,4900,14.926726818084717,90732,90750.96,0,0.4,1,20,ONE_POINT,100,100,RANDOM,0
49,5000,15.236571788787842,90247,90256.7,0,0.4,1,20,ONE_POINT,100,100,RANDOM,0
50,5100,15.534976243972778,89529,89562.05,0,0.4,1,20,ONE_POINT,100,100,RANDOM,0
51,5200,15.831563949584961,89047,89056.64,0,0.4,1,20,ONE_POINT,100,100,RANDOM,0
52,5300,16.11636257171631,88472,88488.94,0,0.4,1,20,ONE_POINT,100,100,RANDOM,0
53,5400,16.45135807991028,87914,87925.16,0,0.4,1,20,ONE_POINT,100,100,RANDOM,0
54,5500,16.786107778549194,87676,87727.53,0,0.4,1,20,ONE_POINT,100,100,RANDOM,0
55,5600,17.095860242843628,87116,87132.8,0,0.4,1,20,ONE_POINT,100,100,RANDOM,0
56,5700,17.44504976272583,86761,86813.32,0,0.4,1,20,ONE_POINT,100,100,RANDOM,0
57,5800,17.734530210494995,86336,86353.17,0,0.4,1,20,ONE_POINT,100,100,RANDOM,0
58,5900,18.03943419456482,85669,85778.98,0,0.4,1,20,ONE_POINT,100,100,RANDOM,0
59,6000,18.347328901290894,85354,85379.36,0,0.4,1,20,ONE_POINT,100,100,RANDOM,0
60,6100,18.6783709526062,85164,85171.18,0,0.4,1,20,ONE_POINT,100,100,RANDOM,0
61,6200,19.012146472930908,84842,84850.38,0,0.4,1,20,ONE_POINT,100,100,RANDOM,0
62,6300,19.323827981948853,84338,84375.15,0,0.4,1,20,ONE_POINT,100,100,RANDOM,0
63,6400,19.6410915851593,84088,84095.81,0,0.4,1,20,ONE_POINT,100,100,RANDOM,0
64,6500,19.938952207565308,83651,83669.48,0,0.4,1,20,ONE_POINT,100,100,RANDOM,0
65,6600,20.24087643623352,82707,82725.88,0,0.4,1,20,ONE_POINT,100,100,RANDOM,0
66,6700,20.53363609313965,82316,82357.35,0,0.4,1,20,ONE_POINT,100,100,RANDOM,0
67,6800,20.814687728881836,81594,81649.35,0,0.4,1,20,ONE_POINT,100,100,RANDOM,0
68,6900,21.138071298599243,80955,80974.17,0,0.4,1,20,ONE_POINT,100,100,RANDOM,0
69,7000,21.4547336101532,80419,80442.33,0,0.4,1,20,ONE_POINT,100,100,RANDOM,0
70,7100,21.773664474487305,80163,80193.8,0,0.4,1,20,ONE_POINT,100,100,RANDOM,0
71,7200,22.071238040924072,79742,79798.09,0,0.4,1,20,ONE_POINT,100,100,RANDOM,0
72,7300,22.37959361076355,79227,79251.52,0,0.4,1,20,ONE_POINT,100,100,RANDOM,0
73,7400,22.684718132019043,78934,78948.49,0,0.4,1,20,ONE_POINT,100,100,RANDOM,0
74,7500,22.9793062210083,78445,78485.71,0,0.4,1,20,ONE_POINT,100,100,RANDOM,0
75,7600,23.279008388519287,78107,78113.76,0,0.4,1,20,ONE_POINT,100,100,RANDOM,0
76,7700,23.570859909057617,77767,77777.2,0,0.4,1,20,ONE_POINT,100,100,RANDOM,0
77,7800,23.871740341186523,77325,77338.26,0,0.4,1,20,ONE_POINT,100,100,RANDOM,0
78,7900,24.17861318588257,76978,76997.46,0,0.4,1,20,ONE_POINT,100,100,RANDOM,0
79,8000,24.469743251800537,76736,76753.83,0,0.4,1,20,ONE_POINT,100,100,RANDOM,0
80,8100,24.75655198097229,76407,76441.04,0,0.4,1,20,ONE_POINT,100,100,RANDOM,0
81,8200,25.051854610443115,75346,75367.25,0,0.4,1,20,ONE_POINT,100,100,RANDOM,0
82,8300,25.352213144302368,74967,74990.74,0,0.4,1,20,ONE_POINT,100,100,RANDOM,0
83,8400,25.66030788421631,74636,74685.6,0,0.4,1,20,ONE_POINT,100,100,RANDOM,0
84,8500,25.970223426818848,74615,74618.15,0,0.4,1,20,ONE_POINT,100,100,RANDOM,0
85,8600,26.268731594085693,74104,74121.29,0,0.4,1,20,ONE_POINT,100,100,RANDOM,0
86,8700,26.560409784317017,73801,73825.78,0,0.4,1,20,ONE_POINT,100,100,RANDOM,0
87,8800,26.89289093017578,73622,73629.01,0,0.4,1,20,ONE_POINT,100,100,RANDOM,0
88,8900,27.177038431167603,73403,73409.57,0,0.4,1,20,ONE_POINT,100,100,RANDOM,0
89,9000,27.463555574417114,72784,72823.11,0,0.4,1,20,ONE_POINT,100,100,RANDOM,0
90,9100,27.781094551086426,72608,72615.04,0,0.4,1,20,ONE_POINT,100,100,RANDOM,0
91,9200,28.09151577949524,72346,72393.1,0,0.4,1,20,ONE_POINT,100,100,RANDOM,0
92,9300,28.389686346054077,72026,72033.37,0,0.4,1,20,ONE_POINT,100,100,RANDOM,0
93,9400,28.727609395980835,71849,71858.39,0,0.4,1,20,ONE_POINT,100,100,RANDOM,0
94,9500,29.074819326400757,71684,71688.95,0,0.4,1,20,ONE_POINT,100,100,RANDOM,0
95,9600,29.380314588546753,71324,71356.22,0,0.4,1,20,ONE_POINT,100,100,RANDOM,0
96,9700,29.69841194152832,71200,71205.39,0,0.4,1,20,ONE_POINT,100,100,RANDOM,0
97,9800,29.995195150375366,70977,70982.72,0,0.4,1,20,ONE_POINT,100,100,RANDOM,0
98,9900,30.32732844352722,70799,70806.12,0,0.4,1,20,ONE_POINT,100,100,RANDOM,0
99,10000,30.61836314201355,70608,70613.73,0,0.4,1,20,ONE_POINT,100,100,RANDOM,0
100,10100,30.935214281082153,70294,70324.21,0,0.4,1,20,ONE_POINT,100,100,RANDOM,0
101,10200,31.235229015350342,69859,69876.4,0,0.4,1,20,ONE_POINT,100,100,RANDOM,0
102,10300,31.541908264160156,69599,69606.8,0,0.4,1,20,ONE_POINT,100,100,RANDOM,0
103,10400,31.875084161758423,68919,68940.38,0,0.4,1,20,ONE_POINT,100,100,RANDOM,0
104,10500,32.17442226409912,68329,68342.13,0,0.4,1,20,ONE_POINT,100,100,RANDOM,0
105,10600,32.49746012687683,68132,68138.39,0,0.4,1,20,ONE_POINT,100,100,RANDOM,0
106,10700,32.813817501068115,67684,67698.95,0,0.4,1,20,ONE_POINT,100,100,RANDOM,0
107,10800,33.10714030265808,67407,67436.54,0,0.4,1,20,ONE_POINT,100,100,RANDOM,0
108,10900,33.3955717086792,67246,67261.06,0,0.4,1,20,ONE_POINT,100,100,RANDOM,0
109,11000,33.724767446517944,66851,66859.35,0,0.4,1,20,ONE_POINT,100,100,RANDOM,0
110,11100,34.06771755218506,65942,65960.4,0,0.4,1,20,ONE_POINT,100,100,RANDOM,0
111,11200,34.41263008117676,65578,65588.92,0,0.4,1,20,ONE_POINT,100,100,RANDOM,0
112,11300,34.705790758132935,65389,65396.64,0,0.4,1,20,ONE_POINT,100,100,RANDOM,0
113,11400,35.006775856018066,65294,65321.49,0,0.4,1,20,ONE_POINT,100,100,RANDOM,0
114,11500,35.30930829048157,65169,65176.63,0,0.4,1,20,ONE_POINT,100,100,RANDOM,0
115,11600,35.634568214416504,64979,65037.85,0,0.4,1,20,ONE_POINT,100,100,RANDOM,0
116,11700,35.95044493675232,64645,64659.69,0,0.4,1,20,ONE_POINT,100,100,RANDOM,0
117,11800,36.266379833221436,64329,64345.89,0,0.4,1,20,ONE_POINT,100,100,RANDOM,0
118,11900,36.61289167404175,64015,64024.42,0,0.4,1,20,ONE_POINT,100,100,RANDOM,0
119,12000,36.9226508140564,63793,63807.62,0,0.4,1,20,ONE_POINT,100,100,RANDOM,0
120,12100,37.230151891708374,63454,63477.49,0,0.4,1,20,ONE_POINT,100,100,RANDOM,0
121,12200,37.54539132118225,63180,63206.3,0,0.4,1,20,ONE_POINT,100,100,RANDOM,0
122,12300,37.885926723480225,62953,62957.54,0,0.4,1,20,ONE_POINT,100,100,RANDOM,0
123,12400,38.1971161365509,62691,62705.27,0,0.4,1,20,ONE_POINT,100,100,RANDOM,0
124,12500,38.48115944862366,62598,62600.8,0,0.4,1,20,ONE_POINT,100,100,RANDOM,0
125,12600,38.778504848480225,62460,62466.38,0,0.4,1,20,ONE_POINT,100,100,RANDOM,0
126,12700,39.080556869506836,62340,62344.8,0,0.4,1,20,ONE_POINT,100,100,RANDOM,0
127,12800,39.39322471618652,62143,62151.39,0,0.4,1,20,ONE_POINT,100,100,RANDOM,0
128,12900,39.74670696258545,61940,61952.67,0,0.4,1,20,ONE_POINT,100,100,RANDOM,0
129,13000,40.08401846885681,61407,61431.04,0,0.4,1,20,ONE_POINT,100,100,RANDOM,0
130,13100,40.37658190727234,61282,61290.26,0,0.4,1,20,ONE_POINT,100,100,RANDOM,0
131,13200,40.70039629936218,61187,61212.8,0,0.4,1,20,ONE_POINT,100,100,RANDOM,0
132,13300,41.027883529663086,61036,61044.44,0,0.4,1,20,ONE_POINT,100,100,RANDOM,0
133,13400,41.34731101989746,60829,60837.9,0,0.4,1,20,ONE_POINT,100,100,RANDOM,0
134,13500,41.671613931655884,60718,60722.44,0,0.4,1,20,ONE_POINT,100,100,RANDOM,0
135,13600,41.99021601676941,60627,60630.64,0,0.4,1,20,ONE_POINT,100,100,RANDOM,0
136,13700,42.29749345779419,60202,60235.28,0,0.4,1,20,ONE_POINT,100,100,RANDOM,0
137,13800,42.63190245628357,60111,60137.8,0,0.4,1,20,ONE_POINT,100,100,RANDOM,0
138,13900,42.99452447891235,59962,59969.33,0,0.4,1,20,ONE_POINT,100,100,RANDOM,0
139,14000,43.30915379524231,59709,59742.95,0,0.4,1,20,ONE_POINT,100,100,RANDOM,0
140,14100,43.619946002960205,59527,59534.28,0,0.4,1,20,ONE_POINT,100,100,RANDOM,0
141,14200,43.906513929367065,59301,59305.32,0,0.4,1,20,ONE_POINT,100,100,RANDOM,0
142,14300,44.2079131603241,59120,59125.43,0,0.4,1,20,ONE_POINT,100,100,RANDOM,0
143,14400,44.506972312927246,58876,58887.37,0,0.4,1,20,ONE_POINT,100,100,RANDOM,0
144,14500,44.798627614974976,58738,58742.14,0,0.4,1,20,ONE_POINT,100,100,RANDOM,0
145,14600,45.136244773864746,58638,58658.15,0,0.4,1,20,ONE_POINT,100,100,RANDOM,0
146,14700,45.44473195075989,57386,57411.04,0,0.4,1,20,ONE_POINT,100,100,RANDOM,0
147,14800,45.74286770820618,57298,57305.15,0,0.4,1,20,ONE_POINT,100,100,RANDOM,0
148,14900,46.028130292892456,57069,57078.16,0,0.4,1,20,ONE_POINT,100,100,RANDOM,0
149,15000,46.31322455406189,56866,56888.33,0,0.4,1,20,ONE_POINT,100,100,RANDOM,0
150,15100,46.62779784202576,56748,56755.73,0,0.4,1,20,ONE_POINT,100,100,RANDOM,0
151,15200,46.932730197906494,56594,56602.87,0,0.4,1,20,ONE_POINT,100,100,RANDOM,0
152,15300,47.220776081085205,56297,56308.88,0,0.4,1,20,ONE_POINT,100,100,RANDOM,0
153,15400,47.59504747390747,56182,56189.29,0,0.4,1,20,ONE_POINT,100,100,RANDOM,0
154,15500,47.89487981796265,55833,55858.12,0,0.4,1,20,ONE_POINT,100,100,RANDOM,0
155,15600,48.22595477104187,55769,55772.2,0,0.4,1,20,ONE_POINT,100,100,RANDOM,0
156,15700,48.55636477470398,55673,55677.8,0,0.4,1,20,ONE_POINT,100,100,RANDOM,0
157,15800,48.89453649520874,55515,55527.03,0,0.4,1,20,ONE_POINT,100,100,RANDOM,0
158,15900,49.20369005203247,55334,55340.36,0,0.4,1,20,ONE_POINT,100,100,RANDOM,0
159,16000,49.5299232006073,55075,55082.77,0,0.4,1,20,ONE_POINT,100,100,RANDOM,0
160,16100,49.84234595298767,54907,54930.82,0,0.4,1,20,ONE_POINT,100,100,RANDOM,0
161,16200,50.16999578475952,54793,54810.78,0,0.4,1,20,ONE_POINT,100,100,RANDOM,0
162,16300,50.470112562179565,54716,54720.1,0,0.4,1,20,ONE_POINT,100,100,RANDOM,0
163,16400,50.763293504714966,54583,54588.32,0,0.4,1,20,ONE_POINT,100,100,RANDOM,0
164,16500,51.06644535064697,54508,54513.08,0,0.4,1,20,ONE_POINT,100,100,RANDOM,0
165,16600,51.3720269203186,54331,54381.01,0,0.4,1,20,ONE_POINT,100,100,RANDOM,0
166,16700,51.68721556663513,54032,54040.97,0,0.4,1,20,ONE_POINT,100,100,RANDOM,0
167,16800,51.99670338630676,53586,53599.38,0,0.4,1,20,ONE_POINT,100,100,RANDOM,0
168,16900,52.30417323112488,53457,53462.16,0,0.4,1,20,ONE_POINT,100,100,RANDOM,0
169,17000,52.63100576400757,53164,53186.42,0,0.4,1,20,ONE_POINT,100,100,RANDOM,0
170,17100,52.941598892211914,53019,53027.6,0,0.4,1,20,ONE_POINT,100,100,RANDOM,0
171,17200,53.228127241134644,52899,52903.8,0,0.4,1,20,ONE_POINT,100,100,RANDOM,0
172,17300,53.5769362449646,52734,52742.01,0,0.4,1,20,ONE_POINT,100,100,RANDOM,0
173,17400,53.866605043411255,52592,52620.54,0,0.4,1,20,ONE_POINT,100,100,RANDOM,0
174,17500,54.17383646965027,52517,52522.92,0,0.4,1,20,ONE_POINT,100,100,RANDOM,0
175,17600,54.484734296798706,52414,52418.87,0,0.4,1,20,ONE_POINT,100,100,RANDOM,0
176,17700,54.78941583633423,52228,52235.44,0,0.4,1,20,ONE_POINT,100,100,RANDOM,0
177,17800,55.075743436813354,52133,52169.67,0,0.4,1,20,ONE_POINT,100,100,RANDOM,0
178,17900,55.41151189804077,52133,52133.0,0,0.4,1,20,ONE_POINT,100,100,RANDOM,0
179,18000,55.73535227775574,52021,52033.14,0,0.4,1,20,ONE_POINT,100,100,RANDOM,0
180,18100,56.02724528312683,51830,51838.09,0,0.4,1,20,ONE_POINT,100,100,RANDOM,0
181,18200,56.319186210632324,51753,51757.65,0,0.4,1,20,ONE_POINT,100,100,RANDOM,0
182,18300,56.606359004974365,51613,51617.2,0,0.4,1,20,ONE_POINT,100,100,RANDOM,0
183,18400,56.91655898094177,51324,51356.11,0,0.4,1,20,ONE_POINT,100,100,RANDOM,0
184,18500,57.235780000686646,51247,51270.52,0,0.4,1,20,ONE_POINT,100,100,RANDOM,0
185,18600,57.52674078941345,51113,51123.86,0,0.4,1,20,ONE_POINT,100,100,RANDOM,0
186,18700,57.84221315383911,50953,50967.11,0,0.4,1,20,ONE_POINT,100,100,RANDOM,0
187,18800,58.1335027217865,50775,50782.12,0,0.4,1,20,ONE_POINT,100,100,RANDOM,0
188,18900,58.481258392333984,50580,50595.09,0,0.4,1,20,ONE_POINT,100,100,RANDOM,0
189,19000,58.771382570266724,50505,50508.0,0,0.4,1,20,ONE_POINT,100,100,RANDOM,0
190,19100,59.09573984146118,50388,50398.92,0,0.4,1,20,ONE_POINT,100,100,RANDOM,0
191,19200,59.38898253440857,50312,50360.49,0,0.4,1,20,ONE_POINT,100,100,RANDOM,0
192,19300,59.68745541572571,50126,50130.48,0,0.4,1,20,ONE_POINT,100,100,RANDOM,0
193,19400,59.97841167449951,50002,50032.56,0,0.4,1,20,ONE_POINT,100,100,RANDOM,0
194,19500,60.30287504196167,50001,50001.18,0,0.4,1,20,ONE_POINT,100,100,RANDOM,0
195,19600,60.65008807182312,49773,49794.74,0,0.4,1,20,ONE_POINT,100,100,RANDOM,0
196,19700,60.970935344696045,49651,49658.3,0,0.4,1,20,ONE_POINT,100,100,RANDOM,0
197,19800,61.27515411376953,49566,49570.78,0,0.4,1,20,ONE_POINT,100,100,RANDOM,0
198,19900,61.6645827293396,49468,49473.33,0,0.4,1,20,ONE_POINT,100,100,RANDOM,0
199,20000,62.03578448295593,49259,49267.36,0,0.4,1,20,ONE_POINT,100,100,RANDOM,0
200,20100,62.36186194419861,49120,49125.56,0,0.4,1,20,ONE_POINT,100,100,RANDOM,0
201,20200,62.704365968704224,48979,49009.57,0,0.4,1,20,ONE_POINT,100,100,RANDOM,0
202,20300,63.055537939071655,48866,48893.62,0,0.4,1,20,ONE_POINT,100,100,RANDOM,0
203,20400,63.39269495010376,48622,48629.32,0,0.4,1,20,ONE_POINT,100,100,RANDOM,0
204,20500,63.699615240097046,48578,48580.64,0,0.4,1,20,ONE_POINT,100,100,RANDOM,0
205,20600,64.05419135093689,48365,48371.39,0,0.4,1,20,ONE_POINT,100,100,RANDOM,0
206,20700,64.41877269744873,48302,48344.37,0,0.4,1,20,ONE_POINT,100,100,RANDOM,0
207,20800,64.7369532585144,48215,48219.43,0,0.4,1,20,ONE_POINT,100,100,RANDOM,0
208,20900,65.02301073074341,48134,48183.88,0,0.4,1,20,ONE_POINT,100,100,RANDOM,0
209,21000,65.35601568222046,48134,48134.0,0,0.4,1,20,ONE_POINT,100,100,RANDOM,0
210,21100,65.64888525009155,48063,48065.84,0,0.4,1,20,ONE_POINT,100,100,RANDOM,0
211,21200,65.95787382125854,47880,47902.47,0,0.4,1,20,ONE_POINT,100,100,RANDOM,0
212,21300,66.25228309631348,47857,47883.36,0,0.4,1,20,ONE_POINT,100,100,RANDOM,0
213,21400,66.55004978179932,47705,47712.95,0,0.4,1,20,ONE_POINT,100,100,RANDOM,0
214,21500,66.88329863548279,47671,47673.64,0,0.4,1,20,ONE_POINT,100,100,RANDOM,0
215,21600,67.1695487499237,47478,47489.62,0,0.4,1,20,ONE_POINT,100,100,RANDOM,0
216,21700,67.45201826095581,47393,47402.23,0,0.4,1,20,ONE_POINT,100,100,RANDOM,0
217,21800,67.74501466751099,47341,47344.12,0,0.4,1,20,ONE_POINT,100,100,RANDOM,0
218,21900,68.0723626613617,47245,47248.84,0,0.4,1,20,ONE_POINT,100,100,RANDOM,0
219,22000,68.39209461212158,47166,47169.95,0,0.4,1,20,ONE_POINT,100,100,RANDOM,0
220,22100,68.70302200317383,47122,47125.43,0,0.4,1,20,ONE_POINT,100,100,RANDOM,0
221,22200,69.00794959068298,46983,46997.03,0,0.4,1,20,ONE_POINT,100,100,RANDOM,0
222,22300,69.30105829238892,46853,46863.33,0,0.4,1,20,ONE_POINT,100,100,RANDOM,0
223,22400,69.58441710472107,46762,46773.14,0,0.4,1,20,ONE_POINT,100,100,RANDOM,0
224,22500,69.92469787597656,46666,46672.24,0,0.4,1,20,ONE_POINT,100,100,RANDOM,0
225,22600,70.23337531089783,46502,46508.42,0,0.4,1,20,ONE_POINT,100,100,RANDOM,0
226,22700,70.55122566223145,46477,46498.8,0,0.4,1,20,ONE_POINT,100,100,RANDOM,0
227,22800,70.83998131752014,46412,46415.25,0,0.4,1,20,ONE_POINT,100,100,RANDOM,0
228,22900,71.13136076927185,46258,46276.82,0,0.4,1,20,ONE_POINT,100,100,RANDOM,0
229,23000,71.42404222488403,46203,46207.29,0,0.4,1,20,ONE_POINT,100,100,RANDOM,0
230,23100,71.7173523902893,45996,46009.86,0,0.4,1,20,ONE_POINT,100,100,RANDOM,0
231,23200,72.04919910430908,45944,45956.29,0,0.4,1,20,ONE_POINT,100,100,RANDOM,0
232,23300,72.3589231967926,45816,45821.64,0,0.4,1,20,ONE_POINT,100,100,RANDOM,0
233,23400,72.6647458076477,45420,45433.68,0,0.4,1,20,ONE_POINT,100,100,RANDOM,0
234,23500,72.960129737854,45384,45419.85,0,0.4,1,20,ONE_POINT,100,100,RANDOM,0
235,23600,73.25317549705505,45350,45395.79,0,0.4,1,20,ONE_POINT,100,100,RANDOM,0
236,23700,73.54879355430603,45323,45325.59,0,0.4,1,20,ONE_POINT,100,100,RANDOM,0
237,23800,73.85391545295715,45200,45207.65,0,0.4,1,20,ONE_POINT,100,100,RANDOM,0
238,23900,74.14755940437317,45076,45096.86,0,0.4,1,20,ONE_POINT,100,100,RANDOM,0
239,24000,74.49637842178345,45051,45053.38,0,0.4,1,20,ONE_POINT,100,100,RANDOM,0
240,24100,74.79920363426208,44897,44903.16,0,0.4,1,20,ONE_POINT,100,100,RANDOM,0
241,24200,75.10275387763977,44851,44855.3,0,0.4,1,20,ONE_POINT,100,100,RANDOM,0
242,24300,75.41450119018555,44769,44804.24,0,0.4,1,20,ONE_POINT,100,100,RANDOM,0
243,24400,75.70182394981384,44768,44768.22,0,0.4,1,20,ONE_POINT,100,100,RANDOM,0
244,24500,76.00011801719666,44690,44694.71,0,0.4,1,20,ONE_POINT,100,100,RANDOM,0
245,24600,76.29088354110718,44514,44549.18,0,0.4,1,20,ONE_POINT,100,100,RANDOM,0
246,24700,76.64576125144958,44471,44473.58,0,0.4,1,20,ONE_POINT,100,100,RANDOM,0
247,24800,76.98523569107056,44431,44451.12,0,0.4,1,20,ONE_POINT,100,100,RANDOM,0
248,24900,77.2768964767456,44419,44422.09,0,0.4,1,20,ONE_POINT,100,100,RANDOM,0
249,25000,77.60211610794067,44407,44408.44,0,0.4,1,20,ONE_POINT,100,100,RANDOM,0
250,25100,77.93830943107605,44313,44324.03,0,0.4,1,20,ONE_POINT,100,100,RANDOM,0
251,25200,78.25302028656006,44270,44279.82,0,0.4,1,20,ONE_POINT,100,100,RANDOM,0
252,25300,78.61063981056213,44220,44259.05,0,0.4,1,20,ONE_POINT,100,100,RANDOM,0
253,25400,78.9207592010498,44093,44102.2,0,0.4,1,20,ONE_POINT,100,100,RANDOM,0
254,25500,79.21088480949402,43991,43996.46,0,0.4,1,20,ONE_POINT,100,100,RANDOM,0
255,25600,79.52129983901978,43916,43923.21,0,0.4,1,20,ONE_POINT,100,100,RANDOM,0
256,25700,79.85964059829712,43835,43839.86,0,0.4,1,20,ONE_POINT,100,100,RANDOM,0
257,25800,80.19583201408386,43809,43817.29,0,0.4,1,20,ONE_POINT,100,100,RANDOM,0
258,25900,80.4965877532959,43752,43759.75,0,0.4,1,20,ONE_POINT,100,100,RANDOM,0
259,26000,80.81557750701904,43737,43763.67,0,0.4,1,20,ONE_POINT,100,100,RANDOM,0
260,26100,81.21039175987244,43718,43720.41,0,0.4,1,20,ONE_POINT,100,100,RANDOM,0
261,26200,81.6121597290039,43671,43673.82,0,0.4,1,20,ONE_POINT,100,100,RANDOM,0
262,26300,81.95716071128845,43635,43645.48,0,0.4,1,20,ONE_POINT,100,100,RANDOM,0
263,26400,82.24049663543701,43551,43555.2,0,0.4,1,20,ONE_POINT,100,100,RANDOM,0
264,26500,82.61640548706055,43519,43531.84,0,0.4,1,20,ONE_POINT,100,100,RANDOM,0
265,26600,82.9652464389801,43076,43096.23,0,0.4,1,20,ONE_POINT,100,100,RANDOM,0
266,26700,83.36210989952087,43005,43019.33,0,0.4,1,20,ONE_POINT,100,100,RANDOM,0
267,26800,83.65165710449219,42992,43002.23,0,0.4,1,20,ONE_POINT,100,100,RANDOM,0
268,26900,83.953852891922,42795,42814.28,0,0.4,1,20,ONE_POINT,100,100,RANDOM,0
269,27000,84.27656626701355,42701,42704.79,0,0.4,1,20,ONE_POINT,100,100,RANDOM,0
270,27100,84.63999938964844,42696,42696.35,0,0.4,1,20,ONE_POINT,100,100,RANDOM,0
271,27200,85.0310595035553,42683,42684.2,0,0.4,1,20,ONE_POINT,100,100,RANDOM,0
272,27300,85.41092777252197,42644,42650.62,0,0.4,1,20,ONE_POINT,100,100,RANDOM,0
273,27400,85.78565979003906,42602,42604.52,0,0.4,1,20,ONE_POINT,100,100,RANDOM,0
274,27500,86.15650606155396,42557,42606.1,0,0.4,1,20,ONE_POINT,100,100,RANDOM,0
275,27600,86.48329830169678,42492,42495.47,0,0.4,1,20,ONE_POINT,100,100,RANDOM,0
276,27700,86.80660581588745,42454,42534.49,0,0.4,1,20,ONE_POINT,100,100,RANDOM,0
277,27800,87.16534757614136,42443,42456.51,0,0.4,1,20,ONE_POINT,100,100,RANDOM,0
278,27900,87.61661314964294,42385,42390.6,0,0.4,1,20,ONE_POINT,100,100,RANDOM,0
279,28000,88.00535130500793,42385,42385.0,0,0.4,1,20,ONE_POINT,100,100,RANDOM,0
280,28100,88.36314249038696,42316,42331.43,0,0.4,1,20,ONE_POINT,100,100,RANDOM,0
281,28200,88.70893263816833,42291,42293.69,0,0.4,1,20,ONE_POINT,100,100,RANDOM,0
282,28300,89.06839418411255,42217,42222.4,0,0.4,1,20,ONE_POINT,100,100,RANDOM,0
283,28400,89.4171359539032,42165,42168.05,0,0.4,1,20,ONE_POINT,100,100,RANDOM,0
284,28500,89.75266098976135,42061,42065.16,0,0.4,1,20,ONE_POINT,100,100,RANDOM,0
285,28600,90.06236696243286,41989,41993.32,0,0.4,1,20,ONE_POINT,100,100,RANDOM,0
286,28700,90.39683961868286,41967,41980.82,0,0.4,1,20,ONE_POINT,100,100,RANDOM,0
287,28800,90.77004265785217,41885,41890.36,0,0.4,1,20,ONE_POINT,100,100,RANDOM,0
288,28900,91.08363175392151,41860,41869.18,0,0.4,1,20,ONE_POINT,100,100,RANDOM,0
289,29000,91.385085105896,41830,41833.47,0,0.4,1,20,ONE_POINT,100,100,RANDOM,0
290,29100,91.72808027267456,41751,41786.85,0,0.4,1,20,ONE_POINT,100,100,RANDOM,0
291,29200,92.02756214141846,41725,41727.08,0,0.4,1,20,ONE_POINT,100,100,RANDOM,0
292,29300,92.36565065383911,41706,41713.93,0,0.4,1,20,ONE_POINT,100,100,RANDOM,0
293,29400,92.70222473144531,41656,41659.3,0,0.4,1,20,ONE_POINT,100,100,RANDOM,0
294,29500,93.06504726409912,41548,41557.95,0,0.4,1,20,ONE_POINT,100,100,RANDOM,0
295,29600,93.35712122917175,41472,41480.19,0,0.4,1,20,ONE_POINT,100,100,RANDOM,0
296,29700,93.67897629737854,41468,41471.43,0,0.4,1,20,ONE_POINT,100,100,RANDOM,0
297,29800,94.00015330314636,41369,41393.0,0,0.4,1,20,ONE_POINT,100,100,RANDOM,0
298,29900,94.32997965812683,41260,41334.26,0,0.4,1,20,ONE_POINT,100,100,RANDOM,0
299,30000,94.62597870826721,41210,41212.5,0,0.4,1,20,ONE_POINT,100,100,RANDOM,0
300,30100,94.90865278244019,41166,41168.64,0,0.4,1,20,ONE_POINT,100,100,RANDOM,0
301,30200,95.25074195861816,41142,41143.44,0,0.4,1,20,ONE_POINT,100,100,RANDOM,0
302,30300,95.57105898857117,41105,41115.09,0,0.4,1,20,ONE_POINT,100,100,RANDOM,0
303,30400,95.91792726516724,41104,41114.86,0,0.4,1,20,ONE_POINT,100,100,RANDOM,0
304,30500,96.21642565727234,41074,41076.12,0,0.4,1,20,ONE_POINT,100,100,RANDOM,0
305,30600,96.58446550369263,41074,41074.0,0,0.4,1,20,ONE_POINT,100,100,RANDOM,0
1,200,0.20235347747802734,136703,135093.97,0,0.4,1,20,ONE_POINT,100,100,RANDOM,1
2,300,0.521320104598999,132146,132202.71,0,0.4,1,20,ONE_POINT,100,100,RANDOM,1
3,400,0.8336532115936279,129974,129995.72,0,0.4,1,20,ONE_POINT,100,100,RANDOM,1
4,500,1.131601095199585,129243,129278.58,0,0.4,1,20,ONE_POINT,100,100,RANDOM,1
5,600,1.4483988285064697,128460,128475.66,0,0.4,1,20,ONE_POINT,100,100,RANDOM,1
6,700,1.7495954036712646,127720,127734.8,0,0.4,1,20,ONE_POINT,100,100,RANDOM,1
7,800,2.063575506210327,126227,126256.86,0,0.4,1,20,ONE_POINT,100,100,RANDOM,1
8,900,2.378131151199341,124902,124928.5,0,0.4,1,20,ONE_POINT,100,100,RANDOM,1
9,1000,2.682046890258789,123890,123935.26,0,0.4,1,20,ONE_POINT,100,100,RANDOM,1
10,1100,2.9884989261627197,123282,123300.24,0,0.4,1,20,ONE_POINT,100,100,RANDOM,1
11,1200,3.2840688228607178,122575,122597.56,0,0.4,1,20,ONE_POINT,100,100,RANDOM,1
12,1300,3.597182035446167,121630,121650.7,0,0.4,1,20,ONE_POINT,100,100,RANDOM,1
13,1400,3.8850226402282715,120558,120619.6,0,0.4,1,20,ONE_POINT,100,100,RANDOM,1
14,1500,4.202444314956665,119641,119690.09,0,0.4,1,20,ONE_POINT,100,100,RANDOM,1
15,1600,4.49544358253479,118846,118891.84,0,0.4,1,20,ONE_POINT,100,100,RANDOM,1
16,1700,4.8138134479522705,117454,117508.1,0,0.4,1,20,ONE_POINT,100,100,RANDOM,1
17,1800,5.13337779045105,115902,115955.99,0,0.4,1,20,ONE_POINT,100,100,RANDOM,1
18,1900,5.441620588302612,114680,114715.59,0,0.4,1,20,ONE_POINT,100,100,RANDOM,1
19,2000,5.735822439193726,113347,113607.22,0,0.4,1,20,ONE_POINT,100,100,RANDOM,1
20,2100,6.023362636566162,112029,112066.13,0,0.4,1,20,ONE_POINT,100,100,RANDOM,1
21,2200,6.333408832550049,110877,110900.75,0,0.4,1,20,ONE_POINT,100,100,RANDOM,1
22,2300,6.61924147605896,108519,108566.16,0,0.4,1,20,ONE_POINT,100,100,RANDOM,1
23,2400,6.909222841262817,107975,107997.6,0,0.4,1,20,ONE_POINT,100,100,RANDOM,1
24,2500,7.212588548660278,106413,106461.22,0,0.4,1,20,ONE_POINT,100,100,RANDOM,1
25,2600,7.529881715774536,105335,105367.34,0,0.4,1,20,ONE_POINT,100,100,RANDOM,1
26,2700,7.853952646255493,104394,104565.29,0,0.4,1,20,ONE_POINT,100,100,RANDOM,1
27,2800,8.148317337036133,102617,102690.5,0,0.4,1,20,ONE_POINT,100,100,RANDOM,1
28,2900,8.436054944992065,101615,101646.92,0,0.4,1,20,ONE_POINT,100,100,RANDOM,1
29,3000,8.737447500228882,100565,100596.5,0,0.4,1,20,ONE_POINT,100,100,RANDOM,1
30,3100,9.072829246520996,99537,99573.39,0,0.4,1,20,ONE_POINT,100,100,RANDOM,1
31,3200,9.403018474578857,99125,99160.53,0,0.4,1,20,ONE_POINT,100,100,RANDOM,1
32,3300,9.714001417160034,98890,98956.79,0,0.4,1,20,ONE_POINT,100,100,RANDOM,1
33,3400,10.025024175643921,98457,98488.36,0,0.4,1,20,ONE_POINT,100,100,RANDOM,1
34,3500,10.318998098373413,97639,97663.42,0,0.4,1,20,ONE_POINT,100,100,RANDOM,1
35,3600,10.603644847869873,96777,96802.86,0,0.4,1,20,ONE_POINT,100,100,RANDOM,1
36,3700,10.89865493774414,96430,96452.67,0,0.4,1,20,ONE_POINT,100,100,RANDOM,1
37,3800,11.200161457061768,95923,95972.98,0,0.4,1,20,ONE_POINT,100,100,RANDOM,1
38,3900,11.559569597244263,95642,95684.03,0,0.4,1,20,ONE_POINT,100,100,RANDOM,1
39,4000,11.919513463973999,95241,95253.83,0,0.4,1,20,ONE_POINT,100,100,RANDOM,1
40,4100,12.235349416732788,94607,94632.36,0,0.4,1,20,ONE_POINT,100,100,RANDOM,1
41,4200,12.540216207504272,93921,94024.12,0,0.4,1,20,ONE_POINT,100,100,RANDOM,1
42,4300,12.8294358253479,93700,93720.59,0,0.4,1,20,ONE_POINT,100,100,RANDOM,1
43,4400,13.136455297470093,93227,93277.25,0,0.4,1,20,ONE_POINT,100,100,RANDOM,1
44,4500,13.460650444030762,92830,92847.06,0,0.4,1,20,ONE_POINT,100,100,RANDOM,1
45,4600,13.8121497631073,92389,92402.23,0,0.4,1,20,ONE_POINT,100,100,RANDOM,1
46,4700,14.129629373550415,91923,91936.98,0,0.4,1,20,ONE_POINT,100,100,RANDOM,1
47,4800,14.42350149154663,91132,91147.82,0,0.4,1,20,ONE_POINT,100,100,RANDOM,1
48,4900,14.709766387939453,90765,90783.57,0,0.4,1,20,ONE_POINT,100,100,RANDOM,1
49,5000,15.039243936538696,90079,90099.58,0,0.4,1,20,ONE_POINT,100,100,RANDOM,1
50,5100,15.365449666976929,89871,89946.3,0,0.4,1,20,ONE_POINT,100,100,RANDOM,1
51,5200,15.679043531417847,89388,89409.4,0,0.4,1,20,ONE_POINT,100,100,RANDOM,1
52,5300,16.021306037902832,88468,88486.4,0,0.4,1,20,ONE_POINT,100,100,RANDOM,1
53,5400,16.324944734573364,88108,88129.52,0,0.4,1,20,ONE_POINT,100,100,RANDOM,1
54,5500,16.65743613243103,87865,87874.72,0,0.4,1,20,ONE_POINT,100,100,RANDOM,1
55,5600,17.026630640029907,87401,87420.83,0,0.4,1,20,ONE_POINT,100,100,RANDOM,1
56,5700,17.36810803413391,86836,86854.88,0,0.4,1,20,ONE_POINT,100,100,RANDOM,1
57,5800,17.673822164535522,86366,86378.75,0,0.4,1,20,ONE_POINT,100,100,RANDOM,1
58,5900,17.97841763496399,85995,86018.09,0,0.4,1,20,ONE_POINT,100,100,RANDOM,1
59,6000,18.275709867477417,85548,85559.57,0,0.4,1,20,ONE_POINT,100,100,RANDOM,1
60,6100,18.60601806640625,84778,84793.4,0,0.4,1,20,ONE_POINT,100,100,RANDOM,1
61,6200,18.89633059501648,84198,84215.56,0,0.4,1,20,ONE_POINT,100,100,RANDOM,1
62,6300,19.196425676345825,83900,83916.9,0,0.4,1,20,ONE_POINT,100,100,RANDOM,1
63,6400,19.502805471420288,83205,83218.9,0,0.4,1,20,ONE_POINT,100,100,RANDOM,1
64,6500,19.80194330215454,82554,82588.9,0,0.4,1,20,ONE_POINT,100,100,RANDOM,1
65,6600,20.119478940963745,81686,81703.36,0,0.4,1,20,ONE_POINT,100,100,RANDOM,1
66,6700,20.463789224624634,81449,81458.48,0,0.4,1,20,ONE_POINT,100,100,RANDOM,1
67,6800,20.76369595527649,81169,81180.97,0,0.4,1,20,ONE_POINT,100,100,RANDOM,1
68,6900,21.105280876159668,80899,80961.77,0,0.4,1,20,ONE_POINT,100,100,RANDOM,1
69,7000,21.393056392669678,80496,80545.11,0,0.4,1,20,ONE_POINT,100,100,RANDOM,1
70,7100,21.714394092559814,79854,79862.37,0,0.4,1,20,ONE_POINT,100,100,RANDOM,1
71,7200,22.046401500701904,79640,79665.4,0,0.4,1,20,ONE_POINT,100,100,RANDOM,1
72,7300,22.353530406951904,78982,79008.75,0,0.4,1,20,ONE_POINT,100,100,RANDOM,1
73,7400,22.688981533050537,78674,78696.6,0,0.4,1,20,ONE_POINT,100,100,RANDOM,1
74,7500,23.013787269592285,78294,78309.42,0,0.4,1,20,ONE_POINT,100,100,RANDOM,1
75,7600,23.396978616714478,77948,77958.38,0,0.4,1,20,ONE_POINT,100,100,RANDOM,1
76,7700,23.726238012313843,77737,77745.44,0,0.4,1,20,ONE_POINT,100,100,RANDOM,1
77,7800,24.064149141311646,77205,77221.09,0,0.4,1,20,ONE_POINT,100,100,RANDOM,1
78,7900,24.40034246444702,76932,76939.78,0,0.4,1,20,ONE_POINT,100,100,RANDOM,1
79,8000,24.687360286712646,76657,76724.22,0,0.4,1,20,ONE_POINT,100,100,RANDOM,1
80,8100,24.98465895652771,76432,76441.0,0,0.4,1,20,ONE_POINT,100,100,RANDOM,1
81,8200,25.39048671722412,75598,75614.63,0,0.4,1,20,ONE_POINT,100,100,RANDOM,1
82,8300,25.740740060806274,74974,74986.48,0,0.4,1,20,ONE_POINT,100,100,RANDOM,1
83,8400,26.047483682632446,73490,73518.92,0,0.4,1,20,ONE_POINT,100,100,RANDOM,1
84,8500,26.363895416259766,72843,72862.41,0,0.4,1,20,ONE_POINT,100,100,RANDOM,1
85,8600,26.73572301864624,72519,72528.72,0,0.4,1,20,ONE_POINT,100,100,RANDOM,1
86,8700,27.105490922927856,71945,71956.48,0,0.4,1,20,ONE_POINT,100,100,RANDOM,1
87,8800,27.402575492858887,71825,71829.19,0,0.4,1,20,ONE_POINT,100,100,RANDOM,1
88,8900,27.71947407722473,71592,71600.74,0,0.4,1,20,ONE_POINT,100,100,RANDOM,1
89,9000,28.02713179588318,71404,71411.52,0,0.4,1,20,ONE_POINT,100,100,RANDOM,1
90,9100,28.315974473953247,71139,71171.6,0,0.4,1,20,ONE_POINT,100,100,RANDOM,1
91,9200,28.629425764083862,70871,70879.04,0,0.4,1,20,ONE_POINT,100,100,RANDOM,1
92,9300,28.98355197906494,70655,70665.56,0,0.4,1,20,ONE_POINT,100,100,RANDOM,1
93,9400,29.29099416732788,69901,69916.08,0,0.4,1,20,ONE_POINT,100,100,RANDOM,1
94,9500,29.583035945892334,69652,69659.47,0,0.4,1,20,ONE_POINT,100,100,RANDOM,1
95,9600,29.88909339904785,69407,69458.49,0,0.4,1,20,ONE_POINT,100,100,RANDOM,1
96,9700,30.204355001449585,69042,69052.95,0,0.4,1,20,ONE_POINT,100,100,RANDOM,1
97,9800,30.53987765312195,68661,68693.4,0,0.4,1,20,ONE_POINT,100,100,RANDOM,1
98,9900,30.844676733016968,68517,68536.6,0,0.4,1,20,ONE_POINT,100,100,RANDOM,1
99,10000,31.160887002944946,68332,68337.55,0,0.4,1,20,ONE_POINT,100,100,RANDOM,1
100,10100,31.48773956298828,68009,68018.69,0,0.4,1,20,ONE_POINT,100,100,RANDOM,1
101,10200,31.824110984802246,67681,67690.84,0,0.4,1,20,ONE_POINT,100,100,RANDOM,1
102,10300,32.12894678115845,67201,67210.6,0,0.4,1,20,ONE_POINT,100,100,RANDOM,1
103,10400,32.48282837867737,66833,66847.72,0,0.4,1,20,ONE_POINT,100,100,RANDOM,1
104,10500,32.77625250816345,66604,66610.87,0,0.4,1,20,ONE_POINT,100,100,RANDOM,1
105,10600,33.096341371536255,66229,66263.19,0,0.4,1,20,ONE_POINT,100,100,RANDOM,1
106,10700,33.42701005935669,65984,66000.79,0,0.4,1,20,ONE_POINT,100,100,RANDOM,1
107,10800,33.72003769874573,65692,65706.42,0,0.4,1,20,ONE_POINT,100,100,RANDOM,1
108,10900,34.04397439956665,65409,65425.16,0,0.4,1,20,ONE_POINT,100,100,RANDOM,1
109,11000,34.35316514968872,65121,65132.47,0,0.4,1,20,ONE_POINT,100,100,RANDOM,1
110,11100,34.63815522193909,65012,65038.25,0,0.4,1,20,ONE_POINT,100,100,RANDOM,1
111,11200,34.965184926986694,64761,64771.04,0,0.4,1,20,ONE_POINT,100,100,RANDOM,1
112,11300,35.30738043785095,64434,64446.2,0,0.4,1,20,ONE_POINT,100,100,RANDOM,1
113,11400,35.6356086730957,64071,64110.55,0,0.4,1,20,ONE_POINT,100,100,RANDOM,1
114,11500,35.94611573219299,63898,63904.92,0,0.4,1,20,ONE_POINT,100,100,RANDOM,1
115,11600,36.27150344848633,63759,63849.34,0,0.4,1,20,ONE_POINT,100,100,RANDOM,1
116,11700,36.58575987815857,63505,63525.04,0,0.4,1,20,ONE_POINT,100,100,RANDOM,1
117,11800,36.91507148742676,63141,63151.76,0,0.4,1,20,ONE_POINT,100,100,RANDOM,1
118,11900,37.23322081565857,62993,63006.3,0,0.4,1,20,ONE_POINT,100,100,RANDOM,1
119,12000,37.574583768844604,62743,62753.0,0,0.4,1,20,ONE_POINT,100,100,RANDOM,1
120,12100,37.87821555137634,62649,62660.44,0,0.4,1,20,ONE_POINT,100,100,RANDOM,1
121,12200,38.190887689590454,62363,62375.75,0,0.4,1,20,ONE_POINT,100,100,RANDOM,1
122,12300,38.484599113464355,62190,62213.35,0,0.4,1,20,ONE_POINT,100,100,RANDOM,1
123,12400,38.81117129325867,61865,61908.86,0,0.4,1,20,ONE_POINT,100,100,RANDOM,1
124,12500,39.12360143661499,61521,61531.32,0,0.4,1,20,ONE_POINT,100,100,RANDOM,1
125,12600,39.47490406036377,61453,61456.4,0,0.4,1,20,ONE_POINT,100,100,RANDOM,1
126,12700,39.79969811439514,61183,61260.34,0,0.4,1,20,ONE_POINT,100,100,RANDOM,1
127,12800,40.1041419506073,60992,60998.89,0,0.4,1,20,ONE_POINT,100,100,RANDOM,1
128,12900,40.435163497924805,60729,60743.63,0,0.4,1,20,ONE_POINT,100,100,RANDOM,1
129,13000,40.76317739486694,60597,60604.92,0,0.4,1,20,ONE_POINT,100,100,RANDOM,1
130,13100,41.06142568588257,60555,60559.38,0,0.4,1,20,ONE_POINT,100,100,RANDOM,1
131,13200,41.39294910430908,60447,60477.65,0,0.4,1,20,ONE_POINT,100,100,RANDOM,1
132,13300,41.711143255233765,60247,60255.0,0,0.4,1,20,ONE_POINT,100,100,RANDOM,1
133,13400,42.012218713760376,59984,60009.75,0,0.4,1,20,ONE_POINT,100,100,RANDOM,1
134,13500,42.31719923019409,59868,59970.27,0,0.4,1,20,ONE_POINT,100,100,RANDOM,1
135,13600,42.659900426864624,59560,59576.75,0,0.4,1,20,ONE_POINT,100,100,RANDOM,1
136,13700,42.98987364768982,59347,59351.26,0,0.4,1,20,ONE_POINT,100,100,RANDOM,1
137,13800,43.293084144592285,59151,59158.84,0,0.4,1,20,ONE_POINT,100,100,RANDOM,1
138,13900,43.60302209854126,58890,58897.83,0,0.4,1,20,ONE_POINT,100,100,RANDOM,1
139,14000,43.918166637420654,58669,58691.38,0,0.4,1,20,ONE_POINT,100,100,RANDOM,1
140,14100,44.230698108673096,58328,58341.64,0,0.4,1,20,ONE_POINT,100,100,RANDOM,1
141,14200,44.52407765388489,58086,58096.67,0,0.4,1,20,ONE_POINT,100,100,RANDOM,1
142,14300,44.850404024124146,57965,57972.65,0,0.4,1,20,ONE_POINT,100,100,RANDOM,1
143,14400,45.18234443664551,57852,57889.64,0,0.4,1,20,ONE_POINT,100,100,RANDOM,1
144,14500,45.47014594078064,57781,57785.99,0,0.4,1,20,ONE_POINT,100,100,RANDOM,1
145,14600,45.808523416519165,57387,57413.07,0,0.4,1,20,ONE_POINT,100,100,RANDOM,1
146,14700,46.12112212181091,57224,57235.17,0,0.4,1,20,ONE_POINT,100,100,RANDOM,1
147,14800,46.45481991767883,57197,57211.48,0,0.4,1,20,ONE_POINT,100,100,RANDOM,1
148,14900,46.785561084747314,56943,56956.73,0,0.4,1,20,ONE_POINT,100,100,RANDOM,1
149,15000,47.07783317565918,56801,56806.58,0,0.4,1,20,ONE_POINT,100,100,RANDOM,1
150,15100,47.40872049331665,56684,56703.98,0,0.4,1,20,ONE_POINT,100,100,RANDOM,1
151,15200,47.70840907096863,56515,56647.35,0,0.4,1,20,ONE_POINT,100,100,RANDOM,1
152,15300,48.04780864715576,56445,56453.95,0,0.4,1,20,ONE_POINT,100,100,RANDOM,1
153,15400,48.377559661865234,56353,56452.79,0,0.4,1,20,ONE_POINT,100,100,RANDOM,1
154,15500,48.69097590446472,56169,56176.36,0,0.4,1,20,ONE_POINT,100,100,RANDOM,1
155,15600,49.006895542144775,56001,56011.24,0,0.4,1,20,ONE_POINT,100,100,RANDOM,1
156,15700,49.338313817977905,55771,55803.08,0,0.4,1,20,ONE_POINT,100,100,RANDOM,1
157,15800,49.63808035850525,55636,55663.7,0,0.4,1,20,ONE_POINT,100,100,RANDOM,1
158,15900,49.953691482543945,55498,55503.52,0,0.4,1,20,ONE_POINT,100,100,RANDOM,1
159,16000,50.27461767196655,55428,55504.4,0,0.4,1,20,ONE_POINT,100,100,RANDOM,1
160,16100,50.57645845413208,55308,55312.09,0,0.4,1,20,ONE_POINT,100,100,RANDOM,1
161,16200,50.915202379226685,54542,54579.17,0,0.4,1,20,ONE_POINT,100,100,RANDOM,1
162,16300,51.221073389053345,54374,54380.72,0,0.4,1,20,ONE_POINT,100,100,RANDOM,1
163,16400,51.54258584976196,54306,54309.4,0,0.4,1,20,ONE_POINT,100,100,RANDOM,1
164,16500,51.854360818862915,54185,54191.05,0,0.4,1,20,ONE_POINT,100,100,RANDOM,1
165,16600,52.166868686676025,53985,54007.38,0,0.4,1,20,ONE_POINT,100,100,RANDOM,1
166,16700,52.45522451400757,53531,53546.89,0,0.4,1,20,ONE_POINT,100,100,RANDOM,1
167,16800,52.744274377822876,53185,53206.99,0,0.4,1,20,ONE_POINT,100,100,RANDOM,1
168,16900,53.075109004974365,53061,53067.2,0,0.4,1,20,ONE_POINT,100,100,RANDOM,1
169,17000,53.362465381622314,52870,52906.45,0,0.4,1,20,ONE_POINT,100,100,RANDOM,1
170,17100,53.68031859397888,52719,52726.55,0,0.4,1,20,ONE_POINT,100,100,RANDOM,1
171,17200,54.00499129295349,52562,52628.65,0,0.4,1,20,ONE_POINT,100,100,RANDOM,1
172,17300,54.32525706291199,52497,52509.52,0,0.4,1,20,ONE_POINT,100,100,RANDOM,1
173,17400,54.63591551780701,52405,52428.61,0,0.4,1,20,ONE_POINT,100,100,RANDOM,1
174,17500,54.96044182777405,52231,52238.08,0,0.4,1,20,ONE_POINT,100,100,RANDOM,1
175,17600,55.2516565322876,52052,52072.37,0,0.4,1,20,ONE_POINT,100,100,RANDOM,1
176,17700,55.55766320228577,51897,51944.18,0,0.4,1,20,ONE_POINT,100,100,RANDOM,1
177,17800,55.896666049957275,51594,51611.38,0,0.4,1,20,ONE_POINT,100,100,RANDOM,1
178,17900,56.184048891067505,51470,51475.51,0,0.4,1,20,ONE_POINT,100,100,RANDOM,1
179,18000,56.51292562484741,51314,51323.81,0,0.4,1,20,ONE_POINT,100,100,RANDOM,1
180,18100,56.81180024147034,50983,50995.61,0,0.4,1,20,ONE_POINT,100,100,RANDOM,1
181,18200,57.1521782875061,50810,50822.17,0,0.4,1,20,ONE_POINT,100,100,RANDOM,1
182,18300,57.48119020462036,50615,50626.25,0,0.4,1,20,ONE_POINT,100,100,RANDOM,1
183,18400,57.773082971572876,50480,50547.37,0,0.4,1,20,ONE_POINT,100,100,RANDOM,1
184,18500,58.07127237319946,50400,50410.03,0,0.4,1,20,ONE_POINT,100,100,RANDOM,1
185,18600,58.41253685951233,50210,50217.6,0,0.4,1,20,ONE_POINT,100,100,RANDOM,1
186,18700,58.69858503341675,50148,50155.08,0,0.4,1,20,ONE_POINT,100,100,RANDOM,1
187,18800,58.999579429626465,50071,50075.21,0,0.4,1,20,ONE_POINT,100,100,RANDOM,1
188,18900,59.28334712982178,49850,49864.61,0,0.4,1,20,ONE_POINT,100,100,RANDOM,1
189,19000,59.61141276359558,49818,49821.45,0,0.4,1,20,ONE_POINT,100,100,RANDOM,1
190,19100,59.92099928855896,49762,49784.51,0,0.4,1,20,ONE_POINT,100,100,RANDOM,1
191,19200,60.284133195877075,49728,49737.42,0,0.4,1,20,ONE_POINT,100,100,RANDOM,1
192,19300,60.585444688797,49613,49618.75,0,0.4,1,20,ONE_POINT,100,100,RANDOM,1
193,19400,60.872085094451904,49590,49592.68,0,0.4,1,20,ONE_POINT,100,100,RANDOM,1
194,19500,61.171419620513916,49430,49438.05,0,0.4,1,20,ONE_POINT,100,100,RANDOM,1
195,19600,61.46323561668396,49360,49365.13,0,0.4,1,20,ONE_POINT,100,100,RANDOM,1
196,19700,61.760143995285034,49281,49285.74,0,0.4,1,20,ONE_POINT,100,100,RANDOM,1
197,19800,62.163187980651855,49083,49133.89,0,0.4,1,20,ONE_POINT,100,100,RANDOM,1
198,19900,62.54619121551514,48929,48946.48,0,0.4,1,20,ONE_POINT,100,100,RANDOM,1
199,20000,62.929702043533325,48781,48806.81,0,0.4,1,20,ONE_POINT,100,100,RANDOM,1
200,20100,63.27693152427673,48727,48768.2,0,0.4,1,20,ONE_POINT,100,100,RANDOM,1
201,20200,63.614253759384155,48526,48585.53,0,0.4,1,20,ONE_POINT,100,100,RANDOM,1
202,20300,64.03316950798035,48415,48436.35,0,0.4,1,20,ONE_POINT,100,100,RANDOM,1
203,20400,64.3804063796997,48318,48323.82,0,0.4,1,20,ONE_POINT,100,100,RANDOM,1
204,20500,64.75653171539307,48171,48180.79,0,0.4,1,20,ONE_POINT,100,100,RANDOM,1
205,20600,65.21481251716614,47890,47906.68,0,0.4,1,20,ONE_POINT,100,100,RANDOM,1
206,20700,65.53960871696472,47871,47875.72,0,0.4,1,20,ONE_POINT,100,100,RANDOM,1
207,20800,65.92127513885498,47708,47714.71,0,0.4,1,20,ONE_POINT,100,100,RANDOM,1
208,20900,66.39340424537659,47559,47566.01,0,0.4,1,20,ONE_POINT,100,100,RANDOM,1
209,21000,66.80281162261963,47377,47392.22,0,0.4,1,20,ONE_POINT,100,100,RANDOM,1
210,21100,67.15075421333313,47225,47231.08,0,0.4,1,20,ONE_POINT,100,100,RANDOM,1
211,21200,67.44336318969727,47129,47160.02,0,0.4,1,20,ONE_POINT,100,100,RANDOM,1
212,21300,67.75197577476501,47055,47110.89,0,0.4,1,20,ONE_POINT,100,100,RANDOM,1
213,21400,68.04932641983032,46922,46928.85,0,0.4,1,20,ONE_POINT,100,100,RANDOM,1
214,21500,68.35474824905396,46729,46751.34,0,0.4,1,20,ONE_POINT,100,100,RANDOM,1
215,21600,68.75041460990906,46728,46728.23,0,0.4,1,20,ONE_POINT,100,100,RANDOM,1
216,21700,69.07905435562134,46599,46621.55,0,0.4,1,20,ONE_POINT,100,100,RANDOM,1
217,21800,69.39838004112244,46498,46506.61,0,0.4,1,20,ONE_POINT,100,100,RANDOM,1
218,21900,69.73536443710327,46472,46475.05,0,0.4,1,20,ONE_POINT,100,100,RANDOM,1
219,22000,70.06662201881409,46363,46368.34,0,0.4,1,20,ONE_POINT,100,100,RANDOM,1
220,22100,70.39229893684387,46228,46240.32,0,0.4,1,20,ONE_POINT,100,100,RANDOM,1
221,22200,70.74743795394897,46152,46170.83,0,0.4,1,20,ONE_POINT,100,100,RANDOM,1
222,22300,71.04057788848877,46032,46040.69,0,0.4,1,20,ONE_POINT,100,100,RANDOM,1
223,22400,71.36846566200256,45995,45998.6,0,0.4,1,20,ONE_POINT,100,100,RANDOM,1
224,22500,71.69061136245728,45831,45837.56,0,0.4,1,20,ONE_POINT,100,100,RANDOM,1
225,22600,72.00836133956909,45810,45889.84,0,0.4,1,20,ONE_POINT,100,100,RANDOM,1
226,22700,72.35661792755127,45670,45685.7,0,0.4,1,20,ONE_POINT,100,100,RANDOM,1
227,22800,72.70451045036316,45664,45707.69,0,0.4,1,20,ONE_POINT,100,100,RANDOM,1
228,22900,73.01660871505737,45623,45645.66,0,0.4,1,20,ONE_POINT,100,100,RANDOM,1
229,23000,73.31478428840637,45554,45559.93,0,0.4,1,20,ONE_POINT,100,100,RANDOM,1
230,23100,73.60398578643799,45423,45465.09,0,0.4,1,20,ONE_POINT,100,100,RANDOM,1
231,23200,73.93530678749084,45394,45398.61,0,0.4,1,20,ONE_POINT,100,100,RANDOM,1
232,23300,74.23628568649292,45290,45296.24,0,0.4,1,20,ONE_POINT,100,100,RANDOM,1
233,23400,74.57372879981995,45204,45210.2,0,0.4,1,20,ONE_POINT,100,100,RANDOM,1
234,23500,74.88964915275574,45153,45158.92,0,0.4,1,20,ONE_POINT,100,100,RANDOM,1
235,23600,75.19842863082886,45078,45082.5,0,0.4,1,20,ONE_POINT,100,100,RANDOM,1
236,23700,75.51994729042053,44956,44963.32,0,0.4,1,20,ONE_POINT,100,100,RANDOM,1
237,23800,75.80851125717163,44895,44917.3,0,0.4,1,20,ONE_POINT,100,100,RANDOM,1
238,23900,76.1063244342804,44895,44895.0,0,0.4,1,20,ONE_POINT,100,100,RANDOM,1
1,200,0.1859877109527588,137986,134099.08,0,0.4,1,20,ONE_POINT,100,100,RANDOM,2
2,300,0.5260710716247559,131457,131541.74,0,0.4,1,20,ONE_POINT,100,100,RANDOM,2
3,400,0.8473310470581055,129978,130007.58,0,0.4,1,20,ONE_POINT,100,100,RANDOM,2
4,500,1.1745538711547852,128304,128339.32,0,0.4,1,20,ONE_POINT,100,100,RANDOM,2
5,600,1.5171494483947754,127059,127077.04,0,0.4,1,20,ONE_POINT,100,100,RANDOM,2
6,700,1.8543946743011475,126001,126032.74,0,0.4,1,20,ONE_POINT,100,100,RANDOM,2
7,800,2.1942451000213623,125310,125341.52,0,0.4,1,20,ONE_POINT,100,100,RANDOM,2
8,900,2.509108781814575,124186,124208.48,0,0.4,1,20,ONE_POINT,100,100,RANDOM,2
9,1000,2.835495710372925,122263,122329.24,0,0.4,1,20,ONE_POINT,100,100,RANDOM,2
10,1100,3.1469147205352783,120002,120047.22,0,0.4,1,20,ONE_POINT,100,100,RANDOM,2
11,1200,3.442899703979492,119220,119243.46,0,0.4,1,20,ONE_POINT,100,100,RANDOM,2
12,1300,3.7520761489868164,118626,118643.82,0,0.4,1,20,ONE_POINT,100,100,RANDOM,2
13,1400,4.0555384159088135,117877,117920.16,0,0.4,1,20,ONE_POINT,100,100,RANDOM,2
14,1500,4.399673700332642,116581,116619.88,0,0.4,1,20,ONE_POINT,100,100,RANDOM,2
15,1600,4.6867687702178955,115380,115419.94,0,0.4,1,20,ONE_POINT,100,100,RANDOM,2
16,1700,5.0011067390441895,114071,114091.63,0,0.4,1,20,ONE_POINT,100,100,RANDOM,2
17,1800,5.312032699584961,112990,113073.92,0,0.4,1,20,ONE_POINT,100,100,RANDOM,2
18,1900,5.65841007232666,112313,112341.57,0,0.4,1,20,ONE_POINT,100,100,RANDOM,2
19,2000,5.959892272949219,111400,111436.52,0,0.4,1,20,ONE_POINT,100,100,RANDOM,2
20,2100,6.308980464935303,110541,110572.33,0,0.4,1,20,ONE_POINT,100,100,RANDOM,2
21,2200,6.597795248031616,110122,110134.66,0,0.4,1,20,ONE_POINT,100,100,RANDOM,2
22,2300,6.905113220214844,109390,109444.72,0,0.4,1,20,ONE_POINT,100,100,RANDOM,2
23,2400,7.213125944137573,109019,109033.84,0,0.4,1,20,ONE_POINT,100,100,RANDOM,2
24,2500,7.534092426300049,108443,108466.04,0,0.4,1,20,ONE_POINT,100,100,RANDOM,2
25,2600,7.861905813217163,107895,107911.85,0,0.4,1,20,ONE_POINT,100,100,RANDOM,2
26,2700,8.15701413154602,106777,106795.19,0,0.4,1,20,ONE_POINT,100,100,RANDOM,2
27,2800,8.440452337265015,106075,106137.09,0,0.4,1,20,ONE_POINT,100,100,RANDOM,2
28,2900,8.743913412094116,105101,105129.75,0,0.4,1,20,ONE_POINT,100,100,RANDOM,2
29,3000,9.064757585525513,104311,104336.97,0,0.4,1,20,ONE_POINT,100,100,RANDOM,2
30,3100,9.358386754989624,103579,103613.88,0,0.4,1,20,ONE_POINT,100,100,RANDOM,2
31,3200,9.651432275772095,102620,102661.62,0,0.4,1,20,ONE_POINT,100,100,RANDOM,2
32,3300,9.941051006317139,102156,102172.05,0,0.4,1,20,ONE_POINT,100,100,RANDOM,2
33,3400,10.24202847480774,100979,101024.87,0,0.4,1,20,ONE_POINT,100,100,RANDOM,2
34,3500,10.580861330032349,100343,100368.5,0,0.4,1,20,ONE_POINT,100,100,RANDOM,2
35,3600,10.889039278030396,99661,99685.26,0,0.4,1,20,ONE_POINT,100,100,RANDOM,2
36,3700,11.188926219940186,99142,99157.76,0,0.4,1,20,ONE_POINT,100,100,RANDOM,2
37,3800,11.48064637184143,98092,98113.0,0,0.4,1,20,ONE_POINT,100,100,RANDOM,2
38,3900,11.826385974884033,97414,97434.34,0,0.4,1,20,ONE_POINT,100,100,RANDOM,2
39,4000,12.159672737121582,95723,95757.73,0,0.4,1,20,ONE_POINT,100,100,RANDOM,2
40,4100,12.481756210327148,95113,95131.3,0,0.4,1,20,ONE_POINT,100,100,RANDOM,2
41,4200,12.79006290435791,94434,94477.04,0,0.4,1,20,ONE_POINT,100,100,RANDOM,2
42,4300,13.089602947235107,94019,94048.49,0,0.4,1,20,ONE_POINT,100,100,RANDOM,2
43,4400,13.431731224060059,93490,93509.68,0,0.4,1,20,ONE_POINT,100,100,RANDOM,2
44,4500,13.747894763946533,93032,93158.53,0,0.4,1,20,ONE_POINT,100,100,RANDOM,2
45,4600,14.103824377059937,92782,92791.62,0,0.4,1,20,ONE_POINT,100,100,RANDOM,2
46,4700,14.428480863571167,92094,92139.09,0,0.4,1,20,ONE_POINT,100,100,RANDOM,2
47,4800,14.743175506591797,91588,91623.7,0,0.4,1,20,ONE_POINT,100,100,RANDOM,2
48,4900,15.029242515563965,91212,91226.81,0,0.4,1,20,ONE_POINT,100,100,RANDOM,2
49,5000,15.356178998947144,90609,90633.47,0,0.4,1,20,ONE_POINT,100,100,RANDOM,2
50,5100,15.681825637817383,89771,89833.71,0,0.4,1,20,ONE_POINT,100,100,RANDOM,2
51,5200,15.983417749404907,88928,88965.94,0,0.4,1,20,ONE_POINT,100,100,RANDOM,2
52,5300,16.326448917388916,88413,88428.45,0,0.4,1,20,ONE_POINT,100,100,RANDOM,2
53,5400,16.653098821640015,87892,87912.99,0,0.4,1,20,ONE_POINT,100,100,RANDOM,2
54,5500,16.95476984977722,87005,87041.41,0,0.4,1,20,ONE_POINT,100,100,RANDOM,2
55,5600,17.272812843322754,86381,86406.22,0,0.4,1,20,ONE_POINT,100,100,RANDOM,2
56,5700,17.636149168014526,85865,85880.48,0,0.4,1,20,ONE_POINT,100,100,RANDOM,2
57,5800,17.991394758224487,85214,85232.95,0,0.4,1,20,ONE_POINT,100,100,RANDOM,2
58,5900,18.302104711532593,84909,84921.63,0,0.4,1,20,ONE_POINT,100,100,RANDOM,2
59,6000,18.59082818031311,84739,84745.8,0,0.4,1,20,ONE_POINT,100,100,RANDOM,2
60,6100,18.92988610267639,83998,84014.73,0,0.4,1,20,ONE_POINT,100,100,RANDOM,2
61,6200,19.224056482315063,83728,83744.62,0,0.4,1,20,ONE_POINT,100,100,RANDOM,2
62,6300,19.530138969421387,82876,82893.04,0,0.4,1,20,ONE_POINT,100,100,RANDOM,2
63,6400,19.834030628204346,82238,82251.37,0,0.4,1,20,ONE_POINT,100,100,RANDOM,2
64,6500,20.126009941101074,81769,81811.2,0,0.4,1,20,ONE_POINT,100,100,RANDOM,2
65,6600,20.415137767791748,81302,81316.49,0,0.4,1,20,ONE_POINT,100,100,RANDOM,2
66,6700,20.7350332736969,80850,80868.21,0,0.4,1,20,ONE_POINT,100,100,RANDOM,2
67,6800,21.051729679107666,80396,80419.08,0,0.4,1,20,ONE_POINT,100,100,RANDOM,2
68,6900,21.38587498664856,80119,80136.21,0,0.4,1,20,ONE_POINT,100,100,RANDOM,2
69,7000,21.70886468887329,79485,79515.87,0,0.4,1,20,ONE_POINT,100,100,RANDOM,2
70,7100,22.052489042282104,79205,79213.69,0,0.4,1,20,ONE_POINT,100,100,RANDOM,2
71,7200,22.36052179336548,78716,78730.67,0,0.4,1,20,ONE_POINT,100,100,RANDOM,2
72,7300,22.653602361679077,78267,78362.9,0,0.4,1,20,ONE_POINT,100,100,RANDOM,2
73,7400,22.93619179725647,78079,78099.34,0,0.4,1,20,ONE_POINT,100,100,RANDOM,2
74,7500,23.225043058395386,77542,77567.5,0,0.4,1,20,ONE_POINT,100,100,RANDOM,2
75,7600,23.552881240844727,77170,77184.43,0,0.4,1,20,ONE_POINT,100,100,RANDOM,2
76,7700,23.85103964805603,76601,76624.66,0,0.4,1,20,ONE_POINT,100,100,RANDOM,2
77,7800,24.194343328475952,76250,76260.53,0,0.4,1,20,ONE_POINT,100,100,RANDOM,2
78,7900,24.52956485748291,75780,75794.1,0,0.4,1,20,ONE_POINT,100,100,RANDOM,2
79,8000,24.872578144073486,75272,75297.78,0,0.4,1,20,ONE_POINT,100,100,RANDOM,2
80,8100,25.225261926651,74982,74993.6,0,0.4,1,20,ONE_POINT,100,100,RANDOM,2
81,8200,25.538280963897705,74427,74511.52,0,0.4,1,20,ONE_POINT,100,100,RANDOM,2
82,8300,25.881166458129883,74265,74271.48,0,0.4,1,20,ONE_POINT,100,100,RANDOM,2
83,8400,26.21456551551819,74068,74078.47,0,0.4,1,20,ONE_POINT,100,100,RANDOM,2
84,8500,26.550543546676636,73825,73835.0,0,0.4,1,20,ONE_POINT,100,100,RANDOM,2
85,8600,26.867291927337646,73441,73454.1,0,0.4,1,20,ONE_POINT,100,100,RANDOM,2
86,8700,27.16965365409851,73164,73176.41,0,0.4,1,20,ONE_POINT,100,100,RANDOM,2
87,8800,27.475830554962158,72933,72942.24,0,0.4,1,20,ONE_POINT,100,100,RANDOM,2
88,8900,27.814175605773926,72200,72231.16,0,0.4,1,20,ONE_POINT,100,100,RANDOM,2
89,9000,28.14896845817566,71708,71722.76,0,0.4,1,20,ONE_POINT,100,100,RANDOM,2
90,9100,28.44495439529419,71410,71495.85,0,0.4,1,20,ONE_POINT,100,100,RANDOM,2
91,9200,28.733006477355957,71059,71090.25,0,0.4,1,20,ONE_POINT,100,100,RANDOM,2
92,9300,29.05080533027649,70830,70836.87,0,0.4,1,20,ONE_POINT,100,100,RANDOM,2
93,9400,29.336392879486084,70598,70605.74,0,0.4,1,20,ONE_POINT,100,100,RANDOM,2
94,9500,29.622361421585083,70265,70277.27,0,0.4,1,20,ONE_POINT,100,100,RANDOM,2
95,9600,29.934639930725098,69736,69746.58,0,0.4,1,20,ONE_POINT,100,100,RANDOM,2
96,9700,30.287892818450928,69405,69417.79,0,0.4,1,20,ONE_POINT,100,100,RANDOM,2
97,9800,30.6234610080719,69180,69213.33,0,0.4,1,20,ONE_POINT,100,100,RANDOM,2
98,9900,30.949057579040527,68530,68549.5,0,0.4,1,20,ONE_POINT,100,100,RANDOM,2
99,10000,31.249178886413574,68167,68186.18,0,0.4,1,20,ONE_POINT,100,100,RANDOM,2
100,10100,31.554505348205566,67855,67915.14,0,0.4,1,20,ONE_POINT,100,100,RANDOM,2
101,10200,31.869643688201904,67582,67590.19,0,0.4,1,20,ONE_POINT,100,100,RANDOM,2
102,10300,32.186421394348145,67241,67317.23,0,0.4,1,20,ONE_POINT,100,100,RANDOM,2
103,10400,32.52926850318909,66807,66811.34,0,0.4,1,20,ONE_POINT,100,100,RANDOM,2
104,10500,32.86718773841858,66278,66286.46,0,0.4,1,20,ONE_POINT,100,100,RANDOM,2
105,10600,33.20555877685547,66070,66095.66,0,0.4,1,20,ONE_POINT,100,100,RANDOM,2
106,10700,33.506431579589844,65886,65892.05,0,0.4,1,20,ONE_POINT,100,100,RANDOM,2
107,10800,33.79482698440552,65678,65690.31,0,0.4,1,20,ONE_POINT,100,100,RANDOM,2
108,10900,34.09147810935974,65322,65394.7,0,0.4,1,20,ONE_POINT,100,100,RANDOM,2
109,11000,34.41617035865784,64948,64959.22,0,0.4,1,20,ONE_POINT,100,100,RANDOM,2
110,11100,34.745243072509766,64713,64722.4,0,0.4,1,20,ONE_POINT,100,100,RANDOM,2
111,11200,35.052000999450684,64387,64398.55,0,0.4,1,20,ONE_POINT,100,100,RANDOM,2
112,11300,35.35371136665344,64093,64105.82,0,0.4,1,20,ONE_POINT,100,100,RANDOM,2
113,11400,35.688682556152344,63800,63808.79,0,0.4,1,20,ONE_POINT,100,100,RANDOM,2
114,11500,35.99671483039856,63518,63523.64,0,0.4,1,20,ONE_POINT,100,100,RANDOM,2
115,11600,36.34851956367493,63177,63188.79,0,0.4,1,20,ONE_POINT,100,100,RANDOM,2
116,11700,36.66862916946411,62872,62884.56,0,0.4,1,20,ONE_POINT,100,100,RANDOM,2
117,11800,37.01901865005493,62682,62687.7,0,0.4,1,20,ONE_POINT,100,100,RANDOM,2
118,11900,37.33936142921448,62285,62303.95,0,0.4,1,20,ONE_POINT,100,100,RANDOM,2
119,12000,37.67417359352112,62229,62235.75,0,0.4,1,20,ONE_POINT,100,100,RANDOM,2
120,12100,37.96672010421753,62078,62084.04,0,0.4,1,20,ONE_POINT,100,100,RANDOM,2
121,12200,38.28143644332886,61956,61960.88,0,0.4,1,20,ONE_POINT,100,100,RANDOM,2
122,12300,38.61552882194519,61842,61849.14,0,0.4,1,20,ONE_POINT,100,100,RANDOM,2
123,12400,38.913559913635254,61600,61622.99,0,0.4,1,20,ONE_POINT,100,100,RANDOM,2
124,12500,39.26529622077942,61414,61443.46,0,0.4,1,20,ONE_POINT,100,100,RANDOM,2
125,12600,39.57437872886658,61236,61267.19,0,0.4,1,20,ONE_POINT,100,100,RANDOM,2
126,12700,39.86453866958618,60821,60829.3,0,0.4,1,20,ONE_POINT,100,100,RANDOM,2
127,12800,40.19079661369324,60644,60660.5,0,0.4,1,20,ONE_POINT,100,100,RANDOM,2
128,12900,40.480494022369385,60575,60577.76,0,0.4,1,20,ONE_POINT,100,100,RANDOM,2
129,13000,40.813982009887695,60176,60210.37,0,0.4,1,20,ONE_POINT,100,100,RANDOM,2
130,13100,41.12102198600769,59730,59743.75,0,0.4,1,20,ONE_POINT,100,100,RANDOM,2
131,13200,41.406906604766846,59357,59364.46,0,0.4,1,20,ONE_POINT,100,100,RANDOM,2
132,13300,41.73875904083252,59177,59185.31,0,0.4,1,20,ONE_POINT,100,100,RANDOM,2
133,13400,42.05725812911987,59060,59069.75,0,0.4,1,20,ONE_POINT,100,100,RANDOM,2
134,13500,42.38517618179321,58915,58920.97,0,0.4,1,20,ONE_POINT,100,100,RANDOM,2
135,13600,42.68123459815979,58760,58766.2,0,0.4,1,20,ONE_POINT,100,100,RANDOM,2
136,13700,42.97807812690735,58666,58668.94,0,0.4,1,20,ONE_POINT,100,100,RANDOM,2
137,13800,43.27438187599182,58566,58570.0,0,0.4,1,20,ONE_POINT,100,100,RANDOM,2
138,13900,43.568541526794434,58019,58067.91,0,0.4,1,20,ONE_POINT,100,100,RANDOM,2
139,14000,43.883073806762695,57751,57759.04,0,0.4,1,20,ONE_POINT,100,100,RANDOM,2
140,14100,44.21975541114807,57687,57711.66,0,0.4,1,20,ONE_POINT,100,100,RANDOM,2
141,14200,44.50956630706787,57466,57473.76,0,0.4,1,20,ONE_POINT,100,100,RANDOM,2
142,14300,44.80154204368591,57309,57313.3,0,0.4,1,20,ONE_POINT,100,100,RANDOM,2
143,14400,45.124221324920654,57204,57213.37,0,0.4,1,20,ONE_POINT,100,100,RANDOM,2
144,14500,45.418094873428345,57075,57088.84,0,0.4,1,20,ONE_POINT,100,100,RANDOM,2
145,14600,45.70858931541443,56654,56662.42,0,0.4,1,20,ONE_POINT,100,100,RANDOM,2
146,14700,45.99893546104431,56415,56422.17,0,0.4,1,20,ONE_POINT,100,100,RANDOM,2
147,14800,46.36678433418274,56203,56211.48,0,0.4,1,20,ONE_POINT,100,100,RANDOM,2
148,14900,46.66790795326233,56135,56170.74,0,0.4,1,20,ONE_POINT,100,100,RANDOM,2
149,15000,46.976089000701904,56026,56029.81,0,0.4,1,20,ONE_POINT,100,100,RANDOM,2
150,15100,47.32247042655945,55926,55928.0,0,0.4,1,20,ONE_POINT,100,100,RANDOM,2
151,15200,47.65768074989319,55807,55816.86,0,0.4,1,20,ONE_POINT,100,100,RANDOM,2
152,15300,47.95572590827942,55725,55746.8,0,0.4,1,20,ONE_POINT,100,100,RANDOM,2
153,15400,48.28396034240723,55651,55653.47,0,0.4,1,20,ONE_POINT,100,100,RANDOM,2
154,15500,48.594422578811646,55456,55482.69,0,0.4,1,20,ONE_POINT,100,100,RANDOM,2
155,15600,48.89969849586487,55354,55358.51,0,0.4,1,20,ONE_POINT,100,100,RANDOM,2
156,15700,49.23969316482544,55201,55214.67,0,0.4,1,20,ONE_POINT,100,100,RANDOM,2
157,15800,49.57052183151245,55150,55152.04,0,0.4,1,20,ONE_POINT,100,100,RANDOM,2
158,15900,49.93130898475647,54952,54970.15,0,0.4,1,20,ONE_POINT,100,100,RANDOM,2
159,16000,50.296502113342285,54789,54812.62,0,0.4,1,20,ONE_POINT,100,100,RANDOM,2
160,16100,50.62173628807068,54578,54616.8,0,0.4,1,20,ONE_POINT,100,100,RANDOM,2
161,16200,50.917420864105225,54182,54205.99,0,0.4,1,20,ONE_POINT,100,100,RANDOM,2
162,16300,51.20319366455078,54031,54038.12,0,0.4,1,20,ONE_POINT,100,100,RANDOM,2
163,16400,51.50463843345642,53841,53851.42,0,0.4,1,20,ONE_POINT,100,100,RANDOM,2
164,16500,51.85795521736145,53801,53805.3,0,0.4,1,20,ONE_POINT,100,100,RANDOM,2
165,16600,52.1766631603241,53695,53700.22,0,0.4,1,20,ONE_POINT,100,100,RANDOM,2
166,16700,52.48470950126648,53547,53554.4,0,0.4,1,20,ONE_POINT,100,100,RANDOM,2
167,16800,52.78710460662842,53448,53451.96,0,0.4,1,20,ONE_POINT,100,100,RANDOM,2
168,16900,53.12297201156616,53239,53266.97,0,0.4,1,20,ONE_POINT,100,100,RANDOM,2
169,17000,53.508400440216064,52987,52997.64,0,0.4,1,20,ONE_POINT,100,100,RANDOM,2
170,17100,53.82274389266968,52806,52811.43,0,0.4,1,20,ONE_POINT,100,100,RANDOM,2
171,17200,54.15999937057495,52723,52727.15,0,0.4,1,20,ONE_POINT,100,100,RANDOM,2
172,17300,54.46862435340881,52633,52648.19,0,0.4,1,20,ONE_POINT,100,100,RANDOM,2
173,17400,54.76713418960571,52536,52548.59,0,0.4,1,20,ONE_POINT,100,100,RANDOM,2
174,17500,55.08483004570007,52403,52408.32,0,0.4,1,20,ONE_POINT,100,100,RANDOM,2
175,17600,55.401662826538086,52392,52414.45,0,0.4,1,20,ONE_POINT,100,100,RANDOM,2
176,17700,55.69558787345886,52203,52208.65,0,0.4,1,20,ONE_POINT,100,100,RANDOM,2
177,17800,55.99229860305786,52003,52029.28,0,0.4,1,20,ONE_POINT,100,100,RANDOM,2
178,17900,56.31193733215332,51903,51906.5,0,0.4,1,20,ONE_POINT,100,100,RANDOM,2
179,18000,56.60788869857788,51746,51752.28,0,0.4,1,20,ONE_POINT,100,100,RANDOM,2
180,18100,56.94840383529663,51449,51480.76,0,0.4,1,20,ONE_POINT,100,100,RANDOM,2
181,18200,57.300841331481934,51364,51392.17,0,0.4,1,20,ONE_POINT,100,100,RANDOM,2
182,18300,57.612329721450806,51212,51218.13,0,0.4,1,20,ONE_POINT,100,100,RANDOM,2
183,18400,57.919400691986084,51140,51145.42,0,0.4,1,20,ONE_POINT,100,100,RANDOM,2
184,18500,58.23607397079468,51063,51069.58,0,0.4,1,20,ONE_POINT,100,100,RANDOM,2
185,18600,58.529611110687256,51028,51038.07,0,0.4,1,20,ONE_POINT,100,100,RANDOM,2
186,18700,58.8483612537384,50895,50898.99,0,0.4,1,20,ONE_POINT,100,100,RANDOM,2
187,18800,59.17370581626892,50643,50653.08,0,0.4,1,20,ONE_POINT,100,100,RANDOM,2
188,18900,59.46194124221802,50387,50397.66,0,0.4,1,20,ONE_POINT,100,100,RANDOM,2
189,19000,59.77014470100403,50308,50310.98,0,0.4,1,20,ONE_POINT,100,100,RANDOM,2
190,19100,60.06042194366455,50224,50228.99,0,0.4,1,20,ONE_POINT,100,100,RANDOM,2
191,19200,60.387176275253296,50099,50114.91,0,0.4,1,20,ONE_POINT,100,100,RANDOM,2
192,19300,60.6784234046936,49855,49871.07,0,0.4,1,20,ONE_POINT,100,100,RANDOM,2
193,19400,61.02727198600769,49652,49660.53,0,0.4,1,20,ONE_POINT,100,100,RANDOM,2
194,19500,61.34881591796875,49569,49587.26,0,0.4,1,20,ONE_POINT,100,100,RANDOM,2
195,19600,61.69964623451233,49481,49518.1,0,0.4,1,20,ONE_POINT,100,100,RANDOM,2
196,19700,62.03533577919006,49396,49400.75,0,0.4,1,20,ONE_POINT,100,100,RANDOM,2
197,19800,62.34841012954712,49127,49134.9,0,0.4,1,20,ONE_POINT,100,100,RANDOM,2
198,19900,62.71940350532532,49047,49051.55,0,0.4,1,20,ONE_POINT,100,100,RANDOM,2
199,20000,63.02090835571289,48672,48685.85,0,0.4,1,20,ONE_POINT,100,100,RANDOM,2
200,20100,63.311734199523926,48570,48591.21,0,0.4,1,20,ONE_POINT,100,100,RANDOM,2
201,20200,63.62078356742859,48462,48466.32,0,0.4,1,20,ONE_POINT,100,100,RANDOM,2
202,20300,63.95061898231506,48213,48234.98,0,0.4,1,20,ONE_POINT,100,100,RANDOM,2
203,20400,64.25797724723816,48165,48166.92,0,0.4,1,20,ONE_POINT,100,100,RANDOM,2
204,20500,64.56307697296143,47966,47971.86,0,0.4,1,20,ONE_POINT,100,100,RANDOM,2
205,20600,64.87566542625427,47680,47691.91,0,0.4,1,20,ONE_POINT,100,100,RANDOM,2
206,20700,65.23643016815186,47580,47592.34,0,0.4,1,20,ONE_POINT,100,100,RANDOM,2
207,20800,65.59103155136108,47562,47563.26,0,0.4,1,20,ONE_POINT,100,100,RANDOM,2
208,20900,65.9203131198883,47446,47450.64,0,0.4,1,20,ONE_POINT,100,100,RANDOM,2
209,21000,66.23651385307312,47356,47360.5,0,0.4,1,20,ONE_POINT,100,100,RANDOM,2
210,21100,66.57443284988403,47327,47328.74,0,0.4,1,20,ONE_POINT,100,100,RANDOM,2
211,21200,66.91439461708069,47226,47233.13,0,0.4,1,20,ONE_POINT,100,100,RANDOM,2
212,21300,67.20178771018982,46804,46820.2,0,0.4,1,20,ONE_POINT,100,100,RANDOM,2
213,21400,67.56607913970947,46802,46823.14,0,0.4,1,20,ONE_POINT,100,100,RANDOM,2
214,21500,67.8713800907135,46732,46766.73,0,0.4,1,20,ONE_POINT,100,100,RANDOM,2
215,21600,68.16205954551697,46715,46716.36,0,0.4,1,20,ONE_POINT,100,100,RANDOM,2
216,21700,68.47500205039978,46570,46588.22,0,0.4,1,20,ONE_POINT,100,100,RANDOM,2
217,21800,68.78353118896484,46560,46573.45,0,0.4,1,20,ONE_POINT,100,100,RANDOM,2
218,21900,69.07898163795471,46480,46484.2,0,0.4,1,20,ONE_POINT,100,100,RANDOM,2
219,22000,69.40741443634033,46161,46179.01,0,0.4,1,20,ONE_POINT,100,100,RANDOM,2
220,22100,69.70487546920776,45989,45995.88,0,0.4,1,20,ONE_POINT,100,100,RANDOM,2
221,22200,70.03864526748657,45741,45746.01,0,0.4,1,20,ONE_POINT,100,100,RANDOM,2
222,22300,70.3394603729248,45723,45724.62,0,0.4,1,20,ONE_POINT,100,100,RANDOM,2
223,22400,70.6733136177063,45641,45644.28,0,0.4,1,20,ONE_POINT,100,100,RANDOM,2
224,22500,71.02927255630493,45517,45523.02,0,0.4,1,20,ONE_POINT,100,100,RANDOM,2
225,22600,71.3751974105835,45380,45387.2,0,0.4,1,20,ONE_POINT,100,100,RANDOM,2
226,22700,71.69128513336182,45303,45306.08,0,0.4,1,20,ONE_POINT,100,100,RANDOM,2
227,22800,71.9932222366333,45176,45182.35,0,0.4,1,20,ONE_POINT,100,100,RANDOM,2
228,22900,72.32828187942505,45124,45147.29,0,0.4,1,20,ONE_POINT,100,100,RANDOM,2
229,23000,72.61795353889465,45047,45057.75,0,0.4,1,20,ONE_POINT,100,100,RANDOM,2
230,23100,72.96240520477295,44957,44980.89,0,0.4,1,20,ONE_POINT,100,100,RANDOM,2
231,23200,73.25987648963928,44908,44918.6,0,0.4,1,20,ONE_POINT,100,100,RANDOM,2
232,23300,73.57292008399963,44861,44863.84,0,0.4,1,20,ONE_POINT,100,100,RANDOM,2
233,23400,73.86514067649841,44788,44807.61,0,0.4,1,20,ONE_POINT,100,100,RANDOM,2
234,23500,74.16044211387634,44757,44758.8,0,0.4,1,20,ONE_POINT,100,100,RANDOM,2
235,23600,74.45405006408691,44540,44557.58,0,0.4,1,20,ONE_POINT,100,100,RANDOM,2
236,23700,74.7505669593811,44497,44516.58,0,0.4,1,20,ONE_POINT,100,100,RANDOM,2
237,23800,75.05171942710876,44434,44436.74,0,0.4,1,20,ONE_POINT,100,100,RANDOM,2
238,23900,75.41621017456055,44405,44406.74,0,0.4,1,20,ONE_POINT,100,100,RANDOM,2
239,24000,75.75131034851074,44222,44229.61,0,0.4,1,20,ONE_POINT,100,100,RANDOM,2
240,24100,76.0443274974823,43949,43961.18,0,0.4,1,20,ONE_POINT,100,100,RANDOM,2
241,24200,76.35667586326599,43900,43924.44,0,0.4,1,20,ONE_POINT,100,100,RANDOM,2
242,24300,76.65875935554504,43891,43896.96,0,0.4,1,20,ONE_POINT,100,100,RANDOM,2
243,24400,77.03677368164062,43846,43868.34,0,0.4,1,20,ONE_POINT,100,100,RANDOM,2
244,24500,77.35027742385864,43745,43749.49,0,0.4,1,20,ONE_POINT,100,100,RANDOM,2
245,24600,77.65786457061768,43710,43725.41,0,0.4,1,20,ONE_POINT,100,100,RANDOM,2
246,24700,78.00496172904968,43570,43591.8,0,0.4,1,20,ONE_POINT,100,100,RANDOM,2
247,24800,78.33145213127136,43504,43507.6,0,0.4,1,20,ONE_POINT,100,100,RANDOM,2
248,24900,78.61985611915588,43442,43444.48,0,0.4,1,20,ONE_POINT,100,100,RANDOM,2
249,25000,78.94220209121704,43403,43404.95,0,0.4,1,20,ONE_POINT,100,100,RANDOM,2
250,25100,79.26258254051208,43343,43408.18,0,0.4,1,20,ONE_POINT,100,100,RANDOM,2
251,25200,79.56101870536804,43293,43298.2,0,0.4,1,20,ONE_POINT,100,100,RANDOM,2
252,25300,79.87872314453125,43199,43202.76,0,0.4,1,20,ONE_POINT,100,100,RANDOM,2
253,25400,80.18974351882935,43177,43178.54,0,0.4,1,20,ONE_POINT,100,100,RANDOM,2
254,25500,80.5438346862793,43177,43177.0,0,0.4,1,20,ONE_POINT,100,100,RANDOM,2
255,25600,80.86154222488403,43093,43098.21,0,0.4,1,20,ONE_POINT,100,100,RANDOM,2
256,25700,81.2133777141571,42999,43008.39,0,0.4,1,20,ONE_POINT,100,100,RANDOM,2
257,25800,81.50709795951843,42770,42779.18,0,0.4,1,20,ONE_POINT,100,100,RANDOM,2
258,25900,81.84184861183167,42748,42757.54,0,0.4,1,20,ONE_POINT,100,100,RANDOM,2
259,26000,82.18746209144592,42689,42692.76,0,0.4,1,20,ONE_POINT,100,100,RANDOM,2
260,26100,82.4779851436615,42595,42600.29,0,0.4,1,20,ONE_POINT,100,100,RANDOM,2
261,26200,82.76087594032288,42582,42583.04,0,0.4,1,20,ONE_POINT,100,100,RANDOM,2
262,26300,83.07758474349976,42546,42548.29,0,0.4,1,20,ONE_POINT,100,100,RANDOM,2
263,26400,83.36525583267212,42423,42429.51,0,0.4,1,20,ONE_POINT,100,100,RANDOM,2
264,26500,83.67963337898254,42372,42374.73,0,0.4,1,20,ONE_POINT,100,100,RANDOM,2
265,26600,83.99381613731384,42224,42234.77,0,0.4,1,20,ONE_POINT,100,100,RANDOM,2
266,26700,84.28168082237244,42179,42181.7,0,0.4,1,20,ONE_POINT,100,100,RANDOM,2
267,26800,84.61213707923889,42175,42175.56,0,0.4,1,20,ONE_POINT,100,100,RANDOM,2
268,26900,84.95237946510315,42159,42160.32,0,0.4,1,20,ONE_POINT,100,100,RANDOM,2
269,27000,85.24204158782959,42128,42130.08,0,0.4,1,20,ONE_POINT,100,100,RANDOM,2
270,27100,85.58281636238098,42064,42114.4,0,0.4,1,20,ONE_POINT,100,100,RANDOM,2
271,27200,85.90360832214355,42048,42049.28,0,0.4,1,20,ONE_POINT,100,100,RANDOM,2
272,27300,86.21711015701294,42004,42008.29,0,0.4,1,20,ONE_POINT,100,100,RANDOM,2
273,27400,86.52833414077759,41954,41961.9,0,0.4,1,20,ONE_POINT,100,100,RANDOM,2
274,27500,86.82047843933105,41929,41945.42,0,0.4,1,20,ONE_POINT,100,100,RANDOM,2
275,27600,87.1590006351471,41889,41891.63,0,0.4,1,20,ONE_POINT,100,100,RANDOM,2
276,27700,87.46304774284363,41766,41779.05,0,0.4,1,20,ONE_POINT,100,100,RANDOM,2
277,27800,87.80261778831482,41672,41675.76,0,0.4,1,20,ONE_POINT,100,100,RANDOM,2
278,27900,88.08861374855042,41629,41633.66,0,0.4,1,20,ONE_POINT,100,100,RANDOM,2
279,28000,88.40011072158813,41552,41565.94,0,0.4,1,20,ONE_POINT,100,100,RANDOM,2
280,28100,88.7314395904541,41552,41552.0,0,0.4,1,20,ONE_POINT,100,100,RANDOM,2
281,28200,89.02420163154602,41476,41550.87,0,0.4,1,20,ONE_POINT,100,100,RANDOM,2
282,28300,89.31270384788513,41458,41460.12,0,0.4,1,20,ONE_POINT,100,100,RANDOM,2
283,28400,89.66367721557617,41438,41439.78,0,0.4,1,20,ONE_POINT,100,100,RANDOM,2
284,28500,89.97296857833862,41418,41420.7,0,0.4,1,20,ONE_POINT,100,100,RANDOM,2
285,28600,90.30010080337524,41348,41355.4,0,0.4,1,20,ONE_POINT,100,100,RANDOM,2
286,28700,90.62532925605774,41246,41250.91,0,0.4,1,20,ONE_POINT,100,100,RANDOM,2
287,28800,90.91873335838318,41222,41229.36,0,0.4,1,20,ONE_POINT,100,100,RANDOM,2
288,28900,91.20434617996216,41165,41167.28,0,0.4,1,20,ONE_POINT,100,100,RANDOM,2
289,29000,91.49442481994629,41165,41165.0,0,0.4,1,20,ONE_POINT,100,100,RANDOM,2
1,200,0.2056257724761963,136912,135770.84,0,0.4,1,20,ONE_POINT,100,100,RANDOM,3
2,300,0.5182890892028809,133583,133618.3,0,0.4,1,20,ONE_POINT,100,100,RANDOM,3
3,400,0.8184463977813721,130271,130304.12,0,0.4,1,20,ONE_POINT,100,100,RANDOM,3
4,500,1.1217741966247559,129165,129200.41,0,0.4,1,20,ONE_POINT,100,100,RANDOM,3
5,600,1.410393476486206,126974,127017.82,0,0.4,1,20,ONE_POINT,100,100,RANDOM,3
6,700,1.717660903930664,125251,125296.14,0,0.4,1,20,ONE_POINT,100,100,RANDOM,3
7,800,2.0271170139312744,123765,123797.78,0,0.4,1,20,ONE_POINT,100,100,RANDOM,3
8,900,2.320178508758545,121734,121774.62,0,0.4,1,20,ONE_POINT,100,100,RANDOM,3
9,1000,2.626258611679077,120815,120842.57,0,0.4,1,20,ONE_POINT,100,100,RANDOM,3
10,1100,2.912562847137451,119049,119083.62,0,0.4,1,20,ONE_POINT,100,100,RANDOM,3
11,1200,3.247626781463623,118728,118740.84,0,0.4,1,20,ONE_POINT,100,100,RANDOM,3
12,1300,3.5697691440582275,118228,118243.0,0,0.4,1,20,ONE_POINT,100,100,RANDOM,3
13,1400,3.906128406524658,117048,117088.4,0,0.4,1,20,ONE_POINT,100,100,RANDOM,3
14,1500,4.228909969329834,115988,116009.64,0,0.4,1,20,ONE_POINT,100,100,RANDOM,3
15,1600,4.545421838760376,115140,115173.92,0,0.4,1,20,ONE_POINT,100,100,RANDOM,3
16,1700,4.875584840774536,114838,114888.98,0,0.4,1,20,ONE_POINT,100,100,RANDOM,3
17,1800,5.186473608016968,113161,113211.31,0,0.4,1,20,ONE_POINT,100,100,RANDOM,3
18,1900,5.495534896850586,111782,111817.78,0,0.4,1,20,ONE_POINT,100,100,RANDOM,3
19,2000,5.796319484710693,111350,111393.46,0,0.4,1,20,ONE_POINT,100,100,RANDOM,3
20,2100,6.085200309753418,110323,110353.26,0,0.4,1,20,ONE_POINT,100,100,RANDOM,3
21,2200,6.382315635681152,109846,109865.08,0,0.4,1,20,ONE_POINT,100,100,RANDOM,3
22,2300,6.682108402252197,109338,109377.04,0,0.4,1,20,ONE_POINT,100,100,RANDOM,3
23,2400,7.045376300811768,107917,107981.09,0,0.4,1,20,ONE_POINT,100,100,RANDOM,3
24,2500,7.386188268661499,107511,107539.25,0,0.4,1,20,ONE_POINT,100,100,RANDOM,3
25,2600,7.731320858001709,106804,106840.65,0,0.4,1,20,ONE_POINT,100,100,RANDOM,3
26,2700,8.05897068977356,105567,105591.74,0,0.4,1,20,ONE_POINT,100,100,RANDOM,3
27,2800,8.383492231369019,104718,104903.39,0,0.4,1,20,ONE_POINT,100,100,RANDOM,3
28,2900,8.680070877075195,104174,104194.23,0,0.4,1,20,ONE_POINT,100,100,RANDOM,3
29,3000,9.01555871963501,102866,102894.63,0,0.4,1,20,ONE_POINT,100,100,RANDOM,3
30,3100,9.313131093978882,102084,102266.41,0,0.4,1,20,ONE_POINT,100,100,RANDOM,3
31,3200,9.608341932296753,101464,101488.14,0,0.4,1,20,ONE_POINT,100,100,RANDOM,3
32,3300,9.924191236495972,100797,100818.2,0,0.4,1,20,ONE_POINT,100,100,RANDOM,3
33,3400,10.23380160331726,100518,100545.4,0,0.4,1,20,ONE_POINT,100,100,RANDOM,3
34,3500,10.539461135864258,99994,100019.48,0,0.4,1,20,ONE_POINT,100,100,RANDOM,3
35,3600,10.834786415100098,99076,99103.54,0,0.4,1,20,ONE_POINT,100,100,RANDOM,3
36,3700,11.140344381332397,98814,98929.72,0,0.4,1,20,ONE_POINT,100,100,RANDOM,3
37,3800,11.490882158279419,97357,97406.31,0,0.4,1,20,ONE_POINT,100,100,RANDOM,3
38,3900,11.778783798217773,97071,97082.44,0,0.4,1,20,ONE_POINT,100,100,RANDOM,3
39,4000,12.127039909362793,96417,96440.36,0,0.4,1,20,ONE_POINT,100,100,RANDOM,3
40,4100,12.466793537139893,95989,96008.08,0,0.4,1,20,ONE_POINT,100,100,RANDOM,3
41,4200,12.788140773773193,94981,95137.53,0,0.4,1,20,ONE_POINT,100,100,RANDOM,3
42,4300,13.10192084312439,94326,94389.09,0,0.4,1,20,ONE_POINT,100,100,RANDOM,3
43,4400,13.4306800365448,94051,94064.33,0,0.4,1,20,ONE_POINT,100,100,RANDOM,3
44,4500,13.778654336929321,93148,93175.09,0,0.4,1,20,ONE_POINT,100,100,RANDOM,3
45,4600,14.078661441802979,92595,92701.2,0,0.4,1,20,ONE_POINT,100,100,RANDOM,3
46,4700,14.364901542663574,92208,92223.48,0,0.4,1,20,ONE_POINT,100,100,RANDOM,3
47,4800,14.672964096069336,91606,91684.55,0,0.4,1,20,ONE_POINT,100,100,RANDOM,3
48,4900,14.97540020942688,91040,91057.02,0,0.4,1,20,ONE_POINT,100,100,RANDOM,3
49,5000,15.273256540298462,90813,90826.62,0,0.4,1,20,ONE_POINT,100,100,RANDOM,3
50,5100,15.577879190444946,90229,90254.46,0,0.4,1,20,ONE_POINT,100,100,RANDOM,3
51,5200,15.915889263153076,89434,89449.18,0,0.4,1,20,ONE_POINT,100,100,RANDOM,3
52,5300,16.23513650894165,89197,89205.85,0,0.4,1,20,ONE_POINT,100,100,RANDOM,3
53,5400,16.547545433044434,88638,88649.18,0,0.4,1,20,ONE_POINT,100,100,RANDOM,3
54,5500,16.85369110107422,88193,88259.12,0,0.4,1,20,ONE_POINT,100,100,RANDOM,3
55,5600,17.185246467590332,87724,87733.38,0,0.4,1,20,ONE_POINT,100,100,RANDOM,3
56,5700,17.500673055648804,87462,87521.09,0,0.4,1,20,ONE_POINT,100,100,RANDOM,3
57,5800,17.790202617645264,86604,86627.54,0,0.4,1,20,ONE_POINT,100,100,RANDOM,3
58,5900,18.100842237472534,86294,86362.44,0,0.4,1,20,ONE_POINT,100,100,RANDOM,3
59,6000,18.397926807403564,85863,85894.54,0,0.4,1,20,ONE_POINT,100,100,RANDOM,3
60,6100,18.707911491394043,85107,85122.12,0,0.4,1,20,ONE_POINT,100,100,RANDOM,3
61,6200,19.02916979789734,84641,84669.75,0,0.4,1,20,ONE_POINT,100,100,RANDOM,3
62,6300,19.334067583084106,84537,84633.48,0,0.4,1,20,ONE_POINT,100,100,RANDOM,3
63,6400,19.636755228042603,84082,84100.2,0,0.4,1,20,ONE_POINT,100,100,RANDOM,3
64,6500,19.956748008728027,83936,83943.26,0,0.4,1,20,ONE_POINT,100,100,RANDOM,3
65,6600,20.28894829750061,83086,83109.5,0,0.4,1,20,ONE_POINT,100,100,RANDOM,3
66,6700,20.59449791908264,82801,82809.86,0,0.4,1,20,ONE_POINT,100,100,RANDOM,3
67,6800,20.903604984283447,82461,82471.2,0,0.4,1,20,ONE_POINT,100,100,RANDOM,3
68,6900,21.242181539535522,82096,82107.71,0,0.4,1,20,ONE_POINT,100,100,RANDOM,3
69,7000,21.54127788543701,81806,81828.3,0,0.4,1,20,ONE_POINT,100,100,RANDOM,3
70,7100,21.82937002182007,81434,81441.44,0,0.4,1,20,ONE_POINT,100,100,RANDOM,3
71,7200,22.135522842407227,81104,81113.53,0,0.4,1,20,ONE_POINT,100,100,RANDOM,3
72,7300,22.422637224197388,80731,80742.19,0,0.4,1,20,ONE_POINT,100,100,RANDOM,3
73,7400,22.74014139175415,80237,80313.24,0,0.4,1,20,ONE_POINT,100,100,RANDOM,3
74,7500,23.070569038391113,79910,79920.21,0,0.4,1,20,ONE_POINT,100,100,RANDOM,3
75,7600,23.37418508529663,79547,79625.03,0,0.4,1,20,ONE_POINT,100,100,RANDOM,3
76,7700,23.685120344161987,79028,79082.51,0,0.4,1,20,ONE_POINT,100,100,RANDOM,3
77,7800,23.982118129730225,78449,78476.2,0,0.4,1,20,ONE_POINT,100,100,RANDOM,3
78,7900,24.27337336540222,77975,77988.26,0,0.4,1,20,ONE_POINT,100,100,RANDOM,3
79,8000,24.584223747253418,77190,77213.55,0,0.4,1,20,ONE_POINT,100,100,RANDOM,3
80,8100,24.926431894302368,76644,76660.38,0,0.4,1,20,ONE_POINT,100,100,RANDOM,3
81,8200,25.309031009674072,76329,76350.07,0,0.4,1,20,ONE_POINT,100,100,RANDOM,3
82,8300,25.645424604415894,76140,76147.56,0,0.4,1,20,ONE_POINT,100,100,RANDOM,3
83,8400,25.978377103805542,75603,75622.81,0,0.4,1,20,ONE_POINT,100,100,RANDOM,3
84,8500,26.365296125411987,75449,75456.46,0,0.4,1,20,ONE_POINT,100,100,RANDOM,3
85,8600,26.734447956085205,75121,75138.14,0,0.4,1,20,ONE_POINT,100,100,RANDOM,3
86,8700,27.077855825424194,74959,75047.85,0,0.4,1,20,ONE_POINT,100,100,RANDOM,3
87,8800,27.448936462402344,74484,74493.5,0,0.4,1,20,ONE_POINT,100,100,RANDOM,3
88,8900,27.804111003875732,74288,74322.9,0,0.4,1,20,ONE_POINT,100,100,RANDOM,3
89,9000,28.106146574020386,73815,73824.46,0,0.4,1,20,ONE_POINT,100,100,RANDOM,3
90,9100,28.48230791091919,73645,73651.8,0,0.4,1,20,ONE_POINT,100,100,RANDOM,3
91,9200,28.788146257400513,73331,73341.5,0,0.4,1,20,ONE_POINT,100,100,RANDOM,3
92,9300,29.102320432662964,72840,72857.87,0,0.4,1,20,ONE_POINT,100,100,RANDOM,3
93,9400,29.472800731658936,72593,72657.54,0,0.4,1,20,ONE_POINT,100,100,RANDOM,3
94,9500,29.858659982681274,72336,72346.87,0,0.4,1,20,ONE_POINT,100,100,RANDOM,3
95,9600,30.21031379699707,71868,71877.36,0,0.4,1,20,ONE_POINT,100,100,RANDOM,3
96,9700,30.53739881515503,71574,71597.64,0,0.4,1,20,ONE_POINT,100,100,RANDOM,3
97,9800,30.832847118377686,71293,71300.29,0,0.4,1,20,ONE_POINT,100,100,RANDOM,3
98,9900,31.144027709960938,70973,70990.92,0,0.4,1,20,ONE_POINT,100,100,RANDOM,3
99,10000,31.47326683998108,70806,70812.68,0,0.4,1,20,ONE_POINT,100,100,RANDOM,3
100,10100,31.821352243423462,70578,70588.79,0,0.4,1,20,ONE_POINT,100,100,RANDOM,3
101,10200,32.13297772407532,70399,70416.33,0,0.4,1,20,ONE_POINT,100,100,RANDOM,3
102,10300,32.44782376289368,70084,70096.19,0,0.4,1,20,ONE_POINT,100,100,RANDOM,3
103,10400,32.75206255912781,69909,69916.0,0,0.4,1,20,ONE_POINT,100,100,RANDOM,3
104,10500,33.133339166641235,69747,69755.54,0,0.4,1,20,ONE_POINT,100,100,RANDOM,3
105,10600,33.49688005447388,68905,68926.95,0,0.4,1,20,ONE_POINT,100,100,RANDOM,3
106,10700,33.82973575592041,68664,68676.05,0,0.4,1,20,ONE_POINT,100,100,RANDOM,3
107,10800,34.27372932434082,68362,68378.09,0,0.4,1,20,ONE_POINT,100,100,RANDOM,3
108,10900,34.64557909965515,68059,68123.95,0,0.4,1,20,ONE_POINT,100,100,RANDOM,3
109,11000,35.018738985061646,67769,67781.83,0,0.4,1,20,ONE_POINT,100,100,RANDOM,3
110,11100,35.40211725234985,67435,67506.87,0,0.4,1,20,ONE_POINT,100,100,RANDOM,3
111,11200,35.804614782333374,67061,67070.9,0,0.4,1,20,ONE_POINT,100,100,RANDOM,3
112,11300,36.22561311721802,66675,66686.58,0,0.4,1,20,ONE_POINT,100,100,RANDOM,3
113,11400,36.618566036224365,66443,66452.33,0,0.4,1,20,ONE_POINT,100,100,RANDOM,3
114,11500,36.98719620704651,66090,66097.06,0,0.4,1,20,ONE_POINT,100,100,RANDOM,3
115,11600,37.406473875045776,65701,65712.76,0,0.4,1,20,ONE_POINT,100,100,RANDOM,3
116,11700,37.786550521850586,65520,65527.24,0,0.4,1,20,ONE_POINT,100,100,RANDOM,3
117,11800,38.14829874038696,65313,65323.84,0,0.4,1,20,ONE_POINT,100,100,RANDOM,3
118,11900,38.49301266670227,65148,65154.6,0,0.4,1,20,ONE_POINT,100,100,RANDOM,3
119,12000,38.842528104782104,64903,64910.35,0,0.4,1,20,ONE_POINT,100,100,RANDOM,3
120,12100,39.15446066856384,64732,64775.38,0,0.4,1,20,ONE_POINT,100,100,RANDOM,3
121,12200,39.45533871650696,64711,64716.16,0,0.4,1,20,ONE_POINT,100,100,RANDOM,3
122,12300,39.82406973838806,64625,64630.37,0,0.4,1,20,ONE_POINT,100,100,RANDOM,3
123,12400,40.12928223609924,64486,64495.1,0,0.4,1,20,ONE_POINT,100,100,RANDOM,3
124,12500,40.45144820213318,64273,64279.39,0,0.4,1,20,ONE_POINT,100,100,RANDOM,3
125,12600,40.77018427848816,64110,64153.25,0,0.4,1,20,ONE_POINT,100,100,RANDOM,3
126,12700,41.1280734539032,63776,63795.45,0,0.4,1,20,ONE_POINT,100,100,RANDOM,3
127,12800,41.48759317398071,63440,63453.44,0,0.4,1,20,ONE_POINT,100,100,RANDOM,3
128,12900,41.94626331329346,63195,63231.35,0,0.4,1,20,ONE_POINT,100,100,RANDOM,3
129,13000,42.26980233192444,62753,62770.28,0,0.4,1,20,ONE_POINT,100,100,RANDOM,3
130,13100,42.66311001777649,62528,62555.63,0,0.4,1,20,ONE_POINT,100,100,RANDOM,3
131,13200,43.05464744567871,62328,62336.0,0,0.4,1,20,ONE_POINT,100,100,RANDOM,3
132,13300,43.5023090839386,62095,62151.39,0,0.4,1,20,ONE_POINT,100,100,RANDOM,3
133,13400,43.92757511138916,61900,61921.56,0,0.4,1,20,ONE_POINT,100,100,RANDOM,3
134,13500,44.234843492507935,61678,61686.65,0,0.4,1,20,ONE_POINT,100,100,RANDOM,3
135,13600,44.57325601577759,61467,61473.33,0,0.4,1,20,ONE_POINT,100,100,RANDOM,3
136,13700,44.91871476173401,61294,61300.92,0,0.4,1,20,ONE_POINT,100,100,RANDOM,3
137,13800,45.26943755149841,61076,61083.89,0,0.4,1,20,ONE_POINT,100,100,RANDOM,3
138,13900,45.62756586074829,60629,60644.94,0,0.4,1,20,ONE_POINT,100,100,RANDOM,3
139,14000,45.977933406829834,60507,60511.88,0,0.4,1,20,ONE_POINT,100,100,RANDOM,3
140,14100,46.284231185913086,60262,60278.95,0,0.4,1,20,ONE_POINT,100,100,RANDOM,3
141,14200,46.5918447971344,60120,60137.73,0,0.4,1,20,ONE_POINT,100,100,RANDOM,3
142,14300,46.98567986488342,59849,59923.38,0,0.4,1,20,ONE_POINT,100,100,RANDOM,3
143,14400,47.361716747283936,59647,59655.63,0,0.4,1,20,ONE_POINT,100,100,RANDOM,3
144,14500,47.73270845413208,59464,59473.1,0,0.4,1,20,ONE_POINT,100,100,RANDOM,3
145,14600,48.12420701980591,59306,59327.03,0,0.4,1,20,ONE_POINT,100,100,RANDOM,3
146,14700,48.43227005004883,59267,59270.57,0,0.4,1,20,ONE_POINT,100,100,RANDOM,3
147,14800,48.7720263004303,59064,59080.42,0,0.4,1,20,ONE_POINT,100,100,RANDOM,3
148,14900,49.147850036621094,58832,58841.28,0,0.4,1,20,ONE_POINT,100,100,RANDOM,3
149,15000,49.48262286186218,58676,58693.51,0,0.4,1,20,ONE_POINT,100,100,RANDOM,3
150,15100,49.8128616809845,58391,58399.55,0,0.4,1,20,ONE_POINT,100,100,RANDOM,3
151,15200,50.162184953689575,58084,58093.21,0,0.4,1,20,ONE_POINT,100,100,RANDOM,3
152,15300,50.597163915634155,57991,57997.36,0,0.4,1,20,ONE_POINT,100,100,RANDOM,3
153,15400,50.976513624191284,57840,57891.16,0,0.4,1,20,ONE_POINT,100,100,RANDOM,3
154,15500,51.345309257507324,57473,57484.33,0,0.4,1,20,ONE_POINT,100,100,RANDOM,3
155,15600,51.71242117881775,57187,57200.01,0,0.4,1,20,ONE_POINT,100,100,RANDOM,3
156,15700,52.05711579322815,57047,57055.45,0,0.4,1,20,ONE_POINT,100,100,RANDOM,3
157,15800,52.37997913360596,56950,56958.99,0,0.4,1,20,ONE_POINT,100,100,RANDOM,3
158,15900,52.71822905540466,56809,56837.19,0,0.4,1,20,ONE_POINT,100,100,RANDOM,3
159,16000,53.026755809783936,56678,56684.33,0,0.4,1,20,ONE_POINT,100,100,RANDOM,3
160,16100,53.39265823364258,56596,56600.92,0,0.4,1,20,ONE_POINT,100,100,RANDOM,3
161,16200,53.7089262008667,56076,56091.6,0,0.4,1,20,ONE_POINT,100,100,RANDOM,3
162,16300,54.103883266448975,55913,55924.59,0,0.4,1,20,ONE_POINT,100,100,RANDOM,3
163,16400,54.51608061790466,55788,55795.8,0,0.4,1,20,ONE_POINT,100,100,RANDOM,3
164,16500,54.94491147994995,55761,55811.69,0,0.4,1,20,ONE_POINT,100,100,RANDOM,3
165,16600,55.24449157714844,55556,55565.63,0,0.4,1,20,ONE_POINT,100,100,RANDOM,3
166,16700,55.64535713195801,55450,55485.57,0,0.4,1,20,ONE_POINT,100,100,RANDOM,3
167,16800,56.052311182022095,55258,55265.63,0,0.4,1,20,ONE_POINT,100,100,RANDOM,3
168,16900,56.48047113418579,55169,55173.4,0,0.4,1,20,ONE_POINT,100,100,RANDOM,3
169,17000,56.87246632575989,55131,55141.89,0,0.4,1,20,ONE_POINT,100,100,RANDOM,3
170,17100,57.27719259262085,55040,55045.84,0,0.4,1,20,ONE_POINT,100,100,RANDOM,3
171,17200,57.648276805877686,54966,54971.73,0,0.4,1,20,ONE_POINT,100,100,RANDOM,3
172,17300,57.99673938751221,54915,54918.06,0,0.4,1,20,ONE_POINT,100,100,RANDOM,3
173,17400,58.31464910507202,54668,54678.48,0,0.4,1,20,ONE_POINT,100,100,RANDOM,3
174,17500,58.62927532196045,54523,54528.42,0,0.4,1,20,ONE_POINT,100,100,RANDOM,3
175,17600,58.97176933288574,54399,54419.79,0,0.4,1,20,ONE_POINT,100,100,RANDOM,3
176,17700,59.27879595756531,54244,54253.91,0,0.4,1,20,ONE_POINT,100,100,RANDOM,3
177,17800,59.66885805130005,54009,54016.05,0,0.4,1,20,ONE_POINT,100,100,RANDOM,3
178,17900,60.03792905807495,53916,53921.58,0,0.4,1,20,ONE_POINT,100,100,RANDOM,3
179,18000,60.394994497299194,53798,53806.22,0,0.4,1,20,ONE_POINT,100,100,RANDOM,3
180,18100,60.73734450340271,53647,53670.33,0,0.4,1,20,ONE_POINT,100,100,RANDOM,3
181,18200,61.08628797531128,53549,53631.74,0,0.4,1,20,ONE_POINT,100,100,RANDOM,3
182,18300,61.422887086868286,53514,53521.08,0,0.4,1,20,ONE_POINT,100,100,RANDOM,3
183,18400,61.781198501586914,53415,53418.96,0,0.4,1,20,ONE_POINT,100,100,RANDOM,3
184,18500,62.07722616195679,53395,53396.6,0,0.4,1,20,ONE_POINT,100,100,RANDOM,3
185,18600,62.40540599822998,53135,53145.35,0,0.4,1,20,ONE_POINT,100,100,RANDOM,3
186,18700,62.7401237487793,53135,53135.0,0,0.4,1,20,ONE_POINT,100,100,RANDOM,3
187,18800,63.16210675239563,53041,53045.7,0,0.4,1,20,ONE_POINT,100,100,RANDOM,3
188,18900,63.51400399208069,52922,52929.39,0,0.4,1,20,ONE_POINT,100,100,RANDOM,3
189,19000,63.89476656913757,52914,52918.44,0,0.4,1,20,ONE_POINT,100,100,RANDOM,3
190,19100,64.18831324577332,52799,52810.87,0,0.4,1,20,ONE_POINT,100,100,RANDOM,3
191,19200,64.52143692970276,52653,52662.91,0,0.4,1,20,ONE_POINT,100,100,RANDOM,3
192,19300,64.80966901779175,52532,52540.68,0,0.4,1,20,ONE_POINT,100,100,RANDOM,3
193,19400,65.11741185188293,52430,52435.56,0,0.4,1,20,ONE_POINT,100,100,RANDOM,3
194,19500,65.46548104286194,52283,52291.27,0,0.4,1,20,ONE_POINT,100,100,RANDOM,3
195,19600,65.79064226150513,52239,52255.18,0,0.4,1,20,ONE_POINT,100,100,RANDOM,3
196,19700,66.10580444335938,51828,51840.33,0,0.4,1,20,ONE_POINT,100,100,RANDOM,3
197,19800,66.46192717552185,51728,51733.0,0,0.4,1,20,ONE_POINT,100,100,RANDOM,3
198,19900,66.77907419204712,51670,51673.48,0,0.4,1,20,ONE_POINT,100,100,RANDOM,3
199,20000,67.12648940086365,51555,51561.28,0,0.4,1,20,ONE_POINT,100,100,RANDOM,3
200,20100,67.49719619750977,51447,51452.4,0,0.4,1,20,ONE_POINT,100,100,RANDOM,3
201,20200,67.90562438964844,51387,51391.23,0,0.4,1,20,ONE_POINT,100,100,RANDOM,3
202,20300,68.30334973335266,51187,51195.58,0,0.4,1,20,ONE_POINT,100,100,RANDOM,3
203,20400,68.60412573814392,50881,50894.31,0,0.4,1,20,ONE_POINT,100,100,RANDOM,3
204,20500,68.94512987136841,50835,50836.84,0,0.4,1,20,ONE_POINT,100,100,RANDOM,3
205,20600,69.33273220062256,50713,50717.99,0,0.4,1,20,ONE_POINT,100,100,RANDOM,3
206,20700,69.70342874526978,50635,50640.19,0,0.4,1,20,ONE_POINT,100,100,RANDOM,3
207,20800,70.04257798194885,50437,50445.7,0,0.4,1,20,ONE_POINT,100,100,RANDOM,3
208,20900,70.41319441795349,50310,50315.47,0,0.4,1,20,ONE_POINT,100,100,RANDOM,3
209,21000,70.77949595451355,50052,50076.26,0,0.4,1,20,ONE_POINT,100,100,RANDOM,3
210,21100,71.08604288101196,49975,49978.85,0,0.4,1,20,ONE_POINT,100,100,RANDOM,3
211,21200,71.39997029304504,49923,49944.17,0,0.4,1,20,ONE_POINT,100,100,RANDOM,3
212,21300,71.81294965744019,49778,49793.29,0,0.4,1,20,ONE_POINT,100,100,RANDOM,3
213,21400,72.16030025482178,49582,49593.25,0,0.4,1,20,ONE_POINT,100,100,RANDOM,3
214,21500,72.52825164794922,49373,49381.36,0,0.4,1,20,ONE_POINT,100,100,RANDOM,3
215,21600,72.90523648262024,49315,49352.56,0,0.4,1,20,ONE_POINT,100,100,RANDOM,3
216,21700,73.2474615573883,49174,49183.55,0,0.4,1,20,ONE_POINT,100,100,RANDOM,3
217,21800,73.60891103744507,49039,49044.4,0,0.4,1,20,ONE_POINT,100,100,RANDOM,3
218,21900,73.98767566680908,48862,48872.55,0,0.4,1,20,ONE_POINT,100,100,RANDOM,3
219,22000,74.33808636665344,48769,48772.72,0,0.4,1,20,ONE_POINT,100,100,RANDOM,3
220,22100,74.67378568649292,48681,48685.45,0,0.4,1,20,ONE_POINT,100,100,RANDOM,3
221,22200,75.06797504425049,48580,48584.04,0,0.4,1,20,ONE_POINT,100,100,RANDOM,3
222,22300,75.41370153427124,48533,48536.58,0,0.4,1,20,ONE_POINT,100,100,RANDOM,3
223,22400,75.78425598144531,48421,48428.95,0,0.4,1,20,ONE_POINT,100,100,RANDOM,3
224,22500,76.17458271980286,48408,48418.33,0,0.4,1,20,ONE_POINT,100,100,RANDOM,3
225,22600,76.55667018890381,48355,48359.37,0,0.4,1,20,ONE_POINT,100,100,RANDOM,3
226,22700,76.89832663536072,48266,48287.54,0,0.4,1,20,ONE_POINT,100,100,RANDOM,3
227,22800,77.28953766822815,48240,48242.08,0,0.4,1,20,ONE_POINT,100,100,RANDOM,3
228,22900,77.6125066280365,48100,48121.82,0,0.4,1,20,ONE_POINT,100,100,RANDOM,3
229,23000,77.95239448547363,47978,47996.27,0,0.4,1,20,ONE_POINT,100,100,RANDOM,3
230,23100,78.30805015563965,47946,47953.04,0,0.4,1,20,ONE_POINT,100,100,RANDOM,3
231,23200,78.66325950622559,47777,47785.45,0,0.4,1,20,ONE_POINT,100,100,RANDOM,3
232,23300,79.02307486534119,47570,47591.53,0,0.4,1,20,ONE_POINT,100,100,RANDOM,3
233,23400,79.38049483299255,47484,47488.53,0,0.4,1,20,ONE_POINT,100,100,RANDOM,3
234,23500,79.73391270637512,47415,47423.82,0,0.4,1,20,ONE_POINT,100,100,RANDOM,3
235,23600,80.0695219039917,47336,47340.74,0,0.4,1,20,ONE_POINT,100,100,RANDOM,3
236,23700,80.44830965995789,47246,47267.01,0,0.4,1,20,ONE_POINT,100,100,RANDOM,3
237,23800,80.7923150062561,47087,47094.29,0,0.4,1,20,ONE_POINT,100,100,RANDOM,3
238,23900,81.11912870407104,47003,47024.97,0,0.4,1,20,ONE_POINT,100,100,RANDOM,3
239,24000,81.4482011795044,46732,46747.2,0,0.4,1,20,ONE_POINT,100,100,RANDOM,3
240,24100,81.81413459777832,46600,46606.6,0,0.4,1,20,ONE_POINT,100,100,RANDOM,3
241,24200,82.14474606513977,46539,46542.18,0,0.4,1,20,ONE_POINT,100,100,RANDOM,3
242,24300,82.46597146987915,46393,46400.3,0,0.4,1,20,ONE_POINT,100,100,RANDOM,3
243,24400,82.78938436508179,46306,46311.81,0,0.4,1,20,ONE_POINT,100,100,RANDOM,3
244,24500,83.22551035881042,46244,46259.78,0,0.4,1,20,ONE_POINT,100,100,RANDOM,3
245,24600,83.62036156654358,46166,46170.68,0,0.4,1,20,ONE_POINT,100,100,RANDOM,3
246,24700,83.9482901096344,46111,46114.3,0,0.4,1,20,ONE_POINT,100,100,RANDOM,3
247,24800,84.2374312877655,45975,45981.8,0,0.4,1,20,ONE_POINT,100,100,RANDOM,3
248,24900,84.63059973716736,45878,45883.89,0,0.4,1,20,ONE_POINT,100,100,RANDOM,3
249,25000,84.97427582740784,45768,45780.89,0,0.4,1,20,ONE_POINT,100,100,RANDOM,3
250,25100,85.29792356491089,45728,45731.2,0,0.4,1,20,ONE_POINT,100,100,RANDOM,3
251,25200,85.60128092765808,45656,45663.15,0,0.4,1,20,ONE_POINT,100,100,RANDOM,3
252,25300,85.89766502380371,45571,45575.97,0,0.4,1,20,ONE_POINT,100,100,RANDOM,3
253,25400,86.27431011199951,45500,45510.51,0,0.4,1,20,ONE_POINT,100,100,RANDOM,3
254,25500,86.64609265327454,45429,45447.43,0,0.4,1,20,ONE_POINT,100,100,RANDOM,3
255,25600,87.09897089004517,45305,45312.79,0,0.4,1,20,ONE_POINT,100,100,RANDOM,3
256,25700,87.46198201179504,45279,45284.09,0,0.4,1,20,ONE_POINT,100,100,RANDOM,3
257,25800,87.84972190856934,45197,45201.92,0,0.4,1,20,ONE_POINT,100,100,RANDOM,3
258,25900,88.19616746902466,45141,45150.58,0,0.4,1,20,ONE_POINT,100,100,RANDOM,3
259,26000,88.58463168144226,45118,45135.1,0,0.4,1,20,ONE_POINT,100,100,RANDOM,3
260,26100,88.89615058898926,45013,45023.12,0,0.4,1,20,ONE_POINT,100,100,RANDOM,3
261,26200,89.24670267105103,44924,44941.65,0,0.4,1,20,ONE_POINT,100,100,RANDOM,3
262,26300,89.57085251808167,44875,44877.94,0,0.4,1,20,ONE_POINT,100,100,RANDOM,3
263,26400,89.9181559085846,44827,44830.85,0,0.4,1,20,ONE_POINT,100,100,RANDOM,3
264,26500,90.29301333427429,44649,44668.37,0,0.4,1,20,ONE_POINT,100,100,RANDOM,3
265,26600,90.60903644561768,44610,44612.57,0,0.4,1,20,ONE_POINT,100,100,RANDOM,3
266,26700,90.92956805229187,44572,44575.43,0,0.4,1,20,ONE_POINT,100,100,RANDOM,3
267,26800,91.257239818573,44494,44527.48,0,0.4,1,20,ONE_POINT,100,100,RANDOM,3
268,26900,91.55217337608337,44453,44477.47,0,0.4,1,20,ONE_POINT,100,100,RANDOM,3
269,27000,91.90636348724365,44433,44444.88,0,0.4,1,20,ONE_POINT,100,100,RANDOM,3
270,27100,92.2408595085144,44267,44375.2,0,0.4,1,20,ONE_POINT,100,100,RANDOM,3
271,27200,92.55385398864746,44267,44267.0,0,0.4,1,20,ONE_POINT,100,100,RANDOM,3
272,27300,92.87032198905945,44211,44242.17,0,0.4,1,20,ONE_POINT,100,100,RANDOM,3
273,27400,93.19861888885498,44147,44151.63,0,0.4,1,20,ONE_POINT,100,100,RANDOM,3
274,27500,93.53000020980835,44131,44139.72,0,0.4,1,20,ONE_POINT,100,100,RANDOM,3
275,27600,93.86562752723694,44092,44094.73,0,0.4,1,20,ONE_POINT,100,100,RANDOM,3
276,27700,94.20109248161316,44041,44047.25,0,0.4,1,20,ONE_POINT,100,100,RANDOM,3
277,27800,94.50258445739746,43967,43970.7,0,0.4,1,20,ONE_POINT,100,100,RANDOM,3
278,27900,94.80891537666321,43963,43965.4,0,0.4,1,20,ONE_POINT,100,100,RANDOM,3
279,28000,95.09901356697083,43872,43877.46,0,0.4,1,20,ONE_POINT,100,100,RANDOM,3
280,28100,95.39839434623718,43872,43872.0,0,0.4,1,20,ONE_POINT,100,100,RANDOM,3
281,28200,95.73150277137756,43791,43795.87,0,0.4,1,20,ONE_POINT,100,100,RANDOM,3
282,28300,96.05315589904785,43750,43761.06,0,0.4,1,20,ONE_POINT,100,100,RANDOM,3
283,28400,96.35579133033752,43669,43695.16,0,0.4,1,20,ONE_POINT,100,100,RANDOM,3
284,28500,96.68663716316223,43636,43658.21,0,0.4,1,20,ONE_POINT,100,100,RANDOM,3
285,28600,96.98393321037292,43543,43547.65,0,0.4,1,20,ONE_POINT,100,100,RANDOM,3
286,28700,97.33335900306702,43528,43529.64,0,0.4,1,20,ONE_POINT,100,100,RANDOM,3
287,28800,97.68263840675354,43493,43583.89,0,0.4,1,20,ONE_POINT,100,100,RANDOM,3
288,28900,98.00618982315063,43366,43389.91,0,0.4,1,20,ONE_POINT,100,100,RANDOM,3
289,29000,98.33707761764526,43352,43353.12,0,0.4,1,20,ONE_POINT,100,100,RANDOM,3
290,29100,98.66173315048218,43152,43196.71,0,0.4,1,20,ONE_POINT,100,100,RANDOM,3
291,29200,98.94557547569275,43145,43145.98,0,0.4,1,20,ONE_POINT,100,100,RANDOM,3
292,29300,99.31138610839844,43125,43132.49,0,0.4,1,20,ONE_POINT,100,100,RANDOM,3
293,29400,99.67688322067261,43101,43110.02,0,0.4,1,20,ONE_POINT,100,100,RANDOM,3
294,29500,99.99290347099304,43099,43168.47,0,0.4,1,20,ONE_POINT,100,100,RANDOM,3
295,29600,100.28875780105591,43047,43143.12,0,0.4,1,20,ONE_POINT,100,100,RANDOM,3
296,29700,100.58900594711304,43029,43030.42,0,0.4,1,20,ONE_POINT,100,100,RANDOM,3
297,29800,100.939129114151,42993,43001.42,0,0.4,1,20,ONE_POINT,100,100,RANDOM,3
298,29900,101.279940366745,42918,42928.68,0,0.4,1,20,ONE_POINT,100,100,RANDOM,3
299,30000,101.6161277294159,42910,42911.71,0,0.4,1,20,ONE_POINT,100,100,RANDOM,3
300,30100,101.94355893135071,42776,42781.36,0,0.4,1,20,ONE_POINT,100,100,RANDOM,3
301,30200,102.2998719215393,42748,42764.53,0,0.4,1,20,ONE_POINT,100,100,RANDOM,3
302,30300,102.5864040851593,42615,42627.02,0,0.4,1,20,ONE_POINT,100,100,RANDOM,3
303,30400,102.93450427055359,42537,42554.94,0,0.4,1,20,ONE_POINT,100,100,RANDOM,3
304,30500,103.33052659034729,42444,42449.58,0,0.4,1,20,ONE_POINT,100,100,RANDOM,3
305,30600,103.81538772583008,42411,42434.43,0,0.4,1,20,ONE_POINT,100,100,RANDOM,3
306,30700,104.2054169178009,42226,42232.73,0,0.4,1,20,ONE_POINT,100,100,RANDOM,3
307,30800,104.56944680213928,42154,42160.93,0,0.4,1,20,ONE_POINT,100,100,RANDOM,3
308,30900,105.01322221755981,42128,42131.32,0,0.4,1,20,ONE_POINT,100,100,RANDOM,3
309,31000,105.38317584991455,42038,42043.67,0,0.4,1,20,ONE_POINT,100,100,RANDOM,3
310,31100,105.74001884460449,42001,42005.03,0,0.4,1,20,ONE_POINT,100,100,RANDOM,3
311,31200,106.12945413589478,41999,41999.38,0,0.4,1,20,ONE_POINT,100,100,RANDOM,3
312,31300,106.49591898918152,41960,41963.83,0,0.4,1,20,ONE_POINT,100,100,RANDOM,3
313,31400,106.86257219314575,41951,41952.08,0,0.4,1,20,ONE_POINT,100,100,RANDOM,3
314,31500,107.2602927684784,41843,41856.41,0,0.4,1,20,ONE_POINT,100,100,RANDOM,3
315,31600,107.65162873268127,41807,41815.56,0,0.4,1,20,ONE_POINT,100,100,RANDOM,3
316,31700,108.1436378955841,41744,41766.9,0,0.4,1,20,ONE_POINT,100,100,RANDOM,3
317,31800,108.60154509544373,41696,41701.94,0,0.4,1,20,ONE_POINT,100,100,RANDOM,3
318,31900,108.9974935054779,41650,41654.16,0,0.4,1,20,ONE_POINT,100,100,RANDOM,3
319,32000,109.36541175842285,41650,41650.0,0,0.4,1,20,ONE_POINT,100,100,RANDOM,3
320,32100,109.69242405891418,41564,41576.77,0,0.4,1,20,ONE_POINT,100,100,RANDOM,3
321,32200,110.02186036109924,41537,41541.61,0,0.4,1,20,ONE_POINT,100,100,RANDOM,3
322,32300,110.34119439125061,41479,41483.33,0,0.4,1,20,ONE_POINT,100,100,RANDOM,3
323,32400,110.6739571094513,41437,41441.36,0,0.4,1,20,ONE_POINT,100,100,RANDOM,3
324,32500,111.02127766609192,41382,41386.85,0,0.4,1,20,ONE_POINT,100,100,RANDOM,3
325,32600,111.33993935585022,41382,41382.0,0,0.4,1,20,ONE_POINT,100,100,RANDOM,3
326,32700,111.66811037063599,41342,41345.2,0,0.4,1,20,ONE_POINT,100,100,RANDOM,3
327,32800,112.00907039642334,41198,41208.85,0,0.4,1,20,ONE_POINT,100,100,RANDOM,3
328,32900,112.35684943199158,41132,41136.99,0,0.4,1,20,ONE_POINT,100,100,RANDOM,3
329,33000,112.70223879814148,41116,41119.5,0,0.4,1,20,ONE_POINT,100,100,RANDOM,3
330,33100,112.99627375602722,41106,41107.36,0,0.4,1,20,ONE_POINT,100,100,RANDOM,3
331,33200,113.31180500984192,41092,41093.78,0,0.4,1,20,ONE_POINT,100,100,RANDOM,3
332,33300,113.64011406898499,41019,41047.67,0,0.4,1,20,ONE_POINT,100,100,RANDOM,3
333,33400,113.98824310302734,40921,40927.77,0,0.4,1,20,ONE_POINT,100,100,RANDOM,3
334,33500,114.33219289779663,40822,40827.94,0,0.4,1,20,ONE_POINT,100,100,RANDOM,3
335,33600,114.65392398834229,40734,40740.27,0,0.4,1,20,ONE_POINT,100,100,RANDOM,3
336,33700,114.97746348381042,40693,40702.83,0,0.4,1,20,ONE_POINT,100,100,RANDOM,3
337,33800,115.27266597747803,40693,40693.0,0,0.4,1,20,ONE_POINT,100,100,RANDOM,3
338,33900,115.57107353210449,40659,40675.16,0,0.4,1,20,ONE_POINT,100,100,RANDOM,3
339,34000,115.8819432258606,40644,40645.74,0,0.4,1,20,ONE_POINT,100,100,RANDOM,3
340,34100,116.24661445617676,40644,40644.0,0,0.4,1,20,ONE_POINT,100,100,RANDOM,3
341,34200,116.57756805419922,40593,40597.08,0,0.4,1,20,ONE_POINT,100,100,RANDOM,3
342,34300,116.89380168914795,40589,40589.73,0,0.4,1,20,ONE_POINT,100,100,RANDOM,3
343,34400,117.20416474342346,40520,40524.18,0,0.4,1,20,ONE_POINT,100,100,RANDOM,3
344,34500,117.51101684570312,40464,40477.94,0,0.4,1,20,ONE_POINT,100,100,RANDOM,3
345,34600,117.8522310256958,40416,40423.93,0,0.4,1,20,ONE_POINT,100,100,RANDOM,3
346,34700,118.18169260025024,40265,40272.55,0,0.4,1,20,ONE_POINT,100,100,RANDOM,3
347,34800,118.49187660217285,40265,40265.0,0,0.4,1,20,ONE_POINT,100,100,RANDOM,3
1,200,0.2398827075958252,140254,137358.72,0,0.4,1,20,ONE_POINT,100,100,RANDOM,4
2,300,0.5642199516296387,135210,135263.53,0,0.4,1,20,ONE_POINT,100,100,RANDOM,4
3,400,0.8604421615600586,133868,133894.84,0,0.4,1,20,ONE_POINT,100,100,RANDOM,4
4,500,1.275411605834961,132184,132200.84,0,0.4,1,20,ONE_POINT,100,100,RANDOM,4
5,600,1.6185338497161865,131296,131320.25,0,0.4,1,20,ONE_POINT,100,100,RANDOM,4
6,700,1.9446570873260498,130401,130440.7,0,0.4,1,20,ONE_POINT,100,100,RANDOM,4
7,800,2.2950313091278076,127743,127796.16,0,0.4,1,20,ONE_POINT,100,100,RANDOM,4
8,900,2.5890352725982666,126385,126425.74,0,0.4,1,20,ONE_POINT,100,100,RANDOM,4
9,1000,2.895321846008301,124589,124624.92,0,0.4,1,20,ONE_POINT,100,100,RANDOM,4
10,1100,3.240607738494873,122203,122250.72,0,0.4,1,20,ONE_POINT,100,100,RANDOM,4
11,1200,3.579155683517456,121483,121501.05,0,0.4,1,20,ONE_POINT,100,100,RANDOM,4
12,1300,3.8793258666992188,120595,120617.7,0,0.4,1,20,ONE_POINT,100,100,RANDOM,4
13,1400,4.224973917007446,118131,118177.14,0,0.4,1,20,ONE_POINT,100,100,RANDOM,4
14,1500,4.520936012268066,115792,115944.71,0,0.4,1,20,ONE_POINT,100,100,RANDOM,4
15,1600,4.822464227676392,114555,114579.82,0,0.4,1,20,ONE_POINT,100,100,RANDOM,4
16,1700,5.179529666900635,113828,113877.49,0,0.4,1,20,ONE_POINT,100,100,RANDOM,4
17,1800,5.499692440032959,112960,113002.2,0,0.4,1,20,ONE_POINT,100,100,RANDOM,4
18,1900,5.833507061004639,111139,111239.15,0,0.4,1,20,ONE_POINT,100,100,RANDOM,4
19,2000,6.18202543258667,110518,110643.61,0,0.4,1,20,ONE_POINT,100,100,RANDOM,4
20,2100,6.483086824417114,109450,109494.77,0,0.4,1,20,ONE_POINT,100,100,RANDOM,4
21,2200,6.773116827011108,108122,108183.62,0,0.4,1,20,ONE_POINT,100,100,RANDOM,4
22,2300,7.0858824253082275,107413,107465.56,0,0.4,1,20,ONE_POINT,100,100,RANDOM,4
23,2400,7.380282640457153,106763,106788.69,0,0.4,1,20,ONE_POINT,100,100,RANDOM,4
24,2500,7.694931983947754,106015,106040.49,0,0.4,1,20,ONE_POINT,100,100,RANDOM,4
25,2600,7.993548631668091,105367,105391.66,0,0.4,1,20,ONE_POINT,100,100,RANDOM,4
26,2700,8.308762073516846,104680,104748.23,0,0.4,1,20,ONE_POINT,100,100,RANDOM,4
27,2800,8.65478777885437,104058,104099.14,0,0.4,1,20,ONE_POINT,100,100,RANDOM,4
28,2900,8.943477392196655,103547,103569.8,0,0.4,1,20,ONE_POINT,100,100,RANDOM,4
29,3000,9.284688472747803,102391,102414.12,0,0.4,1,20,ONE_POINT,100,100,RANDOM,4
30,3100,9.610175848007202,101875,101904.93,0,0.4,1,20,ONE_POINT,100,100,RANDOM,4
31,3200,9.925374746322632,100631,100705.37,0,0.4,1,20,ONE_POINT,100,100,RANDOM,4
32,3300,10.256886720657349,99885,99958.63,0,0.4,1,20,ONE_POINT,100,100,RANDOM,4
33,3400,10.597310066223145,99044,99071.2,0,0.4,1,20,ONE_POINT,100,100,RANDOM,4
34,3500,10.896992921829224,98436,98460.97,0,0.4,1,20,ONE_POINT,100,100,RANDOM,4
35,3600,11.216931581497192,98217,98225.76,0,0.4,1,20,ONE_POINT,100,100,RANDOM,4
36,3700,11.510948657989502,97490,97521.67,0,0.4,1,20,ONE_POINT,100,100,RANDOM,4
37,3800,11.82629942893982,97051,97074.77,0,0.4,1,20,ONE_POINT,100,100,RANDOM,4
38,3900,12.14421796798706,96680,96707.01,0,0.4,1,20,ONE_POINT,100,100,RANDOM,4
39,4000,12.490602254867554,95725,95803.53,0,0.4,1,20,ONE_POINT,100,100,RANDOM,4
40,4100,12.819950103759766,95068,95087.71,0,0.4,1,20,ONE_POINT,100,100,RANDOM,4
41,4200,13.108853340148926,94499,94521.13,0,0.4,1,20,ONE_POINT,100,100,RANDOM,4
42,4300,13.423487901687622,93751,93775.06,0,0.4,1,20,ONE_POINT,100,100,RANDOM,4
43,4400,13.709060430526733,92981,93033.24,0,0.4,1,20,ONE_POINT,100,100,RANDOM,4
44,4500,14.070279598236084,92207,92236.2,0,0.4,1,20,ONE_POINT,100,100,RANDOM,4
45,4600,14.382411241531372,91471,91494.46,0,0.4,1,20,ONE_POINT,100,100,RANDOM,4
46,4700,14.716562032699585,91207,91252.48,0,0.4,1,20,ONE_POINT,100,100,RANDOM,4
47,4800,15.009408712387085,90143,90164.28,0,0.4,1,20,ONE_POINT,100,100,RANDOM,4
48,4900,15.323013544082642,89661,89678.02,0,0.4,1,20,ONE_POINT,100,100,RANDOM,4
49,5000,15.668780088424683,89070,89081.82,0,0.4,1,20,ONE_POINT,100,100,RANDOM,4
50,5100,15.997190237045288,88284,88315.44,0,0.4,1,20,ONE_POINT,100,100,RANDOM,4
51,5200,16.301639795303345,87676,87688.16,0,0.4,1,20,ONE_POINT,100,100,RANDOM,4
52,5300,16.607053756713867,87102,87119.0,0,0.4,1,20,ONE_POINT,100,100,RANDOM,4
53,5400,16.919832944869995,86616,86647.66,0,0.4,1,20,ONE_POINT,100,100,RANDOM,4
54,5500,17.21612048149109,86015,86027.66,0,0.4,1,20,ONE_POINT,100,100,RANDOM,4
55,5600,17.533243417739868,85411,85484.83,0,0.4,1,20,ONE_POINT,100,100,RANDOM,4
56,5700,17.865467309951782,84808,84826.09,0,0.4,1,20,ONE_POINT,100,100,RANDOM,4
57,5800,18.194310903549194,84174,84217.44,0,0.4,1,20,ONE_POINT,100,100,RANDOM,4
58,5900,18.534690618515015,83741,83799.32,0,0.4,1,20,ONE_POINT,100,100,RANDOM,4
59,6000,18.83193826675415,83404,83413.83,0,0.4,1,20,ONE_POINT,100,100,RANDOM,4
60,6100,19.172155141830444,83062,83077.86,0,0.4,1,20,ONE_POINT,100,100,RANDOM,4
61,6200,19.51037621498108,82792,82825.98,0,0.4,1,20,ONE_POINT,100,100,RANDOM,4
62,6300,19.837079763412476,82549,82559.26,0,0.4,1,20,ONE_POINT,100,100,RANDOM,4
63,6400,20.148919582366943,82159,82174.6,0,0.4,1,20,ONE_POINT,100,100,RANDOM,4
64,6500,20.509355068206787,81438,81458.33,0,0.4,1,20,ONE_POINT,100,100,RANDOM,4
65,6600,20.823057889938354,80456,80492.06,0,0.4,1,20,ONE_POINT,100,100,RANDOM,4
66,6700,21.146793365478516,79963,79977.79,0,0.4,1,20,ONE_POINT,100,100,RANDOM,4
67,6800,21.44322633743286,79741,79747.06,0,0.4,1,20,ONE_POINT,100,100,RANDOM,4
68,6900,21.76276683807373,79290,79299.02,0,0.4,1,20,ONE_POINT,100,100,RANDOM,4
69,7000,22.076210737228394,78795,78818.71,0,0.4,1,20,ONE_POINT,100,100,RANDOM,4
70,7100,22.429773330688477,78353,78366.26,0,0.4,1,20,ONE_POINT,100,100,RANDOM,4
71,7200,22.746760368347168,78100,78107.59,0,0.4,1,20,ONE_POINT,100,100,RANDOM,4
72,7300,23.084359645843506,77611,77644.63,0,0.4,1,20,ONE_POINT,100,100,RANDOM,4
73,7400,23.40027666091919,77369,77407.13,0,0.4,1,20,ONE_POINT,100,100,RANDOM,4
74,7500,23.709704637527466,77109,77119.4,0,0.4,1,20,ONE_POINT,100,100,RANDOM,4
75,7600,24.00109362602234,76612,76669.73,0,0.4,1,20,ONE_POINT,100,100,RANDOM,4
76,7700,24.296908378601074,76224,76243.18,0,0.4,1,20,ONE_POINT,100,100,RANDOM,4
77,7800,24.587681770324707,75268,75317.97,0,0.4,1,20,ONE_POINT,100,100,RANDOM,4
78,7900,24.928821802139282,74927,74965.89,0,0.4,1,20,ONE_POINT,100,100,RANDOM,4
79,8000,25.266112804412842,74548,74560.28,0,0.4,1,20,ONE_POINT,100,100,RANDOM,4
80,8100,25.62359380722046,73904,73916.88,0,0.4,1,20,ONE_POINT,100,100,RANDOM,4
81,8200,25.93861675262451,73487,73499.51,0,0.4,1,20,ONE_POINT,100,100,RANDOM,4
82,8300,26.26992416381836,72511,72550.3,0,0.4,1,20,ONE_POINT,100,100,RANDOM,4
83,8400,26.592719316482544,72118,72130.66,0,0.4,1,20,ONE_POINT,100,100,RANDOM,4
84,8500,26.943804502487183,71747,71758.13,0,0.4,1,20,ONE_POINT,100,100,RANDOM,4
85,8600,27.250133514404297,71454,71466.14,0,0.4,1,20,ONE_POINT,100,100,RANDOM,4
86,8700,27.571459531784058,70996,71078.23,0,0.4,1,20,ONE_POINT,100,100,RANDOM,4
87,8800,27.911130905151367,70529,70542.13,0,0.4,1,20,ONE_POINT,100,100,RANDOM,4
88,8900,28.2344069480896,70448,70452.86,0,0.4,1,20,ONE_POINT,100,100,RANDOM,4
89,9000,28.582520246505737,70009,70027.6,0,0.4,1,20,ONE_POINT,100,100,RANDOM,4
90,9100,28.904319047927856,69570,69583.17,0,0.4,1,20,ONE_POINT,100,100,RANDOM,4
91,9200,29.219204425811768,68932,68961.91,0,0.4,1,20,ONE_POINT,100,100,RANDOM,4
92,9300,29.571168184280396,68703,68711.22,0,0.4,1,20,ONE_POINT,100,100,RANDOM,4
93,9400,29.888341188430786,68048,68076.32,0,0.4,1,20,ONE_POINT,100,100,RANDOM,4
94,9500,30.182475566864014,67565,67581.54,0,0.4,1,20,ONE_POINT,100,100,RANDOM,4
95,9600,30.49762535095215,67275,67287.94,0,0.4,1,20,ONE_POINT,100,100,RANDOM,4
96,9700,30.82438850402832,66575,66596.0,0,0.4,1,20,ONE_POINT,100,100,RANDOM,4
97,9800,31.1550133228302,66349,66358.69,0,0.4,1,20,ONE_POINT,100,100,RANDOM,4
98,9900,31.490445137023926,66111,66122.9,0,0.4,1,20,ONE_POINT,100,100,RANDOM,4
99,10000,31.8141131401062,66055,66061.51,0,0.4,1,20,ONE_POINT,100,100,RANDOM,4
100,10100,32.141907930374146,65663,65674.65,0,0.4,1,20,ONE_POINT,100,100,RANDOM,4
101,10200,32.463574171066284,65349,65355.28,0,0.4,1,20,ONE_POINT,100,100,RANDOM,4
102,10300,32.77974987030029,64961,65023.2,0,0.4,1,20,ONE_POINT,100,100,RANDOM,4
103,10400,33.12037539482117,64764,64775.82,0,0.4,1,20,ONE_POINT,100,100,RANDOM,4
104,10500,33.44533610343933,64546,64556.69,0,0.4,1,20,ONE_POINT,100,100,RANDOM,4
105,10600,33.7901668548584,64243,64255.01,0,0.4,1,20,ONE_POINT,100,100,RANDOM,4
106,10700,34.11892795562744,63838,63906.72,0,0.4,1,20,ONE_POINT,100,100,RANDOM,4
107,10800,34.423648834228516,63585,63595.12,0,0.4,1,20,ONE_POINT,100,100,RANDOM,4
108,10900,34.74713349342346,63367,63380.21,0,0.4,1,20,ONE_POINT,100,100,RANDOM,4
109,11000,35.0472891330719,63263,63275.55,0,0.4,1,20,ONE_POINT,100,100,RANDOM,4
110,11100,35.382651805877686,63122,63138.98,0,0.4,1,20,ONE_POINT,100,100,RANDOM,4
111,11200,35.745362758636475,62935,62952.22,0,0.4,1,20,ONE_POINT,100,100,RANDOM,4
112,11300,36.08753800392151,62566,62580.83,0,0.4,1,20,ONE_POINT,100,100,RANDOM,4
113,11400,36.41226625442505,62502,62507.83,0,0.4,1,20,ONE_POINT,100,100,RANDOM,4
114,11500,36.73678684234619,62197,62219.22,0,0.4,1,20,ONE_POINT,100,100,RANDOM,4
115,11600,37.05108880996704,62063,62073.18,0,0.4,1,20,ONE_POINT,100,100,RANDOM,4
116,11700,37.39582300186157,61824,61845.04,0,0.4,1,20,ONE_POINT,100,100,RANDOM,4
117,11800,37.70894813537598,61695,61700.16,0,0.4,1,20,ONE_POINT,100,100,RANDOM,4
118,11900,38.021528244018555,61561,61732.95,0,0.4,1,20,ONE_POINT,100,100,RANDOM,4
119,12000,38.32998013496399,61284,61296.42,0,0.4,1,20,ONE_POINT,100,100,RANDOM,4
120,12100,38.63432431221008,61062,61070.88,0,0.4,1,20,ONE_POINT,100,100,RANDOM,4
121,12200,38.935492515563965,60682,60714.73,0,0.4,1,20,ONE_POINT,100,100,RANDOM,4
122,12300,39.2360577583313,60384,60395.92,0,0.4,1,20,ONE_POINT,100,100,RANDOM,4
123,12400,39.53513956069946,60300,60355.82,0,0.4,1,20,ONE_POINT,100,100,RANDOM,4
124,12500,39.8597948551178,59920,60005.92,0,0.4,1,20,ONE_POINT,100,100,RANDOM,4
125,12600,40.1496262550354,59609,59618.33,0,0.4,1,20,ONE_POINT,100,100,RANDOM,4
126,12700,40.45811581611633,59118,59132.73,0,0.4,1,20,ONE_POINT,100,100,RANDOM,4
127,12800,40.78851294517517,58854,58864.57,0,0.4,1,20,ONE_POINT,100,100,RANDOM,4
128,12900,41.120577812194824,58748,58761.91,0,0.4,1,20,ONE_POINT,100,100,RANDOM,4
129,13000,41.419617652893066,58359,58376.66,0,0.4,1,20,ONE_POINT,100,100,RANDOM,4
130,13100,41.714131355285645,58170,58181.17,0,0.4,1,20,ONE_POINT,100,100,RANDOM,4
131,13200,42.02269625663757,58008,58019.68,0,0.4,1,20,ONE_POINT,100,100,RANDOM,4
132,13300,42.34858274459839,57894,57900.63,0,0.4,1,20,ONE_POINT,100,100,RANDOM,4
133,13400,42.682268381118774,57711,57773.2,0,0.4,1,20,ONE_POINT,100,100,RANDOM,4
134,13500,43.00254964828491,57438,57450.92,0,0.4,1,20,ONE_POINT,100,100,RANDOM,4
135,13600,43.30947160720825,57083,57109.54,0,0.4,1,20,ONE_POINT,100,100,RANDOM,4
136,13700,43.66270303726196,56794,56816.43,0,0.4,1,20,ONE_POINT,100,100,RANDOM,4
137,13800,44.02531337738037,56756,56814.3,0,0.4,1,20,ONE_POINT,100,100,RANDOM,4
138,13900,44.33132362365723,56729,56731.53,0,0.4,1,20,ONE_POINT,100,100,RANDOM,4
139,14000,44.728002309799194,56518,56528.72,0,0.4,1,20,ONE_POINT,100,100,RANDOM,4
140,14100,45.11481595039368,56240,56251.12,0,0.4,1,20,ONE_POINT,100,100,RANDOM,4
141,14200,45.534632444381714,56048,56055.25,0,0.4,1,20,ONE_POINT,100,100,RANDOM,4
142,14300,45.906636476516724,55949,55953.95,0,0.4,1,20,ONE_POINT,100,100,RANDOM,4
143,14400,46.30180788040161,55702,55711.88,0,0.4,1,20,ONE_POINT,100,100,RANDOM,4
144,14500,46.709439277648926,55530,55560.41,0,0.4,1,20,ONE_POINT,100,100,RANDOM,4
145,14600,47.07880663871765,55394,55440.77,0,0.4,1,20,ONE_POINT,100,100,RANDOM,4
146,14700,47.40229868888855,55041,55055.12,0,0.4,1,20,ONE_POINT,100,100,RANDOM,4
147,14800,47.7582106590271,54962,54968.79,0,0.4,1,20,ONE_POINT,100,100,RANDOM,4
148,14900,48.118826389312744,54818,54826.55,0,0.4,1,20,ONE_POINT,100,100,RANDOM,4
149,15000,48.483203649520874,54669,54685.41,0,0.4,1,20,ONE_POINT,100,100,RANDOM,4
150,15100,48.793073415756226,54534,54549.36,0,0.4,1,20,ONE_POINT,100,100,RANDOM,4
151,15200,49.159865617752075,54375,54381.25,0,0.4,1,20,ONE_POINT,100,100,RANDOM,4
152,15300,49.50640368461609,54218,54226.36,0,0.4,1,20,ONE_POINT,100,100,RANDOM,4
153,15400,49.85612368583679,54114,54125.88,0,0.4,1,20,ONE_POINT,100,100,RANDOM,4
154,15500,50.199193716049194,54006,54015.9,0,0.4,1,20,ONE_POINT,100,100,RANDOM,4
155,15600,50.530418157577515,53807,53839.53,0,0.4,1,20,ONE_POINT,100,100,RANDOM,4
156,15700,50.87997889518738,53676,53681.24,0,0.4,1,20,ONE_POINT,100,100,RANDOM,4
157,15800,51.21580195426941,53508,53514.72,0,0.4,1,20,ONE_POINT,100,100,RANDOM,4
158,15900,51.54788398742676,53326,53339.74,0,0.4,1,20,ONE_POINT,100,100,RANDOM,4
159,16000,51.88084673881531,53091,53155.74,0,0.4,1,20,ONE_POINT,100,100,RANDOM,4
160,16100,52.207560539245605,52887,52981.97,0,0.4,1,20,ONE_POINT,100,100,RANDOM,4
161,16200,52.55490684509277,52722,52804.73,0,0.4,1,20,ONE_POINT,100,100,RANDOM,4
162,16300,52.88842463493347,52580,52585.68,0,0.4,1,20,ONE_POINT,100,100,RANDOM,4
163,16400,53.24683952331543,52198,52236.44,0,0.4,1,20,ONE_POINT,100,100,RANDOM,4
164,16500,53.56571960449219,52005,52012.72,0,0.4,1,20,ONE_POINT,100,100,RANDOM,4
165,16600,53.86646842956543,51866,51895.94,0,0.4,1,20,ONE_POINT,100,100,RANDOM,4
166,16700,54.16839671134949,51819,51841.63,0,0.4,1,20,ONE_POINT,100,100,RANDOM,4
167,16800,54.506972312927246,51670,51677.41,0,0.4,1,20,ONE_POINT,100,100,RANDOM,4
168,16900,54.809048891067505,51592,51602.9,0,0.4,1,20,ONE_POINT,100,100,RANDOM,4
169,17000,55.156532764434814,51472,51478.29,0,0.4,1,20,ONE_POINT,100,100,RANDOM,4
170,17100,55.53313374519348,51255,51391.75,0,0.4,1,20,ONE_POINT,100,100,RANDOM,4
171,17200,55.853700399398804,51150,51200.57,0,0.4,1,20,ONE_POINT,100,100,RANDOM,4
172,17300,56.187915325164795,51118,51121.04,0,0.4,1,20,ONE_POINT,100,100,RANDOM,4
173,17400,56.54063534736633,51030,51034.72,0,0.4,1,20,ONE_POINT,100,100,RANDOM,4
174,17500,56.881057024002075,50955,50986.0,0,0.4,1,20,ONE_POINT,100,100,RANDOM,4
175,17600,57.22665762901306,50816,50881.94,0,0.4,1,20,ONE_POINT,100,100,RANDOM,4
176,17700,57.55808997154236,50757,50770.44,0,0.4,1,20,ONE_POINT,100,100,RANDOM,4
177,17800,57.87949848175049,50644,50665.83,0,0.4,1,20,ONE_POINT,100,100,RANDOM,4
178,17900,58.20189118385315,50593,50596.07,0,0.4,1,20,ONE_POINT,100,100,RANDOM,4
179,18000,58.54126453399658,50449,50472.23,0,0.4,1,20,ONE_POINT,100,100,RANDOM,4
180,18100,58.90335965156555,50388,50391.66,0,0.4,1,20,ONE_POINT,100,100,RANDOM,4
181,18200,59.229119300842285,50175,50271.7,0,0.4,1,20,ONE_POINT,100,100,RANDOM,4
182,18300,59.54646611213684,50090,50193.3,0,0.4,1,20,ONE_POINT,100,100,RANDOM,4
183,18400,59.901994943618774,49972,49996.22,0,0.4,1,20,ONE_POINT,100,100,RANDOM,4
184,18500,60.26435732841492,49625,49640.2,0,0.4,1,20,ONE_POINT,100,100,RANDOM,4
185,18600,60.59477519989014,49447,49462.29,0,0.4,1,20,ONE_POINT,100,100,RANDOM,4
186,18700,60.944432735443115,49319,49329.34,0,0.4,1,20,ONE_POINT,100,100,RANDOM,4
187,18800,61.276065826416016,49172,49179.35,0,0.4,1,20,ONE_POINT,100,100,RANDOM,4
188,18900,61.58587408065796,49163,49178.38,0,0.4,1,20,ONE_POINT,100,100,RANDOM,4
189,19000,61.91926121711731,49088,49092.95,0,0.4,1,20,ONE_POINT,100,100,RANDOM,4
190,19100,62.30754232406616,48918,48929.03,0,0.4,1,20,ONE_POINT,100,100,RANDOM,4
191,19200,62.65374517440796,48736,48749.55,0,0.4,1,20,ONE_POINT,100,100,RANDOM,4
192,19300,62.980867862701416,48615,48619.84,0,0.4,1,20,ONE_POINT,100,100,RANDOM,4
193,19400,63.33884572982788,48441,48555.2,0,0.4,1,20,ONE_POINT,100,100,RANDOM,4
194,19500,63.68877649307251,48361,48513.14,0,0.4,1,20,ONE_POINT,100,100,RANDOM,4
195,19600,64.04779648780823,48009,48026.26,0,0.4,1,20,ONE_POINT,100,100,RANDOM,4
196,19700,64.39145040512085,47925,47932.04,0,0.4,1,20,ONE_POINT,100,100,RANDOM,4
197,19800,64.71708559989929,47829,47905.52,0,0.4,1,20,ONE_POINT,100,100,RANDOM,4
198,19900,65.08582782745361,47719,47725.29,0,0.4,1,20,ONE_POINT,100,100,RANDOM,4
199,20000,65.45748519897461,47645,47674.23,0,0.4,1,20,ONE_POINT,100,100,RANDOM,4
200,20100,65.82426142692566,47504,47558.51,0,0.4,1,20,ONE_POINT,100,100,RANDOM,4
201,20200,66.22945284843445,47374,47383.21,0,0.4,1,20,ONE_POINT,100,100,RANDOM,4
202,20300,66.66838598251343,47200,47208.7,0,0.4,1,20,ONE_POINT,100,100,RANDOM,4
203,20400,67.02062058448792,47107,47117.76,0,0.4,1,20,ONE_POINT,100,100,RANDOM,4
204,20500,67.34477186203003,47097,47104.23,0,0.4,1,20,ONE_POINT,100,100,RANDOM,4
205,20600,67.78576254844666,47046,47050.18,0,0.4,1,20,ONE_POINT,100,100,RANDOM,4
206,20700,68.12506127357483,47003,47015.15,0,0.4,1,20,ONE_POINT,100,100,RANDOM,4
207,20800,68.46877861022949,46979,47000.55,0,0.4,1,20,ONE_POINT,100,100,RANDOM,4
208,20900,68.76575827598572,46895,46906.97,0,0.4,1,20,ONE_POINT,100,100,RANDOM,4
209,21000,69.07079124450684,46777,46785.11,0,0.4,1,20,ONE_POINT,100,100,RANDOM,4
210,21100,69.41073513031006,46689,46694.28,0,0.4,1,20,ONE_POINT,100,100,RANDOM,4
211,21200,69.8205316066742,46569,46577.08,0,0.4,1,20,ONE_POINT,100,100,RANDOM,4
212,21300,70.21505045890808,46560,46562.94,0,0.4,1,20,ONE_POINT,100,100,RANDOM,4
213,21400,70.53995203971863,46548,46550.16,0,0.4,1,20,ONE_POINT,100,100,RANDOM,4
214,21500,70.89281272888184,46478,46485.48,0,0.4,1,20,ONE_POINT,100,100,RANDOM,4
215,21600,71.24046039581299,46319,46329.42,0,0.4,1,20,ONE_POINT,100,100,RANDOM,4
216,21700,71.64498162269592,46279,46282.6,0,0.4,1,20,ONE_POINT,100,100,RANDOM,4
217,21800,72.0103530883789,46220,46224.72,0,0.4,1,20,ONE_POINT,100,100,RANDOM,4
218,21900,72.41273069381714,46118,46124.12,0,0.4,1,20,ONE_POINT,100,100,RANDOM,4
219,22000,72.76284861564636,45994,46003.74,0,0.4,1,20,ONE_POINT,100,100,RANDOM,4
220,22100,73.1211290359497,45845,45957.31,0,0.4,1,20,ONE_POINT,100,100,RANDOM,4
221,22200,73.48182272911072,45774,45792.24,0,0.4,1,20,ONE_POINT,100,100,RANDOM,4
222,22300,73.84812664985657,45700,45735.57,0,0.4,1,20,ONE_POINT,100,100,RANDOM,4
223,22400,74.19442391395569,45658,45674.81,0,0.4,1,20,ONE_POINT,100,100,RANDOM,4
224,22500,74.55198574066162,45470,45495.41,0,0.4,1,20,ONE_POINT,100,100,RANDOM,4
225,22600,74.9252507686615,45411,45415.72,0,0.4,1,20,ONE_POINT,100,100,RANDOM,4
226,22700,75.24650955200195,45188,45221.31,0,0.4,1,20,ONE_POINT,100,100,RANDOM,4
227,22800,75.66303086280823,44921,44936.25,0,0.4,1,20,ONE_POINT,100,100,RANDOM,4
228,22900,76.0451033115387,44897,44899.37,0,0.4,1,20,ONE_POINT,100,100,RANDOM,4
229,23000,76.41500782966614,44778,44824.41,0,0.4,1,20,ONE_POINT,100,100,RANDOM,4
230,23100,76.75339651107788,44743,44745.8,0,0.4,1,20,ONE_POINT,100,100,RANDOM,4
231,23200,77.10236430168152,44657,44663.02,0,0.4,1,20,ONE_POINT,100,100,RANDOM,4
232,23300,77.45134806632996,44650,44676.2,0,0.4,1,20,ONE_POINT,100,100,RANDOM,4
233,23400,77.80889129638672,44523,44707.38,0,0.4,1,20,ONE_POINT,100,100,RANDOM,4
234,23500,78.11412024497986,44523,44523.02,0,0.4,1,20,ONE_POINT,100,100,RANDOM,4
235,23600,78.43323397636414,44504,44506.11,0,0.4,1,20,ONE_POINT,100,100,RANDOM,4
236,23700,78.8420135974884,44427,44434.39,0,0.4,1,20,ONE_POINT,100,100,RANDOM,4
237,23800,79.19194054603577,44422,44436.4,0,0.4,1,20,ONE_POINT,100,100,RANDOM,4
238,23900,79.52134084701538,44406,44411.53,0,0.4,1,20,ONE_POINT,100,100,RANDOM,4
239,24000,79.87910318374634,44342,44352.03,0,0.4,1,20,ONE_POINT,100,100,RANDOM,4
240,24100,80.2180700302124,44172,44182.84,0,0.4,1,20,ONE_POINT,100,100,RANDOM,4
241,24200,80.58486866950989,44117,44120.85,0,0.4,1,20,ONE_POINT,100,100,RANDOM,4
242,24300,80.95321321487427,44071,44079.14,0,0.4,1,20,ONE_POINT,100,100,RANDOM,4
243,24400,81.31394696235657,43951,43975.77,0,0.4,1,20,ONE_POINT,100,100,RANDOM,4
244,24500,81.62994766235352,43931,43946.22,0,0.4,1,20,ONE_POINT,100,100,RANDOM,4
245,24600,82.00224184989929,43761,43771.4,0,0.4,1,20,ONE_POINT,100,100,RANDOM,4
246,24700,82.35460042953491,43725,43767.73,0,0.4,1,20,ONE_POINT,100,100,RANDOM,4
247,24800,82.73084831237793,43635,43640.4,0,0.4,1,20,ONE_POINT,100,100,RANDOM,4
248,24900,83.16393256187439,43634,43634.24,0,0.4,1,20,ONE_POINT,100,100,RANDOM,4
249,25000,83.53239250183105,43634,43634.0,0,0.4,1,20,ONE_POINT,100,100,RANDOM,4
250,25100,83.91273212432861,43601,43741.22,0,0.4,1,20,ONE_POINT,100,100,RANDOM,4
251,25200,84.31386613845825,43532,43538.72,0,0.4,1,20,ONE_POINT,100,100,RANDOM,4
252,25300,84.78029561042786,43500,43502.56,0,0.4,1,20,ONE_POINT,100,100,RANDOM,4
253,25400,85.24374532699585,43362,43381.78,0,0.4,1,20,ONE_POINT,100,100,RANDOM,4
254,25500,85.73778748512268,43256,43264.17,0,0.4,1,20,ONE_POINT,100,100,RANDOM,4
255,25600,86.08937931060791,43237,43239.39,0,0.4,1,20,ONE_POINT,100,100,RANDOM,4
256,25700,86.43567824363708,43182,43187.87,0,0.4,1,20,ONE_POINT,100,100,RANDOM,4
257,25800,86.82014560699463,43060,43068.39,0,0.4,1,20,ONE_POINT,100,100,RANDOM,4
258,25900,87.21384596824646,43006,43016.43,0,0.4,1,20,ONE_POINT,100,100,RANDOM,4
259,26000,87.54898357391357,42944,42948.34,0,0.4,1,20,ONE_POINT,100,100,RANDOM,4
260,26100,87.96076798439026,42845,42851.79,0,0.4,1,20,ONE_POINT,100,100,RANDOM,4
261,26200,88.3493139743805,42838,42972.48,0,0.4,1,20,ONE_POINT,100,100,RANDOM,4
262,26300,88.74793076515198,42690,42716.26,0,0.4,1,20,ONE_POINT,100,100,RANDOM,4
263,26400,89.13022661209106,42602,42607.59,0,0.4,1,20,ONE_POINT,100,100,RANDOM,4
264,26500,89.4874529838562,42450,42456.08,0,0.4,1,20,ONE_POINT,100,100,RANDOM,4
265,26600,89.80467128753662,42373,42384.75,0,0.4,1,20,ONE_POINT,100,100,RANDOM,4
266,26700,90.15031623840332,42179,42366.03,0,0.4,1,20,ONE_POINT,100,100,RANDOM,4
267,26800,90.44831824302673,42154,42166.49,0,0.4,1,20,ONE_POINT,100,100,RANDOM,4
268,26900,90.77915811538696,42079,42083.5,0,0.4,1,20,ONE_POINT,100,100,RANDOM,4
269,27000,91.07968354225159,41998,42015.25,0,0.4,1,20,ONE_POINT,100,100,RANDOM,4
270,27100,91.39468550682068,41963,41965.86,0,0.4,1,20,ONE_POINT,100,100,RANDOM,4
271,27200,91.73862862586975,41948,41949.65,0,0.4,1,20,ONE_POINT,100,100,RANDOM,4
272,27300,92.08395218849182,41854,41859.79,0,0.4,1,20,ONE_POINT,100,100,RANDOM,4
273,27400,92.40450501441956,41842,41896.66,0,0.4,1,20,ONE_POINT,100,100,RANDOM,4
274,27500,92.77181482315063,41799,41808.13,0,0.4,1,20,ONE_POINT,100,100,RANDOM,4
275,27600,93.13704299926758,41773,41780.23,0,0.4,1,20,ONE_POINT,100,100,RANDOM,4
276,27700,93.4541380405426,41765,41767.27,0,0.4,1,20,ONE_POINT,100,100,RANDOM,4
277,27800,93.82445073127747,41630,41638.26,0,0.4,1,20,ONE_POINT,100,100,RANDOM,4
278,27900,94.14604878425598,41594,41599.48,0,0.4,1,20,ONE_POINT,100,100,RANDOM,4
279,28000,94.45766830444336,41542,41548.55,0,0.4,1,20,ONE_POINT,100,100,RANDOM,4
280,28100,94.8052122592926,41515,41518.25,0,0.4,1,20,ONE_POINT,100,100,RANDOM,4
281,28200,95.21970415115356,41494,41499.42,0,0.4,1,20,ONE_POINT,100,100,RANDOM,4
282,28300,95.6132800579071,41475,41520.34,0,0.4,1,20,ONE_POINT,100,100,RANDOM,4
283,28400,95.9247477054596,41451,41457.32,0,0.4,1,20,ONE_POINT,100,100,RANDOM,4
284,28500,96.28841519355774,41351,41357.43,0,0.4,1,20,ONE_POINT,100,100,RANDOM,4
285,28600,96.59581327438354,41183,41191.43,0,0.4,1,20,ONE_POINT,100,100,RANDOM,4
286,28700,96.96865940093994,41057,41081.65,0,0.4,1,20,ONE_POINT,100,100,RANDOM,4
287,28800,97.37483549118042,41016,41032.32,0,0.4,1,20,ONE_POINT,100,100,RANDOM,4
288,28900,97.71123123168945,40973,40978.12,0,0.4,1,20,ONE_POINT,100,100,RANDOM,4
289,29000,98.04274559020996,40942,41006.97,0,0.4,1,20,ONE_POINT,100,100,RANDOM,4
290,29100,98.35674095153809,40919,40929.67,0,0.4,1,20,ONE_POINT,100,100,RANDOM,4
291,29200,98.68810272216797,40883,40937.06,0,0.4,1,20,ONE_POINT,100,100,RANDOM,4
292,29300,99.01523470878601,40792,40804.1,0,0.4,1,20,ONE_POINT,100,100,RANDOM,4
293,29400,99.40387773513794,40780,40782.54,0,0.4,1,20,ONE_POINT,100,100,RANDOM,4
294,29500,99.81547784805298,40771,40773.53,0,0.4,1,20,ONE_POINT,100,100,RANDOM,4
295,29600,100.13814353942871,40673,40688.91,0,0.4,1,20,ONE_POINT,100,100,RANDOM,4
296,29700,100.53307723999023,40637,40641.22,0,0.4,1,20,ONE_POINT,100,100,RANDOM,4
297,29800,100.8780882358551,40628,40629.62,0,0.4,1,20,ONE_POINT,100,100,RANDOM,4
298,29900,101.2808108329773,40616,40624.97,0,0.4,1,20,ONE_POINT,100,100,RANDOM,4
299,30000,101.62780714035034,40534,40540.48,0,0.4,1,20,ONE_POINT,100,100,RANDOM,4
300,30100,101.92920303344727,40501,40568.4,0,0.4,1,20,ONE_POINT,100,100,RANDOM,4
301,30200,102.26259684562683,40486,40489.43,0,0.4,1,20,ONE_POINT,100,100,RANDOM,4
302,30300,102.58693933486938,40475,40485.57,0,0.4,1,20,ONE_POINT,100,100,RANDOM,4
303,30400,102.95270490646362,40445,40455.54,0,0.4,1,20,ONE_POINT,100,100,RANDOM,4
304,30500,103.30303382873535,40426,40450.77,0,0.4,1,20,ONE_POINT,100,100,RANDOM,4
305,30600,103.62820744514465,40387,40392.99,0,0.4,1,20,ONE_POINT,100,100,RANDOM,4
306,30700,103.99817848205566,40326,40330.88,0,0.4,1,20,ONE_POINT,100,100,RANDOM,4
307,30800,104.34014344215393,40314,40329.79,0,0.4,1,20,ONE_POINT,100,100,RANDOM,4
308,30900,104.67946362495422,40294,40303.41,0,0.4,1,20,ONE_POINT,100,100,RANDOM,4
309,31000,104.99685621261597,40282,40284.23,0,0.4,1,20,ONE_POINT,100,100,RANDOM,4
310,31100,105.32759952545166,40271,40303.0,0,0.4,1,20,ONE_POINT,100,100,RANDOM,4
311,31200,105.70390915870667,40264,40315.24,0,0.4,1,20,ONE_POINT,100,100,RANDOM,4
312,31300,106.07363677024841,40264,40264.0,0,0.4,1,20,ONE_POINT,100,100,RANDOM,4
313,31400,106.36498212814331,40229,40231.8,0,0.4,1,20,ONE_POINT,100,100,RANDOM,4
314,31500,106.68986296653748,40226,40227.3,0,0.4,1,20,ONE_POINT,100,100,RANDOM,4
315,31600,106.9823248386383,40201,40206.21,0,0.4,1,20,ONE_POINT,100,100,RANDOM,4
316,31700,107.32601261138916,40089,40097.92,0,0.4,1,20,ONE_POINT,100,100,RANDOM,4
317,31800,107.64282751083374,40072,40075.33,0,0.4,1,20,ONE_POINT,100,100,RANDOM,4
318,31900,107.94289898872375,40052,40056.62,0,0.4,1,20,ONE_POINT,100,100,RANDOM,4
319,32000,108.30821299552917,40047,40131.81,0,0.4,1,20,ONE_POINT,100,100,RANDOM,4
320,32100,108.66393208503723,40047,40047.0,0,0.4,1,20,ONE_POINT,100,100,RANDOM,4
321,32200,109.02241897583008,40019,40028.98,0,0.4,1,20,ONE_POINT,100,100,RANDOM,4
322,32300,109.37312054634094,39998,40013.56,0,0.4,1,20,ONE_POINT,100,100,RANDOM,4
323,32400,109.7112238407135,39980,39982.01,0,0.4,1,20,ONE_POINT,100,100,RANDOM,4
324,32500,110.02274918556213,39927,39931.96,0,0.4,1,20,ONE_POINT,100,100,RANDOM,4
325,32600,110.38483262062073,39927,39927.0,0,0.4,1,20,ONE_POINT,100,100,RANDOM,4
326,32700,110.6755723953247,39856,39885.85,0,0.4,1,20,ONE_POINT,100,100,RANDOM,4
327,32800,110.99582123756409,39783,39801.55,0,0.4,1,20,ONE_POINT,100,100,RANDOM,4
328,32900,111.31164455413818,39783,39783.0,0,0.4,1,20,ONE_POINT,100,100,RANDOM,4
329,33000,111.62360095977783,39769,39775.43,0,0.4,1,20,ONE_POINT,100,100,RANDOM,4
330,33100,111.92068719863892,39751,39758.33,0,0.4,1,20,ONE_POINT,100,100,RANDOM,4
331,33200,112.24956035614014,39726,39732.33,0,0.4,1,20,ONE_POINT,100,100,RANDOM,4
332,33300,112.62052130699158,39700,39738.45,0,0.4,1,20,ONE_POINT,100,100,RANDOM,4
333,33400,112.94278907775879,39663,39666.96,0,0.4,1,20,ONE_POINT,100,100,RANDOM,4
334,33500,113.33807682991028,39657,39660.97,0,0.4,1,20,ONE_POINT,100,100,RANDOM,4
335,33600,113.70282220840454,39648,39778.09,0,0.4,1,20,ONE_POINT,100,100,RANDOM,4
336,33700,114.11134767532349,39578,39600.92,0,0.4,1,20,ONE_POINT,100,100,RANDOM,4
337,33800,114.4973132610321,39556,39586.34,0,0.4,1,20,ONE_POINT,100,100,RANDOM,4
338,33900,114.87379956245422,39546,39547.89,0,0.4,1,20,ONE_POINT,100,100,RANDOM,4
339,34000,115.2037103176117,39541,39541.9,0,0.4,1,20,ONE_POINT,100,100,RANDOM,4
340,34100,115.5436327457428,39421,39434.95,0,0.4,1,20,ONE_POINT,100,100,RANDOM,4
341,34200,115.87371945381165,39395,39401.5,0,0.4,1,20,ONE_POINT,100,100,RANDOM,4
342,34300,116.20094180107117,39336,39342.48,0,0.4,1,20,ONE_POINT,100,100,RANDOM,4
343,34400,116.53845143318176,39264,39270.26,0,0.4,1,20,ONE_POINT,100,100,RANDOM,4
344,34500,116.84324431419373,39243,39247.76,0,0.4,1,20,ONE_POINT,100,100,RANDOM,4
345,34600,117.16887021064758,39233,39236.55,0,0.4,1,20,ONE_POINT,100,100,RANDOM,4
346,34700,117.49670004844666,39194,39303.33,0,0.4,1,20,ONE_POINT,100,100,RANDOM,4
347,34800,117.86001873016357,39130,39141.55,0,0.4,1,20,ONE_POINT,100,100,RANDOM,4
348,34900,118.17200970649719,39026,39032.88,0,0.4,1,20,ONE_POINT,100,100,RANDOM,4
349,35000,118.45969605445862,39026,39026.0,0,0.4,1,20,ONE_POINT,100,100,RANDOM,4
350,35100,118.80356431007385,39022,39022.81,0,0.4,1,20,ONE_POINT,100,100,RANDOM,4
351,35200,119.13924503326416,39013,39020.82,0,0.4,1,20,ONE_POINT,100,100,RANDOM,4
352,35300,119.44748282432556,38996,39010.28,0,0.4,1,20,ONE_POINT,100,100,RANDOM,4
353,35400,119.75785374641418,38966,38973.79,0,0.4,1,20,ONE_POINT,100,100,RANDOM,4
354,35500,120.0726466178894,38945,38954.45,0,0.4,1,20,ONE_POINT,100,100,RANDOM,4
355,35600,120.41520762443542,38932,38934.12,0,0.4,1,20,ONE_POINT,100,100,RANDOM,4
356,35700,120.75679516792297,38928,38930.84,0,0.4,1,20,ONE_POINT,100,100,RANDOM,4
357,35800,121.07531118392944,38928,38928.0,0,0.4,1,20,ONE_POINT,100,100,RANDOM,4
358,35900,121.41898727416992,38914,38916.91,0,0.4,1,20,ONE_POINT,100,100,RANDOM,4
359,36000,121.74970006942749,38911,38912.63,0,0.4,1,20,ONE_POINT,100,100,RANDOM,4
360,36100,122.12175583839417,38864,38872.7,0,0.4,1,20,ONE_POINT,100,100,RANDOM,4
361,36200,122.50077176094055,38832,38834.56,0,0.4,1,20,ONE_POINT,100,100,RANDOM,4
362,36300,122.83410835266113,38807,38810.07,0,0.4,1,20,ONE_POINT,100,100,RANDOM,4
363,36400,123.13595223426819,38734,38743.78,0,0.4,1,20,ONE_POINT,100,100,RANDOM,4
364,36500,123.49907112121582,38671,38683.67,0,0.4,1,20,ONE_POINT,100,100,RANDOM,4
365,36600,123.88369107246399,38665,38668.36,0,0.4,1,20,ONE_POINT,100,100,RANDOM,4
366,36700,124.28309917449951,38654,38655.67,0,0.4,1,20,ONE_POINT,100,100,RANDOM,4
367,36800,124.59466814994812,38634,38639.33,0,0.4,1,20,ONE_POINT,100,100,RANDOM,4
368,36900,124.98723721504211,38563,38570.26,0,0.4,1,20,ONE_POINT,100,100,RANDOM,4
369,37000,125.40959453582764,38487,38599.4,0,0.4,1,20,ONE_POINT,100,100,RANDOM,4
370,37100,125.80894899368286,38463,38470.15,0,0.4,1,20,ONE_POINT,100,100,RANDOM,4
371,37200,126.13766503334045,38456,38489.16,0,0.4,1,20,ONE_POINT,100,100,RANDOM,4
372,37300,126.50384545326233,38456,38456.0,0,0.4,1,20,ONE_POINT,100,100,RANDOM,4
373,37400,126.9048171043396,38452,38456.03,0,0.4,1,20,ONE_POINT,100,100,RANDOM,4
374,37500,127.21224904060364,38452,38452.0,0,0.4,1,20,ONE_POINT,100,100,RANDOM,4
375,37600,127.55691027641296,38416,38428.01,0,0.4,1,20,ONE_POINT,100,100,RANDOM,4
376,37700,127.90629124641418,38401,38408.68,0,0.4,1,20,ONE_POINT,100,100,RANDOM,4
377,37800,128.28443479537964,38320,38368.14,0,0.4,1,20,ONE_POINT,100,100,RANDOM,4
378,37900,128.62671375274658,38301,38306.52,0,0.4,1,20,ONE_POINT,100,100,RANDOM,4
379,38000,128.97815203666687,38110,38144.94,0,0.4,1,20,ONE_POINT,100,100,RANDOM,4
380,38100,129.3690459728241,38060,38288.11,0,0.4,1,20,ONE_POINT,100,100,RANDOM,4
381,38200,129.70688104629517,38050,38052.5,0,0.4,1,20,ONE_POINT,100,100,RANDOM,4
382,38300,130.0113754272461,38050,38050.0,0,0.4,1,20,ONE_POINT,100,100,RANDOM,4
383,38400,130.34875464439392,38038,38039.68,0,0.4,1,20,ONE_POINT,100,100,RANDOM,4
384,38500,130.77960777282715,38021,38023.01,0,0.4,1,20,ONE_POINT,100,100,RANDOM,4
385,38600,131.16899347305298,38008,38009.59,0,0.4,1,20,ONE_POINT,100,100,RANDOM,4
386,38700,131.52658104896545,37882,37904.7,0,0.4,1,20,ONE_POINT,100,100,RANDOM,4
387,38800,131.85933566093445,37845,37854.04,0,0.4,1,20,ONE_POINT,100,100,RANDOM,4
388,38900,132.236891746521,37780,37790.32,0,0.4,1,20,ONE_POINT,100,100,RANDOM,4
389,39000,132.60718703269958,37673,37678.44,0,0.4,1,20,ONE_POINT,100,100,RANDOM,4
390,39100,132.98371148109436,37660,37670.07,0,0.4,1,20,ONE_POINT,100,100,RANDOM,4
391,39200,133.34691262245178,37660,37660.0,0,0.4,1,20,ONE_POINT,100,100,RANDOM,4
392,39300,133.71961665153503,37647,37650.34,0,0.4,1,20,ONE_POINT,100,100,RANDOM,4
393,39400,134.04894590377808,37647,37647.0,0,0.4,1,20,ONE_POINT,100,100,RANDOM,4
394,39500,134.44669723510742,37614,37632.85,0,0.4,1,20,ONE_POINT,100,100,RANDOM,4
395,39600,134.74734735488892,37608,37611.7,0,0.4,1,20,ONE_POINT,100,100,RANDOM,4
396,39700,135.04808259010315,37605,37605.66,0,0.4,1,20,ONE_POINT,100,100,RANDOM,4
397,39800,135.40522503852844,37595,37599.46,0,0.4,1,20,ONE_POINT,100,100,RANDOM,4
398,39900,135.7780146598816,37547,37567.24,0,0.4,1,20,ONE_POINT,100,100,RANDOM,4
399,40000,136.07882070541382,37513,37638.16,0,0.4,1,20,ONE_POINT,100,100,RANDOM,4
400,40100,136.3941171169281,37489,37493.33,0,0.4,1,20,ONE_POINT,100,100,RANDOM,4
401,40200,136.71993494033813,37462,37464.59,0,0.4,1,20,ONE_POINT,100,100,RANDOM,4
402,40300,137.04453778266907,37457,37459.5,0,0.4,1,20,ONE_POINT,100,100,RANDOM,4
403,40400,137.37802863121033,37434,37438.05,0,0.4,1,20,ONE_POINT,100,100,RANDOM,4
404,40500,137.6938009262085,37397,37401.21,0,0.4,1,20,ONE_POINT,100,100,RANDOM,4
405,40600,138.10259199142456,37319,37335.25,0,0.4,1,20,ONE_POINT,100,100,RANDOM,4
406,40700,138.48548531532288,37319,37319.0,0,0.4,1,20,ONE_POINT,100,100,RANDOM,4
407,40800,138.80368542671204,37319,37319.0,0,0.4,1,20,ONE_POINT,100,100,RANDOM,4
408,40900,139.13493704795837,37315,37321.83,0,0.4,1,20,ONE_POINT,100,100,RANDOM,4
409,41000,139.4520914554596,37294,37301.04,0,0.4,1,20,ONE_POINT,100,100,RANDOM,4
410,41100,139.74882340431213,37274,37282.47,0,0.4,1,20,ONE_POINT,100,100,RANDOM,4
411,41200,140.1147780418396,37266,37267.2,0,0.4,1,20,ONE_POINT,100,100,RANDOM,4
412,41300,140.41467547416687,37087,37095.95,0,0.4,1,20,ONE_POINT,100,100,RANDOM,4
413,41400,140.7437071800232,37038,37076.24,0,0.4,1,20,ONE_POINT,100,100,RANDOM,4
414,41500,141.0845549106598,36989,37147.54,0,0.4,1,20,ONE_POINT,100,100,RANDOM,4
415,41600,141.50584864616394,36980,36984.59,0,0.4,1,20,ONE_POINT,100,100,RANDOM,4
416,41700,141.83782172203064,36922,36926.73,0,0.4,1,20,ONE_POINT,100,100,RANDOM,4
417,41800,142.23053550720215,36922,36922.0,0,0.4,1,20,ONE_POINT,100,100,RANDOM,4
418,41900,142.65814471244812,36920,36920.48,0,0.4,1,20,ONE_POINT,100,100,RANDOM,4
419,42000,142.9710750579834,36920,36920.0,0,0.4,1,20,ONE_POINT,100,100,RANDOM,4
420,42100,143.29061341285706,36871,36880.78,0,0.4,1,20,ONE_POINT,100,100,RANDOM,4
421,42200,143.64059162139893,36835,36842.7,0,0.4,1,20,ONE_POINT,100,100,RANDOM,4
422,42300,143.97338724136353,36833,36853.71,0,0.4,1,20,ONE_POINT,100,100,RANDOM,4
423,42400,144.27266883850098,36821,36827.72,0,0.4,1,20,ONE_POINT,100,100,RANDOM,4
424,42500,144.6057276725769,36821,36821.0,0,0.4,1,20,ONE_POINT,100,100,RANDOM,4
425,42600,144.9149148464203,36812,36813.35,0,0.4,1,20,ONE_POINT,100,100,RANDOM,4
426,42700,145.23514676094055,36797,36807.61,0,0.4,1,20,ONE_POINT,100,100,RANDOM,4
427,42800,145.6038041114807,36787,36787.4,0,0.4,1,20,ONE_POINT,100,100,RANDOM,4
428,42900,145.94440150260925,36780,36795.1,0,0.4,1,20,ONE_POINT,100,100,RANDOM,4
429,43000,146.30038690567017,36759,36762.05,0,0.4,1,20,ONE_POINT,100,100,RANDOM,4
430,43100,146.6639199256897,36727,36730.41,0,0.4,1,20,ONE_POINT,100,100,RANDOM,4
431,43200,146.99283576011658,36719,36721.42,0,0.4,1,20,ONE_POINT,100,100,RANDOM,4
432,43300,147.33860230445862,36717,36719.55,0,0.4,1,20,ONE_POINT,100,100,RANDOM,4
433,43400,147.70185589790344,36687,36704.41,0,0.4,1,20,ONE_POINT,100,100,RANDOM,4
434,43500,148.01006722450256,36676,36692.92,0,0.4,1,20,ONE_POINT,100,100,RANDOM,4
435,43600,148.40024042129517,36647,36651.78,0,0.4,1,20,ONE_POINT,100,100,RANDOM,4
436,43700,148.76039290428162,36595,36599.97,0,0.4,1,20,ONE_POINT,100,100,RANDOM,4
437,43800,149.11521935462952,36595,36595.0,0,0.4,1,20,ONE_POINT,100,100,RANDOM,4
438,43900,149.46306157112122,36595,36595.0,0,0.4,1,20,ONE_POINT,100,100,RANDOM,4
439,44000,149.81325006484985,36595,36595.0,0,0.4,1,20,ONE_POINT,100,100,RANDOM,4
440,44100,150.15805315971375,36593,36627.02,0,0.4,1,20,ONE_POINT,100,100,RANDOM,4
441,44200,150.51062440872192,36582,36583.6,0,0.4,1,20,ONE_POINT,100,100,RANDOM,4
442,44300,150.83977890014648,36561,36605.1,0,0.4,1,20,ONE_POINT,100,100,RANDOM,4
443,44400,151.15487384796143,36554,36555.98,0,0.4,1,20,ONE_POINT,100,100,RANDOM,4
444,44500,151.48772168159485,36472,36479.66,0,0.4,1,20,ONE_POINT,100,100,RANDOM,4
445,44600,151.84375500679016,36472,36472.0,0,0.4,1,20,ONE_POINT,100,100,RANDOM,4
446,44700,152.219722032547,36469,36469.6,0,0.4,1,20,ONE_POINT,100,100,RANDOM,4
447,44800,152.63422179222107,36399,36404.76,0,0.4,1,20,ONE_POINT,100,100,RANDOM,4
448,44900,152.99027466773987,36399,36399.0,0,0.4,1,20,ONE_POINT,100,100,RANDOM,4
449,45000,153.29217290878296,36376,36382.36,0,0.4,1,20,ONE_POINT,100,100,RANDOM,4
450,45100,153.6360375881195,36372,36395.19,0,0.4,1,20,ONE_POINT,100,100,RANDOM,4
451,45200,153.95869874954224,36366,36367.06,0,0.4,1,20,ONE_POINT,100,100,RANDOM,4
452,45300,154.2987039089203,36348,36358.41,0,0.4,1,20,ONE_POINT,100,100,RANDOM,4
453,45400,154.70667028427124,36273,36323.57,0,0.4,1,20,ONE_POINT,100,100,RANDOM,4
454,45500,155.01310062408447,36273,36273.0,0,0.4,1,20,ONE_POINT,100,100,RANDOM,4
1,200,0.26785922050476074,135885,134534.25,0,0.4,1,20,ONE_POINT,100,100,RANDOM,5
2,300,0.6126811504364014,132280,132338.44,0,0.4,1,20,ONE_POINT,100,100,RANDOM,5
3,400,0.9416787624359131,131617,131630.26,0,0.4,1,20,ONE_POINT,100,100,RANDOM,5
4,500,1.2534000873565674,130465,130476.52,0,0.4,1,20,ONE_POINT,100,100,RANDOM,5
5,600,1.6400160789489746,128169,128212.66,0,0.4,1,20,ONE_POINT,100,100,RANDOM,5
6,700,1.9674561023712158,126448,126465.21,0,0.4,1,20,ONE_POINT,100,100,RANDOM,5
7,800,2.2669637203216553,124279,124323.25,0,0.4,1,20,ONE_POINT,100,100,RANDOM,5
8,900,2.6213228702545166,123570,123582.8,0,0.4,1,20,ONE_POINT,100,100,RANDOM,5
9,1000,2.9449303150177,122244,122287.95,0,0.4,1,20,ONE_POINT,100,100,RANDOM,5
10,1100,3.29934024810791,120775,120818.54,0,0.4,1,20,ONE_POINT,100,100,RANDOM,5
11,1200,3.6425626277923584,119200,119246.01,0,0.4,1,20,ONE_POINT,100,100,RANDOM,5
12,1300,3.9990670680999756,118085,118129.6,0,0.4,1,20,ONE_POINT,100,100,RANDOM,5
13,1400,4.35456919670105,117351,117388.56,0,0.4,1,20,ONE_POINT,100,100,RANDOM,5
14,1500,4.690011024475098,115796,115864.17,0,0.4,1,20,ONE_POINT,100,100,RANDOM,5
15,1600,4.980295419692993,115048,115083.23,0,0.4,1,20,ONE_POINT,100,100,RANDOM,5
16,1700,5.338517665863037,114686,114809.67,0,0.4,1,20,ONE_POINT,100,100,RANDOM,5
17,1800,5.676758766174316,113795,113846.81,0,0.4,1,20,ONE_POINT,100,100,RANDOM,5
18,1900,6.01348090171814,112178,112231.5,0,0.4,1,20,ONE_POINT,100,100,RANDOM,5
19,2000,6.324943780899048,111143,111174.05,0,0.4,1,20,ONE_POINT,100,100,RANDOM,5
20,2100,6.660655975341797,109708,110012.82,0,0.4,1,20,ONE_POINT,100,100,RANDOM,5
21,2200,6.975155830383301,107774,107830.54,0,0.4,1,20,ONE_POINT,100,100,RANDOM,5
22,2300,7.278877258300781,107174,107212.87,0,0.4,1,20,ONE_POINT,100,100,RANDOM,5
23,2400,7.638299226760864,106214,106364.34,0,0.4,1,20,ONE_POINT,100,100,RANDOM,5
24,2500,7.983258247375488,105909,105924.25,0,0.4,1,20,ONE_POINT,100,100,RANDOM,5
25,2600,8.329447031021118,105323,105342.59,0,0.4,1,20,ONE_POINT,100,100,RANDOM,5
26,2700,8.679288387298584,104628,104655.8,0,0.4,1,20,ONE_POINT,100,100,RANDOM,5
27,2800,9.03200912475586,104057,104104.19,0,0.4,1,20,ONE_POINT,100,100,RANDOM,5
28,2900,9.348669290542603,103538,103563.3,0,0.4,1,20,ONE_POINT,100,100,RANDOM,5
29,3000,9.693261623382568,103108,103136.01,0,0.4,1,20,ONE_POINT,100,100,RANDOM,5
30,3100,10.010023355484009,102657,102683.67,0,0.4,1,20,ONE_POINT,100,100,RANDOM,5
31,3200,10.303670883178711,101538,101565.46,0,0.4,1,20,ONE_POINT,100,100,RANDOM,5
32,3300,10.618223428726196,100256,100294.46,0,0.4,1,20,ONE_POINT,100,100,RANDOM,5
33,3400,10.916422367095947,99527,99546.95,0,0.4,1,20,ONE_POINT,100,100,RANDOM,5
34,3500,11.262699842453003,98937,98954.89,0,0.4,1,20,ONE_POINT,100,100,RANDOM,5
35,3600,11.676249504089355,98702,98710.51,0,0.4,1,20,ONE_POINT,100,100,RANDOM,5
36,3700,11.996475458145142,98337,98358.97,0,0.4,1,20,ONE_POINT,100,100,RANDOM,5
37,3800,12.301154136657715,98068,98126.01,0,0.4,1,20,ONE_POINT,100,100,RANDOM,5
38,3900,12.71434211730957,97800,97810.72,0,0.4,1,20,ONE_POINT,100,100,RANDOM,5
39,4000,13.088388204574585,97209,97287.81,0,0.4,1,20,ONE_POINT,100,100,RANDOM,5
40,4100,13.415597200393677,96765,96782.76,0,0.4,1,20,ONE_POINT,100,100,RANDOM,5
41,4200,13.770641803741455,96224,96245.47,0,0.4,1,20,ONE_POINT,100,100,RANDOM,5
42,4300,14.089852094650269,95816,95832.32,0,0.4,1,20,ONE_POINT,100,100,RANDOM,5
43,4400,14.436366558074951,95311,95392.4,0,0.4,1,20,ONE_POINT,100,100,RANDOM,5
44,4500,14.725650310516357,94591,94657.45,0,0.4,1,20,ONE_POINT,100,100,RANDOM,5
45,4600,15.038447380065918,93913,93926.56,0,0.4,1,20,ONE_POINT,100,100,RANDOM,5
46,4700,15.366597890853882,93345,93385.15,0,0.4,1,20,ONE_POINT,100,100,RANDOM,5
47,4800,15.704405784606934,93020,93066.62,0,0.4,1,20,ONE_POINT,100,100,RANDOM,5
48,4900,16.064388036727905,92808,92828.75,0,0.4,1,20,ONE_POINT,100,100,RANDOM,5
49,5000,16.43498182296753,92616,92636.84,0,0.4,1,20,ONE_POINT,100,100,RANDOM,5
50,5100,16.767909288406372,92202,92235.52,0,0.4,1,20,ONE_POINT,100,100,RANDOM,5
51,5200,17.139243602752686,91823,91838.16,0,0.4,1,20,ONE_POINT,100,100,RANDOM,5
52,5300,17.4472918510437,91287,91301.84,0,0.4,1,20,ONE_POINT,100,100,RANDOM,5
53,5400,17.824385166168213,90772,90822.91,0,0.4,1,20,ONE_POINT,100,100,RANDOM,5
54,5500,18.202067136764526,90099,90188.38,0,0.4,1,20,ONE_POINT,100,100,RANDOM,5
55,5600,18.599910497665405,89689,89707.23,0,0.4,1,20,ONE_POINT,100,100,RANDOM,5
56,5700,18.98942255973816,89179,89193.85,0,0.4,1,20,ONE_POINT,100,100,RANDOM,5
57,5800,19.36434245109558,88410,88425.38,0,0.4,1,20,ONE_POINT,100,100,RANDOM,5
58,5900,19.72844934463501,87898,87908.24,0,0.4,1,20,ONE_POINT,100,100,RANDOM,5
59,6000,20.02217149734497,87561,87593.24,0,0.4,1,20,ONE_POINT,100,100,RANDOM,5
60,6100,20.364762783050537,87031,87041.6,0,0.4,1,20,ONE_POINT,100,100,RANDOM,5
61,6200,20.682936191558838,86801,86810.2,0,0.4,1,20,ONE_POINT,100,100,RANDOM,5
62,6300,21.032822370529175,86614,86679.63,0,0.4,1,20,ONE_POINT,100,100,RANDOM,5
63,6400,21.366710424423218,86404,86412.4,0,0.4,1,20,ONE_POINT,100,100,RANDOM,5
64,6500,21.738447666168213,85860,85875.08,0,0.4,1,20,ONE_POINT,100,100,RANDOM,5
65,6600,22.064420461654663,85286,85316.5,0,0.4,1,20,ONE_POINT,100,100,RANDOM,5
66,6700,22.394612312316895,85035,85045.04,0,0.4,1,20,ONE_POINT,100,100,RANDOM,5
67,6800,22.748296976089478,84065,84094.1,0,0.4,1,20,ONE_POINT,100,100,RANDOM,5
68,6900,23.087133407592773,83330,83345.65,0,0.4,1,20,ONE_POINT,100,100,RANDOM,5
69,7000,23.444715976715088,83007,83022.81,0,0.4,1,20,ONE_POINT,100,100,RANDOM,5
70,7100,23.81146216392517,82662,82672.35,0,0.4,1,20,ONE_POINT,100,100,RANDOM,5
71,7200,24.124903678894043,82213,82230.96,0,0.4,1,20,ONE_POINT,100,100,RANDOM,5
72,7300,24.42044425010681,81665,81675.96,0,0.4,1,20,ONE_POINT,100,100,RANDOM,5
73,7400,24.781126499176025,81372,81389.19,0,0.4,1,20,ONE_POINT,100,100,RANDOM,5
74,7500,25.124054670333862,81250,81254.88,0,0.4,1,20,ONE_POINT,100,100,RANDOM,5
75,7600,25.485012531280518,80876,80887.22,0,0.4,1,20,ONE_POINT,100,100,RANDOM,5
76,7700,25.819459199905396,80707,80712.8,0,0.4,1,20,ONE_POINT,100,100,RANDOM,5
77,7800,26.121960639953613,80168,80178.78,0,0.4,1,20,ONE_POINT,100,100,RANDOM,5
78,7900,26.446911811828613,79602,79613.32,0,0.4,1,20,ONE_POINT,100,100,RANDOM,5
79,8000,26.740097045898438,79350,79363.92,0,0.4,1,20,ONE_POINT,100,100,RANDOM,5
80,8100,27.05222249031067,78969,78977.32,0,0.4,1,20,ONE_POINT,100,100,RANDOM,5
81,8200,27.36945390701294,78805,78812.66,0,0.4,1,20,ONE_POINT,100,100,RANDOM,5
82,8300,27.68635845184326,78706,78721.25,0,0.4,1,20,ONE_POINT,100,100,RANDOM,5
83,8400,28.014540433883667,77845,77909.27,0,0.4,1,20,ONE_POINT,100,100,RANDOM,5
84,8500,28.32986617088318,77429,77441.48,0,0.4,1,20,ONE_POINT,100,100,RANDOM,5
85,8600,28.684808015823364,77101,77110.84,0,0.4,1,20,ONE_POINT,100,100,RANDOM,5
86,8700,29.0134596824646,76887,76896.94,0,0.4,1,20,ONE_POINT,100,100,RANDOM,5
87,8800,29.324031114578247,76444,76452.85,0,0.4,1,20,ONE_POINT,100,100,RANDOM,5
88,8900,29.685694932937622,76036,76048.24,0,0.4,1,20,ONE_POINT,100,100,RANDOM,5
89,9000,30.049981117248535,75790,75803.92,0,0.4,1,20,ONE_POINT,100,100,RANDOM,5
90,9100,30.407652378082275,75369,75383.67,0,0.4,1,20,ONE_POINT,100,100,RANDOM,5
91,9200,30.738125801086426,75185,75190.97,0,0.4,1,20,ONE_POINT,100,100,RANDOM,5
92,9300,31.100435733795166,74811,74821.57,0,0.4,1,20,ONE_POINT,100,100,RANDOM,5
93,9400,31.492579221725464,74522,74533.51,0,0.4,1,20,ONE_POINT,100,100,RANDOM,5
94,9500,31.803027153015137,74243,74254.16,0,0.4,1,20,ONE_POINT,100,100,RANDOM,5
95,9600,32.0954966545105,74021,74088.0,0,0.4,1,20,ONE_POINT,100,100,RANDOM,5
96,9700,32.43515372276306,73798,73806.92,0,0.4,1,20,ONE_POINT,100,100,RANDOM,5
97,9800,32.779987812042236,73488,73501.2,0,0.4,1,20,ONE_POINT,100,100,RANDOM,5
98,9900,33.139856576919556,73224,73233.97,0,0.4,1,20,ONE_POINT,100,100,RANDOM,5
99,10000,33.46620011329651,72858,72900.76,0,0.4,1,20,ONE_POINT,100,100,RANDOM,5
100,10100,33.82234001159668,72311,72328.77,0,0.4,1,20,ONE_POINT,100,100,RANDOM,5
101,10200,34.13874387741089,71921,71928.8,0,0.4,1,20,ONE_POINT,100,100,RANDOM,5
102,10300,34.475834369659424,71611,71620.3,0,0.4,1,20,ONE_POINT,100,100,RANDOM,5
103,10400,34.782219886779785,71102,71131.38,0,0.4,1,20,ONE_POINT,100,100,RANDOM,5
104,10500,35.088114500045776,70734,70762.6,0,0.4,1,20,ONE_POINT,100,100,RANDOM,5
105,10600,35.40618181228638,70522,70538.07,0,0.4,1,20,ONE_POINT,100,100,RANDOM,5
106,10700,35.775123596191406,70394,70411.29,0,0.4,1,20,ONE_POINT,100,100,RANDOM,5
107,10800,36.08974361419678,70132,70141.82,0,0.4,1,20,ONE_POINT,100,100,RANDOM,5
108,10900,36.42169904708862,69805,69839.42,0,0.4,1,20,ONE_POINT,100,100,RANDOM,5
109,11000,36.73107933998108,69706,69716.52,0,0.4,1,20,ONE_POINT,100,100,RANDOM,5
110,11100,37.07551097869873,69323,69347.18,0,0.4,1,20,ONE_POINT,100,100,RANDOM,5
111,11200,37.40030479431152,68957,68977.27,0,0.4,1,20,ONE_POINT,100,100,RANDOM,5
112,11300,37.75650405883789,68679,68687.34,0,0.4,1,20,ONE_POINT,100,100,RANDOM,5
113,11400,38.085567474365234,68507,68564.65,0,0.4,1,20,ONE_POINT,100,100,RANDOM,5
114,11500,38.431917667388916,68317,68368.98,0,0.4,1,20,ONE_POINT,100,100,RANDOM,5
115,11600,38.78699612617493,67781,67840.07,0,0.4,1,20,ONE_POINT,100,100,RANDOM,5
116,11700,39.104856967926025,67462,67496.24,0,0.4,1,20,ONE_POINT,100,100,RANDOM,5
117,11800,39.44721484184265,67138,67224.57,0,0.4,1,20,ONE_POINT,100,100,RANDOM,5
118,11900,39.75802564620972,66917,66926.45,0,0.4,1,20,ONE_POINT,100,100,RANDOM,5
119,12000,40.099629163742065,66704,66718.39,0,0.4,1,20,ONE_POINT,100,100,RANDOM,5
120,12100,40.46271347999573,66541,66565.28,0,0.4,1,20,ONE_POINT,100,100,RANDOM,5
121,12200,40.8029842376709,66096,66164.43,0,0.4,1,20,ONE_POINT,100,100,RANDOM,5
122,12300,41.12689423561096,65909,65923.47,0,0.4,1,20,ONE_POINT,100,100,RANDOM,5
123,12400,41.46269130706787,65701,65709.32,0,0.4,1,20,ONE_POINT,100,100,RANDOM,5
124,12500,41.806248903274536,65648,65655.27,0,0.4,1,20,ONE_POINT,100,100,RANDOM,5
125,12600,42.11544370651245,65204,65253.7,0,0.4,1,20,ONE_POINT,100,100,RANDOM,5
126,12700,42.44843935966492,65083,65096.55,0,0.4,1,20,ONE_POINT,100,100,RANDOM,5
127,12800,42.768027782440186,64904,64980.44,0,0.4,1,20,ONE_POINT,100,100,RANDOM,5
128,12900,43.08286714553833,64641,64687.74,0,0.4,1,20,ONE_POINT,100,100,RANDOM,5
129,13000,43.391878843307495,64449,64461.68,0,0.4,1,20,ONE_POINT,100,100,RANDOM,5
130,13100,43.7530357837677,64325,64362.07,0,0.4,1,20,ONE_POINT,100,100,RANDOM,5
131,13200,44.08939170837402,64173,64210.84,0,0.4,1,20,ONE_POINT,100,100,RANDOM,5
132,13300,44.41590404510498,63700,63720.3,0,0.4,1,20,ONE_POINT,100,100,RANDOM,5
133,13400,44.77090263366699,63456,63485.12,0,0.4,1,20,ONE_POINT,100,100,RANDOM,5
134,13500,45.05843949317932,63280,63287.04,0,0.4,1,20,ONE_POINT,100,100,RANDOM,5
135,13600,45.421180725097656,62989,63001.93,0,0.4,1,20,ONE_POINT,100,100,RANDOM,5
136,13700,45.724475145339966,62784,62799.25,0,0.4,1,20,ONE_POINT,100,100,RANDOM,5
137,13800,46.04827308654785,62606,62614.79,0,0.4,1,20,ONE_POINT,100,100,RANDOM,5
138,13900,46.39281225204468,62355,62366.82,0,0.4,1,20,ONE_POINT,100,100,RANDOM,5
139,14000,46.72628903388977,62027,62066.13,0,0.4,1,20,ONE_POINT,100,100,RANDOM,5
140,14100,47.06102538108826,61636,61651.64,0,0.4,1,20,ONE_POINT,100,100,RANDOM,5
141,14200,47.398372411727905,61545,61549.53,0,0.4,1,20,ONE_POINT,100,100,RANDOM,5
142,14300,47.71743869781494,61450,61454.75,0,0.4,1,20,ONE_POINT,100,100,RANDOM,5
143,14400,48.068379640579224,61009,61028.54,0,0.4,1,20,ONE_POINT,100,100,RANDOM,5
144,14500,48.38167977333069,60796,60810.05,0,0.4,1,20,ONE_POINT,100,100,RANDOM,5
145,14600,48.683911085128784,60732,60735.33,0,0.4,1,20,ONE_POINT,100,100,RANDOM,5
146,14700,48.988499879837036,60466,60473.98,0,0.4,1,20,ONE_POINT,100,100,RANDOM,5
147,14800,49.2908456325531,60114,60130.74,0,0.4,1,20,ONE_POINT,100,100,RANDOM,5
148,14900,49.60415983200073,59909,59918.09,0,0.4,1,20,ONE_POINT,100,100,RANDOM,5
149,15000,49.95262861251831,59635,59649.79,0,0.4,1,20,ONE_POINT,100,100,RANDOM,5
150,15100,50.27726721763611,59524,59530.62,0,0.4,1,20,ONE_POINT,100,100,RANDOM,5
151,15200,50.61882042884827,59357,59363.05,0,0.4,1,20,ONE_POINT,100,100,RANDOM,5
152,15300,50.908185720443726,59222,59227.4,0,0.4,1,20,ONE_POINT,100,100,RANDOM,5
153,15400,51.252747774124146,58874,58930.26,0,0.4,1,20,ONE_POINT,100,100,RANDOM,5
154,15500,51.58387303352356,58538,58548.08,0,0.4,1,20,ONE_POINT,100,100,RANDOM,5
155,15600,51.95857381820679,58494,58497.52,0,0.4,1,20,ONE_POINT,100,100,RANDOM,5
156,15700,52.28691267967224,58422,58426.51,0,0.4,1,20,ONE_POINT,100,100,RANDOM,5
157,15800,52.611488342285156,58096,58117.54,0,0.4,1,20,ONE_POINT,100,100,RANDOM,5
158,15900,52.973814249038696,57744,57761.29,0,0.4,1,20,ONE_POINT,100,100,RANDOM,5
159,16000,53.3142831325531,57655,57688.14,0,0.4,1,20,ONE_POINT,100,100,RANDOM,5
160,16100,53.65425515174866,57474,57481.24,0,0.4,1,20,ONE_POINT,100,100,RANDOM,5
161,16200,54.006423473358154,57310,57316.28,0,0.4,1,20,ONE_POINT,100,100,RANDOM,5
162,16300,54.323453426361084,56986,56992.48,0,0.4,1,20,ONE_POINT,100,100,RANDOM,5
163,16400,54.63993191719055,56947,56949.37,0,0.4,1,20,ONE_POINT,100,100,RANDOM,5
164,16500,54.98129177093506,56542,56550.1,0,0.4,1,20,ONE_POINT,100,100,RANDOM,5
165,16600,55.28605675697327,56437,56442.25,0,0.4,1,20,ONE_POINT,100,100,RANDOM,5
166,16700,55.60960674285889,56182,56189.65,0,0.4,1,20,ONE_POINT,100,100,RANDOM,5
167,16800,55.96265006065369,56094,56098.4,0,0.4,1,20,ONE_POINT,100,100,RANDOM,5
168,16900,56.294965744018555,56017,56022.96,0,0.4,1,20,ONE_POINT,100,100,RANDOM,5
169,17000,56.6327760219574,55931,55934.44,0,0.4,1,20,ONE_POINT,100,100,RANDOM,5
170,17100,56.93268799781799,55635,55680.59,0,0.4,1,20,ONE_POINT,100,100,RANDOM,5
171,17200,57.22313904762268,55624,55624.99,0,0.4,1,20,ONE_POINT,100,100,RANDOM,5
172,17300,57.555474519729614,55447,55467.42,0,0.4,1,20,ONE_POINT,100,100,RANDOM,5
173,17400,57.915013551712036,55230,55239.21,0,0.4,1,20,ONE_POINT,100,100,RANDOM,5
174,17500,58.240236043930054,55124,55131.82,0,0.4,1,20,ONE_POINT,100,100,RANDOM,5
175,17600,58.568915367126465,55039,55045.07,0,0.4,1,20,ONE_POINT,100,100,RANDOM,5
176,17700,58.90158176422119,54740,54766.99,0,0.4,1,20,ONE_POINT,100,100,RANDOM,5
177,17800,59.24603056907654,54604,54610.94,0,0.4,1,20,ONE_POINT,100,100,RANDOM,5
178,17900,59.56040906906128,54496,54510.24,0,0.4,1,20,ONE_POINT,100,100,RANDOM,5
179,18000,59.87601137161255,54322,54333.38,0,0.4,1,20,ONE_POINT,100,100,RANDOM,5
180,18100,60.199886083602905,54170,54175.39,0,0.4,1,20,ONE_POINT,100,100,RANDOM,5
181,18200,60.50476837158203,54033,54038.48,0,0.4,1,20,ONE_POINT,100,100,RANDOM,5
182,18300,60.85325241088867,53742,53814.48,0,0.4,1,20,ONE_POINT,100,100,RANDOM,5
183,18400,61.15305995941162,53666,53669.8,0,0.4,1,20,ONE_POINT,100,100,RANDOM,5
184,18500,61.50445628166199,53590,53593.87,0,0.4,1,20,ONE_POINT,100,100,RANDOM,5
185,18600,61.818591833114624,53315,53327.24,0,0.4,1,20,ONE_POINT,100,100,RANDOM,5
186,18700,62.160236120224,53251,53278.34,0,0.4,1,20,ONE_POINT,100,100,RANDOM,5
187,18800,62.49225687980652,53200,53235.7,0,0.4,1,20,ONE_POINT,100,100,RANDOM,5
188,18900,62.84363126754761,52955,52964.8,0,0.4,1,20,ONE_POINT,100,100,RANDOM,5
189,19000,63.14453077316284,52861,52909.01,0,0.4,1,20,ONE_POINT,100,100,RANDOM,5
190,19100,63.47930979728699,52848,52872.84,0,0.4,1,20,ONE_POINT,100,100,RANDOM,5
191,19200,63.788811445236206,52605,52614.85,0,0.4,1,20,ONE_POINT,100,100,RANDOM,5
192,19300,64.128338098526,52546,52583.72,0,0.4,1,20,ONE_POINT,100,100,RANDOM,5
193,19400,64.47150421142578,52520,52522.71,0,0.4,1,20,ONE_POINT,100,100,RANDOM,5
194,19500,64.7850558757782,52444,52448.56,0,0.4,1,20,ONE_POINT,100,100,RANDOM,5
195,19600,65.14417505264282,52283,52289.44,0,0.4,1,20,ONE_POINT,100,100,RANDOM,5
196,19700,65.4845449924469,52140,52145.56,0,0.4,1,20,ONE_POINT,100,100,RANDOM,5
197,19800,65.79826617240906,52035,52040.37,0,0.4,1,20,ONE_POINT,100,100,RANDOM,5
198,19900,66.14330840110779,51883,51895.71,0,0.4,1,20,ONE_POINT,100,100,RANDOM,5
199,20000,66.46831154823303,51830,51890.27,0,0.4,1,20,ONE_POINT,100,100,RANDOM,5
200,20100,66.80728816986084,51649,51658.25,0,0.4,1,20,ONE_POINT,100,100,RANDOM,5
201,20200,67.13192534446716,51205,51213.88,0,0.4,1,20,ONE_POINT,100,100,RANDOM,5
202,20300,67.43600845336914,51081,51124.86,0,0.4,1,20,ONE_POINT,100,100,RANDOM,5
203,20400,67.78631472587585,50949,50977.31,0,0.4,1,20,ONE_POINT,100,100,RANDOM,5
204,20500,68.12483096122742,50919,50921.4,0,0.4,1,20,ONE_POINT,100,100,RANDOM,5
205,20600,68.4811704158783,50794,50800.3,0,0.4,1,20,ONE_POINT,100,100,RANDOM,5
206,20700,68.78742575645447,50726,50738.42,0,0.4,1,20,ONE_POINT,100,100,RANDOM,5
207,20800,69.1326539516449,50627,50633.75,0,0.4,1,20,ONE_POINT,100,100,RANDOM,5
208,20900,69.46519422531128,50557,50566.28,0,0.4,1,20,ONE_POINT,100,100,RANDOM,5
209,21000,69.79057741165161,50306,50316.04,0,0.4,1,20,ONE_POINT,100,100,RANDOM,5
210,21100,70.11236095428467,50135,50210.97,0,0.4,1,20,ONE_POINT,100,100,RANDOM,5
211,21200,70.46000719070435,49971,49979.2,0,0.4,1,20,ONE_POINT,100,100,RANDOM,5
212,21300,70.764319896698,49647,49667.53,0,0.4,1,20,ONE_POINT,100,100,RANDOM,5
213,21400,71.13515329360962,49507,49513.21,0,0.4,1,20,ONE_POINT,100,100,RANDOM,5
214,21500,71.48662495613098,49410,49428.69,0,0.4,1,20,ONE_POINT,100,100,RANDOM,5
215,21600,71.81399941444397,49258,49277.77,0,0.4,1,20,ONE_POINT,100,100,RANDOM,5
216,21700,72.11164951324463,49219,49221.34,0,0.4,1,20,ONE_POINT,100,100,RANDOM,5
217,21800,72.42470169067383,49059,49119.92,0,0.4,1,20,ONE_POINT,100,100,RANDOM,5
218,21900,72.73083305358887,48942,48948.23,0,0.4,1,20,ONE_POINT,100,100,RANDOM,5
219,22000,73.05613255500793,48842,48846.03,0,0.4,1,20,ONE_POINT,100,100,RANDOM,5
220,22100,73.37277483940125,48721,48725.84,0,0.4,1,20,ONE_POINT,100,100,RANDOM,5
221,22200,73.68323516845703,48510,48523.42,0,0.4,1,20,ONE_POINT,100,100,RANDOM,5
222,22300,73.98200917243958,48205,48246.87,0,0.4,1,20,ONE_POINT,100,100,RANDOM,5
223,22400,74.27452659606934,48025,48033.23,0,0.4,1,20,ONE_POINT,100,100,RANDOM,5
224,22500,74.58998537063599,47828,47848.09,0,0.4,1,20,ONE_POINT,100,100,RANDOM,5
225,22600,74.89910006523132,47717,47735.54,0,0.4,1,20,ONE_POINT,100,100,RANDOM,5
226,22700,75.20357418060303,47562,47570.86,0,0.4,1,20,ONE_POINT,100,100,RANDOM,5
227,22800,75.61519074440002,47280,47293.53,0,0.4,1,20,ONE_POINT,100,100,RANDOM,5
228,22900,75.94929647445679,47257,47263.91,0,0.4,1,20,ONE_POINT,100,100,RANDOM,5
229,23000,76.2815523147583,46993,47008.16,0,0.4,1,20,ONE_POINT,100,100,RANDOM,5
230,23100,76.5948748588562,46937,46952.32,0,0.4,1,20,ONE_POINT,100,100,RANDOM,5
231,23200,76.9697048664093,46820,46825.12,0,0.4,1,20,ONE_POINT,100,100,RANDOM,5
232,23300,77.28857493400574,46651,46659.05,0,0.4,1,20,ONE_POINT,100,100,RANDOM,5
233,23400,77.62305903434753,46614,46617.73,0,0.4,1,20,ONE_POINT,100,100,RANDOM,5
234,23500,77.96156144142151,46569,46586.94,0,0.4,1,20,ONE_POINT,100,100,RANDOM,5
235,23600,78.29057717323303,46531,46536.5,0,0.4,1,20,ONE_POINT,100,100,RANDOM,5
236,23700,78.64377307891846,46293,46302.52,0,0.4,1,20,ONE_POINT,100,100,RANDOM,5
237,23800,78.97852683067322,46171,46176.72,0,0.4,1,20,ONE_POINT,100,100,RANDOM,5
238,23900,79.29978251457214,45967,45984.66,0,0.4,1,20,ONE_POINT,100,100,RANDOM,5
239,24000,79.60156631469727,45962,45966.64,0,0.4,1,20,ONE_POINT,100,100,RANDOM,5
240,24100,79.91651725769043,45890,45892.88,0,0.4,1,20,ONE_POINT,100,100,RANDOM,5
241,24200,80.24684715270996,45832,45834.33,0,0.4,1,20,ONE_POINT,100,100,RANDOM,5
242,24300,80.55070114135742,45755,45761.42,0,0.4,1,20,ONE_POINT,100,100,RANDOM,5
243,24400,80.85423350334167,45729,45731.85,0,0.4,1,20,ONE_POINT,100,100,RANDOM,5
244,24500,81.15983462333679,45640,45644.45,0,0.4,1,20,ONE_POINT,100,100,RANDOM,5
245,24600,81.5133798122406,45545,45552.25,0,0.4,1,20,ONE_POINT,100,100,RANDOM,5
246,24700,81.81951236724854,45366,45395.7,0,0.4,1,20,ONE_POINT,100,100,RANDOM,5
247,24800,82.18614459037781,45262,45267.42,0,0.4,1,20,ONE_POINT,100,100,RANDOM,5
248,24900,82.50337338447571,45199,45219.8,0,0.4,1,20,ONE_POINT,100,100,RANDOM,5
249,25000,82.81388139724731,45073,45078.04,0,0.4,1,20,ONE_POINT,100,100,RANDOM,5
250,25100,83.16702818870544,45008,45011.24,0,0.4,1,20,ONE_POINT,100,100,RANDOM,5
251,25200,83.51182532310486,44980,45006.41,0,0.4,1,20,ONE_POINT,100,100,RANDOM,5
252,25300,83.86313152313232,44827,44833.12,0,0.4,1,20,ONE_POINT,100,100,RANDOM,5
253,25400,84.21917700767517,44642,44649.59,0,0.4,1,20,ONE_POINT,100,100,RANDOM,5
254,25500,84.54449534416199,44600,44603.5,0,0.4,1,20,ONE_POINT,100,100,RANDOM,5
255,25600,84.90146064758301,44519,44537.76,0,0.4,1,20,ONE_POINT,100,100,RANDOM,5
256,25700,85.25559425354004,44428,44431.64,0,0.4,1,20,ONE_POINT,100,100,RANDOM,5
257,25800,85.56579518318176,44365,44368.69,0,0.4,1,20,ONE_POINT,100,100,RANDOM,5
258,25900,85.86827397346497,44232,44239.79,0,0.4,1,20,ONE_POINT,100,100,RANDOM,5
259,26000,86.20550537109375,44142,44146.5,0,0.4,1,20,ONE_POINT,100,100,RANDOM,5
260,26100,86.53138518333435,44131,44133.9,0,0.4,1,20,ONE_POINT,100,100,RANDOM,5
261,26200,86.90028762817383,43973,43979.08,0,0.4,1,20,ONE_POINT,100,100,RANDOM,5
262,26300,87.2322165966034,43938,43944.72,0,0.4,1,20,ONE_POINT,100,100,RANDOM,5
263,26400,87.54969239234924,43899,43915.01,0,0.4,1,20,ONE_POINT,100,100,RANDOM,5
264,26500,87.88595867156982,43832,43836.63,0,0.4,1,20,ONE_POINT,100,100,RANDOM,5
265,26600,88.20040273666382,43806,43811.68,0,0.4,1,20,ONE_POINT,100,100,RANDOM,5
266,26700,88.54632329940796,43766,43781.63,0,0.4,1,20,ONE_POINT,100,100,RANDOM,5
267,26800,88.89629220962524,43706,43715.17,0,0.4,1,20,ONE_POINT,100,100,RANDOM,5
268,26900,89.19214010238647,43620,43709.24,0,0.4,1,20,ONE_POINT,100,100,RANDOM,5
269,27000,89.55095648765564,43464,43468.86,0,0.4,1,20,ONE_POINT,100,100,RANDOM,5
270,27100,89.88074231147766,43409,43432.48,0,0.4,1,20,ONE_POINT,100,100,RANDOM,5
271,27200,90.20271134376526,43293,43316.53,0,0.4,1,20,ONE_POINT,100,100,RANDOM,5
272,27300,90.52272033691406,43189,43220.5,0,0.4,1,20,ONE_POINT,100,100,RANDOM,5
273,27400,90.84465837478638,43116,43129.91,0,0.4,1,20,ONE_POINT,100,100,RANDOM,5
274,27500,91.18082356452942,43091,43097.08,0,0.4,1,20,ONE_POINT,100,100,RANDOM,5
275,27600,91.50162959098816,43062,43087.87,0,0.4,1,20,ONE_POINT,100,100,RANDOM,5
276,27700,91.85480666160583,42962,42968.58,0,0.4,1,20,ONE_POINT,100,100,RANDOM,5
277,27800,92.20999693870544,42919,42921.6,0,0.4,1,20,ONE_POINT,100,100,RANDOM,5
278,27900,92.60376977920532,42884,42888.53,0,0.4,1,20,ONE_POINT,100,100,RANDOM,5
279,28000,92.97541880607605,42848,42872.16,0,0.4,1,20,ONE_POINT,100,100,RANDOM,5
280,28100,93.33495831489563,42758,42792.15,0,0.4,1,20,ONE_POINT,100,100,RANDOM,5
281,28200,93.71262264251709,42692,42696.86,0,0.4,1,20,ONE_POINT,100,100,RANDOM,5
282,28300,94.07151508331299,42542,42592.75,0,0.4,1,20,ONE_POINT,100,100,RANDOM,5
283,28400,94.45079827308655,42498,42500.57,0,0.4,1,20,ONE_POINT,100,100,RANDOM,5
284,28500,94.85108852386475,42474,42477.67,0,0.4,1,20,ONE_POINT,100,100,RANDOM,5
285,28600,95.22879409790039,42338,42344.32,0,0.4,1,20,ONE_POINT,100,100,RANDOM,5
286,28700,95.6024923324585,42202,42215.78,0,0.4,1,20,ONE_POINT,100,100,RANDOM,5
287,28800,95.96039271354675,42166,42168.52,0,0.4,1,20,ONE_POINT,100,100,RANDOM,5
288,28900,96.32556676864624,42160,42161.8,0,0.4,1,20,ONE_POINT,100,100,RANDOM,5
289,29000,96.68443083763123,42147,42216.63,0,0.4,1,20,ONE_POINT,100,100,RANDOM,5
290,29100,97.0706307888031,42123,42136.26,0,0.4,1,20,ONE_POINT,100,100,RANDOM,5
291,29200,97.40777516365051,42047,42056.49,0,0.4,1,20,ONE_POINT,100,100,RANDOM,5
292,29300,97.74301338195801,41939,41945.58,0,0.4,1,20,ONE_POINT,100,100,RANDOM,5
293,29400,98.11946368217468,41902,41935.0,0,0.4,1,20,ONE_POINT,100,100,RANDOM,5
294,29500,98.46296191215515,41902,41902.0,0,0.4,1,20,ONE_POINT,100,100,RANDOM,5
295,29600,98.84130811691284,41886,41897.35,0,0.4,1,20,ONE_POINT,100,100,RANDOM,5
296,29700,99.20126438140869,41654,41755.56,0,0.4,1,20,ONE_POINT,100,100,RANDOM,5
297,29800,99.55991506576538,41654,41654.0,0,0.4,1,20,ONE_POINT,100,100,RANDOM,5
298,29900,99.9281713962555,41597,41612.36,0,0.4,1,20,ONE_POINT,100,100,RANDOM,5
299,30000,100.2595157623291,41560,41567.24,0,0.4,1,20,ONE_POINT,100,100,RANDOM,5
300,30100,100.5934727191925,41475,41564.25,0,0.4,1,20,ONE_POINT,100,100,RANDOM,5
301,30200,100.94966578483582,41464,41473.76,0,0.4,1,20,ONE_POINT,100,100,RANDOM,5
302,30300,101.32639980316162,41451,41452.15,0,0.4,1,20,ONE_POINT,100,100,RANDOM,5
303,30400,101.6761839389801,41371,41375.8,0,0.4,1,20,ONE_POINT,100,100,RANDOM,5
304,30500,102.05847239494324,41346,41363.1,0,0.4,1,20,ONE_POINT,100,100,RANDOM,5
305,30600,102.43170881271362,41317,41319.57,0,0.4,1,20,ONE_POINT,100,100,RANDOM,5
306,30700,102.77030754089355,41317,41317.0,0,0.4,1,20,ONE_POINT,100,100,RANDOM,5
307,30800,103.11100196838379,41309,41310.67,0,0.4,1,20,ONE_POINT,100,100,RANDOM,5
308,30900,103.49627184867859,41307,41308.01,0,0.4,1,20,ONE_POINT,100,100,RANDOM,5
309,31000,103.84447956085205,41281,41283.36,0,0.4,1,20,ONE_POINT,100,100,RANDOM,5
310,31100,104.14308428764343,41238,41242.9,0,0.4,1,20,ONE_POINT,100,100,RANDOM,5
311,31200,104.53800749778748,41212,41217.52,0,0.4,1,20,ONE_POINT,100,100,RANDOM,5
312,31300,104.88443851470947,41184,41214.84,0,0.4,1,20,ONE_POINT,100,100,RANDOM,5
313,31400,105.23749160766602,41162,41176.19,0,0.4,1,20,ONE_POINT,100,100,RANDOM,5
314,31500,105.59003019332886,41071,41075.55,0,0.4,1,20,ONE_POINT,100,100,RANDOM,5
315,31600,105.93952345848083,41025,41035.2,0,0.4,1,20,ONE_POINT,100,100,RANDOM,5
316,31700,106.26631474494934,40968,40973.34,0,0.4,1,20,ONE_POINT,100,100,RANDOM,5
317,31800,106.60116338729858,40964,41001.43,0,0.4,1,20,ONE_POINT,100,100,RANDOM,5
318,31900,106.96428894996643,40944,40945.68,0,0.4,1,20,ONE_POINT,100,100,RANDOM,5
319,32000,107.30224084854126,40927,40928.6,0,0.4,1,20,ONE_POINT,100,100,RANDOM,5
320,32100,107.66577005386353,40906,40969.15,0,0.4,1,20,ONE_POINT,100,100,RANDOM,5
321,32200,107.97941493988037,40791,40856.47,0,0.4,1,20,ONE_POINT,100,100,RANDOM,5
322,32300,108.30742835998535,40788,40791.38,0,0.4,1,20,ONE_POINT,100,100,RANDOM,5
323,32400,108.64546132087708,40704,40718.45,0,0.4,1,20,ONE_POINT,100,100,RANDOM,5
324,32500,108.96716165542603,40668,40670.52,0,0.4,1,20,ONE_POINT,100,100,RANDOM,5
325,32600,109.31351518630981,40592,40609.72,0,0.4,1,20,ONE_POINT,100,100,RANDOM,5
326,32700,109.67090606689453,40526,40531.29,0,0.4,1,20,ONE_POINT,100,100,RANDOM,5
327,32800,110.03575253486633,40454,40458.43,0,0.4,1,20,ONE_POINT,100,100,RANDOM,5
328,32900,110.3893313407898,40433,40440.19,0,0.4,1,20,ONE_POINT,100,100,RANDOM,5
329,33000,110.73757863044739,40422,40427.24,0,0.4,1,20,ONE_POINT,100,100,RANDOM,5
330,33100,111.06331515312195,40356,40359.2,0,0.4,1,20,ONE_POINT,100,100,RANDOM,5
331,33200,111.39970445632935,40325,40327.17,0,0.4,1,20,ONE_POINT,100,100,RANDOM,5
332,33300,111.74781799316406,40298,40300.47,0,0.4,1,20,ONE_POINT,100,100,RANDOM,5
333,33400,112.05495262145996,40252,40261.81,0,0.4,1,20,ONE_POINT,100,100,RANDOM,5
334,33500,112.38478374481201,40174,40177.57,0,0.4,1,20,ONE_POINT,100,100,RANDOM,5
335,33600,112.74297499656677,40114,40120.26,0,0.4,1,20,ONE_POINT,100,100,RANDOM,5
336,33700,113.09605741500854,40114,40114.0,0,0.4,1,20,ONE_POINT,100,100,RANDOM,5
337,33800,113.45668697357178,40065,40116.68,0,0.4,1,20,ONE_POINT,100,100,RANDOM,5
338,33900,113.8356146812439,40043,40069.6,0,0.4,1,20,ONE_POINT,100,100,RANDOM,5
339,34000,114.17325234413147,40000,40003.45,0,0.4,1,20,ONE_POINT,100,100,RANDOM,5
340,34100,114.53114128112793,39975,39977.66,0,0.4,1,20,ONE_POINT,100,100,RANDOM,5
341,34200,114.87796592712402,39931,39988.58,0,0.4,1,20,ONE_POINT,100,100,RANDOM,5
342,34300,115.26428270339966,39807,39826.12,0,0.4,1,20,ONE_POINT,100,100,RANDOM,5
343,34400,115.59933137893677,39784,39789.94,0,0.4,1,20,ONE_POINT,100,100,RANDOM,5
344,34500,116.01778864860535,39753,39760.53,0,0.4,1,20,ONE_POINT,100,100,RANDOM,5
345,34600,116.42803001403809,39665,39668.52,0,0.4,1,20,ONE_POINT,100,100,RANDOM,5
346,34700,116.7820496559143,39665,39665.0,0,0.4,1,20,ONE_POINT,100,100,RANDOM,5
347,34800,117.12602996826172,39650,39658.7,0,0.4,1,20,ONE_POINT,100,100,RANDOM,5
348,34900,117.47787070274353,39585,39591.39,0,0.4,1,20,ONE_POINT,100,100,RANDOM,5
349,35000,117.8177387714386,39473,39477.48,0,0.4,1,20,ONE_POINT,100,100,RANDOM,5
350,35100,118.17480850219727,39371,39384.17,0,0.4,1,20,ONE_POINT,100,100,RANDOM,5
351,35200,118.53944897651672,39335,39338.88,0,0.4,1,20,ONE_POINT,100,100,RANDOM,5
352,35300,118.85216784477234,39295,39319.95,0,0.4,1,20,ONE_POINT,100,100,RANDOM,5
353,35400,119.16478967666626,39283,39283.87,0,0.4,1,20,ONE_POINT,100,100,RANDOM,5
354,35500,119.5167772769928,39272,39291.85,0,0.4,1,20,ONE_POINT,100,100,RANDOM,5
355,35600,119.89659976959229,39241,39248.75,0,0.4,1,20,ONE_POINT,100,100,RANDOM,5
356,35700,120.26069068908691,39241,39241.0,0,0.4,1,20,ONE_POINT,100,100,RANDOM,5
357,35800,120.62328720092773,39224,39225.53,0,0.4,1,20,ONE_POINT,100,100,RANDOM,5
358,35900,120.95699429512024,39224,39224.0,0,0.4,1,20,ONE_POINT,100,100,RANDOM,5
359,36000,121.32660746574402,39177,39202.33,0,0.4,1,20,ONE_POINT,100,100,RANDOM,5
360,36100,121.70159530639648,39157,39162.68,0,0.4,1,20,ONE_POINT,100,100,RANDOM,5
361,36200,122.03978443145752,39139,39140.56,0,0.4,1,20,ONE_POINT,100,100,RANDOM,5
362,36300,122.3740291595459,39136,39136.3,0,0.4,1,20,ONE_POINT,100,100,RANDOM,5
363,36400,122.7213704586029,39090,39096.42,0,0.4,1,20,ONE_POINT,100,100,RANDOM,5
364,36500,123.11039638519287,39027,39033.86,0,0.4,1,20,ONE_POINT,100,100,RANDOM,5
365,36600,123.47584462165833,38993,38995.72,0,0.4,1,20,ONE_POINT,100,100,RANDOM,5
366,36700,123.78203678131104,38943,38959.63,0,0.4,1,20,ONE_POINT,100,100,RANDOM,5
367,36800,124.16241335868835,38937,38937.72,0,0.4,1,20,ONE_POINT,100,100,RANDOM,5
368,36900,124.5487744808197,38913,38917.84,0,0.4,1,20,ONE_POINT,100,100,RANDOM,5
369,37000,124.89341378211975,38884,38886.27,0,0.4,1,20,ONE_POINT,100,100,RANDOM,5
370,37100,125.2439374923706,38763,38771.6,0,0.4,1,20,ONE_POINT,100,100,RANDOM,5
371,37200,125.59908437728882,38751,38753.41,0,0.4,1,20,ONE_POINT,100,100,RANDOM,5
372,37300,125.99057292938232,38611,38616.6,0,0.4,1,20,ONE_POINT,100,100,RANDOM,5
373,37400,126.3676278591156,38596,38597.2,0,0.4,1,20,ONE_POINT,100,100,RANDOM,5
374,37500,126.68546175956726,38596,38596.0,0,0.4,1,20,ONE_POINT,100,100,RANDOM,5
375,37600,127.00084090232849,38579,38590.71,0,0.4,1,20,ONE_POINT,100,100,RANDOM,5
376,37700,127.33335971832275,38196,38207.49,0,0.4,1,20,ONE_POINT,100,100,RANDOM,5
377,37800,127.63394784927368,38174,38175.32,0,0.4,1,20,ONE_POINT,100,100,RANDOM,5
378,37900,127.97112011909485,38163,38164.1,0,0.4,1,20,ONE_POINT,100,100,RANDOM,5
379,38000,128.28348398208618,37977,37984.44,0,0.4,1,20,ONE_POINT,100,100,RANDOM,5
380,38100,128.65590381622314,37592,37611.41,0,0.4,1,20,ONE_POINT,100,100,RANDOM,5
381,38200,129.00337171554565,37587,37587.65,0,0.4,1,20,ONE_POINT,100,100,RANDOM,5
382,38300,129.33334589004517,37584,37587.48,0,0.4,1,20,ONE_POINT,100,100,RANDOM,5
383,38400,129.6626582145691,37480,37486.25,0,0.4,1,20,ONE_POINT,100,100,RANDOM,5
384,38500,129.97723746299744,37438,37440.52,0,0.4,1,20,ONE_POINT,100,100,RANDOM,5
385,38600,130.28758144378662,37438,37438.0,0,0.4,1,20,ONE_POINT,100,100,RANDOM,5
386,38700,130.6659767627716,37426,37427.7,0,0.4,1,20,ONE_POINT,100,100,RANDOM,5
387,38800,131.02634072303772,37410,37411.28,0,0.4,1,20,ONE_POINT,100,100,RANDOM,5
388,38900,131.37187600135803,37355,37359.24,0,0.4,1,20,ONE_POINT,100,100,RANDOM,5
389,39000,131.72307777404785,37326,37328.32,0,0.4,1,20,ONE_POINT,100,100,RANDOM,5
390,39100,132.0515956878662,37260,37264.54,0,0.4,1,20,ONE_POINT,100,100,RANDOM,5
391,39200,132.40040111541748,37176,37181.04,0,0.4,1,20,ONE_POINT,100,100,RANDOM,5
392,39300,132.7417287826538,37136,37138.32,0,0.4,1,20,ONE_POINT,100,100,RANDOM,5
393,39400,133.09400343894958,37111,37134.3,0,0.4,1,20,ONE_POINT,100,100,RANDOM,5
394,39500,133.43386840820312,37111,37111.0,0,0.4,1,20,ONE_POINT,100,100,RANDOM,5
395,39600,133.72086596488953,37032,37036.74,0,0.4,1,20,ONE_POINT,100,100,RANDOM,5
396,39700,134.01417469978333,37019,37035.44,0,0.4,1,20,ONE_POINT,100,100,RANDOM,5
397,39800,134.36014986038208,37017,37021.69,0,0.4,1,20,ONE_POINT,100,100,RANDOM,5
398,39900,134.75203728675842,36872,36899.15,0,0.4,1,20,ONE_POINT,100,100,RANDOM,5
399,40000,135.16079020500183,36859,36860.3,0,0.4,1,20,ONE_POINT,100,100,RANDOM,5
400,40100,135.4759373664856,36843,36848.25,0,0.4,1,20,ONE_POINT,100,100,RANDOM,5
401,40200,135.81898760795593,36843,36843.0,0,0.4,1,20,ONE_POINT,100,100,RANDOM,5
402,40300,136.1152400970459,36791,36802.75,0,0.4,1,20,ONE_POINT,100,100,RANDOM,5
403,40400,136.51529622077942,36791,36791.0,0,0.4,1,20,ONE_POINT,100,100,RANDOM,5
404,40500,136.82726526260376,36791,36791.0,0,0.4,1,20,ONE_POINT,100,100,RANDOM,5
405,40600,137.1410734653473,36765,36804.21,0,0.4,1,20,ONE_POINT,100,100,RANDOM,5
406,40700,137.4857587814331,36762,36845.27,0,0.4,1,20,ONE_POINT,100,100,RANDOM,5
407,40800,137.85467648506165,36703,36714.31,0,0.4,1,20,ONE_POINT,100,100,RANDOM,5
408,40900,138.19658994674683,36701,36701.36,0,0.4,1,20,ONE_POINT,100,100,RANDOM,5
409,41000,138.5280921459198,36684,36686.0,0,0.4,1,20,ONE_POINT,100,100,RANDOM,5
410,41100,138.90771198272705,36649,36713.23,0,0.4,1,20,ONE_POINT,100,100,RANDOM,5
411,41200,139.22721314430237,36556,36576.31,0,0.4,1,20,ONE_POINT,100,100,RANDOM,5
412,41300,139.5994474887848,36433,36511.55,0,0.4,1,20,ONE_POINT,100,100,RANDOM,5
413,41400,139.96488213539124,36433,36433.0,0,0.4,1,20,ONE_POINT,100,100,RANDOM,5
414,41500,140.29713678359985,36373,36379.37,0,0.4,1,20,ONE_POINT,100,100,RANDOM,5
415,41600,140.61375379562378,36363,36366.4,0,0.4,1,20,ONE_POINT,100,100,RANDOM,5
416,41700,140.9617795944214,36363,36363.0,0,0.4,1,20,ONE_POINT,100,100,RANDOM,5
417,41800,141.3615128993988,36297,36300.3,0,0.4,1,20,ONE_POINT,100,100,RANDOM,5
418,41900,141.76200556755066,36202,36207.12,0,0.4,1,20,ONE_POINT,100,100,RANDOM,5
419,42000,142.14529538154602,36190,36192.32,0,0.4,1,20,ONE_POINT,100,100,RANDOM,5
420,42100,142.49182891845703,36171,36185.22,0,0.4,1,20,ONE_POINT,100,100,RANDOM,5
421,42200,142.84646725654602,36171,36171.0,0,0.4,1,20,ONE_POINT,100,100,RANDOM,5
422,42300,143.19493985176086,36140,36149.98,0,0.4,1,20,ONE_POINT,100,100,RANDOM,5
423,42400,143.59650135040283,36093,36096.6,0,0.4,1,20,ONE_POINT,100,100,RANDOM,5
424,42500,143.99926471710205,36085,36132.55,0,0.4,1,20,ONE_POINT,100,100,RANDOM,5
425,42600,144.36054396629333,36069,36071.09,0,0.4,1,20,ONE_POINT,100,100,RANDOM,5
426,42700,144.6709485054016,36062,36065.34,0,0.4,1,20,ONE_POINT,100,100,RANDOM,5
427,42800,145.0606985092163,36062,36062.0,0,0.4,1,20,ONE_POINT,100,100,RANDOM,5
1,200,0.20110201835632324,132047,130404.97,0,0.4,1,20,ONE_POINT,100,100,RANDOM,6
2,300,0.5403561592102051,129248,129276.21,0,0.4,1,20,ONE_POINT,100,100,RANDOM,6
3,400,0.9093565940856934,128109,128131.78,0,0.4,1,20,ONE_POINT,100,100,RANDOM,6
4,500,1.204810380935669,125639,125701.93,0,0.4,1,20,ONE_POINT,100,100,RANDOM,6
5,600,1.5106754302978516,124538,124572.05,0,0.4,1,20,ONE_POINT,100,100,RANDOM,6
6,700,1.8442716598510742,123665,123679.95,0,0.4,1,20,ONE_POINT,100,100,RANDOM,6
7,800,2.1366965770721436,121373,121418.84,0,0.4,1,20,ONE_POINT,100,100,RANDOM,6
8,900,2.4935641288757324,120238,120272.05,0,0.4,1,20,ONE_POINT,100,100,RANDOM,6
9,1000,2.822338104248047,119595,119607.86,0,0.4,1,20,ONE_POINT,100,100,RANDOM,6
10,1100,3.1159040927886963,119148,119165.88,0,0.4,1,20,ONE_POINT,100,100,RANDOM,6
11,1200,3.4093589782714844,118324,118340.12,0,0.4,1,20,ONE_POINT,100,100,RANDOM,6
12,1300,3.7163045406341553,116058,116104.41,0,0.4,1,20,ONE_POINT,100,100,RANDOM,6
13,1400,4.103409767150879,115101,115152.37,0,0.4,1,20,ONE_POINT,100,100,RANDOM,6
14,1500,4.4206953048706055,114120,114148.95,0,0.4,1,20,ONE_POINT,100,100,RANDOM,6
15,1600,4.7584333419799805,113318,113339.33,0,0.4,1,20,ONE_POINT,100,100,RANDOM,6
16,1700,5.066578149795532,112657,112674.03,0,0.4,1,20,ONE_POINT,100,100,RANDOM,6
17,1800,5.411459445953369,111928,111942.81,0,0.4,1,20,ONE_POINT,100,100,RANDOM,6
18,1900,5.726783275604248,111247,111284.49,0,0.4,1,20,ONE_POINT,100,100,RANDOM,6
19,2000,6.052020788192749,110384,110418.52,0,0.4,1,20,ONE_POINT,100,100,RANDOM,6
20,2100,6.411249876022339,109668,109733.34,0,0.4,1,20,ONE_POINT,100,100,RANDOM,6
21,2200,6.748811721801758,108914,108935.65,0,0.4,1,20,ONE_POINT,100,100,RANDOM,6
22,2300,7.0835230350494385,108409,108473.24,0,0.4,1,20,ONE_POINT,100,100,RANDOM,6
23,2400,7.415005922317505,107774,107819.68,0,0.4,1,20,ONE_POINT,100,100,RANDOM,6
24,2500,7.732976198196411,107002,107025.16,0,0.4,1,20,ONE_POINT,100,100,RANDOM,6
25,2600,8.070821523666382,106466,106498.02,0,0.4,1,20,ONE_POINT,100,100,RANDOM,6
26,2700,8.438236713409424,106091,106106.0,0,0.4,1,20,ONE_POINT,100,100,RANDOM,6
27,2800,8.797390460968018,105432,105450.57,0,0.4,1,20,ONE_POINT,100,100,RANDOM,6
28,2900,9.17478895187378,104808,104832.96,0,0.4,1,20,ONE_POINT,100,100,RANDOM,6
29,3000,9.510830640792847,104230,104252.33,0,0.4,1,20,ONE_POINT,100,100,RANDOM,6
30,3100,9.856496334075928,103512,103526.36,0,0.4,1,20,ONE_POINT,100,100,RANDOM,6
31,3200,10.158792495727539,102685,102772.94,0,0.4,1,20,ONE_POINT,100,100,RANDOM,6
32,3300,10.453068017959595,102120,102136.95,0,0.4,1,20,ONE_POINT,100,100,RANDOM,6
33,3400,10.86170244216919,101906,101914.56,0,0.4,1,20,ONE_POINT,100,100,RANDOM,6
34,3500,11.19411849975586,101455,101477.87,0,0.4,1,20,ONE_POINT,100,100,RANDOM,6
35,3600,11.534000635147095,101091,101110.07,0,0.4,1,20,ONE_POINT,100,100,RANDOM,6
36,3700,11.867235898971558,100293,100322.92,0,0.4,1,20,ONE_POINT,100,100,RANDOM,6
37,3800,12.193719625473022,99759,99798.82,0,0.4,1,20,ONE_POINT,100,100,RANDOM,6
38,3900,12.54950737953186,98654,98676.1,0,0.4,1,20,ONE_POINT,100,100,RANDOM,6
39,4000,12.936127662658691,97914,97954.65,0,0.4,1,20,ONE_POINT,100,100,RANDOM,6
40,4100,13.271312475204468,97485,97509.69,0,0.4,1,20,ONE_POINT,100,100,RANDOM,6
41,4200,13.590572118759155,96649,96665.72,0,0.4,1,20,ONE_POINT,100,100,RANDOM,6
42,4300,13.917567491531372,95961,95983.12,0,0.4,1,20,ONE_POINT,100,100,RANDOM,6
43,4400,14.261217832565308,95078,95095.66,0,0.4,1,20,ONE_POINT,100,100,RANDOM,6
44,4500,14.636389255523682,94446,94458.64,0,0.4,1,20,ONE_POINT,100,100,RANDOM,6
45,4600,14.970989465713501,93969,93983.31,0,0.4,1,20,ONE_POINT,100,100,RANDOM,6
46,4700,15.333370923995972,93359,93380.32,0,0.4,1,20,ONE_POINT,100,100,RANDOM,6
47,4800,15.743292093276978,92969,92980.7,0,0.4,1,20,ONE_POINT,100,100,RANDOM,6
48,4900,16.108274221420288,92392,92409.31,0,0.4,1,20,ONE_POINT,100,100,RANDOM,6
49,5000,16.47362756729126,92230,92238.73,0,0.4,1,20,ONE_POINT,100,100,RANDOM,6
50,5100,16.839391708374023,91464,91513.7,0,0.4,1,20,ONE_POINT,100,100,RANDOM,6
51,5200,17.229754209518433,90887,90906.42,0,0.4,1,20,ONE_POINT,100,100,RANDOM,6
52,5300,17.599719047546387,90363,90378.72,0,0.4,1,20,ONE_POINT,100,100,RANDOM,6
53,5400,17.951274394989014,89719,89751.58,0,0.4,1,20,ONE_POINT,100,100,RANDOM,6
54,5500,18.268179178237915,89023,89051.5,0,0.4,1,20,ONE_POINT,100,100,RANDOM,6
55,5600,18.603257417678833,88611,88624.55,0,0.4,1,20,ONE_POINT,100,100,RANDOM,6
56,5700,18.93259048461914,87904,87918.28,0,0.4,1,20,ONE_POINT,100,100,RANDOM,6
57,5800,19.28317642211914,87639,87649.6,0,0.4,1,20,ONE_POINT,100,100,RANDOM,6
58,5900,19.656989097595215,87412,87506.38,0,0.4,1,20,ONE_POINT,100,100,RANDOM,6
59,6000,19.97064447402954,87115,87149.95,0,0.4,1,20,ONE_POINT,100,100,RANDOM,6
60,6100,20.34792995452881,86754,86764.83,0,0.4,1,20,ONE_POINT,100,100,RANDOM,6
61,6200,20.71615743637085,86180,86232.75,0,0.4,1,20,ONE_POINT,100,100,RANDOM,6
62,6300,21.05444645881653,85978,85991.31,0,0.4,1,20,ONE_POINT,100,100,RANDOM,6
63,6400,21.425384521484375,85526,85542.29,0,0.4,1,20,ONE_POINT,100,100,RANDOM,6
64,6500,21.74613618850708,85312,85320.56,0,0.4,1,20,ONE_POINT,100,100,RANDOM,6
65,6600,22.171855211257935,84547,84573.87,0,0.4,1,20,ONE_POINT,100,100,RANDOM,6
66,6700,22.52390718460083,84312,84329.05,0,0.4,1,20,ONE_POINT,100,100,RANDOM,6
67,6800,22.819302558898926,84049,84069.52,0,0.4,1,20,ONE_POINT,100,100,RANDOM,6
68,6900,23.124282836914062,83598,83651.56,0,0.4,1,20,ONE_POINT,100,100,RANDOM,6
69,7000,23.451034784317017,83026,83054.2,0,0.4,1,20,ONE_POINT,100,100,RANDOM,6
70,7100,23.803012132644653,82614,82645.67,0,0.4,1,20,ONE_POINT,100,100,RANDOM,6
71,7200,24.13372015953064,81703,81755.86,0,0.4,1,20,ONE_POINT,100,100,RANDOM,6
72,7300,24.472097158432007,81436,81481.23,0,0.4,1,20,ONE_POINT,100,100,RANDOM,6
73,7400,24.775761127471924,81117,81129.76,0,0.4,1,20,ONE_POINT,100,100,RANDOM,6
74,7500,25.131062746047974,80333,80351.46,0,0.4,1,20,ONE_POINT,100,100,RANDOM,6
75,7600,25.46534490585327,79758,79781.0,0,0.4,1,20,ONE_POINT,100,100,RANDOM,6
76,7700,25.797929286956787,79514,79521.87,0,0.4,1,20,ONE_POINT,100,100,RANDOM,6
77,7800,26.112401723861694,79202,79211.36,0,0.4,1,20,ONE_POINT,100,100,RANDOM,6
78,7900,26.4181969165802,78752,78784.45,0,0.4,1,20,ONE_POINT,100,100,RANDOM,6
79,8000,26.752927780151367,78420,78444.93,0,0.4,1,20,ONE_POINT,100,100,RANDOM,6
80,8100,27.06124997138977,77628,77651.76,0,0.4,1,20,ONE_POINT,100,100,RANDOM,6
81,8200,27.395426988601685,77295,77310.47,0,0.4,1,20,ONE_POINT,100,100,RANDOM,6
82,8300,27.702752113342285,76943,76966.33,0,0.4,1,20,ONE_POINT,100,100,RANDOM,6
83,8400,28.014779567718506,76633,76652.78,0,0.4,1,20,ONE_POINT,100,100,RANDOM,6
84,8500,28.3284854888916,76145,76176.84,0,0.4,1,20,ONE_POINT,100,100,RANDOM,6
85,8600,28.645256996154785,75534,75594.56,0,0.4,1,20,ONE_POINT,100,100,RANDOM,6
86,8700,29.001322746276855,75293,75308.65,0,0.4,1,20,ONE_POINT,100,100,RANDOM,6
87,8800,29.31305480003357,74899,74969.19,0,0.4,1,20,ONE_POINT,100,100,RANDOM,6
88,8900,29.60373592376709,73726,73749.46,0,0.4,1,20,ONE_POINT,100,100,RANDOM,6
89,9000,29.931912899017334,73511,73522.85,0,0.4,1,20,ONE_POINT,100,100,RANDOM,6
90,9100,30.273682594299316,73197,73206.42,0,0.4,1,20,ONE_POINT,100,100,RANDOM,6
91,9200,30.624449014663696,72859,72953.05,0,0.4,1,20,ONE_POINT,100,100,RANDOM,6
92,9300,30.952600479125977,72576,72601.6,0,0.4,1,20,ONE_POINT,100,100,RANDOM,6
93,9400,31.29801869392395,72478,72483.88,0,0.4,1,20,ONE_POINT,100,100,RANDOM,6
94,9500,31.636652946472168,72166,72175.93,0,0.4,1,20,ONE_POINT,100,100,RANDOM,6
95,9600,31.93450927734375,71709,71730.4,0,0.4,1,20,ONE_POINT,100,100,RANDOM,6
96,9700,32.25115084648132,71317,71327.47,0,0.4,1,20,ONE_POINT,100,100,RANDOM,6
97,9800,32.545247316360474,71021,71029.88,0,0.4,1,20,ONE_POINT,100,100,RANDOM,6
98,9900,32.86480236053467,70585,70598.08,0,0.4,1,20,ONE_POINT,100,100,RANDOM,6
99,10000,33.190364599227905,70413,70470.3,0,0.4,1,20,ONE_POINT,100,100,RANDOM,6
100,10100,33.53206253051758,70124,70221.65,0,0.4,1,20,ONE_POINT,100,100,RANDOM,6
101,10200,33.84967255592346,69894,69903.2,0,0.4,1,20,ONE_POINT,100,100,RANDOM,6
102,10300,34.187968730926514,69632,69672.1,0,0.4,1,20,ONE_POINT,100,100,RANDOM,6
103,10400,34.59195613861084,69390,69397.26,0,0.4,1,20,ONE_POINT,100,100,RANDOM,6
104,10500,34.97117471694946,69197,69206.65,0,0.4,1,20,ONE_POINT,100,100,RANDOM,6
105,10600,35.34451675415039,68907,68920.98,0,0.4,1,20,ONE_POINT,100,100,RANDOM,6
106,10700,35.65548658370972,68752,68834.16,0,0.4,1,20,ONE_POINT,100,100,RANDOM,6
107,10800,35.97872185707092,68272,68291.2,0,0.4,1,20,ONE_POINT,100,100,RANDOM,6
108,10900,36.36995983123779,68153,68164.3,0,0.4,1,20,ONE_POINT,100,100,RANDOM,6
109,11000,36.71199655532837,67882,67898.74,0,0.4,1,20,ONE_POINT,100,100,RANDOM,6
110,11100,37.106525897979736,67578,67590.16,0,0.4,1,20,ONE_POINT,100,100,RANDOM,6
111,11200,37.47368669509888,67071,67097.03,0,0.4,1,20,ONE_POINT,100,100,RANDOM,6
112,11300,37.84507894515991,66831,66840.6,0,0.4,1,20,ONE_POINT,100,100,RANDOM,6
113,11400,38.206496477127075,66535,66549.24,0,0.4,1,20,ONE_POINT,100,100,RANDOM,6
114,11500,38.55162286758423,66306,66372.67,0,0.4,1,20,ONE_POINT,100,100,RANDOM,6
115,11600,38.869556188583374,66039,66075.95,0,0.4,1,20,ONE_POINT,100,100,RANDOM,6
116,11700,39.192198514938354,65847,65884.79,0,0.4,1,20,ONE_POINT,100,100,RANDOM,6
117,11800,39.577232837677,65439,65448.15,0,0.4,1,20,ONE_POINT,100,100,RANDOM,6
118,11900,39.89379906654358,65267,65273.88,0,0.4,1,20,ONE_POINT,100,100,RANDOM,6
119,12000,40.28094220161438,65163,65181.36,0,0.4,1,20,ONE_POINT,100,100,RANDOM,6
120,12100,40.654083013534546,64866,64877.88,0,0.4,1,20,ONE_POINT,100,100,RANDOM,6
121,12200,41.02294898033142,64449,64465.68,0,0.4,1,20,ONE_POINT,100,100,RANDOM,6
122,12300,41.31759548187256,63751,63779.08,0,0.4,1,20,ONE_POINT,100,100,RANDOM,6
123,12400,41.65223670005798,63634,63641.69,0,0.4,1,20,ONE_POINT,100,100,RANDOM,6
124,12500,41.96976137161255,63354,63364.66,0,0.4,1,20,ONE_POINT,100,100,RANDOM,6
125,12600,42.2811815738678,63243,63249.66,0,0.4,1,20,ONE_POINT,100,100,RANDOM,6
126,12700,42.57039785385132,62879,62893.56,0,0.4,1,20,ONE_POINT,100,100,RANDOM,6
127,12800,42.91265082359314,62662,62790.27,0,0.4,1,20,ONE_POINT,100,100,RANDOM,6
128,12900,43.296961069107056,62354,62366.99,0,0.4,1,20,ONE_POINT,100,100,RANDOM,6
129,13000,43.634334087371826,62109,62125.99,0,0.4,1,20,ONE_POINT,100,100,RANDOM,6
130,13100,44.00076961517334,61802,61814.85,0,0.4,1,20,ONE_POINT,100,100,RANDOM,6
131,13200,44.32132315635681,61471,61487.25,0,0.4,1,20,ONE_POINT,100,100,RANDOM,6
132,13300,44.714046001434326,61315,61328.96,0,0.4,1,20,ONE_POINT,100,100,RANDOM,6
133,13400,45.0940682888031,60856,60893.64,0,0.4,1,20,ONE_POINT,100,100,RANDOM,6
134,13500,45.44948649406433,60619,60655.14,0,0.4,1,20,ONE_POINT,100,100,RANDOM,6
135,13600,45.81208658218384,60126,60270.38,0,0.4,1,20,ONE_POINT,100,100,RANDOM,6
136,13700,46.15001821517944,59797,59806.87,0,0.4,1,20,ONE_POINT,100,100,RANDOM,6
137,13800,46.470733404159546,59600,59771.96,0,0.4,1,20,ONE_POINT,100,100,RANDOM,6
138,13900,46.838529109954834,59441,59598.16,0,0.4,1,20,ONE_POINT,100,100,RANDOM,6
139,14000,47.199013471603394,59119,59177.31,0,0.4,1,20,ONE_POINT,100,100,RANDOM,6
140,14100,47.54696202278137,58996,59003.38,0,0.4,1,20,ONE_POINT,100,100,RANDOM,6
141,14200,47.864436626434326,58954,58956.44,0,0.4,1,20,ONE_POINT,100,100,RANDOM,6
142,14300,48.234763622283936,58821,58832.46,0,0.4,1,20,ONE_POINT,100,100,RANDOM,6
143,14400,48.5755455493927,58760,58777.35,0,0.4,1,20,ONE_POINT,100,100,RANDOM,6
144,14500,48.89205002784729,58633,58653.77,0,0.4,1,20,ONE_POINT,100,100,RANDOM,6
145,14600,49.254303216934204,58445,58459.86,0,0.4,1,20,ONE_POINT,100,100,RANDOM,6
146,14700,49.63459086418152,58209,58255.09,0,0.4,1,20,ONE_POINT,100,100,RANDOM,6
147,14800,49.93621587753296,58161,58199.86,0,0.4,1,20,ONE_POINT,100,100,RANDOM,6
148,14900,50.253735065460205,58086,58188.1,0,0.4,1,20,ONE_POINT,100,100,RANDOM,6
149,15000,50.553980112075806,57922,57946.61,0,0.4,1,20,ONE_POINT,100,100,RANDOM,6
150,15100,50.899285316467285,57744,57817.46,0,0.4,1,20,ONE_POINT,100,100,RANDOM,6
151,15200,51.24659609794617,57463,57477.05,0,0.4,1,20,ONE_POINT,100,100,RANDOM,6
152,15300,51.54091238975525,57251,57269.61,0,0.4,1,20,ONE_POINT,100,100,RANDOM,6
153,15400,51.86361598968506,57057,57068.67,0,0.4,1,20,ONE_POINT,100,100,RANDOM,6
154,15500,52.224156856536865,56935,56945.54,0,0.4,1,20,ONE_POINT,100,100,RANDOM,6
155,15600,52.532745122909546,56856,56866.8,0,0.4,1,20,ONE_POINT,100,100,RANDOM,6
156,15700,52.864105463027954,56745,56754.09,0,0.4,1,20,ONE_POINT,100,100,RANDOM,6
157,15800,53.24006271362305,56522,56555.82,0,0.4,1,20,ONE_POINT,100,100,RANDOM,6
158,15900,53.583609104156494,56345,56415.16,0,0.4,1,20,ONE_POINT,100,100,RANDOM,6
159,16000,53.89917325973511,56234,56242.94,0,0.4,1,20,ONE_POINT,100,100,RANDOM,6
160,16100,54.210426568984985,56154,56159.6,0,0.4,1,20,ONE_POINT,100,100,RANDOM,6
161,16200,54.53463077545166,56088,56128.2,0,0.4,1,20,ONE_POINT,100,100,RANDOM,6
162,16300,54.85873889923096,55968,55974.39,0,0.4,1,20,ONE_POINT,100,100,RANDOM,6
163,16400,55.18277931213379,55911,55937.5,0,0.4,1,20,ONE_POINT,100,100,RANDOM,6
164,16500,55.49655485153198,55758,55798.61,0,0.4,1,20,ONE_POINT,100,100,RANDOM,6
165,16600,55.8045129776001,55565,55588.13,0,0.4,1,20,ONE_POINT,100,100,RANDOM,6
166,16700,56.15711307525635,55109,55149.85,0,0.4,1,20,ONE_POINT,100,100,RANDOM,6
167,16800,56.5524697303772,54899,54907.4,0,0.4,1,20,ONE_POINT,100,100,RANDOM,6
168,16900,56.91539454460144,54640,54789.59,0,0.4,1,20,ONE_POINT,100,100,RANDOM,6
169,17000,57.253424882888794,54484,54507.84,0,0.4,1,20,ONE_POINT,100,100,RANDOM,6
170,17100,57.57472085952759,54309,54317.75,0,0.4,1,20,ONE_POINT,100,100,RANDOM,6
171,17200,57.88990092277527,54104,54142.74,0,0.4,1,20,ONE_POINT,100,100,RANDOM,6
172,17300,58.22298455238342,53990,53998.18,0,0.4,1,20,ONE_POINT,100,100,RANDOM,6
173,17400,58.57926630973816,53875,53929.7,0,0.4,1,20,ONE_POINT,100,100,RANDOM,6
174,17500,58.87857913970947,53755,53771.52,0,0.4,1,20,ONE_POINT,100,100,RANDOM,6
175,17600,59.17163634300232,53584,53604.46,0,0.4,1,20,ONE_POINT,100,100,RANDOM,6
176,17700,59.46566963195801,53474,53480.6,0,0.4,1,20,ONE_POINT,100,100,RANDOM,6
177,17800,59.77927327156067,53364,53370.6,0,0.4,1,20,ONE_POINT,100,100,RANDOM,6
178,17900,60.157065629959106,53289,53428.2,0,0.4,1,20,ONE_POINT,100,100,RANDOM,6
179,18000,60.58503031730652,53148,53156.04,0,0.4,1,20,ONE_POINT,100,100,RANDOM,6
180,18100,61.02114963531494,52997,53012.69,0,0.4,1,20,ONE_POINT,100,100,RANDOM,6
181,18200,61.53224444389343,52906,52911.46,0,0.4,1,20,ONE_POINT,100,100,RANDOM,6
182,18300,61.973875522613525,52803,52812.64,0,0.4,1,20,ONE_POINT,100,100,RANDOM,6
183,18400,62.31857371330261,52578,52587.0,0,0.4,1,20,ONE_POINT,100,100,RANDOM,6
184,18500,62.682283878326416,52423,52433.1,0,0.4,1,20,ONE_POINT,100,100,RANDOM,6
185,18600,63.054545164108276,52249,52256.8,0,0.4,1,20,ONE_POINT,100,100,RANDOM,6
186,18700,63.42977809906006,51998,52100.4,0,0.4,1,20,ONE_POINT,100,100,RANDOM,6
187,18800,63.78930163383484,51963,51971.17,0,0.4,1,20,ONE_POINT,100,100,RANDOM,6
188,18900,64.17555069923401,51705,51718.25,0,0.4,1,20,ONE_POINT,100,100,RANDOM,6
189,19000,64.57054877281189,51494,51502.44,0,0.4,1,20,ONE_POINT,100,100,RANDOM,6
190,19100,64.95511889457703,51050,51111.13,0,0.4,1,20,ONE_POINT,100,100,RANDOM,6
191,19200,65.33801746368408,50914,50928.71,0,0.4,1,20,ONE_POINT,100,100,RANDOM,6
192,19300,65.77377796173096,50781,50794.97,0,0.4,1,20,ONE_POINT,100,100,RANDOM,6
193,19400,66.20607948303223,50650,50685.93,0,0.4,1,20,ONE_POINT,100,100,RANDOM,6
194,19500,66.66553688049316,50498,50506.91,0,0.4,1,20,ONE_POINT,100,100,RANDOM,6
195,19600,66.99228000640869,50435,50440.06,0,0.4,1,20,ONE_POINT,100,100,RANDOM,6
196,19700,67.36274218559265,50318,50325.65,0,0.4,1,20,ONE_POINT,100,100,RANDOM,6
197,19800,67.72154688835144,50313,50317.09,0,0.4,1,20,ONE_POINT,100,100,RANDOM,6
198,19900,68.10659122467041,50215,50221.29,0,0.4,1,20,ONE_POINT,100,100,RANDOM,6
199,20000,68.45503258705139,50156,50164.48,0,0.4,1,20,ONE_POINT,100,100,RANDOM,6
200,20100,68.81544065475464,49957,49976.41,0,0.4,1,20,ONE_POINT,100,100,RANDOM,6
201,20200,69.17657780647278,49767,49796.81,0,0.4,1,20,ONE_POINT,100,100,RANDOM,6
202,20300,69.5804557800293,49695,49701.34,0,0.4,1,20,ONE_POINT,100,100,RANDOM,6
203,20400,69.9760594367981,49632,49720.16,0,0.4,1,20,ONE_POINT,100,100,RANDOM,6
204,20500,70.3567533493042,49375,49391.73,0,0.4,1,20,ONE_POINT,100,100,RANDOM,6
205,20600,70.70342755317688,49334,49355.74,0,0.4,1,20,ONE_POINT,100,100,RANDOM,6
206,20700,71.0737931728363,48944,48960.01,0,0.4,1,20,ONE_POINT,100,100,RANDOM,6
207,20800,71.45537781715393,48722,48736.84,0,0.4,1,20,ONE_POINT,100,100,RANDOM,6
208,20900,71.8144052028656,48564,48574.12,0,0.4,1,20,ONE_POINT,100,100,RANDOM,6
209,21000,72.20907998085022,48551,48557.42,0,0.4,1,20,ONE_POINT,100,100,RANDOM,6
210,21100,72.56070947647095,48479,48486.86,0,0.4,1,20,ONE_POINT,100,100,RANDOM,6
211,21200,72.91533946990967,48287,48319.71,0,0.4,1,20,ONE_POINT,100,100,RANDOM,6
212,21300,73.26883435249329,48146,48160.26,0,0.4,1,20,ONE_POINT,100,100,RANDOM,6
213,21400,73.60687112808228,48120,48123.68,0,0.4,1,20,ONE_POINT,100,100,RANDOM,6
214,21500,73.91549372673035,47917,47929.6,0,0.4,1,20,ONE_POINT,100,100,RANDOM,6
215,21600,74.26163387298584,47698,47713.43,0,0.4,1,20,ONE_POINT,100,100,RANDOM,6
216,21700,74.58920335769653,47610,47618.71,0,0.4,1,20,ONE_POINT,100,100,RANDOM,6
217,21800,74.90805053710938,47545,47559.42,0,0.4,1,20,ONE_POINT,100,100,RANDOM,6
218,21900,75.20865535736084,47520,47522.5,0,0.4,1,20,ONE_POINT,100,100,RANDOM,6
219,22000,75.53151822090149,47448,47516.63,0,0.4,1,20,ONE_POINT,100,100,RANDOM,6
220,22100,75.8478171825409,47404,47407.52,0,0.4,1,20,ONE_POINT,100,100,RANDOM,6
221,22200,76.20594525337219,47294,47300.94,0,0.4,1,20,ONE_POINT,100,100,RANDOM,6
222,22300,76.55043530464172,47252,47254.97,0,0.4,1,20,ONE_POINT,100,100,RANDOM,6
223,22400,76.90539860725403,47101,47110.9,0,0.4,1,20,ONE_POINT,100,100,RANDOM,6
224,22500,77.20471525192261,47026,47044.58,0,0.4,1,20,ONE_POINT,100,100,RANDOM,6
225,22600,77.5398097038269,46834,46842.91,0,0.4,1,20,ONE_POINT,100,100,RANDOM,6
226,22700,77.88258981704712,46631,46645.53,0,0.4,1,20,ONE_POINT,100,100,RANDOM,6
227,22800,78.21987700462341,46587,46681.67,0,0.4,1,20,ONE_POINT,100,100,RANDOM,6
228,22900,78.55129861831665,46508,46547.42,0,0.4,1,20,ONE_POINT,100,100,RANDOM,6
229,23000,78.87999606132507,46354,46362.49,0,0.4,1,20,ONE_POINT,100,100,RANDOM,6
230,23100,79.20220851898193,46293,46320.93,0,0.4,1,20,ONE_POINT,100,100,RANDOM,6
231,23200,79.50753903388977,46228,46243.42,0,0.4,1,20,ONE_POINT,100,100,RANDOM,6
232,23300,79.86618852615356,46166,46169.39,0,0.4,1,20,ONE_POINT,100,100,RANDOM,6
233,23400,80.18222784996033,46123,46130.49,0,0.4,1,20,ONE_POINT,100,100,RANDOM,6
234,23500,80.54511523246765,46061,46064.32,0,0.4,1,20,ONE_POINT,100,100,RANDOM,6
235,23600,80.93163180351257,46046,46050.61,0,0.4,1,20,ONE_POINT,100,100,RANDOM,6
236,23700,81.24848985671997,45911,45931.55,0,0.4,1,20,ONE_POINT,100,100,RANDOM,6
237,23800,81.61150121688843,45859,46044.54,0,0.4,1,20,ONE_POINT,100,100,RANDOM,6
238,23900,81.94733119010925,45758,45773.33,0,0.4,1,20,ONE_POINT,100,100,RANDOM,6
239,24000,82.27388429641724,45695,45701.05,0,0.4,1,20,ONE_POINT,100,100,RANDOM,6
240,24100,82.62847542762756,45654,45658.78,0,0.4,1,20,ONE_POINT,100,100,RANDOM,6
241,24200,82.94953608512878,45609,45613.37,0,0.4,1,20,ONE_POINT,100,100,RANDOM,6
242,24300,83.28346157073975,45534,45549.52,0,0.4,1,20,ONE_POINT,100,100,RANDOM,6
243,24400,83.6005368232727,45516,45517.81,0,0.4,1,20,ONE_POINT,100,100,RANDOM,6
244,24500,83.94723200798035,45473,45494.63,0,0.4,1,20,ONE_POINT,100,100,RANDOM,6
245,24600,84.2680561542511,45467,45487.83,0,0.4,1,20,ONE_POINT,100,100,RANDOM,6
246,24700,84.60014081001282,45272,45286.21,0,0.4,1,20,ONE_POINT,100,100,RANDOM,6
247,24800,84.94945120811462,45244,45246.9,0,0.4,1,20,ONE_POINT,100,100,RANDOM,6
248,24900,85.38039827346802,45193,45201.71,0,0.4,1,20,ONE_POINT,100,100,RANDOM,6
249,25000,85.7532799243927,45129,45144.81,0,0.4,1,20,ONE_POINT,100,100,RANDOM,6
250,25100,86.1016685962677,45057,45089.94,0,0.4,1,20,ONE_POINT,100,100,RANDOM,6
251,25200,86.44775581359863,45054,45055.36,0,0.4,1,20,ONE_POINT,100,100,RANDOM,6
252,25300,86.81236433982849,44993,45002.41,0,0.4,1,20,ONE_POINT,100,100,RANDOM,6
253,25400,87.18429589271545,44927,44942.95,0,0.4,1,20,ONE_POINT,100,100,RANDOM,6
254,25500,87.6119441986084,44816,44956.95,0,0.4,1,20,ONE_POINT,100,100,RANDOM,6
255,25600,87.9718370437622,44806,44809.78,0,0.4,1,20,ONE_POINT,100,100,RANDOM,6
256,25700,88.29355025291443,44678,44687.66,0,0.4,1,20,ONE_POINT,100,100,RANDOM,6
257,25800,88.64060020446777,44637,44641.1,0,0.4,1,20,ONE_POINT,100,100,RANDOM,6
258,25900,88.95086789131165,44602,44630.95,0,0.4,1,20,ONE_POINT,100,100,RANDOM,6
259,26000,89.30689096450806,44475,44484.24,0,0.4,1,20,ONE_POINT,100,100,RANDOM,6
260,26100,89.6772711277008,44436,44455.3,0,0.4,1,20,ONE_POINT,100,100,RANDOM,6
261,26200,90.0013678073883,44436,44436.0,0,0.4,1,20,ONE_POINT,100,100,RANDOM,6
262,26300,90.31728267669678,44408,44426.68,0,0.4,1,20,ONE_POINT,100,100,RANDOM,6
263,26400,90.71386480331421,44361,44366.75,0,0.4,1,20,ONE_POINT,100,100,RANDOM,6
264,26500,91.14352250099182,44312,44330.88,0,0.4,1,20,ONE_POINT,100,100,RANDOM,6
265,26600,91.50066113471985,44160,44177.89,0,0.4,1,20,ONE_POINT,100,100,RANDOM,6
266,26700,91.82154488563538,44105,44123.28,0,0.4,1,20,ONE_POINT,100,100,RANDOM,6
267,26800,92.2455735206604,44009,44048.74,0,0.4,1,20,ONE_POINT,100,100,RANDOM,6
268,26900,92.63227534294128,43942,43948.53,0,0.4,1,20,ONE_POINT,100,100,RANDOM,6
269,27000,93.0309407711029,43888,43920.46,0,0.4,1,20,ONE_POINT,100,100,RANDOM,6
270,27100,93.38106417655945,43847,43865.44,0,0.4,1,20,ONE_POINT,100,100,RANDOM,6
271,27200,93.69691371917725,43756,43766.82,0,0.4,1,20,ONE_POINT,100,100,RANDOM,6
272,27300,94.00504183769226,43672,43689.4,0,0.4,1,20,ONE_POINT,100,100,RANDOM,6
273,27400,94.32480263710022,43658,43695.98,0,0.4,1,20,ONE_POINT,100,100,RANDOM,6
274,27500,94.6578299999237,43599,43637.68,0,0.4,1,20,ONE_POINT,100,100,RANDOM,6
275,27600,94.99112486839294,43566,43568.64,0,0.4,1,20,ONE_POINT,100,100,RANDOM,6
276,27700,95.31850624084473,43455,43513.85,0,0.4,1,20,ONE_POINT,100,100,RANDOM,6
277,27800,95.64003992080688,43439,43449.72,0,0.4,1,20,ONE_POINT,100,100,RANDOM,6
278,27900,95.96680355072021,43389,43404.98,0,0.4,1,20,ONE_POINT,100,100,RANDOM,6
279,28000,96.27735328674316,43364,43372.08,0,0.4,1,20,ONE_POINT,100,100,RANDOM,6
280,28100,96.59441447257996,43350,43400.32,0,0.4,1,20,ONE_POINT,100,100,RANDOM,6
281,28200,96.95958518981934,43298,43301.64,0,0.4,1,20,ONE_POINT,100,100,RANDOM,6
282,28300,97.27663207054138,43245,43302.83,0,0.4,1,20,ONE_POINT,100,100,RANDOM,6
283,28400,97.62059879302979,43206,43209.31,0,0.4,1,20,ONE_POINT,100,100,RANDOM,6
284,28500,97.95289659500122,43163,43181.48,0,0.4,1,20,ONE_POINT,100,100,RANDOM,6
285,28600,98.25086712837219,43109,43115.22,0,0.4,1,20,ONE_POINT,100,100,RANDOM,6
286,28700,98.53980255126953,43066,43071.63,0,0.4,1,20,ONE_POINT,100,100,RANDOM,6
287,28800,98.8316376209259,43058,43063.66,0,0.4,1,20,ONE_POINT,100,100,RANDOM,6
288,28900,99.13912343978882,42969,42976.83,0,0.4,1,20,ONE_POINT,100,100,RANDOM,6
289,29000,99.45327591896057,42942,42956.29,0,0.4,1,20,ONE_POINT,100,100,RANDOM,6
290,29100,99.76784133911133,42869,42936.25,0,0.4,1,20,ONE_POINT,100,100,RANDOM,6
291,29200,100.15096306800842,42819,42873.51,0,0.4,1,20,ONE_POINT,100,100,RANDOM,6
292,29300,100.46628665924072,42790,42802.08,0,0.4,1,20,ONE_POINT,100,100,RANDOM,6
293,29400,100.86539220809937,42736,42756.73,0,0.4,1,20,ONE_POINT,100,100,RANDOM,6
294,29500,101.22993040084839,42736,42736.0,0,0.4,1,20,ONE_POINT,100,100,RANDOM,6
295,29600,101.54817509651184,42683,42687.24,0,0.4,1,20,ONE_POINT,100,100,RANDOM,6
296,29700,101.94822216033936,42662,42667.77,0,0.4,1,20,ONE_POINT,100,100,RANDOM,6
297,29800,102.31963348388672,42628,42654.96,0,0.4,1,20,ONE_POINT,100,100,RANDOM,6
298,29900,102.61617088317871,42609,42620.43,0,0.4,1,20,ONE_POINT,100,100,RANDOM,6
299,30000,102.93904447555542,42514,42524.36,0,0.4,1,20,ONE_POINT,100,100,RANDOM,6
300,30100,103.24980664253235,42481,42501.43,0,0.4,1,20,ONE_POINT,100,100,RANDOM,6
301,30200,103.54901695251465,42472,42473.6,0,0.4,1,20,ONE_POINT,100,100,RANDOM,6
302,30300,103.8542206287384,42472,42472.0,0,0.4,1,20,ONE_POINT,100,100,RANDOM,6
303,30400,104.1779727935791,42443,42445.9,0,0.4,1,20,ONE_POINT,100,100,RANDOM,6
304,30500,104.53264927864075,42433,42613.49,0,0.4,1,20,ONE_POINT,100,100,RANDOM,6
305,30600,104.93443584442139,42320,42366.35,0,0.4,1,20,ONE_POINT,100,100,RANDOM,6
306,30700,105.32773399353027,42239,42248.49,0,0.4,1,20,ONE_POINT,100,100,RANDOM,6
307,30800,105.64958167076111,42239,42239.0,0,0.4,1,20,ONE_POINT,100,100,RANDOM,6
308,30900,106.01542568206787,42239,42239.0,0,0.4,1,20,ONE_POINT,100,100,RANDOM,6
309,31000,106.35459184646606,42156,42161.11,0,0.4,1,20,ONE_POINT,100,100,RANDOM,6
310,31100,106.6750226020813,42105,42110.11,0,0.4,1,20,ONE_POINT,100,100,RANDOM,6
311,31200,106.96895122528076,42016,42054.29,0,0.4,1,20,ONE_POINT,100,100,RANDOM,6
312,31300,107.32065844535828,41987,42024.06,0,0.4,1,20,ONE_POINT,100,100,RANDOM,6
313,31400,107.70423293113708,41976,41979.11,0,0.4,1,20,ONE_POINT,100,100,RANDOM,6
314,31500,108.06740117073059,41942,41971.79,0,0.4,1,20,ONE_POINT,100,100,RANDOM,6
315,31600,108.40772652626038,41901,41915.1,0,0.4,1,20,ONE_POINT,100,100,RANDOM,6
316,31700,108.73766613006592,41886,41892.79,0,0.4,1,20,ONE_POINT,100,100,RANDOM,6
317,31800,109.0821967124939,41848,41880.81,0,0.4,1,20,ONE_POINT,100,100,RANDOM,6
318,31900,109.4280219078064,41791,41807.77,0,0.4,1,20,ONE_POINT,100,100,RANDOM,6
319,32000,109.73448204994202,41740,41752.8,0,0.4,1,20,ONE_POINT,100,100,RANDOM,6
320,32100,110.03994584083557,41633,41640.71,0,0.4,1,20,ONE_POINT,100,100,RANDOM,6
321,32200,110.34725642204285,41627,41631.41,0,0.4,1,20,ONE_POINT,100,100,RANDOM,6
322,32300,110.66422009468079,41570,41575.25,0,0.4,1,20,ONE_POINT,100,100,RANDOM,6
323,32400,110.99893808364868,41528,41541.63,0,0.4,1,20,ONE_POINT,100,100,RANDOM,6
324,32500,111.31212997436523,41461,41468.93,0,0.4,1,20,ONE_POINT,100,100,RANDOM,6
325,32600,111.62672400474548,41359,41365.12,0,0.4,1,20,ONE_POINT,100,100,RANDOM,6
326,32700,111.96507954597473,41278,41290.25,0,0.4,1,20,ONE_POINT,100,100,RANDOM,6
327,32800,112.26709342002869,41261,41263.44,0,0.4,1,20,ONE_POINT,100,100,RANDOM,6
328,32900,112.55518651008606,41209,41214.77,0,0.4,1,20,ONE_POINT,100,100,RANDOM,6
329,33000,112.84965944290161,41189,41191.2,0,0.4,1,20,ONE_POINT,100,100,RANDOM,6
330,33100,113.14932012557983,41040,41049.01,0,0.4,1,20,ONE_POINT,100,100,RANDOM,6
331,33200,113.44628810882568,41021,41025.54,0,0.4,1,20,ONE_POINT,100,100,RANDOM,6
332,33300,113.77017092704773,41005,41008.27,0,0.4,1,20,ONE_POINT,100,100,RANDOM,6
333,33400,114.08035159111023,40991,40992.68,0,0.4,1,20,ONE_POINT,100,100,RANDOM,6
334,33500,114.41274547576904,40931,40953.56,0,0.4,1,20,ONE_POINT,100,100,RANDOM,6
335,33600,114.7573733329773,40917,40922.63,0,0.4,1,20,ONE_POINT,100,100,RANDOM,6
336,33700,115.08035206794739,40814,40833.44,0,0.4,1,20,ONE_POINT,100,100,RANDOM,6
337,33800,115.39197397232056,40808,40838.13,0,0.4,1,20,ONE_POINT,100,100,RANDOM,6
338,33900,115.72139692306519,40750,40759.69,0,0.4,1,20,ONE_POINT,100,100,RANDOM,6
339,34000,116.02832460403442,40700,40705.32,0,0.4,1,20,ONE_POINT,100,100,RANDOM,6
340,34100,116.32483673095703,40688,40690.76,0,0.4,1,20,ONE_POINT,100,100,RANDOM,6
341,34200,116.62437295913696,40688,40688.0,0,0.4,1,20,ONE_POINT,100,100,RANDOM,6
1,200,0.22644829750061035,133547,133919.82,0,0.4,1,20,ONE_POINT,100,100,RANDOM,7
2,300,0.5558226108551025,131050,131124.58,0,0.4,1,20,ONE_POINT,100,100,RANDOM,7
3,400,0.8549749851226807,129902,129924.96,0,0.4,1,20,ONE_POINT,100,100,RANDOM,7
4,500,1.188443660736084,128191,128307.23,0,0.4,1,20,ONE_POINT,100,100,RANDOM,7
5,600,1.5071640014648438,126922,126947.38,0,0.4,1,20,ONE_POINT,100,100,RANDOM,7
6,700,1.8482072353363037,124198,124227.77,0,0.4,1,20,ONE_POINT,100,100,RANDOM,7
7,800,2.2056891918182373,123520,123534.57,0,0.4,1,20,ONE_POINT,100,100,RANDOM,7
8,900,2.5405361652374268,121558,121592.58,0,0.4,1,20,ONE_POINT,100,100,RANDOM,7
9,1000,2.854714870452881,119724,119760.68,0,0.4,1,20,ONE_POINT,100,100,RANDOM,7
10,1100,3.1841001510620117,118996,119023.84,0,0.4,1,20,ONE_POINT,100,100,RANDOM,7
11,1200,3.517934799194336,117238,117273.16,0,0.4,1,20,ONE_POINT,100,100,RANDOM,7
12,1300,3.8235080242156982,116454,116476.0,0,0.4,1,20,ONE_POINT,100,100,RANDOM,7
13,1400,4.131973505020142,115440,115484.66,0,0.4,1,20,ONE_POINT,100,100,RANDOM,7
14,1500,4.460667610168457,114345,114384.99,0,0.4,1,20,ONE_POINT,100,100,RANDOM,7
15,1600,4.767802953720093,113187,113221.74,0,0.4,1,20,ONE_POINT,100,100,RANDOM,7
16,1700,5.0629332065582275,112033,112076.09,0,0.4,1,20,ONE_POINT,100,100,RANDOM,7
17,1800,5.39786171913147,111445,111477.39,0,0.4,1,20,ONE_POINT,100,100,RANDOM,7
18,1900,5.725083112716675,110096,110136.47,0,0.4,1,20,ONE_POINT,100,100,RANDOM,7
19,2000,6.04205584526062,108825,108862.71,0,0.4,1,20,ONE_POINT,100,100,RANDOM,7
20,2100,6.375742435455322,107556,107606.57,0,0.4,1,20,ONE_POINT,100,100,RANDOM,7
21,2200,6.71612811088562,106764,106795.68,0,0.4,1,20,ONE_POINT,100,100,RANDOM,7
22,2300,7.061647176742554,105737,105767.81,0,0.4,1,20,ONE_POINT,100,100,RANDOM,7
23,2400,7.369480609893799,105368,105475.65,0,0.4,1,20,ONE_POINT,100,100,RANDOM,7
24,2500,7.714292764663696,104557,104596.69,0,0.4,1,20,ONE_POINT,100,100,RANDOM,7
25,2600,8.114787578582764,103609,103679.82,0,0.4,1,20,ONE_POINT,100,100,RANDOM,7
26,2700,8.418996334075928,103008,103028.42,0,0.4,1,20,ONE_POINT,100,100,RANDOM,7
27,2800,8.740431785583496,101051,101090.14,0,0.4,1,20,ONE_POINT,100,100,RANDOM,7
28,2900,9.06584882736206,100269,100292.46,0,0.4,1,20,ONE_POINT,100,100,RANDOM,7
29,3000,9.365324974060059,99548,99615.45,0,0.4,1,20,ONE_POINT,100,100,RANDOM,7
30,3100,9.690032005310059,98812,98836.71,0,0.4,1,20,ONE_POINT,100,100,RANDOM,7
31,3200,10.103447675704956,98064,98100.86,0,0.4,1,20,ONE_POINT,100,100,RANDOM,7
32,3300,10.409096479415894,97556,97577.33,0,0.4,1,20,ONE_POINT,100,100,RANDOM,7
33,3400,10.700499773025513,96359,96394.91,0,0.4,1,20,ONE_POINT,100,100,RANDOM,7
34,3500,10.996854782104492,95809,95829.63,0,0.4,1,20,ONE_POINT,100,100,RANDOM,7
35,3600,11.288017988204956,95340,95359.67,0,0.4,1,20,ONE_POINT,100,100,RANDOM,7
36,3700,11.62632703781128,94543,94597.41,0,0.4,1,20,ONE_POINT,100,100,RANDOM,7
37,3800,11.962910652160645,94015,94043.52,0,0.4,1,20,ONE_POINT,100,100,RANDOM,7
38,3900,12.272355556488037,93056,93084.77,0,0.4,1,20,ONE_POINT,100,100,RANDOM,7
39,4000,12.604930639266968,91997,92012.92,0,0.4,1,20,ONE_POINT,100,100,RANDOM,7
40,4100,12.901057243347168,91416,91439.24,0,0.4,1,20,ONE_POINT,100,100,RANDOM,7
41,4200,13.245708703994751,90755,90774.83,0,0.4,1,20,ONE_POINT,100,100,RANDOM,7
42,4300,13.542756080627441,90107,90124.48,0,0.4,1,20,ONE_POINT,100,100,RANDOM,7
43,4400,13.84895658493042,89447,89490.53,0,0.4,1,20,ONE_POINT,100,100,RANDOM,7
44,4500,14.154028415679932,89012,89032.48,0,0.4,1,20,ONE_POINT,100,100,RANDOM,7
45,4600,14.449889421463013,87890,87923.66,0,0.4,1,20,ONE_POINT,100,100,RANDOM,7
46,4700,14.79684329032898,86600,86634.36,0,0.4,1,20,ONE_POINT,100,100,RANDOM,7
47,4800,15.104522943496704,86156,86188.4,0,0.4,1,20,ONE_POINT,100,100,RANDOM,7
48,4900,15.406247854232788,85679,85686.74,0,0.4,1,20,ONE_POINT,100,100,RANDOM,7
49,5000,15.749456405639648,84745,84763.58,0,0.4,1,20,ONE_POINT,100,100,RANDOM,7
50,5100,16.037704944610596,84339,84355.24,0,0.4,1,20,ONE_POINT,100,100,RANDOM,7
51,5200,16.371585369110107,84006,84019.22,0,0.4,1,20,ONE_POINT,100,100,RANDOM,7
52,5300,16.711389303207397,83323,83343.49,0,0.4,1,20,ONE_POINT,100,100,RANDOM,7
53,5400,17.12809658050537,82549,82582.49,0,0.4,1,20,ONE_POINT,100,100,RANDOM,7
54,5500,17.431411027908325,82044,82070.27,0,0.4,1,20,ONE_POINT,100,100,RANDOM,7
55,5600,17.76450228691101,81744,81764.16,0,0.4,1,20,ONE_POINT,100,100,RANDOM,7
56,5700,18.11844229698181,81589,81596.11,0,0.4,1,20,ONE_POINT,100,100,RANDOM,7
57,5800,18.438164472579956,81299,81341.52,0,0.4,1,20,ONE_POINT,100,100,RANDOM,7
58,5900,18.745832920074463,81045,81061.75,0,0.4,1,20,ONE_POINT,100,100,RANDOM,7
59,6000,19.12962293624878,80675,80689.19,0,0.4,1,20,ONE_POINT,100,100,RANDOM,7
60,6100,19.471410036087036,80197,80206.56,0,0.4,1,20,ONE_POINT,100,100,RANDOM,7
61,6200,19.812620401382446,79757,79774.6,0,0.4,1,20,ONE_POINT,100,100,RANDOM,7
62,6300,20.157419443130493,79404,79411.06,0,0.4,1,20,ONE_POINT,100,100,RANDOM,7
63,6400,20.473227500915527,79219,79233.44,0,0.4,1,20,ONE_POINT,100,100,RANDOM,7
64,6500,20.79080891609192,79015,79021.2,0,0.4,1,20,ONE_POINT,100,100,RANDOM,7
65,6600,21.150704860687256,78476,78486.78,0,0.4,1,20,ONE_POINT,100,100,RANDOM,7
66,6700,21.474677562713623,78115,78125.16,0,0.4,1,20,ONE_POINT,100,100,RANDOM,7
67,6800,21.794899225234985,77692,77737.39,0,0.4,1,20,ONE_POINT,100,100,RANDOM,7
68,6900,22.101189374923706,77359,77365.66,0,0.4,1,20,ONE_POINT,100,100,RANDOM,7
69,7000,22.461585521697998,76988,76998.0,0,0.4,1,20,ONE_POINT,100,100,RANDOM,7
70,7100,22.783252477645874,76657,76694.3,0,0.4,1,20,ONE_POINT,100,100,RANDOM,7
71,7200,23.103874444961548,76362,76370.85,0,0.4,1,20,ONE_POINT,100,100,RANDOM,7
72,7300,23.44204092025757,76030,76036.93,0,0.4,1,20,ONE_POINT,100,100,RANDOM,7
73,7400,23.80694270133972,75757,75771.46,0,0.4,1,20,ONE_POINT,100,100,RANDOM,7
74,7500,24.142035961151123,75502,75511.74,0,0.4,1,20,ONE_POINT,100,100,RANDOM,7
75,7600,24.46190071105957,75248,75255.62,0,0.4,1,20,ONE_POINT,100,100,RANDOM,7
76,7700,24.778702974319458,74720,74738.38,0,0.4,1,20,ONE_POINT,100,100,RANDOM,7
77,7800,25.113749504089355,74429,74436.23,0,0.4,1,20,ONE_POINT,100,100,RANDOM,7
78,7900,25.462653636932373,74008,74046.27,0,0.4,1,20,ONE_POINT,100,100,RANDOM,7
79,8000,25.75484323501587,73748,73754.98,0,0.4,1,20,ONE_POINT,100,100,RANDOM,7
80,8100,26.096068859100342,73300,73335.19,0,0.4,1,20,ONE_POINT,100,100,RANDOM,7
81,8200,26.424856185913086,73054,73061.43,0,0.4,1,20,ONE_POINT,100,100,RANDOM,7
82,8300,26.760610103607178,72758,72779.38,0,0.4,1,20,ONE_POINT,100,100,RANDOM,7
83,8400,27.168035984039307,72498,72517.91,0,0.4,1,20,ONE_POINT,100,100,RANDOM,7
84,8500,27.51364755630493,72346,72353.23,0,0.4,1,20,ONE_POINT,100,100,RANDOM,7
85,8600,27.82202982902527,71827,71842.57,0,0.4,1,20,ONE_POINT,100,100,RANDOM,7
86,8700,28.154077291488647,71219,71231.16,0,0.4,1,20,ONE_POINT,100,100,RANDOM,7
87,8800,28.472418785095215,70734,70743.7,0,0.4,1,20,ONE_POINT,100,100,RANDOM,7
88,8900,28.777250051498413,70471,70480.6,0,0.4,1,20,ONE_POINT,100,100,RANDOM,7
89,9000,29.069941997528076,70182,70219.74,0,0.4,1,20,ONE_POINT,100,100,RANDOM,7
90,9100,29.409704446792603,69826,69842.2,0,0.4,1,20,ONE_POINT,100,100,RANDOM,7
91,9200,29.706249475479126,69496,69519.83,0,0.4,1,20,ONE_POINT,100,100,RANDOM,7
92,9300,30.021125316619873,69254,69258.84,0,0.4,1,20,ONE_POINT,100,100,RANDOM,7
93,9400,30.32972550392151,68826,68837.46,0,0.4,1,20,ONE_POINT,100,100,RANDOM,7
94,9500,30.619982481002808,68605,68610.29,0,0.4,1,20,ONE_POINT,100,100,RANDOM,7
95,9600,30.943589210510254,68293,68300.88,0,0.4,1,20,ONE_POINT,100,100,RANDOM,7
96,9700,31.233541011810303,68023,68031.1,0,0.4,1,20,ONE_POINT,100,100,RANDOM,7
97,9800,31.62528347969055,67695,67747.12,0,0.4,1,20,ONE_POINT,100,100,RANDOM,7
98,9900,31.958074808120728,67352,67361.36,0,0.4,1,20,ONE_POINT,100,100,RANDOM,7
99,10000,32.29117774963379,67026,67038.56,0,0.4,1,20,ONE_POINT,100,100,RANDOM,7
100,10100,32.647597789764404,66719,66740.45,0,0.4,1,20,ONE_POINT,100,100,RANDOM,7
101,10200,32.94763946533203,66164,66223.05,0,0.4,1,20,ONE_POINT,100,100,RANDOM,7
102,10300,33.28364133834839,65696,65771.09,0,0.4,1,20,ONE_POINT,100,100,RANDOM,7
103,10400,33.69008684158325,65383,65392.39,0,0.4,1,20,ONE_POINT,100,100,RANDOM,7
104,10500,34.001320362091064,65100,65108.49,0,0.4,1,20,ONE_POINT,100,100,RANDOM,7
105,10600,34.31373047828674,64953,64992.95,0,0.4,1,20,ONE_POINT,100,100,RANDOM,7
106,10700,34.65503907203674,64703,64725.74,0,0.4,1,20,ONE_POINT,100,100,RANDOM,7
107,10800,34.94120407104492,64385,64438.73,0,0.4,1,20,ONE_POINT,100,100,RANDOM,7
108,10900,35.28506302833557,63798,63812.18,0,0.4,1,20,ONE_POINT,100,100,RANDOM,7
109,11000,35.59212613105774,63630,63636.85,0,0.4,1,20,ONE_POINT,100,100,RANDOM,7
110,11100,35.926923990249634,63418,63424.36,0,0.4,1,20,ONE_POINT,100,100,RANDOM,7
111,11200,36.28942680358887,62975,63024.45,0,0.4,1,20,ONE_POINT,100,100,RANDOM,7
112,11300,36.63273358345032,62843,62905.36,0,0.4,1,20,ONE_POINT,100,100,RANDOM,7
113,11400,36.961633920669556,62445,62456.94,0,0.4,1,20,ONE_POINT,100,100,RANDOM,7
114,11500,37.275092124938965,62128,62136.42,0,0.4,1,20,ONE_POINT,100,100,RANDOM,7
115,11600,37.56349158287048,61984,61988.33,0,0.4,1,20,ONE_POINT,100,100,RANDOM,7
116,11700,37.901798248291016,61775,61788.44,0,0.4,1,20,ONE_POINT,100,100,RANDOM,7
117,11800,38.23235774040222,61433,61453.38,0,0.4,1,20,ONE_POINT,100,100,RANDOM,7
118,11900,38.560545921325684,61216,61228.4,0,0.4,1,20,ONE_POINT,100,100,RANDOM,7
119,12000,38.88650417327881,60894,60903.66,0,0.4,1,20,ONE_POINT,100,100,RANDOM,7
120,12100,39.23271584510803,60609,60617.55,0,0.4,1,20,ONE_POINT,100,100,RANDOM,7
121,12200,39.522340297698975,60322,60350.25,0,0.4,1,20,ONE_POINT,100,100,RANDOM,7
122,12300,39.81982398033142,60177,60184.49,0,0.4,1,20,ONE_POINT,100,100,RANDOM,7
123,12400,40.159602642059326,59983,59990.07,0,0.4,1,20,ONE_POINT,100,100,RANDOM,7
124,12500,40.50388193130493,59753,59762.74,0,0.4,1,20,ONE_POINT,100,100,RANDOM,7
125,12600,40.807454347610474,59578,59583.25,0,0.4,1,20,ONE_POINT,100,100,RANDOM,7
126,12700,41.147130489349365,59203,59238.31,0,0.4,1,20,ONE_POINT,100,100,RANDOM,7
127,12800,41.52461385726929,59012,59017.73,0,0.4,1,20,ONE_POINT,100,100,RANDOM,7
128,12900,41.843169927597046,58753,58802.35,0,0.4,1,20,ONE_POINT,100,100,RANDOM,7
129,13000,42.15465712547302,58532,58540.1,0,0.4,1,20,ONE_POINT,100,100,RANDOM,7
130,13100,42.54164266586304,57740,57761.04,0,0.4,1,20,ONE_POINT,100,100,RANDOM,7
131,13200,42.881399393081665,57516,57522.72,0,0.4,1,20,ONE_POINT,100,100,RANDOM,7
132,13300,43.21269130706787,57321,57363.72,0,0.4,1,20,ONE_POINT,100,100,RANDOM,7
133,13400,43.550193548202515,57132,57157.28,0,0.4,1,20,ONE_POINT,100,100,RANDOM,7
134,13500,43.86447525024414,56980,56986.78,0,0.4,1,20,ONE_POINT,100,100,RANDOM,7
135,13600,44.157984018325806,56749,56755.93,0,0.4,1,20,ONE_POINT,100,100,RANDOM,7
136,13700,44.48699235916138,56398,56410.58,0,0.4,1,20,ONE_POINT,100,100,RANDOM,7
137,13800,44.7827627658844,56237,56245.88,0,0.4,1,20,ONE_POINT,100,100,RANDOM,7
138,13900,45.149720430374146,55969,56014.88,0,0.4,1,20,ONE_POINT,100,100,RANDOM,7
139,14000,45.54442024230957,55585,55627.69,0,0.4,1,20,ONE_POINT,100,100,RANDOM,7
140,14100,45.851375341415405,55466,55471.95,0,0.4,1,20,ONE_POINT,100,100,RANDOM,7
141,14200,46.146425008773804,55243,55280.41,0,0.4,1,20,ONE_POINT,100,100,RANDOM,7
142,14300,46.493828773498535,55068,55074.67,0,0.4,1,20,ONE_POINT,100,100,RANDOM,7
143,14400,46.878687620162964,54911,54922.45,0,0.4,1,20,ONE_POINT,100,100,RANDOM,7
144,14500,47.19032073020935,54721,54736.64,0,0.4,1,20,ONE_POINT,100,100,RANDOM,7
145,14600,47.51808714866638,54533,54542.42,0,0.4,1,20,ONE_POINT,100,100,RANDOM,7
146,14700,47.91054034233093,54407,54469.06,0,0.4,1,20,ONE_POINT,100,100,RANDOM,7
147,14800,48.2304470539093,54319,54323.28,0,0.4,1,20,ONE_POINT,100,100,RANDOM,7
148,14900,48.55210494995117,53866,53875.11,0,0.4,1,20,ONE_POINT,100,100,RANDOM,7
149,15000,48.8448212146759,53690,53701.85,0,0.4,1,20,ONE_POINT,100,100,RANDOM,7
150,15100,49.233813524246216,53576,53581.17,0,0.4,1,20,ONE_POINT,100,100,RANDOM,7
151,15200,49.545408487319946,53481,53502.77,0,0.4,1,20,ONE_POINT,100,100,RANDOM,7
152,15300,49.837754011154175,53324,53331.99,0,0.4,1,20,ONE_POINT,100,100,RANDOM,7
153,15400,50.146482706069946,53138,53147.17,0,0.4,1,20,ONE_POINT,100,100,RANDOM,7
154,15500,50.477853536605835,53082,53090.89,0,0.4,1,20,ONE_POINT,100,100,RANDOM,7
155,15600,50.81864881515503,52897,52904.96,0,0.4,1,20,ONE_POINT,100,100,RANDOM,7
156,15700,51.142674922943115,52759,52802.52,0,0.4,1,20,ONE_POINT,100,100,RANDOM,7
157,15800,51.48890495300293,52406,52460.53,0,0.4,1,20,ONE_POINT,100,100,RANDOM,7
158,15900,51.819188356399536,52359,52390.09,0,0.4,1,20,ONE_POINT,100,100,RANDOM,7
159,16000,52.11635184288025,52262,52265.88,0,0.4,1,20,ONE_POINT,100,100,RANDOM,7
160,16100,52.43478775024414,52185,52192.42,0,0.4,1,20,ONE_POINT,100,100,RANDOM,7
161,16200,52.74552893638611,52067,52073.46,0,0.4,1,20,ONE_POINT,100,100,RANDOM,7
162,16300,53.06621074676514,51955,51977.53,0,0.4,1,20,ONE_POINT,100,100,RANDOM,7
163,16400,53.395403146743774,51824,51831.67,0,0.4,1,20,ONE_POINT,100,100,RANDOM,7
164,16500,53.707736015319824,51711,51750.9,0,0.4,1,20,ONE_POINT,100,100,RANDOM,7
165,16600,54.063867807388306,51462,51513.32,0,0.4,1,20,ONE_POINT,100,100,RANDOM,7
166,16700,54.353745222091675,51289,51303.92,0,0.4,1,20,ONE_POINT,100,100,RANDOM,7
167,16800,54.77524542808533,51164,51210.86,0,0.4,1,20,ONE_POINT,100,100,RANDOM,7
168,16900,55.1232476234436,50908,50918.24,0,0.4,1,20,ONE_POINT,100,100,RANDOM,7
169,17000,55.468706130981445,50805,50811.31,0,0.4,1,20,ONE_POINT,100,100,RANDOM,7
170,17100,55.82500195503235,50570,50582.18,0,0.4,1,20,ONE_POINT,100,100,RANDOM,7
171,17200,56.16808485984802,50528,50530.64,0,0.4,1,20,ONE_POINT,100,100,RANDOM,7
172,17300,56.494966983795166,50461,50465.96,0,0.4,1,20,ONE_POINT,100,100,RANDOM,7
173,17400,56.813594818115234,50270,50279.6,0,0.4,1,20,ONE_POINT,100,100,RANDOM,7
174,17500,57.1640567779541,50181,50187.86,0,0.4,1,20,ONE_POINT,100,100,RANDOM,7
175,17600,57.51303315162659,50083,50093.66,0,0.4,1,20,ONE_POINT,100,100,RANDOM,7
176,17700,57.8451247215271,50039,50043.51,0,0.4,1,20,ONE_POINT,100,100,RANDOM,7
177,17800,58.182419776916504,49912,49916.86,0,0.4,1,20,ONE_POINT,100,100,RANDOM,7
178,17900,58.590595960617065,49733,49739.95,0,0.4,1,20,ONE_POINT,100,100,RANDOM,7
179,18000,58.94419002532959,49659,49663.0,0,0.4,1,20,ONE_POINT,100,100,RANDOM,7
180,18100,59.259307622909546,49516,49531.03,0,0.4,1,20,ONE_POINT,100,100,RANDOM,7
181,18200,59.66296720504761,49399,49410.1,0,0.4,1,20,ONE_POINT,100,100,RANDOM,7
182,18300,59.96320462226868,49296,49300.12,0,0.4,1,20,ONE_POINT,100,100,RANDOM,7
183,18400,60.29659390449524,49173,49206.82,0,0.4,1,20,ONE_POINT,100,100,RANDOM,7
184,18500,60.66578221321106,49113,49136.51,0,0.4,1,20,ONE_POINT,100,100,RANDOM,7
185,18600,61.01796555519104,49072,49121.19,0,0.4,1,20,ONE_POINT,100,100,RANDOM,7
186,18700,61.35173487663269,48932,48938.01,0,0.4,1,20,ONE_POINT,100,100,RANDOM,7
187,18800,61.69459939002991,48865,48869.65,0,0.4,1,20,ONE_POINT,100,100,RANDOM,7
188,18900,62.06719183921814,48781,48796.07,0,0.4,1,20,ONE_POINT,100,100,RANDOM,7
189,19000,62.38585042953491,48645,48650.44,0,0.4,1,20,ONE_POINT,100,100,RANDOM,7
190,19100,62.75547671318054,48537,48662.07,0,0.4,1,20,ONE_POINT,100,100,RANDOM,7
191,19200,63.06195139884949,48448,48459.39,0,0.4,1,20,ONE_POINT,100,100,RANDOM,7
192,19300,63.39371657371521,48374,48390.01,0,0.4,1,20,ONE_POINT,100,100,RANDOM,7
193,19400,63.745843172073364,48329,48334.79,0,0.4,1,20,ONE_POINT,100,100,RANDOM,7
194,19500,64.04246997833252,48254,48258.94,0,0.4,1,20,ONE_POINT,100,100,RANDOM,7
195,19600,64.33087849617004,48184,48186.8,0,0.4,1,20,ONE_POINT,100,100,RANDOM,7
196,19700,64.63563895225525,48120,48127.43,0,0.4,1,20,ONE_POINT,100,100,RANDOM,7
197,19800,64.992351770401,47906,47914.44,0,0.4,1,20,ONE_POINT,100,100,RANDOM,7
198,19900,65.33827424049377,47856,47868.17,0,0.4,1,20,ONE_POINT,100,100,RANDOM,7
199,20000,65.66612815856934,47759,47762.88,0,0.4,1,20,ONE_POINT,100,100,RANDOM,7
200,20100,65.99928903579712,47461,47509.39,0,0.4,1,20,ONE_POINT,100,100,RANDOM,7
201,20200,66.36869144439697,47345,47367.32,0,0.4,1,20,ONE_POINT,100,100,RANDOM,7
202,20300,66.74714016914368,47297,47301.13,0,0.4,1,20,ONE_POINT,100,100,RANDOM,7
203,20400,67.11596894264221,47210,47215.13,0,0.4,1,20,ONE_POINT,100,100,RANDOM,7
204,20500,67.53022575378418,47141,47163.26,0,0.4,1,20,ONE_POINT,100,100,RANDOM,7
205,20600,67.8595678806305,47063,47069.65,0,0.4,1,20,ONE_POINT,100,100,RANDOM,7
206,20700,68.19480228424072,47058,47065.0,0,0.4,1,20,ONE_POINT,100,100,RANDOM,7
207,20800,68.55066275596619,46907,46935.32,0,0.4,1,20,ONE_POINT,100,100,RANDOM,7
208,20900,68.84952473640442,46757,46776.96,0,0.4,1,20,ONE_POINT,100,100,RANDOM,7
209,21000,69.13647675514221,46665,46671.36,0,0.4,1,20,ONE_POINT,100,100,RANDOM,7
210,21100,69.45310378074646,46566,46580.44,0,0.4,1,20,ONE_POINT,100,100,RANDOM,7
211,21200,69.83957600593567,46520,46538.58,0,0.4,1,20,ONE_POINT,100,100,RANDOM,7
212,21300,70.18037128448486,46510,46537.42,0,0.4,1,20,ONE_POINT,100,100,RANDOM,7
213,21400,70.5112292766571,46452,46485.53,0,0.4,1,20,ONE_POINT,100,100,RANDOM,7
214,21500,70.81029438972473,46379,46384.56,0,0.4,1,20,ONE_POINT,100,100,RANDOM,7
215,21600,71.10421514511108,46341,46348.32,0,0.4,1,20,ONE_POINT,100,100,RANDOM,7
216,21700,71.46975874900818,46212,46223.64,0,0.4,1,20,ONE_POINT,100,100,RANDOM,7
217,21800,71.84438753128052,46193,46196.14,0,0.4,1,20,ONE_POINT,100,100,RANDOM,7
218,21900,72.1479561328888,46143,46152.58,0,0.4,1,20,ONE_POINT,100,100,RANDOM,7
219,22000,72.44125318527222,46072,46076.76,0,0.4,1,20,ONE_POINT,100,100,RANDOM,7
220,22100,72.75619697570801,45974,45982.42,0,0.4,1,20,ONE_POINT,100,100,RANDOM,7
221,22200,73.08471345901489,45921,45924.18,0,0.4,1,20,ONE_POINT,100,100,RANDOM,7
222,22300,73.46903538703918,45888,45891.26,0,0.4,1,20,ONE_POINT,100,100,RANDOM,7
223,22400,73.90826082229614,45834,45837.24,0,0.4,1,20,ONE_POINT,100,100,RANDOM,7
224,22500,74.24322175979614,45824,45826.53,0,0.4,1,20,ONE_POINT,100,100,RANDOM,7
225,22600,74.57507228851318,45702,45708.1,0,0.4,1,20,ONE_POINT,100,100,RANDOM,7
226,22700,74.91578507423401,45585,45592.07,0,0.4,1,20,ONE_POINT,100,100,RANDOM,7
227,22800,75.30403184890747,45539,45553.43,0,0.4,1,20,ONE_POINT,100,100,RANDOM,7
228,22900,75.61871099472046,45167,45182.39,0,0.4,1,20,ONE_POINT,100,100,RANDOM,7
229,23000,75.96160745620728,45100,45107.49,0,0.4,1,20,ONE_POINT,100,100,RANDOM,7
230,23100,76.34577298164368,45006,45017.53,0,0.4,1,20,ONE_POINT,100,100,RANDOM,7
231,23200,76.68394589424133,44908,44929.03,0,0.4,1,20,ONE_POINT,100,100,RANDOM,7
232,23300,76.98994898796082,44839,44843.11,0,0.4,1,20,ONE_POINT,100,100,RANDOM,7
233,23400,77.30500602722168,44744,44750.39,0,0.4,1,20,ONE_POINT,100,100,RANDOM,7
234,23500,77.60789704322815,44671,44675.38,0,0.4,1,20,ONE_POINT,100,100,RANDOM,7
235,23600,77.99764323234558,44641,44643.53,0,0.4,1,20,ONE_POINT,100,100,RANDOM,7
236,23700,78.33310914039612,44613,44617.07,0,0.4,1,20,ONE_POINT,100,100,RANDOM,7
237,23800,78.6467604637146,44508,44522.09,0,0.4,1,20,ONE_POINT,100,100,RANDOM,7
238,23900,78.97561645507812,44446,44535.16,0,0.4,1,20,ONE_POINT,100,100,RANDOM,7
239,24000,79.27018594741821,44354,44378.63,0,0.4,1,20,ONE_POINT,100,100,RANDOM,7
240,24100,79.57833576202393,44315,44325.79,0,0.4,1,20,ONE_POINT,100,100,RANDOM,7
241,24200,79.90599393844604,44295,44299.11,0,0.4,1,20,ONE_POINT,100,100,RANDOM,7
242,24300,80.20525789260864,44277,44285.06,0,0.4,1,20,ONE_POINT,100,100,RANDOM,7
243,24400,80.51905989646912,44174,44257.7,0,0.4,1,20,ONE_POINT,100,100,RANDOM,7
244,24500,80.86019086837769,44138,44141.97,0,0.4,1,20,ONE_POINT,100,100,RANDOM,7
245,24600,81.16952896118164,44095,44122.55,0,0.4,1,20,ONE_POINT,100,100,RANDOM,7
246,24700,81.50998616218567,43869,43882.1,0,0.4,1,20,ONE_POINT,100,100,RANDOM,7
247,24800,81.80422377586365,43854,43855.5,0,0.4,1,20,ONE_POINT,100,100,RANDOM,7
248,24900,82.12253022193909,43755,43770.7,0,0.4,1,20,ONE_POINT,100,100,RANDOM,7
249,25000,82.42836117744446,43665,43687.38,0,0.4,1,20,ONE_POINT,100,100,RANDOM,7
250,25100,82.78074717521667,43593,43598.93,0,0.4,1,20,ONE_POINT,100,100,RANDOM,7
251,25200,83.11093807220459,43559,43562.88,0,0.4,1,20,ONE_POINT,100,100,RANDOM,7
252,25300,83.418221950531,43545,43548.56,0,0.4,1,20,ONE_POINT,100,100,RANDOM,7
253,25400,83.73104929924011,43464,43467.38,0,0.4,1,20,ONE_POINT,100,100,RANDOM,7
254,25500,84.04511308670044,43390,43395.23,0,0.4,1,20,ONE_POINT,100,100,RANDOM,7
255,25600,84.34404277801514,43331,43349.91,0,0.4,1,20,ONE_POINT,100,100,RANDOM,7
256,25700,84.65050172805786,43278,43345.83,0,0.4,1,20,ONE_POINT,100,100,RANDOM,7
257,25800,84.9985818862915,43227,43238.88,0,0.4,1,20,ONE_POINT,100,100,RANDOM,7
258,25900,85.36342144012451,43158,43167.45,0,0.4,1,20,ONE_POINT,100,100,RANDOM,7
259,26000,85.69933342933655,43125,43133.76,0,0.4,1,20,ONE_POINT,100,100,RANDOM,7
260,26100,86.01260137557983,43099,43129.21,0,0.4,1,20,ONE_POINT,100,100,RANDOM,7
261,26200,86.31243515014648,43012,43022.24,0,0.4,1,20,ONE_POINT,100,100,RANDOM,7
262,26300,86.61608982086182,42904,42911.7,0,0.4,1,20,ONE_POINT,100,100,RANDOM,7
263,26400,86.94469547271729,42856,42868.28,0,0.4,1,20,ONE_POINT,100,100,RANDOM,7
264,26500,87.27719187736511,42848,42848.96,0,0.4,1,20,ONE_POINT,100,100,RANDOM,7
265,26600,87.57314658164978,42813,42815.88,0,0.4,1,20,ONE_POINT,100,100,RANDOM,7
266,26700,87.8710503578186,42763,42767.07,0,0.4,1,20,ONE_POINT,100,100,RANDOM,7
267,26800,88.18179273605347,42718,42728.52,0,0.4,1,20,ONE_POINT,100,100,RANDOM,7
268,26900,88.4859869480133,42668,42671.55,0,0.4,1,20,ONE_POINT,100,100,RANDOM,7
269,27000,88.79638600349426,42517,42524.55,0,0.4,1,20,ONE_POINT,100,100,RANDOM,7
270,27100,89.090261220932,42470,42473.03,0,0.4,1,20,ONE_POINT,100,100,RANDOM,7
271,27200,89.39453196525574,42398,42404.3,0,0.4,1,20,ONE_POINT,100,100,RANDOM,7
272,27300,89.68258762359619,42398,42398.0,0,0.4,1,20,ONE_POINT,100,100,RANDOM,7
273,27400,89.99047613143921,42398,42398.0,0,0.4,1,20,ONE_POINT,100,100,RANDOM,7
274,27500,90.32885837554932,42337,42357.42,0,0.4,1,20,ONE_POINT,100,100,RANDOM,7
275,27600,90.61771845817566,42306,42312.36,0,0.4,1,20,ONE_POINT,100,100,RANDOM,7
276,27700,90.94049453735352,42263,42266.75,0,0.4,1,20,ONE_POINT,100,100,RANDOM,7
277,27800,91.2384033203125,42245,42258.69,0,0.4,1,20,ONE_POINT,100,100,RANDOM,7
278,27900,91.5546326637268,42173,42179.14,0,0.4,1,20,ONE_POINT,100,100,RANDOM,7
279,28000,91.85557389259338,42158,42165.97,0,0.4,1,20,ONE_POINT,100,100,RANDOM,7
280,28100,92.16239047050476,42045,42060.06,0,0.4,1,20,ONE_POINT,100,100,RANDOM,7
281,28200,92.4980525970459,42024,42046.4,0,0.4,1,20,ONE_POINT,100,100,RANDOM,7
282,28300,92.81671357154846,42007,42008.62,0,0.4,1,20,ONE_POINT,100,100,RANDOM,7
283,28400,93.12018847465515,41965,41969.6,0,0.4,1,20,ONE_POINT,100,100,RANDOM,7
284,28500,93.43453454971313,41953,41954.4,0,0.4,1,20,ONE_POINT,100,100,RANDOM,7
285,28600,93.74889063835144,41867,41877.8,0,0.4,1,20,ONE_POINT,100,100,RANDOM,7
286,28700,94.05868148803711,41791,41796.88,0,0.4,1,20,ONE_POINT,100,100,RANDOM,7
287,28800,94.38207244873047,41698,41704.34,0,0.4,1,20,ONE_POINT,100,100,RANDOM,7
288,28900,94.69899916648865,41618,41634.83,0,0.4,1,20,ONE_POINT,100,100,RANDOM,7
289,29000,95.02381491661072,41609,41612.49,0,0.4,1,20,ONE_POINT,100,100,RANDOM,7
290,29100,95.3614239692688,41548,41563.6,0,0.4,1,20,ONE_POINT,100,100,RANDOM,7
291,29200,95.67258310317993,41507,41510.85,0,0.4,1,20,ONE_POINT,100,100,RANDOM,7
292,29300,95.96790862083435,41507,41507.0,0,0.4,1,20,ONE_POINT,100,100,RANDOM,7
293,29400,96.28033947944641,41392,41401.65,0,0.4,1,20,ONE_POINT,100,100,RANDOM,7
294,29500,96.56593179702759,41263,41270.74,0,0.4,1,20,ONE_POINT,100,100,RANDOM,7
295,29600,96.86663317680359,41186,41205.56,0,0.4,1,20,ONE_POINT,100,100,RANDOM,7
296,29700,97.19265866279602,41088,41093.91,0,0.4,1,20,ONE_POINT,100,100,RANDOM,7
297,29800,97.49196219444275,41064,41130.11,0,0.4,1,20,ONE_POINT,100,100,RANDOM,7
298,29900,97.82247257232666,41034,41046.7,0,0.4,1,20,ONE_POINT,100,100,RANDOM,7
299,30000,98.14336514472961,41018,41088.89,0,0.4,1,20,ONE_POINT,100,100,RANDOM,7
300,30100,98.45516681671143,40988,40993.76,0,0.4,1,20,ONE_POINT,100,100,RANDOM,7
301,30200,98.80065703392029,40964,40992.65,0,0.4,1,20,ONE_POINT,100,100,RANDOM,7
302,30300,99.0969626903534,40949,40981.07,0,0.4,1,20,ONE_POINT,100,100,RANDOM,7
303,30400,99.42672872543335,40937,40938.35,0,0.4,1,20,ONE_POINT,100,100,RANDOM,7
304,30500,99.770761013031,40832,40850.73,0,0.4,1,20,ONE_POINT,100,100,RANDOM,7
305,30600,100.12162375450134,40784,40803.11,0,0.4,1,20,ONE_POINT,100,100,RANDOM,7
306,30700,100.42987442016602,40648,40660.13,0,0.4,1,20,ONE_POINT,100,100,RANDOM,7
307,30800,100.72240018844604,40644,40650.7,0,0.4,1,20,ONE_POINT,100,100,RANDOM,7
308,30900,101.05546426773071,40615,40621.07,0,0.4,1,20,ONE_POINT,100,100,RANDOM,7
309,31000,101.36715078353882,40503,40526.43,0,0.4,1,20,ONE_POINT,100,100,RANDOM,7
310,31100,101.75697660446167,40343,40361.42,0,0.4,1,20,ONE_POINT,100,100,RANDOM,7
311,31200,102.08825588226318,40325,40328.31,0,0.4,1,20,ONE_POINT,100,100,RANDOM,7
312,31300,102.45088624954224,40225,40233.08,0,0.4,1,20,ONE_POINT,100,100,RANDOM,7
313,31400,102.81522011756897,40217,40227.24,0,0.4,1,20,ONE_POINT,100,100,RANDOM,7
314,31500,103.14508962631226,40217,40217.0,0,0.4,1,20,ONE_POINT,100,100,RANDOM,7
1,200,0.22149896621704102,128288,128964.87,0,0.4,1,20,ONE_POINT,100,100,RANDOM,8
2,300,0.5829887390136719,126749,126796.33,0,0.4,1,20,ONE_POINT,100,100,RANDOM,8
3,400,0.9145157337188721,124995,125030.08,0,0.4,1,20,ONE_POINT,100,100,RANDOM,8
4,500,1.2751483917236328,124218,124232.3,0,0.4,1,20,ONE_POINT,100,100,RANDOM,8
5,600,1.58156156539917,122485,122527.91,0,0.4,1,20,ONE_POINT,100,100,RANDOM,8
6,700,1.8714525699615479,120615,120652.4,0,0.4,1,20,ONE_POINT,100,100,RANDOM,8
7,800,2.1813137531280518,118941,118977.18,0,0.4,1,20,ONE_POINT,100,100,RANDOM,8
8,900,2.4720218181610107,117722,117746.38,0,0.4,1,20,ONE_POINT,100,100,RANDOM,8
9,1000,2.7704405784606934,115933,115986.93,0,0.4,1,20,ONE_POINT,100,100,RANDOM,8
10,1100,3.0751962661743164,115093,115124.69,0,0.4,1,20,ONE_POINT,100,100,RANDOM,8
11,1200,3.380117177963257,113539,113572.88,0,0.4,1,20,ONE_POINT,100,100,RANDOM,8
12,1300,3.6833317279815674,112616,112662.4,0,0.4,1,20,ONE_POINT,100,100,RANDOM,8
13,1400,4.012236595153809,111798,111827.92,0,0.4,1,20,ONE_POINT,100,100,RANDOM,8
14,1500,4.366686820983887,111389,111427.88,0,0.4,1,20,ONE_POINT,100,100,RANDOM,8
15,1600,4.730131149291992,109500,109537.78,0,0.4,1,20,ONE_POINT,100,100,RANDOM,8
16,1700,5.071655750274658,108908,108975.99,0,0.4,1,20,ONE_POINT,100,100,RANDOM,8
17,1800,5.39622688293457,108394,108499.27,0,0.4,1,20,ONE_POINT,100,100,RANDOM,8
18,1900,5.723149299621582,106810,106855.37,0,0.4,1,20,ONE_POINT,100,100,RANDOM,8
19,2000,6.049005508422852,106170,106187.51,0,0.4,1,20,ONE_POINT,100,100,RANDOM,8
20,2100,6.382200002670288,105212,105231.16,0,0.4,1,20,ONE_POINT,100,100,RANDOM,8
21,2200,6.69057822227478,104539,104574.73,0,0.4,1,20,ONE_POINT,100,100,RANDOM,8
22,2300,7.0002806186676025,103656,103908.3,0,0.4,1,20,ONE_POINT,100,100,RANDOM,8
23,2400,7.389641046524048,102496,102549.07,0,0.4,1,20,ONE_POINT,100,100,RANDOM,8
24,2500,7.729959011077881,102133,102147.52,0,0.4,1,20,ONE_POINT,100,100,RANDOM,8
25,2600,8.065416097640991,101364,101394.15,0,0.4,1,20,ONE_POINT,100,100,RANDOM,8
26,2700,8.433136940002441,100035,100086.19,0,0.4,1,20,ONE_POINT,100,100,RANDOM,8
27,2800,8.760728120803833,99505,99587.55,0,0.4,1,20,ONE_POINT,100,100,RANDOM,8
28,2900,9.09270191192627,99215,99226.6,0,0.4,1,20,ONE_POINT,100,100,RANDOM,8
29,3000,9.403550624847412,98147,98177.39,0,0.4,1,20,ONE_POINT,100,100,RANDOM,8
30,3100,9.755898237228394,97388,97403.18,0,0.4,1,20,ONE_POINT,100,100,RANDOM,8
31,3200,10.094287157058716,96649,96668.6,0,0.4,1,20,ONE_POINT,100,100,RANDOM,8
32,3300,10.49196195602417,95838,95863.99,0,0.4,1,20,ONE_POINT,100,100,RANDOM,8
33,3400,10.80327820777893,95345,95374.94,0,0.4,1,20,ONE_POINT,100,100,RANDOM,8
34,3500,11.1235032081604,94360,94388.51,0,0.4,1,20,ONE_POINT,100,100,RANDOM,8
35,3600,11.444674730300903,94087,94095.63,0,0.4,1,20,ONE_POINT,100,100,RANDOM,8
36,3700,11.732961654663086,93516,93538.84,0,0.4,1,20,ONE_POINT,100,100,RANDOM,8
37,3800,12.027270078659058,92765,92793.29,0,0.4,1,20,ONE_POINT,100,100,RANDOM,8
38,3900,12.316773653030396,91934,91952.18,0,0.4,1,20,ONE_POINT,100,100,RANDOM,8
39,4000,12.656190395355225,91269,91285.54,0,0.4,1,20,ONE_POINT,100,100,RANDOM,8
40,4100,12.96888542175293,90721,90737.44,0,0.4,1,20,ONE_POINT,100,100,RANDOM,8
41,4200,13.344746828079224,90439,90456.82,0,0.4,1,20,ONE_POINT,100,100,RANDOM,8
42,4300,13.707849025726318,90038,90062.57,0,0.4,1,20,ONE_POINT,100,100,RANDOM,8
43,4400,14.030600309371948,88912,88936.98,0,0.4,1,20,ONE_POINT,100,100,RANDOM,8
44,4500,14.34415340423584,88465,88494.14,0,0.4,1,20,ONE_POINT,100,100,RANDOM,8
45,4600,14.719768285751343,88153,88169.95,0,0.4,1,20,ONE_POINT,100,100,RANDOM,8
46,4700,15.06763768196106,87361,87383.94,0,0.4,1,20,ONE_POINT,100,100,RANDOM,8
47,4800,15.384541511535645,87027,87039.8,0,0.4,1,20,ONE_POINT,100,100,RANDOM,8
48,4900,15.704680442810059,86200,86216.54,0,0.4,1,20,ONE_POINT,100,100,RANDOM,8
49,5000,16.00657367706299,85986,86003.72,0,0.4,1,20,ONE_POINT,100,100,RANDOM,8
50,5100,16.313477277755737,85461,85513.55,0,0.4,1,20,ONE_POINT,100,100,RANDOM,8
51,5200,16.69442343711853,85203,85213.32,0,0.4,1,20,ONE_POINT,100,100,RANDOM,8
52,5300,17.05317187309265,84087,84111.02,0,0.4,1,20,ONE_POINT,100,100,RANDOM,8
53,5400,17.40599799156189,83794,83827.36,0,0.4,1,20,ONE_POINT,100,100,RANDOM,8
54,5500,17.70340609550476,83504,83515.6,0,0.4,1,20,ONE_POINT,100,100,RANDOM,8
55,5600,18.032970905303955,82859,82937.29,0,0.4,1,20,ONE_POINT,100,100,RANDOM,8
56,5700,18.339893341064453,82640,82653.95,0,0.4,1,20,ONE_POINT,100,100,RANDOM,8
57,5800,18.683284044265747,82191,82222.39,0,0.4,1,20,ONE_POINT,100,100,RANDOM,8
58,5900,19.055731058120728,81867,81883.14,0,0.4,1,20,ONE_POINT,100,100,RANDOM,8
59,6000,19.36090660095215,81275,81291.31,0,0.4,1,20,ONE_POINT,100,100,RANDOM,8
60,6100,19.742332458496094,80996,81006.1,0,0.4,1,20,ONE_POINT,100,100,RANDOM,8
61,6200,20.067723751068115,80271,80292.75,0,0.4,1,20,ONE_POINT,100,100,RANDOM,8
62,6300,20.410658836364746,79749,79770.33,0,0.4,1,20,ONE_POINT,100,100,RANDOM,8
63,6400,20.752830505371094,79086,79126.52,0,0.4,1,20,ONE_POINT,100,100,RANDOM,8
64,6500,21.0617618560791,78698,78715.65,0,0.4,1,20,ONE_POINT,100,100,RANDOM,8
65,6600,21.422128915786743,78371,78386.46,0,0.4,1,20,ONE_POINT,100,100,RANDOM,8
66,6700,21.766031980514526,77994,78009.08,0,0.4,1,20,ONE_POINT,100,100,RANDOM,8
67,6800,22.092694759368896,77714,77722.4,0,0.4,1,20,ONE_POINT,100,100,RANDOM,8
68,6900,22.449111461639404,77059,77088.56,0,0.4,1,20,ONE_POINT,100,100,RANDOM,8
69,7000,22.756653308868408,76276,76313.87,0,0.4,1,20,ONE_POINT,100,100,RANDOM,8
70,7100,23.080651998519897,76100,76107.04,0,0.4,1,20,ONE_POINT,100,100,RANDOM,8
71,7200,23.371744632720947,75725,75747.94,0,0.4,1,20,ONE_POINT,100,100,RANDOM,8
72,7300,23.728599548339844,75363,75376.1,0,0.4,1,20,ONE_POINT,100,100,RANDOM,8
73,7400,24.057445526123047,75062,75089.17,0,0.4,1,20,ONE_POINT,100,100,RANDOM,8
74,7500,24.376384258270264,74625,74647.32,0,0.4,1,20,ONE_POINT,100,100,RANDOM,8
75,7600,24.67646288871765,74498,74546.07,0,0.4,1,20,ONE_POINT,100,100,RANDOM,8
76,7700,24.96310257911682,74142,74168.32,0,0.4,1,20,ONE_POINT,100,100,RANDOM,8
77,7800,25.25168514251709,73766,73777.28,0,0.4,1,20,ONE_POINT,100,100,RANDOM,8
78,7900,25.547874450683594,73489,73541.05,0,0.4,1,20,ONE_POINT,100,100,RANDOM,8
79,8000,25.881991386413574,73038,73062.48,0,0.4,1,20,ONE_POINT,100,100,RANDOM,8
80,8100,26.20598578453064,72786,72847.51,0,0.4,1,20,ONE_POINT,100,100,RANDOM,8
81,8200,26.531097412109375,72508,72516.34,0,0.4,1,20,ONE_POINT,100,100,RANDOM,8
82,8300,26.81761932373047,72292,72303.19,0,0.4,1,20,ONE_POINT,100,100,RANDOM,8
83,8400,27.136450052261353,72078,72088.72,0,0.4,1,20,ONE_POINT,100,100,RANDOM,8
84,8500,27.42225432395935,71890,71895.64,0,0.4,1,20,ONE_POINT,100,100,RANDOM,8
85,8600,27.716874837875366,71134,71158.61,0,0.4,1,20,ONE_POINT,100,100,RANDOM,8
86,8700,28.050626516342163,70580,70596.18,0,0.4,1,20,ONE_POINT,100,100,RANDOM,8
87,8800,28.351360082626343,70445,70451.8,0,0.4,1,20,ONE_POINT,100,100,RANDOM,8
88,8900,28.66374683380127,69890,69912.73,0,0.4,1,20,ONE_POINT,100,100,RANDOM,8
89,9000,28.95316982269287,69718,69730.19,0,0.4,1,20,ONE_POINT,100,100,RANDOM,8
90,9100,29.253501892089844,69381,69394.48,0,0.4,1,20,ONE_POINT,100,100,RANDOM,8
91,9200,29.576157569885254,69244,69251.89,0,0.4,1,20,ONE_POINT,100,100,RANDOM,8
92,9300,29.90050458908081,68857,68876.07,0,0.4,1,20,ONE_POINT,100,100,RANDOM,8
93,9400,30.276265621185303,68538,68547.3,0,0.4,1,20,ONE_POINT,100,100,RANDOM,8
94,9500,30.628251552581787,68137,68251.9,0,0.4,1,20,ONE_POINT,100,100,RANDOM,8
95,9600,30.92634105682373,67884,67901.15,0,0.4,1,20,ONE_POINT,100,100,RANDOM,8
96,9700,31.23529601097107,67774,67780.6,0,0.4,1,20,ONE_POINT,100,100,RANDOM,8
97,9800,31.58760643005371,67472,67483.83,0,0.4,1,20,ONE_POINT,100,100,RANDOM,8
98,9900,31.957565307617188,67196,67217.81,0,0.4,1,20,ONE_POINT,100,100,RANDOM,8
99,10000,32.3746120929718,67009,67020.24,0,0.4,1,20,ONE_POINT,100,100,RANDOM,8
100,10100,32.70795297622681,66830,66836.4,0,0.4,1,20,ONE_POINT,100,100,RANDOM,8
101,10200,33.034170627593994,66664,66670.64,0,0.4,1,20,ONE_POINT,100,100,RANDOM,8
102,10300,33.38484025001526,66410,66420.16,0,0.4,1,20,ONE_POINT,100,100,RANDOM,8
103,10400,33.78043222427368,66192,66202.86,0,0.4,1,20,ONE_POINT,100,100,RANDOM,8
104,10500,34.139867305755615,66128,66131.84,0,0.4,1,20,ONE_POINT,100,100,RANDOM,8
105,10600,34.51698088645935,65868,65900.49,0,0.4,1,20,ONE_POINT,100,100,RANDOM,8
106,10700,34.86372399330139,65557,65604.81,0,0.4,1,20,ONE_POINT,100,100,RANDOM,8
107,10800,35.223954916000366,65415,65423.52,0,0.4,1,20,ONE_POINT,100,100,RANDOM,8
108,10900,35.560935497283936,65304,65308.44,0,0.4,1,20,ONE_POINT,100,100,RANDOM,8
109,11000,35.965336322784424,65056,65068.71,0,0.4,1,20,ONE_POINT,100,100,RANDOM,8
110,11100,36.28684973716736,64801,64820.64,0,0.4,1,20,ONE_POINT,100,100,RANDOM,8
111,11200,36.63141179084778,64673,64678.12,0,0.4,1,20,ONE_POINT,100,100,RANDOM,8
112,11300,36.95667243003845,64568,64577.66,0,0.4,1,20,ONE_POINT,100,100,RANDOM,8
113,11400,37.28765106201172,64368,64376.0,0,0.4,1,20,ONE_POINT,100,100,RANDOM,8
114,11500,37.66592979431152,64168,64195.52,0,0.4,1,20,ONE_POINT,100,100,RANDOM,8
115,11600,38.0013632774353,63926,63933.26,0,0.4,1,20,ONE_POINT,100,100,RANDOM,8
116,11700,38.35107421875,63726,63732.93,0,0.4,1,20,ONE_POINT,100,100,RANDOM,8
117,11800,38.643781423568726,63163,63217.32,0,0.4,1,20,ONE_POINT,100,100,RANDOM,8
118,11900,38.935460805892944,63064,63067.93,0,0.4,1,20,ONE_POINT,100,100,RANDOM,8
119,12000,39.26412272453308,62740,62749.39,0,0.4,1,20,ONE_POINT,100,100,RANDOM,8
120,12100,39.670549631118774,62542,62562.23,0,0.4,1,20,ONE_POINT,100,100,RANDOM,8
121,12200,40.02730751037598,62465,62468.08,0,0.4,1,20,ONE_POINT,100,100,RANDOM,8
122,12300,40.3249089717865,62283,62290.28,0,0.4,1,20,ONE_POINT,100,100,RANDOM,8
123,12400,40.656344175338745,62013,62056.26,0,0.4,1,20,ONE_POINT,100,100,RANDOM,8
124,12500,40.952120542526245,61632,61655.14,0,0.4,1,20,ONE_POINT,100,100,RANDOM,8
125,12600,41.34484338760376,61610,61612.07,0,0.4,1,20,ONE_POINT,100,100,RANDOM,8
126,12700,41.66506624221802,61380,61405.67,0,0.4,1,20,ONE_POINT,100,100,RANDOM,8
127,12800,41.963969707489014,61227,61232.2,0,0.4,1,20,ONE_POINT,100,100,RANDOM,8
128,12900,42.3461217880249,61094,61123.27,0,0.4,1,20,ONE_POINT,100,100,RANDOM,8
129,13000,42.679094076156616,60771,60777.46,0,0.4,1,20,ONE_POINT,100,100,RANDOM,8
130,13100,43.02969455718994,60512,60522.36,0,0.4,1,20,ONE_POINT,100,100,RANDOM,8
131,13200,43.351884841918945,60232,60251.08,0,0.4,1,20,ONE_POINT,100,100,RANDOM,8
132,13300,43.667131662368774,60149,60153.83,0,0.4,1,20,ONE_POINT,100,100,RANDOM,8
133,13400,43.992592573165894,60009,60014.6,0,0.4,1,20,ONE_POINT,100,100,RANDOM,8
134,13500,44.302101612091064,59775,59784.36,0,0.4,1,20,ONE_POINT,100,100,RANDOM,8
135,13600,44.624051570892334,59383,59391.03,0,0.4,1,20,ONE_POINT,100,100,RANDOM,8
136,13700,44.96388530731201,59277,59281.48,0,0.4,1,20,ONE_POINT,100,100,RANDOM,8
137,13800,45.3131217956543,59095,59132.34,0,0.4,1,20,ONE_POINT,100,100,RANDOM,8
138,13900,45.70805811882019,58977,58981.72,0,0.4,1,20,ONE_POINT,100,100,RANDOM,8
139,14000,46.03782367706299,58808,58815.26,0,0.4,1,20,ONE_POINT,100,100,RANDOM,8
140,14100,46.36298418045044,58615,58624.57,0,0.4,1,20,ONE_POINT,100,100,RANDOM,8
141,14200,46.65800213813782,58498,58515.23,0,0.4,1,20,ONE_POINT,100,100,RANDOM,8
142,14300,46.97189974784851,58284,58292.56,0,0.4,1,20,ONE_POINT,100,100,RANDOM,8
143,14400,47.3101863861084,57906,57933.16,0,0.4,1,20,ONE_POINT,100,100,RANDOM,8
144,14500,47.644742488861084,57774,57783.14,0,0.4,1,20,ONE_POINT,100,100,RANDOM,8
145,14600,47.94490718841553,57599,57623.61,0,0.4,1,20,ONE_POINT,100,100,RANDOM,8
146,14700,48.287046670913696,57453,57487.39,0,0.4,1,20,ONE_POINT,100,100,RANDOM,8
147,14800,48.628180265426636,57367,57417.23,0,0.4,1,20,ONE_POINT,100,100,RANDOM,8
148,14900,48.917460918426514,57086,57106.11,0,0.4,1,20,ONE_POINT,100,100,RANDOM,8
149,15000,49.21110463142395,57002,57007.43,0,0.4,1,20,ONE_POINT,100,100,RANDOM,8
150,15100,49.50594782829285,56838,56846.74,0,0.4,1,20,ONE_POINT,100,100,RANDOM,8
151,15200,49.8045871257782,56703,56718.41,0,0.4,1,20,ONE_POINT,100,100,RANDOM,8
152,15300,50.12037754058838,56459,56468.45,0,0.4,1,20,ONE_POINT,100,100,RANDOM,8
153,15400,50.422895193099976,56366,56373.46,0,0.4,1,20,ONE_POINT,100,100,RANDOM,8
154,15500,50.76755404472351,56282,56329.82,0,0.4,1,20,ONE_POINT,100,100,RANDOM,8
155,15600,51.06951546669006,56120,56172.28,0,0.4,1,20,ONE_POINT,100,100,RANDOM,8
156,15700,51.38090801239014,56012,56017.4,0,0.4,1,20,ONE_POINT,100,100,RANDOM,8
157,15800,51.68676447868347,55896,55914.78,0,0.4,1,20,ONE_POINT,100,100,RANDOM,8
158,15900,52.039238929748535,55710,55717.44,0,0.4,1,20,ONE_POINT,100,100,RANDOM,8
159,16000,52.34179615974426,55420,55428.7,0,0.4,1,20,ONE_POINT,100,100,RANDOM,8
160,16100,52.66532802581787,55365,55370.2,0,0.4,1,20,ONE_POINT,100,100,RANDOM,8
161,16200,52.976438999176025,55141,55158.86,0,0.4,1,20,ONE_POINT,100,100,RANDOM,8
162,16300,53.31491565704346,54927,54964.84,0,0.4,1,20,ONE_POINT,100,100,RANDOM,8
163,16400,53.63489627838135,54841,54857.12,0,0.4,1,20,ONE_POINT,100,100,RANDOM,8
164,16500,53.96111845970154,54755,54759.42,0,0.4,1,20,ONE_POINT,100,100,RANDOM,8
165,16600,54.3012158870697,54693,54696.72,0,0.4,1,20,ONE_POINT,100,100,RANDOM,8
166,16700,54.622034311294556,54562,54591.64,0,0.4,1,20,ONE_POINT,100,100,RANDOM,8
167,16800,54.96394395828247,54433,54440.76,0,0.4,1,20,ONE_POINT,100,100,RANDOM,8
168,16900,55.27431774139404,54321,54326.6,0,0.4,1,20,ONE_POINT,100,100,RANDOM,8
169,17000,55.60780453681946,54211,54251.71,0,0.4,1,20,ONE_POINT,100,100,RANDOM,8
170,17100,55.898186683654785,54007,54013.12,0,0.4,1,20,ONE_POINT,100,100,RANDOM,8
171,17200,56.236841678619385,53789,53813.24,0,0.4,1,20,ONE_POINT,100,100,RANDOM,8
172,17300,56.561476707458496,53369,53418.14,0,0.4,1,20,ONE_POINT,100,100,RANDOM,8
173,17400,56.88824391365051,53283,53287.3,0,0.4,1,20,ONE_POINT,100,100,RANDOM,8
174,17500,57.177725076675415,53188,53192.75,0,0.4,1,20,ONE_POINT,100,100,RANDOM,8
175,17600,57.53831958770752,53050,53061.24,0,0.4,1,20,ONE_POINT,100,100,RANDOM,8
176,17700,57.8598849773407,52960,52963.6,0,0.4,1,20,ONE_POINT,100,100,RANDOM,8
177,17800,58.16813349723816,52885,52888.92,0,0.4,1,20,ONE_POINT,100,100,RANDOM,8
178,17900,58.52108383178711,52785,52796.12,0,0.4,1,20,ONE_POINT,100,100,RANDOM,8
179,18000,58.83061242103577,52581,52629.69,0,0.4,1,20,ONE_POINT,100,100,RANDOM,8
180,18100,59.147406816482544,52456,52482.93,0,0.4,1,20,ONE_POINT,100,100,RANDOM,8
181,18200,59.48135161399841,52306,52313.25,0,0.4,1,20,ONE_POINT,100,100,RANDOM,8
182,18300,59.77728199958801,51842,51855.92,0,0.4,1,20,ONE_POINT,100,100,RANDOM,8
183,18400,60.12735986709595,51713,51718.16,0,0.4,1,20,ONE_POINT,100,100,RANDOM,8
184,18500,60.42911124229431,51597,51601.64,0,0.4,1,20,ONE_POINT,100,100,RANDOM,8
185,18600,60.71807289123535,51416,51426.36,0,0.4,1,20,ONE_POINT,100,100,RANDOM,8
186,18700,61.076443910598755,51363,51365.91,0,0.4,1,20,ONE_POINT,100,100,RANDOM,8
187,18800,61.3640034198761,51175,51203.84,0,0.4,1,20,ONE_POINT,100,100,RANDOM,8
188,18900,61.6670868396759,51157,51158.44,0,0.4,1,20,ONE_POINT,100,100,RANDOM,8
189,19000,61.98159098625183,50989,51104.15,0,0.4,1,20,ONE_POINT,100,100,RANDOM,8
190,19100,62.31629204750061,50761,50772.4,0,0.4,1,20,ONE_POINT,100,100,RANDOM,8
191,19200,62.66712951660156,50749,50856.59,0,0.4,1,20,ONE_POINT,100,100,RANDOM,8
192,19300,62.985363721847534,50719,50721.94,0,0.4,1,20,ONE_POINT,100,100,RANDOM,8
193,19400,63.29595184326172,50583,50622.59,0,0.4,1,20,ONE_POINT,100,100,RANDOM,8
194,19500,63.605462312698364,50424,50428.78,0,0.4,1,20,ONE_POINT,100,100,RANDOM,8
195,19600,63.89333128929138,50266,50289.67,0,0.4,1,20,ONE_POINT,100,100,RANDOM,8
196,19700,64.21916174888611,50186,50190.8,0,0.4,1,20,ONE_POINT,100,100,RANDOM,8
197,19800,64.53500485420227,50055,50062.35,0,0.4,1,20,ONE_POINT,100,100,RANDOM,8
198,19900,64.93901348114014,49934,49940.05,0,0.4,1,20,ONE_POINT,100,100,RANDOM,8
199,20000,65.27258706092834,49901,49902.98,0,0.4,1,20,ONE_POINT,100,100,RANDOM,8
200,20100,65.5706250667572,49746,49752.2,0,0.4,1,20,ONE_POINT,100,100,RANDOM,8
201,20200,65.9150812625885,49637,49687.45,0,0.4,1,20,ONE_POINT,100,100,RANDOM,8
202,20300,66.24134588241577,49480,49486.28,0,0.4,1,20,ONE_POINT,100,100,RANDOM,8
203,20400,66.59278345108032,49369,49377.21,0,0.4,1,20,ONE_POINT,100,100,RANDOM,8
204,20500,66.95262479782104,49155,49181.0,0,0.4,1,20,ONE_POINT,100,100,RANDOM,8
205,20600,67.30487179756165,49031,49140.08,0,0.4,1,20,ONE_POINT,100,100,RANDOM,8
206,20700,67.71622014045715,48885,48895.22,0,0.4,1,20,ONE_POINT,100,100,RANDOM,8
207,20800,68.09647917747498,48805,48866.01,0,0.4,1,20,ONE_POINT,100,100,RANDOM,8
208,20900,68.5011739730835,48783,48806.53,0,0.4,1,20,ONE_POINT,100,100,RANDOM,8
209,21000,68.86586427688599,48711,48718.2,0,0.4,1,20,ONE_POINT,100,100,RANDOM,8
210,21100,69.19905829429626,48623,48627.6,0,0.4,1,20,ONE_POINT,100,100,RANDOM,8
211,21200,69.50617599487305,48583,48585.8,0,0.4,1,20,ONE_POINT,100,100,RANDOM,8
212,21300,69.83140873908997,48468,48477.16,0,0.4,1,20,ONE_POINT,100,100,RANDOM,8
213,21400,70.13347697257996,48440,48505.76,0,0.4,1,20,ONE_POINT,100,100,RANDOM,8
214,21500,70.48938322067261,48315,48324.33,0,0.4,1,20,ONE_POINT,100,100,RANDOM,8
215,21600,70.8115484714508,48257,48273.7,0,0.4,1,20,ONE_POINT,100,100,RANDOM,8
216,21700,71.10261011123657,48198,48204.95,0,0.4,1,20,ONE_POINT,100,100,RANDOM,8
217,21800,71.4428014755249,48075,48083.67,0,0.4,1,20,ONE_POINT,100,100,RANDOM,8
218,21900,71.78966856002808,48037,48039.61,0,0.4,1,20,ONE_POINT,100,100,RANDOM,8
219,22000,72.1305046081543,47903,47912.62,0,0.4,1,20,ONE_POINT,100,100,RANDOM,8
220,22100,72.48732304573059,47806,47825.06,0,0.4,1,20,ONE_POINT,100,100,RANDOM,8
221,22200,72.87216854095459,47704,47749.84,0,0.4,1,20,ONE_POINT,100,100,RANDOM,8
222,22300,73.21254754066467,47559,47566.25,0,0.4,1,20,ONE_POINT,100,100,RANDOM,8
223,22400,73.55382657051086,47493,47498.28,0,0.4,1,20,ONE_POINT,100,100,RANDOM,8
224,22500,73.85678195953369,47415,47422.81,0,0.4,1,20,ONE_POINT,100,100,RANDOM,8
225,22600,74.19189834594727,47290,47307.75,0,0.4,1,20,ONE_POINT,100,100,RANDOM,8
226,22700,74.57830166816711,47114,47199.52,0,0.4,1,20,ONE_POINT,100,100,RANDOM,8
227,22800,74.93488836288452,47072,47088.99,0,0.4,1,20,ONE_POINT,100,100,RANDOM,8
228,22900,75.27032923698425,47005,47009.02,0,0.4,1,20,ONE_POINT,100,100,RANDOM,8
229,23000,75.55715441703796,46856,46879.97,0,0.4,1,20,ONE_POINT,100,100,RANDOM,8
230,23100,75.85023641586304,46795,46801.43,0,0.4,1,20,ONE_POINT,100,100,RANDOM,8
231,23200,76.15791487693787,46589,46603.26,0,0.4,1,20,ONE_POINT,100,100,RANDOM,8
232,23300,76.45017766952515,46530,46551.21,0,0.4,1,20,ONE_POINT,100,100,RANDOM,8
233,23400,76.78631067276001,46415,46421.9,0,0.4,1,20,ONE_POINT,100,100,RANDOM,8
234,23500,77.1033263206482,46413,46414.89,0,0.4,1,20,ONE_POINT,100,100,RANDOM,8
235,23600,77.39263010025024,46369,46377.33,0,0.4,1,20,ONE_POINT,100,100,RANDOM,8
236,23700,77.6837694644928,46239,46245.5,0,0.4,1,20,ONE_POINT,100,100,RANDOM,8
237,23800,78.00365877151489,46075,46081.35,0,0.4,1,20,ONE_POINT,100,100,RANDOM,8
238,23900,78.31922149658203,46018,46021.42,0,0.4,1,20,ONE_POINT,100,100,RANDOM,8
239,24000,78.61661887168884,45961,45964.45,0,0.4,1,20,ONE_POINT,100,100,RANDOM,8
240,24100,78.958172082901,45927,45939.02,0,0.4,1,20,ONE_POINT,100,100,RANDOM,8
241,24200,79.29232168197632,45835,45840.32,0,0.4,1,20,ONE_POINT,100,100,RANDOM,8
242,24300,79.59569668769836,45711,45720.08,0,0.4,1,20,ONE_POINT,100,100,RANDOM,8
243,24400,79.93159770965576,45562,45574.34,0,0.4,1,20,ONE_POINT,100,100,RANDOM,8
244,24500,80.32543063163757,45548,45568.88,0,0.4,1,20,ONE_POINT,100,100,RANDOM,8
245,24600,80.68100476264954,45450,45491.38,0,0.4,1,20,ONE_POINT,100,100,RANDOM,8
246,24700,81.0964789390564,45420,45424.1,0,0.4,1,20,ONE_POINT,100,100,RANDOM,8
247,24800,81.48181653022766,45336,45340.5,0,0.4,1,20,ONE_POINT,100,100,RANDOM,8
248,24900,81.8741672039032,45280,45283.36,0,0.4,1,20,ONE_POINT,100,100,RANDOM,8
249,25000,82.24547505378723,45229,45233.95,0,0.4,1,20,ONE_POINT,100,100,RANDOM,8
250,25100,82.64548754692078,45147,45151.1,0,0.4,1,20,ONE_POINT,100,100,RANDOM,8
251,25200,83.00234389305115,45049,45057.61,0,0.4,1,20,ONE_POINT,100,100,RANDOM,8
252,25300,83.41005206108093,45018,45020.17,0,0.4,1,20,ONE_POINT,100,100,RANDOM,8
253,25400,83.82654690742493,44947,44951.26,0,0.4,1,20,ONE_POINT,100,100,RANDOM,8
254,25500,84.27016401290894,44947,44947.0,0,0.4,1,20,ONE_POINT,100,100,RANDOM,8
1,200,0.22367048263549805,129385,129736.23,0,0.4,1,20,ONE_POINT,100,100,RANDOM,9
2,300,0.6039438247680664,126330,126537.32,0,0.4,1,20,ONE_POINT,100,100,RANDOM,9
3,400,0.9889240264892578,125081,125126.82,0,0.4,1,20,ONE_POINT,100,100,RANDOM,9
4,500,1.438485860824585,123599,123613.42,0,0.4,1,20,ONE_POINT,100,100,RANDOM,9
5,600,1.853517770767212,122727,122756.79,0,0.4,1,20,ONE_POINT,100,100,RANDOM,9
6,700,2.211975336074829,121787,121814.89,0,0.4,1,20,ONE_POINT,100,100,RANDOM,9
7,800,2.629751682281494,120925,120950.86,0,0.4,1,20,ONE_POINT,100,100,RANDOM,9
8,900,2.96065354347229,120160,120169.56,0,0.4,1,20,ONE_POINT,100,100,RANDOM,9
9,1000,3.318101644515991,119098,119117.27,0,0.4,1,20,ONE_POINT,100,100,RANDOM,9
10,1100,3.623224973678589,118458,118482.1,0,0.4,1,20,ONE_POINT,100,100,RANDOM,9
11,1200,3.9721157550811768,117809,117828.47,0,0.4,1,20,ONE_POINT,100,100,RANDOM,9
12,1300,4.316190719604492,116456,116513.89,0,0.4,1,20,ONE_POINT,100,100,RANDOM,9
13,1400,4.616236925125122,115579,115605.31,0,0.4,1,20,ONE_POINT,100,100,RANDOM,9
14,1500,4.930231809616089,114872,114922.93,0,0.4,1,20,ONE_POINT,100,100,RANDOM,9
15,1600,5.263539791107178,114186,114219.29,0,0.4,1,20,ONE_POINT,100,100,RANDOM,9
16,1700,5.575611352920532,113410,113503.43,0,0.4,1,20,ONE_POINT,100,100,RANDOM,9
17,1800,5.868398427963257,112611,112638.87,0,0.4,1,20,ONE_POINT,100,100,RANDOM,9
18,1900,6.202240467071533,111956,112010.23,0,0.4,1,20,ONE_POINT,100,100,RANDOM,9
19,2000,6.533804655075073,110856,110891.07,0,0.4,1,20,ONE_POINT,100,100,RANDOM,9
20,2100,6.8418262004852295,110027,110059.5,0,0.4,1,20,ONE_POINT,100,100,RANDOM,9
21,2200,7.1596033573150635,109270,109306.09,0,0.4,1,20,ONE_POINT,100,100,RANDOM,9
22,2300,7.4778783321380615,108285,108314.55,0,0.4,1,20,ONE_POINT,100,100,RANDOM,9
23,2400,7.835407733917236,107577,107593.03,0,0.4,1,20,ONE_POINT,100,100,RANDOM,9
24,2500,8.150307655334473,106909,106926.93,0,0.4,1,20,ONE_POINT,100,100,RANDOM,9
25,2600,8.46114993095398,105603,105665.64,0,0.4,1,20,ONE_POINT,100,100,RANDOM,9
26,2700,8.779033422470093,104949,104999.85,0,0.4,1,20,ONE_POINT,100,100,RANDOM,9
27,2800,9.109116554260254,104224,104254.15,0,0.4,1,20,ONE_POINT,100,100,RANDOM,9
28,2900,9.414193153381348,103430,103476.27,0,0.4,1,20,ONE_POINT,100,100,RANDOM,9
29,3000,9.731041193008423,102539,102602.42,0,0.4,1,20,ONE_POINT,100,100,RANDOM,9
30,3100,10.047465324401855,101272,101305.73,0,0.4,1,20,ONE_POINT,100,100,RANDOM,9
31,3200,10.39524245262146,99825,99855.73,0,0.4,1,20,ONE_POINT,100,100,RANDOM,9
32,3300,10.720566987991333,99168,99194.05,0,0.4,1,20,ONE_POINT,100,100,RANDOM,9
33,3400,11.054070711135864,98362,98400.01,0,0.4,1,20,ONE_POINT,100,100,RANDOM,9
34,3500,11.351396560668945,97882,97906.64,0,0.4,1,20,ONE_POINT,100,100,RANDOM,9
35,3600,11.67311978340149,97277,97321.9,0,0.4,1,20,ONE_POINT,100,100,RANDOM,9
36,3700,11.99792218208313,96631,96650.38,0,0.4,1,20,ONE_POINT,100,100,RANDOM,9
37,3800,12.349836111068726,96141,96151.16,0,0.4,1,20,ONE_POINT,100,100,RANDOM,9
38,3900,12.704055070877075,95662,95686.91,0,0.4,1,20,ONE_POINT,100,100,RANDOM,9
39,4000,12.993066787719727,94979,95013.34,0,0.4,1,20,ONE_POINT,100,100,RANDOM,9
40,4100,13.329925298690796,94425,94450.8,0,0.4,1,20,ONE_POINT,100,100,RANDOM,9
41,4200,13.637376070022583,93980,93997.8,0,0.4,1,20,ONE_POINT,100,100,RANDOM,9
42,4300,13.985788822174072,93615,93629.6,0,0.4,1,20,ONE_POINT,100,100,RANDOM,9
43,4400,14.282055377960205,93352,93366.23,0,0.4,1,20,ONE_POINT,100,100,RANDOM,9
44,4500,14.606279134750366,92959,92974.72,0,0.4,1,20,ONE_POINT,100,100,RANDOM,9
45,4600,14.911672115325928,92204,92256.89,0,0.4,1,20,ONE_POINT,100,100,RANDOM,9
46,4700,15.222640752792358,91690,91700.28,0,0.4,1,20,ONE_POINT,100,100,RANDOM,9
47,4800,15.540070295333862,90382,90399.54,0,0.4,1,20,ONE_POINT,100,100,RANDOM,9
48,4900,15.844219446182251,89843,89860.21,0,0.4,1,20,ONE_POINT,100,100,RANDOM,9
49,5000,16.18920922279358,89214,89227.14,0,0.4,1,20,ONE_POINT,100,100,RANDOM,9
50,5100,16.481833457946777,88643,88666.98,0,0.4,1,20,ONE_POINT,100,100,RANDOM,9
51,5200,16.820451021194458,87998,88017.35,0,0.4,1,20,ONE_POINT,100,100,RANDOM,9
52,5300,17.124768257141113,87292,87306.12,0,0.4,1,20,ONE_POINT,100,100,RANDOM,9
53,5400,17.470384120941162,86560,86586.4,0,0.4,1,20,ONE_POINT,100,100,RANDOM,9
54,5500,17.766080856323242,86110,86195.92,0,0.4,1,20,ONE_POINT,100,100,RANDOM,9
55,5600,18.079498052597046,85491,85503.38,0,0.4,1,20,ONE_POINT,100,100,RANDOM,9
56,5700,18.4452702999115,85139,85159.27,0,0.4,1,20,ONE_POINT,100,100,RANDOM,9
57,5800,18.80335807800293,84764,84783.62,0,0.4,1,20,ONE_POINT,100,100,RANDOM,9
58,5900,19.171552896499634,84246,84266.01,0,0.4,1,20,ONE_POINT,100,100,RANDOM,9
59,6000,19.562787771224976,83701,83726.96,0,0.4,1,20,ONE_POINT,100,100,RANDOM,9
60,6100,19.999168634414673,83200,83215.03,0,0.4,1,20,ONE_POINT,100,100,RANDOM,9
61,6200,20.339765787124634,83096,83116.84,0,0.4,1,20,ONE_POINT,100,100,RANDOM,9
62,6300,20.747024536132812,82645,82653.86,0,0.4,1,20,ONE_POINT,100,100,RANDOM,9
63,6400,21.143285274505615,81961,81986.92,0,0.4,1,20,ONE_POINT,100,100,RANDOM,9
64,6500,21.509440183639526,81542,81584.09,0,0.4,1,20,ONE_POINT,100,100,RANDOM,9
65,6600,21.8657386302948,80499,80541.54,0,0.4,1,20,ONE_POINT,100,100,RANDOM,9
66,6700,22.208524465560913,80153,80166.22,0,0.4,1,20,ONE_POINT,100,100,RANDOM,9
67,6800,22.57899785041809,79865,79873.64,0,0.4,1,20,ONE_POINT,100,100,RANDOM,9
68,6900,22.907015562057495,79557,79570.03,0,0.4,1,20,ONE_POINT,100,100,RANDOM,9
69,7000,23.265732765197754,79197,79228.56,0,0.4,1,20,ONE_POINT,100,100,RANDOM,9
70,7100,23.603954076766968,78470,78532.96,0,0.4,1,20,ONE_POINT,100,100,RANDOM,9
71,7200,23.980470895767212,77849,77867.63,0,0.4,1,20,ONE_POINT,100,100,RANDOM,9
72,7300,24.311273336410522,77483,77496.59,0,0.4,1,20,ONE_POINT,100,100,RANDOM,9
73,7400,24.666584253311157,77066,77078.51,0,0.4,1,20,ONE_POINT,100,100,RANDOM,9
74,7500,25.02057909965515,76691,76714.34,0,0.4,1,20,ONE_POINT,100,100,RANDOM,9
75,7600,25.383013486862183,76529,76537.72,0,0.4,1,20,ONE_POINT,100,100,RANDOM,9
76,7700,25.71034550666809,76192,76266.64,0,0.4,1,20,ONE_POINT,100,100,RANDOM,9
77,7800,26.039234399795532,75547,75569.03,0,0.4,1,20,ONE_POINT,100,100,RANDOM,9
78,7900,26.346680879592896,75260,75267.56,0,0.4,1,20,ONE_POINT,100,100,RANDOM,9
79,8000,26.686386346817017,75143,75174.27,0,0.4,1,20,ONE_POINT,100,100,RANDOM,9
80,8100,27.051871299743652,74690,74715.72,0,0.4,1,20,ONE_POINT,100,100,RANDOM,9
81,8200,27.373748540878296,74290,74302.0,0,0.4,1,20,ONE_POINT,100,100,RANDOM,9
82,8300,27.68677854537964,74052,74059.14,0,0.4,1,20,ONE_POINT,100,100,RANDOM,9
83,8400,28.041034698486328,73615,73627.46,0,0.4,1,20,ONE_POINT,100,100,RANDOM,9
84,8500,28.37646222114563,73240,73255.25,0,0.4,1,20,ONE_POINT,100,100,RANDOM,9
85,8600,28.708236694335938,73100,73107.0,0,0.4,1,20,ONE_POINT,100,100,RANDOM,9
86,8700,29.069530725479126,72791,72797.72,0,0.4,1,20,ONE_POINT,100,100,RANDOM,9
87,8800,29.409767866134644,72637,72641.76,0,0.4,1,20,ONE_POINT,100,100,RANDOM,9
88,8900,29.74938416481018,72325,72337.48,0,0.4,1,20,ONE_POINT,100,100,RANDOM,9
89,9000,30.109004259109497,72122,72195.7,0,0.4,1,20,ONE_POINT,100,100,RANDOM,9
90,9100,30.44196915626526,71969,71975.37,0,0.4,1,20,ONE_POINT,100,100,RANDOM,9
91,9200,30.752731561660767,71698,71704.77,0,0.4,1,20,ONE_POINT,100,100,RANDOM,9
92,9300,31.068779468536377,71507,71516.55,0,0.4,1,20,ONE_POINT,100,100,RANDOM,9
93,9400,31.408372402191162,71138,71162.84,0,0.4,1,20,ONE_POINT,100,100,RANDOM,9
94,9500,31.739179849624634,70669,70681.69,0,0.4,1,20,ONE_POINT,100,100,RANDOM,9
95,9600,32.077014207839966,70397,70444.99,0,0.4,1,20,ONE_POINT,100,100,RANDOM,9
96,9700,32.38759970664978,70071,70080.65,0,0.4,1,20,ONE_POINT,100,100,RANDOM,9
97,9800,32.74129033088684,69867,69877.84,0,0.4,1,20,ONE_POINT,100,100,RANDOM,9
98,9900,33.06939768791199,69670,69677.88,0,0.4,1,20,ONE_POINT,100,100,RANDOM,9
99,10000,33.40700006484985,69454,69525.38,0,0.4,1,20,ONE_POINT,100,100,RANDOM,9
100,10100,33.75958728790283,69176,69216.37,0,0.4,1,20,ONE_POINT,100,100,RANDOM,9
101,10200,34.105796098709106,68894,68902.26,0,0.4,1,20,ONE_POINT,100,100,RANDOM,9
102,10300,34.42456674575806,68701,68711.01,0,0.4,1,20,ONE_POINT,100,100,RANDOM,9
103,10400,34.79899454116821,68377,68391.65,0,0.4,1,20,ONE_POINT,100,100,RANDOM,9
104,10500,35.118505239486694,67966,67993.25,0,0.4,1,20,ONE_POINT,100,100,RANDOM,9
105,10600,35.48515725135803,67713,67723.12,0,0.4,1,20,ONE_POINT,100,100,RANDOM,9
106,10700,35.86986589431763,67419,67440.34,0,0.4,1,20,ONE_POINT,100,100,RANDOM,9
107,10800,36.210039377212524,67248,67286.33,0,0.4,1,20,ONE_POINT,100,100,RANDOM,9
108,10900,36.57360219955444,66773,66820.55,0,0.4,1,20,ONE_POINT,100,100,RANDOM,9
109,11000,36.948373556137085,66623,66629.91,0,0.4,1,20,ONE_POINT,100,100,RANDOM,9
110,11100,37.260854959487915,66129,66138.88,0,0.4,1,20,ONE_POINT,100,100,RANDOM,9
111,11200,37.613964796066284,65993,65997.13,0,0.4,1,20,ONE_POINT,100,100,RANDOM,9
112,11300,37.97480487823486,65781,65819.04,0,0.4,1,20,ONE_POINT,100,100,RANDOM,9
113,11400,38.37130308151245,65508,65518.42,0,0.4,1,20,ONE_POINT,100,100,RANDOM,9
114,11500,38.740782022476196,65247,65272.38,0,0.4,1,20,ONE_POINT,100,100,RANDOM,9
115,11600,39.059903621673584,64759,64782.64,0,0.4,1,20,ONE_POINT,100,100,RANDOM,9
116,11700,39.42159867286682,64510,64521.65,0,0.4,1,20,ONE_POINT,100,100,RANDOM,9
117,11800,39.82684516906738,64221,64229.67,0,0.4,1,20,ONE_POINT,100,100,RANDOM,9
118,11900,40.20878076553345,63934,63943.06,0,0.4,1,20,ONE_POINT,100,100,RANDOM,9
119,12000,40.57247877120972,63778,63791.43,0,0.4,1,20,ONE_POINT,100,100,RANDOM,9
120,12100,40.93802046775818,63482,63505.57,0,0.4,1,20,ONE_POINT,100,100,RANDOM,9
121,12200,41.30435299873352,63333,63337.67,0,0.4,1,20,ONE_POINT,100,100,RANDOM,9
122,12300,41.62405180931091,63220,63234.53,0,0.4,1,20,ONE_POINT,100,100,RANDOM,9
123,12400,41.96506357192993,62849,62860.13,0,0.4,1,20,ONE_POINT,100,100,RANDOM,9
124,12500,42.3298397064209,62454,62467.44,0,0.4,1,20,ONE_POINT,100,100,RANDOM,9
125,12600,42.69152331352234,62128,62143.17,0,0.4,1,20,ONE_POINT,100,100,RANDOM,9
126,12700,43.06712865829468,61807,61823.2,0,0.4,1,20,ONE_POINT,100,100,RANDOM,9
127,12800,43.44490456581116,61650,61656.28,0,0.4,1,20,ONE_POINT,100,100,RANDOM,9
128,12900,43.79770588874817,61507,61541.43,0,0.4,1,20,ONE_POINT,100,100,RANDOM,9
129,13000,44.149458169937134,61310,61313.94,0,0.4,1,20,ONE_POINT,100,100,RANDOM,9
130,13100,44.570106983184814,61093,61108.55,0,0.4,1,20,ONE_POINT,100,100,RANDOM,9
131,13200,44.91866946220398,60658,60666.7,0,0.4,1,20,ONE_POINT,100,100,RANDOM,9
132,13300,45.28359508514404,60491,60497.68,0,0.4,1,20,ONE_POINT,100,100,RANDOM,9
133,13400,45.67394399642944,60403,60407.4,0,0.4,1,20,ONE_POINT,100,100,RANDOM,9
134,13500,46.0195791721344,60349,60351.92,0,0.4,1,20,ONE_POINT,100,100,RANDOM,9
135,13600,46.3754141330719,60127,60143.55,0,0.4,1,20,ONE_POINT,100,100,RANDOM,9
136,13700,46.70130276679993,59967,59973.4,0,0.4,1,20,ONE_POINT,100,100,RANDOM,9
137,13800,47.03271007537842,59904,59909.43,0,0.4,1,20,ONE_POINT,100,100,RANDOM,9
138,13900,47.319087743759155,59805,59807.97,0,0.4,1,20,ONE_POINT,100,100,RANDOM,9
139,14000,47.67338299751282,59685,59690.9,0,0.4,1,20,ONE_POINT,100,100,RANDOM,9
140,14100,48.01942753791809,59566,59570.76,0,0.4,1,20,ONE_POINT,100,100,RANDOM,9
141,14200,48.36041021347046,59409,59414.67,0,0.4,1,20,ONE_POINT,100,100,RANDOM,9
142,14300,48.655866861343384,59290,59319.34,0,0.4,1,20,ONE_POINT,100,100,RANDOM,9
143,14400,48.95305633544922,59236,59253.09,0,0.4,1,20,ONE_POINT,100,100,RANDOM,9
144,14500,49.30269503593445,59164,59167.6,0,0.4,1,20,ONE_POINT,100,100,RANDOM,9
145,14600,49.634594202041626,58432,58446.64,0,0.4,1,20,ONE_POINT,100,100,RANDOM,9
146,14700,49.966187715530396,58042,58069.77,0,0.4,1,20,ONE_POINT,100,100,RANDOM,9
147,14800,50.2832567691803,57734,57802.73,0,0.4,1,20,ONE_POINT,100,100,RANDOM,9
148,14900,50.629441261291504,57518,57546.9,0,0.4,1,20,ONE_POINT,100,100,RANDOM,9
149,15000,50.94395446777344,57298,57302.59,0,0.4,1,20,ONE_POINT,100,100,RANDOM,9
150,15100,51.26750588417053,57216,57220.9,0,0.4,1,20,ONE_POINT,100,100,RANDOM,9
151,15200,51.591713190078735,56721,56734.26,0,0.4,1,20,ONE_POINT,100,100,RANDOM,9
152,15300,51.928942918777466,56522,56527.97,0,0.4,1,20,ONE_POINT,100,100,RANDOM,9
153,15400,52.243910789489746,56416,56450.92,0,0.4,1,20,ONE_POINT,100,100,RANDOM,9
154,15500,52.55878758430481,56303,56316.54,0,0.4,1,20,ONE_POINT,100,100,RANDOM,9
155,15600,52.87965154647827,56119,56127.49,0,0.4,1,20,ONE_POINT,100,100,RANDOM,9
156,15700,53.217121839523315,55989,56025.46,0,0.4,1,20,ONE_POINT,100,100,RANDOM,9
157,15800,53.55441617965698,55786,55790.06,0,0.4,1,20,ONE_POINT,100,100,RANDOM,9
158,15900,53.87397742271423,55658,55670.89,0,0.4,1,20,ONE_POINT,100,100,RANDOM,9
159,16000,54.19659185409546,55565,55569.09,0,0.4,1,20,ONE_POINT,100,100,RANDOM,9
160,16100,54.526599407196045,55263,55272.06,0,0.4,1,20,ONE_POINT,100,100,RANDOM,9
161,16200,54.863184213638306,55062,55070.04,0,0.4,1,20,ONE_POINT,100,100,RANDOM,9
162,16300,55.180574893951416,54979,54983.83,0,0.4,1,20,ONE_POINT,100,100,RANDOM,9
163,16400,55.47840356826782,54867,54871.48,0,0.4,1,20,ONE_POINT,100,100,RANDOM,9
164,16500,55.79107737541199,54748,54757.09,0,0.4,1,20,ONE_POINT,100,100,RANDOM,9
165,16600,56.12346315383911,54550,54607.66,0,0.4,1,20,ONE_POINT,100,100,RANDOM,9
166,16700,56.46695852279663,54349,54384.59,0,0.4,1,20,ONE_POINT,100,100,RANDOM,9
167,16800,56.77924990653992,54138,54146.44,0,0.4,1,20,ONE_POINT,100,100,RANDOM,9
168,16900,57.076024532318115,54010,54017.23,0,0.4,1,20,ONE_POINT,100,100,RANDOM,9
169,17000,57.36478400230408,53827,53834.32,0,0.4,1,20,ONE_POINT,100,100,RANDOM,9
170,17100,57.70076394081116,53746,53750.05,0,0.4,1,20,ONE_POINT,100,100,RANDOM,9
171,17200,58.039955854415894,53642,53648.46,0,0.4,1,20,ONE_POINT,100,100,RANDOM,9
172,17300,58.37269639968872,53483,53495.2,0,0.4,1,20,ONE_POINT,100,100,RANDOM,9
173,17400,58.68810796737671,53373,53399.1,0,0.4,1,20,ONE_POINT,100,100,RANDOM,9
174,17500,59.00306677818298,53082,53098.52,0,0.4,1,20,ONE_POINT,100,100,RANDOM,9
175,17600,59.3245530128479,52948,52953.36,0,0.4,1,20,ONE_POINT,100,100,RANDOM,9
176,17700,59.63373780250549,52735,52763.83,0,0.4,1,20,ONE_POINT,100,100,RANDOM,9
177,17800,59.92617130279541,52658,52663.98,0,0.4,1,20,ONE_POINT,100,100,RANDOM,9
178,17900,60.26105284690857,52620,52648.51,0,0.4,1,20,ONE_POINT,100,100,RANDOM,9
179,18000,60.61285185813904,52619,52619.59,0,0.4,1,20,ONE_POINT,100,100,RANDOM,9
180,18100,60.9326069355011,52596,52597.85,0,0.4,1,20,ONE_POINT,100,100,RANDOM,9
181,18200,61.254363775253296,52550,52553.68,0,0.4,1,20,ONE_POINT,100,100,RANDOM,9
182,18300,61.576956033706665,52476,52485.8,0,0.4,1,20,ONE_POINT,100,100,RANDOM,9
183,18400,61.870941400527954,52355,52359.63,0,0.4,1,20,ONE_POINT,100,100,RANDOM,9
184,18500,62.2331600189209,52204,52243.8,0,0.4,1,20,ONE_POINT,100,100,RANDOM,9
185,18600,62.59567332267761,52102,52107.1,0,0.4,1,20,ONE_POINT,100,100,RANDOM,9
186,18700,62.89570879936218,51841,51851.08,0,0.4,1,20,ONE_POINT,100,100,RANDOM,9
187,18800,63.188358306884766,51706,51737.5,0,0.4,1,20,ONE_POINT,100,100,RANDOM,9
188,18900,63.53659772872925,51652,51655.24,0,0.4,1,20,ONE_POINT,100,100,RANDOM,9
189,19000,63.856576919555664,51475,51482.62,0,0.4,1,20,ONE_POINT,100,100,RANDOM,9
190,19100,64.15814971923828,51286,51296.83,0,0.4,1,20,ONE_POINT,100,100,RANDOM,9
191,19200,64.47250390052795,51165,51183.19,0,0.4,1,20,ONE_POINT,100,100,RANDOM,9
192,19300,64.77833414077759,51061,51072.57,0,0.4,1,20,ONE_POINT,100,100,RANDOM,9
193,19400,65.0652027130127,50969,50973.6,0,0.4,1,20,ONE_POINT,100,100,RANDOM,9
194,19500,65.3781270980835,50744,50753.0,0,0.4,1,20,ONE_POINT,100,100,RANDOM,9
195,19600,65.71995902061462,50717,50721.41,0,0.4,1,20,ONE_POINT,100,100,RANDOM,9
196,19700,66.04965806007385,50503,50532.06,0,0.4,1,20,ONE_POINT,100,100,RANDOM,9
197,19800,66.37203240394592,50229,50239.96,0,0.4,1,20,ONE_POINT,100,100,RANDOM,9
198,19900,66.67817521095276,50049,50056.2,0,0.4,1,20,ONE_POINT,100,100,RANDOM,9
199,20000,67.05312418937683,49888,49955.46,0,0.4,1,20,ONE_POINT,100,100,RANDOM,9
200,20100,67.38074898719788,49666,49673.85,0,0.4,1,20,ONE_POINT,100,100,RANDOM,9
201,20200,67.68144202232361,49638,49644.96,0,0.4,1,20,ONE_POINT,100,100,RANDOM,9
202,20300,68.01869249343872,49486,49492.08,0,0.4,1,20,ONE_POINT,100,100,RANDOM,9
203,20400,68.40524125099182,49383,49388.15,0,0.4,1,20,ONE_POINT,100,100,RANDOM,9
204,20500,68.73007321357727,49340,49342.58,0,0.4,1,20,ONE_POINT,100,100,RANDOM,9
205,20600,69.07308292388916,49226,49235.37,0,0.4,1,20,ONE_POINT,100,100,RANDOM,9
206,20700,69.4125919342041,49200,49203.4,0,0.4,1,20,ONE_POINT,100,100,RANDOM,9
207,20800,69.71040606498718,49120,49134.55,0,0.4,1,20,ONE_POINT,100,100,RANDOM,9
208,20900,70.05874180793762,48971,48979.25,0,0.4,1,20,ONE_POINT,100,100,RANDOM,9
209,21000,70.3755304813385,48730,48750.79,0,0.4,1,20,ONE_POINT,100,100,RANDOM,9
210,21100,70.68809700012207,48647,48651.15,0,0.4,1,20,ONE_POINT,100,100,RANDOM,9
211,21200,71.00837445259094,48644,48644.72,0,0.4,1,20,ONE_POINT,100,100,RANDOM,9
212,21300,71.35150122642517,48558,48568.72,0,0.4,1,20,ONE_POINT,100,100,RANDOM,9
213,21400,71.6555757522583,48496,48499.72,0,0.4,1,20,ONE_POINT,100,100,RANDOM,9
214,21500,71.9866988658905,48354,48361.1,0,0.4,1,20,ONE_POINT,100,100,RANDOM,9
215,21600,72.31913661956787,48265,48269.45,0,0.4,1,20,ONE_POINT,100,100,RANDOM,9
216,21700,72.642098903656,48240,48267.58,0,0.4,1,20,ONE_POINT,100,100,RANDOM,9
217,21800,72.93984985351562,48220,48224.19,0,0.4,1,20,ONE_POINT,100,100,RANDOM,9
218,21900,73.28369498252869,48103,48110.32,0,0.4,1,20,ONE_POINT,100,100,RANDOM,9
219,22000,73.6216824054718,48013,48017.5,0,0.4,1,20,ONE_POINT,100,100,RANDOM,9
220,22100,73.97125625610352,47969,47974.15,0,0.4,1,20,ONE_POINT,100,100,RANDOM,9
221,22200,74.31708240509033,47749,47757.96,0,0.4,1,20,ONE_POINT,100,100,RANDOM,9
222,22300,74.64733862876892,47695,47699.01,0,0.4,1,20,ONE_POINT,100,100,RANDOM,9
223,22400,74.95397806167603,47628,47655.65,0,0.4,1,20,ONE_POINT,100,100,RANDOM,9
224,22500,75.25806784629822,47534,47539.38,0,0.4,1,20,ONE_POINT,100,100,RANDOM,9
225,22600,75.57390713691711,47342,47353.36,0,0.4,1,20,ONE_POINT,100,100,RANDOM,9
226,22700,75.88726925849915,47310,47330.37,0,0.4,1,20,ONE_POINT,100,100,RANDOM,9
227,22800,76.20144963264465,47238,47295.79,0,0.4,1,20,ONE_POINT,100,100,RANDOM,9
228,22900,76.55467891693115,47206,47208.9,0,0.4,1,20,ONE_POINT,100,100,RANDOM,9
229,23000,76.8515977859497,47093,47098.25,0,0.4,1,20,ONE_POINT,100,100,RANDOM,9
230,23100,77.14920020103455,47019,47027.63,0,0.4,1,20,ONE_POINT,100,100,RANDOM,9
231,23200,77.4392249584198,46913,46963.16,0,0.4,1,20,ONE_POINT,100,100,RANDOM,9
232,23300,77.73751878738403,46856,46865.78,0,0.4,1,20,ONE_POINT,100,100,RANDOM,9
233,23400,78.05190134048462,46763,46769.56,0,0.4,1,20,ONE_POINT,100,100,RANDOM,9
234,23500,78.40683960914612,46674,46694.9,0,0.4,1,20,ONE_POINT,100,100,RANDOM,9
235,23600,78.73544216156006,46587,46620.53,0,0.4,1,20,ONE_POINT,100,100,RANDOM,9
236,23700,79.04244875907898,46585,46614.78,0,0.4,1,20,ONE_POINT,100,100,RANDOM,9
237,23800,79.35528016090393,46340,46361.02,0,0.4,1,20,ONE_POINT,100,100,RANDOM,9
238,23900,79.67944812774658,46245,46255.48,0,0.4,1,20,ONE_POINT,100,100,RANDOM,9
239,24000,80.03674030303955,46147,46215.36,0,0.4,1,20,ONE_POINT,100,100,RANDOM,9
240,24100,80.35699701309204,45930,45946.87,0,0.4,1,20,ONE_POINT,100,100,RANDOM,9
241,24200,80.68786096572876,45820,45842.25,0,0.4,1,20,ONE_POINT,100,100,RANDOM,9
242,24300,81.01326060295105,45692,45710.19,0,0.4,1,20,ONE_POINT,100,100,RANDOM,9
243,24400,81.3089394569397,45664,45665.96,0,0.4,1,20,ONE_POINT,100,100,RANDOM,9
244,24500,81.59771156311035,45609,45622.6,0,0.4,1,20,ONE_POINT,100,100,RANDOM,9
245,24600,81.93441224098206,45499,45576.03,0,0.4,1,20,ONE_POINT,100,100,RANDOM,9
246,24700,82.25477695465088,45369,45376.6,0,0.4,1,20,ONE_POINT,100,100,RANDOM,9
247,24800,82.56673097610474,45312,45315.68,0,0.4,1,20,ONE_POINT,100,100,RANDOM,9
248,24900,82.88061881065369,45284,45285.76,0,0.4,1,20,ONE_POINT,100,100,RANDOM,9
249,25000,83.1784119606018,45232,45243.42,0,0.4,1,20,ONE_POINT,100,100,RANDOM,9
250,25100,83.47057223320007,45066,45074.68,0,0.4,1,20,ONE_POINT,100,100,RANDOM,9
251,25200,83.8109564781189,44992,44995.68,0,0.4,1,20,ONE_POINT,100,100,RANDOM,9
252,25300,84.12993502616882,44852,44859.62,0,0.4,1,20,ONE_POINT,100,100,RANDOM,9
253,25400,84.48001170158386,44852,44852.0,0,0.4,1,20,ONE_POINT,100,100,RANDOM,9
254,25500,84.81613540649414,44802,44810.63,0,0.4,1,20,ONE_POINT,100,100,RANDOM,9
255,25600,85.15133142471313,44714,44728.76,0,0.4,1,20,ONE_POINT,100,100,RANDOM,9
256,25700,85.48226737976074,44630,44633.36,0,0.4,1,20,ONE_POINT,100,100,RANDOM,9
257,25800,85.8093912601471,44588,44609.01,0,0.4,1,20,ONE_POINT,100,100,RANDOM,9
258,25900,86.12028813362122,44554,44760.77,0,0.4,1,20,ONE_POINT,100,100,RANDOM,9
259,26000,86.44387769699097,44513,44548.98,0,0.4,1,20,ONE_POINT,100,100,RANDOM,9
260,26100,86.80598092079163,44393,44400.2,0,0.4,1,20,ONE_POINT,100,100,RANDOM,9
261,26200,87.09580659866333,44369,44373.75,0,0.4,1,20,ONE_POINT,100,100,RANDOM,9
262,26300,87.41889953613281,44267,44273.36,0,0.4,1,20,ONE_POINT,100,100,RANDOM,9
263,26400,87.71753334999084,44244,44248.32,0,0.4,1,20,ONE_POINT,100,100,RANDOM,9
264,26500,88.04039263725281,44244,44244.0,0,0.4,1,20,ONE_POINT,100,100,RANDOM,9
265,26600,88.37573266029358,44131,44136.65,0,0.4,1,20,ONE_POINT,100,100,RANDOM,9
266,26700,88.6921660900116,44041,44050.22,0,0.4,1,20,ONE_POINT,100,100,RANDOM,9
267,26800,89.02709698677063,44039,44039.32,0,0.4,1,20,ONE_POINT,100,100,RANDOM,9
268,26900,89.35013389587402,43933,43960.25,0,0.4,1,20,ONE_POINT,100,100,RANDOM,9
269,27000,89.65725231170654,43911,43913.84,0,0.4,1,20,ONE_POINT,100,100,RANDOM,9
270,27100,89.97340679168701,43905,43928.2,0,0.4,1,20,ONE_POINT,100,100,RANDOM,9
271,27200,90.30385422706604,43893,43907.03,0,0.4,1,20,ONE_POINT,100,100,RANDOM,9
272,27300,90.62345337867737,43865,43867.36,0,0.4,1,20,ONE_POINT,100,100,RANDOM,9
273,27400,90.95131206512451,43756,43765.2,0,0.4,1,20,ONE_POINT,100,100,RANDOM,9
274,27500,91.25801968574524,43530,43562.99,0,0.4,1,20,ONE_POINT,100,100,RANDOM,9
275,27600,91.59392786026001,43503,43529.62,0,0.4,1,20,ONE_POINT,100,100,RANDOM,9
276,27700,91.96155142784119,43474,43476.82,0,0.4,1,20,ONE_POINT,100,100,RANDOM,9
277,27800,92.28737258911133,43463,43467.1,0,0.4,1,20,ONE_POINT,100,100,RANDOM,9
278,27900,92.58398365974426,43421,43424.11,0,0.4,1,20,ONE_POINT,100,100,RANDOM,9
279,28000,92.87491583824158,43403,43413.31,0,0.4,1,20,ONE_POINT,100,100,RANDOM,9
280,28100,93.19753432273865,43363,43375.46,0,0.4,1,20,ONE_POINT,100,100,RANDOM,9
281,28200,93.53517270088196,43293,43297.2,0,0.4,1,20,ONE_POINT,100,100,RANDOM,9
282,28300,93.83652997016907,43233,43236.94,0,0.4,1,20,ONE_POINT,100,100,RANDOM,9
283,28400,94.15916562080383,43207,43208.88,0,0.4,1,20,ONE_POINT,100,100,RANDOM,9
284,28500,94.49282908439636,43137,43143.9,0,0.4,1,20,ONE_POINT,100,100,RANDOM,9
285,28600,94.82822179794312,43044,43096.0,0,0.4,1,20,ONE_POINT,100,100,RANDOM,9
286,28700,95.13732981681824,43044,43044.0,0,0.4,1,20,ONE_POINT,100,100,RANDOM,9
