num-generations,num-evaluations,time-elapsed,best-fitness,avg-fitness,elite-frac,alpha,num_features_mutation_strength,elitist_size,crossover-method,population-size,num-points,initialization,seed
1,200,0.2679588794708252,134707,134939.96,0,0.4,0.5,20,ONE_POINT,100,100,RANDOM,0
2,300,0.6654813289642334,131359,131425.96,0,0.4,0.5,20,ONE_POINT,100,100,RANDOM,0
3,400,1.0541672706604004,129609,129646.28,0,0.4,0.5,20,ONE_POINT,100,100,RANDOM,0
4,500,1.389786720275879,128101,128120.26,0,0.4,0.5,20,ONE_POINT,100,100,RANDOM,0
5,600,1.740574836730957,126602,126637.88,0,0.4,0.5,20,ONE_POINT,100,100,RANDOM,0
6,700,2.09389591217041,125418,125466.4,0,0.4,0.5,20,ONE_POINT,100,100,RANDOM,0
7,800,2.4438889026641846,124115,124141.06,0,0.4,0.5,20,ONE_POINT,100,100,RANDOM,0
8,900,2.801447629928589,123294,123310.42,0,0.4,0.5,20,ONE_POINT,100,100,RANDOM,0
9,1000,3.1560819149017334,122279,122299.3,0,0.4,0.5,20,ONE_POINT,100,100,RANDOM,0
10,1100,3.519063949584961,121114,121148.95,0,0.4,0.5,20,ONE_POINT,100,100,RANDOM,0
11,1200,3.8605728149414062,120371,120392.7,0,0.4,0.5,20,ONE_POINT,100,100,RANDOM,0
12,1300,4.206531047821045,118281,118453.58,0,0.4,0.5,20,ONE_POINT,100,100,RANDOM,0
13,1400,4.567131280899048,116716,116776.95,0,0.4,0.5,20,ONE_POINT,100,100,RANDOM,0
14,1500,4.940098762512207,115342,115395.87,0,0.4,0.5,20,ONE_POINT,100,100,RANDOM,0
15,1600,5.307090997695923,114538,114589.57,0,0.4,0.5,20,ONE_POINT,100,100,RANDOM,0
16,1700,5.630589485168457,114008,114027.69,0,0.4,0.5,20,ONE_POINT,100,100,RANDOM,0
17,1800,5.9488935470581055,112915,112941.77,0,0.4,0.5,20,ONE_POINT,100,100,RANDOM,0
18,1900,6.309391975402832,112524,112614.75,0,0.4,0.5,20,ONE_POINT,100,100,RANDOM,0
19,2000,6.66596245765686,111736,111770.31,0,0.4,0.5,20,ONE_POINT,100,100,RANDOM,0
20,2100,7.014750957489014,111323,111358.3,0,0.4,0.5,20,ONE_POINT,100,100,RANDOM,0
21,2200,7.351966619491577,110574,110596.93,0,0.4,0.5,20,ONE_POINT,100,100,RANDOM,0
22,2300,7.7009522914886475,109549,109575.6,0,0.4,0.5,20,ONE_POINT,100,100,RANDOM,0
23,2400,8.033029556274414,109059,109088.85,0,0.4,0.5,20,ONE_POINT,100,100,RANDOM,0
24,2500,8.365028619766235,108483,108500.28,0,0.4,0.5,20,ONE_POINT,100,100,RANDOM,0
25,2600,8.72100830078125,107983,108129.31,0,0.4,0.5,20,ONE_POINT,100,100,RANDOM,0
26,2700,9.095389366149902,107635,107658.24,0,0.4,0.5,20,ONE_POINT,100,100,RANDOM,0
27,2800,9.447259664535522,107213,107233.36,0,0.4,0.5,20,ONE_POINT,100,100,RANDOM,0
28,2900,9.779984712600708,106146,106190.26,0,0.4,0.5,20,ONE_POINT,100,100,RANDOM,0
29,3000,10.08794617652893,105778,105788.6,0,0.4,0.5,20,ONE_POINT,100,100,RANDOM,0
30,3100,10.424104690551758,105255,105275.92,0,0.4,0.5,20,ONE_POINT,100,100,RANDOM,0
31,3200,10.758729934692383,104798,104816.28,0,0.4,0.5,20,ONE_POINT,100,100,RANDOM,0
32,3300,11.128567695617676,104216,104241.63,0,0.4,0.5,20,ONE_POINT,100,100,RANDOM,0
33,3400,11.435737609863281,103686,103707.2,0,0.4,0.5,20,ONE_POINT,100,100,RANDOM,0
34,3500,11.77247428894043,102988,103016.65,0,0.4,0.5,20,ONE_POINT,100,100,RANDOM,0
35,3600,12.072223424911499,102599,102614.56,0,0.4,0.5,20,ONE_POINT,100,100,RANDOM,0
36,3700,12.406748294830322,101728,101751.13,0,0.4,0.5,20,ONE_POINT,100,100,RANDOM,0
37,3800,12.724225759506226,101343,101409.4,0,0.4,0.5,20,ONE_POINT,100,100,RANDOM,0
38,3900,13.070221662521362,101082,101090.51,0,0.4,0.5,20,ONE_POINT,100,100,RANDOM,0
39,4000,13.414952516555786,100683,100808.28,0,0.4,0.5,20,ONE_POINT,100,100,RANDOM,0
40,4100,13.747147560119629,100397,100477.55,0,0.4,0.5,20,ONE_POINT,100,100,RANDOM,0
41,4200,14.057797908782959,100034,100077.49,0,0.4,0.5,20,ONE_POINT,100,100,RANDOM,0
42,4300,14.376754999160767,99481,99525.62,0,0.4,0.5,20,ONE_POINT,100,100,RANDOM,0
43,4400,14.682690858840942,99179,99202.89,0,0.4,0.5,20,ONE_POINT,100,100,RANDOM,0
44,4500,14.999130487442017,98680,98760.72,0,0.4,0.5,20,ONE_POINT,100,100,RANDOM,0
45,4600,15.34560751914978,97865,97889.0,0,0.4,0.5,20,ONE_POINT,100,100,RANDOM,0
46,4700,15.673022747039795,97442,97458.92,0,0.4,0.5,20,ONE_POINT,100,100,RANDOM,0
47,4800,15.976294755935669,97118,97130.96,0,0.4,0.5,20,ONE_POINT,100,100,RANDOM,0
48,4900,16.325576305389404,96747,96761.84,0,0.4,0.5,20,ONE_POINT,100,100,RANDOM,0
49,5000,16.675199508666992,96088,96107.29,0,0.4,0.5,20,ONE_POINT,100,100,RANDOM,0
50,5100,16.990254640579224,95643,95656.37,0,0.4,0.5,20,ONE_POINT,100,100,RANDOM,0
51,5200,17.3284432888031,95165,95173.38,0,0.4,0.5,20,ONE_POINT,100,100,RANDOM,0
52,5300,17.681122303009033,94773,94784.76,0,0.4,0.5,20,ONE_POINT,100,100,RANDOM,0
53,5400,18.00801920890808,93976,93992.48,0,0.4,0.5,20,ONE_POINT,100,100,RANDOM,0
54,5500,18.357980012893677,93733,93757.52,0,0.4,0.5,20,ONE_POINT,100,100,RANDOM,0
55,5600,18.700056076049805,92698,92729.85,0,0.4,0.5,20,ONE_POINT,100,100,RANDOM,0
56,5700,19.058858394622803,92545,92598.02,0,0.4,0.5,20,ONE_POINT,100,100,RANDOM,0
57,5800,19.38809585571289,92250,92295.56,0,0.4,0.5,20,ONE_POINT,100,100,RANDOM,0
58,5900,19.716398000717163,91531,91568.27,0,0.4,0.5,20,ONE_POINT,100,100,RANDOM,0
59,6000,20.026262044906616,91029,91036.91,0,0.4,0.5,20,ONE_POINT,100,100,RANDOM,0
60,6100,20.36513590812683,90783,90793.17,0,0.4,0.5,20,ONE_POINT,100,100,RANDOM,0
61,6200,20.685128688812256,90191,90232.87,0,0.4,0.5,20,ONE_POINT,100,100,RANDOM,0
62,6300,21.019900798797607,89926,89938.81,0,0.4,0.5,20,ONE_POINT,100,100,RANDOM,0
63,6400,21.359153985977173,89338,89350.33,0,0.4,0.5,20,ONE_POINT,100,100,RANDOM,0
64,6500,21.680623531341553,89002,89014.04,0,0.4,0.5,20,ONE_POINT,100,100,RANDOM,0
65,6600,22.033063173294067,88364,88383.14,0,0.4,0.5,20,ONE_POINT,100,100,RANDOM,0
66,6700,22.3844633102417,87959,88005.44,0,0.4,0.5,20,ONE_POINT,100,100,RANDOM,0
67,6800,22.68545436859131,87759,87789.65,0,0.4,0.5,20,ONE_POINT,100,100,RANDOM,0
68,6900,23.017906188964844,87517,87526.68,0,0.4,0.5,20,ONE_POINT,100,100,RANDOM,0
69,7000,23.36220121383667,87028,87048.96,0,0.4,0.5,20,ONE_POINT,100,100,RANDOM,0
70,7100,23.691707134246826,86680,86686.96,0,0.4,0.5,20,ONE_POINT,100,100,RANDOM,0
71,7200,24.03009605407715,86445,86454.32,0,0.4,0.5,20,ONE_POINT,100,100,RANDOM,0
72,7300,24.387491464614868,85902,85918.24,0,0.4,0.5,20,ONE_POINT,100,100,RANDOM,0
73,7400,24.728902578353882,85678,85686.17,0,0.4,0.5,20,ONE_POINT,100,100,RANDOM,0
74,7500,25.057485818862915,85423,85432.77,0,0.4,0.5,20,ONE_POINT,100,100,RANDOM,0
75,7600,25.400214433670044,85101,85109.99,0,0.4,0.5,20,ONE_POINT,100,100,RANDOM,0
76,7700,25.727845191955566,84657,84670.34,0,0.4,0.5,20,ONE_POINT,100,100,RANDOM,0
77,7800,26.062916040420532,84410,84456.45,0,0.4,0.5,20,ONE_POINT,100,100,RANDOM,0
78,7900,26.39428448677063,84057,84064.06,0,0.4,0.5,20,ONE_POINT,100,100,RANDOM,0
79,8000,26.71937894821167,83782,83792.58,0,0.4,0.5,20,ONE_POINT,100,100,RANDOM,0
80,8100,27.039260387420654,82736,82770.95,0,0.4,0.5,20,ONE_POINT,100,100,RANDOM,0
81,8200,27.341917514801025,82404,82414.36,0,0.4,0.5,20,ONE_POINT,100,100,RANDOM,0
82,8300,27.705146312713623,81955,81975.41,0,0.4,0.5,20,ONE_POINT,100,100,RANDOM,0
83,8400,28.01418685913086,81737,81820.21,0,0.4,0.5,20,ONE_POINT,100,100,RANDOM,0
84,8500,28.379030466079712,81415,81430.14,0,0.4,0.5,20,ONE_POINT,100,100,RANDOM,0
85,8600,28.725078582763672,81010,81024.12,0,0.4,0.5,20,ONE_POINT,100,100,RANDOM,0
86,8700,29.038426160812378,80704,80713.18,0,0.4,0.5,20,ONE_POINT,100,100,RANDOM,0
87,8800,29.34529137611389,80522,80527.53,0,0.4,0.5,20,ONE_POINT,100,100,RANDOM,0
88,8900,29.675801992416382,80363,80369.36,0,0.4,0.5,20,ONE_POINT,100,100,RANDOM,0
89,9000,29.997885942459106,80154,80164.22,0,0.4,0.5,20,ONE_POINT,100,100,RANDOM,0
90,9100,30.357365608215332,79741,79757.28,0,0.4,0.5,20,ONE_POINT,100,100,RANDOM,0
91,9200,30.702281951904297,79544,79553.04,0,0.4,0.5,20,ONE_POINT,100,100,RANDOM,0
92,9300,31.034789085388184,79232,79237.09,0,0.4,0.5,20,ONE_POINT,100,100,RANDOM,0
93,9400,31.379791021347046,78878,78892.11,0,0.4,0.5,20,ONE_POINT,100,100,RANDOM,0
94,9500,31.70636796951294,78608,78619.07,0,0.4,0.5,20,ONE_POINT,100,100,RANDOM,0
95,9600,32.03713607788086,78059,78080.61,0,0.4,0.5,20,ONE_POINT,100,100,RANDOM,0
96,9700,32.388713121414185,77819,77828.21,0,0.4,0.5,20,ONE_POINT,100,100,RANDOM,0
97,9800,32.703031063079834,77546,77554.19,0,0.4,0.5,20,ONE_POINT,100,100,RANDOM,0
98,9900,33.01609921455383,77107,77133.39,0,0.4,0.5,20,ONE_POINT,100,100,RANDOM,0
99,10000,33.36274027824402,76341,76356.32,0,0.4,0.5,20,ONE_POINT,100,100,RANDOM,0
100,10100,33.692336559295654,76111,76144.47,0,0.4,0.5,20,ONE_POINT,100,100,RANDOM,0
101,10200,34.00380516052246,75850,75858.08,0,0.4,0.5,20,ONE_POINT,100,100,RANDOM,0
102,10300,34.34489965438843,75317,75333.25,0,0.4,0.5,20,ONE_POINT,100,100,RANDOM,0
103,10400,34.691218852996826,74978,74994.26,0,0.4,0.5,20,ONE_POINT,100,100,RANDOM,0
104,10500,35.059975147247314,74636,74649.21,0,0.4,0.5,20,ONE_POINT,100,100,RANDOM,0
105,10600,35.3892617225647,74426,74430.2,0,0.4,0.5,20,ONE_POINT,100,100,RANDOM,0
106,10700,35.76067280769348,74060,74074.31,0,0.4,0.5,20,ONE_POINT,100,100,RANDOM,0
107,10800,36.09115219116211,73808,73815.56,0,0.4,0.5,20,ONE_POINT,100,100,RANDOM,0
108,10900,36.430145263671875,73570,73581.45,0,0.4,0.5,20,ONE_POINT,100,100,RANDOM,0
109,11000,36.78136873245239,73373,73384.61,0,0.4,0.5,20,ONE_POINT,100,100,RANDOM,0
110,11100,37.1005220413208,73200,73206.92,0,0.4,0.5,20,ONE_POINT,100,100,RANDOM,0
111,11200,37.44226551055908,72679,72694.66,0,0.4,0.5,20,ONE_POINT,100,100,RANDOM,0
112,11300,37.77861261367798,72314,72330.16,0,0.4,0.5,20,ONE_POINT,100,100,RANDOM,0
113,11400,38.10227847099304,72111,72116.16,0,0.4,0.5,20,ONE_POINT,100,100,RANDOM,0
114,11500,38.45388913154602,71986,71991.01,0,0.4,0.5,20,ONE_POINT,100,100,RANDOM,0
115,11600,38.81078767776489,71721,71774.56,0,0.4,0.5,20,ONE_POINT,100,100,RANDOM,0
116,11700,39.112704277038574,71351,71365.68,0,0.4,0.5,20,ONE_POINT,100,100,RANDOM,0
117,11800,39.457687854766846,71246,71259.36,0,0.4,0.5,20,ONE_POINT,100,100,RANDOM,0
118,11900,39.78781819343567,71061,71067.84,0,0.4,0.5,20,ONE_POINT,100,100,RANDOM,0
119,12000,40.11501383781433,70783,70794.2,0,0.4,0.5,20,ONE_POINT,100,100,RANDOM,0
120,12100,40.446818828582764,70517,70543.83,0,0.4,0.5,20,ONE_POINT,100,100,RANDOM,0
121,12200,40.791255712509155,70231,70241.03,0,0.4,0.5,20,ONE_POINT,100,100,RANDOM,0
122,12300,41.12331175804138,70044,70051.48,0,0.4,0.5,20,ONE_POINT,100,100,RANDOM,0
123,12400,41.46438241004944,69835,69841.27,0,0.4,0.5,20,ONE_POINT,100,100,RANDOM,0
124,12500,41.774272203445435,69425,69433.2,0,0.4,0.5,20,ONE_POINT,100,100,RANDOM,0
125,12600,42.099565744400024,69166,69173.77,0,0.4,0.5,20,ONE_POINT,100,100,RANDOM,0
126,12700,42.417693853378296,68746,68758.6,0,0.4,0.5,20,ONE_POINT,100,100,RANDOM,0
127,12800,42.75912857055664,68364,68393.84,0,0.4,0.5,20,ONE_POINT,100,100,RANDOM,0
128,12900,43.08522629737854,68054,68066.25,0,0.4,0.5,20,ONE_POINT,100,100,RANDOM,0
129,13000,43.40387177467346,67737,67749.68,0,0.4,0.5,20,ONE_POINT,100,100,RANDOM,0
130,13100,43.71987843513489,67120,67135.8,0,0.4,0.5,20,ONE_POINT,100,100,RANDOM,0
131,13200,44.04215598106384,66885,66895.58,0,0.4,0.5,20,ONE_POINT,100,100,RANDOM,0
132,13300,44.380849838256836,66682,66690.32,0,0.4,0.5,20,ONE_POINT,100,100,RANDOM,0
133,13400,44.7328245639801,66416,66426.64,0,0.4,0.5,20,ONE_POINT,100,100,RANDOM,0
134,13500,45.04550790786743,66108,66120.32,0,0.4,0.5,20,ONE_POINT,100,100,RANDOM,0
135,13600,45.35195446014404,65995,66000.34,0,0.4,0.5,20,ONE_POINT,100,100,RANDOM,0
136,13700,45.687273263931274,65788,65796.68,0,0.4,0.5,20,ONE_POINT,100,100,RANDOM,0
137,13800,45.98717403411865,65524,65531.92,0,0.4,0.5,20,ONE_POINT,100,100,RANDOM,0
138,13900,46.31129765510559,65291,65300.32,0,0.4,0.5,20,ONE_POINT,100,100,RANDOM,0
139,14000,46.645667552948,65166,65171.0,0,0.4,0.5,20,ONE_POINT,100,100,RANDOM,0
140,14100,46.99546408653259,64854,64866.45,0,0.4,0.5,20,ONE_POINT,100,100,RANDOM,0
141,14200,47.30928301811218,64364,64374.56,0,0.4,0.5,20,ONE_POINT,100,100,RANDOM,0
142,14300,47.6155481338501,64161,64169.12,0,0.4,0.5,20,ONE_POINT,100,100,RANDOM,0
143,14400,47.93345832824707,63977,64018.17,0,0.4,0.5,20,ONE_POINT,100,100,RANDOM,0
144,14500,48.27421689033508,63819,63849.16,0,0.4,0.5,20,ONE_POINT,100,100,RANDOM,0
145,14600,48.663731813430786,63710,63754.42,0,0.4,0.5,20,ONE_POINT,100,100,RANDOM,0
146,14700,49.01241421699524,63227,63242.58,0,0.4,0.5,20,ONE_POINT,100,100,RANDOM,0
147,14800,49.351303577423096,62897,62906.21,0,0.4,0.5,20,ONE_POINT,100,100,RANDOM,0
148,14900,49.66875672340393,62788,62804.61,0,0.4,0.5,20,ONE_POINT,100,100,RANDOM,0
149,15000,50.007986545562744,62665,62726.62,0,0.4,0.5,20,ONE_POINT,100,100,RANDOM,0
150,15100,50.345497846603394,62503,62509.48,0,0.4,0.5,20,ONE_POINT,100,100,RANDOM,0
151,15200,50.68123197555542,62378,62384.25,0,0.4,0.5,20,ONE_POINT,100,100,RANDOM,0
152,15300,51.03172492980957,62113,62142.6,0,0.4,0.5,20,ONE_POINT,100,100,RANDOM,0
153,15400,51.359710931777954,61961,61968.2,0,0.4,0.5,20,ONE_POINT,100,100,RANDOM,0
154,15500,51.734819173812866,61879,61884.56,0,0.4,0.5,20,ONE_POINT,100,100,RANDOM,0
155,15600,52.07630944252014,61720,61789.72,0,0.4,0.5,20,ONE_POINT,100,100,RANDOM,0
156,15700,52.43142652511597,61499,61510.93,0,0.4,0.5,20,ONE_POINT,100,100,RANDOM,0
157,15800,52.796082973480225,61318,61327.23,0,0.4,0.5,20,ONE_POINT,100,100,RANDOM,0
158,15900,53.09790635108948,61084,61149.35,0,0.4,0.5,20,ONE_POINT,100,100,RANDOM,0
159,16000,53.4091157913208,60874,60882.4,0,0.4,0.5,20,ONE_POINT,100,100,RANDOM,0
160,16100,53.73458170890808,60716,60761.91,0,0.4,0.5,20,ONE_POINT,100,100,RANDOM,0
161,16200,54.04883027076721,60434,60447.21,0,0.4,0.5,20,ONE_POINT,100,100,RANDOM,0
162,16300,54.37292242050171,60206,60231.44,0,0.4,0.5,20,ONE_POINT,100,100,RANDOM,0
163,16400,54.6764817237854,60108,60112.9,0,0.4,0.5,20,ONE_POINT,100,100,RANDOM,0
164,16500,55.00909972190857,59759,59774.13,0,0.4,0.5,20,ONE_POINT,100,100,RANDOM,0
165,16600,55.358588457107544,59474,59489.46,0,0.4,0.5,20,ONE_POINT,100,100,RANDOM,0
166,16700,55.6887469291687,59241,59268.6,0,0.4,0.5,20,ONE_POINT,100,100,RANDOM,0
167,16800,55.99116110801697,58995,59005.49,0,0.4,0.5,20,ONE_POINT,100,100,RANDOM,0
168,16900,56.32779407501221,58892,58897.87,0,0.4,0.5,20,ONE_POINT,100,100,RANDOM,0
169,17000,56.64598107337952,58844,58846.88,0,0.4,0.5,20,ONE_POINT,100,100,RANDOM,0
170,17100,56.970722675323486,58685,58719.65,0,0.4,0.5,20,ONE_POINT,100,100,RANDOM,0
171,17200,57.3055579662323,58492,58498.86,0,0.4,0.5,20,ONE_POINT,100,100,RANDOM,0
172,17300,57.63097548484802,58318,58327.53,0,0.4,0.5,20,ONE_POINT,100,100,RANDOM,0
173,17400,57.96633958816528,58171,58177.86,0,0.4,0.5,20,ONE_POINT,100,100,RANDOM,0
174,17500,58.274943351745605,57872,57906.62,0,0.4,0.5,20,ONE_POINT,100,100,RANDOM,0
175,17600,58.62025594711304,57696,57702.91,0,0.4,0.5,20,ONE_POINT,100,100,RANDOM,0
176,17700,58.92036581039429,57491,57531.85,0,0.4,0.5,20,ONE_POINT,100,100,RANDOM,0
177,17800,59.274338245391846,57316,57327.87,0,0.4,0.5,20,ONE_POINT,100,100,RANDOM,0
178,17900,59.58604693412781,57261,57279.64,0,0.4,0.5,20,ONE_POINT,100,100,RANDOM,0
179,18000,59.92007398605347,57138,57142.92,0,0.4,0.5,20,ONE_POINT,100,100,RANDOM,0
180,18100,60.28511166572571,57059,57063.74,0,0.4,0.5,20,ONE_POINT,100,100,RANDOM,0
181,18200,60.6367609500885,56959,56966.47,0,0.4,0.5,20,ONE_POINT,100,100,RANDOM,0
182,18300,60.96339821815491,56719,56728.6,0,0.4,0.5,20,ONE_POINT,100,100,RANDOM,0
183,18400,61.28227353096008,56452,56463.3,0,0.4,0.5,20,ONE_POINT,100,100,RANDOM,0
184,18500,61.61698937416077,56277,56315.97,0,0.4,0.5,20,ONE_POINT,100,100,RANDOM,0
185,18600,61.92980170249939,56015,56023.54,0,0.4,0.5,20,ONE_POINT,100,100,RANDOM,0
186,18700,62.25423049926758,55784,55806.51,0,0.4,0.5,20,ONE_POINT,100,100,RANDOM,0
187,18800,62.57523703575134,55672,55680.21,0,0.4,0.5,20,ONE_POINT,100,100,RANDOM,0
188,18900,62.89543604850769,55540,55553.84,0,0.4,0.5,20,ONE_POINT,100,100,RANDOM,0
189,19000,63.21080756187439,55322,55333.51,0,0.4,0.5,20,ONE_POINT,100,100,RANDOM,0
190,19100,63.534698486328125,55220,55252.18,0,0.4,0.5,20,ONE_POINT,100,100,RANDOM,0
191,19200,63.862834453582764,54895,54906.75,0,0.4,0.5,20,ONE_POINT,100,100,RANDOM,0
192,19300,64.20172262191772,54594,54626.68,0,0.4,0.5,20,ONE_POINT,100,100,RANDOM,0
193,19400,64.52728343009949,54372,54380.32,0,0.4,0.5,20,ONE_POINT,100,100,RANDOM,0
194,19500,64.85448813438416,54169,54180.87,0,0.4,0.5,20,ONE_POINT,100,100,RANDOM,0
195,19600,65.18656325340271,54138,54141.59,0,0.4,0.5,20,ONE_POINT,100,100,RANDOM,0
196,19700,65.52433633804321,53925,53933.52,0,0.4,0.5,20,ONE_POINT,100,100,RANDOM,0
197,19800,65.86265873908997,53774,53785.97,0,0.4,0.5,20,ONE_POINT,100,100,RANDOM,0
198,19900,66.23875427246094,53720,53765.45,0,0.4,0.5,20,ONE_POINT,100,100,RANDOM,0
199,20000,66.56070899963379,53490,53501.75,0,0.4,0.5,20,ONE_POINT,100,100,RANDOM,0
200,20100,66.86633515357971,53115,53134.83,0,0.4,0.5,20,ONE_POINT,100,100,RANDOM,0
201,20200,67.21685338020325,53022,53053.15,0,0.4,0.5,20,ONE_POINT,100,100,RANDOM,0
202,20300,67.56813526153564,52788,52849.79,0,0.4,0.5,20,ONE_POINT,100,100,RANDOM,0
203,20400,67.93392372131348,52588,52598.82,0,0.4,0.5,20,ONE_POINT,100,100,RANDOM,0
204,20500,68.37363171577454,52470,52529.81,0,0.4,0.5,20,ONE_POINT,100,100,RANDOM,0
205,20600,68.74964022636414,52318,52337.71,0,0.4,0.5,20,ONE_POINT,100,100,RANDOM,0
206,20700,69.08590960502625,52251,52257.21,0,0.4,0.5,20,ONE_POINT,100,100,RANDOM,0
207,20800,69.41964030265808,52164,52174.23,0,0.4,0.5,20,ONE_POINT,100,100,RANDOM,0
208,20900,69.725417137146,51972,51979.78,0,0.4,0.5,20,ONE_POINT,100,100,RANDOM,0
209,21000,70.03487610816956,51879,51889.63,0,0.4,0.5,20,ONE_POINT,100,100,RANDOM,0
210,21100,70.36596965789795,51835,51842.31,0,0.4,0.5,20,ONE_POINT,100,100,RANDOM,0
211,21200,70.73102402687073,51679,51691.3,0,0.4,0.5,20,ONE_POINT,100,100,RANDOM,0
212,21300,71.06322288513184,51586,51591.91,0,0.4,0.5,20,ONE_POINT,100,100,RANDOM,0
213,21400,71.36801862716675,51415,51438.66,0,0.4,0.5,20,ONE_POINT,100,100,RANDOM,0
214,21500,71.69913458824158,51343,51347.17,0,0.4,0.5,20,ONE_POINT,100,100,RANDOM,0
215,21600,72.04596376419067,51298,51343.9,0,0.4,0.5,20,ONE_POINT,100,100,RANDOM,0
216,21700,72.39654660224915,51170,51176.4,0,0.4,0.5,20,ONE_POINT,100,100,RANDOM,0
217,21800,72.73373579978943,51114,51118.27,0,0.4,0.5,20,ONE_POINT,100,100,RANDOM,0
218,21900,73.08936524391174,50907,50923.94,0,0.4,0.5,20,ONE_POINT,100,100,RANDOM,0
219,22000,73.42231917381287,50866,50876.79,0,0.4,0.5,20,ONE_POINT,100,100,RANDOM,0
220,22100,73.79566621780396,50821,50844.09,0,0.4,0.5,20,ONE_POINT,100,100,RANDOM,0
221,22200,74.10962581634521,50685,50691.13,0,0.4,0.5,20,ONE_POINT,100,100,RANDOM,0
222,22300,74.45991921424866,50585,50590.0,0,0.4,0.5,20,ONE_POINT,100,100,RANDOM,0
223,22400,74.79231667518616,50493,50511.0,0,0.4,0.5,20,ONE_POINT,100,100,RANDOM,0
224,22500,75.14126563072205,50408,50469.35,0,0.4,0.5,20,ONE_POINT,100,100,RANDOM,0
225,22600,75.49703478813171,50272,50281.24,0,0.4,0.5,20,ONE_POINT,100,100,RANDOM,0
226,22700,75.81804013252258,50090,50204.47,0,0.4,0.5,20,ONE_POINT,100,100,RANDOM,0
227,22800,76.15996408462524,49973,49979.38,0,0.4,0.5,20,ONE_POINT,100,100,RANDOM,0
228,22900,76.49875926971436,49789,49814.33,0,0.4,0.5,20,ONE_POINT,100,100,RANDOM,0
229,23000,76.84362030029297,49752,49759.31,0,0.4,0.5,20,ONE_POINT,100,100,RANDOM,0
230,23100,77.18474435806274,49630,49721.5,0,0.4,0.5,20,ONE_POINT,100,100,RANDOM,0
231,23200,77.52037167549133,49490,49495.6,0,0.4,0.5,20,ONE_POINT,100,100,RANDOM,0
232,23300,77.84299206733704,49391,49394.96,0,0.4,0.5,20,ONE_POINT,100,100,RANDOM,0
233,23400,78.1897599697113,49306,49400.35,0,0.4,0.5,20,ONE_POINT,100,100,RANDOM,0
234,23500,78.51910614967346,49042,49068.19,0,0.4,0.5,20,ONE_POINT,100,100,RANDOM,0
235,23600,78.85617232322693,48879,48888.13,0,0.4,0.5,20,ONE_POINT,100,100,RANDOM,0
236,23700,79.17184782028198,48791,48803.0,0,0.4,0.5,20,ONE_POINT,100,100,RANDOM,0
237,23800,79.4864251613617,48677,48691.71,0,0.4,0.5,20,ONE_POINT,100,100,RANDOM,0
238,23900,79.7890191078186,48536,48543.05,0,0.4,0.5,20,ONE_POINT,100,100,RANDOM,0
239,24000,80.09756088256836,48386,48395.28,0,0.4,0.5,20,ONE_POINT,100,100,RANDOM,0
240,24100,80.45028018951416,48336,48339.52,0,0.4,0.5,20,ONE_POINT,100,100,RANDOM,0
241,24200,80.79204797744751,48241,48247.2,0,0.4,0.5,20,ONE_POINT,100,100,RANDOM,0
242,24300,81.15072298049927,48073,48087.78,0,0.4,0.5,20,ONE_POINT,100,100,RANDOM,0
243,24400,81.46610426902771,47888,47896.72,0,0.4,0.5,20,ONE_POINT,100,100,RANDOM,0
244,24500,81.79063391685486,47687,47698.01,0,0.4,0.5,20,ONE_POINT,100,100,RANDOM,0
245,24600,82.12507843971252,47571,47575.31,0,0.4,0.5,20,ONE_POINT,100,100,RANDOM,0
246,24700,82.43506693840027,47533,47538.63,0,0.4,0.5,20,ONE_POINT,100,100,RANDOM,0
247,24800,82.78543448448181,47448,47467.34,0,0.4,0.5,20,ONE_POINT,100,100,RANDOM,0
248,24900,83.1121563911438,47274,47282.7,0,0.4,0.5,20,ONE_POINT,100,100,RANDOM,0
249,25000,83.44466614723206,47185,47200.96,0,0.4,0.5,20,ONE_POINT,100,100,RANDOM,0
250,25100,83.75602889060974,47115,47118.5,0,0.4,0.5,20,ONE_POINT,100,100,RANDOM,0
251,25200,84.0800952911377,47024,47027.64,0,0.4,0.5,20,ONE_POINT,100,100,RANDOM,0
252,25300,84.41974067687988,46935,46945.64,0,0.4,0.5,20,ONE_POINT,100,100,RANDOM,0
253,25400,84.7669734954834,46881,46885.36,0,0.4,0.5,20,ONE_POINT,100,100,RANDOM,0
254,25500,85.11611366271973,46727,46761.13,0,0.4,0.5,20,ONE_POINT,100,100,RANDOM,0
255,25600,85.49330472946167,46656,46664.59,0,0.4,0.5,20,ONE_POINT,100,100,RANDOM,0
256,25700,85.83238625526428,46613,46616.01,0,0.4,0.5,20,ONE_POINT,100,100,RANDOM,0
257,25800,86.15333032608032,46512,46517.05,0,0.4,0.5,20,ONE_POINT,100,100,RANDOM,0
258,25900,86.50081729888916,46467,46470.31,0,0.4,0.5,20,ONE_POINT,100,100,RANDOM,0
259,26000,86.80415868759155,46422,46431.9,0,0.4,0.5,20,ONE_POINT,100,100,RANDOM,0
260,26100,87.15131950378418,46278,46287.09,0,0.4,0.5,20,ONE_POINT,100,100,RANDOM,0
261,26200,87.47164964675903,46143,46148.4,0,0.4,0.5,20,ONE_POINT,100,100,RANDOM,0
262,26300,87.8130669593811,46080,46083.78,0,0.4,0.5,20,ONE_POINT,100,100,RANDOM,0
263,26400,88.12112641334534,46005,46009.5,0,0.4,0.5,20,ONE_POINT,100,100,RANDOM,0
264,26500,88.45180702209473,45926,45932.03,0,0.4,0.5,20,ONE_POINT,100,100,RANDOM,0
265,26600,88.81389331817627,45869,45875.91,0,0.4,0.5,20,ONE_POINT,100,100,RANDOM,0
266,26700,89.13257384300232,45792,45807.5,0,0.4,0.5,20,ONE_POINT,100,100,RANDOM,0
267,26800,89.48436903953552,45714,45740.35,0,0.4,0.5,20,ONE_POINT,100,100,RANDOM,0
268,26900,89.80985236167908,45556,45566.46,0,0.4,0.5,20,ONE_POINT,100,100,RANDOM,0
269,27000,90.1656105518341,45384,45393.39,0,0.4,0.5,20,ONE_POINT,100,100,RANDOM,0
270,27100,90.49315476417542,45323,45344.93,0,0.4,0.5,20,ONE_POINT,100,100,RANDOM,0
271,27200,90.84784030914307,45283,45289.32,0,0.4,0.5,20,ONE_POINT,100,100,RANDOM,0
272,27300,91.1687798500061,45264,45271.81,0,0.4,0.5,20,ONE_POINT,100,100,RANDOM,0
273,27400,91.4892373085022,45208,45215.22,0,0.4,0.5,20,ONE_POINT,100,100,RANDOM,0
274,27500,91.83617639541626,45081,45089.75,0,0.4,0.5,20,ONE_POINT,100,100,RANDOM,0
275,27600,92.17538666725159,45059,45060.66,0,0.4,0.5,20,ONE_POINT,100,100,RANDOM,0
276,27700,92.51568293571472,44881,44889.9,0,0.4,0.5,20,ONE_POINT,100,100,RANDOM,0
277,27800,92.8318600654602,44781,44815.59,0,0.4,0.5,20,ONE_POINT,100,100,RANDOM,0
278,27900,93.14255499839783,44727,44748.42,0,0.4,0.5,20,ONE_POINT,100,100,RANDOM,0
279,28000,93.4549458026886,44601,44608.04,0,0.4,0.5,20,ONE_POINT,100,100,RANDOM,0
280,28100,93.82327651977539,44522,44535.36,0,0.4,0.5,20,ONE_POINT,100,100,RANDOM,0
281,28200,94.16408777236938,44482,44587.46,0,0.4,0.5,20,ONE_POINT,100,100,RANDOM,0
282,28300,94.49154448509216,44464,44466.2,0,0.4,0.5,20,ONE_POINT,100,100,RANDOM,0
283,28400,94.82333421707153,44363,44466.14,0,0.4,0.5,20,ONE_POINT,100,100,RANDOM,0
284,28500,95.16096448898315,44327,44330.07,0,0.4,0.5,20,ONE_POINT,100,100,RANDOM,0
285,28600,95.48744678497314,44268,44273.44,0,0.4,0.5,20,ONE_POINT,100,100,RANDOM,0
286,28700,95.79662013053894,44158,44166.11,0,0.4,0.5,20,ONE_POINT,100,100,RANDOM,0
287,28800,96.15389156341553,44011,44033.28,0,0.4,0.5,20,ONE_POINT,100,100,RANDOM,0
288,28900,96.47869753837585,43910,43928.59,0,0.4,0.5,20,ONE_POINT,100,100,RANDOM,0
289,29000,96.81313824653625,43763,43768.88,0,0.4,0.5,20,ONE_POINT,100,100,RANDOM,0
290,29100,97.16157245635986,43686,43691.39,0,0.4,0.5,20,ONE_POINT,100,100,RANDOM,0
291,29200,97.51229572296143,43660,43665.05,0,0.4,0.5,20,ONE_POINT,100,100,RANDOM,0
292,29300,97.85094094276428,43615,43634.29,0,0.4,0.5,20,ONE_POINT,100,100,RANDOM,0
293,29400,98.16552639007568,43478,43485.3,0,0.4,0.5,20,ONE_POINT,100,100,RANDOM,0
294,29500,98.48566436767578,43385,43404.7,0,0.4,0.5,20,ONE_POINT,100,100,RANDOM,0
295,29600,98.82055568695068,43311,43315.44,0,0.4,0.5,20,ONE_POINT,100,100,RANDOM,0
296,29700,99.14517593383789,43281,43283.4,0,0.4,0.5,20,ONE_POINT,100,100,RANDOM,0
297,29800,99.46199631690979,43156,43165.65,0,0.4,0.5,20,ONE_POINT,100,100,RANDOM,0
298,29900,99.78346514701843,43092,43096.48,0,0.4,0.5,20,ONE_POINT,100,100,RANDOM,0
299,30000,100.1055679321289,43070,43073.89,0,0.4,0.5,20,ONE_POINT,100,100,RANDOM,0
300,30100,100.46147632598877,43045,43059.64,0,0.4,0.5,20,ONE_POINT,100,100,RANDOM,0
301,30200,100.77891039848328,42971,42975.91,0,0.4,0.5,20,ONE_POINT,100,100,RANDOM,0
302,30300,101.11024856567383,42937,42939.13,0,0.4,0.5,20,ONE_POINT,100,100,RANDOM,0
303,30400,101.44214224815369,42895,42898.42,0,0.4,0.5,20,ONE_POINT,100,100,RANDOM,0
304,30500,101.77164196968079,42812,42890.67,0,0.4,0.5,20,ONE_POINT,100,100,RANDOM,0
305,30600,102.14750480651855,42735,42739.62,0,0.4,0.5,20,ONE_POINT,100,100,RANDOM,0
306,30700,102.49907803535461,42679,42682.92,0,0.4,0.5,20,ONE_POINT,100,100,RANDOM,0
307,30800,102.81946849822998,42624,42628.41,0,0.4,0.5,20,ONE_POINT,100,100,RANDOM,0
308,30900,103.15748429298401,42507,42514.57,0,0.4,0.5,20,ONE_POINT,100,100,RANDOM,0
309,31000,103.49399876594543,42456,42462.64,0,0.4,0.5,20,ONE_POINT,100,100,RANDOM,0
310,31100,103.85788083076477,42361,42366.7,0,0.4,0.5,20,ONE_POINT,100,100,RANDOM,0
311,31200,104.18461871147156,42341,42344.8,0,0.4,0.5,20,ONE_POINT,100,100,RANDOM,0
312,31300,104.54629707336426,42238,42295.79,0,0.4,0.5,20,ONE_POINT,100,100,RANDOM,0
313,31400,104.88267493247986,42206,42276.51,0,0.4,0.5,20,ONE_POINT,100,100,RANDOM,0
314,31500,105.21347832679749,42157,42170.02,0,0.4,0.5,20,ONE_POINT,100,100,RANDOM,0
315,31600,105.55727577209473,42061,42067.12,0,0.4,0.5,20,ONE_POINT,100,100,RANDOM,0
316,31700,105.87695813179016,42030,42038.84,0,0.4,0.5,20,ONE_POINT,100,100,RANDOM,0
317,31800,106.21542525291443,41949,42001.15,0,0.4,0.5,20,ONE_POINT,100,100,RANDOM,0
318,31900,106.55261301994324,41880,41884.14,0,0.4,0.5,20,ONE_POINT,100,100,RANDOM,0
319,32000,106.87456011772156,41850,41853.61,0,0.4,0.5,20,ONE_POINT,100,100,RANDOM,0
320,32100,107.2230429649353,41651,41690.72,0,0.4,0.5,20,ONE_POINT,100,100,RANDOM,0
321,32200,107.5694215297699,41594,41597.42,0,0.4,0.5,20,ONE_POINT,100,100,RANDOM,0
322,32300,107.90110611915588,41583,41589.35,0,0.4,0.5,20,ONE_POINT,100,100,RANDOM,0
323,32400,108.23186326026917,41550,41556.1,0,0.4,0.5,20,ONE_POINT,100,100,RANDOM,0
324,32500,108.54891204833984,41525,41528.11,0,0.4,0.5,20,ONE_POINT,100,100,RANDOM,0
325,32600,108.89129877090454,41440,41445.35,0,0.4,0.5,20,ONE_POINT,100,100,RANDOM,0
326,32700,109.2302634716034,41389,41393.93,0,0.4,0.5,20,ONE_POINT,100,100,RANDOM,0
327,32800,109.5696702003479,41369,41380.12,0,0.4,0.5,20,ONE_POINT,100,100,RANDOM,0
328,32900,109.90942668914795,41342,41478.44,0,0.4,0.5,20,ONE_POINT,100,100,RANDOM,0
329,33000,110.22591972351074,41327,41392.62,0,0.4,0.5,20,ONE_POINT,100,100,RANDOM,0
330,33100,110.56409859657288,41274,41280.29,0,0.4,0.5,20,ONE_POINT,100,100,RANDOM,0
331,33200,110.91003775596619,41178,41183.76,0,0.4,0.5,20,ONE_POINT,100,100,RANDOM,0
332,33300,111.24985551834106,41099,41123.52,0,0.4,0.5,20,ONE_POINT,100,100,RANDOM,0
333,33400,111.5852439403534,41066,41069.11,0,0.4,0.5,20,ONE_POINT,100,100,RANDOM,0
334,33500,111.90899324417114,41035,41037.79,0,0.4,0.5,20,ONE_POINT,100,100,RANDOM,0
335,33600,112.24530076980591,40962,40967.16,0,0.4,0.5,20,ONE_POINT,100,100,RANDOM,0
336,33700,112.56905937194824,40889,40895.26,0,0.4,0.5,20,ONE_POINT,100,100,RANDOM,0
337,33800,112.91217827796936,40858,40865.32,0,0.4,0.5,20,ONE_POINT,100,100,RANDOM,0
338,33900,113.2411835193634,40795,40801.04,0,0.4,0.5,20,ONE_POINT,100,100,RANDOM,0
339,34000,113.55027151107788,40711,40721.51,0,0.4,0.5,20,ONE_POINT,100,100,RANDOM,0
340,34100,113.9183189868927,40614,40628.29,0,0.4,0.5,20,ONE_POINT,100,100,RANDOM,0
341,34200,114.24059176445007,40564,40575.57,0,0.4,0.5,20,ONE_POINT,100,100,RANDOM,0
342,34300,114.55998802185059,40536,40545.88,0,0.4,0.5,20,ONE_POINT,100,100,RANDOM,0
343,34400,114.89856791496277,40471,40475.03,0,0.4,0.5,20,ONE_POINT,100,100,RANDOM,0
344,34500,115.2454583644867,40436,40440.41,0,0.4,0.5,20,ONE_POINT,100,100,RANDOM,0
345,34600,115.57485508918762,40373,40376.78,0,0.4,0.5,20,ONE_POINT,100,100,RANDOM,0
346,34700,115.90014553070068,40347,40349.37,0,0.4,0.5,20,ONE_POINT,100,100,RANDOM,0
347,34800,116.26050734519958,40298,40301.42,0,0.4,0.5,20,ONE_POINT,100,100,RANDOM,0
348,34900,116.59249663352966,40239,40244.55,0,0.4,0.5,20,ONE_POINT,100,100,RANDOM,0
349,35000,116.92537355422974,40207,40213.45,0,0.4,0.5,20,ONE_POINT,100,100,RANDOM,0
350,35100,117.2865960597992,40188,40190.22,0,0.4,0.5,20,ONE_POINT,100,100,RANDOM,0
351,35200,117.59334540367126,40137,40146.82,0,0.4,0.5,20,ONE_POINT,100,100,RANDOM,0
352,35300,117.9464225769043,40106,40108.81,0,0.4,0.5,20,ONE_POINT,100,100,RANDOM,0
353,35400,118.31761121749878,40044,40055.53,0,0.4,0.5,20,ONE_POINT,100,100,RANDOM,0
354,35500,118.6736261844635,40006,40010.35,0,0.4,0.5,20,ONE_POINT,100,100,RANDOM,0
355,35600,119.04274225234985,39953,39955.78,0,0.4,0.5,20,ONE_POINT,100,100,RANDOM,0
356,35700,119.39621305465698,39904,40018.91,0,0.4,0.5,20,ONE_POINT,100,100,RANDOM,0
357,35800,119.73339939117432,39866,39869.45,0,0.4,0.5,20,ONE_POINT,100,100,RANDOM,0
358,35900,120.06121325492859,39854,39907.57,0,0.4,0.5,20,ONE_POINT,100,100,RANDOM,0
359,36000,120.43712067604065,39831,39834.14,0,0.4,0.5,20,ONE_POINT,100,100,RANDOM,0
360,36100,120.7739200592041,39796,39905.26,0,0.4,0.5,20,ONE_POINT,100,100,RANDOM,0
361,36200,121.12286496162415,39753,39755.96,0,0.4,0.5,20,ONE_POINT,100,100,RANDOM,0
362,36300,121.46043920516968,39728,39769.37,0,0.4,0.5,20,ONE_POINT,100,100,RANDOM,0
363,36400,121.77452850341797,39692,39700.78,0,0.4,0.5,20,ONE_POINT,100,100,RANDOM,0
364,36500,122.14569664001465,39677,39680.9,0,0.4,0.5,20,ONE_POINT,100,100,RANDOM,0
365,36600,122.46548056602478,39635,39639.69,0,0.4,0.5,20,ONE_POINT,100,100,RANDOM,0
366,36700,122.8005211353302,39592,39595.98,0,0.4,0.5,20,ONE_POINT,100,100,RANDOM,0
367,36800,123.11176466941833,39537,39545.75,0,0.4,0.5,20,ONE_POINT,100,100,RANDOM,0
368,36900,123.43887519836426,39495,39498.37,0,0.4,0.5,20,ONE_POINT,100,100,RANDOM,0
369,37000,123.74854826927185,39481,39487.07,0,0.4,0.5,20,ONE_POINT,100,100,RANDOM,0
370,37100,124.10246634483337,39390,39395.6,0,0.4,0.5,20,ONE_POINT,100,100,RANDOM,0
371,37200,124.44594860076904,39343,39347.71,0,0.4,0.5,20,ONE_POINT,100,100,RANDOM,0
372,37300,124.7818009853363,39303,39322.83,0,0.4,0.5,20,ONE_POINT,100,100,RANDOM,0
373,37400,125.08797645568848,39256,39260.15,0,0.4,0.5,20,ONE_POINT,100,100,RANDOM,0
374,37500,125.42664504051208,39232,39239.4,0,0.4,0.5,20,ONE_POINT,100,100,RANDOM,0
375,37600,125.7517204284668,39213,39219.65,0,0.4,0.5,20,ONE_POINT,100,100,RANDOM,0
376,37700,126.08180022239685,39193,39199.18,0,0.4,0.5,20,ONE_POINT,100,100,RANDOM,0
377,37800,126.41949820518494,39167,39212.74,0,0.4,0.5,20,ONE_POINT,100,100,RANDOM,0
378,37900,126.75669264793396,39122,39128.45,0,0.4,0.5,20,ONE_POINT,100,100,RANDOM,0
379,38000,127.06418919563293,39089,39095.62,0,0.4,0.5,20,ONE_POINT,100,100,RANDOM,0
380,38100,127.39953804016113,39064,39093.36,0,0.4,0.5,20,ONE_POINT,100,100,RANDOM,0
381,38200,127.72621560096741,39016,39021.26,0,0.4,0.5,20,ONE_POINT,100,100,RANDOM,0
382,38300,128.0781910419464,39012,39017.45,0,0.4,0.5,20,ONE_POINT,100,100,RANDOM,0
383,38400,128.44099855422974,38992,39028.03,0,0.4,0.5,20,ONE_POINT,100,100,RANDOM,0
384,38500,128.78017449378967,38943,38954.67,0,0.4,0.5,20,ONE_POINT,100,100,RANDOM,0
385,38600,129.1036720275879,38923,38930.42,0,0.4,0.5,20,ONE_POINT,100,100,RANDOM,0
386,38700,129.44482445716858,38902,38904.6,0,0.4,0.5,20,ONE_POINT,100,100,RANDOM,0
387,38800,129.77655506134033,38803,38810.12,0,0.4,0.5,20,ONE_POINT,100,100,RANDOM,0
388,38900,130.12674736976624,38801,38801.38,0,0.4,0.5,20,ONE_POINT,100,100,RANDOM,0
389,39000,130.46873688697815,38773,38777.82,0,0.4,0.5,20,ONE_POINT,100,100,RANDOM,0
390,39100,130.77966475486755,38742,38749.16,0,0.4,0.5,20,ONE_POINT,100,100,RANDOM,0
391,39200,131.12336683273315,38722,38724.02,0,0.4,0.5,20,ONE_POINT,100,100,RANDOM,0
392,39300,131.4382040500641,38700,38701.54,0,0.4,0.5,20,ONE_POINT,100,100,RANDOM,0
393,39400,131.78310823440552,38629,38645.4,0,0.4,0.5,20,ONE_POINT,100,100,RANDOM,0
394,39500,132.11148285865784,38602,38604.3,0,0.4,0.5,20,ONE_POINT,100,100,RANDOM,0
395,39600,132.46379852294922,38567,38574.31,0,0.4,0.5,20,ONE_POINT,100,100,RANDOM,0
396,39700,132.81645560264587,38551,38553.08,0,0.4,0.5,20,ONE_POINT,100,100,RANDOM,0
397,39800,133.13943934440613,38548,38550.03,0,0.4,0.5,20,ONE_POINT,100,100,RANDOM,0
398,39900,133.45975422859192,38513,38528.99,0,0.4,0.5,20,ONE_POINT,100,100,RANDOM,0
399,40000,133.80200457572937,38417,38425.36,0,0.4,0.5,20,ONE_POINT,100,100,RANDOM,0
400,40100,134.14206528663635,38401,38407.71,0,0.4,0.5,20,ONE_POINT,100,100,RANDOM,0
401,40200,134.47290134429932,38203,38215.21,0,0.4,0.5,20,ONE_POINT,100,100,RANDOM,0
402,40300,134.77826809883118,38095,38097.7,0,0.4,0.5,20,ONE_POINT,100,100,RANDOM,0
403,40400,135.16267728805542,38040,38084.31,0,0.4,0.5,20,ONE_POINT,100,100,RANDOM,0
404,40500,135.51565718650818,38019,38092.42,0,0.4,0.5,20,ONE_POINT,100,100,RANDOM,0
405,40600,135.88563585281372,38006,38014.24,0,0.4,0.5,20,ONE_POINT,100,100,RANDOM,0
406,40700,136.2491159439087,38006,38006.0,0,0.4,0.5,20,ONE_POINT,100,100,RANDOM,0
407,40800,136.5961365699768,37992,38000.5,0,0.4,0.5,20,ONE_POINT,100,100,RANDOM,0
408,40900,136.92402029037476,37984,37985.69,0,0.4,0.5,20,ONE_POINT,100,100,RANDOM,0
409,41000,137.26370525360107,37965,37997.43,0,0.4,0.5,20,ONE_POINT,100,100,RANDOM,0
410,41100,137.6023087501526,37948,37953.09,0,0.4,0.5,20,ONE_POINT,100,100,RANDOM,0
411,41200,137.93923044204712,37925,37927.8,0,0.4,0.5,20,ONE_POINT,100,100,RANDOM,0
412,41300,138.29023456573486,37896,37900.69,0,0.4,0.5,20,ONE_POINT,100,100,RANDOM,0
413,41400,138.62844252586365,37864,37869.22,0,0.4,0.5,20,ONE_POINT,100,100,RANDOM,0
414,41500,138.93385767936707,37850,37852.36,0,0.4,0.5,20,ONE_POINT,100,100,RANDOM,0
415,41600,139.26708030700684,37805,37820.32,0,0.4,0.5,20,ONE_POINT,100,100,RANDOM,0
416,41700,139.6062798500061,37769,37773.88,0,0.4,0.5,20,ONE_POINT,100,100,RANDOM,0
417,41800,139.9282009601593,37750,37752.41,0,0.4,0.5,20,ONE_POINT,100,100,RANDOM,0
418,41900,140.2530996799469,37741,37744.99,0,0.4,0.5,20,ONE_POINT,100,100,RANDOM,0
419,42000,140.5711600780487,37704,37710.55,0,0.4,0.5,20,ONE_POINT,100,100,RANDOM,0
420,42100,140.89963936805725,37663,37669.13,0,0.4,0.5,20,ONE_POINT,100,100,RANDOM,0
421,42200,141.22974109649658,37620,37623.1,0,0.4,0.5,20,ONE_POINT,100,100,RANDOM,0
422,42300,141.53166961669922,37577,37579.98,0,0.4,0.5,20,ONE_POINT,100,100,RANDOM,0
423,42400,141.86767601966858,37473,37570.9,0,0.4,0.5,20,ONE_POINT,100,100,RANDOM,0
424,42500,142.1959993839264,37427,37430.43,0,0.4,0.5,20,ONE_POINT,100,100,RANDOM,0
425,42600,142.52872729301453,37352,37360.23,0,0.4,0.5,20,ONE_POINT,100,100,RANDOM,0
426,42700,142.86543822288513,37335,37336.7,0,0.4,0.5,20,ONE_POINT,100,100,RANDOM,0
427,42800,143.18615102767944,37305,37307.66,0,0.4,0.5,20,ONE_POINT,100,100,RANDOM,0
428,42900,143.49410390853882,37281,37290.2,0,0.4,0.5,20,ONE_POINT,100,100,RANDOM,0
429,43000,143.83340191841125,37281,37281.0,0,0.4,0.5,20,ONE_POINT,100,100,RANDOM,0
430,43100,144.16447949409485,37265,37343.81,0,0.4,0.5,20,ONE_POINT,100,100,RANDOM,0
431,43200,144.51210618019104,37185,37190.87,0,0.4,0.5,20,ONE_POINT,100,100,RANDOM,0
432,43300,144.84056758880615,37165,37168.01,0,0.4,0.5,20,ONE_POINT,100,100,RANDOM,0
433,43400,145.16681027412415,37165,37165.0,0,0.4,0.5,20,ONE_POINT,100,100,RANDOM,0
434,43500,145.5079746246338,37131,37135.06,0,0.4,0.5,20,ONE_POINT,100,100,RANDOM,0
435,43600,145.84085965156555,37128,37128.85,0,0.4,0.5,20,ONE_POINT,100,100,RANDOM,0
436,43700,146.20848941802979,37116,37270.25,0,0.4,0.5,20,ONE_POINT,100,100,RANDOM,0
437,43800,146.54231119155884,37090,37092.72,0,0.4,0.5,20,ONE_POINT,100,100,RANDOM,0
438,43900,146.8534803390503,37080,37083.29,0,0.4,0.5,20,ONE_POINT,100,100,RANDOM,0
439,44000,147.17662525177002,37067,37070.69,0,0.4,0.5,20,ONE_POINT,100,100,RANDOM,0
440,44100,147.51816582679749,37023,37026.08,0,0.4,0.5,20,ONE_POINT,100,100,RANDOM,0
441,44200,147.8746018409729,36992,36998.89,0,0.4,0.5,20,ONE_POINT,100,100,RANDOM,0
442,44300,148.21495485305786,36941,36950.61,0,0.4,0.5,20,ONE_POINT,100,100,RANDOM,0
443,44400,148.5370032787323,36928,36929.66,0,0.4,0.5,20,ONE_POINT,100,100,RANDOM,0
444,44500,148.8750922679901,36913,36916.46,0,0.4,0.5,20,ONE_POINT,100,100,RANDOM,0
445,44600,149.19414615631104,36900,36906.34,0,0.4,0.5,20,ONE_POINT,100,100,RANDOM,0
446,44700,149.49592685699463,36893,36895.2,0,0.4,0.5,20,ONE_POINT,100,100,RANDOM,0
447,44800,149.80924582481384,36882,36884.18,0,0.4,0.5,20,ONE_POINT,100,100,RANDOM,0
448,44900,150.174635887146,36860,36862.16,0,0.4,0.5,20,ONE_POINT,100,100,RANDOM,0
449,45000,150.50738835334778,36821,36830.05,0,0.4,0.5,20,ONE_POINT,100,100,RANDOM,0
450,45100,150.83968138694763,36819,36820.06,0,0.4,0.5,20,ONE_POINT,100,100,RANDOM,0
451,45200,151.17347264289856,36801,36805.42,0,0.4,0.5,20,ONE_POINT,100,100,RANDOM,0
452,45300,151.49122858047485,36796,36798.2,0,0.4,0.5,20,ONE_POINT,100,100,RANDOM,0
453,45400,151.83808088302612,36792,36860.01,0,0.4,0.5,20,ONE_POINT,100,100,RANDOM,0
454,45500,152.17727971076965,36775,36777.62,0,0.4,0.5,20,ONE_POINT,100,100,RANDOM,0
455,45600,152.57773685455322,36740,36742.96,0,0.4,0.5,20,ONE_POINT,100,100,RANDOM,0
456,45700,152.91263270378113,36728,36743.61,0,0.4,0.5,20,ONE_POINT,100,100,RANDOM,0
457,45800,153.26374316215515,36728,36728.0,0,0.4,0.5,20,ONE_POINT,100,100,RANDOM,0
458,45900,153.59995818138123,36702,36707.61,0,0.4,0.5,20,ONE_POINT,100,100,RANDOM,0
459,46000,153.93396472930908,36645,36650.5,0,0.4,0.5,20,ONE_POINT,100,100,RANDOM,0
460,46100,154.26496720314026,36645,36645.0,0,0.4,0.5,20,ONE_POINT,100,100,RANDOM,0
461,46200,154.60101914405823,36635,36695.13,0,0.4,0.5,20,ONE_POINT,100,100,RANDOM,0
462,46300,154.94246816635132,36617,36645.25,0,0.4,0.5,20,ONE_POINT,100,100,RANDOM,0
463,46400,155.2929675579071,36594,36598.99,0,0.4,0.5,20,ONE_POINT,100,100,RANDOM,0
464,46500,155.63278555870056,36587,36591.9,0,0.4,0.5,20,ONE_POINT,100,100,RANDOM,0
465,46600,155.98048424720764,36578,36585.84,0,0.4,0.5,20,ONE_POINT,100,100,RANDOM,0
466,46700,156.31532740592957,36560,36562.07,0,0.4,0.5,20,ONE_POINT,100,100,RANDOM,0
467,46800,156.64721727371216,36547,36549.31,0,0.4,0.5,20,ONE_POINT,100,100,RANDOM,0
468,46900,156.98149228096008,36528,36531.05,0,0.4,0.5,20,ONE_POINT,100,100,RANDOM,0
469,47000,157.2879776954651,36515,36718.55,0,0.4,0.5,20,ONE_POINT,100,100,RANDOM,0
470,47100,157.613867521286,36498,36500.49,0,0.4,0.5,20,ONE_POINT,100,100,RANDOM,0
471,47200,157.9528193473816,36496,36499.55,0,0.4,0.5,20,ONE_POINT,100,100,RANDOM,0
472,47300,158.28362464904785,36474,36505.03,0,0.4,0.5,20,ONE_POINT,100,100,RANDOM,0
473,47400,158.59400725364685,36456,36481.0,0,0.4,0.5,20,ONE_POINT,100,100,RANDOM,0
474,47500,158.90421223640442,36415,36425.2,0,0.4,0.5,20,ONE_POINT,100,100,RANDOM,0
475,47600,159.23253297805786,36399,36402.51,0,0.4,0.5,20,ONE_POINT,100,100,RANDOM,0
476,47700,159.55230402946472,36381,36392.3,0,0.4,0.5,20,ONE_POINT,100,100,RANDOM,0
477,47800,159.8598017692566,36357,36359.34,0,0.4,0.5,20,ONE_POINT,100,100,RANDOM,0
478,47900,160.21655130386353,36348,36354.94,0,0.4,0.5,20,ONE_POINT,100,100,RANDOM,0
479,48000,160.55151391029358,36346,36369.07,0,0.4,0.5,20,ONE_POINT,100,100,RANDOM,0
480,48100,160.89720034599304,36327,36328.96,0,0.4,0.5,20,ONE_POINT,100,100,RANDOM,0
481,48200,161.24661374092102,36291,36295.3,0,0.4,0.5,20,ONE_POINT,100,100,RANDOM,0
482,48300,161.56484603881836,36282,36287.35,0,0.4,0.5,20,ONE_POINT,100,100,RANDOM,0
483,48400,161.89174556732178,36268,36270.27,0,0.4,0.5,20,ONE_POINT,100,100,RANDOM,0
484,48500,162.24536180496216,36261,36262.28,0,0.4,0.5,20,ONE_POINT,100,100,RANDOM,0
485,48600,162.56791257858276,36214,36218.63,0,0.4,0.5,20,ONE_POINT,100,100,RANDOM,0
486,48700,162.88825488090515,36195,36199.91,0,0.4,0.5,20,ONE_POINT,100,100,RANDOM,0
487,48800,163.22940921783447,36145,36204.98,0,0.4,0.5,20,ONE_POINT,100,100,RANDOM,0
488,48900,163.5697524547577,36132,36134.8,0,0.4,0.5,20,ONE_POINT,100,100,RANDOM,0
489,49000,163.88646864891052,36092,36095.53,0,0.4,0.5,20,ONE_POINT,100,100,RANDOM,0
490,49100,164.23010182380676,36059,36067.04,0,0.4,0.5,20,ONE_POINT,100,100,RANDOM,0
491,49200,164.58121848106384,36053,36073.64,0,0.4,0.5,20,ONE_POINT,100,100,RANDOM,0
492,49300,164.89259314537048,36038,36040.47,0,0.4,0.5,20,ONE_POINT,100,100,RANDOM,0
493,49400,165.21939396858215,36021,36022.85,0,0.4,0.5,20,ONE_POINT,100,100,RANDOM,0
494,49500,165.58243036270142,35988,35992.26,0,0.4,0.5,20,ONE_POINT,100,100,RANDOM,0
495,49600,165.88995814323425,35902,35906.72,0,0.4,0.5,20,ONE_POINT,100,100,RANDOM,0
496,49700,166.20883321762085,35814,35824.39,0,0.4,0.5,20,ONE_POINT,100,100,RANDOM,0
497,49800,166.53482818603516,35814,35814.0,0,0.4,0.5,20,ONE_POINT,100,100,RANDOM,0
498,49900,166.88073587417603,35783,35816.69,0,0.4,0.5,20,ONE_POINT,100,100,RANDOM,0
499,50000,167.24556422233582,35761,35763.74,0,0.4,0.5,20,ONE_POINT,100,100,RANDOM,0
500,50100,167.55950546264648,35739,35741.07,0,0.4,0.5,20,ONE_POINT,100,100,RANDOM,0
1,200,0.257218599319458,136614,135067.12,0,0.4,0.5,20,ONE_POINT,100,100,RANDOM,1
2,300,0.6448652744293213,133756,133778.48,0,0.4,0.5,20,ONE_POINT,100,100,RANDOM,1
3,400,1.0081226825714111,131287,131336.6,0,0.4,0.5,20,ONE_POINT,100,100,RANDOM,1
4,500,1.3697054386138916,130416,130435.77,0,0.4,0.5,20,ONE_POINT,100,100,RANDOM,1
5,600,1.7400269508361816,129118,129143.96,0,0.4,0.5,20,ONE_POINT,100,100,RANDOM,1
6,700,2.098947286605835,128149,128168.38,0,0.4,0.5,20,ONE_POINT,100,100,RANDOM,1
7,800,2.445918560028076,127379,127422.5,0,0.4,0.5,20,ONE_POINT,100,100,RANDOM,1
8,900,2.8008880615234375,126516,126551.17,0,0.4,0.5,20,ONE_POINT,100,100,RANDOM,1
9,1000,3.1634535789489746,126030,126049.37,0,0.4,0.5,20,ONE_POINT,100,100,RANDOM,1
10,1100,3.537537097930908,124846,124881.52,0,0.4,0.5,20,ONE_POINT,100,100,RANDOM,1
11,1200,3.8995327949523926,123939,123961.63,0,0.4,0.5,20,ONE_POINT,100,100,RANDOM,1
12,1300,4.278688907623291,122868,122888.61,0,0.4,0.5,20,ONE_POINT,100,100,RANDOM,1
13,1400,4.618230819702148,122344,122385.36,0,0.4,0.5,20,ONE_POINT,100,100,RANDOM,1
14,1500,4.989332675933838,121618,121647.04,0,0.4,0.5,20,ONE_POINT,100,100,RANDOM,1
15,1600,5.354729652404785,120707,120743.48,0,0.4,0.5,20,ONE_POINT,100,100,RANDOM,1
16,1700,5.775177240371704,119578,119632.31,0,0.4,0.5,20,ONE_POINT,100,100,RANDOM,1
17,1800,6.118613004684448,119031,119068.98,0,0.4,0.5,20,ONE_POINT,100,100,RANDOM,1
18,1900,6.482423543930054,117716,117755.45,0,0.4,0.5,20,ONE_POINT,100,100,RANDOM,1
19,2000,6.825073719024658,117161,117184.44,0,0.4,0.5,20,ONE_POINT,100,100,RANDOM,1
20,2100,7.177835702896118,116804,116816.33,0,0.4,0.5,20,ONE_POINT,100,100,RANDOM,1
21,2200,7.533696174621582,116311,116320.86,0,0.4,0.5,20,ONE_POINT,100,100,RANDOM,1
22,2300,7.8807384967803955,115869,115913.33,0,0.4,0.5,20,ONE_POINT,100,100,RANDOM,1
23,2400,8.272271394729614,115491,115507.46,0,0.4,0.5,20,ONE_POINT,100,100,RANDOM,1
24,2500,8.6336190700531,114620,114657.4,0,0.4,0.5,20,ONE_POINT,100,100,RANDOM,1
25,2600,9.007689237594604,113432,113467.64,0,0.4,0.5,20,ONE_POINT,100,100,RANDOM,1
26,2700,9.374653816223145,112870,112959.61,0,0.4,0.5,20,ONE_POINT,100,100,RANDOM,1
27,2800,9.72717571258545,112390,112405.13,0,0.4,0.5,20,ONE_POINT,100,100,RANDOM,1
28,2900,10.07439374923706,112011,112026.16,0,0.4,0.5,20,ONE_POINT,100,100,RANDOM,1
29,3000,10.424785375595093,111649,111671.97,0,0.4,0.5,20,ONE_POINT,100,100,RANDOM,1
30,3100,10.748360395431519,111055,111072.82,0,0.4,0.5,20,ONE_POINT,100,100,RANDOM,1
31,3200,11.0829918384552,110446,110483.13,0,0.4,0.5,20,ONE_POINT,100,100,RANDOM,1
32,3300,11.40844202041626,109865,109882.43,0,0.4,0.5,20,ONE_POINT,100,100,RANDOM,1
33,3400,11.74297022819519,108934,108992.7,0,0.4,0.5,20,ONE_POINT,100,100,RANDOM,1
34,3500,12.080958366394043,108373,108384.02,0,0.4,0.5,20,ONE_POINT,100,100,RANDOM,1
35,3600,12.453789710998535,108119,108129.72,0,0.4,0.5,20,ONE_POINT,100,100,RANDOM,1
36,3700,12.794373989105225,107763,107781.8,0,0.4,0.5,20,ONE_POINT,100,100,RANDOM,1
37,3800,13.15780782699585,106774,106803.67,0,0.4,0.5,20,ONE_POINT,100,100,RANDOM,1
38,3900,13.509888648986816,106364,106389.82,0,0.4,0.5,20,ONE_POINT,100,100,RANDOM,1
39,4000,13.838144540786743,105441,105459.46,0,0.4,0.5,20,ONE_POINT,100,100,RANDOM,1
40,4100,14.182703018188477,104802,104878.9,0,0.4,0.5,20,ONE_POINT,100,100,RANDOM,1
41,4200,14.508929252624512,104369,104439.91,0,0.4,0.5,20,ONE_POINT,100,100,RANDOM,1
42,4300,14.86080813407898,104006,104036.66,0,0.4,0.5,20,ONE_POINT,100,100,RANDOM,1
43,4400,15.173763513565063,103364,103376.84,0,0.4,0.5,20,ONE_POINT,100,100,RANDOM,1
44,4500,15.521235227584839,102679,102699.55,0,0.4,0.5,20,ONE_POINT,100,100,RANDOM,1
45,4600,15.875794887542725,102344,102357.4,0,0.4,0.5,20,ONE_POINT,100,100,RANDOM,1
46,4700,16.239665269851685,101813,101828.93,0,0.4,0.5,20,ONE_POINT,100,100,RANDOM,1
47,4800,16.583757162094116,101257,101304.8,0,0.4,0.5,20,ONE_POINT,100,100,RANDOM,1
48,4900,16.953203678131104,101070,101077.48,0,0.4,0.5,20,ONE_POINT,100,100,RANDOM,1
49,5000,17.306682348251343,100293,100316.31,0,0.4,0.5,20,ONE_POINT,100,100,RANDOM,1
50,5100,17.649190187454224,99827,99928.65,0,0.4,0.5,20,ONE_POINT,100,100,RANDOM,1
51,5200,17.991517543792725,99305,99371.59,0,0.4,0.5,20,ONE_POINT,100,100,RANDOM,1
52,5300,18.361510753631592,98963,98986.19,0,0.4,0.5,20,ONE_POINT,100,100,RANDOM,1
53,5400,18.69611167907715,98667,98698.79,0,0.4,0.5,20,ONE_POINT,100,100,RANDOM,1
54,5500,19.080259084701538,98286,98308.5,0,0.4,0.5,20,ONE_POINT,100,100,RANDOM,1
55,5600,19.445983409881592,97998,98028.69,0,0.4,0.5,20,ONE_POINT,100,100,RANDOM,1
56,5700,19.813506603240967,97713,97726.82,0,0.4,0.5,20,ONE_POINT,100,100,RANDOM,1
57,5800,20.14381170272827,96710,96773.66,0,0.4,0.5,20,ONE_POINT,100,100,RANDOM,1
58,5900,20.508455991744995,96194,96214.64,0,0.4,0.5,20,ONE_POINT,100,100,RANDOM,1
59,6000,20.832339763641357,95826,95833.91,0,0.4,0.5,20,ONE_POINT,100,100,RANDOM,1
60,6100,21.17039442062378,95329,95378.7,0,0.4,0.5,20,ONE_POINT,100,100,RANDOM,1
61,6200,21.508294105529785,94786,94802.29,0,0.4,0.5,20,ONE_POINT,100,100,RANDOM,1
62,6300,21.81310772895813,94333,94351.12,0,0.4,0.5,20,ONE_POINT,100,100,RANDOM,1
63,6400,22.127845764160156,93929,93937.08,0,0.4,0.5,20,ONE_POINT,100,100,RANDOM,1
64,6500,22.452387809753418,93628,93636.93,0,0.4,0.5,20,ONE_POINT,100,100,RANDOM,1
65,6600,22.767943382263184,92940,92961.81,0,0.4,0.5,20,ONE_POINT,100,100,RANDOM,1
66,6700,23.107101678848267,92662,92673.12,0,0.4,0.5,20,ONE_POINT,100,100,RANDOM,1
67,6800,23.425596475601196,92548,92554.36,0,0.4,0.5,20,ONE_POINT,100,100,RANDOM,1
68,6900,23.752453804016113,92145,92198.71,0,0.4,0.5,20,ONE_POINT,100,100,RANDOM,1
69,7000,24.079917192459106,91545,91557.0,0,0.4,0.5,20,ONE_POINT,100,100,RANDOM,1
70,7100,24.425463438034058,91001,91017.58,0,0.4,0.5,20,ONE_POINT,100,100,RANDOM,1
71,7200,24.79283905029297,90697,90708.95,0,0.4,0.5,20,ONE_POINT,100,100,RANDOM,1
72,7300,25.113670587539673,90179,90194.54,0,0.4,0.5,20,ONE_POINT,100,100,RANDOM,1
73,7400,25.436152696609497,89849,89863.55,0,0.4,0.5,20,ONE_POINT,100,100,RANDOM,1
74,7500,25.77746033668518,89497,89509.23,0,0.4,0.5,20,ONE_POINT,100,100,RANDOM,1
75,7600,26.12735414505005,89234,89270.4,0,0.4,0.5,20,ONE_POINT,100,100,RANDOM,1
76,7700,26.45773983001709,88643,88654.82,0,0.4,0.5,20,ONE_POINT,100,100,RANDOM,1
77,7800,26.766270399093628,88396,88403.41,0,0.4,0.5,20,ONE_POINT,100,100,RANDOM,1
78,7900,27.120692253112793,88096,88104.72,0,0.4,0.5,20,ONE_POINT,100,100,RANDOM,1
79,8000,27.474432468414307,87859,87868.48,0,0.4,0.5,20,ONE_POINT,100,100,RANDOM,1
80,8100,27.803528308868408,87518,87528.23,0,0.4,0.5,20,ONE_POINT,100,100,RANDOM,1
81,8200,28.16355037689209,87193,87205.62,0,0.4,0.5,20,ONE_POINT,100,100,RANDOM,1
82,8300,28.519171476364136,86451,86463.7,0,0.4,0.5,20,ONE_POINT,100,100,RANDOM,1
83,8400,28.842434883117676,86064,86079.88,0,0.4,0.5,20,ONE_POINT,100,100,RANDOM,1
84,8500,29.162365674972534,85444,85456.4,0,0.4,0.5,20,ONE_POINT,100,100,RANDOM,1
85,8600,29.486105918884277,85195,85204.96,0,0.4,0.5,20,ONE_POINT,100,100,RANDOM,1
86,8700,29.817885160446167,84718,84741.27,0,0.4,0.5,20,ONE_POINT,100,100,RANDOM,1
87,8800,30.14091157913208,84432,84517.69,0,0.4,0.5,20,ONE_POINT,100,100,RANDOM,1
88,8900,30.466163158416748,83926,83941.16,0,0.4,0.5,20,ONE_POINT,100,100,RANDOM,1
89,9000,30.843907356262207,83649,83664.96,0,0.4,0.5,20,ONE_POINT,100,100,RANDOM,1
90,9100,31.195169925689697,83433,83441.44,0,0.4,0.5,20,ONE_POINT,100,100,RANDOM,1
91,9200,31.53893518447876,83285,83290.92,0,0.4,0.5,20,ONE_POINT,100,100,RANDOM,1
92,9300,31.864994287490845,82922,82932.89,0,0.4,0.5,20,ONE_POINT,100,100,RANDOM,1
93,9400,32.19850468635559,82653,82661.07,0,0.4,0.5,20,ONE_POINT,100,100,RANDOM,1
94,9500,32.57914686203003,82354,82364.6,0,0.4,0.5,20,ONE_POINT,100,100,RANDOM,1
95,9600,32.93356275558472,81471,81496.87,0,0.4,0.5,20,ONE_POINT,100,100,RANDOM,1
96,9700,33.26161813735962,81237,81246.36,0,0.4,0.5,20,ONE_POINT,100,100,RANDOM,1
97,9800,33.603498697280884,80960,80978.31,0,0.4,0.5,20,ONE_POINT,100,100,RANDOM,1
98,9900,33.97422647476196,80782,80809.62,0,0.4,0.5,20,ONE_POINT,100,100,RANDOM,1
99,10000,34.30289387702942,80592,80615.32,0,0.4,0.5,20,ONE_POINT,100,100,RANDOM,1
100,10100,34.63838243484497,80370,80378.88,0,0.4,0.5,20,ONE_POINT,100,100,RANDOM,1
101,10200,35.0047128200531,80131,80140.56,0,0.4,0.5,20,ONE_POINT,100,100,RANDOM,1
102,10300,35.33625888824463,79820,79826.22,0,0.4,0.5,20,ONE_POINT,100,100,RANDOM,1
103,10400,35.66736435890198,79452,79467.9,0,0.4,0.5,20,ONE_POINT,100,100,RANDOM,1
104,10500,36.03136229515076,79079,79090.28,0,0.4,0.5,20,ONE_POINT,100,100,RANDOM,1
105,10600,36.40265083312988,78828,78862.11,0,0.4,0.5,20,ONE_POINT,100,100,RANDOM,1
106,10700,36.78448224067688,78592,78610.32,0,0.4,0.5,20,ONE_POINT,100,100,RANDOM,1
107,10800,37.115188121795654,78261,78270.41,0,0.4,0.5,20,ONE_POINT,100,100,RANDOM,1
108,10900,37.47968888282776,77942,77951.57,0,0.4,0.5,20,ONE_POINT,100,100,RANDOM,1
109,11000,37.800408124923706,77653,77683.46,0,0.4,0.5,20,ONE_POINT,100,100,RANDOM,1
110,11100,38.153542041778564,77476,77483.08,0,0.4,0.5,20,ONE_POINT,100,100,RANDOM,1
111,11200,38.49943232536316,77144,77173.31,0,0.4,0.5,20,ONE_POINT,100,100,RANDOM,1
112,11300,38.832706689834595,76795,76802.39,0,0.4,0.5,20,ONE_POINT,100,100,RANDOM,1
113,11400,39.15918040275574,76397,76404.96,0,0.4,0.5,20,ONE_POINT,100,100,RANDOM,1
114,11500,39.4651415348053,76168,76209.6,0,0.4,0.5,20,ONE_POINT,100,100,RANDOM,1
115,11600,39.77245497703552,75973,76029.28,0,0.4,0.5,20,ONE_POINT,100,100,RANDOM,1
116,11700,40.10597515106201,75796,75803.08,0,0.4,0.5,20,ONE_POINT,100,100,RANDOM,1
117,11800,40.470475912094116,75465,75477.08,0,0.4,0.5,20,ONE_POINT,100,100,RANDOM,1
118,11900,40.82840299606323,75221,75228.32,0,0.4,0.5,20,ONE_POINT,100,100,RANDOM,1
119,12000,41.16488599777222,74744,74759.42,0,0.4,0.5,20,ONE_POINT,100,100,RANDOM,1
120,12100,41.47308850288391,74521,74568.67,0,0.4,0.5,20,ONE_POINT,100,100,RANDOM,1
121,12200,41.830153465270996,74046,74060.53,0,0.4,0.5,20,ONE_POINT,100,100,RANDOM,1
122,12300,42.172738552093506,73848,73857.94,0,0.4,0.5,20,ONE_POINT,100,100,RANDOM,1
123,12400,42.516467332839966,73705,73781.46,0,0.4,0.5,20,ONE_POINT,100,100,RANDOM,1
124,12500,42.87685418128967,73383,73392.66,0,0.4,0.5,20,ONE_POINT,100,100,RANDOM,1
125,12600,43.20125102996826,73202,73209.24,0,0.4,0.5,20,ONE_POINT,100,100,RANDOM,1
126,12700,43.54028606414795,72950,72960.08,0,0.4,0.5,20,ONE_POINT,100,100,RANDOM,1
127,12800,43.84867858886719,72714,72721.85,0,0.4,0.5,20,ONE_POINT,100,100,RANDOM,1
128,12900,44.1833598613739,72511,72550.38,0,0.4,0.5,20,ONE_POINT,100,100,RANDOM,1
129,13000,44.58437991142273,72312,72319.93,0,0.4,0.5,20,ONE_POINT,100,100,RANDOM,1
130,13100,44.919875144958496,72053,72062.91,0,0.4,0.5,20,ONE_POINT,100,100,RANDOM,1
131,13200,45.251495122909546,71569,71583.52,0,0.4,0.5,20,ONE_POINT,100,100,RANDOM,1
132,13300,45.57324481010437,71431,71436.52,0,0.4,0.5,20,ONE_POINT,100,100,RANDOM,1
133,13400,45.90439558029175,71276,71281.9,0,0.4,0.5,20,ONE_POINT,100,100,RANDOM,1
134,13500,46.25283932685852,70951,70959.95,0,0.4,0.5,20,ONE_POINT,100,100,RANDOM,1
135,13600,46.57065510749817,70589,70600.25,0,0.4,0.5,20,ONE_POINT,100,100,RANDOM,1
136,13700,46.915162086486816,70379,70393.31,0,0.4,0.5,20,ONE_POINT,100,100,RANDOM,1
137,13800,47.244932889938354,70071,70085.56,0,0.4,0.5,20,ONE_POINT,100,100,RANDOM,1
138,13900,47.58067774772644,69887,69925.74,0,0.4,0.5,20,ONE_POINT,100,100,RANDOM,1
139,14000,47.926140785217285,69706,69713.24,0,0.4,0.5,20,ONE_POINT,100,100,RANDOM,1
140,14100,48.25701904296875,69503,69526.93,0,0.4,0.5,20,ONE_POINT,100,100,RANDOM,1
141,14200,48.586607456207275,69287,69372.79,0,0.4,0.5,20,ONE_POINT,100,100,RANDOM,1
142,14300,48.92094707489014,69161,69170.11,0,0.4,0.5,20,ONE_POINT,100,100,RANDOM,1
143,14400,49.238590478897095,68995,69001.64,0,0.4,0.5,20,ONE_POINT,100,100,RANDOM,1
144,14500,49.59323787689209,68698,68720.89,0,0.4,0.5,20,ONE_POINT,100,100,RANDOM,1
145,14600,49.901325941085815,68505,68513.76,0,0.4,0.5,20,ONE_POINT,100,100,RANDOM,1
146,14700,50.25572490692139,68393,68398.11,0,0.4,0.5,20,ONE_POINT,100,100,RANDOM,1
147,14800,50.56549859046936,68175,68185.47,0,0.4,0.5,20,ONE_POINT,100,100,RANDOM,1
148,14900,50.89372539520264,68032,68038.17,0,0.4,0.5,20,ONE_POINT,100,100,RANDOM,1
149,15000,51.2518208026886,67644,67658.66,0,0.4,0.5,20,ONE_POINT,100,100,RANDOM,1
150,15100,51.56284046173096,67378,67391.24,0,0.4,0.5,20,ONE_POINT,100,100,RANDOM,1
151,15200,51.89738893508911,67060,67066.36,0,0.4,0.5,20,ONE_POINT,100,100,RANDOM,1
152,15300,52.21214175224304,66955,66959.22,0,0.4,0.5,20,ONE_POINT,100,100,RANDOM,1
153,15400,52.59808087348938,66733,66744.35,0,0.4,0.5,20,ONE_POINT,100,100,RANDOM,1
154,15500,52.977455854415894,66644,66647.56,0,0.4,0.5,20,ONE_POINT,100,100,RANDOM,1
155,15600,53.34346652030945,66414,66424.02,0,0.4,0.5,20,ONE_POINT,100,100,RANDOM,1
156,15700,53.73073410987854,66355,66361.73,0,0.4,0.5,20,ONE_POINT,100,100,RANDOM,1
157,15800,54.05428433418274,66178,66185.08,0,0.4,0.5,20,ONE_POINT,100,100,RANDOM,1
158,15900,54.39751076698303,65832,65839.92,0,0.4,0.5,20,ONE_POINT,100,100,RANDOM,1
159,16000,54.755401849746704,65620,65628.48,0,0.4,0.5,20,ONE_POINT,100,100,RANDOM,1
160,16100,55.10813283920288,65217,65236.43,0,0.4,0.5,20,ONE_POINT,100,100,RANDOM,1
161,16200,55.44904065132141,65068,65086.57,0,0.4,0.5,20,ONE_POINT,100,100,RANDOM,1
162,16300,55.811485052108765,64930,64935.52,0,0.4,0.5,20,ONE_POINT,100,100,RANDOM,1
163,16400,56.16259837150574,64780,64789.06,0,0.4,0.5,20,ONE_POINT,100,100,RANDOM,1
164,16500,56.52073550224304,64650,64659.57,0,0.4,0.5,20,ONE_POINT,100,100,RANDOM,1
165,16600,56.84795832633972,64505,64512.1,0,0.4,0.5,20,ONE_POINT,100,100,RANDOM,1
166,16700,57.18045735359192,64335,64343.5,0,0.4,0.5,20,ONE_POINT,100,100,RANDOM,1
167,16800,57.50546979904175,63945,63967.77,0,0.4,0.5,20,ONE_POINT,100,100,RANDOM,1
168,16900,57.877039432525635,63804,63811.05,0,0.4,0.5,20,ONE_POINT,100,100,RANDOM,1
169,17000,58.21782445907593,63572,63597.08,0,0.4,0.5,20,ONE_POINT,100,100,RANDOM,1
170,17100,58.55224299430847,63377,63387.76,0,0.4,0.5,20,ONE_POINT,100,100,RANDOM,1
171,17200,58.89426255226135,63073,63123.71,0,0.4,0.5,20,ONE_POINT,100,100,RANDOM,1
172,17300,59.23832869529724,62809,62838.17,0,0.4,0.5,20,ONE_POINT,100,100,RANDOM,1
173,17400,59.61305594444275,62598,62609.08,0,0.4,0.5,20,ONE_POINT,100,100,RANDOM,1
174,17500,59.940407037734985,62445,62515.41,0,0.4,0.5,20,ONE_POINT,100,100,RANDOM,1
175,17600,60.29421639442444,62143,62155.08,0,0.4,0.5,20,ONE_POINT,100,100,RANDOM,1
176,17700,60.6082546710968,62037,62040.18,0,0.4,0.5,20,ONE_POINT,100,100,RANDOM,1
177,17800,60.930556774139404,61763,61775.02,0,0.4,0.5,20,ONE_POINT,100,100,RANDOM,1
178,17900,61.25678730010986,61507,61514.68,0,0.4,0.5,20,ONE_POINT,100,100,RANDOM,1
179,18000,61.58468317985535,61326,61356.68,0,0.4,0.5,20,ONE_POINT,100,100,RANDOM,1
180,18100,61.903000354766846,61124,61133.81,0,0.4,0.5,20,ONE_POINT,100,100,RANDOM,1
181,18200,62.251957178115845,60733,60749.48,0,0.4,0.5,20,ONE_POINT,100,100,RANDOM,1
182,18300,62.60695958137512,60247,60266.44,0,0.4,0.5,20,ONE_POINT,100,100,RANDOM,1
183,18400,62.91254901885986,60075,60120.89,0,0.4,0.5,20,ONE_POINT,100,100,RANDOM,1
184,18500,63.25593662261963,59929,59954.11,0,0.4,0.5,20,ONE_POINT,100,100,RANDOM,1
185,18600,63.58745527267456,59778,59784.19,0,0.4,0.5,20,ONE_POINT,100,100,RANDOM,1
186,18700,63.94040560722351,59567,59581.72,0,0.4,0.5,20,ONE_POINT,100,100,RANDOM,1
187,18800,64.28815197944641,59521,59524.41,0,0.4,0.5,20,ONE_POINT,100,100,RANDOM,1
188,18900,64.6222472190857,59412,59417.45,0,0.4,0.5,20,ONE_POINT,100,100,RANDOM,1
189,19000,64.9570963382721,59139,59150.36,0,0.4,0.5,20,ONE_POINT,100,100,RANDOM,1
190,19100,65.31487941741943,59045,59078.92,0,0.4,0.5,20,ONE_POINT,100,100,RANDOM,1
191,19200,65.6517915725708,58904,58909.64,0,0.4,0.5,20,ONE_POINT,100,100,RANDOM,1
192,19300,66.00560402870178,58863,58868.88,0,0.4,0.5,20,ONE_POINT,100,100,RANDOM,1
193,19400,66.34080481529236,58822,58824.37,0,0.4,0.5,20,ONE_POINT,100,100,RANDOM,1
194,19500,66.67046523094177,58704,58709.56,0,0.4,0.5,20,ONE_POINT,100,100,RANDOM,1
195,19600,67.03550028800964,58540,58550.01,0,0.4,0.5,20,ONE_POINT,100,100,RANDOM,1
196,19700,67.39223670959473,58424,58431.41,0,0.4,0.5,20,ONE_POINT,100,100,RANDOM,1
197,19800,67.72116303443909,58347,58359.27,0,0.4,0.5,20,ONE_POINT,100,100,RANDOM,1
198,19900,68.05447220802307,58198,58225.28,0,0.4,0.5,20,ONE_POINT,100,100,RANDOM,1
199,20000,68.37391996383667,57883,57898.76,0,0.4,0.5,20,ONE_POINT,100,100,RANDOM,1
200,20100,68.70409631729126,57745,57751.92,0,0.4,0.5,20,ONE_POINT,100,100,RANDOM,1
201,20200,69.02582097053528,57532,57540.68,0,0.4,0.5,20,ONE_POINT,100,100,RANDOM,1
202,20300,69.35159134864807,57394,57540.48,0,0.4,0.5,20,ONE_POINT,100,100,RANDOM,1
203,20400,69.7114405632019,57174,57183.96,0,0.4,0.5,20,ONE_POINT,100,100,RANDOM,1
204,20500,70.07917475700378,56907,56917.41,0,0.4,0.5,20,ONE_POINT,100,100,RANDOM,1
205,20600,70.50375056266785,56851,56855.18,0,0.4,0.5,20,ONE_POINT,100,100,RANDOM,1
206,20700,70.84852695465088,56760,56768.33,0,0.4,0.5,20,ONE_POINT,100,100,RANDOM,1
207,20800,71.16676259040833,56487,56497.92,0,0.4,0.5,20,ONE_POINT,100,100,RANDOM,1
208,20900,71.48397922515869,56332,56368.31,0,0.4,0.5,20,ONE_POINT,100,100,RANDOM,1
209,21000,71.8452513217926,55839,55876.88,0,0.4,0.5,20,ONE_POINT,100,100,RANDOM,1
210,21100,72.2056360244751,55709,55720.03,0,0.4,0.5,20,ONE_POINT,100,100,RANDOM,1
211,21200,72.53967428207397,55583,55587.7,0,0.4,0.5,20,ONE_POINT,100,100,RANDOM,1
212,21300,72.89212250709534,55470,55495.9,0,0.4,0.5,20,ONE_POINT,100,100,RANDOM,1
213,21400,73.22697114944458,55328,55337.49,0,0.4,0.5,20,ONE_POINT,100,100,RANDOM,1
214,21500,73.56031131744385,55052,55063.04,0,0.4,0.5,20,ONE_POINT,100,100,RANDOM,1
215,21600,73.91998052597046,54907,54917.2,0,0.4,0.5,20,ONE_POINT,100,100,RANDOM,1
216,21700,74.25124955177307,54498,54523.9,0,0.4,0.5,20,ONE_POINT,100,100,RANDOM,1
217,21800,74.57410931587219,54384,54395.18,0,0.4,0.5,20,ONE_POINT,100,100,RANDOM,1
218,21900,74.90708470344543,54301,54319.25,0,0.4,0.5,20,ONE_POINT,100,100,RANDOM,1
219,22000,75.24115204811096,54088,54094.94,0,0.4,0.5,20,ONE_POINT,100,100,RANDOM,1
220,22100,75.58618140220642,53878,53886.4,0,0.4,0.5,20,ONE_POINT,100,100,RANDOM,1
221,22200,75.93150639533997,53810,53813.43,0,0.4,0.5,20,ONE_POINT,100,100,RANDOM,1
222,22300,76.28111338615417,53733,53737.62,0,0.4,0.5,20,ONE_POINT,100,100,RANDOM,1
223,22400,76.61533856391907,53610,53616.92,0,0.4,0.5,20,ONE_POINT,100,100,RANDOM,1
224,22500,76.96968746185303,53464,53469.84,0,0.4,0.5,20,ONE_POINT,100,100,RANDOM,1
225,22600,77.29262471199036,53318,53325.3,0,0.4,0.5,20,ONE_POINT,100,100,RANDOM,1
226,22700,77.61475348472595,53148,53166.67,0,0.4,0.5,20,ONE_POINT,100,100,RANDOM,1
227,22800,77.96033811569214,52840,52858.35,0,0.4,0.5,20,ONE_POINT,100,100,RANDOM,1
228,22900,78.29575967788696,52727,52731.69,0,0.4,0.5,20,ONE_POINT,100,100,RANDOM,1
229,23000,78.64068388938904,52631,52635.8,0,0.4,0.5,20,ONE_POINT,100,100,RANDOM,1
230,23100,78.98690938949585,52557,52561.74,0,0.4,0.5,20,ONE_POINT,100,100,RANDOM,1
231,23200,79.33958911895752,52331,52341.66,0,0.4,0.5,20,ONE_POINT,100,100,RANDOM,1
232,23300,79.66594862937927,52216,52304.18,0,0.4,0.5,20,ONE_POINT,100,100,RANDOM,1
233,23400,79.97726893424988,52040,52057.6,0,0.4,0.5,20,ONE_POINT,100,100,RANDOM,1
234,23500,80.32258343696594,51728,51752.8,0,0.4,0.5,20,ONE_POINT,100,100,RANDOM,1
235,23600,80.64842534065247,51671,51678.93,0,0.4,0.5,20,ONE_POINT,100,100,RANDOM,1
236,23700,80.99501919746399,51519,51526.36,0,0.4,0.5,20,ONE_POINT,100,100,RANDOM,1
237,23800,81.33844757080078,51391,51396.12,0,0.4,0.5,20,ONE_POINT,100,100,RANDOM,1
238,23900,81.64327120780945,51240,51246.04,0,0.4,0.5,20,ONE_POINT,100,100,RANDOM,1
239,24000,81.97285866737366,51220,51222.58,0,0.4,0.5,20,ONE_POINT,100,100,RANDOM,1
240,24100,82.32369828224182,50940,50954.65,0,0.4,0.5,20,ONE_POINT,100,100,RANDOM,1
241,24200,82.68368768692017,50933,50934.02,0,0.4,0.5,20,ONE_POINT,100,100,RANDOM,1
242,24300,83.03011989593506,50832,50856.74,0,0.4,0.5,20,ONE_POINT,100,100,RANDOM,1
243,24400,83.35214567184448,50721,50739.19,0,0.4,0.5,20,ONE_POINT,100,100,RANDOM,1
244,24500,83.6739182472229,50559,50565.48,0,0.4,0.5,20,ONE_POINT,100,100,RANDOM,1
245,24600,84.03095364570618,50443,50458.97,0,0.4,0.5,20,ONE_POINT,100,100,RANDOM,1
246,24700,84.36204385757446,50281,50424.51,0,0.4,0.5,20,ONE_POINT,100,100,RANDOM,1
247,24800,84.71458077430725,50028,50042.27,0,0.4,0.5,20,ONE_POINT,100,100,RANDOM,1
248,24900,85.08661198616028,49915,49940.19,0,0.4,0.5,20,ONE_POINT,100,100,RANDOM,1
249,25000,85.41808295249939,49785,49796.46,0,0.4,0.5,20,ONE_POINT,100,100,RANDOM,1
250,25100,85.72760009765625,49702,49705.49,0,0.4,0.5,20,ONE_POINT,100,100,RANDOM,1
251,25200,86.07543659210205,49648,49678.27,0,0.4,0.5,20,ONE_POINT,100,100,RANDOM,1
252,25300,86.44076442718506,49529,49536.49,0,0.4,0.5,20,ONE_POINT,100,100,RANDOM,1
253,25400,86.7810595035553,49404,49431.0,0,0.4,0.5,20,ONE_POINT,100,100,RANDOM,1
254,25500,87.1552939414978,49234,49268.05,0,0.4,0.5,20,ONE_POINT,100,100,RANDOM,1
255,25600,87.52399587631226,49102,49226.15,0,0.4,0.5,20,ONE_POINT,100,100,RANDOM,1
256,25700,87.87193059921265,49003,49024.46,0,0.4,0.5,20,ONE_POINT,100,100,RANDOM,1
257,25800,88.20182418823242,48963,48966.39,0,0.4,0.5,20,ONE_POINT,100,100,RANDOM,1
258,25900,88.54923057556152,48897,48920.05,0,0.4,0.5,20,ONE_POINT,100,100,RANDOM,1
259,26000,88.88335537910461,48841,48848.11,0,0.4,0.5,20,ONE_POINT,100,100,RANDOM,1
260,26100,89.21733164787292,48505,48523.56,0,0.4,0.5,20,ONE_POINT,100,100,RANDOM,1
261,26200,89.53203892707825,48441,48443.56,0,0.4,0.5,20,ONE_POINT,100,100,RANDOM,1
262,26300,89.87771558761597,48345,48352.14,0,0.4,0.5,20,ONE_POINT,100,100,RANDOM,1
263,26400,90.22408604621887,48239,48243.58,0,0.4,0.5,20,ONE_POINT,100,100,RANDOM,1
264,26500,90.57978010177612,48093,48106.96,0,0.4,0.5,20,ONE_POINT,100,100,RANDOM,1
265,26600,90.94027614593506,47918,47929.13,0,0.4,0.5,20,ONE_POINT,100,100,RANDOM,1
266,26700,91.2528748512268,47745,47751.92,0,0.4,0.5,20,ONE_POINT,100,100,RANDOM,1
267,26800,91.57465672492981,47615,47659.49,0,0.4,0.5,20,ONE_POINT,100,100,RANDOM,1
268,26900,91.94006991386414,47535,47545.0,0,0.4,0.5,20,ONE_POINT,100,100,RANDOM,1
269,27000,92.28445410728455,47455,47477.61,0,0.4,0.5,20,ONE_POINT,100,100,RANDOM,1
270,27100,92.62040042877197,47407,47449.08,0,0.4,0.5,20,ONE_POINT,100,100,RANDOM,1
271,27200,92.94900417327881,47296,47308.54,0,0.4,0.5,20,ONE_POINT,100,100,RANDOM,1
272,27300,93.30822205543518,47210,47213.84,0,0.4,0.5,20,ONE_POINT,100,100,RANDOM,1
273,27400,93.64587020874023,47137,47160.58,0,0.4,0.5,20,ONE_POINT,100,100,RANDOM,1
274,27500,93.97853899002075,47014,47019.47,0,0.4,0.5,20,ONE_POINT,100,100,RANDOM,1
275,27600,94.31018280982971,46932,46939.21,0,0.4,0.5,20,ONE_POINT,100,100,RANDOM,1
276,27700,94.69207811355591,46893,46904.85,0,0.4,0.5,20,ONE_POINT,100,100,RANDOM,1
277,27800,95.03130435943604,46759,46768.39,0,0.4,0.5,20,ONE_POINT,100,100,RANDOM,1
278,27900,95.36124467849731,46677,46681.92,0,0.4,0.5,20,ONE_POINT,100,100,RANDOM,1
279,28000,95.71875214576721,46577,46583.0,0,0.4,0.5,20,ONE_POINT,100,100,RANDOM,1
280,28100,96.07200574874878,46553,46633.08,0,0.4,0.5,20,ONE_POINT,100,100,RANDOM,1
281,28200,96.42002749443054,46470,46482.62,0,0.4,0.5,20,ONE_POINT,100,100,RANDOM,1
282,28300,96.76739692687988,46376,46383.51,0,0.4,0.5,20,ONE_POINT,100,100,RANDOM,1
283,28400,97.11664867401123,46213,46220.46,0,0.4,0.5,20,ONE_POINT,100,100,RANDOM,1
284,28500,97.45990300178528,46107,46136.91,0,0.4,0.5,20,ONE_POINT,100,100,RANDOM,1
285,28600,97.8136637210846,46040,46054.81,0,0.4,0.5,20,ONE_POINT,100,100,RANDOM,1
286,28700,98.17958879470825,45884,45890.91,0,0.4,0.5,20,ONE_POINT,100,100,RANDOM,1
287,28800,98.53302454948425,45779,45783.2,0,0.4,0.5,20,ONE_POINT,100,100,RANDOM,1
288,28900,98.84297680854797,45651,45658.7,0,0.4,0.5,20,ONE_POINT,100,100,RANDOM,1
289,29000,99.1986083984375,45545,45556.02,0,0.4,0.5,20,ONE_POINT,100,100,RANDOM,1
290,29100,99.53298497200012,45488,45562.83,0,0.4,0.5,20,ONE_POINT,100,100,RANDOM,1
291,29200,99.86110043525696,45399,45456.02,0,0.4,0.5,20,ONE_POINT,100,100,RANDOM,1
292,29300,100.18976354598999,45322,45417.16,0,0.4,0.5,20,ONE_POINT,100,100,RANDOM,1
293,29400,100.51421904563904,45156,45188.73,0,0.4,0.5,20,ONE_POINT,100,100,RANDOM,1
294,29500,100.85942077636719,45013,45018.72,0,0.4,0.5,20,ONE_POINT,100,100,RANDOM,1
295,29600,101.18293952941895,44947,44950.96,0,0.4,0.5,20,ONE_POINT,100,100,RANDOM,1
296,29700,101.48789882659912,44852,44874.74,0,0.4,0.5,20,ONE_POINT,100,100,RANDOM,1
297,29800,101.79967141151428,44753,44758.94,0,0.4,0.5,20,ONE_POINT,100,100,RANDOM,1
298,29900,102.1526460647583,44708,44720.8,0,0.4,0.5,20,ONE_POINT,100,100,RANDOM,1
299,30000,102.49256491661072,44612,44673.03,0,0.4,0.5,20,ONE_POINT,100,100,RANDOM,1
300,30100,102.84554553031921,44493,44501.04,0,0.4,0.5,20,ONE_POINT,100,100,RANDOM,1
301,30200,103.20297527313232,44442,44445.06,0,0.4,0.5,20,ONE_POINT,100,100,RANDOM,1
302,30300,103.55951809883118,44380,44384.96,0,0.4,0.5,20,ONE_POINT,100,100,RANDOM,1
303,30400,103.9186053276062,44298,44304.67,0,0.4,0.5,20,ONE_POINT,100,100,RANDOM,1
304,30500,104.30909252166748,44226,44230.18,0,0.4,0.5,20,ONE_POINT,100,100,RANDOM,1
305,30600,104.68961787223816,44183,44197.59,0,0.4,0.5,20,ONE_POINT,100,100,RANDOM,1
306,30700,105.03063464164734,44069,44084.62,0,0.4,0.5,20,ONE_POINT,100,100,RANDOM,1
307,30800,105.35237240791321,44024,44026.7,0,0.4,0.5,20,ONE_POINT,100,100,RANDOM,1
308,30900,105.6906909942627,43929,43935.2,0,0.4,0.5,20,ONE_POINT,100,100,RANDOM,1
309,31000,106.03007626533508,43849,43874.28,0,0.4,0.5,20,ONE_POINT,100,100,RANDOM,1
310,31100,106.39129447937012,43655,43667.94,0,0.4,0.5,20,ONE_POINT,100,100,RANDOM,1
311,31200,106.75950217247009,43549,43564.07,0,0.4,0.5,20,ONE_POINT,100,100,RANDOM,1
312,31300,107.08595061302185,43456,43463.2,0,0.4,0.5,20,ONE_POINT,100,100,RANDOM,1
313,31400,107.42152285575867,43406,43409.0,0,0.4,0.5,20,ONE_POINT,100,100,RANDOM,1
314,31500,107.78015851974487,43353,43368.85,0,0.4,0.5,20,ONE_POINT,100,100,RANDOM,1
315,31600,108.099858045578,43236,43241.21,0,0.4,0.5,20,ONE_POINT,100,100,RANDOM,1
316,31700,108.45335698127747,43173,43193.25,0,0.4,0.5,20,ONE_POINT,100,100,RANDOM,1
317,31800,108.8104133605957,43157,43159.18,0,0.4,0.5,20,ONE_POINT,100,100,RANDOM,1
318,31900,109.14888644218445,43072,43076.62,0,0.4,0.5,20,ONE_POINT,100,100,RANDOM,1
319,32000,109.4712827205658,43038,43044.9,0,0.4,0.5,20,ONE_POINT,100,100,RANDOM,1
320,32100,109.8111674785614,42979,42995.0,0,0.4,0.5,20,ONE_POINT,100,100,RANDOM,1
321,32200,110.13552260398865,42907,42912.77,0,0.4,0.5,20,ONE_POINT,100,100,RANDOM,1
322,32300,110.4684886932373,42845,42856.91,0,0.4,0.5,20,ONE_POINT,100,100,RANDOM,1
323,32400,110.83533215522766,42733,42739.86,0,0.4,0.5,20,ONE_POINT,100,100,RANDOM,1
324,32500,111.17630410194397,42653,42658.44,0,0.4,0.5,20,ONE_POINT,100,100,RANDOM,1
325,32600,111.48395776748657,42593,42597.66,0,0.4,0.5,20,ONE_POINT,100,100,RANDOM,1
326,32700,111.81327366828918,42370,42388.0,0,0.4,0.5,20,ONE_POINT,100,100,RANDOM,1
327,32800,112.18059158325195,42270,42292.61,0,0.4,0.5,20,ONE_POINT,100,100,RANDOM,1
328,32900,112.52275705337524,42228,42233.51,0,0.4,0.5,20,ONE_POINT,100,100,RANDOM,1
329,33000,112.86347460746765,42165,42170.88,0,0.4,0.5,20,ONE_POINT,100,100,RANDOM,1
330,33100,113.17703151702881,42098,42104.55,0,0.4,0.5,20,ONE_POINT,100,100,RANDOM,1
331,33200,113.50567293167114,42070,42072.24,0,0.4,0.5,20,ONE_POINT,100,100,RANDOM,1
332,33300,113.84362292289734,42029,42041.97,0,0.4,0.5,20,ONE_POINT,100,100,RANDOM,1
333,33400,114.19053888320923,42003,42013.08,0,0.4,0.5,20,ONE_POINT,100,100,RANDOM,1
334,33500,114.53796601295471,41979,41981.23,0,0.4,0.5,20,ONE_POINT,100,100,RANDOM,1
335,33600,114.8619544506073,41835,41847.79,0,0.4,0.5,20,ONE_POINT,100,100,RANDOM,1
336,33700,115.17579555511475,41771,41774.84,0,0.4,0.5,20,ONE_POINT,100,100,RANDOM,1
337,33800,115.48123264312744,41707,41711.03,0,0.4,0.5,20,ONE_POINT,100,100,RANDOM,1
338,33900,115.82323908805847,41623,41628.49,0,0.4,0.5,20,ONE_POINT,100,100,RANDOM,1
339,34000,116.18044590950012,41605,41606.8,0,0.4,0.5,20,ONE_POINT,100,100,RANDOM,1
340,34100,116.54544043540955,41578,41600.27,0,0.4,0.5,20,ONE_POINT,100,100,RANDOM,1
341,34200,116.91017818450928,41505,41509.38,0,0.4,0.5,20,ONE_POINT,100,100,RANDOM,1
342,34300,117.25146055221558,41477,41479.43,0,0.4,0.5,20,ONE_POINT,100,100,RANDOM,1
343,34400,117.56410765647888,41428,41445.7,0,0.4,0.5,20,ONE_POINT,100,100,RANDOM,1
344,34500,117.8995213508606,41374,41378.32,0,0.4,0.5,20,ONE_POINT,100,100,RANDOM,1
345,34600,118.21576189994812,41331,41379.87,0,0.4,0.5,20,ONE_POINT,100,100,RANDOM,1
346,34700,118.54744338989258,41303,41315.09,0,0.4,0.5,20,ONE_POINT,100,100,RANDOM,1
347,34800,118.85842370986938,41272,41277.16,0,0.4,0.5,20,ONE_POINT,100,100,RANDOM,1
348,34900,119.18086504936218,41248,41256.44,0,0.4,0.5,20,ONE_POINT,100,100,RANDOM,1
349,35000,119.50963854789734,41185,41193.5,0,0.4,0.5,20,ONE_POINT,100,100,RANDOM,1
350,35100,119.84311628341675,41156,41196.84,0,0.4,0.5,20,ONE_POINT,100,100,RANDOM,1
351,35200,120.19230103492737,41133,41134.95,0,0.4,0.5,20,ONE_POINT,100,100,RANDOM,1
352,35300,120.55667686462402,41096,41101.32,0,0.4,0.5,20,ONE_POINT,100,100,RANDOM,1
353,35400,120.87935090065002,41032,41035.84,0,0.4,0.5,20,ONE_POINT,100,100,RANDOM,1
354,35500,121.23629546165466,40974,40979.44,0,0.4,0.5,20,ONE_POINT,100,100,RANDOM,1
355,35600,121.58589029312134,40925,40930.62,0,0.4,0.5,20,ONE_POINT,100,100,RANDOM,1
356,35700,121.93736410140991,40876,40884.95,0,0.4,0.5,20,ONE_POINT,100,100,RANDOM,1
357,35800,122.27318048477173,40844,40846.56,0,0.4,0.5,20,ONE_POINT,100,100,RANDOM,1
358,35900,122.64156556129456,40761,40766.3,0,0.4,0.5,20,ONE_POINT,100,100,RANDOM,1
359,36000,122.9771659374237,40675,40682.18,0,0.4,0.5,20,ONE_POINT,100,100,RANDOM,1
360,36100,123.29597353935242,40564,40580.7,0,0.4,0.5,20,ONE_POINT,100,100,RANDOM,1
361,36200,123.64014744758606,40541,40556.61,0,0.4,0.5,20,ONE_POINT,100,100,RANDOM,1
362,36300,123.97589778900146,40445,40449.94,0,0.4,0.5,20,ONE_POINT,100,100,RANDOM,1
363,36400,124.29626512527466,40398,40418.14,0,0.4,0.5,20,ONE_POINT,100,100,RANDOM,1
364,36500,124.63931727409363,40367,40370.1,0,0.4,0.5,20,ONE_POINT,100,100,RANDOM,1
365,36600,124.96241474151611,40348,40351.34,0,0.4,0.5,20,ONE_POINT,100,100,RANDOM,1
366,36700,125.30404543876648,40301,40370.5,0,0.4,0.5,20,ONE_POINT,100,100,RANDOM,1
367,36800,125.64727973937988,40262,40265.12,0,0.4,0.5,20,ONE_POINT,100,100,RANDOM,1
368,36900,125.95157074928284,40255,40256.8,0,0.4,0.5,20,ONE_POINT,100,100,RANDOM,1
369,37000,126.3152084350586,40238,40241.82,0,0.4,0.5,20,ONE_POINT,100,100,RANDOM,1
370,37100,126.65003633499146,40222,40232.13,0,0.4,0.5,20,ONE_POINT,100,100,RANDOM,1
371,37200,127.02677321434021,40200,40202.2,0,0.4,0.5,20,ONE_POINT,100,100,RANDOM,1
372,37300,127.35805225372314,40134,40141.21,0,0.4,0.5,20,ONE_POINT,100,100,RANDOM,1
373,37400,127.69009804725647,40075,40111.13,0,0.4,0.5,20,ONE_POINT,100,100,RANDOM,1
374,37500,128.01712322235107,40075,40075.0,0,0.4,0.5,20,ONE_POINT,100,100,RANDOM,1
375,37600,128.39198899269104,40049,40051.08,0,0.4,0.5,20,ONE_POINT,100,100,RANDOM,1
376,37700,128.73418712615967,39986,39992.79,0,0.4,0.5,20,ONE_POINT,100,100,RANDOM,1
377,37800,129.0588984489441,39972,39987.53,0,0.4,0.5,20,ONE_POINT,100,100,RANDOM,1
378,37900,129.36748027801514,39944,39962.85,0,0.4,0.5,20,ONE_POINT,100,100,RANDOM,1
379,38000,129.74103832244873,39878,39886.0,0,0.4,0.5,20,ONE_POINT,100,100,RANDOM,1
380,38100,130.0949535369873,39844,39860.88,0,0.4,0.5,20,ONE_POINT,100,100,RANDOM,1
381,38200,130.4130482673645,39830,39876.56,0,0.4,0.5,20,ONE_POINT,100,100,RANDOM,1
382,38300,130.7495687007904,39781,39789.24,0,0.4,0.5,20,ONE_POINT,100,100,RANDOM,1
383,38400,131.07021594047546,39709,39820.27,0,0.4,0.5,20,ONE_POINT,100,100,RANDOM,1
384,38500,131.41569066047668,39659,39754.66,0,0.4,0.5,20,ONE_POINT,100,100,RANDOM,1
385,38600,131.73633432388306,39650,39652.89,0,0.4,0.5,20,ONE_POINT,100,100,RANDOM,1
386,38700,132.05973935127258,39609,39623.66,0,0.4,0.5,20,ONE_POINT,100,100,RANDOM,1
387,38800,132.4243140220642,39561,39586.81,0,0.4,0.5,20,ONE_POINT,100,100,RANDOM,1
388,38900,132.75990390777588,39538,39562.9,0,0.4,0.5,20,ONE_POINT,100,100,RANDOM,1
389,39000,133.1022584438324,39481,39485.56,0,0.4,0.5,20,ONE_POINT,100,100,RANDOM,1
390,39100,133.4403591156006,39430,39433.06,0,0.4,0.5,20,ONE_POINT,100,100,RANDOM,1
391,39200,133.75004076957703,39402,39404.95,0,0.4,0.5,20,ONE_POINT,100,100,RANDOM,1
392,39300,134.0894467830658,39394,39397.88,0,0.4,0.5,20,ONE_POINT,100,100,RANDOM,1
393,39400,134.46268439292908,39294,39300.36,0,0.4,0.5,20,ONE_POINT,100,100,RANDOM,1
394,39500,134.7768657207489,39267,39279.51,0,0.4,0.5,20,ONE_POINT,100,100,RANDOM,1
395,39600,135.11333632469177,39230,39234.83,0,0.4,0.5,20,ONE_POINT,100,100,RANDOM,1
396,39700,135.4597053527832,39199,39207.67,0,0.4,0.5,20,ONE_POINT,100,100,RANDOM,1
397,39800,135.80712056159973,39060,39077.25,0,0.4,0.5,20,ONE_POINT,100,100,RANDOM,1
398,39900,136.1196780204773,39059,39059.28,0,0.4,0.5,20,ONE_POINT,100,100,RANDOM,1
399,40000,136.48430132865906,38976,39006.41,0,0.4,0.5,20,ONE_POINT,100,100,RANDOM,1
400,40100,136.82593703269958,38948,38958.06,0,0.4,0.5,20,ONE_POINT,100,100,RANDOM,1
401,40200,137.14956784248352,38948,38948.0,0,0.4,0.5,20,ONE_POINT,100,100,RANDOM,1
402,40300,137.46731734275818,38878,38882.22,0,0.4,0.5,20,ONE_POINT,100,100,RANDOM,1
403,40400,137.8867757320404,38853,38855.3,0,0.4,0.5,20,ONE_POINT,100,100,RANDOM,1
404,40500,138.2460765838623,38775,38797.84,0,0.4,0.5,20,ONE_POINT,100,100,RANDOM,1
405,40600,138.59577560424805,38765,38786.05,0,0.4,0.5,20,ONE_POINT,100,100,RANDOM,1
406,40700,138.93544054031372,38756,38756.73,0,0.4,0.5,20,ONE_POINT,100,100,RANDOM,1
407,40800,139.2600450515747,38736,38738.9,0,0.4,0.5,20,ONE_POINT,100,100,RANDOM,1
408,40900,139.58664321899414,38705,38784.09,0,0.4,0.5,20,ONE_POINT,100,100,RANDOM,1
409,41000,139.90940499305725,38653,38657.78,0,0.4,0.5,20,ONE_POINT,100,100,RANDOM,1
410,41100,140.26570796966553,38566,38571.93,0,0.4,0.5,20,ONE_POINT,100,100,RANDOM,1
411,41200,140.5984947681427,38539,38544.06,0,0.4,0.5,20,ONE_POINT,100,100,RANDOM,1
412,41300,140.9477994441986,38539,38539.0,0,0.4,0.5,20,ONE_POINT,100,100,RANDOM,1
413,41400,141.28519439697266,38501,38503.88,0,0.4,0.5,20,ONE_POINT,100,100,RANDOM,1
414,41500,141.61648154258728,38493,38496.47,0,0.4,0.5,20,ONE_POINT,100,100,RANDOM,1
415,41600,141.96803450584412,38431,38435.34,0,0.4,0.5,20,ONE_POINT,100,100,RANDOM,1
416,41700,142.3288929462433,38420,38422.2,0,0.4,0.5,20,ONE_POINT,100,100,RANDOM,1
417,41800,142.66072940826416,38381,38476.64,0,0.4,0.5,20,ONE_POINT,100,100,RANDOM,1
418,41900,143.01054787635803,38328,38389.1,0,0.4,0.5,20,ONE_POINT,100,100,RANDOM,1
419,42000,143.36440515518188,38198,38213.88,0,0.4,0.5,20,ONE_POINT,100,100,RANDOM,1
420,42100,143.69946336746216,38167,38272.47,0,0.4,0.5,20,ONE_POINT,100,100,RANDOM,1
421,42200,144.042147397995,38148,38150.55,0,0.4,0.5,20,ONE_POINT,100,100,RANDOM,1
422,42300,144.3717110157013,38134,38145.14,0,0.4,0.5,20,ONE_POINT,100,100,RANDOM,1
423,42400,144.69383072853088,38080,38084.06,0,0.4,0.5,20,ONE_POINT,100,100,RANDOM,1
424,42500,145.03485894203186,38066,38068.32,0,0.4,0.5,20,ONE_POINT,100,100,RANDOM,1
425,42600,145.36634850502014,38012,38016.03,0,0.4,0.5,20,ONE_POINT,100,100,RANDOM,1
426,42700,145.69166040420532,37971,37974.82,0,0.4,0.5,20,ONE_POINT,100,100,RANDOM,1
427,42800,146.01119899749756,37842,37866.54,0,0.4,0.5,20,ONE_POINT,100,100,RANDOM,1
428,42900,146.3801097869873,37809,37815.86,0,0.4,0.5,20,ONE_POINT,100,100,RANDOM,1
429,43000,146.71700263023376,37802,37832.61,0,0.4,0.5,20,ONE_POINT,100,100,RANDOM,1
430,43100,147.02183532714844,37671,37680.82,0,0.4,0.5,20,ONE_POINT,100,100,RANDOM,1
431,43200,147.36595129966736,37664,37665.12,0,0.4,0.5,20,ONE_POINT,100,100,RANDOM,1
432,43300,147.70320963859558,37582,37611.5,0,0.4,0.5,20,ONE_POINT,100,100,RANDOM,1
433,43400,148.01474833488464,37547,37560.93,0,0.4,0.5,20,ONE_POINT,100,100,RANDOM,1
434,43500,148.37368273735046,37471,37601.67,0,0.4,0.5,20,ONE_POINT,100,100,RANDOM,1
435,43600,148.71147894859314,37435,37438.24,0,0.4,0.5,20,ONE_POINT,100,100,RANDOM,1
436,43700,149.04604244232178,37396,37400.98,0,0.4,0.5,20,ONE_POINT,100,100,RANDOM,1
437,43800,149.3550407886505,37363,37372.21,0,0.4,0.5,20,ONE_POINT,100,100,RANDOM,1
438,43900,149.68504095077515,37328,37360.51,0,0.4,0.5,20,ONE_POINT,100,100,RANDOM,1
439,44000,150.01602411270142,37305,37310.18,0,0.4,0.5,20,ONE_POINT,100,100,RANDOM,1
440,44100,150.34466218948364,37251,37256.92,0,0.4,0.5,20,ONE_POINT,100,100,RANDOM,1
441,44200,150.66190147399902,37223,37226.65,0,0.4,0.5,20,ONE_POINT,100,100,RANDOM,1
442,44300,151.0006968975067,37169,37201.49,0,0.4,0.5,20,ONE_POINT,100,100,RANDOM,1
443,44400,151.3317470550537,37131,37135.85,0,0.4,0.5,20,ONE_POINT,100,100,RANDOM,1
444,44500,151.66253900527954,37090,37095.48,0,0.4,0.5,20,ONE_POINT,100,100,RANDOM,1
445,44600,152.00090408325195,37079,37081.89,0,0.4,0.5,20,ONE_POINT,100,100,RANDOM,1
446,44700,152.3469705581665,37061,37062.44,0,0.4,0.5,20,ONE_POINT,100,100,RANDOM,1
447,44800,152.68301939964294,37032,37034.79,0,0.4,0.5,20,ONE_POINT,100,100,RANDOM,1
448,44900,153.02296376228333,36973,36980.45,0,0.4,0.5,20,ONE_POINT,100,100,RANDOM,1
449,45000,153.3688805103302,36948,36971.06,0,0.4,0.5,20,ONE_POINT,100,100,RANDOM,1
450,45100,153.71806263923645,36903,36906.85,0,0.4,0.5,20,ONE_POINT,100,100,RANDOM,1
451,45200,154.0634183883667,36841,36846.24,0,0.4,0.5,20,ONE_POINT,100,100,RANDOM,1
452,45300,154.42425847053528,36690,36699.75,0,0.4,0.5,20,ONE_POINT,100,100,RANDOM,1
453,45400,154.78783440589905,36667,36674.67,0,0.4,0.5,20,ONE_POINT,100,100,RANDOM,1
454,45500,155.2085165977478,36656,36657.66,0,0.4,0.5,20,ONE_POINT,100,100,RANDOM,1
455,45600,155.58095264434814,36652,36653.75,0,0.4,0.5,20,ONE_POINT,100,100,RANDOM,1
456,45700,155.9479684829712,36641,36675.1,0,0.4,0.5,20,ONE_POINT,100,100,RANDOM,1
457,45800,156.28779935836792,36563,36568.88,0,0.4,0.5,20,ONE_POINT,100,100,RANDOM,1
458,45900,156.62808847427368,36541,36547.07,0,0.4,0.5,20,ONE_POINT,100,100,RANDOM,1
459,46000,156.9645709991455,36529,36546.73,0,0.4,0.5,20,ONE_POINT,100,100,RANDOM,1
460,46100,157.29230093955994,36505,36609.75,0,0.4,0.5,20,ONE_POINT,100,100,RANDOM,1
461,46200,157.60683751106262,36462,36470.97,0,0.4,0.5,20,ONE_POINT,100,100,RANDOM,1
462,46300,157.94661235809326,36339,36352.41,0,0.4,0.5,20,ONE_POINT,100,100,RANDOM,1
463,46400,158.29292559623718,36326,36327.79,0,0.4,0.5,20,ONE_POINT,100,100,RANDOM,1
464,46500,158.63952445983887,36317,36327.9,0,0.4,0.5,20,ONE_POINT,100,100,RANDOM,1
465,46600,158.97744035720825,36317,36317.0,0,0.4,0.5,20,ONE_POINT,100,100,RANDOM,1
466,46700,159.3323221206665,36261,36323.13,0,0.4,0.5,20,ONE_POINT,100,100,RANDOM,1
467,46800,159.68742179870605,36228,36283.89,0,0.4,0.5,20,ONE_POINT,100,100,RANDOM,1
468,46900,160.0454716682434,36163,36321.12,0,0.4,0.5,20,ONE_POINT,100,100,RANDOM,1
469,47000,160.36211895942688,36161,36464.27,0,0.4,0.5,20,ONE_POINT,100,100,RANDOM,1
470,47100,160.68675303459167,36149,36153.23,0,0.4,0.5,20,ONE_POINT,100,100,RANDOM,1
471,47200,161.0379137992859,36126,36133.63,0,0.4,0.5,20,ONE_POINT,100,100,RANDOM,1
472,47300,161.38982820510864,36055,36059.26,0,0.4,0.5,20,ONE_POINT,100,100,RANDOM,1
473,47400,161.7179696559906,35950,35960.21,0,0.4,0.5,20,ONE_POINT,100,100,RANDOM,1
474,47500,162.05866885185242,35945,35950.87,0,0.4,0.5,20,ONE_POINT,100,100,RANDOM,1
475,47600,162.3830759525299,35925,35932.9,0,0.4,0.5,20,ONE_POINT,100,100,RANDOM,1
476,47700,162.71764016151428,35911,35912.98,0,0.4,0.5,20,ONE_POINT,100,100,RANDOM,1
477,47800,163.04804110527039,35880,35890.24,0,0.4,0.5,20,ONE_POINT,100,100,RANDOM,1
478,47900,163.4090383052826,35878,35879.7,0,0.4,0.5,20,ONE_POINT,100,100,RANDOM,1
479,48000,163.7435896396637,35795,35802.11,0,0.4,0.5,20,ONE_POINT,100,100,RANDOM,1
480,48100,164.04685306549072,35775,35780.37,0,0.4,0.5,20,ONE_POINT,100,100,RANDOM,1
481,48200,164.40695643424988,35754,35760.09,0,0.4,0.5,20,ONE_POINT,100,100,RANDOM,1
482,48300,164.71744632720947,35724,35728.08,0,0.4,0.5,20,ONE_POINT,100,100,RANDOM,1
483,48400,165.03317594528198,35676,35684.21,0,0.4,0.5,20,ONE_POINT,100,100,RANDOM,1
484,48500,165.36891794204712,35613,35619.0,0,0.4,0.5,20,ONE_POINT,100,100,RANDOM,1
485,48600,165.69701480865479,35595,35597.45,0,0.4,0.5,20,ONE_POINT,100,100,RANDOM,1
486,48700,166.01980566978455,35544,35608.84,0,0.4,0.5,20,ONE_POINT,100,100,RANDOM,1
487,48800,166.38066506385803,35527,35531.55,0,0.4,0.5,20,ONE_POINT,100,100,RANDOM,1
488,48900,166.69977116584778,35496,35622.12,0,0.4,0.5,20,ONE_POINT,100,100,RANDOM,1
489,49000,167.00873041152954,35478,35483.96,0,0.4,0.5,20,ONE_POINT,100,100,RANDOM,1
490,49100,167.34829926490784,35453,35460.54,0,0.4,0.5,20,ONE_POINT,100,100,RANDOM,1
491,49200,167.67918491363525,35422,35425.41,0,0.4,0.5,20,ONE_POINT,100,100,RANDOM,1
492,49300,168.04530453681946,35302,35312.89,0,0.4,0.5,20,ONE_POINT,100,100,RANDOM,1
493,49400,168.3885452747345,35291,35295.82,0,0.4,0.5,20,ONE_POINT,100,100,RANDOM,1
494,49500,168.70754480361938,35276,35277.5,0,0.4,0.5,20,ONE_POINT,100,100,RANDOM,1
495,49600,169.02710127830505,35252,35338.22,0,0.4,0.5,20,ONE_POINT,100,100,RANDOM,1
496,49700,169.33768367767334,35234,35240.9,0,0.4,0.5,20,ONE_POINT,100,100,RANDOM,1
497,49800,169.67983150482178,35192,35199.84,0,0.4,0.5,20,ONE_POINT,100,100,RANDOM,1
498,49900,170.00069570541382,35192,35192.42,0,0.4,0.5,20,ONE_POINT,100,100,RANDOM,1
499,50000,170.32226157188416,35167,35169.5,0,0.4,0.5,20,ONE_POINT,100,100,RANDOM,1
500,50100,170.63696026802063,35123,35130.71,0,0.4,0.5,20,ONE_POINT,100,100,RANDOM,1
1,200,0.22743582725524902,137986,133882.01,0,0.4,0.5,20,ONE_POINT,100,100,RANDOM,2
2,300,0.5952801704406738,132243,132284.05,0,0.4,0.5,20,ONE_POINT,100,100,RANDOM,2
3,400,0.9385910034179688,131322,131340.42,0,0.4,0.5,20,ONE_POINT,100,100,RANDOM,2
4,500,1.301558256149292,130178,130200.88,0,0.4,0.5,20,ONE_POINT,100,100,RANDOM,2
5,600,1.6582205295562744,127155,127192.77,0,0.4,0.5,20,ONE_POINT,100,100,RANDOM,2
6,700,1.9751622676849365,126455,126471.91,0,0.4,0.5,20,ONE_POINT,100,100,RANDOM,2
7,800,2.289100408554077,125830,125849.22,0,0.4,0.5,20,ONE_POINT,100,100,RANDOM,2
8,900,2.6284799575805664,124047,124070.83,0,0.4,0.5,20,ONE_POINT,100,100,RANDOM,2
9,1000,2.978698253631592,122886,122928.06,0,0.4,0.5,20,ONE_POINT,100,100,RANDOM,2
10,1100,3.3662586212158203,121173,121230.53,0,0.4,0.5,20,ONE_POINT,100,100,RANDOM,2
11,1200,3.6983327865600586,120213,120267.98,0,0.4,0.5,20,ONE_POINT,100,100,RANDOM,2
12,1300,4.01079249382019,119637,119654.87,0,0.4,0.5,20,ONE_POINT,100,100,RANDOM,2
13,1400,4.339594125747681,118922,118943.12,0,0.4,0.5,20,ONE_POINT,100,100,RANDOM,2
14,1500,4.671598672866821,118367,118387.04,0,0.4,0.5,20,ONE_POINT,100,100,RANDOM,2
15,1600,5.005436658859253,117402,117427.51,0,0.4,0.5,20,ONE_POINT,100,100,RANDOM,2
16,1700,5.331860065460205,116397,116431.86,0,0.4,0.5,20,ONE_POINT,100,100,RANDOM,2
17,1800,5.663277626037598,115719,115746.12,0,0.4,0.5,20,ONE_POINT,100,100,RANDOM,2
18,1900,5.9962546825408936,114973,114997.92,0,0.4,0.5,20,ONE_POINT,100,100,RANDOM,2
19,2000,6.357212781906128,114361,114403.92,0,0.4,0.5,20,ONE_POINT,100,100,RANDOM,2
20,2100,6.70768404006958,112736,112765.33,0,0.4,0.5,20,ONE_POINT,100,100,RANDOM,2
21,2200,7.022740364074707,112217,112238.18,0,0.4,0.5,20,ONE_POINT,100,100,RANDOM,2
22,2300,7.379836559295654,111792,111854.27,0,0.4,0.5,20,ONE_POINT,100,100,RANDOM,2
23,2400,7.7371861934661865,111561,111580.72,0,0.4,0.5,20,ONE_POINT,100,100,RANDOM,2
24,2500,8.069519996643066,111218,111235.79,0,0.4,0.5,20,ONE_POINT,100,100,RANDOM,2
25,2600,8.378946781158447,110265,110294.08,0,0.4,0.5,20,ONE_POINT,100,100,RANDOM,2
26,2700,8.720521211624146,109127,109151.78,0,0.4,0.5,20,ONE_POINT,100,100,RANDOM,2
27,2800,9.056306600570679,108564,108636.32,0,0.4,0.5,20,ONE_POINT,100,100,RANDOM,2
28,2900,9.4231595993042,108030,108046.02,0,0.4,0.5,20,ONE_POINT,100,100,RANDOM,2
29,3000,9.767508745193481,107260,107291.55,0,0.4,0.5,20,ONE_POINT,100,100,RANDOM,2
30,3100,10.075653314590454,106946,106958.56,0,0.4,0.5,20,ONE_POINT,100,100,RANDOM,2
31,3200,10.398581504821777,105962,106044.23,0,0.4,0.5,20,ONE_POINT,100,100,RANDOM,2
32,3300,10.712738752365112,105693,105711.29,0,0.4,0.5,20,ONE_POINT,100,100,RANDOM,2
33,3400,11.072750806808472,105530,105555.59,0,0.4,0.5,20,ONE_POINT,100,100,RANDOM,2
34,3500,11.427145004272461,105292,105303.36,0,0.4,0.5,20,ONE_POINT,100,100,RANDOM,2
35,3600,11.769196271896362,104803,104834.62,0,0.4,0.5,20,ONE_POINT,100,100,RANDOM,2
36,3700,12.091333389282227,104346,104361.62,0,0.4,0.5,20,ONE_POINT,100,100,RANDOM,2
37,3800,12.424466848373413,103849,103869.98,0,0.4,0.5,20,ONE_POINT,100,100,RANDOM,2
38,3900,12.773647785186768,103098,103112.87,0,0.4,0.5,20,ONE_POINT,100,100,RANDOM,2
39,4000,13.098241090774536,102606,102630.1,0,0.4,0.5,20,ONE_POINT,100,100,RANDOM,2
40,4100,13.447237730026245,102251,102266.32,0,0.4,0.5,20,ONE_POINT,100,100,RANDOM,2
41,4200,13.782023906707764,101898,101910.75,0,0.4,0.5,20,ONE_POINT,100,100,RANDOM,2
42,4300,14.101627588272095,101421,101440.34,0,0.4,0.5,20,ONE_POINT,100,100,RANDOM,2
43,4400,14.46498727798462,101048,101063.3,0,0.4,0.5,20,ONE_POINT,100,100,RANDOM,2
44,4500,14.777942419052124,100701,100777.26,0,0.4,0.5,20,ONE_POINT,100,100,RANDOM,2
45,4600,15.104794025421143,100485,100513.11,0,0.4,0.5,20,ONE_POINT,100,100,RANDOM,2
46,4700,15.452373743057251,99852,99864.66,0,0.4,0.5,20,ONE_POINT,100,100,RANDOM,2
47,4800,15.77281141281128,99534,99547.14,0,0.4,0.5,20,ONE_POINT,100,100,RANDOM,2
48,4900,16.105778455734253,99033,99053.04,0,0.4,0.5,20,ONE_POINT,100,100,RANDOM,2
49,5000,16.436253547668457,98558,98585.19,0,0.4,0.5,20,ONE_POINT,100,100,RANDOM,2
50,5100,16.76312756538391,98109,98155.78,0,0.4,0.5,20,ONE_POINT,100,100,RANDOM,2
51,5200,17.114237785339355,97759,97770.22,0,0.4,0.5,20,ONE_POINT,100,100,RANDOM,2
52,5300,17.45046305656433,96879,96941.9,0,0.4,0.5,20,ONE_POINT,100,100,RANDOM,2
53,5400,17.812798976898193,96558,96567.63,0,0.4,0.5,20,ONE_POINT,100,100,RANDOM,2
54,5500,18.183451175689697,95935,95952.94,0,0.4,0.5,20,ONE_POINT,100,100,RANDOM,2
55,5600,18.541451930999756,95397,95409.07,0,0.4,0.5,20,ONE_POINT,100,100,RANDOM,2
56,5700,18.90495491027832,94729,94749.46,0,0.4,0.5,20,ONE_POINT,100,100,RANDOM,2
57,5800,19.25316858291626,94059,94070.31,0,0.4,0.5,20,ONE_POINT,100,100,RANDOM,2
58,5900,19.604172229766846,93652,93672.68,0,0.4,0.5,20,ONE_POINT,100,100,RANDOM,2
59,6000,19.937419891357422,92840,92877.43,0,0.4,0.5,20,ONE_POINT,100,100,RANDOM,2
60,6100,20.244646787643433,92190,92206.18,0,0.4,0.5,20,ONE_POINT,100,100,RANDOM,2
61,6200,20.565128326416016,91758,91771.26,0,0.4,0.5,20,ONE_POINT,100,100,RANDOM,2
62,6300,20.89180588722229,91591,91597.68,0,0.4,0.5,20,ONE_POINT,100,100,RANDOM,2
63,6400,21.223556995391846,91225,91232.32,0,0.4,0.5,20,ONE_POINT,100,100,RANDOM,2
64,6500,21.593387126922607,90794,90809.14,0,0.4,0.5,20,ONE_POINT,100,100,RANDOM,2
65,6600,21.90299391746521,90510,90529.6,0,0.4,0.5,20,ONE_POINT,100,100,RANDOM,2
66,6700,22.221861362457275,90154,90168.66,0,0.4,0.5,20,ONE_POINT,100,100,RANDOM,2
67,6800,22.60984182357788,89711,89719.86,0,0.4,0.5,20,ONE_POINT,100,100,RANDOM,2
68,6900,22.931092500686646,89247,89256.28,0,0.4,0.5,20,ONE_POINT,100,100,RANDOM,2
69,7000,23.2629337310791,88432,88473.67,0,0.4,0.5,20,ONE_POINT,100,100,RANDOM,2
70,7100,23.591684341430664,88091,88104.64,0,0.4,0.5,20,ONE_POINT,100,100,RANDOM,2
71,7200,23.96268320083618,87529,87545.86,0,0.4,0.5,20,ONE_POINT,100,100,RANDOM,2
72,7300,24.296464204788208,87364,87475.53,0,0.4,0.5,20,ONE_POINT,100,100,RANDOM,2
73,7400,24.609025478363037,87193,87199.84,0,0.4,0.5,20,ONE_POINT,100,100,RANDOM,2
74,7500,24.930363178253174,86391,86400.14,0,0.4,0.5,20,ONE_POINT,100,100,RANDOM,2
75,7600,25.268911600112915,85480,85515.86,0,0.4,0.5,20,ONE_POINT,100,100,RANDOM,2
76,7700,25.60752511024475,84948,84958.64,0,0.4,0.5,20,ONE_POINT,100,100,RANDOM,2
77,7800,25.97328782081604,84667,84678.24,0,0.4,0.5,20,ONE_POINT,100,100,RANDOM,2
78,7900,26.32145619392395,84120,84136.41,0,0.4,0.5,20,ONE_POINT,100,100,RANDOM,2
79,8000,26.639403343200684,83753,83764.01,0,0.4,0.5,20,ONE_POINT,100,100,RANDOM,2
80,8100,26.996045351028442,83511,83562.58,0,0.4,0.5,20,ONE_POINT,100,100,RANDOM,2
81,8200,27.359079837799072,83299,83430.07,0,0.4,0.5,20,ONE_POINT,100,100,RANDOM,2
82,8300,27.699162483215332,83044,83109.31,0,0.4,0.5,20,ONE_POINT,100,100,RANDOM,2
83,8400,28.01647162437439,82702,82716.0,0,0.4,0.5,20,ONE_POINT,100,100,RANDOM,2
84,8500,28.37158966064453,82460,82468.55,0,0.4,0.5,20,ONE_POINT,100,100,RANDOM,2
85,8600,28.71437954902649,82247,82263.4,0,0.4,0.5,20,ONE_POINT,100,100,RANDOM,2
86,8700,29.02236032485962,81876,81892.58,0,0.4,0.5,20,ONE_POINT,100,100,RANDOM,2
87,8800,29.383919954299927,81672,81682.38,0,0.4,0.5,20,ONE_POINT,100,100,RANDOM,2
88,8900,29.706941843032837,80977,80990.9,0,0.4,0.5,20,ONE_POINT,100,100,RANDOM,2
89,9000,30.040026426315308,80433,80449.32,0,0.4,0.5,20,ONE_POINT,100,100,RANDOM,2
90,9100,30.41564965248108,80264,80370.46,0,0.4,0.5,20,ONE_POINT,100,100,RANDOM,2
91,9200,30.74083375930786,79906,79915.84,0,0.4,0.5,20,ONE_POINT,100,100,RANDOM,2
92,9300,31.104945421218872,79485,79493.41,0,0.4,0.5,20,ONE_POINT,100,100,RANDOM,2
93,9400,31.448366403579712,79158,79167.96,0,0.4,0.5,20,ONE_POINT,100,100,RANDOM,2
94,9500,31.78135871887207,78835,78850.49,0,0.4,0.5,20,ONE_POINT,100,100,RANDOM,2
95,9600,32.13485050201416,78601,78611.82,0,0.4,0.5,20,ONE_POINT,100,100,RANDOM,2
96,9700,32.485923051834106,77836,77867.68,0,0.4,0.5,20,ONE_POINT,100,100,RANDOM,2
97,9800,32.82023072242737,77137,77175.81,0,0.4,0.5,20,ONE_POINT,100,100,RANDOM,2
98,9900,33.157140254974365,76932,76940.25,0,0.4,0.5,20,ONE_POINT,100,100,RANDOM,2
99,10000,33.49196219444275,76649,76660.83,0,0.4,0.5,20,ONE_POINT,100,100,RANDOM,2
100,10100,33.860729694366455,76542,76565.56,0,0.4,0.5,20,ONE_POINT,100,100,RANDOM,2
101,10200,34.20439291000366,76384,76391.39,0,0.4,0.5,20,ONE_POINT,100,100,RANDOM,2
102,10300,34.51610708236694,76182,76230.57,0,0.4,0.5,20,ONE_POINT,100,100,RANDOM,2
103,10400,34.87798190116882,75760,75818.57,0,0.4,0.5,20,ONE_POINT,100,100,RANDOM,2
104,10500,35.240347146987915,75327,75339.74,0,0.4,0.5,20,ONE_POINT,100,100,RANDOM,2
105,10600,35.59709548950195,75162,75175.73,0,0.4,0.5,20,ONE_POINT,100,100,RANDOM,2
106,10700,35.97186064720154,74840,74857.44,0,0.4,0.5,20,ONE_POINT,100,100,RANDOM,2
107,10800,36.294405698776245,74667,74731.62,0,0.4,0.5,20,ONE_POINT,100,100,RANDOM,2
108,10900,36.66417217254639,74489,74548.76,0,0.4,0.5,20,ONE_POINT,100,100,RANDOM,2
109,11000,37.006417751312256,74316,74326.43,0,0.4,0.5,20,ONE_POINT,100,100,RANDOM,2
110,11100,37.346311807632446,74034,74043.79,0,0.4,0.5,20,ONE_POINT,100,100,RANDOM,2
111,11200,37.70133352279663,73805,73823.15,0,0.4,0.5,20,ONE_POINT,100,100,RANDOM,2
112,11300,38.031556844711304,73539,73551.43,0,0.4,0.5,20,ONE_POINT,100,100,RANDOM,2
113,11400,38.35195446014404,73327,73346.59,0,0.4,0.5,20,ONE_POINT,100,100,RANDOM,2
114,11500,38.678990840911865,73074,73085.48,0,0.4,0.5,20,ONE_POINT,100,100,RANDOM,2
115,11600,39.01692223548889,72878,72891.93,0,0.4,0.5,20,ONE_POINT,100,100,RANDOM,2
116,11700,39.37204694747925,72038,72063.88,0,0.4,0.5,20,ONE_POINT,100,100,RANDOM,2
117,11800,39.7260205745697,71732,71805.55,0,0.4,0.5,20,ONE_POINT,100,100,RANDOM,2
118,11900,40.07131886482239,71363,71389.12,0,0.4,0.5,20,ONE_POINT,100,100,RANDOM,2
119,12000,40.3967547416687,71049,71063.28,0,0.4,0.5,20,ONE_POINT,100,100,RANDOM,2
120,12100,40.74333095550537,70799,70809.0,0,0.4,0.5,20,ONE_POINT,100,100,RANDOM,2
121,12200,41.084259033203125,70393,70404.93,0,0.4,0.5,20,ONE_POINT,100,100,RANDOM,2
122,12300,41.416160345077515,70287,70292.3,0,0.4,0.5,20,ONE_POINT,100,100,RANDOM,2
123,12400,41.750812292099,69861,69873.78,0,0.4,0.5,20,ONE_POINT,100,100,RANDOM,2
124,12500,42.09342956542969,69595,69614.86,0,0.4,0.5,20,ONE_POINT,100,100,RANDOM,2
125,12600,42.41656160354614,69330,69356.88,0,0.4,0.5,20,ONE_POINT,100,100,RANDOM,2
126,12700,42.73309516906738,69006,69016.75,0,0.4,0.5,20,ONE_POINT,100,100,RANDOM,2
127,12800,43.05475306510925,68553,68595.61,0,0.4,0.5,20,ONE_POINT,100,100,RANDOM,2
128,12900,43.394126892089844,68203,68216.13,0,0.4,0.5,20,ONE_POINT,100,100,RANDOM,2
129,13000,43.75427484512329,67911,67983.9,0,0.4,0.5,20,ONE_POINT,100,100,RANDOM,2
130,13100,44.06544041633606,67557,67582.78,0,0.4,0.5,20,ONE_POINT,100,100,RANDOM,2
131,13200,44.40127897262573,67381,67390.01,0,0.4,0.5,20,ONE_POINT,100,100,RANDOM,2
132,13300,44.75482749938965,67150,67169.16,0,0.4,0.5,20,ONE_POINT,100,100,RANDOM,2
133,13400,45.0786406993866,66678,66692.28,0,0.4,0.5,20,ONE_POINT,100,100,RANDOM,2
134,13500,45.4286847114563,66527,66533.85,0,0.4,0.5,20,ONE_POINT,100,100,RANDOM,2
135,13600,45.80226683616638,66344,66355.74,0,0.4,0.5,20,ONE_POINT,100,100,RANDOM,2
136,13700,46.13362741470337,66106,66115.44,0,0.4,0.5,20,ONE_POINT,100,100,RANDOM,2
137,13800,46.471906661987305,65971,65977.71,0,0.4,0.5,20,ONE_POINT,100,100,RANDOM,2
138,13900,46.79599738121033,65542,65559.21,0,0.4,0.5,20,ONE_POINT,100,100,RANDOM,2
139,14000,47.1439905166626,65346,65354.87,0,0.4,0.5,20,ONE_POINT,100,100,RANDOM,2
140,14100,47.49738574028015,65041,65068.98,0,0.4,0.5,20,ONE_POINT,100,100,RANDOM,2
141,14200,47.85637307167053,64870,64876.84,0,0.4,0.5,20,ONE_POINT,100,100,RANDOM,2
142,14300,48.197137117385864,64709,64776.23,0,0.4,0.5,20,ONE_POINT,100,100,RANDOM,2
143,14400,48.506913900375366,64546,64551.01,0,0.4,0.5,20,ONE_POINT,100,100,RANDOM,2
144,14500,48.83224153518677,64078,64092.04,0,0.4,0.5,20,ONE_POINT,100,100,RANDOM,2
145,14600,49.18983602523804,63767,63781.96,0,0.4,0.5,20,ONE_POINT,100,100,RANDOM,2
146,14700,49.5413236618042,63573,63582.4,0,0.4,0.5,20,ONE_POINT,100,100,RANDOM,2
147,14800,49.852537870407104,63333,63346.94,0,0.4,0.5,20,ONE_POINT,100,100,RANDOM,2
148,14900,50.183703660964966,63154,63197.87,0,0.4,0.5,20,ONE_POINT,100,100,RANDOM,2
149,15000,50.49030828475952,62920,62929.36,0,0.4,0.5,20,ONE_POINT,100,100,RANDOM,2
150,15100,50.81359314918518,62758,62777.39,0,0.4,0.5,20,ONE_POINT,100,100,RANDOM,2
151,15200,51.171865701675415,62644,62656.53,0,0.4,0.5,20,ONE_POINT,100,100,RANDOM,2
152,15300,51.49756860733032,62290,62319.51,0,0.4,0.5,20,ONE_POINT,100,100,RANDOM,2
153,15400,51.880980014801025,62088,62122.89,0,0.4,0.5,20,ONE_POINT,100,100,RANDOM,2
154,15500,52.24967122077942,61982,61987.3,0,0.4,0.5,20,ONE_POINT,100,100,RANDOM,2
155,15600,52.60697031021118,61832,61840.81,0,0.4,0.5,20,ONE_POINT,100,100,RANDOM,2
156,15700,52.93885898590088,61611,61630.17,0,0.4,0.5,20,ONE_POINT,100,100,RANDOM,2
157,15800,53.294849157333374,61396,61422.2,0,0.4,0.5,20,ONE_POINT,100,100,RANDOM,2
158,15900,53.63459873199463,61120,61131.04,0,0.4,0.5,20,ONE_POINT,100,100,RANDOM,2
159,16000,53.96748447418213,60953,60962.79,0,0.4,0.5,20,ONE_POINT,100,100,RANDOM,2
160,16100,54.2946093082428,60717,60769.89,0,0.4,0.5,20,ONE_POINT,100,100,RANDOM,2
161,16200,54.613025426864624,60473,60526.74,0,0.4,0.5,20,ONE_POINT,100,100,RANDOM,2
162,16300,54.97140645980835,60363,60368.27,0,0.4,0.5,20,ONE_POINT,100,100,RANDOM,2
163,16400,55.2968647480011,60018,60033.54,0,0.4,0.5,20,ONE_POINT,100,100,RANDOM,2
164,16500,55.63140273094177,59817,59828.7,0,0.4,0.5,20,ONE_POINT,100,100,RANDOM,2
165,16600,55.95681357383728,59679,59691.48,0,0.4,0.5,20,ONE_POINT,100,100,RANDOM,2
166,16700,56.27418327331543,59436,59517.63,0,0.4,0.5,20,ONE_POINT,100,100,RANDOM,2
167,16800,56.60395169258118,59304,59310.6,0,0.4,0.5,20,ONE_POINT,100,100,RANDOM,2
168,16900,56.94733500480652,59167,59180.86,0,0.4,0.5,20,ONE_POINT,100,100,RANDOM,2
169,17000,57.27081036567688,58985,58998.28,0,0.4,0.5,20,ONE_POINT,100,100,RANDOM,2
170,17100,57.60222387313843,58615,58629.8,0,0.4,0.5,20,ONE_POINT,100,100,RANDOM,2
171,17200,57.96354675292969,58330,58364.15,0,0.4,0.5,20,ONE_POINT,100,100,RANDOM,2
172,17300,58.27757382392883,58167,58178.17,0,0.4,0.5,20,ONE_POINT,100,100,RANDOM,2
173,17400,58.59348726272583,58015,58033.84,0,0.4,0.5,20,ONE_POINT,100,100,RANDOM,2
174,17500,58.916085720062256,57830,57840.26,0,0.4,0.5,20,ONE_POINT,100,100,RANDOM,2
175,17600,59.268492698669434,57629,57637.04,0,0.4,0.5,20,ONE_POINT,100,100,RANDOM,2
176,17700,59.587427616119385,57388,57418.12,0,0.4,0.5,20,ONE_POINT,100,100,RANDOM,2
177,17800,59.90419912338257,57127,57140.9,0,0.4,0.5,20,ONE_POINT,100,100,RANDOM,2
178,17900,60.25040531158447,56977,56984.5,0,0.4,0.5,20,ONE_POINT,100,100,RANDOM,2
179,18000,60.583085775375366,56857,56863.17,0,0.4,0.5,20,ONE_POINT,100,100,RANDOM,2
180,18100,60.89538502693176,56742,56752.12,0,0.4,0.5,20,ONE_POINT,100,100,RANDOM,2
181,18200,61.244558811187744,56572,56604.75,0,0.4,0.5,20,ONE_POINT,100,100,RANDOM,2
182,18300,61.58489513397217,56499,56517.84,0,0.4,0.5,20,ONE_POINT,100,100,RANDOM,2
183,18400,61.91724157333374,56297,56365.04,0,0.4,0.5,20,ONE_POINT,100,100,RANDOM,2
184,18500,62.24116110801697,56226,56230.97,0,0.4,0.5,20,ONE_POINT,100,100,RANDOM,2
185,18600,62.61683654785156,56067,56102.54,0,0.4,0.5,20,ONE_POINT,100,100,RANDOM,2
186,18700,62.98008704185486,55895,55912.8,0,0.4,0.5,20,ONE_POINT,100,100,RANDOM,2
187,18800,63.3405385017395,55814,55893.15,0,0.4,0.5,20,ONE_POINT,100,100,RANDOM,2
188,18900,63.68480396270752,55719,55730.67,0,0.4,0.5,20,ONE_POINT,100,100,RANDOM,2
189,19000,64.03479075431824,55575,55614.21,0,0.4,0.5,20,ONE_POINT,100,100,RANDOM,2
190,19100,64.3479974269867,55467,55481.64,0,0.4,0.5,20,ONE_POINT,100,100,RANDOM,2
191,19200,64.66746544837952,55378,55427.77,0,0.4,0.5,20,ONE_POINT,100,100,RANDOM,2
192,19300,64.99833679199219,55144,55153.36,0,0.4,0.5,20,ONE_POINT,100,100,RANDOM,2
193,19400,65.35147500038147,55082,55098.92,0,0.4,0.5,20,ONE_POINT,100,100,RANDOM,2
194,19500,65.6885495185852,54934,54978.65,0,0.4,0.5,20,ONE_POINT,100,100,RANDOM,2
195,19600,66.0028235912323,54780,54790.0,0,0.4,0.5,20,ONE_POINT,100,100,RANDOM,2
196,19700,66.35362792015076,54629,54637.35,0,0.4,0.5,20,ONE_POINT,100,100,RANDOM,2
197,19800,66.66958713531494,54466,54477.74,0,0.4,0.5,20,ONE_POINT,100,100,RANDOM,2
198,19900,66.99782133102417,54373,54378.58,0,0.4,0.5,20,ONE_POINT,100,100,RANDOM,2
199,20000,67.34774947166443,54124,54133.89,0,0.4,0.5,20,ONE_POINT,100,100,RANDOM,2
200,20100,67.6780138015747,54072,54075.06,0,0.4,0.5,20,ONE_POINT,100,100,RANDOM,2
201,20200,68.00203514099121,53932,53937.84,0,0.4,0.5,20,ONE_POINT,100,100,RANDOM,2
202,20300,68.32181119918823,53836,53843.68,0,0.4,0.5,20,ONE_POINT,100,100,RANDOM,2
203,20400,68.70634317398071,53631,53639.2,0,0.4,0.5,20,ONE_POINT,100,100,RANDOM,2
204,20500,69.08209252357483,53530,53536.06,0,0.4,0.5,20,ONE_POINT,100,100,RANDOM,2
205,20600,69.43743968009949,53357,53365.61,0,0.4,0.5,20,ONE_POINT,100,100,RANDOM,2
206,20700,69.79810667037964,53250,53307.74,0,0.4,0.5,20,ONE_POINT,100,100,RANDOM,2
207,20800,70.14522099494934,53173,53202.54,0,0.4,0.5,20,ONE_POINT,100,100,RANDOM,2
208,20900,70.49991035461426,53012,53064.59,0,0.4,0.5,20,ONE_POINT,100,100,RANDOM,2
209,21000,70.82877564430237,52858,52864.49,0,0.4,0.5,20,ONE_POINT,100,100,RANDOM,2
210,21100,71.18027663230896,52727,52733.55,0,0.4,0.5,20,ONE_POINT,100,100,RANDOM,2
211,21200,71.51831603050232,52657,52661.2,0,0.4,0.5,20,ONE_POINT,100,100,RANDOM,2
212,21300,71.83221769332886,52481,52606.1,0,0.4,0.5,20,ONE_POINT,100,100,RANDOM,2
213,21400,72.15337181091309,52414,52420.0,0,0.4,0.5,20,ONE_POINT,100,100,RANDOM,2
214,21500,72.49891018867493,52076,52112.43,0,0.4,0.5,20,ONE_POINT,100,100,RANDOM,2
215,21600,72.82743549346924,51969,51974.95,0,0.4,0.5,20,ONE_POINT,100,100,RANDOM,2
216,21700,73.16637682914734,51785,51796.04,0,0.4,0.5,20,ONE_POINT,100,100,RANDOM,2
217,21800,73.48293733596802,51697,51704.12,0,0.4,0.5,20,ONE_POINT,100,100,RANDOM,2
218,21900,73.81425166130066,51318,51343.13,0,0.4,0.5,20,ONE_POINT,100,100,RANDOM,2
219,22000,74.13780379295349,51116,51123.56,0,0.4,0.5,20,ONE_POINT,100,100,RANDOM,2
220,22100,74.44872188568115,50912,50920.16,0,0.4,0.5,20,ONE_POINT,100,100,RANDOM,2
221,22200,74.82550263404846,50799,50804.65,0,0.4,0.5,20,ONE_POINT,100,100,RANDOM,2
222,22300,75.15025496482849,50462,50475.48,0,0.4,0.5,20,ONE_POINT,100,100,RANDOM,2
223,22400,75.47214841842651,50331,50338.79,0,0.4,0.5,20,ONE_POINT,100,100,RANDOM,2
224,22500,75.81303358078003,50238,50242.65,0,0.4,0.5,20,ONE_POINT,100,100,RANDOM,2
225,22600,76.14158868789673,50042,50049.72,0,0.4,0.5,20,ONE_POINT,100,100,RANDOM,2
226,22700,76.48295164108276,49921,49929.53,0,0.4,0.5,20,ONE_POINT,100,100,RANDOM,2
227,22800,76.81179976463318,49808,49825.27,0,0.4,0.5,20,ONE_POINT,100,100,RANDOM,2
228,22900,77.15266227722168,49712,49716.8,0,0.4,0.5,20,ONE_POINT,100,100,RANDOM,2
229,23000,77.49917840957642,49645,49689.56,0,0.4,0.5,20,ONE_POINT,100,100,RANDOM,2
230,23100,77.84944891929626,49428,49436.94,0,0.4,0.5,20,ONE_POINT,100,100,RANDOM,2
231,23200,78.18065595626831,49217,49228.68,0,0.4,0.5,20,ONE_POINT,100,100,RANDOM,2
232,23300,78.52060031890869,49064,49082.36,0,0.4,0.5,20,ONE_POINT,100,100,RANDOM,2
233,23400,78.86638879776001,48901,48907.52,0,0.4,0.5,20,ONE_POINT,100,100,RANDOM,2
234,23500,79.20151662826538,48710,48717.64,0,0.4,0.5,20,ONE_POINT,100,100,RANDOM,2
235,23600,79.53481674194336,48630,48638.57,0,0.4,0.5,20,ONE_POINT,100,100,RANDOM,2
236,23700,79.85191440582275,48507,48515.14,0,0.4,0.5,20,ONE_POINT,100,100,RANDOM,2
237,23800,80.18894648551941,48385,48466.26,0,0.4,0.5,20,ONE_POINT,100,100,RANDOM,2
238,23900,80.55385303497314,48330,48341.72,0,0.4,0.5,20,ONE_POINT,100,100,RANDOM,2
239,24000,80.88645339012146,48218,48240.68,0,0.4,0.5,20,ONE_POINT,100,100,RANDOM,2
240,24100,81.27300238609314,48076,48107.8,0,0.4,0.5,20,ONE_POINT,100,100,RANDOM,2
241,24200,81.60305953025818,47956,48069.32,0,0.4,0.5,20,ONE_POINT,100,100,RANDOM,2
242,24300,81.96640515327454,47679,47693.82,0,0.4,0.5,20,ONE_POINT,100,100,RANDOM,2
243,24400,82.29859685897827,47620,47649.21,0,0.4,0.5,20,ONE_POINT,100,100,RANDOM,2
244,24500,82.61569380760193,47532,47537.28,0,0.4,0.5,20,ONE_POINT,100,100,RANDOM,2
245,24600,82.95244717597961,47459,47484.61,0,0.4,0.5,20,ONE_POINT,100,100,RANDOM,2
246,24700,83.27899241447449,47406,47415.42,0,0.4,0.5,20,ONE_POINT,100,100,RANDOM,2
247,24800,83.61044692993164,47321,47333.9,0,0.4,0.5,20,ONE_POINT,100,100,RANDOM,2
248,24900,83.93791317939758,47099,47112.42,0,0.4,0.5,20,ONE_POINT,100,100,RANDOM,2
249,25000,84.25253868103027,47060,47063.34,0,0.4,0.5,20,ONE_POINT,100,100,RANDOM,2
250,25100,84.58697724342346,47004,47017.35,0,0.4,0.5,20,ONE_POINT,100,100,RANDOM,2
251,25200,84.92418122291565,46913,46918.46,0,0.4,0.5,20,ONE_POINT,100,100,RANDOM,2
252,25300,85.27663803100586,46871,46873.75,0,0.4,0.5,20,ONE_POINT,100,100,RANDOM,2
253,25400,85.65063333511353,46687,46694.63,0,0.4,0.5,20,ONE_POINT,100,100,RANDOM,2
254,25500,86.0361065864563,46632,46635.85,0,0.4,0.5,20,ONE_POINT,100,100,RANDOM,2
255,25600,86.41762328147888,46559,46565.82,0,0.4,0.5,20,ONE_POINT,100,100,RANDOM,2
256,25700,86.77502179145813,46393,46402.96,0,0.4,0.5,20,ONE_POINT,100,100,RANDOM,2
257,25800,87.09627532958984,46341,46379.38,0,0.4,0.5,20,ONE_POINT,100,100,RANDOM,2
258,25900,87.44170427322388,45996,46013.15,0,0.4,0.5,20,ONE_POINT,100,100,RANDOM,2
259,26000,87.78620886802673,45963,45976.17,0,0.4,0.5,20,ONE_POINT,100,100,RANDOM,2
260,26100,88.13189578056335,45919,45923.16,0,0.4,0.5,20,ONE_POINT,100,100,RANDOM,2
261,26200,88.48041772842407,45830,45850.43,0,0.4,0.5,20,ONE_POINT,100,100,RANDOM,2
262,26300,88.80772352218628,45741,45784.42,0,0.4,0.5,20,ONE_POINT,100,100,RANDOM,2
263,26400,89.16208839416504,45686,45696.27,0,0.4,0.5,20,ONE_POINT,100,100,RANDOM,2
264,26500,89.48723649978638,45578,45593.44,0,0.4,0.5,20,ONE_POINT,100,100,RANDOM,2
265,26600,89.82412314414978,45508,45515.13,0,0.4,0.5,20,ONE_POINT,100,100,RANDOM,2
266,26700,90.17277193069458,45395,45404.54,0,0.4,0.5,20,ONE_POINT,100,100,RANDOM,2
267,26800,90.5092363357544,45331,45344.07,0,0.4,0.5,20,ONE_POINT,100,100,RANDOM,2
268,26900,90.85290050506592,45252,45261.43,0,0.4,0.5,20,ONE_POINT,100,100,RANDOM,2
269,27000,91.19437885284424,45158,45164.43,0,0.4,0.5,20,ONE_POINT,100,100,RANDOM,2
270,27100,91.52065944671631,45056,45063.14,0,0.4,0.5,20,ONE_POINT,100,100,RANDOM,2
271,27200,91.84789490699768,44924,44932.43,0,0.4,0.5,20,ONE_POINT,100,100,RANDOM,2
272,27300,92.19762229919434,44879,44881.98,0,0.4,0.5,20,ONE_POINT,100,100,RANDOM,2
273,27400,92.54906749725342,44842,44845.18,0,0.4,0.5,20,ONE_POINT,100,100,RANDOM,2
274,27500,92.87389659881592,44710,44721.22,0,0.4,0.5,20,ONE_POINT,100,100,RANDOM,2
275,27600,93.22042226791382,44633,44637.62,0,0.4,0.5,20,ONE_POINT,100,100,RANDOM,2
276,27700,93.54849028587341,44490,44497.19,0,0.4,0.5,20,ONE_POINT,100,100,RANDOM,2
277,27800,93.89926362037659,44442,44445.84,0,0.4,0.5,20,ONE_POINT,100,100,RANDOM,2
278,27900,94.21339702606201,44372,44378.82,0,0.4,0.5,20,ONE_POINT,100,100,RANDOM,2
279,28000,94.55391716957092,44275,44284.15,0,0.4,0.5,20,ONE_POINT,100,100,RANDOM,2
280,28100,94.85983967781067,44104,44120.45,0,0.4,0.5,20,ONE_POINT,100,100,RANDOM,2
281,28200,95.21679830551147,44025,44043.36,0,0.4,0.5,20,ONE_POINT,100,100,RANDOM,2
282,28300,95.56791996955872,43863,43871.89,0,0.4,0.5,20,ONE_POINT,100,100,RANDOM,2
283,28400,95.89065742492676,43822,43826.12,0,0.4,0.5,20,ONE_POINT,100,100,RANDOM,2
284,28500,96.21825981140137,43796,43799.11,0,0.4,0.5,20,ONE_POINT,100,100,RANDOM,2
285,28600,96.57567954063416,43765,43778.25,0,0.4,0.5,20,ONE_POINT,100,100,RANDOM,2
286,28700,96.93677568435669,43750,43752.36,0,0.4,0.5,20,ONE_POINT,100,100,RANDOM,2
287,28800,97.27945518493652,43693,43697.11,0,0.4,0.5,20,ONE_POINT,100,100,RANDOM,2
288,28900,97.59591174125671,43477,43492.36,0,0.4,0.5,20,ONE_POINT,100,100,RANDOM,2
289,29000,97.90590190887451,43391,43408.35,0,0.4,0.5,20,ONE_POINT,100,100,RANDOM,2
290,29100,98.21927213668823,43311,43321.05,0,0.4,0.5,20,ONE_POINT,100,100,RANDOM,2
291,29200,98.56191325187683,43277,43280.76,0,0.4,0.5,20,ONE_POINT,100,100,RANDOM,2
292,29300,98.90214395523071,43230,43301.05,0,0.4,0.5,20,ONE_POINT,100,100,RANDOM,2
293,29400,99.23230934143066,43156,43164.34,0,0.4,0.5,20,ONE_POINT,100,100,RANDOM,2
294,29500,99.5524046421051,43093,43096.41,0,0.4,0.5,20,ONE_POINT,100,100,RANDOM,2
295,29600,99.8723475933075,43062,43065.04,0,0.4,0.5,20,ONE_POINT,100,100,RANDOM,2
296,29700,100.22835087776184,42967,42973.61,0,0.4,0.5,20,ONE_POINT,100,100,RANDOM,2
297,29800,100.53385353088379,42899,42904.23,0,0.4,0.5,20,ONE_POINT,100,100,RANDOM,2
298,29900,100.8584349155426,42895,42898.13,0,0.4,0.5,20,ONE_POINT,100,100,RANDOM,2
299,30000,101.20808029174805,42856,42870.54,0,0.4,0.5,20,ONE_POINT,100,100,RANDOM,2
300,30100,101.51374053955078,42816,42897.57,0,0.4,0.5,20,ONE_POINT,100,100,RANDOM,2
301,30200,101.82353258132935,42643,42658.67,0,0.4,0.5,20,ONE_POINT,100,100,RANDOM,2
302,30300,102.16404008865356,42586,42621.49,0,0.4,0.5,20,ONE_POINT,100,100,RANDOM,2
303,30400,102.51413297653198,42560,42562.38,0,0.4,0.5,20,ONE_POINT,100,100,RANDOM,2
304,30500,102.87720370292664,42470,42476.89,0,0.4,0.5,20,ONE_POINT,100,100,RANDOM,2
305,30600,103.23032212257385,42401,42406.89,0,0.4,0.5,20,ONE_POINT,100,100,RANDOM,2
306,30700,103.56278204917908,42260,42267.05,0,0.4,0.5,20,ONE_POINT,100,100,RANDOM,2
307,30800,103.9103331565857,42197,42202.22,0,0.4,0.5,20,ONE_POINT,100,100,RANDOM,2
308,30900,104.24926924705505,42151,42155.66,0,0.4,0.5,20,ONE_POINT,100,100,RANDOM,2
309,31000,104.59176206588745,42141,42142.15,0,0.4,0.5,20,ONE_POINT,100,100,RANDOM,2
310,31100,104.93046307563782,42096,42101.42,0,0.4,0.5,20,ONE_POINT,100,100,RANDOM,2
311,31200,105.28153896331787,42044,42047.12,0,0.4,0.5,20,ONE_POINT,100,100,RANDOM,2
312,31300,105.61030197143555,42009,42013.61,0,0.4,0.5,20,ONE_POINT,100,100,RANDOM,2
313,31400,105.94456148147583,41928,41937.75,0,0.4,0.5,20,ONE_POINT,100,100,RANDOM,2
314,31500,106.27553105354309,41862,41870.53,0,0.4,0.5,20,ONE_POINT,100,100,RANDOM,2
315,31600,106.62127614021301,41834,41837.55,0,0.4,0.5,20,ONE_POINT,100,100,RANDOM,2
316,31700,106.97510623931885,41721,41729.95,0,0.4,0.5,20,ONE_POINT,100,100,RANDOM,2
317,31800,107.29749011993408,41618,41626.25,0,0.4,0.5,20,ONE_POINT,100,100,RANDOM,2
318,31900,107.62503099441528,41566,41572.88,0,0.4,0.5,20,ONE_POINT,100,100,RANDOM,2
319,32000,107.9582040309906,41489,41540.37,0,0.4,0.5,20,ONE_POINT,100,100,RANDOM,2
320,32100,108.306955575943,41443,41446.68,0,0.4,0.5,20,ONE_POINT,100,100,RANDOM,2
321,32200,108.64641857147217,41363,41369.18,0,0.4,0.5,20,ONE_POINT,100,100,RANDOM,2
322,32300,108.98515820503235,41332,41334.37,0,0.4,0.5,20,ONE_POINT,100,100,RANDOM,2
323,32400,109.31086874008179,41291,41295.36,0,0.4,0.5,20,ONE_POINT,100,100,RANDOM,2
324,32500,109.63897776603699,41239,41244.86,0,0.4,0.5,20,ONE_POINT,100,100,RANDOM,2
325,32600,110.02069616317749,41170,41178.89,0,0.4,0.5,20,ONE_POINT,100,100,RANDOM,2
326,32700,110.3519196510315,41062,41080.97,0,0.4,0.5,20,ONE_POINT,100,100,RANDOM,2
327,32800,110.7040364742279,41012,41016.64,0,0.4,0.5,20,ONE_POINT,100,100,RANDOM,2
328,32900,111.03250622749329,40957,40970.63,0,0.4,0.5,20,ONE_POINT,100,100,RANDOM,2
329,33000,111.36799430847168,40905,40908.67,0,0.4,0.5,20,ONE_POINT,100,100,RANDOM,2
330,33100,111.69667768478394,40905,40905.0,0,0.4,0.5,20,ONE_POINT,100,100,RANDOM,2
331,33200,112.03023386001587,40871,40888.25,0,0.4,0.5,20,ONE_POINT,100,100,RANDOM,2
332,33300,112.35897731781006,40849,40850.76,0,0.4,0.5,20,ONE_POINT,100,100,RANDOM,2
333,33400,112.71025800704956,40817,40824.73,0,0.4,0.5,20,ONE_POINT,100,100,RANDOM,2
334,33500,113.02136945724487,40792,40793.51,0,0.4,0.5,20,ONE_POINT,100,100,RANDOM,2
335,33600,113.34416365623474,40749,40786.12,0,0.4,0.5,20,ONE_POINT,100,100,RANDOM,2
336,33700,113.67042756080627,40708,40748.55,0,0.4,0.5,20,ONE_POINT,100,100,RANDOM,2
337,33800,113.9995744228363,40689,40691.25,0,0.4,0.5,20,ONE_POINT,100,100,RANDOM,2
338,33900,114.34777998924255,40616,40621.68,0,0.4,0.5,20,ONE_POINT,100,100,RANDOM,2
339,34000,114.70059394836426,40548,40551.96,0,0.4,0.5,20,ONE_POINT,100,100,RANDOM,2
340,34100,115.03263664245605,40475,40480.38,0,0.4,0.5,20,ONE_POINT,100,100,RANDOM,2
341,34200,115.38064575195312,40455,40466.92,0,0.4,0.5,20,ONE_POINT,100,100,RANDOM,2
342,34300,115.71169447898865,40380,40395.37,0,0.4,0.5,20,ONE_POINT,100,100,RANDOM,2
343,34400,116.07116889953613,40339,40344.25,0,0.4,0.5,20,ONE_POINT,100,100,RANDOM,2
344,34500,116.41046953201294,40307,40309.56,0,0.4,0.5,20,ONE_POINT,100,100,RANDOM,2
345,34600,116.71604990959167,40304,40311.27,0,0.4,0.5,20,ONE_POINT,100,100,RANDOM,2
346,34700,117.02397179603577,40286,40287.86,0,0.4,0.5,20,ONE_POINT,100,100,RANDOM,2
347,34800,117.36220788955688,40272,40273.75,0,0.4,0.5,20,ONE_POINT,100,100,RANDOM,2
348,34900,117.67215919494629,40253,40256.47,0,0.4,0.5,20,ONE_POINT,100,100,RANDOM,2
349,35000,117.97940397262573,40242,40245.87,0,0.4,0.5,20,ONE_POINT,100,100,RANDOM,2
350,35100,118.32351613044739,40187,40351.47,0,0.4,0.5,20,ONE_POINT,100,100,RANDOM,2
351,35200,118.68310379981995,40158,40160.43,0,0.4,0.5,20,ONE_POINT,100,100,RANDOM,2
352,35300,118.99972581863403,40085,40090.8,0,0.4,0.5,20,ONE_POINT,100,100,RANDOM,2
353,35400,119.33769297599792,40049,40052.9,0,0.4,0.5,20,ONE_POINT,100,100,RANDOM,2
354,35500,119.69610953330994,39979,39983.2,0,0.4,0.5,20,ONE_POINT,100,100,RANDOM,2
355,35600,120.02265667915344,39907,39912.04,0,0.4,0.5,20,ONE_POINT,100,100,RANDOM,2
356,35700,120.38626980781555,39796,39813.27,0,0.4,0.5,20,ONE_POINT,100,100,RANDOM,2
357,35800,120.74453282356262,39737,39748.52,0,0.4,0.5,20,ONE_POINT,100,100,RANDOM,2
358,35900,121.07433986663818,39715,39717.61,0,0.4,0.5,20,ONE_POINT,100,100,RANDOM,2
359,36000,121.43348789215088,39677,39683.51,0,0.4,0.5,20,ONE_POINT,100,100,RANDOM,2
360,36100,121.78010869026184,39669,39670.83,0,0.4,0.5,20,ONE_POINT,100,100,RANDOM,2
361,36200,122.12939238548279,39653,39654.89,0,0.4,0.5,20,ONE_POINT,100,100,RANDOM,2
362,36300,122.45699191093445,39613,39622.86,0,0.4,0.5,20,ONE_POINT,100,100,RANDOM,2
363,36400,122.77154850959778,39533,39537.8,0,0.4,0.5,20,ONE_POINT,100,100,RANDOM,2
364,36500,123.12424898147583,39429,39434.01,0,0.4,0.5,20,ONE_POINT,100,100,RANDOM,2
365,36600,123.47926998138428,39392,39398.57,0,0.4,0.5,20,ONE_POINT,100,100,RANDOM,2
366,36700,123.79132890701294,39340,39343.12,0,0.4,0.5,20,ONE_POINT,100,100,RANDOM,2
367,36800,124.12758541107178,39320,39330.93,0,0.4,0.5,20,ONE_POINT,100,100,RANDOM,2
368,36900,124.46058440208435,39264,39268.04,0,0.4,0.5,20,ONE_POINT,100,100,RANDOM,2
369,37000,124.78890347480774,39236,39243.89,0,0.4,0.5,20,ONE_POINT,100,100,RANDOM,2
370,37100,125.14322018623352,39185,39188.71,0,0.4,0.5,20,ONE_POINT,100,100,RANDOM,2
371,37200,125.5013599395752,39185,39185.0,0,0.4,0.5,20,ONE_POINT,100,100,RANDOM,2
372,37300,125.85139584541321,39185,39185.0,0,0.4,0.5,20,ONE_POINT,100,100,RANDOM,2
373,37400,126.1813735961914,39082,39096.99,0,0.4,0.5,20,ONE_POINT,100,100,RANDOM,2
374,37500,126.49543499946594,39051,39059.29,0,0.4,0.5,20,ONE_POINT,100,100,RANDOM,2
375,37600,126.81751894950867,38993,38996.75,0,0.4,0.5,20,ONE_POINT,100,100,RANDOM,2
376,37700,127.16650748252869,38910,38919.74,0,0.4,0.5,20,ONE_POINT,100,100,RANDOM,2
377,37800,127.50833082199097,38870,38881.58,0,0.4,0.5,20,ONE_POINT,100,100,RANDOM,2
378,37900,127.82601881027222,38823,38826.92,0,0.4,0.5,20,ONE_POINT,100,100,RANDOM,2
379,38000,128.13523173332214,38812,38818.15,0,0.4,0.5,20,ONE_POINT,100,100,RANDOM,2
380,38100,128.47541666030884,38790,38795.9,0,0.4,0.5,20,ONE_POINT,100,100,RANDOM,2
381,38200,128.8190460205078,38777,38863.35,0,0.4,0.5,20,ONE_POINT,100,100,RANDOM,2
382,38300,129.1545741558075,38770,38819.82,0,0.4,0.5,20,ONE_POINT,100,100,RANDOM,2
383,38400,129.47797870635986,38700,38706.13,0,0.4,0.5,20,ONE_POINT,100,100,RANDOM,2
384,38500,129.78658437728882,38682,38686.11,0,0.4,0.5,20,ONE_POINT,100,100,RANDOM,2
385,38600,130.12763833999634,38630,38637.18,0,0.4,0.5,20,ONE_POINT,100,100,RANDOM,2
386,38700,130.43670749664307,38612,38614.09,0,0.4,0.5,20,ONE_POINT,100,100,RANDOM,2
387,38800,130.77440690994263,38582,38588.01,0,0.4,0.5,20,ONE_POINT,100,100,RANDOM,2
388,38900,131.11373567581177,38572,38592.43,0,0.4,0.5,20,ONE_POINT,100,100,RANDOM,2
389,39000,131.47384405136108,38550,38554.28,0,0.4,0.5,20,ONE_POINT,100,100,RANDOM,2
390,39100,131.79866337776184,38518,38521.0,0,0.4,0.5,20,ONE_POINT,100,100,RANDOM,2
391,39200,132.1475315093994,38482,38485.2,0,0.4,0.5,20,ONE_POINT,100,100,RANDOM,2
392,39300,132.47746300697327,38413,38417.99,0,0.4,0.5,20,ONE_POINT,100,100,RANDOM,2
393,39400,132.8141486644745,38331,38380.96,0,0.4,0.5,20,ONE_POINT,100,100,RANDOM,2
394,39500,133.17821979522705,38295,38362.88,0,0.4,0.5,20,ONE_POINT,100,100,RANDOM,2
395,39600,133.52652859687805,38273,38372.68,0,0.4,0.5,20,ONE_POINT,100,100,RANDOM,2
396,39700,133.86942267417908,38231,38245.29,0,0.4,0.5,20,ONE_POINT,100,100,RANDOM,2
397,39800,134.2082724571228,38163,38167.13,0,0.4,0.5,20,ONE_POINT,100,100,RANDOM,2
398,39900,134.54912853240967,38112,38116.08,0,0.4,0.5,20,ONE_POINT,100,100,RANDOM,2
399,40000,134.89577221870422,38108,38115.05,0,0.4,0.5,20,ONE_POINT,100,100,RANDOM,2
400,40100,135.25278615951538,38062,38070.5,0,0.4,0.5,20,ONE_POINT,100,100,RANDOM,2
401,40200,135.56523942947388,38007,38013.99,0,0.4,0.5,20,ONE_POINT,100,100,RANDOM,2
402,40300,135.9201695919037,37994,37996.76,0,0.4,0.5,20,ONE_POINT,100,100,RANDOM,2
403,40400,136.29059100151062,37985,37990.31,0,0.4,0.5,20,ONE_POINT,100,100,RANDOM,2
404,40500,136.685045003891,37968,37983.49,0,0.4,0.5,20,ONE_POINT,100,100,RANDOM,2
405,40600,137.0711531639099,37957,37980.71,0,0.4,0.5,20,ONE_POINT,100,100,RANDOM,2
406,40700,137.4124720096588,37946,37954.26,0,0.4,0.5,20,ONE_POINT,100,100,RANDOM,2
407,40800,137.76658511161804,37937,37938.21,0,0.4,0.5,20,ONE_POINT,100,100,RANDOM,2
408,40900,138.1001546382904,37908,37911.0,0,0.4,0.5,20,ONE_POINT,100,100,RANDOM,2
409,41000,138.43070530891418,37862,37922.54,0,0.4,0.5,20,ONE_POINT,100,100,RANDOM,2
410,41100,138.76034784317017,37854,37854.96,0,0.4,0.5,20,ONE_POINT,100,100,RANDOM,2
411,41200,139.08069968223572,37841,37842.64,0,0.4,0.5,20,ONE_POINT,100,100,RANDOM,2
412,41300,139.40025091171265,37819,37823.67,0,0.4,0.5,20,ONE_POINT,100,100,RANDOM,2
413,41400,139.72162890434265,37812,37815.01,0,0.4,0.5,20,ONE_POINT,100,100,RANDOM,2
414,41500,140.0808880329132,37772,37783.71,0,0.4,0.5,20,ONE_POINT,100,100,RANDOM,2
415,41600,140.43930459022522,37759,37760.99,0,0.4,0.5,20,ONE_POINT,100,100,RANDOM,2
416,41700,140.7821123600006,37729,37764.09,0,0.4,0.5,20,ONE_POINT,100,100,RANDOM,2
417,41800,141.12444615364075,37717,37720.72,0,0.4,0.5,20,ONE_POINT,100,100,RANDOM,2
418,41900,141.45755815505981,37699,37702.48,0,0.4,0.5,20,ONE_POINT,100,100,RANDOM,2
419,42000,141.79478788375854,37653,37660.99,0,0.4,0.5,20,ONE_POINT,100,100,RANDOM,2
420,42100,142.12522220611572,37653,37653.0,0,0.4,0.5,20,ONE_POINT,100,100,RANDOM,2
421,42200,142.48445963859558,37628,37658.32,0,0.4,0.5,20,ONE_POINT,100,100,RANDOM,2
422,42300,142.82681584358215,37628,37628.0,0,0.4,0.5,20,ONE_POINT,100,100,RANDOM,2
423,42400,143.1771957874298,37621,37622.87,0,0.4,0.5,20,ONE_POINT,100,100,RANDOM,2
424,42500,143.50454473495483,37600,37603.82,0,0.4,0.5,20,ONE_POINT,100,100,RANDOM,2
425,42600,143.85140013694763,37593,37596.31,0,0.4,0.5,20,ONE_POINT,100,100,RANDOM,2
426,42700,144.19851803779602,37545,37548.91,0,0.4,0.5,20,ONE_POINT,100,100,RANDOM,2
427,42800,144.55324363708496,37506,37511.05,0,0.4,0.5,20,ONE_POINT,100,100,RANDOM,2
428,42900,144.88401651382446,37482,37485.18,0,0.4,0.5,20,ONE_POINT,100,100,RANDOM,2
429,43000,145.25574398040771,37413,37418.63,0,0.4,0.5,20,ONE_POINT,100,100,RANDOM,2
430,43100,145.6059226989746,37304,37350.26,0,0.4,0.5,20,ONE_POINT,100,100,RANDOM,2
431,43200,145.93214654922485,37285,37287.75,0,0.4,0.5,20,ONE_POINT,100,100,RANDOM,2
432,43300,146.24055361747742,37193,37198.71,0,0.4,0.5,20,ONE_POINT,100,100,RANDOM,2
433,43400,146.55903315544128,37173,37198.96,0,0.4,0.5,20,ONE_POINT,100,100,RANDOM,2
434,43500,146.87218523025513,37163,37236.75,0,0.4,0.5,20,ONE_POINT,100,100,RANDOM,2
435,43600,147.22353291511536,37127,37129.98,0,0.4,0.5,20,ONE_POINT,100,100,RANDOM,2
436,43700,147.54610133171082,37107,37109.03,0,0.4,0.5,20,ONE_POINT,100,100,RANDOM,2
437,43800,147.8957703113556,37068,37070.85,0,0.4,0.5,20,ONE_POINT,100,100,RANDOM,2
438,43900,148.23882031440735,37038,37101.61,0,0.4,0.5,20,ONE_POINT,100,100,RANDOM,2
439,44000,148.57183170318604,37016,37022.53,0,0.4,0.5,20,ONE_POINT,100,100,RANDOM,2
440,44100,148.9210569858551,36981,36985.66,0,0.4,0.5,20,ONE_POINT,100,100,RANDOM,2
441,44200,149.27519035339355,36947,36956.52,0,0.4,0.5,20,ONE_POINT,100,100,RANDOM,2
442,44300,149.59128379821777,36942,36945.07,0,0.4,0.5,20,ONE_POINT,100,100,RANDOM,2
443,44400,149.9231927394867,36904,36963.43,0,0.4,0.5,20,ONE_POINT,100,100,RANDOM,2
444,44500,150.27663445472717,36894,36895.73,0,0.4,0.5,20,ONE_POINT,100,100,RANDOM,2
445,44600,150.62100744247437,36842,36871.75,0,0.4,0.5,20,ONE_POINT,100,100,RANDOM,2
446,44700,150.96182584762573,36824,36826.98,0,0.4,0.5,20,ONE_POINT,100,100,RANDOM,2
447,44800,151.32377767562866,36823,36824.94,0,0.4,0.5,20,ONE_POINT,100,100,RANDOM,2
448,44900,151.658753156662,36778,36781.99,0,0.4,0.5,20,ONE_POINT,100,100,RANDOM,2
449,45000,151.98393964767456,36758,36761.46,0,0.4,0.5,20,ONE_POINT,100,100,RANDOM,2
450,45100,152.31486821174622,36735,36740.21,0,0.4,0.5,20,ONE_POINT,100,100,RANDOM,2
451,45200,152.651287317276,36728,36731.3,0,0.4,0.5,20,ONE_POINT,100,100,RANDOM,2
452,45300,152.9593198299408,36721,36724.93,0,0.4,0.5,20,ONE_POINT,100,100,RANDOM,2
453,45400,153.348694562912,36640,36649.61,0,0.4,0.5,20,ONE_POINT,100,100,RANDOM,2
454,45500,153.70241737365723,36579,36587.28,0,0.4,0.5,20,ONE_POINT,100,100,RANDOM,2
455,45600,154.0651400089264,36553,36560.12,0,0.4,0.5,20,ONE_POINT,100,100,RANDOM,2
456,45700,154.43813228607178,36538,36565.84,0,0.4,0.5,20,ONE_POINT,100,100,RANDOM,2
457,45800,154.7753267288208,36525,36530.39,0,0.4,0.5,20,ONE_POINT,100,100,RANDOM,2
458,45900,155.14875149726868,36525,36525.0,0,0.4,0.5,20,ONE_POINT,100,100,RANDOM,2
459,46000,155.4597716331482,36525,36525.0,0,0.4,0.5,20,ONE_POINT,100,100,RANDOM,2
460,46100,155.82051920890808,36491,36494.06,0,0.4,0.5,20,ONE_POINT,100,100,RANDOM,2
461,46200,156.17853260040283,36413,36421.02,0,0.4,0.5,20,ONE_POINT,100,100,RANDOM,2
462,46300,156.51993083953857,36379,36388.42,0,0.4,0.5,20,ONE_POINT,100,100,RANDOM,2
463,46400,156.82928371429443,36375,36378.14,0,0.4,0.5,20,ONE_POINT,100,100,RANDOM,2
464,46500,157.17560935020447,36339,36346.76,0,0.4,0.5,20,ONE_POINT,100,100,RANDOM,2
465,46600,157.53958654403687,36276,36281.63,0,0.4,0.5,20,ONE_POINT,100,100,RANDOM,2
466,46700,157.87932896614075,36262,36264.33,0,0.4,0.5,20,ONE_POINT,100,100,RANDOM,2
467,46800,158.2367947101593,36248,36252.31,0,0.4,0.5,20,ONE_POINT,100,100,RANDOM,2
468,46900,158.5516722202301,36229,36236.31,0,0.4,0.5,20,ONE_POINT,100,100,RANDOM,2
469,47000,158.88466930389404,36224,36232.64,0,0.4,0.5,20,ONE_POINT,100,100,RANDOM,2
470,47100,159.22048592567444,36224,36224.0,0,0.4,0.5,20,ONE_POINT,100,100,RANDOM,2
1,200,0.25141429901123047,136934,135915.76,0,0.4,0.5,20,ONE_POINT,100,100,RANDOM,3
2,300,0.6127870082855225,133608,133645.28,0,0.4,0.5,20,ONE_POINT,100,100,RANDOM,3
3,400,1.0197017192840576,131145,131194.47,0,0.4,0.5,20,ONE_POINT,100,100,RANDOM,3
4,500,1.3853061199188232,128963,129013.76,0,0.4,0.5,20,ONE_POINT,100,100,RANDOM,3
5,600,1.76540207862854,127266,127296.16,0,0.4,0.5,20,ONE_POINT,100,100,RANDOM,3
6,700,2.0846917629241943,126171,126192.92,0,0.4,0.5,20,ONE_POINT,100,100,RANDOM,3
7,800,2.3947770595550537,125409,125424.24,0,0.4,0.5,20,ONE_POINT,100,100,RANDOM,3
8,900,2.733599901199341,124395,124412.27,0,0.4,0.5,20,ONE_POINT,100,100,RANDOM,3
9,1000,3.091308832168579,123199,123221.97,0,0.4,0.5,20,ONE_POINT,100,100,RANDOM,3
10,1100,3.4396722316741943,121840,121867.18,0,0.4,0.5,20,ONE_POINT,100,100,RANDOM,3
11,1200,3.764882802963257,121434,121457.1,0,0.4,0.5,20,ONE_POINT,100,100,RANDOM,3
12,1300,4.122081995010376,120758,120785.04,0,0.4,0.5,20,ONE_POINT,100,100,RANDOM,3
13,1400,4.4735329151153564,120204,120238.65,0,0.4,0.5,20,ONE_POINT,100,100,RANDOM,3
14,1500,4.8086838722229,119226,119262.79,0,0.4,0.5,20,ONE_POINT,100,100,RANDOM,3
15,1600,5.11487603187561,118708,118732.64,0,0.4,0.5,20,ONE_POINT,100,100,RANDOM,3
16,1700,5.4713966846466064,118317,118332.93,0,0.4,0.5,20,ONE_POINT,100,100,RANDOM,3
17,1800,5.818471908569336,117653,117685.45,0,0.4,0.5,20,ONE_POINT,100,100,RANDOM,3
18,1900,6.1609251499176025,116728,116755.75,0,0.4,0.5,20,ONE_POINT,100,100,RANDOM,3
19,2000,6.516125679016113,116266,116286.04,0,0.4,0.5,20,ONE_POINT,100,100,RANDOM,3
20,2100,6.853942632675171,115760,115779.72,0,0.4,0.5,20,ONE_POINT,100,100,RANDOM,3
21,2200,7.200565576553345,115391,115406.2,0,0.4,0.5,20,ONE_POINT,100,100,RANDOM,3
22,2300,7.537704944610596,114897,114916.81,0,0.4,0.5,20,ONE_POINT,100,100,RANDOM,3
23,2400,7.8566858768463135,112351,112406.82,0,0.4,0.5,20,ONE_POINT,100,100,RANDOM,3
24,2500,8.211719751358032,111420,111447.93,0,0.4,0.5,20,ONE_POINT,100,100,RANDOM,3
25,2600,8.566394090652466,110937,110951.49,0,0.4,0.5,20,ONE_POINT,100,100,RANDOM,3
26,2700,8.89595103263855,109992,110015.43,0,0.4,0.5,20,ONE_POINT,100,100,RANDOM,3
27,2800,9.241616487503052,109333,109486.93,0,0.4,0.5,20,ONE_POINT,100,100,RANDOM,3
28,2900,9.613977670669556,108571,108600.26,0,0.4,0.5,20,ONE_POINT,100,100,RANDOM,3
29,3000,9.973900556564331,108142,108241.89,0,0.4,0.5,20,ONE_POINT,100,100,RANDOM,3
30,3100,10.295612573623657,107666,107680.28,0,0.4,0.5,20,ONE_POINT,100,100,RANDOM,3
31,3200,10.632442235946655,106819,106842.25,0,0.4,0.5,20,ONE_POINT,100,100,RANDOM,3
32,3300,10.980664730072021,106534,106583.06,0,0.4,0.5,20,ONE_POINT,100,100,RANDOM,3
33,3400,11.294959545135498,105686,105720.32,0,0.4,0.5,20,ONE_POINT,100,100,RANDOM,3
34,3500,11.62026834487915,105368,105382.46,0,0.4,0.5,20,ONE_POINT,100,100,RANDOM,3
35,3600,11.954084396362305,104740,104818.61,0,0.4,0.5,20,ONE_POINT,100,100,RANDOM,3
36,3700,12.293960809707642,104501,104588.98,0,0.4,0.5,20,ONE_POINT,100,100,RANDOM,3
37,3800,12.609883069992065,103697,103721.83,0,0.4,0.5,20,ONE_POINT,100,100,RANDOM,3
38,3900,12.928808212280273,102172,102204.52,0,0.4,0.5,20,ONE_POINT,100,100,RANDOM,3
39,4000,13.238443613052368,101389,101431.85,0,0.4,0.5,20,ONE_POINT,100,100,RANDOM,3
40,4100,13.57335352897644,100498,100515.82,0,0.4,0.5,20,ONE_POINT,100,100,RANDOM,3
41,4200,13.896234035491943,99937,100038.98,0,0.4,0.5,20,ONE_POINT,100,100,RANDOM,3
42,4300,14.210663318634033,99578,99588.89,0,0.4,0.5,20,ONE_POINT,100,100,RANDOM,3
43,4400,14.531377077102661,99363,99370.15,0,0.4,0.5,20,ONE_POINT,100,100,RANDOM,3
44,4500,14.871995687484741,98835,98850.84,0,0.4,0.5,20,ONE_POINT,100,100,RANDOM,3
45,4600,15.227498769760132,98569,98670.61,0,0.4,0.5,20,ONE_POINT,100,100,RANDOM,3
46,4700,15.579097270965576,97788,97803.62,0,0.4,0.5,20,ONE_POINT,100,100,RANDOM,3
47,4800,15.929995059967041,97406,97417.46,0,0.4,0.5,20,ONE_POINT,100,100,RANDOM,3
48,4900,16.25529646873474,96975,96983.62,0,0.4,0.5,20,ONE_POINT,100,100,RANDOM,3
49,5000,16.602418899536133,96256,96310.79,0,0.4,0.5,20,ONE_POINT,100,100,RANDOM,3
50,5100,16.935654163360596,95890,95953.25,0,0.4,0.5,20,ONE_POINT,100,100,RANDOM,3
51,5200,17.292303562164307,95064,95090.51,0,0.4,0.5,20,ONE_POINT,100,100,RANDOM,3
52,5300,17.659780979156494,93931,93981.64,0,0.4,0.5,20,ONE_POINT,100,100,RANDOM,3
53,5400,18.015803813934326,93144,93158.8,0,0.4,0.5,20,ONE_POINT,100,100,RANDOM,3
54,5500,18.440922737121582,92732,92748.49,0,0.4,0.5,20,ONE_POINT,100,100,RANDOM,3
55,5600,18.824758529663086,92484,92498.86,0,0.4,0.5,20,ONE_POINT,100,100,RANDOM,3
56,5700,19.156745433807373,91705,91719.75,0,0.4,0.5,20,ONE_POINT,100,100,RANDOM,3
57,5800,19.464191913604736,91139,91156.4,0,0.4,0.5,20,ONE_POINT,100,100,RANDOM,3
58,5900,19.789156436920166,90726,90762.57,0,0.4,0.5,20,ONE_POINT,100,100,RANDOM,3
59,6000,20.12595844268799,90294,90399.82,0,0.4,0.5,20,ONE_POINT,100,100,RANDOM,3
60,6100,20.477638483047485,89979,89999.03,0,0.4,0.5,20,ONE_POINT,100,100,RANDOM,3
61,6200,20.804380655288696,89456,89479.01,0,0.4,0.5,20,ONE_POINT,100,100,RANDOM,3
62,6300,21.141568422317505,89152,89260.0,0,0.4,0.5,20,ONE_POINT,100,100,RANDOM,3
63,6400,21.48524808883667,88591,88613.44,0,0.4,0.5,20,ONE_POINT,100,100,RANDOM,3
64,6500,21.808579444885254,88270,88279.83,0,0.4,0.5,20,ONE_POINT,100,100,RANDOM,3
65,6600,22.119609355926514,87809,87847.51,0,0.4,0.5,20,ONE_POINT,100,100,RANDOM,3
66,6700,22.459061861038208,87369,87385.16,0,0.4,0.5,20,ONE_POINT,100,100,RANDOM,3
67,6800,22.78252100944519,86942,86950.54,0,0.4,0.5,20,ONE_POINT,100,100,RANDOM,3
68,6900,23.13718843460083,86464,86478.13,0,0.4,0.5,20,ONE_POINT,100,100,RANDOM,3
69,7000,23.497018337249756,86100,86116.39,0,0.4,0.5,20,ONE_POINT,100,100,RANDOM,3
70,7100,23.84134793281555,85127,85146.46,0,0.4,0.5,20,ONE_POINT,100,100,RANDOM,3
71,7200,24.191380262374878,84790,84808.63,0,0.4,0.5,20,ONE_POINT,100,100,RANDOM,3
72,7300,24.536720991134644,84105,84163.56,0,0.4,0.5,20,ONE_POINT,100,100,RANDOM,3
73,7400,24.86938166618347,83185,83203.4,0,0.4,0.5,20,ONE_POINT,100,100,RANDOM,3
74,7500,25.182350635528564,82801,82813.67,0,0.4,0.5,20,ONE_POINT,100,100,RANDOM,3
75,7600,25.559364557266235,82459,82521.99,0,0.4,0.5,20,ONE_POINT,100,100,RANDOM,3
76,7700,25.87774157524109,82251,82259.42,0,0.4,0.5,20,ONE_POINT,100,100,RANDOM,3
77,7800,26.21657371520996,81993,82001.74,0,0.4,0.5,20,ONE_POINT,100,100,RANDOM,3
78,7900,26.551927089691162,81687,81702.19,0,0.4,0.5,20,ONE_POINT,100,100,RANDOM,3
79,8000,26.93781328201294,81169,81205.31,0,0.4,0.5,20,ONE_POINT,100,100,RANDOM,3
80,8100,27.252389192581177,80927,80946.06,0,0.4,0.5,20,ONE_POINT,100,100,RANDOM,3
81,8200,27.635332345962524,80702,80789.37,0,0.4,0.5,20,ONE_POINT,100,100,RANDOM,3
82,8300,27.960455894470215,80553,80559.75,0,0.4,0.5,20,ONE_POINT,100,100,RANDOM,3
83,8400,28.30063247680664,80401,80412.06,0,0.4,0.5,20,ONE_POINT,100,100,RANDOM,3
84,8500,28.621258974075317,79773,79785.56,0,0.4,0.5,20,ONE_POINT,100,100,RANDOM,3
85,8600,28.945687532424927,79333,79346.74,0,0.4,0.5,20,ONE_POINT,100,100,RANDOM,3
86,8700,29.27279281616211,79119,79127.66,0,0.4,0.5,20,ONE_POINT,100,100,RANDOM,3
87,8800,29.63606023788452,78766,78786.66,0,0.4,0.5,20,ONE_POINT,100,100,RANDOM,3
88,8900,29.971543073654175,78274,78322.61,0,0.4,0.5,20,ONE_POINT,100,100,RANDOM,3
89,9000,30.310849905014038,78052,78073.65,0,0.4,0.5,20,ONE_POINT,100,100,RANDOM,3
90,9100,30.644243478775024,77788,77799.3,0,0.4,0.5,20,ONE_POINT,100,100,RANDOM,3
91,9200,30.964643001556396,77650,77715.56,0,0.4,0.5,20,ONE_POINT,100,100,RANDOM,3
92,9300,31.298088312149048,77553,77560.2,0,0.4,0.5,20,ONE_POINT,100,100,RANDOM,3
93,9400,31.655822038650513,77155,77171.86,0,0.4,0.5,20,ONE_POINT,100,100,RANDOM,3
94,9500,31.970295667648315,76839,76851.64,0,0.4,0.5,20,ONE_POINT,100,100,RANDOM,3
95,9600,32.30424737930298,76621,76628.07,0,0.4,0.5,20,ONE_POINT,100,100,RANDOM,3
96,9700,32.64638924598694,76279,76289.32,0,0.4,0.5,20,ONE_POINT,100,100,RANDOM,3
97,9800,32.96822190284729,76075,76127.95,0,0.4,0.5,20,ONE_POINT,100,100,RANDOM,3
98,9900,33.303104877471924,75432,75458.78,0,0.4,0.5,20,ONE_POINT,100,100,RANDOM,3
99,10000,33.64421534538269,75104,75117.12,0,0.4,0.5,20,ONE_POINT,100,100,RANDOM,3
100,10100,33.995184659957886,74806,74821.85,0,0.4,0.5,20,ONE_POINT,100,100,RANDOM,3
101,10200,34.34565496444702,74135,74214.65,0,0.4,0.5,20,ONE_POINT,100,100,RANDOM,3
102,10300,34.67084550857544,73495,73507.8,0,0.4,0.5,20,ONE_POINT,100,100,RANDOM,3
103,10400,35.02018141746521,73298,73307.85,0,0.4,0.5,20,ONE_POINT,100,100,RANDOM,3
104,10500,35.37373208999634,72990,73002.32,0,0.4,0.5,20,ONE_POINT,100,100,RANDOM,3
105,10600,35.76290678977966,72743,72754.47,0,0.4,0.5,20,ONE_POINT,100,100,RANDOM,3
106,10700,36.116201639175415,72407,72423.1,0,0.4,0.5,20,ONE_POINT,100,100,RANDOM,3
107,10800,36.42858695983887,72092,72104.23,0,0.4,0.5,20,ONE_POINT,100,100,RANDOM,3
108,10900,36.7900173664093,71923,71991.56,0,0.4,0.5,20,ONE_POINT,100,100,RANDOM,3
109,11000,37.10147309303284,71610,71631.73,0,0.4,0.5,20,ONE_POINT,100,100,RANDOM,3
110,11100,37.42203736305237,71398,71422.4,0,0.4,0.5,20,ONE_POINT,100,100,RANDOM,3
111,11200,37.755664110183716,71051,71064.03,0,0.4,0.5,20,ONE_POINT,100,100,RANDOM,3
112,11300,38.11264991760254,70708,70718.37,0,0.4,0.5,20,ONE_POINT,100,100,RANDOM,3
113,11400,38.44573640823364,70363,70376.8,0,0.4,0.5,20,ONE_POINT,100,100,RANDOM,3
114,11500,38.77443313598633,70045,70059.7,0,0.4,0.5,20,ONE_POINT,100,100,RANDOM,3
115,11600,39.16520953178406,69851,69860.7,0,0.4,0.5,20,ONE_POINT,100,100,RANDOM,3
116,11700,39.511985301971436,69687,69693.56,0,0.4,0.5,20,ONE_POINT,100,100,RANDOM,3
117,11800,39.85312485694885,69446,69455.64,0,0.4,0.5,20,ONE_POINT,100,100,RANDOM,3
118,11900,40.17189955711365,69312,69318.7,0,0.4,0.5,20,ONE_POINT,100,100,RANDOM,3
119,12000,40.486135721206665,69075,69122.39,0,0.4,0.5,20,ONE_POINT,100,100,RANDOM,3
120,12100,40.80944204330444,68771,68783.25,0,0.4,0.5,20,ONE_POINT,100,100,RANDOM,3
121,12200,41.14459729194641,68645,68663.52,0,0.4,0.5,20,ONE_POINT,100,100,RANDOM,3
122,12300,41.48556303977966,68044,68067.03,0,0.4,0.5,20,ONE_POINT,100,100,RANDOM,3
123,12400,41.82507872581482,67817,67832.61,0,0.4,0.5,20,ONE_POINT,100,100,RANDOM,3
124,12500,42.17135739326477,67382,67398.29,0,0.4,0.5,20,ONE_POINT,100,100,RANDOM,3
125,12600,42.49943661689758,67215,67303.07,0,0.4,0.5,20,ONE_POINT,100,100,RANDOM,3
126,12700,42.84816217422485,66901,66916.94,0,0.4,0.5,20,ONE_POINT,100,100,RANDOM,3
127,12800,43.19537305831909,66281,66299.6,0,0.4,0.5,20,ONE_POINT,100,100,RANDOM,3
128,12900,43.52678060531616,66149,66156.92,0,0.4,0.5,20,ONE_POINT,100,100,RANDOM,3
129,13000,43.85286521911621,66022,66033.96,0,0.4,0.5,20,ONE_POINT,100,100,RANDOM,3
130,13100,44.19144105911255,65730,65817.1,0,0.4,0.5,20,ONE_POINT,100,100,RANDOM,3
131,13200,44.53668808937073,65636,65643.62,0,0.4,0.5,20,ONE_POINT,100,100,RANDOM,3
132,13300,44.888519287109375,65397,65406.56,0,0.4,0.5,20,ONE_POINT,100,100,RANDOM,3
133,13400,45.24547004699707,65199,65206.92,0,0.4,0.5,20,ONE_POINT,100,100,RANDOM,3
134,13500,45.59057569503784,64899,64917.8,0,0.4,0.5,20,ONE_POINT,100,100,RANDOM,3
135,13600,45.92024779319763,64674,64695.05,0,0.4,0.5,20,ONE_POINT,100,100,RANDOM,3
136,13700,46.27544975280762,64499,64506.0,0,0.4,0.5,20,ONE_POINT,100,100,RANDOM,3
137,13800,46.609641551971436,64276,64339.83,0,0.4,0.5,20,ONE_POINT,100,100,RANDOM,3
138,13900,46.92895436286926,64108,64116.4,0,0.4,0.5,20,ONE_POINT,100,100,RANDOM,3
139,14000,47.23378133773804,63839,63849.76,0,0.4,0.5,20,ONE_POINT,100,100,RANDOM,3
140,14100,47.57334589958191,63756,63841.18,0,0.4,0.5,20,ONE_POINT,100,100,RANDOM,3
141,14200,47.9021577835083,63363,63382.2,0,0.4,0.5,20,ONE_POINT,100,100,RANDOM,3
142,14300,48.20404863357544,63101,63111.48,0,0.4,0.5,20,ONE_POINT,100,100,RANDOM,3
143,14400,48.511258363723755,62932,63011.99,0,0.4,0.5,20,ONE_POINT,100,100,RANDOM,3
144,14500,48.82939028739929,62678,62686.41,0,0.4,0.5,20,ONE_POINT,100,100,RANDOM,3
145,14600,49.164424896240234,62504,62546.57,0,0.4,0.5,20,ONE_POINT,100,100,RANDOM,3
146,14700,49.482346296310425,62388,62398.61,0,0.4,0.5,20,ONE_POINT,100,100,RANDOM,3
147,14800,49.8079617023468,62292,62305.4,0,0.4,0.5,20,ONE_POINT,100,100,RANDOM,3
148,14900,50.158297061920166,62160,62184.13,0,0.4,0.5,20,ONE_POINT,100,100,RANDOM,3
149,15000,50.47115898132324,62020,62028.4,0,0.4,0.5,20,ONE_POINT,100,100,RANDOM,3
150,15100,50.80498290061951,61880,61886.26,0,0.4,0.5,20,ONE_POINT,100,100,RANDOM,3
151,15200,51.11633276939392,61693,61700.2,0,0.4,0.5,20,ONE_POINT,100,100,RANDOM,3
152,15300,51.428160429000854,61572,61588.25,0,0.4,0.5,20,ONE_POINT,100,100,RANDOM,3
153,15400,51.81494760513306,61465,61499.07,0,0.4,0.5,20,ONE_POINT,100,100,RANDOM,3
154,15500,52.16214323043823,61310,61319.52,0,0.4,0.5,20,ONE_POINT,100,100,RANDOM,3
155,15600,52.52909302711487,60841,60858.38,0,0.4,0.5,20,ONE_POINT,100,100,RANDOM,3
156,15700,52.88768744468689,60699,60704.68,0,0.4,0.5,20,ONE_POINT,100,100,RANDOM,3
157,15800,53.20039415359497,60581,60588.08,0,0.4,0.5,20,ONE_POINT,100,100,RANDOM,3
158,15900,53.54494857788086,60354,60388.86,0,0.4,0.5,20,ONE_POINT,100,100,RANDOM,3
159,16000,53.89822578430176,60139,60147.6,0,0.4,0.5,20,ONE_POINT,100,100,RANDOM,3
160,16100,54.22716569900513,59928,59936.3,0,0.4,0.5,20,ONE_POINT,100,100,RANDOM,3
161,16200,54.545574426651,59430,59566.49,0,0.4,0.5,20,ONE_POINT,100,100,RANDOM,3
162,16300,54.877973318099976,59242,59280.15,0,0.4,0.5,20,ONE_POINT,100,100,RANDOM,3
163,16400,55.193007707595825,59047,59058.49,0,0.4,0.5,20,ONE_POINT,100,100,RANDOM,3
164,16500,55.53977680206299,58901,58937.53,0,0.4,0.5,20,ONE_POINT,100,100,RANDOM,3
165,16600,55.861907958984375,58656,58671.6,0,0.4,0.5,20,ONE_POINT,100,100,RANDOM,3
166,16700,56.2124810218811,58436,58447.61,0,0.4,0.5,20,ONE_POINT,100,100,RANDOM,3
167,16800,56.51986026763916,58176,58186.6,0,0.4,0.5,20,ONE_POINT,100,100,RANDOM,3
168,16900,56.84497284889221,58004,58012.55,0,0.4,0.5,20,ONE_POINT,100,100,RANDOM,3
169,17000,57.18544864654541,57911,58022.03,0,0.4,0.5,20,ONE_POINT,100,100,RANDOM,3
170,17100,57.54857873916626,57784,57791.62,0,0.4,0.5,20,ONE_POINT,100,100,RANDOM,3
171,17200,57.87645077705383,57651,57671.53,0,0.4,0.5,20,ONE_POINT,100,100,RANDOM,3
172,17300,58.204782485961914,57469,57476.28,0,0.4,0.5,20,ONE_POINT,100,100,RANDOM,3
173,17400,58.586528301239014,57338,57346.14,0,0.4,0.5,20,ONE_POINT,100,100,RANDOM,3
174,17500,58.92748165130615,57129,57153.41,0,0.4,0.5,20,ONE_POINT,100,100,RANDOM,3
175,17600,59.2612578868866,57033,57045.21,0,0.4,0.5,20,ONE_POINT,100,100,RANDOM,3
176,17700,59.61453366279602,56886,56902.16,0,0.4,0.5,20,ONE_POINT,100,100,RANDOM,3
177,17800,59.91961431503296,56837,56875.58,0,0.4,0.5,20,ONE_POINT,100,100,RANDOM,3
178,17900,60.268017053604126,56755,56764.64,0,0.4,0.5,20,ONE_POINT,100,100,RANDOM,3
179,18000,60.60451889038086,56592,56599.77,0,0.4,0.5,20,ONE_POINT,100,100,RANDOM,3
180,18100,60.94233298301697,56338,56354.87,0,0.4,0.5,20,ONE_POINT,100,100,RANDOM,3
181,18200,61.26895618438721,56245,56249.62,0,0.4,0.5,20,ONE_POINT,100,100,RANDOM,3
182,18300,61.62981820106506,56156,56163.6,0,0.4,0.5,20,ONE_POINT,100,100,RANDOM,3
183,18400,61.93794250488281,56030,56056.26,0,0.4,0.5,20,ONE_POINT,100,100,RANDOM,3
184,18500,62.249123334884644,55834,55850.68,0,0.4,0.5,20,ONE_POINT,100,100,RANDOM,3
185,18600,62.564494132995605,55762,55767.62,0,0.4,0.5,20,ONE_POINT,100,100,RANDOM,3
186,18700,62.8992657661438,55711,55715.47,0,0.4,0.5,20,ONE_POINT,100,100,RANDOM,3
187,18800,63.227710485458374,55585,55592.41,0,0.4,0.5,20,ONE_POINT,100,100,RANDOM,3
188,18900,63.55455946922302,55417,55429.03,0,0.4,0.5,20,ONE_POINT,100,100,RANDOM,3
189,19000,63.86872363090515,55220,55239.21,0,0.4,0.5,20,ONE_POINT,100,100,RANDOM,3
190,19100,64.1783664226532,55054,55059.77,0,0.4,0.5,20,ONE_POINT,100,100,RANDOM,3
191,19200,64.53294253349304,54828,54842.2,0,0.4,0.5,20,ONE_POINT,100,100,RANDOM,3
192,19300,64.84723281860352,54699,54705.17,0,0.4,0.5,20,ONE_POINT,100,100,RANDOM,3
193,19400,65.16035389900208,54491,54498.71,0,0.4,0.5,20,ONE_POINT,100,100,RANDOM,3
194,19500,65.52654194831848,54361,54369.44,0,0.4,0.5,20,ONE_POINT,100,100,RANDOM,3
195,19600,65.87999248504639,54231,54236.2,0,0.4,0.5,20,ONE_POINT,100,100,RANDOM,3
196,19700,66.22277736663818,54118,54160.41,0,0.4,0.5,20,ONE_POINT,100,100,RANDOM,3
197,19800,66.56780171394348,53944,53950.96,0,0.4,0.5,20,ONE_POINT,100,100,RANDOM,3
198,19900,66.87733793258667,53841,53847.18,0,0.4,0.5,20,ONE_POINT,100,100,RANDOM,3
199,20000,67.22439527511597,53695,53700.84,0,0.4,0.5,20,ONE_POINT,100,100,RANDOM,3
200,20100,67.55394554138184,53553,53575.13,0,0.4,0.5,20,ONE_POINT,100,100,RANDOM,3
201,20200,67.89260053634644,53463,53604.78,0,0.4,0.5,20,ONE_POINT,100,100,RANDOM,3
202,20300,68.21712040901184,53378,53383.81,0,0.4,0.5,20,ONE_POINT,100,100,RANDOM,3
203,20400,68.55369734764099,53157,53165.84,0,0.4,0.5,20,ONE_POINT,100,100,RANDOM,3
204,20500,68.922354221344,52982,53002.17,0,0.4,0.5,20,ONE_POINT,100,100,RANDOM,3
205,20600,69.28303694725037,52845,52853.45,0,0.4,0.5,20,ONE_POINT,100,100,RANDOM,3
206,20700,69.65563035011292,52730,52743.42,0,0.4,0.5,20,ONE_POINT,100,100,RANDOM,3
207,20800,69.9847264289856,52499,52508.24,0,0.4,0.5,20,ONE_POINT,100,100,RANDOM,3
208,20900,70.3480453491211,52368,52422.53,0,0.4,0.5,20,ONE_POINT,100,100,RANDOM,3
209,21000,70.6621105670929,52111,52121.28,0,0.4,0.5,20,ONE_POINT,100,100,RANDOM,3
210,21100,71.00342750549316,51963,51973.68,0,0.4,0.5,20,ONE_POINT,100,100,RANDOM,3
211,21200,71.338223695755,51848,51876.45,0,0.4,0.5,20,ONE_POINT,100,100,RANDOM,3
212,21300,71.65262937545776,51676,51693.41,0,0.4,0.5,20,ONE_POINT,100,100,RANDOM,3
213,21400,71.98539209365845,51594,51608.91,0,0.4,0.5,20,ONE_POINT,100,100,RANDOM,3
214,21500,72.3351378440857,51404,51411.6,0,0.4,0.5,20,ONE_POINT,100,100,RANDOM,3
215,21600,72.6536648273468,51332,51342.77,0,0.4,0.5,20,ONE_POINT,100,100,RANDOM,3
216,21700,72.9812364578247,51193,51200.7,0,0.4,0.5,20,ONE_POINT,100,100,RANDOM,3
217,21800,73.31667470932007,51009,51164.95,0,0.4,0.5,20,ONE_POINT,100,100,RANDOM,3
218,21900,73.66562008857727,50935,50960.16,0,0.4,0.5,20,ONE_POINT,100,100,RANDOM,3
219,22000,73.97990441322327,50730,50870.85,0,0.4,0.5,20,ONE_POINT,100,100,RANDOM,3
220,22100,74.30818152427673,50644,50649.22,0,0.4,0.5,20,ONE_POINT,100,100,RANDOM,3
221,22200,74.63849973678589,50479,50488.59,0,0.4,0.5,20,ONE_POINT,100,100,RANDOM,3
222,22300,74.9759349822998,50241,50250.52,0,0.4,0.5,20,ONE_POINT,100,100,RANDOM,3
223,22400,75.31997728347778,50136,50144.39,0,0.4,0.5,20,ONE_POINT,100,100,RANDOM,3
224,22500,75.63366079330444,50020,50040.9,0,0.4,0.5,20,ONE_POINT,100,100,RANDOM,3
225,22600,75.97626852989197,49957,49962.55,0,0.4,0.5,20,ONE_POINT,100,100,RANDOM,3
226,22700,76.2871572971344,49823,49828.36,0,0.4,0.5,20,ONE_POINT,100,100,RANDOM,3
227,22800,76.64859080314636,49771,49775.16,0,0.4,0.5,20,ONE_POINT,100,100,RANDOM,3
228,22900,77.00253701210022,49666,49696.22,0,0.4,0.5,20,ONE_POINT,100,100,RANDOM,3
229,23000,77.33256602287292,49588,49614.1,0,0.4,0.5,20,ONE_POINT,100,100,RANDOM,3
230,23100,77.66902709007263,49443,49453.77,0,0.4,0.5,20,ONE_POINT,100,100,RANDOM,3
231,23200,77.99736762046814,49297,49307.81,0,0.4,0.5,20,ONE_POINT,100,100,RANDOM,3
232,23300,78.32134652137756,49242,49264.74,0,0.4,0.5,20,ONE_POINT,100,100,RANDOM,3
233,23400,78.66675233840942,48945,48959.85,0,0.4,0.5,20,ONE_POINT,100,100,RANDOM,3
234,23500,78.99457597732544,48829,48871.05,0,0.4,0.5,20,ONE_POINT,100,100,RANDOM,3
235,23600,79.32052946090698,48643,48650.44,0,0.4,0.5,20,ONE_POINT,100,100,RANDOM,3
236,23700,79.66165447235107,48622,48633.55,0,0.4,0.5,20,ONE_POINT,100,100,RANDOM,3
237,23800,79.96578598022461,48485,48492.27,0,0.4,0.5,20,ONE_POINT,100,100,RANDOM,3
238,23900,80.28927087783813,48433,48451.38,0,0.4,0.5,20,ONE_POINT,100,100,RANDOM,3
239,24000,80.64126086235046,48320,48337.77,0,0.4,0.5,20,ONE_POINT,100,100,RANDOM,3
240,24100,80.99111223220825,48225,48237.75,0,0.4,0.5,20,ONE_POINT,100,100,RANDOM,3
241,24200,81.36681175231934,48106,48129.66,0,0.4,0.5,20,ONE_POINT,100,100,RANDOM,3
242,24300,81.69466972351074,48009,48014.82,0,0.4,0.5,20,ONE_POINT,100,100,RANDOM,3
243,24400,82.02742910385132,47869,47957.69,0,0.4,0.5,20,ONE_POINT,100,100,RANDOM,3
244,24500,82.36170744895935,47751,47767.66,0,0.4,0.5,20,ONE_POINT,100,100,RANDOM,3
245,24600,82.7229220867157,47669,47674.88,0,0.4,0.5,20,ONE_POINT,100,100,RANDOM,3
246,24700,83.06409287452698,47503,47516.18,0,0.4,0.5,20,ONE_POINT,100,100,RANDOM,3
247,24800,83.38003993034363,47407,47414.19,0,0.4,0.5,20,ONE_POINT,100,100,RANDOM,3
248,24900,83.72791504859924,47250,47264.84,0,0.4,0.5,20,ONE_POINT,100,100,RANDOM,3
249,25000,84.08965015411377,47111,47126.74,0,0.4,0.5,20,ONE_POINT,100,100,RANDOM,3
250,25100,84.39611959457397,46976,46990.85,0,0.4,0.5,20,ONE_POINT,100,100,RANDOM,3
251,25200,84.74538087844849,46821,46850.48,0,0.4,0.5,20,ONE_POINT,100,100,RANDOM,3
252,25300,85.09150624275208,46779,46785.15,0,0.4,0.5,20,ONE_POINT,100,100,RANDOM,3
253,25400,85.44456481933594,46700,46709.32,0,0.4,0.5,20,ONE_POINT,100,100,RANDOM,3
254,25500,85.83166551589966,46680,46686.1,0,0.4,0.5,20,ONE_POINT,100,100,RANDOM,3
255,25600,86.2156503200531,46599,46604.45,0,0.4,0.5,20,ONE_POINT,100,100,RANDOM,3
256,25700,86.5679042339325,46540,46549.93,0,0.4,0.5,20,ONE_POINT,100,100,RANDOM,3
257,25800,86.92411088943481,46468,46485.05,0,0.4,0.5,20,ONE_POINT,100,100,RANDOM,3
258,25900,87.27070474624634,46241,46253.07,0,0.4,0.5,20,ONE_POINT,100,100,RANDOM,3
259,26000,87.62331700325012,46094,46105.33,0,0.4,0.5,20,ONE_POINT,100,100,RANDOM,3
260,26100,87.97295355796814,46027,46032.85,0,0.4,0.5,20,ONE_POINT,100,100,RANDOM,3
261,26200,88.32150745391846,45964,45968.41,0,0.4,0.5,20,ONE_POINT,100,100,RANDOM,3
262,26300,88.66248083114624,45849,45967.72,0,0.4,0.5,20,ONE_POINT,100,100,RANDOM,3
263,26400,88.99864196777344,45779,45784.35,0,0.4,0.5,20,ONE_POINT,100,100,RANDOM,3
264,26500,89.31670880317688,45661,45668.19,0,0.4,0.5,20,ONE_POINT,100,100,RANDOM,3
265,26600,89.6576635837555,45514,45573.23,0,0.4,0.5,20,ONE_POINT,100,100,RANDOM,3
266,26700,90.00595998764038,45468,45473.15,0,0.4,0.5,20,ONE_POINT,100,100,RANDOM,3
267,26800,90.33550977706909,45217,45227.04,0,0.4,0.5,20,ONE_POINT,100,100,RANDOM,3
268,26900,90.67091655731201,45154,45160.92,0,0.4,0.5,20,ONE_POINT,100,100,RANDOM,3
269,27000,91.02092385292053,45095,45118.97,0,0.4,0.5,20,ONE_POINT,100,100,RANDOM,3
270,27100,91.36181783676147,45032,45035.78,0,0.4,0.5,20,ONE_POINT,100,100,RANDOM,3
271,27200,91.72624588012695,44992,44998.08,0,0.4,0.5,20,ONE_POINT,100,100,RANDOM,3
272,27300,92.08497762680054,44938,44971.1,0,0.4,0.5,20,ONE_POINT,100,100,RANDOM,3
273,27400,92.39422869682312,44870,44874.5,0,0.4,0.5,20,ONE_POINT,100,100,RANDOM,3
274,27500,92.70948243141174,44807,44810.78,0,0.4,0.5,20,ONE_POINT,100,100,RANDOM,3
275,27600,93.03211498260498,44744,44752.45,0,0.4,0.5,20,ONE_POINT,100,100,RANDOM,3
276,27700,93.36846041679382,44681,44694.02,0,0.4,0.5,20,ONE_POINT,100,100,RANDOM,3
277,27800,93.6944682598114,44610,44620.67,0,0.4,0.5,20,ONE_POINT,100,100,RANDOM,3
278,27900,94.01576399803162,44501,44507.3,0,0.4,0.5,20,ONE_POINT,100,100,RANDOM,3
279,28000,94.37615132331848,44417,44422.04,0,0.4,0.5,20,ONE_POINT,100,100,RANDOM,3
280,28100,94.71562123298645,44352,44354.56,0,0.4,0.5,20,ONE_POINT,100,100,RANDOM,3
281,28200,95.0395278930664,44287,44292.87,0,0.4,0.5,20,ONE_POINT,100,100,RANDOM,3
282,28300,95.41780495643616,44168,44175.05,0,0.4,0.5,20,ONE_POINT,100,100,RANDOM,3
283,28400,95.73475503921509,44111,44114.42,0,0.4,0.5,20,ONE_POINT,100,100,RANDOM,3
284,28500,96.08168148994446,44027,44042.92,0,0.4,0.5,20,ONE_POINT,100,100,RANDOM,3
285,28600,96.3961672782898,44018,44019.19,0,0.4,0.5,20,ONE_POINT,100,100,RANDOM,3
286,28700,96.74037075042725,43937,43942.62,0,0.4,0.5,20,ONE_POINT,100,100,RANDOM,3
287,28800,97.07582545280457,43886,43902.99,0,0.4,0.5,20,ONE_POINT,100,100,RANDOM,3
288,28900,97.38701510429382,43830,43846.03,0,0.4,0.5,20,ONE_POINT,100,100,RANDOM,3
289,29000,97.74374556541443,43822,43828.17,0,0.4,0.5,20,ONE_POINT,100,100,RANDOM,3
290,29100,98.10301303863525,43772,43774.59,0,0.4,0.5,20,ONE_POINT,100,100,RANDOM,3
291,29200,98.46069478988647,43722,43726.0,0,0.4,0.5,20,ONE_POINT,100,100,RANDOM,3
292,29300,98.77691006660461,43506,43523.26,0,0.4,0.5,20,ONE_POINT,100,100,RANDOM,3
293,29400,99.08096957206726,43459,43462.78,0,0.4,0.5,20,ONE_POINT,100,100,RANDOM,3
294,29500,99.42054605484009,43399,43408.89,0,0.4,0.5,20,ONE_POINT,100,100,RANDOM,3
295,29600,99.76074624061584,43333,43354.08,0,0.4,0.5,20,ONE_POINT,100,100,RANDOM,3
296,29700,100.08255457878113,43233,43245.87,0,0.4,0.5,20,ONE_POINT,100,100,RANDOM,3
297,29800,100.42822742462158,43211,43218.27,0,0.4,0.5,20,ONE_POINT,100,100,RANDOM,3
298,29900,100.74591207504272,43078,43086.11,0,0.4,0.5,20,ONE_POINT,100,100,RANDOM,3
299,30000,101.07015752792358,43026,43032.49,0,0.4,0.5,20,ONE_POINT,100,100,RANDOM,3
300,30100,101.40154576301575,42961,42970.54,0,0.4,0.5,20,ONE_POINT,100,100,RANDOM,3
301,30200,101.76291489601135,42861,42871.6,0,0.4,0.5,20,ONE_POINT,100,100,RANDOM,3
302,30300,102.11848664283752,42766,42778.76,0,0.4,0.5,20,ONE_POINT,100,100,RANDOM,3
303,30400,102.495760679245,42756,42758.25,0,0.4,0.5,20,ONE_POINT,100,100,RANDOM,3
304,30500,102.86286520957947,42706,42710.6,0,0.4,0.5,20,ONE_POINT,100,100,RANDOM,3
305,30600,103.20566701889038,42658,42661.84,0,0.4,0.5,20,ONE_POINT,100,100,RANDOM,3
306,30700,103.5705394744873,42632,42635.07,0,0.4,0.5,20,ONE_POINT,100,100,RANDOM,3
307,30800,103.9207820892334,42558,42563.09,0,0.4,0.5,20,ONE_POINT,100,100,RANDOM,3
308,30900,104.28150367736816,42463,42480.24,0,0.4,0.5,20,ONE_POINT,100,100,RANDOM,3
309,31000,104.6265914440155,42404,42407.54,0,0.4,0.5,20,ONE_POINT,100,100,RANDOM,3
310,31100,104.98122715950012,42333,42338.85,0,0.4,0.5,20,ONE_POINT,100,100,RANDOM,3
311,31200,105.32100009918213,42307,42309.96,0,0.4,0.5,20,ONE_POINT,100,100,RANDOM,3
312,31300,105.66104245185852,42268,42276.45,0,0.4,0.5,20,ONE_POINT,100,100,RANDOM,3
313,31400,105.99499797821045,42221,42224.76,0,0.4,0.5,20,ONE_POINT,100,100,RANDOM,3
314,31500,106.3138074874878,42158,42165.57,0,0.4,0.5,20,ONE_POINT,100,100,RANDOM,3
315,31600,106.65371656417847,42128,42130.48,0,0.4,0.5,20,ONE_POINT,100,100,RANDOM,3
316,31700,106.99280905723572,42112,42127.73,0,0.4,0.5,20,ONE_POINT,100,100,RANDOM,3
317,31800,107.34165525436401,42096,42098.18,0,0.4,0.5,20,ONE_POINT,100,100,RANDOM,3
318,31900,107.68417072296143,42072,42074.26,0,0.4,0.5,20,ONE_POINT,100,100,RANDOM,3
319,32000,108.03369426727295,42062,42064.75,0,0.4,0.5,20,ONE_POINT,100,100,RANDOM,3
320,32100,108.37476134300232,42009,42029.85,0,0.4,0.5,20,ONE_POINT,100,100,RANDOM,3
321,32200,108.71850967407227,41963,41967.21,0,0.4,0.5,20,ONE_POINT,100,100,RANDOM,3
322,32300,109.05043292045593,41867,41953.72,0,0.4,0.5,20,ONE_POINT,100,100,RANDOM,3
323,32400,109.38591051101685,41809,41891.51,0,0.4,0.5,20,ONE_POINT,100,100,RANDOM,3
324,32500,109.73107242584229,41738,41742.26,0,0.4,0.5,20,ONE_POINT,100,100,RANDOM,3
325,32600,110.07577133178711,41707,41710.07,0,0.4,0.5,20,ONE_POINT,100,100,RANDOM,3
326,32700,110.4286687374115,41640,41644.33,0,0.4,0.5,20,ONE_POINT,100,100,RANDOM,3
327,32800,110.73512887954712,41606,41613.44,0,0.4,0.5,20,ONE_POINT,100,100,RANDOM,3
328,32900,111.0381281375885,41568,41612.67,0,0.4,0.5,20,ONE_POINT,100,100,RANDOM,3
329,33000,111.38917303085327,41512,41517.9,0,0.4,0.5,20,ONE_POINT,100,100,RANDOM,3
330,33100,111.7389144897461,41455,41480.98,0,0.4,0.5,20,ONE_POINT,100,100,RANDOM,3
331,33200,112.06666159629822,41402,41406.24,0,0.4,0.5,20,ONE_POINT,100,100,RANDOM,3
332,33300,112.38200664520264,41370,41482.81,0,0.4,0.5,20,ONE_POINT,100,100,RANDOM,3
333,33400,112.72975039482117,41345,41396.09,0,0.4,0.5,20,ONE_POINT,100,100,RANDOM,3
334,33500,113.04072165489197,41323,41358.19,0,0.4,0.5,20,ONE_POINT,100,100,RANDOM,3
335,33600,113.38921165466309,41149,41197.89,0,0.4,0.5,20,ONE_POINT,100,100,RANDOM,3
336,33700,113.71642351150513,41117,41124.26,0,0.4,0.5,20,ONE_POINT,100,100,RANDOM,3
337,33800,114.02232480049133,41085,41116.9,0,0.4,0.5,20,ONE_POINT,100,100,RANDOM,3
338,33900,114.33812594413757,41057,41059.52,0,0.4,0.5,20,ONE_POINT,100,100,RANDOM,3
339,34000,114.69246649742126,40989,40996.52,0,0.4,0.5,20,ONE_POINT,100,100,RANDOM,3
340,34100,115.03892660140991,40968,40970.22,0,0.4,0.5,20,ONE_POINT,100,100,RANDOM,3
341,34200,115.35829019546509,40941,40944.01,0,0.4,0.5,20,ONE_POINT,100,100,RANDOM,3
342,34300,115.68552112579346,40859,40881.3,0,0.4,0.5,20,ONE_POINT,100,100,RANDOM,3
343,34400,116.00220584869385,40848,40850.81,0,0.4,0.5,20,ONE_POINT,100,100,RANDOM,3
344,34500,116.37563729286194,40799,40811.7,0,0.4,0.5,20,ONE_POINT,100,100,RANDOM,3
345,34600,116.68950748443604,40798,40798.8,0,0.4,0.5,20,ONE_POINT,100,100,RANDOM,3
346,34700,117.02277302742004,40749,40768.99,0,0.4,0.5,20,ONE_POINT,100,100,RANDOM,3
347,34800,117.35435724258423,40698,40707.99,0,0.4,0.5,20,ONE_POINT,100,100,RANDOM,3
348,34900,117.68475198745728,40675,40677.5,0,0.4,0.5,20,ONE_POINT,100,100,RANDOM,3
349,35000,118.01961040496826,40582,40587.72,0,0.4,0.5,20,ONE_POINT,100,100,RANDOM,3
350,35100,118.34786295890808,40540,40637.84,0,0.4,0.5,20,ONE_POINT,100,100,RANDOM,3
351,35200,118.66626334190369,40520,40523.68,0,0.4,0.5,20,ONE_POINT,100,100,RANDOM,3
352,35300,119.01604270935059,40494,40526.17,0,0.4,0.5,20,ONE_POINT,100,100,RANDOM,3
353,35400,119.39516067504883,40418,40507.61,0,0.4,0.5,20,ONE_POINT,100,100,RANDOM,3
354,35500,119.77797603607178,40334,40347.75,0,0.4,0.5,20,ONE_POINT,100,100,RANDOM,3
355,35600,120.16036415100098,40217,40297.27,0,0.4,0.5,20,ONE_POINT,100,100,RANDOM,3
356,35700,120.48618960380554,40186,40190.28,0,0.4,0.5,20,ONE_POINT,100,100,RANDOM,3
357,35800,120.8539400100708,40065,40137.71,0,0.4,0.5,20,ONE_POINT,100,100,RANDOM,3
358,35900,121.17057919502258,40026,40035.4,0,0.4,0.5,20,ONE_POINT,100,100,RANDOM,3
359,36000,121.50922536849976,40025,40025.44,0,0.4,0.5,20,ONE_POINT,100,100,RANDOM,3
360,36100,121.81803393363953,40018,40019.69,0,0.4,0.5,20,ONE_POINT,100,100,RANDOM,3
361,36200,122.15826058387756,39983,40017.09,0,0.4,0.5,20,ONE_POINT,100,100,RANDOM,3
362,36300,122.50050973892212,39915,39919.43,0,0.4,0.5,20,ONE_POINT,100,100,RANDOM,3
363,36400,122.85519456863403,39878,39880.96,0,0.4,0.5,20,ONE_POINT,100,100,RANDOM,3
364,36500,123.19568610191345,39845,39863.0,0,0.4,0.5,20,ONE_POINT,100,100,RANDOM,3
365,36600,123.51209211349487,39826,39828.36,0,0.4,0.5,20,ONE_POINT,100,100,RANDOM,3
366,36700,123.86745500564575,39768,39772.66,0,0.4,0.5,20,ONE_POINT,100,100,RANDOM,3
367,36800,124.21501135826111,39732,39734.88,0,0.4,0.5,20,ONE_POINT,100,100,RANDOM,3
368,36900,124.54749631881714,39705,39708.61,0,0.4,0.5,20,ONE_POINT,100,100,RANDOM,3
369,37000,124.87540555000305,39678,39685.81,0,0.4,0.5,20,ONE_POINT,100,100,RANDOM,3
370,37100,125.21388053894043,39658,39663.05,0,0.4,0.5,20,ONE_POINT,100,100,RANDOM,3
371,37200,125.57613277435303,39583,39592.6,0,0.4,0.5,20,ONE_POINT,100,100,RANDOM,3
372,37300,125.90314292907715,39570,39570.95,0,0.4,0.5,20,ONE_POINT,100,100,RANDOM,3
373,37400,126.21430969238281,39502,39507.64,0,0.4,0.5,20,ONE_POINT,100,100,RANDOM,3
374,37500,126.57166981697083,39406,39422.64,0,0.4,0.5,20,ONE_POINT,100,100,RANDOM,3
375,37600,126.8828992843628,39338,39346.4,0,0.4,0.5,20,ONE_POINT,100,100,RANDOM,3
376,37700,127.19495058059692,39297,39311.11,0,0.4,0.5,20,ONE_POINT,100,100,RANDOM,3
377,37800,127.54052257537842,39256,39260.76,0,0.4,0.5,20,ONE_POINT,100,100,RANDOM,3
378,37900,127.8436644077301,39252,39258.5,0,0.4,0.5,20,ONE_POINT,100,100,RANDOM,3
379,38000,128.16297316551208,39208,39211.56,0,0.4,0.5,20,ONE_POINT,100,100,RANDOM,3
380,38100,128.48223733901978,39171,39177.01,0,0.4,0.5,20,ONE_POINT,100,100,RANDOM,3
381,38200,128.81354475021362,39153,39181.96,0,0.4,0.5,20,ONE_POINT,100,100,RANDOM,3
382,38300,129.14579248428345,39124,39129.69,0,0.4,0.5,20,ONE_POINT,100,100,RANDOM,3
383,38400,129.4794409275055,39094,39108.32,0,0.4,0.5,20,ONE_POINT,100,100,RANDOM,3
384,38500,129.8273959159851,39086,39092.66,0,0.4,0.5,20,ONE_POINT,100,100,RANDOM,3
385,38600,130.16987895965576,39069,39078.18,0,0.4,0.5,20,ONE_POINT,100,100,RANDOM,3
386,38700,130.51849031448364,39033,39037.18,0,0.4,0.5,20,ONE_POINT,100,100,RANDOM,3
387,38800,130.84048438072205,39020,39022.28,0,0.4,0.5,20,ONE_POINT,100,100,RANDOM,3
388,38900,131.19078850746155,39012,39013.04,0,0.4,0.5,20,ONE_POINT,100,100,RANDOM,3
389,39000,131.55663561820984,38949,38954.61,0,0.4,0.5,20,ONE_POINT,100,100,RANDOM,3
390,39100,131.92288279533386,38928,39012.55,0,0.4,0.5,20,ONE_POINT,100,100,RANDOM,3
391,39200,132.23542308807373,38717,38725.44,0,0.4,0.5,20,ONE_POINT,100,100,RANDOM,3
392,39300,132.590158700943,38711,38725.61,0,0.4,0.5,20,ONE_POINT,100,100,RANDOM,3
393,39400,132.9231822490692,38672,38674.85,0,0.4,0.5,20,ONE_POINT,100,100,RANDOM,3
394,39500,133.23017978668213,38657,38660.34,0,0.4,0.5,20,ONE_POINT,100,100,RANDOM,3
395,39600,133.55392336845398,38626,38630.69,0,0.4,0.5,20,ONE_POINT,100,100,RANDOM,3
396,39700,133.88580656051636,38581,38590.26,0,0.4,0.5,20,ONE_POINT,100,100,RANDOM,3
397,39800,134.2310767173767,38545,38559.93,0,0.4,0.5,20,ONE_POINT,100,100,RANDOM,3
398,39900,134.5404064655304,38543,38543.42,0,0.4,0.5,20,ONE_POINT,100,100,RANDOM,3
399,40000,134.8825614452362,38519,38527.63,0,0.4,0.5,20,ONE_POINT,100,100,RANDOM,3
400,40100,135.249929189682,38513,38516.34,0,0.4,0.5,20,ONE_POINT,100,100,RANDOM,3
401,40200,135.61309909820557,38487,38516.87,0,0.4,0.5,20,ONE_POINT,100,100,RANDOM,3
402,40300,135.94579482078552,38485,38487.29,0,0.4,0.5,20,ONE_POINT,100,100,RANDOM,3
403,40400,136.3339478969574,38472,38474.72,0,0.4,0.5,20,ONE_POINT,100,100,RANDOM,3
404,40500,136.68817734718323,38458,38459.81,0,0.4,0.5,20,ONE_POINT,100,100,RANDOM,3
405,40600,137.0583758354187,38375,38383.72,0,0.4,0.5,20,ONE_POINT,100,100,RANDOM,3
406,40700,137.3742949962616,38373,38375.34,0,0.4,0.5,20,ONE_POINT,100,100,RANDOM,3
407,40800,137.71881198883057,38361,38371.03,0,0.4,0.5,20,ONE_POINT,100,100,RANDOM,3
408,40900,138.069011926651,38336,38339.63,0,0.4,0.5,20,ONE_POINT,100,100,RANDOM,3
409,41000,138.40284538269043,38304,38307.54,0,0.4,0.5,20,ONE_POINT,100,100,RANDOM,3
410,41100,138.7396514415741,38274,38285.25,0,0.4,0.5,20,ONE_POINT,100,100,RANDOM,3
411,41200,139.06161069869995,38229,38232.95,0,0.4,0.5,20,ONE_POINT,100,100,RANDOM,3
412,41300,139.37597680091858,38174,38181.58,0,0.4,0.5,20,ONE_POINT,100,100,RANDOM,3
413,41400,139.73594570159912,38129,38133.15,0,0.4,0.5,20,ONE_POINT,100,100,RANDOM,3
414,41500,140.0445396900177,38096,38107.61,0,0.4,0.5,20,ONE_POINT,100,100,RANDOM,3
415,41600,140.3809003829956,37957,37967.83,0,0.4,0.5,20,ONE_POINT,100,100,RANDOM,3
416,41700,140.72254824638367,37891,37897.67,0,0.4,0.5,20,ONE_POINT,100,100,RANDOM,3
417,41800,141.07587242126465,37876,37884.72,0,0.4,0.5,20,ONE_POINT,100,100,RANDOM,3
418,41900,141.39640021324158,37865,37907.26,0,0.4,0.5,20,ONE_POINT,100,100,RANDOM,3
419,42000,141.7454490661621,37824,37838.97,0,0.4,0.5,20,ONE_POINT,100,100,RANDOM,3
420,42100,142.07856225967407,37816,37823.22,0,0.4,0.5,20,ONE_POINT,100,100,RANDOM,3
421,42200,142.43219685554504,37799,37843.21,0,0.4,0.5,20,ONE_POINT,100,100,RANDOM,3
422,42300,142.75140261650085,37783,37857.26,0,0.4,0.5,20,ONE_POINT,100,100,RANDOM,3
423,42400,143.12102365493774,37757,37765.12,0,0.4,0.5,20,ONE_POINT,100,100,RANDOM,3
424,42500,143.46159672737122,37749,37750.48,0,0.4,0.5,20,ONE_POINT,100,100,RANDOM,3
425,42600,143.79425287246704,37735,37736.7,0,0.4,0.5,20,ONE_POINT,100,100,RANDOM,3
426,42700,144.12153005599976,37723,37763.74,0,0.4,0.5,20,ONE_POINT,100,100,RANDOM,3
427,42800,144.45774817466736,37673,37679.79,0,0.4,0.5,20,ONE_POINT,100,100,RANDOM,3
428,42900,144.77651596069336,37407,37426.23,0,0.4,0.5,20,ONE_POINT,100,100,RANDOM,3
429,43000,145.12445640563965,37357,37361.37,0,0.4,0.5,20,ONE_POINT,100,100,RANDOM,3
430,43100,145.4456126689911,37336,37349.22,0,0.4,0.5,20,ONE_POINT,100,100,RANDOM,3
431,43200,145.8087601661682,37208,37219.3,0,0.4,0.5,20,ONE_POINT,100,100,RANDOM,3
432,43300,146.15878295898438,37182,37189.99,0,0.4,0.5,20,ONE_POINT,100,100,RANDOM,3
433,43400,146.50750422477722,37175,37176.62,0,0.4,0.5,20,ONE_POINT,100,100,RANDOM,3
434,43500,146.81470370292664,37097,37105.09,0,0.4,0.5,20,ONE_POINT,100,100,RANDOM,3
435,43600,147.17459225654602,37062,37064.82,0,0.4,0.5,20,ONE_POINT,100,100,RANDOM,3
436,43700,147.51313138008118,37046,37048.6,0,0.4,0.5,20,ONE_POINT,100,100,RANDOM,3
437,43800,147.86593437194824,37024,37033.51,0,0.4,0.5,20,ONE_POINT,100,100,RANDOM,3
438,43900,148.22439098358154,37003,37007.0,0,0.4,0.5,20,ONE_POINT,100,100,RANDOM,3
439,44000,148.55427074432373,36996,36998.48,0,0.4,0.5,20,ONE_POINT,100,100,RANDOM,3
440,44100,148.88991832733154,36964,36967.12,0,0.4,0.5,20,ONE_POINT,100,100,RANDOM,3
441,44200,149.2370617389679,36951,36954.28,0,0.4,0.5,20,ONE_POINT,100,100,RANDOM,3
442,44300,149.56296229362488,36929,36933.39,0,0.4,0.5,20,ONE_POINT,100,100,RANDOM,3
443,44400,149.89837431907654,36911,36920.4,0,0.4,0.5,20,ONE_POINT,100,100,RANDOM,3
444,44500,150.22380089759827,36900,36901.8,0,0.4,0.5,20,ONE_POINT,100,100,RANDOM,3
445,44600,150.58025431632996,36891,36891.63,0,0.4,0.5,20,ONE_POINT,100,100,RANDOM,3
446,44700,150.89693975448608,36854,36858.48,0,0.4,0.5,20,ONE_POINT,100,100,RANDOM,3
447,44800,151.24905014038086,36854,36854.0,0,0.4,0.5,20,ONE_POINT,100,100,RANDOM,3
448,44900,151.61365413665771,36823,36845.7,0,0.4,0.5,20,ONE_POINT,100,100,RANDOM,3
449,45000,151.9467396736145,36766,36770.56,0,0.4,0.5,20,ONE_POINT,100,100,RANDOM,3
450,45100,152.27103424072266,36734,36741.36,0,0.4,0.5,20,ONE_POINT,100,100,RANDOM,3
451,45200,152.62057328224182,36732,36739.24,0,0.4,0.5,20,ONE_POINT,100,100,RANDOM,3
452,45300,152.93481612205505,36702,36704.44,0,0.4,0.5,20,ONE_POINT,100,100,RANDOM,3
453,45400,153.30672454833984,36688,36696.9,0,0.4,0.5,20,ONE_POINT,100,100,RANDOM,3
454,45500,153.70855402946472,36668,36681.5,0,0.4,0.5,20,ONE_POINT,100,100,RANDOM,3
455,45600,154.0666880607605,36648,36652.25,0,0.4,0.5,20,ONE_POINT,100,100,RANDOM,3
456,45700,154.38870191574097,36626,36628.9,0,0.4,0.5,20,ONE_POINT,100,100,RANDOM,3
457,45800,154.7360601425171,36609,36611.14,0,0.4,0.5,20,ONE_POINT,100,100,RANDOM,3
458,45900,155.08382153511047,36588,36589.63,0,0.4,0.5,20,ONE_POINT,100,100,RANDOM,3
459,46000,155.4323422908783,36587,36588.04,0,0.4,0.5,20,ONE_POINT,100,100,RANDOM,3
460,46100,155.76358723640442,36571,36573.9,0,0.4,0.5,20,ONE_POINT,100,100,RANDOM,3
461,46200,156.07476830482483,36565,36569.49,0,0.4,0.5,20,ONE_POINT,100,100,RANDOM,3
462,46300,156.3824872970581,36559,36559.9,0,0.4,0.5,20,ONE_POINT,100,100,RANDOM,3
463,46400,156.71759796142578,36491,36530.01,0,0.4,0.5,20,ONE_POINT,100,100,RANDOM,3
464,46500,157.07955861091614,36482,36484.52,0,0.4,0.5,20,ONE_POINT,100,100,RANDOM,3
465,46600,157.41633439064026,36467,36470.38,0,0.4,0.5,20,ONE_POINT,100,100,RANDOM,3
466,46700,157.7514476776123,36440,36443.0,0,0.4,0.5,20,ONE_POINT,100,100,RANDOM,3
467,46800,158.07776880264282,36428,36488.77,0,0.4,0.5,20,ONE_POINT,100,100,RANDOM,3
468,46900,158.41212511062622,36349,36360.67,0,0.4,0.5,20,ONE_POINT,100,100,RANDOM,3
469,47000,158.74547219276428,36292,36303.48,0,0.4,0.5,20,ONE_POINT,100,100,RANDOM,3
470,47100,159.09638452529907,36285,36286.93,0,0.4,0.5,20,ONE_POINT,100,100,RANDOM,3
471,47200,159.43616366386414,36272,36383.03,0,0.4,0.5,20,ONE_POINT,100,100,RANDOM,3
472,47300,159.79463958740234,36257,36261.01,0,0.4,0.5,20,ONE_POINT,100,100,RANDOM,3
473,47400,160.13646507263184,36228,36338.98,0,0.4,0.5,20,ONE_POINT,100,100,RANDOM,3
474,47500,160.45372009277344,36140,36172.39,0,0.4,0.5,20,ONE_POINT,100,100,RANDOM,3
475,47600,160.8489043712616,36127,36137.81,0,0.4,0.5,20,ONE_POINT,100,100,RANDOM,3
476,47700,161.18049836158752,36127,36127.0,0,0.4,0.5,20,ONE_POINT,100,100,RANDOM,3
1,200,0.2472062110900879,140254,137362.02,0,0.4,0.5,20,ONE_POINT,100,100,RANDOM,4
2,300,0.608964204788208,134954,134994.15,0,0.4,0.5,20,ONE_POINT,100,100,RANDOM,4
3,400,0.9976160526275635,133659,133682.86,0,0.4,0.5,20,ONE_POINT,100,100,RANDOM,4
4,500,1.3286752700805664,132485,132508.62,0,0.4,0.5,20,ONE_POINT,100,100,RANDOM,4
5,600,1.7099156379699707,131546,131579.12,0,0.4,0.5,20,ONE_POINT,100,100,RANDOM,4
6,700,2.03305983543396,130308,130330.96,0,0.4,0.5,20,ONE_POINT,100,100,RANDOM,4
7,800,2.369013786315918,128410,128447.9,0,0.4,0.5,20,ONE_POINT,100,100,RANDOM,4
8,900,2.6992242336273193,127346,127373.93,0,0.4,0.5,20,ONE_POINT,100,100,RANDOM,4
9,1000,3.0565459728240967,126575,126598.14,0,0.4,0.5,20,ONE_POINT,100,100,RANDOM,4
10,1100,3.3765740394592285,125436,125565.35,0,0.4,0.5,20,ONE_POINT,100,100,RANDOM,4
11,1200,3.7225935459136963,124414,124469.97,0,0.4,0.5,20,ONE_POINT,100,100,RANDOM,4
12,1300,4.077351331710815,124008,124020.47,0,0.4,0.5,20,ONE_POINT,100,100,RANDOM,4
13,1400,4.404420375823975,122855,122877.53,0,0.4,0.5,20,ONE_POINT,100,100,RANDOM,4
14,1500,4.744078636169434,122109,122137.73,0,0.4,0.5,20,ONE_POINT,100,100,RANDOM,4
15,1600,5.07306170463562,120307,120344.8,0,0.4,0.5,20,ONE_POINT,100,100,RANDOM,4
16,1700,5.424646377563477,119733,119755.66,0,0.4,0.5,20,ONE_POINT,100,100,RANDOM,4
17,1800,5.770847320556641,119377,119463.22,0,0.4,0.5,20,ONE_POINT,100,100,RANDOM,4
18,1900,6.108566999435425,118518,118543.77,0,0.4,0.5,20,ONE_POINT,100,100,RANDOM,4
19,2000,6.456416368484497,117966,117987.75,0,0.4,0.5,20,ONE_POINT,100,100,RANDOM,4
20,2100,6.782627105712891,117166,117231.76,0,0.4,0.5,20,ONE_POINT,100,100,RANDOM,4
21,2200,7.112293481826782,116397,116430.08,0,0.4,0.5,20,ONE_POINT,100,100,RANDOM,4
22,2300,7.420533657073975,115662,115691.74,0,0.4,0.5,20,ONE_POINT,100,100,RANDOM,4
23,2400,7.769167900085449,115272,115287.6,0,0.4,0.5,20,ONE_POINT,100,100,RANDOM,4
24,2500,8.127080202102661,113696,113727.52,0,0.4,0.5,20,ONE_POINT,100,100,RANDOM,4
25,2600,8.451295852661133,112601,112648.43,0,0.4,0.5,20,ONE_POINT,100,100,RANDOM,4
26,2700,8.792725324630737,111567,111664.03,0,0.4,0.5,20,ONE_POINT,100,100,RANDOM,4
27,2800,9.129669189453125,110603,110631.73,0,0.4,0.5,20,ONE_POINT,100,100,RANDOM,4
28,2900,9.478525876998901,110007,110022.4,0,0.4,0.5,20,ONE_POINT,100,100,RANDOM,4
29,3000,9.819979429244995,109232,109256.85,0,0.4,0.5,20,ONE_POINT,100,100,RANDOM,4
30,3100,10.135833263397217,108745,108764.46,0,0.4,0.5,20,ONE_POINT,100,100,RANDOM,4
31,3200,10.493629932403564,107873,107899.16,0,0.4,0.5,20,ONE_POINT,100,100,RANDOM,4
32,3300,10.826943159103394,107056,107072.34,0,0.4,0.5,20,ONE_POINT,100,100,RANDOM,4
33,3400,11.135828256607056,106459,106476.91,0,0.4,0.5,20,ONE_POINT,100,100,RANDOM,4
34,3500,11.459875106811523,106138,106150.84,0,0.4,0.5,20,ONE_POINT,100,100,RANDOM,4
35,3600,11.799054861068726,105278,105303.8,0,0.4,0.5,20,ONE_POINT,100,100,RANDOM,4
36,3700,12.139862775802612,103864,103896.88,0,0.4,0.5,20,ONE_POINT,100,100,RANDOM,4
37,3800,12.481770753860474,103489,103530.58,0,0.4,0.5,20,ONE_POINT,100,100,RANDOM,4
38,3900,12.790078163146973,103276,103292.83,0,0.4,0.5,20,ONE_POINT,100,100,RANDOM,4
39,4000,13.113012075424194,102712,102737.17,0,0.4,0.5,20,ONE_POINT,100,100,RANDOM,4
40,4100,13.46497106552124,101421,101458.38,0,0.4,0.5,20,ONE_POINT,100,100,RANDOM,4
41,4200,13.797908306121826,100939,100957.19,0,0.4,0.5,20,ONE_POINT,100,100,RANDOM,4
42,4300,14.123502254486084,100548,100565.18,0,0.4,0.5,20,ONE_POINT,100,100,RANDOM,4
43,4400,14.431992530822754,99987,100031.11,0,0.4,0.5,20,ONE_POINT,100,100,RANDOM,4
44,4500,14.745978832244873,99394,99413.31,0,0.4,0.5,20,ONE_POINT,100,100,RANDOM,4
45,4600,15.0533287525177,98737,98750.14,0,0.4,0.5,20,ONE_POINT,100,100,RANDOM,4
46,4700,15.394474983215332,98259,98273.34,0,0.4,0.5,20,ONE_POINT,100,100,RANDOM,4
47,4800,15.705890893936157,97539,97554.4,0,0.4,0.5,20,ONE_POINT,100,100,RANDOM,4
48,4900,16.058623552322388,96566,96587.62,0,0.4,0.5,20,ONE_POINT,100,100,RANDOM,4
49,5000,16.38351583480835,96210,96225.16,0,0.4,0.5,20,ONE_POINT,100,100,RANDOM,4
50,5100,16.714243412017822,95516,95599.6,0,0.4,0.5,20,ONE_POINT,100,100,RANDOM,4
51,5200,17.052136182785034,95243,95253.73,0,0.4,0.5,20,ONE_POINT,100,100,RANDOM,4
52,5300,17.377248525619507,94550,94571.36,0,0.4,0.5,20,ONE_POINT,100,100,RANDOM,4
53,5400,17.773338317871094,94079,94093.13,0,0.4,0.5,20,ONE_POINT,100,100,RANDOM,4
54,5500,18.16021203994751,93550,93579.36,0,0.4,0.5,20,ONE_POINT,100,100,RANDOM,4
55,5600,18.51579475402832,93079,93113.85,0,0.4,0.5,20,ONE_POINT,100,100,RANDOM,4
56,5700,18.87948203086853,92733,92742.26,0,0.4,0.5,20,ONE_POINT,100,100,RANDOM,4
57,5800,19.232754468917847,92136,92213.95,0,0.4,0.5,20,ONE_POINT,100,100,RANDOM,4
58,5900,19.581918478012085,91738,91759.91,0,0.4,0.5,20,ONE_POINT,100,100,RANDOM,4
59,6000,19.930552005767822,91471,91482.57,0,0.4,0.5,20,ONE_POINT,100,100,RANDOM,4
60,6100,20.27397894859314,90975,90989.88,0,0.4,0.5,20,ONE_POINT,100,100,RANDOM,4
61,6200,20.627683639526367,90339,90358.08,0,0.4,0.5,20,ONE_POINT,100,100,RANDOM,4
62,6300,20.952733516693115,90112,90120.55,0,0.4,0.5,20,ONE_POINT,100,100,RANDOM,4
63,6400,21.286965131759644,89753,89767.36,0,0.4,0.5,20,ONE_POINT,100,100,RANDOM,4
64,6500,21.649075031280518,88731,88762.45,0,0.4,0.5,20,ONE_POINT,100,100,RANDOM,4
65,6600,22.016435623168945,88261,88297.08,0,0.4,0.5,20,ONE_POINT,100,100,RANDOM,4
66,6700,22.373683214187622,87786,87809.7,0,0.4,0.5,20,ONE_POINT,100,100,RANDOM,4
67,6800,22.712725400924683,87513,87523.92,0,0.4,0.5,20,ONE_POINT,100,100,RANDOM,4
68,6900,23.062291622161865,87148,87158.95,0,0.4,0.5,20,ONE_POINT,100,100,RANDOM,4
69,7000,23.40906286239624,86806,86819.68,0,0.4,0.5,20,ONE_POINT,100,100,RANDOM,4
70,7100,23.737836837768555,86343,86361.52,0,0.4,0.5,20,ONE_POINT,100,100,RANDOM,4
71,7200,24.097845792770386,86108,86118.39,0,0.4,0.5,20,ONE_POINT,100,100,RANDOM,4
72,7300,24.459977388381958,85821,85852.37,0,0.4,0.5,20,ONE_POINT,100,100,RANDOM,4
73,7400,24.800092220306396,85162,85184.84,0,0.4,0.5,20,ONE_POINT,100,100,RANDOM,4
74,7500,25.14695405960083,84913,84929.3,0,0.4,0.5,20,ONE_POINT,100,100,RANDOM,4
75,7600,25.48814105987549,83783,83805.6,0,0.4,0.5,20,ONE_POINT,100,100,RANDOM,4
76,7700,25.827694416046143,83418,83436.3,0,0.4,0.5,20,ONE_POINT,100,100,RANDOM,4
77,7800,26.15432333946228,83117,83133.44,0,0.4,0.5,20,ONE_POINT,100,100,RANDOM,4
78,7900,26.499415397644043,82726,82738.36,0,0.4,0.5,20,ONE_POINT,100,100,RANDOM,4
79,8000,26.802213191986084,82366,82376.78,0,0.4,0.5,20,ONE_POINT,100,100,RANDOM,4
80,8100,27.11884307861328,82073,82081.79,0,0.4,0.5,20,ONE_POINT,100,100,RANDOM,4
81,8200,27.488197803497314,81628,81643.95,0,0.4,0.5,20,ONE_POINT,100,100,RANDOM,4
82,8300,27.822550296783447,81357,81365.92,0,0.4,0.5,20,ONE_POINT,100,100,RANDOM,4
83,8400,28.148873567581177,80964,80974.92,0,0.4,0.5,20,ONE_POINT,100,100,RANDOM,4
84,8500,28.452794790267944,80234,80256.35,0,0.4,0.5,20,ONE_POINT,100,100,RANDOM,4
85,8600,28.76026940345764,79988,79997.84,0,0.4,0.5,20,ONE_POINT,100,100,RANDOM,4
86,8700,29.093448162078857,79686,79704.48,0,0.4,0.5,20,ONE_POINT,100,100,RANDOM,4
87,8800,29.434504985809326,79556,79562.5,0,0.4,0.5,20,ONE_POINT,100,100,RANDOM,4
88,8900,29.755982637405396,79240,79254.84,0,0.4,0.5,20,ONE_POINT,100,100,RANDOM,4
89,9000,30.06717872619629,78980,78990.76,0,0.4,0.5,20,ONE_POINT,100,100,RANDOM,4
90,9100,30.391920804977417,78480,78495.0,0,0.4,0.5,20,ONE_POINT,100,100,RANDOM,4
91,9200,30.713895082473755,77963,78012.41,0,0.4,0.5,20,ONE_POINT,100,100,RANDOM,4
92,9300,31.042794704437256,77693,77733.81,0,0.4,0.5,20,ONE_POINT,100,100,RANDOM,4
93,9400,31.35329270362854,77235,77252.82,0,0.4,0.5,20,ONE_POINT,100,100,RANDOM,4
94,9500,31.68114995956421,76992,77041.41,0,0.4,0.5,20,ONE_POINT,100,100,RANDOM,4
95,9600,32.044294595718384,76386,76406.61,0,0.4,0.5,20,ONE_POINT,100,100,RANDOM,4
96,9700,32.36123466491699,76032,76064.07,0,0.4,0.5,20,ONE_POINT,100,100,RANDOM,4
97,9800,32.68503403663635,75830,75840.1,0,0.4,0.5,20,ONE_POINT,100,100,RANDOM,4
98,9900,33.029133796691895,75514,75555.74,0,0.4,0.5,20,ONE_POINT,100,100,RANDOM,4
99,10000,33.37186861038208,75230,75241.63,0,0.4,0.5,20,ONE_POINT,100,100,RANDOM,4
100,10100,33.70595598220825,74694,74715.09,0,0.4,0.5,20,ONE_POINT,100,100,RANDOM,4
101,10200,34.05853271484375,74355,74378.64,0,0.4,0.5,20,ONE_POINT,100,100,RANDOM,4
102,10300,34.414063692092896,74116,74134.0,0,0.4,0.5,20,ONE_POINT,100,100,RANDOM,4
103,10400,34.753987550735474,73919,73928.85,0,0.4,0.5,20,ONE_POINT,100,100,RANDOM,4
104,10500,35.15290832519531,73563,73580.92,0,0.4,0.5,20,ONE_POINT,100,100,RANDOM,4
105,10600,35.527090072631836,73277,73295.28,0,0.4,0.5,20,ONE_POINT,100,100,RANDOM,4
106,10700,35.868837118148804,72681,72730.48,0,0.4,0.5,20,ONE_POINT,100,100,RANDOM,4
107,10800,36.17988610267639,72431,72445.08,0,0.4,0.5,20,ONE_POINT,100,100,RANDOM,4
108,10900,36.524943828582764,72052,72066.92,0,0.4,0.5,20,ONE_POINT,100,100,RANDOM,4
109,11000,36.87720727920532,71857,71864.8,0,0.4,0.5,20,ONE_POINT,100,100,RANDOM,4
110,11100,37.218039751052856,71180,71206.79,0,0.4,0.5,20,ONE_POINT,100,100,RANDOM,4
111,11200,37.53302216529846,70688,70717.72,0,0.4,0.5,20,ONE_POINT,100,100,RANDOM,4
112,11300,37.890692949295044,70540,70577.74,0,0.4,0.5,20,ONE_POINT,100,100,RANDOM,4
113,11400,38.21379113197327,70162,70177.12,0,0.4,0.5,20,ONE_POINT,100,100,RANDOM,4
114,11500,38.54955577850342,69914,69926.1,0,0.4,0.5,20,ONE_POINT,100,100,RANDOM,4
115,11600,38.904083490371704,69579,69592.4,0,0.4,0.5,20,ONE_POINT,100,100,RANDOM,4
116,11700,39.2671332359314,69367,69377.6,0,0.4,0.5,20,ONE_POINT,100,100,RANDOM,4
117,11800,39.58080172538757,69047,69063.45,0,0.4,0.5,20,ONE_POINT,100,100,RANDOM,4
118,11900,39.90002417564392,68793,68801.59,0,0.4,0.5,20,ONE_POINT,100,100,RANDOM,4
119,12000,40.21223020553589,68592,68602.05,0,0.4,0.5,20,ONE_POINT,100,100,RANDOM,4
120,12100,40.52250075340271,68139,68155.83,0,0.4,0.5,20,ONE_POINT,100,100,RANDOM,4
121,12200,40.88132429122925,67866,67877.42,0,0.4,0.5,20,ONE_POINT,100,100,RANDOM,4
122,12300,41.21214056015015,67538,67566.26,0,0.4,0.5,20,ONE_POINT,100,100,RANDOM,4
123,12400,41.52800798416138,67343,67354.76,0,0.4,0.5,20,ONE_POINT,100,100,RANDOM,4
124,12500,41.85760545730591,67024,67036.76,0,0.4,0.5,20,ONE_POINT,100,100,RANDOM,4
125,12600,42.2183780670166,66749,66761.23,0,0.4,0.5,20,ONE_POINT,100,100,RANDOM,4
126,12700,42.54815912246704,66510,66518.63,0,0.4,0.5,20,ONE_POINT,100,100,RANDOM,4
127,12800,42.90441918373108,66400,66408.35,0,0.4,0.5,20,ONE_POINT,100,100,RANDOM,4
128,12900,43.25887727737427,66241,66248.12,0,0.4,0.5,20,ONE_POINT,100,100,RANDOM,4
129,13000,43.58511734008789,65960,65971.24,0,0.4,0.5,20,ONE_POINT,100,100,RANDOM,4
130,13100,43.908034324645996,65719,65726.5,0,0.4,0.5,20,ONE_POINT,100,100,RANDOM,4
131,13200,44.275771141052246,65460,65472.13,0,0.4,0.5,20,ONE_POINT,100,100,RANDOM,4
132,13300,44.642110109329224,65302,65308.45,0,0.4,0.5,20,ONE_POINT,100,100,RANDOM,4
133,13400,44.994001388549805,65035,65045.68,0,0.4,0.5,20,ONE_POINT,100,100,RANDOM,4
134,13500,45.34990048408508,64859,64866.04,0,0.4,0.5,20,ONE_POINT,100,100,RANDOM,4
135,13600,45.66425132751465,64600,64623.13,0,0.4,0.5,20,ONE_POINT,100,100,RANDOM,4
136,13700,46.014557123184204,64299,64336.47,0,0.4,0.5,20,ONE_POINT,100,100,RANDOM,4
137,13800,46.33891820907593,64107,64114.68,0,0.4,0.5,20,ONE_POINT,100,100,RANDOM,4
138,13900,46.65341305732727,63712,63729.29,0,0.4,0.5,20,ONE_POINT,100,100,RANDOM,4
139,14000,47.00759840011597,63237,63256.99,0,0.4,0.5,20,ONE_POINT,100,100,RANDOM,4
140,14100,47.351611852645874,63102,63114.19,0,0.4,0.5,20,ONE_POINT,100,100,RANDOM,4
141,14200,47.70075702667236,62616,62630.58,0,0.4,0.5,20,ONE_POINT,100,100,RANDOM,4
142,14300,48.03662085533142,62427,62435.81,0,0.4,0.5,20,ONE_POINT,100,100,RANDOM,4
143,14400,48.34704399108887,62218,62227.93,0,0.4,0.5,20,ONE_POINT,100,100,RANDOM,4
144,14500,48.6993248462677,62069,62111.46,0,0.4,0.5,20,ONE_POINT,100,100,RANDOM,4
145,14600,49.03000807762146,61947,62053.38,0,0.4,0.5,20,ONE_POINT,100,100,RANDOM,4
146,14700,49.38654637336731,61683,61694.45,0,0.4,0.5,20,ONE_POINT,100,100,RANDOM,4
147,14800,49.73106288909912,61524,61532.06,0,0.4,0.5,20,ONE_POINT,100,100,RANDOM,4
148,14900,50.04373216629028,61413,61420.36,0,0.4,0.5,20,ONE_POINT,100,100,RANDOM,4
149,15000,50.411044120788574,61266,61278.32,0,0.4,0.5,20,ONE_POINT,100,100,RANDOM,4
150,15100,50.774927616119385,61053,61066.86,0,0.4,0.5,20,ONE_POINT,100,100,RANDOM,4
151,15200,51.10281705856323,60898,60920.68,0,0.4,0.5,20,ONE_POINT,100,100,RANDOM,4
152,15300,51.4347620010376,60728,60736.59,0,0.4,0.5,20,ONE_POINT,100,100,RANDOM,4
153,15400,51.77173447608948,60589,60607.22,0,0.4,0.5,20,ONE_POINT,100,100,RANDOM,4
154,15500,52.156649112701416,60468,60477.42,0,0.4,0.5,20,ONE_POINT,100,100,RANDOM,4
155,15600,52.52291560173035,60331,60339.07,0,0.4,0.5,20,ONE_POINT,100,100,RANDOM,4
156,15700,52.89052128791809,60111,60125.46,0,0.4,0.5,20,ONE_POINT,100,100,RANDOM,4
157,15800,53.21728801727295,59678,59695.42,0,0.4,0.5,20,ONE_POINT,100,100,RANDOM,4
158,15900,53.52502107620239,59591,59596.22,0,0.4,0.5,20,ONE_POINT,100,100,RANDOM,4
159,16000,53.867533922195435,59452,59457.92,0,0.4,0.5,20,ONE_POINT,100,100,RANDOM,4
160,16100,54.21118903160095,59243,59268.03,0,0.4,0.5,20,ONE_POINT,100,100,RANDOM,4
161,16200,54.54529142379761,59132,59171.39,0,0.4,0.5,20,ONE_POINT,100,100,RANDOM,4
162,16300,54.886385440826416,58767,58782.33,0,0.4,0.5,20,ONE_POINT,100,100,RANDOM,4
163,16400,55.25432825088501,58599,58622.42,0,0.4,0.5,20,ONE_POINT,100,100,RANDOM,4
164,16500,55.67783069610596,58373,58386.94,0,0.4,0.5,20,ONE_POINT,100,100,RANDOM,4
165,16600,56.029191970825195,58139,58150.62,0,0.4,0.5,20,ONE_POINT,100,100,RANDOM,4
166,16700,56.37651824951172,57906,57946.51,0,0.4,0.5,20,ONE_POINT,100,100,RANDOM,4
167,16800,56.75510263442993,57596,57618.5,0,0.4,0.5,20,ONE_POINT,100,100,RANDOM,4
168,16900,57.103761196136475,57490,57508.92,0,0.4,0.5,20,ONE_POINT,100,100,RANDOM,4
169,17000,57.44135117530823,57242,57257.58,0,0.4,0.5,20,ONE_POINT,100,100,RANDOM,4
170,17100,57.79752445220947,57110,57118.02,0,0.4,0.5,20,ONE_POINT,100,100,RANDOM,4
171,17200,58.150453329086304,57041,57046.62,0,0.4,0.5,20,ONE_POINT,100,100,RANDOM,4
172,17300,58.51588463783264,56882,56910.53,0,0.4,0.5,20,ONE_POINT,100,100,RANDOM,4
173,17400,58.89199376106262,56676,56700.97,0,0.4,0.5,20,ONE_POINT,100,100,RANDOM,4
174,17500,59.24843096733093,56530,56576.99,0,0.4,0.5,20,ONE_POINT,100,100,RANDOM,4
175,17600,59.57130742073059,56312,56325.03,0,0.4,0.5,20,ONE_POINT,100,100,RANDOM,4
176,17700,59.95377254486084,56174,56179.52,0,0.4,0.5,20,ONE_POINT,100,100,RANDOM,4
177,17800,60.3021183013916,55901,55942.93,0,0.4,0.5,20,ONE_POINT,100,100,RANDOM,4
178,17900,60.663583517074585,55766,55783.76,0,0.4,0.5,20,ONE_POINT,100,100,RANDOM,4
179,18000,61.02231502532959,55681,55694.45,0,0.4,0.5,20,ONE_POINT,100,100,RANDOM,4
180,18100,61.35720467567444,55590,55600.87,0,0.4,0.5,20,ONE_POINT,100,100,RANDOM,4
181,18200,61.67212462425232,55478,55484.77,0,0.4,0.5,20,ONE_POINT,100,100,RANDOM,4
182,18300,62.03080439567566,55271,55295.53,0,0.4,0.5,20,ONE_POINT,100,100,RANDOM,4
183,18400,62.36463713645935,54986,55009.2,0,0.4,0.5,20,ONE_POINT,100,100,RANDOM,4
184,18500,62.69578409194946,54761,54772.25,0,0.4,0.5,20,ONE_POINT,100,100,RANDOM,4
185,18600,63.03357267379761,54648,54657.03,0,0.4,0.5,20,ONE_POINT,100,100,RANDOM,4
186,18700,63.370500564575195,54453,54465.83,0,0.4,0.5,20,ONE_POINT,100,100,RANDOM,4
187,18800,63.72913384437561,54323,54338.5,0,0.4,0.5,20,ONE_POINT,100,100,RANDOM,4
188,18900,64.07104802131653,54129,54154.1,0,0.4,0.5,20,ONE_POINT,100,100,RANDOM,4
189,19000,64.40797924995422,54014,54029.62,0,0.4,0.5,20,ONE_POINT,100,100,RANDOM,4
190,19100,64.7393651008606,53768,53778.99,0,0.4,0.5,20,ONE_POINT,100,100,RANDOM,4
191,19200,65.08868360519409,53683,53688.1,0,0.4,0.5,20,ONE_POINT,100,100,RANDOM,4
192,19300,65.45092296600342,53451,53460.77,0,0.4,0.5,20,ONE_POINT,100,100,RANDOM,4
193,19400,65.81799530982971,53308,53318.9,0,0.4,0.5,20,ONE_POINT,100,100,RANDOM,4
194,19500,66.17471122741699,53200,53210.24,0,0.4,0.5,20,ONE_POINT,100,100,RANDOM,4
195,19600,66.55243349075317,53046,53054.54,0,0.4,0.5,20,ONE_POINT,100,100,RANDOM,4
196,19700,66.8917977809906,52851,52860.45,0,0.4,0.5,20,ONE_POINT,100,100,RANDOM,4
197,19800,67.21960353851318,52760,52764.81,0,0.4,0.5,20,ONE_POINT,100,100,RANDOM,4
198,19900,67.58688879013062,52592,52601.86,0,0.4,0.5,20,ONE_POINT,100,100,RANDOM,4
199,20000,67.94065356254578,52454,52464.11,0,0.4,0.5,20,ONE_POINT,100,100,RANDOM,4
200,20100,68.3243796825409,52303,52337.86,0,0.4,0.5,20,ONE_POINT,100,100,RANDOM,4
201,20200,68.65712428092957,52260,52278.77,0,0.4,0.5,20,ONE_POINT,100,100,RANDOM,4
202,20300,68.974289894104,52156,52285.56,0,0.4,0.5,20,ONE_POINT,100,100,RANDOM,4
203,20400,69.37339282035828,52090,52095.7,0,0.4,0.5,20,ONE_POINT,100,100,RANDOM,4
204,20500,69.75732040405273,51987,52030.15,0,0.4,0.5,20,ONE_POINT,100,100,RANDOM,4
205,20600,70.1554365158081,51957,51963.29,0,0.4,0.5,20,ONE_POINT,100,100,RANDOM,4
206,20700,70.53703832626343,51853,51867.85,0,0.4,0.5,20,ONE_POINT,100,100,RANDOM,4
207,20800,70.88227224349976,51776,51802.02,0,0.4,0.5,20,ONE_POINT,100,100,RANDOM,4
208,20900,71.24690246582031,51647,51661.28,0,0.4,0.5,20,ONE_POINT,100,100,RANDOM,4
209,21000,71.59187912940979,51554,51562.0,0,0.4,0.5,20,ONE_POINT,100,100,RANDOM,4
210,21100,71.98524856567383,51484,51490.46,0,0.4,0.5,20,ONE_POINT,100,100,RANDOM,4
211,21200,72.3153305053711,51421,51428.3,0,0.4,0.5,20,ONE_POINT,100,100,RANDOM,4
212,21300,72.65510630607605,51016,51070.88,0,0.4,0.5,20,ONE_POINT,100,100,RANDOM,4
213,21400,72.99959254264832,50946,50950.06,0,0.4,0.5,20,ONE_POINT,100,100,RANDOM,4
214,21500,73.32578182220459,50871,50889.55,0,0.4,0.5,20,ONE_POINT,100,100,RANDOM,4
215,21600,73.6562910079956,50815,50819.91,0,0.4,0.5,20,ONE_POINT,100,100,RANDOM,4
216,21700,74.00512742996216,50672,50693.33,0,0.4,0.5,20,ONE_POINT,100,100,RANDOM,4
217,21800,74.36619567871094,50624,50634.34,0,0.4,0.5,20,ONE_POINT,100,100,RANDOM,4
218,21900,74.71508693695068,50554,50569.46,0,0.4,0.5,20,ONE_POINT,100,100,RANDOM,4
219,22000,75.05455541610718,50484,50512.12,0,0.4,0.5,20,ONE_POINT,100,100,RANDOM,4
220,22100,75.42652153968811,50282,50295.64,0,0.4,0.5,20,ONE_POINT,100,100,RANDOM,4
221,22200,75.79927563667297,49806,49861.58,0,0.4,0.5,20,ONE_POINT,100,100,RANDOM,4
222,22300,76.1606924533844,49761,49764.56,0,0.4,0.5,20,ONE_POINT,100,100,RANDOM,4
223,22400,76.49079370498657,49683,49687.79,0,0.4,0.5,20,ONE_POINT,100,100,RANDOM,4
224,22500,76.84409165382385,49622,49635.99,0,0.4,0.5,20,ONE_POINT,100,100,RANDOM,4
225,22600,77.19145154953003,49604,49617.89,0,0.4,0.5,20,ONE_POINT,100,100,RANDOM,4
226,22700,77.52112174034119,49462,49480.42,0,0.4,0.5,20,ONE_POINT,100,100,RANDOM,4
227,22800,77.87879610061646,49304,49316.04,0,0.4,0.5,20,ONE_POINT,100,100,RANDOM,4
228,22900,78.2321081161499,49190,49203.16,0,0.4,0.5,20,ONE_POINT,100,100,RANDOM,4
229,23000,78.58815479278564,49118,49187.17,0,0.4,0.5,20,ONE_POINT,100,100,RANDOM,4
230,23100,78.92976903915405,49027,49032.26,0,0.4,0.5,20,ONE_POINT,100,100,RANDOM,4
231,23200,79.28091812133789,48917,48923.78,0,0.4,0.5,20,ONE_POINT,100,100,RANDOM,4
232,23300,79.6101438999176,48806,48836.29,0,0.4,0.5,20,ONE_POINT,100,100,RANDOM,4
233,23400,79.96533584594727,48732,48761.87,0,0.4,0.5,20,ONE_POINT,100,100,RANDOM,4
234,23500,80.33618092536926,48595,48622.14,0,0.4,0.5,20,ONE_POINT,100,100,RANDOM,4
235,23600,80.65435147285461,48519,48524.32,0,0.4,0.5,20,ONE_POINT,100,100,RANDOM,4
236,23700,81.03411221504211,48438,48442.91,0,0.4,0.5,20,ONE_POINT,100,100,RANDOM,4
237,23800,81.3554277420044,48261,48276.15,0,0.4,0.5,20,ONE_POINT,100,100,RANDOM,4
238,23900,81.69153714179993,48190,48209.24,0,0.4,0.5,20,ONE_POINT,100,100,RANDOM,4
239,24000,82.05852603912354,48169,48178.66,0,0.4,0.5,20,ONE_POINT,100,100,RANDOM,4
240,24100,82.41737723350525,48082,48090.38,0,0.4,0.5,20,ONE_POINT,100,100,RANDOM,4
241,24200,82.74652814865112,47864,47872.72,0,0.4,0.5,20,ONE_POINT,100,100,RANDOM,4
242,24300,83.11478090286255,47777,47803.82,0,0.4,0.5,20,ONE_POINT,100,100,RANDOM,4
243,24400,83.46853017807007,47588,47611.31,0,0.4,0.5,20,ONE_POINT,100,100,RANDOM,4
244,24500,83.7956051826477,47467,47485.46,0,0.4,0.5,20,ONE_POINT,100,100,RANDOM,4
245,24600,84.15022945404053,47084,47096.7,0,0.4,0.5,20,ONE_POINT,100,100,RANDOM,4
246,24700,84.52314591407776,47040,47043.52,0,0.4,0.5,20,ONE_POINT,100,100,RANDOM,4
247,24800,84.87281656265259,46881,46888.95,0,0.4,0.5,20,ONE_POINT,100,100,RANDOM,4
248,24900,85.21218204498291,46834,46837.76,0,0.4,0.5,20,ONE_POINT,100,100,RANDOM,4
249,25000,85.56429409980774,46727,46733.42,0,0.4,0.5,20,ONE_POINT,100,100,RANDOM,4
250,25100,85.93432545661926,46683,46688.52,0,0.4,0.5,20,ONE_POINT,100,100,RANDOM,4
251,25200,86.2679193019867,46515,46533.11,0,0.4,0.5,20,ONE_POINT,100,100,RANDOM,4
252,25300,86.60277676582336,46416,46440.0,0,0.4,0.5,20,ONE_POINT,100,100,RANDOM,4
253,25400,86.97104048728943,46375,46379.55,0,0.4,0.5,20,ONE_POINT,100,100,RANDOM,4
254,25500,87.34696507453918,46314,46319.24,0,0.4,0.5,20,ONE_POINT,100,100,RANDOM,4
255,25600,87.74238753318787,46245,46269.29,0,0.4,0.5,20,ONE_POINT,100,100,RANDOM,4
256,25700,88.12468647956848,46195,46198.8,0,0.4,0.5,20,ONE_POINT,100,100,RANDOM,4
257,25800,88.45479035377502,46100,46110.2,0,0.4,0.5,20,ONE_POINT,100,100,RANDOM,4
258,25900,88.80994129180908,46030,46076.68,0,0.4,0.5,20,ONE_POINT,100,100,RANDOM,4
259,26000,89.16354322433472,45766,45777.32,0,0.4,0.5,20,ONE_POINT,100,100,RANDOM,4
260,26100,89.50220131874084,45731,45734.85,0,0.4,0.5,20,ONE_POINT,100,100,RANDOM,4
261,26200,89.85473537445068,45589,45597.52,0,0.4,0.5,20,ONE_POINT,100,100,RANDOM,4
262,26300,90.21963739395142,45562,45581.94,0,0.4,0.5,20,ONE_POINT,100,100,RANDOM,4
263,26400,90.58791255950928,45411,45561.29,0,0.4,0.5,20,ONE_POINT,100,100,RANDOM,4
264,26500,90.93880271911621,45369,45374.22,0,0.4,0.5,20,ONE_POINT,100,100,RANDOM,4
265,26600,91.29322648048401,45267,45275.66,0,0.4,0.5,20,ONE_POINT,100,100,RANDOM,4
266,26700,91.62954187393188,45137,45148.08,0,0.4,0.5,20,ONE_POINT,100,100,RANDOM,4
267,26800,91.99647951126099,45022,45029.82,0,0.4,0.5,20,ONE_POINT,100,100,RANDOM,4
268,26900,92.35142803192139,44921,44931.08,0,0.4,0.5,20,ONE_POINT,100,100,RANDOM,4
269,27000,92.71559572219849,44890,44907.64,0,0.4,0.5,20,ONE_POINT,100,100,RANDOM,4
270,27100,93.0513756275177,44831,44836.13,0,0.4,0.5,20,ONE_POINT,100,100,RANDOM,4
271,27200,93.38228178024292,44699,44707.5,0,0.4,0.5,20,ONE_POINT,100,100,RANDOM,4
272,27300,93.74420404434204,44651,44655.81,0,0.4,0.5,20,ONE_POINT,100,100,RANDOM,4
273,27400,94.09392309188843,44608,44611.08,0,0.4,0.5,20,ONE_POINT,100,100,RANDOM,4
274,27500,94.48445200920105,44584,44587.03,0,0.4,0.5,20,ONE_POINT,100,100,RANDOM,4
275,27600,94.82657790184021,44551,44559.99,0,0.4,0.5,20,ONE_POINT,100,100,RANDOM,4
276,27700,95.19086074829102,44516,44528.33,0,0.4,0.5,20,ONE_POINT,100,100,RANDOM,4
277,27800,95.55925989151001,44431,44442.94,0,0.4,0.5,20,ONE_POINT,100,100,RANDOM,4
278,27900,95.92900252342224,44372,44380.82,0,0.4,0.5,20,ONE_POINT,100,100,RANDOM,4
279,28000,96.2535400390625,44308,44334.65,0,0.4,0.5,20,ONE_POINT,100,100,RANDOM,4
280,28100,96.62073135375977,44308,44308.0,0,0.4,0.5,20,ONE_POINT,100,100,RANDOM,4
281,28200,96.95982694625854,44204,44388.2,0,0.4,0.5,20,ONE_POINT,100,100,RANDOM,4
282,28300,97.3139979839325,44087,44189.02,0,0.4,0.5,20,ONE_POINT,100,100,RANDOM,4
283,28400,97.66108179092407,43939,43946.97,0,0.4,0.5,20,ONE_POINT,100,100,RANDOM,4
284,28500,98.03215909004211,43924,43926.42,0,0.4,0.5,20,ONE_POINT,100,100,RANDOM,4
285,28600,98.38302183151245,43808,43816.29,0,0.4,0.5,20,ONE_POINT,100,100,RANDOM,4
286,28700,98.71928811073303,43659,43679.73,0,0.4,0.5,20,ONE_POINT,100,100,RANDOM,4
287,28800,99.06750559806824,43621,43688.77,0,0.4,0.5,20,ONE_POINT,100,100,RANDOM,4
288,28900,99.394122838974,43571,43575.38,0,0.4,0.5,20,ONE_POINT,100,100,RANDOM,4
289,29000,99.75980591773987,43388,43401.65,0,0.4,0.5,20,ONE_POINT,100,100,RANDOM,4
290,29100,100.12148094177246,43268,43288.5,0,0.4,0.5,20,ONE_POINT,100,100,RANDOM,4
291,29200,100.47391653060913,43231,43250.88,0,0.4,0.5,20,ONE_POINT,100,100,RANDOM,4
292,29300,100.81480622291565,43163,43195.47,0,0.4,0.5,20,ONE_POINT,100,100,RANDOM,4
293,29400,101.1379005908966,43065,43072.64,0,0.4,0.5,20,ONE_POINT,100,100,RANDOM,4
294,29500,101.5037989616394,43010,43014.48,0,0.4,0.5,20,ONE_POINT,100,100,RANDOM,4
295,29600,101.8471200466156,42959,42974.31,0,0.4,0.5,20,ONE_POINT,100,100,RANDOM,4
296,29700,102.19309115409851,42902,42974.53,0,0.4,0.5,20,ONE_POINT,100,100,RANDOM,4
297,29800,102.54599356651306,42786,42807.86,0,0.4,0.5,20,ONE_POINT,100,100,RANDOM,4
298,29900,102.86703038215637,42577,42668.79,0,0.4,0.5,20,ONE_POINT,100,100,RANDOM,4
299,30000,103.21227979660034,42565,42580.41,0,0.4,0.5,20,ONE_POINT,100,100,RANDOM,4
300,30100,103.55088329315186,42538,42540.7,0,0.4,0.5,20,ONE_POINT,100,100,RANDOM,4
301,30200,103.9273533821106,42459,42469.46,0,0.4,0.5,20,ONE_POINT,100,100,RANDOM,4
302,30300,104.24934148788452,42382,42412.79,0,0.4,0.5,20,ONE_POINT,100,100,RANDOM,4
303,30400,104.63508629798889,42354,42371.88,0,0.4,0.5,20,ONE_POINT,100,100,RANDOM,4
304,30500,105.00463795661926,42307,42316.83,0,0.4,0.5,20,ONE_POINT,100,100,RANDOM,4
305,30600,105.38140988349915,42245,42261.44,0,0.4,0.5,20,ONE_POINT,100,100,RANDOM,4
306,30700,105.77275109291077,42131,42137.84,0,0.4,0.5,20,ONE_POINT,100,100,RANDOM,4
307,30800,106.10248517990112,42024,42033.62,0,0.4,0.5,20,ONE_POINT,100,100,RANDOM,4
308,30900,106.45358204841614,42007,42012.93,0,0.4,0.5,20,ONE_POINT,100,100,RANDOM,4
309,31000,106.80381679534912,41903,41925.92,0,0.4,0.5,20,ONE_POINT,100,100,RANDOM,4
310,31100,107.13960123062134,41784,41792.35,0,0.4,0.5,20,ONE_POINT,100,100,RANDOM,4
311,31200,107.47028684616089,41699,41705.35,0,0.4,0.5,20,ONE_POINT,100,100,RANDOM,4
312,31300,107.82722330093384,41566,41575.37,0,0.4,0.5,20,ONE_POINT,100,100,RANDOM,4
313,31400,108.1614875793457,41538,41544.06,0,0.4,0.5,20,ONE_POINT,100,100,RANDOM,4
314,31500,108.48547291755676,41493,41497.61,0,0.4,0.5,20,ONE_POINT,100,100,RANDOM,4
315,31600,108.85463356971741,41428,41441.45,0,0.4,0.5,20,ONE_POINT,100,100,RANDOM,4
316,31700,109.17196130752563,41396,41572.83,0,0.4,0.5,20,ONE_POINT,100,100,RANDOM,4
317,31800,109.52908396720886,41368,41376.14,0,0.4,0.5,20,ONE_POINT,100,100,RANDOM,4
318,31900,109.87013459205627,41340,41342.77,0,0.4,0.5,20,ONE_POINT,100,100,RANDOM,4
319,32000,110.19882273674011,41277,41288.88,0,0.4,0.5,20,ONE_POINT,100,100,RANDOM,4
320,32100,110.55303835868835,41208,41229.46,0,0.4,0.5,20,ONE_POINT,100,100,RANDOM,4
321,32200,110.88003087043762,41120,41138.53,0,0.4,0.5,20,ONE_POINT,100,100,RANDOM,4
322,32300,111.22020721435547,41032,41091.23,0,0.4,0.5,20,ONE_POINT,100,100,RANDOM,4
323,32400,111.54681062698364,41000,41004.27,0,0.4,0.5,20,ONE_POINT,100,100,RANDOM,4
324,32500,111.87135243415833,40880,40891.96,0,0.4,0.5,20,ONE_POINT,100,100,RANDOM,4
325,32600,112.23335337638855,40834,40838.7,0,0.4,0.5,20,ONE_POINT,100,100,RANDOM,4
326,32700,112.58682537078857,40746,40755.76,0,0.4,0.5,20,ONE_POINT,100,100,RANDOM,4
327,32800,112.9282534122467,40733,40746.35,0,0.4,0.5,20,ONE_POINT,100,100,RANDOM,4
328,32900,113.2490303516388,40673,40685.17,0,0.4,0.5,20,ONE_POINT,100,100,RANDOM,4
329,33000,113.61072492599487,40624,40703.83,0,0.4,0.5,20,ONE_POINT,100,100,RANDOM,4
330,33100,113.98622035980225,40553,40557.51,0,0.4,0.5,20,ONE_POINT,100,100,RANDOM,4
331,33200,114.31993746757507,40498,40513.97,0,0.4,0.5,20,ONE_POINT,100,100,RANDOM,4
332,33300,114.67799639701843,40418,40423.27,0,0.4,0.5,20,ONE_POINT,100,100,RANDOM,4
333,33400,115.02582311630249,40372,40464.19,0,0.4,0.5,20,ONE_POINT,100,100,RANDOM,4
334,33500,115.43370342254639,40328,40340.32,0,0.4,0.5,20,ONE_POINT,100,100,RANDOM,4
335,33600,115.81786775588989,40277,40281.75,0,0.4,0.5,20,ONE_POINT,100,100,RANDOM,4
336,33700,116.19365167617798,40219,40224.73,0,0.4,0.5,20,ONE_POINT,100,100,RANDOM,4
337,33800,116.52526259422302,40187,40266.56,0,0.4,0.5,20,ONE_POINT,100,100,RANDOM,4
338,33900,116.87315726280212,40152,40156.08,0,0.4,0.5,20,ONE_POINT,100,100,RANDOM,4
339,34000,117.20214366912842,40147,40148.15,0,0.4,0.5,20,ONE_POINT,100,100,RANDOM,4
340,34100,117.5483992099762,40097,40106.37,0,0.4,0.5,20,ONE_POINT,100,100,RANDOM,4
341,34200,117.87406611442566,40027,40039.57,0,0.4,0.5,20,ONE_POINT,100,100,RANDOM,4
342,34300,118.24443411827087,39995,39997.63,0,0.4,0.5,20,ONE_POINT,100,100,RANDOM,4
343,34400,118.56317663192749,39907,40036.75,0,0.4,0.5,20,ONE_POINT,100,100,RANDOM,4
344,34500,118.93039584159851,39859,39975.13,0,0.4,0.5,20,ONE_POINT,100,100,RANDOM,4
345,34600,119.2887499332428,39820,39824.93,0,0.4,0.5,20,ONE_POINT,100,100,RANDOM,4
346,34700,119.64934158325195,39754,39910.2,0,0.4,0.5,20,ONE_POINT,100,100,RANDOM,4
347,34800,120.02804327011108,39716,39722.0,0,0.4,0.5,20,ONE_POINT,100,100,RANDOM,4
348,34900,120.36148738861084,39650,39659.8,0,0.4,0.5,20,ONE_POINT,100,100,RANDOM,4
349,35000,120.7125015258789,39569,39577.82,0,0.4,0.5,20,ONE_POINT,100,100,RANDOM,4
350,35100,121.03943943977356,39526,39534.73,0,0.4,0.5,20,ONE_POINT,100,100,RANDOM,4
351,35200,121.38917112350464,39482,39487.37,0,0.4,0.5,20,ONE_POINT,100,100,RANDOM,4
352,35300,121.7279098033905,39457,39459.5,0,0.4,0.5,20,ONE_POINT,100,100,RANDOM,4
353,35400,122.12254905700684,39417,39428.51,0,0.4,0.5,20,ONE_POINT,100,100,RANDOM,4
354,35500,122.519207239151,39376,39381.24,0,0.4,0.5,20,ONE_POINT,100,100,RANDOM,4
355,35600,122.89107608795166,39299,39313.91,0,0.4,0.5,20,ONE_POINT,100,100,RANDOM,4
356,35700,123.22880244255066,39179,39190.54,0,0.4,0.5,20,ONE_POINT,100,100,RANDOM,4
357,35800,123.5488874912262,39158,39164.99,0,0.4,0.5,20,ONE_POINT,100,100,RANDOM,4
358,35900,123.92286491394043,39142,39152.51,0,0.4,0.5,20,ONE_POINT,100,100,RANDOM,4
359,36000,124.29035210609436,39078,39127.23,0,0.4,0.5,20,ONE_POINT,100,100,RANDOM,4
360,36100,124.645437002182,39034,39050.18,0,0.4,0.5,20,ONE_POINT,100,100,RANDOM,4
361,36200,125.00106024742126,39006,39009.08,0,0.4,0.5,20,ONE_POINT,100,100,RANDOM,4
362,36300,125.34963130950928,38970,38974.64,0,0.4,0.5,20,ONE_POINT,100,100,RANDOM,4
363,36400,125.69373536109924,38957,38960.68,0,0.4,0.5,20,ONE_POINT,100,100,RANDOM,4
364,36500,126.04770851135254,38900,38905.77,0,0.4,0.5,20,ONE_POINT,100,100,RANDOM,4
365,36600,126.3901355266571,38844,38858.2,0,0.4,0.5,20,ONE_POINT,100,100,RANDOM,4
366,36700,126.73022675514221,38822,38827.38,0,0.4,0.5,20,ONE_POINT,100,100,RANDOM,4
367,36800,127.10093307495117,38795,38798.83,0,0.4,0.5,20,ONE_POINT,100,100,RANDOM,4
368,36900,127.44316554069519,38759,38762.75,0,0.4,0.5,20,ONE_POINT,100,100,RANDOM,4
369,37000,127.77485203742981,38696,38702.0,0,0.4,0.5,20,ONE_POINT,100,100,RANDOM,4
370,37100,128.14553117752075,38635,38645.76,0,0.4,0.5,20,ONE_POINT,100,100,RANDOM,4
371,37200,128.47416734695435,38635,38635.0,0,0.4,0.5,20,ONE_POINT,100,100,RANDOM,4
372,37300,128.81524395942688,38587,38590.87,0,0.4,0.5,20,ONE_POINT,100,100,RANDOM,4
373,37400,129.1447823047638,38581,38582.44,0,0.4,0.5,20,ONE_POINT,100,100,RANDOM,4
374,37500,129.50946736335754,38552,38555.08,0,0.4,0.5,20,ONE_POINT,100,100,RANDOM,4
375,37600,129.86422896385193,38468,38487.08,0,0.4,0.5,20,ONE_POINT,100,100,RANDOM,4
376,37700,130.19919991493225,38443,38445.31,0,0.4,0.5,20,ONE_POINT,100,100,RANDOM,4
377,37800,130.54982209205627,38412,38422.47,0,0.4,0.5,20,ONE_POINT,100,100,RANDOM,4
378,37900,130.90083050727844,38378,38399.07,0,0.4,0.5,20,ONE_POINT,100,100,RANDOM,4
379,38000,131.2782666683197,38356,38360.46,0,0.4,0.5,20,ONE_POINT,100,100,RANDOM,4
380,38100,131.62274718284607,38316,38325.42,0,0.4,0.5,20,ONE_POINT,100,100,RANDOM,4
381,38200,131.99104595184326,38314,38382.81,0,0.4,0.5,20,ONE_POINT,100,100,RANDOM,4
382,38300,132.31563258171082,38299,38301.03,0,0.4,0.5,20,ONE_POINT,100,100,RANDOM,4
383,38400,132.67159962654114,38276,38278.95,0,0.4,0.5,20,ONE_POINT,100,100,RANDOM,4
384,38500,132.99170565605164,38232,38241.58,0,0.4,0.5,20,ONE_POINT,100,100,RANDOM,4
385,38600,133.31442975997925,38093,38104.26,0,0.4,0.5,20,ONE_POINT,100,100,RANDOM,4
386,38700,133.67329812049866,38079,38080.61,0,0.4,0.5,20,ONE_POINT,100,100,RANDOM,4
387,38800,134.0270540714264,37990,37997.03,0,0.4,0.5,20,ONE_POINT,100,100,RANDOM,4
388,38900,134.38197588920593,37972,37975.22,0,0.4,0.5,20,ONE_POINT,100,100,RANDOM,4
389,39000,134.6989471912384,37875,37883.91,0,0.4,0.5,20,ONE_POINT,100,100,RANDOM,4
390,39100,135.02310633659363,37787,37794.32,0,0.4,0.5,20,ONE_POINT,100,100,RANDOM,4
391,39200,135.39190983772278,37762,37850.85,0,0.4,0.5,20,ONE_POINT,100,100,RANDOM,4
392,39300,135.71317338943481,37721,37725.1,0,0.4,0.5,20,ONE_POINT,100,100,RANDOM,4
393,39400,136.0634524822235,37663,37668.17,0,0.4,0.5,20,ONE_POINT,100,100,RANDOM,4
394,39500,136.4142460823059,37566,37575.35,0,0.4,0.5,20,ONE_POINT,100,100,RANDOM,4
395,39600,136.7826371192932,37520,37530.0,0,0.4,0.5,20,ONE_POINT,100,100,RANDOM,4
396,39700,137.132248878479,37426,37431.64,0,0.4,0.5,20,ONE_POINT,100,100,RANDOM,4
397,39800,137.51567220687866,37407,37424.87,0,0.4,0.5,20,ONE_POINT,100,100,RANDOM,4
398,39900,137.87854647636414,37373,37536.35,0,0.4,0.5,20,ONE_POINT,100,100,RANDOM,4
399,40000,138.2176034450531,37353,37355.54,0,0.4,0.5,20,ONE_POINT,100,100,RANDOM,4
400,40100,138.5935399532318,37321,37327.4,0,0.4,0.5,20,ONE_POINT,100,100,RANDOM,4
401,40200,138.93740057945251,37310,37312.67,0,0.4,0.5,20,ONE_POINT,100,100,RANDOM,4
402,40300,139.27784276008606,37274,37279.96,0,0.4,0.5,20,ONE_POINT,100,100,RANDOM,4
403,40400,139.70119094848633,37230,37236.74,0,0.4,0.5,20,ONE_POINT,100,100,RANDOM,4
404,40500,140.10518622398376,37205,37249.25,0,0.4,0.5,20,ONE_POINT,100,100,RANDOM,4
405,40600,140.4511353969574,37121,37128.22,0,0.4,0.5,20,ONE_POINT,100,100,RANDOM,4
406,40700,140.7873980998993,37076,37084.4,0,0.4,0.5,20,ONE_POINT,100,100,RANDOM,4
407,40800,141.14213275909424,37076,37076.0,0,0.4,0.5,20,ONE_POINT,100,100,RANDOM,4
408,40900,141.51952028274536,37017,37023.67,0,0.4,0.5,20,ONE_POINT,100,100,RANDOM,4
409,41000,141.91648387908936,36947,36956.97,0,0.4,0.5,20,ONE_POINT,100,100,RANDOM,4
410,41100,142.2734968662262,36909,36916.64,0,0.4,0.5,20,ONE_POINT,100,100,RANDOM,4
411,41200,142.65293264389038,36901,36914.56,0,0.4,0.5,20,ONE_POINT,100,100,RANDOM,4
412,41300,142.9782202243805,36867,36869.81,0,0.4,0.5,20,ONE_POINT,100,100,RANDOM,4
413,41400,143.32508420944214,36853,36856.38,0,0.4,0.5,20,ONE_POINT,100,100,RANDOM,4
414,41500,143.6793086528778,36835,36867.87,0,0.4,0.5,20,ONE_POINT,100,100,RANDOM,4
415,41600,144.01317071914673,36812,36818.84,0,0.4,0.5,20,ONE_POINT,100,100,RANDOM,4
416,41700,144.33792519569397,36723,36853.16,0,0.4,0.5,20,ONE_POINT,100,100,RANDOM,4
417,41800,144.70407128334045,36696,36701.25,0,0.4,0.5,20,ONE_POINT,100,100,RANDOM,4
418,41900,145.07225465774536,36663,36668.73,0,0.4,0.5,20,ONE_POINT,100,100,RANDOM,4
419,42000,145.4362370967865,36635,36639.23,0,0.4,0.5,20,ONE_POINT,100,100,RANDOM,4
420,42100,145.7919363975525,36595,36598.6,0,0.4,0.5,20,ONE_POINT,100,100,RANDOM,4
421,42200,146.1256878376007,36549,36552.68,0,0.4,0.5,20,ONE_POINT,100,100,RANDOM,4
422,42300,146.4809341430664,36482,36486.02,0,0.4,0.5,20,ONE_POINT,100,100,RANDOM,4
423,42400,146.83599400520325,36442,36635.9,0,0.4,0.5,20,ONE_POINT,100,100,RANDOM,4
424,42500,147.1822793483734,36427,36433.59,0,0.4,0.5,20,ONE_POINT,100,100,RANDOM,4
425,42600,147.55038142204285,36395,36398.65,0,0.4,0.5,20,ONE_POINT,100,100,RANDOM,4
426,42700,147.9361867904663,36361,36365.91,0,0.4,0.5,20,ONE_POINT,100,100,RANDOM,4
427,42800,148.29943370819092,36354,36362.63,0,0.4,0.5,20,ONE_POINT,100,100,RANDOM,4
428,42900,148.64145851135254,36340,36341.75,0,0.4,0.5,20,ONE_POINT,100,100,RANDOM,4
429,43000,149.00791931152344,36299,36309.85,0,0.4,0.5,20,ONE_POINT,100,100,RANDOM,4
430,43100,149.34725785255432,36282,36284.45,0,0.4,0.5,20,ONE_POINT,100,100,RANDOM,4
431,43200,149.70772886276245,36268,36280.08,0,0.4,0.5,20,ONE_POINT,100,100,RANDOM,4
432,43300,150.11627316474915,36226,36229.95,0,0.4,0.5,20,ONE_POINT,100,100,RANDOM,4
433,43400,150.46649265289307,36209,36239.37,0,0.4,0.5,20,ONE_POINT,100,100,RANDOM,4
434,43500,151.16560983657837,36185,36188.47,0,0.4,0.5,20,ONE_POINT,100,100,RANDOM,4
435,43600,152.1806390285492,36162,36165.09,0,0.4,0.5,20,ONE_POINT,100,100,RANDOM,4
436,43700,153.1691825389862,36125,36138.6,0,0.4,0.5,20,ONE_POINT,100,100,RANDOM,4
437,43800,154.2771008014679,36125,36125.0,0,0.4,0.5,20,ONE_POINT,100,100,RANDOM,4
438,43900,155.23967170715332,35985,35993.4,0,0.4,0.5,20,ONE_POINT,100,100,RANDOM,4
439,44000,156.2059051990509,35940,35954.29,0,0.4,0.5,20,ONE_POINT,100,100,RANDOM,4
440,44100,157.12405633926392,35939,35946.32,0,0.4,0.5,20,ONE_POINT,100,100,RANDOM,4
441,44200,158.11394023895264,35920,35935.46,0,0.4,0.5,20,ONE_POINT,100,100,RANDOM,4
442,44300,159.1290409564972,35889,35895.56,0,0.4,0.5,20,ONE_POINT,100,100,RANDOM,4
443,44400,160.04455733299255,35837,35845.32,0,0.4,0.5,20,ONE_POINT,100,100,RANDOM,4
444,44500,161.01197910308838,35818,35833.88,0,0.4,0.5,20,ONE_POINT,100,100,RANDOM,4
445,44600,162.08098244667053,35811,35813.69,0,0.4,0.5,20,ONE_POINT,100,100,RANDOM,4
446,44700,163.02758860588074,35647,35656.91,0,0.4,0.5,20,ONE_POINT,100,100,RANDOM,4
447,44800,163.9820864200592,35562,35567.86,0,0.4,0.5,20,ONE_POINT,100,100,RANDOM,4
448,44900,164.90486645698547,35495,35505.69,0,0.4,0.5,20,ONE_POINT,100,100,RANDOM,4
449,45000,165.90944528579712,35445,35469.19,0,0.4,0.5,20,ONE_POINT,100,100,RANDOM,4
450,45100,166.9077126979828,35432,35441.44,0,0.4,0.5,20,ONE_POINT,100,100,RANDOM,4
451,45200,168.0168023109436,35392,35423.14,0,0.4,0.5,20,ONE_POINT,100,100,RANDOM,4
452,45300,169.04926753044128,35342,35361.63,0,0.4,0.5,20,ONE_POINT,100,100,RANDOM,4
453,45400,170.15213751792908,35336,35355.24,0,0.4,0.5,20,ONE_POINT,100,100,RANDOM,4
454,45500,171.0440273284912,35316,35320.47,0,0.4,0.5,20,ONE_POINT,100,100,RANDOM,4
455,45600,171.96619939804077,35296,35306.95,0,0.4,0.5,20,ONE_POINT,100,100,RANDOM,4
456,45700,172.8408238887787,35265,35282.99,0,0.4,0.5,20,ONE_POINT,100,100,RANDOM,4
457,45800,173.79141521453857,35237,35248.29,0,0.4,0.5,20,ONE_POINT,100,100,RANDOM,4
458,45900,174.73023414611816,35191,35520.39,0,0.4,0.5,20,ONE_POINT,100,100,RANDOM,4
459,46000,175.66423964500427,35153,35161.33,0,0.4,0.5,20,ONE_POINT,100,100,RANDOM,4
460,46100,176.639573097229,35143,35152.94,0,0.4,0.5,20,ONE_POINT,100,100,RANDOM,4
461,46200,177.62048721313477,35105,35125.19,0,0.4,0.5,20,ONE_POINT,100,100,RANDOM,4
462,46300,178.68605279922485,35094,35104.27,0,0.4,0.5,20,ONE_POINT,100,100,RANDOM,4
463,46400,179.701354265213,35057,35061.88,0,0.4,0.5,20,ONE_POINT,100,100,RANDOM,4
464,46500,180.7038938999176,35025,35029.54,0,0.4,0.5,20,ONE_POINT,100,100,RANDOM,4
465,46600,181.65016388893127,34998,35003.57,0,0.4,0.5,20,ONE_POINT,100,100,RANDOM,4
466,46700,182.6863238811493,34946,34954.1,0,0.4,0.5,20,ONE_POINT,100,100,RANDOM,4
467,46800,183.74393844604492,34918,34922.54,0,0.4,0.5,20,ONE_POINT,100,100,RANDOM,4
468,46900,184.10055541992188,34868,34874.95,0,0.4,0.5,20,ONE_POINT,100,100,RANDOM,4
469,47000,184.46559882164001,34836,34843.87,0,0.4,0.5,20,ONE_POINT,100,100,RANDOM,4
470,47100,184.85460686683655,34833,34833.93,0,0.4,0.5,20,ONE_POINT,100,100,RANDOM,4
471,47200,185.2018163204193,34809,34811.73,0,0.4,0.5,20,ONE_POINT,100,100,RANDOM,4
472,47300,185.53585362434387,34793,34802.04,0,0.4,0.5,20,ONE_POINT,100,100,RANDOM,4
473,47400,185.89859461784363,34761,34763.56,0,0.4,0.5,20,ONE_POINT,100,100,RANDOM,4
474,47500,186.21774125099182,34732,34734.97,0,0.4,0.5,20,ONE_POINT,100,100,RANDOM,4
475,47600,186.55291628837585,34722,34728.45,0,0.4,0.5,20,ONE_POINT,100,100,RANDOM,4
476,47700,186.9231538772583,34671,34689.19,0,0.4,0.5,20,ONE_POINT,100,100,RANDOM,4
477,47800,187.26533269882202,34664,34668.89,0,0.4,0.5,20,ONE_POINT,100,100,RANDOM,4
478,47900,187.60553765296936,34649,34651.28,0,0.4,0.5,20,ONE_POINT,100,100,RANDOM,4
479,48000,187.92880845069885,34627,34633.0,0,0.4,0.5,20,ONE_POINT,100,100,RANDOM,4
480,48100,188.24557733535767,34620,34621.42,0,0.4,0.5,20,ONE_POINT,100,100,RANDOM,4
481,48200,188.57633876800537,34616,34616.48,0,0.4,0.5,20,ONE_POINT,100,100,RANDOM,4
482,48300,188.8950159549713,34602,34608.24,0,0.4,0.5,20,ONE_POINT,100,100,RANDOM,4
483,48400,189.22673964500427,34559,34568.84,0,0.4,0.5,20,ONE_POINT,100,100,RANDOM,4
484,48500,189.56112790107727,34469,34480.63,0,0.4,0.5,20,ONE_POINT,100,100,RANDOM,4
485,48600,189.92550134658813,34469,34469.0,0,0.4,0.5,20,ONE_POINT,100,100,RANDOM,4
486,48700,190.29274010658264,34415,34420.47,0,0.4,0.5,20,ONE_POINT,100,100,RANDOM,4
487,48800,190.63457584381104,34411,34421.97,0,0.4,0.5,20,ONE_POINT,100,100,RANDOM,4
488,48900,190.97155737876892,34401,34409.17,0,0.4,0.5,20,ONE_POINT,100,100,RANDOM,4
489,49000,191.29421615600586,34340,34511.86,0,0.4,0.5,20,ONE_POINT,100,100,RANDOM,4
490,49100,191.6151762008667,34334,34344.39,0,0.4,0.5,20,ONE_POINT,100,100,RANDOM,4
491,49200,191.97283625602722,34300,34419.6,0,0.4,0.5,20,ONE_POINT,100,100,RANDOM,4
492,49300,192.313294172287,34255,34258.68,0,0.4,0.5,20,ONE_POINT,100,100,RANDOM,4
493,49400,192.62388253211975,34255,34255.0,0,0.4,0.5,20,ONE_POINT,100,100,RANDOM,4
494,49500,192.9790587425232,34242,34243.56,0,0.4,0.5,20,ONE_POINT,100,100,RANDOM,4
495,49600,193.32711958885193,34173,34179.09,0,0.4,0.5,20,ONE_POINT,100,100,RANDOM,4
496,49700,193.65122246742249,34041,34070.06,0,0.4,0.5,20,ONE_POINT,100,100,RANDOM,4
497,49800,193.96838212013245,34031,34032.4,0,0.4,0.5,20,ONE_POINT,100,100,RANDOM,4
498,49900,194.33982253074646,34015,34043.33,0,0.4,0.5,20,ONE_POINT,100,100,RANDOM,4
499,50000,194.63657093048096,33981,33984.95,0,0.4,0.5,20,ONE_POINT,100,100,RANDOM,4
500,50100,194.97459721565247,33924,33929.2,0,0.4,0.5,20,ONE_POINT,100,100,RANDOM,4
1,200,0.21880459785461426,135885,134527.56,0,0.4,0.5,20,ONE_POINT,100,100,RANDOM,5
2,300,0.6013693809509277,133112,133159.73,0,0.4,0.5,20,ONE_POINT,100,100,RANDOM,5
3,400,0.9319372177124023,132293,132309.27,0,0.4,0.5,20,ONE_POINT,100,100,RANDOM,5
4,500,1.291212797164917,131824,131833.76,0,0.4,0.5,20,ONE_POINT,100,100,RANDOM,5
5,600,1.6391403675079346,130191,130226.65,0,0.4,0.5,20,ONE_POINT,100,100,RANDOM,5
6,700,1.9967668056488037,129331,129347.5,0,0.4,0.5,20,ONE_POINT,100,100,RANDOM,5
7,800,2.335893154144287,128493,128515.35,0,0.4,0.5,20,ONE_POINT,100,100,RANDOM,5
8,900,2.6716206073760986,127924,127942.52,0,0.4,0.5,20,ONE_POINT,100,100,RANDOM,5
9,1000,3.032266616821289,126800,126822.48,0,0.4,0.5,20,ONE_POINT,100,100,RANDOM,5
10,1100,3.37623929977417,126000,126024.0,0,0.4,0.5,20,ONE_POINT,100,100,RANDOM,5
11,1200,3.73417067527771,124745,124840.89,0,0.4,0.5,20,ONE_POINT,100,100,RANDOM,5
12,1300,4.0373289585113525,124000,124046.28,0,0.4,0.5,20,ONE_POINT,100,100,RANDOM,5
13,1400,4.3413920402526855,123415,123440.01,0,0.4,0.5,20,ONE_POINT,100,100,RANDOM,5
14,1500,4.6504786014556885,122150,122175.3,0,0.4,0.5,20,ONE_POINT,100,100,RANDOM,5
15,1600,4.982409715652466,121449,121470.03,0,0.4,0.5,20,ONE_POINT,100,100,RANDOM,5
16,1700,5.323742151260376,120892,120937.09,0,0.4,0.5,20,ONE_POINT,100,100,RANDOM,5
17,1800,5.6778645515441895,120391,120416.33,0,0.4,0.5,20,ONE_POINT,100,100,RANDOM,5
18,1900,6.004449367523193,118902,118927.31,0,0.4,0.5,20,ONE_POINT,100,100,RANDOM,5
19,2000,6.318074941635132,117887,117916.58,0,0.4,0.5,20,ONE_POINT,100,100,RANDOM,5
20,2100,6.627988338470459,116903,116932.52,0,0.4,0.5,20,ONE_POINT,100,100,RANDOM,5
21,2200,6.9823315143585205,116271,116303.11,0,0.4,0.5,20,ONE_POINT,100,100,RANDOM,5
22,2300,7.302422523498535,115907,115921.3,0,0.4,0.5,20,ONE_POINT,100,100,RANDOM,5
23,2400,7.652999401092529,115230,115349.1,0,0.4,0.5,20,ONE_POINT,100,100,RANDOM,5
24,2500,8.014816284179688,114231,114270.96,0,0.4,0.5,20,ONE_POINT,100,100,RANDOM,5
25,2600,8.386744022369385,113954,113979.1,0,0.4,0.5,20,ONE_POINT,100,100,RANDOM,5
26,2700,8.746784687042236,113213,113250.47,0,0.4,0.5,20,ONE_POINT,100,100,RANDOM,5
27,2800,9.077766418457031,112537,112554.41,0,0.4,0.5,20,ONE_POINT,100,100,RANDOM,5
28,2900,9.420095920562744,111064,111108.19,0,0.4,0.5,20,ONE_POINT,100,100,RANDOM,5
29,3000,9.765428304672241,110544,110565.27,0,0.4,0.5,20,ONE_POINT,100,100,RANDOM,5
30,3100,10.078812837600708,110159,110176.02,0,0.4,0.5,20,ONE_POINT,100,100,RANDOM,5
31,3200,10.433254718780518,109909,109920.44,0,0.4,0.5,20,ONE_POINT,100,100,RANDOM,5
32,3300,10.790066957473755,108913,108945.52,0,0.4,0.5,20,ONE_POINT,100,100,RANDOM,5
33,3400,11.128347873687744,108158,108189.08,0,0.4,0.5,20,ONE_POINT,100,100,RANDOM,5
34,3500,11.456852912902832,107207,107229.67,0,0.4,0.5,20,ONE_POINT,100,100,RANDOM,5
35,3600,11.798623323440552,106574,106660.26,0,0.4,0.5,20,ONE_POINT,100,100,RANDOM,5
36,3700,12.163496017456055,105982,105993.84,0,0.4,0.5,20,ONE_POINT,100,100,RANDOM,5
37,3800,12.489242315292358,105284,105301.99,0,0.4,0.5,20,ONE_POINT,100,100,RANDOM,5
38,3900,12.78767442703247,105022,105031.14,0,0.4,0.5,20,ONE_POINT,100,100,RANDOM,5
39,4000,13.111876010894775,103791,103815.62,0,0.4,0.5,20,ONE_POINT,100,100,RANDOM,5
40,4100,13.415366649627686,103135,103174.25,0,0.4,0.5,20,ONE_POINT,100,100,RANDOM,5
41,4200,13.734278440475464,102913,102926.89,0,0.4,0.5,20,ONE_POINT,100,100,RANDOM,5
42,4300,14.061223030090332,102619,102648.41,0,0.4,0.5,20,ONE_POINT,100,100,RANDOM,5
43,4400,14.393312931060791,102012,102101.45,0,0.4,0.5,20,ONE_POINT,100,100,RANDOM,5
44,4500,14.72615671157837,101544,101639.91,0,0.4,0.5,20,ONE_POINT,100,100,RANDOM,5
45,4600,15.038127422332764,101285,101331.03,0,0.4,0.5,20,ONE_POINT,100,100,RANDOM,5
46,4700,15.337711572647095,100809,100833.39,0,0.4,0.5,20,ONE_POINT,100,100,RANDOM,5
47,4800,15.660683393478394,100546,100573.51,0,0.4,0.5,20,ONE_POINT,100,100,RANDOM,5
48,4900,15.971044301986694,100374,100383.32,0,0.4,0.5,20,ONE_POINT,100,100,RANDOM,5
49,5000,16.312285661697388,100309,100312.9,0,0.4,0.5,20,ONE_POINT,100,100,RANDOM,5
50,5100,16.654630184173584,99143,99192.92,0,0.4,0.5,20,ONE_POINT,100,100,RANDOM,5
51,5200,16.963645219802856,98838,98880.42,0,0.4,0.5,20,ONE_POINT,100,100,RANDOM,5
52,5300,17.2933931350708,98459,98470.37,0,0.4,0.5,20,ONE_POINT,100,100,RANDOM,5
53,5400,17.698711395263672,98253,98286.97,0,0.4,0.5,20,ONE_POINT,100,100,RANDOM,5
54,5500,18.054149627685547,97967,97999.65,0,0.4,0.5,20,ONE_POINT,100,100,RANDOM,5
55,5600,18.41323971748352,97647,97662.15,0,0.4,0.5,20,ONE_POINT,100,100,RANDOM,5
56,5700,18.77027201652527,97067,97089.38,0,0.4,0.5,20,ONE_POINT,100,100,RANDOM,5
57,5800,19.11441969871521,96745,96763.07,0,0.4,0.5,20,ONE_POINT,100,100,RANDOM,5
58,5900,19.44252586364746,96322,96334.69,0,0.4,0.5,20,ONE_POINT,100,100,RANDOM,5
59,6000,19.76651883125305,95884,95901.52,0,0.4,0.5,20,ONE_POINT,100,100,RANDOM,5
60,6100,20.129493713378906,95403,95420.82,0,0.4,0.5,20,ONE_POINT,100,100,RANDOM,5
61,6200,20.50133752822876,94736,94749.34,0,0.4,0.5,20,ONE_POINT,100,100,RANDOM,5
62,6300,20.845932006835938,94223,94299.12,0,0.4,0.5,20,ONE_POINT,100,100,RANDOM,5
63,6400,21.148045539855957,94005,94013.72,0,0.4,0.5,20,ONE_POINT,100,100,RANDOM,5
64,6500,21.45436978340149,93473,93488.96,0,0.4,0.5,20,ONE_POINT,100,100,RANDOM,5
65,6600,21.761391162872314,93010,93023.89,0,0.4,0.5,20,ONE_POINT,100,100,RANDOM,5
66,6700,22.07336688041687,92752,92759.74,0,0.4,0.5,20,ONE_POINT,100,100,RANDOM,5
67,6800,22.432312965393066,92422,92433.8,0,0.4,0.5,20,ONE_POINT,100,100,RANDOM,5
68,6900,22.779695749282837,92256,92267.4,0,0.4,0.5,20,ONE_POINT,100,100,RANDOM,5
69,7000,23.1380295753479,91764,91773.84,0,0.4,0.5,20,ONE_POINT,100,100,RANDOM,5
70,7100,23.45412302017212,91129,91165.14,0,0.4,0.5,20,ONE_POINT,100,100,RANDOM,5
71,7200,23.782511949539185,90326,90342.06,0,0.4,0.5,20,ONE_POINT,100,100,RANDOM,5
72,7300,24.100831031799316,90037,90062.94,0,0.4,0.5,20,ONE_POINT,100,100,RANDOM,5
73,7400,24.404624223709106,89531,89546.18,0,0.4,0.5,20,ONE_POINT,100,100,RANDOM,5
74,7500,24.73424530029297,89168,89214.43,0,0.4,0.5,20,ONE_POINT,100,100,RANDOM,5
75,7600,25.074419021606445,88920,88969.01,0,0.4,0.5,20,ONE_POINT,100,100,RANDOM,5
76,7700,25.423837900161743,88653,88673.2,0,0.4,0.5,20,ONE_POINT,100,100,RANDOM,5
77,7800,25.760156393051147,88472,88477.55,0,0.4,0.5,20,ONE_POINT,100,100,RANDOM,5
78,7900,26.1027672290802,88169,88223.92,0,0.4,0.5,20,ONE_POINT,100,100,RANDOM,5
79,8000,26.4277241230011,87886,87964.72,0,0.4,0.5,20,ONE_POINT,100,100,RANDOM,5
80,8100,26.76276206970215,87471,87483.45,0,0.4,0.5,20,ONE_POINT,100,100,RANDOM,5
81,8200,27.101568460464478,86982,86996.4,0,0.4,0.5,20,ONE_POINT,100,100,RANDOM,5
82,8300,27.458206176757812,86711,86723.02,0,0.4,0.5,20,ONE_POINT,100,100,RANDOM,5
83,8400,27.776185274124146,86419,86466.83,0,0.4,0.5,20,ONE_POINT,100,100,RANDOM,5
84,8500,28.10083818435669,85845,85853.37,0,0.4,0.5,20,ONE_POINT,100,100,RANDOM,5
85,8600,28.450695991516113,84933,84965.8,0,0.4,0.5,20,ONE_POINT,100,100,RANDOM,5
86,8700,28.81161856651306,84734,84746.7,0,0.4,0.5,20,ONE_POINT,100,100,RANDOM,5
87,8800,29.155338525772095,83856,83875.1,0,0.4,0.5,20,ONE_POINT,100,100,RANDOM,5
88,8900,29.459668397903442,83301,83312.23,0,0.4,0.5,20,ONE_POINT,100,100,RANDOM,5
89,9000,29.802210569381714,82737,82759.75,0,0.4,0.5,20,ONE_POINT,100,100,RANDOM,5
90,9100,30.14075255393982,82299,82312.57,0,0.4,0.5,20,ONE_POINT,100,100,RANDOM,5
91,9200,30.481404781341553,81815,81824.68,0,0.4,0.5,20,ONE_POINT,100,100,RANDOM,5
92,9300,30.81809711456299,81333,81427.09,0,0.4,0.5,20,ONE_POINT,100,100,RANDOM,5
93,9400,31.148030281066895,80940,80950.91,0,0.4,0.5,20,ONE_POINT,100,100,RANDOM,5
94,9500,31.467520475387573,80757,80764.32,0,0.4,0.5,20,ONE_POINT,100,100,RANDOM,5
95,9600,31.78370976448059,80435,80448.29,0,0.4,0.5,20,ONE_POINT,100,100,RANDOM,5
96,9700,32.12729215621948,80054,80065.43,0,0.4,0.5,20,ONE_POINT,100,100,RANDOM,5
97,9800,32.44078850746155,79551,79572.18,0,0.4,0.5,20,ONE_POINT,100,100,RANDOM,5
98,9900,32.798126459121704,79036,79130.91,0,0.4,0.5,20,ONE_POINT,100,100,RANDOM,5
99,10000,33.15025854110718,78768,78777.23,0,0.4,0.5,20,ONE_POINT,100,100,RANDOM,5
100,10100,33.467042207717896,78506,78516.68,0,0.4,0.5,20,ONE_POINT,100,100,RANDOM,5
101,10200,33.8152174949646,78069,78151.46,0,0.4,0.5,20,ONE_POINT,100,100,RANDOM,5
102,10300,34.15729093551636,77939,77944.0,0,0.4,0.5,20,ONE_POINT,100,100,RANDOM,5
103,10400,34.53311491012573,77236,77263.01,0,0.4,0.5,20,ONE_POINT,100,100,RANDOM,5
104,10500,34.90002942085266,76486,76523.36,0,0.4,0.5,20,ONE_POINT,100,100,RANDOM,5
105,10600,35.259236097335815,75924,75946.48,0,0.4,0.5,20,ONE_POINT,100,100,RANDOM,5
106,10700,35.61646842956543,75698,75706.88,0,0.4,0.5,20,ONE_POINT,100,100,RANDOM,5
107,10800,35.96364879608154,74948,74972.76,0,0.4,0.5,20,ONE_POINT,100,100,RANDOM,5
108,10900,36.28387212753296,74811,74823.71,0,0.4,0.5,20,ONE_POINT,100,100,RANDOM,5
109,11000,36.60732102394104,74462,74472.86,0,0.4,0.5,20,ONE_POINT,100,100,RANDOM,5
110,11100,36.93636989593506,74044,74060.32,0,0.4,0.5,20,ONE_POINT,100,100,RANDOM,5
111,11200,37.264137744903564,73687,73704.04,0,0.4,0.5,20,ONE_POINT,100,100,RANDOM,5
112,11300,37.60278844833374,73406,73417.24,0,0.4,0.5,20,ONE_POINT,100,100,RANDOM,5
113,11400,37.94753837585449,73286,73292.0,0,0.4,0.5,20,ONE_POINT,100,100,RANDOM,5
114,11500,38.246997356414795,72864,72879.16,0,0.4,0.5,20,ONE_POINT,100,100,RANDOM,5
115,11600,38.572808265686035,72190,72203.48,0,0.4,0.5,20,ONE_POINT,100,100,RANDOM,5
116,11700,38.89357542991638,71781,71820.15,0,0.4,0.5,20,ONE_POINT,100,100,RANDOM,5
117,11800,39.2087025642395,71574,71584.48,0,0.4,0.5,20,ONE_POINT,100,100,RANDOM,5
118,11900,39.5410680770874,71331,71342.34,0,0.4,0.5,20,ONE_POINT,100,100,RANDOM,5
119,12000,39.86813569068909,71043,71058.49,0,0.4,0.5,20,ONE_POINT,100,100,RANDOM,5
120,12100,40.171000242233276,70934,70939.61,0,0.4,0.5,20,ONE_POINT,100,100,RANDOM,5
121,12200,40.510189056396484,70459,70482.04,0,0.4,0.5,20,ONE_POINT,100,100,RANDOM,5
122,12300,40.8652708530426,70279,70286.2,0,0.4,0.5,20,ONE_POINT,100,100,RANDOM,5
123,12400,41.1795699596405,70150,70181.13,0,0.4,0.5,20,ONE_POINT,100,100,RANDOM,5
124,12500,41.50112986564636,69885,69896.89,0,0.4,0.5,20,ONE_POINT,100,100,RANDOM,5
125,12600,41.83244490623474,69547,69598.15,0,0.4,0.5,20,ONE_POINT,100,100,RANDOM,5
126,12700,42.17263722419739,69356,69365.28,0,0.4,0.5,20,ONE_POINT,100,100,RANDOM,5
127,12800,42.483277320861816,69265,69270.87,0,0.4,0.5,20,ONE_POINT,100,100,RANDOM,5
128,12900,42.830573081970215,69011,69117.18,0,0.4,0.5,20,ONE_POINT,100,100,RANDOM,5
129,13000,43.182190895080566,68756,68780.02,0,0.4,0.5,20,ONE_POINT,100,100,RANDOM,5
130,13100,43.54588031768799,68569,68595.09,0,0.4,0.5,20,ONE_POINT,100,100,RANDOM,5
131,13200,43.87618613243103,68299,68311.67,0,0.4,0.5,20,ONE_POINT,100,100,RANDOM,5
132,13300,44.18567752838135,68162,68167.48,0,0.4,0.5,20,ONE_POINT,100,100,RANDOM,5
133,13400,44.55484104156494,67968,67975.76,0,0.4,0.5,20,ONE_POINT,100,100,RANDOM,5
134,13500,44.91138577461243,67814,67821.19,0,0.4,0.5,20,ONE_POINT,100,100,RANDOM,5
135,13600,45.25366020202637,67552,67590.09,0,0.4,0.5,20,ONE_POINT,100,100,RANDOM,5
136,13700,45.58550310134888,67414,67423.17,0,0.4,0.5,20,ONE_POINT,100,100,RANDOM,5
137,13800,45.91608762741089,67144,67185.98,0,0.4,0.5,20,ONE_POINT,100,100,RANDOM,5
138,13900,46.2593309879303,66934,66949.9,0,0.4,0.5,20,ONE_POINT,100,100,RANDOM,5
139,14000,46.61776161193848,66720,66728.96,0,0.4,0.5,20,ONE_POINT,100,100,RANDOM,5
140,14100,46.92467761039734,66495,66505.01,0,0.4,0.5,20,ONE_POINT,100,100,RANDOM,5
141,14200,47.231292963027954,66318,66324.97,0,0.4,0.5,20,ONE_POINT,100,100,RANDOM,5
142,14300,47.54172229766846,66155,66163.79,0,0.4,0.5,20,ONE_POINT,100,100,RANDOM,5
143,14400,47.87328314781189,65856,65887.53,0,0.4,0.5,20,ONE_POINT,100,100,RANDOM,5
144,14500,48.21535515785217,65666,65673.61,0,0.4,0.5,20,ONE_POINT,100,100,RANDOM,5
145,14600,48.582372188568115,65524,65533.0,0,0.4,0.5,20,ONE_POINT,100,100,RANDOM,5
146,14700,48.92358088493347,65152,65188.62,0,0.4,0.5,20,ONE_POINT,100,100,RANDOM,5
147,14800,49.242563247680664,64988,64994.71,0,0.4,0.5,20,ONE_POINT,100,100,RANDOM,5
148,14900,49.57899594306946,64850,64859.01,0,0.4,0.5,20,ONE_POINT,100,100,RANDOM,5
149,15000,49.87995219230652,64625,64636.76,0,0.4,0.5,20,ONE_POINT,100,100,RANDOM,5
150,15100,50.19012427330017,64439,64449.29,0,0.4,0.5,20,ONE_POINT,100,100,RANDOM,5
151,15200,50.5353000164032,64203,64210.95,0,0.4,0.5,20,ONE_POINT,100,100,RANDOM,5
152,15300,50.834558725357056,64048,64054.2,0,0.4,0.5,20,ONE_POINT,100,100,RANDOM,5
153,15400,51.14904189109802,63888,63895.93,0,0.4,0.5,20,ONE_POINT,100,100,RANDOM,5
154,15500,51.463489055633545,63843,63845.7,0,0.4,0.5,20,ONE_POINT,100,100,RANDOM,5
155,15600,51.83710312843323,63698,63705.25,0,0.4,0.5,20,ONE_POINT,100,100,RANDOM,5
156,15700,52.19935345649719,63563,63568.34,0,0.4,0.5,20,ONE_POINT,100,100,RANDOM,5
157,15800,52.532949447631836,63355,63373.15,0,0.4,0.5,20,ONE_POINT,100,100,RANDOM,5
158,15900,52.88782286643982,63102,63112.12,0,0.4,0.5,20,ONE_POINT,100,100,RANDOM,5
159,16000,53.20014524459839,62941,62947.42,0,0.4,0.5,20,ONE_POINT,100,100,RANDOM,5
160,16100,53.551573276519775,62712,62721.16,0,0.4,0.5,20,ONE_POINT,100,100,RANDOM,5
161,16200,53.86591958999634,62600,62604.48,0,0.4,0.5,20,ONE_POINT,100,100,RANDOM,5
162,16300,54.221463680267334,62424,62431.04,0,0.4,0.5,20,ONE_POINT,100,100,RANDOM,5
163,16400,54.59021234512329,62210,62219.57,0,0.4,0.5,20,ONE_POINT,100,100,RANDOM,5
164,16500,54.936161518096924,62110,62178.23,0,0.4,0.5,20,ONE_POINT,100,100,RANDOM,5
165,16600,55.27260899543762,61998,62007.92,0,0.4,0.5,20,ONE_POINT,100,100,RANDOM,5
166,16700,55.59335923194885,61841,61847.28,0,0.4,0.5,20,ONE_POINT,100,100,RANDOM,5
167,16800,55.89697337150574,61724,61729.98,0,0.4,0.5,20,ONE_POINT,100,100,RANDOM,5
168,16900,56.21090030670166,61624,61674.29,0,0.4,0.5,20,ONE_POINT,100,100,RANDOM,5
169,17000,56.53305125236511,61499,61538.68,0,0.4,0.5,20,ONE_POINT,100,100,RANDOM,5
170,17100,56.86494469642639,61283,61291.64,0,0.4,0.5,20,ONE_POINT,100,100,RANDOM,5
171,17200,57.21121430397034,61187,61200.9,0,0.4,0.5,20,ONE_POINT,100,100,RANDOM,5
172,17300,57.530927419662476,60917,60930.92,0,0.4,0.5,20,ONE_POINT,100,100,RANDOM,5
173,17400,57.89464855194092,60696,60704.84,0,0.4,0.5,20,ONE_POINT,100,100,RANDOM,5
174,17500,58.21607184410095,60396,60410.55,0,0.4,0.5,20,ONE_POINT,100,100,RANDOM,5
175,17600,58.56133460998535,60180,60188.64,0,0.4,0.5,20,ONE_POINT,100,100,RANDOM,5
176,17700,58.86548471450806,59985,59995.63,0,0.4,0.5,20,ONE_POINT,100,100,RANDOM,5
177,17800,59.240249156951904,59779,59827.27,0,0.4,0.5,20,ONE_POINT,100,100,RANDOM,5
178,17900,59.5662944316864,59658,59666.32,0,0.4,0.5,20,ONE_POINT,100,100,RANDOM,5
179,18000,59.894136905670166,59375,59389.38,0,0.4,0.5,20,ONE_POINT,100,100,RANDOM,5
180,18100,60.217260122299194,59203,59229.7,0,0.4,0.5,20,ONE_POINT,100,100,RANDOM,5
181,18200,60.55135750770569,59097,59111.94,0,0.4,0.5,20,ONE_POINT,100,100,RANDOM,5
182,18300,60.86444902420044,58822,58831.54,0,0.4,0.5,20,ONE_POINT,100,100,RANDOM,5
183,18400,61.18936562538147,58707,58714.63,0,0.4,0.5,20,ONE_POINT,100,100,RANDOM,5
184,18500,61.484753131866455,58542,58553.78,0,0.4,0.5,20,ONE_POINT,100,100,RANDOM,5
185,18600,61.81391620635986,58328,58339.21,0,0.4,0.5,20,ONE_POINT,100,100,RANDOM,5
186,18700,62.13606786727905,58300,58302.63,0,0.4,0.5,20,ONE_POINT,100,100,RANDOM,5
187,18800,62.43765377998352,58162,58169.82,0,0.4,0.5,20,ONE_POINT,100,100,RANDOM,5
188,18900,62.753286361694336,58010,58066.07,0,0.4,0.5,20,ONE_POINT,100,100,RANDOM,5
189,19000,63.088053703308105,57924,57930.73,0,0.4,0.5,20,ONE_POINT,100,100,RANDOM,5
190,19100,63.423572063446045,57865,57872.05,0,0.4,0.5,20,ONE_POINT,100,100,RANDOM,5
191,19200,63.73655104637146,57692,57701.71,0,0.4,0.5,20,ONE_POINT,100,100,RANDOM,5
192,19300,64.04557728767395,57190,57210.22,0,0.4,0.5,20,ONE_POINT,100,100,RANDOM,5
193,19400,64.40479397773743,57052,57057.91,0,0.4,0.5,20,ONE_POINT,100,100,RANDOM,5
194,19500,64.70704960823059,56977,56986.06,0,0.4,0.5,20,ONE_POINT,100,100,RANDOM,5
195,19600,65.04130220413208,56733,56746.17,0,0.4,0.5,20,ONE_POINT,100,100,RANDOM,5
196,19700,65.39124345779419,56611,56629.69,0,0.4,0.5,20,ONE_POINT,100,100,RANDOM,5
197,19800,65.71572875976562,56496,56515.44,0,0.4,0.5,20,ONE_POINT,100,100,RANDOM,5
198,19900,66.03003120422363,56215,56242.14,0,0.4,0.5,20,ONE_POINT,100,100,RANDOM,5
199,20000,66.3545446395874,56114,56120.09,0,0.4,0.5,20,ONE_POINT,100,100,RANDOM,5
200,20100,66.69889950752258,56096,56103.07,0,0.4,0.5,20,ONE_POINT,100,100,RANDOM,5
201,20200,67.00641894340515,55947,55954.31,0,0.4,0.5,20,ONE_POINT,100,100,RANDOM,5
202,20300,67.32016801834106,55702,55763.23,0,0.4,0.5,20,ONE_POINT,100,100,RANDOM,5
203,20400,67.66439151763916,55630,55654.35,0,0.4,0.5,20,ONE_POINT,100,100,RANDOM,5
204,20500,67.99177122116089,55451,55458.16,0,0.4,0.5,20,ONE_POINT,100,100,RANDOM,5
205,20600,68.35300159454346,55229,55238.3,0,0.4,0.5,20,ONE_POINT,100,100,RANDOM,5
206,20700,68.70535778999329,55069,55116.13,0,0.4,0.5,20,ONE_POINT,100,100,RANDOM,5
207,20800,69.01593780517578,54938,54944.62,0,0.4,0.5,20,ONE_POINT,100,100,RANDOM,5
208,20900,69.3455228805542,54891,54897.33,0,0.4,0.5,20,ONE_POINT,100,100,RANDOM,5
209,21000,69.65603756904602,54393,54403.43,0,0.4,0.5,20,ONE_POINT,100,100,RANDOM,5
210,21100,70.00692200660706,54336,54339.54,0,0.4,0.5,20,ONE_POINT,100,100,RANDOM,5
211,21200,70.32712507247925,54220,54232.72,0,0.4,0.5,20,ONE_POINT,100,100,RANDOM,5
212,21300,70.65586757659912,54102,54108.02,0,0.4,0.5,20,ONE_POINT,100,100,RANDOM,5
213,21400,71.02025580406189,53954,53960.63,0,0.4,0.5,20,ONE_POINT,100,100,RANDOM,5
214,21500,71.34356832504272,53739,53759.93,0,0.4,0.5,20,ONE_POINT,100,100,RANDOM,5
215,21600,71.70080590248108,53558,53567.06,0,0.4,0.5,20,ONE_POINT,100,100,RANDOM,5
216,21700,72.07336115837097,53459,53482.88,0,0.4,0.5,20,ONE_POINT,100,100,RANDOM,5
217,21800,72.3941125869751,53327,53334.24,0,0.4,0.5,20,ONE_POINT,100,100,RANDOM,5
218,21900,72.7275402545929,53189,53194.52,0,0.4,0.5,20,ONE_POINT,100,100,RANDOM,5
219,22000,73.06104040145874,53060,53075.58,0,0.4,0.5,20,ONE_POINT,100,100,RANDOM,5
220,22100,73.37190556526184,52975,52985.78,0,0.4,0.5,20,ONE_POINT,100,100,RANDOM,5
221,22200,73.70114970207214,52850,52865.48,0,0.4,0.5,20,ONE_POINT,100,100,RANDOM,5
222,22300,74.0399899482727,52774,52777.75,0,0.4,0.5,20,ONE_POINT,100,100,RANDOM,5
223,22400,74.38121795654297,52730,52733.08,0,0.4,0.5,20,ONE_POINT,100,100,RANDOM,5
224,22500,74.73956680297852,52619,52623.86,0,0.4,0.5,20,ONE_POINT,100,100,RANDOM,5
225,22600,75.0656521320343,52575,52578.08,0,0.4,0.5,20,ONE_POINT,100,100,RANDOM,5
226,22700,75.37009787559509,52499,52505.89,0,0.4,0.5,20,ONE_POINT,100,100,RANDOM,5
227,22800,75.7018792629242,52460,52463.12,0,0.4,0.5,20,ONE_POINT,100,100,RANDOM,5
228,22900,76.06951332092285,52363,52369.72,0,0.4,0.5,20,ONE_POINT,100,100,RANDOM,5
229,23000,76.3792245388031,52155,52164.39,0,0.4,0.5,20,ONE_POINT,100,100,RANDOM,5
230,23100,76.71864986419678,52005,52015.41,0,0.4,0.5,20,ONE_POINT,100,100,RANDOM,5
231,23200,77.03967833518982,51919,51928.93,0,0.4,0.5,20,ONE_POINT,100,100,RANDOM,5
232,23300,77.33548331260681,51817,51823.12,0,0.4,0.5,20,ONE_POINT,100,100,RANDOM,5
233,23400,77.66652321815491,51715,51722.27,0,0.4,0.5,20,ONE_POINT,100,100,RANDOM,5
234,23500,77.99553298950195,51649,51661.67,0,0.4,0.5,20,ONE_POINT,100,100,RANDOM,5
235,23600,78.3201973438263,51549,51556.47,0,0.4,0.5,20,ONE_POINT,100,100,RANDOM,5
236,23700,78.65178489685059,51434,51467.65,0,0.4,0.5,20,ONE_POINT,100,100,RANDOM,5
237,23800,78.9532642364502,51354,51362.96,0,0.4,0.5,20,ONE_POINT,100,100,RANDOM,5
238,23900,79.29628920555115,51265,51272.14,0,0.4,0.5,20,ONE_POINT,100,100,RANDOM,5
239,24000,79.64314651489258,51066,51080.99,0,0.4,0.5,20,ONE_POINT,100,100,RANDOM,5
240,24100,79.96368145942688,50993,51083.76,0,0.4,0.5,20,ONE_POINT,100,100,RANDOM,5
241,24200,80.28967499732971,50924,50929.97,0,0.4,0.5,20,ONE_POINT,100,100,RANDOM,5
242,24300,80.63724946975708,50837,50842.18,0,0.4,0.5,20,ONE_POINT,100,100,RANDOM,5
243,24400,80.9572856426239,50699,50706.25,0,0.4,0.5,20,ONE_POINT,100,100,RANDOM,5
244,24500,81.25421667098999,50636,50639.78,0,0.4,0.5,20,ONE_POINT,100,100,RANDOM,5
245,24600,81.55384135246277,50585,50592.65,0,0.4,0.5,20,ONE_POINT,100,100,RANDOM,5
246,24700,81.87940907478333,50496,50501.77,0,0.4,0.5,20,ONE_POINT,100,100,RANDOM,5
247,24800,82.19698858261108,50366,50376.14,0,0.4,0.5,20,ONE_POINT,100,100,RANDOM,5
248,24900,82.55477380752563,50297,50310.07,0,0.4,0.5,20,ONE_POINT,100,100,RANDOM,5
249,25000,82.88122248649597,50236,50239.65,0,0.4,0.5,20,ONE_POINT,100,100,RANDOM,5
250,25100,83.22615027427673,50107,50113.45,0,0.4,0.5,20,ONE_POINT,100,100,RANDOM,5
251,25200,83.54539465904236,49999,50008.67,0,0.4,0.5,20,ONE_POINT,100,100,RANDOM,5
252,25300,83.84323859214783,49858,49863.64,0,0.4,0.5,20,ONE_POINT,100,100,RANDOM,5
253,25400,84.16881275177002,49812,49825.96,0,0.4,0.5,20,ONE_POINT,100,100,RANDOM,5
254,25500,84.53430700302124,49504,49628.86,0,0.4,0.5,20,ONE_POINT,100,100,RANDOM,5
255,25600,84.88154482841492,49455,49474.05,0,0.4,0.5,20,ONE_POINT,100,100,RANDOM,5
256,25700,85.23292255401611,49306,49315.77,0,0.4,0.5,20,ONE_POINT,100,100,RANDOM,5
257,25800,85.59434795379639,49230,49234.54,0,0.4,0.5,20,ONE_POINT,100,100,RANDOM,5
258,25900,85.90574812889099,49111,49136.34,0,0.4,0.5,20,ONE_POINT,100,100,RANDOM,5
259,26000,86.21451663970947,49094,49096.74,0,0.4,0.5,20,ONE_POINT,100,100,RANDOM,5
260,26100,86.51888871192932,49014,49020.85,0,0.4,0.5,20,ONE_POINT,100,100,RANDOM,5
261,26200,86.8798041343689,48967,48970.64,0,0.4,0.5,20,ONE_POINT,100,100,RANDOM,5
262,26300,87.1844573020935,48806,48818.98,0,0.4,0.5,20,ONE_POINT,100,100,RANDOM,5
263,26400,87.53779482841492,48751,48767.53,0,0.4,0.5,20,ONE_POINT,100,100,RANDOM,5
264,26500,87.86608242988586,48721,48787.93,0,0.4,0.5,20,ONE_POINT,100,100,RANDOM,5
265,26600,88.16444730758667,48642,48650.47,0,0.4,0.5,20,ONE_POINT,100,100,RANDOM,5
266,26700,88.46111679077148,48576,48585.66,0,0.4,0.5,20,ONE_POINT,100,100,RANDOM,5
267,26800,88.77832698822021,48370,48379.81,0,0.4,0.5,20,ONE_POINT,100,100,RANDOM,5
268,26900,89.08793425559998,48279,48284.46,0,0.4,0.5,20,ONE_POINT,100,100,RANDOM,5
269,27000,89.41257810592651,48049,48077.1,0,0.4,0.5,20,ONE_POINT,100,100,RANDOM,5
270,27100,89.735426902771,47927,47943.26,0,0.4,0.5,20,ONE_POINT,100,100,RANDOM,5
271,27200,90.03922748565674,47890,47904.38,0,0.4,0.5,20,ONE_POINT,100,100,RANDOM,5
272,27300,90.40634775161743,47788,47795.71,0,0.4,0.5,20,ONE_POINT,100,100,RANDOM,5
273,27400,90.75357007980347,47647,47668.52,0,0.4,0.5,20,ONE_POINT,100,100,RANDOM,5
274,27500,91.06094026565552,47572,47577.0,0,0.4,0.5,20,ONE_POINT,100,100,RANDOM,5
275,27600,91.39022946357727,47412,47420.0,0,0.4,0.5,20,ONE_POINT,100,100,RANDOM,5
276,27700,91.72210264205933,47349,47365.13,0,0.4,0.5,20,ONE_POINT,100,100,RANDOM,5
277,27800,92.09964752197266,47150,47166.95,0,0.4,0.5,20,ONE_POINT,100,100,RANDOM,5
278,27900,92.40649962425232,47069,47073.86,0,0.4,0.5,20,ONE_POINT,100,100,RANDOM,5
279,28000,92.7363588809967,46930,46956.61,0,0.4,0.5,20,ONE_POINT,100,100,RANDOM,5
280,28100,93.08438444137573,46862,46868.43,0,0.4,0.5,20,ONE_POINT,100,100,RANDOM,5
281,28200,93.39671802520752,46722,46729.68,0,0.4,0.5,20,ONE_POINT,100,100,RANDOM,5
282,28300,93.71363091468811,46595,46607.57,0,0.4,0.5,20,ONE_POINT,100,100,RANDOM,5
283,28400,94.05572581291199,46440,46446.75,0,0.4,0.5,20,ONE_POINT,100,100,RANDOM,5
284,28500,94.39325881004333,46399,46405.17,0,0.4,0.5,20,ONE_POINT,100,100,RANDOM,5
285,28600,94.73523759841919,46339,46439.73,0,0.4,0.5,20,ONE_POINT,100,100,RANDOM,5
286,28700,95.0345733165741,46319,46342.61,0,0.4,0.5,20,ONE_POINT,100,100,RANDOM,5
287,28800,95.36894106864929,46197,46205.46,0,0.4,0.5,20,ONE_POINT,100,100,RANDOM,5
288,28900,95.6942892074585,46035,46044.06,0,0.4,0.5,20,ONE_POINT,100,100,RANDOM,5
289,29000,96.00344705581665,45985,45988.85,0,0.4,0.5,20,ONE_POINT,100,100,RANDOM,5
290,29100,96.33981251716614,45806,45841.46,0,0.4,0.5,20,ONE_POINT,100,100,RANDOM,5
291,29200,96.64813899993896,45730,45752.32,0,0.4,0.5,20,ONE_POINT,100,100,RANDOM,5
292,29300,96.99998807907104,45677,45771.23,0,0.4,0.5,20,ONE_POINT,100,100,RANDOM,5
293,29400,97.35044836997986,45556,45561.77,0,0.4,0.5,20,ONE_POINT,100,100,RANDOM,5
294,29500,97.66814827919006,45514,45519.82,0,0.4,0.5,20,ONE_POINT,100,100,RANDOM,5
295,29600,98.01076006889343,45485,45500.03,0,0.4,0.5,20,ONE_POINT,100,100,RANDOM,5
296,29700,98.33801174163818,45399,45432.58,0,0.4,0.5,20,ONE_POINT,100,100,RANDOM,5
297,29800,98.7003436088562,45308,45320.82,0,0.4,0.5,20,ONE_POINT,100,100,RANDOM,5
298,29900,99.01294279098511,45189,45238.25,0,0.4,0.5,20,ONE_POINT,100,100,RANDOM,5
299,30000,99.32612562179565,45116,45120.38,0,0.4,0.5,20,ONE_POINT,100,100,RANDOM,5
300,30100,99.65626096725464,45031,45035.84,0,0.4,0.5,20,ONE_POINT,100,100,RANDOM,5
301,30200,100.02048301696777,44935,44942.73,0,0.4,0.5,20,ONE_POINT,100,100,RANDOM,5
302,30300,100.38240623474121,44743,44751.64,0,0.4,0.5,20,ONE_POINT,100,100,RANDOM,5
303,30400,100.73930072784424,44674,44683.11,0,0.4,0.5,20,ONE_POINT,100,100,RANDOM,5
304,30500,101.11716604232788,44570,44576.24,0,0.4,0.5,20,ONE_POINT,100,100,RANDOM,5
305,30600,101.46348786354065,44508,44516.94,0,0.4,0.5,20,ONE_POINT,100,100,RANDOM,5
306,30700,101.8320324420929,44453,44457.72,0,0.4,0.5,20,ONE_POINT,100,100,RANDOM,5
307,30800,102.17601370811462,44409,44413.67,0,0.4,0.5,20,ONE_POINT,100,100,RANDOM,5
308,30900,102.51225161552429,44369,44377.17,0,0.4,0.5,20,ONE_POINT,100,100,RANDOM,5
309,31000,102.84491038322449,44314,44325.67,0,0.4,0.5,20,ONE_POINT,100,100,RANDOM,5
310,31100,103.16886019706726,44231,44235.48,0,0.4,0.5,20,ONE_POINT,100,100,RANDOM,5
311,31200,103.49516105651855,44187,44194.42,0,0.4,0.5,20,ONE_POINT,100,100,RANDOM,5
312,31300,103.82587814331055,44134,44144.0,0,0.4,0.5,20,ONE_POINT,100,100,RANDOM,5
313,31400,104.16367840766907,44094,44102.66,0,0.4,0.5,20,ONE_POINT,100,100,RANDOM,5
314,31500,104.47989511489868,43928,43958.6,0,0.4,0.5,20,ONE_POINT,100,100,RANDOM,5
315,31600,104.8201425075531,43832,43840.35,0,0.4,0.5,20,ONE_POINT,100,100,RANDOM,5
316,31700,105.17481303215027,43692,43700.4,0,0.4,0.5,20,ONE_POINT,100,100,RANDOM,5
317,31800,105.53294086456299,43568,43575.98,0,0.4,0.5,20,ONE_POINT,100,100,RANDOM,5
318,31900,105.85212206840515,43401,43418.43,0,0.4,0.5,20,ONE_POINT,100,100,RANDOM,5
319,32000,106.1742901802063,43341,43358.57,0,0.4,0.5,20,ONE_POINT,100,100,RANDOM,5
320,32100,106.55527544021606,43238,43244.18,0,0.4,0.5,20,ONE_POINT,100,100,RANDOM,5
321,32200,106.91614961624146,43197,43221.11,0,0.4,0.5,20,ONE_POINT,100,100,RANDOM,5
322,32300,107.21476769447327,43113,43252.52,0,0.4,0.5,20,ONE_POINT,100,100,RANDOM,5
323,32400,107.547691822052,43047,43057.57,0,0.4,0.5,20,ONE_POINT,100,100,RANDOM,5
324,32500,107.88524413108826,42953,42960.55,0,0.4,0.5,20,ONE_POINT,100,100,RANDOM,5
325,32600,108.18136072158813,42785,42803.15,0,0.4,0.5,20,ONE_POINT,100,100,RANDOM,5
326,32700,108.5152816772461,42726,42735.77,0,0.4,0.5,20,ONE_POINT,100,100,RANDOM,5
327,32800,108.82506561279297,42601,42753.3,0,0.4,0.5,20,ONE_POINT,100,100,RANDOM,5
328,32900,109.16752576828003,42527,42542.97,0,0.4,0.5,20,ONE_POINT,100,100,RANDOM,5
329,33000,109.48203992843628,42397,42408.7,0,0.4,0.5,20,ONE_POINT,100,100,RANDOM,5
330,33100,109.82689571380615,42318,42323.0,0,0.4,0.5,20,ONE_POINT,100,100,RANDOM,5
331,33200,110.18078088760376,42207,42349.46,0,0.4,0.5,20,ONE_POINT,100,100,RANDOM,5
332,33300,110.50301623344421,42158,42171.44,0,0.4,0.5,20,ONE_POINT,100,100,RANDOM,5
333,33400,110.82591652870178,42015,42035.46,0,0.4,0.5,20,ONE_POINT,100,100,RANDOM,5
334,33500,111.14293837547302,41891,41907.8,0,0.4,0.5,20,ONE_POINT,100,100,RANDOM,5
335,33600,111.49625396728516,41835,41850.24,0,0.4,0.5,20,ONE_POINT,100,100,RANDOM,5
336,33700,111.81922101974487,41767,41771.68,0,0.4,0.5,20,ONE_POINT,100,100,RANDOM,5
337,33800,112.15284538269043,41683,41815.32,0,0.4,0.5,20,ONE_POINT,100,100,RANDOM,5
338,33900,112.47502374649048,41677,41678.21,0,0.4,0.5,20,ONE_POINT,100,100,RANDOM,5
339,34000,112.80685877799988,41667,41669.61,0,0.4,0.5,20,ONE_POINT,100,100,RANDOM,5
340,34100,113.17295145988464,41619,41629.95,0,0.4,0.5,20,ONE_POINT,100,100,RANDOM,5
341,34200,113.50342059135437,41522,41545.86,0,0.4,0.5,20,ONE_POINT,100,100,RANDOM,5
342,34300,113.80564141273499,41441,41445.52,0,0.4,0.5,20,ONE_POINT,100,100,RANDOM,5
343,34400,114.1434850692749,41403,41405.88,0,0.4,0.5,20,ONE_POINT,100,100,RANDOM,5
344,34500,114.5081799030304,41224,41244.6,0,0.4,0.5,20,ONE_POINT,100,100,RANDOM,5
345,34600,114.84750008583069,41187,41293.23,0,0.4,0.5,20,ONE_POINT,100,100,RANDOM,5
346,34700,115.17951130867004,41072,41079.53,0,0.4,0.5,20,ONE_POINT,100,100,RANDOM,5
347,34800,115.53990650177002,40995,40999.54,0,0.4,0.5,20,ONE_POINT,100,100,RANDOM,5
348,34900,115.86744928359985,40937,40942.72,0,0.4,0.5,20,ONE_POINT,100,100,RANDOM,5
349,35000,116.18896222114563,40877,40880.6,0,0.4,0.5,20,ONE_POINT,100,100,RANDOM,5
350,35100,116.52071261405945,40819,40823.54,0,0.4,0.5,20,ONE_POINT,100,100,RANDOM,5
351,35200,116.88846445083618,40772,40777.59,0,0.4,0.5,20,ONE_POINT,100,100,RANDOM,5
352,35300,117.19121026992798,40705,40709.7,0,0.4,0.5,20,ONE_POINT,100,100,RANDOM,5
353,35400,117.55981421470642,40662,40669.11,0,0.4,0.5,20,ONE_POINT,100,100,RANDOM,5
354,35500,117.89147758483887,40655,40665.96,0,0.4,0.5,20,ONE_POINT,100,100,RANDOM,5
355,35600,118.26363778114319,40573,40596.51,0,0.4,0.5,20,ONE_POINT,100,100,RANDOM,5
356,35700,118.59504008293152,40491,40510.14,0,0.4,0.5,20,ONE_POINT,100,100,RANDOM,5
357,35800,118.93408155441284,40415,40521.36,0,0.4,0.5,20,ONE_POINT,100,100,RANDOM,5
358,35900,119.2851870059967,40340,40345.25,0,0.4,0.5,20,ONE_POINT,100,100,RANDOM,5
359,36000,119.5888237953186,40314,40317.42,0,0.4,0.5,20,ONE_POINT,100,100,RANDOM,5
360,36100,119.93915820121765,40201,40208.07,0,0.4,0.5,20,ONE_POINT,100,100,RANDOM,5
361,36200,120.25720357894897,40197,40199.07,0,0.4,0.5,20,ONE_POINT,100,100,RANDOM,5
362,36300,120.61529326438904,40155,40161.74,0,0.4,0.5,20,ONE_POINT,100,100,RANDOM,5
363,36400,120.9423315525055,40091,40108.13,0,0.4,0.5,20,ONE_POINT,100,100,RANDOM,5
364,36500,121.24887418746948,40067,40075.21,0,0.4,0.5,20,ONE_POINT,100,100,RANDOM,5
365,36600,121.55433344841003,40016,40130.37,0,0.4,0.5,20,ONE_POINT,100,100,RANDOM,5
366,36700,121.87716817855835,39969,39972.66,0,0.4,0.5,20,ONE_POINT,100,100,RANDOM,5
367,36800,122.23424482345581,39945,39949.3,0,0.4,0.5,20,ONE_POINT,100,100,RANDOM,5
368,36900,122.6185929775238,39911,39941.02,0,0.4,0.5,20,ONE_POINT,100,100,RANDOM,5
369,37000,122.93212723731995,39898,39901.36,0,0.4,0.5,20,ONE_POINT,100,100,RANDOM,5
370,37100,123.23750710487366,39869,39885.63,0,0.4,0.5,20,ONE_POINT,100,100,RANDOM,5
371,37200,123.56218028068542,39856,39857.56,0,0.4,0.5,20,ONE_POINT,100,100,RANDOM,5
372,37300,123.8758659362793,39707,39718.44,0,0.4,0.5,20,ONE_POINT,100,100,RANDOM,5
373,37400,124.2479989528656,39699,39702.89,0,0.4,0.5,20,ONE_POINT,100,100,RANDOM,5
374,37500,124.56411623954773,39675,39787.11,0,0.4,0.5,20,ONE_POINT,100,100,RANDOM,5
375,37600,124.90454316139221,39605,39610.04,0,0.4,0.5,20,ONE_POINT,100,100,RANDOM,5
376,37700,125.21311116218567,39579,39584.91,0,0.4,0.5,20,ONE_POINT,100,100,RANDOM,5
377,37800,125.53614902496338,39544,39584.24,0,0.4,0.5,20,ONE_POINT,100,100,RANDOM,5
378,37900,125.87386298179626,39508,39517.68,0,0.4,0.5,20,ONE_POINT,100,100,RANDOM,5
379,38000,126.22710514068604,39482,39484.39,0,0.4,0.5,20,ONE_POINT,100,100,RANDOM,5
380,38100,126.56522607803345,39482,39482.0,0,0.4,0.5,20,ONE_POINT,100,100,RANDOM,5
381,38200,126.8908486366272,39478,39484.87,0,0.4,0.5,20,ONE_POINT,100,100,RANDOM,5
382,38300,127.23656225204468,39478,39478.0,0,0.4,0.5,20,ONE_POINT,100,100,RANDOM,5
1,200,0.2015542984008789,132047,130404.97,0,0.4,0.5,20,ONE_POINT,100,100,RANDOM,6
2,300,0.5835387706756592,127548,127618.42,0,0.4,0.5,20,ONE_POINT,100,100,RANDOM,6
3,400,0.9312844276428223,126847,126861.02,0,0.4,0.5,20,ONE_POINT,100,100,RANDOM,6
4,500,1.2666261196136475,125208,125255.93,0,0.4,0.5,20,ONE_POINT,100,100,RANDOM,6
5,600,1.634786605834961,124585,124597.46,0,0.4,0.5,20,ONE_POINT,100,100,RANDOM,6
6,700,1.9812507629394531,123312,123343.94,0,0.4,0.5,20,ONE_POINT,100,100,RANDOM,6
7,800,2.2804980278015137,121999,122028.82,0,0.4,0.5,20,ONE_POINT,100,100,RANDOM,6
8,900,2.590214729309082,121163,121184.01,0,0.4,0.5,20,ONE_POINT,100,100,RANDOM,6
9,1000,2.922093391418457,120635,120652.01,0,0.4,0.5,20,ONE_POINT,100,100,RANDOM,6
10,1100,3.2285962104797363,120000,120019.05,0,0.4,0.5,20,ONE_POINT,100,100,RANDOM,6
11,1200,3.561720848083496,119114,119142.83,0,0.4,0.5,20,ONE_POINT,100,100,RANDOM,6
12,1300,3.8567543029785156,118536,118553.34,0,0.4,0.5,20,ONE_POINT,100,100,RANDOM,6
13,1400,4.205685138702393,118139,118177.7,0,0.4,0.5,20,ONE_POINT,100,100,RANDOM,6
14,1500,4.553208351135254,117401,117430.17,0,0.4,0.5,20,ONE_POINT,100,100,RANDOM,6
15,1600,4.864906072616577,116837,116876.69,0,0.4,0.5,20,ONE_POINT,100,100,RANDOM,6
16,1700,5.194098234176636,116162,116198.35,0,0.4,0.5,20,ONE_POINT,100,100,RANDOM,6
17,1800,5.548267841339111,115305,115329.57,0,0.4,0.5,20,ONE_POINT,100,100,RANDOM,6
18,1900,5.865797758102417,114833,114877.58,0,0.4,0.5,20,ONE_POINT,100,100,RANDOM,6
19,2000,6.209965229034424,113944,113981.09,0,0.4,0.5,20,ONE_POINT,100,100,RANDOM,6
20,2100,6.558868885040283,113002,113029.2,0,0.4,0.5,20,ONE_POINT,100,100,RANDOM,6
21,2200,6.882411003112793,112407,112424.85,0,0.4,0.5,20,ONE_POINT,100,100,RANDOM,6
22,2300,7.201981544494629,112196,112206.24,0,0.4,0.5,20,ONE_POINT,100,100,RANDOM,6
23,2400,7.542993068695068,111675,111697.1,0,0.4,0.5,20,ONE_POINT,100,100,RANDOM,6
24,2500,7.842491865158081,111233,111256.62,0,0.4,0.5,20,ONE_POINT,100,100,RANDOM,6
25,2600,8.209979057312012,110553,110585.36,0,0.4,0.5,20,ONE_POINT,100,100,RANDOM,6
26,2700,8.520286798477173,109956,109973.93,0,0.4,0.5,20,ONE_POINT,100,100,RANDOM,6
27,2800,8.875734806060791,109505,109528.18,0,0.4,0.5,20,ONE_POINT,100,100,RANDOM,6
28,2900,9.176630973815918,108982,109001.21,0,0.4,0.5,20,ONE_POINT,100,100,RANDOM,6
29,3000,9.516382217407227,108193,108222.21,0,0.4,0.5,20,ONE_POINT,100,100,RANDOM,6
30,3100,9.889571189880371,107617,107628.52,0,0.4,0.5,20,ONE_POINT,100,100,RANDOM,6
31,3200,10.217170238494873,107380,107397.17,0,0.4,0.5,20,ONE_POINT,100,100,RANDOM,6
32,3300,10.5364089012146,106997,107009.07,0,0.4,0.5,20,ONE_POINT,100,100,RANDOM,6
33,3400,10.889489650726318,106173,106205.96,0,0.4,0.5,20,ONE_POINT,100,100,RANDOM,6
34,3500,11.216800212860107,105649,105732.3,0,0.4,0.5,20,ONE_POINT,100,100,RANDOM,6
35,3600,11.552719116210938,105017,105034.16,0,0.4,0.5,20,ONE_POINT,100,100,RANDOM,6
36,3700,11.870124816894531,104061,104080.12,0,0.4,0.5,20,ONE_POINT,100,100,RANDOM,6
37,3800,12.184148788452148,103478,103491.37,0,0.4,0.5,20,ONE_POINT,100,100,RANDOM,6
38,3900,12.519516944885254,102934,102957.78,0,0.4,0.5,20,ONE_POINT,100,100,RANDOM,6
39,4000,12.878609418869019,102489,102502.34,0,0.4,0.5,20,ONE_POINT,100,100,RANDOM,6
40,4100,13.204012393951416,101617,101634.44,0,0.4,0.5,20,ONE_POINT,100,100,RANDOM,6
41,4200,13.534960269927979,101113,101123.08,0,0.4,0.5,20,ONE_POINT,100,100,RANDOM,6
42,4300,13.898437976837158,100289,100305.48,0,0.4,0.5,20,ONE_POINT,100,100,RANDOM,6
43,4400,14.23397707939148,99745,99834.79,0,0.4,0.5,20,ONE_POINT,100,100,RANDOM,6
44,4500,14.608868598937988,99438,99463.96,0,0.4,0.5,20,ONE_POINT,100,100,RANDOM,6
45,4600,14.967169046401978,99037,99052.87,0,0.4,0.5,20,ONE_POINT,100,100,RANDOM,6
46,4700,15.267355680465698,98682,98700.92,0,0.4,0.5,20,ONE_POINT,100,100,RANDOM,6
47,4800,15.575628995895386,98117,98133.95,0,0.4,0.5,20,ONE_POINT,100,100,RANDOM,6
48,4900,15.879312753677368,97221,97257.4,0,0.4,0.5,20,ONE_POINT,100,100,RANDOM,6
49,5000,16.21573042869568,96755,96768.98,0,0.4,0.5,20,ONE_POINT,100,100,RANDOM,6
50,5100,16.570451974868774,96007,96021.96,0,0.4,0.5,20,ONE_POINT,100,100,RANDOM,6
51,5200,16.881856203079224,95700,95721.36,0,0.4,0.5,20,ONE_POINT,100,100,RANDOM,6
52,5300,17.185562133789062,94573,94606.81,0,0.4,0.5,20,ONE_POINT,100,100,RANDOM,6
53,5400,17.56050992012024,94067,94083.95,0,0.4,0.5,20,ONE_POINT,100,100,RANDOM,6
54,5500,17.967724084854126,93753,93773.43,0,0.4,0.5,20,ONE_POINT,100,100,RANDOM,6
55,5600,18.352742910385132,92859,92879.41,0,0.4,0.5,20,ONE_POINT,100,100,RANDOM,6
56,5700,18.709975481033325,92425,92490.6,0,0.4,0.5,20,ONE_POINT,100,100,RANDOM,6
57,5800,19.060322999954224,91864,91886.25,0,0.4,0.5,20,ONE_POINT,100,100,RANDOM,6
58,5900,19.363006830215454,91486,91503.22,0,0.4,0.5,20,ONE_POINT,100,100,RANDOM,6
59,6000,19.70040726661682,90847,90862.77,0,0.4,0.5,20,ONE_POINT,100,100,RANDOM,6
60,6100,20.024386882781982,90285,90301.86,0,0.4,0.5,20,ONE_POINT,100,100,RANDOM,6
61,6200,20.34540820121765,89916,89939.08,0,0.4,0.5,20,ONE_POINT,100,100,RANDOM,6
62,6300,20.691967248916626,89353,89369.89,0,0.4,0.5,20,ONE_POINT,100,100,RANDOM,6
63,6400,21.031850576400757,88973,88988.2,0,0.4,0.5,20,ONE_POINT,100,100,RANDOM,6
64,6500,21.335147857666016,88395,88414.02,0,0.4,0.5,20,ONE_POINT,100,100,RANDOM,6
65,6600,21.67834782600403,88060,88070.05,0,0.4,0.5,20,ONE_POINT,100,100,RANDOM,6
66,6700,21.98987603187561,87675,87690.49,0,0.4,0.5,20,ONE_POINT,100,100,RANDOM,6
67,6800,22.33918285369873,87180,87207.0,0,0.4,0.5,20,ONE_POINT,100,100,RANDOM,6
68,6900,22.682406425476074,86861,86917.41,0,0.4,0.5,20,ONE_POINT,100,100,RANDOM,6
69,7000,22.984549522399902,86607,86624.01,0,0.4,0.5,20,ONE_POINT,100,100,RANDOM,6
70,7100,23.331427097320557,86319,86333.06,0,0.4,0.5,20,ONE_POINT,100,100,RANDOM,6
71,7200,23.640846967697144,85137,85208.16,0,0.4,0.5,20,ONE_POINT,100,100,RANDOM,6
72,7300,23.95089340209961,84827,84865.3,0,0.4,0.5,20,ONE_POINT,100,100,RANDOM,6
73,7400,24.25099754333496,84610,84618.68,0,0.4,0.5,20,ONE_POINT,100,100,RANDOM,6
74,7500,24.56126046180725,83704,83722.12,0,0.4,0.5,20,ONE_POINT,100,100,RANDOM,6
75,7600,24.868412017822266,83156,83198.42,0,0.4,0.5,20,ONE_POINT,100,100,RANDOM,6
76,7700,25.22048258781433,82798,82812.04,0,0.4,0.5,20,ONE_POINT,100,100,RANDOM,6
77,7800,25.549089670181274,82373,82388.76,0,0.4,0.5,20,ONE_POINT,100,100,RANDOM,6
78,7900,25.849496841430664,81935,81952.23,0,0.4,0.5,20,ONE_POINT,100,100,RANDOM,6
79,8000,26.183813095092773,81381,81450.07,0,0.4,0.5,20,ONE_POINT,100,100,RANDOM,6
80,8100,26.50865340232849,80759,80807.11,0,0.4,0.5,20,ONE_POINT,100,100,RANDOM,6
81,8200,26.85477066040039,80319,80336.6,0,0.4,0.5,20,ONE_POINT,100,100,RANDOM,6
82,8300,27.199554681777954,80101,80113.29,0,0.4,0.5,20,ONE_POINT,100,100,RANDOM,6
83,8400,27.527202129364014,79767,79780.57,0,0.4,0.5,20,ONE_POINT,100,100,RANDOM,6
84,8500,27.875819206237793,79548,79556.29,0,0.4,0.5,20,ONE_POINT,100,100,RANDOM,6
85,8600,28.191838264465332,79109,79126.45,0,0.4,0.5,20,ONE_POINT,100,100,RANDOM,6
86,8700,28.50945806503296,78818,78881.62,0,0.4,0.5,20,ONE_POINT,100,100,RANDOM,6
87,8800,28.835667371749878,78599,78607.6,0,0.4,0.5,20,ONE_POINT,100,100,RANDOM,6
88,8900,29.212544441223145,78330,78345.07,0,0.4,0.5,20,ONE_POINT,100,100,RANDOM,6
89,9000,29.56014394760132,77846,77866.75,0,0.4,0.5,20,ONE_POINT,100,100,RANDOM,6
90,9100,29.877399682998657,77292,77308.62,0,0.4,0.5,20,ONE_POINT,100,100,RANDOM,6
91,9200,30.24406099319458,77010,77021.37,0,0.4,0.5,20,ONE_POINT,100,100,RANDOM,6
92,9300,30.60798478126526,76765,76782.52,0,0.4,0.5,20,ONE_POINT,100,100,RANDOM,6
93,9400,30.94254159927368,76520,76530.3,0,0.4,0.5,20,ONE_POINT,100,100,RANDOM,6
94,9500,31.251330614089966,76237,76248.32,0,0.4,0.5,20,ONE_POINT,100,100,RANDOM,6
95,9600,31.55253291130066,75851,76000.85,0,0.4,0.5,20,ONE_POINT,100,100,RANDOM,6
96,9700,31.858904123306274,75707,75714.76,0,0.4,0.5,20,ONE_POINT,100,100,RANDOM,6
97,9800,32.173314809799194,75440,75458.28,0,0.4,0.5,20,ONE_POINT,100,100,RANDOM,6
98,9900,32.47679567337036,75152,75163.52,0,0.4,0.5,20,ONE_POINT,100,100,RANDOM,6
99,10000,32.78313493728638,75031,75038.58,0,0.4,0.5,20,ONE_POINT,100,100,RANDOM,6
100,10100,33.101624965667725,74709,74720.22,0,0.4,0.5,20,ONE_POINT,100,100,RANDOM,6
101,10200,33.43004655838013,74461,74470.85,0,0.4,0.5,20,ONE_POINT,100,100,RANDOM,6
102,10300,33.73698329925537,74260,74270.05,0,0.4,0.5,20,ONE_POINT,100,100,RANDOM,6
103,10400,34.11727166175842,73912,73933.41,0,0.4,0.5,20,ONE_POINT,100,100,RANDOM,6
104,10500,34.47602725028992,73763,73777.8,0,0.4,0.5,20,ONE_POINT,100,100,RANDOM,6
105,10600,34.84420847892761,73634,73639.48,0,0.4,0.5,20,ONE_POINT,100,100,RANDOM,6
106,10700,35.19455933570862,73467,73523.98,0,0.4,0.5,20,ONE_POINT,100,100,RANDOM,6
107,10800,35.53174352645874,73219,73235.34,0,0.4,0.5,20,ONE_POINT,100,100,RANDOM,6
108,10900,35.8721809387207,72744,72783.93,0,0.4,0.5,20,ONE_POINT,100,100,RANDOM,6
109,11000,36.21262049674988,72587,72601.27,0,0.4,0.5,20,ONE_POINT,100,100,RANDOM,6
110,11100,36.54149842262268,72056,72111.31,0,0.4,0.5,20,ONE_POINT,100,100,RANDOM,6
111,11200,36.87102389335632,71909,71916.35,0,0.4,0.5,20,ONE_POINT,100,100,RANDOM,6
112,11300,37.200258016586304,71522,71535.97,0,0.4,0.5,20,ONE_POINT,100,100,RANDOM,6
113,11400,37.548579454422,71240,71248.46,0,0.4,0.5,20,ONE_POINT,100,100,RANDOM,6
114,11500,37.852454662323,70958,70969.76,0,0.4,0.5,20,ONE_POINT,100,100,RANDOM,6
115,11600,38.14783048629761,70803,70810.75,0,0.4,0.5,20,ONE_POINT,100,100,RANDOM,6
116,11700,38.4608678817749,70596,70603.54,0,0.4,0.5,20,ONE_POINT,100,100,RANDOM,6
117,11800,38.82578706741333,70301,70314.87,0,0.4,0.5,20,ONE_POINT,100,100,RANDOM,6
118,11900,39.12971830368042,70114,70123.62,0,0.4,0.5,20,ONE_POINT,100,100,RANDOM,6
119,12000,39.45820736885071,69839,69850.0,0,0.4,0.5,20,ONE_POINT,100,100,RANDOM,6
120,12100,39.77628016471863,69610,69625.4,0,0.4,0.5,20,ONE_POINT,100,100,RANDOM,6
121,12200,40.10306930541992,69411,69419.37,0,0.4,0.5,20,ONE_POINT,100,100,RANDOM,6
122,12300,40.426058292388916,68968,69004.01,0,0.4,0.5,20,ONE_POINT,100,100,RANDOM,6
123,12400,40.75461173057556,68562,68581.98,0,0.4,0.5,20,ONE_POINT,100,100,RANDOM,6
124,12500,41.109694957733154,68261,68277.58,0,0.4,0.5,20,ONE_POINT,100,100,RANDOM,6
125,12600,41.45437288284302,68021,68036.04,0,0.4,0.5,20,ONE_POINT,100,100,RANDOM,6
126,12700,41.820708990097046,67744,67779.77,0,0.4,0.5,20,ONE_POINT,100,100,RANDOM,6
127,12800,42.12836003303528,67437,67449.28,0,0.4,0.5,20,ONE_POINT,100,100,RANDOM,6
128,12900,42.446065187454224,67301,67325.17,0,0.4,0.5,20,ONE_POINT,100,100,RANDOM,6
129,13000,42.80499887466431,67077,67085.96,0,0.4,0.5,20,ONE_POINT,100,100,RANDOM,6
130,13100,43.162333965301514,66889,66916.58,0,0.4,0.5,20,ONE_POINT,100,100,RANDOM,6
131,13200,43.521984815597534,66564,66667.87,0,0.4,0.5,20,ONE_POINT,100,100,RANDOM,6
132,13300,43.89408755302429,66223,66236.64,0,0.4,0.5,20,ONE_POINT,100,100,RANDOM,6
133,13400,44.21125102043152,65942,65953.24,0,0.4,0.5,20,ONE_POINT,100,100,RANDOM,6
134,13500,44.549521923065186,65757,65782.34,0,0.4,0.5,20,ONE_POINT,100,100,RANDOM,6
135,13600,44.88801455497742,65524,65585.75,0,0.4,0.5,20,ONE_POINT,100,100,RANDOM,6
136,13700,45.22430419921875,65341,65348.32,0,0.4,0.5,20,ONE_POINT,100,100,RANDOM,6
137,13800,45.570836782455444,65058,65071.15,0,0.4,0.5,20,ONE_POINT,100,100,RANDOM,6
138,13900,45.905932903289795,64844,64854.62,0,0.4,0.5,20,ONE_POINT,100,100,RANDOM,6
139,14000,46.278355836868286,64577,64587.68,0,0.4,0.5,20,ONE_POINT,100,100,RANDOM,6
140,14100,46.62231779098511,64323,64340.14,0,0.4,0.5,20,ONE_POINT,100,100,RANDOM,6
141,14200,46.96757936477661,64108,64116.6,0,0.4,0.5,20,ONE_POINT,100,100,RANDOM,6
142,14300,47.29031300544739,63891,63901.85,0,0.4,0.5,20,ONE_POINT,100,100,RANDOM,6
143,14400,47.602877378463745,63619,63647.65,0,0.4,0.5,20,ONE_POINT,100,100,RANDOM,6
144,14500,47.94883322715759,63246,63278.14,0,0.4,0.5,20,ONE_POINT,100,100,RANDOM,6
145,14600,48.25841736793518,62905,62928.54,0,0.4,0.5,20,ONE_POINT,100,100,RANDOM,6
146,14700,48.598495960235596,62793,62798.63,0,0.4,0.5,20,ONE_POINT,100,100,RANDOM,6
147,14800,48.96403765678406,62668,62696.25,0,0.4,0.5,20,ONE_POINT,100,100,RANDOM,6
148,14900,49.30519676208496,62399,62437.14,0,0.4,0.5,20,ONE_POINT,100,100,RANDOM,6
149,15000,49.693711042404175,62262,62294.77,0,0.4,0.5,20,ONE_POINT,100,100,RANDOM,6
150,15100,50.03700637817383,62101,62110.21,0,0.4,0.5,20,ONE_POINT,100,100,RANDOM,6
151,15200,50.34490489959717,61924,61934.69,0,0.4,0.5,20,ONE_POINT,100,100,RANDOM,6
152,15300,50.669687032699585,61687,61719.96,0,0.4,0.5,20,ONE_POINT,100,100,RANDOM,6
153,15400,51.023831605911255,61535,61552.41,0,0.4,0.5,20,ONE_POINT,100,100,RANDOM,6
154,15500,51.388341426849365,61335,61344.52,0,0.4,0.5,20,ONE_POINT,100,100,RANDOM,6
155,15600,51.745341300964355,61161,61174.34,0,0.4,0.5,20,ONE_POINT,100,100,RANDOM,6
156,15700,52.08980464935303,60904,60918.59,0,0.4,0.5,20,ONE_POINT,100,100,RANDOM,6
157,15800,52.424400091171265,60741,60762.1,0,0.4,0.5,20,ONE_POINT,100,100,RANDOM,6
158,15900,52.77373266220093,60605,60685.23,0,0.4,0.5,20,ONE_POINT,100,100,RANDOM,6
159,16000,53.15285348892212,60473,60479.48,0,0.4,0.5,20,ONE_POINT,100,100,RANDOM,6
160,16100,53.481433153152466,60083,60099.92,0,0.4,0.5,20,ONE_POINT,100,100,RANDOM,6
161,16200,53.818198919296265,59948,59956.39,0,0.4,0.5,20,ONE_POINT,100,100,RANDOM,6
162,16300,54.14144039154053,59795,59834.55,0,0.4,0.5,20,ONE_POINT,100,100,RANDOM,6
163,16400,54.47397565841675,59653,59666.88,0,0.4,0.5,20,ONE_POINT,100,100,RANDOM,6
164,16500,54.84262418746948,59505,59547.56,0,0.4,0.5,20,ONE_POINT,100,100,RANDOM,6
165,16600,55.14624619483948,59400,59427.16,0,0.4,0.5,20,ONE_POINT,100,100,RANDOM,6
166,16700,55.46906399726868,59285,59318.16,0,0.4,0.5,20,ONE_POINT,100,100,RANDOM,6
167,16800,55.781195640563965,59036,59045.96,0,0.4,0.5,20,ONE_POINT,100,100,RANDOM,6
168,16900,56.110090255737305,58850,58859.3,0,0.4,0.5,20,ONE_POINT,100,100,RANDOM,6
169,17000,56.44100785255432,58721,58740.59,0,0.4,0.5,20,ONE_POINT,100,100,RANDOM,6
170,17100,56.80890440940857,58513,58528.93,0,0.4,0.5,20,ONE_POINT,100,100,RANDOM,6
171,17200,57.11811137199402,58363,58368.98,0,0.4,0.5,20,ONE_POINT,100,100,RANDOM,6
172,17300,57.436710596084595,58095,58103.04,0,0.4,0.5,20,ONE_POINT,100,100,RANDOM,6
173,17400,57.754721879959106,57955,57962.0,0,0.4,0.5,20,ONE_POINT,100,100,RANDOM,6
174,17500,58.077311277389526,57756,57763.96,0,0.4,0.5,20,ONE_POINT,100,100,RANDOM,6
175,17600,58.40580105781555,57446,57460.39,0,0.4,0.5,20,ONE_POINT,100,100,RANDOM,6
176,17700,58.71161675453186,57304,57315.79,0,0.4,0.5,20,ONE_POINT,100,100,RANDOM,6
177,17800,59.06453037261963,57134,57145.96,0,0.4,0.5,20,ONE_POINT,100,100,RANDOM,6
178,17900,59.384116649627686,56991,56998.96,0,0.4,0.5,20,ONE_POINT,100,100,RANDOM,6
179,18000,59.71900725364685,56848,56853.72,0,0.4,0.5,20,ONE_POINT,100,100,RANDOM,6
180,18100,60.045244455337524,56661,56670.03,0,0.4,0.5,20,ONE_POINT,100,100,RANDOM,6
181,18200,60.38578724861145,56529,56537.47,0,0.4,0.5,20,ONE_POINT,100,100,RANDOM,6
182,18300,60.710376024246216,56372,56378.28,0,0.4,0.5,20,ONE_POINT,100,100,RANDOM,6
183,18400,61.05079936981201,56138,56149.39,0,0.4,0.5,20,ONE_POINT,100,100,RANDOM,6
184,18500,61.40753126144409,55881,55892.63,0,0.4,0.5,20,ONE_POINT,100,100,RANDOM,6
185,18600,61.70972037315369,55790,55806.86,0,0.4,0.5,20,ONE_POINT,100,100,RANDOM,6
186,18700,62.04011678695679,55731,55750.4,0,0.4,0.5,20,ONE_POINT,100,100,RANDOM,6
187,18800,62.39661359786987,55606,55615.35,0,0.4,0.5,20,ONE_POINT,100,100,RANDOM,6
188,18900,62.70246958732605,55555,55559.96,0,0.4,0.5,20,ONE_POINT,100,100,RANDOM,6
189,19000,63.06158685684204,55372,55382.62,0,0.4,0.5,20,ONE_POINT,100,100,RANDOM,6
190,19100,63.4154851436615,55205,55222.99,0,0.4,0.5,20,ONE_POINT,100,100,RANDOM,6
191,19200,63.780818939208984,55065,55072.2,0,0.4,0.5,20,ONE_POINT,100,100,RANDOM,6
192,19300,64.10127234458923,54923,54931.99,0,0.4,0.5,20,ONE_POINT,100,100,RANDOM,6
193,19400,64.45011806488037,54864,54888.94,0,0.4,0.5,20,ONE_POINT,100,100,RANDOM,6
194,19500,64.82649064064026,54622,54630.28,0,0.4,0.5,20,ONE_POINT,100,100,RANDOM,6
195,19600,65.12902045249939,54409,54417.52,0,0.4,0.5,20,ONE_POINT,100,100,RANDOM,6
196,19700,65.45429301261902,54350,54361.4,0,0.4,0.5,20,ONE_POINT,100,100,RANDOM,6
197,19800,65.79174971580505,54234,54242.6,0,0.4,0.5,20,ONE_POINT,100,100,RANDOM,6
198,19900,66.09970664978027,54115,54129.03,0,0.4,0.5,20,ONE_POINT,100,100,RANDOM,6
199,20000,66.44032979011536,53953,53985.59,0,0.4,0.5,20,ONE_POINT,100,100,RANDOM,6
200,20100,66.75094223022461,53859,53874.34,0,0.4,0.5,20,ONE_POINT,100,100,RANDOM,6
201,20200,67.0970106124878,53750,53774.51,0,0.4,0.5,20,ONE_POINT,100,100,RANDOM,6
202,20300,67.43310117721558,53603,53611.12,0,0.4,0.5,20,ONE_POINT,100,100,RANDOM,6
203,20400,67.79780220985413,53489,53541.44,0,0.4,0.5,20,ONE_POINT,100,100,RANDOM,6
204,20500,68.17108225822449,53353,53363.77,0,0.4,0.5,20,ONE_POINT,100,100,RANDOM,6
205,20600,68.54006171226501,53263,53270.13,0,0.4,0.5,20,ONE_POINT,100,100,RANDOM,6
206,20700,68.88640880584717,53103,53110.88,0,0.4,0.5,20,ONE_POINT,100,100,RANDOM,6
207,20800,69.24954462051392,52991,53018.7,0,0.4,0.5,20,ONE_POINT,100,100,RANDOM,6
208,20900,69.5523157119751,52800,52850.71,0,0.4,0.5,20,ONE_POINT,100,100,RANDOM,6
209,21000,69.8972806930542,52672,52675.99,0,0.4,0.5,20,ONE_POINT,100,100,RANDOM,6
210,21100,70.20629215240479,52568,52573.2,0,0.4,0.5,20,ONE_POINT,100,100,RANDOM,6
211,21200,70.56007528305054,52229,52244.97,0,0.4,0.5,20,ONE_POINT,100,100,RANDOM,6
212,21300,70.86971998214722,52173,52191.05,0,0.4,0.5,20,ONE_POINT,100,100,RANDOM,6
213,21400,71.22112774848938,52019,52025.16,0,0.4,0.5,20,ONE_POINT,100,100,RANDOM,6
214,21500,71.53141713142395,51954,51961.06,0,0.4,0.5,20,ONE_POINT,100,100,RANDOM,6
215,21600,71.84527945518494,51652,51664.02,0,0.4,0.5,20,ONE_POINT,100,100,RANDOM,6
216,21700,72.17351865768433,51577,51583.99,0,0.4,0.5,20,ONE_POINT,100,100,RANDOM,6
217,21800,72.50023007392883,51461,51477.98,0,0.4,0.5,20,ONE_POINT,100,100,RANDOM,6
218,21900,72.81598353385925,51401,51407.34,0,0.4,0.5,20,ONE_POINT,100,100,RANDOM,6
219,22000,73.18030595779419,51271,51279.95,0,0.4,0.5,20,ONE_POINT,100,100,RANDOM,6
220,22100,73.484854221344,51177,51217.95,0,0.4,0.5,20,ONE_POINT,100,100,RANDOM,6
221,22200,73.81951665878296,51082,51102.16,0,0.4,0.5,20,ONE_POINT,100,100,RANDOM,6
222,22300,74.12700080871582,51013,51017.59,0,0.4,0.5,20,ONE_POINT,100,100,RANDOM,6
223,22400,74.49369025230408,50976,50978.96,0,0.4,0.5,20,ONE_POINT,100,100,RANDOM,6
224,22500,74.84191751480103,50663,50675.52,0,0.4,0.5,20,ONE_POINT,100,100,RANDOM,6
225,22600,75.16136932373047,50543,50548.39,0,0.4,0.5,20,ONE_POINT,100,100,RANDOM,6
226,22700,75.4824652671814,50493,50499.96,0,0.4,0.5,20,ONE_POINT,100,100,RANDOM,6
227,22800,75.81681656837463,50428,50437.43,0,0.4,0.5,20,ONE_POINT,100,100,RANDOM,6
228,22900,76.17054104804993,50341,50349.01,0,0.4,0.5,20,ONE_POINT,100,100,RANDOM,6
229,23000,76.50119137763977,50246,50257.67,0,0.4,0.5,20,ONE_POINT,100,100,RANDOM,6
230,23100,76.8468656539917,50235,50243.85,0,0.4,0.5,20,ONE_POINT,100,100,RANDOM,6
231,23200,77.2019681930542,50149,50157.86,0,0.4,0.5,20,ONE_POINT,100,100,RANDOM,6
232,23300,77.55118107795715,50055,50062.58,0,0.4,0.5,20,ONE_POINT,100,100,RANDOM,6
233,23400,77.91010570526123,50032,50041.19,0,0.4,0.5,20,ONE_POINT,100,100,RANDOM,6
234,23500,78.27459168434143,49970,49973.95,0,0.4,0.5,20,ONE_POINT,100,100,RANDOM,6
235,23600,78.59576511383057,49709,49726.1,0,0.4,0.5,20,ONE_POINT,100,100,RANDOM,6
236,23700,78.93586921691895,49602,49614.73,0,0.4,0.5,20,ONE_POINT,100,100,RANDOM,6
237,23800,79.24829936027527,49511,49516.58,0,0.4,0.5,20,ONE_POINT,100,100,RANDOM,6
238,23900,79.57880973815918,49337,49345.7,0,0.4,0.5,20,ONE_POINT,100,100,RANDOM,6
239,24000,79.91674876213074,49246,49267.85,0,0.4,0.5,20,ONE_POINT,100,100,RANDOM,6
240,24100,80.25474143028259,49159,49167.2,0,0.4,0.5,20,ONE_POINT,100,100,RANDOM,6
241,24200,80.588632106781,49018,49023.64,0,0.4,0.5,20,ONE_POINT,100,100,RANDOM,6
242,24300,80.9026198387146,48924,48941.95,0,0.4,0.5,20,ONE_POINT,100,100,RANDOM,6
243,24400,81.21649146080017,48816,48826.07,0,0.4,0.5,20,ONE_POINT,100,100,RANDOM,6
244,24500,81.56637263298035,48777,48791.67,0,0.4,0.5,20,ONE_POINT,100,100,RANDOM,6
245,24600,81.89618587493896,48725,48790.6,0,0.4,0.5,20,ONE_POINT,100,100,RANDOM,6
246,24700,82.21453547477722,48665,48680.12,0,0.4,0.5,20,ONE_POINT,100,100,RANDOM,6
247,24800,82.53831434249878,48603,48609.9,0,0.4,0.5,20,ONE_POINT,100,100,RANDOM,6
248,24900,82.88216161727905,48467,48480.23,0,0.4,0.5,20,ONE_POINT,100,100,RANDOM,6
249,25000,83.19882845878601,48272,48299.82,0,0.4,0.5,20,ONE_POINT,100,100,RANDOM,6
250,25100,83.53893876075745,48211,48223.15,0,0.4,0.5,20,ONE_POINT,100,100,RANDOM,6
251,25200,83.88554787635803,48118,48126.36,0,0.4,0.5,20,ONE_POINT,100,100,RANDOM,6
252,25300,84.1845531463623,48064,48079.21,0,0.4,0.5,20,ONE_POINT,100,100,RANDOM,6
253,25400,84.5536744594574,47917,47923.76,0,0.4,0.5,20,ONE_POINT,100,100,RANDOM,6
254,25500,84.93597602844238,47564,47574.59,0,0.4,0.5,20,ONE_POINT,100,100,RANDOM,6
255,25600,85.2833182811737,47471,47479.9,0,0.4,0.5,20,ONE_POINT,100,100,RANDOM,6
256,25700,85.65213656425476,47321,47329.8,0,0.4,0.5,20,ONE_POINT,100,100,RANDOM,6
257,25800,86.01454210281372,47211,47226.54,0,0.4,0.5,20,ONE_POINT,100,100,RANDOM,6
258,25900,86.3423957824707,47167,47171.67,0,0.4,0.5,20,ONE_POINT,100,100,RANDOM,6
259,26000,86.69323110580444,47138,47145.03,0,0.4,0.5,20,ONE_POINT,100,100,RANDOM,6
260,26100,87.01995158195496,47071,47075.86,0,0.4,0.5,20,ONE_POINT,100,100,RANDOM,6
261,26200,87.34798955917358,47004,47008.02,0,0.4,0.5,20,ONE_POINT,100,100,RANDOM,6
262,26300,87.66502165794373,46924,46930.04,0,0.4,0.5,20,ONE_POINT,100,100,RANDOM,6
263,26400,88.01157021522522,46844,46848.8,0,0.4,0.5,20,ONE_POINT,100,100,RANDOM,6
264,26500,88.32212090492249,46765,46802.04,0,0.4,0.5,20,ONE_POINT,100,100,RANDOM,6
265,26600,88.65416598320007,46709,46734.1,0,0.4,0.5,20,ONE_POINT,100,100,RANDOM,6
266,26700,88.9852659702301,46671,46694.19,0,0.4,0.5,20,ONE_POINT,100,100,RANDOM,6
267,26800,89.35439085960388,46543,46549.58,0,0.4,0.5,20,ONE_POINT,100,100,RANDOM,6
268,26900,89.69932293891907,46459,46467.4,0,0.4,0.5,20,ONE_POINT,100,100,RANDOM,6
269,27000,90.03817367553711,46241,46259.84,0,0.4,0.5,20,ONE_POINT,100,100,RANDOM,6
270,27100,90.37545585632324,46073,46082.8,0,0.4,0.5,20,ONE_POINT,100,100,RANDOM,6
271,27200,90.73656272888184,46027,46059.09,0,0.4,0.5,20,ONE_POINT,100,100,RANDOM,6
272,27300,91.0607237815857,45962,45977.62,0,0.4,0.5,20,ONE_POINT,100,100,RANDOM,6
273,27400,91.38356494903564,45818,45832.71,0,0.4,0.5,20,ONE_POINT,100,100,RANDOM,6
274,27500,91.74725222587585,45696,45701.47,0,0.4,0.5,20,ONE_POINT,100,100,RANDOM,6
275,27600,92.06091213226318,45424,45447.96,0,0.4,0.5,20,ONE_POINT,100,100,RANDOM,6
276,27700,92.41837239265442,45329,45338.21,0,0.4,0.5,20,ONE_POINT,100,100,RANDOM,6
277,27800,92.77840065956116,45172,45213.8,0,0.4,0.5,20,ONE_POINT,100,100,RANDOM,6
278,27900,93.10352683067322,45091,45100.9,0,0.4,0.5,20,ONE_POINT,100,100,RANDOM,6
279,28000,93.41460800170898,45017,45026.61,0,0.4,0.5,20,ONE_POINT,100,100,RANDOM,6
280,28100,93.74427342414856,44996,45003.75,0,0.4,0.5,20,ONE_POINT,100,100,RANDOM,6
281,28200,94.07361221313477,44923,44930.66,0,0.4,0.5,20,ONE_POINT,100,100,RANDOM,6
282,28300,94.40155363082886,44875,44885.36,0,0.4,0.5,20,ONE_POINT,100,100,RANDOM,6
283,28400,94.75591588020325,44752,44759.4,0,0.4,0.5,20,ONE_POINT,100,100,RANDOM,6
284,28500,95.05463552474976,44674,44678.68,0,0.4,0.5,20,ONE_POINT,100,100,RANDOM,6
285,28600,95.40672087669373,44540,44546.7,0,0.4,0.5,20,ONE_POINT,100,100,RANDOM,6
286,28700,95.74334836006165,44362,44372.76,0,0.4,0.5,20,ONE_POINT,100,100,RANDOM,6
287,28800,96.07857036590576,44307,44409.83,0,0.4,0.5,20,ONE_POINT,100,100,RANDOM,6
288,28900,96.41469168663025,44267,44270.75,0,0.4,0.5,20,ONE_POINT,100,100,RANDOM,6
289,29000,96.78454279899597,44199,44217.88,0,0.4,0.5,20,ONE_POINT,100,100,RANDOM,6
290,29100,97.14278626441956,44150,44153.02,0,0.4,0.5,20,ONE_POINT,100,100,RANDOM,6
291,29200,97.4912359714508,43942,43951.61,0,0.4,0.5,20,ONE_POINT,100,100,RANDOM,6
292,29300,97.84168910980225,43864,43872.11,0,0.4,0.5,20,ONE_POINT,100,100,RANDOM,6
293,29400,98.20127868652344,43771,43778.56,0,0.4,0.5,20,ONE_POINT,100,100,RANDOM,6
294,29500,98.4986481666565,43711,43720.56,0,0.4,0.5,20,ONE_POINT,100,100,RANDOM,6
295,29600,98.87129807472229,43506,43552.96,0,0.4,0.5,20,ONE_POINT,100,100,RANDOM,6
296,29700,99.19840836524963,43380,43394.29,0,0.4,0.5,20,ONE_POINT,100,100,RANDOM,6
297,29800,99.5336446762085,43268,43285.44,0,0.4,0.5,20,ONE_POINT,100,100,RANDOM,6
298,29900,99.85934543609619,43191,43195.25,0,0.4,0.5,20,ONE_POINT,100,100,RANDOM,6
299,30000,100.21605086326599,43076,43081.75,0,0.4,0.5,20,ONE_POINT,100,100,RANDOM,6
300,30100,100.55566263198853,43007,43042.8,0,0.4,0.5,20,ONE_POINT,100,100,RANDOM,6
301,30200,100.92074346542358,42906,42925.36,0,0.4,0.5,20,ONE_POINT,100,100,RANDOM,6
302,30300,101.27288031578064,42862,42867.9,0,0.4,0.5,20,ONE_POINT,100,100,RANDOM,6
303,30400,101.65383791923523,42808,42813.15,0,0.4,0.5,20,ONE_POINT,100,100,RANDOM,6
304,30500,102.0092077255249,42587,42632.37,0,0.4,0.5,20,ONE_POINT,100,100,RANDOM,6
305,30600,102.38290667533875,42509,42535.74,0,0.4,0.5,20,ONE_POINT,100,100,RANDOM,6
306,30700,102.74778199195862,42380,42389.76,0,0.4,0.5,20,ONE_POINT,100,100,RANDOM,6
307,30800,103.11461663246155,42344,42346.88,0,0.4,0.5,20,ONE_POINT,100,100,RANDOM,6
308,30900,103.47054028511047,42242,42261.44,0,0.4,0.5,20,ONE_POINT,100,100,RANDOM,6
309,31000,103.82696342468262,42130,42139.89,0,0.4,0.5,20,ONE_POINT,100,100,RANDOM,6
310,31100,104.15643787384033,42041,42047.23,0,0.4,0.5,20,ONE_POINT,100,100,RANDOM,6
311,31200,104.47640490531921,41961,41965.8,0,0.4,0.5,20,ONE_POINT,100,100,RANDOM,6
312,31300,104.79694128036499,41865,41886.71,0,0.4,0.5,20,ONE_POINT,100,100,RANDOM,6
313,31400,105.13735795021057,41865,41865.0,0,0.4,0.5,20,ONE_POINT,100,100,RANDOM,6
1,200,0.2277214527130127,133547,133919.82,0,0.4,0.5,20,ONE_POINT,100,100,RANDOM,7
2,300,0.6376781463623047,132565,132604.28,0,0.4,0.5,20,ONE_POINT,100,100,RANDOM,7
3,400,1.0110125541687012,131475,131497.53,0,0.4,0.5,20,ONE_POINT,100,100,RANDOM,7
4,500,1.4073004722595215,130703,130718.88,0,0.4,0.5,20,ONE_POINT,100,100,RANDOM,7
5,600,1.7796030044555664,128953,128988.0,0,0.4,0.5,20,ONE_POINT,100,100,RANDOM,7
6,700,2.1218597888946533,127625,127647.09,0,0.4,0.5,20,ONE_POINT,100,100,RANDOM,7
7,800,2.4568588733673096,126959,126972.32,0,0.4,0.5,20,ONE_POINT,100,100,RANDOM,7
8,900,2.8057053089141846,126239,126261.56,0,0.4,0.5,20,ONE_POINT,100,100,RANDOM,7
9,1000,3.165234088897705,123902,123948.74,0,0.4,0.5,20,ONE_POINT,100,100,RANDOM,7
10,1100,3.5127296447753906,122693,122718.18,0,0.4,0.5,20,ONE_POINT,100,100,RANDOM,7
11,1200,3.8198280334472656,121696,121716.13,0,0.4,0.5,20,ONE_POINT,100,100,RANDOM,7
12,1300,4.154819011688232,120496,120527.93,0,0.4,0.5,20,ONE_POINT,100,100,RANDOM,7
13,1400,4.468938827514648,118159,118205.74,0,0.4,0.5,20,ONE_POINT,100,100,RANDOM,7
14,1500,4.803673028945923,117034,117080.52,0,0.4,0.5,20,ONE_POINT,100,100,RANDOM,7
15,1600,5.137758016586304,116428,116460.23,0,0.4,0.5,20,ONE_POINT,100,100,RANDOM,7
16,1700,5.4808502197265625,115658,115681.1,0,0.4,0.5,20,ONE_POINT,100,100,RANDOM,7
17,1800,5.840481758117676,114973,115000.4,0,0.4,0.5,20,ONE_POINT,100,100,RANDOM,7
18,1900,6.147755861282349,114016,114053.41,0,0.4,0.5,20,ONE_POINT,100,100,RANDOM,7
19,2000,6.451772212982178,111522,111571.64,0,0.4,0.5,20,ONE_POINT,100,100,RANDOM,7
20,2100,6.812810897827148,110904,110926.02,0,0.4,0.5,20,ONE_POINT,100,100,RANDOM,7
21,2200,7.173218488693237,110425,110489.07,0,0.4,0.5,20,ONE_POINT,100,100,RANDOM,7
22,2300,7.5085272789001465,109904,109933.01,0,0.4,0.5,20,ONE_POINT,100,100,RANDOM,7
23,2400,7.842690467834473,109587,109665.24,0,0.4,0.5,20,ONE_POINT,100,100,RANDOM,7
24,2500,8.216466426849365,108765,108793.95,0,0.4,0.5,20,ONE_POINT,100,100,RANDOM,7
25,2600,8.521775960922241,107740,107772.23,0,0.4,0.5,20,ONE_POINT,100,100,RANDOM,7
26,2700,8.871692180633545,106852,106887.52,0,0.4,0.5,20,ONE_POINT,100,100,RANDOM,7
27,2800,9.209754228591919,106270,106295.58,0,0.4,0.5,20,ONE_POINT,100,100,RANDOM,7
28,2900,9.539916515350342,105499,105520.98,0,0.4,0.5,20,ONE_POINT,100,100,RANDOM,7
29,3000,9.863722562789917,104996,105010.86,0,0.4,0.5,20,ONE_POINT,100,100,RANDOM,7
30,3100,10.219774961471558,104465,104486.24,0,0.4,0.5,20,ONE_POINT,100,100,RANDOM,7
31,3200,10.546519756317139,103752,103785.39,0,0.4,0.5,20,ONE_POINT,100,100,RANDOM,7
32,3300,10.873940229415894,103058,103090.75,0,0.4,0.5,20,ONE_POINT,100,100,RANDOM,7
33,3400,11.226234912872314,102273,102290.17,0,0.4,0.5,20,ONE_POINT,100,100,RANDOM,7
34,3500,11.544153690338135,101941,101953.09,0,0.4,0.5,20,ONE_POINT,100,100,RANDOM,7
35,3600,11.90358567237854,101406,101438.57,0,0.4,0.5,20,ONE_POINT,100,100,RANDOM,7
36,3700,12.205641508102417,100945,100963.44,0,0.4,0.5,20,ONE_POINT,100,100,RANDOM,7
37,3800,12.514294385910034,100557,100579.99,0,0.4,0.5,20,ONE_POINT,100,100,RANDOM,7
38,3900,12.831067562103271,100241,100278.89,0,0.4,0.5,20,ONE_POINT,100,100,RANDOM,7
39,4000,13.205788612365723,99549,99562.84,0,0.4,0.5,20,ONE_POINT,100,100,RANDOM,7
40,4100,13.536494970321655,98460,98534.7,0,0.4,0.5,20,ONE_POINT,100,100,RANDOM,7
41,4200,13.896278858184814,97989,97998.42,0,0.4,0.5,20,ONE_POINT,100,100,RANDOM,7
42,4300,14.2424955368042,97428,97444.83,0,0.4,0.5,20,ONE_POINT,100,100,RANDOM,7
43,4400,14.579208850860596,97108,97122.63,0,0.4,0.5,20,ONE_POINT,100,100,RANDOM,7
44,4500,14.9368257522583,96822,96832.62,0,0.4,0.5,20,ONE_POINT,100,100,RANDOM,7
45,4600,15.281111001968384,96437,96452.87,0,0.4,0.5,20,ONE_POINT,100,100,RANDOM,7
46,4700,15.583366394042969,96080,96094.28,0,0.4,0.5,20,ONE_POINT,100,100,RANDOM,7
47,4800,15.903092622756958,95318,95340.86,0,0.4,0.5,20,ONE_POINT,100,100,RANDOM,7
48,4900,16.22681164741516,94552,94570.92,0,0.4,0.5,20,ONE_POINT,100,100,RANDOM,7
49,5000,16.62395453453064,93791,93816.11,0,0.4,0.5,20,ONE_POINT,100,100,RANDOM,7
50,5100,16.98164963722229,93274,93286.65,0,0.4,0.5,20,ONE_POINT,100,100,RANDOM,7
51,5200,17.340757846832275,92813,92826.75,0,0.4,0.5,20,ONE_POINT,100,100,RANDOM,7
52,5300,17.68959879875183,92370,92383.29,0,0.4,0.5,20,ONE_POINT,100,100,RANDOM,7
53,5400,18.045374155044556,91725,91742.12,0,0.4,0.5,20,ONE_POINT,100,100,RANDOM,7
54,5500,18.411315441131592,91189,91204.94,0,0.4,0.5,20,ONE_POINT,100,100,RANDOM,7
55,5600,18.737006425857544,90970,90978.02,0,0.4,0.5,20,ONE_POINT,100,100,RANDOM,7
56,5700,19.059655904769897,90626,90639.76,0,0.4,0.5,20,ONE_POINT,100,100,RANDOM,7
57,5800,19.40695834159851,90189,90197.69,0,0.4,0.5,20,ONE_POINT,100,100,RANDOM,7
58,5900,19.77671480178833,89935,89942.62,0,0.4,0.5,20,ONE_POINT,100,100,RANDOM,7
59,6000,20.128588438034058,88932,88966.92,0,0.4,0.5,20,ONE_POINT,100,100,RANDOM,7
60,6100,20.49401545524597,88652,88660.4,0,0.4,0.5,20,ONE_POINT,100,100,RANDOM,7
61,6200,20.832887411117554,88273,88288.16,0,0.4,0.5,20,ONE_POINT,100,100,RANDOM,7
62,6300,21.194732189178467,87966,87973.96,0,0.4,0.5,20,ONE_POINT,100,100,RANDOM,7
63,6400,21.521026372909546,87540,87551.98,0,0.4,0.5,20,ONE_POINT,100,100,RANDOM,7
64,6500,21.894740343093872,87270,87279.85,0,0.4,0.5,20,ONE_POINT,100,100,RANDOM,7
65,6600,22.21999955177307,86491,86586.92,0,0.4,0.5,20,ONE_POINT,100,100,RANDOM,7
66,6700,22.548406839370728,86107,86114.68,0,0.4,0.5,20,ONE_POINT,100,100,RANDOM,7
67,6800,22.87773370742798,85807,85864.64,0,0.4,0.5,20,ONE_POINT,100,100,RANDOM,7
68,6900,23.237181186676025,85601,85625.41,0,0.4,0.5,20,ONE_POINT,100,100,RANDOM,7
69,7000,23.571714162826538,85444,85451.5,0,0.4,0.5,20,ONE_POINT,100,100,RANDOM,7
70,7100,23.90178418159485,84971,84985.18,0,0.4,0.5,20,ONE_POINT,100,100,RANDOM,7
71,7200,24.239552974700928,84588,84599.49,0,0.4,0.5,20,ONE_POINT,100,100,RANDOM,7
72,7300,24.547132968902588,84079,84089.42,0,0.4,0.5,20,ONE_POINT,100,100,RANDOM,7
73,7400,24.900513172149658,83618,83631.83,0,0.4,0.5,20,ONE_POINT,100,100,RANDOM,7
74,7500,25.2263503074646,83231,83245.77,0,0.4,0.5,20,ONE_POINT,100,100,RANDOM,7
75,7600,25.536518335342407,83035,83053.69,0,0.4,0.5,20,ONE_POINT,100,100,RANDOM,7
76,7700,25.862480640411377,82801,82810.62,0,0.4,0.5,20,ONE_POINT,100,100,RANDOM,7
77,7800,26.20615243911743,82366,82381.22,0,0.4,0.5,20,ONE_POINT,100,100,RANDOM,7
78,7900,26.557663917541504,81973,82014.77,0,0.4,0.5,20,ONE_POINT,100,100,RANDOM,7
79,8000,26.864163637161255,81651,81663.88,0,0.4,0.5,20,ONE_POINT,100,100,RANDOM,7
80,8100,27.20187258720398,81052,81069.81,0,0.4,0.5,20,ONE_POINT,100,100,RANDOM,7
81,8200,27.51549506187439,80846,80854.57,0,0.4,0.5,20,ONE_POINT,100,100,RANDOM,7
82,8300,27.84402084350586,80590,80610.85,0,0.4,0.5,20,ONE_POINT,100,100,RANDOM,7
83,8400,28.188973426818848,80076,80095.58,0,0.4,0.5,20,ONE_POINT,100,100,RANDOM,7
84,8500,28.498570203781128,79489,79500.74,0,0.4,0.5,20,ONE_POINT,100,100,RANDOM,7
85,8600,28.824134588241577,79339,79347.34,0,0.4,0.5,20,ONE_POINT,100,100,RANDOM,7
86,8700,29.170623540878296,78653,78673.58,0,0.4,0.5,20,ONE_POINT,100,100,RANDOM,7
87,8800,29.529626846313477,78403,78482.21,0,0.4,0.5,20,ONE_POINT,100,100,RANDOM,7
88,8900,29.878085613250732,78191,78253.1,0,0.4,0.5,20,ONE_POINT,100,100,RANDOM,7
89,9000,30.20631432533264,78056,78065.62,0,0.4,0.5,20,ONE_POINT,100,100,RANDOM,7
90,9100,30.558725595474243,77645,77661.47,0,0.4,0.5,20,ONE_POINT,100,100,RANDOM,7
91,9200,30.87907576560974,77310,77327.39,0,0.4,0.5,20,ONE_POINT,100,100,RANDOM,7
92,9300,31.18414330482483,77070,77077.52,0,0.4,0.5,20,ONE_POINT,100,100,RANDOM,7
93,9400,31.537842273712158,76751,76767.16,0,0.4,0.5,20,ONE_POINT,100,100,RANDOM,7
94,9500,31.901869773864746,76221,76244.33,0,0.4,0.5,20,ONE_POINT,100,100,RANDOM,7
95,9600,32.25153660774231,75696,75719.28,0,0.4,0.5,20,ONE_POINT,100,100,RANDOM,7
96,9700,32.57938289642334,75279,75291.51,0,0.4,0.5,20,ONE_POINT,100,100,RANDOM,7
97,9800,32.93664240837097,74905,74991.7,0,0.4,0.5,20,ONE_POINT,100,100,RANDOM,7
98,9900,33.27881360054016,74592,74604.54,0,0.4,0.5,20,ONE_POINT,100,100,RANDOM,7
99,10000,33.654855728149414,74091,74106.65,0,0.4,0.5,20,ONE_POINT,100,100,RANDOM,7
100,10100,34.01383709907532,73934,73963.7,0,0.4,0.5,20,ONE_POINT,100,100,RANDOM,7
101,10200,34.35116171836853,73197,73222.79,0,0.4,0.5,20,ONE_POINT,100,100,RANDOM,7
102,10300,34.70653486251831,72916,72938.28,0,0.4,0.5,20,ONE_POINT,100,100,RANDOM,7
103,10400,35.072357416152954,72624,72635.92,0,0.4,0.5,20,ONE_POINT,100,100,RANDOM,7
104,10500,35.48320293426514,72466,72472.32,0,0.4,0.5,20,ONE_POINT,100,100,RANDOM,7
105,10600,35.84802174568176,72181,72196.03,0,0.4,0.5,20,ONE_POINT,100,100,RANDOM,7
106,10700,36.203065395355225,71694,71728.71,0,0.4,0.5,20,ONE_POINT,100,100,RANDOM,7
107,10800,36.53034949302673,71115,71187.56,0,0.4,0.5,20,ONE_POINT,100,100,RANDOM,7
108,10900,36.86442303657532,70880,70933.43,0,0.4,0.5,20,ONE_POINT,100,100,RANDOM,7
109,11000,37.18362331390381,70439,70452.23,0,0.4,0.5,20,ONE_POINT,100,100,RANDOM,7
110,11100,37.5278639793396,70295,70322.67,0,0.4,0.5,20,ONE_POINT,100,100,RANDOM,7
111,11200,37.87858009338379,69845,69868.73,0,0.4,0.5,20,ONE_POINT,100,100,RANDOM,7
112,11300,38.229623794555664,69584,69594.99,0,0.4,0.5,20,ONE_POINT,100,100,RANDOM,7
113,11400,38.567792892456055,69408,69414.9,0,0.4,0.5,20,ONE_POINT,100,100,RANDOM,7
114,11500,38.888755798339844,68962,68975.38,0,0.4,0.5,20,ONE_POINT,100,100,RANDOM,7
115,11600,39.229493618011475,67817,67841.84,0,0.4,0.5,20,ONE_POINT,100,100,RANDOM,7
116,11700,39.57186532020569,67541,67557.21,0,0.4,0.5,20,ONE_POINT,100,100,RANDOM,7
117,11800,39.917476177215576,67100,67113.44,0,0.4,0.5,20,ONE_POINT,100,100,RANDOM,7
118,11900,40.26606202125549,66832,66842.69,0,0.4,0.5,20,ONE_POINT,100,100,RANDOM,7
119,12000,40.60400676727295,66361,66383.31,0,0.4,0.5,20,ONE_POINT,100,100,RANDOM,7
120,12100,40.96378183364868,66103,66113.45,0,0.4,0.5,20,ONE_POINT,100,100,RANDOM,7
121,12200,41.299031496047974,65681,65726.94,0,0.4,0.5,20,ONE_POINT,100,100,RANDOM,7
122,12300,41.620096921920776,65288,65295.86,0,0.4,0.5,20,ONE_POINT,100,100,RANDOM,7
123,12400,41.95198130607605,65094,65100.77,0,0.4,0.5,20,ONE_POINT,100,100,RANDOM,7
124,12500,42.25347900390625,64908,64915.44,0,0.4,0.5,20,ONE_POINT,100,100,RANDOM,7
125,12600,42.557560205459595,64718,64746.47,0,0.4,0.5,20,ONE_POINT,100,100,RANDOM,7
126,12700,42.90176033973694,64514,64552.43,0,0.4,0.5,20,ONE_POINT,100,100,RANDOM,7
127,12800,43.24519109725952,64463,64479.37,0,0.4,0.5,20,ONE_POINT,100,100,RANDOM,7
128,12900,43.601465463638306,63856,63874.21,0,0.4,0.5,20,ONE_POINT,100,100,RANDOM,7
129,13000,43.923415184020996,63761,63773.04,0,0.4,0.5,20,ONE_POINT,100,100,RANDOM,7
130,13100,44.2624454498291,63537,63549.21,0,0.4,0.5,20,ONE_POINT,100,100,RANDOM,7
131,13200,44.621814250946045,63297,63306.66,0,0.4,0.5,20,ONE_POINT,100,100,RANDOM,7
132,13300,44.9729380607605,63113,63118.74,0,0.4,0.5,20,ONE_POINT,100,100,RANDOM,7
133,13400,45.33023691177368,62787,62798.77,0,0.4,0.5,20,ONE_POINT,100,100,RANDOM,7
134,13500,45.66850996017456,62629,62642.81,0,0.4,0.5,20,ONE_POINT,100,100,RANDOM,7
135,13600,45.997300148010254,62536,62541.58,0,0.4,0.5,20,ONE_POINT,100,100,RANDOM,7
136,13700,46.36242914199829,62330,62340.3,0,0.4,0.5,20,ONE_POINT,100,100,RANDOM,7
137,13800,46.704476833343506,61805,61815.5,0,0.4,0.5,20,ONE_POINT,100,100,RANDOM,7
138,13900,47.06304883956909,61689,61695.04,0,0.4,0.5,20,ONE_POINT,100,100,RANDOM,7
139,14000,47.42243218421936,61347,61357.26,0,0.4,0.5,20,ONE_POINT,100,100,RANDOM,7
140,14100,47.72752141952515,61192,61210.27,0,0.4,0.5,20,ONE_POINT,100,100,RANDOM,7
141,14200,48.070815324783325,60873,60901.71,0,0.4,0.5,20,ONE_POINT,100,100,RANDOM,7
142,14300,48.43044996261597,60756,60764.95,0,0.4,0.5,20,ONE_POINT,100,100,RANDOM,7
143,14400,48.75583553314209,60617,60634.24,0,0.4,0.5,20,ONE_POINT,100,100,RANDOM,7
144,14500,49.08332562446594,60321,60333.23,0,0.4,0.5,20,ONE_POINT,100,100,RANDOM,7
145,14600,49.38932132720947,60133,60178.16,0,0.4,0.5,20,ONE_POINT,100,100,RANDOM,7
146,14700,49.68957734107971,59766,59809.35,0,0.4,0.5,20,ONE_POINT,100,100,RANDOM,7
147,14800,49.985677003860474,59562,59570.16,0,0.4,0.5,20,ONE_POINT,100,100,RANDOM,7
148,14900,50.30071234703064,59416,59423.88,0,0.4,0.5,20,ONE_POINT,100,100,RANDOM,7
149,15000,50.67248868942261,59293,59299.15,0,0.4,0.5,20,ONE_POINT,100,100,RANDOM,7
150,15100,50.978638648986816,59135,59142.9,0,0.4,0.5,20,ONE_POINT,100,100,RANDOM,7
151,15200,51.33842468261719,58957,59002.42,0,0.4,0.5,20,ONE_POINT,100,100,RANDOM,7
152,15300,51.649646043777466,58707,58725.27,0,0.4,0.5,20,ONE_POINT,100,100,RANDOM,7
153,15400,51.97360062599182,58585,58603.12,0,0.4,0.5,20,ONE_POINT,100,100,RANDOM,7
154,15500,52.33659052848816,58416,58437.59,0,0.4,0.5,20,ONE_POINT,100,100,RANDOM,7
155,15600,52.724587202072144,58245,58253.3,0,0.4,0.5,20,ONE_POINT,100,100,RANDOM,7
156,15700,53.04599666595459,58152,58156.65,0,0.4,0.5,20,ONE_POINT,100,100,RANDOM,7
157,15800,53.38685441017151,57905,57957.79,0,0.4,0.5,20,ONE_POINT,100,100,RANDOM,7
158,15900,53.715678453445435,57765,57773.42,0,0.4,0.5,20,ONE_POINT,100,100,RANDOM,7
159,16000,54.04766035079956,57531,57541.63,0,0.4,0.5,20,ONE_POINT,100,100,RANDOM,7
160,16100,54.40272879600525,57314,57322.13,0,0.4,0.5,20,ONE_POINT,100,100,RANDOM,7
161,16200,54.765462160110474,57109,57125.16,0,0.4,0.5,20,ONE_POINT,100,100,RANDOM,7
162,16300,55.080471992492676,56872,56907.09,0,0.4,0.5,20,ONE_POINT,100,100,RANDOM,7
163,16400,55.43611693382263,56124,56138.96,0,0.4,0.5,20,ONE_POINT,100,100,RANDOM,7
164,16500,55.80444645881653,56053,56069.38,0,0.4,0.5,20,ONE_POINT,100,100,RANDOM,7
165,16600,56.128562688827515,55877,55885.8,0,0.4,0.5,20,ONE_POINT,100,100,RANDOM,7
166,16700,56.49727511405945,55469,55503.62,0,0.4,0.5,20,ONE_POINT,100,100,RANDOM,7
167,16800,56.84903073310852,55377,55381.5,0,0.4,0.5,20,ONE_POINT,100,100,RANDOM,7
168,16900,57.20523643493652,55229,55236.4,0,0.4,0.5,20,ONE_POINT,100,100,RANDOM,7
169,17000,57.56510376930237,55127,55133.12,0,0.4,0.5,20,ONE_POINT,100,100,RANDOM,7
170,17100,57.920501470565796,54879,54888.92,0,0.4,0.5,20,ONE_POINT,100,100,RANDOM,7
171,17200,58.24587416648865,54545,54570.1,0,0.4,0.5,20,ONE_POINT,100,100,RANDOM,7
172,17300,58.58008313179016,54271,54297.27,0,0.4,0.5,20,ONE_POINT,100,100,RANDOM,7
173,17400,58.929176807403564,54124,54132.82,0,0.4,0.5,20,ONE_POINT,100,100,RANDOM,7
174,17500,59.28604459762573,53961,54029.96,0,0.4,0.5,20,ONE_POINT,100,100,RANDOM,7
175,17600,59.6404869556427,53904,53908.07,0,0.4,0.5,20,ONE_POINT,100,100,RANDOM,7
176,17700,59.95420050621033,53618,53640.95,0,0.4,0.5,20,ONE_POINT,100,100,RANDOM,7
177,17800,60.300514698028564,53558,53587.81,0,0.4,0.5,20,ONE_POINT,100,100,RANDOM,7
178,17900,60.626845359802246,53349,53358.19,0,0.4,0.5,20,ONE_POINT,100,100,RANDOM,7
179,18000,60.943137645721436,53191,53199.91,0,0.4,0.5,20,ONE_POINT,100,100,RANDOM,7
180,18100,61.29951333999634,53094,53108.5,0,0.4,0.5,20,ONE_POINT,100,100,RANDOM,7
181,18200,61.6019401550293,52981,52986.11,0,0.4,0.5,20,ONE_POINT,100,100,RANDOM,7
182,18300,61.90017008781433,52911,52926.67,0,0.4,0.5,20,ONE_POINT,100,100,RANDOM,7
183,18400,62.2300751209259,52659,52674.4,0,0.4,0.5,20,ONE_POINT,100,100,RANDOM,7
184,18500,62.53016257286072,52389,52435.56,0,0.4,0.5,20,ONE_POINT,100,100,RANDOM,7
185,18600,62.841238498687744,52256,52264.8,0,0.4,0.5,20,ONE_POINT,100,100,RANDOM,7
186,18700,63.168808460235596,52151,52158.26,0,0.4,0.5,20,ONE_POINT,100,100,RANDOM,7
187,18800,63.50796365737915,52040,52054.08,0,0.4,0.5,20,ONE_POINT,100,100,RANDOM,7
188,18900,63.83757495880127,51681,51715.13,0,0.4,0.5,20,ONE_POINT,100,100,RANDOM,7
189,19000,64.17066979408264,51590,51594.55,0,0.4,0.5,20,ONE_POINT,100,100,RANDOM,7
190,19100,64.52745819091797,51500,51508.48,0,0.4,0.5,20,ONE_POINT,100,100,RANDOM,7
191,19200,64.88027000427246,51317,51329.18,0,0.4,0.5,20,ONE_POINT,100,100,RANDOM,7
192,19300,65.21866154670715,51176,51183.05,0,0.4,0.5,20,ONE_POINT,100,100,RANDOM,7
193,19400,65.57389259338379,50979,50990.26,0,0.4,0.5,20,ONE_POINT,100,100,RANDOM,7
194,19500,65.89974093437195,50832,50843.9,0,0.4,0.5,20,ONE_POINT,100,100,RANDOM,7
195,19600,66.19449520111084,50701,50724.22,0,0.4,0.5,20,ONE_POINT,100,100,RANDOM,7
196,19700,66.54852414131165,50664,50675.78,0,0.4,0.5,20,ONE_POINT,100,100,RANDOM,7
197,19800,66.89243531227112,50339,50357.67,0,0.4,0.5,20,ONE_POINT,100,100,RANDOM,7
198,19900,67.22647213935852,50231,50237.48,0,0.4,0.5,20,ONE_POINT,100,100,RANDOM,7
199,20000,67.53245615959167,50152,50169.54,0,0.4,0.5,20,ONE_POINT,100,100,RANDOM,7
200,20100,67.87255096435547,50029,50035.63,0,0.4,0.5,20,ONE_POINT,100,100,RANDOM,7
201,20200,68.1894359588623,49899,49929.0,0,0.4,0.5,20,ONE_POINT,100,100,RANDOM,7
202,20300,68.4875841140747,49802,49807.74,0,0.4,0.5,20,ONE_POINT,100,100,RANDOM,7
203,20400,68.85566425323486,49671,49679.05,0,0.4,0.5,20,ONE_POINT,100,100,RANDOM,7
204,20500,69.2141842842102,49539,49548.23,0,0.4,0.5,20,ONE_POINT,100,100,RANDOM,7
205,20600,69.59809136390686,49264,49277.77,0,0.4,0.5,20,ONE_POINT,100,100,RANDOM,7
206,20700,69.96670174598694,49155,49169.89,0,0.4,0.5,20,ONE_POINT,100,100,RANDOM,7
207,20800,70.29814505577087,49077,49221.1,0,0.4,0.5,20,ONE_POINT,100,100,RANDOM,7
208,20900,70.60236024856567,48977,48991.11,0,0.4,0.5,20,ONE_POINT,100,100,RANDOM,7
209,21000,70.94608807563782,48891,48896.16,0,0.4,0.5,20,ONE_POINT,100,100,RANDOM,7
210,21100,71.28941059112549,48636,48646.2,0,0.4,0.5,20,ONE_POINT,100,100,RANDOM,7
211,21200,71.66236805915833,48481,48500.21,0,0.4,0.5,20,ONE_POINT,100,100,RANDOM,7
212,21300,72.02945709228516,48326,48336.79,0,0.4,0.5,20,ONE_POINT,100,100,RANDOM,7
213,21400,72.34605693817139,48144,48261.09,0,0.4,0.5,20,ONE_POINT,100,100,RANDOM,7
214,21500,72.64680480957031,48069,48072.87,0,0.4,0.5,20,ONE_POINT,100,100,RANDOM,7
215,21600,72.962819814682,47985,47991.0,0,0.4,0.5,20,ONE_POINT,100,100,RANDOM,7
216,21700,73.29540848731995,47962,47965.16,0,0.4,0.5,20,ONE_POINT,100,100,RANDOM,7
217,21800,73.63639855384827,47912,48036.34,0,0.4,0.5,20,ONE_POINT,100,100,RANDOM,7
218,21900,73.9678041934967,47767,47772.32,0,0.4,0.5,20,ONE_POINT,100,100,RANDOM,7
219,22000,74.27642679214478,47593,47601.37,0,0.4,0.5,20,ONE_POINT,100,100,RANDOM,7
220,22100,74.60488939285278,47475,47484.22,0,0.4,0.5,20,ONE_POINT,100,100,RANDOM,7
221,22200,74.9191517829895,47312,47320.3,0,0.4,0.5,20,ONE_POINT,100,100,RANDOM,7
222,22300,75.2778308391571,46936,46951.04,0,0.4,0.5,20,ONE_POINT,100,100,RANDOM,7
223,22400,75.60075235366821,46819,46830.91,0,0.4,0.5,20,ONE_POINT,100,100,RANDOM,7
224,22500,75.95512866973877,46651,46662.13,0,0.4,0.5,20,ONE_POINT,100,100,RANDOM,7
225,22600,76.32249808311462,46548,46620.39,0,0.4,0.5,20,ONE_POINT,100,100,RANDOM,7
226,22700,76.61853075027466,46491,46494.99,0,0.4,0.5,20,ONE_POINT,100,100,RANDOM,7
227,22800,76.96144580841064,46421,46457.07,0,0.4,0.5,20,ONE_POINT,100,100,RANDOM,7
228,22900,77.30979704856873,46320,46323.99,0,0.4,0.5,20,ONE_POINT,100,100,RANDOM,7
229,23000,77.61230301856995,46170,46179.0,0,0.4,0.5,20,ONE_POINT,100,100,RANDOM,7
230,23100,77.9175226688385,46114,46119.07,0,0.4,0.5,20,ONE_POINT,100,100,RANDOM,7
231,23200,78.24637818336487,46042,46065.01,0,0.4,0.5,20,ONE_POINT,100,100,RANDOM,7
232,23300,78.58542203903198,45945,45952.43,0,0.4,0.5,20,ONE_POINT,100,100,RANDOM,7
233,23400,78.90635824203491,45872,45882.25,0,0.4,0.5,20,ONE_POINT,100,100,RANDOM,7
234,23500,79.23100662231445,45766,45773.28,0,0.4,0.5,20,ONE_POINT,100,100,RANDOM,7
235,23600,79.53807663917542,45520,45531.48,0,0.4,0.5,20,ONE_POINT,100,100,RANDOM,7
236,23700,79.86174964904785,45414,45419.3,0,0.4,0.5,20,ONE_POINT,100,100,RANDOM,7
237,23800,80.20603251457214,45383,45385.75,0,0.4,0.5,20,ONE_POINT,100,100,RANDOM,7
238,23900,80.52589321136475,45290,45295.89,0,0.4,0.5,20,ONE_POINT,100,100,RANDOM,7
239,24000,80.82366299629211,45257,45261.24,0,0.4,0.5,20,ONE_POINT,100,100,RANDOM,7
240,24100,81.14507985115051,45196,45201.63,0,0.4,0.5,20,ONE_POINT,100,100,RANDOM,7
241,24200,81.48288083076477,45177,45179.7,0,0.4,0.5,20,ONE_POINT,100,100,RANDOM,7
242,24300,81.80709934234619,45036,45042.72,0,0.4,0.5,20,ONE_POINT,100,100,RANDOM,7
243,24400,82.16075134277344,44811,44876.38,0,0.4,0.5,20,ONE_POINT,100,100,RANDOM,7
244,24500,82.51688599586487,44759,44763.99,0,0.4,0.5,20,ONE_POINT,100,100,RANDOM,7
245,24600,82.88033747673035,44601,44610.94,0,0.4,0.5,20,ONE_POINT,100,100,RANDOM,7
246,24700,83.21598935127258,44448,44454.99,0,0.4,0.5,20,ONE_POINT,100,100,RANDOM,7
247,24800,83.52346467971802,44336,44344.9,0,0.4,0.5,20,ONE_POINT,100,100,RANDOM,7
248,24900,83.85461187362671,44218,44236.7,0,0.4,0.5,20,ONE_POINT,100,100,RANDOM,7
249,25000,84.16176056861877,44102,44106.64,0,0.4,0.5,20,ONE_POINT,100,100,RANDOM,7
250,25100,84.51290035247803,44037,44041.55,0,0.4,0.5,20,ONE_POINT,100,100,RANDOM,7
251,25200,84.84514236450195,43911,43923.62,0,0.4,0.5,20,ONE_POINT,100,100,RANDOM,7
252,25300,85.20176148414612,43864,43867.29,0,0.4,0.5,20,ONE_POINT,100,100,RANDOM,7
253,25400,85.58065986633301,43791,43794.59,0,0.4,0.5,20,ONE_POINT,100,100,RANDOM,7
254,25500,85.94202399253845,43674,43681.75,0,0.4,0.5,20,ONE_POINT,100,100,RANDOM,7
255,25600,86.30557179450989,43634,43638.18,0,0.4,0.5,20,ONE_POINT,100,100,RANDOM,7
256,25700,86.68193364143372,43491,43498.15,0,0.4,0.5,20,ONE_POINT,100,100,RANDOM,7
257,25800,87.02823567390442,43403,43408.03,0,0.4,0.5,20,ONE_POINT,100,100,RANDOM,7
258,25900,87.35910153388977,43316,43326.3,0,0.4,0.5,20,ONE_POINT,100,100,RANDOM,7
259,26000,87.66957879066467,43250,43271.3,0,0.4,0.5,20,ONE_POINT,100,100,RANDOM,7
260,26100,88.00018954277039,43174,43190.32,0,0.4,0.5,20,ONE_POINT,100,100,RANDOM,7
261,26200,88.32614803314209,43131,43135.96,0,0.4,0.5,20,ONE_POINT,100,100,RANDOM,7
262,26300,88.64842391014099,43075,43079.7,0,0.4,0.5,20,ONE_POINT,100,100,RANDOM,7
263,26400,88.9784300327301,42893,42909.27,0,0.4,0.5,20,ONE_POINT,100,100,RANDOM,7
264,26500,89.32645845413208,42839,42851.09,0,0.4,0.5,20,ONE_POINT,100,100,RANDOM,7
265,26600,89.67521953582764,42771,42775.08,0,0.4,0.5,20,ONE_POINT,100,100,RANDOM,7
266,26700,89.98229956626892,42565,42573.24,0,0.4,0.5,20,ONE_POINT,100,100,RANDOM,7
267,26800,90.30035948753357,42473,42485.19,0,0.4,0.5,20,ONE_POINT,100,100,RANDOM,7
268,26900,90.6011471748352,42437,42441.52,0,0.4,0.5,20,ONE_POINT,100,100,RANDOM,7
269,27000,90.92943048477173,42411,42542.85,0,0.4,0.5,20,ONE_POINT,100,100,RANDOM,7
270,27100,91.24720239639282,42354,42357.99,0,0.4,0.5,20,ONE_POINT,100,100,RANDOM,7
271,27200,91.59529662132263,42272,42402.0,0,0.4,0.5,20,ONE_POINT,100,100,RANDOM,7
272,27300,91.89849877357483,42206,42210.29,0,0.4,0.5,20,ONE_POINT,100,100,RANDOM,7
273,27400,92.25301194190979,42152,42157.3,0,0.4,0.5,20,ONE_POINT,100,100,RANDOM,7
274,27500,92.58619546890259,42070,42082.56,0,0.4,0.5,20,ONE_POINT,100,100,RANDOM,7
275,27600,92.9181535243988,41834,41843.44,0,0.4,0.5,20,ONE_POINT,100,100,RANDOM,7
276,27700,93.25247836112976,41796,41798.28,0,0.4,0.5,20,ONE_POINT,100,100,RANDOM,7
277,27800,93.58791708946228,41720,41727.05,0,0.4,0.5,20,ONE_POINT,100,100,RANDOM,7
278,27900,93.91899371147156,41677,41682.52,0,0.4,0.5,20,ONE_POINT,100,100,RANDOM,7
279,28000,94.2423312664032,41638,41660.82,0,0.4,0.5,20,ONE_POINT,100,100,RANDOM,7
280,28100,94.60755324363708,41589,41594.78,0,0.4,0.5,20,ONE_POINT,100,100,RANDOM,7
281,28200,94.93531489372253,41511,41515.61,0,0.4,0.5,20,ONE_POINT,100,100,RANDOM,7
282,28300,95.25544381141663,41448,41456.53,0,0.4,0.5,20,ONE_POINT,100,100,RANDOM,7
283,28400,95.59762477874756,41388,41400.02,0,0.4,0.5,20,ONE_POINT,100,100,RANDOM,7
284,28500,95.94300293922424,41289,41297.73,0,0.4,0.5,20,ONE_POINT,100,100,RANDOM,7
285,28600,96.28064012527466,41264,41279.57,0,0.4,0.5,20,ONE_POINT,100,100,RANDOM,7
286,28700,96.62934398651123,41172,41194.81,0,0.4,0.5,20,ONE_POINT,100,100,RANDOM,7
287,28800,96.95624995231628,41127,41131.3,0,0.4,0.5,20,ONE_POINT,100,100,RANDOM,7
288,28900,97.30827593803406,41062,41065.46,0,0.4,0.5,20,ONE_POINT,100,100,RANDOM,7
289,29000,97.64606809616089,40974,40979.93,0,0.4,0.5,20,ONE_POINT,100,100,RANDOM,7
290,29100,97.97627377510071,40885,40891.22,0,0.4,0.5,20,ONE_POINT,100,100,RANDOM,7
291,29200,98.30987024307251,40862,40864.26,0,0.4,0.5,20,ONE_POINT,100,100,RANDOM,7
292,29300,98.60803365707397,40829,40839.28,0,0.4,0.5,20,ONE_POINT,100,100,RANDOM,7
293,29400,98.95596837997437,40722,40729.47,0,0.4,0.5,20,ONE_POINT,100,100,RANDOM,7
294,29500,99.29735136032104,40611,40619.64,0,0.4,0.5,20,ONE_POINT,100,100,RANDOM,7
295,29600,99.66130423545837,40604,40604.91,0,0.4,0.5,20,ONE_POINT,100,100,RANDOM,7
296,29700,100.0513231754303,40511,40517.61,0,0.4,0.5,20,ONE_POINT,100,100,RANDOM,7
297,29800,100.3817355632782,40456,40460.19,0,0.4,0.5,20,ONE_POINT,100,100,RANDOM,7
298,29900,100.70725202560425,40313,40322.07,0,0.4,0.5,20,ONE_POINT,100,100,RANDOM,7
299,30000,101.0710186958313,40185,40204.38,0,0.4,0.5,20,ONE_POINT,100,100,RANDOM,7
300,30100,101.44125294685364,40102,40110.52,0,0.4,0.5,20,ONE_POINT,100,100,RANDOM,7
301,30200,101.80034375190735,40002,40022.52,0,0.4,0.5,20,ONE_POINT,100,100,RANDOM,7
302,30300,102.14356064796448,39942,39946.94,0,0.4,0.5,20,ONE_POINT,100,100,RANDOM,7
303,30400,102.4906497001648,39912,39914.4,0,0.4,0.5,20,ONE_POINT,100,100,RANDOM,7
304,30500,102.84791684150696,39880,39884.72,0,0.4,0.5,20,ONE_POINT,100,100,RANDOM,7
305,30600,103.18992710113525,39811,39818.59,0,0.4,0.5,20,ONE_POINT,100,100,RANDOM,7
306,30700,103.52377033233643,39720,39768.72,0,0.4,0.5,20,ONE_POINT,100,100,RANDOM,7
307,30800,103.85384154319763,39553,39582.02,0,0.4,0.5,20,ONE_POINT,100,100,RANDOM,7
308,30900,104.16204142570496,39493,39521.21,0,0.4,0.5,20,ONE_POINT,100,100,RANDOM,7
309,31000,104.50004386901855,39338,39360.39,0,0.4,0.5,20,ONE_POINT,100,100,RANDOM,7
310,31100,104.85149073600769,39310,39314.35,0,0.4,0.5,20,ONE_POINT,100,100,RANDOM,7
311,31200,105.18599224090576,39292,39297.63,0,0.4,0.5,20,ONE_POINT,100,100,RANDOM,7
312,31300,105.53209805488586,39243,39247.38,0,0.4,0.5,20,ONE_POINT,100,100,RANDOM,7
313,31400,105.84692096710205,39133,39152.06,0,0.4,0.5,20,ONE_POINT,100,100,RANDOM,7
314,31500,106.20620226860046,38950,38960.15,0,0.4,0.5,20,ONE_POINT,100,100,RANDOM,7
315,31600,106.54560160636902,38879,38885.46,0,0.4,0.5,20,ONE_POINT,100,100,RANDOM,7
316,31700,106.8597457408905,38859,38872.23,0,0.4,0.5,20,ONE_POINT,100,100,RANDOM,7
317,31800,107.19237399101257,38817,38835.38,0,0.4,0.5,20,ONE_POINT,100,100,RANDOM,7
318,31900,107.52019333839417,38785,38809.97,0,0.4,0.5,20,ONE_POINT,100,100,RANDOM,7
319,32000,107.86157393455505,38715,38719.44,0,0.4,0.5,20,ONE_POINT,100,100,RANDOM,7
320,32100,108.18971538543701,38644,38649.67,0,0.4,0.5,20,ONE_POINT,100,100,RANDOM,7
321,32200,108.52082848548889,38548,38556.95,0,0.4,0.5,20,ONE_POINT,100,100,RANDOM,7
322,32300,108.84232878684998,38458,38472.38,0,0.4,0.5,20,ONE_POINT,100,100,RANDOM,7
323,32400,109.16257357597351,38439,38580.11,0,0.4,0.5,20,ONE_POINT,100,100,RANDOM,7
324,32500,109.47089123725891,38374,38382.26,0,0.4,0.5,20,ONE_POINT,100,100,RANDOM,7
325,32600,109.82547235488892,38222,38233.61,0,0.4,0.5,20,ONE_POINT,100,100,RANDOM,7
326,32700,110.13177585601807,38135,38153.48,0,0.4,0.5,20,ONE_POINT,100,100,RANDOM,7
327,32800,110.48186016082764,38104,38106.5,0,0.4,0.5,20,ONE_POINT,100,100,RANDOM,7
328,32900,110.82257008552551,38033,38053.86,0,0.4,0.5,20,ONE_POINT,100,100,RANDOM,7
329,33000,111.15753483772278,37962,37969.1,0,0.4,0.5,20,ONE_POINT,100,100,RANDOM,7
330,33100,111.47845482826233,37945,37986.04,0,0.4,0.5,20,ONE_POINT,100,100,RANDOM,7
331,33200,111.82604002952576,37937,37950.34,0,0.4,0.5,20,ONE_POINT,100,100,RANDOM,7
332,33300,112.1791250705719,37918,37921.29,0,0.4,0.5,20,ONE_POINT,100,100,RANDOM,7
333,33400,112.51744270324707,37851,37856.24,0,0.4,0.5,20,ONE_POINT,100,100,RANDOM,7
334,33500,112.84214878082275,37809,37813.41,0,0.4,0.5,20,ONE_POINT,100,100,RANDOM,7
335,33600,113.17966103553772,37734,37738.5,0,0.4,0.5,20,ONE_POINT,100,100,RANDOM,7
336,33700,113.51076912879944,37699,37705.0,0,0.4,0.5,20,ONE_POINT,100,100,RANDOM,7
337,33800,113.86722540855408,37685,37686.91,0,0.4,0.5,20,ONE_POINT,100,100,RANDOM,7
338,33900,114.21506786346436,37651,37678.33,0,0.4,0.5,20,ONE_POINT,100,100,RANDOM,7
339,34000,114.51798105239868,37572,37585.83,0,0.4,0.5,20,ONE_POINT,100,100,RANDOM,7
340,34100,114.84567332267761,37505,37513.28,0,0.4,0.5,20,ONE_POINT,100,100,RANDOM,7
341,34200,115.19370460510254,37478,37495.62,0,0.4,0.5,20,ONE_POINT,100,100,RANDOM,7
342,34300,115.50543880462646,37435,37439.45,0,0.4,0.5,20,ONE_POINT,100,100,RANDOM,7
343,34400,115.81340169906616,37388,37392.88,0,0.4,0.5,20,ONE_POINT,100,100,RANDOM,7
344,34500,116.13195300102234,37371,37380.86,0,0.4,0.5,20,ONE_POINT,100,100,RANDOM,7
345,34600,116.44543814659119,37298,37309.96,0,0.4,0.5,20,ONE_POINT,100,100,RANDOM,7
346,34700,116.74178624153137,37256,37259.45,0,0.4,0.5,20,ONE_POINT,100,100,RANDOM,7
347,34800,117.0864646434784,37256,37256.0,0,0.4,0.5,20,ONE_POINT,100,100,RANDOM,7
348,34900,117.4169716835022,37228,37231.91,0,0.4,0.5,20,ONE_POINT,100,100,RANDOM,7
349,35000,117.75844359397888,37178,37183.84,0,0.4,0.5,20,ONE_POINT,100,100,RANDOM,7
350,35100,118.09660005569458,37146,37166.33,0,0.4,0.5,20,ONE_POINT,100,100,RANDOM,7
351,35200,118.44642376899719,37088,37092.83,0,0.4,0.5,20,ONE_POINT,100,100,RANDOM,7
352,35300,118.78449535369873,37068,37070.76,0,0.4,0.5,20,ONE_POINT,100,100,RANDOM,7
353,35400,119.14702248573303,37024,37027.73,0,0.4,0.5,20,ONE_POINT,100,100,RANDOM,7
354,35500,119.56383609771729,36974,36982.7,0,0.4,0.5,20,ONE_POINT,100,100,RANDOM,7
355,35600,119.91167569160461,36965,36967.26,0,0.4,0.5,20,ONE_POINT,100,100,RANDOM,7
356,35700,120.26682686805725,36908,36913.64,0,0.4,0.5,20,ONE_POINT,100,100,RANDOM,7
357,35800,120.59048008918762,36896,36900.74,0,0.4,0.5,20,ONE_POINT,100,100,RANDOM,7
358,35900,120.9270350933075,36862,36866.0,0,0.4,0.5,20,ONE_POINT,100,100,RANDOM,7
359,36000,121.24471926689148,36792,36812.16,0,0.4,0.5,20,ONE_POINT,100,100,RANDOM,7
360,36100,121.56795072555542,36723,36731.2,0,0.4,0.5,20,ONE_POINT,100,100,RANDOM,7
361,36200,121.87771224975586,36703,36708.62,0,0.4,0.5,20,ONE_POINT,100,100,RANDOM,7
362,36300,122.22063279151917,36682,36689.81,0,0.4,0.5,20,ONE_POINT,100,100,RANDOM,7
363,36400,122.54774689674377,36595,36605.37,0,0.4,0.5,20,ONE_POINT,100,100,RANDOM,7
364,36500,122.87425398826599,36588,36591.72,0,0.4,0.5,20,ONE_POINT,100,100,RANDOM,7
365,36600,123.18707656860352,36519,36526.44,0,0.4,0.5,20,ONE_POINT,100,100,RANDOM,7
366,36700,123.52370142936707,36476,36479.44,0,0.4,0.5,20,ONE_POINT,100,100,RANDOM,7
367,36800,123.8838222026825,36469,36478.91,0,0.4,0.5,20,ONE_POINT,100,100,RANDOM,7
368,36900,124.22510266304016,36437,36448.61,0,0.4,0.5,20,ONE_POINT,100,100,RANDOM,7
369,37000,124.59658432006836,36410,36413.67,0,0.4,0.5,20,ONE_POINT,100,100,RANDOM,7
370,37100,124.92929601669312,36398,36399.76,0,0.4,0.5,20,ONE_POINT,100,100,RANDOM,7
371,37200,125.28038001060486,36386,36394.83,0,0.4,0.5,20,ONE_POINT,100,100,RANDOM,7
372,37300,125.59554052352905,36366,36368.24,0,0.4,0.5,20,ONE_POINT,100,100,RANDOM,7
373,37400,125.90226626396179,36314,36330.86,0,0.4,0.5,20,ONE_POINT,100,100,RANDOM,7
374,37500,126.26117181777954,36286,36291.96,0,0.4,0.5,20,ONE_POINT,100,100,RANDOM,7
375,37600,126.56191301345825,36273,36323.15,0,0.4,0.5,20,ONE_POINT,100,100,RANDOM,7
376,37700,126.91253566741943,36240,36242.64,0,0.4,0.5,20,ONE_POINT,100,100,RANDOM,7
377,37800,127.26650285720825,36132,36151.57,0,0.4,0.5,20,ONE_POINT,100,100,RANDOM,7
378,37900,127.5676531791687,36096,36099.91,0,0.4,0.5,20,ONE_POINT,100,100,RANDOM,7
379,38000,127.91885828971863,36082,36108.53,0,0.4,0.5,20,ONE_POINT,100,100,RANDOM,7
380,38100,128.2824831008911,36068,36212.95,0,0.4,0.5,20,ONE_POINT,100,100,RANDOM,7
381,38200,128.58208537101746,36059,36063.85,0,0.4,0.5,20,ONE_POINT,100,100,RANDOM,7
382,38300,128.90716576576233,36059,36059.0,0,0.4,0.5,20,ONE_POINT,100,100,RANDOM,7
383,38400,129.23380327224731,36046,36048.17,0,0.4,0.5,20,ONE_POINT,100,100,RANDOM,7
384,38500,129.56048560142517,36033,36038.26,0,0.4,0.5,20,ONE_POINT,100,100,RANDOM,7
385,38600,129.86989831924438,35972,35977.01,0,0.4,0.5,20,ONE_POINT,100,100,RANDOM,7
386,38700,130.17181015014648,35934,35937.21,0,0.4,0.5,20,ONE_POINT,100,100,RANDOM,7
387,38800,130.51075148582458,35869,35887.62,0,0.4,0.5,20,ONE_POINT,100,100,RANDOM,7
388,38900,130.83632731437683,35841,35849.04,0,0.4,0.5,20,ONE_POINT,100,100,RANDOM,7
389,39000,131.17559456825256,35798,35801.47,0,0.4,0.5,20,ONE_POINT,100,100,RANDOM,7
390,39100,131.52201557159424,35772,35786.11,0,0.4,0.5,20,ONE_POINT,100,100,RANDOM,7
391,39200,131.82428312301636,35747,35751.47,0,0.4,0.5,20,ONE_POINT,100,100,RANDOM,7
392,39300,132.16069507598877,35734,35737.97,0,0.4,0.5,20,ONE_POINT,100,100,RANDOM,7
393,39400,132.5010120868683,35672,35742.07,0,0.4,0.5,20,ONE_POINT,100,100,RANDOM,7
394,39500,132.8037543296814,35648,35656.54,0,0.4,0.5,20,ONE_POINT,100,100,RANDOM,7
395,39600,133.146009683609,35607,35610.93,0,0.4,0.5,20,ONE_POINT,100,100,RANDOM,7
396,39700,133.45416164398193,35583,35589.81,0,0.4,0.5,20,ONE_POINT,100,100,RANDOM,7
397,39800,133.80942392349243,35542,35564.7,0,0.4,0.5,20,ONE_POINT,100,100,RANDOM,7
398,39900,134.12721276283264,35512,35529.15,0,0.4,0.5,20,ONE_POINT,100,100,RANDOM,7
399,40000,134.47761631011963,35490,35513.73,0,0.4,0.5,20,ONE_POINT,100,100,RANDOM,7
400,40100,134.83202052116394,35479,35480.8,0,0.4,0.5,20,ONE_POINT,100,100,RANDOM,7
401,40200,135.16393756866455,35457,35504.26,0,0.4,0.5,20,ONE_POINT,100,100,RANDOM,7
402,40300,135.4923324584961,35446,35564.74,0,0.4,0.5,20,ONE_POINT,100,100,RANDOM,7
403,40400,135.81395840644836,35440,35445.56,0,0.4,0.5,20,ONE_POINT,100,100,RANDOM,7
404,40500,136.1775381565094,35417,35421.59,0,0.4,0.5,20,ONE_POINT,100,100,RANDOM,7
405,40600,136.5404155254364,35357,35360.62,0,0.4,0.5,20,ONE_POINT,100,100,RANDOM,7
406,40700,136.90605854988098,35344,35348.85,0,0.4,0.5,20,ONE_POINT,100,100,RANDOM,7
407,40800,137.24970650672913,35314,35317.29,0,0.4,0.5,20,ONE_POINT,100,100,RANDOM,7
408,40900,137.60814428329468,35297,35301.39,0,0.4,0.5,20,ONE_POINT,100,100,RANDOM,7
409,41000,137.94159770011902,35267,35270.12,0,0.4,0.5,20,ONE_POINT,100,100,RANDOM,7
410,41100,138.25224661827087,35243,35260.0,0,0.4,0.5,20,ONE_POINT,100,100,RANDOM,7
411,41200,138.5854742527008,35216,35219.64,0,0.4,0.5,20,ONE_POINT,100,100,RANDOM,7
412,41300,138.90199065208435,35194,35197.59,0,0.4,0.5,20,ONE_POINT,100,100,RANDOM,7
413,41400,139.25256395339966,35140,35145.91,0,0.4,0.5,20,ONE_POINT,100,100,RANDOM,7
414,41500,139.56903505325317,35134,35137.52,0,0.4,0.5,20,ONE_POINT,100,100,RANDOM,7
415,41600,139.9090645313263,35077,35081.05,0,0.4,0.5,20,ONE_POINT,100,100,RANDOM,7
416,41700,140.2429540157318,35033,35046.8,0,0.4,0.5,20,ONE_POINT,100,100,RANDOM,7
417,41800,140.5444939136505,35017,35023.47,0,0.4,0.5,20,ONE_POINT,100,100,RANDOM,7
418,41900,140.909499168396,34952,34959.09,0,0.4,0.5,20,ONE_POINT,100,100,RANDOM,7
419,42000,141.27157163619995,34949,34956.87,0,0.4,0.5,20,ONE_POINT,100,100,RANDOM,7
420,42100,141.63762283325195,34918,34928.22,0,0.4,0.5,20,ONE_POINT,100,100,RANDOM,7
421,42200,142.0018892288208,34902,34904.7,0,0.4,0.5,20,ONE_POINT,100,100,RANDOM,7
422,42300,142.3644437789917,34856,34861.37,0,0.4,0.5,20,ONE_POINT,100,100,RANDOM,7
423,42400,142.70201802253723,34842,34846.57,0,0.4,0.5,20,ONE_POINT,100,100,RANDOM,7
424,42500,143.0519678592682,34803,34806.76,0,0.4,0.5,20,ONE_POINT,100,100,RANDOM,7
425,42600,143.41679048538208,34713,34718.4,0,0.4,0.5,20,ONE_POINT,100,100,RANDOM,7
426,42700,143.71500992774963,34691,34735.17,0,0.4,0.5,20,ONE_POINT,100,100,RANDOM,7
427,42800,144.0302278995514,34629,34634.99,0,0.4,0.5,20,ONE_POINT,100,100,RANDOM,7
428,42900,144.376051902771,34602,34607.69,0,0.4,0.5,20,ONE_POINT,100,100,RANDOM,7
429,43000,144.67950892448425,34568,34574.31,0,0.4,0.5,20,ONE_POINT,100,100,RANDOM,7
430,43100,145.00744342803955,34551,34552.7,0,0.4,0.5,20,ONE_POINT,100,100,RANDOM,7
431,43200,145.36564326286316,34502,34506.41,0,0.4,0.5,20,ONE_POINT,100,100,RANDOM,7
432,43300,145.67851948738098,34487,34543.9,0,0.4,0.5,20,ONE_POINT,100,100,RANDOM,7
433,43400,146.0129268169403,34470,34473.06,0,0.4,0.5,20,ONE_POINT,100,100,RANDOM,7
434,43500,146.3283565044403,34462,34467.38,0,0.4,0.5,20,ONE_POINT,100,100,RANDOM,7
435,43600,146.6487021446228,34408,34412.61,0,0.4,0.5,20,ONE_POINT,100,100,RANDOM,7
436,43700,146.99864840507507,34397,34402.9,0,0.4,0.5,20,ONE_POINT,100,100,RANDOM,7
437,43800,147.3440124988556,34396,34397.32,0,0.4,0.5,20,ONE_POINT,100,100,RANDOM,7
438,43900,147.7338206768036,34371,34448.73,0,0.4,0.5,20,ONE_POINT,100,100,RANDOM,7
439,44000,148.05412411689758,34339,34342.4,0,0.4,0.5,20,ONE_POINT,100,100,RANDOM,7
440,44100,148.40459156036377,34303,34306.88,0,0.4,0.5,20,ONE_POINT,100,100,RANDOM,7
441,44200,148.70336318016052,34270,34278.59,0,0.4,0.5,20,ONE_POINT,100,100,RANDOM,7
442,44300,149.02415823936462,34242,34246.01,0,0.4,0.5,20,ONE_POINT,100,100,RANDOM,7
443,44400,149.3534345626831,34223,34226.84,0,0.4,0.5,20,ONE_POINT,100,100,RANDOM,7
444,44500,149.66581082344055,34183,34197.53,0,0.4,0.5,20,ONE_POINT,100,100,RANDOM,7
445,44600,150.01857686042786,34183,34183.0,0,0.4,0.5,20,ONE_POINT,100,100,RANDOM,7
446,44700,150.35392570495605,34153,34159.17,0,0.4,0.5,20,ONE_POINT,100,100,RANDOM,7
447,44800,150.70044922828674,34143,34148.25,0,0.4,0.5,20,ONE_POINT,100,100,RANDOM,7
448,44900,151.00727772712708,34119,34121.98,0,0.4,0.5,20,ONE_POINT,100,100,RANDOM,7
449,45000,151.34856843948364,34072,34089.49,0,0.4,0.5,20,ONE_POINT,100,100,RANDOM,7
450,45100,151.6812345981598,34010,34020.61,0,0.4,0.5,20,ONE_POINT,100,100,RANDOM,7
451,45200,152.03067278862,33973,33978.53,0,0.4,0.5,20,ONE_POINT,100,100,RANDOM,7
452,45300,152.36716294288635,33942,34150.47,0,0.4,0.5,20,ONE_POINT,100,100,RANDOM,7
453,45400,152.68767261505127,33918,33963.22,0,0.4,0.5,20,ONE_POINT,100,100,RANDOM,7
454,45500,153.0626082420349,33910,33914.06,0,0.4,0.5,20,ONE_POINT,100,100,RANDOM,7
455,45600,153.41370129585266,33894,33896.16,0,0.4,0.5,20,ONE_POINT,100,100,RANDOM,7
456,45700,153.79007148742676,33886,33889.76,0,0.4,0.5,20,ONE_POINT,100,100,RANDOM,7
457,45800,154.08791279792786,33886,33886.0,0,0.4,0.5,20,ONE_POINT,100,100,RANDOM,7
458,45900,154.41410088539124,33868,34080.29,0,0.4,0.5,20,ONE_POINT,100,100,RANDOM,7
459,46000,154.76815176010132,33851,33863.35,0,0.4,0.5,20,ONE_POINT,100,100,RANDOM,7
460,46100,155.09696698188782,33839,33854.41,0,0.4,0.5,20,ONE_POINT,100,100,RANDOM,7
461,46200,155.43411993980408,33828,33870.42,0,0.4,0.5,20,ONE_POINT,100,100,RANDOM,7
462,46300,155.79411482810974,33813,33820.75,0,0.4,0.5,20,ONE_POINT,100,100,RANDOM,7
463,46400,156.13613486289978,33801,33808.23,0,0.4,0.5,20,ONE_POINT,100,100,RANDOM,7
464,46500,156.45053005218506,33798,33805.6,0,0.4,0.5,20,ONE_POINT,100,100,RANDOM,7
465,46600,156.80490636825562,33778,33780.51,0,0.4,0.5,20,ONE_POINT,100,100,RANDOM,7
466,46700,157.15836334228516,33772,33787.01,0,0.4,0.5,20,ONE_POINT,100,100,RANDOM,7
467,46800,157.50688290596008,33758,33760.53,0,0.4,0.5,20,ONE_POINT,100,100,RANDOM,7
468,46900,157.875586271286,33711,33715.65,0,0.4,0.5,20,ONE_POINT,100,100,RANDOM,7
469,47000,158.1823468208313,33697,33704.0,0,0.4,0.5,20,ONE_POINT,100,100,RANDOM,7
470,47100,158.53191208839417,33680,33690.19,0,0.4,0.5,20,ONE_POINT,100,100,RANDOM,7
471,47200,158.86673402786255,33680,33681.9,0,0.4,0.5,20,ONE_POINT,100,100,RANDOM,7
472,47300,159.20163583755493,33663,33665.21,0,0.4,0.5,20,ONE_POINT,100,100,RANDOM,7
473,47400,159.56136846542358,33654,33655.6,0,0.4,0.5,20,ONE_POINT,100,100,RANDOM,7
474,47500,159.9010705947876,33650,33651.36,0,0.4,0.5,20,ONE_POINT,100,100,RANDOM,7
475,47600,160.27118182182312,33597,33601.46,0,0.4,0.5,20,ONE_POINT,100,100,RANDOM,7
476,47700,160.5696189403534,33597,33597.0,0,0.4,0.5,20,ONE_POINT,100,100,RANDOM,7
477,47800,160.8852734565735,33579,33581.48,0,0.4,0.5,20,ONE_POINT,100,100,RANDOM,7
478,47900,161.2696032524109,33576,33692.62,0,0.4,0.5,20,ONE_POINT,100,100,RANDOM,7
479,48000,161.57789254188538,33568,33569.23,0,0.4,0.5,20,ONE_POINT,100,100,RANDOM,7
480,48100,161.90606927871704,33559,33560.75,0,0.4,0.5,20,ONE_POINT,100,100,RANDOM,7
481,48200,162.22345495224,33540,33555.46,0,0.4,0.5,20,ONE_POINT,100,100,RANDOM,7
482,48300,162.57650804519653,33524,33530.29,0,0.4,0.5,20,ONE_POINT,100,100,RANDOM,7
483,48400,162.9288878440857,33511,33513.64,0,0.4,0.5,20,ONE_POINT,100,100,RANDOM,7
484,48500,163.263329744339,33505,33506.15,0,0.4,0.5,20,ONE_POINT,100,100,RANDOM,7
485,48600,163.59274673461914,33488,33492.75,0,0.4,0.5,20,ONE_POINT,100,100,RANDOM,7
486,48700,163.92029404640198,33488,33488.17,0,0.4,0.5,20,ONE_POINT,100,100,RANDOM,7
487,48800,164.2661850452423,33463,33468.38,0,0.4,0.5,20,ONE_POINT,100,100,RANDOM,7
488,48900,164.5690734386444,33463,33463.0,0,0.4,0.5,20,ONE_POINT,100,100,RANDOM,7
489,49000,164.893137216568,33462,33462.5,0,0.4,0.5,20,ONE_POINT,100,100,RANDOM,7
490,49100,165.25451397895813,33436,33461.41,0,0.4,0.5,20,ONE_POINT,100,100,RANDOM,7
491,49200,165.57707953453064,33427,33430.12,0,0.4,0.5,20,ONE_POINT,100,100,RANDOM,7
492,49300,165.8767228126526,33427,33427.0,0,0.4,0.5,20,ONE_POINT,100,100,RANDOM,7
493,49400,166.22980499267578,33407,33411.46,0,0.4,0.5,20,ONE_POINT,100,100,RANDOM,7
494,49500,166.5414068698883,33397,33455.95,0,0.4,0.5,20,ONE_POINT,100,100,RANDOM,7
495,49600,166.88622546195984,33384,33386.07,0,0.4,0.5,20,ONE_POINT,100,100,RANDOM,7
496,49700,167.25878524780273,33372,33374.04,0,0.4,0.5,20,ONE_POINT,100,100,RANDOM,7
497,49800,167.59409594535828,33363,33380.98,0,0.4,0.5,20,ONE_POINT,100,100,RANDOM,7
498,49900,167.92759776115417,33348,33351.11,0,0.4,0.5,20,ONE_POINT,100,100,RANDOM,7
499,50000,168.28087663650513,33333,33334.74,0,0.4,0.5,20,ONE_POINT,100,100,RANDOM,7
500,50100,168.61972403526306,33329,33331.06,0,0.4,0.5,20,ONE_POINT,100,100,RANDOM,7
1,200,0.22193145751953125,128291,128967.74,0,0.4,0.5,20,ONE_POINT,100,100,RANDOM,8
2,300,0.5898563861846924,127148,127183.85,0,0.4,0.5,20,ONE_POINT,100,100,RANDOM,8
3,400,0.9385864734649658,125449,125463.28,0,0.4,0.5,20,ONE_POINT,100,100,RANDOM,8
4,500,1.3725683689117432,124807,124821.47,0,0.4,0.5,20,ONE_POINT,100,100,RANDOM,8
5,600,1.7463951110839844,123801,123826.74,0,0.4,0.5,20,ONE_POINT,100,100,RANDOM,8
6,700,2.0507655143737793,122145,122197.65,0,0.4,0.5,20,ONE_POINT,100,100,RANDOM,8
7,800,2.4019553661346436,121489,121508.68,0,0.4,0.5,20,ONE_POINT,100,100,RANDOM,8
8,900,2.756835699081421,120242,120266.94,0,0.4,0.5,20,ONE_POINT,100,100,RANDOM,8
9,1000,3.0820701122283936,119335,119353.14,0,0.4,0.5,20,ONE_POINT,100,100,RANDOM,8
10,1100,3.4292664527893066,118487,118525.33,0,0.4,0.5,20,ONE_POINT,100,100,RANDOM,8
11,1200,3.7555315494537354,117220,117244.87,0,0.4,0.5,20,ONE_POINT,100,100,RANDOM,8
12,1300,4.07599401473999,116712,116750.14,0,0.4,0.5,20,ONE_POINT,100,100,RANDOM,8
13,1400,4.425484657287598,116423,116440.73,0,0.4,0.5,20,ONE_POINT,100,100,RANDOM,8
14,1500,4.789889812469482,116175,116183.61,0,0.4,0.5,20,ONE_POINT,100,100,RANDOM,8
15,1600,5.090898036956787,114949,114973.52,0,0.4,0.5,20,ONE_POINT,100,100,RANDOM,8
16,1700,5.429668426513672,114599,114613.11,0,0.4,0.5,20,ONE_POINT,100,100,RANDOM,8
17,1800,5.763042688369751,113638,113657.22,0,0.4,0.5,20,ONE_POINT,100,100,RANDOM,8
18,1900,6.099938631057739,113090,113106.47,0,0.4,0.5,20,ONE_POINT,100,100,RANDOM,8
19,2000,6.4053003787994385,112729,112743.38,0,0.4,0.5,20,ONE_POINT,100,100,RANDOM,8
20,2100,6.716899871826172,112318,112478.15,0,0.4,0.5,20,ONE_POINT,100,100,RANDOM,8
21,2200,7.020133018493652,111687,111704.58,0,0.4,0.5,20,ONE_POINT,100,100,RANDOM,8
22,2300,7.389743804931641,111273,111410.7,0,0.4,0.5,20,ONE_POINT,100,100,RANDOM,8
23,2400,7.748337745666504,110873,110901.02,0,0.4,0.5,20,ONE_POINT,100,100,RANDOM,8
24,2500,8.0488121509552,110096,110166.06,0,0.4,0.5,20,ONE_POINT,100,100,RANDOM,8
25,2600,8.393661737442017,109601,109633.35,0,0.4,0.5,20,ONE_POINT,100,100,RANDOM,8
26,2700,8.72254467010498,109161,109178.6,0,0.4,0.5,20,ONE_POINT,100,100,RANDOM,8
27,2800,9.05716609954834,108114,108199.59,0,0.4,0.5,20,ONE_POINT,100,100,RANDOM,8
28,2900,9.386762142181396,107764,107775.46,0,0.4,0.5,20,ONE_POINT,100,100,RANDOM,8
29,3000,9.740403890609741,106363,106400.26,0,0.4,0.5,20,ONE_POINT,100,100,RANDOM,8
30,3100,10.057282447814941,105867,105881.68,0,0.4,0.5,20,ONE_POINT,100,100,RANDOM,8
31,3200,10.407138586044312,105488,105506.01,0,0.4,0.5,20,ONE_POINT,100,100,RANDOM,8
32,3300,10.723225116729736,104977,104997.63,0,0.4,0.5,20,ONE_POINT,100,100,RANDOM,8
33,3400,11.103931665420532,104564,104584.76,0,0.4,0.5,20,ONE_POINT,100,100,RANDOM,8
34,3500,11.452202081680298,103820,103843.51,0,0.4,0.5,20,ONE_POINT,100,100,RANDOM,8
35,3600,11.769618034362793,103271,103287.47,0,0.4,0.5,20,ONE_POINT,100,100,RANDOM,8
36,3700,12.105517148971558,102823,102842.31,0,0.4,0.5,20,ONE_POINT,100,100,RANDOM,8
37,3800,12.466339111328125,102362,102454.96,0,0.4,0.5,20,ONE_POINT,100,100,RANDOM,8
38,3900,12.80588960647583,101963,101979.24,0,0.4,0.5,20,ONE_POINT,100,100,RANDOM,8
39,4000,13.14790415763855,101494,101520.76,0,0.4,0.5,20,ONE_POINT,100,100,RANDOM,8
40,4100,13.458252191543579,101109,101120.55,0,0.4,0.5,20,ONE_POINT,100,100,RANDOM,8
41,4200,13.780300617218018,100669,100682.11,0,0.4,0.5,20,ONE_POINT,100,100,RANDOM,8
42,4300,14.11331582069397,100184,100198.51,0,0.4,0.5,20,ONE_POINT,100,100,RANDOM,8
43,4400,14.464652299880981,99872,99882.94,0,0.4,0.5,20,ONE_POINT,100,100,RANDOM,8
44,4500,14.819092035293579,99492,99503.4,0,0.4,0.5,20,ONE_POINT,100,100,RANDOM,8
45,4600,15.190645694732666,99198,99222.87,0,0.4,0.5,20,ONE_POINT,100,100,RANDOM,8
46,4700,15.496180772781372,98668,98683.9,0,0.4,0.5,20,ONE_POINT,100,100,RANDOM,8
47,4800,15.830350399017334,98449,98466.46,0,0.4,0.5,20,ONE_POINT,100,100,RANDOM,8
48,4900,16.177299737930298,98049,98055.48,0,0.4,0.5,20,ONE_POINT,100,100,RANDOM,8
49,5000,16.49053645133972,97802,97811.51,0,0.4,0.5,20,ONE_POINT,100,100,RANDOM,8
50,5100,16.800423622131348,97332,97341.4,0,0.4,0.5,20,ONE_POINT,100,100,RANDOM,8
51,5200,17.1586434841156,97101,97110.25,0,0.4,0.5,20,ONE_POINT,100,100,RANDOM,8
52,5300,17.501473665237427,96729,96733.47,0,0.4,0.5,20,ONE_POINT,100,100,RANDOM,8
53,5400,17.817625761032104,96516,96535.25,0,0.4,0.5,20,ONE_POINT,100,100,RANDOM,8
54,5500,18.188498973846436,96200,96209.48,0,0.4,0.5,20,ONE_POINT,100,100,RANDOM,8
55,5600,18.54224705696106,95791,95808.71,0,0.4,0.5,20,ONE_POINT,100,100,RANDOM,8
56,5700,18.901748657226562,95483,95492.24,0,0.4,0.5,20,ONE_POINT,100,100,RANDOM,8
57,5800,19.233758449554443,95209,95220.36,0,0.4,0.5,20,ONE_POINT,100,100,RANDOM,8
58,5900,19.584365606307983,94640,94657.38,0,0.4,0.5,20,ONE_POINT,100,100,RANDOM,8
59,6000,19.881458044052124,93877,93899.7,0,0.4,0.5,20,ONE_POINT,100,100,RANDOM,8
60,6100,20.223995685577393,93542,93555.4,0,0.4,0.5,20,ONE_POINT,100,100,RANDOM,8
61,6200,20.534053564071655,92698,92731.69,0,0.4,0.5,20,ONE_POINT,100,100,RANDOM,8
62,6300,20.88728356361389,92136,92145.58,0,0.4,0.5,20,ONE_POINT,100,100,RANDOM,8
63,6400,21.248046875,91363,91410.27,0,0.4,0.5,20,ONE_POINT,100,100,RANDOM,8
64,6500,21.592422008514404,90498,90514.69,0,0.4,0.5,20,ONE_POINT,100,100,RANDOM,8
65,6600,21.911227464675903,90381,90386.85,0,0.4,0.5,20,ONE_POINT,100,100,RANDOM,8
66,6700,22.251364707946777,89750,89776.2,0,0.4,0.5,20,ONE_POINT,100,100,RANDOM,8
67,6800,22.60153841972351,89496,89513.13,0,0.4,0.5,20,ONE_POINT,100,100,RANDOM,8
68,6900,22.924405574798584,89114,89125.42,0,0.4,0.5,20,ONE_POINT,100,100,RANDOM,8
69,7000,23.251215934753418,88375,88411.01,0,0.4,0.5,20,ONE_POINT,100,100,RANDOM,8
70,7100,23.592992305755615,87880,87908.74,0,0.4,0.5,20,ONE_POINT,100,100,RANDOM,8
71,7200,23.9193012714386,87620,87699.96,0,0.4,0.5,20,ONE_POINT,100,100,RANDOM,8
72,7300,24.267462015151978,87294,87303.52,0,0.4,0.5,20,ONE_POINT,100,100,RANDOM,8
73,7400,24.601726293563843,86293,86326.12,0,0.4,0.5,20,ONE_POINT,100,100,RANDOM,8
74,7500,24.91545081138611,85770,85780.46,0,0.4,0.5,20,ONE_POINT,100,100,RANDOM,8
75,7600,25.243390560150146,85500,85510.8,0,0.4,0.5,20,ONE_POINT,100,100,RANDOM,8
76,7700,25.623289108276367,84985,85000.45,0,0.4,0.5,20,ONE_POINT,100,100,RANDOM,8
77,7800,25.972824335098267,84780,84787.09,0,0.4,0.5,20,ONE_POINT,100,100,RANDOM,8
78,7900,26.29951238632202,84563,84573.96,0,0.4,0.5,20,ONE_POINT,100,100,RANDOM,8
79,8000,26.655604124069214,83909,83922.08,0,0.4,0.5,20,ONE_POINT,100,100,RANDOM,8
80,8100,26.973421573638916,83682,83688.86,0,0.4,0.5,20,ONE_POINT,100,100,RANDOM,8
81,8200,27.304388761520386,83367,83379.6,0,0.4,0.5,20,ONE_POINT,100,100,RANDOM,8
82,8300,27.622438669204712,82680,82707.62,0,0.4,0.5,20,ONE_POINT,100,100,RANDOM,8
83,8400,27.936243057250977,82411,82426.43,0,0.4,0.5,20,ONE_POINT,100,100,RANDOM,8
84,8500,28.249012231826782,82079,82091.65,0,0.4,0.5,20,ONE_POINT,100,100,RANDOM,8
85,8600,28.58948063850403,81758,81801.32,0,0.4,0.5,20,ONE_POINT,100,100,RANDOM,8
86,8700,28.926427364349365,81351,81372.28,0,0.4,0.5,20,ONE_POINT,100,100,RANDOM,8
87,8800,29.245814085006714,81050,81062.04,0,0.4,0.5,20,ONE_POINT,100,100,RANDOM,8
88,8900,29.543419122695923,80604,80612.92,0,0.4,0.5,20,ONE_POINT,100,100,RANDOM,8
89,9000,29.895270824432373,80259,80272.86,0,0.4,0.5,20,ONE_POINT,100,100,RANDOM,8
90,9100,30.277270555496216,80076,80087.33,0,0.4,0.5,20,ONE_POINT,100,100,RANDOM,8
91,9200,30.631009340286255,79936,79943.92,0,0.4,0.5,20,ONE_POINT,100,100,RANDOM,8
92,9300,31.000866413116455,79799,79806.06,0,0.4,0.5,20,ONE_POINT,100,100,RANDOM,8
93,9400,31.313796043395996,79538,79553.08,0,0.4,0.5,20,ONE_POINT,100,100,RANDOM,8
94,9500,31.616026639938354,79062,79098.96,0,0.4,0.5,20,ONE_POINT,100,100,RANDOM,8
95,9600,31.919294357299805,78865,78884.69,0,0.4,0.5,20,ONE_POINT,100,100,RANDOM,8
96,9700,32.26870512962341,78471,78492.97,0,0.4,0.5,20,ONE_POINT,100,100,RANDOM,8
97,9800,32.59733510017395,78164,78176.28,0,0.4,0.5,20,ONE_POINT,100,100,RANDOM,8
98,9900,32.90506315231323,77888,77925.43,0,0.4,0.5,20,ONE_POINT,100,100,RANDOM,8
99,10000,33.24660634994507,77600,77612.81,0,0.4,0.5,20,ONE_POINT,100,100,RANDOM,8
100,10100,33.59187173843384,77259,77272.27,0,0.4,0.5,20,ONE_POINT,100,100,RANDOM,8
101,10200,33.943684101104736,76765,76781.9,0,0.4,0.5,20,ONE_POINT,100,100,RANDOM,8
102,10300,34.28959608078003,76535,76546.53,0,0.4,0.5,20,ONE_POINT,100,100,RANDOM,8
103,10400,34.64366865158081,76250,76314.51,0,0.4,0.5,20,ONE_POINT,100,100,RANDOM,8
104,10500,34.99761629104614,76011,76031.17,0,0.4,0.5,20,ONE_POINT,100,100,RANDOM,8
105,10600,35.36136722564697,75790,75798.84,0,0.4,0.5,20,ONE_POINT,100,100,RANDOM,8
106,10700,35.711376667022705,75580,75645.66,0,0.4,0.5,20,ONE_POINT,100,100,RANDOM,8
107,10800,36.06735324859619,75512,75523.52,0,0.4,0.5,20,ONE_POINT,100,100,RANDOM,8
108,10900,36.390915632247925,75253,75309.89,0,0.4,0.5,20,ONE_POINT,100,100,RANDOM,8
109,11000,36.69331407546997,74921,74931.23,0,0.4,0.5,20,ONE_POINT,100,100,RANDOM,8
110,11100,37.06629729270935,74635,74646.44,0,0.4,0.5,20,ONE_POINT,100,100,RANDOM,8
111,11200,37.42815828323364,73984,74050.7,0,0.4,0.5,20,ONE_POINT,100,100,RANDOM,8
112,11300,37.73125123977661,73764,73772.8,0,0.4,0.5,20,ONE_POINT,100,100,RANDOM,8
113,11400,38.05699920654297,73521,73534.79,0,0.4,0.5,20,ONE_POINT,100,100,RANDOM,8
114,11500,38.36137914657593,73331,73338.6,0,0.4,0.5,20,ONE_POINT,100,100,RANDOM,8
115,11600,38.68422842025757,72952,72969.46,0,0.4,0.5,20,ONE_POINT,100,100,RANDOM,8
116,11700,39.04895734786987,72719,72736.46,0,0.4,0.5,20,ONE_POINT,100,100,RANDOM,8
117,11800,39.382230281829834,72390,72428.69,0,0.4,0.5,20,ONE_POINT,100,100,RANDOM,8
118,11900,39.74761414527893,71753,71800.45,0,0.4,0.5,20,ONE_POINT,100,100,RANDOM,8
119,12000,40.07197093963623,71694,71739.45,0,0.4,0.5,20,ONE_POINT,100,100,RANDOM,8
120,12100,40.392067432403564,71516,71525.88,0,0.4,0.5,20,ONE_POINT,100,100,RANDOM,8
121,12200,40.74993705749512,71262,71272.16,0,0.4,0.5,20,ONE_POINT,100,100,RANDOM,8
122,12300,41.07698845863342,71044,71079.5,0,0.4,0.5,20,ONE_POINT,100,100,RANDOM,8
123,12400,41.41862988471985,70976,71025.41,0,0.4,0.5,20,ONE_POINT,100,100,RANDOM,8
124,12500,41.771679162979126,70535,70549.01,0,0.4,0.5,20,ONE_POINT,100,100,RANDOM,8
125,12600,42.07855439186096,70292,70301.72,0,0.4,0.5,20,ONE_POINT,100,100,RANDOM,8
126,12700,42.424015283584595,70109,70116.58,0,0.4,0.5,20,ONE_POINT,100,100,RANDOM,8
127,12800,42.801513671875,69922,69928.31,0,0.4,0.5,20,ONE_POINT,100,100,RANDOM,8
128,12900,43.14723181724548,69638,69649.36,0,0.4,0.5,20,ONE_POINT,100,100,RANDOM,8
129,13000,43.44869947433472,69318,69339.77,0,0.4,0.5,20,ONE_POINT,100,100,RANDOM,8
130,13100,43.75775170326233,69169,69174.96,0,0.4,0.5,20,ONE_POINT,100,100,RANDOM,8
131,13200,44.06930160522461,68982,68992.84,0,0.4,0.5,20,ONE_POINT,100,100,RANDOM,8
132,13300,44.37026882171631,68830,68839.44,0,0.4,0.5,20,ONE_POINT,100,100,RANDOM,8
133,13400,44.743603467941284,68641,68651.89,0,0.4,0.5,20,ONE_POINT,100,100,RANDOM,8
134,13500,45.05066728591919,68439,68447.11,0,0.4,0.5,20,ONE_POINT,100,100,RANDOM,8
135,13600,45.40199089050293,68185,68196.4,0,0.4,0.5,20,ONE_POINT,100,100,RANDOM,8
136,13700,45.75205373764038,67951,67962.25,0,0.4,0.5,20,ONE_POINT,100,100,RANDOM,8
137,13800,46.0869836807251,67889,67897.36,0,0.4,0.5,20,ONE_POINT,100,100,RANDOM,8
138,13900,46.41096019744873,67581,67595.46,0,0.4,0.5,20,ONE_POINT,100,100,RANDOM,8
139,14000,46.71137857437134,67394,67401.48,0,0.4,0.5,20,ONE_POINT,100,100,RANDOM,8
140,14100,47.056185483932495,67230,67259.64,0,0.4,0.5,20,ONE_POINT,100,100,RANDOM,8
141,14200,47.401615142822266,67013,67021.98,0,0.4,0.5,20,ONE_POINT,100,100,RANDOM,8
142,14300,47.70114612579346,66703,66715.4,0,0.4,0.5,20,ONE_POINT,100,100,RANDOM,8
143,14400,48.05423927307129,66589,66609.52,0,0.4,0.5,20,ONE_POINT,100,100,RANDOM,8
144,14500,48.37602496147156,66433,66442.01,0,0.4,0.5,20,ONE_POINT,100,100,RANDOM,8
145,14600,48.68172264099121,66018,66034.6,0,0.4,0.5,20,ONE_POINT,100,100,RANDOM,8
146,14700,49.02041411399841,65452,65500.44,0,0.4,0.5,20,ONE_POINT,100,100,RANDOM,8
147,14800,49.36791515350342,65246,65255.1,0,0.4,0.5,20,ONE_POINT,100,100,RANDOM,8
148,14900,49.68143320083618,64920,64934.24,0,0.4,0.5,20,ONE_POINT,100,100,RANDOM,8
149,15000,50.03400778770447,64725,64732.8,0,0.4,0.5,20,ONE_POINT,100,100,RANDOM,8
150,15100,50.37035942077637,64572,64596.49,0,0.4,0.5,20,ONE_POINT,100,100,RANDOM,8
151,15200,50.69752383232117,64423,64454.73,0,0.4,0.5,20,ONE_POINT,100,100,RANDOM,8
152,15300,51.03230929374695,64305,64309.72,0,0.4,0.5,20,ONE_POINT,100,100,RANDOM,8
153,15400,51.400952100753784,64082,64090.92,0,0.4,0.5,20,ONE_POINT,100,100,RANDOM,8
154,15500,51.75822114944458,63878,63886.66,0,0.4,0.5,20,ONE_POINT,100,100,RANDOM,8
155,15600,52.14349341392517,63714,63730.52,0,0.4,0.5,20,ONE_POINT,100,100,RANDOM,8
156,15700,52.472970485687256,63497,63517.94,0,0.4,0.5,20,ONE_POINT,100,100,RANDOM,8
157,15800,52.781349182128906,63347,63370.05,0,0.4,0.5,20,ONE_POINT,100,100,RANDOM,8
158,15900,53.11804509162903,63293,63304.14,0,0.4,0.5,20,ONE_POINT,100,100,RANDOM,8
159,16000,53.467872619628906,62951,62968.06,0,0.4,0.5,20,ONE_POINT,100,100,RANDOM,8
160,16100,53.76886963844299,62716,62726.1,0,0.4,0.5,20,ONE_POINT,100,100,RANDOM,8
161,16200,54.07037830352783,62566,62574.81,0,0.4,0.5,20,ONE_POINT,100,100,RANDOM,8
162,16300,54.40803503990173,62398,62410.9,0,0.4,0.5,20,ONE_POINT,100,100,RANDOM,8
163,16400,54.742401361465454,62252,62259.3,0,0.4,0.5,20,ONE_POINT,100,100,RANDOM,8
164,16500,55.0724573135376,62100,62107.6,0,0.4,0.5,20,ONE_POINT,100,100,RANDOM,8
165,16600,55.41501069068909,61916,61932.17,0,0.4,0.5,20,ONE_POINT,100,100,RANDOM,8
166,16700,55.73719882965088,61810,61844.45,0,0.4,0.5,20,ONE_POINT,100,100,RANDOM,8
167,16800,56.04683756828308,61446,61460.56,0,0.4,0.5,20,ONE_POINT,100,100,RANDOM,8
168,16900,56.36654829978943,61085,61175.16,0,0.4,0.5,20,ONE_POINT,100,100,RANDOM,8
169,17000,56.67540621757507,60853,60862.28,0,0.4,0.5,20,ONE_POINT,100,100,RANDOM,8
170,17100,57.04378008842468,60657,60663.75,0,0.4,0.5,20,ONE_POINT,100,100,RANDOM,8
171,17200,57.355918645858765,60484,60490.12,0,0.4,0.5,20,ONE_POINT,100,100,RANDOM,8
172,17300,57.681931018829346,60244,60256.84,0,0.4,0.5,20,ONE_POINT,100,100,RANDOM,8
173,17400,58.00053334236145,60085,60094.51,0,0.4,0.5,20,ONE_POINT,100,100,RANDOM,8
174,17500,58.36767029762268,59775,59787.73,0,0.4,0.5,20,ONE_POINT,100,100,RANDOM,8
175,17600,58.686800479888916,59683,59689.72,0,0.4,0.5,20,ONE_POINT,100,100,RANDOM,8
176,17700,59.00960946083069,59569,59581.56,0,0.4,0.5,20,ONE_POINT,100,100,RANDOM,8
177,17800,59.332027196884155,59465,59482.12,0,0.4,0.5,20,ONE_POINT,100,100,RANDOM,8
178,17900,59.66568970680237,59061,59079.22,0,0.4,0.5,20,ONE_POINT,100,100,RANDOM,8
179,18000,59.99370098114014,58933,58944.72,0,0.4,0.5,20,ONE_POINT,100,100,RANDOM,8
180,18100,60.355621099472046,58853,58883.74,0,0.4,0.5,20,ONE_POINT,100,100,RANDOM,8
181,18200,60.72558784484863,58703,58791.91,0,0.4,0.5,20,ONE_POINT,100,100,RANDOM,8
182,18300,61.08112978935242,58384,58396.34,0,0.4,0.5,20,ONE_POINT,100,100,RANDOM,8
183,18400,61.43936014175415,58231,58237.14,0,0.4,0.5,20,ONE_POINT,100,100,RANDOM,8
184,18500,61.744428873062134,57893,57906.55,0,0.4,0.5,20,ONE_POINT,100,100,RANDOM,8
185,18600,62.09649682044983,57746,57759.71,0,0.4,0.5,20,ONE_POINT,100,100,RANDOM,8
186,18700,62.41855216026306,57572,57580.27,0,0.4,0.5,20,ONE_POINT,100,100,RANDOM,8
187,18800,62.743321895599365,57468,57495.33,0,0.4,0.5,20,ONE_POINT,100,100,RANDOM,8
188,18900,63.052350759506226,57387,57392.09,0,0.4,0.5,20,ONE_POINT,100,100,RANDOM,8
189,19000,63.394676208496094,57267,57274.2,0,0.4,0.5,20,ONE_POINT,100,100,RANDOM,8
190,19100,63.72004437446594,57214,57219.05,0,0.4,0.5,20,ONE_POINT,100,100,RANDOM,8
191,19200,64.084299325943,57109,57114.86,0,0.4,0.5,20,ONE_POINT,100,100,RANDOM,8
192,19300,64.44756364822388,56933,56950.79,0,0.4,0.5,20,ONE_POINT,100,100,RANDOM,8
193,19400,64.76611590385437,56838,56850.32,0,0.4,0.5,20,ONE_POINT,100,100,RANDOM,8
194,19500,65.1262035369873,56797,56800.14,0,0.4,0.5,20,ONE_POINT,100,100,RANDOM,8
195,19600,65.46249794960022,56766,56770.97,0,0.4,0.5,20,ONE_POINT,100,100,RANDOM,8
196,19700,65.79028964042664,56569,56631.33,0,0.4,0.5,20,ONE_POINT,100,100,RANDOM,8
197,19800,66.15147876739502,56502,56545.97,0,0.4,0.5,20,ONE_POINT,100,100,RANDOM,8
198,19900,66.48614168167114,56340,56362.78,0,0.4,0.5,20,ONE_POINT,100,100,RANDOM,8
199,20000,66.83999943733215,56211,56219.74,0,0.4,0.5,20,ONE_POINT,100,100,RANDOM,8
200,20100,67.1633632183075,56131,56136.5,0,0.4,0.5,20,ONE_POINT,100,100,RANDOM,8
201,20200,67.49103784561157,55878,55894.45,0,0.4,0.5,20,ONE_POINT,100,100,RANDOM,8
202,20300,67.80075192451477,55723,55732.65,0,0.4,0.5,20,ONE_POINT,100,100,RANDOM,8
203,20400,68.2049560546875,55578,55597.2,0,0.4,0.5,20,ONE_POINT,100,100,RANDOM,8
204,20500,68.61957359313965,55496,55502.37,0,0.4,0.5,20,ONE_POINT,100,100,RANDOM,8
205,20600,68.96521997451782,55390,55397.75,0,0.4,0.5,20,ONE_POINT,100,100,RANDOM,8
206,20700,69.32022380828857,55239,55247.07,0,0.4,0.5,20,ONE_POINT,100,100,RANDOM,8
207,20800,69.6646237373352,55145,55219.86,0,0.4,0.5,20,ONE_POINT,100,100,RANDOM,8
208,20900,69.96964931488037,55069,55073.86,0,0.4,0.5,20,ONE_POINT,100,100,RANDOM,8
209,21000,70.30873823165894,54956,54964.31,0,0.4,0.5,20,ONE_POINT,100,100,RANDOM,8
210,21100,70.66167545318604,54810,54821.02,0,0.4,0.5,20,ONE_POINT,100,100,RANDOM,8
211,21200,70.96744298934937,54707,54754.98,0,0.4,0.5,20,ONE_POINT,100,100,RANDOM,8
212,21300,71.29534864425659,54373,54386.73,0,0.4,0.5,20,ONE_POINT,100,100,RANDOM,8
213,21400,71.64127779006958,54233,54252.16,0,0.4,0.5,20,ONE_POINT,100,100,RANDOM,8
214,21500,71.97612166404724,54103,54110.8,0,0.4,0.5,20,ONE_POINT,100,100,RANDOM,8
215,21600,72.30958008766174,54024,54027.16,0,0.4,0.5,20,ONE_POINT,100,100,RANDOM,8
216,21700,72.65445947647095,53832,53844.28,0,0.4,0.5,20,ONE_POINT,100,100,RANDOM,8
217,21800,72.95291018486023,53683,53688.96,0,0.4,0.5,20,ONE_POINT,100,100,RANDOM,8
218,21900,73.28594660758972,53635,53660.73,0,0.4,0.5,20,ONE_POINT,100,100,RANDOM,8
219,22000,73.58549690246582,53459,53468.08,0,0.4,0.5,20,ONE_POINT,100,100,RANDOM,8
220,22100,73.89152026176453,53379,53412.0,0,0.4,0.5,20,ONE_POINT,100,100,RANDOM,8
221,22200,74.25240778923035,53151,53160.78,0,0.4,0.5,20,ONE_POINT,100,100,RANDOM,8
222,22300,74.60588669776917,53095,53099.48,0,0.4,0.5,20,ONE_POINT,100,100,RANDOM,8
223,22400,74.97081971168518,53006,53010.69,0,0.4,0.5,20,ONE_POINT,100,100,RANDOM,8
224,22500,75.28694820404053,52908,52919.56,0,0.4,0.5,20,ONE_POINT,100,100,RANDOM,8
225,22600,75.64199733734131,52862,52877.77,0,0.4,0.5,20,ONE_POINT,100,100,RANDOM,8
226,22700,75.97247242927551,52620,52680.72,0,0.4,0.5,20,ONE_POINT,100,100,RANDOM,8
227,22800,76.31283640861511,52465,52474.61,0,0.4,0.5,20,ONE_POINT,100,100,RANDOM,8
228,22900,76.66562962532043,52293,52301.6,0,0.4,0.5,20,ONE_POINT,100,100,RANDOM,8
229,23000,77.02519226074219,52191,52201.43,0,0.4,0.5,20,ONE_POINT,100,100,RANDOM,8
230,23100,77.32636213302612,52157,52168.35,0,0.4,0.5,20,ONE_POINT,100,100,RANDOM,8
231,23200,77.62951564788818,52090,52104.37,0,0.4,0.5,20,ONE_POINT,100,100,RANDOM,8
232,23300,77.94173455238342,51998,52010.95,0,0.4,0.5,20,ONE_POINT,100,100,RANDOM,8
233,23400,78.26981353759766,51586,51602.48,0,0.4,0.5,20,ONE_POINT,100,100,RANDOM,8
234,23500,78.6011176109314,51479,51485.42,0,0.4,0.5,20,ONE_POINT,100,100,RANDOM,8
235,23600,78.94352746009827,51374,51380.35,0,0.4,0.5,20,ONE_POINT,100,100,RANDOM,8
236,23700,79.29124188423157,51258,51286.65,0,0.4,0.5,20,ONE_POINT,100,100,RANDOM,8
237,23800,79.61381912231445,51167,51172.71,0,0.4,0.5,20,ONE_POINT,100,100,RANDOM,8
238,23900,79.94620561599731,51028,51170.11,0,0.4,0.5,20,ONE_POINT,100,100,RANDOM,8
239,24000,80.264155626297,50937,50942.7,0,0.4,0.5,20,ONE_POINT,100,100,RANDOM,8
240,24100,80.59352040290833,50845,50914.35,0,0.4,0.5,20,ONE_POINT,100,100,RANDOM,8
241,24200,80.92688012123108,50750,50758.54,0,0.4,0.5,20,ONE_POINT,100,100,RANDOM,8
242,24300,81.28564786911011,50712,50716.8,0,0.4,0.5,20,ONE_POINT,100,100,RANDOM,8
243,24400,81.62352752685547,50471,50481.97,0,0.4,0.5,20,ONE_POINT,100,100,RANDOM,8
244,24500,81.92477178573608,50333,50344.81,0,0.4,0.5,20,ONE_POINT,100,100,RANDOM,8
245,24600,82.2676055431366,50245,50253.18,0,0.4,0.5,20,ONE_POINT,100,100,RANDOM,8
246,24700,82.59815669059753,50179,50183.4,0,0.4,0.5,20,ONE_POINT,100,100,RANDOM,8
247,24800,82.9415647983551,50042,50053.01,0,0.4,0.5,20,ONE_POINT,100,100,RANDOM,8
248,24900,83.29497575759888,49866,49876.12,0,0.4,0.5,20,ONE_POINT,100,100,RANDOM,8
249,25000,83.62195086479187,49760,49765.41,0,0.4,0.5,20,ONE_POINT,100,100,RANDOM,8
250,25100,83.94714069366455,49612,49636.14,0,0.4,0.5,20,ONE_POINT,100,100,RANDOM,8
251,25200,84.29169273376465,49502,49514.64,0,0.4,0.5,20,ONE_POINT,100,100,RANDOM,8
252,25300,84.61309313774109,49421,49425.86,0,0.4,0.5,20,ONE_POINT,100,100,RANDOM,8
253,25400,84.94569969177246,49333,49350.0,0,0.4,0.5,20,ONE_POINT,100,100,RANDOM,8
254,25500,85.30902147293091,49273,49291.0,0,0.4,0.5,20,ONE_POINT,100,100,RANDOM,8
255,25600,85.63891530036926,49181,49204.68,0,0.4,0.5,20,ONE_POINT,100,100,RANDOM,8
256,25700,86.01713466644287,49119,49125.15,0,0.4,0.5,20,ONE_POINT,100,100,RANDOM,8
257,25800,86.34586334228516,49077,49092.92,0,0.4,0.5,20,ONE_POINT,100,100,RANDOM,8
258,25900,86.71051597595215,49003,49011.51,0,0.4,0.5,20,ONE_POINT,100,100,RANDOM,8
259,26000,87.02144002914429,48868,48878.78,0,0.4,0.5,20,ONE_POINT,100,100,RANDOM,8
260,26100,87.32654905319214,48760,48769.94,0,0.4,0.5,20,ONE_POINT,100,100,RANDOM,8
261,26200,87.6847550868988,48698,48717.64,0,0.4,0.5,20,ONE_POINT,100,100,RANDOM,8
262,26300,87.9865083694458,48593,48599.7,0,0.4,0.5,20,ONE_POINT,100,100,RANDOM,8
263,26400,88.31120300292969,48526,48544.94,0,0.4,0.5,20,ONE_POINT,100,100,RANDOM,8
264,26500,88.62517213821411,48451,48464.78,0,0.4,0.5,20,ONE_POINT,100,100,RANDOM,8
265,26600,88.92257308959961,48354,48360.57,0,0.4,0.5,20,ONE_POINT,100,100,RANDOM,8
266,26700,89.30556726455688,48109,48192.9,0,0.4,0.5,20,ONE_POINT,100,100,RANDOM,8
267,26800,89.66600275039673,48037,48084.74,0,0.4,0.5,20,ONE_POINT,100,100,RANDOM,8
268,26900,90.00576519966125,47906,47912.58,0,0.4,0.5,20,ONE_POINT,100,100,RANDOM,8
269,27000,90.34709644317627,47862,47865.52,0,0.4,0.5,20,ONE_POINT,100,100,RANDOM,8
270,27100,90.68347692489624,47823,47826.51,0,0.4,0.5,20,ONE_POINT,100,100,RANDOM,8
271,27200,91.00533080101013,47737,47744.23,0,0.4,0.5,20,ONE_POINT,100,100,RANDOM,8
272,27300,91.36715078353882,47669,47680.13,0,0.4,0.5,20,ONE_POINT,100,100,RANDOM,8
273,27400,91.68524765968323,47579,47612.63,0,0.4,0.5,20,ONE_POINT,100,100,RANDOM,8
274,27500,92.01629757881165,47491,47500.11,0,0.4,0.5,20,ONE_POINT,100,100,RANDOM,8
275,27600,92.37090754508972,47365,47376.27,0,0.4,0.5,20,ONE_POINT,100,100,RANDOM,8
276,27700,92.68814826011658,47260,47266.3,0,0.4,0.5,20,ONE_POINT,100,100,RANDOM,8
277,27800,93.02885007858276,47177,47182.1,0,0.4,0.5,20,ONE_POINT,100,100,RANDOM,8
278,27900,93.36933660507202,47076,47082.06,0,0.4,0.5,20,ONE_POINT,100,100,RANDOM,8
279,28000,93.69922065734863,47053,47114.34,0,0.4,0.5,20,ONE_POINT,100,100,RANDOM,8
280,28100,94.00088167190552,47002,47006.31,0,0.4,0.5,20,ONE_POINT,100,100,RANDOM,8
281,28200,94.34328556060791,46923,46930.25,0,0.4,0.5,20,ONE_POINT,100,100,RANDOM,8
282,28300,94.64608907699585,46836,46841.44,0,0.4,0.5,20,ONE_POINT,100,100,RANDOM,8
283,28400,94.95369458198547,46787,46791.75,0,0.4,0.5,20,ONE_POINT,100,100,RANDOM,8
284,28500,95.28180313110352,46730,46742.0,0,0.4,0.5,20,ONE_POINT,100,100,RANDOM,8
285,28600,95.58453035354614,46650,46668.27,0,0.4,0.5,20,ONE_POINT,100,100,RANDOM,8
286,28700,95.89238858222961,46557,46574.49,0,0.4,0.5,20,ONE_POINT,100,100,RANDOM,8
287,28800,96.23966932296753,46466,46471.46,0,0.4,0.5,20,ONE_POINT,100,100,RANDOM,8
288,28900,96.56949710845947,46367,46379.04,0,0.4,0.5,20,ONE_POINT,100,100,RANDOM,8
289,29000,96.90397143363953,46304,46311.89,0,0.4,0.5,20,ONE_POINT,100,100,RANDOM,8
290,29100,97.26005816459656,46251,46255.87,0,0.4,0.5,20,ONE_POINT,100,100,RANDOM,8
291,29200,97.59862971305847,46146,46159.29,0,0.4,0.5,20,ONE_POINT,100,100,RANDOM,8
292,29300,97.94625782966614,46072,46077.95,0,0.4,0.5,20,ONE_POINT,100,100,RANDOM,8
293,29400,98.32163691520691,46024,46149.36,0,0.4,0.5,20,ONE_POINT,100,100,RANDOM,8
294,29500,98.63263154029846,45995,46008.11,0,0.4,0.5,20,ONE_POINT,100,100,RANDOM,8
295,29600,98.95359635353088,45925,45946.43,0,0.4,0.5,20,ONE_POINT,100,100,RANDOM,8
296,29700,99.2649278640747,45839,45845.3,0,0.4,0.5,20,ONE_POINT,100,100,RANDOM,8
297,29800,99.58991026878357,45782,45786.56,0,0.4,0.5,20,ONE_POINT,100,100,RANDOM,8
298,29900,99.90838432312012,45744,45750.01,0,0.4,0.5,20,ONE_POINT,100,100,RANDOM,8
299,30000,100.27179837226868,45648,45654.82,0,0.4,0.5,20,ONE_POINT,100,100,RANDOM,8
300,30100,100.57061314582825,45506,45516.06,0,0.4,0.5,20,ONE_POINT,100,100,RANDOM,8
301,30200,100.91151261329651,45440,45444.62,0,0.4,0.5,20,ONE_POINT,100,100,RANDOM,8
302,30300,101.24058818817139,45244,45251.84,0,0.4,0.5,20,ONE_POINT,100,100,RANDOM,8
303,30400,101.61448454856873,45077,45101.08,0,0.4,0.5,20,ONE_POINT,100,100,RANDOM,8
304,30500,101.9682068824768,45014,45054.5,0,0.4,0.5,20,ONE_POINT,100,100,RANDOM,8
305,30600,102.34659457206726,44934,44938.8,0,0.4,0.5,20,ONE_POINT,100,100,RANDOM,8
306,30700,102.67785906791687,44847,44861.4,0,0.4,0.5,20,ONE_POINT,100,100,RANDOM,8
307,30800,103.03922128677368,44748,44771.15,0,0.4,0.5,20,ONE_POINT,100,100,RANDOM,8
308,30900,103.35140132904053,44683,44706.75,0,0.4,0.5,20,ONE_POINT,100,100,RANDOM,8
309,31000,103.69446992874146,44611,44618.89,0,0.4,0.5,20,ONE_POINT,100,100,RANDOM,8
310,31100,104.02328038215637,44535,44539.46,0,0.4,0.5,20,ONE_POINT,100,100,RANDOM,8
311,31200,104.38490557670593,44517,44525.15,0,0.4,0.5,20,ONE_POINT,100,100,RANDOM,8
312,31300,104.75978803634644,44481,44485.04,0,0.4,0.5,20,ONE_POINT,100,100,RANDOM,8
313,31400,105.10001349449158,44447,44449.59,0,0.4,0.5,20,ONE_POINT,100,100,RANDOM,8
314,31500,105.42851829528809,44375,44446.15,0,0.4,0.5,20,ONE_POINT,100,100,RANDOM,8
315,31600,105.76253366470337,44254,44326.74,0,0.4,0.5,20,ONE_POINT,100,100,RANDOM,8
316,31700,106.10063052177429,44195,44198.9,0,0.4,0.5,20,ONE_POINT,100,100,RANDOM,8
317,31800,106.45121145248413,44166,44185.17,0,0.4,0.5,20,ONE_POINT,100,100,RANDOM,8
318,31900,106.76630663871765,44098,44135.6,0,0.4,0.5,20,ONE_POINT,100,100,RANDOM,8
319,32000,107.11966133117676,44045,44059.16,0,0.4,0.5,20,ONE_POINT,100,100,RANDOM,8
320,32100,107.44128227233887,43953,44000.13,0,0.4,0.5,20,ONE_POINT,100,100,RANDOM,8
321,32200,107.77526426315308,43859,43864.64,0,0.4,0.5,20,ONE_POINT,100,100,RANDOM,8
322,32300,108.08871078491211,43820,43824.06,0,0.4,0.5,20,ONE_POINT,100,100,RANDOM,8
323,32400,108.40469002723694,43779,43789.48,0,0.4,0.5,20,ONE_POINT,100,100,RANDOM,8
324,32500,108.72877144813538,43727,43730.79,0,0.4,0.5,20,ONE_POINT,100,100,RANDOM,8
325,32600,109.04470372200012,43657,43662.66,0,0.4,0.5,20,ONE_POINT,100,100,RANDOM,8
326,32700,109.40442299842834,43606,43610.6,0,0.4,0.5,20,ONE_POINT,100,100,RANDOM,8
327,32800,109.72072505950928,43522,43529.24,0,0.4,0.5,20,ONE_POINT,100,100,RANDOM,8
328,32900,110.02343082427979,43474,43481.83,0,0.4,0.5,20,ONE_POINT,100,100,RANDOM,8
329,33000,110.3718843460083,43436,43439.04,0,0.4,0.5,20,ONE_POINT,100,100,RANDOM,8
330,33100,110.72812390327454,43379,43383.94,0,0.4,0.5,20,ONE_POINT,100,100,RANDOM,8
331,33200,111.05240273475647,43362,43412.75,0,0.4,0.5,20,ONE_POINT,100,100,RANDOM,8
332,33300,111.38033103942871,43298,43305.83,0,0.4,0.5,20,ONE_POINT,100,100,RANDOM,8
333,33400,111.70278525352478,43251,43264.37,0,0.4,0.5,20,ONE_POINT,100,100,RANDOM,8
334,33500,112.06738567352295,43143,43161.77,0,0.4,0.5,20,ONE_POINT,100,100,RANDOM,8
335,33600,112.4206690788269,43114,43116.2,0,0.4,0.5,20,ONE_POINT,100,100,RANDOM,8
336,33700,112.77200555801392,43072,43082.84,0,0.4,0.5,20,ONE_POINT,100,100,RANDOM,8
337,33800,113.09047198295593,43072,43072.0,0,0.4,0.5,20,ONE_POINT,100,100,RANDOM,8
338,33900,113.40623712539673,42998,43014.8,0,0.4,0.5,20,ONE_POINT,100,100,RANDOM,8
339,34000,113.71039032936096,42898,42908.19,0,0.4,0.5,20,ONE_POINT,100,100,RANDOM,8
340,34100,114.03022003173828,42847,42853.48,0,0.4,0.5,20,ONE_POINT,100,100,RANDOM,8
341,34200,114.35544323921204,42787,42796.35,0,0.4,0.5,20,ONE_POINT,100,100,RANDOM,8
342,34300,114.68483972549438,42725,42733.91,0,0.4,0.5,20,ONE_POINT,100,100,RANDOM,8
343,34400,115.01573944091797,42698,42702.69,0,0.4,0.5,20,ONE_POINT,100,100,RANDOM,8
344,34500,115.368967294693,42689,42690.59,0,0.4,0.5,20,ONE_POINT,100,100,RANDOM,8
345,34600,115.69715309143066,42638,42647.87,0,0.4,0.5,20,ONE_POINT,100,100,RANDOM,8
346,34700,116.04985976219177,42587,42601.09,0,0.4,0.5,20,ONE_POINT,100,100,RANDOM,8
347,34800,116.37421655654907,42587,42587.0,0,0.4,0.5,20,ONE_POINT,100,100,RANDOM,8
348,34900,116.72528195381165,42524,42537.17,0,0.4,0.5,20,ONE_POINT,100,100,RANDOM,8
349,35000,117.05907893180847,42518,42519.15,0,0.4,0.5,20,ONE_POINT,100,100,RANDOM,8
350,35100,117.39225387573242,42480,42508.72,0,0.4,0.5,20,ONE_POINT,100,100,RANDOM,8
351,35200,117.70390176773071,42425,42428.85,0,0.4,0.5,20,ONE_POINT,100,100,RANDOM,8
352,35300,118.04892110824585,42377,42383.64,0,0.4,0.5,20,ONE_POINT,100,100,RANDOM,8
353,35400,118.43422532081604,42248,42352.97,0,0.4,0.5,20,ONE_POINT,100,100,RANDOM,8
354,35500,118.7799072265625,42221,42267.68,0,0.4,0.5,20,ONE_POINT,100,100,RANDOM,8
355,35600,119.15837073326111,42135,42141.43,0,0.4,0.5,20,ONE_POINT,100,100,RANDOM,8
356,35700,119.48241543769836,42009,42014.04,0,0.4,0.5,20,ONE_POINT,100,100,RANDOM,8
357,35800,119.84317803382874,42007,42007.46,0,0.4,0.5,20,ONE_POINT,100,100,RANDOM,8
358,35900,120.20930886268616,41981,42016.6,0,0.4,0.5,20,ONE_POINT,100,100,RANDOM,8
359,36000,120.5609803199768,41928,41931.68,0,0.4,0.5,20,ONE_POINT,100,100,RANDOM,8
360,36100,120.90164637565613,41871,41874.42,0,0.4,0.5,20,ONE_POINT,100,100,RANDOM,8
361,36200,121.22384476661682,41839,41852.77,0,0.4,0.5,20,ONE_POINT,100,100,RANDOM,8
362,36300,121.55900168418884,41831,41834.63,0,0.4,0.5,20,ONE_POINT,100,100,RANDOM,8
363,36400,121.85338973999023,41759,41765.58,0,0.4,0.5,20,ONE_POINT,100,100,RANDOM,8
364,36500,122.20046186447144,41716,41725.21,0,0.4,0.5,20,ONE_POINT,100,100,RANDOM,8
365,36600,122.5090880393982,41697,41717.63,0,0.4,0.5,20,ONE_POINT,100,100,RANDOM,8
366,36700,122.81853723526001,41663,41665.91,0,0.4,0.5,20,ONE_POINT,100,100,RANDOM,8
367,36800,123.13084864616394,41629,41631.72,0,0.4,0.5,20,ONE_POINT,100,100,RANDOM,8
368,36900,123.45477747917175,41546,41552.66,0,0.4,0.5,20,ONE_POINT,100,100,RANDOM,8
369,37000,123.78237748146057,41486,41500.14,0,0.4,0.5,20,ONE_POINT,100,100,RANDOM,8
370,37100,124.08954358100891,41454,41479.03,0,0.4,0.5,20,ONE_POINT,100,100,RANDOM,8
371,37200,124.44077134132385,41430,41432.97,0,0.4,0.5,20,ONE_POINT,100,100,RANDOM,8
372,37300,124.74720740318298,41380,41478.96,0,0.4,0.5,20,ONE_POINT,100,100,RANDOM,8
373,37400,125.1175787448883,41354,41487.88,0,0.4,0.5,20,ONE_POINT,100,100,RANDOM,8
374,37500,125.46285510063171,41295,41300.02,0,0.4,0.5,20,ONE_POINT,100,100,RANDOM,8
375,37600,125.76756238937378,41272,41274.32,0,0.4,0.5,20,ONE_POINT,100,100,RANDOM,8
376,37700,126.08735823631287,41248,41256.39,0,0.4,0.5,20,ONE_POINT,100,100,RANDOM,8
377,37800,126.4648790359497,41200,41204.08,0,0.4,0.5,20,ONE_POINT,100,100,RANDOM,8
378,37900,126.80135297775269,41197,41203.68,0,0.4,0.5,20,ONE_POINT,100,100,RANDOM,8
379,38000,127.1229841709137,41157,41172.39,0,0.4,0.5,20,ONE_POINT,100,100,RANDOM,8
380,38100,127.43911719322205,41128,41131.7,0,0.4,0.5,20,ONE_POINT,100,100,RANDOM,8
381,38200,127.76662468910217,41105,41108.12,0,0.4,0.5,20,ONE_POINT,100,100,RANDOM,8
382,38300,128.12294507026672,41039,41043.85,0,0.4,0.5,20,ONE_POINT,100,100,RANDOM,8
383,38400,128.4517788887024,40985,40989.98,0,0.4,0.5,20,ONE_POINT,100,100,RANDOM,8
384,38500,128.76114439964294,40931,40935.3,0,0.4,0.5,20,ONE_POINT,100,100,RANDOM,8
385,38600,129.0977761745453,40895,40901.18,0,0.4,0.5,20,ONE_POINT,100,100,RANDOM,8
386,38700,129.42283058166504,40867,40877.31,0,0.4,0.5,20,ONE_POINT,100,100,RANDOM,8
387,38800,129.78131556510925,40849,40856.1,0,0.4,0.5,20,ONE_POINT,100,100,RANDOM,8
388,38900,130.1118061542511,40725,40733.05,0,0.4,0.5,20,ONE_POINT,100,100,RANDOM,8
389,39000,130.4834487438202,40645,40665.67,0,0.4,0.5,20,ONE_POINT,100,100,RANDOM,8
390,39100,130.82063364982605,40619,40714.89,0,0.4,0.5,20,ONE_POINT,100,100,RANDOM,8
391,39200,131.14175391197205,40579,40686.58,0,0.4,0.5,20,ONE_POINT,100,100,RANDOM,8
392,39300,131.46702194213867,40566,40575.36,0,0.4,0.5,20,ONE_POINT,100,100,RANDOM,8
393,39400,131.789452791214,40550,40558.91,0,0.4,0.5,20,ONE_POINT,100,100,RANDOM,8
394,39500,132.1533341407776,40538,40575.91,0,0.4,0.5,20,ONE_POINT,100,100,RANDOM,8
395,39600,132.52790188789368,40504,40507.55,0,0.4,0.5,20,ONE_POINT,100,100,RANDOM,8
396,39700,132.84875059127808,40466,40471.51,0,0.4,0.5,20,ONE_POINT,100,100,RANDOM,8
397,39800,133.19742512702942,40430,40433.26,0,0.4,0.5,20,ONE_POINT,100,100,RANDOM,8
398,39900,133.54585909843445,40359,40369.75,0,0.4,0.5,20,ONE_POINT,100,100,RANDOM,8
399,40000,133.8767011165619,40338,40341.42,0,0.4,0.5,20,ONE_POINT,100,100,RANDOM,8
400,40100,134.22108936309814,40309,40315.56,0,0.4,0.5,20,ONE_POINT,100,100,RANDOM,8
401,40200,134.53891396522522,40276,40292.07,0,0.4,0.5,20,ONE_POINT,100,100,RANDOM,8
402,40300,134.9000871181488,40270,40272.32,0,0.4,0.5,20,ONE_POINT,100,100,RANDOM,8
403,40400,135.27320218086243,40230,40305.0,0,0.4,0.5,20,ONE_POINT,100,100,RANDOM,8
404,40500,135.65144276618958,40177,40187.23,0,0.4,0.5,20,ONE_POINT,100,100,RANDOM,8
405,40600,136.00419092178345,40160,40161.7,0,0.4,0.5,20,ONE_POINT,100,100,RANDOM,8
406,40700,136.378826379776,40135,40138.36,0,0.4,0.5,20,ONE_POINT,100,100,RANDOM,8
407,40800,136.7209596633911,40124,40125.38,0,0.4,0.5,20,ONE_POINT,100,100,RANDOM,8
408,40900,137.06468510627747,40082,40119.33,0,0.4,0.5,20,ONE_POINT,100,100,RANDOM,8
409,41000,137.37553238868713,40040,40043.78,0,0.4,0.5,20,ONE_POINT,100,100,RANDOM,8
410,41100,137.68264865875244,40016,40030.99,0,0.4,0.5,20,ONE_POINT,100,100,RANDOM,8
411,41200,138.00156927108765,39965,39974.3,0,0.4,0.5,20,ONE_POINT,100,100,RANDOM,8
412,41300,138.3363754749298,39926,39929.9,0,0.4,0.5,20,ONE_POINT,100,100,RANDOM,8
413,41400,138.6506006717682,39917,39919.23,0,0.4,0.5,20,ONE_POINT,100,100,RANDOM,8
414,41500,139.00522422790527,39867,39871.18,0,0.4,0.5,20,ONE_POINT,100,100,RANDOM,8
415,41600,139.31709027290344,39831,39847.34,0,0.4,0.5,20,ONE_POINT,100,100,RANDOM,8
416,41700,139.6295177936554,39826,39872.03,0,0.4,0.5,20,ONE_POINT,100,100,RANDOM,8
417,41800,139.9369068145752,39801,39807.33,0,0.4,0.5,20,ONE_POINT,100,100,RANDOM,8
418,41900,140.2622766494751,39755,39759.88,0,0.4,0.5,20,ONE_POINT,100,100,RANDOM,8
419,42000,140.58748602867126,39752,39752.9,0,0.4,0.5,20,ONE_POINT,100,100,RANDOM,8
420,42100,140.94840717315674,39692,39710.03,0,0.4,0.5,20,ONE_POINT,100,100,RANDOM,8
421,42200,141.27065348625183,39679,39682.94,0,0.4,0.5,20,ONE_POINT,100,100,RANDOM,8
422,42300,141.5749650001526,39663,39672.05,0,0.4,0.5,20,ONE_POINT,100,100,RANDOM,8
423,42400,141.92079973220825,39645,39766.58,0,0.4,0.5,20,ONE_POINT,100,100,RANDOM,8
424,42500,142.28143906593323,39610,39619.34,0,0.4,0.5,20,ONE_POINT,100,100,RANDOM,8
425,42600,142.61399865150452,39589,39592.21,0,0.4,0.5,20,ONE_POINT,100,100,RANDOM,8
426,42700,142.93800139427185,39581,39582.49,0,0.4,0.5,20,ONE_POINT,100,100,RANDOM,8
427,42800,143.30261206626892,39569,39576.19,0,0.4,0.5,20,ONE_POINT,100,100,RANDOM,8
428,42900,143.62426614761353,39535,39544.67,0,0.4,0.5,20,ONE_POINT,100,100,RANDOM,8
429,43000,143.9227900505066,39516,39519.1,0,0.4,0.5,20,ONE_POINT,100,100,RANDOM,8
430,43100,144.25230598449707,39507,39508.6,0,0.4,0.5,20,ONE_POINT,100,100,RANDOM,8
431,43200,144.59937143325806,39504,39504.7,0,0.4,0.5,20,ONE_POINT,100,100,RANDOM,8
432,43300,144.96398544311523,39483,39485.16,0,0.4,0.5,20,ONE_POINT,100,100,RANDOM,8
433,43400,145.28902339935303,39456,39458.98,0,0.4,0.5,20,ONE_POINT,100,100,RANDOM,8
434,43500,145.5853452682495,39445,39448.46,0,0.4,0.5,20,ONE_POINT,100,100,RANDOM,8
435,43600,145.94132900238037,39430,39434.0,0,0.4,0.5,20,ONE_POINT,100,100,RANDOM,8
436,43700,146.2638771533966,39416,39419.33,0,0.4,0.5,20,ONE_POINT,100,100,RANDOM,8
437,43800,146.59747409820557,39391,39394.38,0,0.4,0.5,20,ONE_POINT,100,100,RANDOM,8
438,43900,146.92061758041382,39377,39378.54,0,0.4,0.5,20,ONE_POINT,100,100,RANDOM,8
439,44000,147.24631643295288,39351,39502.43,0,0.4,0.5,20,ONE_POINT,100,100,RANDOM,8
440,44100,147.6096920967102,39320,39475.05,0,0.4,0.5,20,ONE_POINT,100,100,RANDOM,8
441,44200,147.92188572883606,39303,39306.4,0,0.4,0.5,20,ONE_POINT,100,100,RANDOM,8
442,44300,148.24998021125793,39295,39297.26,0,0.4,0.5,20,ONE_POINT,100,100,RANDOM,8
443,44400,148.58057689666748,39215,39220.44,0,0.4,0.5,20,ONE_POINT,100,100,RANDOM,8
444,44500,148.90918731689453,39177,39185.08,0,0.4,0.5,20,ONE_POINT,100,100,RANDOM,8
445,44600,149.24694633483887,39155,39161.39,0,0.4,0.5,20,ONE_POINT,100,100,RANDOM,8
446,44700,149.542724609375,39050,39057.72,0,0.4,0.5,20,ONE_POINT,100,100,RANDOM,8
447,44800,149.85098361968994,39015,39039.93,0,0.4,0.5,20,ONE_POINT,100,100,RANDOM,8
448,44900,150.15888452529907,38978,38982.4,0,0.4,0.5,20,ONE_POINT,100,100,RANDOM,8
449,45000,150.48445343971252,38968,38969.39,0,0.4,0.5,20,ONE_POINT,100,100,RANDOM,8
450,45100,150.808842420578,38944,38953.15,0,0.4,0.5,20,ONE_POINT,100,100,RANDOM,8
451,45200,151.1419801712036,38822,38830.52,0,0.4,0.5,20,ONE_POINT,100,100,RANDOM,8
452,45300,151.4979703426361,38793,38801.17,0,0.4,0.5,20,ONE_POINT,100,100,RANDOM,8
453,45400,151.8789782524109,38739,38743.76,0,0.4,0.5,20,ONE_POINT,100,100,RANDOM,8
454,45500,152.26316666603088,38721,38728.79,0,0.4,0.5,20,ONE_POINT,100,100,RANDOM,8
455,45600,152.58847856521606,38703,38705.86,0,0.4,0.5,20,ONE_POINT,100,100,RANDOM,8
456,45700,152.93096446990967,38687,38689.3,0,0.4,0.5,20,ONE_POINT,100,100,RANDOM,8
457,45800,153.23322796821594,38683,38683.94,0,0.4,0.5,20,ONE_POINT,100,100,RANDOM,8
458,45900,153.59656071662903,38665,38667.34,0,0.4,0.5,20,ONE_POINT,100,100,RANDOM,8
459,46000,153.96100854873657,38665,38665.0,0,0.4,0.5,20,ONE_POINT,100,100,RANDOM,8
460,46100,154.31142449378967,38664,38836.98,0,0.4,0.5,20,ONE_POINT,100,100,RANDOM,8
461,46200,154.63100051879883,38633,38639.21,0,0.4,0.5,20,ONE_POINT,100,100,RANDOM,8
462,46300,154.93575596809387,38610,38616.42,0,0.4,0.5,20,ONE_POINT,100,100,RANDOM,8
463,46400,155.28819680213928,38513,38518.82,0,0.4,0.5,20,ONE_POINT,100,100,RANDOM,8
464,46500,155.64238834381104,38508,38518.77,0,0.4,0.5,20,ONE_POINT,100,100,RANDOM,8
465,46600,155.96678042411804,38476,38479.0,0,0.4,0.5,20,ONE_POINT,100,100,RANDOM,8
466,46700,156.29630756378174,38470,38472.06,0,0.4,0.5,20,ONE_POINT,100,100,RANDOM,8
467,46800,156.6069974899292,38426,38443.64,0,0.4,0.5,20,ONE_POINT,100,100,RANDOM,8
468,46900,156.9410469532013,38379,38384.06,0,0.4,0.5,20,ONE_POINT,100,100,RANDOM,8
469,47000,157.2919020652771,38334,38340.75,0,0.4,0.5,20,ONE_POINT,100,100,RANDOM,8
470,47100,157.60835814476013,38329,38333.2,0,0.4,0.5,20,ONE_POINT,100,100,RANDOM,8
471,47200,157.9710714817047,38313,38315.07,0,0.4,0.5,20,ONE_POINT,100,100,RANDOM,8
472,47300,158.29693388938904,38305,38307.8,0,0.4,0.5,20,ONE_POINT,100,100,RANDOM,8
473,47400,158.61948585510254,38286,38293.8,0,0.4,0.5,20,ONE_POINT,100,100,RANDOM,8
474,47500,158.94126296043396,38269,38335.18,0,0.4,0.5,20,ONE_POINT,100,100,RANDOM,8
475,47600,159.27477478981018,38243,38246.87,0,0.4,0.5,20,ONE_POINT,100,100,RANDOM,8
476,47700,159.60358548164368,38208,38211.35,0,0.4,0.5,20,ONE_POINT,100,100,RANDOM,8
477,47800,159.90100646018982,38208,38208.0,0,0.4,0.5,20,ONE_POINT,100,100,RANDOM,8
1,200,0.22675323486328125,128766,129126.07,0,0.4,0.5,20,ONE_POINT,100,100,RANDOM,9
2,300,0.599062442779541,126581,126646.55,0,0.4,0.5,20,ONE_POINT,100,100,RANDOM,9
3,400,0.9617986679077148,125381,125393.0,0,0.4,0.5,20,ONE_POINT,100,100,RANDOM,9
4,500,1.338463544845581,124776,124782.3,0,0.4,0.5,20,ONE_POINT,100,100,RANDOM,9
5,600,1.667593002319336,123399,123412.77,0,0.4,0.5,20,ONE_POINT,100,100,RANDOM,9
6,700,1.9936578273773193,122284,122306.3,0,0.4,0.5,20,ONE_POINT,100,100,RANDOM,9
7,800,2.3223276138305664,121201,121222.87,0,0.4,0.5,20,ONE_POINT,100,100,RANDOM,9
8,900,2.6657917499542236,120563,120582.82,0,0.4,0.5,20,ONE_POINT,100,100,RANDOM,9
9,1000,3.01763916015625,119713,119741.77,0,0.4,0.5,20,ONE_POINT,100,100,RANDOM,9
10,1100,3.356590509414673,118910,118925.68,0,0.4,0.5,20,ONE_POINT,100,100,RANDOM,9
11,1200,3.6546239852905273,117417,117560.35,0,0.4,0.5,20,ONE_POINT,100,100,RANDOM,9
12,1300,3.98799729347229,116828,116844.12,0,0.4,0.5,20,ONE_POINT,100,100,RANDOM,9
13,1400,4.295000791549683,115996,116019.01,0,0.4,0.5,20,ONE_POINT,100,100,RANDOM,9
14,1500,4.622844219207764,115138,115226.62,0,0.4,0.5,20,ONE_POINT,100,100,RANDOM,9
15,1600,4.930130481719971,114437,114460.24,0,0.4,0.5,20,ONE_POINT,100,100,RANDOM,9
16,1700,5.23292350769043,113491,113519.38,0,0.4,0.5,20,ONE_POINT,100,100,RANDOM,9
17,1800,5.569681406021118,113060,113076.22,0,0.4,0.5,20,ONE_POINT,100,100,RANDOM,9
18,1900,5.920192718505859,112241,112265.57,0,0.4,0.5,20,ONE_POINT,100,100,RANDOM,9
19,2000,6.269225120544434,111408,111453.27,0,0.4,0.5,20,ONE_POINT,100,100,RANDOM,9
20,2100,6.621323347091675,110534,110588.53,0,0.4,0.5,20,ONE_POINT,100,100,RANDOM,9
21,2200,6.928616285324097,109515,109545.57,0,0.4,0.5,20,ONE_POINT,100,100,RANDOM,9
22,2300,7.26961612701416,108399,108443.64,0,0.4,0.5,20,ONE_POINT,100,100,RANDOM,9
23,2400,7.5838117599487305,107734,107741.64,0,0.4,0.5,20,ONE_POINT,100,100,RANDOM,9
24,2500,7.9070680141448975,107210,107232.7,0,0.4,0.5,20,ONE_POINT,100,100,RANDOM,9
25,2600,8.263728857040405,106734,106753.04,0,0.4,0.5,20,ONE_POINT,100,100,RANDOM,9
26,2700,8.730473041534424,106323,106339.44,0,0.4,0.5,20,ONE_POINT,100,100,RANDOM,9
27,2800,9.037123680114746,105861,105879.48,0,0.4,0.5,20,ONE_POINT,100,100,RANDOM,9
28,2900,9.378466367721558,105118,105150.8,0,0.4,0.5,20,ONE_POINT,100,100,RANDOM,9
29,3000,9.738840341567993,104788,104808.63,0,0.4,0.5,20,ONE_POINT,100,100,RANDOM,9
30,3100,10.08250117301941,104250,104266.14,0,0.4,0.5,20,ONE_POINT,100,100,RANDOM,9
31,3200,10.420041799545288,103785,103798.95,0,0.4,0.5,20,ONE_POINT,100,100,RANDOM,9
32,3300,10.744430541992188,103021,103090.1,0,0.4,0.5,20,ONE_POINT,100,100,RANDOM,9
33,3400,11.139440298080444,102504,102540.06,0,0.4,0.5,20,ONE_POINT,100,100,RANDOM,9
34,3500,11.507731437683105,101773,101794.93,0,0.4,0.5,20,ONE_POINT,100,100,RANDOM,9
35,3600,11.881534099578857,101380,101397.16,0,0.4,0.5,20,ONE_POINT,100,100,RANDOM,9
36,3700,12.219859838485718,100957,100978.54,0,0.4,0.5,20,ONE_POINT,100,100,RANDOM,9
37,3800,12.534287691116333,100552,100560.1,0,0.4,0.5,20,ONE_POINT,100,100,RANDOM,9
38,3900,12.868308067321777,99949,99961.06,0,0.4,0.5,20,ONE_POINT,100,100,RANDOM,9
39,4000,13.216210126876831,99419,99436.28,0,0.4,0.5,20,ONE_POINT,100,100,RANDOM,9
40,4100,13.544515132904053,99203,99246.63,0,0.4,0.5,20,ONE_POINT,100,100,RANDOM,9
41,4200,13.927666187286377,98824,98839.16,0,0.4,0.5,20,ONE_POINT,100,100,RANDOM,9
42,4300,14.233298301696777,98379,98402.18,0,0.4,0.5,20,ONE_POINT,100,100,RANDOM,9
43,4400,14.570952415466309,97883,97897.88,0,0.4,0.5,20,ONE_POINT,100,100,RANDOM,9
44,4500,14.929036617279053,97642,97651.11,0,0.4,0.5,20,ONE_POINT,100,100,RANDOM,9
45,4600,15.30745553970337,97259,97326.58,0,0.4,0.5,20,ONE_POINT,100,100,RANDOM,9
46,4700,15.67020320892334,96773,96791.94,0,0.4,0.5,20,ONE_POINT,100,100,RANDOM,9
47,4800,16.04506492614746,96235,96251.14,0,0.4,0.5,20,ONE_POINT,100,100,RANDOM,9
48,4900,16.37217378616333,94963,94990.01,0,0.4,0.5,20,ONE_POINT,100,100,RANDOM,9
49,5000,16.673105239868164,94541,94592.69,0,0.4,0.5,20,ONE_POINT,100,100,RANDOM,9
50,5100,17.018877506256104,94166,94187.13,0,0.4,0.5,20,ONE_POINT,100,100,RANDOM,9
51,5200,17.38779377937317,93680,93696.79,0,0.4,0.5,20,ONE_POINT,100,100,RANDOM,9
52,5300,17.739582061767578,93234,93282.63,0,0.4,0.5,20,ONE_POINT,100,100,RANDOM,9
53,5400,18.11729407310486,92716,92734.14,0,0.4,0.5,20,ONE_POINT,100,100,RANDOM,9
54,5500,18.54253077507019,92073,92095.5,0,0.4,0.5,20,ONE_POINT,100,100,RANDOM,9
55,5600,18.88738250732422,91434,91451.24,0,0.4,0.5,20,ONE_POINT,100,100,RANDOM,9
56,5700,19.285302877426147,90875,90916.13,0,0.4,0.5,20,ONE_POINT,100,100,RANDOM,9
57,5800,19.634535789489746,90268,90286.21,0,0.4,0.5,20,ONE_POINT,100,100,RANDOM,9
58,5900,20.0231294631958,90017,90031.67,0,0.4,0.5,20,ONE_POINT,100,100,RANDOM,9
59,6000,20.37431764602661,89624,89639.72,0,0.4,0.5,20,ONE_POINT,100,100,RANDOM,9
60,6100,20.74033212661743,89079,89109.66,0,0.4,0.5,20,ONE_POINT,100,100,RANDOM,9
61,6200,21.07931089401245,88438,88462.68,0,0.4,0.5,20,ONE_POINT,100,100,RANDOM,9
62,6300,21.38641619682312,87778,87821.75,0,0.4,0.5,20,ONE_POINT,100,100,RANDOM,9
63,6400,21.688443422317505,87559,87567.76,0,0.4,0.5,20,ONE_POINT,100,100,RANDOM,9
64,6500,22.038517475128174,87207,87223.27,0,0.4,0.5,20,ONE_POINT,100,100,RANDOM,9
65,6600,22.365899801254272,86922,86968.39,0,0.4,0.5,20,ONE_POINT,100,100,RANDOM,9
66,6700,22.671714544296265,86465,86495.87,0,0.4,0.5,20,ONE_POINT,100,100,RANDOM,9
67,6800,22.970277070999146,85959,85980.32,0,0.4,0.5,20,ONE_POINT,100,100,RANDOM,9
68,6900,23.3137104511261,85550,85574.47,0,0.4,0.5,20,ONE_POINT,100,100,RANDOM,9
69,7000,23.64496159553528,85379,85386.55,0,0.4,0.5,20,ONE_POINT,100,100,RANDOM,9
70,7100,24.023157358169556,85112,85161.77,0,0.4,0.5,20,ONE_POINT,100,100,RANDOM,9
71,7200,24.374477863311768,84585,84605.19,0,0.4,0.5,20,ONE_POINT,100,100,RANDOM,9
72,7300,24.74404525756836,83845,83874.6,0,0.4,0.5,20,ONE_POINT,100,100,RANDOM,9
73,7400,25.09789776802063,83409,83422.08,0,0.4,0.5,20,ONE_POINT,100,100,RANDOM,9
74,7500,25.438055515289307,83031,83054.08,0,0.4,0.5,20,ONE_POINT,100,100,RANDOM,9
75,7600,25.766119241714478,82628,82640.13,0,0.4,0.5,20,ONE_POINT,100,100,RANDOM,9
76,7700,26.119608163833618,82410,82417.2,0,0.4,0.5,20,ONE_POINT,100,100,RANDOM,9
77,7800,26.48670792579651,82044,82057.16,0,0.4,0.5,20,ONE_POINT,100,100,RANDOM,9
78,7900,26.801311016082764,81720,81729.86,0,0.4,0.5,20,ONE_POINT,100,100,RANDOM,9
79,8000,27.121558904647827,81363,81384.79,0,0.4,0.5,20,ONE_POINT,100,100,RANDOM,9
80,8100,27.42435359954834,81002,81012.83,0,0.4,0.5,20,ONE_POINT,100,100,RANDOM,9
81,8200,27.796104669570923,80443,80459.61,0,0.4,0.5,20,ONE_POINT,100,100,RANDOM,9
82,8300,28.1406888961792,80117,80130.04,0,0.4,0.5,20,ONE_POINT,100,100,RANDOM,9
83,8400,28.461561918258667,79601,79620.7,0,0.4,0.5,20,ONE_POINT,100,100,RANDOM,9
84,8500,28.798218727111816,79048,79064.59,0,0.4,0.5,20,ONE_POINT,100,100,RANDOM,9
85,8600,29.150496006011963,78828,78836.81,0,0.4,0.5,20,ONE_POINT,100,100,RANDOM,9
86,8700,29.503734588623047,78575,78585.01,0,0.4,0.5,20,ONE_POINT,100,100,RANDOM,9
87,8800,29.858081340789795,78106,78129.25,0,0.4,0.5,20,ONE_POINT,100,100,RANDOM,9
88,8900,30.231839895248413,77663,77676.29,0,0.4,0.5,20,ONE_POINT,100,100,RANDOM,9
89,9000,30.537790775299072,77271,77336.51,0,0.4,0.5,20,ONE_POINT,100,100,RANDOM,9
90,9100,30.840118646621704,76882,76920.86,0,0.4,0.5,20,ONE_POINT,100,100,RANDOM,9
91,9200,31.154545545578003,76422,76431.19,0,0.4,0.5,20,ONE_POINT,100,100,RANDOM,9
92,9300,31.498672485351562,76173,76182.96,0,0.4,0.5,20,ONE_POINT,100,100,RANDOM,9
93,9400,31.82759141921997,75876,75890.46,0,0.4,0.5,20,ONE_POINT,100,100,RANDOM,9
94,9500,32.163538217544556,75484,75504.1,0,0.4,0.5,20,ONE_POINT,100,100,RANDOM,9
95,9600,32.522722005844116,75024,75072.45,0,0.4,0.5,20,ONE_POINT,100,100,RANDOM,9
96,9700,32.844192028045654,74552,74582.51,0,0.4,0.5,20,ONE_POINT,100,100,RANDOM,9
97,9800,33.19353675842285,74041,74080.26,0,0.4,0.5,20,ONE_POINT,100,100,RANDOM,9
98,9900,33.52885556221008,73888,73900.74,0,0.4,0.5,20,ONE_POINT,100,100,RANDOM,9
99,10000,33.85610795021057,73666,73687.21,0,0.4,0.5,20,ONE_POINT,100,100,RANDOM,9
100,10100,34.171207666397095,73280,73305.64,0,0.4,0.5,20,ONE_POINT,100,100,RANDOM,9
101,10200,34.49075222015381,73096,73105.55,0,0.4,0.5,20,ONE_POINT,100,100,RANDOM,9
102,10300,34.84329628944397,72838,72850.16,0,0.4,0.5,20,ONE_POINT,100,100,RANDOM,9
103,10400,35.227947473526,72627,72638.02,0,0.4,0.5,20,ONE_POINT,100,100,RANDOM,9
104,10500,35.573262453079224,72541,72627.68,0,0.4,0.5,20,ONE_POINT,100,100,RANDOM,9
105,10600,35.97723460197449,72060,72074.43,0,0.4,0.5,20,ONE_POINT,100,100,RANDOM,9
106,10700,36.35371422767639,71208,71242.08,0,0.4,0.5,20,ONE_POINT,100,100,RANDOM,9
107,10800,36.7084321975708,70917,70968.27,0,0.4,0.5,20,ONE_POINT,100,100,RANDOM,9
108,10900,37.01645874977112,70775,70794.37,0,0.4,0.5,20,ONE_POINT,100,100,RANDOM,9
109,11000,37.343417167663574,70365,70377.3,0,0.4,0.5,20,ONE_POINT,100,100,RANDOM,9
110,11100,37.67662453651428,70121,70130.45,0,0.4,0.5,20,ONE_POINT,100,100,RANDOM,9
111,11200,38.017526626586914,69970,69979.64,0,0.4,0.5,20,ONE_POINT,100,100,RANDOM,9
112,11300,38.3191556930542,69802,69808.57,0,0.4,0.5,20,ONE_POINT,100,100,RANDOM,9
113,11400,38.64947485923767,69494,69507.3,0,0.4,0.5,20,ONE_POINT,100,100,RANDOM,9
114,11500,38.96829128265381,69200,69270.22,0,0.4,0.5,20,ONE_POINT,100,100,RANDOM,9
115,11600,39.269768714904785,69032,69038.73,0,0.4,0.5,20,ONE_POINT,100,100,RANDOM,9
116,11700,39.60455107688904,68702,68736.87,0,0.4,0.5,20,ONE_POINT,100,100,RANDOM,9
117,11800,39.91830515861511,68517,68525.12,0,0.4,0.5,20,ONE_POINT,100,100,RANDOM,9
118,11900,40.2420380115509,68353,68363.39,0,0.4,0.5,20,ONE_POINT,100,100,RANDOM,9
119,12000,40.57349681854248,68123,68131.9,0,0.4,0.5,20,ONE_POINT,100,100,RANDOM,9
120,12100,40.92998909950256,67763,67770.2,0,0.4,0.5,20,ONE_POINT,100,100,RANDOM,9
121,12200,41.22905468940735,67580,67588.28,0,0.4,0.5,20,ONE_POINT,100,100,RANDOM,9
122,12300,41.574530363082886,67283,67306.1,0,0.4,0.5,20,ONE_POINT,100,100,RANDOM,9
123,12400,41.90533232688904,66571,66585.24,0,0.4,0.5,20,ONE_POINT,100,100,RANDOM,9
124,12500,42.238802909851074,66223,66237.07,0,0.4,0.5,20,ONE_POINT,100,100,RANDOM,9
125,12600,42.57267642021179,65952,65961.9,0,0.4,0.5,20,ONE_POINT,100,100,RANDOM,9
126,12700,42.90024948120117,65791,65804.95,0,0.4,0.5,20,ONE_POINT,100,100,RANDOM,9
127,12800,43.2612509727478,65513,65527.73,0,0.4,0.5,20,ONE_POINT,100,100,RANDOM,9
128,12900,43.563618898391724,65200,65255.39,0,0.4,0.5,20,ONE_POINT,100,100,RANDOM,9
129,13000,43.89030170440674,64900,64906.37,0,0.4,0.5,20,ONE_POINT,100,100,RANDOM,9
130,13100,44.21046257019043,64581,64595.58,0,0.4,0.5,20,ONE_POINT,100,100,RANDOM,9
131,13200,44.52785277366638,64412,64428.04,0,0.4,0.5,20,ONE_POINT,100,100,RANDOM,9
132,13300,44.86727714538574,64134,64154.12,0,0.4,0.5,20,ONE_POINT,100,100,RANDOM,9
133,13400,45.194705963134766,63955,63960.46,0,0.4,0.5,20,ONE_POINT,100,100,RANDOM,9
134,13500,45.49204134941101,63861,63869.25,0,0.4,0.5,20,ONE_POINT,100,100,RANDOM,9
135,13600,45.838627338409424,63564,63569.94,0,0.4,0.5,20,ONE_POINT,100,100,RANDOM,9
136,13700,46.17009711265564,63251,63263.52,0,0.4,0.5,20,ONE_POINT,100,100,RANDOM,9
137,13800,46.468870401382446,63038,63046.7,0,0.4,0.5,20,ONE_POINT,100,100,RANDOM,9
138,13900,46.83083963394165,62856,62869.84,0,0.4,0.5,20,ONE_POINT,100,100,RANDOM,9
139,14000,47.131322622299194,62448,62464.5,0,0.4,0.5,20,ONE_POINT,100,100,RANDOM,9
140,14100,47.44342303276062,62331,62342.31,0,0.4,0.5,20,ONE_POINT,100,100,RANDOM,9
141,14200,47.77399039268494,62010,62024.05,0,0.4,0.5,20,ONE_POINT,100,100,RANDOM,9
142,14300,48.12956881523132,61844,61887.49,0,0.4,0.5,20,ONE_POINT,100,100,RANDOM,9
143,14400,48.50129270553589,61701,61706.72,0,0.4,0.5,20,ONE_POINT,100,100,RANDOM,9
144,14500,48.846285343170166,61541,61549.0,0,0.4,0.5,20,ONE_POINT,100,100,RANDOM,9
145,14600,49.205225467681885,61260,61275.85,0,0.4,0.5,20,ONE_POINT,100,100,RANDOM,9
146,14700,49.518301010131836,61138,61152.01,0,0.4,0.5,20,ONE_POINT,100,100,RANDOM,9
147,14800,49.867879152297974,60987,60994.55,0,0.4,0.5,20,ONE_POINT,100,100,RANDOM,9
148,14900,50.19081664085388,60663,60677.62,0,0.4,0.5,20,ONE_POINT,100,100,RANDOM,9
149,15000,50.4923837184906,60348,60370.93,0,0.4,0.5,20,ONE_POINT,100,100,RANDOM,9
150,15100,50.836050510406494,60103,60113.39,0,0.4,0.5,20,ONE_POINT,100,100,RANDOM,9
151,15200,51.1664023399353,59865,59875.25,0,0.4,0.5,20,ONE_POINT,100,100,RANDOM,9
152,15300,51.482977628707886,59528,59537.82,0,0.4,0.5,20,ONE_POINT,100,100,RANDOM,9
153,15400,51.84579420089722,59365,59439.88,0,0.4,0.5,20,ONE_POINT,100,100,RANDOM,9
154,15500,52.227383852005005,59233,59238.17,0,0.4,0.5,20,ONE_POINT,100,100,RANDOM,9
155,15600,52.59893465042114,58981,58993.41,0,0.4,0.5,20,ONE_POINT,100,100,RANDOM,9
156,15700,52.95443415641785,58697,58710.88,0,0.4,0.5,20,ONE_POINT,100,100,RANDOM,9
157,15800,53.26790690422058,58654,58657.44,0,0.4,0.5,20,ONE_POINT,100,100,RANDOM,9
158,15900,53.58828115463257,58488,58499.59,0,0.4,0.5,20,ONE_POINT,100,100,RANDOM,9
159,16000,53.925581216812134,58385,58390.15,0,0.4,0.5,20,ONE_POINT,100,100,RANDOM,9
160,16100,54.243489503860474,58193,58283.02,0,0.4,0.5,20,ONE_POINT,100,100,RANDOM,9
161,16200,54.59553337097168,58138,58150.69,0,0.4,0.5,20,ONE_POINT,100,100,RANDOM,9
162,16300,54.94533967971802,57850,57862.07,0,0.4,0.5,20,ONE_POINT,100,100,RANDOM,9
163,16400,55.27520036697388,57718,57725.92,0,0.4,0.5,20,ONE_POINT,100,100,RANDOM,9
164,16500,55.58768916130066,57487,57496.24,0,0.4,0.5,20,ONE_POINT,100,100,RANDOM,9
165,16600,55.923064947128296,57351,57357.8,0,0.4,0.5,20,ONE_POINT,100,100,RANDOM,9
166,16700,56.23800444602966,57188,57225.92,0,0.4,0.5,20,ONE_POINT,100,100,RANDOM,9
167,16800,56.60698747634888,56966,56978.93,0,0.4,0.5,20,ONE_POINT,100,100,RANDOM,9
168,16900,56.904446601867676,56764,56793.6,0,0.4,0.5,20,ONE_POINT,100,100,RANDOM,9
169,17000,57.25283360481262,56557,56565.28,0,0.4,0.5,20,ONE_POINT,100,100,RANDOM,9
170,17100,57.588271379470825,56419,56427.03,0,0.4,0.5,20,ONE_POINT,100,100,RANDOM,9
171,17200,57.96855139732361,56077,56087.46,0,0.4,0.5,20,ONE_POINT,100,100,RANDOM,9
172,17300,58.29534077644348,55954,55963.92,0,0.4,0.5,20,ONE_POINT,100,100,RANDOM,9
173,17400,58.65718650817871,55680,55690.96,0,0.4,0.5,20,ONE_POINT,100,100,RANDOM,9
174,17500,59.00375747680664,55508,55530.61,0,0.4,0.5,20,ONE_POINT,100,100,RANDOM,9
175,17600,59.311957359313965,55468,55471.47,0,0.4,0.5,20,ONE_POINT,100,100,RANDOM,9
176,17700,59.64827346801758,55359,55364.45,0,0.4,0.5,20,ONE_POINT,100,100,RANDOM,9
177,17800,60.00872445106506,55217,55228.77,0,0.4,0.5,20,ONE_POINT,100,100,RANDOM,9
178,17900,60.37975788116455,55139,55166.53,0,0.4,0.5,20,ONE_POINT,100,100,RANDOM,9
179,18000,60.71301460266113,55014,55027.34,0,0.4,0.5,20,ONE_POINT,100,100,RANDOM,9
180,18100,61.010119676589966,54883,54890.86,0,0.4,0.5,20,ONE_POINT,100,100,RANDOM,9
181,18200,61.335320711135864,54667,54676.79,0,0.4,0.5,20,ONE_POINT,100,100,RANDOM,9
182,18300,61.65120887756348,54331,54340.77,0,0.4,0.5,20,ONE_POINT,100,100,RANDOM,9
183,18400,61.955827713012695,54209,54226.11,0,0.4,0.5,20,ONE_POINT,100,100,RANDOM,9
184,18500,62.257651805877686,54120,54124.51,0,0.4,0.5,20,ONE_POINT,100,100,RANDOM,9
185,18600,62.58459520339966,53879,53890.03,0,0.4,0.5,20,ONE_POINT,100,100,RANDOM,9
186,18700,62.94051384925842,53618,53632.04,0,0.4,0.5,20,ONE_POINT,100,100,RANDOM,9
187,18800,63.30905771255493,53566,53612.5,0,0.4,0.5,20,ONE_POINT,100,100,RANDOM,9
188,18900,63.64506268501282,53432,53437.7,0,0.4,0.5,20,ONE_POINT,100,100,RANDOM,9
189,19000,64.00297045707703,53332,53349.11,0,0.4,0.5,20,ONE_POINT,100,100,RANDOM,9
190,19100,64.33019685745239,53133,53209.33,0,0.4,0.5,20,ONE_POINT,100,100,RANDOM,9
191,19200,64.64759707450867,52950,52975.62,0,0.4,0.5,20,ONE_POINT,100,100,RANDOM,9
192,19300,64.98961329460144,52788,52799.95,0,0.4,0.5,20,ONE_POINT,100,100,RANDOM,9
193,19400,65.30390167236328,52596,52603.44,0,0.4,0.5,20,ONE_POINT,100,100,RANDOM,9
194,19500,65.64556694030762,52427,52453.88,0,0.4,0.5,20,ONE_POINT,100,100,RANDOM,9
195,19600,65.99292325973511,52369,52409.91,0,0.4,0.5,20,ONE_POINT,100,100,RANDOM,9
196,19700,66.30630493164062,52265,52271.3,0,0.4,0.5,20,ONE_POINT,100,100,RANDOM,9
197,19800,66.65078973770142,52156,52163.21,0,0.4,0.5,20,ONE_POINT,100,100,RANDOM,9
198,19900,67.02186632156372,52106,52121.26,0,0.4,0.5,20,ONE_POINT,100,100,RANDOM,9
199,20000,67.36229705810547,51683,51754.2,0,0.4,0.5,20,ONE_POINT,100,100,RANDOM,9
200,20100,67.71303176879883,51512,51549.86,0,0.4,0.5,20,ONE_POINT,100,100,RANDOM,9
201,20200,68.02513599395752,51442,51446.59,0,0.4,0.5,20,ONE_POINT,100,100,RANDOM,9
202,20300,68.36946249008179,51307,51312.57,0,0.4,0.5,20,ONE_POINT,100,100,RANDOM,9
203,20400,68.72432780265808,51188,51196.49,0,0.4,0.5,20,ONE_POINT,100,100,RANDOM,9
204,20500,69.10902976989746,51050,51055.52,0,0.4,0.5,20,ONE_POINT,100,100,RANDOM,9
205,20600,69.4643120765686,50983,51061.44,0,0.4,0.5,20,ONE_POINT,100,100,RANDOM,9
206,20700,69.82963562011719,50897,50904.75,0,0.4,0.5,20,ONE_POINT,100,100,RANDOM,9
207,20800,70.1687068939209,50775,50788.11,0,0.4,0.5,20,ONE_POINT,100,100,RANDOM,9
208,20900,70.48486065864563,50621,50675.24,0,0.4,0.5,20,ONE_POINT,100,100,RANDOM,9
209,21000,70.80295276641846,50573,50582.02,0,0.4,0.5,20,ONE_POINT,100,100,RANDOM,9
210,21100,71.10470294952393,50302,50315.74,0,0.4,0.5,20,ONE_POINT,100,100,RANDOM,9
211,21200,71.45347881317139,50159,50165.48,0,0.4,0.5,20,ONE_POINT,100,100,RANDOM,9
212,21300,71.8047742843628,50064,50074.65,0,0.4,0.5,20,ONE_POINT,100,100,RANDOM,9
213,21400,72.1495087146759,49994,50005.78,0,0.4,0.5,20,ONE_POINT,100,100,RANDOM,9
214,21500,72.47920227050781,49938,49947.12,0,0.4,0.5,20,ONE_POINT,100,100,RANDOM,9
215,21600,72.82291388511658,49858,49867.19,0,0.4,0.5,20,ONE_POINT,100,100,RANDOM,9
216,21700,73.15946912765503,49738,49796.88,0,0.4,0.5,20,ONE_POINT,100,100,RANDOM,9
217,21800,73.51182579994202,49578,49603.78,0,0.4,0.5,20,ONE_POINT,100,100,RANDOM,9
218,21900,73.83210253715515,49525,49596.66,0,0.4,0.5,20,ONE_POINT,100,100,RANDOM,9
219,22000,74.19752907752991,49390,49395.01,0,0.4,0.5,20,ONE_POINT,100,100,RANDOM,9
220,22100,74.49900436401367,49279,49285.42,0,0.4,0.5,20,ONE_POINT,100,100,RANDOM,9
221,22200,74.85664343833923,49208,49212.48,0,0.4,0.5,20,ONE_POINT,100,100,RANDOM,9
222,22300,75.18406200408936,49122,49134.11,0,0.4,0.5,20,ONE_POINT,100,100,RANDOM,9
223,22400,75.51977467536926,49113,49119.01,0,0.4,0.5,20,ONE_POINT,100,100,RANDOM,9
224,22500,75.88802599906921,49032,49037.01,0,0.4,0.5,20,ONE_POINT,100,100,RANDOM,9
225,22600,76.22596597671509,48971,48974.55,0,0.4,0.5,20,ONE_POINT,100,100,RANDOM,9
226,22700,76.53069806098938,48902,48917.43,0,0.4,0.5,20,ONE_POINT,100,100,RANDOM,9
227,22800,76.87201714515686,48760,48767.23,0,0.4,0.5,20,ONE_POINT,100,100,RANDOM,9
228,22900,77.19362354278564,48648,48654.38,0,0.4,0.5,20,ONE_POINT,100,100,RANDOM,9
229,23000,77.54006934165955,48535,48539.64,0,0.4,0.5,20,ONE_POINT,100,100,RANDOM,9
230,23100,77.87949728965759,48423,48429.66,0,0.4,0.5,20,ONE_POINT,100,100,RANDOM,9
231,23200,78.24699807167053,48184,48194.62,0,0.4,0.5,20,ONE_POINT,100,100,RANDOM,9
232,23300,78.60134744644165,48092,48099.91,0,0.4,0.5,20,ONE_POINT,100,100,RANDOM,9
233,23400,78.9070987701416,48017,48021.49,0,0.4,0.5,20,ONE_POINT,100,100,RANDOM,9
234,23500,79.23748731613159,47944,47967.52,0,0.4,0.5,20,ONE_POINT,100,100,RANDOM,9
235,23600,79.5519437789917,47736,47750.14,0,0.4,0.5,20,ONE_POINT,100,100,RANDOM,9
236,23700,79.87517428398132,47657,47661.74,0,0.4,0.5,20,ONE_POINT,100,100,RANDOM,9
237,23800,80.23539876937866,47545,47557.7,0,0.4,0.5,20,ONE_POINT,100,100,RANDOM,9
238,23900,80.5940489768982,47465,47469.8,0,0.4,0.5,20,ONE_POINT,100,100,RANDOM,9
239,24000,80.91119956970215,47369,47378.97,0,0.4,0.5,20,ONE_POINT,100,100,RANDOM,9
240,24100,81.24654078483582,47312,47315.99,0,0.4,0.5,20,ONE_POINT,100,100,RANDOM,9
241,24200,81.55869150161743,47193,47213.72,0,0.4,0.5,20,ONE_POINT,100,100,RANDOM,9
242,24300,81.93705892562866,47081,47087.88,0,0.4,0.5,20,ONE_POINT,100,100,RANDOM,9
243,24400,82.26854181289673,47056,47085.57,0,0.4,0.5,20,ONE_POINT,100,100,RANDOM,9
244,24500,82.61869883537292,47009,47020.29,0,0.4,0.5,20,ONE_POINT,100,100,RANDOM,9
245,24600,82.96867847442627,46927,46934.92,0,0.4,0.5,20,ONE_POINT,100,100,RANDOM,9
246,24700,83.32289123535156,46844,46850.76,0,0.4,0.5,20,ONE_POINT,100,100,RANDOM,9
247,24800,83.61905097961426,46794,46808.41,0,0.4,0.5,20,ONE_POINT,100,100,RANDOM,9
248,24900,83.96508026123047,46599,46633.69,0,0.4,0.5,20,ONE_POINT,100,100,RANDOM,9
249,25000,84.3086953163147,46514,46535.01,0,0.4,0.5,20,ONE_POINT,100,100,RANDOM,9
250,25100,84.64977669715881,46394,46411.96,0,0.4,0.5,20,ONE_POINT,100,100,RANDOM,9
251,25200,84.99231743812561,46290,46345.48,0,0.4,0.5,20,ONE_POINT,100,100,RANDOM,9
252,25300,85.36683750152588,46248,46250.94,0,0.4,0.5,20,ONE_POINT,100,100,RANDOM,9
253,25400,85.70179057121277,46202,46216.32,0,0.4,0.5,20,ONE_POINT,100,100,RANDOM,9
254,25500,86.07617092132568,46170,46172.67,0,0.4,0.5,20,ONE_POINT,100,100,RANDOM,9
255,25600,86.43406128883362,46110,46115.12,0,0.4,0.5,20,ONE_POINT,100,100,RANDOM,9
256,25700,86.78992676734924,46026,46031.65,0,0.4,0.5,20,ONE_POINT,100,100,RANDOM,9
257,25800,87.13152575492859,45935,45943.48,0,0.4,0.5,20,ONE_POINT,100,100,RANDOM,9
258,25900,87.50409936904907,45840,45848.51,0,0.4,0.5,20,ONE_POINT,100,100,RANDOM,9
259,26000,87.88622093200684,45834,45841.02,0,0.4,0.5,20,ONE_POINT,100,100,RANDOM,9
260,26100,88.23987531661987,45746,45753.16,0,0.4,0.5,20,ONE_POINT,100,100,RANDOM,9
261,26200,88.55319738388062,45708,45711.59,0,0.4,0.5,20,ONE_POINT,100,100,RANDOM,9
262,26300,88.89845180511475,45678,45683.97,0,0.4,0.5,20,ONE_POINT,100,100,RANDOM,9
263,26400,89.23109769821167,45627,45632.94,0,0.4,0.5,20,ONE_POINT,100,100,RANDOM,9
264,26500,89.58718395233154,45476,45482.04,0,0.4,0.5,20,ONE_POINT,100,100,RANDOM,9
265,26600,89.93597197532654,45395,45403.0,0,0.4,0.5,20,ONE_POINT,100,100,RANDOM,9
266,26700,90.29009819030762,45341,45349.77,0,0.4,0.5,20,ONE_POINT,100,100,RANDOM,9
267,26800,90.59438109397888,45243,45247.9,0,0.4,0.5,20,ONE_POINT,100,100,RANDOM,9
268,26900,90.8943293094635,45104,45113.32,0,0.4,0.5,20,ONE_POINT,100,100,RANDOM,9
269,27000,91.22552704811096,44989,44997.56,0,0.4,0.5,20,ONE_POINT,100,100,RANDOM,9
270,27100,91.5257728099823,44938,44941.71,0,0.4,0.5,20,ONE_POINT,100,100,RANDOM,9
271,27200,91.85347437858582,44893,44899.49,0,0.4,0.5,20,ONE_POINT,100,100,RANDOM,9
272,27300,92.18814730644226,44838,44848.96,0,0.4,0.5,20,ONE_POINT,100,100,RANDOM,9
273,27400,92.5471785068512,44754,44758.63,0,0.4,0.5,20,ONE_POINT,100,100,RANDOM,9
274,27500,92.88553357124329,44728,44844.79,0,0.4,0.5,20,ONE_POINT,100,100,RANDOM,9
275,27600,93.2140064239502,44683,44686.41,0,0.4,0.5,20,ONE_POINT,100,100,RANDOM,9
276,27700,93.54743576049805,44601,44606.62,0,0.4,0.5,20,ONE_POINT,100,100,RANDOM,9
277,27800,93.90455341339111,44509,44514.52,0,0.4,0.5,20,ONE_POINT,100,100,RANDOM,9
278,27900,94.24246430397034,44386,44397.03,0,0.4,0.5,20,ONE_POINT,100,100,RANDOM,9
279,28000,94.57621812820435,44355,44358.22,0,0.4,0.5,20,ONE_POINT,100,100,RANDOM,9
280,28100,94.88490200042725,44278,44286.66,0,0.4,0.5,20,ONE_POINT,100,100,RANDOM,9
281,28200,95.21645522117615,44216,44219.72,0,0.4,0.5,20,ONE_POINT,100,100,RANDOM,9
282,28300,95.56147408485413,44057,44072.17,0,0.4,0.5,20,ONE_POINT,100,100,RANDOM,9
283,28400,95.89274883270264,44010,44030.8,0,0.4,0.5,20,ONE_POINT,100,100,RANDOM,9
284,28500,96.23612713813782,43923,43934.91,0,0.4,0.5,20,ONE_POINT,100,100,RANDOM,9
285,28600,96.59236311912537,43893,43895.4,0,0.4,0.5,20,ONE_POINT,100,100,RANDOM,9
286,28700,96.9364058971405,43852,43856.92,0,0.4,0.5,20,ONE_POINT,100,100,RANDOM,9
287,28800,97.24216747283936,43797,43801.52,0,0.4,0.5,20,ONE_POINT,100,100,RANDOM,9
288,28900,97.59313130378723,43723,43729.78,0,0.4,0.5,20,ONE_POINT,100,100,RANDOM,9
289,29000,97.92728042602539,43662,43677.69,0,0.4,0.5,20,ONE_POINT,100,100,RANDOM,9
290,29100,98.2675347328186,43579,43583.81,0,0.4,0.5,20,ONE_POINT,100,100,RANDOM,9
291,29200,98.58723497390747,43526,43605.65,0,0.4,0.5,20,ONE_POINT,100,100,RANDOM,9
292,29300,98.90963172912598,43478,43500.05,0,0.4,0.5,20,ONE_POINT,100,100,RANDOM,9
293,29400,99.27346396446228,43442,43446.64,0,0.4,0.5,20,ONE_POINT,100,100,RANDOM,9
294,29500,99.6021249294281,43313,43318.32,0,0.4,0.5,20,ONE_POINT,100,100,RANDOM,9
295,29600,99.90729093551636,43164,43173.03,0,0.4,0.5,20,ONE_POINT,100,100,RANDOM,9
296,29700,100.22103691101074,43164,43164.0,0,0.4,0.5,20,ONE_POINT,100,100,RANDOM,9
297,29800,100.55008220672607,43118,43138.09,0,0.4,0.5,20,ONE_POINT,100,100,RANDOM,9
298,29900,100.89073848724365,43064,43068.8,0,0.4,0.5,20,ONE_POINT,100,100,RANDOM,9
299,30000,101.24920701980591,42985,42989.74,0,0.4,0.5,20,ONE_POINT,100,100,RANDOM,9
300,30100,101.54726815223694,42985,42985.0,0,0.4,0.5,20,ONE_POINT,100,100,RANDOM,9
301,30200,101.92182040214539,42962,42973.93,0,0.4,0.5,20,ONE_POINT,100,100,RANDOM,9
302,30300,102.2781310081482,42920,42923.82,0,0.4,0.5,20,ONE_POINT,100,100,RANDOM,9
303,30400,102.64344549179077,42900,42901.55,0,0.4,0.5,20,ONE_POINT,100,100,RANDOM,9
304,30500,103.02658987045288,42839,42845.72,0,0.4,0.5,20,ONE_POINT,100,100,RANDOM,9
305,30600,103.39500308036804,42791,42894.73,0,0.4,0.5,20,ONE_POINT,100,100,RANDOM,9
306,30700,103.72494292259216,42721,42725.66,0,0.4,0.5,20,ONE_POINT,100,100,RANDOM,9
307,30800,104.0566394329071,42707,42710.39,0,0.4,0.5,20,ONE_POINT,100,100,RANDOM,9
308,30900,104.40700840950012,42590,42692.45,0,0.4,0.5,20,ONE_POINT,100,100,RANDOM,9
309,31000,104.70727229118347,42574,42587.78,0,0.4,0.5,20,ONE_POINT,100,100,RANDOM,9
310,31100,105.07555603981018,42515,42528.48,0,0.4,0.5,20,ONE_POINT,100,100,RANDOM,9
311,31200,105.43896245956421,42381,42387.7,0,0.4,0.5,20,ONE_POINT,100,100,RANDOM,9
312,31300,105.77552390098572,42336,42342.34,0,0.4,0.5,20,ONE_POINT,100,100,RANDOM,9
313,31400,106.12693214416504,42146,42155.95,0,0.4,0.5,20,ONE_POINT,100,100,RANDOM,9
314,31500,106.42831110954285,42124,42212.95,0,0.4,0.5,20,ONE_POINT,100,100,RANDOM,9
315,31600,106.72430944442749,42083,42093.83,0,0.4,0.5,20,ONE_POINT,100,100,RANDOM,9
316,31700,107.02200245857239,42076,42177.46,0,0.4,0.5,20,ONE_POINT,100,100,RANDOM,9
317,31800,107.37041687965393,41988,42137.52,0,0.4,0.5,20,ONE_POINT,100,100,RANDOM,9
318,31900,107.67471599578857,41986,42076.94,0,0.4,0.5,20,ONE_POINT,100,100,RANDOM,9
319,32000,108.02304267883301,41945,41951.27,0,0.4,0.5,20,ONE_POINT,100,100,RANDOM,9
320,32100,108.35855269432068,41895,41902.48,0,0.4,0.5,20,ONE_POINT,100,100,RANDOM,9
321,32200,108.70573425292969,41850,41855.11,0,0.4,0.5,20,ONE_POINT,100,100,RANDOM,9
322,32300,109.04586696624756,41749,41757.84,0,0.4,0.5,20,ONE_POINT,100,100,RANDOM,9
323,32400,109.34547567367554,41733,41742.91,0,0.4,0.5,20,ONE_POINT,100,100,RANDOM,9
324,32500,109.68024039268494,41697,41707.7,0,0.4,0.5,20,ONE_POINT,100,100,RANDOM,9
325,32600,110.0175609588623,41600,41606.76,0,0.4,0.5,20,ONE_POINT,100,100,RANDOM,9
326,32700,110.37256050109863,41564,41588.95,0,0.4,0.5,20,ONE_POINT,100,100,RANDOM,9
327,32800,110.72449159622192,41537,41540.15,0,0.4,0.5,20,ONE_POINT,100,100,RANDOM,9
328,32900,111.02514958381653,41478,41483.03,0,0.4,0.5,20,ONE_POINT,100,100,RANDOM,9
329,33000,111.38302206993103,41408,41472.68,0,0.4,0.5,20,ONE_POINT,100,100,RANDOM,9
330,33100,111.69339275360107,41385,41389.22,0,0.4,0.5,20,ONE_POINT,100,100,RANDOM,9
331,33200,112.01390552520752,41332,41346.45,0,0.4,0.5,20,ONE_POINT,100,100,RANDOM,9
332,33300,112.3468325138092,41325,41326.03,0,0.4,0.5,20,ONE_POINT,100,100,RANDOM,9
333,33400,112.68760657310486,41201,41222.52,0,0.4,0.5,20,ONE_POINT,100,100,RANDOM,9
334,33500,112.99592304229736,41121,41130.55,0,0.4,0.5,20,ONE_POINT,100,100,RANDOM,9
335,33600,113.3304328918457,41075,41080.62,0,0.4,0.5,20,ONE_POINT,100,100,RANDOM,9
336,33700,113.69235467910767,41050,41055.7,0,0.4,0.5,20,ONE_POINT,100,100,RANDOM,9
337,33800,114.0199761390686,41037,41042.42,0,0.4,0.5,20,ONE_POINT,100,100,RANDOM,9
338,33900,114.33193850517273,41020,41030.45,0,0.4,0.5,20,ONE_POINT,100,100,RANDOM,9
339,34000,114.66386938095093,40947,40952.03,0,0.4,0.5,20,ONE_POINT,100,100,RANDOM,9
340,34100,115.01823449134827,40925,40931.95,0,0.4,0.5,20,ONE_POINT,100,100,RANDOM,9
341,34200,115.33921957015991,40887,40897.37,0,0.4,0.5,20,ONE_POINT,100,100,RANDOM,9
342,34300,115.67347550392151,40836,40838.69,0,0.4,0.5,20,ONE_POINT,100,100,RANDOM,9
343,34400,116.02572822570801,40781,40797.73,0,0.4,0.5,20,ONE_POINT,100,100,RANDOM,9
344,34500,116.33761525154114,40688,40720.74,0,0.4,0.5,20,ONE_POINT,100,100,RANDOM,9
345,34600,116.66341543197632,40651,40654.53,0,0.4,0.5,20,ONE_POINT,100,100,RANDOM,9
346,34700,116.96451759338379,40592,40602.07,0,0.4,0.5,20,ONE_POINT,100,100,RANDOM,9
347,34800,117.28799748420715,40569,40574.21,0,0.4,0.5,20,ONE_POINT,100,100,RANDOM,9
348,34900,117.62443709373474,40566,40568.47,0,0.4,0.5,20,ONE_POINT,100,100,RANDOM,9
349,35000,117.97139310836792,40518,40541.59,0,0.4,0.5,20,ONE_POINT,100,100,RANDOM,9
350,35100,118.29421067237854,40406,40438.99,0,0.4,0.5,20,ONE_POINT,100,100,RANDOM,9
351,35200,118.60702180862427,40382,40393.04,0,0.4,0.5,20,ONE_POINT,100,100,RANDOM,9
352,35300,118.90771842002869,40340,40342.53,0,0.4,0.5,20,ONE_POINT,100,100,RANDOM,9
353,35400,119.2888171672821,40282,40286.8,0,0.4,0.5,20,ONE_POINT,100,100,RANDOM,9
354,35500,119.63897228240967,40261,40263.81,0,0.4,0.5,20,ONE_POINT,100,100,RANDOM,9
355,35600,120.00610566139221,40261,40261.0,0,0.4,0.5,20,ONE_POINT,100,100,RANDOM,9
356,35700,120.34182596206665,40221,40225.14,0,0.4,0.5,20,ONE_POINT,100,100,RANDOM,9
357,35800,120.67932987213135,40159,40191.34,0,0.4,0.5,20,ONE_POINT,100,100,RANDOM,9
358,35900,121.00247168540955,40100,40103.54,0,0.4,0.5,20,ONE_POINT,100,100,RANDOM,9
359,36000,121.32425451278687,40057,40061.03,0,0.4,0.5,20,ONE_POINT,100,100,RANDOM,9
360,36100,121.66004800796509,40020,40033.65,0,0.4,0.5,20,ONE_POINT,100,100,RANDOM,9
361,36200,121.96518063545227,39977,39982.38,0,0.4,0.5,20,ONE_POINT,100,100,RANDOM,9
362,36300,122.26889729499817,39951,39953.81,0,0.4,0.5,20,ONE_POINT,100,100,RANDOM,9
363,36400,122.643474817276,39933,39941.2,0,0.4,0.5,20,ONE_POINT,100,100,RANDOM,9
364,36500,122.94650363922119,39918,39921.32,0,0.4,0.5,20,ONE_POINT,100,100,RANDOM,9
365,36600,123.24576354026794,39846,39858.08,0,0.4,0.5,20,ONE_POINT,100,100,RANDOM,9
366,36700,123.56135606765747,39710,39751.52,0,0.4,0.5,20,ONE_POINT,100,100,RANDOM,9
367,36800,123.93605947494507,39691,39701.44,0,0.4,0.5,20,ONE_POINT,100,100,RANDOM,9
368,36900,124.262615442276,39631,39636.88,0,0.4,0.5,20,ONE_POINT,100,100,RANDOM,9
369,37000,124.61372303962708,39610,39611.89,0,0.4,0.5,20,ONE_POINT,100,100,RANDOM,9
370,37100,124.96426582336426,39608,39608.41,0,0.4,0.5,20,ONE_POINT,100,100,RANDOM,9
371,37200,125.30167627334595,39537,39541.89,0,0.4,0.5,20,ONE_POINT,100,100,RANDOM,9
372,37300,125.6562271118164,39293,39302.76,0,0.4,0.5,20,ONE_POINT,100,100,RANDOM,9
373,37400,126.0064606666565,39278,39280.39,0,0.4,0.5,20,ONE_POINT,100,100,RANDOM,9
374,37500,126.36714625358582,39253,39263.98,0,0.4,0.5,20,ONE_POINT,100,100,RANDOM,9
375,37600,126.69610381126404,39238,39244.31,0,0.4,0.5,20,ONE_POINT,100,100,RANDOM,9
376,37700,127.01346111297607,39166,39170.47,0,0.4,0.5,20,ONE_POINT,100,100,RANDOM,9
377,37800,127.34829449653625,39090,39096.08,0,0.4,0.5,20,ONE_POINT,100,100,RANDOM,9
378,37900,127.68314003944397,39040,39052.96,0,0.4,0.5,20,ONE_POINT,100,100,RANDOM,9
379,38000,128.03438138961792,39010,39012.21,0,0.4,0.5,20,ONE_POINT,100,100,RANDOM,9
380,38100,128.35849332809448,38963,38965.82,0,0.4,0.5,20,ONE_POINT,100,100,RANDOM,9
381,38200,128.68804740905762,38918,38930.95,0,0.4,0.5,20,ONE_POINT,100,100,RANDOM,9
382,38300,129.0198531150818,38868,38872.0,0,0.4,0.5,20,ONE_POINT,100,100,RANDOM,9
383,38400,129.34956431388855,38829,38832.74,0,0.4,0.5,20,ONE_POINT,100,100,RANDOM,9
384,38500,129.68217730522156,38804,38832.85,0,0.4,0.5,20,ONE_POINT,100,100,RANDOM,9
385,38600,130.06029772758484,38756,38760.46,0,0.4,0.5,20,ONE_POINT,100,100,RANDOM,9
386,38700,130.40140843391418,38722,38730.46,0,0.4,0.5,20,ONE_POINT,100,100,RANDOM,9
387,38800,130.75780248641968,38681,38684.03,0,0.4,0.5,20,ONE_POINT,100,100,RANDOM,9
388,38900,131.05505561828613,38604,38610.57,0,0.4,0.5,20,ONE_POINT,100,100,RANDOM,9
389,39000,131.39450907707214,38542,38548.84,0,0.4,0.5,20,ONE_POINT,100,100,RANDOM,9
390,39100,131.70741987228394,38506,38577.24,0,0.4,0.5,20,ONE_POINT,100,100,RANDOM,9
391,39200,132.0584602355957,38500,38502.91,0,0.4,0.5,20,ONE_POINT,100,100,RANDOM,9
392,39300,132.38846492767334,38500,38500.0,0,0.4,0.5,20,ONE_POINT,100,100,RANDOM,9
393,39400,132.7500765323639,38425,38435.6,0,0.4,0.5,20,ONE_POINT,100,100,RANDOM,9
394,39500,133.09335088729858,38379,38383.6,0,0.4,0.5,20,ONE_POINT,100,100,RANDOM,9
395,39600,133.4389078617096,38361,38376.43,0,0.4,0.5,20,ONE_POINT,100,100,RANDOM,9
396,39700,133.75697779655457,38345,38346.92,0,0.4,0.5,20,ONE_POINT,100,100,RANDOM,9
397,39800,134.06236290931702,38317,38320.12,0,0.4,0.5,20,ONE_POINT,100,100,RANDOM,9
398,39900,134.3970332145691,38238,38243.86,0,0.4,0.5,20,ONE_POINT,100,100,RANDOM,9
399,40000,134.70303106307983,38114,38122.82,0,0.4,0.5,20,ONE_POINT,100,100,RANDOM,9
400,40100,135.04478549957275,38064,38072.88,0,0.4,0.5,20,ONE_POINT,100,100,RANDOM,9
401,40200,135.40551352500916,38008,38056.14,0,0.4,0.5,20,ONE_POINT,100,100,RANDOM,9
402,40300,135.73638105392456,37997,37998.89,0,0.4,0.5,20,ONE_POINT,100,100,RANDOM,9
403,40400,136.07939314842224,37966,37975.6,0,0.4,0.5,20,ONE_POINT,100,100,RANDOM,9
404,40500,136.43746542930603,37941,37949.3,0,0.4,0.5,20,ONE_POINT,100,100,RANDOM,9
405,40600,136.7613229751587,37885,37892.7,0,0.4,0.5,20,ONE_POINT,100,100,RANDOM,9
406,40700,137.14125084877014,37877,37878.65,0,0.4,0.5,20,ONE_POINT,100,100,RANDOM,9
407,40800,137.45797610282898,37836,37843.09,0,0.4,0.5,20,ONE_POINT,100,100,RANDOM,9
408,40900,137.79232835769653,37792,37803.96,0,0.4,0.5,20,ONE_POINT,100,100,RANDOM,9
409,41000,138.11178469657898,37764,37766.03,0,0.4,0.5,20,ONE_POINT,100,100,RANDOM,9
410,41100,138.5005660057068,37714,37718.35,0,0.4,0.5,20,ONE_POINT,100,100,RANDOM,9
411,41200,138.80745553970337,37654,37664.2,0,0.4,0.5,20,ONE_POINT,100,100,RANDOM,9
412,41300,139.11824703216553,37601,37604.6,0,0.4,0.5,20,ONE_POINT,100,100,RANDOM,9
413,41400,139.46614980697632,37588,37632.96,0,0.4,0.5,20,ONE_POINT,100,100,RANDOM,9
414,41500,139.7998731136322,37576,37577.94,0,0.4,0.5,20,ONE_POINT,100,100,RANDOM,9
415,41600,140.10665678977966,37550,37555.06,0,0.4,0.5,20,ONE_POINT,100,100,RANDOM,9
416,41700,140.42646074295044,37505,37509.39,0,0.4,0.5,20,ONE_POINT,100,100,RANDOM,9
417,41800,140.7657163143158,37417,37426.03,0,0.4,0.5,20,ONE_POINT,100,100,RANDOM,9
418,41900,141.09712958335876,37409,37410.04,0,0.4,0.5,20,ONE_POINT,100,100,RANDOM,9
419,42000,141.44551134109497,37378,37381.54,0,0.4,0.5,20,ONE_POINT,100,100,RANDOM,9
420,42100,141.8045003414154,37378,37378.0,0,0.4,0.5,20,ONE_POINT,100,100,RANDOM,9
421,42200,142.14739513397217,37355,37364.0,0,0.4,0.5,20,ONE_POINT,100,100,RANDOM,9
422,42300,142.4670763015747,37302,37308.17,0,0.4,0.5,20,ONE_POINT,100,100,RANDOM,9
423,42400,142.82593774795532,37266,37457.61,0,0.4,0.5,20,ONE_POINT,100,100,RANDOM,9
424,42500,143.18035769462585,37256,37257.33,0,0.4,0.5,20,ONE_POINT,100,100,RANDOM,9
425,42600,143.50548315048218,37238,37241.91,0,0.4,0.5,20,ONE_POINT,100,100,RANDOM,9
426,42700,143.82338666915894,37220,37223.43,0,0.4,0.5,20,ONE_POINT,100,100,RANDOM,9
427,42800,144.15027117729187,37174,37177.86,0,0.4,0.5,20,ONE_POINT,100,100,RANDOM,9
428,42900,144.45030093193054,37066,37074.88,0,0.4,0.5,20,ONE_POINT,100,100,RANDOM,9
429,43000,144.761221408844,37042,37044.58,0,0.4,0.5,20,ONE_POINT,100,100,RANDOM,9
430,43100,145.1115128993988,37000,37004.3,0,0.4,0.5,20,ONE_POINT,100,100,RANDOM,9
431,43200,145.4358241558075,36934,36942.9,0,0.4,0.5,20,ONE_POINT,100,100,RANDOM,9
432,43300,145.77793288230896,36864,36869.6,0,0.4,0.5,20,ONE_POINT,100,100,RANDOM,9
433,43400,146.11051273345947,36856,36861.62,0,0.4,0.5,20,ONE_POINT,100,100,RANDOM,9
434,43500,146.43705582618713,36802,36895.36,0,0.4,0.5,20,ONE_POINT,100,100,RANDOM,9
435,43600,146.76581621170044,36751,36838.94,0,0.4,0.5,20,ONE_POINT,100,100,RANDOM,9
436,43700,147.09162497520447,36708,36718.02,0,0.4,0.5,20,ONE_POINT,100,100,RANDOM,9
437,43800,147.41964530944824,36679,36690.78,0,0.4,0.5,20,ONE_POINT,100,100,RANDOM,9
438,43900,147.73878717422485,36610,36614.83,0,0.4,0.5,20,ONE_POINT,100,100,RANDOM,9
439,44000,148.0414571762085,36553,36556.63,0,0.4,0.5,20,ONE_POINT,100,100,RANDOM,9
440,44100,148.3445279598236,36534,36536.71,0,0.4,0.5,20,ONE_POINT,100,100,RANDOM,9
441,44200,148.648583650589,36534,36534.0,0,0.4,0.5,20,ONE_POINT,100,100,RANDOM,9
442,44300,148.99479579925537,36432,36443.34,0,0.4,0.5,20,ONE_POINT,100,100,RANDOM,9
443,44400,149.30505561828613,36410,36420.08,0,0.4,0.5,20,ONE_POINT,100,100,RANDOM,9
444,44500,149.63426995277405,36387,36392.98,0,0.4,0.5,20,ONE_POINT,100,100,RANDOM,9
445,44600,149.9891014099121,36369,36373.8,0,0.4,0.5,20,ONE_POINT,100,100,RANDOM,9
446,44700,150.31934428215027,36362,36363.12,0,0.4,0.5,20,ONE_POINT,100,100,RANDOM,9
447,44800,150.61729335784912,36347,36358.31,0,0.4,0.5,20,ONE_POINT,100,100,RANDOM,9
448,44900,150.9759340286255,36237,36244.3,0,0.4,0.5,20,ONE_POINT,100,100,RANDOM,9
449,45000,151.32179880142212,36207,36232.68,0,0.4,0.5,20,ONE_POINT,100,100,RANDOM,9
450,45100,151.62770986557007,36203,36204.15,0,0.4,0.5,20,ONE_POINT,100,100,RANDOM,9
451,45200,151.98698902130127,36202,36267.19,0,0.4,0.5,20,ONE_POINT,100,100,RANDOM,9
452,45300,152.3337116241455,36194,36200.72,0,0.4,0.5,20,ONE_POINT,100,100,RANDOM,9
453,45400,152.69386649131775,36190,36192.03,0,0.4,0.5,20,ONE_POINT,100,100,RANDOM,9
454,45500,153.03571128845215,36173,36175.35,0,0.4,0.5,20,ONE_POINT,100,100,RANDOM,9
455,45600,153.3752782344818,36162,36169.07,0,0.4,0.5,20,ONE_POINT,100,100,RANDOM,9
456,45700,153.72980904579163,36161,36161.33,0,0.4,0.5,20,ONE_POINT,100,100,RANDOM,9
457,45800,154.09784960746765,36153,36167.19,0,0.4,0.5,20,ONE_POINT,100,100,RANDOM,9
458,45900,154.41193795204163,36112,36121.2,0,0.4,0.5,20,ONE_POINT,100,100,RANDOM,9
459,46000,154.76381874084473,36090,36142.7,0,0.4,0.5,20,ONE_POINT,100,100,RANDOM,9
460,46100,155.08795499801636,36076,36078.11,0,0.4,0.5,20,ONE_POINT,100,100,RANDOM,9
461,46200,155.4528260231018,36034,36054.63,0,0.4,0.5,20,ONE_POINT,100,100,RANDOM,9
462,46300,155.77876996994019,35968,35973.43,0,0.4,0.5,20,ONE_POINT,100,100,RANDOM,9
463,46400,156.11235570907593,35962,35965.71,0,0.4,0.5,20,ONE_POINT,100,100,RANDOM,9
464,46500,156.47247171401978,35632,35648.62,0,0.4,0.5,20,ONE_POINT,100,100,RANDOM,9
465,46600,156.84515714645386,35560,35564.61,0,0.4,0.5,20,ONE_POINT,100,100,RANDOM,9
466,46700,157.1752016544342,35558,35566.27,0,0.4,0.5,20,ONE_POINT,100,100,RANDOM,9
467,46800,157.5253119468689,35545,35556.04,0,0.4,0.5,20,ONE_POINT,100,100,RANDOM,9
468,46900,157.91884803771973,35529,35533.58,0,0.4,0.5,20,ONE_POINT,100,100,RANDOM,9
469,47000,158.2825255393982,35522,35525.77,0,0.4,0.5,20,ONE_POINT,100,100,RANDOM,9
470,47100,158.61381769180298,35499,35506.17,0,0.4,0.5,20,ONE_POINT,100,100,RANDOM,9
471,47200,158.96445751190186,35481,35482.99,0,0.4,0.5,20,ONE_POINT,100,100,RANDOM,9
472,47300,159.29216718673706,35431,35442.27,0,0.4,0.5,20,ONE_POINT,100,100,RANDOM,9
473,47400,159.6397521495819,35416,35418.26,0,0.4,0.5,20,ONE_POINT,100,100,RANDOM,9
474,47500,160.0023889541626,35408,35409.39,0,0.4,0.5,20,ONE_POINT,100,100,RANDOM,9
475,47600,160.3264663219452,35367,35381.13,0,0.4,0.5,20,ONE_POINT,100,100,RANDOM,9
476,47700,160.64954948425293,35256,35278.85,0,0.4,0.5,20,ONE_POINT,100,100,RANDOM,9
477,47800,160.968652009964,35234,35278.19,0,0.4,0.5,20,ONE_POINT,100,100,RANDOM,9
478,47900,161.2957363128662,35222,35238.19,0,0.4,0.5,20,ONE_POINT,100,100,RANDOM,9
479,48000,161.62843489646912,35194,35201.31,0,0.4,0.5,20,ONE_POINT,100,100,RANDOM,9
480,48100,161.9433536529541,35194,35194.0,0,0.4,0.5,20,ONE_POINT,100,100,RANDOM,9
