num-generations,num-evaluations,time-elapsed,best-fitness,avg-fitness,elite-frac,alpha,elitist_size,crossover-method,population-size,num-points,initialization,seed
1,200,0.23401188850402832,134707,134940.91,0,0.4,12,ONE_POINT,100,100,RANDOM,0
2,300,0.5801341533660889,132451,132496.12,0,0.4,12,ONE_POINT,100,100,RANDOM,0
3,400,0.9023120403289795,130930,130961.14,0,0.4,12,ONE_POINT,100,100,RANDOM,0
4,500,1.24947190284729,130471,130478.75,0,0.4,12,ONE_POINT,100,100,RANDOM,0
5,600,1.566828727722168,128982,129029.4,0,0.4,12,ONE_POINT,100,100,RANDOM,0
6,700,1.8983490467071533,126335,126387.94,0,0.4,12,ONE_POINT,100,100,RANDOM,0
7,800,2.1956567764282227,125641,125654.88,0,0.4,12,ONE_POINT,100,100,RANDOM,0
8,900,2.5249075889587402,124918,124937.9,0,0.4,12,ONE_POINT,100,100,RANDOM,0
9,1000,2.836930274963379,124445,124454.46,0,0.4,12,ONE_POINT,100,100,RANDOM,0
10,1100,3.169989824295044,123915,123935.85,0,0.4,12,ONE_POINT,100,100,RANDOM,0
11,1200,3.501225471496582,123176,123293.13,0,0.4,12,ONE_POINT,100,100,RANDOM,0
12,1300,3.8229496479034424,122198,122236.96,0,0.4,12,ONE_POINT,100,100,RANDOM,0
13,1400,4.165919780731201,121488,121509.3,0,0.4,12,ONE_POINT,100,100,RANDOM,0
14,1500,4.471962213516235,121052,121065.08,0,0.4,12,ONE_POINT,100,100,RANDOM,0
15,1600,4.803883075714111,120549,120571.31,0,0.4,12,ONE_POINT,100,100,RANDOM,0
16,1700,5.105203628540039,120008,120026.25,0,0.4,12,ONE_POINT,100,100,RANDOM,0
17,1800,5.428588628768921,119501,119516.4,0,0.4,12,ONE_POINT,100,100,RANDOM,0
18,1900,5.782234191894531,118816,118853.14,0,0.4,12,ONE_POINT,100,100,RANDOM,0
19,2000,6.069729566574097,118064,118085.63,0,0.4,12,ONE_POINT,100,100,RANDOM,0
20,2100,6.380476713180542,117588,117632.16,0,0.4,12,ONE_POINT,100,100,RANDOM,0
21,2200,6.696923732757568,116164,116192.38,0,0.4,12,ONE_POINT,100,100,RANDOM,0
22,2300,7.019653081893921,115828,115838.31,0,0.4,12,ONE_POINT,100,100,RANDOM,0
23,2400,7.320725917816162,115483,115499.46,0,0.4,12,ONE_POINT,100,100,RANDOM,0
24,2500,7.656330823898315,114810,114830.19,0,0.4,12,ONE_POINT,100,100,RANDOM,0
25,2600,7.9574973583221436,114660,114734.58,0,0.4,12,ONE_POINT,100,100,RANDOM,0
26,2700,8.26994252204895,114130,114167.01,0,0.4,12,ONE_POINT,100,100,RANDOM,0
27,2800,8.624878168106079,113698,113715.61,0,0.4,12,ONE_POINT,100,100,RANDOM,0
28,2900,8.914374828338623,112708,112726.49,0,0.4,12,ONE_POINT,100,100,RANDOM,0
29,3000,9.26061725616455,112367,112377.23,0,0.4,12,ONE_POINT,100,100,RANDOM,0
30,3100,9.558166742324829,111435,111464.53,0,0.4,12,ONE_POINT,100,100,RANDOM,0
31,3200,9.88183879852295,111173,111180.91,0,0.4,12,ONE_POINT,100,100,RANDOM,0
32,3300,10.175207614898682,110560,110574.93,0,0.4,12,ONE_POINT,100,100,RANDOM,0
33,3400,10.53179383277893,109468,109489.84,0,0.4,12,ONE_POINT,100,100,RANDOM,0
34,3500,10.8530592918396,108824,108836.88,0,0.4,12,ONE_POINT,100,100,RANDOM,0
35,3600,11.187282800674438,108486,108495.7,0,0.4,12,ONE_POINT,100,100,RANDOM,0
36,3700,11.476947546005249,108179,108188.14,0,0.4,12,ONE_POINT,100,100,RANDOM,0
37,3800,11.81771445274353,107639,107649.8,0,0.4,12,ONE_POINT,100,100,RANDOM,0
38,3900,12.136928796768188,107223,107240.64,0,0.4,12,ONE_POINT,100,100,RANDOM,0
39,4000,12.42369294166565,106759,106782.82,0,0.4,12,ONE_POINT,100,100,RANDOM,0
40,4100,12.75341510772705,105715,105735.88,0,0.4,12,ONE_POINT,100,100,RANDOM,0
41,4200,13.050254106521606,105460,105468.06,0,0.4,12,ONE_POINT,100,100,RANDOM,0
42,4300,13.350498676300049,105172,105181.37,0,0.4,12,ONE_POINT,100,100,RANDOM,0
43,4400,13.657207012176514,104760,104768.24,0,0.4,12,ONE_POINT,100,100,RANDOM,0
44,4500,13.952170372009277,104325,104330.25,0,0.4,12,ONE_POINT,100,100,RANDOM,0
45,4600,14.262683868408203,104094,104101.33,0,0.4,12,ONE_POINT,100,100,RANDOM,0
46,4700,14.610160827636719,103743,103753.53,0,0.4,12,ONE_POINT,100,100,RANDOM,0
47,4800,14.93047571182251,103133,103146.96,0,0.4,12,ONE_POINT,100,100,RANDOM,0
48,4900,15.278934478759766,102867,102874.65,0,0.4,12,ONE_POINT,100,100,RANDOM,0
49,5000,15.60122537612915,102253,102267.72,0,0.4,12,ONE_POINT,100,100,RANDOM,0
50,5100,15.910439252853394,101641,101653.24,0,0.4,12,ONE_POINT,100,100,RANDOM,0
51,5200,16.231119394302368,101276,101283.3,0,0.4,12,ONE_POINT,100,100,RANDOM,0
52,5300,16.55194902420044,101018,101023.16,0,0.4,12,ONE_POINT,100,100,RANDOM,0
53,5400,16.85413956642151,100763,100769.56,0,0.4,12,ONE_POINT,100,100,RANDOM,0
54,5500,17.207000255584717,100465,100470.96,0,0.4,12,ONE_POINT,100,100,RANDOM,0
55,5600,17.59523582458496,100076,100090.65,0,0.4,12,ONE_POINT,100,100,RANDOM,0
56,5700,17.94435429573059,99775,99818.79,0,0.4,12,ONE_POINT,100,100,RANDOM,0
57,5800,18.290237188339233,99650,99653.75,0,0.4,12,ONE_POINT,100,100,RANDOM,0
58,5900,18.575380563735962,99208,99216.84,0,0.4,12,ONE_POINT,100,100,RANDOM,0
59,6000,18.864816904067993,98597,98609.22,0,0.4,12,ONE_POINT,100,100,RANDOM,0
60,6100,19.189337253570557,98208,98219.67,0,0.4,12,ONE_POINT,100,100,RANDOM,0
61,6200,19.53318166732788,97938,97948.77,0,0.4,12,ONE_POINT,100,100,RANDOM,0
62,6300,19.862005472183228,97834,97839.54,0,0.4,12,ONE_POINT,100,100,RANDOM,0
63,6400,20.181750297546387,97471,97482.93,0,0.4,12,ONE_POINT,100,100,RANDOM,0
64,6500,20.51833987236023,96881,96902.33,0,0.4,12,ONE_POINT,100,100,RANDOM,0
65,6600,20.807790756225586,96459,96471.66,0,0.4,12,ONE_POINT,100,100,RANDOM,0
66,6700,21.14684820175171,96164,96204.78,0,0.4,12,ONE_POINT,100,100,RANDOM,0
67,6800,21.48400592803955,95849,95855.3,0,0.4,12,ONE_POINT,100,100,RANDOM,0
68,6900,21.764546632766724,95704,95710.22,0,0.4,12,ONE_POINT,100,100,RANDOM,0
69,7000,22.108657121658325,95354,95369.54,0,0.4,12,ONE_POINT,100,100,RANDOM,0
70,7100,22.40308451652527,94974,94982.39,0,0.4,12,ONE_POINT,100,100,RANDOM,0
71,7200,22.75174856185913,94684,94703.98,0,0.4,12,ONE_POINT,100,100,RANDOM,0
72,7300,23.046627044677734,94412,94452.53,0,0.4,12,ONE_POINT,100,100,RANDOM,0
73,7400,23.371947765350342,94142,94152.89,0,0.4,12,ONE_POINT,100,100,RANDOM,0
74,7500,23.703866481781006,93998,94005.51,0,0.4,12,ONE_POINT,100,100,RANDOM,0
75,7600,24.03670310974121,93488,93497.08,0,0.4,12,ONE_POINT,100,100,RANDOM,0
76,7700,24.320401191711426,93194,93199.88,0,0.4,12,ONE_POINT,100,100,RANDOM,0
77,7800,24.633189916610718,92982,92987.47,0,0.4,12,ONE_POINT,100,100,RANDOM,0
78,7900,24.936752319335938,92802,92810.19,0,0.4,12,ONE_POINT,100,100,RANDOM,0
79,8000,25.244516849517822,92160,92172.84,0,0.4,12,ONE_POINT,100,100,RANDOM,0
80,8100,25.5606427192688,91810,91841.5,0,0.4,12,ONE_POINT,100,100,RANDOM,0
81,8200,25.868661642074585,91483,91492.56,0,0.4,12,ONE_POINT,100,100,RANDOM,0
82,8300,26.15866780281067,91232,91243.35,0,0.4,12,ONE_POINT,100,100,RANDOM,0
83,8400,26.47463893890381,91078,91084.17,0,0.4,12,ONE_POINT,100,100,RANDOM,0
84,8500,26.81049156188965,90874,90882.16,0,0.4,12,ONE_POINT,100,100,RANDOM,0
85,8600,27.128007650375366,90548,90558.54,0,0.4,12,ONE_POINT,100,100,RANDOM,0
86,8700,27.4208083152771,90323,90332.0,0,0.4,12,ONE_POINT,100,100,RANDOM,0
87,8800,27.719208478927612,90228,90232.16,0,0.4,12,ONE_POINT,100,100,RANDOM,0
88,8900,28.08515214920044,89955,89966.29,0,0.4,12,ONE_POINT,100,100,RANDOM,0
89,9000,28.414138555526733,89620,89629.52,0,0.4,12,ONE_POINT,100,100,RANDOM,0
90,9100,28.738418102264404,89324,89335.84,0,0.4,12,ONE_POINT,100,100,RANDOM,0
91,9200,29.05953025817871,89135,89141.61,0,0.4,12,ONE_POINT,100,100,RANDOM,0
92,9300,29.368009328842163,88908,88919.21,0,0.4,12,ONE_POINT,100,100,RANDOM,0
93,9400,29.673643589019775,88772,88780.34,0,0.4,12,ONE_POINT,100,100,RANDOM,0
94,9500,29.976784467697144,88586,88593.44,0,0.4,12,ONE_POINT,100,100,RANDOM,0
95,9600,30.288248538970947,88206,88265.66,0,0.4,12,ONE_POINT,100,100,RANDOM,0
96,9700,30.587771892547607,87793,87809.78,0,0.4,12,ONE_POINT,100,100,RANDOM,0
97,9800,30.882952451705933,87616,87625.84,0,0.4,12,ONE_POINT,100,100,RANDOM,0
98,9900,31.186885595321655,87375,87384.06,0,0.4,12,ONE_POINT,100,100,RANDOM,0
99,10000,31.47390103340149,87156,87173.37,0,0.4,12,ONE_POINT,100,100,RANDOM,0
100,10100,31.763730764389038,87022,87047.84,0,0.4,12,ONE_POINT,100,100,RANDOM,0
101,10200,32.10678458213806,86768,86778.63,0,0.4,12,ONE_POINT,100,100,RANDOM,0
102,10300,32.441497564315796,86456,86468.77,0,0.4,12,ONE_POINT,100,100,RANDOM,0
103,10400,32.75565767288208,86189,86199.63,0,0.4,12,ONE_POINT,100,100,RANDOM,0
104,10500,33.11529469490051,85978,85987.67,0,0.4,12,ONE_POINT,100,100,RANDOM,0
105,10600,33.45681357383728,85844,85853.02,0,0.4,12,ONE_POINT,100,100,RANDOM,0
106,10700,33.83949518203735,85628,85648.57,0,0.4,12,ONE_POINT,100,100,RANDOM,0
107,10800,34.15479898452759,85198,85216.71,0,0.4,12,ONE_POINT,100,100,RANDOM,0
108,10900,34.48811435699463,85024,85039.16,0,0.4,12,ONE_POINT,100,100,RANDOM,0
109,11000,34.795979022979736,84793,84802.24,0,0.4,12,ONE_POINT,100,100,RANDOM,0
110,11100,35.094297647476196,84559,84590.64,0,0.4,12,ONE_POINT,100,100,RANDOM,0
111,11200,35.41014528274536,84306,84316.12,0,0.4,12,ONE_POINT,100,100,RANDOM,0
112,11300,35.71227216720581,84057,84099.31,0,0.4,12,ONE_POINT,100,100,RANDOM,0
113,11400,35.9999885559082,83911,83917.57,0,0.4,12,ONE_POINT,100,100,RANDOM,0
114,11500,36.34608173370361,83612,83625.42,0,0.4,12,ONE_POINT,100,100,RANDOM,0
115,11600,36.68718123435974,83415,83444.76,0,0.4,12,ONE_POINT,100,100,RANDOM,0
116,11700,36.997032165527344,83091,83103.98,0,0.4,12,ONE_POINT,100,100,RANDOM,0
117,11800,37.34338116645813,82653,82674.79,0,0.4,12,ONE_POINT,100,100,RANDOM,0
118,11900,37.65486478805542,82437,82455.42,0,0.4,12,ONE_POINT,100,100,RANDOM,0
119,12000,38.001896381378174,82226,82236.05,0,0.4,12,ONE_POINT,100,100,RANDOM,0
120,12100,38.330294370651245,81989,81997.98,0,0.4,12,ONE_POINT,100,100,RANDOM,0
121,12200,38.62218713760376,81820,81827.79,0,0.4,12,ONE_POINT,100,100,RANDOM,0
122,12300,38.917086124420166,81642,81665.23,0,0.4,12,ONE_POINT,100,100,RANDOM,0
123,12400,39.24021768569946,81418,81425.77,0,0.4,12,ONE_POINT,100,100,RANDOM,0
124,12500,39.58642601966858,81073,81085.43,0,0.4,12,ONE_POINT,100,100,RANDOM,0
125,12600,39.894997358322144,80959,80964.61,0,0.4,12,ONE_POINT,100,100,RANDOM,0
126,12700,40.23256468772888,80733,80743.18,0,0.4,12,ONE_POINT,100,100,RANDOM,0
127,12800,40.53957152366638,80477,80488.79,0,0.4,12,ONE_POINT,100,100,RANDOM,0
128,12900,40.826971769332886,80212,80222.6,0,0.4,12,ONE_POINT,100,100,RANDOM,0
129,13000,41.14776539802551,79862,79876.16,0,0.4,12,ONE_POINT,100,100,RANDOM,0
130,13100,41.465496301651,79639,79645.69,0,0.4,12,ONE_POINT,100,100,RANDOM,0
131,13200,41.790289640426636,79502,79524.56,0,0.4,12,ONE_POINT,100,100,RANDOM,0
132,13300,42.074342012405396,79362,79371.73,0,0.4,12,ONE_POINT,100,100,RANDOM,0
133,13400,42.36158227920532,79159,79169.44,0,0.4,12,ONE_POINT,100,100,RANDOM,0
134,13500,42.682427406311035,78970,78981.57,0,0.4,12,ONE_POINT,100,100,RANDOM,0
135,13600,42.97843074798584,78855,78864.63,0,0.4,12,ONE_POINT,100,100,RANDOM,0
136,13700,43.27278280258179,78608,78621.5,0,0.4,12,ONE_POINT,100,100,RANDOM,0
137,13800,43.58356213569641,78432,78439.28,0,0.4,12,ONE_POINT,100,100,RANDOM,0
138,13900,43.88670635223389,77961,77979.84,0,0.4,12,ONE_POINT,100,100,RANDOM,0
139,14000,44.19297122955322,77863,77890.86,0,0.4,12,ONE_POINT,100,100,RANDOM,0
140,14100,44.514280796051025,77780,77784.35,0,0.4,12,ONE_POINT,100,100,RANDOM,0
141,14200,44.84047031402588,77279,77357.5,0,0.4,12,ONE_POINT,100,100,RANDOM,0
142,14300,45.16664910316467,76975,76987.18,0,0.4,12,ONE_POINT,100,100,RANDOM,0
143,14400,45.47407555580139,76827,76837.12,0,0.4,12,ONE_POINT,100,100,RANDOM,0
144,14500,45.769142389297485,76578,76590.45,0,0.4,12,ONE_POINT,100,100,RANDOM,0
145,14600,46.11539602279663,76223,76237.23,0,0.4,12,ONE_POINT,100,100,RANDOM,0
146,14700,46.43711805343628,76043,76052.0,0,0.4,12,ONE_POINT,100,100,RANDOM,0
147,14800,46.77098751068115,75745,75756.79,0,0.4,12,ONE_POINT,100,100,RANDOM,0
148,14900,47.08989930152893,75376,75388.53,0,0.4,12,ONE_POINT,100,100,RANDOM,0
149,15000,47.396377086639404,75037,75053.14,0,0.4,12,ONE_POINT,100,100,RANDOM,0
150,15100,47.70790195465088,74865,74872.21,0,0.4,12,ONE_POINT,100,100,RANDOM,0
151,15200,48.064499616622925,74778,74783.22,0,0.4,12,ONE_POINT,100,100,RANDOM,0
152,15300,48.3682062625885,74621,74628.85,0,0.4,12,ONE_POINT,100,100,RANDOM,0
153,15400,48.676629066467285,74493,74498.67,0,0.4,12,ONE_POINT,100,100,RANDOM,0
154,15500,49.01410388946533,74305,74315.57,0,0.4,12,ONE_POINT,100,100,RANDOM,0
155,15600,49.38511323928833,74146,74163.75,0,0.4,12,ONE_POINT,100,100,RANDOM,0
156,15700,49.74546217918396,73886,73897.59,0,0.4,12,ONE_POINT,100,100,RANDOM,0
157,15800,50.05697441101074,73752,73787.61,0,0.4,12,ONE_POINT,100,100,RANDOM,0
158,15900,50.364869832992554,73569,73583.53,0,0.4,12,ONE_POINT,100,100,RANDOM,0
159,16000,50.6533899307251,73394,73402.48,0,0.4,12,ONE_POINT,100,100,RANDOM,0
160,16100,50.995657205581665,73246,73255.07,0,0.4,12,ONE_POINT,100,100,RANDOM,0
161,16200,51.31122279167175,73061,73079.28,0,0.4,12,ONE_POINT,100,100,RANDOM,0
162,16300,51.61806511878967,72782,72947.34,0,0.4,12,ONE_POINT,100,100,RANDOM,0
163,16400,51.909897565841675,72591,72604.52,0,0.4,12,ONE_POINT,100,100,RANDOM,0
164,16500,52.236624002456665,72439,72448.17,0,0.4,12,ONE_POINT,100,100,RANDOM,0
165,16600,52.558260679244995,72287,72296.21,0,0.4,12,ONE_POINT,100,100,RANDOM,0
166,16700,52.87328839302063,72170,72180.9,0,0.4,12,ONE_POINT,100,100,RANDOM,0
167,16800,53.15961956977844,72006,72014.24,0,0.4,12,ONE_POINT,100,100,RANDOM,0
168,16900,53.50050592422485,71929,71940.9,0,0.4,12,ONE_POINT,100,100,RANDOM,0
169,17000,53.801231384277344,71679,71685.47,0,0.4,12,ONE_POINT,100,100,RANDOM,0
170,17100,54.1433641910553,71574,71580.35,0,0.4,12,ONE_POINT,100,100,RANDOM,0
171,17200,54.48052144050598,71427,71438.58,0,0.4,12,ONE_POINT,100,100,RANDOM,0
172,17300,54.813764333724976,71197,71206.08,0,0.4,12,ONE_POINT,100,100,RANDOM,0
173,17400,55.10763955116272,71092,71101.98,0,0.4,12,ONE_POINT,100,100,RANDOM,0
174,17500,55.428874492645264,70955,70969.09,0,0.4,12,ONE_POINT,100,100,RANDOM,0
175,17600,55.75123929977417,70733,70742.41,0,0.4,12,ONE_POINT,100,100,RANDOM,0
176,17700,56.035186529159546,70525,70533.25,0,0.4,12,ONE_POINT,100,100,RANDOM,0
177,17800,56.35085439682007,70300,70309.98,0,0.4,12,ONE_POINT,100,100,RANDOM,0
178,17900,56.64361262321472,70215,70224.15,0,0.4,12,ONE_POINT,100,100,RANDOM,0
179,18000,56.9906587600708,70066,70071.96,0,0.4,12,ONE_POINT,100,100,RANDOM,0
180,18100,57.307398080825806,69881,69892.62,0,0.4,12,ONE_POINT,100,100,RANDOM,0
181,18200,57.64944362640381,69808,69812.31,0,0.4,12,ONE_POINT,100,100,RANDOM,0
182,18300,57.98709464073181,69595,69604.32,0,0.4,12,ONE_POINT,100,100,RANDOM,0
183,18400,58.32459735870361,69375,69420.42,0,0.4,12,ONE_POINT,100,100,RANDOM,0
184,18500,58.64749360084534,69149,69161.24,0,0.4,12,ONE_POINT,100,100,RANDOM,0
185,18600,58.93962836265564,68894,68904.2,0,0.4,12,ONE_POINT,100,100,RANDOM,0
186,18700,59.248345375061035,68713,68733.28,0,0.4,12,ONE_POINT,100,100,RANDOM,0
187,18800,59.58504056930542,68650,68658.46,0,0.4,12,ONE_POINT,100,100,RANDOM,0
188,18900,59.88031482696533,68505,68512.1,0,0.4,12,ONE_POINT,100,100,RANDOM,0
189,19000,60.16442012786865,68382,68390.68,0,0.4,12,ONE_POINT,100,100,RANDOM,0
190,19100,60.53014254570007,68270,68276.37,0,0.4,12,ONE_POINT,100,100,RANDOM,0
191,19200,60.84460377693176,67992,68007.02,0,0.4,12,ONE_POINT,100,100,RANDOM,0
192,19300,61.13571906089783,67868,67879.26,0,0.4,12,ONE_POINT,100,100,RANDOM,0
193,19400,61.45881700515747,67753,67773.28,0,0.4,12,ONE_POINT,100,100,RANDOM,0
194,19500,61.78990626335144,67452,67467.33,0,0.4,12,ONE_POINT,100,100,RANDOM,0
195,19600,62.10295248031616,67234,67247.02,0,0.4,12,ONE_POINT,100,100,RANDOM,0
196,19700,62.43643069267273,66832,66853.32,0,0.4,12,ONE_POINT,100,100,RANDOM,0
197,19800,62.751336336135864,66737,66742.7,0,0.4,12,ONE_POINT,100,100,RANDOM,0
198,19900,63.04533410072327,66568,66579.96,0,0.4,12,ONE_POINT,100,100,RANDOM,0
199,20000,63.35857892036438,66448,66456.01,0,0.4,12,ONE_POINT,100,100,RANDOM,0
200,20100,63.66345191001892,66304,66311.21,0,0.4,12,ONE_POINT,100,100,RANDOM,0
201,20200,64.00653052330017,66172,66183.48,0,0.4,12,ONE_POINT,100,100,RANDOM,0
202,20300,64.35489511489868,65982,65994.7,0,0.4,12,ONE_POINT,100,100,RANDOM,0
203,20400,64.7120885848999,65763,65772.45,0,0.4,12,ONE_POINT,100,100,RANDOM,0
204,20500,65.06074237823486,65609,65618.24,0,0.4,12,ONE_POINT,100,100,RANDOM,0
205,20600,65.39402413368225,65421,65428.37,0,0.4,12,ONE_POINT,100,100,RANDOM,0
206,20700,65.72250008583069,65250,65258.68,0,0.4,12,ONE_POINT,100,100,RANDOM,0
207,20800,66.02463603019714,65184,65190.76,0,0.4,12,ONE_POINT,100,100,RANDOM,0
208,20900,66.35574913024902,65072,65080.77,0,0.4,12,ONE_POINT,100,100,RANDOM,0
209,21000,66.7055389881134,64955,64963.8,0,0.4,12,ONE_POINT,100,100,RANDOM,0
210,21100,67.04703831672668,64674,64693.29,0,0.4,12,ONE_POINT,100,100,RANDOM,0
211,21200,67.36966109275818,64552,64559.52,0,0.4,12,ONE_POINT,100,100,RANDOM,0
212,21300,67.700688123703,64334,64347.2,0,0.4,12,ONE_POINT,100,100,RANDOM,0
213,21400,68.02880024909973,64231,64332.44,0,0.4,12,ONE_POINT,100,100,RANDOM,0
214,21500,68.36894583702087,64131,64136.94,0,0.4,12,ONE_POINT,100,100,RANDOM,0
215,21600,68.6603889465332,63991,63999.86,0,0.4,12,ONE_POINT,100,100,RANDOM,0
216,21700,68.95811581611633,63838,63860.02,0,0.4,12,ONE_POINT,100,100,RANDOM,0
217,21800,69.29057168960571,63728,63736.03,0,0.4,12,ONE_POINT,100,100,RANDOM,0
218,21900,69.62285304069519,63494,63516.58,0,0.4,12,ONE_POINT,100,100,RANDOM,0
219,22000,69.94697380065918,63338,63347.36,0,0.4,12,ONE_POINT,100,100,RANDOM,0
220,22100,70.26938819885254,63219,63228.99,0,0.4,12,ONE_POINT,100,100,RANDOM,0
221,22200,70.59688949584961,63103,63111.73,0,0.4,12,ONE_POINT,100,100,RANDOM,0
222,22300,70.93575358390808,62980,62987.38,0,0.4,12,ONE_POINT,100,100,RANDOM,0
223,22400,71.28220272064209,62776,62790.86,0,0.4,12,ONE_POINT,100,100,RANDOM,0
224,22500,71.58200168609619,62676,62684.5,0,0.4,12,ONE_POINT,100,100,RANDOM,0
225,22600,71.91293954849243,62580,62585.76,0,0.4,12,ONE_POINT,100,100,RANDOM,0
226,22700,72.24193120002747,62425,62431.22,0,0.4,12,ONE_POINT,100,100,RANDOM,0
227,22800,72.58987355232239,62328,62336.54,0,0.4,12,ONE_POINT,100,100,RANDOM,0
228,22900,72.92364454269409,62205,62214.49,0,0.4,12,ONE_POINT,100,100,RANDOM,0
229,23000,73.24174690246582,62174,62181.39,0,0.4,12,ONE_POINT,100,100,RANDOM,0
230,23100,73.55222749710083,62085,62092.94,0,0.4,12,ONE_POINT,100,100,RANDOM,0
231,23200,73.86322093009949,61914,61925.64,0,0.4,12,ONE_POINT,100,100,RANDOM,0
232,23300,74.19735717773438,61756,61769.01,0,0.4,12,ONE_POINT,100,100,RANDOM,0
233,23400,74.50399541854858,61657,61662.94,0,0.4,12,ONE_POINT,100,100,RANDOM,0
234,23500,74.82697224617004,61479,61487.58,0,0.4,12,ONE_POINT,100,100,RANDOM,0
235,23600,75.13872861862183,61290,61301.26,0,0.4,12,ONE_POINT,100,100,RANDOM,0
236,23700,75.44853925704956,61250,61254.11,0,0.4,12,ONE_POINT,100,100,RANDOM,0
237,23800,75.7560362815857,61164,61170.02,0,0.4,12,ONE_POINT,100,100,RANDOM,0
238,23900,76.07489395141602,61114,61121.84,0,0.4,12,ONE_POINT,100,100,RANDOM,0
239,24000,76.37092065811157,61002,61005.8,0,0.4,12,ONE_POINT,100,100,RANDOM,0
240,24100,76.69968295097351,60915,60923.25,0,0.4,12,ONE_POINT,100,100,RANDOM,0
241,24200,77.03102827072144,60768,60777.69,0,0.4,12,ONE_POINT,100,100,RANDOM,0
242,24300,77.3338143825531,60662,60673.67,0,0.4,12,ONE_POINT,100,100,RANDOM,0
243,24400,77.63594341278076,60605,60621.85,0,0.4,12,ONE_POINT,100,100,RANDOM,0
244,24500,77.9263243675232,60468,60475.42,0,0.4,12,ONE_POINT,100,100,RANDOM,0
245,24600,78.26123571395874,60407,60447.9,0,0.4,12,ONE_POINT,100,100,RANDOM,0
246,24700,78.55356311798096,60153,60165.7,0,0.4,12,ONE_POINT,100,100,RANDOM,0
247,24800,78.8756673336029,59946,59953.51,0,0.4,12,ONE_POINT,100,100,RANDOM,0
248,24900,79.19707012176514,59815,59823.32,0,0.4,12,ONE_POINT,100,100,RANDOM,0
249,25000,79.50159311294556,59711,59733.46,0,0.4,12,ONE_POINT,100,100,RANDOM,0
250,25100,79.81805467605591,59365,59378.84,0,0.4,12,ONE_POINT,100,100,RANDOM,0
251,25200,80.1305742263794,59248,59260.99,0,0.4,12,ONE_POINT,100,100,RANDOM,0
252,25300,80.45133304595947,59158,59195.55,0,0.4,12,ONE_POINT,100,100,RANDOM,0
253,25400,80.75220346450806,59007,59016.97,0,0.4,12,ONE_POINT,100,100,RANDOM,0
254,25500,81.11008477210999,58897,58905.15,0,0.4,12,ONE_POINT,100,100,RANDOM,0
255,25600,81.4195466041565,58757,58766.5,0,0.4,12,ONE_POINT,100,100,RANDOM,0
256,25700,81.76116275787354,58589,58597.4,0,0.4,12,ONE_POINT,100,100,RANDOM,0
257,25800,82.04895067214966,58520,58527.89,0,0.4,12,ONE_POINT,100,100,RANDOM,0
258,25900,82.33592486381531,58364,58373.28,0,0.4,12,ONE_POINT,100,100,RANDOM,0
259,26000,82.64046144485474,58285,58289.74,0,0.4,12,ONE_POINT,100,100,RANDOM,0
260,26100,82.95459127426147,58171,58180.32,0,0.4,12,ONE_POINT,100,100,RANDOM,0
261,26200,83.2806990146637,58074,58082.2,0,0.4,12,ONE_POINT,100,100,RANDOM,0
262,26300,83.577228307724,57990,57996.72,0,0.4,12,ONE_POINT,100,100,RANDOM,0
263,26400,83.8681058883667,57869,57876.26,0,0.4,12,ONE_POINT,100,100,RANDOM,0
264,26500,84.20003604888916,57797,57803.09,0,0.4,12,ONE_POINT,100,100,RANDOM,0
265,26600,84.52906036376953,57656,57663.59,0,0.4,12,ONE_POINT,100,100,RANDOM,0
266,26700,84.8458456993103,57592,57648.98,0,0.4,12,ONE_POINT,100,100,RANDOM,0
267,26800,85.17025184631348,57496,57609.23,0,0.4,12,ONE_POINT,100,100,RANDOM,0
268,26900,85.50026559829712,57402,57405.97,0,0.4,12,ONE_POINT,100,100,RANDOM,0
269,27000,85.80373358726501,57313,57318.34,0,0.4,12,ONE_POINT,100,100,RANDOM,0
270,27100,86.09519696235657,57166,57178.22,0,0.4,12,ONE_POINT,100,100,RANDOM,0
271,27200,86.42483687400818,57018,57026.96,0,0.4,12,ONE_POINT,100,100,RANDOM,0
272,27300,86.74786019325256,56864,56873.43,0,0.4,12,ONE_POINT,100,100,RANDOM,0
273,27400,87.07408499717712,56753,56761.88,0,0.4,12,ONE_POINT,100,100,RANDOM,0
274,27500,87.41317820549011,56721,56732.72,0,0.4,12,ONE_POINT,100,100,RANDOM,0
275,27600,87.73211145401001,56523,56533.63,0,0.4,12,ONE_POINT,100,100,RANDOM,0
276,27700,88.03607034683228,56401,56409.54,0,0.4,12,ONE_POINT,100,100,RANDOM,0
277,27800,88.35721564292908,56291,56299.87,0,0.4,12,ONE_POINT,100,100,RANDOM,0
278,27900,88.6613438129425,56190,56201.75,0,0.4,12,ONE_POINT,100,100,RANDOM,0
279,28000,88.97671866416931,56113,56127.4,0,0.4,12,ONE_POINT,100,100,RANDOM,0
280,28100,89.2961106300354,55986,55994.46,0,0.4,12,ONE_POINT,100,100,RANDOM,0
281,28200,89.62247681617737,55920,55926.45,0,0.4,12,ONE_POINT,100,100,RANDOM,0
282,28300,89.94998741149902,55787,55795.57,0,0.4,12,ONE_POINT,100,100,RANDOM,0
283,28400,90.29721879959106,55649,55657.39,0,0.4,12,ONE_POINT,100,100,RANDOM,0
284,28500,90.64004397392273,55368,55379.24,0,0.4,12,ONE_POINT,100,100,RANDOM,0
285,28600,90.93524599075317,55265,55395.37,0,0.4,12,ONE_POINT,100,100,RANDOM,0
286,28700,91.25478196144104,55174,55266.23,0,0.4,12,ONE_POINT,100,100,RANDOM,0
287,28800,91.59210133552551,55005,55016.22,0,0.4,12,ONE_POINT,100,100,RANDOM,0
288,28900,91.91148161888123,54907,54913.25,0,0.4,12,ONE_POINT,100,100,RANDOM,0
289,29000,92.2240788936615,54802,54822.61,0,0.4,12,ONE_POINT,100,100,RANDOM,0
290,29100,92.54710865020752,54665,54739.32,0,0.4,12,ONE_POINT,100,100,RANDOM,0
291,29200,92.9007875919342,54444,54566.46,0,0.4,12,ONE_POINT,100,100,RANDOM,0
292,29300,93.2375054359436,54286,54303.43,0,0.4,12,ONE_POINT,100,100,RANDOM,0
293,29400,93.55020070075989,54213,54218.11,0,0.4,12,ONE_POINT,100,100,RANDOM,0
294,29500,93.87567615509033,54143,54149.03,0,0.4,12,ONE_POINT,100,100,RANDOM,0
295,29600,94.22559070587158,54041,54048.44,0,0.4,12,ONE_POINT,100,100,RANDOM,0
296,29700,94.54094815254211,53935,53942.88,0,0.4,12,ONE_POINT,100,100,RANDOM,0
297,29800,94.87474083900452,53848,53917.97,0,0.4,12,ONE_POINT,100,100,RANDOM,0
298,29900,95.2071590423584,53594,53604.16,0,0.4,12,ONE_POINT,100,100,RANDOM,0
299,30000,95.56161451339722,53490,53500.66,0,0.4,12,ONE_POINT,100,100,RANDOM,0
300,30100,95.90322208404541,53439,53443.34,0,0.4,12,ONE_POINT,100,100,RANDOM,0
301,30200,96.20464658737183,53392,53397.27,0,0.4,12,ONE_POINT,100,100,RANDOM,0
302,30300,96.53057193756104,53328,53393.2,0,0.4,12,ONE_POINT,100,100,RANDOM,0
303,30400,96.87611722946167,53270,53275.49,0,0.4,12,ONE_POINT,100,100,RANDOM,0
304,30500,97.21365189552307,53169,53253.37,0,0.4,12,ONE_POINT,100,100,RANDOM,0
305,30600,97.56149387359619,53097,53101.99,0,0.4,12,ONE_POINT,100,100,RANDOM,0
306,30700,97.90228962898254,52991,53013.21,0,0.4,12,ONE_POINT,100,100,RANDOM,0
307,30800,98.23622155189514,52936,52942.7,0,0.4,12,ONE_POINT,100,100,RANDOM,0
308,30900,98.53018879890442,52775,52808.05,0,0.4,12,ONE_POINT,100,100,RANDOM,0
309,31000,98.81904482841492,52681,52695.43,0,0.4,12,ONE_POINT,100,100,RANDOM,0
310,31100,99.1294732093811,52617,52621.63,0,0.4,12,ONE_POINT,100,100,RANDOM,0
311,31200,99.46541142463684,52531,52539.54,0,0.4,12,ONE_POINT,100,100,RANDOM,0
312,31300,99.77481341362,52421,52508.85,0,0.4,12,ONE_POINT,100,100,RANDOM,0
313,31400,100.07302951812744,52366,52370.6,0,0.4,12,ONE_POINT,100,100,RANDOM,0
314,31500,100.38326930999756,52271,52281.26,0,0.4,12,ONE_POINT,100,100,RANDOM,0
315,31600,100.70551872253418,52180,52186.41,0,0.4,12,ONE_POINT,100,100,RANDOM,0
316,31700,101.02778434753418,52129,52135.37,0,0.4,12,ONE_POINT,100,100,RANDOM,0
317,31800,101.3460693359375,51871,51887.57,0,0.4,12,ONE_POINT,100,100,RANDOM,0
318,31900,101.65859484672546,51801,51806.19,0,0.4,12,ONE_POINT,100,100,RANDOM,0
319,32000,101.97044706344604,51523,51539.68,0,0.4,12,ONE_POINT,100,100,RANDOM,0
320,32100,102.30346465110779,51427,51512.34,0,0.4,12,ONE_POINT,100,100,RANDOM,0
321,32200,102.64190936088562,51363,51372.55,0,0.4,12,ONE_POINT,100,100,RANDOM,0
322,32300,102.98336815834045,51196,51202.98,0,0.4,12,ONE_POINT,100,100,RANDOM,0
323,32400,103.30650186538696,51156,51277.58,0,0.4,12,ONE_POINT,100,100,RANDOM,0
324,32500,103.60226082801819,50995,51002.31,0,0.4,12,ONE_POINT,100,100,RANDOM,0
325,32600,103.91958999633789,50934,50939.05,0,0.4,12,ONE_POINT,100,100,RANDOM,0
326,32700,104.24439334869385,50882,50926.44,0,0.4,12,ONE_POINT,100,100,RANDOM,0
327,32800,104.58777475357056,50827,50831.4,0,0.4,12,ONE_POINT,100,100,RANDOM,0
328,32900,104.88701391220093,50796,50935.22,0,0.4,12,ONE_POINT,100,100,RANDOM,0
329,33000,105.21938896179199,50759,50772.77,0,0.4,12,ONE_POINT,100,100,RANDOM,0
330,33100,105.50944352149963,50711,50715.29,0,0.4,12,ONE_POINT,100,100,RANDOM,0
331,33200,105.8221185207367,50638,50643.48,0,0.4,12,ONE_POINT,100,100,RANDOM,0
332,33300,106.16225147247314,50583,50600.13,0,0.4,12,ONE_POINT,100,100,RANDOM,0
333,33400,106.46559405326843,50549,50554.53,0,0.4,12,ONE_POINT,100,100,RANDOM,0
334,33500,106.7720251083374,50474,50478.5,0,0.4,12,ONE_POINT,100,100,RANDOM,0
335,33600,107.11865186691284,50410,50415.79,0,0.4,12,ONE_POINT,100,100,RANDOM,0
336,33700,107.46222805976868,50383,50387.63,0,0.4,12,ONE_POINT,100,100,RANDOM,0
337,33800,107.77034854888916,50268,50284.79,0,0.4,12,ONE_POINT,100,100,RANDOM,0
338,33900,108.06245183944702,50175,50188.71,0,0.4,12,ONE_POINT,100,100,RANDOM,0
339,34000,108.38608360290527,50052,50063.73,0,0.4,12,ONE_POINT,100,100,RANDOM,0
340,34100,108.67799115180969,50013,50021.0,0,0.4,12,ONE_POINT,100,100,RANDOM,0
341,34200,108.97372078895569,49870,49882.95,0,0.4,12,ONE_POINT,100,100,RANDOM,0
342,34300,109.27086877822876,49805,49815.67,0,0.4,12,ONE_POINT,100,100,RANDOM,0
343,34400,109.56135702133179,49763,49767.91,0,0.4,12,ONE_POINT,100,100,RANDOM,0
344,34500,109.86519074440002,49718,49722.94,0,0.4,12,ONE_POINT,100,100,RANDOM,0
345,34600,110.17688846588135,49651,49663.82,0,0.4,12,ONE_POINT,100,100,RANDOM,0
346,34700,110.50033187866211,49584,49589.36,0,0.4,12,ONE_POINT,100,100,RANDOM,0
347,34800,110.8104898929596,49503,49507.1,0,0.4,12,ONE_POINT,100,100,RANDOM,0
348,34900,111.11416006088257,49428,49432.49,0,0.4,12,ONE_POINT,100,100,RANDOM,0
349,35000,111.43557238578796,49316,49324.36,0,0.4,12,ONE_POINT,100,100,RANDOM,0
350,35100,111.7698929309845,49247,49253.64,0,0.4,12,ONE_POINT,100,100,RANDOM,0
351,35200,112.09719705581665,49202,49224.0,0,0.4,12,ONE_POINT,100,100,RANDOM,0
352,35300,112.4121208190918,48897,48908.78,0,0.4,12,ONE_POINT,100,100,RANDOM,0
353,35400,112.7243914604187,48855,48859.57,0,0.4,12,ONE_POINT,100,100,RANDOM,0
354,35500,113.07414722442627,48730,48747.8,0,0.4,12,ONE_POINT,100,100,RANDOM,0
355,35600,113.43666791915894,48673,48678.33,0,0.4,12,ONE_POINT,100,100,RANDOM,0
356,35700,113.75018906593323,48561,48567.79,0,0.4,12,ONE_POINT,100,100,RANDOM,0
357,35800,114.11318397521973,48506,48515.43,0,0.4,12,ONE_POINT,100,100,RANDOM,0
358,35900,114.39644241333008,48408,48414.9,0,0.4,12,ONE_POINT,100,100,RANDOM,0
359,36000,114.70889115333557,48318,48325.81,0,0.4,12,ONE_POINT,100,100,RANDOM,0
360,36100,115.06257319450378,48276,48282.21,0,0.4,12,ONE_POINT,100,100,RANDOM,0
361,36200,115.36594605445862,48254,48258.33,0,0.4,12,ONE_POINT,100,100,RANDOM,0
362,36300,115.68353509902954,48190,48196.66,0,0.4,12,ONE_POINT,100,100,RANDOM,0
363,36400,116.01916074752808,48124,48129.26,0,0.4,12,ONE_POINT,100,100,RANDOM,0
364,36500,116.33610391616821,48067,48071.56,0,0.4,12,ONE_POINT,100,100,RANDOM,0
365,36600,116.62735962867737,48011,48123.21,0,0.4,12,ONE_POINT,100,100,RANDOM,0
366,36700,116.93920731544495,47938,47944.63,0,0.4,12,ONE_POINT,100,100,RANDOM,0
367,36800,117.28418731689453,47883,47886.85,0,0.4,12,ONE_POINT,100,100,RANDOM,0
368,36900,117.61025166511536,47832,47837.21,0,0.4,12,ONE_POINT,100,100,RANDOM,0
369,37000,117.90389466285706,47790,47794.23,0,0.4,12,ONE_POINT,100,100,RANDOM,0
370,37100,118.20872521400452,47751,47753.82,0,0.4,12,ONE_POINT,100,100,RANDOM,0
371,37200,118.54138350486755,47686,47693.38,0,0.4,12,ONE_POINT,100,100,RANDOM,0
372,37300,118.84299492835999,47659,47663.05,0,0.4,12,ONE_POINT,100,100,RANDOM,0
373,37400,119.13425922393799,47625,47627.79,0,0.4,12,ONE_POINT,100,100,RANDOM,0
374,37500,119.45992302894592,47591,47594.93,0,0.4,12,ONE_POINT,100,100,RANDOM,0
375,37600,119.76687264442444,47549,47553.33,0,0.4,12,ONE_POINT,100,100,RANDOM,0
376,37700,120.05756282806396,47510,47515.23,0,0.4,12,ONE_POINT,100,100,RANDOM,0
377,37800,120.35125923156738,47460,47465.24,0,0.4,12,ONE_POINT,100,100,RANDOM,0
378,37900,120.67908430099487,47394,47400.91,0,0.4,12,ONE_POINT,100,100,RANDOM,0
379,38000,120.97163724899292,47316,47324.09,0,0.4,12,ONE_POINT,100,100,RANDOM,0
380,38100,121.26319718360901,47197,47215.73,0,0.4,12,ONE_POINT,100,100,RANDOM,0
381,38200,121.56641340255737,47136,47140.37,0,0.4,12,ONE_POINT,100,100,RANDOM,0
382,38300,121.90607762336731,47053,47056.32,0,0.4,12,ONE_POINT,100,100,RANDOM,0
383,38400,122.21951198577881,46969,46987.82,0,0.4,12,ONE_POINT,100,100,RANDOM,0
384,38500,122.50969171524048,46901,46909.56,0,0.4,12,ONE_POINT,100,100,RANDOM,0
385,38600,122.84513688087463,46835,46845.89,0,0.4,12,ONE_POINT,100,100,RANDOM,0
386,38700,123.14896392822266,46709,46722.42,0,0.4,12,ONE_POINT,100,100,RANDOM,0
387,38800,123.47205400466919,46649,46653.45,0,0.4,12,ONE_POINT,100,100,RANDOM,0
388,38900,123.7632200717926,46601,46606.48,0,0.4,12,ONE_POINT,100,100,RANDOM,0
389,39000,124.109938621521,46520,46528.8,0,0.4,12,ONE_POINT,100,100,RANDOM,0
390,39100,124.40148258209229,46456,46461.11,0,0.4,12,ONE_POINT,100,100,RANDOM,0
391,39200,124.73473167419434,46325,46333.78,0,0.4,12,ONE_POINT,100,100,RANDOM,0
392,39300,125.07708716392517,46256,46261.52,0,0.4,12,ONE_POINT,100,100,RANDOM,0
393,39400,125.37789034843445,46249,46252.76,0,0.4,12,ONE_POINT,100,100,RANDOM,0
394,39500,125.70090746879578,46219,46223.15,0,0.4,12,ONE_POINT,100,100,RANDOM,0
395,39600,126.02917098999023,46183,46192.46,0,0.4,12,ONE_POINT,100,100,RANDOM,0
396,39700,126.32980513572693,46155,46157.8,0,0.4,12,ONE_POINT,100,100,RANDOM,0
397,39800,126.63390350341797,46111,46114.52,0,0.4,12,ONE_POINT,100,100,RANDOM,0
398,39900,126.94173812866211,46043,46050.59,0,0.4,12,ONE_POINT,100,100,RANDOM,0
399,40000,127.2704770565033,45945,45957.69,0,0.4,12,ONE_POINT,100,100,RANDOM,0
400,40100,127.61352753639221,45883,45886.72,0,0.4,12,ONE_POINT,100,100,RANDOM,0
401,40200,127.96141648292542,45827,45831.41,0,0.4,12,ONE_POINT,100,100,RANDOM,0
402,40300,128.32562971115112,45778,45884.99,0,0.4,12,ONE_POINT,100,100,RANDOM,0
403,40400,128.66686940193176,45759,45764.85,0,0.4,12,ONE_POINT,100,100,RANDOM,0
404,40500,129.01172065734863,45723,45794.67,0,0.4,12,ONE_POINT,100,100,RANDOM,0
405,40600,129.35910725593567,45667,45672.52,0,0.4,12,ONE_POINT,100,100,RANDOM,0
406,40700,129.72059512138367,45525,45533.52,0,0.4,12,ONE_POINT,100,100,RANDOM,0
407,40800,130.04729557037354,45484,45488.09,0,0.4,12,ONE_POINT,100,100,RANDOM,0
408,40900,130.36092829704285,45430,45435.03,0,0.4,12,ONE_POINT,100,100,RANDOM,0
409,41000,130.7033350467682,45357,45364.88,0,0.4,12,ONE_POINT,100,100,RANDOM,0
410,41100,131.0305700302124,45269,45278.21,0,0.4,12,ONE_POINT,100,100,RANDOM,0
411,41200,131.33566451072693,45259,45263.32,0,0.4,12,ONE_POINT,100,100,RANDOM,0
412,41300,131.64346480369568,45222,45232.99,0,0.4,12,ONE_POINT,100,100,RANDOM,0
413,41400,131.97089743614197,45028,45038.58,0,0.4,12,ONE_POINT,100,100,RANDOM,0
414,41500,132.26328468322754,44837,44850.86,0,0.4,12,ONE_POINT,100,100,RANDOM,0
415,41600,132.62879514694214,44806,44810.36,0,0.4,12,ONE_POINT,100,100,RANDOM,0
416,41700,132.9133117198944,44773,44775.88,0,0.4,12,ONE_POINT,100,100,RANDOM,0
417,41800,133.2243936061859,44722,44725.9,0,0.4,12,ONE_POINT,100,100,RANDOM,0
418,41900,133.56567311286926,44688,44692.13,0,0.4,12,ONE_POINT,100,100,RANDOM,0
419,42000,133.8661072254181,44625,44680.22,0,0.4,12,ONE_POINT,100,100,RANDOM,0
420,42100,134.21473264694214,44589,44602.59,0,0.4,12,ONE_POINT,100,100,RANDOM,0
421,42200,134.56386184692383,44471,44484.77,0,0.4,12,ONE_POINT,100,100,RANDOM,0
422,42300,134.88535976409912,44393,44400.97,0,0.4,12,ONE_POINT,100,100,RANDOM,0
423,42400,135.17627787590027,44369,44373.04,0,0.4,12,ONE_POINT,100,100,RANDOM,0
424,42500,135.5099277496338,44348,44350.14,0,0.4,12,ONE_POINT,100,100,RANDOM,0
425,42600,135.84879279136658,44277,44286.08,0,0.4,12,ONE_POINT,100,100,RANDOM,0
426,42700,136.15926218032837,44211,44217.76,0,0.4,12,ONE_POINT,100,100,RANDOM,0
427,42800,136.44787764549255,44202,44292.14,0,0.4,12,ONE_POINT,100,100,RANDOM,0
428,42900,136.76794028282166,44188,44189.72,0,0.4,12,ONE_POINT,100,100,RANDOM,0
429,43000,137.07504510879517,44102,44112.63,0,0.4,12,ONE_POINT,100,100,RANDOM,0
430,43100,137.40733766555786,44044,44048.64,0,0.4,12,ONE_POINT,100,100,RANDOM,0
431,43200,137.71884751319885,43979,43984.78,0,0.4,12,ONE_POINT,100,100,RANDOM,0
432,43300,138.03190755844116,43890,43895.34,0,0.4,12,ONE_POINT,100,100,RANDOM,0
433,43400,138.36288356781006,43845,43850.88,0,0.4,12,ONE_POINT,100,100,RANDOM,0
434,43500,138.69450759887695,43804,43808.43,0,0.4,12,ONE_POINT,100,100,RANDOM,0
435,43600,139.0264117717743,43747,43753.7,0,0.4,12,ONE_POINT,100,100,RANDOM,0
436,43700,139.35074853897095,43710,43716.56,0,0.4,12,ONE_POINT,100,100,RANDOM,0
437,43800,139.69377636909485,43661,43666.36,0,0.4,12,ONE_POINT,100,100,RANDOM,0
438,43900,140.0136444568634,43627,43630.09,0,0.4,12,ONE_POINT,100,100,RANDOM,0
439,44000,140.31645250320435,43574,43578.44,0,0.4,12,ONE_POINT,100,100,RANDOM,0
440,44100,140.6218385696411,43523,43576.38,0,0.4,12,ONE_POINT,100,100,RANDOM,0
441,44200,140.95778942108154,43496,43500.67,0,0.4,12,ONE_POINT,100,100,RANDOM,0
442,44300,141.24758648872375,43408,43462.19,0,0.4,12,ONE_POINT,100,100,RANDOM,0
443,44400,141.5537281036377,43381,43385.04,0,0.4,12,ONE_POINT,100,100,RANDOM,0
444,44500,141.85601139068604,43273,43280.5,0,0.4,12,ONE_POINT,100,100,RANDOM,0
445,44600,142.1883134841919,43225,43229.86,0,0.4,12,ONE_POINT,100,100,RANDOM,0
446,44700,142.5240020751953,43145,43153.35,0,0.4,12,ONE_POINT,100,100,RANDOM,0
447,44800,142.85355830192566,43114,43134.68,0,0.4,12,ONE_POINT,100,100,RANDOM,0
448,44900,143.19661617279053,43085,43088.77,0,0.4,12,ONE_POINT,100,100,RANDOM,0
449,45000,143.54690051078796,43054,43059.52,0,0.4,12,ONE_POINT,100,100,RANDOM,0
450,45100,143.8693573474884,43015,43020.29,0,0.4,12,ONE_POINT,100,100,RANDOM,0
451,45200,144.18939900398254,42996,42998.93,0,0.4,12,ONE_POINT,100,100,RANDOM,0
452,45300,144.48077750205994,42941,42945.59,0,0.4,12,ONE_POINT,100,100,RANDOM,0
453,45400,144.8164758682251,42930,42932.55,0,0.4,12,ONE_POINT,100,100,RANDOM,0
454,45500,145.12481570243835,42903,42905.81,0,0.4,12,ONE_POINT,100,100,RANDOM,0
455,45600,145.49189376831055,42867,42903.5,0,0.4,12,ONE_POINT,100,100,RANDOM,0
456,45700,145.8101921081543,42814,42818.17,0,0.4,12,ONE_POINT,100,100,RANDOM,0
457,45800,146.13695335388184,42763,42771.71,0,0.4,12,ONE_POINT,100,100,RANDOM,0
458,45900,146.43081188201904,42697,42708.12,0,0.4,12,ONE_POINT,100,100,RANDOM,0
459,46000,146.7504699230194,42666,42669.99,0,0.4,12,ONE_POINT,100,100,RANDOM,0
460,46100,147.0959689617157,42630,42634.64,0,0.4,12,ONE_POINT,100,100,RANDOM,0
461,46200,147.4066379070282,42584,42589.84,0,0.4,12,ONE_POINT,100,100,RANDOM,0
462,46300,147.72774291038513,42510,42519.12,0,0.4,12,ONE_POINT,100,100,RANDOM,0
463,46400,148.05760288238525,42454,42458.68,0,0.4,12,ONE_POINT,100,100,RANDOM,0
464,46500,148.3668212890625,42427,42430.49,0,0.4,12,ONE_POINT,100,100,RANDOM,0
465,46600,148.70617270469666,42392,42397.07,0,0.4,12,ONE_POINT,100,100,RANDOM,0
466,46700,149.03646779060364,42354,42360.0,0,0.4,12,ONE_POINT,100,100,RANDOM,0
467,46800,149.36662125587463,42275,42282.53,0,0.4,12,ONE_POINT,100,100,RANDOM,0
468,46900,149.7107231616974,42211,42216.93,0,0.4,12,ONE_POINT,100,100,RANDOM,0
469,47000,150.00775384902954,42157,42242.55,0,0.4,12,ONE_POINT,100,100,RANDOM,0
470,47100,150.29985857009888,42077,42086.11,0,0.4,12,ONE_POINT,100,100,RANDOM,0
471,47200,150.6320881843567,42021,42036.0,0,0.4,12,ONE_POINT,100,100,RANDOM,0
472,47300,150.95279598236084,41989,41992.11,0,0.4,12,ONE_POINT,100,100,RANDOM,0
473,47400,151.23899173736572,41959,41962.02,0,0.4,12,ONE_POINT,100,100,RANDOM,0
474,47500,151.52862977981567,41896,41906.94,0,0.4,12,ONE_POINT,100,100,RANDOM,0
475,47600,151.8581042289734,41852,41855.52,0,0.4,12,ONE_POINT,100,100,RANDOM,0
476,47700,152.1646797657013,41831,41837.82,0,0.4,12,ONE_POINT,100,100,RANDOM,0
477,47800,152.4546868801117,41792,41796.69,0,0.4,12,ONE_POINT,100,100,RANDOM,0
478,47900,152.74918675422668,41754,41763.24,0,0.4,12,ONE_POINT,100,100,RANDOM,0
479,48000,153.10700058937073,41722,41728.03,0,0.4,12,ONE_POINT,100,100,RANDOM,0
480,48100,153.40462923049927,41681,41696.32,0,0.4,12,ONE_POINT,100,100,RANDOM,0
481,48200,153.73760771751404,41566,41573.41,0,0.4,12,ONE_POINT,100,100,RANDOM,0
482,48300,154.0499768257141,41519,41525.73,0,0.4,12,ONE_POINT,100,100,RANDOM,0
483,48400,154.37469577789307,41508,41509.56,0,0.4,12,ONE_POINT,100,100,RANDOM,0
484,48500,154.69111728668213,41452,41461.79,0,0.4,12,ONE_POINT,100,100,RANDOM,0
485,48600,155.06808924674988,41420,41443.48,0,0.4,12,ONE_POINT,100,100,RANDOM,0
486,48700,155.3710741996765,41370,41397.36,0,0.4,12,ONE_POINT,100,100,RANDOM,0
487,48800,155.72610521316528,41331,41334.19,0,0.4,12,ONE_POINT,100,100,RANDOM,0
488,48900,156.06192445755005,41308,41311.56,0,0.4,12,ONE_POINT,100,100,RANDOM,0
489,49000,156.3634421825409,41271,41275.09,0,0.4,12,ONE_POINT,100,100,RANDOM,0
490,49100,156.6795642375946,41248,41250.43,0,0.4,12,ONE_POINT,100,100,RANDOM,0
491,49200,156.99939560890198,41205,41324.92,0,0.4,12,ONE_POINT,100,100,RANDOM,0
492,49300,157.32634973526,41180,41277.21,0,0.4,12,ONE_POINT,100,100,RANDOM,0
493,49400,157.67527651786804,41141,41144.37,0,0.4,12,ONE_POINT,100,100,RANDOM,0
494,49500,157.97085523605347,41127,41223.38,0,0.4,12,ONE_POINT,100,100,RANDOM,0
495,49600,158.28247451782227,41062,41263.65,0,0.4,12,ONE_POINT,100,100,RANDOM,0
496,49700,158.60323119163513,41027,41034.23,0,0.4,12,ONE_POINT,100,100,RANDOM,0
497,49800,158.91345810890198,40991,40996.32,0,0.4,12,ONE_POINT,100,100,RANDOM,0
498,49900,159.2007031440735,40974,40977.84,0,0.4,12,ONE_POINT,100,100,RANDOM,0
499,50000,159.50906944274902,40885,40894.97,0,0.4,12,ONE_POINT,100,100,RANDOM,0
500,50100,159.82555532455444,40779,40819.92,0,0.4,12,ONE_POINT,100,100,RANDOM,0
1,200,0.234116792678833,136536,135070.4,0,0.4,12,ONE_POINT,100,100,RANDOM,1
2,300,0.556830644607544,133700,133731.16,0,0.4,12,ONE_POINT,100,100,RANDOM,1
3,400,0.8555469512939453,132311,132332.96,0,0.4,12,ONE_POINT,100,100,RANDOM,1
4,500,1.1858632564544678,131546,131561.3,0,0.4,12,ONE_POINT,100,100,RANDOM,1
5,600,1.5533099174499512,130675,130692.42,0,0.4,12,ONE_POINT,100,100,RANDOM,1
6,700,1.8708562850952148,129915,129930.2,0,0.4,12,ONE_POINT,100,100,RANDOM,1
7,800,2.198258876800537,129588,129601.55,0,0.4,12,ONE_POINT,100,100,RANDOM,1
8,900,2.525106191635132,129241,129251.28,0,0.4,12,ONE_POINT,100,100,RANDOM,1
9,1000,2.873802423477173,128508,128530.19,0,0.4,12,ONE_POINT,100,100,RANDOM,1
10,1100,3.1612844467163086,127733,127756.84,0,0.4,12,ONE_POINT,100,100,RANDOM,1
11,1200,3.4810194969177246,127206,127217.8,0,0.4,12,ONE_POINT,100,100,RANDOM,1
12,1300,3.7839996814727783,126744,126749.78,0,0.4,12,ONE_POINT,100,100,RANDOM,1
13,1400,4.090793609619141,126259,126268.03,0,0.4,12,ONE_POINT,100,100,RANDOM,1
14,1500,4.42463493347168,125414,125430.9,0,0.4,12,ONE_POINT,100,100,RANDOM,1
15,1600,4.721978664398193,125118,125126.88,0,0.4,12,ONE_POINT,100,100,RANDOM,1
16,1700,5.007817268371582,124527,124538.82,0,0.4,12,ONE_POINT,100,100,RANDOM,1
17,1800,5.313990592956543,123796,123812.47,0,0.4,12,ONE_POINT,100,100,RANDOM,1
18,1900,5.60901951789856,123024,123047.76,0,0.4,12,ONE_POINT,100,100,RANDOM,1
19,2000,5.928945302963257,122609,122617.3,0,0.4,12,ONE_POINT,100,100,RANDOM,1
20,2100,6.262952566146851,122323,122331.46,0,0.4,12,ONE_POINT,100,100,RANDOM,1
21,2200,6.609601736068726,121754,121765.38,0,0.4,12,ONE_POINT,100,100,RANDOM,1
22,2300,6.920503854751587,121323,121339.01,0,0.4,12,ONE_POINT,100,100,RANDOM,1
23,2400,7.248007535934448,120617,120636.23,0,0.4,12,ONE_POINT,100,100,RANDOM,1
24,2500,7.589552164077759,120266,120276.53,0,0.4,12,ONE_POINT,100,100,RANDOM,1
25,2600,7.91192889213562,119965,119992.63,0,0.4,12,ONE_POINT,100,100,RANDOM,1
26,2700,8.225464820861816,119446,119485.15,0,0.4,12,ONE_POINT,100,100,RANDOM,1
27,2800,8.547952651977539,118712,118733.57,0,0.4,12,ONE_POINT,100,100,RANDOM,1
28,2900,8.849445819854736,118121,118137.37,0,0.4,12,ONE_POINT,100,100,RANDOM,1
29,3000,9.169596672058105,117826,117835.19,0,0.4,12,ONE_POINT,100,100,RANDOM,1
30,3100,9.525465488433838,117028,117043.96,0,0.4,12,ONE_POINT,100,100,RANDOM,1
31,3200,9.855483293533325,116314,116328.28,0,0.4,12,ONE_POINT,100,100,RANDOM,1
32,3300,10.171733379364014,116040,116050.7,0,0.4,12,ONE_POINT,100,100,RANDOM,1
33,3400,10.509149551391602,115829,115843.7,0,0.4,12,ONE_POINT,100,100,RANDOM,1
34,3500,10.869082927703857,115562,115568.78,0,0.4,12,ONE_POINT,100,100,RANDOM,1
35,3600,11.17538857460022,115182,115191.26,0,0.4,12,ONE_POINT,100,100,RANDOM,1
36,3700,11.500111103057861,114675,114685.14,0,0.4,12,ONE_POINT,100,100,RANDOM,1
37,3800,11.795008420944214,113986,113999.78,0,0.4,12,ONE_POINT,100,100,RANDOM,1
38,3900,12.096098899841309,113607,113632.02,0,0.4,12,ONE_POINT,100,100,RANDOM,1
39,4000,12.427670955657959,112998,113011.33,0,0.4,12,ONE_POINT,100,100,RANDOM,1
40,4100,12.772671222686768,112333,112345.33,0,0.4,12,ONE_POINT,100,100,RANDOM,1
41,4200,13.086539268493652,111849,111858.6,0,0.4,12,ONE_POINT,100,100,RANDOM,1
42,4300,13.41394305229187,111433,111495.2,0,0.4,12,ONE_POINT,100,100,RANDOM,1
43,4400,13.72578239440918,111125,111137.32,0,0.4,12,ONE_POINT,100,100,RANDOM,1
44,4500,14.042292833328247,110320,110340.17,0,0.4,12,ONE_POINT,100,100,RANDOM,1
45,4600,14.368309259414673,109626,109648.96,0,0.4,12,ONE_POINT,100,100,RANDOM,1
46,4700,14.654735326766968,109191,109204.05,0,0.4,12,ONE_POINT,100,100,RANDOM,1
47,4800,15.004551887512207,109013,109024.43,0,0.4,12,ONE_POINT,100,100,RANDOM,1
48,4900,15.321972131729126,108676,108687.45,0,0.4,12,ONE_POINT,100,100,RANDOM,1
49,5000,15.626901626586914,108295,108310.21,0,0.4,12,ONE_POINT,100,100,RANDOM,1
50,5100,15.91664743423462,107955,107982.69,0,0.4,12,ONE_POINT,100,100,RANDOM,1
51,5200,16.240201711654663,107042,107060.26,0,0.4,12,ONE_POINT,100,100,RANDOM,1
52,5300,16.56591820716858,106663,106670.58,0,0.4,12,ONE_POINT,100,100,RANDOM,1
53,5400,16.926329135894775,106042,106061.65,0,0.4,12,ONE_POINT,100,100,RANDOM,1
54,5500,17.283119916915894,105320,105334.62,0,0.4,12,ONE_POINT,100,100,RANDOM,1
55,5600,17.646360874176025,105101,105108.7,0,0.4,12,ONE_POINT,100,100,RANDOM,1
56,5700,17.96219491958618,104495,104509.58,0,0.4,12,ONE_POINT,100,100,RANDOM,1
57,5800,18.260114192962646,104053,104078.86,0,0.4,12,ONE_POINT,100,100,RANDOM,1
58,5900,18.549201488494873,103830,103838.21,0,0.4,12,ONE_POINT,100,100,RANDOM,1
59,6000,18.865245819091797,103246,103257.21,0,0.4,12,ONE_POINT,100,100,RANDOM,1
60,6100,19.176781177520752,102904,102910.84,0,0.4,12,ONE_POINT,100,100,RANDOM,1
61,6200,19.47042751312256,102467,102480.11,0,0.4,12,ONE_POINT,100,100,RANDOM,1
62,6300,19.773847818374634,101957,101965.94,0,0.4,12,ONE_POINT,100,100,RANDOM,1
63,6400,20.083492040634155,101596,101602.54,0,0.4,12,ONE_POINT,100,100,RANDOM,1
64,6500,20.390336513519287,101276,101284.65,0,0.4,12,ONE_POINT,100,100,RANDOM,1
65,6600,20.752658128738403,100613,100626.13,0,0.4,12,ONE_POINT,100,100,RANDOM,1
66,6700,21.100308656692505,100394,100398.38,0,0.4,12,ONE_POINT,100,100,RANDOM,1
67,6800,21.459094762802124,100189,100197.2,0,0.4,12,ONE_POINT,100,100,RANDOM,1
68,6900,21.74368715286255,99893,99940.52,0,0.4,12,ONE_POINT,100,100,RANDOM,1
69,7000,22.0698881149292,99655,99664.48,0,0.4,12,ONE_POINT,100,100,RANDOM,1
70,7100,22.368492126464844,99428,99434.81,0,0.4,12,ONE_POINT,100,100,RANDOM,1
71,7200,22.665630102157593,99063,99077.1,0,0.4,12,ONE_POINT,100,100,RANDOM,1
72,7300,22.968379497528076,98488,98516.51,0,0.4,12,ONE_POINT,100,100,RANDOM,1
73,7400,23.278350353240967,98099,98112.0,0,0.4,12,ONE_POINT,100,100,RANDOM,1
74,7500,23.56821346282959,97888,97893.16,0,0.4,12,ONE_POINT,100,100,RANDOM,1
75,7600,23.888647317886353,97722,97729.94,0,0.4,12,ONE_POINT,100,100,RANDOM,1
76,7700,24.203736066818237,97400,97409.41,0,0.4,12,ONE_POINT,100,100,RANDOM,1
77,7800,24.512105703353882,97188,97195.21,0,0.4,12,ONE_POINT,100,100,RANDOM,1
78,7900,24.800506830215454,96871,96908.35,0,0.4,12,ONE_POINT,100,100,RANDOM,1
79,8000,25.11026620864868,96764,96768.28,0,0.4,12,ONE_POINT,100,100,RANDOM,1
80,8100,25.402772903442383,96548,96555.84,0,0.4,12,ONE_POINT,100,100,RANDOM,1
81,8200,25.719183683395386,96239,96308.35,0,0.4,12,ONE_POINT,100,100,RANDOM,1
82,8300,26.001692295074463,95312,95330.54,0,0.4,12,ONE_POINT,100,100,RANDOM,1
83,8400,26.367281913757324,95103,95111.61,0,0.4,12,ONE_POINT,100,100,RANDOM,1
84,8500,26.70883798599243,94942,94977.07,0,0.4,12,ONE_POINT,100,100,RANDOM,1
85,8600,27.042421340942383,94789,94798.26,0,0.4,12,ONE_POINT,100,100,RANDOM,1
86,8700,27.36748456954956,94661,94665.2,0,0.4,12,ONE_POINT,100,100,RANDOM,1
87,8800,27.671957969665527,94381,94414.67,0,0.4,12,ONE_POINT,100,100,RANDOM,1
88,8900,28.000242948532104,94219,94223.23,0,0.4,12,ONE_POINT,100,100,RANDOM,1
89,9000,28.32754611968994,94048,94054.84,0,0.4,12,ONE_POINT,100,100,RANDOM,1
90,9100,28.67066192626953,92894,92919.28,0,0.4,12,ONE_POINT,100,100,RANDOM,1
91,9200,28.96099066734314,92789,92793.2,0,0.4,12,ONE_POINT,100,100,RANDOM,1
92,9300,29.288944721221924,92464,92471.25,0,0.4,12,ONE_POINT,100,100,RANDOM,1
93,9400,29.603660345077515,91936,91948.54,0,0.4,12,ONE_POINT,100,100,RANDOM,1
94,9500,29.923118829727173,91233,91245.87,0,0.4,12,ONE_POINT,100,100,RANDOM,1
95,9600,30.277382373809814,90910,90923.12,0,0.4,12,ONE_POINT,100,100,RANDOM,1
96,9700,30.570568084716797,90743,90788.86,0,0.4,12,ONE_POINT,100,100,RANDOM,1
97,9800,30.90623116493225,90443,90539.26,0,0.4,12,ONE_POINT,100,100,RANDOM,1
98,9900,31.212743043899536,90295,90302.4,0,0.4,12,ONE_POINT,100,100,RANDOM,1
99,10000,31.538930416107178,89818,89841.9,0,0.4,12,ONE_POINT,100,100,RANDOM,1
100,10100,31.848406314849854,89269,89279.98,0,0.4,12,ONE_POINT,100,100,RANDOM,1
101,10200,32.165579319000244,89095,89115.65,0,0.4,12,ONE_POINT,100,100,RANDOM,1
102,10300,32.49709439277649,88928,88971.1,0,0.4,12,ONE_POINT,100,100,RANDOM,1
103,10400,32.835755586624146,88622,88631.18,0,0.4,12,ONE_POINT,100,100,RANDOM,1
104,10500,33.14824318885803,88364,88374.23,0,0.4,12,ONE_POINT,100,100,RANDOM,1
105,10600,33.50061273574829,88236,88240.78,0,0.4,12,ONE_POINT,100,100,RANDOM,1
106,10700,33.850080490112305,88102,88109.31,0,0.4,12,ONE_POINT,100,100,RANDOM,1
107,10800,34.1878924369812,87824,87833.72,0,0.4,12,ONE_POINT,100,100,RANDOM,1
108,10900,34.52413582801819,87605,87614.61,0,0.4,12,ONE_POINT,100,100,RANDOM,1
109,11000,34.842252016067505,87395,87406.54,0,0.4,12,ONE_POINT,100,100,RANDOM,1
110,11100,35.14320135116577,87054,87066.32,0,0.4,12,ONE_POINT,100,100,RANDOM,1
111,11200,35.43218922615051,86513,86523.63,0,0.4,12,ONE_POINT,100,100,RANDOM,1
112,11300,35.762346029281616,86370,86375.72,0,0.4,12,ONE_POINT,100,100,RANDOM,1
113,11400,36.06081223487854,86145,86153.81,0,0.4,12,ONE_POINT,100,100,RANDOM,1
114,11500,36.392497539520264,86006,86013.55,0,0.4,12,ONE_POINT,100,100,RANDOM,1
115,11600,36.68835997581482,85753,85781.42,0,0.4,12,ONE_POINT,100,100,RANDOM,1
116,11700,36.982916831970215,85339,85355.56,0,0.4,12,ONE_POINT,100,100,RANDOM,1
117,11800,37.30013704299927,84941,84952.94,0,0.4,12,ONE_POINT,100,100,RANDOM,1
118,11900,37.59080791473389,84842,84846.07,0,0.4,12,ONE_POINT,100,100,RANDOM,1
119,12000,37.92088985443115,84625,84635.95,0,0.4,12,ONE_POINT,100,100,RANDOM,1
120,12100,38.22026872634888,84474,84531.66,0,0.4,12,ONE_POINT,100,100,RANDOM,1
121,12200,38.53696918487549,84084,84099.6,0,0.4,12,ONE_POINT,100,100,RANDOM,1
122,12300,38.85914611816406,83949,83953.83,0,0.4,12,ONE_POINT,100,100,RANDOM,1
123,12400,39.192842960357666,83787,83795.1,0,0.4,12,ONE_POINT,100,100,RANDOM,1
124,12500,39.5156044960022,83574,83600.44,0,0.4,12,ONE_POINT,100,100,RANDOM,1
125,12600,39.82571363449097,83424,83435.23,0,0.4,12,ONE_POINT,100,100,RANDOM,1
126,12700,40.13245511054993,83231,83238.37,0,0.4,12,ONE_POINT,100,100,RANDOM,1
127,12800,40.424609422683716,83035,83062.88,0,0.4,12,ONE_POINT,100,100,RANDOM,1
128,12900,40.74674201011658,82882,82888.18,0,0.4,12,ONE_POINT,100,100,RANDOM,1
129,13000,41.06440019607544,82672,82682.53,0,0.4,12,ONE_POINT,100,100,RANDOM,1
130,13100,41.386290073394775,82280,82294.47,0,0.4,12,ONE_POINT,100,100,RANDOM,1
131,13200,41.681997776031494,81929,81945.03,0,0.4,12,ONE_POINT,100,100,RANDOM,1
132,13300,42.00979542732239,81742,81771.82,0,0.4,12,ONE_POINT,100,100,RANDOM,1
133,13400,42.33039474487305,81504,81511.14,0,0.4,12,ONE_POINT,100,100,RANDOM,1
134,13500,42.64509415626526,81244,81251.97,0,0.4,12,ONE_POINT,100,100,RANDOM,1
135,13600,42.98695397377014,80987,80998.95,0,0.4,12,ONE_POINT,100,100,RANDOM,1
136,13700,43.28140735626221,80415,80452.79,0,0.4,12,ONE_POINT,100,100,RANDOM,1
137,13800,43.579182386398315,80271,80338.1,0,0.4,12,ONE_POINT,100,100,RANDOM,1
138,13900,43.91968894004822,80109,80131.07,0,0.4,12,ONE_POINT,100,100,RANDOM,1
139,14000,44.20654630661011,79875,79889.04,0,0.4,12,ONE_POINT,100,100,RANDOM,1
140,14100,44.52391481399536,79639,79653.14,0,0.4,12,ONE_POINT,100,100,RANDOM,1
141,14200,44.83742117881775,79434,79514.96,0,0.4,12,ONE_POINT,100,100,RANDOM,1
142,14300,45.181092739105225,79352,79360.81,0,0.4,12,ONE_POINT,100,100,RANDOM,1
143,14400,45.525933504104614,79181,79189.55,0,0.4,12,ONE_POINT,100,100,RANDOM,1
144,14500,45.86228561401367,78988,78998.49,0,0.4,12,ONE_POINT,100,100,RANDOM,1
145,14600,46.198020696640015,78790,78801.94,0,0.4,12,ONE_POINT,100,100,RANDOM,1
146,14700,46.536370515823364,78638,78651.59,0,0.4,12,ONE_POINT,100,100,RANDOM,1
147,14800,46.850433111190796,78433,78441.82,0,0.4,12,ONE_POINT,100,100,RANDOM,1
148,14900,47.16985106468201,78273,78277.9,0,0.4,12,ONE_POINT,100,100,RANDOM,1
149,15000,47.476152181625366,78133,78138.62,0,0.4,12,ONE_POINT,100,100,RANDOM,1
150,15100,47.772282123565674,77859,77870.31,0,0.4,12,ONE_POINT,100,100,RANDOM,1
151,15200,48.10176706314087,77443,77455.48,0,0.4,12,ONE_POINT,100,100,RANDOM,1
152,15300,48.42433047294617,77307,77319.45,0,0.4,12,ONE_POINT,100,100,RANDOM,1
153,15400,48.740124464035034,77145,77153.1,0,0.4,12,ONE_POINT,100,100,RANDOM,1
154,15500,49.07350420951843,76931,76939.15,0,0.4,12,ONE_POINT,100,100,RANDOM,1
155,15600,49.387704849243164,76715,76730.1,0,0.4,12,ONE_POINT,100,100,RANDOM,1
156,15700,49.702960729599,76447,76482.69,0,0.4,12,ONE_POINT,100,100,RANDOM,1
157,15800,50.0036723613739,76222,76233.29,0,0.4,12,ONE_POINT,100,100,RANDOM,1
158,15900,50.339027881622314,76132,76144.14,0,0.4,12,ONE_POINT,100,100,RANDOM,1
159,16000,50.681310415267944,76043,76048.78,0,0.4,12,ONE_POINT,100,100,RANDOM,1
160,16100,51.01851296424866,75904,75910.95,0,0.4,12,ONE_POINT,100,100,RANDOM,1
161,16200,51.31559085845947,75747,75819.81,0,0.4,12,ONE_POINT,100,100,RANDOM,1
162,16300,51.60325336456299,75600,75615.46,0,0.4,12,ONE_POINT,100,100,RANDOM,1
163,16400,51.933863162994385,75493,75527.33,0,0.4,12,ONE_POINT,100,100,RANDOM,1
164,16500,52.25734996795654,75182,75194.87,0,0.4,12,ONE_POINT,100,100,RANDOM,1
165,16600,52.54510474205017,75047,75057.44,0,0.4,12,ONE_POINT,100,100,RANDOM,1
166,16700,52.85134768486023,74969,75007.48,0,0.4,12,ONE_POINT,100,100,RANDOM,1
167,16800,53.16657471656799,74748,74756.95,0,0.4,12,ONE_POINT,100,100,RANDOM,1
168,16900,53.495275259017944,74610,74624.67,0,0.4,12,ONE_POINT,100,100,RANDOM,1
169,17000,53.818177938461304,74480,74494.92,0,0.4,12,ONE_POINT,100,100,RANDOM,1
170,17100,54.147873878479004,74295,74302.4,0,0.4,12,ONE_POINT,100,100,RANDOM,1
171,17200,54.43898391723633,74176,74182.85,0,0.4,12,ONE_POINT,100,100,RANDOM,1
172,17300,54.721834897994995,74023,74030.7,0,0.4,12,ONE_POINT,100,100,RANDOM,1
173,17400,55.03740310668945,73917,73922.58,0,0.4,12,ONE_POINT,100,100,RANDOM,1
174,17500,55.360538959503174,73647,73655.27,0,0.4,12,ONE_POINT,100,100,RANDOM,1
175,17600,55.654764890670776,73479,73487.02,0,0.4,12,ONE_POINT,100,100,RANDOM,1
176,17700,55.945237159729004,73331,73339.79,0,0.4,12,ONE_POINT,100,100,RANDOM,1
177,17800,56.26813578605652,73026,73041.25,0,0.4,12,ONE_POINT,100,100,RANDOM,1
178,17900,56.568581104278564,72923,72932.23,0,0.4,12,ONE_POINT,100,100,RANDOM,1
179,18000,56.85552644729614,72358,72397.56,0,0.4,12,ONE_POINT,100,100,RANDOM,1
180,18100,57.17203164100647,72128,72145.15,0,0.4,12,ONE_POINT,100,100,RANDOM,1
181,18200,57.478004932403564,72006,72012.44,0,0.4,12,ONE_POINT,100,100,RANDOM,1
182,18300,57.77255868911743,71817,71826.75,0,0.4,12,ONE_POINT,100,100,RANDOM,1
183,18400,58.1082181930542,71659,71664.99,0,0.4,12,ONE_POINT,100,100,RANDOM,1
184,18500,58.43896794319153,71565,71572.03,0,0.4,12,ONE_POINT,100,100,RANDOM,1
185,18600,58.72947907447815,71389,71396.07,0,0.4,12,ONE_POINT,100,100,RANDOM,1
186,18700,59.06106472015381,71115,71160.32,0,0.4,12,ONE_POINT,100,100,RANDOM,1
187,18800,59.380001068115234,71021,71036.76,0,0.4,12,ONE_POINT,100,100,RANDOM,1
188,18900,59.73074674606323,70705,70719.63,0,0.4,12,ONE_POINT,100,100,RANDOM,1
189,19000,60.03633975982666,70531,70541.45,0,0.4,12,ONE_POINT,100,100,RANDOM,1
190,19100,60.37772035598755,70477,70536.54,0,0.4,12,ONE_POINT,100,100,RANDOM,1
191,19200,60.67539405822754,70317,70457.35,0,0.4,12,ONE_POINT,100,100,RANDOM,1
192,19300,60.975120544433594,70110,70122.18,0,0.4,12,ONE_POINT,100,100,RANDOM,1
193,19400,61.279024600982666,70040,70060.68,0,0.4,12,ONE_POINT,100,100,RANDOM,1
194,19500,61.59544038772583,69868,69888.13,0,0.4,12,ONE_POINT,100,100,RANDOM,1
195,19600,61.884745597839355,69775,69780.05,0,0.4,12,ONE_POINT,100,100,RANDOM,1
196,19700,62.18484449386597,69414,69428.84,0,0.4,12,ONE_POINT,100,100,RANDOM,1
197,19800,62.555906772613525,69272,69280.3,0,0.4,12,ONE_POINT,100,100,RANDOM,1
198,19900,62.886080741882324,68838,68855.97,0,0.4,12,ONE_POINT,100,100,RANDOM,1
199,20000,63.16965866088867,68695,68703.58,0,0.4,12,ONE_POINT,100,100,RANDOM,1
200,20100,63.478119134902954,68499,68510.76,0,0.4,12,ONE_POINT,100,100,RANDOM,1
201,20200,63.84173130989075,68150,68164.14,0,0.4,12,ONE_POINT,100,100,RANDOM,1
202,20300,64.13393783569336,67986,67991.02,0,0.4,12,ONE_POINT,100,100,RANDOM,1
203,20400,64.47463321685791,67866,67872.44,0,0.4,12,ONE_POINT,100,100,RANDOM,1
204,20500,64.79685950279236,67735,67742.12,0,0.4,12,ONE_POINT,100,100,RANDOM,1
205,20600,65.11450123786926,67531,67539.16,0,0.4,12,ONE_POINT,100,100,RANDOM,1
206,20700,65.4538824558258,67448,67452.96,0,0.4,12,ONE_POINT,100,100,RANDOM,1
207,20800,65.77595710754395,67309,67318.82,0,0.4,12,ONE_POINT,100,100,RANDOM,1
208,20900,66.080646276474,67224,67313.75,0,0.4,12,ONE_POINT,100,100,RANDOM,1
209,21000,66.42675805091858,67074,67081.49,0,0.4,12,ONE_POINT,100,100,RANDOM,1
210,21100,66.75658130645752,66915,66922.19,0,0.4,12,ONE_POINT,100,100,RANDOM,1
211,21200,67.07965683937073,66765,66825.12,0,0.4,12,ONE_POINT,100,100,RANDOM,1
212,21300,67.4051365852356,66635,66672.86,0,0.4,12,ONE_POINT,100,100,RANDOM,1
213,21400,67.72320199012756,66439,66452.09,0,0.4,12,ONE_POINT,100,100,RANDOM,1
214,21500,68.00794768333435,66010,66027.16,0,0.4,12,ONE_POINT,100,100,RANDOM,1
215,21600,68.33546543121338,65832,65838.74,0,0.4,12,ONE_POINT,100,100,RANDOM,1
216,21700,68.62113189697266,65667,65698.48,0,0.4,12,ONE_POINT,100,100,RANDOM,1
217,21800,68.96235823631287,65560,65568.9,0,0.4,12,ONE_POINT,100,100,RANDOM,1
218,21900,69.26309561729431,65461,65466.94,0,0.4,12,ONE_POINT,100,100,RANDOM,1
219,22000,69.59804916381836,65345,65352.95,0,0.4,12,ONE_POINT,100,100,RANDOM,1
220,22100,69.9084997177124,65233,65238.06,0,0.4,12,ONE_POINT,100,100,RANDOM,1
221,22200,70.22605395317078,65176,65179.42,0,0.4,12,ONE_POINT,100,100,RANDOM,1
222,22300,70.57334303855896,65009,65023.84,0,0.4,12,ONE_POINT,100,100,RANDOM,1
223,22400,70.91266393661499,64845,64851.88,0,0.4,12,ONE_POINT,100,100,RANDOM,1
224,22500,71.23731541633606,64654,64663.56,0,0.4,12,ONE_POINT,100,100,RANDOM,1
225,22600,71.53993272781372,64544,64550.6,0,0.4,12,ONE_POINT,100,100,RANDOM,1
226,22700,71.87812495231628,64449,64456.0,0,0.4,12,ONE_POINT,100,100,RANDOM,1
227,22800,72.23753619194031,64328,64334.05,0,0.4,12,ONE_POINT,100,100,RANDOM,1
228,22900,72.52593517303467,64069,64079.36,0,0.4,12,ONE_POINT,100,100,RANDOM,1
229,23000,72.83126640319824,63915,63980.54,0,0.4,12,ONE_POINT,100,100,RANDOM,1
230,23100,73.1231837272644,63822,63830.31,0,0.4,12,ONE_POINT,100,100,RANDOM,1
231,23200,73.4388837814331,63751,63775.91,0,0.4,12,ONE_POINT,100,100,RANDOM,1
232,23300,73.72579574584961,63324,63337.53,0,0.4,12,ONE_POINT,100,100,RANDOM,1
233,23400,74.06988430023193,63198,63205.31,0,0.4,12,ONE_POINT,100,100,RANDOM,1
234,23500,74.38653612136841,63051,63061.08,0,0.4,12,ONE_POINT,100,100,RANDOM,1
235,23600,74.6967203617096,62904,62911.35,0,0.4,12,ONE_POINT,100,100,RANDOM,1
236,23700,75.00171184539795,62662,62682.92,0,0.4,12,ONE_POINT,100,100,RANDOM,1
237,23800,75.29889440536499,62538,62564.12,0,0.4,12,ONE_POINT,100,100,RANDOM,1
238,23900,75.61618638038635,62293,62302.8,0,0.4,12,ONE_POINT,100,100,RANDOM,1
239,24000,75.92652893066406,62062,62079.74,0,0.4,12,ONE_POINT,100,100,RANDOM,1
240,24100,76.258873462677,61961,61969.08,0,0.4,12,ONE_POINT,100,100,RANDOM,1
241,24200,76.57043647766113,61879,61887.27,0,0.4,12,ONE_POINT,100,100,RANDOM,1
242,24300,76.90915083885193,61799,61804.47,0,0.4,12,ONE_POINT,100,100,RANDOM,1
243,24400,77.24489688873291,61585,61595.7,0,0.4,12,ONE_POINT,100,100,RANDOM,1
244,24500,77.5427258014679,61421,61435.26,0,0.4,12,ONE_POINT,100,100,RANDOM,1
245,24600,77.85852241516113,61351,61358.1,0,0.4,12,ONE_POINT,100,100,RANDOM,1
246,24700,78.14312100410461,61257,61264.28,0,0.4,12,ONE_POINT,100,100,RANDOM,1
247,24800,78.46897339820862,60894,60905.91,0,0.4,12,ONE_POINT,100,100,RANDOM,1
248,24900,78.76325964927673,60830,60840.21,0,0.4,12,ONE_POINT,100,100,RANDOM,1
249,25000,79.06416344642639,60746,60757.93,0,0.4,12,ONE_POINT,100,100,RANDOM,1
250,25100,79.35557770729065,60611,60617.63,0,0.4,12,ONE_POINT,100,100,RANDOM,1
251,25200,79.7058699131012,60498,60504.78,0,0.4,12,ONE_POINT,100,100,RANDOM,1
252,25300,80.00570845603943,60358,60365.94,0,0.4,12,ONE_POINT,100,100,RANDOM,1
253,25400,80.30585622787476,60259,60269.35,0,0.4,12,ONE_POINT,100,100,RANDOM,1
254,25500,80.62274765968323,59960,59973.61,0,0.4,12,ONE_POINT,100,100,RANDOM,1
255,25600,80.99084281921387,59767,59780.84,0,0.4,12,ONE_POINT,100,100,RANDOM,1
256,25700,81.30740427970886,59634,59656.13,0,0.4,12,ONE_POINT,100,100,RANDOM,1
257,25800,81.65798950195312,59521,59526.89,0,0.4,12,ONE_POINT,100,100,RANDOM,1
258,25900,81.99380230903625,59407,59416.79,0,0.4,12,ONE_POINT,100,100,RANDOM,1
259,26000,82.28675818443298,59246,59258.07,0,0.4,12,ONE_POINT,100,100,RANDOM,1
260,26100,82.58500719070435,59003,59015.15,0,0.4,12,ONE_POINT,100,100,RANDOM,1
261,26200,82.91392183303833,58851,58858.6,0,0.4,12,ONE_POINT,100,100,RANDOM,1
262,26300,83.26113033294678,58762,58785.3,0,0.4,12,ONE_POINT,100,100,RANDOM,1
263,26400,83.55711936950684,58694,58701.65,0,0.4,12,ONE_POINT,100,100,RANDOM,1
264,26500,83.86805319786072,58624,58631.63,0,0.4,12,ONE_POINT,100,100,RANDOM,1
265,26600,84.15555834770203,58502,58509.32,0,0.4,12,ONE_POINT,100,100,RANDOM,1
266,26700,84.48641419410706,58461,58465.15,0,0.4,12,ONE_POINT,100,100,RANDOM,1
267,26800,84.80560350418091,58289,58299.78,0,0.4,12,ONE_POINT,100,100,RANDOM,1
268,26900,85.10958552360535,58203,58213.39,0,0.4,12,ONE_POINT,100,100,RANDOM,1
269,27000,85.4354350566864,58105,58111.5,0,0.4,12,ONE_POINT,100,100,RANDOM,1
270,27100,85.7610068321228,58011,58034.26,0,0.4,12,ONE_POINT,100,100,RANDOM,1
271,27200,86.107586145401,57945,57950.11,0,0.4,12,ONE_POINT,100,100,RANDOM,1
272,27300,86.4448595046997,57819,57829.74,0,0.4,12,ONE_POINT,100,100,RANDOM,1
273,27400,86.75147652626038,57725,57740.33,0,0.4,12,ONE_POINT,100,100,RANDOM,1
274,27500,87.08316087722778,57650,57655.75,0,0.4,12,ONE_POINT,100,100,RANDOM,1
275,27600,87.39018726348877,57536,57544.44,0,0.4,12,ONE_POINT,100,100,RANDOM,1
276,27700,87.68851685523987,57429,57435.49,0,0.4,12,ONE_POINT,100,100,RANDOM,1
277,27800,88.00042009353638,57295,57305.78,0,0.4,12,ONE_POINT,100,100,RANDOM,1
278,27900,88.30098938941956,57189,57195.36,0,0.4,12,ONE_POINT,100,100,RANDOM,1
279,28000,88.62063646316528,56975,56988.22,0,0.4,12,ONE_POINT,100,100,RANDOM,1
280,28100,88.91759753227234,56892,56899.59,0,0.4,12,ONE_POINT,100,100,RANDOM,1
281,28200,89.20761728286743,56773,56780.97,0,0.4,12,ONE_POINT,100,100,RANDOM,1
282,28300,89.53984212875366,56715,56720.83,0,0.4,12,ONE_POINT,100,100,RANDOM,1
283,28400,89.85377240180969,56644,56654.77,0,0.4,12,ONE_POINT,100,100,RANDOM,1
284,28500,90.17473578453064,56550,56556.35,0,0.4,12,ONE_POINT,100,100,RANDOM,1
285,28600,90.51559329032898,56429,56444.19,0,0.4,12,ONE_POINT,100,100,RANDOM,1
286,28700,90.8263931274414,56387,56392.34,0,0.4,12,ONE_POINT,100,100,RANDOM,1
287,28800,91.11633276939392,56307,56317.45,0,0.4,12,ONE_POINT,100,100,RANDOM,1
288,28900,91.44872188568115,56210,56284.23,0,0.4,12,ONE_POINT,100,100,RANDOM,1
289,29000,91.74405765533447,56125,56140.74,0,0.4,12,ONE_POINT,100,100,RANDOM,1
290,29100,92.05795192718506,56056,56060.83,0,0.4,12,ONE_POINT,100,100,RANDOM,1
291,29200,92.37130570411682,55951,55999.01,0,0.4,12,ONE_POINT,100,100,RANDOM,1
292,29300,92.68336176872253,55869,55882.96,0,0.4,12,ONE_POINT,100,100,RANDOM,1
293,29400,92.97571349143982,55765,55778.05,0,0.4,12,ONE_POINT,100,100,RANDOM,1
294,29500,93.3059287071228,55694,55778.49,0,0.4,12,ONE_POINT,100,100,RANDOM,1
295,29600,93.59757375717163,55465,55507.62,0,0.4,12,ONE_POINT,100,100,RANDOM,1
296,29700,93.92503476142883,55412,55425.39,0,0.4,12,ONE_POINT,100,100,RANDOM,1
297,29800,94.249187707901,55319,55326.52,0,0.4,12,ONE_POINT,100,100,RANDOM,1
298,29900,94.5437650680542,55249,55253.9,0,0.4,12,ONE_POINT,100,100,RANDOM,1
299,30000,94.83669924736023,55192,55196.03,0,0.4,12,ONE_POINT,100,100,RANDOM,1
300,30100,95.18750643730164,55114,55119.9,0,0.4,12,ONE_POINT,100,100,RANDOM,1
301,30200,95.4958667755127,55044,55049.39,0,0.4,12,ONE_POINT,100,100,RANDOM,1
302,30300,95.81439590454102,54989,54993.91,0,0.4,12,ONE_POINT,100,100,RANDOM,1
303,30400,96.16705369949341,54861,54869.62,0,0.4,12,ONE_POINT,100,100,RANDOM,1
304,30500,96.49028205871582,54727,54735.04,0,0.4,12,ONE_POINT,100,100,RANDOM,1
305,30600,96.80741143226624,54549,54570.69,0,0.4,12,ONE_POINT,100,100,RANDOM,1
306,30700,97.1622474193573,54330,54352.58,0,0.4,12,ONE_POINT,100,100,RANDOM,1
307,30800,97.46337914466858,54264,54269.1,0,0.4,12,ONE_POINT,100,100,RANDOM,1
308,30900,97.75244522094727,54190,54217.59,0,0.4,12,ONE_POINT,100,100,RANDOM,1
309,31000,98.07141637802124,54083,54088.27,0,0.4,12,ONE_POINT,100,100,RANDOM,1
310,31100,98.41626024246216,54047,54054.86,0,0.4,12,ONE_POINT,100,100,RANDOM,1
311,31200,98.72741389274597,54008,54034.92,0,0.4,12,ONE_POINT,100,100,RANDOM,1
312,31300,99.01473498344421,53894,53904.06,0,0.4,12,ONE_POINT,100,100,RANDOM,1
313,31400,99.31756567955017,53820,53829.54,0,0.4,12,ONE_POINT,100,100,RANDOM,1
314,31500,99.64165735244751,53503,53519.32,0,0.4,12,ONE_POINT,100,100,RANDOM,1
315,31600,99.93919396400452,53403,53420.49,0,0.4,12,ONE_POINT,100,100,RANDOM,1
316,31700,100.26498055458069,53273,53301.75,0,0.4,12,ONE_POINT,100,100,RANDOM,1
317,31800,100.56110405921936,53205,53211.32,0,0.4,12,ONE_POINT,100,100,RANDOM,1
318,31900,100.9128828048706,53152,53162.27,0,0.4,12,ONE_POINT,100,100,RANDOM,1
319,32000,101.23997926712036,53084,53090.01,0,0.4,12,ONE_POINT,100,100,RANDOM,1
320,32100,101.55749416351318,52949,52957.1,0,0.4,12,ONE_POINT,100,100,RANDOM,1
321,32200,101.84327340126038,52821,52830.03,0,0.4,12,ONE_POINT,100,100,RANDOM,1
322,32300,102.15420842170715,52789,52793.19,0,0.4,12,ONE_POINT,100,100,RANDOM,1
323,32400,102.46011805534363,52702,52711.04,0,0.4,12,ONE_POINT,100,100,RANDOM,1
324,32500,102.75847220420837,52623,52626.95,0,0.4,12,ONE_POINT,100,100,RANDOM,1
325,32600,103.0872061252594,52509,52515.84,0,0.4,12,ONE_POINT,100,100,RANDOM,1
326,32700,103.41691565513611,52473,52475.88,0,0.4,12,ONE_POINT,100,100,RANDOM,1
327,32800,103.74920320510864,52390,52397.58,0,0.4,12,ONE_POINT,100,100,RANDOM,1
328,32900,104.12233209609985,52235,52452.26,0,0.4,12,ONE_POINT,100,100,RANDOM,1
329,33000,104.45394206047058,52158,52165.71,0,0.4,12,ONE_POINT,100,100,RANDOM,1
330,33100,104.76614904403687,52098,52103.04,0,0.4,12,ONE_POINT,100,100,RANDOM,1
331,33200,105.1058030128479,51964,51972.22,0,0.4,12,ONE_POINT,100,100,RANDOM,1
332,33300,105.4500207901001,51750,51766.72,0,0.4,12,ONE_POINT,100,100,RANDOM,1
333,33400,105.73804926872253,51628,51636.71,0,0.4,12,ONE_POINT,100,100,RANDOM,1
334,33500,106.06291174888611,51555,51566.95,0,0.4,12,ONE_POINT,100,100,RANDOM,1
335,33600,106.36824560165405,51471,51616.93,0,0.4,12,ONE_POINT,100,100,RANDOM,1
336,33700,106.66409993171692,51407,51413.48,0,0.4,12,ONE_POINT,100,100,RANDOM,1
337,33800,106.96901655197144,51365,51369.36,0,0.4,12,ONE_POINT,100,100,RANDOM,1
338,33900,107.30631923675537,51320,51323.6,0,0.4,12,ONE_POINT,100,100,RANDOM,1
339,34000,107.65391683578491,51300,51303.0,0,0.4,12,ONE_POINT,100,100,RANDOM,1
340,34100,107.96478652954102,51254,51258.2,0,0.4,12,ONE_POINT,100,100,RANDOM,1
341,34200,108.26580452919006,51170,51223.81,0,0.4,12,ONE_POINT,100,100,RANDOM,1
342,34300,108.55671286582947,51097,51103.42,0,0.4,12,ONE_POINT,100,100,RANDOM,1
343,34400,108.8432047367096,51013,51029.08,0,0.4,12,ONE_POINT,100,100,RANDOM,1
344,34500,109.1693160533905,50971,50978.23,0,0.4,12,ONE_POINT,100,100,RANDOM,1
345,34600,109.45921850204468,50916,50920.95,0,0.4,12,ONE_POINT,100,100,RANDOM,1
346,34700,109.7816653251648,50840,50850.16,0,0.4,12,ONE_POINT,100,100,RANDOM,1
347,34800,110.09312009811401,50721,50731.28,0,0.4,12,ONE_POINT,100,100,RANDOM,1
348,34900,110.40324234962463,50698,50701.72,0,0.4,12,ONE_POINT,100,100,RANDOM,1
349,35000,110.73178839683533,50571,50578.62,0,0.4,12,ONE_POINT,100,100,RANDOM,1
350,35100,111.07187914848328,50493,50523.19,0,0.4,12,ONE_POINT,100,100,RANDOM,1
351,35200,111.39927530288696,50409,50414.1,0,0.4,12,ONE_POINT,100,100,RANDOM,1
352,35300,111.7160656452179,50297,50308.6,0,0.4,12,ONE_POINT,100,100,RANDOM,1
353,35400,112.07039904594421,50187,50193.6,0,0.4,12,ONE_POINT,100,100,RANDOM,1
354,35500,112.40025544166565,50075,50081.07,0,0.4,12,ONE_POINT,100,100,RANDOM,1
355,35600,112.79312038421631,50027,50034.2,0,0.4,12,ONE_POINT,100,100,RANDOM,1
356,35700,113.14219236373901,49963,49973.06,0,0.4,12,ONE_POINT,100,100,RANDOM,1
357,35800,113.46309351921082,49877,49884.79,0,0.4,12,ONE_POINT,100,100,RANDOM,1
358,35900,113.76157116889954,49837,49855.74,0,0.4,12,ONE_POINT,100,100,RANDOM,1
359,36000,114.05927586555481,49715,49774.47,0,0.4,12,ONE_POINT,100,100,RANDOM,1
360,36100,114.35721564292908,49646,49700.95,0,0.4,12,ONE_POINT,100,100,RANDOM,1
361,36200,114.69115710258484,49609,49612.44,0,0.4,12,ONE_POINT,100,100,RANDOM,1
362,36300,114.9909987449646,49478,49485.4,0,0.4,12,ONE_POINT,100,100,RANDOM,1
363,36400,115.32230520248413,49466,49470.49,0,0.4,12,ONE_POINT,100,100,RANDOM,1
364,36500,115.61987042427063,49393,49398.23,0,0.4,12,ONE_POINT,100,100,RANDOM,1
365,36600,115.95164680480957,49281,49289.35,0,0.4,12,ONE_POINT,100,100,RANDOM,1
366,36700,116.29367470741272,49213,49224.58,0,0.4,12,ONE_POINT,100,100,RANDOM,1
367,36800,116.6098403930664,49158,49165.68,0,0.4,12,ONE_POINT,100,100,RANDOM,1
368,36900,116.93875026702881,49089,49128.77,0,0.4,12,ONE_POINT,100,100,RANDOM,1
369,37000,117.23003101348877,49020,49026.62,0,0.4,12,ONE_POINT,100,100,RANDOM,1
370,37100,117.56561660766602,48986,48989.45,0,0.4,12,ONE_POINT,100,100,RANDOM,1
371,37200,117.8772521018982,48930,48934.42,0,0.4,12,ONE_POINT,100,100,RANDOM,1
372,37300,118.21036124229431,48828,48836.26,0,0.4,12,ONE_POINT,100,100,RANDOM,1
373,37400,118.55613803863525,48769,48777.61,0,0.4,12,ONE_POINT,100,100,RANDOM,1
374,37500,118.848073720932,48697,48701.32,0,0.4,12,ONE_POINT,100,100,RANDOM,1
375,37600,119.15158414840698,48625,48636.42,0,0.4,12,ONE_POINT,100,100,RANDOM,1
376,37700,119.46935820579529,48515,48524.78,0,0.4,12,ONE_POINT,100,100,RANDOM,1
377,37800,119.80385637283325,48482,48500.1,0,0.4,12,ONE_POINT,100,100,RANDOM,1
378,37900,120.13542175292969,48393,48428.02,0,0.4,12,ONE_POINT,100,100,RANDOM,1
379,38000,120.43451642990112,48335,48342.68,0,0.4,12,ONE_POINT,100,100,RANDOM,1
380,38100,120.79150295257568,48243,48265.39,0,0.4,12,ONE_POINT,100,100,RANDOM,1
381,38200,121.07916784286499,48115,48122.91,0,0.4,12,ONE_POINT,100,100,RANDOM,1
382,38300,121.40808844566345,48049,48057.06,0,0.4,12,ONE_POINT,100,100,RANDOM,1
383,38400,121.70249605178833,47996,48006.26,0,0.4,12,ONE_POINT,100,100,RANDOM,1
384,38500,122.0410807132721,47952,47956.35,0,0.4,12,ONE_POINT,100,100,RANDOM,1
385,38600,122.34963345527649,47916,48003.73,0,0.4,12,ONE_POINT,100,100,RANDOM,1
386,38700,122.65614652633667,47909,47911.82,0,0.4,12,ONE_POINT,100,100,RANDOM,1
387,38800,122.94905972480774,47882,47889.01,0,0.4,12,ONE_POINT,100,100,RANDOM,1
388,38900,123.2804696559906,47841,47854.4,0,0.4,12,ONE_POINT,100,100,RANDOM,1
389,39000,123.61988472938538,47787,47796.34,0,0.4,12,ONE_POINT,100,100,RANDOM,1
390,39100,123.94257664680481,47734,47756.45,0,0.4,12,ONE_POINT,100,100,RANDOM,1
391,39200,124.24464845657349,47679,47683.93,0,0.4,12,ONE_POINT,100,100,RANDOM,1
392,39300,124.54253458976746,47593,47638.59,0,0.4,12,ONE_POINT,100,100,RANDOM,1
393,39400,124.86247539520264,47525,47531.84,0,0.4,12,ONE_POINT,100,100,RANDOM,1
394,39500,125.19590759277344,47444,47484.0,0,0.4,12,ONE_POINT,100,100,RANDOM,1
395,39600,125.51987409591675,47357,47369.82,0,0.4,12,ONE_POINT,100,100,RANDOM,1
396,39700,125.82340717315674,47288,47298.31,0,0.4,12,ONE_POINT,100,100,RANDOM,1
397,39800,126.13927245140076,47202,47207.6,0,0.4,12,ONE_POINT,100,100,RANDOM,1
398,39900,126.50228548049927,47180,47182.68,0,0.4,12,ONE_POINT,100,100,RANDOM,1
399,40000,126.84539556503296,47135,47138.82,0,0.4,12,ONE_POINT,100,100,RANDOM,1
400,40100,127.16745233535767,47081,47093.86,0,0.4,12,ONE_POINT,100,100,RANDOM,1
401,40200,127.49663424491882,46988,46998.68,0,0.4,12,ONE_POINT,100,100,RANDOM,1
402,40300,127.8090889453888,46852,46858.62,0,0.4,12,ONE_POINT,100,100,RANDOM,1
403,40400,128.15529704093933,46797,46801.96,0,0.4,12,ONE_POINT,100,100,RANDOM,1
404,40500,128.4912052154541,46769,46845.28,0,0.4,12,ONE_POINT,100,100,RANDOM,1
405,40600,128.83540272712708,46725,46804.35,0,0.4,12,ONE_POINT,100,100,RANDOM,1
406,40700,129.21799564361572,46657,46663.69,0,0.4,12,ONE_POINT,100,100,RANDOM,1
407,40800,129.5079686641693,46622,46624.78,0,0.4,12,ONE_POINT,100,100,RANDOM,1
408,40900,129.85410499572754,46509,46534.11,0,0.4,12,ONE_POINT,100,100,RANDOM,1
409,41000,130.18302822113037,46459,46464.47,0,0.4,12,ONE_POINT,100,100,RANDOM,1
410,41100,130.51598691940308,46426,46430.37,0,0.4,12,ONE_POINT,100,100,RANDOM,1
411,41200,130.83623814582825,46403,46405.23,0,0.4,12,ONE_POINT,100,100,RANDOM,1
412,41300,131.1752429008484,46351,46355.28,0,0.4,12,ONE_POINT,100,100,RANDOM,1
413,41400,131.51883554458618,46294,46299.46,0,0.4,12,ONE_POINT,100,100,RANDOM,1
414,41500,131.82115721702576,46231,46406.72,0,0.4,12,ONE_POINT,100,100,RANDOM,1
415,41600,132.14992785453796,46181,46238.25,0,0.4,12,ONE_POINT,100,100,RANDOM,1
416,41700,132.45375871658325,46122,46189.68,0,0.4,12,ONE_POINT,100,100,RANDOM,1
417,41800,132.7860882282257,46107,46216.13,0,0.4,12,ONE_POINT,100,100,RANDOM,1
418,41900,133.06921124458313,46065,46068.02,0,0.4,12,ONE_POINT,100,100,RANDOM,1
419,42000,133.40898633003235,46055,46057.71,0,0.4,12,ONE_POINT,100,100,RANDOM,1
420,42100,133.7376208305359,45969,45976.15,0,0.4,12,ONE_POINT,100,100,RANDOM,1
421,42200,134.06742644309998,45892,45899.31,0,0.4,12,ONE_POINT,100,100,RANDOM,1
422,42300,134.37316513061523,45871,45874.1,0,0.4,12,ONE_POINT,100,100,RANDOM,1
423,42400,134.69435334205627,45833,45836.93,0,0.4,12,ONE_POINT,100,100,RANDOM,1
424,42500,135.0127251148224,45799,45802.51,0,0.4,12,ONE_POINT,100,100,RANDOM,1
425,42600,135.329359292984,45736,45754.06,0,0.4,12,ONE_POINT,100,100,RANDOM,1
426,42700,135.6306550502777,45662,45669.42,0,0.4,12,ONE_POINT,100,100,RANDOM,1
427,42800,135.9344084262848,45584,45604.18,0,0.4,12,ONE_POINT,100,100,RANDOM,1
428,42900,136.22841262817383,45553,45556.1,0,0.4,12,ONE_POINT,100,100,RANDOM,1
429,43000,136.5490698814392,45507,45511.55,0,0.4,12,ONE_POINT,100,100,RANDOM,1
430,43100,136.8443636894226,45422,45429.52,0,0.4,12,ONE_POINT,100,100,RANDOM,1
431,43200,137.16941046714783,45378,45382.17,0,0.4,12,ONE_POINT,100,100,RANDOM,1
432,43300,137.4650182723999,45330,45333.55,0,0.4,12,ONE_POINT,100,100,RANDOM,1
433,43400,137.80023980140686,45308,45313.91,0,0.4,12,ONE_POINT,100,100,RANDOM,1
434,43500,138.14361143112183,45229,45237.99,0,0.4,12,ONE_POINT,100,100,RANDOM,1
435,43600,138.5165205001831,45175,45181.19,0,0.4,12,ONE_POINT,100,100,RANDOM,1
436,43700,138.80158281326294,45126,45134.3,0,0.4,12,ONE_POINT,100,100,RANDOM,1
437,43800,139.11324334144592,45076,45082.31,0,0.4,12,ONE_POINT,100,100,RANDOM,1
438,43900,139.44560027122498,45048,45051.13,0,0.4,12,ONE_POINT,100,100,RANDOM,1
439,44000,139.79601740837097,44921,44928.93,0,0.4,12,ONE_POINT,100,100,RANDOM,1
440,44100,140.118248462677,44891,44932.89,0,0.4,12,ONE_POINT,100,100,RANDOM,1
441,44200,140.43411898612976,44865,44869.55,0,0.4,12,ONE_POINT,100,100,RANDOM,1
442,44300,140.76243710517883,44834,44837.71,0,0.4,12,ONE_POINT,100,100,RANDOM,1
443,44400,141.05995440483093,44794,44797.25,0,0.4,12,ONE_POINT,100,100,RANDOM,1
444,44500,141.36952710151672,44740,44744.66,0,0.4,12,ONE_POINT,100,100,RANDOM,1
445,44600,141.69303941726685,44655,44660.64,0,0.4,12,ONE_POINT,100,100,RANDOM,1
446,44700,142.03197646141052,44568,44575.24,0,0.4,12,ONE_POINT,100,100,RANDOM,1
447,44800,142.32789492607117,44444,44454.42,0,0.4,12,ONE_POINT,100,100,RANDOM,1
448,44900,142.6231472492218,44390,44400.04,0,0.4,12,ONE_POINT,100,100,RANDOM,1
449,45000,142.94042897224426,44347,44464.2,0,0.4,12,ONE_POINT,100,100,RANDOM,1
450,45100,143.24174690246582,44312,44315.88,0,0.4,12,ONE_POINT,100,100,RANDOM,1
451,45200,143.58758521080017,44264,44268.27,0,0.4,12,ONE_POINT,100,100,RANDOM,1
452,45300,143.87731742858887,44239,44242.38,0,0.4,12,ONE_POINT,100,100,RANDOM,1
453,45400,144.18177390098572,44171,44181.72,0,0.4,12,ONE_POINT,100,100,RANDOM,1
454,45500,144.53136372566223,44143,44145.89,0,0.4,12,ONE_POINT,100,100,RANDOM,1
455,45600,144.8627586364746,44102,44107.6,0,0.4,12,ONE_POINT,100,100,RANDOM,1
456,45700,145.2322006225586,44045,44049.56,0,0.4,12,ONE_POINT,100,100,RANDOM,1
457,45800,145.57193446159363,43994,44000.08,0,0.4,12,ONE_POINT,100,100,RANDOM,1
458,45900,145.88270378112793,43963,43968.43,0,0.4,12,ONE_POINT,100,100,RANDOM,1
459,46000,146.17947006225586,43892,43937.34,0,0.4,12,ONE_POINT,100,100,RANDOM,1
460,46100,146.50631070137024,43844,43848.14,0,0.4,12,ONE_POINT,100,100,RANDOM,1
461,46200,146.82307767868042,43815,43818.7,0,0.4,12,ONE_POINT,100,100,RANDOM,1
462,46300,147.12287855148315,43722,43733.19,0,0.4,12,ONE_POINT,100,100,RANDOM,1
463,46400,147.41989016532898,43680,43750.79,0,0.4,12,ONE_POINT,100,100,RANDOM,1
464,46500,147.77480387687683,43632,43636.31,0,0.4,12,ONE_POINT,100,100,RANDOM,1
465,46600,148.09626746177673,43594,43597.04,0,0.4,12,ONE_POINT,100,100,RANDOM,1
466,46700,148.3961741924286,43544,43549.86,0,0.4,12,ONE_POINT,100,100,RANDOM,1
467,46800,148.68355798721313,43444,43452.95,0,0.4,12,ONE_POINT,100,100,RANDOM,1
468,46900,148.9746217727661,43420,43427.66,0,0.4,12,ONE_POINT,100,100,RANDOM,1
469,47000,149.2596936225891,43374,43385.75,0,0.4,12,ONE_POINT,100,100,RANDOM,1
470,47100,149.5778088569641,43331,43336.05,0,0.4,12,ONE_POINT,100,100,RANDOM,1
471,47200,149.86823415756226,43277,43283.42,0,0.4,12,ONE_POINT,100,100,RANDOM,1
472,47300,150.16191506385803,43215,43219.34,0,0.4,12,ONE_POINT,100,100,RANDOM,1
473,47400,150.48718929290771,43149,43154.86,0,0.4,12,ONE_POINT,100,100,RANDOM,1
474,47500,150.8148968219757,43093,43097.6,0,0.4,12,ONE_POINT,100,100,RANDOM,1
475,47600,151.1471564769745,43030,43041.37,0,0.4,12,ONE_POINT,100,100,RANDOM,1
476,47700,151.46751809120178,43015,43016.68,0,0.4,12,ONE_POINT,100,100,RANDOM,1
477,47800,151.79365348815918,42984,42986.79,0,0.4,12,ONE_POINT,100,100,RANDOM,1
478,47900,152.1054573059082,42900,42935.03,0,0.4,12,ONE_POINT,100,100,RANDOM,1
479,48000,152.4347219467163,42838,42846.13,0,0.4,12,ONE_POINT,100,100,RANDOM,1
480,48100,152.74467015266418,42806,42813.4,0,0.4,12,ONE_POINT,100,100,RANDOM,1
481,48200,153.05862092971802,42739,42744.94,0,0.4,12,ONE_POINT,100,100,RANDOM,1
482,48300,153.40024137496948,42691,42700.09,0,0.4,12,ONE_POINT,100,100,RANDOM,1
483,48400,153.75020337104797,42584,42590.09,0,0.4,12,ONE_POINT,100,100,RANDOM,1
484,48500,154.10005927085876,42512,42553.8,0,0.4,12,ONE_POINT,100,100,RANDOM,1
485,48600,154.448725938797,42461,42466.68,0,0.4,12,ONE_POINT,100,100,RANDOM,1
486,48700,154.77574110031128,42445,42452.46,0,0.4,12,ONE_POINT,100,100,RANDOM,1
487,48800,155.0966296195984,42418,42429.11,0,0.4,12,ONE_POINT,100,100,RANDOM,1
488,48900,155.38523316383362,42367,42373.36,0,0.4,12,ONE_POINT,100,100,RANDOM,1
489,49000,155.71020817756653,42331,42337.28,0,0.4,12,ONE_POINT,100,100,RANDOM,1
490,49100,156.05906081199646,42302,42304.83,0,0.4,12,ONE_POINT,100,100,RANDOM,1
491,49200,156.35801529884338,42281,42282.47,0,0.4,12,ONE_POINT,100,100,RANDOM,1
492,49300,156.66159200668335,42107,42117.94,0,0.4,12,ONE_POINT,100,100,RANDOM,1
493,49400,156.95354843139648,42033,42052.44,0,0.4,12,ONE_POINT,100,100,RANDOM,1
494,49500,157.24462509155273,41999,42001.72,0,0.4,12,ONE_POINT,100,100,RANDOM,1
495,49600,157.5662341117859,41944,41948.34,0,0.4,12,ONE_POINT,100,100,RANDOM,1
496,49700,157.88558197021484,41925,41928.21,0,0.4,12,ONE_POINT,100,100,RANDOM,1
497,49800,158.18017292022705,41809,41817.32,0,0.4,12,ONE_POINT,100,100,RANDOM,1
498,49900,158.5078341960907,41770,41773.53,0,0.4,12,ONE_POINT,100,100,RANDOM,1
499,50000,158.82368111610413,41736,41740.23,0,0.4,12,ONE_POINT,100,100,RANDOM,1
500,50100,159.13599300384521,41699,41703.07,0,0.4,12,ONE_POINT,100,100,RANDOM,1
1,200,0.21614909172058105,137986,133882.01,0,0.4,12,ONE_POINT,100,100,RANDOM,2
2,300,0.5756118297576904,132294,132321.66,0,0.4,12,ONE_POINT,100,100,RANDOM,2
3,400,0.8806588649749756,131946,131952.4,0,0.4,12,ONE_POINT,100,100,RANDOM,2
4,500,1.2694573402404785,131133,131147.87,0,0.4,12,ONE_POINT,100,100,RANDOM,2
5,600,1.662705421447754,130351,130380.31,0,0.4,12,ONE_POINT,100,100,RANDOM,2
6,700,2.001894235610962,129223,129245.56,0,0.4,12,ONE_POINT,100,100,RANDOM,2
7,800,2.312443494796753,128792,128802.96,0,0.4,12,ONE_POINT,100,100,RANDOM,2
8,900,2.622983455657959,127092,127126.0,0,0.4,12,ONE_POINT,100,100,RANDOM,2
9,1000,2.9682726860046387,126419,126439.92,0,0.4,12,ONE_POINT,100,100,RANDOM,2
10,1100,3.260861396789551,125755,125820.88,0,0.4,12,ONE_POINT,100,100,RANDOM,2
11,1200,3.57999587059021,124826,124846.66,0,0.4,12,ONE_POINT,100,100,RANDOM,2
12,1300,3.876547336578369,124071,124086.1,0,0.4,12,ONE_POINT,100,100,RANDOM,2
13,1400,4.223864793777466,123220,123263.33,0,0.4,12,ONE_POINT,100,100,RANDOM,2
14,1500,4.535060167312622,122510,122531.3,0,0.4,12,ONE_POINT,100,100,RANDOM,2
15,1600,4.891371965408325,122071,122084.17,0,0.4,12,ONE_POINT,100,100,RANDOM,2
16,1700,5.226752996444702,121460,121472.18,0,0.4,12,ONE_POINT,100,100,RANDOM,2
17,1800,5.533073663711548,121029,121041.93,0,0.4,12,ONE_POINT,100,100,RANDOM,2
18,1900,5.824629068374634,120603,120619.52,0,0.4,12,ONE_POINT,100,100,RANDOM,2
19,2000,6.16773247718811,120211,120222.93,0,0.4,12,ONE_POINT,100,100,RANDOM,2
20,2100,6.516802549362183,119616,119635.29,0,0.4,12,ONE_POINT,100,100,RANDOM,2
21,2200,6.84835410118103,119226,119237.13,0,0.4,12,ONE_POINT,100,100,RANDOM,2
22,2300,7.14086651802063,118970,118979.13,0,0.4,12,ONE_POINT,100,100,RANDOM,2
23,2400,7.469614267349243,118166,118185.15,0,0.4,12,ONE_POINT,100,100,RANDOM,2
24,2500,7.771536588668823,117838,117881.9,0,0.4,12,ONE_POINT,100,100,RANDOM,2
25,2600,8.06960940361023,116930,116948.16,0,0.4,12,ONE_POINT,100,100,RANDOM,2
26,2700,8.359879493713379,115858,115893.84,0,0.4,12,ONE_POINT,100,100,RANDOM,2
27,2800,8.664722204208374,115588,115600.39,0,0.4,12,ONE_POINT,100,100,RANDOM,2
28,2900,8.968371391296387,115067,115077.42,0,0.4,12,ONE_POINT,100,100,RANDOM,2
29,3000,9.278629779815674,114466,114473.94,0,0.4,12,ONE_POINT,100,100,RANDOM,2
30,3100,9.611059665679932,113967,113981.97,0,0.4,12,ONE_POINT,100,100,RANDOM,2
31,3200,9.91269040107727,113499,113513.04,0,0.4,12,ONE_POINT,100,100,RANDOM,2
32,3300,10.220616579055786,112796,112809.19,0,0.4,12,ONE_POINT,100,100,RANDOM,2
33,3400,10.567858695983887,112525,112532.31,0,0.4,12,ONE_POINT,100,100,RANDOM,2
34,3500,10.894727945327759,112141,112151.06,0,0.4,12,ONE_POINT,100,100,RANDOM,2
35,3600,11.215037107467651,111633,111644.79,0,0.4,12,ONE_POINT,100,100,RANDOM,2
36,3700,11.51241421699524,111482,111485.77,0,0.4,12,ONE_POINT,100,100,RANDOM,2
37,3800,11.844467163085938,111043,111057.68,0,0.4,12,ONE_POINT,100,100,RANDOM,2
38,3900,12.189289808273315,110738,110750.16,0,0.4,12,ONE_POINT,100,100,RANDOM,2
39,4000,12.478487014770508,109797,109814.89,0,0.4,12,ONE_POINT,100,100,RANDOM,2
40,4100,12.775190353393555,109462,109465.99,0,0.4,12,ONE_POINT,100,100,RANDOM,2
41,4200,13.063364267349243,108800,108817.94,0,0.4,12,ONE_POINT,100,100,RANDOM,2
42,4300,13.404948234558105,108562,108610.16,0,0.4,12,ONE_POINT,100,100,RANDOM,2
43,4400,13.718920707702637,108028,108041.67,0,0.4,12,ONE_POINT,100,100,RANDOM,2
44,4500,14.043104648590088,107620,107632.33,0,0.4,12,ONE_POINT,100,100,RANDOM,2
45,4600,14.352962732315063,107335,107343.5,0,0.4,12,ONE_POINT,100,100,RANDOM,2
46,4700,14.683569431304932,107138,107145.47,0,0.4,12,ONE_POINT,100,100,RANDOM,2
47,4800,15.013936996459961,106772,106779.32,0,0.4,12,ONE_POINT,100,100,RANDOM,2
48,4900,15.353025674819946,106127,106139.9,0,0.4,12,ONE_POINT,100,100,RANDOM,2
49,5000,15.660748481750488,105622,105637.15,0,0.4,12,ONE_POINT,100,100,RANDOM,2
50,5100,15.9827721118927,105323,105335.57,0,0.4,12,ONE_POINT,100,100,RANDOM,2
51,5200,16.286011934280396,104995,105004.84,0,0.4,12,ONE_POINT,100,100,RANDOM,2
52,5300,16.60369062423706,104740,104747.78,0,0.4,12,ONE_POINT,100,100,RANDOM,2
53,5400,16.98583197593689,103957,103974.77,0,0.4,12,ONE_POINT,100,100,RANDOM,2
54,5500,17.29713249206543,103343,103364.95,0,0.4,12,ONE_POINT,100,100,RANDOM,2
55,5600,17.655463218688965,103011,103055.61,0,0.4,12,ONE_POINT,100,100,RANDOM,2
56,5700,17.990185022354126,102433,102446.9,0,0.4,12,ONE_POINT,100,100,RANDOM,2
57,5800,18.30259394645691,102014,102022.38,0,0.4,12,ONE_POINT,100,100,RANDOM,2
58,5900,18.649441242218018,101698,101710.64,0,0.4,12,ONE_POINT,100,100,RANDOM,2
59,6000,18.99000310897827,101118,101129.75,0,0.4,12,ONE_POINT,100,100,RANDOM,2
60,6100,19.27931833267212,100797,100808.04,0,0.4,12,ONE_POINT,100,100,RANDOM,2
61,6200,19.627835988998413,100439,100449.74,0,0.4,12,ONE_POINT,100,100,RANDOM,2
62,6300,19.94712209701538,100021,100033.54,0,0.4,12,ONE_POINT,100,100,RANDOM,2
63,6400,20.279961347579956,99712,99732.7,0,0.4,12,ONE_POINT,100,100,RANDOM,2
64,6500,20.599908113479614,99085,99097.54,0,0.4,12,ONE_POINT,100,100,RANDOM,2
65,6600,20.908772230148315,98708,98715.76,0,0.4,12,ONE_POINT,100,100,RANDOM,2
66,6700,21.243629693984985,98161,98181.18,0,0.4,12,ONE_POINT,100,100,RANDOM,2
67,6800,21.593509197235107,97849,97855.24,0,0.4,12,ONE_POINT,100,100,RANDOM,2
68,6900,21.909977912902832,97350,97364.97,0,0.4,12,ONE_POINT,100,100,RANDOM,2
69,7000,22.197590112686157,97098,97104.58,0,0.4,12,ONE_POINT,100,100,RANDOM,2
70,7100,22.51749539375305,96604,96609.51,0,0.4,12,ONE_POINT,100,100,RANDOM,2
71,7200,22.8604896068573,96318,96336.45,0,0.4,12,ONE_POINT,100,100,RANDOM,2
72,7300,23.172423601150513,96017,96026.03,0,0.4,12,ONE_POINT,100,100,RANDOM,2
73,7400,23.465028047561646,95596,95608.86,0,0.4,12,ONE_POINT,100,100,RANDOM,2
74,7500,23.776872873306274,95202,95213.82,0,0.4,12,ONE_POINT,100,100,RANDOM,2
75,7600,24.108153581619263,94862,94875.62,0,0.4,12,ONE_POINT,100,100,RANDOM,2
76,7700,24.407658338546753,94560,94566.04,0,0.4,12,ONE_POINT,100,100,RANDOM,2
77,7800,24.743427991867065,93481,93502.58,0,0.4,12,ONE_POINT,100,100,RANDOM,2
78,7900,25.117093563079834,93045,93058.08,0,0.4,12,ONE_POINT,100,100,RANDOM,2
79,8000,25.420403957366943,92744,92753.03,0,0.4,12,ONE_POINT,100,100,RANDOM,2
80,8100,25.74128794670105,92524,92535.81,0,0.4,12,ONE_POINT,100,100,RANDOM,2
81,8200,26.08019781112671,92138,92148.78,0,0.4,12,ONE_POINT,100,100,RANDOM,2
82,8300,26.375040292739868,91795,91806.2,0,0.4,12,ONE_POINT,100,100,RANDOM,2
83,8400,26.706157207489014,91590,91610.04,0,0.4,12,ONE_POINT,100,100,RANDOM,2
84,8500,26.99535036087036,91293,91320.57,0,0.4,12,ONE_POINT,100,100,RANDOM,2
85,8600,27.29940390586853,91141,91147.08,0,0.4,12,ONE_POINT,100,100,RANDOM,2
86,8700,27.62121057510376,90893,90912.0,0,0.4,12,ONE_POINT,100,100,RANDOM,2
87,8800,27.932888507843018,90144,90158.98,0,0.4,12,ONE_POINT,100,100,RANDOM,2
88,8900,28.25001096725464,89518,89531.31,0,0.4,12,ONE_POINT,100,100,RANDOM,2
89,9000,28.534916877746582,89152,89179.12,0,0.4,12,ONE_POINT,100,100,RANDOM,2
90,9100,28.82254433631897,88730,88746.64,0,0.4,12,ONE_POINT,100,100,RANDOM,2
91,9200,29.17736577987671,88345,88356.0,0,0.4,12,ONE_POINT,100,100,RANDOM,2
92,9300,29.491112232208252,87949,87960.16,0,0.4,12,ONE_POINT,100,100,RANDOM,2
93,9400,29.80582356452942,87638,87646.07,0,0.4,12,ONE_POINT,100,100,RANDOM,2
94,9500,30.139893054962158,87181,87194.71,0,0.4,12,ONE_POINT,100,100,RANDOM,2
95,9600,30.463034868240356,86874,86881.71,0,0.4,12,ONE_POINT,100,100,RANDOM,2
96,9700,30.795655012130737,86511,86528.8,0,0.4,12,ONE_POINT,100,100,RANDOM,2
97,9800,31.11749267578125,86107,86119.47,0,0.4,12,ONE_POINT,100,100,RANDOM,2
98,9900,31.431970834732056,85762,85772.35,0,0.4,12,ONE_POINT,100,100,RANDOM,2
99,10000,31.768766164779663,85579,85588.15,0,0.4,12,ONE_POINT,100,100,RANDOM,2
100,10100,32.082355260849,85417,85426.93,0,0.4,12,ONE_POINT,100,100,RANDOM,2
101,10200,32.42994713783264,85254,85262.68,0,0.4,12,ONE_POINT,100,100,RANDOM,2
102,10300,32.779616594314575,85026,85045.28,0,0.4,12,ONE_POINT,100,100,RANDOM,2
103,10400,33.14405083656311,84480,84496.42,0,0.4,12,ONE_POINT,100,100,RANDOM,2
104,10500,33.466654777526855,84354,84364.78,0,0.4,12,ONE_POINT,100,100,RANDOM,2
105,10600,33.814244508743286,83700,83728.44,0,0.4,12,ONE_POINT,100,100,RANDOM,2
106,10700,34.14497637748718,83428,83455.39,0,0.4,12,ONE_POINT,100,100,RANDOM,2
107,10800,34.48965358734131,83226,83234.06,0,0.4,12,ONE_POINT,100,100,RANDOM,2
108,10900,34.84387564659119,82942,82956.0,0,0.4,12,ONE_POINT,100,100,RANDOM,2
109,11000,35.18537402153015,82672,82687.38,0,0.4,12,ONE_POINT,100,100,RANDOM,2
110,11100,35.485596895217896,82366,82375.18,0,0.4,12,ONE_POINT,100,100,RANDOM,2
111,11200,35.8271598815918,82178,82244.78,0,0.4,12,ONE_POINT,100,100,RANDOM,2
112,11300,36.15107297897339,81955,81962.68,0,0.4,12,ONE_POINT,100,100,RANDOM,2
113,11400,36.45074486732483,81654,81665.19,0,0.4,12,ONE_POINT,100,100,RANDOM,2
114,11500,36.745227336883545,81509,81522.1,0,0.4,12,ONE_POINT,100,100,RANDOM,2
115,11600,37.06519031524658,81302,81310.23,0,0.4,12,ONE_POINT,100,100,RANDOM,2
116,11700,37.375436782836914,81094,81108.26,0,0.4,12,ONE_POINT,100,100,RANDOM,2
117,11800,37.73142075538635,80872,80889.5,0,0.4,12,ONE_POINT,100,100,RANDOM,2
118,11900,38.02975130081177,80557,80566.4,0,0.4,12,ONE_POINT,100,100,RANDOM,2
119,12000,38.362321615219116,80366,80372.53,0,0.4,12,ONE_POINT,100,100,RANDOM,2
120,12100,38.71150827407837,80201,80206.1,0,0.4,12,ONE_POINT,100,100,RANDOM,2
121,12200,39.00806522369385,79958,79969.41,0,0.4,12,ONE_POINT,100,100,RANDOM,2
122,12300,39.30743718147278,79787,79799.67,0,0.4,12,ONE_POINT,100,100,RANDOM,2
123,12400,39.651867628097534,79260,79275.81,0,0.4,12,ONE_POINT,100,100,RANDOM,2
124,12500,40.009557247161865,79076,79133.81,0,0.4,12,ONE_POINT,100,100,RANDOM,2
125,12600,40.353285789489746,78829,78837.9,0,0.4,12,ONE_POINT,100,100,RANDOM,2
126,12700,40.678717851638794,78523,78543.62,0,0.4,12,ONE_POINT,100,100,RANDOM,2
127,12800,40.97055125236511,78286,78295.48,0,0.4,12,ONE_POINT,100,100,RANDOM,2
128,12900,41.266345262527466,77937,77958.52,0,0.4,12,ONE_POINT,100,100,RANDOM,2
129,13000,41.574917793273926,77800,77806.04,0,0.4,12,ONE_POINT,100,100,RANDOM,2
130,13100,41.8877899646759,77575,77813.34,0,0.4,12,ONE_POINT,100,100,RANDOM,2
131,13200,42.19074535369873,77338,77347.3,0,0.4,12,ONE_POINT,100,100,RANDOM,2
132,13300,42.52913427352905,77215,77243.34,0,0.4,12,ONE_POINT,100,100,RANDOM,2
133,13400,42.813941955566406,76937,76951.09,0,0.4,12,ONE_POINT,100,100,RANDOM,2
134,13500,43.15225386619568,76735,76756.49,0,0.4,12,ONE_POINT,100,100,RANDOM,2
135,13600,43.471994161605835,76467,76477.49,0,0.4,12,ONE_POINT,100,100,RANDOM,2
136,13700,43.783515214920044,76313,76318.61,0,0.4,12,ONE_POINT,100,100,RANDOM,2
137,13800,44.08668327331543,76244,76263.92,0,0.4,12,ONE_POINT,100,100,RANDOM,2
138,13900,44.40470600128174,76080,76091.86,0,0.4,12,ONE_POINT,100,100,RANDOM,2
139,14000,44.750245571136475,75922,75942.07,0,0.4,12,ONE_POINT,100,100,RANDOM,2
140,14100,45.07134246826172,75770,75779.12,0,0.4,12,ONE_POINT,100,100,RANDOM,2
141,14200,45.3944365978241,75501,75511.53,0,0.4,12,ONE_POINT,100,100,RANDOM,2
142,14300,45.71673631668091,75088,75100.34,0,0.4,12,ONE_POINT,100,100,RANDOM,2
143,14400,46.054723024368286,74677,74701.68,0,0.4,12,ONE_POINT,100,100,RANDOM,2
144,14500,46.35214805603027,74498,74522.94,0,0.4,12,ONE_POINT,100,100,RANDOM,2
145,14600,46.685636043548584,74128,74148.38,0,0.4,12,ONE_POINT,100,100,RANDOM,2
146,14700,47.00607204437256,73966,73981.56,0,0.4,12,ONE_POINT,100,100,RANDOM,2
147,14800,47.35675835609436,73736,73744.79,0,0.4,12,ONE_POINT,100,100,RANDOM,2
148,14900,47.692325592041016,73639,73675.27,0,0.4,12,ONE_POINT,100,100,RANDOM,2
149,15000,48.03980112075806,73463,73473.57,0,0.4,12,ONE_POINT,100,100,RANDOM,2
150,15100,48.368056774139404,73205,73216.54,0,0.4,12,ONE_POINT,100,100,RANDOM,2
151,15200,48.71692490577698,72911,72922.66,0,0.4,12,ONE_POINT,100,100,RANDOM,2
152,15300,49.03882598876953,72624,72659.63,0,0.4,12,ONE_POINT,100,100,RANDOM,2
153,15400,49.366031646728516,72363,72373.79,0,0.4,12,ONE_POINT,100,100,RANDOM,2
154,15500,49.69057583808899,72302,72305.94,0,0.4,12,ONE_POINT,100,100,RANDOM,2
155,15600,50.01596784591675,72153,72160.22,0,0.4,12,ONE_POINT,100,100,RANDOM,2
156,15700,50.39690017700195,72033,72059.18,0,0.4,12,ONE_POINT,100,100,RANDOM,2
157,15800,50.694814682006836,71793,71801.97,0,0.4,12,ONE_POINT,100,100,RANDOM,2
158,15900,51.026182651519775,71534,71550.51,0,0.4,12,ONE_POINT,100,100,RANDOM,2
159,16000,51.36996078491211,71177,71191.28,0,0.4,12,ONE_POINT,100,100,RANDOM,2
160,16100,51.68750071525574,71084,71093.83,0,0.4,12,ONE_POINT,100,100,RANDOM,2
161,16200,51.998228549957275,70907,70916.78,0,0.4,12,ONE_POINT,100,100,RANDOM,2
162,16300,52.348084926605225,70789,70858.75,0,0.4,12,ONE_POINT,100,100,RANDOM,2
163,16400,52.631675720214844,70683,70690.15,0,0.4,12,ONE_POINT,100,100,RANDOM,2
164,16500,52.92449688911438,70375,70388.38,0,0.4,12,ONE_POINT,100,100,RANDOM,2
165,16600,53.2155396938324,70260,70268.83,0,0.4,12,ONE_POINT,100,100,RANDOM,2
166,16700,53.50321435928345,70072,70079.19,0,0.4,12,ONE_POINT,100,100,RANDOM,2
167,16800,53.798935651779175,69938,69955.96,0,0.4,12,ONE_POINT,100,100,RANDOM,2
168,16900,54.10370945930481,69708,69721.8,0,0.4,12,ONE_POINT,100,100,RANDOM,2
169,17000,54.43079447746277,69514,69524.06,0,0.4,12,ONE_POINT,100,100,RANDOM,2
170,17100,54.725852727890015,69392,69401.88,0,0.4,12,ONE_POINT,100,100,RANDOM,2
171,17200,55.04680633544922,69309,69314.16,0,0.4,12,ONE_POINT,100,100,RANDOM,2
172,17300,55.38167643547058,69168,69177.21,0,0.4,12,ONE_POINT,100,100,RANDOM,2
173,17400,55.67601251602173,68988,69010.36,0,0.4,12,ONE_POINT,100,100,RANDOM,2
174,17500,55.96748065948486,68549,68562.17,0,0.4,12,ONE_POINT,100,100,RANDOM,2
175,17600,56.2774932384491,68303,68312.84,0,0.4,12,ONE_POINT,100,100,RANDOM,2
176,17700,56.637842416763306,68151,68159.97,0,0.4,12,ONE_POINT,100,100,RANDOM,2
177,17800,56.95743536949158,67932,67940.76,0,0.4,12,ONE_POINT,100,100,RANDOM,2
178,17900,57.25044250488281,67835,67843.08,0,0.4,12,ONE_POINT,100,100,RANDOM,2
179,18000,57.54327321052551,67778,67791.56,0,0.4,12,ONE_POINT,100,100,RANDOM,2
180,18100,57.84012770652771,67608,67615.82,0,0.4,12,ONE_POINT,100,100,RANDOM,2
181,18200,58.16201853752136,67444,67451.28,0,0.4,12,ONE_POINT,100,100,RANDOM,2
182,18300,58.50446271896362,67223,67235.29,0,0.4,12,ONE_POINT,100,100,RANDOM,2
183,18400,58.82341551780701,67063,67071.89,0,0.4,12,ONE_POINT,100,100,RANDOM,2
184,18500,59.144903898239136,66959,66966.47,0,0.4,12,ONE_POINT,100,100,RANDOM,2
185,18600,59.42748284339905,66779,66786.4,0,0.4,12,ONE_POINT,100,100,RANDOM,2
186,18700,59.76318287849426,66534,66547.34,0,0.4,12,ONE_POINT,100,100,RANDOM,2
187,18800,60.05507159233093,66418,66427.25,0,0.4,12,ONE_POINT,100,100,RANDOM,2
188,18900,60.38635587692261,66191,66200.08,0,0.4,12,ONE_POINT,100,100,RANDOM,2
189,19000,60.72511339187622,66111,66115.0,0,0.4,12,ONE_POINT,100,100,RANDOM,2
190,19100,61.024770736694336,65983,65991.41,0,0.4,12,ONE_POINT,100,100,RANDOM,2
191,19200,61.343716859817505,65932,65935.03,0,0.4,12,ONE_POINT,100,100,RANDOM,2
192,19300,61.68702411651611,65728,65736.95,0,0.4,12,ONE_POINT,100,100,RANDOM,2
193,19400,61.98799204826355,65601,65616.34,0,0.4,12,ONE_POINT,100,100,RANDOM,2
194,19500,62.31934571266174,65384,65400.64,0,0.4,12,ONE_POINT,100,100,RANDOM,2
195,19600,62.700114250183105,65186,65203.97,0,0.4,12,ONE_POINT,100,100,RANDOM,2
196,19700,63.01472759246826,65098,65105.1,0,0.4,12,ONE_POINT,100,100,RANDOM,2
197,19800,63.316285848617554,64926,64932.88,0,0.4,12,ONE_POINT,100,100,RANDOM,2
198,19900,63.64105033874512,64673,64688.4,0,0.4,12,ONE_POINT,100,100,RANDOM,2
199,20000,63.97144341468811,64417,64428.86,0,0.4,12,ONE_POINT,100,100,RANDOM,2
200,20100,64.31658911705017,64097,64103.4,0,0.4,12,ONE_POINT,100,100,RANDOM,2
201,20200,64.64212274551392,63938,63944.84,0,0.4,12,ONE_POINT,100,100,RANDOM,2
202,20300,64.95394730567932,63767,63773.48,0,0.4,12,ONE_POINT,100,100,RANDOM,2
203,20400,65.26036429405212,63672,63683.74,0,0.4,12,ONE_POINT,100,100,RANDOM,2
204,20500,65.60223054885864,63575,63580.19,0,0.4,12,ONE_POINT,100,100,RANDOM,2
205,20600,65.94788408279419,63475,63480.0,0,0.4,12,ONE_POINT,100,100,RANDOM,2
206,20700,66.29637360572815,63281,63292.06,0,0.4,12,ONE_POINT,100,100,RANDOM,2
207,20800,66.65184235572815,63085,63094.76,0,0.4,12,ONE_POINT,100,100,RANDOM,2
208,20900,66.99910187721252,62995,63046.06,0,0.4,12,ONE_POINT,100,100,RANDOM,2
209,21000,67.31381750106812,62826,62832.85,0,0.4,12,ONE_POINT,100,100,RANDOM,2
210,21100,67.59747290611267,62658,62664.72,0,0.4,12,ONE_POINT,100,100,RANDOM,2
211,21200,67.90969705581665,62555,62563.28,0,0.4,12,ONE_POINT,100,100,RANDOM,2
212,21300,68.24463152885437,62453,62459.12,0,0.4,12,ONE_POINT,100,100,RANDOM,2
213,21400,68.54179668426514,62326,62334.4,0,0.4,12,ONE_POINT,100,100,RANDOM,2
214,21500,68.8359842300415,62072,62100.46,0,0.4,12,ONE_POINT,100,100,RANDOM,2
215,21600,69.13679242134094,61833,61841.97,0,0.4,12,ONE_POINT,100,100,RANDOM,2
216,21700,69.48738646507263,61517,61529.64,0,0.4,12,ONE_POINT,100,100,RANDOM,2
217,21800,69.7911810874939,61441,61450.24,0,0.4,12,ONE_POINT,100,100,RANDOM,2
218,21900,70.14590644836426,61291,61302.64,0,0.4,12,ONE_POINT,100,100,RANDOM,2
219,22000,70.45124459266663,61155,61163.91,0,0.4,12,ONE_POINT,100,100,RANDOM,2
220,22100,70.78170394897461,60980,60987.17,0,0.4,12,ONE_POINT,100,100,RANDOM,2
221,22200,71.12084197998047,60892,60897.07,0,0.4,12,ONE_POINT,100,100,RANDOM,2
222,22300,71.45935845375061,60754,60761.78,0,0.4,12,ONE_POINT,100,100,RANDOM,2
223,22400,71.75057363510132,60663,60669.78,0,0.4,12,ONE_POINT,100,100,RANDOM,2
224,22500,72.06038165092468,60528,60536.99,0,0.4,12,ONE_POINT,100,100,RANDOM,2
225,22600,72.38465714454651,60362,60368.64,0,0.4,12,ONE_POINT,100,100,RANDOM,2
226,22700,72.71271848678589,60162,60174.99,0,0.4,12,ONE_POINT,100,100,RANDOM,2
227,22800,73.01922917366028,60022,60035.88,0,0.4,12,ONE_POINT,100,100,RANDOM,2
228,22900,73.35660409927368,59854,59861.65,0,0.4,12,ONE_POINT,100,100,RANDOM,2
229,23000,73.69287991523743,59765,59771.23,0,0.4,12,ONE_POINT,100,100,RANDOM,2
230,23100,74.03620839118958,59693,59696.82,0,0.4,12,ONE_POINT,100,100,RANDOM,2
231,23200,74.34906387329102,59568,59574.25,0,0.4,12,ONE_POINT,100,100,RANDOM,2
232,23300,74.68517875671387,59512,59515.77,0,0.4,12,ONE_POINT,100,100,RANDOM,2
233,23400,74.99573493003845,59446,59452.98,0,0.4,12,ONE_POINT,100,100,RANDOM,2
234,23500,75.35086369514465,59292,59315.94,0,0.4,12,ONE_POINT,100,100,RANDOM,2
235,23600,75.66309928894043,59213,59217.01,0,0.4,12,ONE_POINT,100,100,RANDOM,2
236,23700,75.95832252502441,59092,59097.81,0,0.4,12,ONE_POINT,100,100,RANDOM,2
237,23800,76.28914284706116,58995,58998.88,0,0.4,12,ONE_POINT,100,100,RANDOM,2
238,23900,76.60933709144592,58814,58823.22,0,0.4,12,ONE_POINT,100,100,RANDOM,2
239,24000,76.89753913879395,58696,58707.43,0,0.4,12,ONE_POINT,100,100,RANDOM,2
240,24100,77.21727395057678,58525,58532.36,0,0.4,12,ONE_POINT,100,100,RANDOM,2
241,24200,77.52817511558533,58439,58446.73,0,0.4,12,ONE_POINT,100,100,RANDOM,2
242,24300,77.82015776634216,58349,58357.69,0,0.4,12,ONE_POINT,100,100,RANDOM,2
243,24400,78.12626767158508,58151,58158.92,0,0.4,12,ONE_POINT,100,100,RANDOM,2
244,24500,78.42290568351746,57831,57843.8,0,0.4,12,ONE_POINT,100,100,RANDOM,2
245,24600,78.72763204574585,57576,57592.25,0,0.4,12,ONE_POINT,100,100,RANDOM,2
246,24700,79.04722332954407,57318,57329.52,0,0.4,12,ONE_POINT,100,100,RANDOM,2
247,24800,79.3376362323761,57101,57113.18,0,0.4,12,ONE_POINT,100,100,RANDOM,2
248,24900,79.63211798667908,56812,56992.24,0,0.4,12,ONE_POINT,100,100,RANDOM,2
249,25000,79.9631896018982,56703,56731.68,0,0.4,12,ONE_POINT,100,100,RANDOM,2
250,25100,80.27381181716919,56633,56638.6,0,0.4,12,ONE_POINT,100,100,RANDOM,2
251,25200,80.56817817687988,56512,56519.36,0,0.4,12,ONE_POINT,100,100,RANDOM,2
252,25300,80.92134356498718,56398,56414.09,0,0.4,12,ONE_POINT,100,100,RANDOM,2
253,25400,81.26896452903748,56255,56269.87,0,0.4,12,ONE_POINT,100,100,RANDOM,2
254,25500,81.61378335952759,56140,56145.75,0,0.4,12,ONE_POINT,100,100,RANDOM,2
255,25600,81.97461295127869,56036,56041.54,0,0.4,12,ONE_POINT,100,100,RANDOM,2
256,25700,82.32581424713135,55818,55826.72,0,0.4,12,ONE_POINT,100,100,RANDOM,2
257,25800,82.64754819869995,55704,55710.86,0,0.4,12,ONE_POINT,100,100,RANDOM,2
258,25900,82.98149824142456,55624,55629.73,0,0.4,12,ONE_POINT,100,100,RANDOM,2
259,26000,83.28174877166748,55523,55544.73,0,0.4,12,ONE_POINT,100,100,RANDOM,2
260,26100,83.59271764755249,55400,55408.37,0,0.4,12,ONE_POINT,100,100,RANDOM,2
261,26200,83.8798599243164,55378,55381.38,0,0.4,12,ONE_POINT,100,100,RANDOM,2
262,26300,84.21550559997559,55171,55185.24,0,0.4,12,ONE_POINT,100,100,RANDOM,2
263,26400,84.54227352142334,54918,54951.79,0,0.4,12,ONE_POINT,100,100,RANDOM,2
264,26500,84.94737672805786,54748,54760.17,0,0.4,12,ONE_POINT,100,100,RANDOM,2
265,26600,85.24099516868591,54647,54655.83,0,0.4,12,ONE_POINT,100,100,RANDOM,2
266,26700,85.53832221031189,54579,54587.05,0,0.4,12,ONE_POINT,100,100,RANDOM,2
267,26800,85.83362913131714,54474,54482.28,0,0.4,12,ONE_POINT,100,100,RANDOM,2
268,26900,86.16482949256897,54393,54402.62,0,0.4,12,ONE_POINT,100,100,RANDOM,2
269,27000,86.49111843109131,54313,54320.11,0,0.4,12,ONE_POINT,100,100,RANDOM,2
270,27100,86.78499412536621,54192,54198.96,0,0.4,12,ONE_POINT,100,100,RANDOM,2
271,27200,87.12865948677063,54117,54141.01,0,0.4,12,ONE_POINT,100,100,RANDOM,2
272,27300,87.45163416862488,54007,54013.6,0,0.4,12,ONE_POINT,100,100,RANDOM,2
273,27400,87.76473116874695,53925,53930.97,0,0.4,12,ONE_POINT,100,100,RANDOM,2
274,27500,88.05666613578796,53821,53827.19,0,0.4,12,ONE_POINT,100,100,RANDOM,2
275,27600,88.40541934967041,53732,53737.29,0,0.4,12,ONE_POINT,100,100,RANDOM,2
276,27700,88.72259736061096,53631,53637.78,0,0.4,12,ONE_POINT,100,100,RANDOM,2
277,27800,89.0400288105011,53531,53537.82,0,0.4,12,ONE_POINT,100,100,RANDOM,2
278,27900,89.36217617988586,53444,53450.09,0,0.4,12,ONE_POINT,100,100,RANDOM,2
279,28000,89.70338225364685,53381,53391.52,0,0.4,12,ONE_POINT,100,100,RANDOM,2
280,28100,90.05487275123596,53313,53319.36,0,0.4,12,ONE_POINT,100,100,RANDOM,2
281,28200,90.41228103637695,53236,53241.37,0,0.4,12,ONE_POINT,100,100,RANDOM,2
282,28300,90.7193968296051,52903,52917.16,0,0.4,12,ONE_POINT,100,100,RANDOM,2
283,28400,91.0213897228241,52702,52713.91,0,0.4,12,ONE_POINT,100,100,RANDOM,2
284,28500,91.35651659965515,52600,52606.44,0,0.4,12,ONE_POINT,100,100,RANDOM,2
285,28600,91.67635798454285,52528,52532.56,0,0.4,12,ONE_POINT,100,100,RANDOM,2
286,28700,92.02514290809631,52415,52425.39,0,0.4,12,ONE_POINT,100,100,RANDOM,2
287,28800,92.36848759651184,52370,52375.03,0,0.4,12,ONE_POINT,100,100,RANDOM,2
288,28900,92.71652102470398,52212,52223.43,0,0.4,12,ONE_POINT,100,100,RANDOM,2
289,29000,93.02313542366028,52128,52135.91,0,0.4,12,ONE_POINT,100,100,RANDOM,2
290,29100,93.33415293693542,52039,52047.69,0,0.4,12,ONE_POINT,100,100,RANDOM,2
291,29200,93.62409543991089,51969,52034.77,0,0.4,12,ONE_POINT,100,100,RANDOM,2
292,29300,93.91142272949219,51925,51928.52,0,0.4,12,ONE_POINT,100,100,RANDOM,2
293,29400,94.19716787338257,51840,51845.07,0,0.4,12,ONE_POINT,100,100,RANDOM,2
294,29500,94.49861860275269,51731,51737.54,0,0.4,12,ONE_POINT,100,100,RANDOM,2
295,29600,94.82905793190002,51674,51682.53,0,0.4,12,ONE_POINT,100,100,RANDOM,2
296,29700,95.16922044754028,51428,51484.63,0,0.4,12,ONE_POINT,100,100,RANDOM,2
297,29800,95.4861204624176,51314,51322.64,0,0.4,12,ONE_POINT,100,100,RANDOM,2
298,29900,95.81779503822327,51278,51286.75,0,0.4,12,ONE_POINT,100,100,RANDOM,2
299,30000,96.1212809085846,51183,51188.37,0,0.4,12,ONE_POINT,100,100,RANDOM,2
300,30100,96.45378232002258,51111,51116.04,0,0.4,12,ONE_POINT,100,100,RANDOM,2
301,30200,96.78805994987488,51022,51028.96,0,0.4,12,ONE_POINT,100,100,RANDOM,2
302,30300,97.10226035118103,50903,50911.33,0,0.4,12,ONE_POINT,100,100,RANDOM,2
303,30400,97.4881432056427,50807,50812.19,0,0.4,12,ONE_POINT,100,100,RANDOM,2
304,30500,97.82293558120728,50773,50794.14,0,0.4,12,ONE_POINT,100,100,RANDOM,2
305,30600,98.14011335372925,50681,50692.89,0,0.4,12,ONE_POINT,100,100,RANDOM,2
306,30700,98.48597955703735,50586,50592.65,0,0.4,12,ONE_POINT,100,100,RANDOM,2
307,30800,98.77657079696655,50566,50570.06,0,0.4,12,ONE_POINT,100,100,RANDOM,2
308,30900,99.11135005950928,50421,50433.55,0,0.4,12,ONE_POINT,100,100,RANDOM,2
309,31000,99.40447282791138,50339,50343.82,0,0.4,12,ONE_POINT,100,100,RANDOM,2
310,31100,99.72511529922485,50260,50267.17,0,0.4,12,ONE_POINT,100,100,RANDOM,2
311,31200,100.05279874801636,50117,50125.99,0,0.4,12,ONE_POINT,100,100,RANDOM,2
312,31300,100.41030859947205,50071,50098.2,0,0.4,12,ONE_POINT,100,100,RANDOM,2
313,31400,100.71418333053589,50027,50031.25,0,0.4,12,ONE_POINT,100,100,RANDOM,2
314,31500,101.01427149772644,49939,50015.36,0,0.4,12,ONE_POINT,100,100,RANDOM,2
315,31600,101.34658312797546,49899,49902.19,0,0.4,12,ONE_POINT,100,100,RANDOM,2
316,31700,101.65606880187988,49786,49793.35,0,0.4,12,ONE_POINT,100,100,RANDOM,2
317,31800,101.97037601470947,49714,49835.16,0,0.4,12,ONE_POINT,100,100,RANDOM,2
318,31900,102.29984188079834,49588,49594.75,0,0.4,12,ONE_POINT,100,100,RANDOM,2
319,32000,102.60540103912354,49524,49539.13,0,0.4,12,ONE_POINT,100,100,RANDOM,2
320,32100,102.95213317871094,49460,49464.82,0,0.4,12,ONE_POINT,100,100,RANDOM,2
321,32200,103.27720642089844,49418,49423.75,0,0.4,12,ONE_POINT,100,100,RANDOM,2
322,32300,103.59656977653503,49338,49343.37,0,0.4,12,ONE_POINT,100,100,RANDOM,2
323,32400,103.92211556434631,49231,49237.42,0,0.4,12,ONE_POINT,100,100,RANDOM,2
324,32500,104.22623872756958,49153,49165.92,0,0.4,12,ONE_POINT,100,100,RANDOM,2
325,32600,104.58537602424622,49091,49096.01,0,0.4,12,ONE_POINT,100,100,RANDOM,2
326,32700,104.89183306694031,49002,49048.51,0,0.4,12,ONE_POINT,100,100,RANDOM,2
327,32800,105.2147057056427,48958,48961.87,0,0.4,12,ONE_POINT,100,100,RANDOM,2
328,32900,105.56189966201782,48838,48879.8,0,0.4,12,ONE_POINT,100,100,RANDOM,2
329,33000,105.87016272544861,48788,48792.07,0,0.4,12,ONE_POINT,100,100,RANDOM,2
330,33100,106.15910363197327,48710,48714.68,0,0.4,12,ONE_POINT,100,100,RANDOM,2
331,33200,106.45760846138,48599,48606.44,0,0.4,12,ONE_POINT,100,100,RANDOM,2
332,33300,106.75677418708801,48405,48415.49,0,0.4,12,ONE_POINT,100,100,RANDOM,2
333,33400,107.0466833114624,48348,48351.99,0,0.4,12,ONE_POINT,100,100,RANDOM,2
334,33500,107.39042162895203,48206,48244.0,0,0.4,12,ONE_POINT,100,100,RANDOM,2
335,33600,107.7119460105896,48141,48144.91,0,0.4,12,ONE_POINT,100,100,RANDOM,2
336,33700,108.03763937950134,48069,48084.11,0,0.4,12,ONE_POINT,100,100,RANDOM,2
337,33800,108.36020278930664,47984,47990.92,0,0.4,12,ONE_POINT,100,100,RANDOM,2
338,33900,108.6916515827179,47904,47911.93,0,0.4,12,ONE_POINT,100,100,RANDOM,2
339,34000,108.99417877197266,47824,47836.83,0,0.4,12,ONE_POINT,100,100,RANDOM,2
340,34100,109.29684162139893,47769,47781.55,0,0.4,12,ONE_POINT,100,100,RANDOM,2
341,34200,109.66239142417908,47694,47701.24,0,0.4,12,ONE_POINT,100,100,RANDOM,2
342,34300,109.95929145812988,47639,47644.63,0,0.4,12,ONE_POINT,100,100,RANDOM,2
343,34400,110.26174712181091,47596,47601.69,0,0.4,12,ONE_POINT,100,100,RANDOM,2
344,34500,110.547292470932,47557,47560.12,0,0.4,12,ONE_POINT,100,100,RANDOM,2
345,34600,110.86538410186768,47521,47544.15,0,0.4,12,ONE_POINT,100,100,RANDOM,2
346,34700,111.15828776359558,47398,47405.67,0,0.4,12,ONE_POINT,100,100,RANDOM,2
347,34800,111.47682046890259,47332,47341.1,0,0.4,12,ONE_POINT,100,100,RANDOM,2
348,34900,111.82760238647461,47274,47280.13,0,0.4,12,ONE_POINT,100,100,RANDOM,2
349,35000,112.13066244125366,47152,47165.16,0,0.4,12,ONE_POINT,100,100,RANDOM,2
350,35100,112.45661544799805,47151,47151.12,0,0.4,12,ONE_POINT,100,100,RANDOM,2
351,35200,112.80655241012573,47088,47090.52,0,0.4,12,ONE_POINT,100,100,RANDOM,2
352,35300,113.09851861000061,46958,46966.42,0,0.4,12,ONE_POINT,100,100,RANDOM,2
353,35400,113.41204690933228,46866,46874.39,0,0.4,12,ONE_POINT,100,100,RANDOM,2
354,35500,113.72794437408447,46836,46838.93,0,0.4,12,ONE_POINT,100,100,RANDOM,2
355,35600,114.08154487609863,46762,46797.14,0,0.4,12,ONE_POINT,100,100,RANDOM,2
356,35700,114.42282176017761,46723,46729.73,0,0.4,12,ONE_POINT,100,100,RANDOM,2
357,35800,114.74119138717651,46609,46616.3,0,0.4,12,ONE_POINT,100,100,RANDOM,2
358,35900,115.07981872558594,46468,46481.88,0,0.4,12,ONE_POINT,100,100,RANDOM,2
359,36000,115.37918853759766,46430,46434.2,0,0.4,12,ONE_POINT,100,100,RANDOM,2
360,36100,115.69710278511047,46365,46384.57,0,0.4,12,ONE_POINT,100,100,RANDOM,2
361,36200,116.00157523155212,46288,46293.44,0,0.4,12,ONE_POINT,100,100,RANDOM,2
362,36300,116.29340076446533,46242,46306.06,0,0.4,12,ONE_POINT,100,100,RANDOM,2
363,36400,116.60808491706848,46152,46158.24,0,0.4,12,ONE_POINT,100,100,RANDOM,2
364,36500,116.89632081985474,46049,46056.09,0,0.4,12,ONE_POINT,100,100,RANDOM,2
365,36600,117.20330095291138,45956,45963.54,0,0.4,12,ONE_POINT,100,100,RANDOM,2
366,36700,117.52037572860718,45871,45876.56,0,0.4,12,ONE_POINT,100,100,RANDOM,2
367,36800,117.83977580070496,45761,45777.49,0,0.4,12,ONE_POINT,100,100,RANDOM,2
368,36900,118.19021821022034,45650,45657.14,0,0.4,12,ONE_POINT,100,100,RANDOM,2
369,37000,118.4853732585907,45568,45572.37,0,0.4,12,ONE_POINT,100,100,RANDOM,2
370,37100,118.80331945419312,45446,45453.32,0,0.4,12,ONE_POINT,100,100,RANDOM,2
371,37200,119.10178732872009,45436,45437.3,0,0.4,12,ONE_POINT,100,100,RANDOM,2
372,37300,119.38950896263123,45397,45401.62,0,0.4,12,ONE_POINT,100,100,RANDOM,2
373,37400,119.68132638931274,45342,45358.65,0,0.4,12,ONE_POINT,100,100,RANDOM,2
374,37500,120.02748155593872,45225,45235.36,0,0.4,12,ONE_POINT,100,100,RANDOM,2
375,37600,120.32540321350098,45121,45125.27,0,0.4,12,ONE_POINT,100,100,RANDOM,2
376,37700,120.63250589370728,45080,45114.4,0,0.4,12,ONE_POINT,100,100,RANDOM,2
377,37800,120.974604845047,45057,45062.54,0,0.4,12,ONE_POINT,100,100,RANDOM,2
378,37900,121.28091430664062,44994,45006.51,0,0.4,12,ONE_POINT,100,100,RANDOM,2
379,38000,121.6244330406189,44961,44963.83,0,0.4,12,ONE_POINT,100,100,RANDOM,2
380,38100,121.94350814819336,44853,44859.86,0,0.4,12,ONE_POINT,100,100,RANDOM,2
381,38200,122.23249888420105,44752,44759.14,0,0.4,12,ONE_POINT,100,100,RANDOM,2
382,38300,122.57860040664673,44698,44720.28,0,0.4,12,ONE_POINT,100,100,RANDOM,2
383,38400,122.87502145767212,44612,44625.12,0,0.4,12,ONE_POINT,100,100,RANDOM,2
384,38500,123.2016088962555,44556,44566.48,0,0.4,12,ONE_POINT,100,100,RANDOM,2
385,38600,123.49335098266602,44475,44479.26,0,0.4,12,ONE_POINT,100,100,RANDOM,2
386,38700,123.83535766601562,44425,44430.24,0,0.4,12,ONE_POINT,100,100,RANDOM,2
387,38800,124.17760586738586,44366,44439.49,0,0.4,12,ONE_POINT,100,100,RANDOM,2
388,38900,124.49299931526184,44332,44335.28,0,0.4,12,ONE_POINT,100,100,RANDOM,2
389,39000,124.78801226615906,44302,44308.14,0,0.4,12,ONE_POINT,100,100,RANDOM,2
390,39100,125.10283970832825,44226,44232.56,0,0.4,12,ONE_POINT,100,100,RANDOM,2
391,39200,125.42218613624573,44132,44137.64,0,0.4,12,ONE_POINT,100,100,RANDOM,2
392,39300,125.74766874313354,43962,43971.23,0,0.4,12,ONE_POINT,100,100,RANDOM,2
393,39400,126.11159467697144,43888,43898.21,0,0.4,12,ONE_POINT,100,100,RANDOM,2
394,39500,126.42598390579224,43820,43827.15,0,0.4,12,ONE_POINT,100,100,RANDOM,2
395,39600,126.72306108474731,43765,43770.27,0,0.4,12,ONE_POINT,100,100,RANDOM,2
396,39700,127.03948450088501,43673,43679.74,0,0.4,12,ONE_POINT,100,100,RANDOM,2
397,39800,127.33714485168457,43544,43551.74,0,0.4,12,ONE_POINT,100,100,RANDOM,2
398,39900,127.67855739593506,43514,43517.13,0,0.4,12,ONE_POINT,100,100,RANDOM,2
399,40000,127.97978162765503,43458,43470.73,0,0.4,12,ONE_POINT,100,100,RANDOM,2
400,40100,128.29821062088013,43407,43414.56,0,0.4,12,ONE_POINT,100,100,RANDOM,2
401,40200,128.66366815567017,43380,43464.12,0,0.4,12,ONE_POINT,100,100,RANDOM,2
402,40300,128.99303698539734,43321,43377.12,0,0.4,12,ONE_POINT,100,100,RANDOM,2
403,40400,129.3353021144867,43272,43275.55,0,0.4,12,ONE_POINT,100,100,RANDOM,2
404,40500,129.71106719970703,43166,43215.8,0,0.4,12,ONE_POINT,100,100,RANDOM,2
405,40600,130.09145641326904,43154,43155.6,0,0.4,12,ONE_POINT,100,100,RANDOM,2
406,40700,130.4181523323059,43113,43140.88,0,0.4,12,ONE_POINT,100,100,RANDOM,2
407,40800,130.7280101776123,43009,43015.24,0,0.4,12,ONE_POINT,100,100,RANDOM,2
408,40900,131.0783176422119,42941,42946.73,0,0.4,12,ONE_POINT,100,100,RANDOM,2
409,41000,131.37104749679565,42911,42920.69,0,0.4,12,ONE_POINT,100,100,RANDOM,2
410,41100,131.68175148963928,42730,42745.05,0,0.4,12,ONE_POINT,100,100,RANDOM,2
411,41200,132.0132656097412,42660,42692.69,0,0.4,12,ONE_POINT,100,100,RANDOM,2
412,41300,132.30849027633667,42582,42590.39,0,0.4,12,ONE_POINT,100,100,RANDOM,2
413,41400,132.595689535141,42522,42528.52,0,0.4,12,ONE_POINT,100,100,RANDOM,2
414,41500,132.93869638442993,42460,42474.33,0,0.4,12,ONE_POINT,100,100,RANDOM,2
415,41600,133.27974390983582,42433,42454.0,0,0.4,12,ONE_POINT,100,100,RANDOM,2
416,41700,133.61676335334778,42396,42400.14,0,0.4,12,ONE_POINT,100,100,RANDOM,2
417,41800,133.90372586250305,42352,42357.12,0,0.4,12,ONE_POINT,100,100,RANDOM,2
418,41900,134.24443364143372,42334,42337.94,0,0.4,12,ONE_POINT,100,100,RANDOM,2
419,42000,134.55607771873474,42314,42326.97,0,0.4,12,ONE_POINT,100,100,RANDOM,2
420,42100,134.85450506210327,42247,42257.75,0,0.4,12,ONE_POINT,100,100,RANDOM,2
421,42200,135.21851706504822,42218,42225.86,0,0.4,12,ONE_POINT,100,100,RANDOM,2
422,42300,135.53285241127014,42182,42183.94,0,0.4,12,ONE_POINT,100,100,RANDOM,2
423,42400,135.82884788513184,42065,42072.67,0,0.4,12,ONE_POINT,100,100,RANDOM,2
424,42500,136.16998958587646,42012,42020.13,0,0.4,12,ONE_POINT,100,100,RANDOM,2
425,42600,136.51446628570557,41959,41963.58,0,0.4,12,ONE_POINT,100,100,RANDOM,2
426,42700,136.8033058643341,41939,41946.87,0,0.4,12,ONE_POINT,100,100,RANDOM,2
427,42800,137.0971555709839,41835,41851.92,0,0.4,12,ONE_POINT,100,100,RANDOM,2
428,42900,137.3812952041626,41784,41790.82,0,0.4,12,ONE_POINT,100,100,RANDOM,2
429,43000,137.68908619880676,41741,41744.95,0,0.4,12,ONE_POINT,100,100,RANDOM,2
430,43100,138.0023307800293,41694,41700.25,0,0.4,12,ONE_POINT,100,100,RANDOM,2
431,43200,138.3172972202301,41658,41662.07,0,0.4,12,ONE_POINT,100,100,RANDOM,2
432,43300,138.65554928779602,41607,41610.78,0,0.4,12,ONE_POINT,100,100,RANDOM,2
433,43400,138.96927118301392,41582,41584.48,0,0.4,12,ONE_POINT,100,100,RANDOM,2
434,43500,139.28118062019348,41544,41556.08,0,0.4,12,ONE_POINT,100,100,RANDOM,2
435,43600,139.5877115726471,41508,41518.95,0,0.4,12,ONE_POINT,100,100,RANDOM,2
436,43700,139.8819055557251,41480,41588.24,0,0.4,12,ONE_POINT,100,100,RANDOM,2
437,43800,140.2036590576172,41426,41428.9,0,0.4,12,ONE_POINT,100,100,RANDOM,2
438,43900,140.49335885047913,41392,41395.22,0,0.4,12,ONE_POINT,100,100,RANDOM,2
439,44000,140.8001320362091,41343,41477.36,0,0.4,12,ONE_POINT,100,100,RANDOM,2
440,44100,141.11227536201477,41288,41293.11,0,0.4,12,ONE_POINT,100,100,RANDOM,2
441,44200,141.42755126953125,41152,41163.61,0,0.4,12,ONE_POINT,100,100,RANDOM,2
442,44300,141.73915767669678,41033,41041.5,0,0.4,12,ONE_POINT,100,100,RANDOM,2
443,44400,142.03441286087036,41012,41016.86,0,0.4,12,ONE_POINT,100,100,RANDOM,2
444,44500,142.37148714065552,40917,41037.02,0,0.4,12,ONE_POINT,100,100,RANDOM,2
445,44600,142.67423963546753,40842,40847.45,0,0.4,12,ONE_POINT,100,100,RANDOM,2
446,44700,143.01120948791504,40764,40769.24,0,0.4,12,ONE_POINT,100,100,RANDOM,2
447,44800,143.33618831634521,40702,40707.65,0,0.4,12,ONE_POINT,100,100,RANDOM,2
448,44900,143.66542172431946,40633,40638.51,0,0.4,12,ONE_POINT,100,100,RANDOM,2
449,45000,143.95436906814575,40595,40602.87,0,0.4,12,ONE_POINT,100,100,RANDOM,2
450,45100,144.25142621994019,40527,40532.14,0,0.4,12,ONE_POINT,100,100,RANDOM,2
451,45200,144.58464550971985,40499,40506.3,0,0.4,12,ONE_POINT,100,100,RANDOM,2
452,45300,144.92253255844116,40477,40485.89,0,0.4,12,ONE_POINT,100,100,RANDOM,2
453,45400,145.2629451751709,40452,40537.78,0,0.4,12,ONE_POINT,100,100,RANDOM,2
454,45500,145.6308012008667,40442,40443.15,0,0.4,12,ONE_POINT,100,100,RANDOM,2
455,45600,145.97338795661926,40403,40406.77,0,0.4,12,ONE_POINT,100,100,RANDOM,2
456,45700,146.32342290878296,40385,40388.93,0,0.4,12,ONE_POINT,100,100,RANDOM,2
457,45800,146.6280484199524,40345,40351.53,0,0.4,12,ONE_POINT,100,100,RANDOM,2
458,45900,146.95374846458435,40290,40294.4,0,0.4,12,ONE_POINT,100,100,RANDOM,2
459,46000,147.24631094932556,40228,40237.55,0,0.4,12,ONE_POINT,100,100,RANDOM,2
460,46100,147.57881832122803,40193,40201.95,0,0.4,12,ONE_POINT,100,100,RANDOM,2
461,46200,147.91664576530457,40123,40128.59,0,0.4,12,ONE_POINT,100,100,RANDOM,2
462,46300,148.2110710144043,40086,40089.47,0,0.4,12,ONE_POINT,100,100,RANDOM,2
463,46400,148.52926015853882,40067,40074.04,0,0.4,12,ONE_POINT,100,100,RANDOM,2
464,46500,148.87164163589478,40051,40053.49,0,0.4,12,ONE_POINT,100,100,RANDOM,2
465,46600,149.18909335136414,39996,40000.72,0,0.4,12,ONE_POINT,100,100,RANDOM,2
466,46700,149.50681972503662,39929,39938.68,0,0.4,12,ONE_POINT,100,100,RANDOM,2
467,46800,149.8235387802124,39902,39910.98,0,0.4,12,ONE_POINT,100,100,RANDOM,2
468,46900,150.11634349822998,39868,39871.98,0,0.4,12,ONE_POINT,100,100,RANDOM,2
469,47000,150.43458771705627,39821,39826.86,0,0.4,12,ONE_POINT,100,100,RANDOM,2
470,47100,150.7336208820343,39785,39791.43,0,0.4,12,ONE_POINT,100,100,RANDOM,2
471,47200,151.02893543243408,39723,39812.23,0,0.4,12,ONE_POINT,100,100,RANDOM,2
472,47300,151.36805057525635,39694,39696.83,0,0.4,12,ONE_POINT,100,100,RANDOM,2
473,47400,151.66145372390747,39664,39669.43,0,0.4,12,ONE_POINT,100,100,RANDOM,2
474,47500,152.00845217704773,39635,39637.36,0,0.4,12,ONE_POINT,100,100,RANDOM,2
475,47600,152.3433380126953,39624,39625.16,0,0.4,12,ONE_POINT,100,100,RANDOM,2
476,47700,152.68907284736633,39581,39586.56,0,0.4,12,ONE_POINT,100,100,RANDOM,2
477,47800,153.0036280155182,39534,39539.71,0,0.4,12,ONE_POINT,100,100,RANDOM,2
478,47900,153.36209845542908,39504,39508.94,0,0.4,12,ONE_POINT,100,100,RANDOM,2
479,48000,153.66829752922058,39491,39496.32,0,0.4,12,ONE_POINT,100,100,RANDOM,2
480,48100,154.00056910514832,39462,39465.21,0,0.4,12,ONE_POINT,100,100,RANDOM,2
481,48200,154.32863068580627,39437,39439.96,0,0.4,12,ONE_POINT,100,100,RANDOM,2
482,48300,154.6186170578003,39401,39407.02,0,0.4,12,ONE_POINT,100,100,RANDOM,2
483,48400,154.9679753780365,39364,39442.81,0,0.4,12,ONE_POINT,100,100,RANDOM,2
484,48500,155.3053333759308,39360,39361.59,0,0.4,12,ONE_POINT,100,100,RANDOM,2
485,48600,155.6283302307129,39332,39338.33,0,0.4,12,ONE_POINT,100,100,RANDOM,2
486,48700,155.95993494987488,39316,39321.49,0,0.4,12,ONE_POINT,100,100,RANDOM,2
487,48800,156.27830457687378,39309,39310.14,0,0.4,12,ONE_POINT,100,100,RANDOM,2
488,48900,156.56940412521362,39230,39234.88,0,0.4,12,ONE_POINT,100,100,RANDOM,2
489,49000,156.87939834594727,39202,39209.36,0,0.4,12,ONE_POINT,100,100,RANDOM,2
490,49100,157.2031764984131,39186,39187.94,0,0.4,12,ONE_POINT,100,100,RANDOM,2
491,49200,157.49751138687134,39113,39120.99,0,0.4,12,ONE_POINT,100,100,RANDOM,2
492,49300,157.81275629997253,39072,39076.06,0,0.4,12,ONE_POINT,100,100,RANDOM,2
493,49400,158.1408805847168,39050,39054.6,0,0.4,12,ONE_POINT,100,100,RANDOM,2
494,49500,158.47490859031677,39018,39070.47,0,0.4,12,ONE_POINT,100,100,RANDOM,2
495,49600,158.81635093688965,38967,38974.32,0,0.4,12,ONE_POINT,100,100,RANDOM,2
496,49700,159.1146092414856,38893,38898.46,0,0.4,12,ONE_POINT,100,100,RANDOM,2
497,49800,159.40226769447327,38831,38837.85,0,0.4,12,ONE_POINT,100,100,RANDOM,2
498,49900,159.73875904083252,38796,38800.73,0,0.4,12,ONE_POINT,100,100,RANDOM,2
499,50000,160.08219408988953,38749,38762.08,0,0.4,12,ONE_POINT,100,100,RANDOM,2
500,50100,160.39111971855164,38727,38729.77,0,0.4,12,ONE_POINT,100,100,RANDOM,2
