num-generations,num-evaluations,time-elapsed,best-fitness,avg-fitness,elite-frac,alpha,elitist_size,crossover-method,population-size,num-points,initialization,seed
1,200,0.24867749214172363,134707,134940.91,0,0.4,8,ONE_POINT,100,100,RANDOM,0
2,300,0.5944035053253174,132451,132496.12,0,0.4,8,ONE_POINT,100,100,RANDOM,0
3,400,0.9438235759735107,130930,130961.14,0,0.4,8,ONE_POINT,100,100,RANDOM,0
4,500,1.2881858348846436,130471,130478.75,0,0.4,8,ONE_POINT,100,100,RANDOM,0
5,600,1.638836145401001,128982,129029.4,0,0.4,8,ONE_POINT,100,100,RANDOM,0
6,700,1.9887657165527344,126335,126387.94,0,0.4,8,ONE_POINT,100,100,RANDOM,0
7,800,2.3441789150238037,125641,125654.88,0,0.4,8,ONE_POINT,100,100,RANDOM,0
8,900,2.697221279144287,124918,124937.9,0,0.4,8,ONE_POINT,100,100,RANDOM,0
9,1000,3.027377128601074,124445,124455.58,0,0.4,8,ONE_POINT,100,100,RANDOM,0
10,1100,3.3930208683013916,123915,123934.27,0,0.4,8,ONE_POINT,100,100,RANDOM,0
11,1200,3.7480053901672363,123176,123190.78,0,0.4,8,ONE_POINT,100,100,RANDOM,0
12,1300,4.090449094772339,122198,122216.57,0,0.4,8,ONE_POINT,100,100,RANDOM,0
13,1400,4.435449600219727,121488,121502.2,0,0.4,8,ONE_POINT,100,100,RANDOM,0
14,1500,4.75624418258667,121052,121060.72,0,0.4,8,ONE_POINT,100,100,RANDOM,0
15,1600,5.090420246124268,120549,120559.06,0,0.4,8,ONE_POINT,100,100,RANDOM,0
16,1700,5.422733783721924,119974,119985.62,0,0.4,8,ONE_POINT,100,100,RANDOM,0
17,1800,5.765833139419556,119467,119476.49,0,0.4,8,ONE_POINT,100,100,RANDOM,0
18,1900,6.103205919265747,119109,119116.16,0,0.4,8,ONE_POINT,100,100,RANDOM,0
19,2000,6.445488452911377,118357,118372.04,0,0.4,8,ONE_POINT,100,100,RANDOM,0
20,2100,6.759515047073364,117881,117903.19,0,0.4,8,ONE_POINT,100,100,RANDOM,0
21,2200,7.0859503746032715,116457,116471.24,0,0.4,8,ONE_POINT,100,100,RANDOM,0
22,2300,7.471397161483765,116103,116110.08,0,0.4,8,ONE_POINT,100,100,RANDOM,0
23,2400,7.8122522830963135,115699,115718.7,0,0.4,8,ONE_POINT,100,100,RANDOM,0
24,2500,8.186431169509888,114835,114852.28,0,0.4,8,ONE_POINT,100,100,RANDOM,0
25,2600,8.498426914215088,114588,114616.46,0,0.4,8,ONE_POINT,100,100,RANDOM,0
26,2700,8.849331617355347,114025,114036.26,0,0.4,8,ONE_POINT,100,100,RANDOM,0
27,2800,9.186405897140503,113621,113636.19,0,0.4,8,ONE_POINT,100,100,RANDOM,0
28,2900,9.525804281234741,113263,113277.78,0,0.4,8,ONE_POINT,100,100,RANDOM,0
29,3000,9.887136697769165,111463,111499.3,0,0.4,8,ONE_POINT,100,100,RANDOM,0
30,3100,10.191543579101562,110560,110613.99,0,0.4,8,ONE_POINT,100,100,RANDOM,0
31,3200,10.503476858139038,110290,110300.35,0,0.4,8,ONE_POINT,100,100,RANDOM,0
32,3300,10.795462369918823,109641,109744.23,0,0.4,8,ONE_POINT,100,100,RANDOM,0
33,3400,11.099495649337769,108954,108975.81,0,0.4,8,ONE_POINT,100,100,RANDOM,0
34,3500,11.393518924713135,108635,108648.27,0,0.4,8,ONE_POINT,100,100,RANDOM,0
35,3600,11.726248979568481,108067,108078.36,0,0.4,8,ONE_POINT,100,100,RANDOM,0
36,3700,12.062867403030396,107732,107738.7,0,0.4,8,ONE_POINT,100,100,RANDOM,0
37,3800,12.405651569366455,107327,107336.93,0,0.4,8,ONE_POINT,100,100,RANDOM,0
38,3900,12.714660406112671,106999,107019.52,0,0.4,8,ONE_POINT,100,100,RANDOM,0
39,4000,13.05414605140686,106598,106652.89,0,0.4,8,ONE_POINT,100,100,RANDOM,0
40,4100,13.390594244003296,106022,106116.53,0,0.4,8,ONE_POINT,100,100,RANDOM,0
41,4200,13.689982414245605,105521,105536.03,0,0.4,8,ONE_POINT,100,100,RANDOM,0
42,4300,14.003998517990112,105139,105155.45,0,0.4,8,ONE_POINT,100,100,RANDOM,0
43,4400,14.352495431900024,104437,104450.89,0,0.4,8,ONE_POINT,100,100,RANDOM,0
44,4500,14.695471286773682,104112,104121.75,0,0.4,8,ONE_POINT,100,100,RANDOM,0
45,4600,15.02558970451355,103736,103752.65,0,0.4,8,ONE_POINT,100,100,RANDOM,0
46,4700,15.343579530715942,103395,103408.64,0,0.4,8,ONE_POINT,100,100,RANDOM,0
47,4800,15.658421516418457,102859,102869.72,0,0.4,8,ONE_POINT,100,100,RANDOM,0
48,4900,15.97136902809143,102502,102520.78,0,0.4,8,ONE_POINT,100,100,RANDOM,0
49,5000,16.286264181137085,102118,102125.68,0,0.4,8,ONE_POINT,100,100,RANDOM,0
50,5100,16.63122320175171,101527,101545.35,0,0.4,8,ONE_POINT,100,100,RANDOM,0
51,5200,16.978135108947754,101168,101192.16,0,0.4,8,ONE_POINT,100,100,RANDOM,0
52,5300,17.295958518981934,100465,100479.06,0,0.4,8,ONE_POINT,100,100,RANDOM,0
53,5400,17.642046451568604,100207,100281.89,0,0.4,8,ONE_POINT,100,100,RANDOM,0
54,5500,18.01753878593445,100038,100044.76,0,0.4,8,ONE_POINT,100,100,RANDOM,0
55,5600,18.359538793563843,99387,99424.3,0,0.4,8,ONE_POINT,100,100,RANDOM,0
56,5700,18.69483184814453,99040,99050.41,0,0.4,8,ONE_POINT,100,100,RANDOM,0
57,5800,18.988185167312622,98783,98795.57,0,0.4,8,ONE_POINT,100,100,RANDOM,0
58,5900,19.306740283966064,98350,98364.09,0,0.4,8,ONE_POINT,100,100,RANDOM,0
59,6000,19.60045599937439,98077,98085.19,0,0.4,8,ONE_POINT,100,100,RANDOM,0
60,6100,19.92638659477234,97836,97866.6,0,0.4,8,ONE_POINT,100,100,RANDOM,0
61,6200,20.223943948745728,97541,97555.15,0,0.4,8,ONE_POINT,100,100,RANDOM,0
62,6300,20.559746265411377,97277,97303.68,0,0.4,8,ONE_POINT,100,100,RANDOM,0
63,6400,20.90453839302063,96904,96917.9,0,0.4,8,ONE_POINT,100,100,RANDOM,0
64,6500,21.24034833908081,96574,96612.64,0,0.4,8,ONE_POINT,100,100,RANDOM,0
65,6600,21.562290906906128,96191,96202.49,0,0.4,8,ONE_POINT,100,100,RANDOM,0
66,6700,21.868305206298828,95900,95920.28,0,0.4,8,ONE_POINT,100,100,RANDOM,0
67,6800,22.21334433555603,95666,95675.36,0,0.4,8,ONE_POINT,100,100,RANDOM,0
68,6900,22.510738134384155,95428,95438.12,0,0.4,8,ONE_POINT,100,100,RANDOM,0
69,7000,22.84672975540161,95070,95091.35,0,0.4,8,ONE_POINT,100,100,RANDOM,0
70,7100,23.14436936378479,94777,94783.34,0,0.4,8,ONE_POINT,100,100,RANDOM,0
71,7200,23.457021713256836,94551,94563.72,0,0.4,8,ONE_POINT,100,100,RANDOM,0
72,7300,23.80349040031433,94255,94331.84,0,0.4,8,ONE_POINT,100,100,RANDOM,0
73,7400,24.13629698753357,93904,93950.83,0,0.4,8,ONE_POINT,100,100,RANDOM,0
74,7500,24.448602199554443,93638,93648.9,0,0.4,8,ONE_POINT,100,100,RANDOM,0
75,7600,24.76171112060547,93300,93306.81,0,0.4,8,ONE_POINT,100,100,RANDOM,0
76,7700,25.11437439918518,93078,93091.35,0,0.4,8,ONE_POINT,100,100,RANDOM,0
77,7800,25.470818519592285,92747,92825.16,0,0.4,8,ONE_POINT,100,100,RANDOM,0
78,7900,25.797175884246826,92616,92622.34,0,0.4,8,ONE_POINT,100,100,RANDOM,0
79,8000,26.102081298828125,92123,92142.38,0,0.4,8,ONE_POINT,100,100,RANDOM,0
80,8100,26.46634578704834,91730,91771.59,0,0.4,8,ONE_POINT,100,100,RANDOM,0
81,8200,26.788995265960693,91407,91442.15,0,0.4,8,ONE_POINT,100,100,RANDOM,0
82,8300,27.12691378593445,91146,91159.27,0,0.4,8,ONE_POINT,100,100,RANDOM,0
83,8400,27.448911666870117,91055,91060.04,0,0.4,8,ONE_POINT,100,100,RANDOM,0
84,8500,27.755348682403564,90628,90645.84,0,0.4,8,ONE_POINT,100,100,RANDOM,0
85,8600,28.07590675354004,90305,90315.15,0,0.4,8,ONE_POINT,100,100,RANDOM,0
86,8700,28.419655561447144,90099,90105.61,0,0.4,8,ONE_POINT,100,100,RANDOM,0
87,8800,28.739928007125854,89951,89958.4,0,0.4,8,ONE_POINT,100,100,RANDOM,0
88,8900,29.06795382499695,89692,89702.86,0,0.4,8,ONE_POINT,100,100,RANDOM,0
89,9000,29.357442617416382,89406,89423.8,0,0.4,8,ONE_POINT,100,100,RANDOM,0
90,9100,29.66609239578247,89011,89023.25,0,0.4,8,ONE_POINT,100,100,RANDOM,0
91,9200,29.986836671829224,88775,88783.92,0,0.4,8,ONE_POINT,100,100,RANDOM,0
92,9300,30.330663919448853,88546,88559.97,0,0.4,8,ONE_POINT,100,100,RANDOM,0
93,9400,30.66145634651184,88343,88369.98,0,0.4,8,ONE_POINT,100,100,RANDOM,0
94,9500,30.952401638031006,87759,87777.93,0,0.4,8,ONE_POINT,100,100,RANDOM,0
95,9600,31.25523042678833,87435,87447.94,0,0.4,8,ONE_POINT,100,100,RANDOM,0
96,9700,31.54391312599182,86945,86964.6,0,0.4,8,ONE_POINT,100,100,RANDOM,0
97,9800,31.905588388442993,86751,86762.64,0,0.4,8,ONE_POINT,100,100,RANDOM,0
98,9900,32.239739179611206,86503,86512.48,0,0.4,8,ONE_POINT,100,100,RANDOM,0
99,10000,32.54827308654785,86326,86334.85,0,0.4,8,ONE_POINT,100,100,RANDOM,0
100,10100,32.85746479034424,86140,86161.95,0,0.4,8,ONE_POINT,100,100,RANDOM,0
101,10200,33.201497316360474,85930,86022.02,0,0.4,8,ONE_POINT,100,100,RANDOM,0
102,10300,33.50664496421814,85702,85713.4,0,0.4,8,ONE_POINT,100,100,RANDOM,0
103,10400,33.82968544960022,85453,85469.75,0,0.4,8,ONE_POINT,100,100,RANDOM,0
104,10500,34.18542718887329,85175,85193.29,0,0.4,8,ONE_POINT,100,100,RANDOM,0
105,10600,34.53116798400879,84839,84855.97,0,0.4,8,ONE_POINT,100,100,RANDOM,0
106,10700,34.86447858810425,84601,84615.26,0,0.4,8,ONE_POINT,100,100,RANDOM,0
107,10800,35.183013677597046,84431,84440.82,0,0.4,8,ONE_POINT,100,100,RANDOM,0
108,10900,35.51373076438904,84257,84262.85,0,0.4,8,ONE_POINT,100,100,RANDOM,0
109,11000,35.85047268867493,84067,84084.97,0,0.4,8,ONE_POINT,100,100,RANDOM,0
110,11100,36.18651056289673,83900,83907.9,0,0.4,8,ONE_POINT,100,100,RANDOM,0
111,11200,36.52765703201294,83546,83560.09,0,0.4,8,ONE_POINT,100,100,RANDOM,0
112,11300,36.81713533401489,83317,83369.64,0,0.4,8,ONE_POINT,100,100,RANDOM,0
113,11400,37.10586595535278,83116,83124.04,0,0.4,8,ONE_POINT,100,100,RANDOM,0
114,11500,37.42775011062622,82886,82897.41,0,0.4,8,ONE_POINT,100,100,RANDOM,0
115,11600,37.78011465072632,82673,82690.26,0,0.4,8,ONE_POINT,100,100,RANDOM,0
116,11700,38.068771839141846,82378,82387.86,0,0.4,8,ONE_POINT,100,100,RANDOM,0
117,11800,38.36457681655884,82191,82233.56,0,0.4,8,ONE_POINT,100,100,RANDOM,0
118,11900,38.69919300079346,81995,82010.09,0,0.4,8,ONE_POINT,100,100,RANDOM,0
119,12000,39.03231620788574,81713,81724.28,0,0.4,8,ONE_POINT,100,100,RANDOM,0
120,12100,39.37745261192322,81503,81516.27,0,0.4,8,ONE_POINT,100,100,RANDOM,0
121,12200,39.70590949058533,81257,81273.79,0,0.4,8,ONE_POINT,100,100,RANDOM,0
122,12300,39.99715518951416,81063,81076.49,0,0.4,8,ONE_POINT,100,100,RANDOM,0
123,12400,40.30140924453735,80869,80880.75,0,0.4,8,ONE_POINT,100,100,RANDOM,0
124,12500,40.63610768318176,80465,80481.0,0,0.4,8,ONE_POINT,100,100,RANDOM,0
125,12600,40.929603099823,80195,80204.94,0,0.4,8,ONE_POINT,100,100,RANDOM,0
126,12700,41.28124713897705,80071,80078.3,0,0.4,8,ONE_POINT,100,100,RANDOM,0
127,12800,41.60251712799072,79797,79808.16,0,0.4,8,ONE_POINT,100,100,RANDOM,0
128,12900,41.933634757995605,79555,79564.68,0,0.4,8,ONE_POINT,100,100,RANDOM,0
129,13000,42.224318742752075,79157,79175.58,0,0.4,8,ONE_POINT,100,100,RANDOM,0
130,13100,42.53808569908142,78884,78899.53,0,0.4,8,ONE_POINT,100,100,RANDOM,0
131,13200,42.830482721328735,78492,78503.76,0,0.4,8,ONE_POINT,100,100,RANDOM,0
132,13300,43.1634738445282,78356,78365.33,0,0.4,8,ONE_POINT,100,100,RANDOM,0
133,13400,43.45443153381348,78244,78259.92,0,0.4,8,ONE_POINT,100,100,RANDOM,0
134,13500,43.8239905834198,78003,78015.93,0,0.4,8,ONE_POINT,100,100,RANDOM,0
135,13600,44.12525129318237,77718,77729.4,0,0.4,8,ONE_POINT,100,100,RANDOM,0
136,13700,44.448970079422,77508,77566.34,0,0.4,8,ONE_POINT,100,100,RANDOM,0
137,13800,44.754401445388794,77274,77285.08,0,0.4,8,ONE_POINT,100,100,RANDOM,0
138,13900,45.07023620605469,76883,76898.64,0,0.4,8,ONE_POINT,100,100,RANDOM,0
139,14000,45.360501766204834,76751,76755.74,0,0.4,8,ONE_POINT,100,100,RANDOM,0
140,14100,45.687870502471924,76663,76667.5,0,0.4,8,ONE_POINT,100,100,RANDOM,0
141,14200,46.00054407119751,76335,76348.48,0,0.4,8,ONE_POINT,100,100,RANDOM,0
142,14300,46.305227518081665,76085,76090.0,0,0.4,8,ONE_POINT,100,100,RANDOM,0
143,14400,46.597729444503784,75828,75838.35,0,0.4,8,ONE_POINT,100,100,RANDOM,0
144,14500,46.90835475921631,75621,75648.55,0,0.4,8,ONE_POINT,100,100,RANDOM,0
145,14600,47.219462394714355,75451,75458.81,0,0.4,8,ONE_POINT,100,100,RANDOM,0
146,14700,47.56413698196411,75308,75316.04,0,0.4,8,ONE_POINT,100,100,RANDOM,0
147,14800,47.90582299232483,75086,75094.98,0,0.4,8,ONE_POINT,100,100,RANDOM,0
148,14900,48.19561576843262,74878,74920.33,0,0.4,8,ONE_POINT,100,100,RANDOM,0
149,15000,48.48741555213928,74771,74776.63,0,0.4,8,ONE_POINT,100,100,RANDOM,0
150,15100,48.779385805130005,74602,74613.95,0,0.4,8,ONE_POINT,100,100,RANDOM,0
151,15200,49.11167311668396,74286,74300.1,0,0.4,8,ONE_POINT,100,100,RANDOM,0
152,15300,49.45143389701843,74088,74100.62,0,0.4,8,ONE_POINT,100,100,RANDOM,0
153,15400,49.77127146720886,73941,73953.49,0,0.4,8,ONE_POINT,100,100,RANDOM,0
154,15500,50.102306842803955,73862,73869.19,0,0.4,8,ONE_POINT,100,100,RANDOM,0
155,15600,50.451006174087524,73734,73741.68,0,0.4,8,ONE_POINT,100,100,RANDOM,0
156,15700,50.802661180496216,73544,73557.36,0,0.4,8,ONE_POINT,100,100,RANDOM,0
157,15800,51.12453866004944,73455,73460.7,0,0.4,8,ONE_POINT,100,100,RANDOM,0
158,15900,51.4638671875,73218,73230.26,0,0.4,8,ONE_POINT,100,100,RANDOM,0
159,16000,51.77459907531738,72922,72941.54,0,0.4,8,ONE_POINT,100,100,RANDOM,0
160,16100,52.0878267288208,72764,72777.79,0,0.4,8,ONE_POINT,100,100,RANDOM,0
161,16200,52.39483046531677,72580,72595.42,0,0.4,8,ONE_POINT,100,100,RANDOM,0
162,16300,52.693724632263184,72167,72183.69,0,0.4,8,ONE_POINT,100,100,RANDOM,0
163,16400,52.9864399433136,71977,71986.5,0,0.4,8,ONE_POINT,100,100,RANDOM,0
164,16500,53.322919607162476,71859,71868.29,0,0.4,8,ONE_POINT,100,100,RANDOM,0
165,16600,53.61821150779724,71688,71694.84,0,0.4,8,ONE_POINT,100,100,RANDOM,0
166,16700,53.92564606666565,71589,71594.94,0,0.4,8,ONE_POINT,100,100,RANDOM,0
167,16800,54.27056646347046,71417,71428.27,0,0.4,8,ONE_POINT,100,100,RANDOM,0
168,16900,54.58280944824219,71349,71355.82,0,0.4,8,ONE_POINT,100,100,RANDOM,0
169,17000,54.89414930343628,71232,71247.52,0,0.4,8,ONE_POINT,100,100,RANDOM,0
170,17100,55.203969955444336,70940,70953.77,0,0.4,8,ONE_POINT,100,100,RANDOM,0
171,17200,55.54009246826172,70789,70801.45,0,0.4,8,ONE_POINT,100,100,RANDOM,0
172,17300,55.89091515541077,70566,70582.96,0,0.4,8,ONE_POINT,100,100,RANDOM,0
173,17400,56.2354679107666,70461,70467.3,0,0.4,8,ONE_POINT,100,100,RANDOM,0
174,17500,56.580363035202026,70189,70200.65,0,0.4,8,ONE_POINT,100,100,RANDOM,0
175,17600,56.90068221092224,70054,70061.65,0,0.4,8,ONE_POINT,100,100,RANDOM,0
176,17700,57.20224666595459,69832,69849.95,0,0.4,8,ONE_POINT,100,100,RANDOM,0
177,17800,57.50182127952576,69679,69688.03,0,0.4,8,ONE_POINT,100,100,RANDOM,0
178,17900,57.83178949356079,69603,69608.71,0,0.4,8,ONE_POINT,100,100,RANDOM,0
179,18000,58.175193309783936,69328,69339.0,0,0.4,8,ONE_POINT,100,100,RANDOM,0
180,18100,58.476417779922485,69202,69211.0,0,0.4,8,ONE_POINT,100,100,RANDOM,0
181,18200,58.769256353378296,69123,69130.21,0,0.4,8,ONE_POINT,100,100,RANDOM,0
182,18300,59.056825399398804,68883,68893.34,0,0.4,8,ONE_POINT,100,100,RANDOM,0
183,18400,59.344685077667236,68630,68639.75,0,0.4,8,ONE_POINT,100,100,RANDOM,0
184,18500,59.66901969909668,68338,68350.88,0,0.4,8,ONE_POINT,100,100,RANDOM,0
185,18600,59.97109055519104,67785,67801.59,0,0.4,8,ONE_POINT,100,100,RANDOM,0
186,18700,60.268123388290405,67637,67651.24,0,0.4,8,ONE_POINT,100,100,RANDOM,0
187,18800,60.599148750305176,67508,67516.94,0,0.4,8,ONE_POINT,100,100,RANDOM,0
188,18900,60.935532331466675,67381,67389.71,0,0.4,8,ONE_POINT,100,100,RANDOM,0
189,19000,61.26264500617981,67253,67268.89,0,0.4,8,ONE_POINT,100,100,RANDOM,0
190,19100,61.61417889595032,67027,67142.17,0,0.4,8,ONE_POINT,100,100,RANDOM,0
191,19200,61.93582081794739,66849,66859.63,0,0.4,8,ONE_POINT,100,100,RANDOM,0
192,19300,62.25226950645447,66458,66473.64,0,0.4,8,ONE_POINT,100,100,RANDOM,0
193,19400,62.563650608062744,66385,66390.25,0,0.4,8,ONE_POINT,100,100,RANDOM,0
194,19500,62.87919640541077,66160,66169.0,0,0.4,8,ONE_POINT,100,100,RANDOM,0
195,19600,63.187674045562744,65925,65936.51,0,0.4,8,ONE_POINT,100,100,RANDOM,0
196,19700,63.48350524902344,65751,65762.27,0,0.4,8,ONE_POINT,100,100,RANDOM,0
197,19800,63.78406858444214,65648,65663.22,0,0.4,8,ONE_POINT,100,100,RANDOM,0
198,19900,64.11774849891663,65463,65479.62,0,0.4,8,ONE_POINT,100,100,RANDOM,0
199,20000,64.41569566726685,65370,65376.56,0,0.4,8,ONE_POINT,100,100,RANDOM,0
200,20100,64.72971034049988,65275,65314.15,0,0.4,8,ONE_POINT,100,100,RANDOM,0
201,20200,65.06636357307434,65103,65116.49,0,0.4,8,ONE_POINT,100,100,RANDOM,0
202,20300,65.41139578819275,64975,64984.28,0,0.4,8,ONE_POINT,100,100,RANDOM,0
203,20400,65.73817849159241,64859,64865.96,0,0.4,8,ONE_POINT,100,100,RANDOM,0
204,20500,66.10177516937256,64750,64757.63,0,0.4,8,ONE_POINT,100,100,RANDOM,0
205,20600,66.42701244354248,64554,64562.79,0,0.4,8,ONE_POINT,100,100,RANDOM,0
206,20700,66.74471926689148,64265,64286.5,0,0.4,8,ONE_POINT,100,100,RANDOM,0
207,20800,67.09552478790283,64176,64187.5,0,0.4,8,ONE_POINT,100,100,RANDOM,0
208,20900,67.41677379608154,63941,64082.29,0,0.4,8,ONE_POINT,100,100,RANDOM,0
209,21000,67.70927906036377,63807,63817.02,0,0.4,8,ONE_POINT,100,100,RANDOM,0
210,21100,68.01772212982178,63618,63632.42,0,0.4,8,ONE_POINT,100,100,RANDOM,0
211,21200,68.37316584587097,63504,63510.66,0,0.4,8,ONE_POINT,100,100,RANDOM,0
212,21300,68.70186185836792,63358,63366.67,0,0.4,8,ONE_POINT,100,100,RANDOM,0
213,21400,69.00419092178345,63208,63217.59,0,0.4,8,ONE_POINT,100,100,RANDOM,0
214,21500,69.32824110984802,63102,63146.52,0,0.4,8,ONE_POINT,100,100,RANDOM,0
215,21600,69.63442277908325,62962,62969.9,0,0.4,8,ONE_POINT,100,100,RANDOM,0
216,21700,69.9333028793335,62826,62833.15,0,0.4,8,ONE_POINT,100,100,RANDOM,0
217,21800,70.24363231658936,62699,62705.38,0,0.4,8,ONE_POINT,100,100,RANDOM,0
218,21900,70.5579845905304,62573,62588.86,0,0.4,8,ONE_POINT,100,100,RANDOM,0
219,22000,70.90976285934448,62382,62399.22,0,0.4,8,ONE_POINT,100,100,RANDOM,0
220,22100,71.23594617843628,62288,62300.15,0,0.4,8,ONE_POINT,100,100,RANDOM,0
221,22200,71.5271565914154,62110,62127.1,0,0.4,8,ONE_POINT,100,100,RANDOM,0
222,22300,71.84646272659302,61921,61930.22,0,0.4,8,ONE_POINT,100,100,RANDOM,0
223,22400,72.16470003128052,61773,61778.76,0,0.4,8,ONE_POINT,100,100,RANDOM,0
224,22500,72.45810103416443,61639,61646.63,0,0.4,8,ONE_POINT,100,100,RANDOM,0
225,22600,72.7848470211029,61504,61683.03,0,0.4,8,ONE_POINT,100,100,RANDOM,0
226,22700,73.10719108581543,61340,61504.15,0,0.4,8,ONE_POINT,100,100,RANDOM,0
227,22800,73.43114709854126,61180,61189.39,0,0.4,8,ONE_POINT,100,100,RANDOM,0
228,22900,73.72213816642761,61100,61107.78,0,0.4,8,ONE_POINT,100,100,RANDOM,0
229,23000,74.067049741745,61026,61031.35,0,0.4,8,ONE_POINT,100,100,RANDOM,0
230,23100,74.38789820671082,60890,60901.59,0,0.4,8,ONE_POINT,100,100,RANDOM,0
231,23200,74.7127902507782,60669,60681.75,0,0.4,8,ONE_POINT,100,100,RANDOM,0
232,23300,75.05302143096924,60594,60600.78,0,0.4,8,ONE_POINT,100,100,RANDOM,0
233,23400,75.35685873031616,60533,60542.98,0,0.4,8,ONE_POINT,100,100,RANDOM,0
234,23500,75.64976739883423,60377,60390.37,0,0.4,8,ONE_POINT,100,100,RANDOM,0
235,23600,75.95745897293091,60139,60150.55,0,0.4,8,ONE_POINT,100,100,RANDOM,0
236,23700,76.29598474502563,59987,59995.96,0,0.4,8,ONE_POINT,100,100,RANDOM,0
237,23800,76.64385175704956,59851,59859.16,0,0.4,8,ONE_POINT,100,100,RANDOM,0
238,23900,76.95149970054626,59744,59750.42,0,0.4,8,ONE_POINT,100,100,RANDOM,0
239,24000,77.30022740364075,59570,59580.45,0,0.4,8,ONE_POINT,100,100,RANDOM,0
240,24100,77.63655662536621,59509,59513.92,0,0.4,8,ONE_POINT,100,100,RANDOM,0
241,24200,77.95341229438782,59407,59412.68,0,0.4,8,ONE_POINT,100,100,RANDOM,0
242,24300,78.30791163444519,59296,59320.01,0,0.4,8,ONE_POINT,100,100,RANDOM,0
243,24400,78.63701868057251,59228,59235.88,0,0.4,8,ONE_POINT,100,100,RANDOM,0
244,24500,78.95074462890625,59177,59182.54,0,0.4,8,ONE_POINT,100,100,RANDOM,0
245,24600,79.28314208984375,59026,59043.95,0,0.4,8,ONE_POINT,100,100,RANDOM,0
246,24700,79.64199781417847,58836,58849.91,0,0.4,8,ONE_POINT,100,100,RANDOM,0
247,24800,79.94042372703552,58624,58632.48,0,0.4,8,ONE_POINT,100,100,RANDOM,0
248,24900,80.22840285301208,58408,58453.97,0,0.4,8,ONE_POINT,100,100,RANDOM,0
249,25000,80.56234407424927,58296,58304.88,0,0.4,8,ONE_POINT,100,100,RANDOM,0
250,25100,80.8601667881012,58149,58231.98,0,0.4,8,ONE_POINT,100,100,RANDOM,0
251,25200,81.15679025650024,58059,58069.0,0,0.4,8,ONE_POINT,100,100,RANDOM,0
252,25300,81.45726156234741,57977,57982.55,0,0.4,8,ONE_POINT,100,100,RANDOM,0
253,25400,81.82656025886536,57833,57841.65,0,0.4,8,ONE_POINT,100,100,RANDOM,0
254,25500,82.16272139549255,57616,57626.85,0,0.4,8,ONE_POINT,100,100,RANDOM,0
255,25600,82.47262215614319,57368,57384.81,0,0.4,8,ONE_POINT,100,100,RANDOM,0
256,25700,82.78955173492432,57230,57237.9,0,0.4,8,ONE_POINT,100,100,RANDOM,0
257,25800,83.16906929016113,56914,56926.48,0,0.4,8,ONE_POINT,100,100,RANDOM,0
258,25900,83.45646524429321,56738,56772.06,0,0.4,8,ONE_POINT,100,100,RANDOM,0
259,26000,83.81378602981567,56615,56622.38,0,0.4,8,ONE_POINT,100,100,RANDOM,0
260,26100,84.14991641044617,56538,56545.85,0,0.4,8,ONE_POINT,100,100,RANDOM,0
261,26200,84.44371891021729,56412,56506.89,0,0.4,8,ONE_POINT,100,100,RANDOM,0
262,26300,84.78846287727356,56301,56307.66,0,0.4,8,ONE_POINT,100,100,RANDOM,0
263,26400,85.10571908950806,56193,56202.88,0,0.4,8,ONE_POINT,100,100,RANDOM,0
264,26500,85.417076587677,55992,56005.54,0,0.4,8,ONE_POINT,100,100,RANDOM,0
265,26600,85.71461868286133,55913,55920.2,0,0.4,8,ONE_POINT,100,100,RANDOM,0
266,26700,86.04864382743835,55889,55891.71,0,0.4,8,ONE_POINT,100,100,RANDOM,0
267,26800,86.3471291065216,55833,55837.55,0,0.4,8,ONE_POINT,100,100,RANDOM,0
268,26900,86.65846753120422,55728,55800.55,0,0.4,8,ONE_POINT,100,100,RANDOM,0
269,27000,86.98735356330872,55660,55666.51,0,0.4,8,ONE_POINT,100,100,RANDOM,0
270,27100,87.31346607208252,55569,55576.82,0,0.4,8,ONE_POINT,100,100,RANDOM,0
271,27200,87.65253925323486,55420,55435.76,0,0.4,8,ONE_POINT,100,100,RANDOM,0
272,27300,87.9983491897583,55353,55358.64,0,0.4,8,ONE_POINT,100,100,RANDOM,0
273,27400,88.33890914916992,55279,55369.88,0,0.4,8,ONE_POINT,100,100,RANDOM,0
274,27500,88.62795972824097,55214,55220.68,0,0.4,8,ONE_POINT,100,100,RANDOM,0
275,27600,88.95377111434937,55158,55162.48,0,0.4,8,ONE_POINT,100,100,RANDOM,0
276,27700,89.28655815124512,54950,54961.05,0,0.4,8,ONE_POINT,100,100,RANDOM,0
277,27800,89.5950129032135,54826,54835.88,0,0.4,8,ONE_POINT,100,100,RANDOM,0
278,27900,89.92507433891296,54592,54603.66,0,0.4,8,ONE_POINT,100,100,RANDOM,0
279,28000,90.26063203811646,54479,54489.25,0,0.4,8,ONE_POINT,100,100,RANDOM,0
280,28100,90.56586122512817,54325,54340.69,0,0.4,8,ONE_POINT,100,100,RANDOM,0
281,28200,90.91624855995178,54278,54356.76,0,0.4,8,ONE_POINT,100,100,RANDOM,0
282,28300,91.26633358001709,54118,54126.68,0,0.4,8,ONE_POINT,100,100,RANDOM,0
283,28400,91.60193610191345,54027,54032.31,0,0.4,8,ONE_POINT,100,100,RANDOM,0
284,28500,91.90024614334106,53756,53776.59,0,0.4,8,ONE_POINT,100,100,RANDOM,0
285,28600,92.22724390029907,53699,53706.09,0,0.4,8,ONE_POINT,100,100,RANDOM,0
286,28700,92.56126499176025,53456,53473.31,0,0.4,8,ONE_POINT,100,100,RANDOM,0
287,28800,92.88851475715637,53416,53423.1,0,0.4,8,ONE_POINT,100,100,RANDOM,0
288,28900,93.17971515655518,53347,53351.83,0,0.4,8,ONE_POINT,100,100,RANDOM,0
289,29000,93.51325035095215,53242,53260.94,0,0.4,8,ONE_POINT,100,100,RANDOM,0
290,29100,93.84148478507996,53180,53287.51,0,0.4,8,ONE_POINT,100,100,RANDOM,0
291,29200,94.17892003059387,53045,53059.57,0,0.4,8,ONE_POINT,100,100,RANDOM,0
292,29300,94.49826383590698,52846,52862.05,0,0.4,8,ONE_POINT,100,100,RANDOM,0
293,29400,94.80478358268738,52775,52779.26,0,0.4,8,ONE_POINT,100,100,RANDOM,0
294,29500,95.15311455726624,52723,52728.21,0,0.4,8,ONE_POINT,100,100,RANDOM,0
295,29600,95.47268509864807,52613,52629.23,0,0.4,8,ONE_POINT,100,100,RANDOM,0
296,29700,95.79038071632385,52582,52584.83,0,0.4,8,ONE_POINT,100,100,RANDOM,0
297,29800,96.11576676368713,52522,52527.12,0,0.4,8,ONE_POINT,100,100,RANDOM,0
298,29900,96.42655658721924,52277,52289.37,0,0.4,8,ONE_POINT,100,100,RANDOM,0
299,30000,96.77653050422668,52207,52212.26,0,0.4,8,ONE_POINT,100,100,RANDOM,0
300,30100,97.06517767906189,52115,52122.14,0,0.4,8,ONE_POINT,100,100,RANDOM,0
301,30200,97.36922764778137,52080,52091.05,0,0.4,8,ONE_POINT,100,100,RANDOM,0
302,30300,97.73274040222168,51967,51976.6,0,0.4,8,ONE_POINT,100,100,RANDOM,0
303,30400,98.0704243183136,51867,51883.37,0,0.4,8,ONE_POINT,100,100,RANDOM,0
304,30500,98.4011595249176,51840,51922.21,0,0.4,8,ONE_POINT,100,100,RANDOM,0
305,30600,98.75498723983765,51698,51706.31,0,0.4,8,ONE_POINT,100,100,RANDOM,0
306,30700,99.06145596504211,51639,51647.83,0,0.4,8,ONE_POINT,100,100,RANDOM,0
307,30800,99.39347577095032,51581,51591.35,0,0.4,8,ONE_POINT,100,100,RANDOM,0
308,30900,99.72034764289856,51528,51538.65,0,0.4,8,ONE_POINT,100,100,RANDOM,0
309,31000,100.01526665687561,51464,51470.29,0,0.4,8,ONE_POINT,100,100,RANDOM,0
310,31100,100.32666778564453,51337,51344.62,0,0.4,8,ONE_POINT,100,100,RANDOM,0
311,31200,100.65406656265259,51249,51255.64,0,0.4,8,ONE_POINT,100,100,RANDOM,0
312,31300,101.0016086101532,51178,51187.49,0,0.4,8,ONE_POINT,100,100,RANDOM,0
313,31400,101.32313466072083,51083,51089.68,0,0.4,8,ONE_POINT,100,100,RANDOM,0
314,31500,101.61239838600159,50973,50983.81,0,0.4,8,ONE_POINT,100,100,RANDOM,0
315,31600,101.93532800674438,50916,50920.63,0,0.4,8,ONE_POINT,100,100,RANDOM,0
316,31700,102.25971388816833,50882,50885.4,0,0.4,8,ONE_POINT,100,100,RANDOM,0
317,31800,102.56171917915344,50831,50836.71,0,0.4,8,ONE_POINT,100,100,RANDOM,0
318,31900,102.87696623802185,50732,50740.57,0,0.4,8,ONE_POINT,100,100,RANDOM,0
319,32000,103.17131853103638,50495,50538.32,0,0.4,8,ONE_POINT,100,100,RANDOM,0
320,32100,103.4742739200592,50432,50435.78,0,0.4,8,ONE_POINT,100,100,RANDOM,0
321,32200,103.8198070526123,50290,50300.59,0,0.4,8,ONE_POINT,100,100,RANDOM,0
322,32300,104.11548781394958,50084,50094.3,0,0.4,8,ONE_POINT,100,100,RANDOM,0
323,32400,104.45708537101746,50055,50059.39,0,0.4,8,ONE_POINT,100,100,RANDOM,0
324,32500,104.75781512260437,49879,49895.07,0,0.4,8,ONE_POINT,100,100,RANDOM,0
325,32600,105.08606553077698,49821,49825.64,0,0.4,8,ONE_POINT,100,100,RANDOM,0
326,32700,105.38951897621155,49768,49772.96,0,0.4,8,ONE_POINT,100,100,RANDOM,0
327,32800,105.72562599182129,49674,49681.08,0,0.4,8,ONE_POINT,100,100,RANDOM,0
328,32900,106.07841563224792,49624,49791.51,0,0.4,8,ONE_POINT,100,100,RANDOM,0
329,33000,106.37084341049194,49575,49581.44,0,0.4,8,ONE_POINT,100,100,RANDOM,0
330,33100,106.67406558990479,49499,49504.32,0,0.4,8,ONE_POINT,100,100,RANDOM,0
331,33200,107.00993490219116,49451,49454.88,0,0.4,8,ONE_POINT,100,100,RANDOM,0
332,33300,107.3274655342102,49385,49395.33,0,0.4,8,ONE_POINT,100,100,RANDOM,0
333,33400,107.64822936058044,49284,49302.73,0,0.4,8,ONE_POINT,100,100,RANDOM,0
334,33500,107.97782373428345,49164,49172.32,0,0.4,8,ONE_POINT,100,100,RANDOM,0
335,33600,108.28901267051697,49072,49198.44,0,0.4,8,ONE_POINT,100,100,RANDOM,0
336,33700,108.62431621551514,49006,49168.79,0,0.4,8,ONE_POINT,100,100,RANDOM,0
337,33800,108.91372680664062,48865,48872.89,0,0.4,8,ONE_POINT,100,100,RANDOM,0
338,33900,109.22805118560791,48718,48728.23,0,0.4,8,ONE_POINT,100,100,RANDOM,0
339,34000,109.56029176712036,48616,48629.49,0,0.4,8,ONE_POINT,100,100,RANDOM,0
340,34100,109.85899543762207,48527,48536.31,0,0.4,8,ONE_POINT,100,100,RANDOM,0
341,34200,110.19096612930298,48386,48394.46,0,0.4,8,ONE_POINT,100,100,RANDOM,0
342,34300,110.50996732711792,48316,48328.47,0,0.4,8,ONE_POINT,100,100,RANDOM,0
343,34400,110.84226608276367,48234,48244.81,0,0.4,8,ONE_POINT,100,100,RANDOM,0
344,34500,111.14766216278076,48210,48215.64,0,0.4,8,ONE_POINT,100,100,RANDOM,0
345,34600,111.463383436203,48129,48135.4,0,0.4,8,ONE_POINT,100,100,RANDOM,0
346,34700,111.75255155563354,48072,48076.56,0,0.4,8,ONE_POINT,100,100,RANDOM,0
347,34800,112.05494379997253,47925,48023.28,0,0.4,8,ONE_POINT,100,100,RANDOM,0
348,34900,112.36864233016968,47890,47893.43,0,0.4,8,ONE_POINT,100,100,RANDOM,0
349,35000,112.66225099563599,47804,47812.07,0,0.4,8,ONE_POINT,100,100,RANDOM,0
350,35100,112.96883177757263,47715,47722.95,0,0.4,8,ONE_POINT,100,100,RANDOM,0
351,35200,113.2919991016388,47640,47647.48,0,0.4,8,ONE_POINT,100,100,RANDOM,0
352,35300,113.61214280128479,47583,47588.11,0,0.4,8,ONE_POINT,100,100,RANDOM,0
353,35400,113.94860887527466,47541,47545.35,0,0.4,8,ONE_POINT,100,100,RANDOM,0
354,35500,114.33064866065979,47479,47487.3,0,0.4,8,ONE_POINT,100,100,RANDOM,0
355,35600,114.66968441009521,47440,47443.29,0,0.4,8,ONE_POINT,100,100,RANDOM,0
356,35700,115.0330970287323,47388,47393.12,0,0.4,8,ONE_POINT,100,100,RANDOM,0
357,35800,115.32620286941528,47352,47377.58,0,0.4,8,ONE_POINT,100,100,RANDOM,0
358,35900,115.64953970909119,47256,47263.24,0,0.4,8,ONE_POINT,100,100,RANDOM,0
359,36000,115.95836067199707,47202,47208.41,0,0.4,8,ONE_POINT,100,100,RANDOM,0
360,36100,116.26745295524597,47122,47211.71,0,0.4,8,ONE_POINT,100,100,RANDOM,0
361,36200,116.57405686378479,47035,47041.05,0,0.4,8,ONE_POINT,100,100,RANDOM,0
362,36300,116.90042924880981,47016,47021.75,0,0.4,8,ONE_POINT,100,100,RANDOM,0
363,36400,117.25739455223083,46985,46988.5,0,0.4,8,ONE_POINT,100,100,RANDOM,0
364,36500,117.57526922225952,46930,46934.21,0,0.4,8,ONE_POINT,100,100,RANDOM,0
365,36600,117.86857295036316,46765,46782.25,0,0.4,8,ONE_POINT,100,100,RANDOM,0
366,36700,118.1936547756195,46735,46737.67,0,0.4,8,ONE_POINT,100,100,RANDOM,0
367,36800,118.5034544467926,46688,46692.06,0,0.4,8,ONE_POINT,100,100,RANDOM,0
368,36900,118.83586740493774,46666,46669.47,0,0.4,8,ONE_POINT,100,100,RANDOM,0
369,37000,119.17561411857605,46561,46570.78,0,0.4,8,ONE_POINT,100,100,RANDOM,0
370,37100,119.51791286468506,46427,46435.04,0,0.4,8,ONE_POINT,100,100,RANDOM,0
371,37200,119.81666946411133,46386,46390.56,0,0.4,8,ONE_POINT,100,100,RANDOM,0
372,37300,120.15138030052185,46347,46352.28,0,0.4,8,ONE_POINT,100,100,RANDOM,0
373,37400,120.47166800498962,46311,46316.71,0,0.4,8,ONE_POINT,100,100,RANDOM,0
374,37500,120.77974772453308,46273,46276.15,0,0.4,8,ONE_POINT,100,100,RANDOM,0
375,37600,121.11373043060303,46217,46224.7,0,0.4,8,ONE_POINT,100,100,RANDOM,0
376,37700,121.45421099662781,46165,46177.6,0,0.4,8,ONE_POINT,100,100,RANDOM,0
377,37800,121.79901552200317,46094,46099.68,0,0.4,8,ONE_POINT,100,100,RANDOM,0
378,37900,122.10172033309937,45996,46004.21,0,0.4,8,ONE_POINT,100,100,RANDOM,0
379,38000,122.4288330078125,45923,45928.15,0,0.4,8,ONE_POINT,100,100,RANDOM,0
380,38100,122.7810423374176,45851,45860.4,0,0.4,8,ONE_POINT,100,100,RANDOM,0
381,38200,123.08805871009827,45802,45806.42,0,0.4,8,ONE_POINT,100,100,RANDOM,0
382,38300,123.41933155059814,45692,45698.6,0,0.4,8,ONE_POINT,100,100,RANDOM,0
383,38400,123.74758791923523,45629,45636.22,0,0.4,8,ONE_POINT,100,100,RANDOM,0
384,38500,124.0824761390686,45572,45576.63,0,0.4,8,ONE_POINT,100,100,RANDOM,0
385,38600,124.41508364677429,45471,45478.07,0,0.4,8,ONE_POINT,100,100,RANDOM,0
386,38700,124.70679450035095,45346,45354.95,0,0.4,8,ONE_POINT,100,100,RANDOM,0
387,38800,125.00173306465149,45248,45255.9,0,0.4,8,ONE_POINT,100,100,RANDOM,0
388,38900,125.31781005859375,45198,45202.64,0,0.4,8,ONE_POINT,100,100,RANDOM,0
389,39000,125.61360573768616,45129,45132.92,0,0.4,8,ONE_POINT,100,100,RANDOM,0
390,39100,125.93270897865295,45087,45092.18,0,0.4,8,ONE_POINT,100,100,RANDOM,0
391,39200,126.26339435577393,44965,44981.89,0,0.4,8,ONE_POINT,100,100,RANDOM,0
392,39300,126.58001804351807,44901,44907.91,0,0.4,8,ONE_POINT,100,100,RANDOM,0
393,39400,126.91420245170593,44865,44868.41,0,0.4,8,ONE_POINT,100,100,RANDOM,0
394,39500,127.2154233455658,44801,44810.1,0,0.4,8,ONE_POINT,100,100,RANDOM,0
395,39600,127.5394868850708,44713,44718.28,0,0.4,8,ONE_POINT,100,100,RANDOM,0
396,39700,127.8581337928772,44668,44672.13,0,0.4,8,ONE_POINT,100,100,RANDOM,0
397,39800,128.1876401901245,44642,44645.05,0,0.4,8,ONE_POINT,100,100,RANDOM,0
398,39900,128.50426983833313,44519,44526.23,0,0.4,8,ONE_POINT,100,100,RANDOM,0
399,40000,128.8149106502533,44461,44468.76,0,0.4,8,ONE_POINT,100,100,RANDOM,0
400,40100,129.11093592643738,44407,44410.9,0,0.4,8,ONE_POINT,100,100,RANDOM,0
401,40200,129.45072841644287,44323,44327.58,0,0.4,8,ONE_POINT,100,100,RANDOM,0
402,40300,129.81865906715393,44276,44287.23,0,0.4,8,ONE_POINT,100,100,RANDOM,0
403,40400,130.12206625938416,44191,44198.56,0,0.4,8,ONE_POINT,100,100,RANDOM,0
404,40500,130.44179105758667,44169,44172.05,0,0.4,8,ONE_POINT,100,100,RANDOM,0
405,40600,130.81963968276978,44066,44072.28,0,0.4,8,ONE_POINT,100,100,RANDOM,0
406,40700,131.16328954696655,43947,43954.47,0,0.4,8,ONE_POINT,100,100,RANDOM,0
407,40800,131.5090548992157,43922,43925.63,0,0.4,8,ONE_POINT,100,100,RANDOM,0
408,40900,131.79613423347473,43867,43871.58,0,0.4,8,ONE_POINT,100,100,RANDOM,0
409,41000,132.1121380329132,43797,43910.64,0,0.4,8,ONE_POINT,100,100,RANDOM,0
410,41100,132.4182140827179,43721,43727.27,0,0.4,8,ONE_POINT,100,100,RANDOM,0
411,41200,132.7377634048462,43702,43705.52,0,0.4,8,ONE_POINT,100,100,RANDOM,0
412,41300,133.04335856437683,43666,43675.89,0,0.4,8,ONE_POINT,100,100,RANDOM,0
413,41400,133.36940550804138,43450,43461.44,0,0.4,8,ONE_POINT,100,100,RANDOM,0
414,41500,133.71273970603943,43417,43422.58,0,0.4,8,ONE_POINT,100,100,RANDOM,0
415,41600,134.05344557762146,43347,43353.38,0,0.4,8,ONE_POINT,100,100,RANDOM,0
416,41700,134.39772725105286,43256,43290.32,0,0.4,8,ONE_POINT,100,100,RANDOM,0
417,41800,134.69220399856567,43224,43228.28,0,0.4,8,ONE_POINT,100,100,RANDOM,0
418,41900,135.00392413139343,43218,43220.39,0,0.4,8,ONE_POINT,100,100,RANDOM,0
419,42000,135.29770302772522,43147,43152.6,0,0.4,8,ONE_POINT,100,100,RANDOM,0
420,42100,135.63168573379517,43101,43127.02,0,0.4,8,ONE_POINT,100,100,RANDOM,0
421,42200,135.97653102874756,42992,43000.62,0,0.4,8,ONE_POINT,100,100,RANDOM,0
422,42300,136.30024909973145,42932,42937.14,0,0.4,8,ONE_POINT,100,100,RANDOM,0
423,42400,136.59731459617615,42838,42844.58,0,0.4,8,ONE_POINT,100,100,RANDOM,0
424,42500,136.8919277191162,42811,42814.32,0,0.4,8,ONE_POINT,100,100,RANDOM,0
425,42600,137.18389415740967,42765,42829.59,0,0.4,8,ONE_POINT,100,100,RANDOM,0
426,42700,137.5094563961029,42686,42693.5,0,0.4,8,ONE_POINT,100,100,RANDOM,0
427,42800,137.8009808063507,42653,42657.94,0,0.4,8,ONE_POINT,100,100,RANDOM,0
428,42900,138.14760375022888,42598,42603.36,0,0.4,8,ONE_POINT,100,100,RANDOM,0
429,43000,138.44428873062134,42569,42575.98,0,0.4,8,ONE_POINT,100,100,RANDOM,0
430,43100,138.76546716690063,42487,42494.33,0,0.4,8,ONE_POINT,100,100,RANDOM,0
431,43200,139.06001567840576,42441,42446.93,0,0.4,8,ONE_POINT,100,100,RANDOM,0
432,43300,139.3900327682495,42351,42358.62,0,0.4,8,ONE_POINT,100,100,RANDOM,0
433,43400,139.68650436401367,42283,42289.81,0,0.4,8,ONE_POINT,100,100,RANDOM,0
434,43500,140.02079367637634,42270,42278.47,0,0.4,8,ONE_POINT,100,100,RANDOM,0
435,43600,140.34463238716125,42210,42224.28,0,0.4,8,ONE_POINT,100,100,RANDOM,0
436,43700,140.6354067325592,42163,42169.01,0,0.4,8,ONE_POINT,100,100,RANDOM,0
437,43800,140.94247841835022,42080,42089.51,0,0.4,8,ONE_POINT,100,100,RANDOM,0
438,43900,141.24292135238647,42044,42276.99,0,0.4,8,ONE_POINT,100,100,RANDOM,0
439,44000,141.5713882446289,42006,42232.46,0,0.4,8,ONE_POINT,100,100,RANDOM,0
440,44100,141.91135668754578,41965,41968.69,0,0.4,8,ONE_POINT,100,100,RANDOM,0
441,44200,142.26044297218323,41950,41958.92,0,0.4,8,ONE_POINT,100,100,RANDOM,0
442,44300,142.60393619537354,41851,41942.96,0,0.4,8,ONE_POINT,100,100,RANDOM,0
443,44400,142.90119814872742,41810,41815.41,0,0.4,8,ONE_POINT,100,100,RANDOM,0
444,44500,143.21559166908264,41716,41723.07,0,0.4,8,ONE_POINT,100,100,RANDOM,0
445,44600,143.52519392967224,41664,41668.16,0,0.4,8,ONE_POINT,100,100,RANDOM,0
446,44700,143.8442485332489,41646,41648.97,0,0.4,8,ONE_POINT,100,100,RANDOM,0
447,44800,144.14605450630188,41619,41623.36,0,0.4,8,ONE_POINT,100,100,RANDOM,0
448,44900,144.48390865325928,41544,41551.27,0,0.4,8,ONE_POINT,100,100,RANDOM,0
449,45000,144.7826862335205,41477,41481.49,0,0.4,8,ONE_POINT,100,100,RANDOM,0
450,45100,145.0961663722992,41347,41441.14,0,0.4,8,ONE_POINT,100,100,RANDOM,0
451,45200,145.45615649223328,41292,41299.6,0,0.4,8,ONE_POINT,100,100,RANDOM,0
452,45300,145.77421307563782,41264,41269.4,0,0.4,8,ONE_POINT,100,100,RANDOM,0
453,45400,146.1058313846588,41185,41191.47,0,0.4,8,ONE_POINT,100,100,RANDOM,0
454,45500,146.47638273239136,41094,41103.44,0,0.4,8,ONE_POINT,100,100,RANDOM,0
455,45600,146.83724570274353,41046,41053.03,0,0.4,8,ONE_POINT,100,100,RANDOM,0
456,45700,147.16681361198425,40976,40983.99,0,0.4,8,ONE_POINT,100,100,RANDOM,0
457,45800,147.5136423110962,40957,40962.18,0,0.4,8,ONE_POINT,100,100,RANDOM,0
458,45900,147.8259937763214,40942,40947.1,0,0.4,8,ONE_POINT,100,100,RANDOM,0
459,46000,148.17435145378113,40894,40898.22,0,0.4,8,ONE_POINT,100,100,RANDOM,0
460,46100,148.5211308002472,40746,40755.95,0,0.4,8,ONE_POINT,100,100,RANDOM,0
461,46200,148.81960082054138,40721,40723.47,0,0.4,8,ONE_POINT,100,100,RANDOM,0
462,46300,149.11920523643494,40643,40648.14,0,0.4,8,ONE_POINT,100,100,RANDOM,0
463,46400,149.45244336128235,40589,40598.17,0,0.4,8,ONE_POINT,100,100,RANDOM,0
464,46500,149.7869255542755,40512,40635.58,0,0.4,8,ONE_POINT,100,100,RANDOM,0
465,46600,150.1211793422699,40422,40443.58,0,0.4,8,ONE_POINT,100,100,RANDOM,0
466,46700,150.44410467147827,40332,40339.69,0,0.4,8,ONE_POINT,100,100,RANDOM,0
467,46800,150.74550223350525,40288,40292.58,0,0.4,8,ONE_POINT,100,100,RANDOM,0
468,46900,151.07621550559998,40225,40230.39,0,0.4,8,ONE_POINT,100,100,RANDOM,0
469,47000,151.4141983985901,40175,40182.66,0,0.4,8,ONE_POINT,100,100,RANDOM,0
470,47100,151.74524760246277,40127,40131.34,0,0.4,8,ONE_POINT,100,100,RANDOM,0
471,47200,152.0366768836975,40055,40064.17,0,0.4,8,ONE_POINT,100,100,RANDOM,0
472,47300,152.37862467765808,40021,40025.83,0,0.4,8,ONE_POINT,100,100,RANDOM,0
473,47400,152.70476651191711,39981,39985.51,0,0.4,8,ONE_POINT,100,100,RANDOM,0
474,47500,153.03908729553223,39943,39950.21,0,0.4,8,ONE_POINT,100,100,RANDOM,0
475,47600,153.3726909160614,39889,39895.82,0,0.4,8,ONE_POINT,100,100,RANDOM,0
476,47700,153.71481728553772,39848,39852.24,0,0.4,8,ONE_POINT,100,100,RANDOM,0
477,47800,154.06338596343994,39817,39820.85,0,0.4,8,ONE_POINT,100,100,RANDOM,0
478,47900,154.36881136894226,39536,39557.71,0,0.4,8,ONE_POINT,100,100,RANDOM,0
479,48000,154.67434930801392,39491,39499.27,0,0.4,8,ONE_POINT,100,100,RANDOM,0
480,48100,154.96815156936646,39441,39471.33,0,0.4,8,ONE_POINT,100,100,RANDOM,0
481,48200,155.27426052093506,39331,39337.6,0,0.4,8,ONE_POINT,100,100,RANDOM,0
482,48300,155.59326314926147,39290,39293.69,0,0.4,8,ONE_POINT,100,100,RANDOM,0
483,48400,155.94033241271973,39213,39219.57,0,0.4,8,ONE_POINT,100,100,RANDOM,0
484,48500,156.2693305015564,39164,39168.82,0,0.4,8,ONE_POINT,100,100,RANDOM,0
485,48600,156.59371876716614,39135,39137.9,0,0.4,8,ONE_POINT,100,100,RANDOM,0
486,48700,156.93468117713928,39066,39085.84,0,0.4,8,ONE_POINT,100,100,RANDOM,0
487,48800,157.25636267662048,39023,39027.42,0,0.4,8,ONE_POINT,100,100,RANDOM,0
488,48900,157.5660800933838,38997,39082.11,0,0.4,8,ONE_POINT,100,100,RANDOM,0
489,49000,157.85616540908813,38975,38997.49,0,0.4,8,ONE_POINT,100,100,RANDOM,0
490,49100,158.1977756023407,38928,38934.0,0,0.4,8,ONE_POINT,100,100,RANDOM,0
491,49200,158.5143792629242,38886,38893.63,0,0.4,8,ONE_POINT,100,100,RANDOM,0
492,49300,158.82648491859436,38772,38786.62,0,0.4,8,ONE_POINT,100,100,RANDOM,0
493,49400,159.1409022808075,38722,38813.56,0,0.4,8,ONE_POINT,100,100,RANDOM,0
494,49500,159.43757963180542,38603,38611.33,0,0.4,8,ONE_POINT,100,100,RANDOM,0
495,49600,159.756933927536,38507,38532.08,0,0.4,8,ONE_POINT,100,100,RANDOM,0
496,49700,160.11275959014893,38478,38481.21,0,0.4,8,ONE_POINT,100,100,RANDOM,0
497,49800,160.4235692024231,38427,38431.61,0,0.4,8,ONE_POINT,100,100,RANDOM,0
498,49900,160.7557578086853,38394,38408.54,0,0.4,8,ONE_POINT,100,100,RANDOM,0
499,50000,161.06696248054504,38363,38366.14,0,0.4,8,ONE_POINT,100,100,RANDOM,0
500,50100,161.3720886707306,38331,38335.59,0,0.4,8,ONE_POINT,100,100,RANDOM,0
1,200,0.21494245529174805,136536,135070.4,0,0.4,8,ONE_POINT,100,100,RANDOM,1
2,300,0.5501155853271484,133700,133731.16,0,0.4,8,ONE_POINT,100,100,RANDOM,1
3,400,0.8553652763366699,132311,132332.96,0,0.4,8,ONE_POINT,100,100,RANDOM,1
4,500,1.2848317623138428,131546,131561.3,0,0.4,8,ONE_POINT,100,100,RANDOM,1
5,600,1.6497023105621338,130675,130692.42,0,0.4,8,ONE_POINT,100,100,RANDOM,1
6,700,1.970449686050415,129915,129930.2,0,0.4,8,ONE_POINT,100,100,RANDOM,1
7,800,2.305103302001953,129588,129601.55,0,0.4,8,ONE_POINT,100,100,RANDOM,1
8,900,2.646390914916992,129241,129251.28,0,0.4,8,ONE_POINT,100,100,RANDOM,1
9,1000,2.9460105895996094,128508,128522.57,0,0.4,8,ONE_POINT,100,100,RANDOM,1
10,1100,3.2605273723602295,127733,127750.96,0,0.4,8,ONE_POINT,100,100,RANDOM,1
11,1200,3.5921738147735596,127206,127216.13,0,0.4,8,ONE_POINT,100,100,RANDOM,1
12,1300,3.898378849029541,126744,126754.97,0,0.4,8,ONE_POINT,100,100,RANDOM,1
13,1400,4.227376699447632,126259,126268.7,0,0.4,8,ONE_POINT,100,100,RANDOM,1
14,1500,4.517268896102905,125414,125430.06,0,0.4,8,ONE_POINT,100,100,RANDOM,1
15,1600,4.839715957641602,125118,125123.92,0,0.4,8,ONE_POINT,100,100,RANDOM,1
16,1700,5.1341729164123535,124527,124539.27,0,0.4,8,ONE_POINT,100,100,RANDOM,1
17,1800,5.432247877120972,123796,123810.62,0,0.4,8,ONE_POINT,100,100,RANDOM,1
18,1900,5.761521577835083,123024,123031.72,0,0.4,8,ONE_POINT,100,100,RANDOM,1
19,2000,6.091283321380615,122609,122615.56,0,0.4,8,ONE_POINT,100,100,RANDOM,1
20,2100,6.424780368804932,122323,122331.27,0,0.4,8,ONE_POINT,100,100,RANDOM,1
21,2200,6.732196807861328,121754,121763.24,0,0.4,8,ONE_POINT,100,100,RANDOM,1
22,2300,7.040759086608887,121323,121335.71,0,0.4,8,ONE_POINT,100,100,RANDOM,1
23,2400,7.3871681690216064,120617,120638.1,0,0.4,8,ONE_POINT,100,100,RANDOM,1
24,2500,7.678487062454224,120266,120274.75,0,0.4,8,ONE_POINT,100,100,RANDOM,1
25,2600,7.973546981811523,119965,119992.63,0,0.4,8,ONE_POINT,100,100,RANDOM,1
26,2700,8.28500747680664,119446,119459.39,0,0.4,8,ONE_POINT,100,100,RANDOM,1
27,2800,8.63288164138794,118712,118726.8,0,0.4,8,ONE_POINT,100,100,RANDOM,1
28,2900,8.984502077102661,118121,118138.73,0,0.4,8,ONE_POINT,100,100,RANDOM,1
29,3000,9.313861608505249,117826,117838.27,0,0.4,8,ONE_POINT,100,100,RANDOM,1
30,3100,9.627777814865112,117028,117044.06,0,0.4,8,ONE_POINT,100,100,RANDOM,1
31,3200,9.925999402999878,116314,116328.28,0,0.4,8,ONE_POINT,100,100,RANDOM,1
32,3300,10.217275619506836,116040,116053.09,0,0.4,8,ONE_POINT,100,100,RANDOM,1
33,3400,10.548404455184937,115829,115846.72,0,0.4,8,ONE_POINT,100,100,RANDOM,1
34,3500,10.869180679321289,115562,115567.34,0,0.4,8,ONE_POINT,100,100,RANDOM,1
35,3600,11.182626724243164,115182,115190.23,0,0.4,8,ONE_POINT,100,100,RANDOM,1
36,3700,11.488611698150635,114675,114682.75,0,0.4,8,ONE_POINT,100,100,RANDOM,1
37,3800,11.784695386886597,113986,113999.78,0,0.4,8,ONE_POINT,100,100,RANDOM,1
38,3900,12.12401270866394,113607,113618.37,0,0.4,8,ONE_POINT,100,100,RANDOM,1
39,4000,12.446560144424438,112998,113011.33,0,0.4,8,ONE_POINT,100,100,RANDOM,1
40,4100,12.788094758987427,112333,112345.33,0,0.4,8,ONE_POINT,100,100,RANDOM,1
41,4200,13.088482141494751,111849,111858.68,0,0.4,8,ONE_POINT,100,100,RANDOM,1
42,4300,13.386210918426514,111433,111441.32,0,0.4,8,ONE_POINT,100,100,RANDOM,1
43,4400,13.698919773101807,111125,111140.21,0,0.4,8,ONE_POINT,100,100,RANDOM,1
44,4500,14.009889125823975,110320,110345.47,0,0.4,8,ONE_POINT,100,100,RANDOM,1
45,4600,14.334106683731079,109626,109649.81,0,0.4,8,ONE_POINT,100,100,RANDOM,1
46,4700,14.630411148071289,109191,109204.05,0,0.4,8,ONE_POINT,100,100,RANDOM,1
47,4800,14.97116732597351,109013,109021.79,0,0.4,8,ONE_POINT,100,100,RANDOM,1
48,4900,15.31257152557373,108676,108685.4,0,0.4,8,ONE_POINT,100,100,RANDOM,1
49,5000,15.627602338790894,108295,108306.43,0,0.4,8,ONE_POINT,100,100,RANDOM,1
50,5100,15.937227964401245,107950,108026.76,0,0.4,8,ONE_POINT,100,100,RANDOM,1
51,5200,16.24707531929016,107037,107055.26,0,0.4,8,ONE_POINT,100,100,RANDOM,1
52,5300,16.571254014968872,106658,106669.37,0,0.4,8,ONE_POINT,100,100,RANDOM,1
53,5400,16.90815806388855,106037,106056.65,0,0.4,8,ONE_POINT,100,100,RANDOM,1
54,5500,17.24950671195984,105247,105262.8,0,0.4,8,ONE_POINT,100,100,RANDOM,1
55,5600,17.586591243743896,105028,105034.53,0,0.4,8,ONE_POINT,100,100,RANDOM,1
56,5700,17.94091033935547,104444,104456.63,0,0.4,8,ONE_POINT,100,100,RANDOM,1
57,5800,18.304924726486206,104002,104015.26,0,0.4,8,ONE_POINT,100,100,RANDOM,1
58,5900,18.625638723373413,103779,103787.92,0,0.4,8,ONE_POINT,100,100,RANDOM,1
59,6000,18.958123922348022,103195,103206.68,0,0.4,8,ONE_POINT,100,100,RANDOM,1
60,6100,19.296849966049194,102853,102859.18,0,0.4,8,ONE_POINT,100,100,RANDOM,1
61,6200,19.6047146320343,102416,102429.11,0,0.4,8,ONE_POINT,100,100,RANDOM,1
62,6300,19.94389510154724,101929,101938.79,0,0.4,8,ONE_POINT,100,100,RANDOM,1
63,6400,20.2735698223114,101568,101574.54,0,0.4,8,ONE_POINT,100,100,RANDOM,1
64,6500,20.57252025604248,101248,101256.65,0,0.4,8,ONE_POINT,100,100,RANDOM,1
65,6600,20.86515760421753,100585,100599.87,0,0.4,8,ONE_POINT,100,100,RANDOM,1
66,6700,21.172526597976685,100366,100370.38,0,0.4,8,ONE_POINT,100,100,RANDOM,1
67,6800,21.497216939926147,100156,100166.11,0,0.4,8,ONE_POINT,100,100,RANDOM,1
68,6900,21.79405641555786,99860,99886.61,0,0.4,8,ONE_POINT,100,100,RANDOM,1
69,7000,22.13911271095276,99622,99630.55,0,0.4,8,ONE_POINT,100,100,RANDOM,1
70,7100,22.444549083709717,99395,99401.81,0,0.4,8,ONE_POINT,100,100,RANDOM,1
71,7200,22.747051239013672,99030,99044.23,0,0.4,8,ONE_POINT,100,100,RANDOM,1
72,7300,23.059514045715332,98455,98480.55,0,0.4,8,ONE_POINT,100,100,RANDOM,1
73,7400,23.402223110198975,98066,98079.57,0,0.4,8,ONE_POINT,100,100,RANDOM,1
74,7500,23.715582609176636,97855,97860.16,0,0.4,8,ONE_POINT,100,100,RANDOM,1
75,7600,24.038840293884277,97689,97695.67,0,0.4,8,ONE_POINT,100,100,RANDOM,1
76,7700,24.383522987365723,97367,97381.08,0,0.4,8,ONE_POINT,100,100,RANDOM,1
77,7800,24.67434310913086,97155,97166.88,0,0.4,8,ONE_POINT,100,100,RANDOM,1
78,7900,24.967093467712402,96838,96847.51,0,0.4,8,ONE_POINT,100,100,RANDOM,1
79,8000,25.285226345062256,96731,96735.28,0,0.4,8,ONE_POINT,100,100,RANDOM,1
80,8100,25.612617254257202,96515,96523.64,0,0.4,8,ONE_POINT,100,100,RANDOM,1
81,8200,25.946871995925903,96206,96219.91,0,0.4,8,ONE_POINT,100,100,RANDOM,1
82,8300,26.242149353027344,95639,95656.01,0,0.4,8,ONE_POINT,100,100,RANDOM,1
83,8400,26.575862407684326,95430,95437.65,0,0.4,8,ONE_POINT,100,100,RANDOM,1
84,8500,26.89446520805359,95269,95277.78,0,0.4,8,ONE_POINT,100,100,RANDOM,1
85,8600,27.208749532699585,95116,95124.78,0,0.4,8,ONE_POINT,100,100,RANDOM,1
86,8700,27.49915313720703,94988,94993.2,0,0.4,8,ONE_POINT,100,100,RANDOM,1
87,8800,27.799603939056396,94708,94713.6,0,0.4,8,ONE_POINT,100,100,RANDOM,1
88,8900,28.131630420684814,94546,94570.66,0,0.4,8,ONE_POINT,100,100,RANDOM,1
89,9000,28.46955680847168,94375,94381.84,0,0.4,8,ONE_POINT,100,100,RANDOM,1
90,9100,28.77252507209778,93221,93246.2,0,0.4,8,ONE_POINT,100,100,RANDOM,1
91,9200,29.116024494171143,93116,93120.2,0,0.4,8,ONE_POINT,100,100,RANDOM,1
92,9300,29.41376543045044,92791,92798.25,0,0.4,8,ONE_POINT,100,100,RANDOM,1
93,9400,29.736507415771484,92244,92256.92,0,0.4,8,ONE_POINT,100,100,RANDOM,1
94,9500,30.04283356666565,91541,91555.37,0,0.4,8,ONE_POINT,100,100,RANDOM,1
95,9600,30.36732506752014,91218,91230.92,0,0.4,8,ONE_POINT,100,100,RANDOM,1
96,9700,30.673372745513916,91051,91090.92,0,0.4,8,ONE_POINT,100,100,RANDOM,1
97,9800,30.98504614830017,90751,90847.0,0,0.4,8,ONE_POINT,100,100,RANDOM,1
98,9900,31.336326837539673,90603,90621.07,0,0.4,8,ONE_POINT,100,100,RANDOM,1
99,10000,31.62882661819458,90126,90152.58,0,0.4,8,ONE_POINT,100,100,RANDOM,1
100,10100,31.959190607070923,89577,89587.98,0,0.4,8,ONE_POINT,100,100,RANDOM,1
101,10200,32.25518441200256,89403,89425.13,0,0.4,8,ONE_POINT,100,100,RANDOM,1
102,10300,32.603681802749634,89236,89260.93,0,0.4,8,ONE_POINT,100,100,RANDOM,1
103,10400,32.946648597717285,88930,88939.25,0,0.4,8,ONE_POINT,100,100,RANDOM,1
104,10500,33.323418617248535,88672,88682.19,0,0.4,8,ONE_POINT,100,100,RANDOM,1
105,10600,33.67006540298462,88544,88549.43,0,0.4,8,ONE_POINT,100,100,RANDOM,1
106,10700,33.98330783843994,88410,88417.67,0,0.4,8,ONE_POINT,100,100,RANDOM,1
107,10800,34.30390119552612,88132,88143.12,0,0.4,8,ONE_POINT,100,100,RANDOM,1
108,10900,34.60764670372009,87913,87923.67,0,0.4,8,ONE_POINT,100,100,RANDOM,1
109,11000,34.89601516723633,87695,87710.51,0,0.4,8,ONE_POINT,100,100,RANDOM,1
110,11100,35.1959764957428,87354,87367.64,0,0.4,8,ONE_POINT,100,100,RANDOM,1
111,11200,35.50447869300842,86813,86823.63,0,0.4,8,ONE_POINT,100,100,RANDOM,1
112,11300,35.85084891319275,86670,86676.09,0,0.4,8,ONE_POINT,100,100,RANDOM,1
113,11400,36.16485333442688,86445,86453.81,0,0.4,8,ONE_POINT,100,100,RANDOM,1
114,11500,36.46069622039795,86293,86308.13,0,0.4,8,ONE_POINT,100,100,RANDOM,1
115,11600,36.75199317932129,86040,86053.67,0,0.4,8,ONE_POINT,100,100,RANDOM,1
116,11700,37.065396308898926,85626,85642.56,0,0.4,8,ONE_POINT,100,100,RANDOM,1
117,11800,37.34937119483948,85228,85243.22,0,0.4,8,ONE_POINT,100,100,RANDOM,1
118,11900,37.69359731674194,85129,85133.07,0,0.4,8,ONE_POINT,100,100,RANDOM,1
119,12000,37.98922944068909,84912,84923.94,0,0.4,8,ONE_POINT,100,100,RANDOM,1
120,12100,38.278767108917236,84761,84775.96,0,0.4,8,ONE_POINT,100,100,RANDOM,1
121,12200,38.61990427970886,84367,84383.38,0,0.4,8,ONE_POINT,100,100,RANDOM,1
122,12300,38.9043915271759,84232,84236.83,0,0.4,8,ONE_POINT,100,100,RANDOM,1
123,12400,39.21580410003662,84070,84078.1,0,0.4,8,ONE_POINT,100,100,RANDOM,1
124,12500,39.53452444076538,83857,83865.48,0,0.4,8,ONE_POINT,100,100,RANDOM,1
125,12600,39.81988477706909,83622,83631.4,0,0.4,8,ONE_POINT,100,100,RANDOM,1
126,12700,40.158928871154785,83429,83436.93,0,0.4,8,ONE_POINT,100,100,RANDOM,1
127,12800,40.460044145584106,83233,83280.46,0,0.4,8,ONE_POINT,100,100,RANDOM,1
128,12900,40.78903603553772,83080,83088.14,0,0.4,8,ONE_POINT,100,100,RANDOM,1
129,13000,41.10902261734009,82870,82880.53,0,0.4,8,ONE_POINT,100,100,RANDOM,1
130,13100,41.402844190597534,82478,82492.47,0,0.4,8,ONE_POINT,100,100,RANDOM,1
131,13200,41.70544719696045,82127,82142.94,0,0.4,8,ONE_POINT,100,100,RANDOM,1
132,13300,42.015321493148804,81940,81954.26,0,0.4,8,ONE_POINT,100,100,RANDOM,1
133,13400,42.34730267524719,81702,81709.14,0,0.4,8,ONE_POINT,100,100,RANDOM,1
134,13500,42.67612910270691,81442,81452.4,0,0.4,8,ONE_POINT,100,100,RANDOM,1
135,13600,42.975045680999756,81185,81217.24,0,0.4,8,ONE_POINT,100,100,RANDOM,1
136,13700,43.26337504386902,80613,80644.37,0,0.4,8,ONE_POINT,100,100,RANDOM,1
137,13800,43.56617212295532,80469,80475.99,0,0.4,8,ONE_POINT,100,100,RANDOM,1
138,13900,43.8684618473053,80307,80316.72,0,0.4,8,ONE_POINT,100,100,RANDOM,1
139,14000,44.20626497268677,80073,80087.46,0,0.4,8,ONE_POINT,100,100,RANDOM,1
140,14100,44.569308042526245,79837,79851.56,0,0.4,8,ONE_POINT,100,100,RANDOM,1
141,14200,44.879472970962524,79632,79649.25,0,0.4,8,ONE_POINT,100,100,RANDOM,1
142,14300,45.178531646728516,79508,79521.66,0,0.4,8,ONE_POINT,100,100,RANDOM,1
143,14400,45.475237131118774,79337,79352.2,0,0.4,8,ONE_POINT,100,100,RANDOM,1
144,14500,45.783538818359375,79144,79154.53,0,0.4,8,ONE_POINT,100,100,RANDOM,1
145,14600,46.10068917274475,78946,78957.94,0,0.4,8,ONE_POINT,100,100,RANDOM,1
146,14700,46.391274213790894,78794,78811.35,0,0.4,8,ONE_POINT,100,100,RANDOM,1
147,14800,46.67663788795471,78589,78597.2,0,0.4,8,ONE_POINT,100,100,RANDOM,1
148,14900,47.02950072288513,78429,78435.4,0,0.4,8,ONE_POINT,100,100,RANDOM,1
149,15000,47.349841833114624,78289,78294.6,0,0.4,8,ONE_POINT,100,100,RANDOM,1
150,15100,47.68268942832947,78015,78026.99,0,0.4,8,ONE_POINT,100,100,RANDOM,1
151,15200,48.03886079788208,77599,77612.54,0,0.4,8,ONE_POINT,100,100,RANDOM,1
152,15300,48.36420178413391,77463,77469.8,0,0.4,8,ONE_POINT,100,100,RANDOM,1
153,15400,48.72562313079834,77301,77307.48,0,0.4,8,ONE_POINT,100,100,RANDOM,1
154,15500,49.068379402160645,77087,77095.56,0,0.4,8,ONE_POINT,100,100,RANDOM,1
155,15600,49.38978719711304,76871,76886.28,0,0.4,8,ONE_POINT,100,100,RANDOM,1
156,15700,49.731889486312866,76603,76615.88,0,0.4,8,ONE_POINT,100,100,RANDOM,1
157,15800,50.02618384361267,76378,76390.71,0,0.4,8,ONE_POINT,100,100,RANDOM,1
158,15900,50.34406781196594,76288,76292.5,0,0.4,8,ONE_POINT,100,100,RANDOM,1
159,16000,50.679521322250366,76199,76204.25,0,0.4,8,ONE_POINT,100,100,RANDOM,1
160,16100,50.979010581970215,76060,76066.91,0,0.4,8,ONE_POINT,100,100,RANDOM,1
161,16200,51.31325173377991,75947,75953.97,0,0.4,8,ONE_POINT,100,100,RANDOM,1
162,16300,51.648459672927856,75800,75810.43,0,0.4,8,ONE_POINT,100,100,RANDOM,1
163,16400,51.949042320251465,75693,75699.62,0,0.4,8,ONE_POINT,100,100,RANDOM,1
164,16500,52.26575183868408,75382,75394.87,0,0.4,8,ONE_POINT,100,100,RANDOM,1
165,16600,52.567200660705566,75247,75257.44,0,0.4,8,ONE_POINT,100,100,RANDOM,1
166,16700,52.8925039768219,75144,75155.71,0,0.4,8,ONE_POINT,100,100,RANDOM,1
167,16800,53.19226694107056,75026,75030.06,0,0.4,8,ONE_POINT,100,100,RANDOM,1
168,16900,53.48352313041687,74873,74879.56,0,0.4,8,ONE_POINT,100,100,RANDOM,1
169,17000,53.80418920516968,74721,74729.91,0,0.4,8,ONE_POINT,100,100,RANDOM,1
170,17100,54.126747131347656,74536,74543.21,0,0.4,8,ONE_POINT,100,100,RANDOM,1
171,17200,54.50235629081726,74417,74424.14,0,0.4,8,ONE_POINT,100,100,RANDOM,1
172,17300,54.79584002494812,74272,74277.8,0,0.4,8,ONE_POINT,100,100,RANDOM,1
173,17400,55.09558820724487,74166,74175.93,0,0.4,8,ONE_POINT,100,100,RANDOM,1
174,17500,55.43784976005554,73896,73918.09,0,0.4,8,ONE_POINT,100,100,RANDOM,1
175,17600,55.743011474609375,73740,73749.7,0,0.4,8,ONE_POINT,100,100,RANDOM,1
176,17700,56.03597688674927,73592,73599.46,0,0.4,8,ONE_POINT,100,100,RANDOM,1
177,17800,56.37224793434143,73287,73314.52,0,0.4,8,ONE_POINT,100,100,RANDOM,1
178,17900,56.693702697753906,73184,73188.88,0,0.4,8,ONE_POINT,100,100,RANDOM,1
179,18000,57.03803300857544,72641,72658.15,0,0.4,8,ONE_POINT,100,100,RANDOM,1
180,18100,57.381826639175415,72411,72419.67,0,0.4,8,ONE_POINT,100,100,RANDOM,1
181,18200,57.68382740020752,72289,72297.79,0,0.4,8,ONE_POINT,100,100,RANDOM,1
182,18300,58.01004338264465,72109,72119.0,0,0.4,8,ONE_POINT,100,100,RANDOM,1
183,18400,58.328999042510986,71967,71983.9,0,0.4,8,ONE_POINT,100,100,RANDOM,1
184,18500,58.645116329193115,71873,71879.72,0,0.4,8,ONE_POINT,100,100,RANDOM,1
185,18600,58.95511198043823,71697,71768.38,0,0.4,8,ONE_POINT,100,100,RANDOM,1
186,18700,59.28467345237732,71393,71412.28,0,0.4,8,ONE_POINT,100,100,RANDOM,1
187,18800,59.62170624732971,71307,71323.01,0,0.4,8,ONE_POINT,100,100,RANDOM,1
188,18900,59.959829330444336,70991,71003.64,0,0.4,8,ONE_POINT,100,100,RANDOM,1
189,19000,60.25823616981506,70812,70822.74,0,0.4,8,ONE_POINT,100,100,RANDOM,1
190,19100,60.590879917144775,70758,70791.58,0,0.4,8,ONE_POINT,100,100,RANDOM,1
191,19200,60.9466118812561,70629,70635.21,0,0.4,8,ONE_POINT,100,100,RANDOM,1
192,19300,61.25339102745056,70422,70432.26,0,0.4,8,ONE_POINT,100,100,RANDOM,1
193,19400,61.58081388473511,70352,70356.49,0,0.4,8,ONE_POINT,100,100,RANDOM,1
194,19500,61.874510765075684,70180,70214.5,0,0.4,8,ONE_POINT,100,100,RANDOM,1
195,19600,62.199129819869995,70087,70104.08,0,0.4,8,ONE_POINT,100,100,RANDOM,1
196,19700,62.49235653877258,69702,69720.69,0,0.4,8,ONE_POINT,100,100,RANDOM,1
197,19800,62.799720764160156,69560,69568.63,0,0.4,8,ONE_POINT,100,100,RANDOM,1
198,19900,63.106454849243164,69129,69146.24,0,0.4,8,ONE_POINT,100,100,RANDOM,1
199,20000,63.41977405548096,69017,69024.1,0,0.4,8,ONE_POINT,100,100,RANDOM,1
200,20100,63.71934199333191,68821,68832.2,0,0.4,8,ONE_POINT,100,100,RANDOM,1
201,20200,64.04203915596008,68447,68468.59,0,0.4,8,ONE_POINT,100,100,RANDOM,1
202,20300,64.37487745285034,68283,68290.25,0,0.4,8,ONE_POINT,100,100,RANDOM,1
203,20400,64.69653797149658,68163,68169.0,0,0.4,8,ONE_POINT,100,100,RANDOM,1
204,20500,65.02252960205078,68038,68062.78,0,0.4,8,ONE_POINT,100,100,RANDOM,1
205,20600,65.38597512245178,67834,67842.16,0,0.4,8,ONE_POINT,100,100,RANDOM,1
206,20700,65.72479796409607,67790,67794.89,0,0.4,8,ONE_POINT,100,100,RANDOM,1
207,20800,66.08928108215332,67649,67658.94,0,0.4,8,ONE_POINT,100,100,RANDOM,1
208,20900,66.41954922676086,67564,67571.21,0,0.4,8,ONE_POINT,100,100,RANDOM,1
209,21000,66.74522852897644,67414,67421.69,0,0.4,8,ONE_POINT,100,100,RANDOM,1
210,21100,67.0331449508667,67255,67271.73,0,0.4,8,ONE_POINT,100,100,RANDOM,1
211,21200,67.38279271125793,67155,67162.68,0,0.4,8,ONE_POINT,100,100,RANDOM,1
212,21300,67.69911360740662,67025,67035.69,0,0.4,8,ONE_POINT,100,100,RANDOM,1
213,21400,68.01120710372925,66829,66839.68,0,0.4,8,ONE_POINT,100,100,RANDOM,1
214,21500,68.30110621452332,66400,66420.24,0,0.4,8,ONE_POINT,100,100,RANDOM,1
215,21600,68.60223007202148,66225,66271.84,0,0.4,8,ONE_POINT,100,100,RANDOM,1
216,21700,68.91768097877502,66064,66077.64,0,0.4,8,ONE_POINT,100,100,RANDOM,1
217,21800,69.24501538276672,65963,65981.69,0,0.4,8,ONE_POINT,100,100,RANDOM,1
218,21900,69.54568934440613,65864,65870.53,0,0.4,8,ONE_POINT,100,100,RANDOM,1
219,22000,69.85302138328552,65748,65762.48,0,0.4,8,ONE_POINT,100,100,RANDOM,1
220,22100,70.17579960823059,65636,65643.14,0,0.4,8,ONE_POINT,100,100,RANDOM,1
221,22200,70.46723866462708,65523,65528.65,0,0.4,8,ONE_POINT,100,100,RANDOM,1
222,22300,70.78968334197998,65356,65365.48,0,0.4,8,ONE_POINT,100,100,RANDOM,1
223,22400,71.09773564338684,65192,65199.34,0,0.4,8,ONE_POINT,100,100,RANDOM,1
224,22500,71.41668367385864,64949,64957.72,0,0.4,8,ONE_POINT,100,100,RANDOM,1
225,22600,71.73315715789795,64839,64846.59,0,0.4,8,ONE_POINT,100,100,RANDOM,1
226,22700,72.0732753276825,64748,64755.83,0,0.4,8,ONE_POINT,100,100,RANDOM,1
227,22800,72.36483716964722,64627,64634.47,0,0.4,8,ONE_POINT,100,100,RANDOM,1
228,22900,72.68305444717407,64297,64310.2,0,0.4,8,ONE_POINT,100,100,RANDOM,1
229,23000,73.05207586288452,64143,64159.37,0,0.4,8,ONE_POINT,100,100,RANDOM,1
230,23100,73.34118747711182,64057,64064.81,0,0.4,8,ONE_POINT,100,100,RANDOM,1
231,23200,73.63076567649841,63986,64076.6,0,0.4,8,ONE_POINT,100,100,RANDOM,1
232,23300,73.94068312644958,63615,63630.45,0,0.4,8,ONE_POINT,100,100,RANDOM,1
233,23400,74.26523470878601,63488,63494.38,0,0.4,8,ONE_POINT,100,100,RANDOM,1
234,23500,74.58059430122375,63273,63285.83,0,0.4,8,ONE_POINT,100,100,RANDOM,1
235,23600,74.91798877716064,63179,63186.25,0,0.4,8,ONE_POINT,100,100,RANDOM,1
236,23700,75.2220070362091,63101,63110.4,0,0.4,8,ONE_POINT,100,100,RANDOM,1
237,23800,75.56501746177673,62977,63150.12,0,0.4,8,ONE_POINT,100,100,RANDOM,1
238,23900,75.89872193336487,62723,62732.75,0,0.4,8,ONE_POINT,100,100,RANDOM,1
239,24000,76.24761080741882,62492,62503.55,0,0.4,8,ONE_POINT,100,100,RANDOM,1
240,24100,76.5950984954834,62396,62402.38,0,0.4,8,ONE_POINT,100,100,RANDOM,1
241,24200,76.88533687591553,62328,62333.78,0,0.4,8,ONE_POINT,100,100,RANDOM,1
242,24300,77.21636056900024,62233,62245.2,0,0.4,8,ONE_POINT,100,100,RANDOM,1
243,24400,77.55011558532715,62042,62049.64,0,0.4,8,ONE_POINT,100,100,RANDOM,1
244,24500,77.87868356704712,61929,61947.64,0,0.4,8,ONE_POINT,100,100,RANDOM,1
245,24600,78.19902062416077,61833,61984.6,0,0.4,8,ONE_POINT,100,100,RANDOM,1
246,24700,78.488116979599,61721,61729.07,0,0.4,8,ONE_POINT,100,100,RANDOM,1
247,24800,78.78230381011963,61358,61372.52,0,0.4,8,ONE_POINT,100,100,RANDOM,1
248,24900,79.08631038665771,61272,61281.39,0,0.4,8,ONE_POINT,100,100,RANDOM,1
249,25000,79.38950967788696,61188,61193.88,0,0.4,8,ONE_POINT,100,100,RANDOM,1
250,25100,79.69552850723267,61050,61055.52,0,0.4,8,ONE_POINT,100,100,RANDOM,1
251,25200,80.01246285438538,60987,60999.24,0,0.4,8,ONE_POINT,100,100,RANDOM,1
252,25300,80.32148861885071,60847,60860.79,0,0.4,8,ONE_POINT,100,100,RANDOM,1
253,25400,80.68119311332703,60756,60777.58,0,0.4,8,ONE_POINT,100,100,RANDOM,1
254,25500,81.01125168800354,60457,60474.42,0,0.4,8,ONE_POINT,100,100,RANDOM,1
255,25600,81.36932158470154,60268,60304.43,0,0.4,8,ONE_POINT,100,100,RANDOM,1
256,25700,81.73088598251343,60135,60143.54,0,0.4,8,ONE_POINT,100,100,RANDOM,1
257,25800,82.04113626480103,59983,59990.6,0,0.4,8,ONE_POINT,100,100,RANDOM,1
258,25900,82.3662645816803,59869,59885.62,0,0.4,8,ONE_POINT,100,100,RANDOM,1
259,26000,82.65692925453186,59749,59756.2,0,0.4,8,ONE_POINT,100,100,RANDOM,1
260,26100,82.98913884162903,59509,59522.2,0,0.4,8,ONE_POINT,100,100,RANDOM,1
261,26200,83.28967452049255,59366,59373.15,0,0.4,8,ONE_POINT,100,100,RANDOM,1
262,26300,83.62271213531494,59270,59286.96,0,0.4,8,ONE_POINT,100,100,RANDOM,1
263,26400,83.94884157180786,59110,59134.54,0,0.4,8,ONE_POINT,100,100,RANDOM,1
264,26500,84.26216959953308,58974,58985.36,0,0.4,8,ONE_POINT,100,100,RANDOM,1
265,26600,84.554771900177,58814,58828.47,0,0.4,8,ONE_POINT,100,100,RANDOM,1
266,26700,84.8487319946289,58774,58777.62,0,0.4,8,ONE_POINT,100,100,RANDOM,1
267,26800,85.16629028320312,58602,58609.96,0,0.4,8,ONE_POINT,100,100,RANDOM,1
268,26900,85.46264338493347,58516,58524.01,0,0.4,8,ONE_POINT,100,100,RANDOM,1
269,27000,85.74921941757202,58425,58430.63,0,0.4,8,ONE_POINT,100,100,RANDOM,1
270,27100,86.05697059631348,58331,58337.52,0,0.4,8,ONE_POINT,100,100,RANDOM,1
271,27200,86.34518623352051,58265,58271.51,0,0.4,8,ONE_POINT,100,100,RANDOM,1
272,27300,86.63918662071228,58147,58155.21,0,0.4,8,ONE_POINT,100,100,RANDOM,1
273,27400,86.98733830451965,58051,58059.22,0,0.4,8,ONE_POINT,100,100,RANDOM,1
274,27500,87.31232213973999,57955,58016.68,0,0.4,8,ONE_POINT,100,100,RANDOM,1
275,27600,87.65381336212158,57841,57849.78,0,0.4,8,ONE_POINT,100,100,RANDOM,1
276,27700,87.95385789871216,57736,57742.91,0,0.4,8,ONE_POINT,100,100,RANDOM,1
277,27800,88.27661418914795,57609,57617.23,0,0.4,8,ONE_POINT,100,100,RANDOM,1
278,27900,88.58740019798279,57503,57513.92,0,0.4,8,ONE_POINT,100,100,RANDOM,1
279,28000,88.92292761802673,57292,57346.05,0,0.4,8,ONE_POINT,100,100,RANDOM,1
280,28100,89.23022627830505,57227,57275.94,0,0.4,8,ONE_POINT,100,100,RANDOM,1
281,28200,89.55634880065918,57096,57104.51,0,0.4,8,ONE_POINT,100,100,RANDOM,1
282,28300,89.89518117904663,57024,57029.77,0,0.4,8,ONE_POINT,100,100,RANDOM,1
283,28400,90.22143983840942,56950,56967.63,0,0.4,8,ONE_POINT,100,100,RANDOM,1
284,28500,90.56596851348877,56860,56865.15,0,0.4,8,ONE_POINT,100,100,RANDOM,1
285,28600,90.90699577331543,56737,56743.37,0,0.4,8,ONE_POINT,100,100,RANDOM,1
286,28700,91.2517147064209,56679,56714.89,0,0.4,8,ONE_POINT,100,100,RANDOM,1
287,28800,91.60643076896667,56547,56553.87,0,0.4,8,ONE_POINT,100,100,RANDOM,1
288,28900,91.89902019500732,56450,56457.81,0,0.4,8,ONE_POINT,100,100,RANDOM,1
289,29000,92.22200107574463,56400,56406.34,0,0.4,8,ONE_POINT,100,100,RANDOM,1
290,29100,92.52626967430115,56310,56316.89,0,0.4,8,ONE_POINT,100,100,RANDOM,1
291,29200,92.82765245437622,56222,56279.52,0,0.4,8,ONE_POINT,100,100,RANDOM,1
292,29300,93.11902165412903,56160,56164.36,0,0.4,8,ONE_POINT,100,100,RANDOM,1
293,29400,93.43765020370483,56056,56066.87,0,0.4,8,ONE_POINT,100,100,RANDOM,1
294,29500,93.73149347305298,55717,55730.56,0,0.4,8,ONE_POINT,100,100,RANDOM,1
295,29600,94.04531002044678,55491,55522.29,0,0.4,8,ONE_POINT,100,100,RANDOM,1
296,29700,94.34017825126648,55438,55444.16,0,0.4,8,ONE_POINT,100,100,RANDOM,1
297,29800,94.65433049201965,55267,55275.01,0,0.4,8,ONE_POINT,100,100,RANDOM,1
298,29900,94.96323466300964,55197,55201.9,0,0.4,8,ONE_POINT,100,100,RANDOM,1
299,30000,95.27903127670288,55109,55114.02,0,0.4,8,ONE_POINT,100,100,RANDOM,1
300,30100,95.57636308670044,54928,54939.15,0,0.4,8,ONE_POINT,100,100,RANDOM,1
301,30200,95.87362861633301,54868,54874.01,0,0.4,8,ONE_POINT,100,100,RANDOM,1
302,30300,96.16757321357727,54814,54819.64,0,0.4,8,ONE_POINT,100,100,RANDOM,1
303,30400,96.46903729438782,54675,54687.17,0,0.4,8,ONE_POINT,100,100,RANDOM,1
304,30500,96.80973529815674,54541,54548.37,0,0.4,8,ONE_POINT,100,100,RANDOM,1
305,30600,97.18042922019958,54356,54370.97,0,0.4,8,ONE_POINT,100,100,RANDOM,1
306,30700,97.52199792861938,54256,54348.85,0,0.4,8,ONE_POINT,100,100,RANDOM,1
307,30800,97.86355638504028,54197,54209.35,0,0.4,8,ONE_POINT,100,100,RANDOM,1
308,30900,98.18560910224915,54092,54098.14,0,0.4,8,ONE_POINT,100,100,RANDOM,1
309,31000,98.49990153312683,53991,53995.63,0,0.4,8,ONE_POINT,100,100,RANDOM,1
310,31100,98.82816576957703,53934,53940.61,0,0.4,8,ONE_POINT,100,100,RANDOM,1
311,31200,99.18111872673035,53826,53847.38,0,0.4,8,ONE_POINT,100,100,RANDOM,1
312,31300,99.47569990158081,53733,53739.83,0,0.4,8,ONE_POINT,100,100,RANDOM,1
313,31400,99.79026746749878,53613,53621.7,0,0.4,8,ONE_POINT,100,100,RANDOM,1
314,31500,100.08599781990051,53516,53523.15,0,0.4,8,ONE_POINT,100,100,RANDOM,1
315,31600,100.38496780395508,53384,53447.55,0,0.4,8,ONE_POINT,100,100,RANDOM,1
316,31700,100.68002009391785,53254,53330.98,0,0.4,8,ONE_POINT,100,100,RANDOM,1
317,31800,101.02040696144104,53187,53191.64,0,0.4,8,ONE_POINT,100,100,RANDOM,1
318,31900,101.34517002105713,53050,53056.85,0,0.4,8,ONE_POINT,100,100,RANDOM,1
319,32000,101.67223787307739,52926,52966.0,0,0.4,8,ONE_POINT,100,100,RANDOM,1
320,32100,101.97467017173767,52854,52859.05,0,0.4,8,ONE_POINT,100,100,RANDOM,1
321,32200,102.30970907211304,52720,52788.98,0,0.4,8,ONE_POINT,100,100,RANDOM,1
322,32300,102.62163734436035,52475,52488.59,0,0.4,8,ONE_POINT,100,100,RANDOM,1
323,32400,102.93871521949768,52395,52400.01,0,0.4,8,ONE_POINT,100,100,RANDOM,1
324,32500,103.25987505912781,52316,52321.62,0,0.4,8,ONE_POINT,100,100,RANDOM,1
325,32600,103.59350109100342,52203,52209.83,0,0.4,8,ONE_POINT,100,100,RANDOM,1
326,32700,103.94840097427368,52151,52155.18,0,0.4,8,ONE_POINT,100,100,RANDOM,1
327,32800,104.29010367393494,52038,52050.26,0,0.4,8,ONE_POINT,100,100,RANDOM,1
328,32900,104.62504410743713,51915,51922.52,0,0.4,8,ONE_POINT,100,100,RANDOM,1
329,33000,104.97219920158386,51840,51846.04,0,0.4,8,ONE_POINT,100,100,RANDOM,1
330,33100,105.31060433387756,51795,51799.98,0,0.4,8,ONE_POINT,100,100,RANDOM,1
331,33200,105.64474320411682,51747,51751.24,0,0.4,8,ONE_POINT,100,100,RANDOM,1
332,33300,105.97897052764893,51587,51610.37,0,0.4,8,ONE_POINT,100,100,RANDOM,1
333,33400,106.31961393356323,51467,51485.62,0,0.4,8,ONE_POINT,100,100,RANDOM,1
334,33500,106.6339099407196,51396,51403.92,0,0.4,8,ONE_POINT,100,100,RANDOM,1
335,33600,106.94193077087402,51312,51317.04,0,0.4,8,ONE_POINT,100,100,RANDOM,1
336,33700,107.25267314910889,51214,51224.59,0,0.4,8,ONE_POINT,100,100,RANDOM,1
337,33800,107.57220029830933,51142,51148.0,0,0.4,8,ONE_POINT,100,100,RANDOM,1
338,33900,107.89706540107727,50999,51007.17,0,0.4,8,ONE_POINT,100,100,RANDOM,1
339,34000,108.22265481948853,50999,50999.22,0,0.4,8,ONE_POINT,100,100,RANDOM,1
340,34100,108.51489877700806,50950,51120.7,0,0.4,8,ONE_POINT,100,100,RANDOM,1
341,34200,108.85373783111572,50875,50881.54,0,0.4,8,ONE_POINT,100,100,RANDOM,1
342,34300,109.16032290458679,50817,50821.53,0,0.4,8,ONE_POINT,100,100,RANDOM,1
343,34400,109.4815902709961,50704,50804.9,0,0.4,8,ONE_POINT,100,100,RANDOM,1
344,34500,109.82309913635254,50653,50657.0,0,0.4,8,ONE_POINT,100,100,RANDOM,1
345,34600,110.14960837364197,50576,50580.78,0,0.4,8,ONE_POINT,100,100,RANDOM,1
346,34700,110.44869995117188,50576,50576.0,0,0.4,8,ONE_POINT,100,100,RANDOM,1
347,34800,110.74218964576721,50473,50496.72,0,0.4,8,ONE_POINT,100,100,RANDOM,1
348,34900,111.08749532699585,50449,50450.68,0,0.4,8,ONE_POINT,100,100,RANDOM,1
349,35000,111.39438199996948,50355,50360.88,0,0.4,8,ONE_POINT,100,100,RANDOM,1
350,35100,111.72855949401855,50277,50282.46,0,0.4,8,ONE_POINT,100,100,RANDOM,1
351,35200,112.06448531150818,50213,50219.68,0,0.4,8,ONE_POINT,100,100,RANDOM,1
352,35300,112.39537620544434,50145,50154.04,0,0.4,8,ONE_POINT,100,100,RANDOM,1
353,35400,112.72222208976746,49991,50005.67,0,0.4,8,ONE_POINT,100,100,RANDOM,1
354,35500,113.07694697380066,49934,49939.28,0,0.4,8,ONE_POINT,100,100,RANDOM,1
355,35600,113.44397950172424,49887,49892.92,0,0.4,8,ONE_POINT,100,100,RANDOM,1
356,35700,113.80739331245422,49809,49828.65,0,0.4,8,ONE_POINT,100,100,RANDOM,1
357,35800,114.13629364967346,49747,49751.98,0,0.4,8,ONE_POINT,100,100,RANDOM,1
358,35900,114.44028997421265,49712,49729.93,0,0.4,8,ONE_POINT,100,100,RANDOM,1
359,36000,114.72814393043518,49582,49591.29,0,0.4,8,ONE_POINT,100,100,RANDOM,1
360,36100,115.05826306343079,49518,49523.98,0,0.4,8,ONE_POINT,100,100,RANDOM,1
361,36200,115.34658741950989,49434,49440.32,0,0.4,8,ONE_POINT,100,100,RANDOM,1
362,36300,115.6878514289856,49349,49355.79,0,0.4,8,ONE_POINT,100,100,RANDOM,1
363,36400,116.00089025497437,49334,49340.66,0,0.4,8,ONE_POINT,100,100,RANDOM,1
364,36500,116.31507062911987,49305,49310.85,0,0.4,8,ONE_POINT,100,100,RANDOM,1
365,36600,116.61093592643738,49249,49256.01,0,0.4,8,ONE_POINT,100,100,RANDOM,1
366,36700,116.92794704437256,49190,49198.63,0,0.4,8,ONE_POINT,100,100,RANDOM,1
367,36800,117.27585458755493,49115,49121.59,0,0.4,8,ONE_POINT,100,100,RANDOM,1
368,36900,117.57364749908447,49040,49090.78,0,0.4,8,ONE_POINT,100,100,RANDOM,1
369,37000,117.88919878005981,48988,48992.32,0,0.4,8,ONE_POINT,100,100,RANDOM,1
370,37100,118.18328666687012,48952,48957.79,0,0.4,8,ONE_POINT,100,100,RANDOM,1
371,37200,118.51372694969177,48890,48897.05,0,0.4,8,ONE_POINT,100,100,RANDOM,1
372,37300,118.83533596992493,48806,48815.85,0,0.4,8,ONE_POINT,100,100,RANDOM,1
373,37400,119.14706516265869,48763,48766.37,0,0.4,8,ONE_POINT,100,100,RANDOM,1
374,37500,119.47959160804749,48690,48698.86,0,0.4,8,ONE_POINT,100,100,RANDOM,1
375,37600,119.77820420265198,48639,48643.62,0,0.4,8,ONE_POINT,100,100,RANDOM,1
376,37700,120.08013653755188,48536,48543.67,0,0.4,8,ONE_POINT,100,100,RANDOM,1
377,37800,120.40229034423828,48463,48471.81,0,0.4,8,ONE_POINT,100,100,RANDOM,1
378,37900,120.69490933418274,48391,48399.24,0,0.4,8,ONE_POINT,100,100,RANDOM,1
379,38000,121.00996160507202,48305,48310.16,0,0.4,8,ONE_POINT,100,100,RANDOM,1
380,38100,121.36461758613586,48225,48230.45,0,0.4,8,ONE_POINT,100,100,RANDOM,1
381,38200,121.71484684944153,48094,48104.42,0,0.4,8,ONE_POINT,100,100,RANDOM,1
382,38300,122.06221532821655,48027,48036.28,0,0.4,8,ONE_POINT,100,100,RANDOM,1
383,38400,122.35743856430054,47983,47987.27,0,0.4,8,ONE_POINT,100,100,RANDOM,1
384,38500,122.70094585418701,47932,47936.59,0,0.4,8,ONE_POINT,100,100,RANDOM,1
385,38600,122.98539137840271,47897,47901.89,0,0.4,8,ONE_POINT,100,100,RANDOM,1
386,38700,123.30521583557129,47877,47956.67,0,0.4,8,ONE_POINT,100,100,RANDOM,1
387,38800,123.59686279296875,47847,47852.66,0,0.4,8,ONE_POINT,100,100,RANDOM,1
388,38900,123.91969418525696,47767,47774.97,0,0.4,8,ONE_POINT,100,100,RANDOM,1
389,39000,124.25235676765442,47756,47760.29,0,0.4,8,ONE_POINT,100,100,RANDOM,1
390,39100,124.6197681427002,47698,47711.03,0,0.4,8,ONE_POINT,100,100,RANDOM,1
391,39200,124.95884037017822,47605,47611.88,0,0.4,8,ONE_POINT,100,100,RANDOM,1
392,39300,125.2975103855133,47552,47557.32,0,0.4,8,ONE_POINT,100,100,RANDOM,1
393,39400,125.62288689613342,47471,47483.89,0,0.4,8,ONE_POINT,100,100,RANDOM,1
394,39500,125.9347882270813,47389,47404.1,0,0.4,8,ONE_POINT,100,100,RANDOM,1
395,39600,126.24007773399353,47351,47356.54,0,0.4,8,ONE_POINT,100,100,RANDOM,1
396,39700,126.56450653076172,47313,47317.8,0,0.4,8,ONE_POINT,100,100,RANDOM,1
397,39800,126.8844256401062,47275,47278.31,0,0.4,8,ONE_POINT,100,100,RANDOM,1
398,39900,127.23114204406738,47243,47248.52,0,0.4,8,ONE_POINT,100,100,RANDOM,1
399,40000,127.55998516082764,47174,47178.83,0,0.4,8,ONE_POINT,100,100,RANDOM,1
400,40100,127.87653946876526,47096,47102.1,0,0.4,8,ONE_POINT,100,100,RANDOM,1
401,40200,128.1945083141327,47030,47035.07,0,0.4,8,ONE_POINT,100,100,RANDOM,1
402,40300,128.51916098594666,46873,46888.24,0,0.4,8,ONE_POINT,100,100,RANDOM,1
403,40400,128.86686062812805,46829,46833.85,0,0.4,8,ONE_POINT,100,100,RANDOM,1
404,40500,129.18304133415222,46790,46829.19,0,0.4,8,ONE_POINT,100,100,RANDOM,1
405,40600,129.52325081825256,46738,46751.9,0,0.4,8,ONE_POINT,100,100,RANDOM,1
406,40700,129.88704204559326,46674,46679.12,0,0.4,8,ONE_POINT,100,100,RANDOM,1
407,40800,130.18824100494385,46632,46704.61,0,0.4,8,ONE_POINT,100,100,RANDOM,1
408,40900,130.49668192863464,46523,46531.95,0,0.4,8,ONE_POINT,100,100,RANDOM,1
409,41000,130.79532074928284,46473,46478.01,0,0.4,8,ONE_POINT,100,100,RANDOM,1
410,41100,131.09802627563477,46457,46461.72,0,0.4,8,ONE_POINT,100,100,RANDOM,1
411,41200,131.41218757629395,46415,46418.27,0,0.4,8,ONE_POINT,100,100,RANDOM,1
412,41300,131.7363896369934,46379,46385.98,0,0.4,8,ONE_POINT,100,100,RANDOM,1
413,41400,132.06050872802734,46301,46306.22,0,0.4,8,ONE_POINT,100,100,RANDOM,1
414,41500,132.35662388801575,46263,46272.99,0,0.4,8,ONE_POINT,100,100,RANDOM,1
415,41600,132.67492127418518,46212,46262.85,0,0.4,8,ONE_POINT,100,100,RANDOM,1
416,41700,132.99496603012085,46138,46144.31,0,0.4,8,ONE_POINT,100,100,RANDOM,1
417,41800,133.3349757194519,46123,46127.91,0,0.4,8,ONE_POINT,100,100,RANDOM,1
418,41900,133.63699007034302,46049,46053.44,0,0.4,8,ONE_POINT,100,100,RANDOM,1
419,42000,133.98090815544128,46019,46022.0,0,0.4,8,ONE_POINT,100,100,RANDOM,1
420,42100,134.3360025882721,45982,46152.31,0,0.4,8,ONE_POINT,100,100,RANDOM,1
421,42200,134.6248893737793,45951,45956.01,0,0.4,8,ONE_POINT,100,100,RANDOM,1
422,42300,134.91487956047058,45896,45900.4,0,0.4,8,ONE_POINT,100,100,RANDOM,1
423,42400,135.2047679424286,45849,45930.1,0,0.4,8,ONE_POINT,100,100,RANDOM,1
424,42500,135.54172134399414,45764,45770.42,0,0.4,8,ONE_POINT,100,100,RANDOM,1
425,42600,135.84150075912476,45701,45710.24,0,0.4,8,ONE_POINT,100,100,RANDOM,1
426,42700,136.18490433692932,45626,45637.37,0,0.4,8,ONE_POINT,100,100,RANDOM,1
427,42800,136.48949480056763,45563,45568.99,0,0.4,8,ONE_POINT,100,100,RANDOM,1
428,42900,136.80284881591797,45481,45488.23,0,0.4,8,ONE_POINT,100,100,RANDOM,1
429,43000,137.09334754943848,45438,45442.54,0,0.4,8,ONE_POINT,100,100,RANDOM,1
430,43100,137.40403985977173,45391,45399.62,0,0.4,8,ONE_POINT,100,100,RANDOM,1
431,43200,137.72012066841125,45349,45354.46,0,0.4,8,ONE_POINT,100,100,RANDOM,1
432,43300,138.04932045936584,45308,45312.24,0,0.4,8,ONE_POINT,100,100,RANDOM,1
433,43400,138.36831307411194,45262,45263.84,0,0.4,8,ONE_POINT,100,100,RANDOM,1
434,43500,138.7094213962555,45141,45150.04,0,0.4,8,ONE_POINT,100,100,RANDOM,1
435,43600,139.0435287952423,45085,45089.86,0,0.4,8,ONE_POINT,100,100,RANDOM,1
436,43700,139.36942839622498,45056,45062.24,0,0.4,8,ONE_POINT,100,100,RANDOM,1
437,43800,139.66879296302795,44974,44979.21,0,0.4,8,ONE_POINT,100,100,RANDOM,1
438,43900,139.95538926124573,44920,44925.62,0,0.4,8,ONE_POINT,100,100,RANDOM,1
439,44000,140.2761971950531,44782,44790.28,0,0.4,8,ONE_POINT,100,100,RANDOM,1
440,44100,140.6056547164917,44758,44761.8,0,0.4,8,ONE_POINT,100,100,RANDOM,1
441,44200,140.89828181266785,44707,44711.73,0,0.4,8,ONE_POINT,100,100,RANDOM,1
442,44300,141.18707633018494,44653,44658.26,0,0.4,8,ONE_POINT,100,100,RANDOM,1
443,44400,141.49384140968323,44618,44621.78,0,0.4,8,ONE_POINT,100,100,RANDOM,1
444,44500,141.80173802375793,44565,44569.31,0,0.4,8,ONE_POINT,100,100,RANDOM,1
445,44600,142.110426902771,44480,44485.63,0,0.4,8,ONE_POINT,100,100,RANDOM,1
446,44700,142.4237756729126,44399,44404.64,0,0.4,8,ONE_POINT,100,100,RANDOM,1
447,44800,142.77089715003967,44350,44357.71,0,0.4,8,ONE_POINT,100,100,RANDOM,1
448,44900,143.1133737564087,44307,44310.22,0,0.4,8,ONE_POINT,100,100,RANDOM,1
449,45000,143.43093037605286,44283,44285.4,0,0.4,8,ONE_POINT,100,100,RANDOM,1
450,45100,143.7241554260254,44239,44243.55,0,0.4,8,ONE_POINT,100,100,RANDOM,1
451,45200,144.03400015830994,44174,44179.64,0,0.4,8,ONE_POINT,100,100,RANDOM,1
452,45300,144.34486317634583,44151,44210.61,0,0.4,8,ONE_POINT,100,100,RANDOM,1
453,45400,144.71739196777344,44075,44253.39,0,0.4,8,ONE_POINT,100,100,RANDOM,1
454,45500,145.10924434661865,44040,44043.21,0,0.4,8,ONE_POINT,100,100,RANDOM,1
455,45600,145.47626328468323,43962,44015.94,0,0.4,8,ONE_POINT,100,100,RANDOM,1
456,45700,145.81404757499695,43924,43932.1,0,0.4,8,ONE_POINT,100,100,RANDOM,1
457,45800,146.1614134311676,43868,43873.55,0,0.4,8,ONE_POINT,100,100,RANDOM,1
458,45900,146.48730969429016,43780,43788.39,0,0.4,8,ONE_POINT,100,100,RANDOM,1
459,46000,146.8280975818634,43763,43765.98,0,0.4,8,ONE_POINT,100,100,RANDOM,1
460,46100,147.14065742492676,43698,43703.91,0,0.4,8,ONE_POINT,100,100,RANDOM,1
461,46200,147.45645236968994,43643,43652.12,0,0.4,8,ONE_POINT,100,100,RANDOM,1
462,46300,147.75563764572144,43557,43565.82,0,0.4,8,ONE_POINT,100,100,RANDOM,1
463,46400,148.07628345489502,43417,43431.89,0,0.4,8,ONE_POINT,100,100,RANDOM,1
464,46500,148.3884255886078,43395,43397.81,0,0.4,8,ONE_POINT,100,100,RANDOM,1
465,46600,148.7220320701599,43380,43381.68,0,0.4,8,ONE_POINT,100,100,RANDOM,1
466,46700,149.05437636375427,43347,43350.01,0,0.4,8,ONE_POINT,100,100,RANDOM,1
467,46800,149.36847758293152,43296,43300.98,0,0.4,8,ONE_POINT,100,100,RANDOM,1
468,46900,149.67330980300903,43267,43269.51,0,0.4,8,ONE_POINT,100,100,RANDOM,1
469,47000,149.98024940490723,43237,43299.74,0,0.4,8,ONE_POINT,100,100,RANDOM,1
470,47100,150.27337837219238,43231,43245.56,0,0.4,8,ONE_POINT,100,100,RANDOM,1
471,47200,150.60103392601013,43175,43181.03,0,0.4,8,ONE_POINT,100,100,RANDOM,1
472,47300,150.93588495254517,43112,43121.24,0,0.4,8,ONE_POINT,100,100,RANDOM,1
473,47400,151.26363611221313,43046,43051.25,0,0.4,8,ONE_POINT,100,100,RANDOM,1
474,47500,151.58626055717468,43024,43026.22,0,0.4,8,ONE_POINT,100,100,RANDOM,1
475,47600,151.92391204833984,43001,43129.68,0,0.4,8,ONE_POINT,100,100,RANDOM,1
476,47700,152.2506148815155,42963,42966.51,0,0.4,8,ONE_POINT,100,100,RANDOM,1
477,47800,152.54863023757935,42926,42928.96,0,0.4,8,ONE_POINT,100,100,RANDOM,1
478,47900,152.8826515674591,42887,42890.9,0,0.4,8,ONE_POINT,100,100,RANDOM,1
479,48000,153.22971177101135,42873,42875.88,0,0.4,8,ONE_POINT,100,100,RANDOM,1
480,48100,153.55481719970703,42842,42845.9,0,0.4,8,ONE_POINT,100,100,RANDOM,1
481,48200,153.8516857624054,42755,42762.7,0,0.4,8,ONE_POINT,100,100,RANDOM,1
482,48300,154.1381208896637,42715,42799.9,0,0.4,8,ONE_POINT,100,100,RANDOM,1
483,48400,154.46172738075256,42600,42607.73,0,0.4,8,ONE_POINT,100,100,RANDOM,1
484,48500,154.75247168540955,42532,42537.44,0,0.4,8,ONE_POINT,100,100,RANDOM,1
485,48600,155.08492851257324,42481,42487.65,0,0.4,8,ONE_POINT,100,100,RANDOM,1
486,48700,155.40635514259338,42455,42561.89,0,0.4,8,ONE_POINT,100,100,RANDOM,1
487,48800,155.7384331226349,42435,42436.66,0,0.4,8,ONE_POINT,100,100,RANDOM,1
488,48900,156.05836057662964,42330,42336.68,0,0.4,8,ONE_POINT,100,100,RANDOM,1
489,49000,156.35576820373535,42278,42282.87,0,0.4,8,ONE_POINT,100,100,RANDOM,1
490,49100,156.6598711013794,42213,42221.42,0,0.4,8,ONE_POINT,100,100,RANDOM,1
491,49200,156.95299863815308,42191,42193.36,0,0.4,8,ONE_POINT,100,100,RANDOM,1
492,49300,157.28122234344482,42112,42116.96,0,0.4,8,ONE_POINT,100,100,RANDOM,1
493,49400,157.6093351840973,42044,42050.23,0,0.4,8,ONE_POINT,100,100,RANDOM,1
494,49500,157.9032220840454,41955,41960.66,0,0.4,8,ONE_POINT,100,100,RANDOM,1
495,49600,158.22721672058105,41899,41903.4,0,0.4,8,ONE_POINT,100,100,RANDOM,1
496,49700,158.5763282775879,41864,41867.19,0,0.4,8,ONE_POINT,100,100,RANDOM,1
497,49800,158.86503100395203,41749,41757.04,0,0.4,8,ONE_POINT,100,100,RANDOM,1
498,49900,159.17142009735107,41695,41699.82,0,0.4,8,ONE_POINT,100,100,RANDOM,1
499,50000,159.49351906776428,41667,41749.54,0,0.4,8,ONE_POINT,100,100,RANDOM,1
500,50100,159.8556523323059,41656,41657.74,0,0.4,8,ONE_POINT,100,100,RANDOM,1
1,200,0.21651124954223633,137986,133882.01,0,0.4,8,ONE_POINT,100,100,RANDOM,2
2,300,0.5678303241729736,132294,132321.66,0,0.4,8,ONE_POINT,100,100,RANDOM,2
3,400,0.9044694900512695,131946,131952.4,0,0.4,8,ONE_POINT,100,100,RANDOM,2
4,500,1.2460668087005615,131133,131147.87,0,0.4,8,ONE_POINT,100,100,RANDOM,2
5,600,1.5610928535461426,130351,130380.31,0,0.4,8,ONE_POINT,100,100,RANDOM,2
6,700,1.9002337455749512,129223,129245.56,0,0.4,8,ONE_POINT,100,100,RANDOM,2
7,800,2.241533041000366,128792,128802.96,0,0.4,8,ONE_POINT,100,100,RANDOM,2
8,900,2.561526298522949,127092,127126.0,0,0.4,8,ONE_POINT,100,100,RANDOM,2
9,1000,2.902754306793213,126419,126439.2,0,0.4,8,ONE_POINT,100,100,RANDOM,2
10,1100,3.189768075942993,125755,125774.92,0,0.4,8,ONE_POINT,100,100,RANDOM,2
11,1200,3.516688108444214,124826,124841.44,0,0.4,8,ONE_POINT,100,100,RANDOM,2
12,1300,3.843475341796875,124071,124086.1,0,0.4,8,ONE_POINT,100,100,RANDOM,2
13,1400,4.135897636413574,123220,123237.17,0,0.4,8,ONE_POINT,100,100,RANDOM,2
14,1500,4.477699518203735,122510,122524.2,0,0.4,8,ONE_POINT,100,100,RANDOM,2
15,1600,4.804174184799194,122071,122090.62,0,0.4,8,ONE_POINT,100,100,RANDOM,2
16,1700,5.140978097915649,121460,121478.33,0,0.4,8,ONE_POINT,100,100,RANDOM,2
17,1800,5.486997604370117,121029,121038.12,0,0.4,8,ONE_POINT,100,100,RANDOM,2
18,1900,5.801302909851074,120603,120620.11,0,0.4,8,ONE_POINT,100,100,RANDOM,2
19,2000,6.127930402755737,120211,120223.17,0,0.4,8,ONE_POINT,100,100,RANDOM,2
20,2100,6.420675039291382,119616,119627.9,0,0.4,8,ONE_POINT,100,100,RANDOM,2
21,2200,6.746899843215942,119226,119233.8,0,0.4,8,ONE_POINT,100,100,RANDOM,2
22,2300,7.04891300201416,118970,118978.66,0,0.4,8,ONE_POINT,100,100,RANDOM,2
23,2400,7.380293369293213,118166,118185.15,0,0.4,8,ONE_POINT,100,100,RANDOM,2
24,2500,7.69850492477417,117838,117859.32,0,0.4,8,ONE_POINT,100,100,RANDOM,2
25,2600,8.037161588668823,116930,116939.08,0,0.4,8,ONE_POINT,100,100,RANDOM,2
26,2700,8.326843738555908,115858,115868.72,0,0.4,8,ONE_POINT,100,100,RANDOM,2
27,2800,8.65688705444336,115588,115593.4,0,0.4,8,ONE_POINT,100,100,RANDOM,2
28,2900,8.982282638549805,115067,115077.32,0,0.4,8,ONE_POINT,100,100,RANDOM,2
29,3000,9.28615403175354,114466,114478.13,0,0.4,8,ONE_POINT,100,100,RANDOM,2
30,3100,9.612750053405762,113967,113986.96,0,0.4,8,ONE_POINT,100,100,RANDOM,2
31,3200,9.93489146232605,113499,113508.36,0,0.4,8,ONE_POINT,100,100,RANDOM,2
32,3300,10.269093751907349,112796,112810.02,0,0.4,8,ONE_POINT,100,100,RANDOM,2
33,3400,10.594075441360474,112525,112533.13,0,0.4,8,ONE_POINT,100,100,RANDOM,2
34,3500,10.891299724578857,112141,112148.68,0,0.4,8,ONE_POINT,100,100,RANDOM,2
35,3600,11.236896753311157,111633,111643.68,0,0.4,8,ONE_POINT,100,100,RANDOM,2
36,3700,11.545400857925415,111482,111488.04,0,0.4,8,ONE_POINT,100,100,RANDOM,2
37,3800,11.872354745864868,111043,111080.79,0,0.4,8,ONE_POINT,100,100,RANDOM,2
38,3900,12.160574674606323,110738,110747.15,0,0.4,8,ONE_POINT,100,100,RANDOM,2
39,4000,12.502057313919067,109797,109814.78,0,0.4,8,ONE_POINT,100,100,RANDOM,2
40,4100,12.819244146347046,109462,109485.52,0,0.4,8,ONE_POINT,100,100,RANDOM,2
41,4200,13.179485082626343,108800,108836.96,0,0.4,8,ONE_POINT,100,100,RANDOM,2
42,4300,13.472742795944214,108562,108588.57,0,0.4,8,ONE_POINT,100,100,RANDOM,2
43,4400,13.78890609741211,108028,108038.84,0,0.4,8,ONE_POINT,100,100,RANDOM,2
44,4500,14.136309385299683,107620,107635.44,0,0.4,8,ONE_POINT,100,100,RANDOM,2
45,4600,14.481132745742798,107335,107344.04,0,0.4,8,ONE_POINT,100,100,RANDOM,2
46,4700,14.765031576156616,107138,107145.47,0,0.4,8,ONE_POINT,100,100,RANDOM,2
47,4800,15.08982539176941,106772,106776.18,0,0.4,8,ONE_POINT,100,100,RANDOM,2
48,4900,15.410295963287354,106127,106147.88,0,0.4,8,ONE_POINT,100,100,RANDOM,2
49,5000,15.753221273422241,105622,105640.26,0,0.4,8,ONE_POINT,100,100,RANDOM,2
50,5100,16.09026074409485,105323,105332.41,0,0.4,8,ONE_POINT,100,100,RANDOM,2
51,5200,16.4068386554718,104995,105004.78,0,0.4,8,ONE_POINT,100,100,RANDOM,2
52,5300,16.740331649780273,104740,104747.78,0,0.4,8,ONE_POINT,100,100,RANDOM,2
53,5400,17.067432403564453,103957,103964.83,0,0.4,8,ONE_POINT,100,100,RANDOM,2
54,5500,17.403106212615967,103343,103357.07,0,0.4,8,ONE_POINT,100,100,RANDOM,2
55,5600,17.717907905578613,103011,103020.96,0,0.4,8,ONE_POINT,100,100,RANDOM,2
56,5700,18.073444604873657,102433,102444.62,0,0.4,8,ONE_POINT,100,100,RANDOM,2
57,5800,18.411070108413696,102014,102022.38,0,0.4,8,ONE_POINT,100,100,RANDOM,2
58,5900,18.72224712371826,101698,101710.64,0,0.4,8,ONE_POINT,100,100,RANDOM,2
59,6000,19.03496503829956,101118,101129.75,0,0.4,8,ONE_POINT,100,100,RANDOM,2
60,6100,19.347675800323486,100797,100819.48,0,0.4,8,ONE_POINT,100,100,RANDOM,2
61,6200,19.73989462852478,100439,100448.58,0,0.4,8,ONE_POINT,100,100,RANDOM,2
62,6300,20.045446157455444,100021,100040.33,0,0.4,8,ONE_POINT,100,100,RANDOM,2
63,6400,20.369402408599854,99712,99718.18,0,0.4,8,ONE_POINT,100,100,RANDOM,2
64,6500,20.69609522819519,99085,99100.32,0,0.4,8,ONE_POINT,100,100,RANDOM,2
65,6600,21.0051851272583,98708,98713.63,0,0.4,8,ONE_POINT,100,100,RANDOM,2
66,6700,21.343058824539185,98161,98171.94,0,0.4,8,ONE_POINT,100,100,RANDOM,2
67,6800,21.627723932266235,97849,97859.9,0,0.4,8,ONE_POINT,100,100,RANDOM,2
68,6900,21.909244298934937,97350,97364.97,0,0.4,8,ONE_POINT,100,100,RANDOM,2
69,7000,22.230448722839355,97098,97104.58,0,0.4,8,ONE_POINT,100,100,RANDOM,2
70,7100,22.540759325027466,96604,96609.51,0,0.4,8,ONE_POINT,100,100,RANDOM,2
71,7200,22.862671852111816,96318,96329.44,0,0.4,8,ONE_POINT,100,100,RANDOM,2
72,7300,23.152239084243774,96017,96026.03,0,0.4,8,ONE_POINT,100,100,RANDOM,2
73,7400,23.4517502784729,95596,95609.92,0,0.4,8,ONE_POINT,100,100,RANDOM,2
74,7500,23.777177095413208,95202,95213.82,0,0.4,8,ONE_POINT,100,100,RANDOM,2
75,7600,24.105682611465454,94862,94875.57,0,0.4,8,ONE_POINT,100,100,RANDOM,2
76,7700,24.391753911972046,94560,94566.04,0,0.4,8,ONE_POINT,100,100,RANDOM,2
77,7800,24.695937633514404,93481,93502.58,0,0.4,8,ONE_POINT,100,100,RANDOM,2
78,7900,24.980928659439087,93045,93070.59,0,0.4,8,ONE_POINT,100,100,RANDOM,2
79,8000,25.30311393737793,92744,92753.03,0,0.4,8,ONE_POINT,100,100,RANDOM,2
80,8100,25.636600494384766,92524,92540.17,0,0.4,8,ONE_POINT,100,100,RANDOM,2
81,8200,25.968970775604248,92138,92148.78,0,0.4,8,ONE_POINT,100,100,RANDOM,2
82,8300,26.28067660331726,91795,91805.29,0,0.4,8,ONE_POINT,100,100,RANDOM,2
83,8400,26.579728603363037,91590,91598.09,0,0.4,8,ONE_POINT,100,100,RANDOM,2
84,8500,26.89700961112976,91293,91304.88,0,0.4,8,ONE_POINT,100,100,RANDOM,2
85,8600,27.239294052124023,91141,91150.05,0,0.4,8,ONE_POINT,100,100,RANDOM,2
86,8700,27.56390953063965,90893,90912.0,0,0.4,8,ONE_POINT,100,100,RANDOM,2
87,8800,27.912601709365845,90144,90168.95,0,0.4,8,ONE_POINT,100,100,RANDOM,2
88,8900,28.209700345993042,89518,89531.31,0,0.4,8,ONE_POINT,100,100,RANDOM,2
89,9000,28.502233028411865,89152,89176.82,0,0.4,8,ONE_POINT,100,100,RANDOM,2
90,9100,28.803032875061035,88730,88742.71,0,0.4,8,ONE_POINT,100,100,RANDOM,2
91,9200,29.091992139816284,88345,88362.27,0,0.4,8,ONE_POINT,100,100,RANDOM,2
92,9300,29.438994884490967,87949,87958.86,0,0.4,8,ONE_POINT,100,100,RANDOM,2
93,9400,29.759077787399292,87638,87647.48,0,0.4,8,ONE_POINT,100,100,RANDOM,2
94,9500,30.091097593307495,87181,87194.71,0,0.4,8,ONE_POINT,100,100,RANDOM,2
95,9600,30.380539894104004,86874,86881.49,0,0.4,8,ONE_POINT,100,100,RANDOM,2
96,9700,30.700464725494385,86511,86528.8,0,0.4,8,ONE_POINT,100,100,RANDOM,2
97,9800,31.033812522888184,86107,86147.43,0,0.4,8,ONE_POINT,100,100,RANDOM,2
98,9900,31.360369443893433,85762,85773.0,0,0.4,8,ONE_POINT,100,100,RANDOM,2
99,10000,31.690946340560913,85579,85588.35,0,0.4,8,ONE_POINT,100,100,RANDOM,2
100,10100,32.01851177215576,85417,85425.1,0,0.4,8,ONE_POINT,100,100,RANDOM,2
101,10200,32.32143712043762,85254,85262.68,0,0.4,8,ONE_POINT,100,100,RANDOM,2
102,10300,32.63558506965637,85026,85035.12,0,0.4,8,ONE_POINT,100,100,RANDOM,2
103,10400,32.968343019485474,84480,84520.11,0,0.4,8,ONE_POINT,100,100,RANDOM,2
104,10500,33.28096079826355,84354,84390.61,0,0.4,8,ONE_POINT,100,100,RANDOM,2
105,10600,33.62503147125244,83700,83728.76,0,0.4,8,ONE_POINT,100,100,RANDOM,2
106,10700,33.92957067489624,83428,83438.33,0,0.4,8,ONE_POINT,100,100,RANDOM,2
107,10800,34.27088475227356,83226,83234.08,0,0.4,8,ONE_POINT,100,100,RANDOM,2
108,10900,34.576910972595215,82942,82956.0,0,0.4,8,ONE_POINT,100,100,RANDOM,2
109,11000,34.89021587371826,82672,82685.58,0,0.4,8,ONE_POINT,100,100,RANDOM,2
110,11100,35.21904993057251,82366,82375.18,0,0.4,8,ONE_POINT,100,100,RANDOM,2
111,11200,35.53100347518921,82178,82243.67,0,0.4,8,ONE_POINT,100,100,RANDOM,2
112,11300,35.818674087524414,81955,82035.4,0,0.4,8,ONE_POINT,100,100,RANDOM,2
113,11400,36.112372398376465,81654,81665.19,0,0.4,8,ONE_POINT,100,100,RANDOM,2
114,11500,36.455779790878296,81509,81525.71,0,0.4,8,ONE_POINT,100,100,RANDOM,2
115,11600,36.7996289730072,81302,81311.9,0,0.4,8,ONE_POINT,100,100,RANDOM,2
116,11700,37.102314472198486,81094,81108.03,0,0.4,8,ONE_POINT,100,100,RANDOM,2
117,11800,37.43825912475586,80872,80884.26,0,0.4,8,ONE_POINT,100,100,RANDOM,2
118,11900,37.77718448638916,80557,80567.19,0,0.4,8,ONE_POINT,100,100,RANDOM,2
119,12000,38.067437171936035,80366,80372.53,0,0.4,8,ONE_POINT,100,100,RANDOM,2
120,12100,38.36644005775452,80201,80206.1,0,0.4,8,ONE_POINT,100,100,RANDOM,2
121,12200,38.711464643478394,79958,79969.41,0,0.4,8,ONE_POINT,100,100,RANDOM,2
122,12300,39.01665997505188,79787,79799.67,0,0.4,8,ONE_POINT,100,100,RANDOM,2
123,12400,39.34221410751343,79260,79275.81,0,0.4,8,ONE_POINT,100,100,RANDOM,2
124,12500,39.646217584609985,79076,79098.21,0,0.4,8,ONE_POINT,100,100,RANDOM,2
125,12600,39.9486985206604,78829,78842.22,0,0.4,8,ONE_POINT,100,100,RANDOM,2
126,12700,40.27060794830322,78523,78535.24,0,0.4,8,ONE_POINT,100,100,RANDOM,2
127,12800,40.587522745132446,78286,78293.14,0,0.4,8,ONE_POINT,100,100,RANDOM,2
128,12900,40.9055552482605,77937,77950.96,0,0.4,8,ONE_POINT,100,100,RANDOM,2
129,13000,41.24237823486328,77800,77810.76,0,0.4,8,ONE_POINT,100,100,RANDOM,2
130,13100,41.56301498413086,77575,77588.32,0,0.4,8,ONE_POINT,100,100,RANDOM,2
131,13200,41.870885133743286,77338,77350.24,0,0.4,8,ONE_POINT,100,100,RANDOM,2
132,13300,42.1955189704895,77215,77228.74,0,0.4,8,ONE_POINT,100,100,RANDOM,2
133,13400,42.51031184196472,76937,76951.09,0,0.4,8,ONE_POINT,100,100,RANDOM,2
134,13500,42.825600147247314,76735,76744.22,0,0.4,8,ONE_POINT,100,100,RANDOM,2
135,13600,43.13516187667847,76467,76495.06,0,0.4,8,ONE_POINT,100,100,RANDOM,2
136,13700,43.48084259033203,76313,76318.61,0,0.4,8,ONE_POINT,100,100,RANDOM,2
137,13800,43.793668270111084,76244,76287.64,0,0.4,8,ONE_POINT,100,100,RANDOM,2
138,13900,44.10303092002869,76080,76088.1,0,0.4,8,ONE_POINT,100,100,RANDOM,2
139,14000,44.39648222923279,75922,75929.35,0,0.4,8,ONE_POINT,100,100,RANDOM,2
140,14100,44.68970227241516,75770,75780.94,0,0.4,8,ONE_POINT,100,100,RANDOM,2
141,14200,45.019291400909424,75501,75511.53,0,0.4,8,ONE_POINT,100,100,RANDOM,2
142,14300,45.30850172042847,75088,75100.34,0,0.4,8,ONE_POINT,100,100,RANDOM,2
143,14400,45.666452407836914,74677,74696.02,0,0.4,8,ONE_POINT,100,100,RANDOM,2
144,14500,46.00438046455383,74498,74522.25,0,0.4,8,ONE_POINT,100,100,RANDOM,2
145,14600,46.318915367126465,74128,74144.5,0,0.4,8,ONE_POINT,100,100,RANDOM,2
146,14700,46.68046736717224,73966,73977.68,0,0.4,8,ONE_POINT,100,100,RANDOM,2
147,14800,47.003365993499756,73736,73744.79,0,0.4,8,ONE_POINT,100,100,RANDOM,2
148,14900,47.32998991012573,73639,73652.44,0,0.4,8,ONE_POINT,100,100,RANDOM,2
149,15000,47.64895844459534,73463,73476.62,0,0.4,8,ONE_POINT,100,100,RANDOM,2
150,15100,47.99969434738159,73205,73216.54,0,0.4,8,ONE_POINT,100,100,RANDOM,2
151,15200,48.32752251625061,72911,72922.66,0,0.4,8,ONE_POINT,100,100,RANDOM,2
152,15300,48.65419149398804,72624,72659.63,0,0.4,8,ONE_POINT,100,100,RANDOM,2
153,15400,49.00128245353699,72363,72373.79,0,0.4,8,ONE_POINT,100,100,RANDOM,2
154,15500,49.34782814979553,72302,72353.41,0,0.4,8,ONE_POINT,100,100,RANDOM,2
155,15600,49.669970989227295,72153,72180.97,0,0.4,8,ONE_POINT,100,100,RANDOM,2
156,15700,49.98969483375549,72033,72039.0,0,0.4,8,ONE_POINT,100,100,RANDOM,2
157,15800,50.28062343597412,71793,71802.01,0,0.4,8,ONE_POINT,100,100,RANDOM,2
158,15900,50.5731999874115,71534,71544.36,0,0.4,8,ONE_POINT,100,100,RANDOM,2
159,16000,50.91956567764282,71177,71191.75,0,0.4,8,ONE_POINT,100,100,RANDOM,2
160,16100,51.22583818435669,71084,71090.51,0,0.4,8,ONE_POINT,100,100,RANDOM,2
161,16200,51.53474497795105,70907,70917.39,0,0.4,8,ONE_POINT,100,100,RANDOM,2
162,16300,51.88978409767151,70789,70796.3,0,0.4,8,ONE_POINT,100,100,RANDOM,2
163,16400,52.20708656311035,70683,70689.53,0,0.4,8,ONE_POINT,100,100,RANDOM,2
164,16500,52.519017457962036,70375,70388.38,0,0.4,8,ONE_POINT,100,100,RANDOM,2
165,16600,52.81651735305786,70260,70268.83,0,0.4,8,ONE_POINT,100,100,RANDOM,2
166,16700,53.158536195755005,70072,70080.81,0,0.4,8,ONE_POINT,100,100,RANDOM,2
167,16800,53.46727800369263,69938,69946.08,0,0.4,8,ONE_POINT,100,100,RANDOM,2
168,16900,53.763121366500854,69708,69723.97,0,0.4,8,ONE_POINT,100,100,RANDOM,2
169,17000,54.153188943862915,69514,69543.48,0,0.4,8,ONE_POINT,100,100,RANDOM,2
170,17100,54.49677228927612,69392,69460.58,0,0.4,8,ONE_POINT,100,100,RANDOM,2
171,17200,54.844852685928345,69309,69314.16,0,0.4,8,ONE_POINT,100,100,RANDOM,2
172,17300,55.1799156665802,69168,69177.98,0,0.4,8,ONE_POINT,100,100,RANDOM,2
173,17400,55.53474450111389,68988,69037.5,0,0.4,8,ONE_POINT,100,100,RANDOM,2
174,17500,55.85265612602234,68549,68562.17,0,0.4,8,ONE_POINT,100,100,RANDOM,2
175,17600,56.18083047866821,68303,68312.84,0,0.4,8,ONE_POINT,100,100,RANDOM,2
176,17700,56.47253179550171,68151,68159.97,0,0.4,8,ONE_POINT,100,100,RANDOM,2
177,17800,56.80148363113403,67932,67940.76,0,0.4,8,ONE_POINT,100,100,RANDOM,2
178,17900,57.10549998283386,67835,67843.59,0,0.4,8,ONE_POINT,100,100,RANDOM,2
179,18000,57.42778563499451,67778,67791.56,0,0.4,8,ONE_POINT,100,100,RANDOM,2
180,18100,57.74532747268677,67608,67625.49,0,0.4,8,ONE_POINT,100,100,RANDOM,2
181,18200,58.04643368721008,67520,67525.36,0,0.4,8,ONE_POINT,100,100,RANDOM,2
182,18300,58.38430070877075,67299,67307.84,0,0.4,8,ONE_POINT,100,100,RANDOM,2
183,18400,58.731380462646484,67139,67148.46,0,0.4,8,ONE_POINT,100,100,RANDOM,2
184,18500,59.065492391586304,67035,67041.24,0,0.4,8,ONE_POINT,100,100,RANDOM,2
185,18600,59.39655351638794,66855,66862.4,0,0.4,8,ONE_POINT,100,100,RANDOM,2
186,18700,59.72282385826111,66610,66685.84,0,0.4,8,ONE_POINT,100,100,RANDOM,2
187,18800,60.05041289329529,66283,66331.03,0,0.4,8,ONE_POINT,100,100,RANDOM,2
188,18900,60.39205241203308,66056,66062.81,0,0.4,8,ONE_POINT,100,100,RANDOM,2
189,19000,60.6838173866272,65976,65980.12,0,0.4,8,ONE_POINT,100,100,RANDOM,2
190,19100,60.97290086746216,65848,65875.63,0,0.4,8,ONE_POINT,100,100,RANDOM,2
191,19200,61.31517505645752,65797,65800.15,0,0.4,8,ONE_POINT,100,100,RANDOM,2
192,19300,61.62917494773865,65511,65526.04,0,0.4,8,ONE_POINT,100,100,RANDOM,2
193,19400,61.93913507461548,65384,65390.35,0,0.4,8,ONE_POINT,100,100,RANDOM,2
194,19500,62.28678846359253,65166,65175.29,0,0.4,8,ONE_POINT,100,100,RANDOM,2
195,19600,62.63326048851013,65020,65037.63,0,0.4,8,ONE_POINT,100,100,RANDOM,2
196,19700,62.9425835609436,64932,64941.37,0,0.4,8,ONE_POINT,100,100,RANDOM,2
197,19800,63.28137397766113,64760,64766.88,0,0.4,8,ONE_POINT,100,100,RANDOM,2
198,19900,63.5784068107605,64507,64521.82,0,0.4,8,ONE_POINT,100,100,RANDOM,2
199,20000,63.87255907058716,64251,64261.35,0,0.4,8,ONE_POINT,100,100,RANDOM,2
200,20100,64.16800880432129,63931,63937.4,0,0.4,8,ONE_POINT,100,100,RANDOM,2
201,20200,64.46920728683472,63771,63780.15,0,0.4,8,ONE_POINT,100,100,RANDOM,2
202,20300,64.82431149482727,63560,63578.15,0,0.4,8,ONE_POINT,100,100,RANDOM,2
203,20400,65.16402697563171,63465,63471.22,0,0.4,8,ONE_POINT,100,100,RANDOM,2
204,20500,65.50195145606995,63315,63323.45,0,0.4,8,ONE_POINT,100,100,RANDOM,2
205,20600,65.84857130050659,63215,63223.69,0,0.4,8,ONE_POINT,100,100,RANDOM,2
206,20700,66.1901626586914,62727,62746.52,0,0.4,8,ONE_POINT,100,100,RANDOM,2
207,20800,66.4889748096466,62542,62576.09,0,0.4,8,ONE_POINT,100,100,RANDOM,2
208,20900,66.83872509002686,62422,62431.49,0,0.4,8,ONE_POINT,100,100,RANDOM,2
209,21000,67.13430714607239,62253,62259.76,0,0.4,8,ONE_POINT,100,100,RANDOM,2
210,21100,67.44445991516113,62160,62238.44,0,0.4,8,ONE_POINT,100,100,RANDOM,2
211,21200,67.77872800827026,62088,62091.81,0,0.4,8,ONE_POINT,100,100,RANDOM,2
212,21300,68.07341408729553,61982,62064.17,0,0.4,8,ONE_POINT,100,100,RANDOM,2
213,21400,68.40725541114807,61871,61881.0,0,0.4,8,ONE_POINT,100,100,RANDOM,2
214,21500,68.69522857666016,61535,61558.72,0,0.4,8,ONE_POINT,100,100,RANDOM,2
215,21600,68.9953236579895,61296,61314.2,0,0.4,8,ONE_POINT,100,100,RANDOM,2
216,21700,69.29509711265564,61176,61183.58,0,0.4,8,ONE_POINT,100,100,RANDOM,2
217,21800,69.61318588256836,61095,61105.7,0,0.4,8,ONE_POINT,100,100,RANDOM,2
218,21900,69.9300103187561,60969,60977.1,0,0.4,8,ONE_POINT,100,100,RANDOM,2
219,22000,70.23747730255127,60833,60846.75,0,0.4,8,ONE_POINT,100,100,RANDOM,2
220,22100,70.59840226173401,60658,60665.46,0,0.4,8,ONE_POINT,100,100,RANDOM,2
221,22200,70.897780418396,60480,60489.01,0,0.4,8,ONE_POINT,100,100,RANDOM,2
222,22300,71.24643039703369,60368,60394.87,0,0.4,8,ONE_POINT,100,100,RANDOM,2
223,22400,71.53590154647827,60293,60297.27,0,0.4,8,ONE_POINT,100,100,RANDOM,2
224,22500,71.85697889328003,60174,60181.42,0,0.4,8,ONE_POINT,100,100,RANDOM,2
225,22600,72.19564580917358,60005,60018.11,0,0.4,8,ONE_POINT,100,100,RANDOM,2
226,22700,72.5415666103363,59812,59873.23,0,0.4,8,ONE_POINT,100,100,RANDOM,2
227,22800,72.84396839141846,59711,59718.74,0,0.4,8,ONE_POINT,100,100,RANDOM,2
228,22900,73.1464204788208,59523,59541.38,0,0.4,8,ONE_POINT,100,100,RANDOM,2
229,23000,73.46978163719177,59437,59447.18,0,0.4,8,ONE_POINT,100,100,RANDOM,2
230,23100,73.80423998832703,59318,59327.75,0,0.4,8,ONE_POINT,100,100,RANDOM,2
231,23200,74.1116144657135,59195,59201.15,0,0.4,8,ONE_POINT,100,100,RANDOM,2
232,23300,74.40546703338623,59136,59143.36,0,0.4,8,ONE_POINT,100,100,RANDOM,2
233,23400,74.71227622032166,59065,59069.97,0,0.4,8,ONE_POINT,100,100,RANDOM,2
234,23500,75.036301612854,58911,58922.47,0,0.4,8,ONE_POINT,100,100,RANDOM,2
235,23600,75.37550830841064,58837,58842.54,0,0.4,8,ONE_POINT,100,100,RANDOM,2
236,23700,75.7037262916565,58706,58714.25,0,0.4,8,ONE_POINT,100,100,RANDOM,2
237,23800,76.007648229599,58626,58637.62,0,0.4,8,ONE_POINT,100,100,RANDOM,2
238,23900,76.34140586853027,58456,58464.48,0,0.4,8,ONE_POINT,100,100,RANDOM,2
239,24000,76.64669966697693,58300,58313.89,0,0.4,8,ONE_POINT,100,100,RANDOM,2
240,24100,76.93272733688354,58116,58123.42,0,0.4,8,ONE_POINT,100,100,RANDOM,2
241,24200,77.27297639846802,57965,57974.64,0,0.4,8,ONE_POINT,100,100,RANDOM,2
242,24300,77.58784198760986,57794,57805.9,0,0.4,8,ONE_POINT,100,100,RANDOM,2
243,24400,77.87676620483398,57690,57697.72,0,0.4,8,ONE_POINT,100,100,RANDOM,2
244,24500,78.19618248939514,57618,57623.46,0,0.4,8,ONE_POINT,100,100,RANDOM,2
245,24600,78.5365960597992,57485,57489.89,0,0.4,8,ONE_POINT,100,100,RANDOM,2
246,24700,78.83109855651855,57380,57385.18,0,0.4,8,ONE_POINT,100,100,RANDOM,2
247,24800,79.12307572364807,57182,57206.82,0,0.4,8,ONE_POINT,100,100,RANDOM,2
248,24900,79.41539216041565,56965,57001.47,0,0.4,8,ONE_POINT,100,100,RANDOM,2
249,25000,79.7296552658081,56809,56815.63,0,0.4,8,ONE_POINT,100,100,RANDOM,2
250,25100,80.01972651481628,56740,56744.26,0,0.4,8,ONE_POINT,100,100,RANDOM,2
251,25200,80.3675389289856,56619,56626.45,0,0.4,8,ONE_POINT,100,100,RANDOM,2
252,25300,80.66808247566223,56538,56544.83,0,0.4,8,ONE_POINT,100,100,RANDOM,2
253,25400,80.99420356750488,56425,56429.02,0,0.4,8,ONE_POINT,100,100,RANDOM,2
254,25500,81.3588764667511,56339,56429.91,0,0.4,8,ONE_POINT,100,100,RANDOM,2
255,25600,81.69563865661621,56222,56231.63,0,0.4,8,ONE_POINT,100,100,RANDOM,2
256,25700,82.02904510498047,56001,56013.09,0,0.4,8,ONE_POINT,100,100,RANDOM,2
257,25800,82.32386112213135,55887,55980.92,0,0.4,8,ONE_POINT,100,100,RANDOM,2
258,25900,82.6329276561737,55798,55807.45,0,0.4,8,ONE_POINT,100,100,RANDOM,2
259,26000,82.91620993614197,55670,55677.68,0,0.4,8,ONE_POINT,100,100,RANDOM,2
260,26100,83.225515127182,55554,55564.28,0,0.4,8,ONE_POINT,100,100,RANDOM,2
261,26200,83.52956914901733,55507,55512.76,0,0.4,8,ONE_POINT,100,100,RANDOM,2
262,26300,83.85798692703247,55306,55318.9,0,0.4,8,ONE_POINT,100,100,RANDOM,2
263,26400,84.17556715011597,55203,55209.18,0,0.4,8,ONE_POINT,100,100,RANDOM,2
264,26500,84.47869491577148,55037,55117.9,0,0.4,8,ONE_POINT,100,100,RANDOM,2
265,26600,84.78262257575989,54868,54877.72,0,0.4,8,ONE_POINT,100,100,RANDOM,2
266,26700,85.10840201377869,54799,54803.83,0,0.4,8,ONE_POINT,100,100,RANDOM,2
267,26800,85.39262413978577,54680,54686.77,0,0.4,8,ONE_POINT,100,100,RANDOM,2
268,26900,85.7340476512909,54599,54619.97,0,0.4,8,ONE_POINT,100,100,RANDOM,2
269,27000,86.04872679710388,54519,54533.39,0,0.4,8,ONE_POINT,100,100,RANDOM,2
270,27100,86.41785049438477,54366,54377.81,0,0.4,8,ONE_POINT,100,100,RANDOM,2
271,27200,86.74907207489014,54232,54244.27,0,0.4,8,ONE_POINT,100,100,RANDOM,2
272,27300,87.07880806922913,54122,54130.63,0,0.4,8,ONE_POINT,100,100,RANDOM,2
273,27400,87.37192487716675,54017,54036.14,0,0.4,8,ONE_POINT,100,100,RANDOM,2
274,27500,87.72012329101562,53913,53920.29,0,0.4,8,ONE_POINT,100,100,RANDOM,2
275,27600,88.05313515663147,53844,53848.48,0,0.4,8,ONE_POINT,100,100,RANDOM,2
276,27700,88.36817264556885,53746,53754.38,0,0.4,8,ONE_POINT,100,100,RANDOM,2
277,27800,88.6899483203888,53666,53673.43,0,0.4,8,ONE_POINT,100,100,RANDOM,2
278,27900,89.03210854530334,53601,53606.35,0,0.4,8,ONE_POINT,100,100,RANDOM,2
279,28000,89.34901666641235,53523,53528.43,0,0.4,8,ONE_POINT,100,100,RANDOM,2
280,28100,89.647465467453,53436,53455.0,0,0.4,8,ONE_POINT,100,100,RANDOM,2
281,28200,89.96941590309143,53370,53374.42,0,0.4,8,ONE_POINT,100,100,RANDOM,2
282,28300,90.28671789169312,53266,53272.22,0,0.4,8,ONE_POINT,100,100,RANDOM,2
283,28400,90.63648891448975,53062,53079.48,0,0.4,8,ONE_POINT,100,100,RANDOM,2
284,28500,90.94108700752258,52918,52923.76,0,0.4,8,ONE_POINT,100,100,RANDOM,2
285,28600,91.2811267375946,52870,52874.69,0,0.4,8,ONE_POINT,100,100,RANDOM,2
286,28700,91.59161972999573,52756,52764.24,0,0.4,8,ONE_POINT,100,100,RANDOM,2
287,28800,91.93417072296143,52618,52626.31,0,0.4,8,ONE_POINT,100,100,RANDOM,2
288,28900,92.25918769836426,52417,52429.76,0,0.4,8,ONE_POINT,100,100,RANDOM,2
289,29000,92.59955978393555,52333,52374.67,0,0.4,8,ONE_POINT,100,100,RANDOM,2
290,29100,92.9350655078888,52272,52278.09,0,0.4,8,ONE_POINT,100,100,RANDOM,2
291,29200,93.25597167015076,52044,52058.25,0,0.4,8,ONE_POINT,100,100,RANDOM,2
292,29300,93.59734797477722,52013,52015.79,0,0.4,8,ONE_POINT,100,100,RANDOM,2
293,29400,93.91279983520508,51932,51936.86,0,0.4,8,ONE_POINT,100,100,RANDOM,2
294,29500,94.23918461799622,51822,51828.13,0,0.4,8,ONE_POINT,100,100,RANDOM,2
295,29600,94.55486416816711,51671,51680.1,0,0.4,8,ONE_POINT,100,100,RANDOM,2
296,29700,94.90467810630798,51493,51503.68,0,0.4,8,ONE_POINT,100,100,RANDOM,2
297,29800,95.2193660736084,51422,51453.03,0,0.4,8,ONE_POINT,100,100,RANDOM,2
298,29900,95.51386189460754,51374,51387.04,0,0.4,8,ONE_POINT,100,100,RANDOM,2
299,30000,95.85469961166382,51319,51392.81,0,0.4,8,ONE_POINT,100,100,RANDOM,2
300,30100,96.15858030319214,51237,51244.11,0,0.4,8,ONE_POINT,100,100,RANDOM,2
301,30200,96.52101683616638,51125,51133.04,0,0.4,8,ONE_POINT,100,100,RANDOM,2
302,30300,96.84002232551575,50901,50927.86,0,0.4,8,ONE_POINT,100,100,RANDOM,2
303,30400,97.1751275062561,50689,50702.16,0,0.4,8,ONE_POINT,100,100,RANDOM,2
304,30500,97.5356752872467,50655,50676.63,0,0.4,8,ONE_POINT,100,100,RANDOM,2
305,30600,97.86191487312317,50550,50556.5,0,0.4,8,ONE_POINT,100,100,RANDOM,2
306,30700,98.17378163337708,50489,50493.49,0,0.4,8,ONE_POINT,100,100,RANDOM,2
307,30800,98.5024631023407,50329,50386.53,0,0.4,8,ONE_POINT,100,100,RANDOM,2
308,30900,98.81288814544678,50211,50221.93,0,0.4,8,ONE_POINT,100,100,RANDOM,2
309,31000,99.14224457740784,50144,50148.19,0,0.4,8,ONE_POINT,100,100,RANDOM,2
310,31100,99.43455672264099,50031,50038.55,0,0.4,8,ONE_POINT,100,100,RANDOM,2
311,31200,99.72507810592651,49926,49931.99,0,0.4,8,ONE_POINT,100,100,RANDOM,2
312,31300,100.0328197479248,49894,49896.61,0,0.4,8,ONE_POINT,100,100,RANDOM,2
313,31400,100.32496094703674,49845,49847.87,0,0.4,8,ONE_POINT,100,100,RANDOM,2
314,31500,100.61683535575867,49758,49763.9,0,0.4,8,ONE_POINT,100,100,RANDOM,2
315,31600,100.91568446159363,49729,49731.32,0,0.4,8,ONE_POINT,100,100,RANDOM,2
316,31700,101.2558822631836,49560,49570.09,0,0.4,8,ONE_POINT,100,100,RANDOM,2
317,31800,101.57846140861511,49461,49468.49,0,0.4,8,ONE_POINT,100,100,RANDOM,2
318,31900,101.87697792053223,49350,49356.66,0,0.4,8,ONE_POINT,100,100,RANDOM,2
319,32000,102.21155118942261,49264,49270.18,0,0.4,8,ONE_POINT,100,100,RANDOM,2
320,32100,102.4992425441742,49153,49159.54,0,0.4,8,ONE_POINT,100,100,RANDOM,2
321,32200,102.80901575088501,49070,49076.67,0,0.4,8,ONE_POINT,100,100,RANDOM,2
322,32300,103.14446449279785,48986,48991.04,0,0.4,8,ONE_POINT,100,100,RANDOM,2
323,32400,103.48243165016174,48907,48911.76,0,0.4,8,ONE_POINT,100,100,RANDOM,2
324,32500,103.83872151374817,48829,48835.25,0,0.4,8,ONE_POINT,100,100,RANDOM,2
325,32600,104.17491722106934,48772,48777.08,0,0.4,8,ONE_POINT,100,100,RANDOM,2
326,32700,104.49190831184387,48630,48635.68,0,0.4,8,ONE_POINT,100,100,RANDOM,2
327,32800,104.812735080719,48600,48608.66,0,0.4,8,ONE_POINT,100,100,RANDOM,2
328,32900,105.15297031402588,48520,48525.86,0,0.4,8,ONE_POINT,100,100,RANDOM,2
329,33000,105.45592164993286,48441,48451.1,0,0.4,8,ONE_POINT,100,100,RANDOM,2
330,33100,105.75961971282959,48384,48411.52,0,0.4,8,ONE_POINT,100,100,RANDOM,2
331,33200,106.09418511390686,48294,48311.64,0,0.4,8,ONE_POINT,100,100,RANDOM,2
332,33300,106.439701795578,48128,48149.91,0,0.4,8,ONE_POINT,100,100,RANDOM,2
333,33400,106.74220442771912,48063,48069.07,0,0.4,8,ONE_POINT,100,100,RANDOM,2
334,33500,107.03073215484619,48006,48028.41,0,0.4,8,ONE_POINT,100,100,RANDOM,2
335,33600,107.3564064502716,47942,47946.85,0,0.4,8,ONE_POINT,100,100,RANDOM,2
336,33700,107.71569347381592,47870,47875.76,0,0.4,8,ONE_POINT,100,100,RANDOM,2
337,33800,108.01558256149292,47795,47837.14,0,0.4,8,ONE_POINT,100,100,RANDOM,2
338,33900,108.33930444717407,47725,47730.86,0,0.4,8,ONE_POINT,100,100,RANDOM,2
339,34000,108.68944954872131,47656,47660.6,0,0.4,8,ONE_POINT,100,100,RANDOM,2
340,34100,109.00843977928162,47398,47416.67,0,0.4,8,ONE_POINT,100,100,RANDOM,2
341,34200,109.32704710960388,47360,47371.97,0,0.4,8,ONE_POINT,100,100,RANDOM,2
342,34300,109.64049315452576,47299,47305.52,0,0.4,8,ONE_POINT,100,100,RANDOM,2
343,34400,109.96062159538269,47228,47233.98,0,0.4,8,ONE_POINT,100,100,RANDOM,2
344,34500,110.30223107337952,47179,47185.11,0,0.4,8,ONE_POINT,100,100,RANDOM,2
345,34600,110.61776423454285,47153,47159.73,0,0.4,8,ONE_POINT,100,100,RANDOM,2
346,34700,110.92869329452515,47018,47030.7,0,0.4,8,ONE_POINT,100,100,RANDOM,2
347,34800,111.22407341003418,46772,46786.69,0,0.4,8,ONE_POINT,100,100,RANDOM,2
348,34900,111.52571988105774,46745,46750.29,0,0.4,8,ONE_POINT,100,100,RANDOM,2
349,35000,111.83598923683167,46617,46629.76,0,0.4,8,ONE_POINT,100,100,RANDOM,2
350,35100,112.14600825309753,46591,46593.36,0,0.4,8,ONE_POINT,100,100,RANDOM,2
351,35200,112.44482135772705,46512,46519.11,0,0.4,8,ONE_POINT,100,100,RANDOM,2
352,35300,112.75210189819336,46413,46432.74,0,0.4,8,ONE_POINT,100,100,RANDOM,2
353,35400,113.08245182037354,46328,46336.53,0,0.4,8,ONE_POINT,100,100,RANDOM,2
354,35500,113.42642116546631,46248,46254.69,0,0.4,8,ONE_POINT,100,100,RANDOM,2
355,35600,113.81623673439026,46169,46175.28,0,0.4,8,ONE_POINT,100,100,RANDOM,2
356,35700,114.13133001327515,46080,46086.12,0,0.4,8,ONE_POINT,100,100,RANDOM,2
357,35800,114.50049996376038,45965,46041.58,0,0.4,8,ONE_POINT,100,100,RANDOM,2
358,35900,114.82863926887512,45838,45844.81,0,0.4,8,ONE_POINT,100,100,RANDOM,2
359,36000,115.14595937728882,45784,45788.85,0,0.4,8,ONE_POINT,100,100,RANDOM,2
360,36100,115.43802046775818,45697,45703.41,0,0.4,8,ONE_POINT,100,100,RANDOM,2
361,36200,115.74418663978577,45603,45622.72,0,0.4,8,ONE_POINT,100,100,RANDOM,2
362,36300,116.05278587341309,45566,45657.18,0,0.4,8,ONE_POINT,100,100,RANDOM,2
363,36400,116.36365461349487,45507,45512.91,0,0.4,8,ONE_POINT,100,100,RANDOM,2
364,36500,116.66753053665161,45452,45475.04,0,0.4,8,ONE_POINT,100,100,RANDOM,2
365,36600,117.0037636756897,45385,45479.72,0,0.4,8,ONE_POINT,100,100,RANDOM,2
366,36700,117.3351538181305,45297,45302.59,0,0.4,8,ONE_POINT,100,100,RANDOM,2
367,36800,117.65548253059387,45184,45190.78,0,0.4,8,ONE_POINT,100,100,RANDOM,2
368,36900,117.9978289604187,45079,45136.4,0,0.4,8,ONE_POINT,100,100,RANDOM,2
369,37000,118.29873251914978,45007,45016.1,0,0.4,8,ONE_POINT,100,100,RANDOM,2
370,37100,118.63525176048279,44914,44920.31,0,0.4,8,ONE_POINT,100,100,RANDOM,2
371,37200,118.98682022094727,44875,44883.27,0,0.4,8,ONE_POINT,100,100,RANDOM,2
372,37300,119.30754351615906,44838,44841.17,0,0.4,8,ONE_POINT,100,100,RANDOM,2
373,37400,119.66034817695618,44783,44787.13,0,0.4,8,ONE_POINT,100,100,RANDOM,2
374,37500,120.01731586456299,44728,44729.1,0,0.4,8,ONE_POINT,100,100,RANDOM,2
375,37600,120.32781648635864,44634,44638.7,0,0.4,8,ONE_POINT,100,100,RANDOM,2
376,37700,120.71108293533325,44584,44588.38,0,0.4,8,ONE_POINT,100,100,RANDOM,2
377,37800,121.04156637191772,44562,44565.15,0,0.4,8,ONE_POINT,100,100,RANDOM,2
378,37900,121.37313294410706,44485,44490.12,0,0.4,8,ONE_POINT,100,100,RANDOM,2
379,38000,121.66933298110962,44451,44474.54,0,0.4,8,ONE_POINT,100,100,RANDOM,2
380,38100,121.99469256401062,44376,44380.63,0,0.4,8,ONE_POINT,100,100,RANDOM,2
381,38200,122.29093527793884,44323,44329.1,0,0.4,8,ONE_POINT,100,100,RANDOM,2
382,38300,122.58468532562256,44291,44296.75,0,0.4,8,ONE_POINT,100,100,RANDOM,2
383,38400,122.9085066318512,44246,44250.56,0,0.4,8,ONE_POINT,100,100,RANDOM,2
384,38500,123.19627213478088,44190,44193.05,0,0.4,8,ONE_POINT,100,100,RANDOM,2
385,38600,123.53285503387451,44093,44097.84,0,0.4,8,ONE_POINT,100,100,RANDOM,2
386,38700,123.84217596054077,44038,44042.4,0,0.4,8,ONE_POINT,100,100,RANDOM,2
387,38800,124.20474529266357,44014,44016.95,0,0.4,8,ONE_POINT,100,100,RANDOM,2
388,38900,124.49644613265991,43966,44119.44,0,0.4,8,ONE_POINT,100,100,RANDOM,2
389,39000,124.79417204856873,43927,43955.05,0,0.4,8,ONE_POINT,100,100,RANDOM,2
390,39100,125.12397766113281,43864,43872.35,0,0.4,8,ONE_POINT,100,100,RANDOM,2
391,39200,125.43547129631042,43736,43744.68,0,0.4,8,ONE_POINT,100,100,RANDOM,2
392,39300,125.76409912109375,43617,43624.21,0,0.4,8,ONE_POINT,100,100,RANDOM,2
393,39400,126.12082958221436,43527,43539.03,0,0.4,8,ONE_POINT,100,100,RANDOM,2
394,39500,126.44158720970154,43465,43470.43,0,0.4,8,ONE_POINT,100,100,RANDOM,2
395,39600,126.77958488464355,43413,43416.97,0,0.4,8,ONE_POINT,100,100,RANDOM,2
396,39700,127.09422373771667,43319,43324.78,0,0.4,8,ONE_POINT,100,100,RANDOM,2
397,39800,127.42596197128296,43302,43304.79,0,0.4,8,ONE_POINT,100,100,RANDOM,2
398,39900,127.72245860099792,43259,43265.66,0,0.4,8,ONE_POINT,100,100,RANDOM,2
399,40000,128.01150512695312,43167,43175.1,0,0.4,8,ONE_POINT,100,100,RANDOM,2
400,40100,128.34501719474792,43117,43120.0,0,0.4,8,ONE_POINT,100,100,RANDOM,2
401,40200,128.67035484313965,43065,43075.17,0,0.4,8,ONE_POINT,100,100,RANDOM,2
402,40300,128.9648904800415,43022,43028.24,0,0.4,8,ONE_POINT,100,100,RANDOM,2
403,40400,129.31630039215088,42861,42946.11,0,0.4,8,ONE_POINT,100,100,RANDOM,2
404,40500,129.63159489631653,42804,42823.76,0,0.4,8,ONE_POINT,100,100,RANDOM,2
405,40600,130.01227927207947,42795,42797.1,0,0.4,8,ONE_POINT,100,100,RANDOM,2
406,40700,130.34191131591797,42759,42766.12,0,0.4,8,ONE_POINT,100,100,RANDOM,2
407,40800,130.6848065853119,42615,42622.65,0,0.4,8,ONE_POINT,100,100,RANDOM,2
408,40900,131.00202441215515,42527,42586.63,0,0.4,8,ONE_POINT,100,100,RANDOM,2
409,41000,131.33863043785095,42484,42489.17,0,0.4,8,ONE_POINT,100,100,RANDOM,2
410,41100,131.6358242034912,42438,42442.1,0,0.4,8,ONE_POINT,100,100,RANDOM,2
411,41200,131.92365956306458,42386,42389.64,0,0.4,8,ONE_POINT,100,100,RANDOM,2
412,41300,132.26488304138184,42304,42329.67,0,0.4,8,ONE_POINT,100,100,RANDOM,2
413,41400,132.60675477981567,42251,42273.1,0,0.4,8,ONE_POINT,100,100,RANDOM,2
414,41500,132.9275767803192,42209,42213.19,0,0.4,8,ONE_POINT,100,100,RANDOM,2
415,41600,133.22160720825195,42163,42168.06,0,0.4,8,ONE_POINT,100,100,RANDOM,2
416,41700,133.54157710075378,42119,42123.4,0,0.4,8,ONE_POINT,100,100,RANDOM,2
417,41800,133.8705599308014,42056,42086.86,0,0.4,8,ONE_POINT,100,100,RANDOM,2
418,41900,134.17553234100342,42039,42041.5,0,0.4,8,ONE_POINT,100,100,RANDOM,2
419,42000,134.49547457695007,42018,42020.31,0,0.4,8,ONE_POINT,100,100,RANDOM,2
420,42100,134.82778120040894,41946,41955.71,0,0.4,8,ONE_POINT,100,100,RANDOM,2
421,42200,135.11166405677795,41891,41896.68,0,0.4,8,ONE_POINT,100,100,RANDOM,2
422,42300,135.45259189605713,41853,41856.42,0,0.4,8,ONE_POINT,100,100,RANDOM,2
423,42400,135.74664282798767,41790,41877.36,0,0.4,8,ONE_POINT,100,100,RANDOM,2
424,42500,136.0341284275055,41749,41752.91,0,0.4,8,ONE_POINT,100,100,RANDOM,2
425,42600,136.33697891235352,41665,41781.32,0,0.4,8,ONE_POINT,100,100,RANDOM,2
426,42700,136.64689993858337,41624,41628.15,0,0.4,8,ONE_POINT,100,100,RANDOM,2
427,42800,136.96048426628113,41517,41527.92,0,0.4,8,ONE_POINT,100,100,RANDOM,2
428,42900,137.28538966178894,41448,41454.63,0,0.4,8,ONE_POINT,100,100,RANDOM,2
429,43000,137.631267786026,41392,41412.71,0,0.4,8,ONE_POINT,100,100,RANDOM,2
430,43100,137.9909393787384,41365,41371.68,0,0.4,8,ONE_POINT,100,100,RANDOM,2
431,43200,138.30536246299744,41316,41320.05,0,0.4,8,ONE_POINT,100,100,RANDOM,2
432,43300,138.60659170150757,41269,41272.63,0,0.4,8,ONE_POINT,100,100,RANDOM,2
433,43400,138.94137859344482,41237,41375.72,0,0.4,8,ONE_POINT,100,100,RANDOM,2
434,43500,139.23836374282837,41183,41188.6,0,0.4,8,ONE_POINT,100,100,RANDOM,2
435,43600,139.55074548721313,41143,41149.5,0,0.4,8,ONE_POINT,100,100,RANDOM,2
436,43700,139.84101581573486,41100,41119.65,0,0.4,8,ONE_POINT,100,100,RANDOM,2
437,43800,140.18972659111023,41011,41015.69,0,0.4,8,ONE_POINT,100,100,RANDOM,2
438,43900,140.49785256385803,40964,40968.83,0,0.4,8,ONE_POINT,100,100,RANDOM,2
439,44000,140.7883584499359,40936,40938.07,0,0.4,8,ONE_POINT,100,100,RANDOM,2
440,44100,141.0791847705841,40890,40895.56,0,0.4,8,ONE_POINT,100,100,RANDOM,2
441,44200,141.3934063911438,40855,40868.15,0,0.4,8,ONE_POINT,100,100,RANDOM,2
442,44300,141.68352937698364,40732,40740.2,0,0.4,8,ONE_POINT,100,100,RANDOM,2
443,44400,141.98698353767395,40698,40700.72,0,0.4,8,ONE_POINT,100,100,RANDOM,2
444,44500,142.33886122703552,40637,40645.72,0,0.4,8,ONE_POINT,100,100,RANDOM,2
445,44600,142.63895845413208,40592,40601.07,0,0.4,8,ONE_POINT,100,100,RANDOM,2
446,44700,142.94875240325928,40387,40400.7,0,0.4,8,ONE_POINT,100,100,RANDOM,2
447,44800,143.28963613510132,40321,40329.08,0,0.4,8,ONE_POINT,100,100,RANDOM,2
448,44900,143.6029670238495,40280,40284.94,0,0.4,8,ONE_POINT,100,100,RANDOM,2
449,45000,143.90276527404785,40271,40273.37,0,0.4,8,ONE_POINT,100,100,RANDOM,2
450,45100,144.24796509742737,40203,40208.75,0,0.4,8,ONE_POINT,100,100,RANDOM,2
451,45200,144.58711528778076,40141,40146.51,0,0.4,8,ONE_POINT,100,100,RANDOM,2
452,45300,144.9297227859497,40099,40174.4,0,0.4,8,ONE_POINT,100,100,RANDOM,2
453,45400,145.24480938911438,40076,40078.51,0,0.4,8,ONE_POINT,100,100,RANDOM,2
454,45500,145.61391139030457,40068,40069.5,0,0.4,8,ONE_POINT,100,100,RANDOM,2
455,45600,145.96468114852905,40022,40026.97,0,0.4,8,ONE_POINT,100,100,RANDOM,2
456,45700,146.30843687057495,39991,39995.76,0,0.4,8,ONE_POINT,100,100,RANDOM,2
457,45800,146.64470839500427,39974,39980.32,0,0.4,8,ONE_POINT,100,100,RANDOM,2
458,45900,146.94534397125244,39932,39938.96,0,0.4,8,ONE_POINT,100,100,RANDOM,2
459,46000,147.27557802200317,39911,39914.18,0,0.4,8,ONE_POINT,100,100,RANDOM,2
460,46100,147.5701882839203,39845,39849.85,0,0.4,8,ONE_POINT,100,100,RANDOM,2
461,46200,147.90006041526794,39803,39807.56,0,0.4,8,ONE_POINT,100,100,RANDOM,2
462,46300,148.2022409439087,39774,39777.99,0,0.4,8,ONE_POINT,100,100,RANDOM,2
463,46400,148.51566791534424,39753,39756.48,0,0.4,8,ONE_POINT,100,100,RANDOM,2
464,46500,148.8061010837555,39742,39744.74,0,0.4,8,ONE_POINT,100,100,RANDOM,2
465,46600,149.13938164710999,39682,39686.91,0,0.4,8,ONE_POINT,100,100,RANDOM,2
466,46700,149.47794938087463,39642,39645.59,0,0.4,8,ONE_POINT,100,100,RANDOM,2
467,46800,149.80446457862854,39581,39587.22,0,0.4,8,ONE_POINT,100,100,RANDOM,2
468,46900,150.09294438362122,39553,39556.02,0,0.4,8,ONE_POINT,100,100,RANDOM,2
469,47000,150.43907856941223,39523,39527.18,0,0.4,8,ONE_POINT,100,100,RANDOM,2
470,47100,150.7544994354248,39487,39491.03,0,0.4,8,ONE_POINT,100,100,RANDOM,2
471,47200,151.10673117637634,39428,39438.31,0,0.4,8,ONE_POINT,100,100,RANDOM,2
472,47300,151.45769000053406,39391,39395.93,0,0.4,8,ONE_POINT,100,100,RANDOM,2
473,47400,151.75180220603943,39377,39408.91,0,0.4,8,ONE_POINT,100,100,RANDOM,2
474,47500,152.0691409111023,39332,39342.09,0,0.4,8,ONE_POINT,100,100,RANDOM,2
475,47600,152.37908554077148,39326,39326.84,0,0.4,8,ONE_POINT,100,100,RANDOM,2
476,47700,152.67412996292114,39239,39246.15,0,0.4,8,ONE_POINT,100,100,RANDOM,2
477,47800,153.02321314811707,39231,39233.15,0,0.4,8,ONE_POINT,100,100,RANDOM,2
478,47900,153.38382363319397,39216,39218.04,0,0.4,8,ONE_POINT,100,100,RANDOM,2
479,48000,153.69027709960938,39195,39201.33,0,0.4,8,ONE_POINT,100,100,RANDOM,2
480,48100,154.00055694580078,39172,39176.06,0,0.4,8,ONE_POINT,100,100,RANDOM,2
481,48200,154.31137371063232,39129,39144.45,0,0.4,8,ONE_POINT,100,100,RANDOM,2
482,48300,154.6811182498932,39114,39118.95,0,0.4,8,ONE_POINT,100,100,RANDOM,2
483,48400,155.02641463279724,39085,39088.79,0,0.4,8,ONE_POINT,100,100,RANDOM,2
484,48500,155.35288405418396,39031,39039.49,0,0.4,8,ONE_POINT,100,100,RANDOM,2
485,48600,155.64686465263367,38998,38999.86,0,0.4,8,ONE_POINT,100,100,RANDOM,2
486,48700,155.9714117050171,38965,39030.17,0,0.4,8,ONE_POINT,100,100,RANDOM,2
487,48800,156.29983758926392,38949,38978.67,0,0.4,8,ONE_POINT,100,100,RANDOM,2
488,48900,156.6020040512085,38920,38923.08,0,0.4,8,ONE_POINT,100,100,RANDOM,2
489,49000,156.90982699394226,38883,38885.94,0,0.4,8,ONE_POINT,100,100,RANDOM,2
490,49100,157.26793479919434,38811,38818.07,0,0.4,8,ONE_POINT,100,100,RANDOM,2
491,49200,157.60724401474,38785,38787.99,0,0.4,8,ONE_POINT,100,100,RANDOM,2
492,49300,157.92449927330017,38732,38737.05,0,0.4,8,ONE_POINT,100,100,RANDOM,2
493,49400,158.23527693748474,38708,38710.4,0,0.4,8,ONE_POINT,100,100,RANDOM,2
494,49500,158.5639157295227,38674,38677.64,0,0.4,8,ONE_POINT,100,100,RANDOM,2
495,49600,158.87570214271545,38641,38644.43,0,0.4,8,ONE_POINT,100,100,RANDOM,2
496,49700,159.19988107681274,38587,38592.54,0,0.4,8,ONE_POINT,100,100,RANDOM,2
497,49800,159.49179339408875,38525,38529.47,0,0.4,8,ONE_POINT,100,100,RANDOM,2
498,49900,159.81407380104065,38493,38510.74,0,0.4,8,ONE_POINT,100,100,RANDOM,2
499,50000,160.12338829040527,38434,38438.13,0,0.4,8,ONE_POINT,100,100,RANDOM,2
500,50100,160.45011973381042,38408,38411.04,0,0.4,8,ONE_POINT,100,100,RANDOM,2
