num-generations,num-evaluations,time-elapsed,best-fitness,avg-fitness,elite-frac,alpha,elitist_size,crossover-method,population-size,num-points,initialization,seed
1,200,0.2140486240386963,134707,134940.91,0,0.4,21,ONE_POINT,100,100,RANDOM,0
2,300,0.550584077835083,132451,132496.12,0,0.4,21,ONE_POINT,100,100,RANDOM,0
3,400,0.9300787448883057,130930,130961.14,0,0.4,21,ONE_POINT,100,100,RANDOM,0
4,500,1.276954174041748,130471,130478.75,0,0.4,21,ONE_POINT,100,100,RANDOM,0
5,600,1.615307092666626,128982,129029.4,0,0.4,21,ONE_POINT,100,100,RANDOM,0
6,700,1.980018138885498,126335,126387.94,0,0.4,21,ONE_POINT,100,100,RANDOM,0
7,800,2.397857427597046,125641,125654.88,0,0.4,21,ONE_POINT,100,100,RANDOM,0
8,900,2.7538297176361084,124918,124937.9,0,0.4,21,ONE_POINT,100,100,RANDOM,0
9,1000,3.118497371673584,124445,124454.46,0,0.4,21,ONE_POINT,100,100,RANDOM,0
10,1100,3.4655871391296387,123915,123935.85,0,0.4,21,ONE_POINT,100,100,RANDOM,0
11,1200,3.792454242706299,123176,123293.13,0,0.4,21,ONE_POINT,100,100,RANDOM,0
12,1300,4.146053791046143,122198,122236.96,0,0.4,21,ONE_POINT,100,100,RANDOM,0
13,1400,4.488262176513672,121488,121509.3,0,0.4,21,ONE_POINT,100,100,RANDOM,0
14,1500,4.812021493911743,121052,121066.66,0,0.4,21,ONE_POINT,100,100,RANDOM,0
15,1600,5.130597829818726,120549,120566.46,0,0.4,21,ONE_POINT,100,100,RANDOM,0
16,1700,5.4880969524383545,120008,120029.92,0,0.4,21,ONE_POINT,100,100,RANDOM,0
17,1800,5.812889337539673,119501,119526.65,0,0.4,21,ONE_POINT,100,100,RANDOM,0
18,1900,6.168129920959473,118816,118869.48,0,0.4,21,ONE_POINT,100,100,RANDOM,0
19,2000,6.514571189880371,118323,118343.35,0,0.4,21,ONE_POINT,100,100,RANDOM,0
20,2100,6.85800838470459,117911,117946.11,0,0.4,21,ONE_POINT,100,100,RANDOM,0
21,2200,7.176965951919556,116487,116550.69,0,0.4,21,ONE_POINT,100,100,RANDOM,0
22,2300,7.516441822052002,116174,116186.47,0,0.4,21,ONE_POINT,100,100,RANDOM,0
23,2400,7.874594211578369,115073,115139.91,0,0.4,21,ONE_POINT,100,100,RANDOM,0
24,2500,8.210345268249512,114401,114421.12,0,0.4,21,ONE_POINT,100,100,RANDOM,0
25,2600,8.530393362045288,114251,114347.28,0,0.4,21,ONE_POINT,100,100,RANDOM,0
26,2700,8.860525131225586,113687,113709.34,0,0.4,21,ONE_POINT,100,100,RANDOM,0
27,2800,9.200485706329346,113283,113294.83,0,0.4,21,ONE_POINT,100,100,RANDOM,0
28,2900,9.554566621780396,112925,112939.32,0,0.4,21,ONE_POINT,100,100,RANDOM,0
29,3000,9.886057376861572,111164,111203.34,0,0.4,21,ONE_POINT,100,100,RANDOM,0
30,3100,10.231201648712158,110213,110272.32,0,0.4,21,ONE_POINT,100,100,RANDOM,0
31,3200,10.57988691329956,109901,109914.38,0,0.4,21,ONE_POINT,100,100,RANDOM,0
32,3300,10.889552116394043,109252,109311.78,0,0.4,21,ONE_POINT,100,100,RANDOM,0
33,3400,11.222675800323486,108607,108641.24,0,0.4,21,ONE_POINT,100,100,RANDOM,0
34,3500,11.56671667098999,108288,108301.83,0,0.4,21,ONE_POINT,100,100,RANDOM,0
35,3600,11.872116565704346,107934,108001.76,0,0.4,21,ONE_POINT,100,100,RANDOM,0
36,3700,12.163554906845093,107725,107734.92,0,0.4,21,ONE_POINT,100,100,RANDOM,0
37,3800,12.490060329437256,107127,107148.94,0,0.4,21,ONE_POINT,100,100,RANDOM,0
38,3900,12.814002513885498,106794,106807.32,0,0.4,21,ONE_POINT,100,100,RANDOM,0
39,4000,13.143765926361084,106335,106448.14,0,0.4,21,ONE_POINT,100,100,RANDOM,0
40,4100,13.45399260520935,105423,105532.04,0,0.4,21,ONE_POINT,100,100,RANDOM,0
41,4200,13.813212633132935,105147,105158.04,0,0.4,21,ONE_POINT,100,100,RANDOM,0
42,4300,14.11504340171814,104703,104720.76,0,0.4,21,ONE_POINT,100,100,RANDOM,0
43,4400,14.403603553771973,104029,104042.48,0,0.4,21,ONE_POINT,100,100,RANDOM,0
44,4500,14.729031562805176,103622,103675.47,0,0.4,21,ONE_POINT,100,100,RANDOM,0
45,4600,15.049588918685913,103394,103415.64,0,0.4,21,ONE_POINT,100,100,RANDOM,0
46,4700,15.347823143005371,102994,103010.96,0,0.4,21,ONE_POINT,100,100,RANDOM,0
47,4800,15.653572797775269,102358,102371.02,0,0.4,21,ONE_POINT,100,100,RANDOM,0
48,4900,15.976988792419434,101971,101990.18,0,0.4,21,ONE_POINT,100,100,RANDOM,0
49,5000,16.306617498397827,101613,101619.14,0,0.4,21,ONE_POINT,100,100,RANDOM,0
50,5100,16.639580726623535,101020,101037.88,0,0.4,21,ONE_POINT,100,100,RANDOM,0
51,5200,16.967648029327393,100662,100676.29,0,0.4,21,ONE_POINT,100,100,RANDOM,0
52,5300,17.25661325454712,99891,99906.51,0,0.4,21,ONE_POINT,100,100,RANDOM,0
53,5400,17.556072473526,99518,99529.1,0,0.4,21,ONE_POINT,100,100,RANDOM,0
54,5500,17.883020877838135,99395,99399.91,0,0.4,21,ONE_POINT,100,100,RANDOM,0
55,5600,18.184332132339478,98752,98799.9,0,0.4,21,ONE_POINT,100,100,RANDOM,0
56,5700,18.4969744682312,98491,98501.44,0,0.4,21,ONE_POINT,100,100,RANDOM,0
57,5800,18.805175065994263,98109,98119.25,0,0.4,21,ONE_POINT,100,100,RANDOM,0
58,5900,19.132457494735718,97780,97793.16,0,0.4,21,ONE_POINT,100,100,RANDOM,0
59,6000,19.52560567855835,97418,97432.15,0,0.4,21,ONE_POINT,100,100,RANDOM,0
60,6100,19.842941999435425,97154,97164.56,0,0.4,21,ONE_POINT,100,100,RANDOM,0
61,6200,20.137330770492554,96901,96924.19,0,0.4,21,ONE_POINT,100,100,RANDOM,0
62,6300,20.46169638633728,96646,96652.43,0,0.4,21,ONE_POINT,100,100,RANDOM,0
63,6400,20.78674054145813,96251,96306.96,0,0.4,21,ONE_POINT,100,100,RANDOM,0
64,6500,21.103142976760864,95923,96003.1,0,0.4,21,ONE_POINT,100,100,RANDOM,0
65,6600,21.398300409317017,95557,95566.72,0,0.4,21,ONE_POINT,100,100,RANDOM,0
66,6700,21.68852472305298,95333,95356.01,0,0.4,21,ONE_POINT,100,100,RANDOM,0
67,6800,21.99274182319641,95044,95052.67,0,0.4,21,ONE_POINT,100,100,RANDOM,0
68,6900,22.31711745262146,94766,94776.83,0,0.4,21,ONE_POINT,100,100,RANDOM,0
69,7000,22.620163679122925,94353,94372.3,0,0.4,21,ONE_POINT,100,100,RANDOM,0
70,7100,22.91316843032837,94098,94108.91,0,0.4,21,ONE_POINT,100,100,RANDOM,0
71,7200,23.26610827445984,93867,93941.94,0,0.4,21,ONE_POINT,100,100,RANDOM,0
72,7300,23.552820920944214,93570,93581.96,0,0.4,21,ONE_POINT,100,100,RANDOM,0
73,7400,23.85904860496521,93487,93491.51,0,0.4,21,ONE_POINT,100,100,RANDOM,0
74,7500,24.16200828552246,93265,93273.76,0,0.4,21,ONE_POINT,100,100,RANDOM,0
75,7600,24.479050159454346,92859,92898.1,0,0.4,21,ONE_POINT,100,100,RANDOM,0
76,7700,24.764257192611694,92533,92564.75,0,0.4,21,ONE_POINT,100,100,RANDOM,0
77,7800,25.053030490875244,92353,92358.4,0,0.4,21,ONE_POINT,100,100,RANDOM,0
78,7900,25.35721206665039,92209,92214.87,0,0.4,21,ONE_POINT,100,100,RANDOM,0
79,8000,25.635339975357056,91722,91813.39,0,0.4,21,ONE_POINT,100,100,RANDOM,0
80,8100,25.918314695358276,91357,91368.01,0,0.4,21,ONE_POINT,100,100,RANDOM,0
81,8200,26.194714784622192,91042,91055.05,0,0.4,21,ONE_POINT,100,100,RANDOM,0
82,8300,26.488364934921265,90725,90764.48,0,0.4,21,ONE_POINT,100,100,RANDOM,0
83,8400,26.79892897605896,90633,90636.68,0,0.4,21,ONE_POINT,100,100,RANDOM,0
84,8500,27.081568717956543,90314,90325.94,0,0.4,21,ONE_POINT,100,100,RANDOM,0
85,8600,27.373605012893677,90028,90087.12,0,0.4,21,ONE_POINT,100,100,RANDOM,0
86,8700,27.665751218795776,89820,89826.82,0,0.4,21,ONE_POINT,100,100,RANDOM,0
87,8800,28.00478172302246,89417,89436.27,0,0.4,21,ONE_POINT,100,100,RANDOM,0
88,8900,28.330122232437134,89196,89202.35,0,0.4,21,ONE_POINT,100,100,RANDOM,0
89,9000,28.6495840549469,88900,88911.84,0,0.4,21,ONE_POINT,100,100,RANDOM,0
90,9100,28.932190656661987,88633,88641.8,0,0.4,21,ONE_POINT,100,100,RANDOM,0
91,9200,29.21413016319275,88316,88327.92,0,0.4,21,ONE_POINT,100,100,RANDOM,0
92,9300,29.516301155090332,88076,88110.45,0,0.4,21,ONE_POINT,100,100,RANDOM,0
93,9400,29.79395365715027,87831,87937.38,0,0.4,21,ONE_POINT,100,100,RANDOM,0
94,9500,30.12665343284607,87620,87628.44,0,0.4,21,ONE_POINT,100,100,RANDOM,0
95,9600,30.43018412590027,87296,87305.72,0,0.4,21,ONE_POINT,100,100,RANDOM,0
96,9700,30.744685411453247,86801,86826.22,0,0.4,21,ONE_POINT,100,100,RANDOM,0
97,9800,31.0329372882843,86501,86611.69,0,0.4,21,ONE_POINT,100,100,RANDOM,0
98,9900,31.341683864593506,86092,86108.36,0,0.4,21,ONE_POINT,100,100,RANDOM,0
99,10000,31.6575825214386,85772,85814.67,0,0.4,21,ONE_POINT,100,100,RANDOM,0
100,10100,31.9677894115448,85360,85426.14,0,0.4,21,ONE_POINT,100,100,RANDOM,0
101,10200,32.25205063819885,85100,85126.53,0,0.4,21,ONE_POINT,100,100,RANDOM,0
102,10300,32.563705921173096,84730,84741.1,0,0.4,21,ONE_POINT,100,100,RANDOM,0
103,10400,32.84476661682129,84538,84546.65,0,0.4,21,ONE_POINT,100,100,RANDOM,0
104,10500,33.14697575569153,84418,84426.81,0,0.4,21,ONE_POINT,100,100,RANDOM,0
105,10600,33.45573902130127,84181,84206.73,0,0.4,21,ONE_POINT,100,100,RANDOM,0
106,10700,33.758437156677246,83857,83869.02,0,0.4,21,ONE_POINT,100,100,RANDOM,0
107,10800,34.09273719787598,83682,83691.92,0,0.4,21,ONE_POINT,100,100,RANDOM,0
108,10900,34.38217210769653,83507,83515.05,0,0.4,21,ONE_POINT,100,100,RANDOM,0
109,11000,34.72306537628174,83331,83351.12,0,0.4,21,ONE_POINT,100,100,RANDOM,0
110,11100,35.01122689247131,83148,83193.32,0,0.4,21,ONE_POINT,100,100,RANDOM,0
111,11200,35.29525947570801,82795,82805.56,0,0.4,21,ONE_POINT,100,100,RANDOM,0
112,11300,35.61615872383118,82575,82583.0,0,0.4,21,ONE_POINT,100,100,RANDOM,0
113,11400,35.92824196815491,82414,82422.05,0,0.4,21,ONE_POINT,100,100,RANDOM,0
114,11500,36.24625253677368,82146,82208.22,0,0.4,21,ONE_POINT,100,100,RANDOM,0
115,11600,36.56275033950806,81961,81990.72,0,0.4,21,ONE_POINT,100,100,RANDOM,0
116,11700,36.861512899398804,81708,81718.12,0,0.4,21,ONE_POINT,100,100,RANDOM,0
117,11800,37.17438054084778,81638,81645.14,0,0.4,21,ONE_POINT,100,100,RANDOM,0
118,11900,37.507222175598145,81519,81568.77,0,0.4,21,ONE_POINT,100,100,RANDOM,0
119,12000,37.83870816230774,81173,81186.14,0,0.4,21,ONE_POINT,100,100,RANDOM,0
120,12100,38.13226795196533,80908,80918.6,0,0.4,21,ONE_POINT,100,100,RANDOM,0
121,12200,38.415900468826294,80690,80724.56,0,0.4,21,ONE_POINT,100,100,RANDOM,0
122,12300,38.71731662750244,80532,80538.32,0,0.4,21,ONE_POINT,100,100,RANDOM,0
123,12400,39.06496500968933,80464,80533.42,0,0.4,21,ONE_POINT,100,100,RANDOM,0
124,12500,39.39362931251526,80064,80073.18,0,0.4,21,ONE_POINT,100,100,RANDOM,0
125,12600,39.68250751495361,79849,79857.6,0,0.4,21,ONE_POINT,100,100,RANDOM,0
126,12700,40.0326669216156,79725,79732.44,0,0.4,21,ONE_POINT,100,100,RANDOM,0
127,12800,40.33504843711853,79464,79474.64,0,0.4,21,ONE_POINT,100,100,RANDOM,0
128,12900,40.652108907699585,79222,79233.79,0,0.4,21,ONE_POINT,100,100,RANDOM,0
129,13000,40.935734272003174,78864,78877.83,0,0.4,21,ONE_POINT,100,100,RANDOM,0
130,13100,41.25137186050415,78482,78495.47,0,0.4,21,ONE_POINT,100,100,RANDOM,0
131,13200,41.534940004348755,78184,78198.29,0,0.4,21,ONE_POINT,100,100,RANDOM,0
132,13300,41.83345818519592,77941,77953.7,0,0.4,21,ONE_POINT,100,100,RANDOM,0
133,13400,42.16309881210327,77575,77590.83,0,0.4,21,ONE_POINT,100,100,RANDOM,0
134,13500,42.444292306900024,77366,77380.31,0,0.4,21,ONE_POINT,100,100,RANDOM,0
135,13600,42.743287563323975,77185,77191.65,0,0.4,21,ONE_POINT,100,100,RANDOM,0
136,13700,43.065136194229126,76975,76986.33,0,0.4,21,ONE_POINT,100,100,RANDOM,0
137,13800,43.35158324241638,76648,76659.92,0,0.4,21,ONE_POINT,100,100,RANDOM,0
138,13900,43.688414573669434,76307,76320.64,0,0.4,21,ONE_POINT,100,100,RANDOM,0
139,14000,44.01478672027588,76176,76186.58,0,0.4,21,ONE_POINT,100,100,RANDOM,0
140,14100,44.31171202659607,76088,76092.53,0,0.4,21,ONE_POINT,100,100,RANDOM,0
141,14200,44.62652850151062,75643,75660.8,0,0.4,21,ONE_POINT,100,100,RANDOM,0
142,14300,44.95252728462219,75461,75469.67,0,0.4,21,ONE_POINT,100,100,RANDOM,0
143,14400,45.266074895858765,75206,75216.2,0,0.4,21,ONE_POINT,100,100,RANDOM,0
144,14500,45.57177400588989,75076,75174.2,0,0.4,21,ONE_POINT,100,100,RANDOM,0
145,14600,45.87945246696472,74914,74940.76,0,0.4,21,ONE_POINT,100,100,RANDOM,0
146,14700,46.15783953666687,74591,74605.27,0,0.4,21,ONE_POINT,100,100,RANDOM,0
147,14800,46.4879093170166,74460,74476.06,0,0.4,21,ONE_POINT,100,100,RANDOM,0
148,14900,46.79387402534485,74180,74190.95,0,0.4,21,ONE_POINT,100,100,RANDOM,0
149,15000,47.15570402145386,74056,74076.49,0,0.4,21,ONE_POINT,100,100,RANDOM,0
150,15100,47.4648060798645,73868,73876.76,0,0.4,21,ONE_POINT,100,100,RANDOM,0
151,15200,47.77827477455139,73489,73504.59,0,0.4,21,ONE_POINT,100,100,RANDOM,0
152,15300,48.06370139122009,73334,73346.0,0,0.4,21,ONE_POINT,100,100,RANDOM,0
153,15400,48.371339559555054,73234,73261.33,0,0.4,21,ONE_POINT,100,100,RANDOM,0
154,15500,48.7020161151886,73156,73170.91,0,0.4,21,ONE_POINT,100,100,RANDOM,0
155,15600,49.03817963600159,72736,72754.58,0,0.4,21,ONE_POINT,100,100,RANDOM,0
156,15700,49.34607005119324,72610,72617.56,0,0.4,21,ONE_POINT,100,100,RANDOM,0
157,15800,49.6590621471405,72418,72425.68,0,0.4,21,ONE_POINT,100,100,RANDOM,0
158,15900,49.971922397613525,72215,72226.24,0,0.4,21,ONE_POINT,100,100,RANDOM,0
159,16000,50.257319927215576,72050,72059.74,0,0.4,21,ONE_POINT,100,100,RANDOM,0
160,16100,50.54915499687195,71888,71898.99,0,0.4,21,ONE_POINT,100,100,RANDOM,0
161,16200,50.86325740814209,71730,71740.13,0,0.4,21,ONE_POINT,100,100,RANDOM,0
162,16300,51.16586709022522,71360,71373.04,0,0.4,21,ONE_POINT,100,100,RANDOM,0
163,16400,51.483368158340454,71121,71128.77,0,0.4,21,ONE_POINT,100,100,RANDOM,0
164,16500,51.80025291442871,70860,70882.34,0,0.4,21,ONE_POINT,100,100,RANDOM,0
165,16600,52.083518981933594,70766,70772.0,0,0.4,21,ONE_POINT,100,100,RANDOM,0
166,16700,52.40612816810608,70649,70655.76,0,0.4,21,ONE_POINT,100,100,RANDOM,0
167,16800,52.711674451828,70524,70530.37,0,0.4,21,ONE_POINT,100,100,RANDOM,0
168,16900,53.013160705566406,70465,70470.67,0,0.4,21,ONE_POINT,100,100,RANDOM,0
169,17000,53.29573702812195,70341,70345.47,0,0.4,21,ONE_POINT,100,100,RANDOM,0
170,17100,53.61150360107422,70061,70075.0,0,0.4,21,ONE_POINT,100,100,RANDOM,0
171,17200,53.92781448364258,69859,69896.27,0,0.4,21,ONE_POINT,100,100,RANDOM,0
172,17300,54.22453427314758,69737,69852.0,0,0.4,21,ONE_POINT,100,100,RANDOM,0
173,17400,54.54552865028381,69586,69596.03,0,0.4,21,ONE_POINT,100,100,RANDOM,0
174,17500,54.85876536369324,69466,69473.25,0,0.4,21,ONE_POINT,100,100,RANDOM,0
175,17600,55.194600105285645,69183,69194.32,0,0.4,21,ONE_POINT,100,100,RANDOM,0
176,17700,55.53154969215393,68999,69029.14,0,0.4,21,ONE_POINT,100,100,RANDOM,0
177,17800,55.87637138366699,68872,68881.6,0,0.4,21,ONE_POINT,100,100,RANDOM,0
178,17900,56.18856883049011,68805,68812.59,0,0.4,21,ONE_POINT,100,100,RANDOM,0
179,18000,56.52876830101013,68628,68636.66,0,0.4,21,ONE_POINT,100,100,RANDOM,0
180,18100,56.850111961364746,68489,68497.34,0,0.4,21,ONE_POINT,100,100,RANDOM,0
181,18200,57.16232347488403,68411,68417.4,0,0.4,21,ONE_POINT,100,100,RANDOM,0
182,18300,57.47277021408081,68254,68264.2,0,0.4,21,ONE_POINT,100,100,RANDOM,0
183,18400,57.81750297546387,68139,68145.9,0,0.4,21,ONE_POINT,100,100,RANDOM,0
184,18500,58.09976673126221,67846,67860.9,0,0.4,21,ONE_POINT,100,100,RANDOM,0
185,18600,58.40141177177429,67639,67650.39,0,0.4,21,ONE_POINT,100,100,RANDOM,0
186,18700,58.70924520492554,67520,67572.03,0,0.4,21,ONE_POINT,100,100,RANDOM,0
187,18800,59.018251180648804,67345,67381.33,0,0.4,21,ONE_POINT,100,100,RANDOM,0
188,18900,59.29756450653076,67144,67168.03,0,0.4,21,ONE_POINT,100,100,RANDOM,0
189,19000,59.598881244659424,67011,67129.3,0,0.4,21,ONE_POINT,100,100,RANDOM,0
190,19100,59.88758325576782,66769,66829.96,0,0.4,21,ONE_POINT,100,100,RANDOM,0
191,19200,60.20630168914795,66475,66501.33,0,0.4,21,ONE_POINT,100,100,RANDOM,0
192,19300,60.510621070861816,66108,66158.67,0,0.4,21,ONE_POINT,100,100,RANDOM,0
193,19400,60.82850623130798,65976,66012.61,0,0.4,21,ONE_POINT,100,100,RANDOM,0
194,19500,61.14869499206543,65819,65828.04,0,0.4,21,ONE_POINT,100,100,RANDOM,0
195,19600,61.45986366271973,65739,65745.49,0,0.4,21,ONE_POINT,100,100,RANDOM,0
196,19700,61.78364443778992,65525,65533.56,0,0.4,21,ONE_POINT,100,100,RANDOM,0
197,19800,62.1073203086853,65403,65412.46,0,0.4,21,ONE_POINT,100,100,RANDOM,0
198,19900,62.39573574066162,65280,65286.74,0,0.4,21,ONE_POINT,100,100,RANDOM,0
199,20000,62.715986251831055,65120,65129.7,0,0.4,21,ONE_POINT,100,100,RANDOM,0
200,20100,63.02653098106384,64952,64963.98,0,0.4,21,ONE_POINT,100,100,RANDOM,0
201,20200,63.32960343360901,64782,64790.5,0,0.4,21,ONE_POINT,100,100,RANDOM,0
202,20300,63.67046666145325,64582,64594.14,0,0.4,21,ONE_POINT,100,100,RANDOM,0
203,20400,64.00537824630737,64444,64461.84,0,0.4,21,ONE_POINT,100,100,RANDOM,0
204,20500,64.35659146308899,64353,64359.24,0,0.4,21,ONE_POINT,100,100,RANDOM,0
205,20600,64.69184184074402,64129,64141.16,0,0.4,21,ONE_POINT,100,100,RANDOM,0
206,20700,65.00283789634705,64042,64051.2,0,0.4,21,ONE_POINT,100,100,RANDOM,0
207,20800,65.28446173667908,63936,63943.18,0,0.4,21,ONE_POINT,100,100,RANDOM,0
208,20900,65.57967448234558,63774,63785.81,0,0.4,21,ONE_POINT,100,100,RANDOM,0
209,21000,65.93036103248596,63673,63707.75,0,0.4,21,ONE_POINT,100,100,RANDOM,0
210,21100,66.23989415168762,63554,63563.54,0,0.4,21,ONE_POINT,100,100,RANDOM,0
211,21200,66.5495662689209,63448,63591.5,0,0.4,21,ONE_POINT,100,100,RANDOM,0
212,21300,66.88714909553528,63253,63264.62,0,0.4,21,ONE_POINT,100,100,RANDOM,0
213,21400,67.21445488929749,63150,63156.18,0,0.4,21,ONE_POINT,100,100,RANDOM,0
214,21500,67.53208231925964,63029,63038.92,0,0.4,21,ONE_POINT,100,100,RANDOM,0
215,21600,67.84693264961243,62893,62899.92,0,0.4,21,ONE_POINT,100,100,RANDOM,0
216,21700,68.14490842819214,62808,62812.71,0,0.4,21,ONE_POINT,100,100,RANDOM,0
217,21800,68.48265719413757,62674,62682.25,0,0.4,21,ONE_POINT,100,100,RANDOM,0
218,21900,68.80710864067078,62562,62568.72,0,0.4,21,ONE_POINT,100,100,RANDOM,0
219,22000,69.12151598930359,62372,62387.29,0,0.4,21,ONE_POINT,100,100,RANDOM,0
220,22100,69.41697001457214,62280,62299.08,0,0.4,21,ONE_POINT,100,100,RANDOM,0
221,22200,69.7011137008667,62077,62088.4,0,0.4,21,ONE_POINT,100,100,RANDOM,0
222,22300,70.02869248390198,61978,61985.36,0,0.4,21,ONE_POINT,100,100,RANDOM,0
223,22400,70.35343194007874,61864,61882.49,0,0.4,21,ONE_POINT,100,100,RANDOM,0
224,22500,70.67872524261475,61803,61808.29,0,0.4,21,ONE_POINT,100,100,RANDOM,0
225,22600,70.98820209503174,61698,61719.83,0,0.4,21,ONE_POINT,100,100,RANDOM,0
226,22700,71.31888794898987,61573,61581.46,0,0.4,21,ONE_POINT,100,100,RANDOM,0
227,22800,71.62185430526733,61368,61378.97,0,0.4,21,ONE_POINT,100,100,RANDOM,0
228,22900,71.92856502532959,61269,61275.54,0,0.4,21,ONE_POINT,100,100,RANDOM,0
229,23000,72.2464234828949,61178,61183.46,0,0.4,21,ONE_POINT,100,100,RANDOM,0
230,23100,72.56042838096619,61050,61066.12,0,0.4,21,ONE_POINT,100,100,RANDOM,0
231,23200,72.87807321548462,60951,60959.21,0,0.4,21,ONE_POINT,100,100,RANDOM,0
232,23300,73.16874408721924,60730,60741.38,0,0.4,21,ONE_POINT,100,100,RANDOM,0
233,23400,73.49154138565063,60622,60628.48,0,0.4,21,ONE_POINT,100,100,RANDOM,0
234,23500,73.78039836883545,60458,60467.98,0,0.4,21,ONE_POINT,100,100,RANDOM,0
235,23600,74.06383156776428,60239,60309.98,0,0.4,21,ONE_POINT,100,100,RANDOM,0
236,23700,74.37668538093567,60140,60198.79,0,0.4,21,ONE_POINT,100,100,RANDOM,0
237,23800,74.70320081710815,59988,59997.12,0,0.4,21,ONE_POINT,100,100,RANDOM,0
238,23900,75.0520613193512,59863,59872.02,0,0.4,21,ONE_POINT,100,100,RANDOM,0
239,24000,75.3429925441742,59758,59771.74,0,0.4,21,ONE_POINT,100,100,RANDOM,0
240,24100,75.63669800758362,59637,59643.91,0,0.4,21,ONE_POINT,100,100,RANDOM,0
241,24200,75.96367907524109,59461,59475.06,0,0.4,21,ONE_POINT,100,100,RANDOM,0
242,24300,76.27240538597107,59316,59358.76,0,0.4,21,ONE_POINT,100,100,RANDOM,0
243,24400,76.56981301307678,59276,59280.23,0,0.4,21,ONE_POINT,100,100,RANDOM,0
244,24500,76.86357879638672,59172,59187.95,0,0.4,21,ONE_POINT,100,100,RANDOM,0
245,24600,77.183180809021,59021,59047.63,0,0.4,21,ONE_POINT,100,100,RANDOM,0
246,24700,77.51402854919434,58824,58850.94,0,0.4,21,ONE_POINT,100,100,RANDOM,0
247,24800,77.80278253555298,58633,58684.71,0,0.4,21,ONE_POINT,100,100,RANDOM,0
248,24900,78.09584426879883,58370,58396.55,0,0.4,21,ONE_POINT,100,100,RANDOM,0
249,25000,78.41321587562561,58314,58321.1,0,0.4,21,ONE_POINT,100,100,RANDOM,0
250,25100,78.72688508033752,58259,58261.75,0,0.4,21,ONE_POINT,100,100,RANDOM,0
251,25200,79.0212631225586,58160,58168.79,0,0.4,21,ONE_POINT,100,100,RANDOM,0
252,25300,79.36737561225891,58079,58085.11,0,0.4,21,ONE_POINT,100,100,RANDOM,0
253,25400,79.67733240127563,57931,57942.13,0,0.4,21,ONE_POINT,100,100,RANDOM,0
254,25500,79.97649550437927,57796,57825.93,0,0.4,21,ONE_POINT,100,100,RANDOM,0
255,25600,80.3166778087616,57544,57560.47,0,0.4,21,ONE_POINT,100,100,RANDOM,0
256,25700,80.62989783287048,57448,57504.53,0,0.4,21,ONE_POINT,100,100,RANDOM,0
257,25800,80.95346307754517,57343,57349.3,0,0.4,21,ONE_POINT,100,100,RANDOM,0
258,25900,81.28484153747559,57183,57192.6,0,0.4,21,ONE_POINT,100,100,RANDOM,0
259,26000,81.58281373977661,57155,57161.9,0,0.4,21,ONE_POINT,100,100,RANDOM,0
260,26100,81.92107081413269,57101,57106.2,0,0.4,21,ONE_POINT,100,100,RANDOM,0
261,26200,82.23775362968445,56854,56867.08,0,0.4,21,ONE_POINT,100,100,RANDOM,0
262,26300,82.57174444198608,56750,56757.5,0,0.4,21,ONE_POINT,100,100,RANDOM,0
263,26400,82.87021446228027,56659,56670.67,0,0.4,21,ONE_POINT,100,100,RANDOM,0
264,26500,83.16631078720093,56446,56460.3,0,0.4,21,ONE_POINT,100,100,RANDOM,0
265,26600,83.47317481040955,56417,56423.42,0,0.4,21,ONE_POINT,100,100,RANDOM,0
266,26700,83.7657744884491,56361,56411.51,0,0.4,21,ONE_POINT,100,100,RANDOM,0
267,26800,84.06379222869873,56250,56258.51,0,0.4,21,ONE_POINT,100,100,RANDOM,0
268,26900,84.37864375114441,56109,56123.67,0,0.4,21,ONE_POINT,100,100,RANDOM,0
269,27000,84.7306649684906,56057,56061.83,0,0.4,21,ONE_POINT,100,100,RANDOM,0
270,27100,85.0343964099884,55982,55986.65,0,0.4,21,ONE_POINT,100,100,RANDOM,0
271,27200,85.33198261260986,55830,55835.66,0,0.4,21,ONE_POINT,100,100,RANDOM,0
272,27300,85.62742185592651,55624,55663.99,0,0.4,21,ONE_POINT,100,100,RANDOM,0
273,27400,85.92174577713013,55524,55548.58,0,0.4,21,ONE_POINT,100,100,RANDOM,0
274,27500,86.2330093383789,55492,55496.26,0,0.4,21,ONE_POINT,100,100,RANDOM,0
275,27600,86.5373010635376,55363,55395.76,0,0.4,21,ONE_POINT,100,100,RANDOM,0
276,27700,86.82774519920349,55147,55157.95,0,0.4,21,ONE_POINT,100,100,RANDOM,0
277,27800,87.17018842697144,55056,55092.07,0,0.4,21,ONE_POINT,100,100,RANDOM,0
278,27900,87.51464104652405,54868,54882.17,0,0.4,21,ONE_POINT,100,100,RANDOM,0
279,28000,87.83675980567932,54725,54735.49,0,0.4,21,ONE_POINT,100,100,RANDOM,0
280,28100,88.12547087669373,54616,54622.52,0,0.4,21,ONE_POINT,100,100,RANDOM,0
281,28200,88.43102383613586,54530,54535.16,0,0.4,21,ONE_POINT,100,100,RANDOM,0
282,28300,88.75155186653137,54487,54491.41,0,0.4,21,ONE_POINT,100,100,RANDOM,0
283,28400,89.09510803222656,54390,54396.45,0,0.4,21,ONE_POINT,100,100,RANDOM,0
284,28500,89.37889790534973,54283,54289.21,0,0.4,21,ONE_POINT,100,100,RANDOM,0
285,28600,89.72475004196167,54228,54253.07,0,0.4,21,ONE_POINT,100,100,RANDOM,0
286,28700,90.05872964859009,54094,54101.92,0,0.4,21,ONE_POINT,100,100,RANDOM,0
287,28800,90.38923192024231,54017,54024.74,0,0.4,21,ONE_POINT,100,100,RANDOM,0
288,28900,90.72147512435913,53894,53911.78,0,0.4,21,ONE_POINT,100,100,RANDOM,0
289,29000,91.03292298316956,53766,53774.4,0,0.4,21,ONE_POINT,100,100,RANDOM,0
290,29100,91.36097550392151,53665,53678.88,0,0.4,21,ONE_POINT,100,100,RANDOM,0
291,29200,91.64974021911621,53519,53531.65,0,0.4,21,ONE_POINT,100,100,RANDOM,0
292,29300,91.96411442756653,53396,53407.0,0,0.4,21,ONE_POINT,100,100,RANDOM,0
293,29400,92.25197792053223,53292,53303.32,0,0.4,21,ONE_POINT,100,100,RANDOM,0
294,29500,92.56564116477966,53206,53216.24,0,0.4,21,ONE_POINT,100,100,RANDOM,0
295,29600,92.91358304023743,53089,53096.25,0,0.4,21,ONE_POINT,100,100,RANDOM,0
296,29700,93.19952034950256,53020,53026.44,0,0.4,21,ONE_POINT,100,100,RANDOM,0
297,29800,93.50200843811035,52916,52931.62,0,0.4,21,ONE_POINT,100,100,RANDOM,0
298,29900,93.82636046409607,52815,52845.84,0,0.4,21,ONE_POINT,100,100,RANDOM,0
299,30000,94.15613842010498,52815,52815.0,0,0.4,21,ONE_POINT,100,100,RANDOM,0
300,30100,94.45219302177429,52712,52719.75,0,0.4,21,ONE_POINT,100,100,RANDOM,0
301,30200,94.75895833969116,52618,52639.91,0,0.4,21,ONE_POINT,100,100,RANDOM,0
302,30300,95.0761456489563,52552,52559.29,0,0.4,21,ONE_POINT,100,100,RANDOM,0
303,30400,95.38805794715881,52416,52426.08,0,0.4,21,ONE_POINT,100,100,RANDOM,0
304,30500,95.6732189655304,52353,52359.4,0,0.4,21,ONE_POINT,100,100,RANDOM,0
305,30600,96.01231956481934,52250,52256.17,0,0.4,21,ONE_POINT,100,100,RANDOM,0
306,30700,96.33021473884583,52180,52185.26,0,0.4,21,ONE_POINT,100,100,RANDOM,0
307,30800,96.62072849273682,52101,52108.22,0,0.4,21,ONE_POINT,100,100,RANDOM,0
308,30900,96.90981125831604,52065,52073.05,0,0.4,21,ONE_POINT,100,100,RANDOM,0
309,31000,97.24830174446106,51983,51989.75,0,0.4,21,ONE_POINT,100,100,RANDOM,0
310,31100,97.5654091835022,51882,51889.9,0,0.4,21,ONE_POINT,100,100,RANDOM,0
311,31200,97.89363384246826,51752,51763.36,0,0.4,21,ONE_POINT,100,100,RANDOM,0
312,31300,98.230464220047,51643,51650.22,0,0.4,21,ONE_POINT,100,100,RANDOM,0
313,31400,98.54367089271545,51612,51625.0,0,0.4,21,ONE_POINT,100,100,RANDOM,0
314,31500,98.83858323097229,51529,51536.96,0,0.4,21,ONE_POINT,100,100,RANDOM,0
315,31600,99.15471935272217,51487,51506.27,0,0.4,21,ONE_POINT,100,100,RANDOM,0
316,31700,99.44342994689941,51407,51415.12,0,0.4,21,ONE_POINT,100,100,RANDOM,0
317,31800,99.76366662979126,51234,51245.45,0,0.4,21,ONE_POINT,100,100,RANDOM,0
318,31900,100.05093193054199,51122,51137.36,0,0.4,21,ONE_POINT,100,100,RANDOM,0
319,32000,100.41346597671509,51016,51023.35,0,0.4,21,ONE_POINT,100,100,RANDOM,0
320,32100,100.74220514297485,50942,50960.75,0,0.4,21,ONE_POINT,100,100,RANDOM,0
321,32200,101.064138174057,50859,50867.44,0,0.4,21,ONE_POINT,100,100,RANDOM,0
322,32300,101.37428069114685,50816,50820.86,0,0.4,21,ONE_POINT,100,100,RANDOM,0
323,32400,101.7247622013092,50707,50869.91,0,0.4,21,ONE_POINT,100,100,RANDOM,0
324,32500,102.00910830497742,50540,50549.26,0,0.4,21,ONE_POINT,100,100,RANDOM,0
325,32600,102.32355999946594,50325,50339.34,0,0.4,21,ONE_POINT,100,100,RANDOM,0
326,32700,102.6511344909668,50229,50235.8,0,0.4,21,ONE_POINT,100,100,RANDOM,0
327,32800,102.94897222518921,50123,50129.81,0,0.4,21,ONE_POINT,100,100,RANDOM,0
328,32900,103.26435947418213,50081,50084.36,0,0.4,21,ONE_POINT,100,100,RANDOM,0
329,33000,103.595374584198,50005,50017.77,0,0.4,21,ONE_POINT,100,100,RANDOM,0
330,33100,103.91614627838135,49941,49945.98,0,0.4,21,ONE_POINT,100,100,RANDOM,0
331,33200,104.21474885940552,49883,49887.56,0,0.4,21,ONE_POINT,100,100,RANDOM,0
332,33300,104.55084347724915,49811,49834.57,0,0.4,21,ONE_POINT,100,100,RANDOM,0
333,33400,104.8672239780426,49745,49903.93,0,0.4,21,ONE_POINT,100,100,RANDOM,0
334,33500,105.15604162216187,49633,49639.88,0,0.4,21,ONE_POINT,100,100,RANDOM,0
335,33600,105.48681855201721,49519,49525.84,0,0.4,21,ONE_POINT,100,100,RANDOM,0
336,33700,105.8564727306366,49464,49468.77,0,0.4,21,ONE_POINT,100,100,RANDOM,0
337,33800,106.17467427253723,49346,49353.08,0,0.4,21,ONE_POINT,100,100,RANDOM,0
338,33900,106.50328588485718,49282,49290.97,0,0.4,21,ONE_POINT,100,100,RANDOM,0
339,34000,106.83810043334961,49099,49114.93,0,0.4,21,ONE_POINT,100,100,RANDOM,0
340,34100,107.17006087303162,49057,49060.75,0,0.4,21,ONE_POINT,100,100,RANDOM,0
341,34200,107.48478293418884,48929,48955.38,0,0.4,21,ONE_POINT,100,100,RANDOM,0
342,34300,107.76885056495667,48872,48919.64,0,0.4,21,ONE_POINT,100,100,RANDOM,0
343,34400,108.09845519065857,48807,48811.83,0,0.4,21,ONE_POINT,100,100,RANDOM,0
344,34500,108.39700508117676,48776,48780.87,0,0.4,21,ONE_POINT,100,100,RANDOM,0
345,34600,108.68088912963867,48714,48718.3,0,0.4,21,ONE_POINT,100,100,RANDOM,0
346,34700,109.02462244033813,48657,48707.72,0,0.4,21,ONE_POINT,100,100,RANDOM,0
347,34800,109.30738544464111,48488,48497.14,0,0.4,21,ONE_POINT,100,100,RANDOM,0
348,34900,109.62741899490356,48430,48435.79,0,0.4,21,ONE_POINT,100,100,RANDOM,0
349,35000,109.95909857749939,48344,48358.21,0,0.4,21,ONE_POINT,100,100,RANDOM,0
350,35100,110.26135683059692,48282,48287.58,0,0.4,21,ONE_POINT,100,100,RANDOM,0
351,35200,110.57875514030457,48193,48211.05,0,0.4,21,ONE_POINT,100,100,RANDOM,0
352,35300,110.87353324890137,48134,48138.49,0,0.4,21,ONE_POINT,100,100,RANDOM,0
353,35400,111.16009211540222,48052,48059.32,0,0.4,21,ONE_POINT,100,100,RANDOM,0
354,35500,111.50914335250854,47988,47991.85,0,0.4,21,ONE_POINT,100,100,RANDOM,0
355,35600,111.81126308441162,47939,47943.01,0,0.4,21,ONE_POINT,100,100,RANDOM,0
356,35700,112.14321875572205,47836,47842.64,0,0.4,21,ONE_POINT,100,100,RANDOM,0
357,35800,112.42851686477661,47801,47816.95,0,0.4,21,ONE_POINT,100,100,RANDOM,0
358,35900,112.75479531288147,47684,47691.55,0,0.4,21,ONE_POINT,100,100,RANDOM,0
359,36000,113.05179929733276,47615,47622.16,0,0.4,21,ONE_POINT,100,100,RANDOM,0
360,36100,113.37134170532227,47587,47590.31,0,0.4,21,ONE_POINT,100,100,RANDOM,0
361,36200,113.65538001060486,47519,47523.11,0,0.4,21,ONE_POINT,100,100,RANDOM,0
362,36300,113.93850064277649,47474,47484.39,0,0.4,21,ONE_POINT,100,100,RANDOM,0
363,36400,114.25556635856628,47426,47439.7,0,0.4,21,ONE_POINT,100,100,RANDOM,0
364,36500,114.57364225387573,47368,47372.64,0,0.4,21,ONE_POINT,100,100,RANDOM,0
365,36600,114.90457582473755,47190,47201.09,0,0.4,21,ONE_POINT,100,100,RANDOM,0
366,36700,115.20537519454956,47063,47070.62,0,0.4,21,ONE_POINT,100,100,RANDOM,0
367,36800,115.51672887802124,47022,47054.39,0,0.4,21,ONE_POINT,100,100,RANDOM,0
368,36900,115.80209398269653,47007,47031.48,0,0.4,21,ONE_POINT,100,100,RANDOM,0
369,37000,116.11581349372864,46694,46733.21,0,0.4,21,ONE_POINT,100,100,RANDOM,0
370,37100,116.41437005996704,46577,46584.02,0,0.4,21,ONE_POINT,100,100,RANDOM,0
371,37200,116.71808576583862,46511,46522.17,0,0.4,21,ONE_POINT,100,100,RANDOM,0
372,37300,117.03405594825745,46452,46458.48,0,0.4,21,ONE_POINT,100,100,RANDOM,0
373,37400,117.35629487037659,46384,46391.88,0,0.4,21,ONE_POINT,100,100,RANDOM,0
374,37500,117.65595698356628,46325,46355.99,0,0.4,21,ONE_POINT,100,100,RANDOM,0
375,37600,117.93724656105042,46233,46241.84,0,0.4,21,ONE_POINT,100,100,RANDOM,0
376,37700,118.23015117645264,46159,46203.8,0,0.4,21,ONE_POINT,100,100,RANDOM,0
377,37800,118.52887845039368,46130,46133.74,0,0.4,21,ONE_POINT,100,100,RANDOM,0
378,37900,118.81040263175964,46051,46057.23,0,0.4,21,ONE_POINT,100,100,RANDOM,0
379,38000,119.10881781578064,45906,45917.6,0,0.4,21,ONE_POINT,100,100,RANDOM,0
380,38100,119.39466977119446,45844,45849.4,0,0.4,21,ONE_POINT,100,100,RANDOM,0
381,38200,119.72609210014343,45732,45749.58,0,0.4,21,ONE_POINT,100,100,RANDOM,0
382,38300,120.07145524024963,45635,45640.4,0,0.4,21,ONE_POINT,100,100,RANDOM,0
383,38400,120.35864210128784,45601,45605.07,0,0.4,21,ONE_POINT,100,100,RANDOM,0
384,38500,120.68352174758911,45529,45543.65,0,0.4,21,ONE_POINT,100,100,RANDOM,0
385,38600,120.97647595405579,45435,45459.48,0,0.4,21,ONE_POINT,100,100,RANDOM,0
386,38700,121.27699089050293,45351,45356.9,0,0.4,21,ONE_POINT,100,100,RANDOM,0
387,38800,121.55919313430786,45285,45289.74,0,0.4,21,ONE_POINT,100,100,RANDOM,0
388,38900,121.88077116012573,45212,45221.26,0,0.4,21,ONE_POINT,100,100,RANDOM,0
389,39000,122.19779133796692,45125,45136.99,0,0.4,21,ONE_POINT,100,100,RANDOM,0
390,39100,122.51006650924683,45092,45095.84,0,0.4,21,ONE_POINT,100,100,RANDOM,0
391,39200,122.83676862716675,44925,45100.16,0,0.4,21,ONE_POINT,100,100,RANDOM,0
392,39300,123.16578125953674,44873,44886.26,0,0.4,21,ONE_POINT,100,100,RANDOM,0
393,39400,123.48946118354797,44843,44850.68,0,0.4,21,ONE_POINT,100,100,RANDOM,0
394,39500,123.78659510612488,44799,44807.39,0,0.4,21,ONE_POINT,100,100,RANDOM,0
395,39600,124.07487535476685,44748,44755.06,0,0.4,21,ONE_POINT,100,100,RANDOM,0
396,39700,124.37734818458557,44711,44718.04,0,0.4,21,ONE_POINT,100,100,RANDOM,0
397,39800,124.69938158988953,44654,44662.9,0,0.4,21,ONE_POINT,100,100,RANDOM,0
398,39900,125.01578855514526,44557,44569.38,0,0.4,21,ONE_POINT,100,100,RANDOM,0
399,40000,125.29627585411072,44467,44487.4,0,0.4,21,ONE_POINT,100,100,RANDOM,0
400,40100,125.60760426521301,44407,44411.47,0,0.4,21,ONE_POINT,100,100,RANDOM,0
401,40200,125.93136215209961,44323,44332.23,0,0.4,21,ONE_POINT,100,100,RANDOM,0
402,40300,126.21744179725647,44297,44305.88,0,0.4,21,ONE_POINT,100,100,RANDOM,0
403,40400,126.5096390247345,44234,44239.48,0,0.4,21,ONE_POINT,100,100,RANDOM,0
404,40500,126.83182907104492,44131,44138.21,0,0.4,21,ONE_POINT,100,100,RANDOM,0
405,40600,127.13168692588806,44014,44030.66,0,0.4,21,ONE_POINT,100,100,RANDOM,0
406,40700,127.44081425666809,43881,43889.97,0,0.4,21,ONE_POINT,100,100,RANDOM,0
407,40800,127.73612403869629,43850,43862.18,0,0.4,21,ONE_POINT,100,100,RANDOM,0
408,40900,128.02974796295166,43747,43761.57,0,0.4,21,ONE_POINT,100,100,RANDOM,0
409,41000,128.323237657547,43717,43720.35,0,0.4,21,ONE_POINT,100,100,RANDOM,0
410,41100,128.63022184371948,43650,43655.94,0,0.4,21,ONE_POINT,100,100,RANDOM,0
411,41200,128.91203713417053,43622,43626.06,0,0.4,21,ONE_POINT,100,100,RANDOM,0
412,41300,129.19773292541504,43556,43562.89,0,0.4,21,ONE_POINT,100,100,RANDOM,0
413,41400,129.5003697872162,43504,43521.8,0,0.4,21,ONE_POINT,100,100,RANDOM,0
414,41500,129.81587672233582,43382,43393.16,0,0.4,21,ONE_POINT,100,100,RANDOM,0
415,41600,130.0993971824646,43314,43322.56,0,0.4,21,ONE_POINT,100,100,RANDOM,0
416,41700,130.39942264556885,43252,43256.96,0,0.4,21,ONE_POINT,100,100,RANDOM,0
417,41800,130.681960105896,43220,43296.1,0,0.4,21,ONE_POINT,100,100,RANDOM,0
418,41900,131.01562190055847,43155,43160.68,0,0.4,21,ONE_POINT,100,100,RANDOM,0
419,42000,131.30216693878174,43095,43103.49,0,0.4,21,ONE_POINT,100,100,RANDOM,0
420,42100,131.60749006271362,43053,43060.28,0,0.4,21,ONE_POINT,100,100,RANDOM,0
421,42200,131.92416286468506,42964,42970.39,0,0.4,21,ONE_POINT,100,100,RANDOM,0
422,42300,132.24180483818054,42888,42894.78,0,0.4,21,ONE_POINT,100,100,RANDOM,0
423,42400,132.5337302684784,42804,42809.96,0,0.4,21,ONE_POINT,100,100,RANDOM,0
424,42500,132.85230088233948,42761,42767.05,0,0.4,21,ONE_POINT,100,100,RANDOM,0
425,42600,133.13779425621033,42698,42710.98,0,0.4,21,ONE_POINT,100,100,RANDOM,0
426,42700,133.4803009033203,42628,42632.2,0,0.4,21,ONE_POINT,100,100,RANDOM,0
427,42800,133.80088639259338,42590,42595.59,0,0.4,21,ONE_POINT,100,100,RANDOM,0
428,42900,134.12681031227112,42549,42555.46,0,0.4,21,ONE_POINT,100,100,RANDOM,0
429,43000,134.41908288002014,42428,42435.67,0,0.4,21,ONE_POINT,100,100,RANDOM,0
430,43100,134.74044394493103,42348,42626.87,0,0.4,21,ONE_POINT,100,100,RANDOM,0
431,43200,135.0611355304718,42300,42305.95,0,0.4,21,ONE_POINT,100,100,RANDOM,0
432,43300,135.39203691482544,42242,42259.3,0,0.4,21,ONE_POINT,100,100,RANDOM,0
433,43400,135.67401885986328,42195,42197.85,0,0.4,21,ONE_POINT,100,100,RANDOM,0
434,43500,135.97460079193115,42150,42155.05,0,0.4,21,ONE_POINT,100,100,RANDOM,0
435,43600,136.28652787208557,42106,42290.67,0,0.4,21,ONE_POINT,100,100,RANDOM,0
436,43700,136.6064326763153,42056,42064.15,0,0.4,21,ONE_POINT,100,100,RANDOM,0
437,43800,136.959153175354,41992,42054.25,0,0.4,21,ONE_POINT,100,100,RANDOM,0
438,43900,137.25760507583618,41978,41989.9,0,0.4,21,ONE_POINT,100,100,RANDOM,0
439,44000,137.6000599861145,41920,41925.24,0,0.4,21,ONE_POINT,100,100,RANDOM,0
440,44100,137.94775438308716,41897,41899.97,0,0.4,21,ONE_POINT,100,100,RANDOM,0
441,44200,138.25151085853577,41827,41833.03,0,0.4,21,ONE_POINT,100,100,RANDOM,0
442,44300,138.58461618423462,41787,41793.19,0,0.4,21,ONE_POINT,100,100,RANDOM,0
443,44400,138.8959937095642,41725,41776.62,0,0.4,21,ONE_POINT,100,100,RANDOM,0
444,44500,139.20243000984192,41682,41817.48,0,0.4,21,ONE_POINT,100,100,RANDOM,0
445,44600,139.5305986404419,41643,41656.58,0,0.4,21,ONE_POINT,100,100,RANDOM,0
446,44700,139.87209939956665,41523,41537.51,0,0.4,21,ONE_POINT,100,100,RANDOM,0
447,44800,140.2316439151764,41487,41603.03,0,0.4,21,ONE_POINT,100,100,RANDOM,0
448,44900,140.5391082763672,41430,41564.66,0,0.4,21,ONE_POINT,100,100,RANDOM,0
449,45000,140.88559794425964,41405,41409.13,0,0.4,21,ONE_POINT,100,100,RANDOM,0
450,45100,141.30398988723755,41322,41328.61,0,0.4,21,ONE_POINT,100,100,RANDOM,0
451,45200,141.6748571395874,41282,41286.83,0,0.4,21,ONE_POINT,100,100,RANDOM,0
452,45300,141.97052264213562,41237,41245.45,0,0.4,21,ONE_POINT,100,100,RANDOM,0
453,45400,142.31368708610535,41216,41220.79,0,0.4,21,ONE_POINT,100,100,RANDOM,0
454,45500,142.6451678276062,41190,41195.91,0,0.4,21,ONE_POINT,100,100,RANDOM,0
455,45600,142.93177390098572,41145,41179.44,0,0.4,21,ONE_POINT,100,100,RANDOM,0
456,45700,143.23551058769226,41049,41058.05,0,0.4,21,ONE_POINT,100,100,RANDOM,0
457,45800,143.51735019683838,40977,41045.69,0,0.4,21,ONE_POINT,100,100,RANDOM,0
458,45900,143.83331561088562,40946,41042.82,0,0.4,21,ONE_POINT,100,100,RANDOM,0
459,46000,144.18857884407043,40895,40927.19,0,0.4,21,ONE_POINT,100,100,RANDOM,0
460,46100,144.55500197410583,40837,40860.63,0,0.4,21,ONE_POINT,100,100,RANDOM,0
461,46200,144.88525009155273,40817,40819.69,0,0.4,21,ONE_POINT,100,100,RANDOM,0
462,46300,145.20278358459473,40779,40878.93,0,0.4,21,ONE_POINT,100,100,RANDOM,0
463,46400,145.52047848701477,40721,40728.92,0,0.4,21,ONE_POINT,100,100,RANDOM,0
464,46500,145.80934023857117,40687,40695.56,0,0.4,21,ONE_POINT,100,100,RANDOM,0
465,46600,146.15705466270447,40658,40661.86,0,0.4,21,ONE_POINT,100,100,RANDOM,0
466,46700,146.44668436050415,40614,40621.52,0,0.4,21,ONE_POINT,100,100,RANDOM,0
467,46800,146.763188123703,40566,40576.18,0,0.4,21,ONE_POINT,100,100,RANDOM,0
468,46900,147.1132504940033,40515,40519.43,0,0.4,21,ONE_POINT,100,100,RANDOM,0
469,47000,147.39156079292297,40472,40476.71,0,0.4,21,ONE_POINT,100,100,RANDOM,0
470,47100,147.69026637077332,40408,40417.09,0,0.4,21,ONE_POINT,100,100,RANDOM,0
471,47200,148.03148126602173,40342,40348.35,0,0.4,21,ONE_POINT,100,100,RANDOM,0
472,47300,148.34016847610474,40316,40320.82,0,0.4,21,ONE_POINT,100,100,RANDOM,0
473,47400,148.67236399650574,40275,40280.21,0,0.4,21,ONE_POINT,100,100,RANDOM,0
474,47500,148.96146512031555,40202,40213.36,0,0.4,21,ONE_POINT,100,100,RANDOM,0
475,47600,149.27453517913818,40175,40205.53,0,0.4,21,ONE_POINT,100,100,RANDOM,0
476,47700,149.57273864746094,40149,40153.38,0,0.4,21,ONE_POINT,100,100,RANDOM,0
477,47800,149.92014741897583,40090,40094.98,0,0.4,21,ONE_POINT,100,100,RANDOM,0
478,47900,150.30174732208252,40066,40078.94,0,0.4,21,ONE_POINT,100,100,RANDOM,0
479,48000,150.6027317047119,39999,40004.52,0,0.4,21,ONE_POINT,100,100,RANDOM,0
480,48100,150.90956497192383,39925,39930.69,0,0.4,21,ONE_POINT,100,100,RANDOM,0
481,48200,151.23688387870789,39852,39857.99,0,0.4,21,ONE_POINT,100,100,RANDOM,0
482,48300,151.5381076335907,39779,39791.98,0,0.4,21,ONE_POINT,100,100,RANDOM,0
483,48400,151.88225388526917,39769,39777.47,0,0.4,21,ONE_POINT,100,100,RANDOM,0
484,48500,152.20338201522827,39734,39743.48,0,0.4,21,ONE_POINT,100,100,RANDOM,0
485,48600,152.4947247505188,39651,39662.28,0,0.4,21,ONE_POINT,100,100,RANDOM,0
486,48700,152.81543159484863,39586,39592.29,0,0.4,21,ONE_POINT,100,100,RANDOM,0
487,48800,153.1462423801422,39550,39553.0,0,0.4,21,ONE_POINT,100,100,RANDOM,0
488,48900,153.49869918823242,39526,39532.05,0,0.4,21,ONE_POINT,100,100,RANDOM,0
489,49000,153.83854627609253,39509,39515.46,0,0.4,21,ONE_POINT,100,100,RANDOM,0
490,49100,154.1489782333374,39488,39529.65,0,0.4,21,ONE_POINT,100,100,RANDOM,0
491,49200,154.46311736106873,39443,39457.23,0,0.4,21,ONE_POINT,100,100,RANDOM,0
492,49300,154.75364923477173,39399,39404.76,0,0.4,21,ONE_POINT,100,100,RANDOM,0
493,49400,155.064710855484,39347,39357.48,0,0.4,21,ONE_POINT,100,100,RANDOM,0
494,49500,155.3891716003418,39333,39335.86,0,0.4,21,ONE_POINT,100,100,RANDOM,0
495,49600,155.6955292224884,39265,39271.12,0,0.4,21,ONE_POINT,100,100,RANDOM,0
496,49700,156.00587344169617,39236,39247.11,0,0.4,21,ONE_POINT,100,100,RANDOM,0
497,49800,156.33761382102966,39183,39196.4,0,0.4,21,ONE_POINT,100,100,RANDOM,0
498,49900,156.63531041145325,39152,39154.48,0,0.4,21,ONE_POINT,100,100,RANDOM,0
499,50000,156.96776151657104,39146,39147.35,0,0.4,21,ONE_POINT,100,100,RANDOM,0
500,50100,157.31288075447083,39126,39128.58,0,0.4,21,ONE_POINT,100,100,RANDOM,0
1,200,0.23162007331848145,136536,135070.4,0,0.4,21,ONE_POINT,100,100,RANDOM,1
2,300,0.5755517482757568,133700,133731.16,0,0.4,21,ONE_POINT,100,100,RANDOM,1
3,400,0.8956348896026611,132311,132332.96,0,0.4,21,ONE_POINT,100,100,RANDOM,1
4,500,1.223184585571289,131546,131561.3,0,0.4,21,ONE_POINT,100,100,RANDOM,1
5,600,1.646897554397583,130675,130692.42,0,0.4,21,ONE_POINT,100,100,RANDOM,1
6,700,1.982496738433838,129915,129930.2,0,0.4,21,ONE_POINT,100,100,RANDOM,1
7,800,2.3895909786224365,129588,129601.55,0,0.4,21,ONE_POINT,100,100,RANDOM,1
8,900,2.7711377143859863,129241,129251.28,0,0.4,21,ONE_POINT,100,100,RANDOM,1
9,1000,3.1617238521575928,128508,128530.19,0,0.4,21,ONE_POINT,100,100,RANDOM,1
10,1100,3.486531972885132,127733,127756.84,0,0.4,21,ONE_POINT,100,100,RANDOM,1
11,1200,3.806433916091919,127206,127217.8,0,0.4,21,ONE_POINT,100,100,RANDOM,1
12,1300,4.181170463562012,126744,126749.78,0,0.4,21,ONE_POINT,100,100,RANDOM,1
13,1400,4.489588975906372,126259,126282.49,0,0.4,21,ONE_POINT,100,100,RANDOM,1
14,1500,4.8357157707214355,125414,125454.09,0,0.4,21,ONE_POINT,100,100,RANDOM,1
15,1600,5.186170816421509,125118,125132.0,0,0.4,21,ONE_POINT,100,100,RANDOM,1
16,1700,5.5423219203948975,124527,124554.98,0,0.4,21,ONE_POINT,100,100,RANDOM,1
17,1800,5.893625020980835,123796,123818.22,0,0.4,21,ONE_POINT,100,100,RANDOM,1
18,1900,6.215636253356934,123024,123047.16,0,0.4,21,ONE_POINT,100,100,RANDOM,1
19,2000,6.583024263381958,122609,122627.5,0,0.4,21,ONE_POINT,100,100,RANDOM,1
20,2100,6.910748243331909,122323,122334.44,0,0.4,21,ONE_POINT,100,100,RANDOM,1
21,2200,7.270408391952515,121754,121790.52,0,0.4,21,ONE_POINT,100,100,RANDOM,1
22,2300,7.573541879653931,121323,121340.24,0,0.4,21,ONE_POINT,100,100,RANDOM,1
23,2400,7.909912586212158,120617,120638.18,0,0.4,21,ONE_POINT,100,100,RANDOM,1
24,2500,8.260393381118774,120266,120279.92,0,0.4,21,ONE_POINT,100,100,RANDOM,1
25,2600,8.602866411209106,119965,119977.52,0,0.4,21,ONE_POINT,100,100,RANDOM,1
26,2700,8.913187980651855,119446,119515.26,0,0.4,21,ONE_POINT,100,100,RANDOM,1
27,2800,9.284533500671387,118712,118744.09,0,0.4,21,ONE_POINT,100,100,RANDOM,1
28,2900,9.651236772537231,118121,118146.51,0,0.4,21,ONE_POINT,100,100,RANDOM,1
29,3000,9.982236385345459,117826,117837.8,0,0.4,21,ONE_POINT,100,100,RANDOM,1
30,3100,10.30370283126831,117028,117051.94,0,0.4,21,ONE_POINT,100,100,RANDOM,1
31,3200,10.645124912261963,116314,116336.59,0,0.4,21,ONE_POINT,100,100,RANDOM,1
32,3300,10.990334510803223,116040,116048.93,0,0.4,21,ONE_POINT,100,100,RANDOM,1
33,3400,11.319947242736816,115829,115837.44,0,0.4,21,ONE_POINT,100,100,RANDOM,1
34,3500,11.666415452957153,115562,115584.86,0,0.4,21,ONE_POINT,100,100,RANDOM,1
35,3600,11.97811484336853,115182,115219.84,0,0.4,21,ONE_POINT,100,100,RANDOM,1
36,3700,12.355658531188965,114675,114696.9,0,0.4,21,ONE_POINT,100,100,RANDOM,1
37,3800,12.690225601196289,113986,114017.92,0,0.4,21,ONE_POINT,100,100,RANDOM,1
38,3900,13.093368291854858,113607,113627.59,0,0.4,21,ONE_POINT,100,100,RANDOM,1
39,4000,13.47192907333374,112998,113016.27,0,0.4,21,ONE_POINT,100,100,RANDOM,1
40,4100,13.803267478942871,112333,112346.3,0,0.4,21,ONE_POINT,100,100,RANDOM,1
41,4200,14.168203830718994,111849,111858.68,0,0.4,21,ONE_POINT,100,100,RANDOM,1
42,4300,14.500338315963745,111433,111454.23,0,0.4,21,ONE_POINT,100,100,RANDOM,1
43,4400,14.838577032089233,111125,111136.85,0,0.4,21,ONE_POINT,100,100,RANDOM,1
44,4500,15.182608127593994,110320,110344.28,0,0.4,21,ONE_POINT,100,100,RANDOM,1
45,4600,15.506097793579102,109626,109646.82,0,0.4,21,ONE_POINT,100,100,RANDOM,1
46,4700,15.867433786392212,109191,109208.4,0,0.4,21,ONE_POINT,100,100,RANDOM,1
47,4800,16.222398042678833,109013,109018.39,0,0.4,21,ONE_POINT,100,100,RANDOM,1
48,4900,16.549870491027832,108676,108700.16,0,0.4,21,ONE_POINT,100,100,RANDOM,1
49,5000,16.89274501800537,108295,108309.88,0,0.4,21,ONE_POINT,100,100,RANDOM,1
50,5100,17.223982334136963,107955,108021.97,0,0.4,21,ONE_POINT,100,100,RANDOM,1
51,5200,17.574957370758057,107042,107060.26,0,0.4,21,ONE_POINT,100,100,RANDOM,1
52,5300,17.897790670394897,106663,106692.67,0,0.4,21,ONE_POINT,100,100,RANDOM,1
53,5400,18.199079036712646,106042,106054.46,0,0.4,21,ONE_POINT,100,100,RANDOM,1
54,5500,18.551008224487305,105320,105341.66,0,0.4,21,ONE_POINT,100,100,RANDOM,1
55,5600,18.863038778305054,105101,105112.22,0,0.4,21,ONE_POINT,100,100,RANDOM,1
56,5700,19.215837955474854,104495,104513.18,0,0.4,21,ONE_POINT,100,100,RANDOM,1
57,5800,19.51734733581543,104053,104069.22,0,0.4,21,ONE_POINT,100,100,RANDOM,1
58,5900,19.830575227737427,103830,103839.22,0,0.4,21,ONE_POINT,100,100,RANDOM,1
59,6000,20.159895420074463,103246,103263.52,0,0.4,21,ONE_POINT,100,100,RANDOM,1
60,6100,20.48665475845337,102904,102917.0,0,0.4,21,ONE_POINT,100,100,RANDOM,1
61,6200,20.791730165481567,102467,102537.77,0,0.4,21,ONE_POINT,100,100,RANDOM,1
62,6300,21.120994091033936,101957,102003.74,0,0.4,21,ONE_POINT,100,100,RANDOM,1
63,6400,21.43623375892639,101596,101615.48,0,0.4,21,ONE_POINT,100,100,RANDOM,1
64,6500,21.807812213897705,101276,101282.4,0,0.4,21,ONE_POINT,100,100,RANDOM,1
65,6600,22.12503695487976,100613,100635.97,0,0.4,21,ONE_POINT,100,100,RANDOM,1
66,6700,22.416908979415894,100394,100402.76,0,0.4,21,ONE_POINT,100,100,RANDOM,1
67,6800,22.71889591217041,100189,100196.92,0,0.4,21,ONE_POINT,100,100,RANDOM,1
68,6900,23.052842378616333,99893,99927.62,0,0.4,21,ONE_POINT,100,100,RANDOM,1
69,7000,23.356208086013794,99655,99664.52,0,0.4,21,ONE_POINT,100,100,RANDOM,1
70,7100,23.67705750465393,99428,99435.64,0,0.4,21,ONE_POINT,100,100,RANDOM,1
71,7200,23.995925664901733,99063,99077.49,0,0.4,21,ONE_POINT,100,100,RANDOM,1
72,7300,24.311890363693237,98488,98524.01,0,0.4,21,ONE_POINT,100,100,RANDOM,1
73,7400,24.639614820480347,98099,98110.24,0,0.4,21,ONE_POINT,100,100,RANDOM,1
74,7500,24.922742128372192,97888,97895.27,0,0.4,21,ONE_POINT,100,100,RANDOM,1
75,7600,25.250569105148315,97722,97738.81,0,0.4,21,ONE_POINT,100,100,RANDOM,1
76,7700,25.574748754501343,97400,97409.12,0,0.4,21,ONE_POINT,100,100,RANDOM,1
77,7800,25.90124535560608,97188,97197.53,0,0.4,21,ONE_POINT,100,100,RANDOM,1
78,7900,26.187485694885254,96871,96945.14,0,0.4,21,ONE_POINT,100,100,RANDOM,1
79,8000,26.525935411453247,96764,96779.31,0,0.4,21,ONE_POINT,100,100,RANDOM,1
80,8100,26.80568218231201,96548,96556.64,0,0.4,21,ONE_POINT,100,100,RANDOM,1
81,8200,27.089073657989502,96239,96251.65,0,0.4,21,ONE_POINT,100,100,RANDOM,1
82,8300,27.40662431716919,95312,95330.54,0,0.4,21,ONE_POINT,100,100,RANDOM,1
83,8400,27.76013493537903,95103,95111.36,0,0.4,21,ONE_POINT,100,100,RANDOM,1
84,8500,28.100374221801758,94942,94968.11,0,0.4,21,ONE_POINT,100,100,RANDOM,1
85,8600,28.398866415023804,94789,94798.7,0,0.4,21,ONE_POINT,100,100,RANDOM,1
86,8700,28.680954217910767,94661,94666.2,0,0.4,21,ONE_POINT,100,100,RANDOM,1
87,8800,28.97501301765442,94381,94414.67,0,0.4,21,ONE_POINT,100,100,RANDOM,1
88,8900,29.32236886024475,94219,94225.48,0,0.4,21,ONE_POINT,100,100,RANDOM,1
89,9000,29.659180641174316,94048,94054.84,0,0.4,21,ONE_POINT,100,100,RANDOM,1
90,9100,29.984881162643433,92894,92919.28,0,0.4,21,ONE_POINT,100,100,RANDOM,1
91,9200,30.317502737045288,92789,92793.2,0,0.4,21,ONE_POINT,100,100,RANDOM,1
92,9300,30.645588874816895,92464,92471.25,0,0.4,21,ONE_POINT,100,100,RANDOM,1
93,9400,30.930172443389893,91936,91949.99,0,0.4,21,ONE_POINT,100,100,RANDOM,1
94,9500,31.243375301361084,91233,91247.06,0,0.4,21,ONE_POINT,100,100,RANDOM,1
95,9600,31.527589321136475,90910,90941.48,0,0.4,21,ONE_POINT,100,100,RANDOM,1
96,9700,31.850568056106567,90743,90771.19,0,0.4,21,ONE_POINT,100,100,RANDOM,1
97,9800,32.16798949241638,90443,90539.26,0,0.4,21,ONE_POINT,100,100,RANDOM,1
98,9900,32.4623818397522,90295,90302.54,0,0.4,21,ONE_POINT,100,100,RANDOM,1
99,10000,32.75547456741333,89818,89899.82,0,0.4,21,ONE_POINT,100,100,RANDOM,1
100,10100,33.04125928878784,89269,89279.98,0,0.4,21,ONE_POINT,100,100,RANDOM,1
101,10200,33.361385107040405,89095,89137.34,0,0.4,21,ONE_POINT,100,100,RANDOM,1
102,10300,33.706576347351074,88928,88935.6,0,0.4,21,ONE_POINT,100,100,RANDOM,1
103,10400,34.049707651138306,88622,88659.97,0,0.4,21,ONE_POINT,100,100,RANDOM,1
104,10500,34.39274883270264,88364,88375.83,0,0.4,21,ONE_POINT,100,100,RANDOM,1
105,10600,34.74585485458374,88236,88240.78,0,0.4,21,ONE_POINT,100,100,RANDOM,1
106,10700,35.12290549278259,88102,88108.64,0,0.4,21,ONE_POINT,100,100,RANDOM,1
107,10800,35.482836961746216,87824,87855.35,0,0.4,21,ONE_POINT,100,100,RANDOM,1
108,10900,35.78736615180969,87605,87667.73,0,0.4,21,ONE_POINT,100,100,RANDOM,1
109,11000,36.08511662483215,87395,87403.27,0,0.4,21,ONE_POINT,100,100,RANDOM,1
110,11100,36.37607216835022,87054,87068.39,0,0.4,21,ONE_POINT,100,100,RANDOM,1
111,11200,36.694058418273926,86513,86523.82,0,0.4,21,ONE_POINT,100,100,RANDOM,1
112,11300,36.97757291793823,86370,86388.02,0,0.4,21,ONE_POINT,100,100,RANDOM,1
113,11400,37.2630455493927,86145,86154.0,0,0.4,21,ONE_POINT,100,100,RANDOM,1
114,11500,37.59985041618347,86006,86013.55,0,0.4,21,ONE_POINT,100,100,RANDOM,1
115,11600,37.91824650764465,85753,85787.73,0,0.4,21,ONE_POINT,100,100,RANDOM,1
116,11700,38.220478773117065,85339,85359.15,0,0.4,21,ONE_POINT,100,100,RANDOM,1
117,11800,38.54072880744934,84941,84952.94,0,0.4,21,ONE_POINT,100,100,RANDOM,1
118,11900,38.82828617095947,84842,84846.07,0,0.4,21,ONE_POINT,100,100,RANDOM,1
119,12000,39.12764501571655,84625,84635.95,0,0.4,21,ONE_POINT,100,100,RANDOM,1
120,12100,39.448487997055054,84474,84531.66,0,0.4,21,ONE_POINT,100,100,RANDOM,1
121,12200,39.78095555305481,84084,84099.6,0,0.4,21,ONE_POINT,100,100,RANDOM,1
122,12300,40.109534740448,83949,83953.83,0,0.4,21,ONE_POINT,100,100,RANDOM,1
123,12400,40.39659333229065,83787,83795.1,0,0.4,21,ONE_POINT,100,100,RANDOM,1
124,12500,40.67569589614868,83574,83600.44,0,0.4,21,ONE_POINT,100,100,RANDOM,1
125,12600,41.004302978515625,83424,83430.56,0,0.4,21,ONE_POINT,100,100,RANDOM,1
126,12700,41.298959732055664,83231,83248.99,0,0.4,21,ONE_POINT,100,100,RANDOM,1
127,12800,41.607539892196655,83035,83046.17,0,0.4,21,ONE_POINT,100,100,RANDOM,1
128,12900,41.91618251800537,82882,82886.65,0,0.4,21,ONE_POINT,100,100,RANDOM,1
129,13000,42.21340465545654,82672,82682.53,0,0.4,21,ONE_POINT,100,100,RANDOM,1
130,13100,42.538050174713135,82280,82295.63,0,0.4,21,ONE_POINT,100,100,RANDOM,1
131,13200,42.85222148895264,81929,81945.03,0,0.4,21,ONE_POINT,100,100,RANDOM,1
132,13300,43.15439295768738,81742,81771.82,0,0.4,21,ONE_POINT,100,100,RANDOM,1
133,13400,43.4549515247345,81504,81511.34,0,0.4,21,ONE_POINT,100,100,RANDOM,1
134,13500,43.79041385650635,81244,81252.15,0,0.4,21,ONE_POINT,100,100,RANDOM,1
135,13600,44.08282017707825,80987,80997.28,0,0.4,21,ONE_POINT,100,100,RANDOM,1
136,13700,44.368632078170776,80415,80462.37,0,0.4,21,ONE_POINT,100,100,RANDOM,1
137,13800,44.71910238265991,80271,80278.2,0,0.4,21,ONE_POINT,100,100,RANDOM,1
138,13900,45.01486825942993,80109,80117.81,0,0.4,21,ONE_POINT,100,100,RANDOM,1
139,14000,45.32288575172424,79875,79889.69,0,0.4,21,ONE_POINT,100,100,RANDOM,1
140,14100,45.63336229324341,79639,79656.32,0,0.4,21,ONE_POINT,100,100,RANDOM,1
141,14200,45.958632946014404,79434,79450.82,0,0.4,21,ONE_POINT,100,100,RANDOM,1
142,14300,46.26468849182129,79352,79360.81,0,0.4,21,ONE_POINT,100,100,RANDOM,1
143,14400,46.60287308692932,79181,79276.15,0,0.4,21,ONE_POINT,100,100,RANDOM,1
144,14500,46.93387699127197,78988,78995.72,0,0.4,21,ONE_POINT,100,100,RANDOM,1
145,14600,47.27052593231201,78790,78820.6,0,0.4,21,ONE_POINT,100,100,RANDOM,1
146,14700,47.6092255115509,78638,78644.3,0,0.4,21,ONE_POINT,100,100,RANDOM,1
147,14800,47.90273880958557,78433,78491.36,0,0.4,21,ONE_POINT,100,100,RANDOM,1
148,14900,48.227134704589844,78273,78277.9,0,0.4,21,ONE_POINT,100,100,RANDOM,1
149,15000,48.53831934928894,78133,78138.62,0,0.4,21,ONE_POINT,100,100,RANDOM,1
150,15100,48.890432357788086,77859,77870.31,0,0.4,21,ONE_POINT,100,100,RANDOM,1
151,15200,49.27001452445984,77443,77455.48,0,0.4,21,ONE_POINT,100,100,RANDOM,1
152,15300,49.556639671325684,77307,77317.96,0,0.4,21,ONE_POINT,100,100,RANDOM,1
153,15400,49.92632555961609,77145,77151.48,0,0.4,21,ONE_POINT,100,100,RANDOM,1
154,15500,50.278095722198486,76931,76939.56,0,0.4,21,ONE_POINT,100,100,RANDOM,1
155,15600,50.616799116134644,76715,76730.1,0,0.4,21,ONE_POINT,100,100,RANDOM,1
156,15700,50.979992628097534,76447,76460.38,0,0.4,21,ONE_POINT,100,100,RANDOM,1
157,15800,51.29097652435303,76222,76247.9,0,0.4,21,ONE_POINT,100,100,RANDOM,1
158,15900,51.63305449485779,76132,76165.84,0,0.4,21,ONE_POINT,100,100,RANDOM,1
159,16000,51.94557785987854,76043,76146.63,0,0.4,21,ONE_POINT,100,100,RANDOM,1
160,16100,52.231114625930786,75904,75912.37,0,0.4,21,ONE_POINT,100,100,RANDOM,1
161,16200,52.574735164642334,75747,75790.84,0,0.4,21,ONE_POINT,100,100,RANDOM,1
162,16300,52.86348342895508,75600,75622.95,0,0.4,21,ONE_POINT,100,100,RANDOM,1
163,16400,53.178420305252075,75493,75505.16,0,0.4,21,ONE_POINT,100,100,RANDOM,1
164,16500,53.470948696136475,75182,75194.87,0,0.4,21,ONE_POINT,100,100,RANDOM,1
165,16600,53.771557331085205,75047,75056.86,0,0.4,21,ONE_POINT,100,100,RANDOM,1
166,16700,54.102641105651855,74969,75007.49,0,0.4,21,ONE_POINT,100,100,RANDOM,1
167,16800,54.44291663169861,74748,74757.26,0,0.4,21,ONE_POINT,100,100,RANDOM,1
168,16900,54.788562297821045,74610,74624.67,0,0.4,21,ONE_POINT,100,100,RANDOM,1
169,17000,55.09480166435242,74480,74494.92,0,0.4,21,ONE_POINT,100,100,RANDOM,1
170,17100,55.40809893608093,74295,74333.88,0,0.4,21,ONE_POINT,100,100,RANDOM,1
171,17200,55.69428753852844,74176,74182.02,0,0.4,21,ONE_POINT,100,100,RANDOM,1
172,17300,56.00079011917114,74023,74030.77,0,0.4,21,ONE_POINT,100,100,RANDOM,1
173,17400,56.29497218132019,73917,73922.69,0,0.4,21,ONE_POINT,100,100,RANDOM,1
174,17500,56.58546471595764,73647,73655.27,0,0.4,21,ONE_POINT,100,100,RANDOM,1
175,17600,56.87549924850464,73479,73495.73,0,0.4,21,ONE_POINT,100,100,RANDOM,1
176,17700,57.17813777923584,73331,73339.48,0,0.4,21,ONE_POINT,100,100,RANDOM,1
177,17800,57.47404479980469,73026,73041.25,0,0.4,21,ONE_POINT,100,100,RANDOM,1
178,17900,57.80610752105713,72923,72927.88,0,0.4,21,ONE_POINT,100,100,RANDOM,1
179,18000,58.146202087402344,72358,72383.63,0,0.4,21,ONE_POINT,100,100,RANDOM,1
180,18100,58.47774696350098,72128,72137.2,0,0.4,21,ONE_POINT,100,100,RANDOM,1
181,18200,58.76375913619995,72006,72012.84,0,0.4,21,ONE_POINT,100,100,RANDOM,1
182,18300,59.0921266078949,71817,71826.45,0,0.4,21,ONE_POINT,100,100,RANDOM,1
183,18400,59.42777419090271,71659,71665.01,0,0.4,21,ONE_POINT,100,100,RANDOM,1
184,18500,59.75896596908569,71565,71572.51,0,0.4,21,ONE_POINT,100,100,RANDOM,1
185,18600,60.06640124320984,71389,71396.04,0,0.4,21,ONE_POINT,100,100,RANDOM,1
186,18700,60.36244177818298,71115,71159.6,0,0.4,21,ONE_POINT,100,100,RANDOM,1
187,18800,60.64686965942383,71021,71036.76,0,0.4,21,ONE_POINT,100,100,RANDOM,1
188,18900,60.94759202003479,70705,70722.1,0,0.4,21,ONE_POINT,100,100,RANDOM,1
189,19000,61.2618727684021,70531,70541.45,0,0.4,21,ONE_POINT,100,100,RANDOM,1
190,19100,61.5669903755188,70477,70624.03,0,0.4,21,ONE_POINT,100,100,RANDOM,1
191,19200,61.85325479507446,70317,70347.63,0,0.4,21,ONE_POINT,100,100,RANDOM,1
192,19300,62.19597125053406,70110,70120.35,0,0.4,21,ONE_POINT,100,100,RANDOM,1
193,19400,62.50512886047363,70040,70080.27,0,0.4,21,ONE_POINT,100,100,RANDOM,1
194,19500,62.80267310142517,69868,69896.09,0,0.4,21,ONE_POINT,100,100,RANDOM,1
195,19600,63.097344398498535,69775,69786.17,0,0.4,21,ONE_POINT,100,100,RANDOM,1
196,19700,63.41957688331604,69414,69428.84,0,0.4,21,ONE_POINT,100,100,RANDOM,1
197,19800,63.730029344558716,69272,69280.77,0,0.4,21,ONE_POINT,100,100,RANDOM,1
198,19900,64.0983076095581,68838,68855.36,0,0.4,21,ONE_POINT,100,100,RANDOM,1
199,20000,64.45329284667969,68695,68703.03,0,0.4,21,ONE_POINT,100,100,RANDOM,1
200,20100,64.77481532096863,68499,68509.01,0,0.4,21,ONE_POINT,100,100,RANDOM,1
201,20200,65.15010499954224,68150,68164.34,0,0.4,21,ONE_POINT,100,100,RANDOM,1
202,20300,65.51022028923035,67986,67991.02,0,0.4,21,ONE_POINT,100,100,RANDOM,1
203,20400,65.87676429748535,67866,67885.82,0,0.4,21,ONE_POINT,100,100,RANDOM,1
204,20500,66.23799586296082,67735,67743.15,0,0.4,21,ONE_POINT,100,100,RANDOM,1
205,20600,66.61848092079163,67531,67539.16,0,0.4,21,ONE_POINT,100,100,RANDOM,1
206,20700,66.9507360458374,67448,67517.03,0,0.4,21,ONE_POINT,100,100,RANDOM,1
207,20800,67.26996207237244,67309,67333.76,0,0.4,21,ONE_POINT,100,100,RANDOM,1
208,20900,67.60925149917603,67224,67229.1,0,0.4,21,ONE_POINT,100,100,RANDOM,1
209,21000,67.92515015602112,67074,67098.72,0,0.4,21,ONE_POINT,100,100,RANDOM,1
210,21100,68.23803663253784,66915,66925.61,0,0.4,21,ONE_POINT,100,100,RANDOM,1
211,21200,68.5369086265564,66765,66776.44,0,0.4,21,ONE_POINT,100,100,RANDOM,1
212,21300,68.83572340011597,66635,66645.06,0,0.4,21,ONE_POINT,100,100,RANDOM,1
213,21400,69.16067600250244,66439,66466.0,0,0.4,21,ONE_POINT,100,100,RANDOM,1
214,21500,69.50106024742126,66010,66027.26,0,0.4,21,ONE_POINT,100,100,RANDOM,1
215,21600,69.88223385810852,65832,65838.74,0,0.4,21,ONE_POINT,100,100,RANDOM,1
216,21700,70.23087859153748,65667,65692.4,0,0.4,21,ONE_POINT,100,100,RANDOM,1
217,21800,70.58665895462036,65560,65567.86,0,0.4,21,ONE_POINT,100,100,RANDOM,1
218,21900,70.91899967193604,65461,65466.94,0,0.4,21,ONE_POINT,100,100,RANDOM,1
219,22000,71.27711582183838,65345,65352.95,0,0.4,21,ONE_POINT,100,100,RANDOM,1
220,22100,71.63907122612,65233,65238.59,0,0.4,21,ONE_POINT,100,100,RANDOM,1
221,22200,71.96020722389221,65176,65194.96,0,0.4,21,ONE_POINT,100,100,RANDOM,1
222,22300,72.2620530128479,65009,65018.28,0,0.4,21,ONE_POINT,100,100,RANDOM,1
223,22400,72.59650349617004,64845,64853.62,0,0.4,21,ONE_POINT,100,100,RANDOM,1
224,22500,72.9595410823822,64654,64663.38,0,0.4,21,ONE_POINT,100,100,RANDOM,1
225,22600,73.29317688941956,64544,64550.6,0,0.4,21,ONE_POINT,100,100,RANDOM,1
226,22700,73.64372873306274,64449,64455.8,0,0.4,21,ONE_POINT,100,100,RANDOM,1
227,22800,73.99920845031738,64328,64334.05,0,0.4,21,ONE_POINT,100,100,RANDOM,1
228,22900,74.3318977355957,64069,64079.28,0,0.4,21,ONE_POINT,100,100,RANDOM,1
229,23000,74.63600897789001,63915,63929.63,0,0.4,21,ONE_POINT,100,100,RANDOM,1
230,23100,74.97558331489563,63822,63831.02,0,0.4,21,ONE_POINT,100,100,RANDOM,1
231,23200,75.31014156341553,63751,63757.07,0,0.4,21,ONE_POINT,100,100,RANDOM,1
232,23300,75.64880704879761,63324,63354.38,0,0.4,21,ONE_POINT,100,100,RANDOM,1
233,23400,75.98737001419067,63198,63205.85,0,0.4,21,ONE_POINT,100,100,RANDOM,1
234,23500,76.29555177688599,63051,63061.48,0,0.4,21,ONE_POINT,100,100,RANDOM,1
235,23600,76.65131664276123,62904,62982.49,0,0.4,21,ONE_POINT,100,100,RANDOM,1
236,23700,77.0178074836731,62662,62676.57,0,0.4,21,ONE_POINT,100,100,RANDOM,1
237,23800,77.38394165039062,62538,62544.2,0,0.4,21,ONE_POINT,100,100,RANDOM,1
238,23900,77.73856973648071,62293,62311.98,0,0.4,21,ONE_POINT,100,100,RANDOM,1
239,24000,78.07388854026794,62062,62071.24,0,0.4,21,ONE_POINT,100,100,RANDOM,1
240,24100,78.39195847511292,61961,61967.76,0,0.4,21,ONE_POINT,100,100,RANDOM,1
241,24200,78.75906896591187,61879,61910.24,0,0.4,21,ONE_POINT,100,100,RANDOM,1
242,24300,79.08696508407593,61799,61812.94,0,0.4,21,ONE_POINT,100,100,RANDOM,1
243,24400,79.41847038269043,61585,61600.64,0,0.4,21,ONE_POINT,100,100,RANDOM,1
244,24500,79.78308606147766,61421,61447.41,0,0.4,21,ONE_POINT,100,100,RANDOM,1
245,24600,80.14859914779663,61351,61376.13,0,0.4,21,ONE_POINT,100,100,RANDOM,1
246,24700,80.51505041122437,61257,61268.35,0,0.4,21,ONE_POINT,100,100,RANDOM,1
247,24800,80.87417578697205,60894,60909.54,0,0.4,21,ONE_POINT,100,100,RANDOM,1
248,24900,81.20422697067261,60830,60839.39,0,0.4,21,ONE_POINT,100,100,RANDOM,1
249,25000,81.55718922615051,60746,60762.41,0,0.4,21,ONE_POINT,100,100,RANDOM,1
250,25100,81.88734269142151,60611,60617.46,0,0.4,21,ONE_POINT,100,100,RANDOM,1
251,25200,82.20421934127808,60498,60540.66,0,0.4,21,ONE_POINT,100,100,RANDOM,1
252,25300,82.53436732292175,60358,60372.44,0,0.4,21,ONE_POINT,100,100,RANDOM,1
253,25400,82.86065292358398,60267,60274.86,0,0.4,21,ONE_POINT,100,100,RANDOM,1
254,25500,83.22000741958618,59968,59980.87,0,0.4,21,ONE_POINT,100,100,RANDOM,1
255,25600,83.57784748077393,59775,59791.83,0,0.4,21,ONE_POINT,100,100,RANDOM,1
256,25700,83.95547938346863,59642,59657.48,0,0.4,21,ONE_POINT,100,100,RANDOM,1
257,25800,84.31614756584167,59529,59567.0,0,0.4,21,ONE_POINT,100,100,RANDOM,1
258,25900,84.6746940612793,59415,59443.66,0,0.4,21,ONE_POINT,100,100,RANDOM,1
259,26000,85.00612306594849,59254,59272.76,0,0.4,21,ONE_POINT,100,100,RANDOM,1
260,26100,85.36656641960144,59011,59026.81,0,0.4,21,ONE_POINT,100,100,RANDOM,1
261,26200,85.71561527252197,58859,58866.8,0,0.4,21,ONE_POINT,100,100,RANDOM,1
262,26300,86.07561707496643,58770,58792.02,0,0.4,21,ONE_POINT,100,100,RANDOM,1
263,26400,86.39044427871704,58702,58708.97,0,0.4,21,ONE_POINT,100,100,RANDOM,1
264,26500,86.74957251548767,58632,58638.35,0,0.4,21,ONE_POINT,100,100,RANDOM,1
265,26600,87.11349725723267,58510,58534.99,0,0.4,21,ONE_POINT,100,100,RANDOM,1
266,26700,87.42691946029663,58469,58473.35,0,0.4,21,ONE_POINT,100,100,RANDOM,1
267,26800,87.74864482879639,58297,58307.78,0,0.4,21,ONE_POINT,100,100,RANDOM,1
268,26900,88.06170916557312,58211,58227.56,0,0.4,21,ONE_POINT,100,100,RANDOM,1
269,27000,88.39396810531616,58113,58155.26,0,0.4,21,ONE_POINT,100,100,RANDOM,1
270,27100,88.75990629196167,58019,58072.13,0,0.4,21,ONE_POINT,100,100,RANDOM,1
271,27200,89.12933802604675,57953,57969.63,0,0.4,21,ONE_POINT,100,100,RANDOM,1
272,27300,89.44675326347351,57828,57851.38,0,0.4,21,ONE_POINT,100,100,RANDOM,1
273,27400,89.7589545249939,57734,57756.76,0,0.4,21,ONE_POINT,100,100,RANDOM,1
274,27500,90.05144023895264,57659,57675.13,0,0.4,21,ONE_POINT,100,100,RANDOM,1
275,27600,90.42460465431213,57545,57553.85,0,0.4,21,ONE_POINT,100,100,RANDOM,1
276,27700,90.78887581825256,57438,57444.42,0,0.4,21,ONE_POINT,100,100,RANDOM,1
277,27800,91.15022206306458,57304,57318.57,0,0.4,21,ONE_POINT,100,100,RANDOM,1
278,27900,91.5234591960907,57198,57220.72,0,0.4,21,ONE_POINT,100,100,RANDOM,1
279,28000,91.80667281150818,56984,56996.17,0,0.4,21,ONE_POINT,100,100,RANDOM,1
280,28100,92.0745952129364,56901,56908.34,0,0.4,21,ONE_POINT,100,100,RANDOM,1
281,28200,92.35114526748657,56782,56853.73,0,0.4,21,ONE_POINT,100,100,RANDOM,1
282,28300,92.64335441589355,56724,56797.28,0,0.4,21,ONE_POINT,100,100,RANDOM,1
283,28400,92.91193628311157,56653,56659.41,0,0.4,21,ONE_POINT,100,100,RANDOM,1
284,28500,93.22683334350586,56559,56565.35,0,0.4,21,ONE_POINT,100,100,RANDOM,1
285,28600,93.56027674674988,56438,56450.71,0,0.4,21,ONE_POINT,100,100,RANDOM,1
286,28700,93.84339380264282,56396,56402.83,0,0.4,21,ONE_POINT,100,100,RANDOM,1
287,28800,94.13968396186829,56316,56326.45,0,0.4,21,ONE_POINT,100,100,RANDOM,1
288,28900,94.42308163642883,56219,56238.54,0,0.4,21,ONE_POINT,100,100,RANDOM,1
289,29000,94.84715390205383,56134,56139.1,0,0.4,21,ONE_POINT,100,100,RANDOM,1
290,29100,95.20598459243774,56065,56072.75,0,0.4,21,ONE_POINT,100,100,RANDOM,1
291,29200,95.55896615982056,55960,55966.47,0,0.4,21,ONE_POINT,100,100,RANDOM,1
292,29300,95.8866274356842,55878,55883.34,0,0.4,21,ONE_POINT,100,100,RANDOM,1
293,29400,96.23751330375671,55772,55777.73,0,0.4,21,ONE_POINT,100,100,RANDOM,1
294,29500,96.52093172073364,55701,55707.82,0,0.4,21,ONE_POINT,100,100,RANDOM,1
295,29600,96.8349711894989,55472,55544.37,0,0.4,21,ONE_POINT,100,100,RANDOM,1
296,29700,97.2229208946228,55419,55426.97,0,0.4,21,ONE_POINT,100,100,RANDOM,1
297,29800,97.5829246044159,55326,55333.02,0,0.4,21,ONE_POINT,100,100,RANDOM,1
298,29900,97.93958711624146,55256,55279.76,0,0.4,21,ONE_POINT,100,100,RANDOM,1
299,30000,98.2886803150177,55199,55215.69,0,0.4,21,ONE_POINT,100,100,RANDOM,1
300,30100,98.5876452922821,55121,55138.22,0,0.4,21,ONE_POINT,100,100,RANDOM,1
301,30200,98.91639804840088,55051,55077.12,0,0.4,21,ONE_POINT,100,100,RANDOM,1
302,30300,99.23934388160706,54996,55000.63,0,0.4,21,ONE_POINT,100,100,RANDOM,1
303,30400,99.58251714706421,54868,54885.04,0,0.4,21,ONE_POINT,100,100,RANDOM,1
304,30500,99.92113709449768,54734,54748.97,0,0.4,21,ONE_POINT,100,100,RANDOM,1
305,30600,100.25207877159119,54556,54583.39,0,0.4,21,ONE_POINT,100,100,RANDOM,1
306,30700,100.5769624710083,54337,54366.16,0,0.4,21,ONE_POINT,100,100,RANDOM,1
307,30800,100.90308785438538,54271,54276.39,0,0.4,21,ONE_POINT,100,100,RANDOM,1
308,30900,101.2370400428772,54199,54205.89,0,0.4,21,ONE_POINT,100,100,RANDOM,1
309,31000,101.53639364242554,54092,54097.16,0,0.4,21,ONE_POINT,100,100,RANDOM,1
310,31100,101.84857726097107,54050,54055.08,0,0.4,21,ONE_POINT,100,100,RANDOM,1
311,31200,102.21686053276062,54003,54029.46,0,0.4,21,ONE_POINT,100,100,RANDOM,1
312,31300,102.51657748222351,53889,53897.29,0,0.4,21,ONE_POINT,100,100,RANDOM,1
313,31400,102.80919170379639,53815,53820.18,0,0.4,21,ONE_POINT,100,100,RANDOM,1
314,31500,103.11229991912842,53498,53527.69,0,0.4,21,ONE_POINT,100,100,RANDOM,1
315,31600,103.43722033500671,53398,53405.49,0,0.4,21,ONE_POINT,100,100,RANDOM,1
316,31700,103.71689438819885,53268,53290.42,0,0.4,21,ONE_POINT,100,100,RANDOM,1
317,31800,104.03232049942017,53200,53203.48,0,0.4,21,ONE_POINT,100,100,RANDOM,1
318,31900,104.34222173690796,53147,53151.48,0,0.4,21,ONE_POINT,100,100,RANDOM,1
319,32000,104.61424994468689,53063,53077.07,0,0.4,21,ONE_POINT,100,100,RANDOM,1
320,32100,104.90970540046692,52928,52938.74,0,0.4,21,ONE_POINT,100,100,RANDOM,1
321,32200,105.19616341590881,52800,52885.66,0,0.4,21,ONE_POINT,100,100,RANDOM,1
322,32300,105.47400546073914,52768,52771.8,0,0.4,21,ONE_POINT,100,100,RANDOM,1
323,32400,105.7535285949707,52681,52687.54,0,0.4,21,ONE_POINT,100,100,RANDOM,1
324,32500,106.0302312374115,52602,52608.09,0,0.4,21,ONE_POINT,100,100,RANDOM,1
325,32600,106.31374001502991,52488,52494.46,0,0.4,21,ONE_POINT,100,100,RANDOM,1
326,32700,106.63793444633484,52449,52452.81,0,0.4,21,ONE_POINT,100,100,RANDOM,1
327,32800,106.95154809951782,52366,52371.66,0,0.4,21,ONE_POINT,100,100,RANDOM,1
328,32900,107.23602747917175,52211,52428.57,0,0.4,21,ONE_POINT,100,100,RANDOM,1
329,33000,107.57136273384094,52134,52141.71,0,0.4,21,ONE_POINT,100,100,RANDOM,1
330,33100,107.88697695732117,52078,52082.72,0,0.4,21,ONE_POINT,100,100,RANDOM,1
331,33200,108.19725179672241,51944,52007.04,0,0.4,21,ONE_POINT,100,100,RANDOM,1
332,33300,108.49546313285828,51738,51754.45,0,0.4,21,ONE_POINT,100,100,RANDOM,1
333,33400,108.80781269073486,51616,51622.1,0,0.4,21,ONE_POINT,100,100,RANDOM,1
334,33500,109.10858535766602,51543,51550.53,0,0.4,21,ONE_POINT,100,100,RANDOM,1
335,33600,109.39760303497314,51459,51481.95,0,0.4,21,ONE_POINT,100,100,RANDOM,1
336,33700,109.68002510070801,51395,51417.97,0,0.4,21,ONE_POINT,100,100,RANDOM,1
337,33800,109.9615523815155,51353,51384.2,0,0.4,21,ONE_POINT,100,100,RANDOM,1
338,33900,110.29741048812866,51308,51311.21,0,0.4,21,ONE_POINT,100,100,RANDOM,1
339,34000,110.61744046211243,51288,51290.85,0,0.4,21,ONE_POINT,100,100,RANDOM,1
340,34100,110.89828419685364,51242,51245.88,0,0.4,21,ONE_POINT,100,100,RANDOM,1
341,34200,111.22720146179199,51158,51164.37,0,0.4,21,ONE_POINT,100,100,RANDOM,1
342,34300,111.5392632484436,51085,51091.61,0,0.4,21,ONE_POINT,100,100,RANDOM,1
343,34400,111.82754778862,51001,51007.95,0,0.4,21,ONE_POINT,100,100,RANDOM,1
344,34500,112.13748693466187,50956,50960.07,0,0.4,21,ONE_POINT,100,100,RANDOM,1
345,34600,112.45674276351929,50890,50916.29,0,0.4,21,ONE_POINT,100,100,RANDOM,1
346,34700,112.77239680290222,50820,50830.82,0,0.4,21,ONE_POINT,100,100,RANDOM,1
347,34800,113.05105018615723,50701,50710.62,0,0.4,21,ONE_POINT,100,100,RANDOM,1
348,34900,113.33840560913086,50635,50660.81,0,0.4,21,ONE_POINT,100,100,RANDOM,1
349,35000,113.66553950309753,50508,50515.62,0,0.4,21,ONE_POINT,100,100,RANDOM,1
350,35100,113.99864721298218,50430,50440.69,0,0.4,21,ONE_POINT,100,100,RANDOM,1
351,35200,114.27511978149414,50346,50353.66,0,0.4,21,ONE_POINT,100,100,RANDOM,1
352,35300,114.56407594680786,50234,50271.13,0,0.4,21,ONE_POINT,100,100,RANDOM,1
353,35400,114.89456629753113,50124,50130.6,0,0.4,21,ONE_POINT,100,100,RANDOM,1
354,35500,115.22304105758667,50012,50016.48,0,0.4,21,ONE_POINT,100,100,RANDOM,1
355,35600,115.58340263366699,49964,49972.26,0,0.4,21,ONE_POINT,100,100,RANDOM,1
356,35700,115.91209435462952,49900,49920.06,0,0.4,21,ONE_POINT,100,100,RANDOM,1
357,35800,116.25532078742981,49814,49822.06,0,0.4,21,ONE_POINT,100,100,RANDOM,1
358,35900,116.55290961265564,49774,49778.5,0,0.4,21,ONE_POINT,100,100,RANDOM,1
359,36000,116.87195682525635,49637,49646.84,0,0.4,21,ONE_POINT,100,100,RANDOM,1
360,36100,117.16826248168945,49568,49573.52,0,0.4,21,ONE_POINT,100,100,RANDOM,1
361,36200,117.45477557182312,49550,49552.51,0,0.4,21,ONE_POINT,100,100,RANDOM,1
362,36300,117.78929376602173,49419,49425.73,0,0.4,21,ONE_POINT,100,100,RANDOM,1
363,36400,118.12133312225342,49407,49407.96,0,0.4,21,ONE_POINT,100,100,RANDOM,1
364,36500,118.45632290840149,49332,49337.74,0,0.4,21,ONE_POINT,100,100,RANDOM,1
365,36600,118.77239227294922,49220,49236.41,0,0.4,21,ONE_POINT,100,100,RANDOM,1
366,36700,119.05352067947388,49152,49166.9,0,0.4,21,ONE_POINT,100,100,RANDOM,1
367,36800,119.34303116798401,49101,49105.08,0,0.4,21,ONE_POINT,100,100,RANDOM,1
368,36900,119.6475293636322,49032,49038.6,0,0.4,21,ONE_POINT,100,100,RANDOM,1
369,37000,119.96543455123901,48947,48959.93,0,0.4,21,ONE_POINT,100,100,RANDOM,1
370,37100,120.25286984443665,48906,48910.1,0,0.4,21,ONE_POINT,100,100,RANDOM,1
371,37200,120.59566926956177,48850,48854.26,0,0.4,21,ONE_POINT,100,100,RANDOM,1
372,37300,120.87580800056458,48748,48760.83,0,0.4,21,ONE_POINT,100,100,RANDOM,1
373,37400,121.15893363952637,48689,48693.13,0,0.4,21,ONE_POINT,100,100,RANDOM,1
374,37500,121.4727566242218,48617,48622.93,0,0.4,21,ONE_POINT,100,100,RANDOM,1
375,37600,121.74644303321838,48555,48561.89,0,0.4,21,ONE_POINT,100,100,RANDOM,1
376,37700,122.02255654335022,48445,48455.34,0,0.4,21,ONE_POINT,100,100,RANDOM,1
377,37800,122.3509464263916,48399,48440.86,0,0.4,21,ONE_POINT,100,100,RANDOM,1
378,37900,122.69058346748352,48325,48363.81,0,0.4,21,ONE_POINT,100,100,RANDOM,1
379,38000,122.9776520729065,48267,48271.8,0,0.4,21,ONE_POINT,100,100,RANDOM,1
380,38100,123.25892305374146,48175,48180.52,0,0.4,21,ONE_POINT,100,100,RANDOM,1
381,38200,123.54292559623718,48047,48068.91,0,0.4,21,ONE_POINT,100,100,RANDOM,1
382,38300,123.83153700828552,47981,47985.45,0,0.4,21,ONE_POINT,100,100,RANDOM,1
383,38400,124.13963079452515,47882,47902.38,0,0.4,21,ONE_POINT,100,100,RANDOM,1
384,38500,124.43642807006836,47817,47835.01,0,0.4,21,ONE_POINT,100,100,RANDOM,1
385,38600,124.73327946662903,47781,47789.97,0,0.4,21,ONE_POINT,100,100,RANDOM,1
386,38700,125.01392674446106,47776,47787.26,0,0.4,21,ONE_POINT,100,100,RANDOM,1
387,38800,125.3141279220581,47748,47764.91,0,0.4,21,ONE_POINT,100,100,RANDOM,1
388,38900,125.63865208625793,47694,47709.05,0,0.4,21,ONE_POINT,100,100,RANDOM,1
389,39000,125.97330665588379,47648,47671.47,0,0.4,21,ONE_POINT,100,100,RANDOM,1
390,39100,126.30670285224915,47571,47647.73,0,0.4,21,ONE_POINT,100,100,RANDOM,1
391,39200,126.6326355934143,47512,47517.09,0,0.4,21,ONE_POINT,100,100,RANDOM,1
392,39300,126.91494297981262,47431,47597.3,0,0.4,21,ONE_POINT,100,100,RANDOM,1
393,39400,127.23227763175964,47363,47369.69,0,0.4,21,ONE_POINT,100,100,RANDOM,1
394,39500,127.51490831375122,47282,47300.04,0,0.4,21,ONE_POINT,100,100,RANDOM,1
395,39600,127.80396461486816,47204,47210.59,0,0.4,21,ONE_POINT,100,100,RANDOM,1
396,39700,128.08621311187744,47135,47143.51,0,0.4,21,ONE_POINT,100,100,RANDOM,1
397,39800,128.38541460037231,47049,47066.1,0,0.4,21,ONE_POINT,100,100,RANDOM,1
398,39900,128.71188068389893,46919,46928.37,0,0.4,21,ONE_POINT,100,100,RANDOM,1
399,40000,129.03234004974365,46874,46877.29,0,0.4,21,ONE_POINT,100,100,RANDOM,1
400,40100,129.327632188797,46812,46831.61,0,0.4,21,ONE_POINT,100,100,RANDOM,1
401,40200,129.62422394752502,46719,46727.92,0,0.4,21,ONE_POINT,100,100,RANDOM,1
402,40300,129.9148232936859,46564,46573.2,0,0.4,21,ONE_POINT,100,100,RANDOM,1
403,40400,130.24668431282043,46509,46656.96,0,0.4,21,ONE_POINT,100,100,RANDOM,1
404,40500,130.5286204814911,46481,46489.77,0,0.4,21,ONE_POINT,100,100,RANDOM,1
405,40600,130.90630960464478,46425,46430.8,0,0.4,21,ONE_POINT,100,100,RANDOM,1
406,40700,131.2651071548462,46357,46362.09,0,0.4,21,ONE_POINT,100,100,RANDOM,1
407,40800,131.59295749664307,46322,46326.89,0,0.4,21,ONE_POINT,100,100,RANDOM,1
408,40900,131.87200117111206,46210,46218.17,0,0.4,21,ONE_POINT,100,100,RANDOM,1
409,41000,132.17300724983215,46156,46161.4,0,0.4,21,ONE_POINT,100,100,RANDOM,1
410,41100,132.48014640808105,46121,46125.74,0,0.4,21,ONE_POINT,100,100,RANDOM,1
411,41200,132.8208930492401,46096,46098.88,0,0.4,21,ONE_POINT,100,100,RANDOM,1
412,41300,133.12525463104248,46044,46119.87,0,0.4,21,ONE_POINT,100,100,RANDOM,1
413,41400,133.41322565078735,45987,45995.35,0,0.4,21,ONE_POINT,100,100,RANDOM,1
414,41500,133.75423622131348,45917,45923.69,0,0.4,21,ONE_POINT,100,100,RANDOM,1
415,41600,134.03438472747803,45868,45872.7,0,0.4,21,ONE_POINT,100,100,RANDOM,1
416,41700,134.33194780349731,45845,45849.86,0,0.4,21,ONE_POINT,100,100,RANDOM,1
417,41800,134.62938857078552,45814,45823.21,0,0.4,21,ONE_POINT,100,100,RANDOM,1
418,41900,134.9594042301178,45760,45770.92,0,0.4,21,ONE_POINT,100,100,RANDOM,1
419,42000,135.27342796325684,45740,45743.86,0,0.4,21,ONE_POINT,100,100,RANDOM,1
420,42100,135.56271505355835,45705,45717.37,0,0.4,21,ONE_POINT,100,100,RANDOM,1
421,42200,135.849454164505,45620,45633.1,0,0.4,21,ONE_POINT,100,100,RANDOM,1
422,42300,136.13023042678833,45599,45602.32,0,0.4,21,ONE_POINT,100,100,RANDOM,1
423,42400,136.4513702392578,45536,45539.96,0,0.4,21,ONE_POINT,100,100,RANDOM,1
424,42500,136.7668957710266,45504,45552.9,0,0.4,21,ONE_POINT,100,100,RANDOM,1
425,42600,137.09479594230652,45441,45448.15,0,0.4,21,ONE_POINT,100,100,RANDOM,1
426,42700,137.37843918800354,45350,45359.47,0,0.4,21,ONE_POINT,100,100,RANDOM,1
427,42800,137.68012118339539,45287,45293.54,0,0.4,21,ONE_POINT,100,100,RANDOM,1
428,42900,137.99119472503662,45256,45259.73,0,0.4,21,ONE_POINT,100,100,RANDOM,1
429,43000,138.27880144119263,45204,45208.47,0,0.4,21,ONE_POINT,100,100,RANDOM,1
430,43100,138.57987880706787,45144,45150.11,0,0.4,21,ONE_POINT,100,100,RANDOM,1
431,43200,138.86209797859192,45131,45156.22,0,0.4,21,ONE_POINT,100,100,RANDOM,1
432,43300,139.15293145179749,45083,45096.01,0,0.4,21,ONE_POINT,100,100,RANDOM,1
433,43400,139.4359495639801,45009,45016.65,0,0.4,21,ONE_POINT,100,100,RANDOM,1
434,43500,139.7315149307251,44914,44971.32,0,0.4,21,ONE_POINT,100,100,RANDOM,1
435,43600,140.01321649551392,44855,44859.77,0,0.4,21,ONE_POINT,100,100,RANDOM,1
436,43700,140.34029245376587,44815,44841.81,0,0.4,21,ONE_POINT,100,100,RANDOM,1
437,43800,140.65289902687073,44718,44725.07,0,0.4,21,ONE_POINT,100,100,RANDOM,1
438,43900,140.93855094909668,44677,44715.06,0,0.4,21,ONE_POINT,100,100,RANDOM,1
439,44000,141.22687005996704,44551,44559.95,0,0.4,21,ONE_POINT,100,100,RANDOM,1
440,44100,141.53880739212036,44537,44618.54,0,0.4,21,ONE_POINT,100,100,RANDOM,1
441,44200,141.8328025341034,44458,44585.83,0,0.4,21,ONE_POINT,100,100,RANDOM,1
442,44300,142.16881132125854,44400,44407.42,0,0.4,21,ONE_POINT,100,100,RANDOM,1
443,44400,142.49601888656616,44366,44367.7,0,0.4,21,ONE_POINT,100,100,RANDOM,1
444,44500,142.81512069702148,44321,44326.14,0,0.4,21,ONE_POINT,100,100,RANDOM,1
445,44600,143.11555814743042,44236,44242.91,0,0.4,21,ONE_POINT,100,100,RANDOM,1
446,44700,143.41332459449768,44149,44155.09,0,0.4,21,ONE_POINT,100,100,RANDOM,1
447,44800,143.71005177497864,44048,44055.7,0,0.4,21,ONE_POINT,100,100,RANDOM,1
448,44900,144.00391459465027,43988,44003.65,0,0.4,21,ONE_POINT,100,100,RANDOM,1
449,45000,144.3011167049408,43965,43970.84,0,0.4,21,ONE_POINT,100,100,RANDOM,1
450,45100,144.58808135986328,43939,43942.52,0,0.4,21,ONE_POINT,100,100,RANDOM,1
451,45200,144.8675093650818,43892,43897.48,0,0.4,21,ONE_POINT,100,100,RANDOM,1
452,45300,145.15760278701782,43872,43877.63,0,0.4,21,ONE_POINT,100,100,RANDOM,1
453,45400,145.53373050689697,43841,43853.33,0,0.4,21,ONE_POINT,100,100,RANDOM,1
454,45500,145.86263823509216,43809,43813.48,0,0.4,21,ONE_POINT,100,100,RANDOM,1
455,45600,146.22971439361572,43756,43781.32,0,0.4,21,ONE_POINT,100,100,RANDOM,1
456,45700,146.53579664230347,43699,43705.43,0,0.4,21,ONE_POINT,100,100,RANDOM,1
457,45800,146.87052869796753,43673,43675.86,0,0.4,21,ONE_POINT,100,100,RANDOM,1
458,45900,147.15877890586853,43644,43651.27,0,0.4,21,ONE_POINT,100,100,RANDOM,1
459,46000,147.4625391960144,43580,43586.67,0,0.4,21,ONE_POINT,100,100,RANDOM,1
460,46100,147.75398635864258,43532,43575.93,0,0.4,21,ONE_POINT,100,100,RANDOM,1
461,46200,148.0387942790985,43490,43500.1,0,0.4,21,ONE_POINT,100,100,RANDOM,1
462,46300,148.33444046974182,43372,43381.68,0,0.4,21,ONE_POINT,100,100,RANDOM,1
463,46400,148.6545922756195,43346,43350.09,0,0.4,21,ONE_POINT,100,100,RANDOM,1
464,46500,148.96771955490112,43298,43304.65,0,0.4,21,ONE_POINT,100,100,RANDOM,1
465,46600,149.24556469917297,43282,43291.26,0,0.4,21,ONE_POINT,100,100,RANDOM,1
466,46700,149.52755784988403,43237,43255.78,0,0.4,21,ONE_POINT,100,100,RANDOM,1
467,46800,149.80504989624023,43186,43190.53,0,0.4,21,ONE_POINT,100,100,RANDOM,1
468,46900,150.12155842781067,43159,43168.79,0,0.4,21,ONE_POINT,100,100,RANDOM,1
469,47000,150.44098377227783,43113,43120.04,0,0.4,21,ONE_POINT,100,100,RANDOM,1
470,47100,150.72380757331848,43067,43090.38,0,0.4,21,ONE_POINT,100,100,RANDOM,1
471,47200,151.04538917541504,43023,43103.54,0,0.4,21,ONE_POINT,100,100,RANDOM,1
472,47300,151.3280258178711,42961,42973.64,0,0.4,21,ONE_POINT,100,100,RANDOM,1
473,47400,151.6318175792694,42895,42904.73,0,0.4,21,ONE_POINT,100,100,RANDOM,1
474,47500,151.91402459144592,42864,42879.94,0,0.4,21,ONE_POINT,100,100,RANDOM,1
475,47600,152.20772457122803,42803,42817.68,0,0.4,21,ONE_POINT,100,100,RANDOM,1
476,47700,152.54256200790405,42789,42813.81,0,0.4,21,ONE_POINT,100,100,RANDOM,1
477,47800,152.82277250289917,42727,42739.65,0,0.4,21,ONE_POINT,100,100,RANDOM,1
478,47900,153.13690209388733,42685,42690.29,0,0.4,21,ONE_POINT,100,100,RANDOM,1
479,48000,153.4455587863922,42623,42628.38,0,0.4,21,ONE_POINT,100,100,RANDOM,1
480,48100,153.7556869983673,42590,42766.67,0,0.4,21,ONE_POINT,100,100,RANDOM,1
481,48200,154.0877275466919,42523,42529.11,0,0.4,21,ONE_POINT,100,100,RANDOM,1
482,48300,154.39356207847595,42472,42537.69,0,0.4,21,ONE_POINT,100,100,RANDOM,1
483,48400,154.69261407852173,42368,42385.51,0,0.4,21,ONE_POINT,100,100,RANDOM,1
484,48500,155.01615595817566,42296,42306.3,0,0.4,21,ONE_POINT,100,100,RANDOM,1
485,48600,155.33441710472107,42243,42249.5,0,0.4,21,ONE_POINT,100,100,RANDOM,1
486,48700,155.64151430130005,42242,42251.38,0,0.4,21,ONE_POINT,100,100,RANDOM,1
487,48800,155.95844674110413,42207,42222.49,0,0.4,21,ONE_POINT,100,100,RANDOM,1
488,48900,156.28402709960938,42171,42191.77,0,0.4,21,ONE_POINT,100,100,RANDOM,1
489,49000,156.58503437042236,42135,42167.95,0,0.4,21,ONE_POINT,100,100,RANDOM,1
490,49100,156.8878264427185,42103,42115.04,0,0.4,21,ONE_POINT,100,100,RANDOM,1
491,49200,157.21576023101807,42068,42071.18,0,0.4,21,ONE_POINT,100,100,RANDOM,1
492,49300,157.53682231903076,42034,42038.52,0,0.4,21,ONE_POINT,100,100,RANDOM,1
493,49400,157.81839752197266,41960,42010.15,0,0.4,21,ONE_POINT,100,100,RANDOM,1
494,49500,158.11599826812744,41960,41960.0,0,0.4,21,ONE_POINT,100,100,RANDOM,1
495,49600,158.41254544258118,41875,41881.48,0,0.4,21,ONE_POINT,100,100,RANDOM,1
496,49700,158.75637221336365,41843,41846.2,0,0.4,21,ONE_POINT,100,100,RANDOM,1
497,49800,159.10624289512634,41653,41705.4,0,0.4,21,ONE_POINT,100,100,RANDOM,1
498,49900,159.39013361930847,41611,41624.63,0,0.4,21,ONE_POINT,100,100,RANDOM,1
499,50000,159.69645977020264,41575,41584.44,0,0.4,21,ONE_POINT,100,100,RANDOM,1
500,50100,159.99146342277527,41555,41560.19,0,0.4,21,ONE_POINT,100,100,RANDOM,1
1,200,0.23625588417053223,137986,133882.01,0,0.4,21,ONE_POINT,100,100,RANDOM,2
2,300,0.582547664642334,132294,132321.66,0,0.4,21,ONE_POINT,100,100,RANDOM,2
3,400,0.9090299606323242,131946,131952.4,0,0.4,21,ONE_POINT,100,100,RANDOM,2
4,500,1.258448600769043,131133,131147.87,0,0.4,21,ONE_POINT,100,100,RANDOM,2
5,600,1.5866854190826416,130351,130380.31,0,0.4,21,ONE_POINT,100,100,RANDOM,2
6,700,1.882129430770874,129223,129245.56,0,0.4,21,ONE_POINT,100,100,RANDOM,2
7,800,2.200786828994751,128792,128802.96,0,0.4,21,ONE_POINT,100,100,RANDOM,2
8,900,2.4839601516723633,127092,127126.0,0,0.4,21,ONE_POINT,100,100,RANDOM,2
9,1000,2.8046650886535645,126419,126439.92,0,0.4,21,ONE_POINT,100,100,RANDOM,2
10,1100,3.0881285667419434,125755,125820.88,0,0.4,21,ONE_POINT,100,100,RANDOM,2
11,1200,3.3798277378082275,124826,124846.66,0,0.4,21,ONE_POINT,100,100,RANDOM,2
12,1300,3.6984779834747314,124071,124086.1,0,0.4,21,ONE_POINT,100,100,RANDOM,2
13,1400,4.006094217300415,123220,123237.02,0,0.4,21,ONE_POINT,100,100,RANDOM,2
14,1500,4.318712472915649,122510,122531.82,0,0.4,21,ONE_POINT,100,100,RANDOM,2
15,1600,4.626870155334473,122071,122088.56,0,0.4,21,ONE_POINT,100,100,RANDOM,2
16,1700,4.9134252071380615,121460,121482.72,0,0.4,21,ONE_POINT,100,100,RANDOM,2
17,1800,5.194263696670532,121029,121048.24,0,0.4,21,ONE_POINT,100,100,RANDOM,2
18,1900,5.470322132110596,120603,120633.72,0,0.4,21,ONE_POINT,100,100,RANDOM,2
19,2000,5.78446102142334,120211,120227.39,0,0.4,21,ONE_POINT,100,100,RANDOM,2
20,2100,6.060689926147461,119616,119643.07,0,0.4,21,ONE_POINT,100,100,RANDOM,2
21,2200,6.3563315868377686,119226,119240.84,0,0.4,21,ONE_POINT,100,100,RANDOM,2
22,2300,6.658940553665161,118970,118981.55,0,0.4,21,ONE_POINT,100,100,RANDOM,2
23,2400,6.997483015060425,118166,118197.58,0,0.4,21,ONE_POINT,100,100,RANDOM,2
24,2500,7.332097768783569,117838,117859.07,0,0.4,21,ONE_POINT,100,100,RANDOM,2
25,2600,7.606908559799194,116930,116948.16,0,0.4,21,ONE_POINT,100,100,RANDOM,2
26,2700,7.905866622924805,115858,115884.56,0,0.4,21,ONE_POINT,100,100,RANDOM,2
27,2800,8.224477767944336,115588,115600.36,0,0.4,21,ONE_POINT,100,100,RANDOM,2
28,2900,8.504134893417358,115067,115082.2,0,0.4,21,ONE_POINT,100,100,RANDOM,2
29,3000,8.826725482940674,114466,114500.99,0,0.4,21,ONE_POINT,100,100,RANDOM,2
30,3100,9.137966871261597,113967,113987.77,0,0.4,21,ONE_POINT,100,100,RANDOM,2
31,3200,9.420768976211548,113499,113514.75,0,0.4,21,ONE_POINT,100,100,RANDOM,2
32,3300,9.694772958755493,112796,112831.6,0,0.4,21,ONE_POINT,100,100,RANDOM,2
33,3400,9.994485139846802,112525,112535.84,0,0.4,21,ONE_POINT,100,100,RANDOM,2
34,3500,10.306151151657104,112141,112155.51,0,0.4,21,ONE_POINT,100,100,RANDOM,2
35,3600,10.594614744186401,111633,111647.95,0,0.4,21,ONE_POINT,100,100,RANDOM,2
36,3700,10.899567365646362,111482,111557.83,0,0.4,21,ONE_POINT,100,100,RANDOM,2
37,3800,11.218820810317993,111043,111150.56,0,0.4,21,ONE_POINT,100,100,RANDOM,2
38,3900,11.50652289390564,110738,110763.44,0,0.4,21,ONE_POINT,100,100,RANDOM,2
39,4000,11.80958366394043,109797,109827.91,0,0.4,21,ONE_POINT,100,100,RANDOM,2
40,4100,12.101715564727783,109462,109475.18,0,0.4,21,ONE_POINT,100,100,RANDOM,2
41,4200,12.38221025466919,108800,108813.01,0,0.4,21,ONE_POINT,100,100,RANDOM,2
42,4300,12.694871664047241,108562,108572.86,0,0.4,21,ONE_POINT,100,100,RANDOM,2
43,4400,13.040834903717041,108028,108049.36,0,0.4,21,ONE_POINT,100,100,RANDOM,2
44,4500,13.324514627456665,107620,107689.49,0,0.4,21,ONE_POINT,100,100,RANDOM,2
45,4600,13.609768390655518,107335,107346.62,0,0.4,21,ONE_POINT,100,100,RANDOM,2
46,4700,13.90563154220581,107138,107146.68,0,0.4,21,ONE_POINT,100,100,RANDOM,2
47,4800,14.200823307037354,106772,106806.4,0,0.4,21,ONE_POINT,100,100,RANDOM,2
48,4900,14.485313653945923,106127,106139.9,0,0.4,21,ONE_POINT,100,100,RANDOM,2
49,5000,14.77118182182312,105622,105649.23,0,0.4,21,ONE_POINT,100,100,RANDOM,2
50,5100,15.116896867752075,105323,105333.48,0,0.4,21,ONE_POINT,100,100,RANDOM,2
51,5200,15.442506790161133,104995,105002.7,0,0.4,21,ONE_POINT,100,100,RANDOM,2
52,5300,15.748077630996704,104571,104587.96,0,0.4,21,ONE_POINT,100,100,RANDOM,2
53,5400,16.10522174835205,103788,103803.66,0,0.4,21,ONE_POINT,100,100,RANDOM,2
54,5500,16.44186282157898,103174,103198.5,0,0.4,21,ONE_POINT,100,100,RANDOM,2
55,5600,16.752201795578003,102842,102854.74,0,0.4,21,ONE_POINT,100,100,RANDOM,2
56,5700,17.094857215881348,102264,102275.56,0,0.4,21,ONE_POINT,100,100,RANDOM,2
57,5800,17.44383692741394,101845,101857.57,0,0.4,21,ONE_POINT,100,100,RANDOM,2
58,5900,17.77888250350952,101555,101567.19,0,0.4,21,ONE_POINT,100,100,RANDOM,2
59,6000,18.108539819717407,100991,101002.28,0,0.4,21,ONE_POINT,100,100,RANDOM,2
60,6100,18.46524453163147,100668,100691.59,0,0.4,21,ONE_POINT,100,100,RANDOM,2
61,6200,18.78628373146057,100321,100334.66,0,0.4,21,ONE_POINT,100,100,RANDOM,2
62,6300,19.081982374191284,99851,99868.45,0,0.4,21,ONE_POINT,100,100,RANDOM,2
63,6400,19.4157235622406,99526,99540.52,0,0.4,21,ONE_POINT,100,100,RANDOM,2
64,6500,19.71490716934204,98899,98911.54,0,0.4,21,ONE_POINT,100,100,RANDOM,2
65,6600,20.050068378448486,98522,98542.82,0,0.4,21,ONE_POINT,100,100,RANDOM,2
66,6700,20.383954524993896,97976,98002.42,0,0.4,21,ONE_POINT,100,100,RANDOM,2
67,6800,20.708425998687744,97664,97681.94,0,0.4,21,ONE_POINT,100,100,RANDOM,2
68,6900,21.014087915420532,97165,97244.22,0,0.4,21,ONE_POINT,100,100,RANDOM,2
69,7000,21.316343069076538,96913,96923.08,0,0.4,21,ONE_POINT,100,100,RANDOM,2
70,7100,21.62939953804016,96419,96433.82,0,0.4,21,ONE_POINT,100,100,RANDOM,2
71,7200,21.906121253967285,96133,96156.31,0,0.4,21,ONE_POINT,100,100,RANDOM,2
72,7300,22.200232982635498,95974,96030.57,0,0.4,21,ONE_POINT,100,100,RANDOM,2
73,7400,22.48601007461548,95551,95577.54,0,0.4,21,ONE_POINT,100,100,RANDOM,2
74,7500,22.79284405708313,95157,95172.76,0,0.4,21,ONE_POINT,100,100,RANDOM,2
75,7600,23.127551317214966,94817,94834.54,0,0.4,21,ONE_POINT,100,100,RANDOM,2
76,7700,23.423136472702026,94521,94548.4,0,0.4,21,ONE_POINT,100,100,RANDOM,2
77,7800,23.75255060195923,93504,93524.34,0,0.4,21,ONE_POINT,100,100,RANDOM,2
78,7900,24.042506456375122,93067,93084.89,0,0.4,21,ONE_POINT,100,100,RANDOM,2
79,8000,24.33153986930847,92766,92775.03,0,0.4,21,ONE_POINT,100,100,RANDOM,2
80,8100,24.60404682159424,92546,92552.6,0,0.4,21,ONE_POINT,100,100,RANDOM,2
81,8200,24.885282278060913,92257,92267.46,0,0.4,21,ONE_POINT,100,100,RANDOM,2
82,8300,25.198760271072388,91953,91963.87,0,0.4,21,ONE_POINT,100,100,RANDOM,2
83,8400,25.47074007987976,91750,91758.75,0,0.4,21,ONE_POINT,100,100,RANDOM,2
84,8500,25.78123927116394,91485,91495.6,0,0.4,21,ONE_POINT,100,100,RANDOM,2
85,8600,26.111491680145264,91333,91339.14,0,0.4,21,ONE_POINT,100,100,RANDOM,2
86,8700,26.43806481361389,90844,90858.67,0,0.4,21,ONE_POINT,100,100,RANDOM,2
87,8800,26.741530656814575,90121,90142.69,0,0.4,21,ONE_POINT,100,100,RANDOM,2
88,8900,27.06130027770996,89646,89654.16,0,0.4,21,ONE_POINT,100,100,RANDOM,2
89,9000,27.36141800880432,89280,89294.68,0,0.4,21,ONE_POINT,100,100,RANDOM,2
90,9100,27.643441200256348,88858,88916.1,0,0.4,21,ONE_POINT,100,100,RANDOM,2
91,9200,27.95335078239441,88552,88576.67,0,0.4,21,ONE_POINT,100,100,RANDOM,2
92,9300,28.2398579120636,88160,88174.95,0,0.4,21,ONE_POINT,100,100,RANDOM,2
93,9400,28.522820472717285,87987,87997.4,0,0.4,21,ONE_POINT,100,100,RANDOM,2
94,9500,28.80175232887268,87638,87655.63,0,0.4,21,ONE_POINT,100,100,RANDOM,2
95,9600,29.08510184288025,87357,87396.12,0,0.4,21,ONE_POINT,100,100,RANDOM,2
96,9700,29.368285655975342,87085,87098.89,0,0.4,21,ONE_POINT,100,100,RANDOM,2
97,9800,29.67701005935669,86564,86574.42,0,0.4,21,ONE_POINT,100,100,RANDOM,2
98,9900,30.00136685371399,86219,86231.95,0,0.4,21,ONE_POINT,100,100,RANDOM,2
99,10000,30.35006880760193,86007,86018.41,0,0.4,21,ONE_POINT,100,100,RANDOM,2
100,10100,30.677207708358765,85845,85851.48,0,0.4,21,ONE_POINT,100,100,RANDOM,2
101,10200,30.978060007095337,85527,85536.54,0,0.4,21,ONE_POINT,100,100,RANDOM,2
102,10300,31.27561902999878,85289,85299.32,0,0.4,21,ONE_POINT,100,100,RANDOM,2
103,10400,31.61050271987915,84952,84967.8,0,0.4,21,ONE_POINT,100,100,RANDOM,2
104,10500,31.928850650787354,84798,84803.92,0,0.4,21,ONE_POINT,100,100,RANDOM,2
105,10600,32.26476335525513,84239,84289.76,0,0.4,21,ONE_POINT,100,100,RANDOM,2
106,10700,32.63736271858215,83997,84012.56,0,0.4,21,ONE_POINT,100,100,RANDOM,2
107,10800,32.93519878387451,83729,83761.94,0,0.4,21,ONE_POINT,100,100,RANDOM,2
108,10900,33.21203684806824,83391,83428.62,0,0.4,21,ONE_POINT,100,100,RANDOM,2
109,11000,33.54966902732849,83032,83053.57,0,0.4,21,ONE_POINT,100,100,RANDOM,2
110,11100,33.87634825706482,82755,82774.75,0,0.4,21,ONE_POINT,100,100,RANDOM,2
111,11200,34.171417236328125,82561,82566.88,0,0.4,21,ONE_POINT,100,100,RANDOM,2
112,11300,34.46260142326355,82338,82346.85,0,0.4,21,ONE_POINT,100,100,RANDOM,2
113,11400,34.7664532661438,81926,81940.59,0,0.4,21,ONE_POINT,100,100,RANDOM,2
114,11500,35.04590821266174,81645,81657.7,0,0.4,21,ONE_POINT,100,100,RANDOM,2
115,11600,35.322988748550415,81426,81436.23,0,0.4,21,ONE_POINT,100,100,RANDOM,2
116,11700,35.6007239818573,81218,81230.59,0,0.4,21,ONE_POINT,100,100,RANDOM,2
117,11800,35.92883229255676,81024,81031.98,0,0.4,21,ONE_POINT,100,100,RANDOM,2
118,11900,36.22539162635803,80669,80683.56,0,0.4,21,ONE_POINT,100,100,RANDOM,2
119,12000,36.50412893295288,80504,80516.82,0,0.4,21,ONE_POINT,100,100,RANDOM,2
120,12100,36.80798125267029,80310,80319.33,0,0.4,21,ONE_POINT,100,100,RANDOM,2
121,12200,37.12612557411194,79970,79982.9,0,0.4,21,ONE_POINT,100,100,RANDOM,2
122,12300,37.44141745567322,79815,79822.95,0,0.4,21,ONE_POINT,100,100,RANDOM,2
123,12400,37.732529640197754,79293,79347.08,0,0.4,21,ONE_POINT,100,100,RANDOM,2
124,12500,38.04031682014465,79078,79087.81,0,0.4,21,ONE_POINT,100,100,RANDOM,2
125,12600,38.316927909851074,78833,78937.78,0,0.4,21,ONE_POINT,100,100,RANDOM,2
126,12700,38.615514278411865,78712,78718.3,0,0.4,21,ONE_POINT,100,100,RANDOM,2
127,12800,38.950045585632324,78516,78523.84,0,0.4,21,ONE_POINT,100,100,RANDOM,2
128,12900,39.28234076499939,78165,78244.1,0,0.4,21,ONE_POINT,100,100,RANDOM,2
129,13000,39.561763286590576,77952,77972.22,0,0.4,21,ONE_POINT,100,100,RANDOM,2
130,13100,39.87689661979675,77718,77732.01,0,0.4,21,ONE_POINT,100,100,RANDOM,2
131,13200,40.15551257133484,77463,77528.98,0,0.4,21,ONE_POINT,100,100,RANDOM,2
132,13300,40.472487688064575,77062,77074.16,0,0.4,21,ONE_POINT,100,100,RANDOM,2
133,13400,40.794771909713745,76784,76795.12,0,0.4,21,ONE_POINT,100,100,RANDOM,2
134,13500,41.067848443984985,76582,76593.67,0,0.4,21,ONE_POINT,100,100,RANDOM,2
135,13600,41.39398694038391,76366,76375.0,0,0.4,21,ONE_POINT,100,100,RANDOM,2
136,13700,41.743770360946655,76035,76044.88,0,0.4,21,ONE_POINT,100,100,RANDOM,2
137,13800,42.018094062805176,75905,75950.85,0,0.4,21,ONE_POINT,100,100,RANDOM,2
138,13900,42.3282151222229,75734,75742.28,0,0.4,21,ONE_POINT,100,100,RANDOM,2
139,14000,42.632222175598145,75585,75591.87,0,0.4,21,ONE_POINT,100,100,RANDOM,2
140,14100,42.90807867050171,75417,75436.86,0,0.4,21,ONE_POINT,100,100,RANDOM,2
141,14200,43.19822883605957,75204,75212.62,0,0.4,21,ONE_POINT,100,100,RANDOM,2
142,14300,43.47367453575134,75051,75059.74,0,0.4,21,ONE_POINT,100,100,RANDOM,2
143,14400,43.75151586532593,74794,74836.1,0,0.4,21,ONE_POINT,100,100,RANDOM,2
144,14500,44.055917263031006,74451,74467.29,0,0.4,21,ONE_POINT,100,100,RANDOM,2
145,14600,44.37840723991394,74197,74207.16,0,0.4,21,ONE_POINT,100,100,RANDOM,2
146,14700,44.693862199783325,73994,74004.06,0,0.4,21,ONE_POINT,100,100,RANDOM,2
147,14800,44.985021352767944,73788,73800.36,0,0.4,21,ONE_POINT,100,100,RANDOM,2
148,14900,45.286292552948,73558,73571.74,0,0.4,21,ONE_POINT,100,100,RANDOM,2
149,15000,45.613725662231445,73353,73363.21,0,0.4,21,ONE_POINT,100,100,RANDOM,2
150,15100,45.89237594604492,73116,73143.3,0,0.4,21,ONE_POINT,100,100,RANDOM,2
151,15200,46.197590351104736,72822,72834.68,0,0.4,21,ONE_POINT,100,100,RANDOM,2
152,15300,46.48014807701111,72607,72615.62,0,0.4,21,ONE_POINT,100,100,RANDOM,2
153,15400,46.80115032196045,72324,72334.08,0,0.4,21,ONE_POINT,100,100,RANDOM,2
154,15500,47.13763785362244,72030,72040.32,0,0.4,21,ONE_POINT,100,100,RANDOM,2
155,15600,47.491819620132446,71836,71843.76,0,0.4,21,ONE_POINT,100,100,RANDOM,2
156,15700,47.80226516723633,71674,71683.46,0,0.4,21,ONE_POINT,100,100,RANDOM,2
157,15800,48.1101393699646,71416,71426.32,0,0.4,21,ONE_POINT,100,100,RANDOM,2
158,15900,48.43975019454956,71203,71219.25,0,0.4,21,ONE_POINT,100,100,RANDOM,2
159,16000,48.7315731048584,71060,71067.71,0,0.4,21,ONE_POINT,100,100,RANDOM,2
160,16100,49.02593994140625,70911,70929.3,0,0.4,21,ONE_POINT,100,100,RANDOM,2
161,16200,49.30483675003052,70727,70736.19,0,0.4,21,ONE_POINT,100,100,RANDOM,2
162,16300,49.62755227088928,70393,70410.04,0,0.4,21,ONE_POINT,100,100,RANDOM,2
163,16400,49.90724730491638,70251,70261.11,0,0.4,21,ONE_POINT,100,100,RANDOM,2
164,16500,50.191508531570435,70050,70061.93,0,0.4,21,ONE_POINT,100,100,RANDOM,2
165,16600,50.47699975967407,69963,69972.37,0,0.4,21,ONE_POINT,100,100,RANDOM,2
166,16700,50.76953125,69837,69886.89,0,0.4,21,ONE_POINT,100,100,RANDOM,2
167,16800,51.065309047698975,69665,69674.9,0,0.4,21,ONE_POINT,100,100,RANDOM,2
168,16900,51.365405321121216,69466,69505.2,0,0.4,21,ONE_POINT,100,100,RANDOM,2
169,17000,51.65784049034119,69245,69258.18,0,0.4,21,ONE_POINT,100,100,RANDOM,2
170,17100,51.987218379974365,69018,69028.81,0,0.4,21,ONE_POINT,100,100,RANDOM,2
171,17200,52.28429985046387,68730,68738.64,0,0.4,21,ONE_POINT,100,100,RANDOM,2
172,17300,52.56987714767456,68617,68620.74,0,0.4,21,ONE_POINT,100,100,RANDOM,2
173,17400,52.87723731994629,68470,68496.83,0,0.4,21,ONE_POINT,100,100,RANDOM,2
174,17500,53.20263671875,68190,68225.12,0,0.4,21,ONE_POINT,100,100,RANDOM,2
175,17600,53.526896953582764,67872,67884.72,0,0.4,21,ONE_POINT,100,100,RANDOM,2
176,17700,53.81058430671692,67719,67726.65,0,0.4,21,ONE_POINT,100,100,RANDOM,2
177,17800,54.12219762802124,67500,67514.59,0,0.4,21,ONE_POINT,100,100,RANDOM,2
178,17900,54.416975259780884,67401,67404.34,0,0.4,21,ONE_POINT,100,100,RANDOM,2
179,18000,54.75641489028931,67195,67204.82,0,0.4,21,ONE_POINT,100,100,RANDOM,2
180,18100,55.09020757675171,67025,67052.65,0,0.4,21,ONE_POINT,100,100,RANDOM,2
181,18200,55.430646896362305,66628,66648.15,0,0.4,21,ONE_POINT,100,100,RANDOM,2
182,18300,55.739458322525024,66421,66430.22,0,0.4,21,ONE_POINT,100,100,RANDOM,2
183,18400,56.04080128669739,66224,66255.04,0,0.4,21,ONE_POINT,100,100,RANDOM,2
184,18500,56.356595039367676,66101,66112.15,0,0.4,21,ONE_POINT,100,100,RANDOM,2
185,18600,56.66556906700134,65849,65859.08,0,0.4,21,ONE_POINT,100,100,RANDOM,2
186,18700,56.945783376693726,65685,65722.52,0,0.4,21,ONE_POINT,100,100,RANDOM,2
187,18800,57.259079933166504,65427,65442.45,0,0.4,21,ONE_POINT,100,100,RANDOM,2
188,18900,57.5961754322052,65299,65341.38,0,0.4,21,ONE_POINT,100,100,RANDOM,2
189,19000,57.89989256858826,65150,65158.73,0,0.4,21,ONE_POINT,100,100,RANDOM,2
190,19100,58.17897057533264,65011,65021.52,0,0.4,21,ONE_POINT,100,100,RANDOM,2
191,19200,58.49516272544861,64931,64970.8,0,0.4,21,ONE_POINT,100,100,RANDOM,2
192,19300,58.78321123123169,64834,64855.01,0,0.4,21,ONE_POINT,100,100,RANDOM,2
193,19400,59.06833481788635,64753,64838.04,0,0.4,21,ONE_POINT,100,100,RANDOM,2
194,19500,59.35030150413513,64581,64590.23,0,0.4,21,ONE_POINT,100,100,RANDOM,2
195,19600,59.634483098983765,64423,64443.58,0,0.4,21,ONE_POINT,100,100,RANDOM,2
196,19700,59.95684099197388,64247,64272.43,0,0.4,21,ONE_POINT,100,100,RANDOM,2
197,19800,60.27646088600159,64029,64037.59,0,0.4,21,ONE_POINT,100,100,RANDOM,2
198,19900,60.552330493927,63918,63927.56,0,0.4,21,ONE_POINT,100,100,RANDOM,2
199,20000,60.84086585044861,63703,63711.6,0,0.4,21,ONE_POINT,100,100,RANDOM,2
200,20100,61.143269538879395,63536,63543.22,0,0.4,21,ONE_POINT,100,100,RANDOM,2
201,20200,61.42838954925537,63425,63463.99,0,0.4,21,ONE_POINT,100,100,RANDOM,2
202,20300,61.75877499580383,63227,63263.12,0,0.4,21,ONE_POINT,100,100,RANDOM,2
203,20400,62.152777433395386,63132,63139.59,0,0.4,21,ONE_POINT,100,100,RANDOM,2
204,20500,62.471346855163574,62992,63000.03,0,0.4,21,ONE_POINT,100,100,RANDOM,2
205,20600,62.77675151824951,62798,62805.76,0,0.4,21,ONE_POINT,100,100,RANDOM,2
206,20700,63.086275815963745,62620,62629.17,0,0.4,21,ONE_POINT,100,100,RANDOM,2
207,20800,63.3879017829895,62429,62437.95,0,0.4,21,ONE_POINT,100,100,RANDOM,2
208,20900,63.68811631202698,62315,62342.68,0,0.4,21,ONE_POINT,100,100,RANDOM,2
209,21000,63.995506286621094,62192,62199.43,0,0.4,21,ONE_POINT,100,100,RANDOM,2
210,21100,64.28358793258667,62061,62066.6,0,0.4,21,ONE_POINT,100,100,RANDOM,2
211,21200,64.56636905670166,61956,61963.61,0,0.4,21,ONE_POINT,100,100,RANDOM,2
212,21300,64.85454988479614,61895,61898.51,0,0.4,21,ONE_POINT,100,100,RANDOM,2
213,21400,65.16409945487976,61752,61782.31,0,0.4,21,ONE_POINT,100,100,RANDOM,2
214,21500,65.46586394309998,61437,61477.02,0,0.4,21,ONE_POINT,100,100,RANDOM,2
215,21600,65.75871086120605,61191,61203.16,0,0.4,21,ONE_POINT,100,100,RANDOM,2
216,21700,66.0617344379425,60835,60851.67,0,0.4,21,ONE_POINT,100,100,RANDOM,2
217,21800,66.36719369888306,60756,60768.13,0,0.4,21,ONE_POINT,100,100,RANDOM,2
218,21900,66.66283082962036,60590,60600.13,0,0.4,21,ONE_POINT,100,100,RANDOM,2
219,22000,66.96048665046692,60496,60565.9,0,0.4,21,ONE_POINT,100,100,RANDOM,2
220,22100,67.24003171920776,60421,60431.82,0,0.4,21,ONE_POINT,100,100,RANDOM,2
221,22200,67.51296329498291,60296,60302.76,0,0.4,21,ONE_POINT,100,100,RANDOM,2
222,22300,67.8026852607727,60161,60176.02,0,0.4,21,ONE_POINT,100,100,RANDOM,2
223,22400,68.09212279319763,60086,60090.38,0,0.4,21,ONE_POINT,100,100,RANDOM,2
224,22500,68.41774249076843,60020,60024.17,0,0.4,21,ONE_POINT,100,100,RANDOM,2
225,22600,68.75953125953674,59727,59742.99,0,0.4,21,ONE_POINT,100,100,RANDOM,2
226,22700,69.0655779838562,59572,59609.09,0,0.4,21,ONE_POINT,100,100,RANDOM,2
227,22800,69.36866807937622,59476,59481.36,0,0.4,21,ONE_POINT,100,100,RANDOM,2
228,22900,69.65917205810547,59360,59367.7,0,0.4,21,ONE_POINT,100,100,RANDOM,2
229,23000,69.94633460044861,59242,59249.08,0,0.4,21,ONE_POINT,100,100,RANDOM,2
230,23100,70.22307133674622,59135,59141.63,0,0.4,21,ONE_POINT,100,100,RANDOM,2
231,23200,70.5138349533081,58946,58955.45,0,0.4,21,ONE_POINT,100,100,RANDOM,2
232,23300,70.84660410881042,58876,58907.22,0,0.4,21,ONE_POINT,100,100,RANDOM,2
233,23400,71.13603377342224,58632,58641.64,0,0.4,21,ONE_POINT,100,100,RANDOM,2
234,23500,71.4497389793396,58440,58449.6,0,0.4,21,ONE_POINT,100,100,RANDOM,2
235,23600,71.75003933906555,58351,58357.59,0,0.4,21,ONE_POINT,100,100,RANDOM,2
236,23700,72.07386112213135,58190,58199.66,0,0.4,21,ONE_POINT,100,100,RANDOM,2
237,23800,72.36388039588928,58113,58117.62,0,0.4,21,ONE_POINT,100,100,RANDOM,2
238,23900,72.69523692131042,57973,57981.48,0,0.4,21,ONE_POINT,100,100,RANDOM,2
239,24000,72.9783239364624,57882,57888.57,0,0.4,21,ONE_POINT,100,100,RANDOM,2
240,24100,73.29298830032349,57635,57644.88,0,0.4,21,ONE_POINT,100,100,RANDOM,2
241,24200,73.59853053092957,57538,57546.4,0,0.4,21,ONE_POINT,100,100,RANDOM,2
242,24300,73.90329384803772,57316,57404.65,0,0.4,21,ONE_POINT,100,100,RANDOM,2
243,24400,74.20780444145203,57270,57274.53,0,0.4,21,ONE_POINT,100,100,RANDOM,2
244,24500,74.49710154533386,57172,57189.31,0,0.4,21,ONE_POINT,100,100,RANDOM,2
245,24600,74.80497097969055,56990,56998.77,0,0.4,21,ONE_POINT,100,100,RANDOM,2
246,24700,75.1048231124878,56914,56918.03,0,0.4,21,ONE_POINT,100,100,RANDOM,2
247,24800,75.43612241744995,56769,56774.51,0,0.4,21,ONE_POINT,100,100,RANDOM,2
248,24900,75.74889612197876,56547,56561.52,0,0.4,21,ONE_POINT,100,100,RANDOM,2
249,25000,76.05239915847778,56383,56389.69,0,0.4,21,ONE_POINT,100,100,RANDOM,2
250,25100,76.37290501594543,56333,56349.22,0,0.4,21,ONE_POINT,100,100,RANDOM,2
251,25200,76.71673703193665,56221,56230.96,0,0.4,21,ONE_POINT,100,100,RANDOM,2
252,25300,77.00301742553711,56088,56096.45,0,0.4,21,ONE_POINT,100,100,RANDOM,2
253,25400,77.35627484321594,55977,55992.98,0,0.4,21,ONE_POINT,100,100,RANDOM,2
254,25500,77.70029473304749,55903,55907.44,0,0.4,21,ONE_POINT,100,100,RANDOM,2
255,25600,78.03611588478088,55798,55829.12,0,0.4,21,ONE_POINT,100,100,RANDOM,2
256,25700,78.36474084854126,55726,55730.28,0,0.4,21,ONE_POINT,100,100,RANDOM,2
257,25800,78.69223403930664,55625,55735.85,0,0.4,21,ONE_POINT,100,100,RANDOM,2
258,25900,79.01453113555908,55464,55474.67,0,0.4,21,ONE_POINT,100,100,RANDOM,2
259,26000,79.32397556304932,55362,55368.12,0,0.4,21,ONE_POINT,100,100,RANDOM,2
260,26100,79.62029314041138,55248,55255.86,0,0.4,21,ONE_POINT,100,100,RANDOM,2
261,26200,79.93391990661621,55204,55207.52,0,0.4,21,ONE_POINT,100,100,RANDOM,2
262,26300,80.23631381988525,55108,55114.2,0,0.4,21,ONE_POINT,100,100,RANDOM,2
263,26400,80.53473687171936,55034,55042.0,0,0.4,21,ONE_POINT,100,100,RANDOM,2
264,26500,80.83217978477478,54909,54915.45,0,0.4,21,ONE_POINT,100,100,RANDOM,2
265,26600,81.15234780311584,54759,54769.15,0,0.4,21,ONE_POINT,100,100,RANDOM,2
266,26700,81.43385124206543,54695,54711.05,0,0.4,21,ONE_POINT,100,100,RANDOM,2
267,26800,81.7350959777832,54480,54488.6,0,0.4,21,ONE_POINT,100,100,RANDOM,2
268,26900,82.05427742004395,54400,54410.96,0,0.4,21,ONE_POINT,100,100,RANDOM,2
269,27000,82.35581421852112,54325,54329.55,0,0.4,21,ONE_POINT,100,100,RANDOM,2
270,27100,82.65736317634583,54284,54287.19,0,0.4,21,ONE_POINT,100,100,RANDOM,2
271,27200,82.94881677627563,54109,54118.16,0,0.4,21,ONE_POINT,100,100,RANDOM,2
272,27300,83.22634363174438,53947,53957.16,0,0.4,21,ONE_POINT,100,100,RANDOM,2
273,27400,83.50339365005493,53869,53879.44,0,0.4,21,ONE_POINT,100,100,RANDOM,2
274,27500,83.82652020454407,53777,53783.3,0,0.4,21,ONE_POINT,100,100,RANDOM,2
275,27600,84.12400031089783,53697,53701.8,0,0.4,21,ONE_POINT,100,100,RANDOM,2
276,27700,84.40974068641663,53620,53636.41,0,0.4,21,ONE_POINT,100,100,RANDOM,2
277,27800,84.73772692680359,53497,53505.06,0,0.4,21,ONE_POINT,100,100,RANDOM,2
278,27900,85.05375218391418,53389,53397.58,0,0.4,21,ONE_POINT,100,100,RANDOM,2
279,28000,85.32964730262756,53309,53324.53,0,0.4,21,ONE_POINT,100,100,RANDOM,2
280,28100,85.65318942070007,53185,53193.44,0,0.4,21,ONE_POINT,100,100,RANDOM,2
281,28200,85.96549773216248,53115,53118.85,0,0.4,21,ONE_POINT,100,100,RANDOM,2
282,28300,86.28792810440063,53049,53054.43,0,0.4,21,ONE_POINT,100,100,RANDOM,2
283,28400,86.59016370773315,52962,52990.69,0,0.4,21,ONE_POINT,100,100,RANDOM,2
284,28500,86.89104151725769,52826,52834.81,0,0.4,21,ONE_POINT,100,100,RANDOM,2
285,28600,87.1731526851654,52780,52783.72,0,0.4,21,ONE_POINT,100,100,RANDOM,2
286,28700,87.46977519989014,52606,52614.48,0,0.4,21,ONE_POINT,100,100,RANDOM,2
287,28800,87.78445553779602,52567,52570.66,0,0.4,21,ONE_POINT,100,100,RANDOM,2
288,28900,88.07097482681274,52331,52342.9,0,0.4,21,ONE_POINT,100,100,RANDOM,2
289,29000,88.34408068656921,52236,52244.52,0,0.4,21,ONE_POINT,100,100,RANDOM,2
290,29100,88.65865087509155,52124,52144.37,0,0.4,21,ONE_POINT,100,100,RANDOM,2
291,29200,88.94346594810486,52001,52009.8,0,0.4,21,ONE_POINT,100,100,RANDOM,2
292,29300,89.2377712726593,51937,51941.57,0,0.4,21,ONE_POINT,100,100,RANDOM,2
293,29400,89.56307101249695,51863,51868.24,0,0.4,21,ONE_POINT,100,100,RANDOM,2
294,29500,89.86054921150208,51787,51793.35,0,0.4,21,ONE_POINT,100,100,RANDOM,2
295,29600,90.17524719238281,51693,51701.28,0,0.4,21,ONE_POINT,100,100,RANDOM,2
296,29700,90.49674153327942,51550,51561.4,0,0.4,21,ONE_POINT,100,100,RANDOM,2
297,29800,90.81319975852966,51472,51476.68,0,0.4,21,ONE_POINT,100,100,RANDOM,2
298,29900,91.13013482093811,51392,51398.44,0,0.4,21,ONE_POINT,100,100,RANDOM,2
299,30000,91.44446539878845,51324,51334.92,0,0.4,21,ONE_POINT,100,100,RANDOM,2
300,30100,91.72967958450317,51254,51258.2,0,0.4,21,ONE_POINT,100,100,RANDOM,2
301,30200,92.05659341812134,51068,51077.3,0,0.4,21,ONE_POINT,100,100,RANDOM,2
302,30300,92.35608386993408,50949,50967.08,0,0.4,21,ONE_POINT,100,100,RANDOM,2
303,30400,92.70641446113586,50902,50910.81,0,0.4,21,ONE_POINT,100,100,RANDOM,2
304,30500,93.04723119735718,50849,50901.92,0,0.4,21,ONE_POINT,100,100,RANDOM,2
305,30600,93.37697672843933,50822,50826.63,0,0.4,21,ONE_POINT,100,100,RANDOM,2
306,30700,93.71242046356201,50711,50717.46,0,0.4,21,ONE_POINT,100,100,RANDOM,2
307,30800,94.03101062774658,50449,50459.66,0,0.4,21,ONE_POINT,100,100,RANDOM,2
308,30900,94.30479073524475,50327,50336.02,0,0.4,21,ONE_POINT,100,100,RANDOM,2
309,31000,94.63271832466125,50312,50315.24,0,0.4,21,ONE_POINT,100,100,RANDOM,2
310,31100,94.95469784736633,50236,50241.55,0,0.4,21,ONE_POINT,100,100,RANDOM,2
311,31200,95.24083375930786,50115,50133.82,0,0.4,21,ONE_POINT,100,100,RANDOM,2
312,31300,95.51593136787415,50049,50295.67,0,0.4,21,ONE_POINT,100,100,RANDOM,2
313,31400,95.80698728561401,49994,49999.67,0,0.4,21,ONE_POINT,100,100,RANDOM,2
314,31500,96.10990190505981,49964,49966.22,0,0.4,21,ONE_POINT,100,100,RANDOM,2
315,31600,96.39763236045837,49796,49819.5,0,0.4,21,ONE_POINT,100,100,RANDOM,2
316,31700,96.68805074691772,49670,49677.27,0,0.4,21,ONE_POINT,100,100,RANDOM,2
317,31800,97.00236368179321,49590,49596.57,0,0.4,21,ONE_POINT,100,100,RANDOM,2
318,31900,97.30920243263245,49502,49513.58,0,0.4,21,ONE_POINT,100,100,RANDOM,2
319,32000,97.62528729438782,49456,49512.3,0,0.4,21,ONE_POINT,100,100,RANDOM,2
320,32100,97.97967076301575,49395,49400.39,0,0.4,21,ONE_POINT,100,100,RANDOM,2
321,32200,98.28156733512878,49366,49370.48,0,0.4,21,ONE_POINT,100,100,RANDOM,2
322,32300,98.58379006385803,49302,49310.66,0,0.4,21,ONE_POINT,100,100,RANDOM,2
323,32400,98.86006593704224,49209,49215.75,0,0.4,21,ONE_POINT,100,100,RANDOM,2
324,32500,99.19784688949585,49170,49328.61,0,0.4,21,ONE_POINT,100,100,RANDOM,2
325,32600,99.53885412216187,49099,49105.45,0,0.4,21,ONE_POINT,100,100,RANDOM,2
326,32700,99.81158804893494,49068,49070.42,0,0.4,21,ONE_POINT,100,100,RANDOM,2
327,32800,100.14898490905762,49033,49036.77,0,0.4,21,ONE_POINT,100,100,RANDOM,2
328,32900,100.46581482887268,48992,49006.08,0,0.4,21,ONE_POINT,100,100,RANDOM,2
329,33000,100.74773287773132,48934,48943.8,0,0.4,21,ONE_POINT,100,100,RANDOM,2
330,33100,101.05075597763062,48885,48888.92,0,0.4,21,ONE_POINT,100,100,RANDOM,2
331,33200,101.39757490158081,48847,48857.96,0,0.4,21,ONE_POINT,100,100,RANDOM,2
332,33300,101.6949667930603,48782,48815.52,0,0.4,21,ONE_POINT,100,100,RANDOM,2
333,33400,101.97835397720337,48684,48692.13,0,0.4,21,ONE_POINT,100,100,RANDOM,2
334,33500,102.29123592376709,48624,48629.65,0,0.4,21,ONE_POINT,100,100,RANDOM,2
335,33600,102.61084747314453,48559,48701.5,0,0.4,21,ONE_POINT,100,100,RANDOM,2
336,33700,102.9169909954071,48489,48496.86,0,0.4,21,ONE_POINT,100,100,RANDOM,2
337,33800,103.21152997016907,48411,48415.11,0,0.4,21,ONE_POINT,100,100,RANDOM,2
338,33900,103.49176049232483,48356,48360.74,0,0.4,21,ONE_POINT,100,100,RANDOM,2
339,34000,103.77720475196838,48292,48297.66,0,0.4,21,ONE_POINT,100,100,RANDOM,2
340,34100,104.106276512146,48226,48235.93,0,0.4,21,ONE_POINT,100,100,RANDOM,2
341,34200,104.40918326377869,48180,48184.8,0,0.4,21,ONE_POINT,100,100,RANDOM,2
342,34300,104.71409916877747,48036,48042.98,0,0.4,21,ONE_POINT,100,100,RANDOM,2
343,34400,104.9965546131134,47967,47993.81,0,0.4,21,ONE_POINT,100,100,RANDOM,2
344,34500,105.30531048774719,47928,47950.5,0,0.4,21,ONE_POINT,100,100,RANDOM,2
345,34600,105.62870335578918,47867,47886.85,0,0.4,21,ONE_POINT,100,100,RANDOM,2
346,34700,105.94632577896118,47813,47817.32,0,0.4,21,ONE_POINT,100,100,RANDOM,2
347,34800,106.24480247497559,47754,47759.26,0,0.4,21,ONE_POINT,100,100,RANDOM,2
348,34900,106.57052493095398,47710,47735.22,0,0.4,21,ONE_POINT,100,100,RANDOM,2
349,35000,106.87526845932007,47545,47563.11,0,0.4,21,ONE_POINT,100,100,RANDOM,2
350,35100,107.19281959533691,47510,47511.4,0,0.4,21,ONE_POINT,100,100,RANDOM,2
351,35200,107.50088453292847,47440,47450.76,0,0.4,21,ONE_POINT,100,100,RANDOM,2
352,35300,107.77899479866028,47350,47354.98,0,0.4,21,ONE_POINT,100,100,RANDOM,2
353,35400,108.14417147636414,47137,47147.65,0,0.4,21,ONE_POINT,100,100,RANDOM,2
354,35500,108.47911810874939,47073,47079.0,0,0.4,21,ONE_POINT,100,100,RANDOM,2
355,35600,108.80934381484985,46950,46980.47,0,0.4,21,ONE_POINT,100,100,RANDOM,2
356,35700,109.16527915000916,46900,46908.0,0,0.4,21,ONE_POINT,100,100,RANDOM,2
357,35800,109.46073794364929,46792,46798.92,0,0.4,21,ONE_POINT,100,100,RANDOM,2
358,35900,109.76042413711548,46708,46750.4,0,0.4,21,ONE_POINT,100,100,RANDOM,2
359,36000,110.07116031646729,46652,46656.13,0,0.4,21,ONE_POINT,100,100,RANDOM,2
360,36100,110.38610053062439,46577,46607.99,0,0.4,21,ONE_POINT,100,100,RANDOM,2
361,36200,110.7302131652832,46495,46516.61,0,0.4,21,ONE_POINT,100,100,RANDOM,2
362,36300,111.01893281936646,46463,46503.69,0,0.4,21,ONE_POINT,100,100,RANDOM,2
363,36400,111.29687809944153,46396,46403.07,0,0.4,21,ONE_POINT,100,100,RANDOM,2
364,36500,111.57916641235352,46294,46300.12,0,0.4,21,ONE_POINT,100,100,RANDOM,2
365,36600,111.8590989112854,46212,46219.78,0,0.4,21,ONE_POINT,100,100,RANDOM,2
366,36700,112.1991958618164,46193,46195.99,0,0.4,21,ONE_POINT,100,100,RANDOM,2
367,36800,112.50968790054321,46159,46163.25,0,0.4,21,ONE_POINT,100,100,RANDOM,2
368,36900,112.7999267578125,46064,46070.16,0,0.4,21,ONE_POINT,100,100,RANDOM,2
369,37000,113.13716530799866,45995,46011.3,0,0.4,21,ONE_POINT,100,100,RANDOM,2
370,37100,113.44854474067688,45940,45945.57,0,0.4,21,ONE_POINT,100,100,RANDOM,2
371,37200,113.76922106742859,45892,45897.98,0,0.4,21,ONE_POINT,100,100,RANDOM,2
372,37300,114.08233141899109,45848,45852.45,0,0.4,21,ONE_POINT,100,100,RANDOM,2
373,37400,114.41103672981262,45777,45803.12,0,0.4,21,ONE_POINT,100,100,RANDOM,2
374,37500,114.72454690933228,45723,45728.91,0,0.4,21,ONE_POINT,100,100,RANDOM,2
375,37600,115.03615951538086,45545,45557.37,0,0.4,21,ONE_POINT,100,100,RANDOM,2
376,37700,115.31304597854614,45497,45542.42,0,0.4,21,ONE_POINT,100,100,RANDOM,2
377,37800,115.5923445224762,45491,45498.52,0,0.4,21,ONE_POINT,100,100,RANDOM,2
378,37900,115.90132212638855,45346,45354.85,0,0.4,21,ONE_POINT,100,100,RANDOM,2
379,38000,116.21803164482117,45306,45313.26,0,0.4,21,ONE_POINT,100,100,RANDOM,2
380,38100,116.51673579216003,45255,45259.86,0,0.4,21,ONE_POINT,100,100,RANDOM,2
381,38200,116.81759285926819,45184,45191.07,0,0.4,21,ONE_POINT,100,100,RANDOM,2
382,38300,117.13783597946167,45150,45154.68,0,0.4,21,ONE_POINT,100,100,RANDOM,2
383,38400,117.45107650756836,45120,45123.2,0,0.4,21,ONE_POINT,100,100,RANDOM,2
384,38500,117.77405500411987,45079,45117.11,0,0.4,21,ONE_POINT,100,100,RANDOM,2
385,38600,118.06204175949097,45034,45038.05,0,0.4,21,ONE_POINT,100,100,RANDOM,2
386,38700,118.35558271408081,44985,44988.92,0,0.4,21,ONE_POINT,100,100,RANDOM,2
387,38800,118.66485118865967,44926,44930.13,0,0.4,21,ONE_POINT,100,100,RANDOM,2
388,38900,118.97304177284241,44883,44886.48,0,0.4,21,ONE_POINT,100,100,RANDOM,2
389,39000,119.29499864578247,44829,44839.28,0,0.4,21,ONE_POINT,100,100,RANDOM,2
390,39100,119.6086814403534,44767,44772.5,0,0.4,21,ONE_POINT,100,100,RANDOM,2
391,39200,119.91832947731018,44700,44882.09,0,0.4,21,ONE_POINT,100,100,RANDOM,2
392,39300,120.21436095237732,44620,44631.2,0,0.4,21,ONE_POINT,100,100,RANDOM,2
393,39400,120.51928329467773,44520,44530.06,0,0.4,21,ONE_POINT,100,100,RANDOM,2
394,39500,120.82581162452698,44446,44453.39,0,0.4,21,ONE_POINT,100,100,RANDOM,2
395,39600,121.13541865348816,44336,44344.73,0,0.4,21,ONE_POINT,100,100,RANDOM,2
396,39700,121.43405032157898,44249,44255.32,0,0.4,21,ONE_POINT,100,100,RANDOM,2
397,39800,121.71425104141235,44201,44206.84,0,0.4,21,ONE_POINT,100,100,RANDOM,2
398,39900,122.00815963745117,44173,44184.61,0,0.4,21,ONE_POINT,100,100,RANDOM,2
399,40000,122.28391599655151,44132,44159.59,0,0.4,21,ONE_POINT,100,100,RANDOM,2
400,40100,122.56032657623291,44089,44197.62,0,0.4,21,ONE_POINT,100,100,RANDOM,2
401,40200,122.85480046272278,44069,44077.05,0,0.4,21,ONE_POINT,100,100,RANDOM,2
402,40300,123.15030646324158,44032,44078.75,0,0.4,21,ONE_POINT,100,100,RANDOM,2
403,40400,123.49546480178833,44001,44010.78,0,0.4,21,ONE_POINT,100,100,RANDOM,2
404,40500,123.79631209373474,43925,43941.3,0,0.4,21,ONE_POINT,100,100,RANDOM,2
405,40600,124.13585138320923,43911,43915.76,0,0.4,21,ONE_POINT,100,100,RANDOM,2
406,40700,124.48635482788086,43881,43893.17,0,0.4,21,ONE_POINT,100,100,RANDOM,2
407,40800,124.83596587181091,43826,43831.51,0,0.4,21,ONE_POINT,100,100,RANDOM,2
408,40900,125.16212391853333,43797,43812.77,0,0.4,21,ONE_POINT,100,100,RANDOM,2
409,41000,125.47289752960205,43707,43716.85,0,0.4,21,ONE_POINT,100,100,RANDOM,2
410,41100,125.7715961933136,43647,43651.63,0,0.4,21,ONE_POINT,100,100,RANDOM,2
411,41200,126.1376404762268,43604,43621.7,0,0.4,21,ONE_POINT,100,100,RANDOM,2
412,41300,126.47272181510925,43540,43545.64,0,0.4,21,ONE_POINT,100,100,RANDOM,2
413,41400,126.86223411560059,43491,43501.99,0,0.4,21,ONE_POINT,100,100,RANDOM,2
414,41500,127.22611927986145,43424,43435.96,0,0.4,21,ONE_POINT,100,100,RANDOM,2
415,41600,127.58335089683533,43388,43397.69,0,0.4,21,ONE_POINT,100,100,RANDOM,2
416,41700,128.01721048355103,43341,43344.68,0,0.4,21,ONE_POINT,100,100,RANDOM,2
417,41800,128.41113305091858,43315,43320.78,0,0.4,21,ONE_POINT,100,100,RANDOM,2
418,41900,128.86094641685486,43292,43299.55,0,0.4,21,ONE_POINT,100,100,RANDOM,2
419,42000,129.1709747314453,43265,43273.81,0,0.4,21,ONE_POINT,100,100,RANDOM,2
420,42100,129.49339699745178,43234,43240.31,0,0.4,21,ONE_POINT,100,100,RANDOM,2
421,42200,129.7966513633728,43165,43176.71,0,0.4,21,ONE_POINT,100,100,RANDOM,2
422,42300,130.17007780075073,43098,43109.95,0,0.4,21,ONE_POINT,100,100,RANDOM,2
423,42400,130.55487179756165,43073,43119.37,0,0.4,21,ONE_POINT,100,100,RANDOM,2
424,42500,130.8623869419098,43037,43041.77,0,0.4,21,ONE_POINT,100,100,RANDOM,2
425,42600,131.1843409538269,42999,43003.14,0,0.4,21,ONE_POINT,100,100,RANDOM,2
426,42700,131.53355383872986,42962,42968.12,0,0.4,21,ONE_POINT,100,100,RANDOM,2
427,42800,131.85669779777527,42927,42939.21,0,0.4,21,ONE_POINT,100,100,RANDOM,2
428,42900,132.15433549880981,42851,42857.83,0,0.4,21,ONE_POINT,100,100,RANDOM,2
429,43000,132.4389934539795,42814,42818.42,0,0.4,21,ONE_POINT,100,100,RANDOM,2
430,43100,132.7229413986206,42806,42815.05,0,0.4,21,ONE_POINT,100,100,RANDOM,2
431,43200,133.06351280212402,42765,42772.51,0,0.4,21,ONE_POINT,100,100,RANDOM,2
432,43300,133.40069484710693,42715,42722.06,0,0.4,21,ONE_POINT,100,100,RANDOM,2
433,43400,133.71549940109253,42669,42678.69,0,0.4,21,ONE_POINT,100,100,RANDOM,2
434,43500,134.0583622455597,42614,42655.97,0,0.4,21,ONE_POINT,100,100,RANDOM,2
435,43600,134.3715217113495,42603,42672.98,0,0.4,21,ONE_POINT,100,100,RANDOM,2
436,43700,134.71249198913574,42523,42528.6,0,0.4,21,ONE_POINT,100,100,RANDOM,2
437,43800,135.04235887527466,42443,42452.29,0,0.4,21,ONE_POINT,100,100,RANDOM,2
438,43900,135.39031529426575,42437,42438.02,0,0.4,21,ONE_POINT,100,100,RANDOM,2
439,44000,135.73112607002258,42404,42407.42,0,0.4,21,ONE_POINT,100,100,RANDOM,2
440,44100,136.0768039226532,42364,42372.15,0,0.4,21,ONE_POINT,100,100,RANDOM,2
441,44200,136.3930983543396,42333,42343.74,0,0.4,21,ONE_POINT,100,100,RANDOM,2
442,44300,136.71091723442078,42292,42299.57,0,0.4,21,ONE_POINT,100,100,RANDOM,2
443,44400,137.00320053100586,42266,42385.55,0,0.4,21,ONE_POINT,100,100,RANDOM,2
444,44500,137.38431453704834,42232,42375.19,0,0.4,21,ONE_POINT,100,100,RANDOM,2
445,44600,137.68764066696167,42195,42198.3,0,0.4,21,ONE_POINT,100,100,RANDOM,2
446,44700,137.99921536445618,42184,42185.83,0,0.4,21,ONE_POINT,100,100,RANDOM,2
447,44800,138.3166003227234,42111,42118.11,0,0.4,21,ONE_POINT,100,100,RANDOM,2
448,44900,138.6439290046692,42072,42105.45,0,0.4,21,ONE_POINT,100,100,RANDOM,2
449,45000,138.96874117851257,41990,41997.49,0,0.4,21,ONE_POINT,100,100,RANDOM,2
450,45100,139.3926064968109,41908,41915.05,0,0.4,21,ONE_POINT,100,100,RANDOM,2
451,45200,139.7961208820343,41886,41990.6,0,0.4,21,ONE_POINT,100,100,RANDOM,2
452,45300,140.2957272529602,41786,41795.28,0,0.4,21,ONE_POINT,100,100,RANDOM,2
453,45400,140.65618133544922,41741,41756.52,0,0.4,21,ONE_POINT,100,100,RANDOM,2
454,45500,141.0380539894104,41713,41715.97,0,0.4,21,ONE_POINT,100,100,RANDOM,2
455,45600,141.3907027244568,41629,41634.69,0,0.4,21,ONE_POINT,100,100,RANDOM,2
456,45700,141.77735996246338,41565,41569.48,0,0.4,21,ONE_POINT,100,100,RANDOM,2
457,45800,142.09177589416504,41556,41567.17,0,0.4,21,ONE_POINT,100,100,RANDOM,2
458,45900,142.38422465324402,41433,41440.38,0,0.4,21,ONE_POINT,100,100,RANDOM,2
459,46000,142.7278697490692,41401,41405.11,0,0.4,21,ONE_POINT,100,100,RANDOM,2
460,46100,143.0392987728119,41364,41373.16,0,0.4,21,ONE_POINT,100,100,RANDOM,2
461,46200,143.37138485908508,41326,41335.4,0,0.4,21,ONE_POINT,100,100,RANDOM,2
462,46300,143.68207693099976,41290,41295.64,0,0.4,21,ONE_POINT,100,100,RANDOM,2
463,46400,144.13433504104614,41257,41260.83,0,0.4,21,ONE_POINT,100,100,RANDOM,2
464,46500,144.52523612976074,41240,41242.33,0,0.4,21,ONE_POINT,100,100,RANDOM,2
465,46600,144.87853956222534,41221,41223.58,0,0.4,21,ONE_POINT,100,100,RANDOM,2
466,46700,145.191960811615,41197,41214.85,0,0.4,21,ONE_POINT,100,100,RANDOM,2
467,46800,145.49312925338745,41144,41241.75,0,0.4,21,ONE_POINT,100,100,RANDOM,2
468,46900,145.83058381080627,41117,41119.43,0,0.4,21,ONE_POINT,100,100,RANDOM,2
469,47000,146.19061923027039,41060,41065.97,0,0.4,21,ONE_POINT,100,100,RANDOM,2
470,47100,146.52836394309998,41001,41012.25,0,0.4,21,ONE_POINT,100,100,RANDOM,2
471,47200,146.8866400718689,40965,40970.16,0,0.4,21,ONE_POINT,100,100,RANDOM,2
472,47300,147.30792474746704,40930,40954.76,0,0.4,21,ONE_POINT,100,100,RANDOM,2
473,47400,147.7202787399292,40895,40899.25,0,0.4,21,ONE_POINT,100,100,RANDOM,2
474,47500,148.06521725654602,40857,40860.34,0,0.4,21,ONE_POINT,100,100,RANDOM,2
475,47600,148.39064717292786,40833,40835.17,0,0.4,21,ONE_POINT,100,100,RANDOM,2
476,47700,148.7271022796631,40804,40858.01,0,0.4,21,ONE_POINT,100,100,RANDOM,2
477,47800,149.09743571281433,40775,40777.59,0,0.4,21,ONE_POINT,100,100,RANDOM,2
478,47900,149.5021824836731,40763,40783.97,0,0.4,21,ONE_POINT,100,100,RANDOM,2
479,48000,149.84768748283386,40742,40835.28,0,0.4,21,ONE_POINT,100,100,RANDOM,2
480,48100,150.13113641738892,40730,40741.75,0,0.4,21,ONE_POINT,100,100,RANDOM,2
481,48200,150.41166424751282,40675,40698.99,0,0.4,21,ONE_POINT,100,100,RANDOM,2
482,48300,150.71307826042175,40630,40637.34,0,0.4,21,ONE_POINT,100,100,RANDOM,2
483,48400,151.0311415195465,40620,40624.01,0,0.4,21,ONE_POINT,100,100,RANDOM,2
484,48500,151.40546870231628,40602,40607.75,0,0.4,21,ONE_POINT,100,100,RANDOM,2
485,48600,151.723308801651,40567,40572.52,0,0.4,21,ONE_POINT,100,100,RANDOM,2
486,48700,152.03029084205627,40556,40571.22,0,0.4,21,ONE_POINT,100,100,RANDOM,2
487,48800,152.35458660125732,40531,40536.07,0,0.4,21,ONE_POINT,100,100,RANDOM,2
488,48900,152.64550614356995,40517,40526.42,0,0.4,21,ONE_POINT,100,100,RANDOM,2
489,49000,152.93875789642334,40478,40486.11,0,0.4,21,ONE_POINT,100,100,RANDOM,2
490,49100,153.2274990081787,40446,40454.25,0,0.4,21,ONE_POINT,100,100,RANDOM,2
491,49200,153.49900555610657,40421,40427.8,0,0.4,21,ONE_POINT,100,100,RANDOM,2
492,49300,153.78435111045837,40273,40282.69,0,0.4,21,ONE_POINT,100,100,RANDOM,2
493,49400,154.09539008140564,40233,40242.81,0,0.4,21,ONE_POINT,100,100,RANDOM,2
494,49500,154.36302757263184,40208,40213.95,0,0.4,21,ONE_POINT,100,100,RANDOM,2
495,49600,154.69404578208923,40170,40174.3,0,0.4,21,ONE_POINT,100,100,RANDOM,2
496,49700,155.00846552848816,40103,40112.85,0,0.4,21,ONE_POINT,100,100,RANDOM,2
497,49800,155.3244001865387,40061,40069.12,0,0.4,21,ONE_POINT,100,100,RANDOM,2
498,49900,155.6283302307129,40038,40040.91,0,0.4,21,ONE_POINT,100,100,RANDOM,2
499,50000,155.89579272270203,39987,39991.45,0,0.4,21,ONE_POINT,100,100,RANDOM,2
500,50100,156.20225167274475,39964,39969.73,0,0.4,21,ONE_POINT,100,100,RANDOM,2
1,200,0.1969602108001709,136990,135916.22,0,0.4,21,ONE_POINT,100,100,RANDOM,3
2,300,0.5321619510650635,133583,133621.65,0,0.4,21,ONE_POINT,100,100,RANDOM,3
3,400,0.8269603252410889,133028,133039.1,0,0.4,21,ONE_POINT,100,100,RANDOM,3
4,500,1.1779494285583496,131988,132008.8,0,0.4,21,ONE_POINT,100,100,RANDOM,3
5,600,1.4979004859924316,131409,131425.05,0,0.4,21,ONE_POINT,100,100,RANDOM,3
6,700,1.790071964263916,130921,130938.63,0,0.4,21,ONE_POINT,100,100,RANDOM,3
7,800,2.0709500312805176,130414,130426.27,0,0.4,21,ONE_POINT,100,100,RANDOM,3
8,900,2.381760835647583,129135,129164.76,0,0.4,21,ONE_POINT,100,100,RANDOM,3
9,1000,2.70758056640625,128863,128870.96,0,0.4,21,ONE_POINT,100,100,RANDOM,3
10,1100,2.985383987426758,127189,127264.13,0,0.4,21,ONE_POINT,100,100,RANDOM,3
11,1200,3.2830591201782227,126213,126232.52,0,0.4,21,ONE_POINT,100,100,RANDOM,3
12,1300,3.6071228981018066,125425,125448.64,0,0.4,21,ONE_POINT,100,100,RANDOM,3
13,1400,3.9246647357940674,124708,124739.5,0,0.4,21,ONE_POINT,100,100,RANDOM,3
14,1500,4.237421035766602,123756,123775.24,0,0.4,21,ONE_POINT,100,100,RANDOM,3
15,1600,4.5360729694366455,122584,122605.89,0,0.4,21,ONE_POINT,100,100,RANDOM,3
16,1700,4.820926189422607,122188,122203.5,0,0.4,21,ONE_POINT,100,100,RANDOM,3
17,1800,5.103345632553101,121620,121641.73,0,0.4,21,ONE_POINT,100,100,RANDOM,3
18,1900,5.381703615188599,121125,121147.09,0,0.4,21,ONE_POINT,100,100,RANDOM,3
19,2000,5.702426433563232,120688,120705.48,0,0.4,21,ONE_POINT,100,100,RANDOM,3
20,2100,5.9844396114349365,119068,119100.4,0,0.4,21,ONE_POINT,100,100,RANDOM,3
21,2200,6.260499715805054,118806,118826.82,0,0.4,21,ONE_POINT,100,100,RANDOM,3
22,2300,6.532520771026611,117913,117931.33,0,0.4,21,ONE_POINT,100,100,RANDOM,3
23,2400,6.824612855911255,117463,117481.75,0,0.4,21,ONE_POINT,100,100,RANDOM,3
24,2500,7.119039058685303,116530,116557.99,0,0.4,21,ONE_POINT,100,100,RANDOM,3
25,2600,7.4170026779174805,116148,116163.28,0,0.4,21,ONE_POINT,100,100,RANDOM,3
26,2700,7.740386486053467,115153,115172.9,0,0.4,21,ONE_POINT,100,100,RANDOM,3
27,2800,8.03012204170227,114532,114659.56,0,0.4,21,ONE_POINT,100,100,RANDOM,3
28,2900,8.30009150505066,114096,114113.5,0,0.4,21,ONE_POINT,100,100,RANDOM,3
29,3000,8.603312015533447,113576,113609.07,0,0.4,21,ONE_POINT,100,100,RANDOM,3
30,3100,8.878620862960815,112826,112964.99,0,0.4,21,ONE_POINT,100,100,RANDOM,3
31,3200,9.157222986221313,112438,112453.41,0,0.4,21,ONE_POINT,100,100,RANDOM,3
32,3300,9.474858283996582,112042,112066.84,0,0.4,21,ONE_POINT,100,100,RANDOM,3
33,3400,9.789379119873047,111560,111580.27,0,0.4,21,ONE_POINT,100,100,RANDOM,3
34,3500,10.136314868927002,111246,111257.55,0,0.4,21,ONE_POINT,100,100,RANDOM,3
35,3600,10.44989562034607,110945,110956.35,0,0.4,21,ONE_POINT,100,100,RANDOM,3
36,3700,10.795861959457397,110777,110793.33,0,0.4,21,ONE_POINT,100,100,RANDOM,3
37,3800,11.144060373306274,110414,110431.39,0,0.4,21,ONE_POINT,100,100,RANDOM,3
38,3900,11.51150631904602,109285,109307.58,0,0.4,21,ONE_POINT,100,100,RANDOM,3
39,4000,11.823796033859253,108716,108733.07,0,0.4,21,ONE_POINT,100,100,RANDOM,3
40,4100,12.155352592468262,108566,108675.63,0,0.4,21,ONE_POINT,100,100,RANDOM,3
41,4200,12.454859018325806,107945,107957.42,0,0.4,21,ONE_POINT,100,100,RANDOM,3
42,4300,12.747384071350098,107310,107329.05,0,0.4,21,ONE_POINT,100,100,RANDOM,3
43,4400,13.08295464515686,107171,107178.19,0,0.4,21,ONE_POINT,100,100,RANDOM,3
44,4500,13.404225826263428,106901,106911.8,0,0.4,21,ONE_POINT,100,100,RANDOM,3
45,4600,13.675782680511475,106497,106557.1,0,0.4,21,ONE_POINT,100,100,RANDOM,3
46,4700,13.954846382141113,106118,106129.96,0,0.4,21,ONE_POINT,100,100,RANDOM,3
47,4800,14.221521377563477,105470,105490.69,0,0.4,21,ONE_POINT,100,100,RANDOM,3
48,4900,14.531913042068481,105267,105274.48,0,0.4,21,ONE_POINT,100,100,RANDOM,3
49,5000,14.81663203239441,104963,104986.29,0,0.4,21,ONE_POINT,100,100,RANDOM,3
50,5100,15.120691537857056,104274,104287.78,0,0.4,21,ONE_POINT,100,100,RANDOM,3
51,5200,15.446872472763062,103825,103842.96,0,0.4,21,ONE_POINT,100,100,RANDOM,3
52,5300,15.77998685836792,102946,102963.58,0,0.4,21,ONE_POINT,100,100,RANDOM,3
53,5400,16.14031982421875,102397,102407.98,0,0.4,21,ONE_POINT,100,100,RANDOM,3
54,5500,16.466134786605835,102084,102093.39,0,0.4,21,ONE_POINT,100,100,RANDOM,3
55,5600,16.815568447113037,101685,101714.89,0,0.4,21,ONE_POINT,100,100,RANDOM,3
56,5700,17.116564989089966,101461,101484.19,0,0.4,21,ONE_POINT,100,100,RANDOM,3
57,5800,17.38839864730835,100982,100994.78,0,0.4,21,ONE_POINT,100,100,RANDOM,3
58,5900,17.66202688217163,100762,100770.8,0,0.4,21,ONE_POINT,100,100,RANDOM,3
59,6000,17.984339952468872,100351,100376.68,0,0.4,21,ONE_POINT,100,100,RANDOM,3
60,6100,18.261101007461548,100046,100107.36,0,0.4,21,ONE_POINT,100,100,RANDOM,3
61,6200,18.566173553466797,99682,99696.56,0,0.4,21,ONE_POINT,100,100,RANDOM,3
62,6300,18.85008454322815,99363,99373.85,0,0.4,21,ONE_POINT,100,100,RANDOM,3
63,6400,19.167399406433105,98566,98599.79,0,0.4,21,ONE_POINT,100,100,RANDOM,3
64,6500,19.457513332366943,98157,98165.18,0,0.4,21,ONE_POINT,100,100,RANDOM,3
65,6600,19.74725341796875,97355,97386.12,0,0.4,21,ONE_POINT,100,100,RANDOM,3
66,6700,20.055604219436646,97056,97067.96,0,0.4,21,ONE_POINT,100,100,RANDOM,3
67,6800,20.36727476119995,95643,95672.15,0,0.4,21,ONE_POINT,100,100,RANDOM,3
68,6900,20.683287858963013,95435,95443.32,0,0.4,21,ONE_POINT,100,100,RANDOM,3
69,7000,20.978260278701782,95022,95034.24,0,0.4,21,ONE_POINT,100,100,RANDOM,3
70,7100,21.270256757736206,94356,94369.32,0,0.4,21,ONE_POINT,100,100,RANDOM,3
71,7200,21.54220676422119,94203,94210.82,0,0.4,21,ONE_POINT,100,100,RANDOM,3
72,7300,21.850071668624878,93987,93996.08,0,0.4,21,ONE_POINT,100,100,RANDOM,3
73,7400,22.126253843307495,93414,93431.19,0,0.4,21,ONE_POINT,100,100,RANDOM,3
74,7500,22.417156219482422,93062,93071.15,0,0.4,21,ONE_POINT,100,100,RANDOM,3
75,7600,22.729604244232178,92775,92792.86,0,0.4,21,ONE_POINT,100,100,RANDOM,3
76,7700,23.018719911575317,92589,92603.0,0,0.4,21,ONE_POINT,100,100,RANDOM,3
77,7800,23.302202224731445,92157,92285.32,0,0.4,21,ONE_POINT,100,100,RANDOM,3
78,7900,23.609075784683228,91933,91941.86,0,0.4,21,ONE_POINT,100,100,RANDOM,3
79,8000,23.882880926132202,91692,91715.65,0,0.4,21,ONE_POINT,100,100,RANDOM,3
80,8100,24.179994583129883,91366,91389.48,0,0.4,21,ONE_POINT,100,100,RANDOM,3
81,8200,24.462615489959717,91124,91201.59,0,0.4,21,ONE_POINT,100,100,RANDOM,3
82,8300,24.743195056915283,90532,90550.29,0,0.4,21,ONE_POINT,100,100,RANDOM,3
83,8400,25.055131435394287,90241,90260.65,0,0.4,21,ONE_POINT,100,100,RANDOM,3
84,8500,25.337027311325073,89944,90027.02,0,0.4,21,ONE_POINT,100,100,RANDOM,3
85,8600,25.615094661712646,89726,89732.54,0,0.4,21,ONE_POINT,100,100,RANDOM,3
86,8700,25.90432643890381,89292,89304.57,0,0.4,21,ONE_POINT,100,100,RANDOM,3
87,8800,26.22221350669861,89066,89072.78,0,0.4,21,ONE_POINT,100,100,RANDOM,3
88,8900,26.49649143218994,88895,88945.1,0,0.4,21,ONE_POINT,100,100,RANDOM,3
89,9000,26.808783054351807,88437,88447.02,0,0.4,21,ONE_POINT,100,100,RANDOM,3
90,9100,27.07953667640686,87682,87699.11,0,0.4,21,ONE_POINT,100,100,RANDOM,3
91,9200,27.351799964904785,87400,87408.46,0,0.4,21,ONE_POINT,100,100,RANDOM,3
92,9300,27.62117075920105,87306,87318.4,0,0.4,21,ONE_POINT,100,100,RANDOM,3
93,9400,27.898364067077637,87159,87164.44,0,0.4,21,ONE_POINT,100,100,RANDOM,3
94,9500,28.191877603530884,86793,86806.72,0,0.4,21,ONE_POINT,100,100,RANDOM,3
95,9600,28.463470935821533,86643,86647.94,0,0.4,21,ONE_POINT,100,100,RANDOM,3
96,9700,28.75380277633667,86244,86256.54,0,0.4,21,ONE_POINT,100,100,RANDOM,3
97,9800,29.08850598335266,86116,86126.71,0,0.4,21,ONE_POINT,100,100,RANDOM,3
98,9900,29.41903018951416,85856,85866.4,0,0.4,21,ONE_POINT,100,100,RANDOM,3
99,10000,29.71911072731018,85411,85424.35,0,0.4,21,ONE_POINT,100,100,RANDOM,3
100,10100,29.99864649772644,85220,85323.0,0,0.4,21,ONE_POINT,100,100,RANDOM,3
101,10200,30.288184881210327,85048,85088.43,0,0.4,21,ONE_POINT,100,100,RANDOM,3
102,10300,30.6279079914093,84499,84509.98,0,0.4,21,ONE_POINT,100,100,RANDOM,3
103,10400,31.09008765220642,84187,84208.12,0,0.4,21,ONE_POINT,100,100,RANDOM,3
104,10500,31.42017102241516,83580,83672.03,0,0.4,21,ONE_POINT,100,100,RANDOM,3
105,10600,31.773378610610962,83006,83016.12,0,0.4,21,ONE_POINT,100,100,RANDOM,3
106,10700,32.11665368080139,82813,82817.72,0,0.4,21,ONE_POINT,100,100,RANDOM,3
107,10800,32.4167263507843,82675,82680.52,0,0.4,21,ONE_POINT,100,100,RANDOM,3
108,10900,32.721123695373535,82238,82287.87,0,0.4,21,ONE_POINT,100,100,RANDOM,3
109,11000,33.00209593772888,81818,81826.4,0,0.4,21,ONE_POINT,100,100,RANDOM,3
110,11100,33.291141748428345,81600,81608.19,0,0.4,21,ONE_POINT,100,100,RANDOM,3
111,11200,33.56750559806824,81413,81419.62,0,0.4,21,ONE_POINT,100,100,RANDOM,3
112,11300,33.86262392997742,81081,81089.63,0,0.4,21,ONE_POINT,100,100,RANDOM,3
113,11400,34.1924843788147,80568,80582.9,0,0.4,21,ONE_POINT,100,100,RANDOM,3
114,11500,34.54956340789795,80221,80231.41,0,0.4,21,ONE_POINT,100,100,RANDOM,3
115,11600,34.96375513076782,80038,80045.03,0,0.4,21,ONE_POINT,100,100,RANDOM,3
116,11700,35.350311279296875,79820,79828.72,0,0.4,21,ONE_POINT,100,100,RANDOM,3
117,11800,35.69807481765747,79594,79623.55,0,0.4,21,ONE_POINT,100,100,RANDOM,3
118,11900,36.106993675231934,79370,79378.96,0,0.4,21,ONE_POINT,100,100,RANDOM,3
119,12000,36.44972109794617,79032,79058.97,0,0.4,21,ONE_POINT,100,100,RANDOM,3
120,12100,36.73251986503601,78831,78855.45,0,0.4,21,ONE_POINT,100,100,RANDOM,3
121,12200,37.01665949821472,78589,78625.25,0,0.4,21,ONE_POINT,100,100,RANDOM,3
122,12300,37.29456543922424,78029,78040.8,0,0.4,21,ONE_POINT,100,100,RANDOM,3
123,12400,37.573079347610474,77912,77917.73,0,0.4,21,ONE_POINT,100,100,RANDOM,3
124,12500,37.90984058380127,77756,77761.46,0,0.4,21,ONE_POINT,100,100,RANDOM,3
125,12600,38.238789558410645,77625,77629.09,0,0.4,21,ONE_POINT,100,100,RANDOM,3
126,12700,38.51020812988281,77463,77483.19,0,0.4,21,ONE_POINT,100,100,RANDOM,3
127,12800,38.8500759601593,77165,77176.92,0,0.4,21,ONE_POINT,100,100,RANDOM,3
128,12900,39.16472244262695,76885,76950.8,0,0.4,21,ONE_POINT,100,100,RANDOM,3
129,13000,39.440643548965454,76827,76836.26,0,0.4,21,ONE_POINT,100,100,RANDOM,3
130,13100,39.71855568885803,76696,76703.13,0,0.4,21,ONE_POINT,100,100,RANDOM,3
131,13200,39.992231369018555,76563,76574.91,0,0.4,21,ONE_POINT,100,100,RANDOM,3
132,13300,40.27710485458374,76208,76215.1,0,0.4,21,ONE_POINT,100,100,RANDOM,3
133,13400,40.550819396972656,76070,76075.52,0,0.4,21,ONE_POINT,100,100,RANDOM,3
134,13500,40.856449365615845,75947,75961.3,0,0.4,21,ONE_POINT,100,100,RANDOM,3
135,13600,41.137606143951416,75787,75791.11,0,0.4,21,ONE_POINT,100,100,RANDOM,3
136,13700,41.41484236717224,75748,75750.43,0,0.4,21,ONE_POINT,100,100,RANDOM,3
137,13800,41.70479130744934,75476,75486.88,0,0.4,21,ONE_POINT,100,100,RANDOM,3
138,13900,42.01425099372864,75232,75241.76,0,0.4,21,ONE_POINT,100,100,RANDOM,3
139,14000,42.343082427978516,74749,74763.58,0,0.4,21,ONE_POINT,100,100,RANDOM,3
140,14100,42.61770510673523,74493,74502.86,0,0.4,21,ONE_POINT,100,100,RANDOM,3
141,14200,42.931605100631714,74330,74356.88,0,0.4,21,ONE_POINT,100,100,RANDOM,3
142,14300,43.23505997657776,74188,74194.0,0,0.4,21,ONE_POINT,100,100,RANDOM,3
143,14400,43.52105975151062,74079,74087.36,0,0.4,21,ONE_POINT,100,100,RANDOM,3
144,14500,43.79844951629639,73893,73899.45,0,0.4,21,ONE_POINT,100,100,RANDOM,3
145,14600,44.06994581222534,73595,73609.81,0,0.4,21,ONE_POINT,100,100,RANDOM,3
146,14700,44.36227536201477,73483,73488.6,0,0.4,21,ONE_POINT,100,100,RANDOM,3
147,14800,44.65135669708252,73224,73245.14,0,0.4,21,ONE_POINT,100,100,RANDOM,3
148,14900,44.96072506904602,73053,73059.86,0,0.4,21,ONE_POINT,100,100,RANDOM,3
149,15000,45.22611403465271,72866,72874.8,0,0.4,21,ONE_POINT,100,100,RANDOM,3
150,15100,45.52942514419556,72682,72730.19,0,0.4,21,ONE_POINT,100,100,RANDOM,3
151,15200,45.82619643211365,72630,72635.21,0,0.4,21,ONE_POINT,100,100,RANDOM,3
152,15300,46.1272611618042,72368,72378.48,0,0.4,21,ONE_POINT,100,100,RANDOM,3
153,15400,46.46007585525513,72201,72220.63,0,0.4,21,ONE_POINT,100,100,RANDOM,3
154,15500,46.79260611534119,71907,71935.69,0,0.4,21,ONE_POINT,100,100,RANDOM,3
155,15600,47.13020586967468,71756,71762.04,0,0.4,21,ONE_POINT,100,100,RANDOM,3
156,15700,47.45128321647644,71594,71601.22,0,0.4,21,ONE_POINT,100,100,RANDOM,3
157,15800,47.77287006378174,71378,71407.53,0,0.4,21,ONE_POINT,100,100,RANDOM,3
158,15900,48.06072664260864,71223,71229.06,0,0.4,21,ONE_POINT,100,100,RANDOM,3
159,16000,48.3466579914093,70904,70915.12,0,0.4,21,ONE_POINT,100,100,RANDOM,3
160,16100,48.677613735198975,70830,70836.5,0,0.4,21,ONE_POINT,100,100,RANDOM,3
161,16200,48.96936798095703,70745,70777.63,0,0.4,21,ONE_POINT,100,100,RANDOM,3
162,16300,49.28602194786072,70587,70594.37,0,0.4,21,ONE_POINT,100,100,RANDOM,3
163,16400,49.5789532661438,70492,70503.35,0,0.4,21,ONE_POINT,100,100,RANDOM,3
164,16500,49.916242361068726,70350,70388.28,0,0.4,21,ONE_POINT,100,100,RANDOM,3
165,16600,50.20897316932678,70218,70223.28,0,0.4,21,ONE_POINT,100,100,RANDOM,3
166,16700,50.4971022605896,70069,70074.99,0,0.4,21,ONE_POINT,100,100,RANDOM,3
167,16800,50.77433133125305,69791,69799.15,0,0.4,21,ONE_POINT,100,100,RANDOM,3
168,16900,51.04786562919617,69564,69570.81,0,0.4,21,ONE_POINT,100,100,RANDOM,3
169,17000,51.40143966674805,69284,69295.57,0,0.4,21,ONE_POINT,100,100,RANDOM,3
170,17100,51.7550253868103,69187,69193.01,0,0.4,21,ONE_POINT,100,100,RANDOM,3
171,17200,52.03510928153992,68997,69005.06,0,0.4,21,ONE_POINT,100,100,RANDOM,3
172,17300,52.361034631729126,68762,68769.05,0,0.4,21,ONE_POINT,100,100,RANDOM,3
173,17400,52.68038892745972,68531,68543.06,0,0.4,21,ONE_POINT,100,100,RANDOM,3
174,17500,52.97513151168823,68323,68329.56,0,0.4,21,ONE_POINT,100,100,RANDOM,3
175,17600,53.26449203491211,68244,68247.95,0,0.4,21,ONE_POINT,100,100,RANDOM,3
176,17700,53.621634006500244,68032,68040.48,0,0.4,21,ONE_POINT,100,100,RANDOM,3
177,17800,53.978487968444824,67912,67938.37,0,0.4,21,ONE_POINT,100,100,RANDOM,3
178,17900,54.25834512710571,67805,67811.14,0,0.4,21,ONE_POINT,100,100,RANDOM,3
179,18000,54.55927896499634,67505,67515.07,0,0.4,21,ONE_POINT,100,100,RANDOM,3
180,18100,54.906736612319946,67359,67369.3,0,0.4,21,ONE_POINT,100,100,RANDOM,3
181,18200,55.22555685043335,67266,67280.47,0,0.4,21,ONE_POINT,100,100,RANDOM,3
182,18300,55.543256521224976,67112,67118.16,0,0.4,21,ONE_POINT,100,100,RANDOM,3
183,18400,55.83392667770386,67045,67049.02,0,0.4,21,ONE_POINT,100,100,RANDOM,3
184,18500,56.11296725273132,66874,66880.84,0,0.4,21,ONE_POINT,100,100,RANDOM,3
185,18600,56.38439631462097,66721,66727.42,0,0.4,21,ONE_POINT,100,100,RANDOM,3
186,18700,56.692384243011475,66663,66691.57,0,0.4,21,ONE_POINT,100,100,RANDOM,3
187,18800,56.969358921051025,66557,66562.19,0,0.4,21,ONE_POINT,100,100,RANDOM,3
188,18900,57.25714111328125,66487,66536.72,0,0.4,21,ONE_POINT,100,100,RANDOM,3
189,19000,57.528199434280396,66408,66413.57,0,0.4,21,ONE_POINT,100,100,RANDOM,3
190,19100,57.81936025619507,66251,66267.33,0,0.4,21,ONE_POINT,100,100,RANDOM,3
191,19200,58.13837456703186,66071,66083.37,0,0.4,21,ONE_POINT,100,100,RANDOM,3
192,19300,58.412879943847656,65878,65971.94,0,0.4,21,ONE_POINT,100,100,RANDOM,3
193,19400,58.68330693244934,65744,65770.88,0,0.4,21,ONE_POINT,100,100,RANDOM,3
194,19500,58.970311403274536,65633,65645.11,0,0.4,21,ONE_POINT,100,100,RANDOM,3
195,19600,59.248080015182495,65357,65368.04,0,0.4,21,ONE_POINT,100,100,RANDOM,3
196,19700,59.52098798751831,65228,65239.04,0,0.4,21,ONE_POINT,100,100,RANDOM,3
197,19800,59.830698013305664,65116,65120.48,0,0.4,21,ONE_POINT,100,100,RANDOM,3
198,19900,60.12285923957825,64971,64984.36,0,0.4,21,ONE_POINT,100,100,RANDOM,3
199,20000,60.440216064453125,64731,64740.6,0,0.4,21,ONE_POINT,100,100,RANDOM,3
200,20100,60.727412700653076,64574,64589.36,0,0.4,21,ONE_POINT,100,100,RANDOM,3
201,20200,61.01173138618469,64412,64416.91,0,0.4,21,ONE_POINT,100,100,RANDOM,3
202,20300,61.342281103134155,64301,64305.44,0,0.4,21,ONE_POINT,100,100,RANDOM,3
203,20400,61.77227187156677,64060,64067.23,0,0.4,21,ONE_POINT,100,100,RANDOM,3
204,20500,62.09282875061035,63935,63943.69,0,0.4,21,ONE_POINT,100,100,RANDOM,3
205,20600,62.46243858337402,63815,63819.91,0,0.4,21,ONE_POINT,100,100,RANDOM,3
206,20700,62.78695750236511,63663,63673.7,0,0.4,21,ONE_POINT,100,100,RANDOM,3
207,20800,63.07355713844299,63494,63515.31,0,0.4,21,ONE_POINT,100,100,RANDOM,3
208,20900,63.41399574279785,63411,63414.94,0,0.4,21,ONE_POINT,100,100,RANDOM,3
209,21000,63.74890947341919,63278,63297.71,0,0.4,21,ONE_POINT,100,100,RANDOM,3
210,21100,64.07079672813416,63062,63069.92,0,0.4,21,ONE_POINT,100,100,RANDOM,3
211,21200,64.35072636604309,62757,62769.64,0,0.4,21,ONE_POINT,100,100,RANDOM,3
212,21300,64.67996406555176,62642,62652.73,0,0.4,21,ONE_POINT,100,100,RANDOM,3
213,21400,65.02767610549927,62564,62568.81,0,0.4,21,ONE_POINT,100,100,RANDOM,3
214,21500,65.36999416351318,62266,62289.14,0,0.4,21,ONE_POINT,100,100,RANDOM,3
215,21600,65.7063820362091,62137,62143.62,0,0.4,21,ONE_POINT,100,100,RANDOM,3
216,21700,66.03293943405151,62065,62070.39,0,0.4,21,ONE_POINT,100,100,RANDOM,3
217,21800,66.31853103637695,62023,62102.64,0,0.4,21,ONE_POINT,100,100,RANDOM,3
218,21900,66.59722709655762,61958,61966.28,0,0.4,21,ONE_POINT,100,100,RANDOM,3
219,22000,66.92667984962463,61821,61828.97,0,0.4,21,ONE_POINT,100,100,RANDOM,3
220,22100,67.284912109375,61685,61691.26,0,0.4,21,ONE_POINT,100,100,RANDOM,3
221,22200,67.62925839424133,61583,61606.28,0,0.4,21,ONE_POINT,100,100,RANDOM,3
222,22300,67.95222854614258,61210,61232.8,0,0.4,21,ONE_POINT,100,100,RANDOM,3
223,22400,68.26966190338135,61118,61123.52,0,0.4,21,ONE_POINT,100,100,RANDOM,3
224,22500,68.63923907279968,60859,60866.81,0,0.4,21,ONE_POINT,100,100,RANDOM,3
225,22600,68.95095539093018,60778,60805.06,0,0.4,21,ONE_POINT,100,100,RANDOM,3
226,22700,69.2561023235321,60697,60723.8,0,0.4,21,ONE_POINT,100,100,RANDOM,3
227,22800,69.577476978302,60553,60560.34,0,0.4,21,ONE_POINT,100,100,RANDOM,3
228,22900,69.88113713264465,60460,60465.52,0,0.4,21,ONE_POINT,100,100,RANDOM,3
229,23000,70.20747089385986,60357,60388.87,0,0.4,21,ONE_POINT,100,100,RANDOM,3
230,23100,70.57668900489807,60232,60244.33,0,0.4,21,ONE_POINT,100,100,RANDOM,3
231,23200,70.99096655845642,60030,60048.47,0,0.4,21,ONE_POINT,100,100,RANDOM,3
232,23300,71.31387305259705,59836,59847.89,0,0.4,21,ONE_POINT,100,100,RANDOM,3
233,23400,71.62950420379639,59754,59767.42,0,0.4,21,ONE_POINT,100,100,RANDOM,3
234,23500,71.9707260131836,59608,59615.85,0,0.4,21,ONE_POINT,100,100,RANDOM,3
235,23600,72.25165009498596,59469,59474.56,0,0.4,21,ONE_POINT,100,100,RANDOM,3
236,23700,72.57723093032837,59416,59419.18,0,0.4,21,ONE_POINT,100,100,RANDOM,3
237,23800,72.94525456428528,59257,59291.12,0,0.4,21,ONE_POINT,100,100,RANDOM,3
238,23900,73.23547315597534,59209,59212.36,0,0.4,21,ONE_POINT,100,100,RANDOM,3
239,24000,73.58071899414062,59089,59093.64,0,0.4,21,ONE_POINT,100,100,RANDOM,3
240,24100,73.90875959396362,58993,58998.17,0,0.4,21,ONE_POINT,100,100,RANDOM,3
241,24200,74.22279953956604,58954,58957.4,0,0.4,21,ONE_POINT,100,100,RANDOM,3
242,24300,74.5442967414856,58685,58695.76,0,0.4,21,ONE_POINT,100,100,RANDOM,3
243,24400,74.83155870437622,58598,58603.71,0,0.4,21,ONE_POINT,100,100,RANDOM,3
244,24500,75.12218284606934,58393,58423.68,0,0.4,21,ONE_POINT,100,100,RANDOM,3
245,24600,75.43498826026917,58344,58375.94,0,0.4,21,ONE_POINT,100,100,RANDOM,3
246,24700,75.72224283218384,58263,58267.91,0,0.4,21,ONE_POINT,100,100,RANDOM,3
247,24800,76.02539038658142,58086,58106.88,0,0.4,21,ONE_POINT,100,100,RANDOM,3
248,24900,76.34206056594849,58020,58027.26,0,0.4,21,ONE_POINT,100,100,RANDOM,3
249,25000,76.61523103713989,57849,57856.5,0,0.4,21,ONE_POINT,100,100,RANDOM,3
250,25100,76.91001915931702,57734,57740.27,0,0.4,21,ONE_POINT,100,100,RANDOM,3
251,25200,77.23412251472473,57654,57659.15,0,0.4,21,ONE_POINT,100,100,RANDOM,3
252,25300,77.53752875328064,57602,57605.22,0,0.4,21,ONE_POINT,100,100,RANDOM,3
253,25400,77.82981038093567,57487,57493.45,0,0.4,21,ONE_POINT,100,100,RANDOM,3
254,25500,78.1566469669342,57307,57314.2,0,0.4,21,ONE_POINT,100,100,RANDOM,3
255,25600,78.47633004188538,57092,57104.66,0,0.4,21,ONE_POINT,100,100,RANDOM,3
256,25700,78.8067786693573,56991,57016.07,0,0.4,21,ONE_POINT,100,100,RANDOM,3
257,25800,79.1072289943695,56725,56735.99,0,0.4,21,ONE_POINT,100,100,RANDOM,3
258,25900,79.42220044136047,56584,56600.57,0,0.4,21,ONE_POINT,100,100,RANDOM,3
259,26000,79.75943922996521,56460,56472.29,0,0.4,21,ONE_POINT,100,100,RANDOM,3
260,26100,80.02766442298889,56404,56417.16,0,0.4,21,ONE_POINT,100,100,RANDOM,3
261,26200,80.3207459449768,56266,56271.52,0,0.4,21,ONE_POINT,100,100,RANDOM,3
262,26300,80.60547280311584,56123,56131.43,0,0.4,21,ONE_POINT,100,100,RANDOM,3
263,26400,80.89543914794922,56055,56059.02,0,0.4,21,ONE_POINT,100,100,RANDOM,3
264,26500,81.19331884384155,55890,55914.27,0,0.4,21,ONE_POINT,100,100,RANDOM,3
265,26600,81.46025705337524,55803,55811.77,0,0.4,21,ONE_POINT,100,100,RANDOM,3
266,26700,81.73451137542725,55707,55715.48,0,0.4,21,ONE_POINT,100,100,RANDOM,3
267,26800,82.06274008750916,55641,55657.95,0,0.4,21,ONE_POINT,100,100,RANDOM,3
268,26900,82.3489682674408,55579,55586.14,0,0.4,21,ONE_POINT,100,100,RANDOM,3
269,27000,82.62912774085999,55446,55452.5,0,0.4,21,ONE_POINT,100,100,RANDOM,3
270,27100,82.93904662132263,55362,55367.1,0,0.4,21,ONE_POINT,100,100,RANDOM,3
271,27200,83.27042484283447,55268,55283.39,0,0.4,21,ONE_POINT,100,100,RANDOM,3
272,27300,83.56160283088684,55123,55135.68,0,0.4,21,ONE_POINT,100,100,RANDOM,3
273,27400,83.88889908790588,54951,54957.88,0,0.4,21,ONE_POINT,100,100,RANDOM,3
274,27500,84.17419672012329,54746,54770.63,0,0.4,21,ONE_POINT,100,100,RANDOM,3
275,27600,84.47930765151978,54559,54568.52,0,0.4,21,ONE_POINT,100,100,RANDOM,3
276,27700,84.8080472946167,54437,54449.02,0,0.4,21,ONE_POINT,100,100,RANDOM,3
277,27800,85.18628811836243,54389,54402.1,0,0.4,21,ONE_POINT,100,100,RANDOM,3
278,27900,85.5289318561554,54308,54321.2,0,0.4,21,ONE_POINT,100,100,RANDOM,3
279,28000,85.85202956199646,54158,54167.2,0,0.4,21,ONE_POINT,100,100,RANDOM,3
280,28100,86.13004922866821,54057,54063.49,0,0.4,21,ONE_POINT,100,100,RANDOM,3
281,28200,86.40553402900696,53955,53963.41,0,0.4,21,ONE_POINT,100,100,RANDOM,3
282,28300,86.7094235420227,53898,53905.49,0,0.4,21,ONE_POINT,100,100,RANDOM,3
283,28400,86.98267459869385,53845,53849.5,0,0.4,21,ONE_POINT,100,100,RANDOM,3
284,28500,87.31071853637695,53761,53766.32,0,0.4,21,ONE_POINT,100,100,RANDOM,3
285,28600,87.6522490978241,53601,53613.81,0,0.4,21,ONE_POINT,100,100,RANDOM,3
286,28700,87.92535710334778,53475,53498.9,0,0.4,21,ONE_POINT,100,100,RANDOM,3
287,28800,88.23159170150757,53411,53420.7,0,0.4,21,ONE_POINT,100,100,RANDOM,3
288,28900,88.52330589294434,53384,53392.79,0,0.4,21,ONE_POINT,100,100,RANDOM,3
289,29000,88.85808634757996,53211,53221.76,0,0.4,21,ONE_POINT,100,100,RANDOM,3
290,29100,89.15239667892456,53133,53144.91,0,0.4,21,ONE_POINT,100,100,RANDOM,3
291,29200,89.43588757514954,52847,52861.62,0,0.4,21,ONE_POINT,100,100,RANDOM,3
292,29300,89.71205687522888,52776,52788.9,0,0.4,21,ONE_POINT,100,100,RANDOM,3
293,29400,90.03933930397034,52719,52723.16,0,0.4,21,ONE_POINT,100,100,RANDOM,3
294,29500,90.3150565624237,52686,52688.54,0,0.4,21,ONE_POINT,100,100,RANDOM,3
295,29600,90.62439608573914,52619,52637.4,0,0.4,21,ONE_POINT,100,100,RANDOM,3
296,29700,90.9350700378418,52523,52529.43,0,0.4,21,ONE_POINT,100,100,RANDOM,3
297,29800,91.21607851982117,52472,52478.43,0,0.4,21,ONE_POINT,100,100,RANDOM,3
298,29900,91.49781107902527,52434,52443.47,0,0.4,21,ONE_POINT,100,100,RANDOM,3
299,30000,91.78671193122864,52365,52369.94,0,0.4,21,ONE_POINT,100,100,RANDOM,3
300,30100,92.10403156280518,52286,52304.83,0,0.4,21,ONE_POINT,100,100,RANDOM,3
301,30200,92.47143149375916,52192,52197.49,0,0.4,21,ONE_POINT,100,100,RANDOM,3
302,30300,92.76193928718567,52088,52094.75,0,0.4,21,ONE_POINT,100,100,RANDOM,3
303,30400,93.07679057121277,52049,52074.18,0,0.4,21,ONE_POINT,100,100,RANDOM,3
304,30500,93.38344931602478,51880,51891.61,0,0.4,21,ONE_POINT,100,100,RANDOM,3
305,30600,93.71462726593018,51778,51785.28,0,0.4,21,ONE_POINT,100,100,RANDOM,3
306,30700,94.04061007499695,51737,51742.79,0,0.4,21,ONE_POINT,100,100,RANDOM,3
307,30800,94.39379739761353,51653,51656.93,0,0.4,21,ONE_POINT,100,100,RANDOM,3
308,30900,94.69178652763367,51566,51572.06,0,0.4,21,ONE_POINT,100,100,RANDOM,3
309,31000,94.97452735900879,51492,51504.97,0,0.4,21,ONE_POINT,100,100,RANDOM,3
310,31100,95.35409998893738,51408,51415.62,0,0.4,21,ONE_POINT,100,100,RANDOM,3
311,31200,95.70042371749878,51359,51366.78,0,0.4,21,ONE_POINT,100,100,RANDOM,3
312,31300,95.98653745651245,51229,51255.44,0,0.4,21,ONE_POINT,100,100,RANDOM,3
313,31400,96.32428765296936,51121,51127.48,0,0.4,21,ONE_POINT,100,100,RANDOM,3
314,31500,96.6542272567749,51017,51023.87,0,0.4,21,ONE_POINT,100,100,RANDOM,3
315,31600,96.98466992378235,50903,50914.66,0,0.4,21,ONE_POINT,100,100,RANDOM,3
316,31700,97.31269860267639,50850,50859.08,0,0.4,21,ONE_POINT,100,100,RANDOM,3
317,31800,97.59063005447388,50749,50764.89,0,0.4,21,ONE_POINT,100,100,RANDOM,3
318,31900,97.9212794303894,50694,50711.54,0,0.4,21,ONE_POINT,100,100,RANDOM,3
319,32000,98.23156309127808,50568,50588.84,0,0.4,21,ONE_POINT,100,100,RANDOM,3
320,32100,98.55000758171082,50498,50503.85,0,0.4,21,ONE_POINT,100,100,RANDOM,3
321,32200,98.88946843147278,50256,50271.92,0,0.4,21,ONE_POINT,100,100,RANDOM,3
322,32300,99.17540001869202,50203,50231.26,0,0.4,21,ONE_POINT,100,100,RANDOM,3
323,32400,99.50687050819397,50129,50145.71,0,0.4,21,ONE_POINT,100,100,RANDOM,3
324,32500,99.83293986320496,50093,50096.45,0,0.4,21,ONE_POINT,100,100,RANDOM,3
325,32600,100.14160084724426,50023,50027.2,0,0.4,21,ONE_POINT,100,100,RANDOM,3
326,32700,100.43851256370544,49967,49979.46,0,0.4,21,ONE_POINT,100,100,RANDOM,3
327,32800,100.7175772190094,49880,49902.93,0,0.4,21,ONE_POINT,100,100,RANDOM,3
328,32900,101.02534127235413,49802,49807.3,0,0.4,21,ONE_POINT,100,100,RANDOM,3
329,33000,101.33569002151489,49765,49767.61,0,0.4,21,ONE_POINT,100,100,RANDOM,3
330,33100,101.664235830307,49621,49630.9,0,0.4,21,ONE_POINT,100,100,RANDOM,3
331,33200,101.95217108726501,49530,49538.14,0,0.4,21,ONE_POINT,100,100,RANDOM,3
332,33300,102.26978898048401,49468,49472.48,0,0.4,21,ONE_POINT,100,100,RANDOM,3
333,33400,102.60055136680603,49415,49430.93,0,0.4,21,ONE_POINT,100,100,RANDOM,3
334,33500,102.88133907318115,49373,49376.36,0,0.4,21,ONE_POINT,100,100,RANDOM,3
335,33600,103.21512126922607,49335,49339.51,0,0.4,21,ONE_POINT,100,100,RANDOM,3
336,33700,103.52481269836426,49269,49280.25,0,0.4,21,ONE_POINT,100,100,RANDOM,3
337,33800,103.84489130973816,49212,49221.22,0,0.4,21,ONE_POINT,100,100,RANDOM,3
338,33900,104.27350354194641,49095,49103.63,0,0.4,21,ONE_POINT,100,100,RANDOM,3
339,34000,104.69032597541809,48987,48993.48,0,0.4,21,ONE_POINT,100,100,RANDOM,3
340,34100,105.04194140434265,48954,48958.06,0,0.4,21,ONE_POINT,100,100,RANDOM,3
341,34200,105.36909770965576,48899,48904.82,0,0.4,21,ONE_POINT,100,100,RANDOM,3
342,34300,105.6452386379242,48820,48835.18,0,0.4,21,ONE_POINT,100,100,RANDOM,3
343,34400,105.9662606716156,48705,48714.46,0,0.4,21,ONE_POINT,100,100,RANDOM,3
344,34500,106.36063194274902,48670,48674.97,0,0.4,21,ONE_POINT,100,100,RANDOM,3
345,34600,106.7593719959259,48590,48600.55,0,0.4,21,ONE_POINT,100,100,RANDOM,3
346,34700,107.07093811035156,48528,48566.11,0,0.4,21,ONE_POINT,100,100,RANDOM,3
347,34800,107.38906478881836,48427,48526.84,0,0.4,21,ONE_POINT,100,100,RANDOM,3
348,34900,107.72238492965698,48373,48382.23,0,0.4,21,ONE_POINT,100,100,RANDOM,3
349,35000,108.0884518623352,48317,48321.28,0,0.4,21,ONE_POINT,100,100,RANDOM,3
350,35100,108.36270594596863,48227,48248.56,0,0.4,21,ONE_POINT,100,100,RANDOM,3
351,35200,108.67369198799133,48172,48175.55,0,0.4,21,ONE_POINT,100,100,RANDOM,3
352,35300,109.00298023223877,48126,48137.56,0,0.4,21,ONE_POINT,100,100,RANDOM,3
353,35400,109.31482005119324,48072,48085.93,0,0.4,21,ONE_POINT,100,100,RANDOM,3
354,35500,109.65129446983337,48030,48032.52,0,0.4,21,ONE_POINT,100,100,RANDOM,3
355,35600,110.03498363494873,47972,47976.56,0,0.4,21,ONE_POINT,100,100,RANDOM,3
356,35700,110.36779546737671,47899,47912.05,0,0.4,21,ONE_POINT,100,100,RANDOM,3
357,35800,110.68278694152832,47850,47853.43,0,0.4,21,ONE_POINT,100,100,RANDOM,3
358,35900,110.96128630638123,47773,47788.62,0,0.4,21,ONE_POINT,100,100,RANDOM,3
359,36000,111.29301929473877,47613,47623.54,0,0.4,21,ONE_POINT,100,100,RANDOM,3
360,36100,111.63770055770874,47481,47505.26,0,0.4,21,ONE_POINT,100,100,RANDOM,3
361,36200,111.93946433067322,47423,47430.23,0,0.4,21,ONE_POINT,100,100,RANDOM,3
362,36300,112.24009275436401,47375,47383.26,0,0.4,21,ONE_POINT,100,100,RANDOM,3
363,36400,112.56146383285522,47238,47246.22,0,0.4,21,ONE_POINT,100,100,RANDOM,3
364,36500,112.891446352005,47197,47208.03,0,0.4,21,ONE_POINT,100,100,RANDOM,3
365,36600,113.20136666297913,47166,47168.89,0,0.4,21,ONE_POINT,100,100,RANDOM,3
366,36700,113.48207902908325,47094,47106.39,0,0.4,21,ONE_POINT,100,100,RANDOM,3
367,36800,113.78526067733765,47031,47042.29,0,0.4,21,ONE_POINT,100,100,RANDOM,3
368,36900,114.11614060401917,46998,47000.98,0,0.4,21,ONE_POINT,100,100,RANDOM,3
369,37000,114.41230654716492,46915,46919.98,0,0.4,21,ONE_POINT,100,100,RANDOM,3
370,37100,114.73163485527039,46855,46859.52,0,0.4,21,ONE_POINT,100,100,RANDOM,3
371,37200,115.02080392837524,46819,46840.8,0,0.4,21,ONE_POINT,100,100,RANDOM,3
372,37300,115.35423302650452,46764,46772.7,0,0.4,21,ONE_POINT,100,100,RANDOM,3
373,37400,115.63597130775452,46734,46743.33,0,0.4,21,ONE_POINT,100,100,RANDOM,3
374,37500,115.93981385231018,46683,46687.14,0,0.4,21,ONE_POINT,100,100,RANDOM,3
375,37600,116.25332069396973,46648,46658.32,0,0.4,21,ONE_POINT,100,100,RANDOM,3
376,37700,116.5247688293457,46459,46466.44,0,0.4,21,ONE_POINT,100,100,RANDOM,3
377,37800,116.79659748077393,46404,46408.4,0,0.4,21,ONE_POINT,100,100,RANDOM,3
378,37900,117.11165452003479,46338,46358.41,0,0.4,21,ONE_POINT,100,100,RANDOM,3
379,38000,117.40767812728882,46293,46299.75,0,0.4,21,ONE_POINT,100,100,RANDOM,3
380,38100,117.73882365226746,46234,46238.58,0,0.4,21,ONE_POINT,100,100,RANDOM,3
381,38200,118.05264544487,46151,46161.39,0,0.4,21,ONE_POINT,100,100,RANDOM,3
382,38300,118.3638219833374,46097,46105.25,0,0.4,21,ONE_POINT,100,100,RANDOM,3
383,38400,118.6963005065918,46069,46072.3,0,0.4,21,ONE_POINT,100,100,RANDOM,3
384,38500,119.05202436447144,46037,46039.89,0,0.4,21,ONE_POINT,100,100,RANDOM,3
385,38600,119.38759231567383,45919,45933.87,0,0.4,21,ONE_POINT,100,100,RANDOM,3
386,38700,119.67102289199829,45895,45899.58,0,0.4,21,ONE_POINT,100,100,RANDOM,3
387,38800,119.97907662391663,45816,45821.92,0,0.4,21,ONE_POINT,100,100,RANDOM,3
388,38900,120.35908484458923,45763,45766.28,0,0.4,21,ONE_POINT,100,100,RANDOM,3
389,39000,120.68290853500366,45684,45688.74,0,0.4,21,ONE_POINT,100,100,RANDOM,3
390,39100,120.99831771850586,45620,45629.86,0,0.4,21,ONE_POINT,100,100,RANDOM,3
391,39200,121.27133440971375,45586,45589.06,0,0.4,21,ONE_POINT,100,100,RANDOM,3
392,39300,121.58501839637756,45509,45515.56,0,0.4,21,ONE_POINT,100,100,RANDOM,3
393,39400,121.89258551597595,45413,45419.54,0,0.4,21,ONE_POINT,100,100,RANDOM,3
394,39500,122.24701881408691,45362,45367.51,0,0.4,21,ONE_POINT,100,100,RANDOM,3
395,39600,122.55003261566162,45297,45301.48,0,0.4,21,ONE_POINT,100,100,RANDOM,3
396,39700,122.8303906917572,45249,45265.59,0,0.4,21,ONE_POINT,100,100,RANDOM,3
397,39800,123.14791297912598,45224,45227.4,0,0.4,21,ONE_POINT,100,100,RANDOM,3
398,39900,123.47895884513855,45216,45228.57,0,0.4,21,ONE_POINT,100,100,RANDOM,3
399,40000,123.78064274787903,45192,45198.42,0,0.4,21,ONE_POINT,100,100,RANDOM,3
400,40100,124.05695605278015,45156,45158.93,0,0.4,21,ONE_POINT,100,100,RANDOM,3
401,40200,124.34184908866882,45125,45160.19,0,0.4,21,ONE_POINT,100,100,RANDOM,3
402,40300,124.63541150093079,44772,44798.77,0,0.4,21,ONE_POINT,100,100,RANDOM,3
403,40400,124.94501447677612,44699,44761.18,0,0.4,21,ONE_POINT,100,100,RANDOM,3
404,40500,125.22128939628601,44637,44641.4,0,0.4,21,ONE_POINT,100,100,RANDOM,3
405,40600,125.5275342464447,44580,44600.67,0,0.4,21,ONE_POINT,100,100,RANDOM,3
406,40700,125.86823439598083,44544,44554.49,0,0.4,21,ONE_POINT,100,100,RANDOM,3
407,40800,126.20326900482178,44419,44426.47,0,0.4,21,ONE_POINT,100,100,RANDOM,3
408,40900,126.52204966545105,44304,44318.82,0,0.4,21,ONE_POINT,100,100,RANDOM,3
409,41000,126.82391095161438,44252,44260.55,0,0.4,21,ONE_POINT,100,100,RANDOM,3
410,41100,127.13427305221558,44202,44206.36,0,0.4,21,ONE_POINT,100,100,RANDOM,3
411,41200,127.4318220615387,44170,44282.53,0,0.4,21,ONE_POINT,100,100,RANDOM,3
412,41300,127.74983811378479,44085,44167.86,0,0.4,21,ONE_POINT,100,100,RANDOM,3
413,41400,128.03662204742432,44029,44052.29,0,0.4,21,ONE_POINT,100,100,RANDOM,3
414,41500,128.36585474014282,43999,44008.72,0,0.4,21,ONE_POINT,100,100,RANDOM,3
415,41600,128.6780607700348,43959,43964.36,0,0.4,21,ONE_POINT,100,100,RANDOM,3
416,41700,129.00476050376892,43924,43928.3,0,0.4,21,ONE_POINT,100,100,RANDOM,3
417,41800,129.3254909515381,43901,43910.18,0,0.4,21,ONE_POINT,100,100,RANDOM,3
418,41900,129.61905694007874,43822,43831.27,0,0.4,21,ONE_POINT,100,100,RANDOM,3
419,42000,129.96567058563232,43792,43796.07,0,0.4,21,ONE_POINT,100,100,RANDOM,3
420,42100,130.29141211509705,43762,43872.53,0,0.4,21,ONE_POINT,100,100,RANDOM,3
421,42200,130.56545972824097,43699,43774.41,0,0.4,21,ONE_POINT,100,100,RANDOM,3
422,42300,130.86737203598022,43638,43659.35,0,0.4,21,ONE_POINT,100,100,RANDOM,3
423,42400,131.1852958202362,43595,43609.48,0,0.4,21,ONE_POINT,100,100,RANDOM,3
424,42500,131.50948977470398,43567,43574.25,0,0.4,21,ONE_POINT,100,100,RANDOM,3
425,42600,131.78087711334229,43540,43542.04,0,0.4,21,ONE_POINT,100,100,RANDOM,3
426,42700,132.08502197265625,43461,43470.16,0,0.4,21,ONE_POINT,100,100,RANDOM,3
427,42800,132.36136174201965,43411,43422.11,0,0.4,21,ONE_POINT,100,100,RANDOM,3
428,42900,132.67344212532043,43361,43373.21,0,0.4,21,ONE_POINT,100,100,RANDOM,3
429,43000,132.94737720489502,43263,43272.39,0,0.4,21,ONE_POINT,100,100,RANDOM,3
430,43100,133.21881198883057,43216,43221.66,0,0.4,21,ONE_POINT,100,100,RANDOM,3
431,43200,133.5087640285492,43141,43169.37,0,0.4,21,ONE_POINT,100,100,RANDOM,3
432,43300,133.8032886981964,43093,43095.97,0,0.4,21,ONE_POINT,100,100,RANDOM,3
433,43400,134.10140800476074,43056,43059.49,0,0.4,21,ONE_POINT,100,100,RANDOM,3
434,43500,134.4012987613678,43015,43018.44,0,0.4,21,ONE_POINT,100,100,RANDOM,3
435,43600,134.68430161476135,42912,42916.66,0,0.4,21,ONE_POINT,100,100,RANDOM,3
436,43700,134.97250270843506,42890,42892.08,0,0.4,21,ONE_POINT,100,100,RANDOM,3
437,43800,135.24787855148315,42794,42800.94,0,0.4,21,ONE_POINT,100,100,RANDOM,3
438,43900,135.53980422019958,42694,42699.0,0,0.4,21,ONE_POINT,100,100,RANDOM,3
439,44000,135.8181118965149,42606,42611.28,0,0.4,21,ONE_POINT,100,100,RANDOM,3
440,44100,136.1352026462555,42588,42604.91,0,0.4,21,ONE_POINT,100,100,RANDOM,3
441,44200,136.44944071769714,42551,42562.09,0,0.4,21,ONE_POINT,100,100,RANDOM,3
442,44300,136.73342537879944,42517,42520.73,0,0.4,21,ONE_POINT,100,100,RANDOM,3
443,44400,137.00784754753113,42475,42490.87,0,0.4,21,ONE_POINT,100,100,RANDOM,3
444,44500,137.34114146232605,42400,42434.22,0,0.4,21,ONE_POINT,100,100,RANDOM,3
445,44600,137.69017910957336,42358,42363.83,0,0.4,21,ONE_POINT,100,100,RANDOM,3
446,44700,138.0461196899414,42325,42327.9,0,0.4,21,ONE_POINT,100,100,RANDOM,3
447,44800,138.36702585220337,42279,42335.35,0,0.4,21,ONE_POINT,100,100,RANDOM,3
448,44900,138.64776349067688,42245,42248.83,0,0.4,21,ONE_POINT,100,100,RANDOM,3
449,45000,138.95064187049866,42214,42216.79,0,0.4,21,ONE_POINT,100,100,RANDOM,3
450,45100,139.2641897201538,42173,42186.38,0,0.4,21,ONE_POINT,100,100,RANDOM,3
451,45200,139.56160879135132,42144,42147.02,0,0.4,21,ONE_POINT,100,100,RANDOM,3
452,45300,139.9327962398529,42079,42084.51,0,0.4,21,ONE_POINT,100,100,RANDOM,3
453,45400,140.2182514667511,42047,42054.53,0,0.4,21,ONE_POINT,100,100,RANDOM,3
454,45500,140.50065064430237,41992,42002.83,0,0.4,21,ONE_POINT,100,100,RANDOM,3
455,45600,140.79941201210022,41947,41953.72,0,0.4,21,ONE_POINT,100,100,RANDOM,3
456,45700,141.16161274909973,41923,41943.35,0,0.4,21,ONE_POINT,100,100,RANDOM,3
457,45800,141.47191858291626,41873,41899.55,0,0.4,21,ONE_POINT,100,100,RANDOM,3
458,45900,141.76529598236084,41827,41830.98,0,0.4,21,ONE_POINT,100,100,RANDOM,3
459,46000,142.05550241470337,41814,41815.5,0,0.4,21,ONE_POINT,100,100,RANDOM,3
460,46100,142.3252248764038,41768,41771.81,0,0.4,21,ONE_POINT,100,100,RANDOM,3
461,46200,142.59773755073547,41754,41756.36,0,0.4,21,ONE_POINT,100,100,RANDOM,3
462,46300,142.91247534751892,41707,41710.85,0,0.4,21,ONE_POINT,100,100,RANDOM,3
463,46400,143.19179439544678,41677,41680.96,0,0.4,21,ONE_POINT,100,100,RANDOM,3
464,46500,143.46595740318298,41641,41646.59,0,0.4,21,ONE_POINT,100,100,RANDOM,3
465,46600,143.77412581443787,41623,41627.04,0,0.4,21,ONE_POINT,100,100,RANDOM,3
466,46700,144.05471444129944,41591,41594.5,0,0.4,21,ONE_POINT,100,100,RANDOM,3
467,46800,144.34500741958618,41588,41593.6,0,0.4,21,ONE_POINT,100,100,RANDOM,3
468,46900,144.63685059547424,41557,41564.09,0,0.4,21,ONE_POINT,100,100,RANDOM,3
469,47000,144.9390630722046,41518,41521.16,0,0.4,21,ONE_POINT,100,100,RANDOM,3
470,47100,145.21551966667175,41429,41434.42,0,0.4,21,ONE_POINT,100,100,RANDOM,3
471,47200,145.52539229393005,41379,41393.29,0,0.4,21,ONE_POINT,100,100,RANDOM,3
472,47300,145.83983302116394,41360,41365.09,0,0.4,21,ONE_POINT,100,100,RANDOM,3
473,47400,146.13851475715637,41301,41307.29,0,0.4,21,ONE_POINT,100,100,RANDOM,3
474,47500,146.46031379699707,41257,41260.52,0,0.4,21,ONE_POINT,100,100,RANDOM,3
475,47600,146.78402042388916,41250,41252.55,0,0.4,21,ONE_POINT,100,100,RANDOM,3
476,47700,147.08560132980347,41220,41228.82,0,0.4,21,ONE_POINT,100,100,RANDOM,3
477,47800,147.41877365112305,41205,41206.5,0,0.4,21,ONE_POINT,100,100,RANDOM,3
478,47900,147.73148703575134,41143,41148.17,0,0.4,21,ONE_POINT,100,100,RANDOM,3
479,48000,148.05443453788757,41092,41096.69,0,0.4,21,ONE_POINT,100,100,RANDOM,3
480,48100,148.3707845211029,41066,41068.85,0,0.4,21,ONE_POINT,100,100,RANDOM,3
481,48200,148.72653126716614,41010,41015.13,0,0.4,21,ONE_POINT,100,100,RANDOM,3
482,48300,149.01928067207336,41002,41008.76,0,0.4,21,ONE_POINT,100,100,RANDOM,3
483,48400,149.33869075775146,40948,40954.84,0,0.4,21,ONE_POINT,100,100,RANDOM,3
484,48500,149.61943769454956,40916,40918.68,0,0.4,21,ONE_POINT,100,100,RANDOM,3
485,48600,149.97823476791382,40893,40895.78,0,0.4,21,ONE_POINT,100,100,RANDOM,3
486,48700,150.27363419532776,40818,40822.5,0,0.4,21,ONE_POINT,100,100,RANDOM,3
487,48800,150.58362746238708,40778,40781.98,0,0.4,21,ONE_POINT,100,100,RANDOM,3
488,48900,150.91283082962036,40754,40758.07,0,0.4,21,ONE_POINT,100,100,RANDOM,3
489,49000,151.23596596717834,40734,40742.33,0,0.4,21,ONE_POINT,100,100,RANDOM,3
490,49100,151.5724139213562,40673,40678.81,0,0.4,21,ONE_POINT,100,100,RANDOM,3
491,49200,151.85735607147217,40630,40634.05,0,0.4,21,ONE_POINT,100,100,RANDOM,3
492,49300,152.195880651474,40582,40587.32,0,0.4,21,ONE_POINT,100,100,RANDOM,3
493,49400,152.54219269752502,40556,40563.54,0,0.4,21,ONE_POINT,100,100,RANDOM,3
494,49500,152.81006336212158,40507,40516.08,0,0.4,21,ONE_POINT,100,100,RANDOM,3
495,49600,153.09258103370667,40477,40479.8,0,0.4,21,ONE_POINT,100,100,RANDOM,3
496,49700,153.37583947181702,40450,40453.62,0,0.4,21,ONE_POINT,100,100,RANDOM,3
497,49800,153.69852924346924,40425,40427.58,0,0.4,21,ONE_POINT,100,100,RANDOM,3
498,49900,154.00965762138367,40363,40366.72,0,0.4,21,ONE_POINT,100,100,RANDOM,3
499,50000,154.3330807685852,40352,40354.67,0,0.4,21,ONE_POINT,100,100,RANDOM,3
500,50100,154.61573815345764,40309,40317.09,0,0.4,21,ONE_POINT,100,100,RANDOM,3
1,200,0.23632597923278809,140254,137359.06,0,0.4,21,ONE_POINT,100,100,RANDOM,4
2,300,0.5590226650238037,135681,135722.41,0,0.4,21,ONE_POINT,100,100,RANDOM,4
3,400,0.8501160144805908,134623,134642.58,0,0.4,21,ONE_POINT,100,100,RANDOM,4
4,500,1.1541388034820557,133695,133713.56,0,0.4,21,ONE_POINT,100,100,RANDOM,4
5,600,1.4707939624786377,133057,133069.76,0,0.4,21,ONE_POINT,100,100,RANDOM,4
6,700,1.8042457103729248,132560,132591.5,0,0.4,21,ONE_POINT,100,100,RANDOM,4
7,800,2.0966296195983887,131943,131955.34,0,0.4,21,ONE_POINT,100,100,RANDOM,4
8,900,2.373406171798706,131323,131343.13,0,0.4,21,ONE_POINT,100,100,RANDOM,4
9,1000,2.6911017894744873,130703,130729.65,0,0.4,21,ONE_POINT,100,100,RANDOM,4
10,1100,3.000411033630371,129911,129992.46,0,0.4,21,ONE_POINT,100,100,RANDOM,4
11,1200,3.30061411857605,129155,129177.68,0,0.4,21,ONE_POINT,100,100,RANDOM,4
12,1300,3.585143804550171,128876,128887.16,0,0.4,21,ONE_POINT,100,100,RANDOM,4
13,1400,3.89375376701355,128095,128105.67,0,0.4,21,ONE_POINT,100,100,RANDOM,4
14,1500,4.195712327957153,127580,127595.45,0,0.4,21,ONE_POINT,100,100,RANDOM,4
15,1600,4.486976385116577,126213,126245.49,0,0.4,21,ONE_POINT,100,100,RANDOM,4
16,1700,4.776108264923096,125680,125695.99,0,0.4,21,ONE_POINT,100,100,RANDOM,4
17,1800,5.072882413864136,125359,125385.32,0,0.4,21,ONE_POINT,100,100,RANDOM,4
18,1900,5.370041847229004,124880,124900.26,0,0.4,21,ONE_POINT,100,100,RANDOM,4
19,2000,5.707219123840332,124527,124583.86,0,0.4,21,ONE_POINT,100,100,RANDOM,4
20,2100,6.049558162689209,123680,123727.96,0,0.4,21,ONE_POINT,100,100,RANDOM,4
21,2200,6.318745136260986,123278,123307.24,0,0.4,21,ONE_POINT,100,100,RANDOM,4
22,2300,6.637375593185425,122551,122576.83,0,0.4,21,ONE_POINT,100,100,RANDOM,4
23,2400,6.932430267333984,121689,121720.16,0,0.4,21,ONE_POINT,100,100,RANDOM,4
24,2500,7.2078633308410645,121324,121338.75,0,0.4,21,ONE_POINT,100,100,RANDOM,4
25,2600,7.496609210968018,120442,120479.52,0,0.4,21,ONE_POINT,100,100,RANDOM,4
26,2700,7.768076658248901,119260,119335.5,0,0.4,21,ONE_POINT,100,100,RANDOM,4
27,2800,8.0426504611969,118702,118718.74,0,0.4,21,ONE_POINT,100,100,RANDOM,4
28,2900,8.33419942855835,118422,118434.26,0,0.4,21,ONE_POINT,100,100,RANDOM,4
29,3000,8.654460430145264,117526,117558.14,0,0.4,21,ONE_POINT,100,100,RANDOM,4
30,3100,9.01010537147522,117022,117042.02,0,0.4,21,ONE_POINT,100,100,RANDOM,4
31,3200,9.333061933517456,116545,116568.79,0,0.4,21,ONE_POINT,100,100,RANDOM,4
32,3300,9.61921739578247,116194,116268.1,0,0.4,21,ONE_POINT,100,100,RANDOM,4
33,3400,9.908454418182373,115640,115780.51,0,0.4,21,ONE_POINT,100,100,RANDOM,4
34,3500,10.226518154144287,115190,115206.24,0,0.4,21,ONE_POINT,100,100,RANDOM,4
35,3600,10.53850531578064,114861,114871.38,0,0.4,21,ONE_POINT,100,100,RANDOM,4
36,3700,10.91402792930603,113952,113980.72,0,0.4,21,ONE_POINT,100,100,RANDOM,4
37,3800,11.333415985107422,113507,113528.34,0,0.4,21,ONE_POINT,100,100,RANDOM,4
38,3900,11.686780214309692,112724,112754.58,0,0.4,21,ONE_POINT,100,100,RANDOM,4
39,4000,11.994123220443726,112275,112331.95,0,0.4,21,ONE_POINT,100,100,RANDOM,4
40,4100,12.34023141860962,111614,111628.02,0,0.4,21,ONE_POINT,100,100,RANDOM,4
41,4200,12.662177801132202,110865,110887.47,0,0.4,21,ONE_POINT,100,100,RANDOM,4
42,4300,13.007485389709473,110732,110744.21,0,0.4,21,ONE_POINT,100,100,RANDOM,4
43,4400,13.335696697235107,110406,110420.37,0,0.4,21,ONE_POINT,100,100,RANDOM,4
44,4500,13.632835626602173,109643,109665.89,0,0.4,21,ONE_POINT,100,100,RANDOM,4
45,4600,13.920745134353638,109137,109152.18,0,0.4,21,ONE_POINT,100,100,RANDOM,4
46,4700,14.280287504196167,108278,108300.06,0,0.4,21,ONE_POINT,100,100,RANDOM,4
47,4800,14.590615272521973,107660,107672.51,0,0.4,21,ONE_POINT,100,100,RANDOM,4
48,4900,14.876935482025146,107268,107282.15,0,0.4,21,ONE_POINT,100,100,RANDOM,4
49,5000,15.204405784606934,106883,106894.55,0,0.4,21,ONE_POINT,100,100,RANDOM,4
50,5100,15.510761976242065,106248,106273.4,0,0.4,21,ONE_POINT,100,100,RANDOM,4
51,5200,15.835870265960693,105532,105552.61,0,0.4,21,ONE_POINT,100,100,RANDOM,4
52,5300,16.248162746429443,105244,105256.14,0,0.4,21,ONE_POINT,100,100,RANDOM,4
53,5400,16.59912419319153,104885,104895.77,0,0.4,21,ONE_POINT,100,100,RANDOM,4
54,5500,16.90268898010254,104567,104579.72,0,0.4,21,ONE_POINT,100,100,RANDOM,4
55,5600,17.265668869018555,104110,104123.71,0,0.4,21,ONE_POINT,100,100,RANDOM,4
56,5700,17.60363459587097,103424,103437.29,0,0.4,21,ONE_POINT,100,100,RANDOM,4
57,5800,17.94204616546631,103064,103078.04,0,0.4,21,ONE_POINT,100,100,RANDOM,4
58,5900,18.23024868965149,102571,102584.33,0,0.4,21,ONE_POINT,100,100,RANDOM,4
59,6000,18.509202003479004,101956,101975.24,0,0.4,21,ONE_POINT,100,100,RANDOM,4
60,6100,18.821152687072754,101533,101549.92,0,0.4,21,ONE_POINT,100,100,RANDOM,4
61,6200,19.21629500389099,100878,100897.34,0,0.4,21,ONE_POINT,100,100,RANDOM,4
62,6300,19.566702365875244,100515,100531.22,0,0.4,21,ONE_POINT,100,100,RANDOM,4
63,6400,19.91977572441101,100291,100308.76,0,0.4,21,ONE_POINT,100,100,RANDOM,4
64,6500,20.27168583869934,99941,100033.72,0,0.4,21,ONE_POINT,100,100,RANDOM,4
65,6600,20.56982922554016,99695,99705.37,0,0.4,21,ONE_POINT,100,100,RANDOM,4
66,6700,20.860053777694702,99308,99332.83,0,0.4,21,ONE_POINT,100,100,RANDOM,4
67,6800,21.132450819015503,99067,99078.02,0,0.4,21,ONE_POINT,100,100,RANDOM,4
68,6900,21.477375030517578,98924,98928.71,0,0.4,21,ONE_POINT,100,100,RANDOM,4
69,7000,21.763453483581543,98769,98775.2,0,0.4,21,ONE_POINT,100,100,RANDOM,4
70,7100,22.035836935043335,98170,98181.3,0,0.4,21,ONE_POINT,100,100,RANDOM,4
71,7200,22.310882329940796,97772,97789.15,0,0.4,21,ONE_POINT,100,100,RANDOM,4
72,7300,22.60066318511963,97389,97444.86,0,0.4,21,ONE_POINT,100,100,RANDOM,4
73,7400,22.868345499038696,96724,96747.88,0,0.4,21,ONE_POINT,100,100,RANDOM,4
74,7500,23.225281953811646,96518,96526.24,0,0.4,21,ONE_POINT,100,100,RANDOM,4
75,7600,23.56071186065674,96363,96374.35,0,0.4,21,ONE_POINT,100,100,RANDOM,4
76,7700,23.902750253677368,96148,96158.46,0,0.4,21,ONE_POINT,100,100,RANDOM,4
77,7800,24.213522911071777,95675,95706.68,0,0.4,21,ONE_POINT,100,100,RANDOM,4
78,7900,24.502657651901245,95398,95406.45,0,0.4,21,ONE_POINT,100,100,RANDOM,4
79,8000,24.864475965499878,95116,95126.19,0,0.4,21,ONE_POINT,100,100,RANDOM,4
80,8100,25.232763290405273,94790,94796.57,0,0.4,21,ONE_POINT,100,100,RANDOM,4
81,8200,25.537149667739868,94173,94199.41,0,0.4,21,ONE_POINT,100,100,RANDOM,4
82,8300,25.84095025062561,94050,94055.76,0,0.4,21,ONE_POINT,100,100,RANDOM,4
83,8400,26.12842345237732,93762,93784.48,0,0.4,21,ONE_POINT,100,100,RANDOM,4
84,8500,26.46249008178711,93515,93525.04,0,0.4,21,ONE_POINT,100,100,RANDOM,4
85,8600,26.735480308532715,93217,93227.83,0,0.4,21,ONE_POINT,100,100,RANDOM,4
86,8700,27.01240372657776,92920,92934.86,0,0.4,21,ONE_POINT,100,100,RANDOM,4
87,8800,27.289478302001953,92706,92716.34,0,0.4,21,ONE_POINT,100,100,RANDOM,4
88,8900,27.582279682159424,92426,92437.34,0,0.4,21,ONE_POINT,100,100,RANDOM,4
89,9000,27.92517328262329,92208,92216.72,0,0.4,21,ONE_POINT,100,100,RANDOM,4
90,9100,28.241803884506226,91659,91675.5,0,0.4,21,ONE_POINT,100,100,RANDOM,4
91,9200,28.54376220703125,91325,91347.4,0,0.4,21,ONE_POINT,100,100,RANDOM,4
92,9300,28.843914031982422,91179,91183.97,0,0.4,21,ONE_POINT,100,100,RANDOM,4
93,9400,29.11415457725525,90820,90830.77,0,0.4,21,ONE_POINT,100,100,RANDOM,4
94,9500,29.386857748031616,90266,90282.62,0,0.4,21,ONE_POINT,100,100,RANDOM,4
95,9600,29.684135913848877,89953,89981.06,0,0.4,21,ONE_POINT,100,100,RANDOM,4
96,9700,30.022796392440796,89769,89786.87,0,0.4,21,ONE_POINT,100,100,RANDOM,4
97,9800,30.319099187850952,89110,89129.77,0,0.4,21,ONE_POINT,100,100,RANDOM,4
98,9900,30.64424967765808,88853,88866.5,0,0.4,21,ONE_POINT,100,100,RANDOM,4
99,10000,30.95423126220703,88683,88691.32,0,0.4,21,ONE_POINT,100,100,RANDOM,4
100,10100,31.2312593460083,88442,88500.89,0,0.4,21,ONE_POINT,100,100,RANDOM,4
101,10200,31.580682277679443,87779,87848.16,0,0.4,21,ONE_POINT,100,100,RANDOM,4
102,10300,31.892876386642456,87510,87557.45,0,0.4,21,ONE_POINT,100,100,RANDOM,4
103,10400,32.26310133934021,87201,87213.49,0,0.4,21,ONE_POINT,100,100,RANDOM,4
104,10500,32.59644365310669,86165,86196.08,0,0.4,21,ONE_POINT,100,100,RANDOM,4
105,10600,32.88839054107666,85525,85537.82,0,0.4,21,ONE_POINT,100,100,RANDOM,4
106,10700,33.23594641685486,85079,85101.51,0,0.4,21,ONE_POINT,100,100,RANDOM,4
107,10800,33.519407749176025,84694,84721.27,0,0.4,21,ONE_POINT,100,100,RANDOM,4
108,10900,33.86770701408386,84422,84459.69,0,0.4,21,ONE_POINT,100,100,RANDOM,4
109,11000,34.208967208862305,84061,84076.71,0,0.4,21,ONE_POINT,100,100,RANDOM,4
110,11100,34.5697808265686,83801,83811.4,0,0.4,21,ONE_POINT,100,100,RANDOM,4
111,11200,34.85834813117981,83205,83233.89,0,0.4,21,ONE_POINT,100,100,RANDOM,4
112,11300,35.13950300216675,82932,82945.57,0,0.4,21,ONE_POINT,100,100,RANDOM,4
113,11400,35.46924066543579,82561,82575.84,0,0.4,21,ONE_POINT,100,100,RANDOM,4
114,11500,35.78345608711243,82469,82493.95,0,0.4,21,ONE_POINT,100,100,RANDOM,4
115,11600,36.06816792488098,82321,82326.23,0,0.4,21,ONE_POINT,100,100,RANDOM,4
116,11700,36.46544909477234,81978,81995.48,0,0.4,21,ONE_POINT,100,100,RANDOM,4
117,11800,36.79743480682373,81697,81725.09,0,0.4,21,ONE_POINT,100,100,RANDOM,4
118,11900,37.12507510185242,81360,81386.58,0,0.4,21,ONE_POINT,100,100,RANDOM,4
119,12000,37.437984466552734,81051,81065.04,0,0.4,21,ONE_POINT,100,100,RANDOM,4
120,12100,37.75583028793335,80441,80466.29,0,0.4,21,ONE_POINT,100,100,RANDOM,4
121,12200,38.03605508804321,80173,80183.72,0,0.4,21,ONE_POINT,100,100,RANDOM,4
122,12300,38.318609952926636,79991,80000.05,0,0.4,21,ONE_POINT,100,100,RANDOM,4
123,12400,38.62297344207764,79625,79640.28,0,0.4,21,ONE_POINT,100,100,RANDOM,4
124,12500,38.923097133636475,79429,79455.23,0,0.4,21,ONE_POINT,100,100,RANDOM,4
125,12600,39.23906445503235,79177,79199.17,0,0.4,21,ONE_POINT,100,100,RANDOM,4
126,12700,39.54688310623169,78854,78866.11,0,0.4,21,ONE_POINT,100,100,RANDOM,4
127,12800,39.8249146938324,78330,78351.57,0,0.4,21,ONE_POINT,100,100,RANDOM,4
128,12900,40.157045125961304,77923,77939.28,0,0.4,21,ONE_POINT,100,100,RANDOM,4
129,13000,40.46748471260071,77657,77697.54,0,0.4,21,ONE_POINT,100,100,RANDOM,4
130,13100,40.761484146118164,77480,77487.08,0,0.4,21,ONE_POINT,100,100,RANDOM,4
131,13200,41.05408811569214,76933,76949.31,0,0.4,21,ONE_POINT,100,100,RANDOM,4
132,13300,41.31738901138306,76689,76715.23,0,0.4,21,ONE_POINT,100,100,RANDOM,4
133,13400,41.61167287826538,76287,76303.15,0,0.4,21,ONE_POINT,100,100,RANDOM,4
134,13500,41.923911571502686,76147,76154.66,0,0.4,21,ONE_POINT,100,100,RANDOM,4
135,13600,42.237911224365234,75863,75879.86,0,0.4,21,ONE_POINT,100,100,RANDOM,4
136,13700,42.57032895088196,75540,75543.23,0,0.4,21,ONE_POINT,100,100,RANDOM,4
137,13800,42.88156986236572,75288,75301.2,0,0.4,21,ONE_POINT,100,100,RANDOM,4
138,13900,43.27652454376221,74974,75040.44,0,0.4,21,ONE_POINT,100,100,RANDOM,4
139,14000,43.65117287635803,74810,74828.65,0,0.4,21,ONE_POINT,100,100,RANDOM,4
140,14100,44.018250465393066,74648,74656.04,0,0.4,21,ONE_POINT,100,100,RANDOM,4
141,14200,44.32106971740723,74473,74480.0,0,0.4,21,ONE_POINT,100,100,RANDOM,4
142,14300,44.72891306877136,74316,74342.08,0,0.4,21,ONE_POINT,100,100,RANDOM,4
143,14400,45.034069776535034,74064,74078.42,0,0.4,21,ONE_POINT,100,100,RANDOM,4
144,14500,45.39280652999878,73955,74000.13,0,0.4,21,ONE_POINT,100,100,RANDOM,4
145,14600,45.73599457740784,73746,73757.78,0,0.4,21,ONE_POINT,100,100,RANDOM,4
146,14700,46.05960750579834,73473,73483.92,0,0.4,21,ONE_POINT,100,100,RANDOM,4
147,14800,46.412949562072754,73330,73336.84,0,0.4,21,ONE_POINT,100,100,RANDOM,4
148,14900,46.769222259521484,73130,73141.12,0,0.4,21,ONE_POINT,100,100,RANDOM,4
149,15000,47.154213190078735,72958,72964.63,0,0.4,21,ONE_POINT,100,100,RANDOM,4
150,15100,47.487603187561035,72728,72745.9,0,0.4,21,ONE_POINT,100,100,RANDOM,4
151,15200,47.774007081985474,72413,72422.59,0,0.4,21,ONE_POINT,100,100,RANDOM,4
152,15300,48.04210710525513,72197,72207.77,0,0.4,21,ONE_POINT,100,100,RANDOM,4
153,15400,48.35713195800781,72107,72113.71,0,0.4,21,ONE_POINT,100,100,RANDOM,4
154,15500,48.706419944763184,71914,71988.07,0,0.4,21,ONE_POINT,100,100,RANDOM,4
155,15600,49.04422044754028,71838,71845.34,0,0.4,21,ONE_POINT,100,100,RANDOM,4
156,15700,49.41889405250549,71625,71647.51,0,0.4,21,ONE_POINT,100,100,RANDOM,4
157,15800,49.70469784736633,71381,71390.76,0,0.4,21,ONE_POINT,100,100,RANDOM,4
158,15900,50.12185549736023,71073,71099.05,0,0.4,21,ONE_POINT,100,100,RANDOM,4
159,16000,50.48667860031128,70909,70925.44,0,0.4,21,ONE_POINT,100,100,RANDOM,4
160,16100,50.83608889579773,70731,70743.02,0,0.4,21,ONE_POINT,100,100,RANDOM,4
161,16200,51.14067006111145,70430,70441.25,0,0.4,21,ONE_POINT,100,100,RANDOM,4
162,16300,51.47829747200012,70333,70357.35,0,0.4,21,ONE_POINT,100,100,RANDOM,4
163,16400,51.808921575546265,70174,70182.92,0,0.4,21,ONE_POINT,100,100,RANDOM,4
164,16500,52.13787293434143,70092,70097.74,0,0.4,21,ONE_POINT,100,100,RANDOM,4
165,16600,52.44464135169983,69963,69969.45,0,0.4,21,ONE_POINT,100,100,RANDOM,4
166,16700,52.76142334938049,69835,69842.76,0,0.4,21,ONE_POINT,100,100,RANDOM,4
167,16800,53.04121947288513,69592,69607.49,0,0.4,21,ONE_POINT,100,100,RANDOM,4
168,16900,53.38522124290466,69506,69540.97,0,0.4,21,ONE_POINT,100,100,RANDOM,4
169,17000,53.69024467468262,69381,69432.71,0,0.4,21,ONE_POINT,100,100,RANDOM,4
170,17100,54.01273727416992,69195,69206.74,0,0.4,21,ONE_POINT,100,100,RANDOM,4
171,17200,54.30467772483826,69032,69062.48,0,0.4,21,ONE_POINT,100,100,RANDOM,4
172,17300,54.63617420196533,68880,68893.72,0,0.4,21,ONE_POINT,100,100,RANDOM,4
173,17400,55.04100942611694,68742,68786.25,0,0.4,21,ONE_POINT,100,100,RANDOM,4
174,17500,55.37135577201843,68561,68584.07,0,0.4,21,ONE_POINT,100,100,RANDOM,4
175,17600,55.69821238517761,68429,68437.29,0,0.4,21,ONE_POINT,100,100,RANDOM,4
176,17700,56.04407048225403,68302,68309.68,0,0.4,21,ONE_POINT,100,100,RANDOM,4
177,17800,56.3435332775116,68020,68073.0,0,0.4,21,ONE_POINT,100,100,RANDOM,4
178,17900,56.63731932640076,67810,67829.67,0,0.4,21,ONE_POINT,100,100,RANDOM,4
179,18000,56.97823715209961,67504,67521.67,0,0.4,21,ONE_POINT,100,100,RANDOM,4
180,18100,57.31428837776184,67384,67431.58,0,0.4,21,ONE_POINT,100,100,RANDOM,4
181,18200,57.7390661239624,67297,67316.06,0,0.4,21,ONE_POINT,100,100,RANDOM,4
182,18300,58.04154372215271,67069,67084.37,0,0.4,21,ONE_POINT,100,100,RANDOM,4
183,18400,58.352739572525024,66949,66959.14,0,0.4,21,ONE_POINT,100,100,RANDOM,4
184,18500,58.6708869934082,66756,66767.75,0,0.4,21,ONE_POINT,100,100,RANDOM,4
185,18600,58.95978116989136,66614,66631.1,0,0.4,21,ONE_POINT,100,100,RANDOM,4
186,18700,59.242955684661865,66322,66371.72,0,0.4,21,ONE_POINT,100,100,RANDOM,4
187,18800,59.60880208015442,66208,66248.73,0,0.4,21,ONE_POINT,100,100,RANDOM,4
188,18900,60.04128670692444,65991,66001.82,0,0.4,21,ONE_POINT,100,100,RANDOM,4
189,19000,60.396178007125854,65763,65774.4,0,0.4,21,ONE_POINT,100,100,RANDOM,4
190,19100,60.726585388183594,65561,65571.1,0,0.4,21,ONE_POINT,100,100,RANDOM,4
191,19200,61.03819227218628,65352,65364.86,0,0.4,21,ONE_POINT,100,100,RANDOM,4
192,19300,61.387027978897095,65210,65251.53,0,0.4,21,ONE_POINT,100,100,RANDOM,4
193,19400,61.69783926010132,65056,65081.85,0,0.4,21,ONE_POINT,100,100,RANDOM,4
194,19500,62.030548095703125,64923,64942.94,0,0.4,21,ONE_POINT,100,100,RANDOM,4
195,19600,62.32640290260315,64683,64719.96,0,0.4,21,ONE_POINT,100,100,RANDOM,4
196,19700,62.612120628356934,64514,64533.07,0,0.4,21,ONE_POINT,100,100,RANDOM,4
197,19800,62.89988923072815,64311,64324.13,0,0.4,21,ONE_POINT,100,100,RANDOM,4
198,19900,63.16925501823425,64162,64172.97,0,0.4,21,ONE_POINT,100,100,RANDOM,4
199,20000,63.51105237007141,63980,63989.37,0,0.4,21,ONE_POINT,100,100,RANDOM,4
200,20100,63.83458232879639,63915,63920.75,0,0.4,21,ONE_POINT,100,100,RANDOM,4
201,20200,64.11332631111145,63789,63801.07,0,0.4,21,ONE_POINT,100,100,RANDOM,4
202,20300,64.40389919281006,63711,63718.0,0,0.4,21,ONE_POINT,100,100,RANDOM,4
203,20400,64.69056248664856,63410,63428.61,0,0.4,21,ONE_POINT,100,100,RANDOM,4
204,20500,64.97151398658752,63203,63410.96,0,0.4,21,ONE_POINT,100,100,RANDOM,4
205,20600,65.28664135932922,63143,63148.26,0,0.4,21,ONE_POINT,100,100,RANDOM,4
206,20700,65.61385846138,62994,63033.3,0,0.4,21,ONE_POINT,100,100,RANDOM,4
207,20800,65.95094537734985,62917,62930.86,0,0.4,21,ONE_POINT,100,100,RANDOM,4
208,20900,66.23830962181091,62749,62759.08,0,0.4,21,ONE_POINT,100,100,RANDOM,4
209,21000,66.51735091209412,62552,62563.53,0,0.4,21,ONE_POINT,100,100,RANDOM,4
210,21100,66.90333533287048,62371,62386.44,0,0.4,21,ONE_POINT,100,100,RANDOM,4
211,21200,67.22838735580444,62179,62276.72,0,0.4,21,ONE_POINT,100,100,RANDOM,4
212,21300,67.52726817131042,62064,62071.14,0,0.4,21,ONE_POINT,100,100,RANDOM,4
213,21400,67.81704688072205,61853,61867.46,0,0.4,21,ONE_POINT,100,100,RANDOM,4
214,21500,68.14313340187073,61749,61756.28,0,0.4,21,ONE_POINT,100,100,RANDOM,4
215,21600,68.47379207611084,61611,61630.59,0,0.4,21,ONE_POINT,100,100,RANDOM,4
216,21700,68.75669550895691,61426,61435.25,0,0.4,21,ONE_POINT,100,100,RANDOM,4
217,21800,69.03525829315186,61263,61280.31,0,0.4,21,ONE_POINT,100,100,RANDOM,4
218,21900,69.3064546585083,61210,61216.38,0,0.4,21,ONE_POINT,100,100,RANDOM,4
219,22000,69.61303305625916,61158,61181.16,0,0.4,21,ONE_POINT,100,100,RANDOM,4
220,22100,69.9202516078949,61006,61017.16,0,0.4,21,ONE_POINT,100,100,RANDOM,4
221,22200,70.24065065383911,60799,60889.65,0,0.4,21,ONE_POINT,100,100,RANDOM,4
222,22300,70.59581542015076,60572,60585.62,0,0.4,21,ONE_POINT,100,100,RANDOM,4
223,22400,70.87596678733826,60516,60549.86,0,0.4,21,ONE_POINT,100,100,RANDOM,4
224,22500,71.17992973327637,60390,60436.18,0,0.4,21,ONE_POINT,100,100,RANDOM,4
225,22600,71.45558762550354,60277,60300.19,0,0.4,21,ONE_POINT,100,100,RANDOM,4
226,22700,71.72386646270752,60151,60159.69,0,0.4,21,ONE_POINT,100,100,RANDOM,4
227,22800,72.048668384552,60016,60024.1,0,0.4,21,ONE_POINT,100,100,RANDOM,4
228,22900,72.34407043457031,59912,59923.02,0,0.4,21,ONE_POINT,100,100,RANDOM,4
229,23000,72.64495325088501,59777,59785.2,0,0.4,21,ONE_POINT,100,100,RANDOM,4
230,23100,72.95802283287048,59705,59737.28,0,0.4,21,ONE_POINT,100,100,RANDOM,4
231,23200,73.25523257255554,59608,59622.98,0,0.4,21,ONE_POINT,100,100,RANDOM,4
232,23300,73.56298828125,59350,59365.82,0,0.4,21,ONE_POINT,100,100,RANDOM,4
233,23400,73.90729141235352,59269,59275.58,0,0.4,21,ONE_POINT,100,100,RANDOM,4
234,23500,74.18689465522766,59213,59229.12,0,0.4,21,ONE_POINT,100,100,RANDOM,4
235,23600,74.48809266090393,59133,59150.21,0,0.4,21,ONE_POINT,100,100,RANDOM,4
236,23700,74.82030630111694,59054,59114.24,0,0.4,21,ONE_POINT,100,100,RANDOM,4
237,23800,75.09128260612488,58925,58933.53,0,0.4,21,ONE_POINT,100,100,RANDOM,4
238,23900,75.42104911804199,58785,58808.91,0,0.4,21,ONE_POINT,100,100,RANDOM,4
239,24000,75.71907138824463,58549,58563.16,0,0.4,21,ONE_POINT,100,100,RANDOM,4
240,24100,76.05058360099792,58477,58494.74,0,0.4,21,ONE_POINT,100,100,RANDOM,4
241,24200,76.34982299804688,58389,58404.13,0,0.4,21,ONE_POINT,100,100,RANDOM,4
242,24300,76.63582634925842,58289,58296.61,0,0.4,21,ONE_POINT,100,100,RANDOM,4
243,24400,76.910640001297,58241,58244.88,0,0.4,21,ONE_POINT,100,100,RANDOM,4
244,24500,77.21919631958008,58171,58243.22,0,0.4,21,ONE_POINT,100,100,RANDOM,4
245,24600,77.53454566001892,58039,58057.34,0,0.4,21,ONE_POINT,100,100,RANDOM,4
246,24700,77.82723355293274,57881,57890.48,0,0.4,21,ONE_POINT,100,100,RANDOM,4
247,24800,78.15074014663696,57813,57819.37,0,0.4,21,ONE_POINT,100,100,RANDOM,4
248,24900,78.47551774978638,57702,57709.86,0,0.4,21,ONE_POINT,100,100,RANDOM,4
249,25000,78.76701521873474,57583,57782.97,0,0.4,21,ONE_POINT,100,100,RANDOM,4
250,25100,79.1003589630127,57402,57411.96,0,0.4,21,ONE_POINT,100,100,RANDOM,4
251,25200,79.39671182632446,57247,57276.97,0,0.4,21,ONE_POINT,100,100,RANDOM,4
252,25300,79.69205975532532,57218,57279.99,0,0.4,21,ONE_POINT,100,100,RANDOM,4
253,25400,80.01180577278137,57085,57097.2,0,0.4,21,ONE_POINT,100,100,RANDOM,4
254,25500,80.33833980560303,56996,57001.95,0,0.4,21,ONE_POINT,100,100,RANDOM,4
255,25600,80.69663453102112,56825,56834.89,0,0.4,21,ONE_POINT,100,100,RANDOM,4
256,25700,81.03349256515503,56695,56721.06,0,0.4,21,ONE_POINT,100,100,RANDOM,4
257,25800,81.37505292892456,56627,56635.41,0,0.4,21,ONE_POINT,100,100,RANDOM,4
258,25900,81.65980267524719,56580,56584.23,0,0.4,21,ONE_POINT,100,100,RANDOM,4
259,26000,81.9542829990387,56508,56513.76,0,0.4,21,ONE_POINT,100,100,RANDOM,4
260,26100,82.24600028991699,56367,56375.46,0,0.4,21,ONE_POINT,100,100,RANDOM,4
261,26200,82.55049729347229,56255,56295.18,0,0.4,21,ONE_POINT,100,100,RANDOM,4
262,26300,82.86598443984985,56171,56199.51,0,0.4,21,ONE_POINT,100,100,RANDOM,4
263,26400,83.26432847976685,56133,56137.56,0,0.4,21,ONE_POINT,100,100,RANDOM,4
264,26500,83.66438746452332,56058,56063.98,0,0.4,21,ONE_POINT,100,100,RANDOM,4
265,26600,84.0064754486084,55998,56004.57,0,0.4,21,ONE_POINT,100,100,RANDOM,4
266,26700,84.3720223903656,55876,55883.32,0,0.4,21,ONE_POINT,100,100,RANDOM,4
267,26800,84.66664099693298,55759,55778.02,0,0.4,21,ONE_POINT,100,100,RANDOM,4
268,26900,84.99225091934204,55666,55711.4,0,0.4,21,ONE_POINT,100,100,RANDOM,4
269,27000,85.29492402076721,55587,55593.43,0,0.4,21,ONE_POINT,100,100,RANDOM,4
270,27100,85.57352590560913,55519,55523.17,0,0.4,21,ONE_POINT,100,100,RANDOM,4
271,27200,85.86608266830444,55423,55427.87,0,0.4,21,ONE_POINT,100,100,RANDOM,4
272,27300,86.17545175552368,55348,55354.0,0,0.4,21,ONE_POINT,100,100,RANDOM,4
273,27400,86.46043825149536,55264,55279.68,0,0.4,21,ONE_POINT,100,100,RANDOM,4
274,27500,86.72995233535767,55165,55184.61,0,0.4,21,ONE_POINT,100,100,RANDOM,4
275,27600,87.01015782356262,54992,55002.65,0,0.4,21,ONE_POINT,100,100,RANDOM,4
276,27700,87.33134412765503,54905,54910.74,0,0.4,21,ONE_POINT,100,100,RANDOM,4
277,27800,87.66307139396667,54823,54829.36,0,0.4,21,ONE_POINT,100,100,RANDOM,4
278,27900,87.96956443786621,54765,54775.71,0,0.4,21,ONE_POINT,100,100,RANDOM,4
279,28000,88.25166821479797,54710,54730.03,0,0.4,21,ONE_POINT,100,100,RANDOM,4
280,28100,88.61757373809814,54538,54547.62,0,0.4,21,ONE_POINT,100,100,RANDOM,4
281,28200,88.94366145133972,54436,54444.16,0,0.4,21,ONE_POINT,100,100,RANDOM,4
282,28300,89.26934838294983,54300,54308.16,0,0.4,21,ONE_POINT,100,100,RANDOM,4
283,28400,89.54549670219421,54149,54165.54,0,0.4,21,ONE_POINT,100,100,RANDOM,4
284,28500,89.82536292076111,54053,54065.67,0,0.4,21,ONE_POINT,100,100,RANDOM,4
285,28600,90.16228365898132,53977,53983.08,0,0.4,21,ONE_POINT,100,100,RANDOM,4
286,28700,90.43437123298645,53736,53751.16,0,0.4,21,ONE_POINT,100,100,RANDOM,4
287,28800,90.7078549861908,53626,53632.98,0,0.4,21,ONE_POINT,100,100,RANDOM,4
288,28900,91.05921506881714,53504,53514.86,0,0.4,21,ONE_POINT,100,100,RANDOM,4
289,29000,91.3909912109375,53392,53407.34,0,0.4,21,ONE_POINT,100,100,RANDOM,4
290,29100,91.73419833183289,53313,53335.32,0,0.4,21,ONE_POINT,100,100,RANDOM,4
291,29200,92.02011275291443,53230,53249.28,0,0.4,21,ONE_POINT,100,100,RANDOM,4
292,29300,92.31612873077393,53116,53138.68,0,0.4,21,ONE_POINT,100,100,RANDOM,4
293,29400,92.62807273864746,53025,53033.18,0,0.4,21,ONE_POINT,100,100,RANDOM,4
294,29500,92.99273014068604,52962,52971.03,0,0.4,21,ONE_POINT,100,100,RANDOM,4
295,29600,93.3776204586029,52896,52904.43,0,0.4,21,ONE_POINT,100,100,RANDOM,4
296,29700,93.71479177474976,52668,52683.76,0,0.4,21,ONE_POINT,100,100,RANDOM,4
297,29800,93.99906063079834,52559,52587.26,0,0.4,21,ONE_POINT,100,100,RANDOM,4
298,29900,94.33885502815247,52457,52488.85,0,0.4,21,ONE_POINT,100,100,RANDOM,4
299,30000,94.66536831855774,52384,52409.23,0,0.4,21,ONE_POINT,100,100,RANDOM,4
300,30100,94.95447969436646,52265,52274.06,0,0.4,21,ONE_POINT,100,100,RANDOM,4
301,30200,95.31076765060425,52202,52476.04,0,0.4,21,ONE_POINT,100,100,RANDOM,4
302,30300,95.60488152503967,52098,52107.47,0,0.4,21,ONE_POINT,100,100,RANDOM,4
303,30400,95.94277930259705,52039,52056.69,0,0.4,21,ONE_POINT,100,100,RANDOM,4
304,30500,96.29270195960999,51958,51979.38,0,0.4,21,ONE_POINT,100,100,RANDOM,4
305,30600,96.6089608669281,51866,51882.8,0,0.4,21,ONE_POINT,100,100,RANDOM,4
306,30700,96.90694260597229,51805,51819.29,0,0.4,21,ONE_POINT,100,100,RANDOM,4
307,30800,97.19011616706848,51763,51773.23,0,0.4,21,ONE_POINT,100,100,RANDOM,4
308,30900,97.58403587341309,51696,51702.8,0,0.4,21,ONE_POINT,100,100,RANDOM,4
309,31000,97.87822723388672,51528,51538.92,0,0.4,21,ONE_POINT,100,100,RANDOM,4
310,31100,98.17515993118286,51463,51473.2,0,0.4,21,ONE_POINT,100,100,RANDOM,4
311,31200,98.47879481315613,51366,51371.91,0,0.4,21,ONE_POINT,100,100,RANDOM,4
312,31300,98.80912017822266,51217,51225.93,0,0.4,21,ONE_POINT,100,100,RANDOM,4
313,31400,99.10183715820312,51176,51215.85,0,0.4,21,ONE_POINT,100,100,RANDOM,4
314,31500,99.41676735877991,51093,51101.31,0,0.4,21,ONE_POINT,100,100,RANDOM,4
315,31600,99.74387693405151,51059,51072.77,0,0.4,21,ONE_POINT,100,100,RANDOM,4
316,31700,100.08027601242065,51024,51034.58,0,0.4,21,ONE_POINT,100,100,RANDOM,4
317,31800,100.4435441493988,50992,50995.83,0,0.4,21,ONE_POINT,100,100,RANDOM,4
318,31900,100.75242304801941,50953,50956.44,0,0.4,21,ONE_POINT,100,100,RANDOM,4
319,32000,101.04117155075073,50874,50884.65,0,0.4,21,ONE_POINT,100,100,RANDOM,4
320,32100,101.38462853431702,50786,50804.8,0,0.4,21,ONE_POINT,100,100,RANDOM,4
321,32200,101.7548565864563,50730,50735.6,0,0.4,21,ONE_POINT,100,100,RANDOM,4
322,32300,102.14193654060364,50657,50672.23,0,0.4,21,ONE_POINT,100,100,RANDOM,4
323,32400,102.43686842918396,50574,50584.18,0,0.4,21,ONE_POINT,100,100,RANDOM,4
324,32500,102.80173897743225,50523,50533.5,0,0.4,21,ONE_POINT,100,100,RANDOM,4
325,32600,103.0988609790802,50422,50450.81,0,0.4,21,ONE_POINT,100,100,RANDOM,4
326,32700,103.43703246116638,50358,50361.87,0,0.4,21,ONE_POINT,100,100,RANDOM,4
327,32800,103.77889776229858,50321,50325.72,0,0.4,21,ONE_POINT,100,100,RANDOM,4
328,32900,104.11581754684448,50230,50245.16,0,0.4,21,ONE_POINT,100,100,RANDOM,4
329,33000,104.44961023330688,50160,50197.88,0,0.4,21,ONE_POINT,100,100,RANDOM,4
330,33100,104.77323317527771,50094,50101.58,0,0.4,21,ONE_POINT,100,100,RANDOM,4
331,33200,105.10463833808899,49996,50068.74,0,0.4,21,ONE_POINT,100,100,RANDOM,4
332,33300,105.42563891410828,49946,49961.61,0,0.4,21,ONE_POINT,100,100,RANDOM,4
333,33400,105.76201605796814,49916,49923.4,0,0.4,21,ONE_POINT,100,100,RANDOM,4
334,33500,106.05585956573486,49848,49875.27,0,0.4,21,ONE_POINT,100,100,RANDOM,4
335,33600,106.38475036621094,49733,49739.9,0,0.4,21,ONE_POINT,100,100,RANDOM,4
336,33700,106.67269158363342,49646,49837.25,0,0.4,21,ONE_POINT,100,100,RANDOM,4
337,33800,107.00755953788757,49629,49632.11,0,0.4,21,ONE_POINT,100,100,RANDOM,4
338,33900,107.33988356590271,49541,49554.14,0,0.4,21,ONE_POINT,100,100,RANDOM,4
339,34000,107.60863780975342,49477,49520.23,0,0.4,21,ONE_POINT,100,100,RANDOM,4
340,34100,107.93113803863525,49435,49440.89,0,0.4,21,ONE_POINT,100,100,RANDOM,4
341,34200,108.25742173194885,49385,49529.71,0,0.4,21,ONE_POINT,100,100,RANDOM,4
342,34300,108.57885789871216,49259,49269.38,0,0.4,21,ONE_POINT,100,100,RANDOM,4
343,34400,108.86532950401306,49191,49197.9,0,0.4,21,ONE_POINT,100,100,RANDOM,4
344,34500,109.17588114738464,49123,49129.61,0,0.4,21,ONE_POINT,100,100,RANDOM,4
345,34600,109.46669292449951,49052,49101.08,0,0.4,21,ONE_POINT,100,100,RANDOM,4
346,34700,109.81010866165161,48928,48937.63,0,0.4,21,ONE_POINT,100,100,RANDOM,4
347,34800,110.12167763710022,48889,48893.68,0,0.4,21,ONE_POINT,100,100,RANDOM,4
348,34900,110.41705584526062,48835,48848.84,0,0.4,21,ONE_POINT,100,100,RANDOM,4
349,35000,110.77992510795593,48799,48806.92,0,0.4,21,ONE_POINT,100,100,RANDOM,4
350,35100,111.08876991271973,48718,48728.09,0,0.4,21,ONE_POINT,100,100,RANDOM,4
351,35200,111.42601585388184,48652,48661.48,0,0.4,21,ONE_POINT,100,100,RANDOM,4
352,35300,111.73132729530334,48600,48635.69,0,0.4,21,ONE_POINT,100,100,RANDOM,4
353,35400,112.14268255233765,48527,48545.44,0,0.4,21,ONE_POINT,100,100,RANDOM,4
354,35500,112.52832293510437,48447,48505.06,0,0.4,21,ONE_POINT,100,100,RANDOM,4
355,35600,112.8953185081482,48405,48415.25,0,0.4,21,ONE_POINT,100,100,RANDOM,4
356,35700,113.30389642715454,48352,48356.44,0,0.4,21,ONE_POINT,100,100,RANDOM,4
357,35800,113.59496593475342,48271,48285.35,0,0.4,21,ONE_POINT,100,100,RANDOM,4
358,35900,113.8913369178772,48184,48213.61,0,0.4,21,ONE_POINT,100,100,RANDOM,4
359,36000,114.23831987380981,48127,48161.67,0,0.4,21,ONE_POINT,100,100,RANDOM,4
360,36100,114.5455334186554,48066,48072.52,0,0.4,21,ONE_POINT,100,100,RANDOM,4
361,36200,114.87211656570435,47999,48008.85,0,0.4,21,ONE_POINT,100,100,RANDOM,4
362,36300,115.19893765449524,47938,47942.88,0,0.4,21,ONE_POINT,100,100,RANDOM,4
363,36400,115.4842278957367,47830,47843.12,0,0.4,21,ONE_POINT,100,100,RANDOM,4
364,36500,115.82499623298645,47795,47807.41,0,0.4,21,ONE_POINT,100,100,RANDOM,4
365,36600,116.24599695205688,47742,47746.59,0,0.4,21,ONE_POINT,100,100,RANDOM,4
366,36700,116.59842610359192,47639,47719.63,0,0.4,21,ONE_POINT,100,100,RANDOM,4
367,36800,116.96570825576782,47561,47611.22,0,0.4,21,ONE_POINT,100,100,RANDOM,4
368,36900,117.26598596572876,47433,47443.79,0,0.4,21,ONE_POINT,100,100,RANDOM,4
369,37000,117.56088948249817,47414,47416.64,0,0.4,21,ONE_POINT,100,100,RANDOM,4
370,37100,117.89062070846558,47297,47306.68,0,0.4,21,ONE_POINT,100,100,RANDOM,4
371,37200,118.18048667907715,47175,47185.14,0,0.4,21,ONE_POINT,100,100,RANDOM,4
372,37300,118.46984076499939,47097,47103.05,0,0.4,21,ONE_POINT,100,100,RANDOM,4
373,37400,118.773020029068,47025,47055.03,0,0.4,21,ONE_POINT,100,100,RANDOM,4
374,37500,119.06142830848694,46978,46982.7,0,0.4,21,ONE_POINT,100,100,RANDOM,4
375,37600,119.3660306930542,46826,46837.11,0,0.4,21,ONE_POINT,100,100,RANDOM,4
376,37700,119.65323495864868,46750,46760.12,0,0.4,21,ONE_POINT,100,100,RANDOM,4
377,37800,119.93642401695251,46688,46695.89,0,0.4,21,ONE_POINT,100,100,RANDOM,4
378,37900,120.23800921440125,46647,46651.22,0,0.4,21,ONE_POINT,100,100,RANDOM,4
379,38000,120.54566621780396,46629,46634.03,0,0.4,21,ONE_POINT,100,100,RANDOM,4
380,38100,120.88369941711426,46546,46552.88,0,0.4,21,ONE_POINT,100,100,RANDOM,4
381,38200,121.21835732460022,46519,46524.26,0,0.4,21,ONE_POINT,100,100,RANDOM,4
382,38300,121.52492213249207,46457,46464.16,0,0.4,21,ONE_POINT,100,100,RANDOM,4
383,38400,121.80814504623413,46410,46414.59,0,0.4,21,ONE_POINT,100,100,RANDOM,4
384,38500,122.18804240226746,46369,46373.19,0,0.4,21,ONE_POINT,100,100,RANDOM,4
385,38600,122.55951166152954,46303,46315.9,0,0.4,21,ONE_POINT,100,100,RANDOM,4
386,38700,122.85337781906128,46218,46261.26,0,0.4,21,ONE_POINT,100,100,RANDOM,4
387,38800,123.2230851650238,46161,46165.83,0,0.4,21,ONE_POINT,100,100,RANDOM,4
388,38900,123.5343062877655,46090,46096.61,0,0.4,21,ONE_POINT,100,100,RANDOM,4
389,39000,123.83680987358093,46016,46145.45,0,0.4,21,ONE_POINT,100,100,RANDOM,4
390,39100,124.11526679992676,45932,45940.44,0,0.4,21,ONE_POINT,100,100,RANDOM,4
391,39200,124.43049478530884,45897,45903.27,0,0.4,21,ONE_POINT,100,100,RANDOM,4
392,39300,124.74209499359131,45862,45868.1,0,0.4,21,ONE_POINT,100,100,RANDOM,4
393,39400,125.07840871810913,45841,45852.27,0,0.4,21,ONE_POINT,100,100,RANDOM,4
394,39500,125.43011212348938,45760,45766.64,0,0.4,21,ONE_POINT,100,100,RANDOM,4
395,39600,125.75467205047607,45725,45728.61,0,0.4,21,ONE_POINT,100,100,RANDOM,4
396,39700,126.0743420124054,45692,45696.27,0,0.4,21,ONE_POINT,100,100,RANDOM,4
397,39800,126.38773131370544,45662,45664.89,0,0.4,21,ONE_POINT,100,100,RANDOM,4
398,39900,126.6868827342987,45636,45644.29,0,0.4,21,ONE_POINT,100,100,RANDOM,4
399,40000,126.96994209289551,45488,45522.22,0,0.4,21,ONE_POINT,100,100,RANDOM,4
400,40100,127.26978063583374,45471,45474.52,0,0.4,21,ONE_POINT,100,100,RANDOM,4
401,40200,127.59217262268066,45455,45465.73,0,0.4,21,ONE_POINT,100,100,RANDOM,4
402,40300,127.87777781486511,45394,45410.54,0,0.4,21,ONE_POINT,100,100,RANDOM,4
403,40400,128.25391721725464,45366,45371.34,0,0.4,21,ONE_POINT,100,100,RANDOM,4
404,40500,128.5832715034485,45319,45332.52,0,0.4,21,ONE_POINT,100,100,RANDOM,4
405,40600,128.9119257926941,45272,45278.28,0,0.4,21,ONE_POINT,100,100,RANDOM,4
406,40700,129.2356288433075,45219,45228.14,0,0.4,21,ONE_POINT,100,100,RANDOM,4
407,40800,129.55417728424072,45181,45183.76,0,0.4,21,ONE_POINT,100,100,RANDOM,4
408,40900,129.86482071876526,45029,45054.42,0,0.4,21,ONE_POINT,100,100,RANDOM,4
409,41000,130.13388419151306,44940,44949.18,0,0.4,21,ONE_POINT,100,100,RANDOM,4
410,41100,130.46458745002747,44897,44907.26,0,0.4,21,ONE_POINT,100,100,RANDOM,4
411,41200,130.74569010734558,44890,44895.77,0,0.4,21,ONE_POINT,100,100,RANDOM,4
412,41300,131.04870462417603,44843,44847.48,0,0.4,21,ONE_POINT,100,100,RANDOM,4
413,41400,131.3423044681549,44811,44816.6,0,0.4,21,ONE_POINT,100,100,RANDOM,4
414,41500,131.63191723823547,44750,44760.12,0,0.4,21,ONE_POINT,100,100,RANDOM,4
415,41600,131.92797946929932,44716,44721.72,0,0.4,21,ONE_POINT,100,100,RANDOM,4
416,41700,132.22739505767822,44671,44676.45,0,0.4,21,ONE_POINT,100,100,RANDOM,4
417,41800,132.56630063056946,44613,44619.47,0,0.4,21,ONE_POINT,100,100,RANDOM,4
418,41900,132.90159010887146,44602,44607.42,0,0.4,21,ONE_POINT,100,100,RANDOM,4
419,42000,133.24511742591858,44518,44525.03,0,0.4,21,ONE_POINT,100,100,RANDOM,4
420,42100,133.5705943107605,44490,44497.51,0,0.4,21,ONE_POINT,100,100,RANDOM,4
421,42200,133.8540964126587,44415,44425.09,0,0.4,21,ONE_POINT,100,100,RANDOM,4
422,42300,134.17539644241333,44385,44393.3,0,0.4,21,ONE_POINT,100,100,RANDOM,4
423,42400,134.46627569198608,44370,44433.92,0,0.4,21,ONE_POINT,100,100,RANDOM,4
424,42500,134.74256539344788,44327,44340.18,0,0.4,21,ONE_POINT,100,100,RANDOM,4
425,42600,135.03997039794922,44282,44286.99,0,0.4,21,ONE_POINT,100,100,RANDOM,4
426,42700,135.36824822425842,44245,44252.38,0,0.4,21,ONE_POINT,100,100,RANDOM,4
427,42800,135.66069078445435,44201,44215.16,0,0.4,21,ONE_POINT,100,100,RANDOM,4
428,42900,135.9399971961975,44147,44153.3,0,0.4,21,ONE_POINT,100,100,RANDOM,4
429,43000,136.23050737380981,44073,44077.39,0,0.4,21,ONE_POINT,100,100,RANDOM,4
430,43100,136.51407122612,44044,44048.22,0,0.4,21,ONE_POINT,100,100,RANDOM,4
431,43200,136.79251384735107,44034,44172.55,0,0.4,21,ONE_POINT,100,100,RANDOM,4
432,43300,137.10152220726013,44002,44005.56,0,0.4,21,ONE_POINT,100,100,RANDOM,4
433,43400,137.4218680858612,43972,44021.74,0,0.4,21,ONE_POINT,100,100,RANDOM,4
434,43500,137.72408890724182,43894,43912.14,0,0.4,21,ONE_POINT,100,100,RANDOM,4
435,43600,138.0384020805359,43852,43857.86,0,0.4,21,ONE_POINT,100,100,RANDOM,4
436,43700,138.32489609718323,43828,43832.94,0,0.4,21,ONE_POINT,100,100,RANDOM,4
437,43800,138.61185264587402,43774,43792.02,0,0.4,21,ONE_POINT,100,100,RANDOM,4
438,43900,138.89240407943726,43683,43690.9,0,0.4,21,ONE_POINT,100,100,RANDOM,4
439,44000,139.22583174705505,43599,43617.64,0,0.4,21,ONE_POINT,100,100,RANDOM,4
440,44100,139.50868225097656,43503,43556.02,0,0.4,21,ONE_POINT,100,100,RANDOM,4
441,44200,139.79788494110107,43418,43425.65,0,0.4,21,ONE_POINT,100,100,RANDOM,4
442,44300,140.08988189697266,43287,43301.57,0,0.4,21,ONE_POINT,100,100,RANDOM,4
443,44400,140.390212059021,43227,43239.56,0,0.4,21,ONE_POINT,100,100,RANDOM,4
444,44500,140.75521779060364,43137,43144.8,0,0.4,21,ONE_POINT,100,100,RANDOM,4
445,44600,141.10433650016785,43119,43126.36,0,0.4,21,ONE_POINT,100,100,RANDOM,4
446,44700,141.4085123538971,43094,43098.75,0,0.4,21,ONE_POINT,100,100,RANDOM,4
447,44800,141.73035860061646,43008,43062.71,0,0.4,21,ONE_POINT,100,100,RANDOM,4
448,44900,142.00188565254211,42958,43004.23,0,0.4,21,ONE_POINT,100,100,RANDOM,4
449,45000,142.27764916419983,42905,42910.0,0,0.4,21,ONE_POINT,100,100,RANDOM,4
450,45100,142.5586986541748,42886,42901.1,0,0.4,21,ONE_POINT,100,100,RANDOM,4
451,45200,142.83810782432556,42812,42819.77,0,0.4,21,ONE_POINT,100,100,RANDOM,4
452,45300,143.10715889930725,42757,42762.69,0,0.4,21,ONE_POINT,100,100,RANDOM,4
453,45400,143.44700360298157,42725,42727.96,0,0.4,21,ONE_POINT,100,100,RANDOM,4
454,45500,143.75308442115784,42694,42850.01,0,0.4,21,ONE_POINT,100,100,RANDOM,4
455,45600,144.10118412971497,42668,42726.55,0,0.4,21,ONE_POINT,100,100,RANDOM,4
456,45700,144.44520092010498,42658,42659.89,0,0.4,21,ONE_POINT,100,100,RANDOM,4
457,45800,144.7867887020111,42590,42600.05,0,0.4,21,ONE_POINT,100,100,RANDOM,4
458,45900,145.06671595573425,42563,42573.21,0,0.4,21,ONE_POINT,100,100,RANDOM,4
459,46000,145.34737467765808,42469,42476.77,0,0.4,21,ONE_POINT,100,100,RANDOM,4
460,46100,145.67465090751648,42380,42388.23,0,0.4,21,ONE_POINT,100,100,RANDOM,4
461,46200,146.0112807750702,42327,42336.62,0,0.4,21,ONE_POINT,100,100,RANDOM,4
462,46300,146.32645225524902,42312,42314.89,0,0.4,21,ONE_POINT,100,100,RANDOM,4
463,46400,146.63296222686768,42296,42302.8,0,0.4,21,ONE_POINT,100,100,RANDOM,4
464,46500,146.9507155418396,42273,42296.12,0,0.4,21,ONE_POINT,100,100,RANDOM,4
465,46600,147.29461407661438,42256,42264.41,0,0.4,21,ONE_POINT,100,100,RANDOM,4
466,46700,147.64981055259705,42220,42223.77,0,0.4,21,ONE_POINT,100,100,RANDOM,4
467,46800,147.99670958518982,42161,42171.75,0,0.4,21,ONE_POINT,100,100,RANDOM,4
468,46900,148.26919388771057,42115,42130.9,0,0.4,21,ONE_POINT,100,100,RANDOM,4
469,47000,148.59578657150269,42073,42086.37,0,0.4,21,ONE_POINT,100,100,RANDOM,4
470,47100,148.89689421653748,42012,42018.82,0,0.4,21,ONE_POINT,100,100,RANDOM,4
471,47200,149.2499532699585,41934,42077.33,0,0.4,21,ONE_POINT,100,100,RANDOM,4
472,47300,149.58455061912537,41866,41873.86,0,0.4,21,ONE_POINT,100,100,RANDOM,4
473,47400,149.88558554649353,41791,41869.21,0,0.4,21,ONE_POINT,100,100,RANDOM,4
474,47500,150.18559646606445,41713,41721.6,0,0.4,21,ONE_POINT,100,100,RANDOM,4
475,47600,150.52951645851135,41688,41698.27,0,0.4,21,ONE_POINT,100,100,RANDOM,4
476,47700,150.8423547744751,41665,41674.48,0,0.4,21,ONE_POINT,100,100,RANDOM,4
477,47800,151.13168263435364,41644,41664.02,0,0.4,21,ONE_POINT,100,100,RANDOM,4
478,47900,151.4494218826294,41588,41606.0,0,0.4,21,ONE_POINT,100,100,RANDOM,4
479,48000,151.776428937912,41522,41531.75,0,0.4,21,ONE_POINT,100,100,RANDOM,4
480,48100,152.11311745643616,41494,41497.08,0,0.4,21,ONE_POINT,100,100,RANDOM,4
481,48200,152.4503424167633,41448,41473.92,0,0.4,21,ONE_POINT,100,100,RANDOM,4
482,48300,152.74807786941528,41382,41395.21,0,0.4,21,ONE_POINT,100,100,RANDOM,4
483,48400,153.0422704219818,41353,41358.17,0,0.4,21,ONE_POINT,100,100,RANDOM,4
484,48500,153.35415601730347,41293,41297.95,0,0.4,21,ONE_POINT,100,100,RANDOM,4
485,48600,153.68476700782776,41192,41200.68,0,0.4,21,ONE_POINT,100,100,RANDOM,4
486,48700,153.98691511154175,41180,41182.98,0,0.4,21,ONE_POINT,100,100,RANDOM,4
487,48800,154.28302836418152,41155,41162.31,0,0.4,21,ONE_POINT,100,100,RANDOM,4
488,48900,154.5610728263855,41089,41104.11,0,0.4,21,ONE_POINT,100,100,RANDOM,4
489,49000,154.86799216270447,41031,41051.52,0,0.4,21,ONE_POINT,100,100,RANDOM,4
490,49100,155.17298817634583,40995,40998.04,0,0.4,21,ONE_POINT,100,100,RANDOM,4
491,49200,155.47193241119385,40984,40991.11,0,0.4,21,ONE_POINT,100,100,RANDOM,4
492,49300,155.76672887802124,40946,40950.07,0,0.4,21,ONE_POINT,100,100,RANDOM,4
493,49400,156.11789202690125,40913,40919.89,0,0.4,21,ONE_POINT,100,100,RANDOM,4
494,49500,156.44749522209167,40892,40896.59,0,0.4,21,ONE_POINT,100,100,RANDOM,4
495,49600,156.74373865127563,40876,40878.35,0,0.4,21,ONE_POINT,100,100,RANDOM,4
496,49700,157.0613534450531,40863,40894.26,0,0.4,21,ONE_POINT,100,100,RANDOM,4
497,49800,157.35371494293213,40777,40785.52,0,0.4,21,ONE_POINT,100,100,RANDOM,4
498,49900,157.67496848106384,40735,40742.38,0,0.4,21,ONE_POINT,100,100,RANDOM,4
499,50000,157.9760081768036,40729,40730.98,0,0.4,21,ONE_POINT,100,100,RANDOM,4
500,50100,158.2779848575592,40706,40710.25,0,0.4,21,ONE_POINT,100,100,RANDOM,4
