num-generations,num-evaluations,time-elapsed,best-fitness,avg-fitness,elite-frac,alpha,num_features_mutation_strength,elitist_size,crossover-method,population-size,num-points,initialization,seed
1,200,0.2537655830383301,134707,135138.74,0,0.38,0.25,20,ONE_POINT,100,100,RANDOM,0
2,300,0.6428585052490234,132451,132539.37,0,0.38,0.25,20,ONE_POINT,100,100,RANDOM,0
3,400,0.9803755283355713,130930,130976.96,0,0.38,0.25,20,ONE_POINT,100,100,RANDOM,0
4,500,1.3309381008148193,130471,130489.36,0,0.38,0.25,20,ONE_POINT,100,100,RANDOM,0
5,600,1.7039201259613037,128982,129024.84,0,0.38,0.25,20,ONE_POINT,100,100,RANDOM,0
6,700,2.065647602081299,126335,126387.94,0,0.38,0.25,20,ONE_POINT,100,100,RANDOM,0
7,800,2.43445086479187,125641,125665.35,0,0.38,0.25,20,ONE_POINT,100,100,RANDOM,0
8,900,2.7942123413085938,124918,124971.19,0,0.38,0.25,20,ONE_POINT,100,100,RANDOM,0
9,1000,3.1525816917419434,124445,124466.76,0,0.38,0.25,20,ONE_POINT,100,100,RANDOM,0
10,1100,3.536694049835205,123915,123945.34,0,0.38,0.25,20,ONE_POINT,100,100,RANDOM,0
11,1200,3.884972333908081,123176,123207.57,0,0.38,0.25,20,ONE_POINT,100,100,RANDOM,0
12,1300,4.220360040664673,122198,122237.27,0,0.38,0.25,20,ONE_POINT,100,100,RANDOM,0
13,1400,4.588427305221558,121488,121533.68,0,0.38,0.25,20,ONE_POINT,100,100,RANDOM,0
14,1500,4.983934640884399,121052,121078.64,0,0.38,0.25,20,ONE_POINT,100,100,RANDOM,0
15,1600,5.322947978973389,120549,120586.55,0,0.38,0.25,20,ONE_POINT,100,100,RANDOM,0
16,1700,5.705703020095825,120008,120046.1,0,0.38,0.25,20,ONE_POINT,100,100,RANDOM,0
17,1800,6.118556022644043,119501,119537.93,0,0.38,0.25,20,ONE_POINT,100,100,RANDOM,0
18,1900,6.503317594528198,118816,119014.38,0,0.38,0.25,20,ONE_POINT,100,100,RANDOM,0
19,2000,6.850985050201416,118064,118243.83,0,0.38,0.25,20,ONE_POINT,100,100,RANDOM,0
20,2100,7.206064224243164,117655,117682.46,0,0.38,0.25,20,ONE_POINT,100,100,RANDOM,0
21,2200,7.553289890289307,116231,116286.4,0,0.38,0.25,20,ONE_POINT,100,100,RANDOM,0
22,2300,7.929612874984741,115895,115928.26,0,0.38,0.25,20,ONE_POINT,100,100,RANDOM,0
23,2400,8.303027629852295,115550,115615.54,0,0.38,0.25,20,ONE_POINT,100,100,RANDOM,0
24,2500,8.641056060791016,114877,114914.43,0,0.38,0.25,20,ONE_POINT,100,100,RANDOM,0
25,2600,9.001682996749878,114727,114803.64,0,0.38,0.25,20,ONE_POINT,100,100,RANDOM,0
26,2700,9.378312587738037,114197,114217.83,0,0.38,0.25,20,ONE_POINT,100,100,RANDOM,0
27,2800,9.724106073379517,113765,113810.23,0,0.38,0.25,20,ONE_POINT,100,100,RANDOM,0
28,2900,10.094357967376709,112775,112814.72,0,0.38,0.25,20,ONE_POINT,100,100,RANDOM,0
29,3000,10.472393035888672,112437,112475.91,0,0.38,0.25,20,ONE_POINT,100,100,RANDOM,0
30,3100,10.790087461471558,111505,111541.1,0,0.38,0.25,20,ONE_POINT,100,100,RANDOM,0
31,3200,11.132789611816406,111243,111257.03,0,0.38,0.25,20,ONE_POINT,100,100,RANDOM,0
32,3300,11.483485698699951,110630,110655.75,0,0.38,0.25,20,ONE_POINT,100,100,RANDOM,0
33,3400,11.82269811630249,109533,109578.89,0,0.38,0.25,20,ONE_POINT,100,100,RANDOM,0
34,3500,12.18143916130066,108889,108917.13,0,0.38,0.25,20,ONE_POINT,100,100,RANDOM,0
35,3600,12.528785467147827,108551,108574.37,0,0.38,0.25,20,ONE_POINT,100,100,RANDOM,0
36,3700,12.864248514175415,108388,108397.78,0,0.38,0.25,20,ONE_POINT,100,100,RANDOM,0
37,3800,13.198659896850586,107850,107875.24,0,0.38,0.25,20,ONE_POINT,100,100,RANDOM,0
38,3900,13.531783103942871,107427,107470.78,0,0.38,0.25,20,ONE_POINT,100,100,RANDOM,0
39,4000,13.863962411880493,106963,107088.27,0,0.38,0.25,20,ONE_POINT,100,100,RANDOM,0
40,4100,14.225695371627808,105919,105960.76,0,0.38,0.25,20,ONE_POINT,100,100,RANDOM,0
41,4200,14.588802099227905,105676,105690.96,0,0.38,0.25,20,ONE_POINT,100,100,RANDOM,0
42,4300,14.934021711349487,105273,105293.49,0,0.38,0.25,20,ONE_POINT,100,100,RANDOM,0
43,4400,15.270709753036499,104882,104912.56,0,0.38,0.25,20,ONE_POINT,100,100,RANDOM,0
44,4500,15.595575332641602,104449,104511.84,0,0.38,0.25,20,ONE_POINT,100,100,RANDOM,0
45,4600,15.921258449554443,104218,104249.23,0,0.38,0.25,20,ONE_POINT,100,100,RANDOM,0
46,4700,16.22547745704651,103895,103914.0,0,0.38,0.25,20,ONE_POINT,100,100,RANDOM,0
47,4800,16.56556510925293,103284,103336.83,0,0.38,0.25,20,ONE_POINT,100,100,RANDOM,0
48,4900,16.90585684776306,102943,102984.89,0,0.38,0.25,20,ONE_POINT,100,100,RANDOM,0
49,5000,17.22659659385681,102320,102362.84,0,0.38,0.25,20,ONE_POINT,100,100,RANDOM,0
50,5100,17.53367018699646,101708,101736.46,0,0.38,0.25,20,ONE_POINT,100,100,RANDOM,0
51,5200,17.855433702468872,101343,101382.09,0,0.38,0.25,20,ONE_POINT,100,100,RANDOM,0
52,5300,18.193881511688232,101085,101099.29,0,0.38,0.25,20,ONE_POINT,100,100,RANDOM,0
53,5400,18.54133439064026,100825,100835.95,0,0.38,0.25,20,ONE_POINT,100,100,RANDOM,0
54,5500,18.88477087020874,100379,100422.12,0,0.38,0.25,20,ONE_POINT,100,100,RANDOM,0
55,5600,19.209479570388794,99990,100009.45,0,0.38,0.25,20,ONE_POINT,100,100,RANDOM,0
56,5700,19.54701566696167,99709,99726.75,0,0.38,0.25,20,ONE_POINT,100,100,RANDOM,0
57,5800,19.89289402961731,99165,99186.76,0,0.38,0.25,20,ONE_POINT,100,100,RANDOM,0
58,5900,20.21139907836914,98717,98762.67,0,0.38,0.25,20,ONE_POINT,100,100,RANDOM,0
59,6000,20.55024552345276,98145,98233.44,0,0.38,0.25,20,ONE_POINT,100,100,RANDOM,0
60,6100,20.892587423324585,97756,97793.66,0,0.38,0.25,20,ONE_POINT,100,100,RANDOM,0
61,6200,21.239391803741455,97494,97509.25,0,0.38,0.25,20,ONE_POINT,100,100,RANDOM,0
62,6300,21.6013445854187,97379,97404.33,0,0.38,0.25,20,ONE_POINT,100,100,RANDOM,0
63,6400,21.9266300201416,96958,96978.43,0,0.38,0.25,20,ONE_POINT,100,100,RANDOM,0
64,6500,22.234588384628296,96368,96483.52,0,0.38,0.25,20,ONE_POINT,100,100,RANDOM,0
65,6600,22.599424600601196,95946,95962.1,0,0.38,0.25,20,ONE_POINT,100,100,RANDOM,0
66,6700,22.941152811050415,95564,95604.72,0,0.38,0.25,20,ONE_POINT,100,100,RANDOM,0
67,6800,23.28770899772644,95334,95348.77,0,0.38,0.25,20,ONE_POINT,100,100,RANDOM,0
68,6900,23.64630699157715,95193,95202.92,0,0.38,0.25,20,ONE_POINT,100,100,RANDOM,0
69,7000,23.992382287979126,94844,94862.98,0,0.38,0.25,20,ONE_POINT,100,100,RANDOM,0
70,7100,24.310628652572632,94388,94405.7,0,0.38,0.25,20,ONE_POINT,100,100,RANDOM,0
71,7200,24.67699098587036,93993,94013.99,0,0.38,0.25,20,ONE_POINT,100,100,RANDOM,0
72,7300,25.004729747772217,93709,93735.18,0,0.38,0.25,20,ONE_POINT,100,100,RANDOM,0
73,7400,25.38866138458252,93595,93617.67,0,0.38,0.25,20,ONE_POINT,100,100,RANDOM,0
74,7500,25.72758936882019,93331,93371.53,0,0.38,0.25,20,ONE_POINT,100,100,RANDOM,0
75,7600,26.042262077331543,92821,92842.97,0,0.38,0.25,20,ONE_POINT,100,100,RANDOM,0
76,7700,26.351189374923706,92493,92508.8,0,0.38,0.25,20,ONE_POINT,100,100,RANDOM,0
77,7800,26.689404487609863,92281,92292.22,0,0.38,0.25,20,ONE_POINT,100,100,RANDOM,0
78,7900,27.054919004440308,92102,92117.39,0,0.38,0.25,20,ONE_POINT,100,100,RANDOM,0
79,8000,27.385783910751343,91501,91525.58,0,0.38,0.25,20,ONE_POINT,100,100,RANDOM,0
80,8100,27.720563411712646,91169,91188.92,0,0.38,0.25,20,ONE_POINT,100,100,RANDOM,0
81,8200,28.046019315719604,90779,90793.42,0,0.38,0.25,20,ONE_POINT,100,100,RANDOM,0
82,8300,28.35443878173828,90523,90538.7,0,0.38,0.25,20,ONE_POINT,100,100,RANDOM,0
83,8400,28.717687845230103,90369,90492.06,0,0.38,0.25,20,ONE_POINT,100,100,RANDOM,0
84,8500,29.045279264450073,90165,90198.86,0,0.38,0.25,20,ONE_POINT,100,100,RANDOM,0
85,8600,29.38113236427307,89830,89902.94,0,0.38,0.25,20,ONE_POINT,100,100,RANDOM,0
86,8700,29.680941104888916,89684,89692.94,0,0.38,0.25,20,ONE_POINT,100,100,RANDOM,0
87,8800,29.99652099609375,89569,89579.35,0,0.38,0.25,20,ONE_POINT,100,100,RANDOM,0
88,8900,30.353365659713745,89253,89274.53,0,0.38,0.25,20,ONE_POINT,100,100,RANDOM,0
89,9000,30.658278942108154,89008,89023.92,0,0.38,0.25,20,ONE_POINT,100,100,RANDOM,0
90,9100,30.98450469970703,88787,88829.64,0,0.38,0.25,20,ONE_POINT,100,100,RANDOM,0
91,9200,31.331828355789185,88493,88585.27,0,0.38,0.25,20,ONE_POINT,100,100,RANDOM,0
92,9300,31.62867021560669,88315,88325.68,0,0.38,0.25,20,ONE_POINT,100,100,RANDOM,0
93,9400,31.974539756774902,88138,88146.96,0,0.38,0.25,20,ONE_POINT,100,100,RANDOM,0
94,9500,32.28587460517883,87971,87981.02,0,0.38,0.25,20,ONE_POINT,100,100,RANDOM,0
95,9600,32.62818932533264,87633,87655.16,0,0.38,0.25,20,ONE_POINT,100,100,RANDOM,0
96,9700,32.975027561187744,87220,87260.01,0,0.38,0.25,20,ONE_POINT,100,100,RANDOM,0
97,9800,33.298147678375244,87065,87092.71,0,0.38,0.25,20,ONE_POINT,100,100,RANDOM,0
98,9900,33.615692138671875,86720,86767.29,0,0.38,0.25,20,ONE_POINT,100,100,RANDOM,0
99,10000,33.95946407318115,86476,86494.19,0,0.38,0.25,20,ONE_POINT,100,100,RANDOM,0
100,10100,34.30669355392456,86302,86329.24,0,0.38,0.25,20,ONE_POINT,100,100,RANDOM,0
101,10200,34.61825132369995,86048,86061.51,0,0.38,0.25,20,ONE_POINT,100,100,RANDOM,0
102,10300,34.95587730407715,85746,85760.56,0,0.38,0.25,20,ONE_POINT,100,100,RANDOM,0
103,10400,35.31698489189148,85486,85504.26,0,0.38,0.25,20,ONE_POINT,100,100,RANDOM,0
104,10500,35.68736004829407,85355,85362.92,0,0.38,0.25,20,ONE_POINT,100,100,RANDOM,0
105,10600,36.04741144180298,85219,85228.03,0,0.38,0.25,20,ONE_POINT,100,100,RANDOM,0
106,10700,36.43952822685242,85089,85192.74,0,0.38,0.25,20,ONE_POINT,100,100,RANDOM,0
107,10800,36.79397892951965,84672,84694.15,0,0.38,0.25,20,ONE_POINT,100,100,RANDOM,0
108,10900,37.09042835235596,84450,84462.7,0,0.38,0.25,20,ONE_POINT,100,100,RANDOM,0
109,11000,37.40437912940979,84231,84247.83,0,0.38,0.25,20,ONE_POINT,100,100,RANDOM,0
110,11100,37.74128842353821,84059,84110.6,0,0.38,0.25,20,ONE_POINT,100,100,RANDOM,0
111,11200,38.0732786655426,83694,83707.03,0,0.38,0.25,20,ONE_POINT,100,100,RANDOM,0
112,11300,38.419952630996704,83205,83227.89,0,0.38,0.25,20,ONE_POINT,100,100,RANDOM,0
113,11400,38.73723840713501,83064,83083.12,0,0.38,0.25,20,ONE_POINT,100,100,RANDOM,0
114,11500,39.063576459884644,82791,82841.84,0,0.38,0.25,20,ONE_POINT,100,100,RANDOM,0
115,11600,39.38900375366211,82552,82609.01,0,0.38,0.25,20,ONE_POINT,100,100,RANDOM,0
116,11700,39.751023292541504,82334,82358.17,0,0.38,0.25,20,ONE_POINT,100,100,RANDOM,0
117,11800,40.096911668777466,82031,82053.54,0,0.38,0.25,20,ONE_POINT,100,100,RANDOM,0
118,11900,40.44745945930481,81822,81834.69,0,0.38,0.25,20,ONE_POINT,100,100,RANDOM,0
119,12000,40.76384425163269,81423,81459.36,0,0.38,0.25,20,ONE_POINT,100,100,RANDOM,0
120,12100,41.075031757354736,81165,81180.4,0,0.38,0.25,20,ONE_POINT,100,100,RANDOM,0
121,12200,41.40669822692871,80955,80967.27,0,0.38,0.25,20,ONE_POINT,100,100,RANDOM,0
122,12300,41.71820068359375,80694,80773.52,0,0.38,0.25,20,ONE_POINT,100,100,RANDOM,0
123,12400,42.08624267578125,80519,80531.25,0,0.38,0.25,20,ONE_POINT,100,100,RANDOM,0
124,12500,42.44854378700256,80126,80149.79,0,0.38,0.25,20,ONE_POINT,100,100,RANDOM,0
125,12600,42.82205939292908,80006,80046.69,0,0.38,0.25,20,ONE_POINT,100,100,RANDOM,0
126,12700,43.1627037525177,79791,79804.08,0,0.38,0.25,20,ONE_POINT,100,100,RANDOM,0
127,12800,43.48811483383179,79476,79565.77,0,0.38,0.25,20,ONE_POINT,100,100,RANDOM,0
128,12900,43.82727813720703,79220,79235.39,0,0.38,0.25,20,ONE_POINT,100,100,RANDOM,0
129,13000,44.131351947784424,79012,79029.21,0,0.38,0.25,20,ONE_POINT,100,100,RANDOM,0
130,13100,44.457642555236816,78757,78800.46,0,0.38,0.25,20,ONE_POINT,100,100,RANDOM,0
131,13200,44.80323624610901,78533,78611.16,0,0.38,0.25,20,ONE_POINT,100,100,RANDOM,0
132,13300,45.13117027282715,78384,78407.2,0,0.38,0.25,20,ONE_POINT,100,100,RANDOM,0
133,13400,45.47104525566101,78257,78266.67,0,0.38,0.25,20,ONE_POINT,100,100,RANDOM,0
134,13500,45.806060552597046,78052,78075.55,0,0.38,0.25,20,ONE_POINT,100,100,RANDOM,0
135,13600,46.10170006752014,77861,77874.78,0,0.38,0.25,20,ONE_POINT,100,100,RANDOM,0
136,13700,46.42240381240845,77640,77656.29,0,0.38,0.25,20,ONE_POINT,100,100,RANDOM,0
137,13800,46.741981983184814,77388,77433.66,0,0.38,0.25,20,ONE_POINT,100,100,RANDOM,0
138,13900,47.09741568565369,76969,77015.95,0,0.38,0.25,20,ONE_POINT,100,100,RANDOM,0
139,14000,47.44633936882019,76878,76893.44,0,0.38,0.25,20,ONE_POINT,100,100,RANDOM,0
140,14100,47.77701449394226,76796,76809.79,0,0.38,0.25,20,ONE_POINT,100,100,RANDOM,0
141,14200,48.100825548172,76588,76600.48,0,0.38,0.25,20,ONE_POINT,100,100,RANDOM,0
142,14300,48.432698011398315,76360,76374.37,0,0.38,0.25,20,ONE_POINT,100,100,RANDOM,0
143,14400,48.78194046020508,76225,76235.63,0,0.38,0.25,20,ONE_POINT,100,100,RANDOM,0
144,14500,49.1062376499176,76038,76049.22,0,0.38,0.25,20,ONE_POINT,100,100,RANDOM,0
145,14600,49.44302582740784,75910,75922.53,0,0.38,0.25,20,ONE_POINT,100,100,RANDOM,0
146,14700,49.766579389572144,75666,75738.87,0,0.38,0.25,20,ONE_POINT,100,100,RANDOM,0
147,14800,50.10130763053894,75442,75473.64,0,0.38,0.25,20,ONE_POINT,100,100,RANDOM,0
148,14900,50.46153783798218,75276,75299.28,0,0.38,0.25,20,ONE_POINT,100,100,RANDOM,0
149,15000,50.79143762588501,75166,75173.25,0,0.38,0.25,20,ONE_POINT,100,100,RANDOM,0
150,15100,51.12828087806702,75056,75071.15,0,0.38,0.25,20,ONE_POINT,100,100,RANDOM,0
151,15200,51.447579860687256,74915,74943.33,0,0.38,0.25,20,ONE_POINT,100,100,RANDOM,0
152,15300,51.79259896278381,74766,74780.65,0,0.38,0.25,20,ONE_POINT,100,100,RANDOM,0
153,15400,52.15338730812073,74614,74654.93,0,0.38,0.25,20,ONE_POINT,100,100,RANDOM,0
154,15500,52.491007804870605,74427,74447.18,0,0.38,0.25,20,ONE_POINT,100,100,RANDOM,0
155,15600,52.857813119888306,74236,74250.55,0,0.38,0.25,20,ONE_POINT,100,100,RANDOM,0
156,15700,53.22398090362549,74051,74070.57,0,0.38,0.25,20,ONE_POINT,100,100,RANDOM,0
157,15800,53.56048774719238,73924,73945.42,0,0.38,0.25,20,ONE_POINT,100,100,RANDOM,0
158,15900,53.88200283050537,73721,73733.45,0,0.38,0.25,20,ONE_POINT,100,100,RANDOM,0
159,16000,54.26187515258789,73606,73619.03,0,0.38,0.25,20,ONE_POINT,100,100,RANDOM,0
160,16100,54.564308404922485,73479,73489.96,0,0.38,0.25,20,ONE_POINT,100,100,RANDOM,0
161,16200,54.880833864212036,73278,73290.06,0,0.38,0.25,20,ONE_POINT,100,100,RANDOM,0
162,16300,55.197251319885254,72980,72994.16,0,0.38,0.25,20,ONE_POINT,100,100,RANDOM,0
163,16400,55.50750732421875,72815,72830.77,0,0.38,0.25,20,ONE_POINT,100,100,RANDOM,0
164,16500,55.81841063499451,72650,72663.74,0,0.38,0.25,20,ONE_POINT,100,100,RANDOM,0
165,16600,56.17568302154541,72496,72512.63,0,0.38,0.25,20,ONE_POINT,100,100,RANDOM,0
166,16700,56.51971411705017,72354,72363.94,0,0.38,0.25,20,ONE_POINT,100,100,RANDOM,0
167,16800,56.84758448600769,72150,72162.3,0,0.38,0.25,20,ONE_POINT,100,100,RANDOM,0
168,16900,57.16118574142456,72013,72123.04,0,0.38,0.25,20,ONE_POINT,100,100,RANDOM,0
169,17000,57.48902130126953,71882,71892.54,0,0.38,0.25,20,ONE_POINT,100,100,RANDOM,0
170,17100,57.81727147102356,71744,71755.99,0,0.38,0.25,20,ONE_POINT,100,100,RANDOM,0
171,17200,58.11939263343811,71615,71626.79,0,0.38,0.25,20,ONE_POINT,100,100,RANDOM,0
172,17300,58.43426251411438,71520,71664.13,0,0.38,0.25,20,ONE_POINT,100,100,RANDOM,0
173,17400,58.74678826332092,71408,71417.17,0,0.38,0.25,20,ONE_POINT,100,100,RANDOM,0
174,17500,59.07543611526489,71168,71182.4,0,0.38,0.25,20,ONE_POINT,100,100,RANDOM,0
175,17600,59.39150047302246,71022,71065.54,0,0.38,0.25,20,ONE_POINT,100,100,RANDOM,0
176,17700,59.69942855834961,70831,70841.19,0,0.38,0.25,20,ONE_POINT,100,100,RANDOM,0
177,17800,60.01017999649048,70698,70724.77,0,0.38,0.25,20,ONE_POINT,100,100,RANDOM,0
178,17900,60.333954095840454,70536,70550.56,0,0.38,0.25,20,ONE_POINT,100,100,RANDOM,0
179,18000,60.67732834815979,70343,70354.78,0,0.38,0.25,20,ONE_POINT,100,100,RANDOM,0
180,18100,60.98584699630737,70174,70217.26,0,0.38,0.25,20,ONE_POINT,100,100,RANDOM,0
181,18200,61.294108629226685,70114,70120.98,0,0.38,0.25,20,ONE_POINT,100,100,RANDOM,0
182,18300,61.62222099304199,69947,69955.49,0,0.38,0.25,20,ONE_POINT,100,100,RANDOM,0
183,18400,61.98127293586731,69720,69735.89,0,0.38,0.25,20,ONE_POINT,100,100,RANDOM,0
184,18500,62.33389711380005,69520,69551.15,0,0.38,0.25,20,ONE_POINT,100,100,RANDOM,0
185,18600,62.67130517959595,69324,69335.75,0,0.38,0.25,20,ONE_POINT,100,100,RANDOM,0
186,18700,62.98719573020935,69150,69170.7,0,0.38,0.25,20,ONE_POINT,100,100,RANDOM,0
187,18800,63.35195279121399,69070,69078.29,0,0.38,0.25,20,ONE_POINT,100,100,RANDOM,0
188,18900,63.69004964828491,68944,69025.07,0,0.38,0.25,20,ONE_POINT,100,100,RANDOM,0
189,19000,64.04433131217957,68740,68764.11,0,0.38,0.25,20,ONE_POINT,100,100,RANDOM,0
190,19100,64.39646887779236,68549,68566.45,0,0.38,0.25,20,ONE_POINT,100,100,RANDOM,0
191,19200,64.71424531936646,68258,68474.0,0,0.38,0.25,20,ONE_POINT,100,100,RANDOM,0
192,19300,65.04886269569397,67965,68040.48,0,0.38,0.25,20,ONE_POINT,100,100,RANDOM,0
193,19400,65.40105843544006,67862,67880.08,0,0.38,0.25,20,ONE_POINT,100,100,RANDOM,0
194,19500,65.73453783988953,67730,67742.26,0,0.38,0.25,20,ONE_POINT,100,100,RANDOM,0
195,19600,66.08263874053955,67592,67600.96,0,0.38,0.25,20,ONE_POINT,100,100,RANDOM,0
196,19700,66.40451788902283,67446,67457.72,0,0.38,0.25,20,ONE_POINT,100,100,RANDOM,0
197,19800,66.72802352905273,67365,67379.68,0,0.38,0.25,20,ONE_POINT,100,100,RANDOM,0
198,19900,67.07732653617859,67213,67226.64,0,0.38,0.25,20,ONE_POINT,100,100,RANDOM,0
199,20000,67.37925720214844,67057,67074.65,0,0.38,0.25,20,ONE_POINT,100,100,RANDOM,0
200,20100,67.71115827560425,66864,66878.37,0,0.38,0.25,20,ONE_POINT,100,100,RANDOM,0
201,20200,68.03346347808838,66752,66769.28,0,0.38,0.25,20,ONE_POINT,100,100,RANDOM,0
202,20300,68.38558006286621,66552,66564.78,0,0.38,0.25,20,ONE_POINT,100,100,RANDOM,0
203,20400,68.73318219184875,66369,66409.46,0,0.38,0.25,20,ONE_POINT,100,100,RANDOM,0
204,20500,69.08094453811646,66134,66150.45,0,0.38,0.25,20,ONE_POINT,100,100,RANDOM,0
205,20600,69.44834542274475,65930,65945.18,0,0.38,0.25,20,ONE_POINT,100,100,RANDOM,0
206,20700,69.81085896492004,65688,65705.31,0,0.38,0.25,20,ONE_POINT,100,100,RANDOM,0
207,20800,70.1774353981018,65624,65646.8,0,0.38,0.25,20,ONE_POINT,100,100,RANDOM,0
208,20900,70.47838139533997,65490,65500.83,0,0.38,0.25,20,ONE_POINT,100,100,RANDOM,0
209,21000,70.79848957061768,65382,65398.27,0,0.38,0.25,20,ONE_POINT,100,100,RANDOM,0
210,21100,71.1181480884552,65170,65220.76,0,0.38,0.25,20,ONE_POINT,100,100,RANDOM,0
211,21200,71.43728685379028,65026,65035.38,0,0.38,0.25,20,ONE_POINT,100,100,RANDOM,0
212,21300,71.76858329772949,64902,64933.76,0,0.38,0.25,20,ONE_POINT,100,100,RANDOM,0
213,21400,72.10671734809875,64778,64811.29,0,0.38,0.25,20,ONE_POINT,100,100,RANDOM,0
214,21500,72.468101978302,64692,64699.23,0,0.38,0.25,20,ONE_POINT,100,100,RANDOM,0
215,21600,72.81287407875061,64538,64563.66,0,0.38,0.25,20,ONE_POINT,100,100,RANDOM,0
216,21700,73.17371034622192,64288,64347.14,0,0.38,0.25,20,ONE_POINT,100,100,RANDOM,0
217,21800,73.51223874092102,64167,64176.82,0,0.38,0.25,20,ONE_POINT,100,100,RANDOM,0
218,21900,73.8671612739563,63989,64104.78,0,0.38,0.25,20,ONE_POINT,100,100,RANDOM,0
219,22000,74.21551990509033,63804,63824.69,0,0.38,0.25,20,ONE_POINT,100,100,RANDOM,0
220,22100,74.572500705719,63687,63706.78,0,0.38,0.25,20,ONE_POINT,100,100,RANDOM,0
221,22200,74.96632432937622,63526,63535.66,0,0.38,0.25,20,ONE_POINT,100,100,RANDOM,0
222,22300,75.29801487922668,63426,63459.23,0,0.38,0.25,20,ONE_POINT,100,100,RANDOM,0
223,22400,75.62977242469788,63292,63312.77,0,0.38,0.25,20,ONE_POINT,100,100,RANDOM,0
224,22500,75.95092535018921,63145,63159.35,0,0.38,0.25,20,ONE_POINT,100,100,RANDOM,0
225,22600,76.28402352333069,63024,63036.62,0,0.38,0.25,20,ONE_POINT,100,100,RANDOM,0
226,22700,76.64746642112732,62942,62987.01,0,0.38,0.25,20,ONE_POINT,100,100,RANDOM,0
227,22800,76.98296594619751,62860,62893.22,0,0.38,0.25,20,ONE_POINT,100,100,RANDOM,0
228,22900,77.31637954711914,62758,62782.4,0,0.38,0.25,20,ONE_POINT,100,100,RANDOM,0
229,23000,77.63289618492126,62721,62730.55,0,0.38,0.25,20,ONE_POINT,100,100,RANDOM,0
230,23100,77.96594285964966,62617,62689.84,0,0.38,0.25,20,ONE_POINT,100,100,RANDOM,0
231,23200,78.329430103302,62390,62403.35,0,0.38,0.25,20,ONE_POINT,100,100,RANDOM,0
232,23300,78.64248204231262,62320,62323.29,0,0.38,0.25,20,ONE_POINT,100,100,RANDOM,0
233,23400,78.95761632919312,62185,62205.52,0,0.38,0.25,20,ONE_POINT,100,100,RANDOM,0
234,23500,79.29680943489075,62038,62050.75,0,0.38,0.25,20,ONE_POINT,100,100,RANDOM,0
235,23600,79.6374261379242,61865,61875.98,0,0.38,0.25,20,ONE_POINT,100,100,RANDOM,0
236,23700,79.97213363647461,61737,61758.51,0,0.38,0.25,20,ONE_POINT,100,100,RANDOM,0
237,23800,80.30929470062256,61689,61693.8,0,0.38,0.25,20,ONE_POINT,100,100,RANDOM,0
238,23900,80.64470195770264,61625,61668.76,0,0.38,0.25,20,ONE_POINT,100,100,RANDOM,0
239,24000,81.02021670341492,61521,61533.27,0,0.38,0.25,20,ONE_POINT,100,100,RANDOM,0
240,24100,81.37988448143005,61426,61449.79,0,0.38,0.25,20,ONE_POINT,100,100,RANDOM,0
241,24200,81.71920251846313,61291,61302.67,0,0.38,0.25,20,ONE_POINT,100,100,RANDOM,0
242,24300,82.03876996040344,61204,61216.68,0,0.38,0.25,20,ONE_POINT,100,100,RANDOM,0
243,24400,82.35971426963806,61130,61281.7,0,0.38,0.25,20,ONE_POINT,100,100,RANDOM,0
244,24500,82.73068475723267,61069,61077.63,0,0.38,0.25,20,ONE_POINT,100,100,RANDOM,0
245,24600,83.04768395423889,60929,60940.22,0,0.38,0.25,20,ONE_POINT,100,100,RANDOM,0
246,24700,83.38528847694397,60759,60790.78,0,0.38,0.25,20,ONE_POINT,100,100,RANDOM,0
247,24800,83.7319688796997,60529,60600.21,0,0.38,0.25,20,ONE_POINT,100,100,RANDOM,0
248,24900,84.07239818572998,60328,60347.65,0,0.38,0.25,20,ONE_POINT,100,100,RANDOM,0
249,25000,84.42155694961548,60196,60222.73,0,0.38,0.25,20,ONE_POINT,100,100,RANDOM,0
250,25100,84.73615765571594,60118,60145.92,0,0.38,0.25,20,ONE_POINT,100,100,RANDOM,0
251,25200,85.10707306861877,59943,59955.0,0,0.38,0.25,20,ONE_POINT,100,100,RANDOM,0
252,25300,85.46969747543335,59825,59840.07,0,0.38,0.25,20,ONE_POINT,100,100,RANDOM,0
253,25400,85.76405620574951,59683,59709.42,0,0.38,0.25,20,ONE_POINT,100,100,RANDOM,0
254,25500,86.09328007698059,59538,59549.27,0,0.38,0.25,20,ONE_POINT,100,100,RANDOM,0
255,25600,86.45862317085266,59397,59415.19,0,0.38,0.25,20,ONE_POINT,100,100,RANDOM,0
256,25700,86.78539514541626,59154,59167.56,0,0.38,0.25,20,ONE_POINT,100,100,RANDOM,0
257,25800,87.10348701477051,59079,59085.74,0,0.38,0.25,20,ONE_POINT,100,100,RANDOM,0
258,25900,87.43604850769043,58874,58898.66,0,0.38,0.25,20,ONE_POINT,100,100,RANDOM,0
259,26000,87.75099325180054,58806,58828.2,0,0.38,0.25,20,ONE_POINT,100,100,RANDOM,0
260,26100,88.11978197097778,58710,58725.23,0,0.38,0.25,20,ONE_POINT,100,100,RANDOM,0
261,26200,88.44880986213684,58557,58669.34,0,0.38,0.25,20,ONE_POINT,100,100,RANDOM,0
262,26300,88.77953910827637,58392,58402.5,0,0.38,0.25,20,ONE_POINT,100,100,RANDOM,0
263,26400,89.11865067481995,58324,58330.8,0,0.38,0.25,20,ONE_POINT,100,100,RANDOM,0
264,26500,89.45050382614136,58148,58160.99,0,0.38,0.25,20,ONE_POINT,100,100,RANDOM,0
265,26600,89.75139808654785,57978,57995.63,0,0.38,0.25,20,ONE_POINT,100,100,RANDOM,0
266,26700,90.0951337814331,57928,57935.0,0,0.38,0.25,20,ONE_POINT,100,100,RANDOM,0
267,26800,90.43823862075806,57777,57790.52,0,0.38,0.25,20,ONE_POINT,100,100,RANDOM,0
268,26900,90.78080105781555,57705,57721.48,0,0.38,0.25,20,ONE_POINT,100,100,RANDOM,0
269,27000,91.11762428283691,57604,57612.89,0,0.38,0.25,20,ONE_POINT,100,100,RANDOM,0
270,27100,91.46326899528503,57523,57570.09,0,0.38,0.25,20,ONE_POINT,100,100,RANDOM,0
271,27200,91.77755165100098,57435,57441.19,0,0.38,0.25,20,ONE_POINT,100,100,RANDOM,0
272,27300,92.08688449859619,57326,57336.13,0,0.38,0.25,20,ONE_POINT,100,100,RANDOM,0
273,27400,92.44036817550659,57249,57263.46,0,0.38,0.25,20,ONE_POINT,100,100,RANDOM,0
274,27500,92.81015181541443,57151,57169.8,0,0.38,0.25,20,ONE_POINT,100,100,RANDOM,0
275,27600,93.13250517845154,56951,56965.65,0,0.38,0.25,20,ONE_POINT,100,100,RANDOM,0
276,27700,93.4340181350708,56810,56827.04,0,0.38,0.25,20,ONE_POINT,100,100,RANDOM,0
277,27800,93.7860369682312,56669,56699.54,0,0.38,0.25,20,ONE_POINT,100,100,RANDOM,0
278,27900,94.11000800132751,56549,56559.51,0,0.38,0.25,20,ONE_POINT,100,100,RANDOM,0
279,28000,94.46954584121704,56493,56518.3,0,0.38,0.25,20,ONE_POINT,100,100,RANDOM,0
280,28100,94.764164686203,56367,56385.92,0,0.38,0.25,20,ONE_POINT,100,100,RANDOM,0
281,28200,95.07078433036804,56331,56352.85,0,0.38,0.25,20,ONE_POINT,100,100,RANDOM,0
282,28300,95.39257431030273,56267,56272.83,0,0.38,0.25,20,ONE_POINT,100,100,RANDOM,0
283,28400,95.7385847568512,56164,56172.5,0,0.38,0.25,20,ONE_POINT,100,100,RANDOM,0
284,28500,96.11897325515747,55952,55964.72,0,0.38,0.25,20,ONE_POINT,100,100,RANDOM,0
285,28600,96.43647146224976,55821,55856.34,0,0.38,0.25,20,ONE_POINT,100,100,RANDOM,0
286,28700,96.73663258552551,55660,55668.74,0,0.38,0.25,20,ONE_POINT,100,100,RANDOM,0
287,28800,97.12262916564941,55532,55543.8,0,0.38,0.25,20,ONE_POINT,100,100,RANDOM,0
288,28900,97.4459879398346,55383,55411.11,0,0.38,0.25,20,ONE_POINT,100,100,RANDOM,0
289,29000,97.79334044456482,55305,55439.38,0,0.38,0.25,20,ONE_POINT,100,100,RANDOM,0
290,29100,98.10324335098267,55249,55256.47,0,0.38,0.25,20,ONE_POINT,100,100,RANDOM,0
291,29200,98.45139455795288,55107,55122.47,0,0.38,0.25,20,ONE_POINT,100,100,RANDOM,0
292,29300,98.81789445877075,54977,55003.19,0,0.38,0.25,20,ONE_POINT,100,100,RANDOM,0
293,29400,99.16748285293579,54920,54924.6,0,0.38,0.25,20,ONE_POINT,100,100,RANDOM,0
294,29500,99.5023717880249,54795,54808.68,0,0.38,0.25,20,ONE_POINT,100,100,RANDOM,0
295,29600,99.82737135887146,54673,54690.05,0,0.38,0.25,20,ONE_POINT,100,100,RANDOM,0
296,29700,100.14111304283142,54504,54515.63,0,0.38,0.25,20,ONE_POINT,100,100,RANDOM,0
297,29800,100.47546052932739,54409,54417.2,0,0.38,0.25,20,ONE_POINT,100,100,RANDOM,0
298,29900,100.82025623321533,54164,54197.89,0,0.38,0.25,20,ONE_POINT,100,100,RANDOM,0
299,30000,101.17495918273926,54144,54232.31,0,0.38,0.25,20,ONE_POINT,100,100,RANDOM,0
300,30100,101.49700832366943,54039,54056.21,0,0.38,0.25,20,ONE_POINT,100,100,RANDOM,0
301,30200,101.80917763710022,53975,53995.31,0,0.38,0.25,20,ONE_POINT,100,100,RANDOM,0
302,30300,102.1536967754364,53917,53922.8,0,0.38,0.25,20,ONE_POINT,100,100,RANDOM,0
303,30400,102.52544951438904,53847,53854.58,0,0.38,0.25,20,ONE_POINT,100,100,RANDOM,0
304,30500,102.91304230690002,53739,53750.06,0,0.38,0.25,20,ONE_POINT,100,100,RANDOM,0
305,30600,103.27766489982605,53671,53677.8,0,0.38,0.25,20,ONE_POINT,100,100,RANDOM,0
306,30700,103.66104054450989,53559,53569.54,0,0.38,0.25,20,ONE_POINT,100,100,RANDOM,0
307,30800,103.99471998214722,53445,53494.61,0,0.38,0.25,20,ONE_POINT,100,100,RANDOM,0
308,30900,104.33660697937012,53330,53343.56,0,0.38,0.25,20,ONE_POINT,100,100,RANDOM,0
309,31000,104.66618180274963,53205,53380.22,0,0.38,0.25,20,ONE_POINT,100,100,RANDOM,0
310,31100,104.99052405357361,53150,53155.56,0,0.38,0.25,20,ONE_POINT,100,100,RANDOM,0
311,31200,105.32363367080688,53103,53116.73,0,0.38,0.25,20,ONE_POINT,100,100,RANDOM,0
312,31300,105.68209624290466,53009,53018.31,0,0.38,0.25,20,ONE_POINT,100,100,RANDOM,0
313,31400,105.98434853553772,52973,52986.92,0,0.38,0.25,20,ONE_POINT,100,100,RANDOM,0
314,31500,106.32924723625183,52885,52908.7,0,0.38,0.25,20,ONE_POINT,100,100,RANDOM,0
315,31600,106.63263535499573,52831,52841.92,0,0.38,0.25,20,ONE_POINT,100,100,RANDOM,0
316,31700,106.97266149520874,52806,52809.97,0,0.38,0.25,20,ONE_POINT,100,100,RANDOM,0
317,31800,107.30714440345764,52685,52707.05,0,0.38,0.25,20,ONE_POINT,100,100,RANDOM,0
318,31900,107.64793992042542,52603,52613.28,0,0.38,0.25,20,ONE_POINT,100,100,RANDOM,0
319,32000,107.97680187225342,52510,52523.25,0,0.38,0.25,20,ONE_POINT,100,100,RANDOM,0
320,32100,108.29172945022583,52454,52589.06,0,0.38,0.25,20,ONE_POINT,100,100,RANDOM,0
321,32200,108.61996984481812,52360,52377.48,0,0.38,0.25,20,ONE_POINT,100,100,RANDOM,0
322,32300,108.96749496459961,52235,52259.05,0,0.38,0.25,20,ONE_POINT,100,100,RANDOM,0
323,32400,109.28611779212952,52190,52209.15,0,0.38,0.25,20,ONE_POINT,100,100,RANDOM,0
324,32500,109.62884283065796,52066,52077.1,0,0.38,0.25,20,ONE_POINT,100,100,RANDOM,0
325,32600,109.93364810943604,52003,52010.92,0,0.38,0.25,20,ONE_POINT,100,100,RANDOM,0
326,32700,110.27033996582031,51933,51940.53,0,0.38,0.25,20,ONE_POINT,100,100,RANDOM,0
327,32800,110.61473059654236,51841,51850.87,0,0.38,0.25,20,ONE_POINT,100,100,RANDOM,0
328,32900,110.93162202835083,51802,51809.1,0,0.38,0.25,20,ONE_POINT,100,100,RANDOM,0
329,33000,111.27191209793091,51734,51753.64,0,0.38,0.25,20,ONE_POINT,100,100,RANDOM,0
330,33100,111.59901309013367,51671,51697.01,0,0.38,0.25,20,ONE_POINT,100,100,RANDOM,0
331,33200,111.90189409255981,51622,51628.51,0,0.38,0.25,20,ONE_POINT,100,100,RANDOM,0
332,33300,112.23738288879395,51542,51560.3,0,0.38,0.25,20,ONE_POINT,100,100,RANDOM,0
333,33400,112.58338594436646,51486,51494.08,0,0.38,0.25,20,ONE_POINT,100,100,RANDOM,0
334,33500,112.9414234161377,51365,51378.23,0,0.38,0.25,20,ONE_POINT,100,100,RANDOM,0
335,33600,113.27540683746338,51304,51318.13,0,0.38,0.25,20,ONE_POINT,100,100,RANDOM,0
336,33700,113.60480070114136,51246,51251.8,0,0.38,0.25,20,ONE_POINT,100,100,RANDOM,0
337,33800,113.96789050102234,51170,51182.61,0,0.38,0.25,20,ONE_POINT,100,100,RANDOM,0
338,33900,114.30639123916626,51053,51072.42,0,0.38,0.25,20,ONE_POINT,100,100,RANDOM,0
339,34000,114.64749217033386,50929,50960.08,0,0.38,0.25,20,ONE_POINT,100,100,RANDOM,0
340,34100,114.98830533027649,50885,50898.29,0,0.38,0.25,20,ONE_POINT,100,100,RANDOM,0
341,34200,115.29525375366211,50842,50850.55,0,0.38,0.25,20,ONE_POINT,100,100,RANDOM,0
342,34300,115.59772038459778,50746,50756.95,0,0.38,0.25,20,ONE_POINT,100,100,RANDOM,0
343,34400,115.90327572822571,50699,50817.03,0,0.38,0.25,20,ONE_POINT,100,100,RANDOM,0
344,34500,116.26093220710754,50643,50649.44,0,0.38,0.25,20,ONE_POINT,100,100,RANDOM,0
345,34600,116.57196092605591,50593,50598.56,0,0.38,0.25,20,ONE_POINT,100,100,RANDOM,0
346,34700,116.90249848365784,50533,50597.11,0,0.38,0.25,20,ONE_POINT,100,100,RANDOM,0
347,34800,117.21409702301025,50426,50434.89,0,0.38,0.25,20,ONE_POINT,100,100,RANDOM,0
348,34900,117.54986333847046,50400,50405.05,0,0.38,0.25,20,ONE_POINT,100,100,RANDOM,0
349,35000,117.86214971542358,50324,50379.44,0,0.38,0.25,20,ONE_POINT,100,100,RANDOM,0
350,35100,118.19152307510376,50199,50227.62,0,0.38,0.25,20,ONE_POINT,100,100,RANDOM,0
351,35200,118.50548219680786,50141,50156.51,0,0.38,0.25,20,ONE_POINT,100,100,RANDOM,0
352,35300,118.82543206214905,50036,50045.38,0,0.38,0.25,20,ONE_POINT,100,100,RANDOM,0
353,35400,119.15433716773987,49947,49955.33,0,0.38,0.25,20,ONE_POINT,100,100,RANDOM,0
354,35500,119.49345088005066,49850,49879.15,0,0.38,0.25,20,ONE_POINT,100,100,RANDOM,0
355,35600,119.84543967247009,49803,49815.05,0,0.38,0.25,20,ONE_POINT,100,100,RANDOM,0
356,35700,120.16045641899109,49665,49682.18,0,0.38,0.25,20,ONE_POINT,100,100,RANDOM,0
357,35800,120.47606706619263,49596,49614.79,0,0.38,0.25,20,ONE_POINT,100,100,RANDOM,0
358,35900,120.8075499534607,49491,49501.47,0,0.38,0.25,20,ONE_POINT,100,100,RANDOM,0
359,36000,121.10445404052734,49464,49585.19,0,0.38,0.25,20,ONE_POINT,100,100,RANDOM,0
360,36100,121.46014714241028,49378,49386.55,0,0.38,0.25,20,ONE_POINT,100,100,RANDOM,0
361,36200,121.79314851760864,49345,49365.24,0,0.38,0.25,20,ONE_POINT,100,100,RANDOM,0
362,36300,122.14032912254333,49273,49280.84,0,0.38,0.25,20,ONE_POINT,100,100,RANDOM,0
363,36400,122.5096538066864,49214,49291.11,0,0.38,0.25,20,ONE_POINT,100,100,RANDOM,0
364,36500,122.83031368255615,49162,49168.05,0,0.38,0.25,20,ONE_POINT,100,100,RANDOM,0
365,36600,123.17543935775757,49083,49212.14,0,0.38,0.25,20,ONE_POINT,100,100,RANDOM,0
366,36700,123.49407601356506,49051,49207.21,0,0.38,0.25,20,ONE_POINT,100,100,RANDOM,0
367,36800,123.82675075531006,48723,48750.2,0,0.38,0.25,20,ONE_POINT,100,100,RANDOM,0
368,36900,124.19732785224915,48686,48694.35,0,0.38,0.25,20,ONE_POINT,100,100,RANDOM,0
369,37000,124.52666115760803,48626,48632.35,0,0.38,0.25,20,ONE_POINT,100,100,RANDOM,0
370,37100,124.85357475280762,48583,48587.64,0,0.38,0.25,20,ONE_POINT,100,100,RANDOM,0
371,37200,125.18357706069946,48543,48581.17,0,0.38,0.25,20,ONE_POINT,100,100,RANDOM,0
372,37300,125.5429618358612,48501,48506.86,0,0.38,0.25,20,ONE_POINT,100,100,RANDOM,0
373,37400,125.8971221446991,48473,48516.5,0,0.38,0.25,20,ONE_POINT,100,100,RANDOM,0
374,37500,126.23855876922607,48422,48430.37,0,0.38,0.25,20,ONE_POINT,100,100,RANDOM,0
375,37600,126.54523658752441,48279,48300.26,0,0.38,0.25,20,ONE_POINT,100,100,RANDOM,0
376,37700,126.89799857139587,48216,48226.3,0,0.38,0.25,20,ONE_POINT,100,100,RANDOM,0
377,37800,127.25324869155884,48186,48190.86,0,0.38,0.25,20,ONE_POINT,100,100,RANDOM,0
378,37900,127.5825719833374,48129,48208.54,0,0.38,0.25,20,ONE_POINT,100,100,RANDOM,0
379,38000,127.92128801345825,48003,48014.99,0,0.38,0.25,20,ONE_POINT,100,100,RANDOM,0
380,38100,128.27100157737732,47960,47967.44,0,0.38,0.25,20,ONE_POINT,100,100,RANDOM,0
381,38200,128.59321999549866,47888,47899.76,0,0.38,0.25,20,ONE_POINT,100,100,RANDOM,0
382,38300,128.90252780914307,47826,47831.88,0,0.38,0.25,20,ONE_POINT,100,100,RANDOM,0
383,38400,129.21528720855713,47789,47796.43,0,0.38,0.25,20,ONE_POINT,100,100,RANDOM,0
384,38500,129.55109524726868,47732,47740.55,0,0.38,0.25,20,ONE_POINT,100,100,RANDOM,0
385,38600,129.9210662841797,47660,47675.66,0,0.38,0.25,20,ONE_POINT,100,100,RANDOM,0
386,38700,130.22697067260742,47562,47629.65,0,0.38,0.25,20,ONE_POINT,100,100,RANDOM,0
387,38800,130.5817003250122,47542,47544.49,0,0.38,0.25,20,ONE_POINT,100,100,RANDOM,0
388,38900,130.8827440738678,47503,47522.87,0,0.38,0.25,20,ONE_POINT,100,100,RANDOM,0
389,39000,131.2038769721985,47442,47448.73,0,0.38,0.25,20,ONE_POINT,100,100,RANDOM,0
390,39100,131.5364899635315,47402,47411.77,0,0.38,0.25,20,ONE_POINT,100,100,RANDOM,0
391,39200,131.86956191062927,47334,47388.1,0,0.38,0.25,20,ONE_POINT,100,100,RANDOM,0
392,39300,132.2505955696106,47289,47307.86,0,0.38,0.25,20,ONE_POINT,100,100,RANDOM,0
393,39400,132.58792781829834,47223,47229.25,0,0.38,0.25,20,ONE_POINT,100,100,RANDOM,0
394,39500,132.92713689804077,47206,47210.17,0,0.38,0.25,20,ONE_POINT,100,100,RANDOM,0
395,39600,133.22941327095032,47186,47209.88,0,0.38,0.25,20,ONE_POINT,100,100,RANDOM,0
396,39700,133.58902525901794,47145,47150.49,0,0.38,0.25,20,ONE_POINT,100,100,RANDOM,0
397,39800,133.936949968338,47079,47088.01,0,0.38,0.25,20,ONE_POINT,100,100,RANDOM,0
398,39900,134.27465438842773,46976,47006.18,0,0.38,0.25,20,ONE_POINT,100,100,RANDOM,0
399,40000,134.63373398780823,46898,46906.07,0,0.38,0.25,20,ONE_POINT,100,100,RANDOM,0
400,40100,134.95247316360474,46838,46853.0,0,0.38,0.25,20,ONE_POINT,100,100,RANDOM,0
401,40200,135.3181710243225,46819,46836.96,0,0.38,0.25,20,ONE_POINT,100,100,RANDOM,0
402,40300,135.6727056503296,46760,46770.3,0,0.38,0.25,20,ONE_POINT,100,100,RANDOM,0
403,40400,136.02780938148499,46689,46698.49,0,0.38,0.25,20,ONE_POINT,100,100,RANDOM,0
404,40500,136.42560267448425,46624,46630.97,0,0.38,0.25,20,ONE_POINT,100,100,RANDOM,0
405,40600,136.7863552570343,46414,46449.54,0,0.38,0.25,20,ONE_POINT,100,100,RANDOM,0
406,40700,137.13025736808777,46296,46307.56,0,0.38,0.25,20,ONE_POINT,100,100,RANDOM,0
407,40800,137.48625683784485,46250,46268.98,0,0.38,0.25,20,ONE_POINT,100,100,RANDOM,0
408,40900,137.78190898895264,46205,46226.14,0,0.38,0.25,20,ONE_POINT,100,100,RANDOM,0
409,41000,138.09404349327087,46153,46162.58,0,0.38,0.25,20,ONE_POINT,100,100,RANDOM,0
410,41100,138.43060517311096,46093,46099.5,0,0.38,0.25,20,ONE_POINT,100,100,RANDOM,0
411,41200,138.74956154823303,46068,46073.42,0,0.38,0.25,20,ONE_POINT,100,100,RANDOM,0
412,41300,139.07742285728455,45985,45996.92,0,0.38,0.25,20,ONE_POINT,100,100,RANDOM,0
413,41400,139.37806606292725,45963,45966.5,0,0.38,0.25,20,ONE_POINT,100,100,RANDOM,0
414,41500,139.67392420768738,45903,45924.92,0,0.38,0.25,20,ONE_POINT,100,100,RANDOM,0
415,41600,139.98197841644287,45870,45873.78,0,0.38,0.25,20,ONE_POINT,100,100,RANDOM,0
416,41700,140.29185318946838,45783,45791.16,0,0.38,0.25,20,ONE_POINT,100,100,RANDOM,0
417,41800,140.62887120246887,45748,45758.08,0,0.38,0.25,20,ONE_POINT,100,100,RANDOM,0
418,41900,140.96062421798706,45706,45722.35,0,0.38,0.25,20,ONE_POINT,100,100,RANDOM,0
419,42000,141.27373933792114,45631,45642.4,0,0.38,0.25,20,ONE_POINT,100,100,RANDOM,0
420,42100,141.5855152606964,45568,45580.1,0,0.38,0.25,20,ONE_POINT,100,100,RANDOM,0
421,42200,141.93085050582886,45489,45499.05,0,0.38,0.25,20,ONE_POINT,100,100,RANDOM,0
422,42300,142.28553104400635,45422,45431.16,0,0.38,0.25,20,ONE_POINT,100,100,RANDOM,0
423,42400,142.58881735801697,45392,45396.67,0,0.38,0.25,20,ONE_POINT,100,100,RANDOM,0
424,42500,142.88948106765747,45343,45347.6,0,0.38,0.25,20,ONE_POINT,100,100,RANDOM,0
425,42600,143.24818015098572,45300,45309.94,0,0.38,0.25,20,ONE_POINT,100,100,RANDOM,0
426,42700,143.54476976394653,45246,45318.22,0,0.38,0.25,20,ONE_POINT,100,100,RANDOM,0
427,42800,143.90397548675537,45214,45247.96,0,0.38,0.25,20,ONE_POINT,100,100,RANDOM,0
428,42900,144.25479006767273,45198,45200.33,0,0.38,0.25,20,ONE_POINT,100,100,RANDOM,0
429,43000,144.58713173866272,45045,45059.29,0,0.38,0.25,20,ONE_POINT,100,100,RANDOM,0
430,43100,144.91170692443848,44981,44987.38,0,0.38,0.25,20,ONE_POINT,100,100,RANDOM,0
431,43200,145.22651147842407,44957,44966.07,0,0.38,0.25,20,ONE_POINT,100,100,RANDOM,0
432,43300,145.56022667884827,44853,44884.8,0,0.38,0.25,20,ONE_POINT,100,100,RANDOM,0
433,43400,145.85803270339966,44796,44810.96,0,0.38,0.25,20,ONE_POINT,100,100,RANDOM,0
434,43500,146.18969798088074,44763,44772.11,0,0.38,0.25,20,ONE_POINT,100,100,RANDOM,0
435,43600,146.55291938781738,44703,44817.68,0,0.38,0.25,20,ONE_POINT,100,100,RANDOM,0
436,43700,146.91718459129333,44643,44651.67,0,0.38,0.25,20,ONE_POINT,100,100,RANDOM,0
437,43800,147.24843502044678,44599,44609.21,0,0.38,0.25,20,ONE_POINT,100,100,RANDOM,0
438,43900,147.55126881599426,44571,44575.27,0,0.38,0.25,20,ONE_POINT,100,100,RANDOM,0
439,44000,147.87348055839539,44543,44553.88,0,0.38,0.25,20,ONE_POINT,100,100,RANDOM,0
440,44100,148.22593808174133,44503,44508.4,0,0.38,0.25,20,ONE_POINT,100,100,RANDOM,0
441,44200,148.55795884132385,44458,44474.1,0,0.38,0.25,20,ONE_POINT,100,100,RANDOM,0
442,44300,148.88402605056763,44400,44404.26,0,0.38,0.25,20,ONE_POINT,100,100,RANDOM,0
443,44400,149.2020444869995,44342,44345.43,0,0.38,0.25,20,ONE_POINT,100,100,RANDOM,0
444,44500,149.5587215423584,44267,44291.73,0,0.38,0.25,20,ONE_POINT,100,100,RANDOM,0
445,44600,149.90958285331726,44112,44122.93,0,0.38,0.25,20,ONE_POINT,100,100,RANDOM,0
446,44700,150.25895285606384,44064,44102.24,0,0.38,0.25,20,ONE_POINT,100,100,RANDOM,0
447,44800,150.5915822982788,44030,44033.88,0,0.38,0.25,20,ONE_POINT,100,100,RANDOM,0
448,44900,150.95641446113586,43972,43980.99,0,0.38,0.25,20,ONE_POINT,100,100,RANDOM,0
449,45000,151.28185367584229,43896,43915.63,0,0.38,0.25,20,ONE_POINT,100,100,RANDOM,0
450,45100,151.5908808708191,43826,43838.27,0,0.38,0.25,20,ONE_POINT,100,100,RANDOM,0
451,45200,151.9518337249756,43754,43762.74,0,0.38,0.25,20,ONE_POINT,100,100,RANDOM,0
452,45300,152.3139452934265,43555,43571.79,0,0.38,0.25,20,ONE_POINT,100,100,RANDOM,0
453,45400,152.64452195167542,43544,43558.23,0,0.38,0.25,20,ONE_POINT,100,100,RANDOM,0
454,45500,152.9867331981659,43513,43525.0,0,0.38,0.25,20,ONE_POINT,100,100,RANDOM,0
455,45600,153.32310509681702,43466,43480.31,0,0.38,0.25,20,ONE_POINT,100,100,RANDOM,0
456,45700,153.63965606689453,43403,43413.92,0,0.38,0.25,20,ONE_POINT,100,100,RANDOM,0
457,45800,153.96381950378418,43392,43394.93,0,0.38,0.25,20,ONE_POINT,100,100,RANDOM,0
458,45900,154.32038259506226,43318,43324.59,0,0.38,0.25,20,ONE_POINT,100,100,RANDOM,0
459,46000,154.6769027709961,43292,43298.38,0,0.38,0.25,20,ONE_POINT,100,100,RANDOM,0
460,46100,154.9869201183319,43206,43214.24,0,0.38,0.25,20,ONE_POINT,100,100,RANDOM,0
461,46200,155.32910895347595,43161,43170.5,0,0.38,0.25,20,ONE_POINT,100,100,RANDOM,0
462,46300,155.67344498634338,43081,43138.3,0,0.38,0.25,20,ONE_POINT,100,100,RANDOM,0
463,46400,155.97751712799072,43047,43061.29,0,0.38,0.25,20,ONE_POINT,100,100,RANDOM,0
464,46500,156.34700846672058,43024,43039.33,0,0.38,0.25,20,ONE_POINT,100,100,RANDOM,0
465,46600,156.70303916931152,42990,42994.24,0,0.38,0.25,20,ONE_POINT,100,100,RANDOM,0
466,46700,157.03295040130615,42943,42946.63,0,0.38,0.25,20,ONE_POINT,100,100,RANDOM,0
467,46800,157.36997961997986,42924,42954.31,0,0.38,0.25,20,ONE_POINT,100,100,RANDOM,0
468,46900,157.71055102348328,42863,42869.83,0,0.38,0.25,20,ONE_POINT,100,100,RANDOM,0
469,47000,158.0311563014984,42821,42837.78,0,0.38,0.25,20,ONE_POINT,100,100,RANDOM,0
470,47100,158.36951637268066,42682,42701.45,0,0.38,0.25,20,ONE_POINT,100,100,RANDOM,0
471,47200,158.72458243370056,42633,42640.27,0,0.38,0.25,20,ONE_POINT,100,100,RANDOM,0
472,47300,159.0456702709198,42549,42562.29,0,0.38,0.25,20,ONE_POINT,100,100,RANDOM,0
473,47400,159.37876176834106,42534,42537.75,0,0.38,0.25,20,ONE_POINT,100,100,RANDOM,0
474,47500,159.70804691314697,42481,42529.68,0,0.38,0.25,20,ONE_POINT,100,100,RANDOM,0
475,47600,160.02848649024963,42415,42438.1,0,0.38,0.25,20,ONE_POINT,100,100,RANDOM,0
476,47700,160.3629961013794,42386,42392.58,0,0.38,0.25,20,ONE_POINT,100,100,RANDOM,0
477,47800,160.72985219955444,42368,42448.05,0,0.38,0.25,20,ONE_POINT,100,100,RANDOM,0
478,47900,161.09489917755127,42297,42314.59,0,0.38,0.25,20,ONE_POINT,100,100,RANDOM,0
479,48000,161.43543410301208,42269,42274.33,0,0.38,0.25,20,ONE_POINT,100,100,RANDOM,0
480,48100,161.76749563217163,42210,42217.16,0,0.38,0.25,20,ONE_POINT,100,100,RANDOM,0
481,48200,162.10320734977722,42117,42126.11,0,0.38,0.25,20,ONE_POINT,100,100,RANDOM,0
482,48300,162.47266364097595,42083,42095.88,0,0.38,0.25,20,ONE_POINT,100,100,RANDOM,0
483,48400,162.79605054855347,42050,42062.34,0,0.38,0.25,20,ONE_POINT,100,100,RANDOM,0
484,48500,163.15068411827087,42021,42034.47,0,0.38,0.25,20,ONE_POINT,100,100,RANDOM,0
485,48600,163.49506282806396,41972,41989.32,0,0.38,0.25,20,ONE_POINT,100,100,RANDOM,0
486,48700,163.83030891418457,41944,41958.24,0,0.38,0.25,20,ONE_POINT,100,100,RANDOM,0
487,48800,164.1986997127533,41897,41903.75,0,0.38,0.25,20,ONE_POINT,100,100,RANDOM,0
488,48900,164.52623057365417,41873,41884.46,0,0.38,0.25,20,ONE_POINT,100,100,RANDOM,0
489,49000,164.84117674827576,41869,41871.4,0,0.38,0.25,20,ONE_POINT,100,100,RANDOM,0
490,49100,165.15425825119019,41833,41837.03,0,0.38,0.25,20,ONE_POINT,100,100,RANDOM,0
491,49200,165.46195077896118,41786,41943.34,0,0.38,0.25,20,ONE_POINT,100,100,RANDOM,0
492,49300,165.82216835021973,41764,41768.76,0,0.38,0.25,20,ONE_POINT,100,100,RANDOM,0
493,49400,166.17550206184387,41732,41741.81,0,0.38,0.25,20,ONE_POINT,100,100,RANDOM,0
494,49500,166.5240375995636,41703,41706.84,0,0.38,0.25,20,ONE_POINT,100,100,RANDOM,0
495,49600,166.86362671852112,41647,41652.76,0,0.38,0.25,20,ONE_POINT,100,100,RANDOM,0
496,49700,167.19437217712402,41617,41623.71,0,0.38,0.25,20,ONE_POINT,100,100,RANDOM,0
497,49800,167.51092004776,41573,41588.46,0,0.38,0.25,20,ONE_POINT,100,100,RANDOM,0
498,49900,167.8095679283142,41537,41543.46,0,0.38,0.25,20,ONE_POINT,100,100,RANDOM,0
499,50000,168.16326880455017,41482,41496.99,0,0.38,0.25,20,ONE_POINT,100,100,RANDOM,0
500,50100,168.5069031715393,41413,41418.89,0,0.38,0.25,20,ONE_POINT,100,100,RANDOM,0
1,200,0.2586662769317627,136536,135804.54,0,0.38,0.25,20,ONE_POINT,100,100,RANDOM,1
2,300,0.6382732391357422,133700,134104.21,0,0.38,0.25,20,ONE_POINT,100,100,RANDOM,1
3,400,0.9808828830718994,132311,132400.51,0,0.38,0.25,20,ONE_POINT,100,100,RANDOM,1
4,500,1.3554646968841553,131546,131561.3,0,0.38,0.25,20,ONE_POINT,100,100,RANDOM,1
5,600,1.7228832244873047,130675,130701.13,0,0.38,0.25,20,ONE_POINT,100,100,RANDOM,1
6,700,2.0694968700408936,129915,129943.03,0,0.38,0.25,20,ONE_POINT,100,100,RANDOM,1
7,800,2.4665887355804443,129588,129604.35,0,0.38,0.25,20,ONE_POINT,100,100,RANDOM,1
8,900,2.7995567321777344,129241,129278.64,0,0.38,0.25,20,ONE_POINT,100,100,RANDOM,1
9,1000,3.187619924545288,128508,128536.8,0,0.38,0.25,20,ONE_POINT,100,100,RANDOM,1
10,1100,3.53289794921875,127733,127763.74,0,0.38,0.25,20,ONE_POINT,100,100,RANDOM,1
11,1200,3.8866374492645264,127206,127228.22,0,0.38,0.25,20,ONE_POINT,100,100,RANDOM,1
12,1300,4.206993341445923,126744,126764.21,0,0.38,0.25,20,ONE_POINT,100,100,RANDOM,1
13,1400,4.57457423210144,126259,126305.69,0,0.38,0.25,20,ONE_POINT,100,100,RANDOM,1
14,1500,4.9038543701171875,125414,125459.22,0,0.38,0.25,20,ONE_POINT,100,100,RANDOM,1
15,1600,5.240001916885376,125118,125135.76,0,0.38,0.25,20,ONE_POINT,100,100,RANDOM,1
16,1700,5.586050510406494,124527,124601.96,0,0.38,0.25,20,ONE_POINT,100,100,RANDOM,1
17,1800,5.9431681632995605,123796,123849.87,0,0.38,0.25,20,ONE_POINT,100,100,RANDOM,1
18,1900,6.2872138023376465,123024,123197.31,0,0.38,0.25,20,ONE_POINT,100,100,RANDOM,1
19,2000,6.6530303955078125,122609,122643.64,0,0.38,0.25,20,ONE_POINT,100,100,RANDOM,1
20,2100,7.023711919784546,122323,122362.19,0,0.38,0.25,20,ONE_POINT,100,100,RANDOM,1
21,2200,7.377584457397461,121754,121782.45,0,0.38,0.25,20,ONE_POINT,100,100,RANDOM,1
22,2300,7.758575201034546,121323,121349.98,0,0.38,0.25,20,ONE_POINT,100,100,RANDOM,1
23,2400,8.147606134414673,120617,120647.16,0,0.38,0.25,20,ONE_POINT,100,100,RANDOM,1
24,2500,8.510523319244385,120266,120302.7,0,0.38,0.25,20,ONE_POINT,100,100,RANDOM,1
25,2600,8.855075359344482,119965,119980.58,0,0.38,0.25,20,ONE_POINT,100,100,RANDOM,1
26,2700,9.238608837127686,119499,119568.15,0,0.38,0.25,20,ONE_POINT,100,100,RANDOM,1
27,2800,9.583533525466919,118765,118809.04,0,0.38,0.25,20,ONE_POINT,100,100,RANDOM,1
28,2900,9.913400173187256,118174,118219.24,0,0.38,0.25,20,ONE_POINT,100,100,RANDOM,1
29,3000,10.239591598510742,117879,117905.11,0,0.38,0.25,20,ONE_POINT,100,100,RANDOM,1
30,3100,10.590801477432251,117081,117113.71,0,0.38,0.25,20,ONE_POINT,100,100,RANDOM,1
31,3200,10.938653945922852,116367,116395.76,0,0.38,0.25,20,ONE_POINT,100,100,RANDOM,1
32,3300,11.29555869102478,116093,116163.31,0,0.38,0.25,20,ONE_POINT,100,100,RANDOM,1
33,3400,11.65287160873413,115882,115894.66,0,0.38,0.25,20,ONE_POINT,100,100,RANDOM,1
34,3500,11.951806783676147,115615,115634.96,0,0.38,0.25,20,ONE_POINT,100,100,RANDOM,1
35,3600,12.320738554000854,115235,115254.58,0,0.38,0.25,20,ONE_POINT,100,100,RANDOM,1
36,3700,12.67548394203186,114728,114752.38,0,0.38,0.25,20,ONE_POINT,100,100,RANDOM,1
37,3800,12.998976945877075,114039,114066.56,0,0.38,0.25,20,ONE_POINT,100,100,RANDOM,1
38,3900,13.351901531219482,113660,113688.48,0,0.38,0.25,20,ONE_POINT,100,100,RANDOM,1
39,4000,13.69727110862732,113051,113078.12,0,0.38,0.25,20,ONE_POINT,100,100,RANDOM,1
40,4100,13.995743751525879,112386,112420.42,0,0.38,0.25,20,ONE_POINT,100,100,RANDOM,1
41,4200,14.315068244934082,111897,111955.47,0,0.38,0.25,20,ONE_POINT,100,100,RANDOM,1
42,4300,14.660935163497925,111481,111503.93,0,0.38,0.25,20,ONE_POINT,100,100,RANDOM,1
43,4400,15.028534173965454,111173,111184.36,0,0.38,0.25,20,ONE_POINT,100,100,RANDOM,1
44,4500,15.358223676681519,110373,110408.76,0,0.38,0.25,20,ONE_POINT,100,100,RANDOM,1
45,4600,15.701890707015991,109679,109706.44,0,0.38,0.25,20,ONE_POINT,100,100,RANDOM,1
46,4700,16.04403853416443,109259,109280.0,0,0.38,0.25,20,ONE_POINT,100,100,RANDOM,1
47,4800,16.374308347702026,109081,109091.68,0,0.38,0.25,20,ONE_POINT,100,100,RANDOM,1
48,4900,16.695012092590332,108798,108812.15,0,0.38,0.25,20,ONE_POINT,100,100,RANDOM,1
49,5000,17.01898431777954,108369,108413.49,0,0.38,0.25,20,ONE_POINT,100,100,RANDOM,1
50,5100,17.370702266693115,108029,108115.19,0,0.38,0.25,20,ONE_POINT,100,100,RANDOM,1
51,5200,17.729236841201782,107106,107151.46,0,0.38,0.25,20,ONE_POINT,100,100,RANDOM,1
52,5300,18.025190591812134,106727,106770.48,0,0.38,0.25,20,ONE_POINT,100,100,RANDOM,1
53,5400,18.393636465072632,106196,106222.55,0,0.38,0.25,20,ONE_POINT,100,100,RANDOM,1
54,5500,18.756983757019043,105365,105400.73,0,0.38,0.25,20,ONE_POINT,100,100,RANDOM,1
55,5600,19.05963945388794,105149,105162.39,0,0.38,0.25,20,ONE_POINT,100,100,RANDOM,1
56,5700,19.385401010513306,104543,104570.04,0,0.38,0.25,20,ONE_POINT,100,100,RANDOM,1
57,5800,19.737300395965576,104098,104124.7,0,0.38,0.25,20,ONE_POINT,100,100,RANDOM,1
58,5900,20.08463406562805,103875,103888.38,0,0.38,0.25,20,ONE_POINT,100,100,RANDOM,1
59,6000,20.41306734085083,103291,103322.43,0,0.38,0.25,20,ONE_POINT,100,100,RANDOM,1
60,6100,20.744219303131104,103064,103108.92,0,0.38,0.25,20,ONE_POINT,100,100,RANDOM,1
61,6200,21.06548261642456,102615,102640.96,0,0.38,0.25,20,ONE_POINT,100,100,RANDOM,1
62,6300,21.38538408279419,102093,102113.72,0,0.38,0.25,20,ONE_POINT,100,100,RANDOM,1
63,6400,21.691375732421875,101750,101763.72,0,0.38,0.25,20,ONE_POINT,100,100,RANDOM,1
64,6500,22.017250537872314,101405,101427.87,0,0.38,0.25,20,ONE_POINT,100,100,RANDOM,1
65,6600,22.357263565063477,100742,100770.53,0,0.38,0.25,20,ONE_POINT,100,100,RANDOM,1
66,6700,22.690253257751465,100560,100569.39,0,0.38,0.25,20,ONE_POINT,100,100,RANDOM,1
67,6800,23.030250072479248,100331,100345.36,0,0.38,0.25,20,ONE_POINT,100,100,RANDOM,1
68,6900,23.35651731491089,100062,100107.74,0,0.38,0.25,20,ONE_POINT,100,100,RANDOM,1
69,7000,23.741293907165527,99824,99838.28,0,0.38,0.25,20,ONE_POINT,100,100,RANDOM,1
70,7100,24.072823524475098,99597,99634.1,0,0.38,0.25,20,ONE_POINT,100,100,RANDOM,1
71,7200,24.398682117462158,99232,99261.32,0,0.38,0.25,20,ONE_POINT,100,100,RANDOM,1
72,7300,24.763052225112915,98718,98756.55,0,0.38,0.25,20,ONE_POINT,100,100,RANDOM,1
73,7400,25.11697006225586,98329,98355.34,0,0.38,0.25,20,ONE_POINT,100,100,RANDOM,1
74,7500,25.454864263534546,98073,98088.41,0,0.38,0.25,20,ONE_POINT,100,100,RANDOM,1
75,7600,25.823545217514038,97898,97949.93,0,0.38,0.25,20,ONE_POINT,100,100,RANDOM,1
76,7700,26.138092279434204,97462,97480.32,0,0.38,0.25,20,ONE_POINT,100,100,RANDOM,1
77,7800,26.469446182250977,97208,97220.7,0,0.38,0.25,20,ONE_POINT,100,100,RANDOM,1
78,7900,26.800694942474365,96806,96857.8,0,0.38,0.25,20,ONE_POINT,100,100,RANDOM,1
79,8000,27.106709241867065,96096,96170.39,0,0.38,0.25,20,ONE_POINT,100,100,RANDOM,1
80,8100,27.464008569717407,95874,95899.41,0,0.38,0.25,20,ONE_POINT,100,100,RANDOM,1
81,8200,27.770909070968628,95588,95629.24,0,0.38,0.25,20,ONE_POINT,100,100,RANDOM,1
82,8300,28.09812903404236,94663,94699.13,0,0.38,0.25,20,ONE_POINT,100,100,RANDOM,1
83,8400,28.433660745620728,94447,94478.59,0,0.38,0.25,20,ONE_POINT,100,100,RANDOM,1
84,8500,28.763103485107422,94271,94280.88,0,0.38,0.25,20,ONE_POINT,100,100,RANDOM,1
85,8600,29.104960918426514,94111,94131.72,0,0.38,0.25,20,ONE_POINT,100,100,RANDOM,1
86,8700,29.450048685073853,93993,93999.32,0,0.38,0.25,20,ONE_POINT,100,100,RANDOM,1
87,8800,29.79452109336853,93713,93772.21,0,0.38,0.25,20,ONE_POINT,100,100,RANDOM,1
88,8900,30.109800100326538,93497,93508.44,0,0.38,0.25,20,ONE_POINT,100,100,RANDOM,1
89,9000,30.46169137954712,93352,93363.71,0,0.38,0.25,20,ONE_POINT,100,100,RANDOM,1
90,9100,30.80983829498291,92581,92619.11,0,0.38,0.25,20,ONE_POINT,100,100,RANDOM,1
91,9200,31.183446407318115,92472,92479.63,0,0.38,0.25,20,ONE_POINT,100,100,RANDOM,1
92,9300,31.548620223999023,92175,92192.97,0,0.38,0.25,20,ONE_POINT,100,100,RANDOM,1
93,9400,31.8614604473114,91653,91710.36,0,0.38,0.25,20,ONE_POINT,100,100,RANDOM,1
94,9500,32.21549344062805,90912,90941.64,0,0.38,0.25,20,ONE_POINT,100,100,RANDOM,1
95,9600,32.52340054512024,90591,90643.99,0,0.38,0.25,20,ONE_POINT,100,100,RANDOM,1
96,9700,32.84286618232727,90402,90428.86,0,0.38,0.25,20,ONE_POINT,100,100,RANDOM,1
97,9800,33.18070983886719,90102,90114.0,0,0.38,0.25,20,ONE_POINT,100,100,RANDOM,1
98,9900,33.52916979789734,89954,89972.23,0,0.38,0.25,20,ONE_POINT,100,100,RANDOM,1
99,10000,33.85980772972107,89477,89527.81,0,0.38,0.25,20,ONE_POINT,100,100,RANDOM,1
100,10100,34.2064573764801,88945,88967.26,0,0.38,0.25,20,ONE_POINT,100,100,RANDOM,1
101,10200,34.5151629447937,88775,88828.49,0,0.38,0.25,20,ONE_POINT,100,100,RANDOM,1
102,10300,34.836716651916504,88608,88629.24,0,0.38,0.25,20,ONE_POINT,100,100,RANDOM,1
103,10400,35.19101023674011,88302,88323.4,0,0.38,0.25,20,ONE_POINT,100,100,RANDOM,1
104,10500,35.59789252281189,88038,88053.84,0,0.38,0.25,20,ONE_POINT,100,100,RANDOM,1
105,10600,36.01882076263428,87896,87907.57,0,0.38,0.25,20,ONE_POINT,100,100,RANDOM,1
106,10700,36.34989309310913,87755,87764.62,0,0.38,0.25,20,ONE_POINT,100,100,RANDOM,1
107,10800,36.69958209991455,87445,87464.17,0,0.38,0.25,20,ONE_POINT,100,100,RANDOM,1
108,10900,37.0694842338562,87214,87302.64,0,0.38,0.25,20,ONE_POINT,100,100,RANDOM,1
109,11000,37.44155788421631,87003,87014.8,0,0.38,0.25,20,ONE_POINT,100,100,RANDOM,1
110,11100,37.74872183799744,86678,86797.57,0,0.38,0.25,20,ONE_POINT,100,100,RANDOM,1
111,11200,38.10876941680908,86476,86491.68,0,0.38,0.25,20,ONE_POINT,100,100,RANDOM,1
112,11300,38.40655207633972,86332,86339.12,0,0.38,0.25,20,ONE_POINT,100,100,RANDOM,1
113,11400,38.77212166786194,86107,86150.16,0,0.38,0.25,20,ONE_POINT,100,100,RANDOM,1
114,11500,39.1023108959198,85948,85966.5,0,0.38,0.25,20,ONE_POINT,100,100,RANDOM,1
115,11600,39.44957447052002,85695,85743.6,0,0.38,0.25,20,ONE_POINT,100,100,RANDOM,1
116,11700,39.80515909194946,85273,85320.12,0,0.38,0.25,20,ONE_POINT,100,100,RANDOM,1
117,11800,40.127819776535034,84869,84882.9,0,0.38,0.25,20,ONE_POINT,100,100,RANDOM,1
118,11900,40.487496852874756,84767,84775.96,0,0.38,0.25,20,ONE_POINT,100,100,RANDOM,1
119,12000,40.83572483062744,84322,84340.82,0,0.38,0.25,20,ONE_POINT,100,100,RANDOM,1
120,12100,41.2142231464386,84170,84177.58,0,0.38,0.25,20,ONE_POINT,100,100,RANDOM,1
121,12200,41.54497718811035,83931,83945.3,0,0.38,0.25,20,ONE_POINT,100,100,RANDOM,1
122,12300,41.858720541000366,83796,83807.07,0,0.38,0.25,20,ONE_POINT,100,100,RANDOM,1
123,12400,42.164764165878296,83613,83647.93,0,0.38,0.25,20,ONE_POINT,100,100,RANDOM,1
124,12500,42.4696204662323,83392,83412.02,0,0.38,0.25,20,ONE_POINT,100,100,RANDOM,1
125,12600,42.785395860672,83258,83286.1,0,0.38,0.25,20,ONE_POINT,100,100,RANDOM,1
126,12700,43.121155977249146,83125,83136.31,0,0.38,0.25,20,ONE_POINT,100,100,RANDOM,1
127,12800,43.44013166427612,82943,82953.91,0,0.38,0.25,20,ONE_POINT,100,100,RANDOM,1
128,12900,43.787160873413086,82788,82830.47,0,0.38,0.25,20,ONE_POINT,100,100,RANDOM,1
129,13000,44.103848457336426,82578,82598.22,0,0.38,0.25,20,ONE_POINT,100,100,RANDOM,1
130,13100,44.4302179813385,82184,82271.34,0,0.38,0.25,20,ONE_POINT,100,100,RANDOM,1
131,13200,44.78193473815918,82012,82021.78,0,0.38,0.25,20,ONE_POINT,100,100,RANDOM,1
132,13300,45.127434492111206,81844,81883.85,0,0.38,0.25,20,ONE_POINT,100,100,RANDOM,1
133,13400,45.465670347213745,81593,81617.51,0,0.38,0.25,20,ONE_POINT,100,100,RANDOM,1
134,13500,45.774271726608276,81333,81343.4,0,0.38,0.25,20,ONE_POINT,100,100,RANDOM,1
135,13600,46.12095284461975,81133,81143.57,0,0.38,0.25,20,ONE_POINT,100,100,RANDOM,1
136,13700,46.44701433181763,80561,80649.16,0,0.38,0.25,20,ONE_POINT,100,100,RANDOM,1
137,13800,46.77446532249451,80420,80437.49,0,0.38,0.25,20,ONE_POINT,100,100,RANDOM,1
138,13900,47.13410806655884,80092,80109.55,0,0.38,0.25,20,ONE_POINT,100,100,RANDOM,1
139,14000,47.45972919464111,79886,79958.77,0,0.38,0.25,20,ONE_POINT,100,100,RANDOM,1
140,14100,47.81079983711243,79755,79833.83,0,0.38,0.25,20,ONE_POINT,100,100,RANDOM,1
141,14200,48.13881158828735,79562,79575.84,0,0.38,0.25,20,ONE_POINT,100,100,RANDOM,1
142,14300,48.46868276596069,79421,79474.96,0,0.38,0.25,20,ONE_POINT,100,100,RANDOM,1
143,14400,48.78117775917053,79230,79277.88,0,0.38,0.25,20,ONE_POINT,100,100,RANDOM,1
144,14500,49.102855920791626,78852,78867.14,0,0.38,0.25,20,ONE_POINT,100,100,RANDOM,1
145,14600,49.439226388931274,78654,78711.27,0,0.38,0.25,20,ONE_POINT,100,100,RANDOM,1
146,14700,49.76345896720886,78515,78523.77,0,0.38,0.25,20,ONE_POINT,100,100,RANDOM,1
147,14800,50.09992218017578,78285,78298.84,0,0.38,0.25,20,ONE_POINT,100,100,RANDOM,1
148,14900,50.413416385650635,78125,78136.55,0,0.38,0.25,20,ONE_POINT,100,100,RANDOM,1
149,15000,50.724344968795776,78000,78008.67,0,0.38,0.25,20,ONE_POINT,100,100,RANDOM,1
150,15100,51.03564667701721,77744,77758.85,0,0.38,0.25,20,ONE_POINT,100,100,RANDOM,1
151,15200,51.360493421554565,77593,77640.05,0,0.38,0.25,20,ONE_POINT,100,100,RANDOM,1
152,15300,51.69103264808655,77364,77412.34,0,0.38,0.25,20,ONE_POINT,100,100,RANDOM,1
153,15400,52.035170555114746,77202,77213.67,0,0.38,0.25,20,ONE_POINT,100,100,RANDOM,1
154,15500,52.37914776802063,76988,77017.06,0,0.38,0.25,20,ONE_POINT,100,100,RANDOM,1
155,15600,52.722671031951904,76700,76716.46,0,0.38,0.25,20,ONE_POINT,100,100,RANDOM,1
156,15700,53.038960218429565,76433,76446.42,0,0.38,0.25,20,ONE_POINT,100,100,RANDOM,1
157,15800,53.37682056427002,76207,76234.8,0,0.38,0.25,20,ONE_POINT,100,100,RANDOM,1
158,15900,53.74781632423401,76027,76054.77,0,0.38,0.25,20,ONE_POINT,100,100,RANDOM,1
159,16000,54.0455060005188,75948,75978.35,0,0.38,0.25,20,ONE_POINT,100,100,RANDOM,1
160,16100,54.36693596839905,75782,75795.13,0,0.38,0.25,20,ONE_POINT,100,100,RANDOM,1
161,16200,54.69671845436096,75686,75697.55,0,0.38,0.25,20,ONE_POINT,100,100,RANDOM,1
162,16300,55.045655727386475,75574,75644.28,0,0.38,0.25,20,ONE_POINT,100,100,RANDOM,1
163,16400,55.36831307411194,75412,75458.04,0,0.38,0.25,20,ONE_POINT,100,100,RANDOM,1
164,16500,55.682363986968994,75164,75180.97,0,0.38,0.25,20,ONE_POINT,100,100,RANDOM,1
165,16600,56.01426577568054,74956,74970.04,0,0.38,0.25,20,ONE_POINT,100,100,RANDOM,1
166,16700,56.344613552093506,74846,74854.08,0,0.38,0.25,20,ONE_POINT,100,100,RANDOM,1
167,16800,56.71017098426819,74571,74674.42,0,0.38,0.25,20,ONE_POINT,100,100,RANDOM,1
168,16900,57.06470465660095,74441,74478.45,0,0.38,0.25,20,ONE_POINT,100,100,RANDOM,1
169,17000,57.38178300857544,74311,74321.7,0,0.38,0.25,20,ONE_POINT,100,100,RANDOM,1
170,17100,57.731953620910645,74119,74130.52,0,0.38,0.25,20,ONE_POINT,100,100,RANDOM,1
171,17200,58.0357985496521,73987,73994.92,0,0.38,0.25,20,ONE_POINT,100,100,RANDOM,1
172,17300,58.35239028930664,73826,73837.19,0,0.38,0.25,20,ONE_POINT,100,100,RANDOM,1
173,17400,58.66827583312988,73747,73853.72,0,0.38,0.25,20,ONE_POINT,100,100,RANDOM,1
174,17500,59.00399208068848,73440,73478.75,0,0.38,0.25,20,ONE_POINT,100,100,RANDOM,1
175,17600,59.34507393836975,72919,72949.8,0,0.38,0.25,20,ONE_POINT,100,100,RANDOM,1
176,17700,59.6814181804657,72799,72808.69,0,0.38,0.25,20,ONE_POINT,100,100,RANDOM,1
177,17800,59.98476529121399,72654,72674.3,0,0.38,0.25,20,ONE_POINT,100,100,RANDOM,1
178,17900,60.315412759780884,72524,72534.55,0,0.38,0.25,20,ONE_POINT,100,100,RANDOM,1
179,18000,60.66387629508972,72275,72289.88,0,0.38,0.25,20,ONE_POINT,100,100,RANDOM,1
180,18100,60.961934328079224,72067,72086.63,0,0.38,0.25,20,ONE_POINT,100,100,RANDOM,1
181,18200,61.317577600479126,71945,71993.28,0,0.38,0.25,20,ONE_POINT,100,100,RANDOM,1
182,18300,61.668964862823486,71850,71869.79,0,0.38,0.25,20,ONE_POINT,100,100,RANDOM,1
183,18400,62.02435612678528,71672,71700.36,0,0.38,0.25,20,ONE_POINT,100,100,RANDOM,1
184,18500,62.361968755722046,71597,71619.91,0,0.38,0.25,20,ONE_POINT,100,100,RANDOM,1
185,18600,62.68512487411499,71399,71406.92,0,0.38,0.25,20,ONE_POINT,100,100,RANDOM,1
186,18700,63.02538990974426,71129,71194.41,0,0.38,0.25,20,ONE_POINT,100,100,RANDOM,1
187,18800,63.371309995651245,70993,71005.15,0,0.38,0.25,20,ONE_POINT,100,100,RANDOM,1
188,18900,63.70555782318115,70898,70936.69,0,0.38,0.25,20,ONE_POINT,100,100,RANDOM,1
189,19000,64.00947523117065,70689,70706.71,0,0.38,0.25,20,ONE_POINT,100,100,RANDOM,1
190,19100,64.35694408416748,70547,70573.72,0,0.38,0.25,20,ONE_POINT,100,100,RANDOM,1
191,19200,64.7229597568512,70435,70451.13,0,0.38,0.25,20,ONE_POINT,100,100,RANDOM,1
192,19300,65.05370330810547,70218,70242.64,0,0.38,0.25,20,ONE_POINT,100,100,RANDOM,1
193,19400,65.41435599327087,70148,70198.79,0,0.38,0.25,20,ONE_POINT,100,100,RANDOM,1
194,19500,65.77071356773376,69974,69987.92,0,0.38,0.25,20,ONE_POINT,100,100,RANDOM,1
195,19600,66.07566857337952,69881,69887.83,0,0.38,0.25,20,ONE_POINT,100,100,RANDOM,1
196,19700,66.4350175857544,69739,69757.26,0,0.38,0.25,20,ONE_POINT,100,100,RANDOM,1
197,19800,66.7647271156311,69607,69616.47,0,0.38,0.25,20,ONE_POINT,100,100,RANDOM,1
198,19900,67.0748827457428,69490,69517.94,0,0.38,0.25,20,ONE_POINT,100,100,RANDOM,1
199,20000,67.40099120140076,69364,69391.34,0,0.38,0.25,20,ONE_POINT,100,100,RANDOM,1
200,20100,67.75954866409302,69134,69158.04,0,0.38,0.25,20,ONE_POINT,100,100,RANDOM,1
201,20200,68.09906506538391,69025,69045.92,0,0.38,0.25,20,ONE_POINT,100,100,RANDOM,1
202,20300,68.45732641220093,68862,68894.92,0,0.38,0.25,20,ONE_POINT,100,100,RANDOM,1
203,20400,68.84670686721802,68784,68799.58,0,0.38,0.25,20,ONE_POINT,100,100,RANDOM,1
204,20500,69.24860095977783,68685,68702.07,0,0.38,0.25,20,ONE_POINT,100,100,RANDOM,1
205,20600,69.61515069007874,68450,68472.5,0,0.38,0.25,20,ONE_POINT,100,100,RANDOM,1
206,20700,69.96134757995605,68406,68414.43,0,0.38,0.25,20,ONE_POINT,100,100,RANDOM,1
207,20800,70.30395293235779,68203,68229.46,0,0.38,0.25,20,ONE_POINT,100,100,RANDOM,1
208,20900,70.64854025840759,68029,68039.44,0,0.38,0.25,20,ONE_POINT,100,100,RANDOM,1
209,21000,70.98025250434875,67859,67870.96,0,0.38,0.25,20,ONE_POINT,100,100,RANDOM,1
210,21100,71.3158745765686,67703,67713.76,0,0.38,0.25,20,ONE_POINT,100,100,RANDOM,1
211,21200,71.6454508304596,67488,67544.86,0,0.38,0.25,20,ONE_POINT,100,100,RANDOM,1
212,21300,71.96022319793701,67339,67355.38,0,0.38,0.25,20,ONE_POINT,100,100,RANDOM,1
213,21400,72.26117467880249,67032,67062.78,0,0.38,0.25,20,ONE_POINT,100,100,RANDOM,1
214,21500,72.58308243751526,66668,66688.09,0,0.38,0.25,20,ONE_POINT,100,100,RANDOM,1
215,21600,72.93485641479492,66536,66547.55,0,0.38,0.25,20,ONE_POINT,100,100,RANDOM,1
216,21700,73.28099799156189,66249,66279.21,0,0.38,0.25,20,ONE_POINT,100,100,RANDOM,1
217,21800,73.60345435142517,66162,66183.68,0,0.38,0.25,20,ONE_POINT,100,100,RANDOM,1
218,21900,73.9651951789856,66060,66088.52,0,0.38,0.25,20,ONE_POINT,100,100,RANDOM,1
219,22000,74.32497978210449,65942,65953.65,0,0.38,0.25,20,ONE_POINT,100,100,RANDOM,1
220,22100,74.65771889686584,65769,65778.41,0,0.38,0.25,20,ONE_POINT,100,100,RANDOM,1
221,22200,74.99037146568298,65670,65678.04,0,0.38,0.25,20,ONE_POINT,100,100,RANDOM,1
222,22300,75.29901027679443,65503,65513.02,0,0.38,0.25,20,ONE_POINT,100,100,RANDOM,1
223,22400,75.65477204322815,65340,65349.65,0,0.38,0.25,20,ONE_POINT,100,100,RANDOM,1
224,22500,75.99461650848389,65228,65244.4,0,0.38,0.25,20,ONE_POINT,100,100,RANDOM,1
225,22600,76.37246870994568,65033,65044.7,0,0.38,0.25,20,ONE_POINT,100,100,RANDOM,1
226,22700,76.69147515296936,64954,64972.25,0,0.38,0.25,20,ONE_POINT,100,100,RANDOM,1
227,22800,77.03752732276917,64837,64845.55,0,0.38,0.25,20,ONE_POINT,100,100,RANDOM,1
228,22900,77.3487401008606,64544,64568.2,0,0.38,0.25,20,ONE_POINT,100,100,RANDOM,1
229,23000,77.68409538269043,64344,64360.56,0,0.38,0.25,20,ONE_POINT,100,100,RANDOM,1
230,23100,78.00383520126343,64195,64220.69,0,0.38,0.25,20,ONE_POINT,100,100,RANDOM,1
231,23200,78.35215759277344,63998,64010.01,0,0.38,0.25,20,ONE_POINT,100,100,RANDOM,1
232,23300,78.67007327079773,63906,63943.93,0,0.38,0.25,20,ONE_POINT,100,100,RANDOM,1
233,23400,78.9911949634552,63799,63836.66,0,0.38,0.25,20,ONE_POINT,100,100,RANDOM,1
234,23500,79.32616186141968,63627,63646.05,0,0.38,0.25,20,ONE_POINT,100,100,RANDOM,1
235,23600,79.65046286582947,63554,63587.79,0,0.38,0.25,20,ONE_POINT,100,100,RANDOM,1
236,23700,79.9907751083374,63448,63457.93,0,0.38,0.25,20,ONE_POINT,100,100,RANDOM,1
237,23800,80.29968595504761,63305,63335.22,0,0.38,0.25,20,ONE_POINT,100,100,RANDOM,1
238,23900,80.6714334487915,63155,63162.87,0,0.38,0.25,20,ONE_POINT,100,100,RANDOM,1
239,24000,80.98356795310974,63054,63062.12,0,0.38,0.25,20,ONE_POINT,100,100,RANDOM,1
240,24100,81.31793713569641,62843,62877.85,0,0.38,0.25,20,ONE_POINT,100,100,RANDOM,1
241,24200,81.64612555503845,62638,62656.11,0,0.38,0.25,20,ONE_POINT,100,100,RANDOM,1
242,24300,81.96386098861694,62521,62528.79,0,0.38,0.25,20,ONE_POINT,100,100,RANDOM,1
243,24400,82.2983558177948,62399,62411.82,0,0.38,0.25,20,ONE_POINT,100,100,RANDOM,1
244,24500,82.62419700622559,62270,62302.94,0,0.38,0.25,20,ONE_POINT,100,100,RANDOM,1
245,24600,82.93882369995117,62199,62209.47,0,0.38,0.25,20,ONE_POINT,100,100,RANDOM,1
246,24700,83.29400992393494,61992,62005.55,0,0.38,0.25,20,ONE_POINT,100,100,RANDOM,1
247,24800,83.63571882247925,61852,61867.02,0,0.38,0.25,20,ONE_POINT,100,100,RANDOM,1
248,24900,84.003005027771,61787,61812.36,0,0.38,0.25,20,ONE_POINT,100,100,RANDOM,1
249,25000,84.332364320755,61705,61711.63,0,0.38,0.25,20,ONE_POINT,100,100,RANDOM,1
250,25100,84.66425395011902,61510,61554.15,0,0.38,0.25,20,ONE_POINT,100,100,RANDOM,1
251,25200,85.01236128807068,61369,61417.85,0,0.38,0.25,20,ONE_POINT,100,100,RANDOM,1
252,25300,85.32930970191956,61261,61269.64,0,0.38,0.25,20,ONE_POINT,100,100,RANDOM,1
253,25400,85.64940667152405,61130,61161.13,0,0.38,0.25,20,ONE_POINT,100,100,RANDOM,1
254,25500,86.00538778305054,61057,61068.86,0,0.38,0.25,20,ONE_POINT,100,100,RANDOM,1
255,25600,86.31823897361755,60797,60825.44,0,0.38,0.25,20,ONE_POINT,100,100,RANDOM,1
256,25700,86.69721961021423,60702,60765.86,0,0.38,0.25,20,ONE_POINT,100,100,RANDOM,1
257,25800,87.02692747116089,60557,60570.1,0,0.38,0.25,20,ONE_POINT,100,100,RANDOM,1
258,25900,87.3900237083435,60370,60448.02,0,0.38,0.25,20,ONE_POINT,100,100,RANDOM,1
259,26000,87.73947501182556,60272,60300.08,0,0.38,0.25,20,ONE_POINT,100,100,RANDOM,1
260,26100,88.09557771682739,60048,60086.88,0,0.38,0.25,20,ONE_POINT,100,100,RANDOM,1
261,26200,88.39890480041504,59975,59998.51,0,0.38,0.25,20,ONE_POINT,100,100,RANDOM,1
262,26300,88.7500388622284,59922,59928.52,0,0.38,0.25,20,ONE_POINT,100,100,RANDOM,1
263,26400,89.0852484703064,59844,59851.98,0,0.38,0.25,20,ONE_POINT,100,100,RANDOM,1
264,26500,89.45588231086731,59703,59715.8,0,0.38,0.25,20,ONE_POINT,100,100,RANDOM,1
265,26600,89.80924654006958,59527,59549.68,0,0.38,0.25,20,ONE_POINT,100,100,RANDOM,1
266,26700,90.11554908752441,59491,59495.44,0,0.38,0.25,20,ONE_POINT,100,100,RANDOM,1
267,26800,90.47831130027771,59368,59376.59,0,0.38,0.25,20,ONE_POINT,100,100,RANDOM,1
268,26900,90.79822254180908,59199,59210.83,0,0.38,0.25,20,ONE_POINT,100,100,RANDOM,1
269,27000,91.12739729881287,59078,59087.95,0,0.38,0.25,20,ONE_POINT,100,100,RANDOM,1
270,27100,91.45672082901001,58949,58957.1,0,0.38,0.25,20,ONE_POINT,100,100,RANDOM,1
271,27200,91.80504584312439,58907,58919.16,0,0.38,0.25,20,ONE_POINT,100,100,RANDOM,1
272,27300,92.11996173858643,58731,58747.37,0,0.38,0.25,20,ONE_POINT,100,100,RANDOM,1
273,27400,92.45279145240784,58629,58837.67,0,0.38,0.25,20,ONE_POINT,100,100,RANDOM,1
274,27500,92.7673008441925,58544,58550.63,0,0.38,0.25,20,ONE_POINT,100,100,RANDOM,1
275,27600,93.08616614341736,58437,58448.68,0,0.38,0.25,20,ONE_POINT,100,100,RANDOM,1
276,27700,93.42662954330444,58235,58247.89,0,0.38,0.25,20,ONE_POINT,100,100,RANDOM,1
277,27800,93.7611403465271,58098,58111.81,0,0.38,0.25,20,ONE_POINT,100,100,RANDOM,1
278,27900,94.10836291313171,57839,57854.54,0,0.38,0.25,20,ONE_POINT,100,100,RANDOM,1
279,28000,94.45484852790833,57673,57688.7,0,0.38,0.25,20,ONE_POINT,100,100,RANDOM,1
280,28100,94.7759461402893,57575,57582.84,0,0.38,0.25,20,ONE_POINT,100,100,RANDOM,1
281,28200,95.11359310150146,57496,57505.75,0,0.38,0.25,20,ONE_POINT,100,100,RANDOM,1
282,28300,95.45939064025879,57418,57425.35,0,0.38,0.25,20,ONE_POINT,100,100,RANDOM,1
283,28400,95.77489948272705,57353,57359.89,0,0.38,0.25,20,ONE_POINT,100,100,RANDOM,1
284,28500,96.11650824546814,57254,57262.94,0,0.38,0.25,20,ONE_POINT,100,100,RANDOM,1
285,28600,96.42101550102234,57109,57136.89,0,0.38,0.25,20,ONE_POINT,100,100,RANDOM,1
286,28700,96.75049376487732,57073,57079.87,0,0.38,0.25,20,ONE_POINT,100,100,RANDOM,1
287,28800,97.11185765266418,56913,56996.75,0,0.38,0.25,20,ONE_POINT,100,100,RANDOM,1
288,28900,97.48584079742432,56806,56813.63,0,0.38,0.25,20,ONE_POINT,100,100,RANDOM,1
289,29000,97.84097266197205,56711,56721.58,0,0.38,0.25,20,ONE_POINT,100,100,RANDOM,1
290,29100,98.15650773048401,56649,56654.26,0,0.38,0.25,20,ONE_POINT,100,100,RANDOM,1
291,29200,98.500723361969,56568,56580.84,0,0.38,0.25,20,ONE_POINT,100,100,RANDOM,1
292,29300,98.83856463432312,56476,56504.84,0,0.38,0.25,20,ONE_POINT,100,100,RANDOM,1
293,29400,99.1472315788269,56379,56416.92,0,0.38,0.25,20,ONE_POINT,100,100,RANDOM,1
294,29500,99.49278593063354,56318,56322.96,0,0.38,0.25,20,ONE_POINT,100,100,RANDOM,1
295,29600,99.84440994262695,56077,56092.83,0,0.38,0.25,20,ONE_POINT,100,100,RANDOM,1
296,29700,100.17977261543274,55993,56022.04,0,0.38,0.25,20,ONE_POINT,100,100,RANDOM,1
297,29800,100.55819845199585,55922,55932.93,0,0.38,0.25,20,ONE_POINT,100,100,RANDOM,1
298,29900,100.89937829971313,55842,55860.02,0,0.38,0.25,20,ONE_POINT,100,100,RANDOM,1
299,30000,101.25027227401733,55746,55754.43,0,0.38,0.25,20,ONE_POINT,100,100,RANDOM,1
300,30100,101.56883335113525,55642,55765.13,0,0.38,0.25,20,ONE_POINT,100,100,RANDOM,1
301,30200,101.93185949325562,55308,55328.21,0,0.38,0.25,20,ONE_POINT,100,100,RANDOM,1
302,30300,102.2827091217041,55252,55257.51,0,0.38,0.25,20,ONE_POINT,100,100,RANDOM,1
303,30400,102.69236445426941,55156,55174.98,0,0.38,0.25,20,ONE_POINT,100,100,RANDOM,1
304,30500,103.09635400772095,54994,55003.9,0,0.38,0.25,20,ONE_POINT,100,100,RANDOM,1
305,30600,103.48947882652283,54809,54855.84,0,0.38,0.25,20,ONE_POINT,100,100,RANDOM,1
306,30700,103.82137060165405,54724,54742.71,0,0.38,0.25,20,ONE_POINT,100,100,RANDOM,1
307,30800,104.14998269081116,54651,54658.17,0,0.38,0.25,20,ONE_POINT,100,100,RANDOM,1
308,30900,104.46974015235901,54531,54568.49,0,0.38,0.25,20,ONE_POINT,100,100,RANDOM,1
309,31000,104.79560852050781,54465,54489.88,0,0.38,0.25,20,ONE_POINT,100,100,RANDOM,1
310,31100,105.11981415748596,54386,54397.98,0,0.38,0.25,20,ONE_POINT,100,100,RANDOM,1
311,31200,105.4303331375122,54303,54323.15,0,0.38,0.25,20,ONE_POINT,100,100,RANDOM,1
312,31300,105.74872422218323,54081,54103.63,0,0.38,0.25,20,ONE_POINT,100,100,RANDOM,1
313,31400,106.10638880729675,53994,54001.83,0,0.38,0.25,20,ONE_POINT,100,100,RANDOM,1
314,31500,106.44879269599915,53921,53946.35,0,0.38,0.25,20,ONE_POINT,100,100,RANDOM,1
315,31600,106.76820850372314,53858,53900.71,0,0.38,0.25,20,ONE_POINT,100,100,RANDOM,1
316,31700,107.13924956321716,53746,53770.63,0,0.38,0.25,20,ONE_POINT,100,100,RANDOM,1
317,31800,107.47131896018982,53691,53700.87,0,0.38,0.25,20,ONE_POINT,100,100,RANDOM,1
318,31900,107.80543661117554,53652,53658.06,0,0.38,0.25,20,ONE_POINT,100,100,RANDOM,1
319,32000,108.12073802947998,53557,53575.0,0,0.38,0.25,20,ONE_POINT,100,100,RANDOM,1
320,32100,108.42746949195862,53488,53524.37,0,0.38,0.25,20,ONE_POINT,100,100,RANDOM,1
321,32200,108.76186084747314,53369,53555.25,0,0.38,0.25,20,ONE_POINT,100,100,RANDOM,1
322,32300,109.07972884178162,53306,53313.34,0,0.38,0.25,20,ONE_POINT,100,100,RANDOM,1
323,32400,109.42896962165833,53218,53225.04,0,0.38,0.25,20,ONE_POINT,100,100,RANDOM,1
324,32500,109.7631607055664,53143,53164.24,0,0.38,0.25,20,ONE_POINT,100,100,RANDOM,1
325,32600,110.117440700531,53040,53050.0,0,0.38,0.25,20,ONE_POINT,100,100,RANDOM,1
326,32700,110.45001196861267,52985,52991.79,0,0.38,0.25,20,ONE_POINT,100,100,RANDOM,1
327,32800,110.77572989463806,52860,53017.19,0,0.38,0.25,20,ONE_POINT,100,100,RANDOM,1
328,32900,111.09514904022217,52773,52784.89,0,0.38,0.25,20,ONE_POINT,100,100,RANDOM,1
329,33000,111.43405771255493,52739,52749.01,0,0.38,0.25,20,ONE_POINT,100,100,RANDOM,1
330,33100,111.74652028083801,52682,52687.62,0,0.38,0.25,20,ONE_POINT,100,100,RANDOM,1
331,33200,112.07021689414978,52631,52636.45,0,0.38,0.25,20,ONE_POINT,100,100,RANDOM,1
332,33300,112.3972840309143,52569,52583.44,0,0.38,0.25,20,ONE_POINT,100,100,RANDOM,1
333,33400,112.71928572654724,52432,52444.18,0,0.38,0.25,20,ONE_POINT,100,100,RANDOM,1
334,33500,113.04748773574829,52364,52370.41,0,0.38,0.25,20,ONE_POINT,100,100,RANDOM,1
335,33600,113.39069509506226,52278,52289.47,0,0.38,0.25,20,ONE_POINT,100,100,RANDOM,1
336,33700,113.7235279083252,52221,52284.24,0,0.38,0.25,20,ONE_POINT,100,100,RANDOM,1
337,33800,114.04010844230652,52142,52178.2,0,0.38,0.25,20,ONE_POINT,100,100,RANDOM,1
338,33900,114.36530900001526,52056,52068.87,0,0.38,0.25,20,ONE_POINT,100,100,RANDOM,1
339,34000,114.68202829360962,51955,51976.71,0,0.38,0.25,20,ONE_POINT,100,100,RANDOM,1
340,34100,115.01943707466125,51906,51910.49,0,0.38,0.25,20,ONE_POINT,100,100,RANDOM,1
341,34200,115.37039613723755,51831,51839.7,0,0.38,0.25,20,ONE_POINT,100,100,RANDOM,1
342,34300,115.72071170806885,51803,51818.36,0,0.38,0.25,20,ONE_POINT,100,100,RANDOM,1
343,34400,116.07669687271118,51740,51759.2,0,0.38,0.25,20,ONE_POINT,100,100,RANDOM,1
344,34500,116.41916584968567,51501,51518.15,0,0.38,0.25,20,ONE_POINT,100,100,RANDOM,1
345,34600,116.76384496688843,51300,51396.63,0,0.38,0.25,20,ONE_POINT,100,100,RANDOM,1
346,34700,117.09960174560547,51260,51287.36,0,0.38,0.25,20,ONE_POINT,100,100,RANDOM,1
347,34800,117.41029691696167,51123,51137.7,0,0.38,0.25,20,ONE_POINT,100,100,RANDOM,1
348,34900,117.74657893180847,51065,51071.54,0,0.38,0.25,20,ONE_POINT,100,100,RANDOM,1
349,35000,118.06588697433472,51014,51023.23,0,0.38,0.25,20,ONE_POINT,100,100,RANDOM,1
350,35100,118.39485287666321,50942,50953.04,0,0.38,0.25,20,ONE_POINT,100,100,RANDOM,1
351,35200,118.71428966522217,50879,50885.76,0,0.38,0.25,20,ONE_POINT,100,100,RANDOM,1
352,35300,119.09069085121155,50775,50791.81,0,0.38,0.25,20,ONE_POINT,100,100,RANDOM,1
353,35400,119.40422105789185,50685,50712.23,0,0.38,0.25,20,ONE_POINT,100,100,RANDOM,1
354,35500,119.74467182159424,50552,50565.54,0,0.38,0.25,20,ONE_POINT,100,100,RANDOM,1
355,35600,120.08717131614685,50490,50496.48,0,0.38,0.25,20,ONE_POINT,100,100,RANDOM,1
356,35700,120.3994722366333,50364,50375.15,0,0.38,0.25,20,ONE_POINT,100,100,RANDOM,1
357,35800,120.71460390090942,50297,50304.29,0,0.38,0.25,20,ONE_POINT,100,100,RANDOM,1
358,35900,121.0335636138916,50190,50202.19,0,0.38,0.25,20,ONE_POINT,100,100,RANDOM,1
359,36000,121.3406069278717,50123,50172.34,0,0.38,0.25,20,ONE_POINT,100,100,RANDOM,1
360,36100,121.67058324813843,50082,50116.22,0,0.38,0.25,20,ONE_POINT,100,100,RANDOM,1
361,36200,122.00463223457336,49987,50016.13,0,0.38,0.25,20,ONE_POINT,100,100,RANDOM,1
362,36300,122.32633900642395,49903,49910.81,0,0.38,0.25,20,ONE_POINT,100,100,RANDOM,1
363,36400,122.67902851104736,49873,49900.01,0,0.38,0.25,20,ONE_POINT,100,100,RANDOM,1
364,36500,123.02094006538391,49822,49829.95,0,0.38,0.25,20,ONE_POINT,100,100,RANDOM,1
365,36600,123.33919095993042,49705,49715.09,0,0.38,0.25,20,ONE_POINT,100,100,RANDOM,1
366,36700,123.68646335601807,49533,49555.96,0,0.38,0.25,20,ONE_POINT,100,100,RANDOM,1
367,36800,124.02710556983948,49484,49491.82,0,0.38,0.25,20,ONE_POINT,100,100,RANDOM,1
368,36900,124.39487862586975,49423,49429.82,0,0.38,0.25,20,ONE_POINT,100,100,RANDOM,1
369,37000,124.70846891403198,49388,49397.55,0,0.38,0.25,20,ONE_POINT,100,100,RANDOM,1
370,37100,125.04079675674438,49344,49350.29,0,0.38,0.25,20,ONE_POINT,100,100,RANDOM,1
371,37200,125.34956860542297,49257,49264.4,0,0.38,0.25,20,ONE_POINT,100,100,RANDOM,1
372,37300,125.7209701538086,49207,49225.57,0,0.38,0.25,20,ONE_POINT,100,100,RANDOM,1
373,37400,126.06933069229126,49112,49121.3,0,0.38,0.25,20,ONE_POINT,100,100,RANDOM,1
374,37500,126.38548564910889,48879,48907.98,0,0.38,0.25,20,ONE_POINT,100,100,RANDOM,1
375,37600,126.70566129684448,48814,48828.45,0,0.38,0.25,20,ONE_POINT,100,100,RANDOM,1
376,37700,127.06578588485718,48708,48727.31,0,0.38,0.25,20,ONE_POINT,100,100,RANDOM,1
377,37800,127.41092085838318,48627,48636.16,0,0.38,0.25,20,ONE_POINT,100,100,RANDOM,1
378,37900,127.77068734169006,48318,48352.19,0,0.38,0.25,20,ONE_POINT,100,100,RANDOM,1
379,38000,128.11441278457642,48243,48277.56,0,0.38,0.25,20,ONE_POINT,100,100,RANDOM,1
380,38100,128.43733501434326,48209,48220.77,0,0.38,0.25,20,ONE_POINT,100,100,RANDOM,1
381,38200,128.7773838043213,48088,48110.47,0,0.38,0.25,20,ONE_POINT,100,100,RANDOM,1
382,38300,129.1054666042328,47975,48000.48,0,0.38,0.25,20,ONE_POINT,100,100,RANDOM,1
383,38400,129.44848608970642,47935,47952.33,0,0.38,0.25,20,ONE_POINT,100,100,RANDOM,1
384,38500,129.77076864242554,47836,47846.0,0,0.38,0.25,20,ONE_POINT,100,100,RANDOM,1
385,38600,130.1319284439087,47722,47737.74,0,0.38,0.25,20,ONE_POINT,100,100,RANDOM,1
386,38700,130.43354487419128,47701,47719.09,0,0.38,0.25,20,ONE_POINT,100,100,RANDOM,1
387,38800,130.76919603347778,47681,47699.26,0,0.38,0.25,20,ONE_POINT,100,100,RANDOM,1
388,38900,131.07736802101135,47554,47567.56,0,0.38,0.25,20,ONE_POINT,100,100,RANDOM,1
389,39000,131.4563844203949,47500,47505.61,0,0.38,0.25,20,ONE_POINT,100,100,RANDOM,1
390,39100,131.7960855960846,47459,47464.44,0,0.38,0.25,20,ONE_POINT,100,100,RANDOM,1
391,39200,132.15085077285767,47382,47395.0,0,0.38,0.25,20,ONE_POINT,100,100,RANDOM,1
392,39300,132.48470044136047,47325,47372.74,0,0.38,0.25,20,ONE_POINT,100,100,RANDOM,1
393,39400,132.82420897483826,47277,47288.7,0,0.38,0.25,20,ONE_POINT,100,100,RANDOM,1
394,39500,133.16127181053162,47169,47195.58,0,0.38,0.25,20,ONE_POINT,100,100,RANDOM,1
395,39600,133.51278448104858,47128,47138.38,0,0.38,0.25,20,ONE_POINT,100,100,RANDOM,1
396,39700,133.86285305023193,47056,47063.91,0,0.38,0.25,20,ONE_POINT,100,100,RANDOM,1
397,39800,134.18907403945923,46981,46994.78,0,0.38,0.25,20,ONE_POINT,100,100,RANDOM,1
398,39900,134.52415251731873,46879,46903.57,0,0.38,0.25,20,ONE_POINT,100,100,RANDOM,1
399,40000,134.87491703033447,46800,46807.88,0,0.38,0.25,20,ONE_POINT,100,100,RANDOM,1
400,40100,135.20233130455017,46727,46735.03,0,0.38,0.25,20,ONE_POINT,100,100,RANDOM,1
401,40200,135.56684756278992,46639,46646.77,0,0.38,0.25,20,ONE_POINT,100,100,RANDOM,1
402,40300,135.92260241508484,46556,46575.98,0,0.38,0.25,20,ONE_POINT,100,100,RANDOM,1
403,40400,136.25563073158264,46546,46549.66,0,0.38,0.25,20,ONE_POINT,100,100,RANDOM,1
404,40500,136.61224055290222,46507,46536.57,0,0.38,0.25,20,ONE_POINT,100,100,RANDOM,1
405,40600,137.02128314971924,46466,46471.33,0,0.38,0.25,20,ONE_POINT,100,100,RANDOM,1
406,40700,137.38475489616394,46410,46415.69,0,0.38,0.25,20,ONE_POINT,100,100,RANDOM,1
407,40800,137.76444506645203,46295,46317.77,0,0.38,0.25,20,ONE_POINT,100,100,RANDOM,1
408,40900,138.08692860603333,46161,46180.79,0,0.38,0.25,20,ONE_POINT,100,100,RANDOM,1
409,41000,138.4218463897705,46145,46235.36,0,0.38,0.25,20,ONE_POINT,100,100,RANDOM,1
410,41100,138.73873853683472,46121,46140.4,0,0.38,0.25,20,ONE_POINT,100,100,RANDOM,1
411,41200,139.07418704032898,46096,46099.18,0,0.38,0.25,20,ONE_POINT,100,100,RANDOM,1
412,41300,139.38831424713135,46029,46045.44,0,0.38,0.25,20,ONE_POINT,100,100,RANDOM,1
413,41400,139.69595861434937,45927,45940.57,0,0.38,0.25,20,ONE_POINT,100,100,RANDOM,1
414,41500,140.020117521286,45859,45865.8,0,0.38,0.25,20,ONE_POINT,100,100,RANDOM,1
415,41600,140.33138394355774,45838,45882.2,0,0.38,0.25,20,ONE_POINT,100,100,RANDOM,1
416,41700,140.6527078151703,45768,45775.7,0,0.38,0.25,20,ONE_POINT,100,100,RANDOM,1
417,41800,141.0059130191803,45736,45744.32,0,0.38,0.25,20,ONE_POINT,100,100,RANDOM,1
418,41900,141.3274576663971,45686,45691.12,0,0.38,0.25,20,ONE_POINT,100,100,RANDOM,1
419,42000,141.65796852111816,45659,45667.36,0,0.38,0.25,20,ONE_POINT,100,100,RANDOM,1
420,42100,141.9666793346405,45622,45624.64,0,0.38,0.25,20,ONE_POINT,100,100,RANDOM,1
421,42200,142.2927553653717,45528,45541.68,0,0.38,0.25,20,ONE_POINT,100,100,RANDOM,1
422,42300,142.62151408195496,45498,45522.06,0,0.38,0.25,20,ONE_POINT,100,100,RANDOM,1
423,42400,142.976176738739,45424,45441.26,0,0.38,0.25,20,ONE_POINT,100,100,RANDOM,1
424,42500,143.3312714099884,45372,45380.93,0,0.38,0.25,20,ONE_POINT,100,100,RANDOM,1
425,42600,143.65979027748108,45311,45335.68,0,0.38,0.25,20,ONE_POINT,100,100,RANDOM,1
426,42700,144.03400921821594,45235,45250.12,0,0.38,0.25,20,ONE_POINT,100,100,RANDOM,1
427,42800,144.38116121292114,45199,45213.85,0,0.38,0.25,20,ONE_POINT,100,100,RANDOM,1
428,42900,144.7216727733612,45192,45193.27,0,0.38,0.25,20,ONE_POINT,100,100,RANDOM,1
429,43000,145.08395743370056,45139,45144.37,0,0.38,0.25,20,ONE_POINT,100,100,RANDOM,1
430,43100,145.43068671226501,45074,45086.03,0,0.38,0.25,20,ONE_POINT,100,100,RANDOM,1
431,43200,145.79521369934082,45071,45161.3,0,0.38,0.25,20,ONE_POINT,100,100,RANDOM,1
432,43300,146.11531281471252,45019,45037.8,0,0.38,0.25,20,ONE_POINT,100,100,RANDOM,1
433,43400,146.4512288570404,44985,45000.01,0,0.38,0.25,20,ONE_POINT,100,100,RANDOM,1
434,43500,146.76235938072205,44920,44976.98,0,0.38,0.25,20,ONE_POINT,100,100,RANDOM,1
435,43600,147.0962371826172,44863,44873.04,0,0.38,0.25,20,ONE_POINT,100,100,RANDOM,1
436,43700,147.46605443954468,44825,44832.73,0,0.38,0.25,20,ONE_POINT,100,100,RANDOM,1
437,43800,147.824880361557,44778,44782.97,0,0.38,0.25,20,ONE_POINT,100,100,RANDOM,1
438,43900,148.18718552589417,44647,44816.72,0,0.38,0.25,20,ONE_POINT,100,100,RANDOM,1
439,44000,148.52140283584595,44471,44638.69,0,0.38,0.25,20,ONE_POINT,100,100,RANDOM,1
440,44100,148.83404874801636,44390,44409.26,0,0.38,0.25,20,ONE_POINT,100,100,RANDOM,1
441,44200,149.15555095672607,44341,44347.2,0,0.38,0.25,20,ONE_POINT,100,100,RANDOM,1
442,44300,149.50021171569824,44255,44268.5,0,0.38,0.25,20,ONE_POINT,100,100,RANDOM,1
443,44400,149.84536838531494,44211,44293.43,0,0.38,0.25,20,ONE_POINT,100,100,RANDOM,1
444,44500,150.16854643821716,44182,44186.51,0,0.38,0.25,20,ONE_POINT,100,100,RANDOM,1
445,44600,150.5082516670227,44083,44092.77,0,0.38,0.25,20,ONE_POINT,100,100,RANDOM,1
446,44700,150.81764698028564,44015,44074.4,0,0.38,0.25,20,ONE_POINT,100,100,RANDOM,1
447,44800,151.17456936836243,43879,43892.12,0,0.38,0.25,20,ONE_POINT,100,100,RANDOM,1
448,44900,151.51386523246765,43846,43863.3,0,0.38,0.25,20,ONE_POINT,100,100,RANDOM,1
449,45000,151.84707593917847,43813,43838.1,0,0.38,0.25,20,ONE_POINT,100,100,RANDOM,1
450,45100,152.18369221687317,43790,43827.71,0,0.38,0.25,20,ONE_POINT,100,100,RANDOM,1
451,45200,152.55004501342773,43766,43774.61,0,0.38,0.25,20,ONE_POINT,100,100,RANDOM,1
452,45300,152.87767815589905,43724,43730.18,0,0.38,0.25,20,ONE_POINT,100,100,RANDOM,1
453,45400,153.2096312046051,43613,43665.09,0,0.38,0.25,20,ONE_POINT,100,100,RANDOM,1
454,45500,153.567280292511,43571,43580.36,0,0.38,0.25,20,ONE_POINT,100,100,RANDOM,1
455,45600,153.92261910438538,43543,43548.23,0,0.38,0.25,20,ONE_POINT,100,100,RANDOM,1
456,45700,154.22772693634033,43488,43508.5,0,0.38,0.25,20,ONE_POINT,100,100,RANDOM,1
457,45800,154.58321905136108,43395,43449.6,0,0.38,0.25,20,ONE_POINT,100,100,RANDOM,1
458,45900,154.8978750705719,43331,43341.05,0,0.38,0.25,20,ONE_POINT,100,100,RANDOM,1
459,46000,155.19687056541443,43276,43287.56,0,0.38,0.25,20,ONE_POINT,100,100,RANDOM,1
460,46100,155.53585195541382,43250,43252.71,0,0.38,0.25,20,ONE_POINT,100,100,RANDOM,1
461,46200,155.88189840316772,43169,43247.95,0,0.38,0.25,20,ONE_POINT,100,100,RANDOM,1
462,46300,156.19331812858582,43022,43042.05,0,0.38,0.25,20,ONE_POINT,100,100,RANDOM,1
463,46400,156.53557205200195,42935,42954.27,0,0.38,0.25,20,ONE_POINT,100,100,RANDOM,1
464,46500,156.8923692703247,42882,42892.64,0,0.38,0.25,20,ONE_POINT,100,100,RANDOM,1
465,46600,157.2474946975708,42840,42860.24,0,0.38,0.25,20,ONE_POINT,100,100,RANDOM,1
466,46700,157.60540962219238,42778,42911.55,0,0.38,0.25,20,ONE_POINT,100,100,RANDOM,1
467,46800,157.93035364151,42722,42729.24,0,0.38,0.25,20,ONE_POINT,100,100,RANDOM,1
468,46900,158.24492192268372,42679,42753.62,0,0.38,0.25,20,ONE_POINT,100,100,RANDOM,1
469,47000,158.55226516723633,42584,42609.86,0,0.38,0.25,20,ONE_POINT,100,100,RANDOM,1
470,47100,158.88840317726135,42551,42559.24,0,0.38,0.25,20,ONE_POINT,100,100,RANDOM,1
471,47200,159.27117490768433,42499,42512.24,0,0.38,0.25,20,ONE_POINT,100,100,RANDOM,1
472,47300,159.62250018119812,42425,42465.69,0,0.38,0.25,20,ONE_POINT,100,100,RANDOM,1
473,47400,159.985981464386,42359,42374.29,0,0.38,0.25,20,ONE_POINT,100,100,RANDOM,1
474,47500,160.31851172447205,42347,42454.44,0,0.38,0.25,20,ONE_POINT,100,100,RANDOM,1
475,47600,160.64800691604614,42307,42322.36,0,0.38,0.25,20,ONE_POINT,100,100,RANDOM,1
476,47700,160.98821544647217,42234,42243.82,0,0.38,0.25,20,ONE_POINT,100,100,RANDOM,1
477,47800,161.34942078590393,42205,42220.73,0,0.38,0.25,20,ONE_POINT,100,100,RANDOM,1
478,47900,161.7055172920227,42134,42158.08,0,0.38,0.25,20,ONE_POINT,100,100,RANDOM,1
479,48000,162.03615474700928,42096,42125.35,0,0.38,0.25,20,ONE_POINT,100,100,RANDOM,1
480,48100,162.37839031219482,42048,42193.77,0,0.38,0.25,20,ONE_POINT,100,100,RANDOM,1
481,48200,162.7286558151245,41990,42134.34,0,0.38,0.25,20,ONE_POINT,100,100,RANDOM,1
482,48300,163.0909526348114,41975,41981.95,0,0.38,0.25,20,ONE_POINT,100,100,RANDOM,1
483,48400,163.44631576538086,41897,42000.52,0,0.38,0.25,20,ONE_POINT,100,100,RANDOM,1
484,48500,163.76577377319336,41841,41851.68,0,0.38,0.25,20,ONE_POINT,100,100,RANDOM,1
485,48600,164.10560774803162,41777,41791.76,0,0.38,0.25,20,ONE_POINT,100,100,RANDOM,1
486,48700,164.44176983833313,41759,41776.49,0,0.38,0.25,20,ONE_POINT,100,100,RANDOM,1
487,48800,164.79782342910767,41731,41771.41,0,0.38,0.25,20,ONE_POINT,100,100,RANDOM,1
488,48900,165.11312103271484,41705,41782.46,0,0.38,0.25,20,ONE_POINT,100,100,RANDOM,1
489,49000,165.4240403175354,41658,41669.66,0,0.38,0.25,20,ONE_POINT,100,100,RANDOM,1
490,49100,165.72948265075684,41620,41639.82,0,0.38,0.25,20,ONE_POINT,100,100,RANDOM,1
491,49200,166.05910181999207,41599,41601.94,0,0.38,0.25,20,ONE_POINT,100,100,RANDOM,1
492,49300,166.39077425003052,41540,41548.05,0,0.38,0.25,20,ONE_POINT,100,100,RANDOM,1
493,49400,166.71339774131775,41474,41484.49,0,0.38,0.25,20,ONE_POINT,100,100,RANDOM,1
494,49500,167.05757808685303,41426,41432.13,0,0.38,0.25,20,ONE_POINT,100,100,RANDOM,1
495,49600,167.3668336868286,41392,41396.41,0,0.38,0.25,20,ONE_POINT,100,100,RANDOM,1
496,49700,167.7152726650238,41358,41368.74,0,0.38,0.25,20,ONE_POINT,100,100,RANDOM,1
497,49800,168.06887912750244,41322,41340.45,0,0.38,0.25,20,ONE_POINT,100,100,RANDOM,1
498,49900,168.4212727546692,41265,41304.01,0,0.38,0.25,20,ONE_POINT,100,100,RANDOM,1
499,50000,168.72396063804626,41202,41214.9,0,0.38,0.25,20,ONE_POINT,100,100,RANDOM,1
500,50100,169.05188965797424,41175,41182.69,0,0.38,0.25,20,ONE_POINT,100,100,RANDOM,1
1,200,0.23673534393310547,137986,134267.84,0,0.38,0.25,20,ONE_POINT,100,100,RANDOM,2
2,300,0.6361711025238037,132294,132350.87,0,0.38,0.25,20,ONE_POINT,100,100,RANDOM,2
3,400,1.0068182945251465,131946,131959.92,0,0.38,0.25,20,ONE_POINT,100,100,RANDOM,2
4,500,1.3678433895111084,131133,131166.6,0,0.38,0.25,20,ONE_POINT,100,100,RANDOM,2
5,600,1.710148811340332,130351,130382.04,0,0.38,0.25,20,ONE_POINT,100,100,RANDOM,2
6,700,2.0385851860046387,129223,129257.91,0,0.38,0.25,20,ONE_POINT,100,100,RANDOM,2
7,800,2.360283374786377,128792,128809.36,0,0.38,0.25,20,ONE_POINT,100,100,RANDOM,2
8,900,2.654282808303833,127092,127156.78,0,0.38,0.25,20,ONE_POINT,100,100,RANDOM,2
9,1000,3.0225837230682373,126419,126452.67,0,0.38,0.25,20,ONE_POINT,100,100,RANDOM,2
10,1100,3.3665592670440674,125755,125780.61,0,0.38,0.25,20,ONE_POINT,100,100,RANDOM,2
11,1200,3.7001521587371826,124826,124873.22,0,0.38,0.25,20,ONE_POINT,100,100,RANDOM,2
12,1300,4.069112300872803,124071,124100.06,0,0.38,0.25,20,ONE_POINT,100,100,RANDOM,2
13,1400,4.420543670654297,123220,123249.16,0,0.38,0.25,20,ONE_POINT,100,100,RANDOM,2
14,1500,4.764714479446411,122510,122554.03,0,0.38,0.25,20,ONE_POINT,100,100,RANDOM,2
15,1600,5.1188249588012695,122071,122097.85,0,0.38,0.25,20,ONE_POINT,100,100,RANDOM,2
16,1700,5.428776264190674,121460,121493.26,0,0.38,0.25,20,ONE_POINT,100,100,RANDOM,2
17,1800,5.739396333694458,121029,121053.38,0,0.38,0.25,20,ONE_POINT,100,100,RANDOM,2
18,1900,6.058061599731445,120603,120637.01,0,0.38,0.25,20,ONE_POINT,100,100,RANDOM,2
19,2000,6.395688533782959,120211,120238.61,0,0.38,0.25,20,ONE_POINT,100,100,RANDOM,2
20,2100,6.730812072753906,119616,119651.39,0,0.38,0.25,20,ONE_POINT,100,100,RANDOM,2
21,2200,7.07023811340332,119226,119272.94,0,0.38,0.25,20,ONE_POINT,100,100,RANDOM,2
22,2300,7.379033327102661,118970,119017.86,0,0.38,0.25,20,ONE_POINT,100,100,RANDOM,2
23,2400,7.704125642776489,118166,118198.16,0,0.38,0.25,20,ONE_POINT,100,100,RANDOM,2
24,2500,8.052711009979248,117838,117900.48,0,0.38,0.25,20,ONE_POINT,100,100,RANDOM,2
25,2600,8.351766109466553,116930,116966.32,0,0.38,0.25,20,ONE_POINT,100,100,RANDOM,2
26,2700,8.717868089675903,115858,116019.5,0,0.38,0.25,20,ONE_POINT,100,100,RANDOM,2
27,2800,9.058724164962769,115588,115602.37,0,0.38,0.25,20,ONE_POINT,100,100,RANDOM,2
28,2900,9.428549528121948,115067,115121.84,0,0.38,0.25,20,ONE_POINT,100,100,RANDOM,2
29,3000,9.744063138961792,114466,114489.18,0,0.38,0.25,20,ONE_POINT,100,100,RANDOM,2
30,3100,10.095826148986816,113967,113997.38,0,0.38,0.25,20,ONE_POINT,100,100,RANDOM,2
31,3200,10.429381608963013,113499,113527.09,0,0.38,0.25,20,ONE_POINT,100,100,RANDOM,2
32,3300,10.765521764755249,112796,112839.1,0,0.38,0.25,20,ONE_POINT,100,100,RANDOM,2
33,3400,11.13191556930542,112525,112574.54,0,0.38,0.25,20,ONE_POINT,100,100,RANDOM,2
34,3500,11.461901664733887,112141,112180.95,0,0.38,0.25,20,ONE_POINT,100,100,RANDOM,2
35,3600,11.802129983901978,111633,111660.31,0,0.38,0.25,20,ONE_POINT,100,100,RANDOM,2
36,3700,12.161032676696777,111482,111519.03,0,0.38,0.25,20,ONE_POINT,100,100,RANDOM,2
37,3800,12.48013710975647,111043,111153.55,0,0.38,0.25,20,ONE_POINT,100,100,RANDOM,2
38,3900,12.79263424873352,110738,110756.12,0,0.38,0.25,20,ONE_POINT,100,100,RANDOM,2
39,4000,13.11929178237915,109797,109854.91,0,0.38,0.25,20,ONE_POINT,100,100,RANDOM,2
40,4100,13.486096620559692,109462,109550.65,0,0.38,0.25,20,ONE_POINT,100,100,RANDOM,2
41,4200,13.802599430084229,108800,108889.86,0,0.38,0.25,20,ONE_POINT,100,100,RANDOM,2
42,4300,14.117205619812012,108562,108620.59,0,0.38,0.25,20,ONE_POINT,100,100,RANDOM,2
43,4400,14.445592403411865,108028,108055.15,0,0.38,0.25,20,ONE_POINT,100,100,RANDOM,2
44,4500,14.786407709121704,107620,107688.73,0,0.38,0.25,20,ONE_POINT,100,100,RANDOM,2
45,4600,15.12845253944397,107335,107346.4,0,0.38,0.25,20,ONE_POINT,100,100,RANDOM,2
46,4700,15.471118211746216,107138,107146.1,0,0.38,0.25,20,ONE_POINT,100,100,RANDOM,2
47,4800,15.822437524795532,106772,106796.07,0,0.38,0.25,20,ONE_POINT,100,100,RANDOM,2
48,4900,16.184429168701172,106127,106152.8,0,0.38,0.25,20,ONE_POINT,100,100,RANDOM,2
49,5000,16.5167133808136,105622,105643.14,0,0.38,0.25,20,ONE_POINT,100,100,RANDOM,2
50,5100,16.816369771957397,105323,105343.3,0,0.38,0.25,20,ONE_POINT,100,100,RANDOM,2
51,5200,17.172340869903564,104995,105016.3,0,0.38,0.25,20,ONE_POINT,100,100,RANDOM,2
52,5300,17.511701822280884,104740,104808.18,0,0.38,0.25,20,ONE_POINT,100,100,RANDOM,2
53,5400,17.81541347503662,104131,104156.37,0,0.38,0.25,20,ONE_POINT,100,100,RANDOM,2
54,5500,18.154334783554077,103517,103541.56,0,0.38,0.25,20,ONE_POINT,100,100,RANDOM,2
55,5600,18.493898391723633,103170,103193.06,0,0.38,0.25,20,ONE_POINT,100,100,RANDOM,2
56,5700,18.834989547729492,102592,102619.92,0,0.38,0.25,20,ONE_POINT,100,100,RANDOM,2
57,5800,19.154775381088257,102173,102192.93,0,0.38,0.25,20,ONE_POINT,100,100,RANDOM,2
58,5900,19.46864366531372,101857,101922.31,0,0.38,0.25,20,ONE_POINT,100,100,RANDOM,2
59,6000,19.791413068771362,101277,101301.2,0,0.38,0.25,20,ONE_POINT,100,100,RANDOM,2
60,6100,20.127183437347412,101094,101115.88,0,0.38,0.25,20,ONE_POINT,100,100,RANDOM,2
61,6200,20.483800172805786,100736,100754.17,0,0.38,0.25,20,ONE_POINT,100,100,RANDOM,2
62,6300,20.826603174209595,100313,100329.98,0,0.38,0.25,20,ONE_POINT,100,100,RANDOM,2
63,6400,21.12829065322876,100000,100077.67,0,0.38,0.25,20,ONE_POINT,100,100,RANDOM,2
64,6500,21.45315408706665,99646,99665.49,0,0.38,0.25,20,ONE_POINT,100,100,RANDOM,2
65,6600,21.78308939933777,99269,99286.45,0,0.38,0.25,20,ONE_POINT,100,100,RANDOM,2
66,6700,22.117637157440186,98783,98802.44,0,0.38,0.25,20,ONE_POINT,100,100,RANDOM,2
67,6800,22.469482421875,98247,98311.54,0,0.38,0.25,20,ONE_POINT,100,100,RANDOM,2
68,6900,22.831063985824585,97807,97825.3,0,0.38,0.25,20,ONE_POINT,100,100,RANDOM,2
69,7000,23.134272575378418,97549,97567.7,0,0.38,0.25,20,ONE_POINT,100,100,RANDOM,2
70,7100,23.439867973327637,97078,97110.51,0,0.38,0.25,20,ONE_POINT,100,100,RANDOM,2
71,7200,23.747347354888916,96595,96613.9,0,0.38,0.25,20,ONE_POINT,100,100,RANDOM,2
72,7300,24.0989351272583,96294,96364.83,0,0.38,0.25,20,ONE_POINT,100,100,RANDOM,2
73,7400,24.42432951927185,95745,95787.0,0,0.38,0.25,20,ONE_POINT,100,100,RANDOM,2
74,7500,24.765119791030884,95106,95130.44,0,0.38,0.25,20,ONE_POINT,100,100,RANDOM,2
75,7600,25.10859489440918,94891,94905.17,0,0.38,0.25,20,ONE_POINT,100,100,RANDOM,2
76,7700,25.439194917678833,94599,94650.8,0,0.38,0.25,20,ONE_POINT,100,100,RANDOM,2
77,7800,25.80220866203308,94262,94291.29,0,0.38,0.25,20,ONE_POINT,100,100,RANDOM,2
78,7900,26.14167857170105,93679,93702.21,0,0.38,0.25,20,ONE_POINT,100,100,RANDOM,2
79,8000,26.48663330078125,93378,93396.43,0,0.38,0.25,20,ONE_POINT,100,100,RANDOM,2
80,8100,26.863513708114624,93039,93067.34,0,0.38,0.25,20,ONE_POINT,100,100,RANDOM,2
81,8200,27.211835145950317,92143,92243.39,0,0.38,0.25,20,ONE_POINT,100,100,RANDOM,2
82,8300,27.542841911315918,91846,91895.35,0,0.38,0.25,20,ONE_POINT,100,100,RANDOM,2
83,8400,27.88631582260132,91412,91428.52,0,0.38,0.25,20,ONE_POINT,100,100,RANDOM,2
84,8500,28.24441885948181,91142,91165.13,0,0.38,0.25,20,ONE_POINT,100,100,RANDOM,2
85,8600,28.578580617904663,90995,91011.95,0,0.38,0.25,20,ONE_POINT,100,100,RANDOM,2
86,8700,28.919126987457275,90688,90715.6,0,0.38,0.25,20,ONE_POINT,100,100,RANDOM,2
87,8800,29.267409801483154,89177,89222.33,0,0.38,0.25,20,ONE_POINT,100,100,RANDOM,2
88,8900,29.57780933380127,88719,88739.14,0,0.38,0.25,20,ONE_POINT,100,100,RANDOM,2
89,9000,29.945966243743896,88386,88412.35,0,0.38,0.25,20,ONE_POINT,100,100,RANDOM,2
90,9100,30.280068397521973,88115,88196.09,0,0.38,0.25,20,ONE_POINT,100,100,RANDOM,2
91,9200,30.614811897277832,87808,87832.85,0,0.38,0.25,20,ONE_POINT,100,100,RANDOM,2
92,9300,30.984678506851196,87517,87536.19,0,0.38,0.25,20,ONE_POINT,100,100,RANDOM,2
93,9400,31.336037158966064,87356,87380.75,0,0.38,0.25,20,ONE_POINT,100,100,RANDOM,2
94,9500,31.638272285461426,86913,86984.97,0,0.38,0.25,20,ONE_POINT,100,100,RANDOM,2
95,9600,32.01736903190613,86646,86662.02,0,0.38,0.25,20,ONE_POINT,100,100,RANDOM,2
96,9700,32.379056453704834,86382,86397.31,0,0.38,0.25,20,ONE_POINT,100,100,RANDOM,2
97,9800,32.70791172981262,85844,85865.55,0,0.38,0.25,20,ONE_POINT,100,100,RANDOM,2
98,9900,33.02489757537842,85332,85357.86,0,0.38,0.25,20,ONE_POINT,100,100,RANDOM,2
99,10000,33.37178897857666,85084,85120.2,0,0.38,0.25,20,ONE_POINT,100,100,RANDOM,2
100,10100,33.68858051300049,84827,84860.76,0,0.38,0.25,20,ONE_POINT,100,100,RANDOM,2
101,10200,34.073156118392944,84535,84547.8,0,0.38,0.25,20,ONE_POINT,100,100,RANDOM,2
102,10300,34.37643551826477,84398,84439.48,0,0.38,0.25,20,ONE_POINT,100,100,RANDOM,2
103,10400,34.732452630996704,83895,83959.48,0,0.38,0.25,20,ONE_POINT,100,100,RANDOM,2
104,10500,35.13529872894287,83610,83620.89,0,0.38,0.25,20,ONE_POINT,100,100,RANDOM,2
105,10600,35.5029182434082,83393,83407.55,0,0.38,0.25,20,ONE_POINT,100,100,RANDOM,2
106,10700,35.863041162490845,83049,83069.92,0,0.38,0.25,20,ONE_POINT,100,100,RANDOM,2
107,10800,36.21521496772766,82899,82947.82,0,0.38,0.25,20,ONE_POINT,100,100,RANDOM,2
108,10900,36.52170205116272,82610,82678.57,0,0.38,0.25,20,ONE_POINT,100,100,RANDOM,2
109,11000,36.85711050033569,82138,82165.63,0,0.38,0.25,20,ONE_POINT,100,100,RANDOM,2
110,11100,37.21800971031189,81847,81880.29,0,0.38,0.25,20,ONE_POINT,100,100,RANDOM,2
111,11200,37.53481960296631,81675,81684.33,0,0.38,0.25,20,ONE_POINT,100,100,RANDOM,2
112,11300,37.884172677993774,81436,81494.92,0,0.38,0.25,20,ONE_POINT,100,100,RANDOM,2
113,11400,38.20263981819153,81298,81314.79,0,0.38,0.25,20,ONE_POINT,100,100,RANDOM,2
114,11500,38.53090715408325,81027,81055.6,0,0.38,0.25,20,ONE_POINT,100,100,RANDOM,2
115,11600,38.84513974189758,80800,80830.36,0,0.38,0.25,20,ONE_POINT,100,100,RANDOM,2
116,11700,39.17067742347717,80529,80549.65,0,0.38,0.25,20,ONE_POINT,100,100,RANDOM,2
117,11800,39.51934242248535,80287,80307.73,0,0.38,0.25,20,ONE_POINT,100,100,RANDOM,2
118,11900,39.863728046417236,79912,79946.35,0,0.38,0.25,20,ONE_POINT,100,100,RANDOM,2
119,12000,40.187713861465454,79695,79714.73,0,0.38,0.25,20,ONE_POINT,100,100,RANDOM,2
120,12100,40.490795373916626,79547,79555.74,0,0.38,0.25,20,ONE_POINT,100,100,RANDOM,2
121,12200,40.80389714241028,79361,79374.78,0,0.38,0.25,20,ONE_POINT,100,100,RANDOM,2
122,12300,41.110655307769775,79155,79178.3,0,0.38,0.25,20,ONE_POINT,100,100,RANDOM,2
123,12400,41.438350439071655,78995,79007.9,0,0.38,0.25,20,ONE_POINT,100,100,RANDOM,2
124,12500,41.781304359436035,78828,78846.31,0,0.38,0.25,20,ONE_POINT,100,100,RANDOM,2
125,12600,42.11965489387512,78617,78630.11,0,0.38,0.25,20,ONE_POINT,100,100,RANDOM,2
126,12700,42.46326160430908,78366,78380.99,0,0.38,0.25,20,ONE_POINT,100,100,RANDOM,2
127,12800,42.783812284469604,78171,78181.64,0,0.38,0.25,20,ONE_POINT,100,100,RANDOM,2
128,12900,43.12114381790161,77839,77860.06,0,0.38,0.25,20,ONE_POINT,100,100,RANDOM,2
129,13000,43.44054865837097,77638,77682.44,0,0.38,0.25,20,ONE_POINT,100,100,RANDOM,2
130,13100,43.745837450027466,77430,77442.72,0,0.38,0.25,20,ONE_POINT,100,100,RANDOM,2
131,13200,44.07125520706177,76658,76705.95,0,0.38,0.25,20,ONE_POINT,100,100,RANDOM,2
132,13300,44.436197996139526,76534,76540.2,0,0.38,0.25,20,ONE_POINT,100,100,RANDOM,2
133,13400,44.753741979599,76252,76310.21,0,0.38,0.25,20,ONE_POINT,100,100,RANDOM,2
134,13500,45.11508798599243,76044,76054.85,0,0.38,0.25,20,ONE_POINT,100,100,RANDOM,2
135,13600,45.48810839653015,75849,75861.06,0,0.38,0.25,20,ONE_POINT,100,100,RANDOM,2
136,13700,45.794007539749146,75554,75587.3,0,0.38,0.25,20,ONE_POINT,100,100,RANDOM,2
137,13800,46.129974603652954,75485,75489.14,0,0.38,0.25,20,ONE_POINT,100,100,RANDOM,2
138,13900,46.482483863830566,75336,75381.66,0,0.38,0.25,20,ONE_POINT,100,100,RANDOM,2
139,14000,46.83321833610535,75158,75176.9,0,0.38,0.25,20,ONE_POINT,100,100,RANDOM,2
140,14100,47.16903781890869,74978,74988.2,0,0.38,0.25,20,ONE_POINT,100,100,RANDOM,2
141,14200,47.4887273311615,74806,74817.33,0,0.38,0.25,20,ONE_POINT,100,100,RANDOM,2
142,14300,47.851552963256836,74645,74720.24,0,0.38,0.25,20,ONE_POINT,100,100,RANDOM,2
143,14400,48.212230920791626,74460,74474.25,0,0.38,0.25,20,ONE_POINT,100,100,RANDOM,2
144,14500,48.53672647476196,74350,74358.44,0,0.38,0.25,20,ONE_POINT,100,100,RANDOM,2
145,14600,48.864484548568726,73941,73957.5,0,0.38,0.25,20,ONE_POINT,100,100,RANDOM,2
146,14700,49.19144153594971,73722,73735.03,0,0.38,0.25,20,ONE_POINT,100,100,RANDOM,2
147,14800,49.53484344482422,73591,73597.47,0,0.38,0.25,20,ONE_POINT,100,100,RANDOM,2
148,14900,49.85053610801697,73405,73442.1,0,0.38,0.25,20,ONE_POINT,100,100,RANDOM,2
149,15000,50.23108696937561,73145,73179.52,0,0.38,0.25,20,ONE_POINT,100,100,RANDOM,2
150,15100,50.56634783744812,73038,73065.36,0,0.38,0.25,20,ONE_POINT,100,100,RANDOM,2
151,15200,50.8799729347229,72703,72736.7,0,0.38,0.25,20,ONE_POINT,100,100,RANDOM,2
152,15300,51.21016526222229,72323,72347.54,0,0.38,0.25,20,ONE_POINT,100,100,RANDOM,2
153,15400,51.56788730621338,72159,72170.85,0,0.38,0.25,20,ONE_POINT,100,100,RANDOM,2
154,15500,51.92772173881531,72028,72034.92,0,0.38,0.25,20,ONE_POINT,100,100,RANDOM,2
155,15600,52.2682466506958,71905,71912.38,0,0.38,0.25,20,ONE_POINT,100,100,RANDOM,2
156,15700,52.582085609436035,71721,71739.62,0,0.38,0.25,20,ONE_POINT,100,100,RANDOM,2
157,15800,52.921900272369385,71509,71523.56,0,0.38,0.25,20,ONE_POINT,100,100,RANDOM,2
158,15900,53.26628661155701,71233,71250.62,0,0.38,0.25,20,ONE_POINT,100,100,RANDOM,2
159,16000,53.610774755477905,71104,71149.15,0,0.38,0.25,20,ONE_POINT,100,100,RANDOM,2
160,16100,53.97080159187317,71009,71031.72,0,0.38,0.25,20,ONE_POINT,100,100,RANDOM,2
161,16200,54.308330059051514,70900,70911.51,0,0.38,0.25,20,ONE_POINT,100,100,RANDOM,2
162,16300,54.629152059555054,70753,70761.79,0,0.38,0.25,20,ONE_POINT,100,100,RANDOM,2
163,16400,54.96268916130066,70689,70696.83,0,0.38,0.25,20,ONE_POINT,100,100,RANDOM,2
164,16500,55.33457612991333,70048,70123.94,0,0.38,0.25,20,ONE_POINT,100,100,RANDOM,2
165,16600,55.66813373565674,69744,69813.5,0,0.38,0.25,20,ONE_POINT,100,100,RANDOM,2
166,16700,55.9934287071228,69579,69590.31,0,0.38,0.25,20,ONE_POINT,100,100,RANDOM,2
167,16800,56.34141278266907,69283,69299.92,0,0.38,0.25,20,ONE_POINT,100,100,RANDOM,2
168,16900,56.64163851737976,69089,69112.39,0,0.38,0.25,20,ONE_POINT,100,100,RANDOM,2
169,17000,56.96899962425232,68559,68616.54,0,0.38,0.25,20,ONE_POINT,100,100,RANDOM,2
170,17100,57.29004263877869,68395,68405.26,0,0.38,0.25,20,ONE_POINT,100,100,RANDOM,2
171,17200,57.66251230239868,68268,68311.64,0,0.38,0.25,20,ONE_POINT,100,100,RANDOM,2
172,17300,58.02396202087402,68122,68138.06,0,0.38,0.25,20,ONE_POINT,100,100,RANDOM,2
173,17400,58.36589765548706,67863,67917.44,0,0.38,0.25,20,ONE_POINT,100,100,RANDOM,2
174,17500,58.68965005874634,67710,67723.02,0,0.38,0.25,20,ONE_POINT,100,100,RANDOM,2
175,17600,59.032930850982666,67511,67522.79,0,0.38,0.25,20,ONE_POINT,100,100,RANDOM,2
176,17700,59.3594434261322,67349,67368.07,0,0.38,0.25,20,ONE_POINT,100,100,RANDOM,2
177,17800,59.66557836532593,67196,67207.77,0,0.38,0.25,20,ONE_POINT,100,100,RANDOM,2
178,17900,60.02478384971619,67066,67110.11,0,0.38,0.25,20,ONE_POINT,100,100,RANDOM,2
179,18000,60.32827615737915,66996,67001.41,0,0.38,0.25,20,ONE_POINT,100,100,RANDOM,2
180,18100,60.62762641906738,66735,66750.66,0,0.38,0.25,20,ONE_POINT,100,100,RANDOM,2
181,18200,60.94332695007324,66672,66690.07,0,0.38,0.25,20,ONE_POINT,100,100,RANDOM,2
182,18300,61.286844968795776,66456,66464.19,0,0.38,0.25,20,ONE_POINT,100,100,RANDOM,2
183,18400,61.644853353500366,66205,66241.6,0,0.38,0.25,20,ONE_POINT,100,100,RANDOM,2
184,18500,61.95087814331055,66106,66113.42,0,0.38,0.25,20,ONE_POINT,100,100,RANDOM,2
185,18600,62.301899433135986,65850,65895.72,0,0.38,0.25,20,ONE_POINT,100,100,RANDOM,2
186,18700,62.65012240409851,65676,65687.61,0,0.38,0.25,20,ONE_POINT,100,100,RANDOM,2
187,18800,62.954018354415894,65460,65471.69,0,0.38,0.25,20,ONE_POINT,100,100,RANDOM,2
188,18900,63.28274393081665,65098,65153.97,0,0.38,0.25,20,ONE_POINT,100,100,RANDOM,2
189,19000,63.618754625320435,64926,64964.84,0,0.38,0.25,20,ONE_POINT,100,100,RANDOM,2
190,19100,63.93750238418579,64695,64766.44,0,0.38,0.25,20,ONE_POINT,100,100,RANDOM,2
191,19200,64.27679061889648,64546,64576.8,0,0.38,0.25,20,ONE_POINT,100,100,RANDOM,2
192,19300,64.5987160205841,64434,64442.87,0,0.38,0.25,20,ONE_POINT,100,100,RANDOM,2
193,19400,64.93280982971191,64330,64337.68,0,0.38,0.25,20,ONE_POINT,100,100,RANDOM,2
194,19500,65.28346848487854,64132,64143.92,0,0.38,0.25,20,ONE_POINT,100,100,RANDOM,2
195,19600,65.61587953567505,63908,63917.7,0,0.38,0.25,20,ONE_POINT,100,100,RANDOM,2
196,19700,65.97737455368042,63834,63846.61,0,0.38,0.25,20,ONE_POINT,100,100,RANDOM,2
197,19800,66.32624101638794,63682,63720.65,0,0.38,0.25,20,ONE_POINT,100,100,RANDOM,2
198,19900,66.67578339576721,63618,63652.25,0,0.38,0.25,20,ONE_POINT,100,100,RANDOM,2
199,20000,66.99082660675049,63362,63384.49,0,0.38,0.25,20,ONE_POINT,100,100,RANDOM,2
200,20100,67.29100227355957,63132,63141.92,0,0.38,0.25,20,ONE_POINT,100,100,RANDOM,2
201,20200,67.62894105911255,62997,63005.1,0,0.38,0.25,20,ONE_POINT,100,100,RANDOM,2
202,20300,67.9963846206665,62801,62874.45,0,0.38,0.25,20,ONE_POINT,100,100,RANDOM,2
203,20400,68.39205479621887,62706,62727.82,0,0.38,0.25,20,ONE_POINT,100,100,RANDOM,2
204,20500,68.77866125106812,62435,62451.25,0,0.38,0.25,20,ONE_POINT,100,100,RANDOM,2
205,20600,69.17806839942932,62300,62344.98,0,0.38,0.25,20,ONE_POINT,100,100,RANDOM,2
206,20700,69.54044270515442,62116,62128.61,0,0.38,0.25,20,ONE_POINT,100,100,RANDOM,2
207,20800,69.85877847671509,61923,61960.84,0,0.38,0.25,20,ONE_POINT,100,100,RANDOM,2
208,20900,70.22142291069031,61708,61720.93,0,0.38,0.25,20,ONE_POINT,100,100,RANDOM,2
209,21000,70.55354070663452,61465,61482.13,0,0.38,0.25,20,ONE_POINT,100,100,RANDOM,2
210,21100,70.86439418792725,61331,61339.04,0,0.38,0.25,20,ONE_POINT,100,100,RANDOM,2
211,21200,71.193190574646,61177,61198.4,0,0.38,0.25,20,ONE_POINT,100,100,RANDOM,2
212,21300,71.52880048751831,61096,61120.33,0,0.38,0.25,20,ONE_POINT,100,100,RANDOM,2
213,21400,71.83798456192017,60962,60983.81,0,0.38,0.25,20,ONE_POINT,100,100,RANDOM,2
214,21500,72.15696668624878,60803,60839.6,0,0.38,0.25,20,ONE_POINT,100,100,RANDOM,2
215,21600,72.48386359214783,60450,60476.46,0,0.38,0.25,20,ONE_POINT,100,100,RANDOM,2
216,21700,72.85904169082642,60255,60322.88,0,0.38,0.25,20,ONE_POINT,100,100,RANDOM,2
217,21800,73.18064045906067,60179,60199.73,0,0.38,0.25,20,ONE_POINT,100,100,RANDOM,2
218,21900,73.53103494644165,60072,60081.88,0,0.38,0.25,20,ONE_POINT,100,100,RANDOM,2
219,22000,73.8663923740387,59825,59837.22,0,0.38,0.25,20,ONE_POINT,100,100,RANDOM,2
220,22100,74.22650718688965,59473,59497.66,0,0.38,0.25,20,ONE_POINT,100,100,RANDOM,2
221,22200,74.5457968711853,59403,59413.37,0,0.38,0.25,20,ONE_POINT,100,100,RANDOM,2
222,22300,74.90951442718506,59298,59305.12,0,0.38,0.25,20,ONE_POINT,100,100,RANDOM,2
223,22400,75.25131726264954,59199,59208.9,0,0.38,0.25,20,ONE_POINT,100,100,RANDOM,2
224,22500,75.5973470211029,59095,59119.78,0,0.38,0.25,20,ONE_POINT,100,100,RANDOM,2
225,22600,75.92096734046936,58960,58968.1,0,0.38,0.25,20,ONE_POINT,100,100,RANDOM,2
226,22700,76.27618598937988,58802,58821.2,0,0.38,0.25,20,ONE_POINT,100,100,RANDOM,2
227,22800,76.60564970970154,58739,58745.91,0,0.38,0.25,20,ONE_POINT,100,100,RANDOM,2
228,22900,76.98066782951355,58529,58541.63,0,0.38,0.25,20,ONE_POINT,100,100,RANDOM,2
229,23000,77.3046064376831,58457,58469.33,0,0.38,0.25,20,ONE_POINT,100,100,RANDOM,2
230,23100,77.62952280044556,58312,58322.19,0,0.38,0.25,20,ONE_POINT,100,100,RANDOM,2
231,23200,77.97295594215393,58155,58180.74,0,0.38,0.25,20,ONE_POINT,100,100,RANDOM,2
232,23300,78.3108115196228,58042,58052.36,0,0.38,0.25,20,ONE_POINT,100,100,RANDOM,2
233,23400,78.66817474365234,57771,57784.53,0,0.38,0.25,20,ONE_POINT,100,100,RANDOM,2
234,23500,78.99778318405151,57556,57568.89,0,0.38,0.25,20,ONE_POINT,100,100,RANDOM,2
235,23600,79.35298156738281,57482,57492.27,0,0.38,0.25,20,ONE_POINT,100,100,RANDOM,2
236,23700,79.65817427635193,57384,57391.48,0,0.38,0.25,20,ONE_POINT,100,100,RANDOM,2
237,23800,80.02420663833618,57243,57253.55,0,0.38,0.25,20,ONE_POINT,100,100,RANDOM,2
238,23900,80.3321373462677,57113,57119.88,0,0.38,0.25,20,ONE_POINT,100,100,RANDOM,2
239,24000,80.6751503944397,56950,56968.35,0,0.38,0.25,20,ONE_POINT,100,100,RANDOM,2
240,24100,81.02493619918823,56752,56764.29,0,0.38,0.25,20,ONE_POINT,100,100,RANDOM,2
241,24200,81.38040089607239,56647,56665.87,0,0.38,0.25,20,ONE_POINT,100,100,RANDOM,2
242,24300,81.72088384628296,56531,56593.9,0,0.38,0.25,20,ONE_POINT,100,100,RANDOM,2
243,24400,82.08699154853821,56491,56497.21,0,0.38,0.25,20,ONE_POINT,100,100,RANDOM,2
244,24500,82.4351019859314,56319,56351.82,0,0.38,0.25,20,ONE_POINT,100,100,RANDOM,2
245,24600,82.77506422996521,56230,56248.45,0,0.38,0.25,20,ONE_POINT,100,100,RANDOM,2
246,24700,83.13596963882446,56097,56110.79,0,0.38,0.25,20,ONE_POINT,100,100,RANDOM,2
247,24800,83.47828769683838,55968,55979.77,0,0.38,0.25,20,ONE_POINT,100,100,RANDOM,2
248,24900,83.81066370010376,55713,55731.58,0,0.38,0.25,20,ONE_POINT,100,100,RANDOM,2
249,25000,84.16635918617249,55577,55589.13,0,0.38,0.25,20,ONE_POINT,100,100,RANDOM,2
250,25100,84.50215315818787,55527,55539.11,0,0.38,0.25,20,ONE_POINT,100,100,RANDOM,2
251,25200,84.80314135551453,55424,55431.81,0,0.38,0.25,20,ONE_POINT,100,100,RANDOM,2
252,25300,85.14302635192871,55348,55356.99,0,0.38,0.25,20,ONE_POINT,100,100,RANDOM,2
253,25400,85.48029017448425,55204,55238.56,0,0.38,0.25,20,ONE_POINT,100,100,RANDOM,2
254,25500,85.85053443908691,55104,55112.42,0,0.38,0.25,20,ONE_POINT,100,100,RANDOM,2
255,25600,86.19507956504822,54914,54931.91,0,0.38,0.25,20,ONE_POINT,100,100,RANDOM,2
256,25700,86.50157642364502,54605,54620.19,0,0.38,0.25,20,ONE_POINT,100,100,RANDOM,2
257,25800,86.8413496017456,54460,54471.71,0,0.38,0.25,20,ONE_POINT,100,100,RANDOM,2
258,25900,87.15675020217896,54409,54418.32,0,0.38,0.25,20,ONE_POINT,100,100,RANDOM,2
259,26000,87.5043272972107,54311,54379.78,0,0.38,0.25,20,ONE_POINT,100,100,RANDOM,2
260,26100,87.85076975822449,54203,54253.84,0,0.38,0.25,20,ONE_POINT,100,100,RANDOM,2
261,26200,88.20723724365234,54047,54073.98,0,0.38,0.25,20,ONE_POINT,100,100,RANDOM,2
262,26300,88.54436945915222,53915,53925.56,0,0.38,0.25,20,ONE_POINT,100,100,RANDOM,2
263,26400,88.89250493049622,53842,53861.09,0,0.38,0.25,20,ONE_POINT,100,100,RANDOM,2
264,26500,89.22072958946228,53728,53738.47,0,0.38,0.25,20,ONE_POINT,100,100,RANDOM,2
265,26600,89.56942200660706,53606,53620.74,0,0.38,0.25,20,ONE_POINT,100,100,RANDOM,2
266,26700,89.92182564735413,53538,53544.76,0,0.38,0.25,20,ONE_POINT,100,100,RANDOM,2
267,26800,90.27392792701721,53439,53504.21,0,0.38,0.25,20,ONE_POINT,100,100,RANDOM,2
268,26900,90.58043766021729,53354,53372.2,0,0.38,0.25,20,ONE_POINT,100,100,RANDOM,2
269,27000,90.89320373535156,53287,53292.52,0,0.38,0.25,20,ONE_POINT,100,100,RANDOM,2
270,27100,91.19415402412415,53209,53225.14,0,0.38,0.25,20,ONE_POINT,100,100,RANDOM,2
271,27200,91.5350546836853,53133,53141.76,0,0.38,0.25,20,ONE_POINT,100,100,RANDOM,2
272,27300,91.91624736785889,53046,53055.91,0,0.38,0.25,20,ONE_POINT,100,100,RANDOM,2
273,27400,92.23805737495422,52990,52995.16,0,0.38,0.25,20,ONE_POINT,100,100,RANDOM,2
274,27500,92.57459044456482,52860,52870.1,0,0.38,0.25,20,ONE_POINT,100,100,RANDOM,2
275,27600,92.89262819290161,52701,52711.46,0,0.38,0.25,20,ONE_POINT,100,100,RANDOM,2
276,27700,93.1980791091919,52618,52626.29,0,0.38,0.25,20,ONE_POINT,100,100,RANDOM,2
277,27800,93.54908442497253,52561,52567.28,0,0.38,0.25,20,ONE_POINT,100,100,RANDOM,2
278,27900,93.86005187034607,52494,52499.36,0,0.38,0.25,20,ONE_POINT,100,100,RANDOM,2
279,28000,94.21568465232849,52412,52423.24,0,0.38,0.25,20,ONE_POINT,100,100,RANDOM,2
280,28100,94.5312442779541,52312,52352.29,0,0.38,0.25,20,ONE_POINT,100,100,RANDOM,2
281,28200,94.8993968963623,52232,52245.97,0,0.38,0.25,20,ONE_POINT,100,100,RANDOM,2
282,28300,95.24006962776184,52075,52097.27,0,0.38,0.25,20,ONE_POINT,100,100,RANDOM,2
283,28400,95.57820987701416,51830,51847.58,0,0.38,0.25,20,ONE_POINT,100,100,RANDOM,2
284,28500,95.93038439750671,51771,51781.75,0,0.38,0.25,20,ONE_POINT,100,100,RANDOM,2
285,28600,96.26909351348877,51693,51719.49,0,0.38,0.25,20,ONE_POINT,100,100,RANDOM,2
286,28700,96.57332229614258,51573,51591.2,0,0.38,0.25,20,ONE_POINT,100,100,RANDOM,2
287,28800,96.87950325012207,51520,51526.04,0,0.38,0.25,20,ONE_POINT,100,100,RANDOM,2
288,28900,97.20804858207703,51341,51351.74,0,0.38,0.25,20,ONE_POINT,100,100,RANDOM,2
289,29000,97.5619809627533,51221,51243.06,0,0.38,0.25,20,ONE_POINT,100,100,RANDOM,2
290,29100,97.91617774963379,51133,51165.25,0,0.38,0.25,20,ONE_POINT,100,100,RANDOM,2
291,29200,98.27381610870361,51073,51080.98,0,0.38,0.25,20,ONE_POINT,100,100,RANDOM,2
292,29300,98.59733414649963,51021,51039.82,0,0.38,0.25,20,ONE_POINT,100,100,RANDOM,2
293,29400,98.92605829238892,50964,50971.24,0,0.38,0.25,20,ONE_POINT,100,100,RANDOM,2
294,29500,99.24701714515686,50800,50814.01,0,0.38,0.25,20,ONE_POINT,100,100,RANDOM,2
295,29600,99.54940915107727,50727,50736.8,0,0.38,0.25,20,ONE_POINT,100,100,RANDOM,2
296,29700,99.89579486846924,50612,50717.47,0,0.38,0.25,20,ONE_POINT,100,100,RANDOM,2
297,29800,100.23352813720703,50521,50538.61,0,0.38,0.25,20,ONE_POINT,100,100,RANDOM,2
298,29900,100.56834268569946,50446,50455.28,0,0.38,0.25,20,ONE_POINT,100,100,RANDOM,2
299,30000,100.87363862991333,50389,50393.56,0,0.38,0.25,20,ONE_POINT,100,100,RANDOM,2
300,30100,101.20771288871765,50307,50317.33,0,0.38,0.25,20,ONE_POINT,100,100,RANDOM,2
301,30200,101.55124282836914,50150,50170.67,0,0.38,0.25,20,ONE_POINT,100,100,RANDOM,2
302,30300,101.90149641036987,50019,50030.33,0,0.38,0.25,20,ONE_POINT,100,100,RANDOM,2
303,30400,102.25581955909729,49908,49918.9,0,0.38,0.25,20,ONE_POINT,100,100,RANDOM,2
304,30500,102.66675615310669,49694,49828.45,0,0.38,0.25,20,ONE_POINT,100,100,RANDOM,2
305,30600,103.06952595710754,49632,49638.2,0,0.38,0.25,20,ONE_POINT,100,100,RANDOM,2
306,30700,103.42645359039307,49555,49568.38,0,0.38,0.25,20,ONE_POINT,100,100,RANDOM,2
307,30800,103.77630257606506,49372,49388.7,0,0.38,0.25,20,ONE_POINT,100,100,RANDOM,2
308,30900,104.11071348190308,49260,49275.35,0,0.38,0.25,20,ONE_POINT,100,100,RANDOM,2
309,31000,104.4434118270874,49217,49222.49,0,0.38,0.25,20,ONE_POINT,100,100,RANDOM,2
310,31100,104.77374005317688,49104,49118.69,0,0.38,0.25,20,ONE_POINT,100,100,RANDOM,2
311,31200,105.08445191383362,49019,49027.77,0,0.38,0.25,20,ONE_POINT,100,100,RANDOM,2
312,31300,105.42041444778442,48981,48985.12,0,0.38,0.25,20,ONE_POINT,100,100,RANDOM,2
313,31400,105.72572422027588,48865,48900.21,0,0.38,0.25,20,ONE_POINT,100,100,RANDOM,2
314,31500,106.0638518333435,48688,48701.01,0,0.38,0.25,20,ONE_POINT,100,100,RANDOM,2
315,31600,106.39198422431946,48512,48522.56,0,0.38,0.25,20,ONE_POINT,100,100,RANDOM,2
316,31700,106.6995759010315,48426,48432.56,0,0.38,0.25,20,ONE_POINT,100,100,RANDOM,2
317,31800,107.02134609222412,48277,48343.41,0,0.38,0.25,20,ONE_POINT,100,100,RANDOM,2
318,31900,107.34614133834839,48152,48162.45,0,0.38,0.25,20,ONE_POINT,100,100,RANDOM,2
319,32000,107.6990818977356,48063,48069.62,0,0.38,0.25,20,ONE_POINT,100,100,RANDOM,2
320,32100,108.02533912658691,48005,48036.66,0,0.38,0.25,20,ONE_POINT,100,100,RANDOM,2
321,32200,108.3593180179596,47955,47964.66,0,0.38,0.25,20,ONE_POINT,100,100,RANDOM,2
322,32300,108.70522046089172,47900,47906.57,0,0.38,0.25,20,ONE_POINT,100,100,RANDOM,2
323,32400,109.01284003257751,47825,47831.98,0,0.38,0.25,20,ONE_POINT,100,100,RANDOM,2
324,32500,109.35154175758362,47810,47812.0,0,0.38,0.25,20,ONE_POINT,100,100,RANDOM,2
325,32600,109.68493294715881,47736,47749.43,0,0.38,0.25,20,ONE_POINT,100,100,RANDOM,2
326,32700,110.04666495323181,47703,47751.13,0,0.38,0.25,20,ONE_POINT,100,100,RANDOM,2
327,32800,110.43023610115051,47663,47667.33,0,0.38,0.25,20,ONE_POINT,100,100,RANDOM,2
328,32900,110.76816272735596,47528,47543.47,0,0.38,0.25,20,ONE_POINT,100,100,RANDOM,2
329,33000,111.09480357170105,47375,47384.18,0,0.38,0.25,20,ONE_POINT,100,100,RANDOM,2
330,33100,111.39659690856934,47316,47404.87,0,0.38,0.25,20,ONE_POINT,100,100,RANDOM,2
331,33200,111.7002968788147,47210,47229.38,0,0.38,0.25,20,ONE_POINT,100,100,RANDOM,2
332,33300,112.04162573814392,47115,47134.31,0,0.38,0.25,20,ONE_POINT,100,100,RANDOM,2
333,33400,112.3827006816864,47053,47064.17,0,0.38,0.25,20,ONE_POINT,100,100,RANDOM,2
334,33500,112.72752618789673,47015,47022.9,0,0.38,0.25,20,ONE_POINT,100,100,RANDOM,2
335,33600,113.0536892414093,46856,46872.93,0,0.38,0.25,20,ONE_POINT,100,100,RANDOM,2
336,33700,113.3904869556427,46741,46795.88,0,0.38,0.25,20,ONE_POINT,100,100,RANDOM,2
337,33800,113.71600341796875,46654,46673.61,0,0.38,0.25,20,ONE_POINT,100,100,RANDOM,2
338,33900,114.04998111724854,46583,46589.26,0,0.38,0.25,20,ONE_POINT,100,100,RANDOM,2
339,34000,114.3767340183258,46464,46476.17,0,0.38,0.25,20,ONE_POINT,100,100,RANDOM,2
340,34100,114.71557641029358,46418,46440.43,0,0.38,0.25,20,ONE_POINT,100,100,RANDOM,2
341,34200,115.07408499717712,46320,46328.9,0,0.38,0.25,20,ONE_POINT,100,100,RANDOM,2
342,34300,115.40910291671753,46265,46287.57,0,0.38,0.25,20,ONE_POINT,100,100,RANDOM,2
343,34400,115.74546480178833,46191,46205.06,0,0.38,0.25,20,ONE_POINT,100,100,RANDOM,2
344,34500,116.09983825683594,46120,46186.98,0,0.38,0.25,20,ONE_POINT,100,100,RANDOM,2
345,34600,116.40267658233643,46098,46114.61,0,0.38,0.25,20,ONE_POINT,100,100,RANDOM,2
346,34700,116.77620530128479,46025,46039.97,0,0.38,0.25,20,ONE_POINT,100,100,RANDOM,2
347,34800,117.10384798049927,45980,45986.63,0,0.38,0.25,20,ONE_POINT,100,100,RANDOM,2
348,34900,117.44300174713135,45951,45955.0,0,0.38,0.25,20,ONE_POINT,100,100,RANDOM,2
349,35000,117.7546899318695,45853,45868.32,0,0.38,0.25,20,ONE_POINT,100,100,RANDOM,2
350,35100,118.11611533164978,45792,45808.71,0,0.38,0.25,20,ONE_POINT,100,100,RANDOM,2
351,35200,118.42098474502563,45691,45700.29,0,0.38,0.25,20,ONE_POINT,100,100,RANDOM,2
352,35300,118.7322051525116,45574,45585.38,0,0.38,0.25,20,ONE_POINT,100,100,RANDOM,2
353,35400,119.07907128334045,45499,45504.54,0,0.38,0.25,20,ONE_POINT,100,100,RANDOM,2
354,35500,119.41672325134277,45437,45443.31,0,0.38,0.25,20,ONE_POINT,100,100,RANDOM,2
355,35600,119.76880955696106,45397,45401.47,0,0.38,0.25,20,ONE_POINT,100,100,RANDOM,2
356,35700,120.10256910324097,45368,45375.49,0,0.38,0.25,20,ONE_POINT,100,100,RANDOM,2
357,35800,120.42604184150696,45312,45322.14,0,0.38,0.25,20,ONE_POINT,100,100,RANDOM,2
358,35900,120.76504158973694,45229,45252.8,0,0.38,0.25,20,ONE_POINT,100,100,RANDOM,2
359,36000,121.11591243743896,45193,45208.42,0,0.38,0.25,20,ONE_POINT,100,100,RANDOM,2
360,36100,121.4583477973938,45091,45124.5,0,0.38,0.25,20,ONE_POINT,100,100,RANDOM,2
361,36200,121.77865505218506,45037,45052.27,0,0.38,0.25,20,ONE_POINT,100,100,RANDOM,2
362,36300,122.11902832984924,44945,44969.49,0,0.38,0.25,20,ONE_POINT,100,100,RANDOM,2
363,36400,122.45128345489502,44859,44867.23,0,0.38,0.25,20,ONE_POINT,100,100,RANDOM,2
364,36500,122.75170660018921,44843,44848.12,0,0.38,0.25,20,ONE_POINT,100,100,RANDOM,2
365,36600,123.08306455612183,44766,44772.98,0,0.38,0.25,20,ONE_POINT,100,100,RANDOM,2
366,36700,123.44061207771301,44736,44741.45,0,0.38,0.25,20,ONE_POINT,100,100,RANDOM,2
367,36800,123.7792010307312,44685,44725.11,0,0.38,0.25,20,ONE_POINT,100,100,RANDOM,2
368,36900,124.12381339073181,44601,44607.83,0,0.38,0.25,20,ONE_POINT,100,100,RANDOM,2
369,37000,124.47266840934753,44488,44509.61,0,0.38,0.25,20,ONE_POINT,100,100,RANDOM,2
370,37100,124.80972003936768,44391,44402.78,0,0.38,0.25,20,ONE_POINT,100,100,RANDOM,2
371,37200,125.11797261238098,44371,44375.24,0,0.38,0.25,20,ONE_POINT,100,100,RANDOM,2
372,37300,125.46499824523926,44322,44325.68,0,0.38,0.25,20,ONE_POINT,100,100,RANDOM,2
373,37400,125.80499219894409,44250,44291.52,0,0.38,0.25,20,ONE_POINT,100,100,RANDOM,2
374,37500,126.16535902023315,44065,44088.55,0,0.38,0.25,20,ONE_POINT,100,100,RANDOM,2
375,37600,126.5218014717102,43929,43938.06,0,0.38,0.25,20,ONE_POINT,100,100,RANDOM,2
376,37700,126.83188247680664,43868,43893.26,0,0.38,0.25,20,ONE_POINT,100,100,RANDOM,2
377,37800,127.17317914962769,43835,43838.88,0,0.38,0.25,20,ONE_POINT,100,100,RANDOM,2
378,37900,127.50116062164307,43774,43787.93,0,0.38,0.25,20,ONE_POINT,100,100,RANDOM,2
379,38000,127.86923456192017,43717,43723.62,0,0.38,0.25,20,ONE_POINT,100,100,RANDOM,2
380,38100,128.21130871772766,43696,43700.09,0,0.38,0.25,20,ONE_POINT,100,100,RANDOM,2
381,38200,128.53292775154114,43610,43625.44,0,0.38,0.25,20,ONE_POINT,100,100,RANDOM,2
382,38300,128.8767385482788,43568,43623.66,0,0.38,0.25,20,ONE_POINT,100,100,RANDOM,2
383,38400,129.19113326072693,43514,43519.98,0,0.38,0.25,20,ONE_POINT,100,100,RANDOM,2
384,38500,129.49587082862854,43490,43497.65,0,0.38,0.25,20,ONE_POINT,100,100,RANDOM,2
385,38600,129.8266658782959,43436,43498.48,0,0.38,0.25,20,ONE_POINT,100,100,RANDOM,2
386,38700,130.18661284446716,43371,43376.63,0,0.38,0.25,20,ONE_POINT,100,100,RANDOM,2
387,38800,130.4906919002533,43205,43216.62,0,0.38,0.25,20,ONE_POINT,100,100,RANDOM,2
388,38900,130.85098719596863,43141,43147.3,0,0.38,0.25,20,ONE_POINT,100,100,RANDOM,2
389,39000,131.16349005699158,43102,43111.66,0,0.38,0.25,20,ONE_POINT,100,100,RANDOM,2
390,39100,131.5216841697693,43051,43057.9,0,0.38,0.25,20,ONE_POINT,100,100,RANDOM,2
391,39200,131.87503695487976,42916,42927.94,0,0.38,0.25,20,ONE_POINT,100,100,RANDOM,2
392,39300,132.24432587623596,42829,42835.91,0,0.38,0.25,20,ONE_POINT,100,100,RANDOM,2
393,39400,132.57751846313477,42740,42747.98,0,0.38,0.25,20,ONE_POINT,100,100,RANDOM,2
394,39500,132.89902234077454,42697,42714.52,0,0.38,0.25,20,ONE_POINT,100,100,RANDOM,2
395,39600,133.20768690109253,42666,42681.04,0,0.38,0.25,20,ONE_POINT,100,100,RANDOM,2
396,39700,133.54674077033997,42575,42582.44,0,0.38,0.25,20,ONE_POINT,100,100,RANDOM,2
397,39800,133.86614656448364,42537,42559.96,0,0.38,0.25,20,ONE_POINT,100,100,RANDOM,2
398,39900,134.23002910614014,42489,42495.28,0,0.38,0.25,20,ONE_POINT,100,100,RANDOM,2
399,40000,134.57779669761658,42413,42485.06,0,0.38,0.25,20,ONE_POINT,100,100,RANDOM,2
400,40100,134.89710474014282,42262,42279.33,0,0.38,0.25,20,ONE_POINT,100,100,RANDOM,2
401,40200,135.23393774032593,42207,42218.84,0,0.38,0.25,20,ONE_POINT,100,100,RANDOM,2
402,40300,135.53787565231323,42171,42193.44,0,0.38,0.25,20,ONE_POINT,100,100,RANDOM,2
403,40400,135.93792057037354,42145,42174.99,0,0.38,0.25,20,ONE_POINT,100,100,RANDOM,2
404,40500,136.3130340576172,42087,42100.16,0,0.38,0.25,20,ONE_POINT,100,100,RANDOM,2
405,40600,136.6552119255066,42061,42065.46,0,0.38,0.25,20,ONE_POINT,100,100,RANDOM,2
406,40700,137.00984525680542,42006,42023.16,0,0.38,0.25,20,ONE_POINT,100,100,RANDOM,2
407,40800,137.32530856132507,41957,41973.86,0,0.38,0.25,20,ONE_POINT,100,100,RANDOM,2
408,40900,137.6613953113556,41902,41912.08,0,0.38,0.25,20,ONE_POINT,100,100,RANDOM,2
409,41000,137.97627902030945,41870,41891.27,0,0.38,0.25,20,ONE_POINT,100,100,RANDOM,2
410,41100,138.27941870689392,41801,41844.23,0,0.38,0.25,20,ONE_POINT,100,100,RANDOM,2
411,41200,138.61777472496033,41709,41728.81,0,0.38,0.25,20,ONE_POINT,100,100,RANDOM,2
412,41300,138.9362392425537,41654,41663.33,0,0.38,0.25,20,ONE_POINT,100,100,RANDOM,2
413,41400,139.2855658531189,41613,41636.55,0,0.38,0.25,20,ONE_POINT,100,100,RANDOM,2
414,41500,139.66047954559326,41594,41602.69,0,0.38,0.25,20,ONE_POINT,100,100,RANDOM,2
415,41600,139.97118878364563,41542,41548.49,0,0.38,0.25,20,ONE_POINT,100,100,RANDOM,2
416,41700,140.29020142555237,41513,41520.43,0,0.38,0.25,20,ONE_POINT,100,100,RANDOM,2
417,41800,140.60500478744507,41466,41471.39,0,0.38,0.25,20,ONE_POINT,100,100,RANDOM,2
418,41900,140.94466972351074,41452,41458.01,0,0.38,0.25,20,ONE_POINT,100,100,RANDOM,2
419,42000,141.27487802505493,41426,41432.83,0,0.38,0.25,20,ONE_POINT,100,100,RANDOM,2
420,42100,141.6301076412201,41383,41388.75,0,0.38,0.25,20,ONE_POINT,100,100,RANDOM,2
421,42200,141.98035073280334,41295,41306.18,0,0.38,0.25,20,ONE_POINT,100,100,RANDOM,2
422,42300,142.29095911979675,41236,41249.32,0,0.38,0.25,20,ONE_POINT,100,100,RANDOM,2
423,42400,142.6178650856018,41180,41193.23,0,0.38,0.25,20,ONE_POINT,100,100,RANDOM,2
424,42500,142.97468304634094,41129,41139.76,0,0.38,0.25,20,ONE_POINT,100,100,RANDOM,2
425,42600,143.29131984710693,41071,41100.01,0,0.38,0.25,20,ONE_POINT,100,100,RANDOM,2
426,42700,143.67569184303284,41019,41030.56,0,0.38,0.25,20,ONE_POINT,100,100,RANDOM,2
427,42800,143.99725484848022,40956,40969.26,0,0.38,0.25,20,ONE_POINT,100,100,RANDOM,2
428,42900,144.35223412513733,40947,40953.26,0,0.38,0.25,20,ONE_POINT,100,100,RANDOM,2
429,43000,144.69196701049805,40938,40942.53,0,0.38,0.25,20,ONE_POINT,100,100,RANDOM,2
430,43100,145.02501368522644,40877,40888.6,0,0.38,0.25,20,ONE_POINT,100,100,RANDOM,2
431,43200,145.32933592796326,40833,40841.69,0,0.38,0.25,20,ONE_POINT,100,100,RANDOM,2
432,43300,145.64596915245056,40774,40784.3,0,0.38,0.25,20,ONE_POINT,100,100,RANDOM,2
433,43400,146.00554203987122,40731,40747.45,0,0.38,0.25,20,ONE_POINT,100,100,RANDOM,2
434,43500,146.31424617767334,40686,40699.26,0,0.38,0.25,20,ONE_POINT,100,100,RANDOM,2
435,43600,146.639506816864,40653,40658.98,0,0.38,0.25,20,ONE_POINT,100,100,RANDOM,2
436,43700,146.9770429134369,40628,40631.53,0,0.38,0.25,20,ONE_POINT,100,100,RANDOM,2
437,43800,147.29160046577454,40572,40626.19,0,0.38,0.25,20,ONE_POINT,100,100,RANDOM,2
438,43900,147.6316466331482,40495,40503.95,0,0.38,0.25,20,ONE_POINT,100,100,RANDOM,2
439,44000,147.97602915763855,40469,40498.78,0,0.38,0.25,20,ONE_POINT,100,100,RANDOM,2
440,44100,148.28273367881775,40438,40488.32,0,0.38,0.25,20,ONE_POINT,100,100,RANDOM,2
441,44200,148.6298291683197,40413,40424.83,0,0.38,0.25,20,ONE_POINT,100,100,RANDOM,2
442,44300,148.93515062332153,40392,40416.54,0,0.38,0.25,20,ONE_POINT,100,100,RANDOM,2
443,44400,149.27485466003418,40352,40356.61,0,0.38,0.25,20,ONE_POINT,100,100,RANDOM,2
444,44500,149.60481452941895,40330,40333.29,0,0.38,0.25,20,ONE_POINT,100,100,RANDOM,2
445,44600,149.97141027450562,40295,40299.17,0,0.38,0.25,20,ONE_POINT,100,100,RANDOM,2
446,44700,150.32048988342285,40256,40260.69,0,0.38,0.25,20,ONE_POINT,100,100,RANDOM,2
447,44800,150.6726233959198,40198,40205.78,0,0.38,0.25,20,ONE_POINT,100,100,RANDOM,2
448,44900,151.03245735168457,40144,40150.32,0,0.38,0.25,20,ONE_POINT,100,100,RANDOM,2
449,45000,151.34680128097534,40081,40087.84,0,0.38,0.25,20,ONE_POINT,100,100,RANDOM,2
450,45100,151.65363574028015,40036,40047.6,0,0.38,0.25,20,ONE_POINT,100,100,RANDOM,2
451,45200,151.9868803024292,40005,40014.38,0,0.38,0.25,20,ONE_POINT,100,100,RANDOM,2
452,45300,152.29345726966858,39980,39985.75,0,0.38,0.25,20,ONE_POINT,100,100,RANDOM,2
453,45400,152.62451457977295,39930,39978.09,0,0.38,0.25,20,ONE_POINT,100,100,RANDOM,2
454,45500,152.9632773399353,39915,39919.32,0,0.38,0.25,20,ONE_POINT,100,100,RANDOM,2
455,45600,153.30148601531982,39894,39897.93,0,0.38,0.25,20,ONE_POINT,100,100,RANDOM,2
456,45700,153.61057877540588,39858,39863.78,0,0.38,0.25,20,ONE_POINT,100,100,RANDOM,2
457,45800,153.95235919952393,39811,39821.34,0,0.38,0.25,20,ONE_POINT,100,100,RANDOM,2
458,45900,154.30350828170776,39769,39818.45,0,0.38,0.25,20,ONE_POINT,100,100,RANDOM,2
459,46000,154.6278715133667,39725,39781.29,0,0.38,0.25,20,ONE_POINT,100,100,RANDOM,2
460,46100,154.939218044281,39707,39717.34,0,0.38,0.25,20,ONE_POINT,100,100,RANDOM,2
461,46200,155.27220129966736,39663,39670.45,0,0.38,0.25,20,ONE_POINT,100,100,RANDOM,2
462,46300,155.61885738372803,39616,39623.17,0,0.38,0.25,20,ONE_POINT,100,100,RANDOM,2
463,46400,155.9703335762024,39568,39575.96,0,0.38,0.25,20,ONE_POINT,100,100,RANDOM,2
464,46500,156.28999018669128,39520,39526.37,0,0.38,0.25,20,ONE_POINT,100,100,RANDOM,2
465,46600,156.62446069717407,39495,39498.78,0,0.38,0.25,20,ONE_POINT,100,100,RANDOM,2
466,46700,156.99721240997314,39400,39417.23,0,0.38,0.25,20,ONE_POINT,100,100,RANDOM,2
467,46800,157.32082748413086,39336,39377.76,0,0.38,0.25,20,ONE_POINT,100,100,RANDOM,2
468,46900,157.64963245391846,39302,39305.63,0,0.38,0.25,20,ONE_POINT,100,100,RANDOM,2
469,47000,157.98860502243042,39246,39255.53,0,0.38,0.25,20,ONE_POINT,100,100,RANDOM,2
470,47100,158.32351875305176,39242,39353.1,0,0.38,0.25,20,ONE_POINT,100,100,RANDOM,2
471,47200,158.64453959465027,39212,39216.75,0,0.38,0.25,20,ONE_POINT,100,100,RANDOM,2
472,47300,158.95192885398865,39186,39190.25,0,0.38,0.25,20,ONE_POINT,100,100,RANDOM,2
473,47400,159.29221963882446,39160,39164.27,0,0.38,0.25,20,ONE_POINT,100,100,RANDOM,2
474,47500,159.623188495636,39145,39153.48,0,0.38,0.25,20,ONE_POINT,100,100,RANDOM,2
475,47600,159.97851419448853,39127,39130.07,0,0.38,0.25,20,ONE_POINT,100,100,RANDOM,2
476,47700,160.32824754714966,39091,39099.51,0,0.38,0.25,20,ONE_POINT,100,100,RANDOM,2
477,47800,160.67785215377808,39070,39175.59,0,0.38,0.25,20,ONE_POINT,100,100,RANDOM,2
478,47900,161.00851225852966,39041,39045.11,0,0.38,0.25,20,ONE_POINT,100,100,RANDOM,2
479,48000,161.3570511341095,38999,39007.68,0,0.38,0.25,20,ONE_POINT,100,100,RANDOM,2
480,48100,161.6788432598114,38974,38978.46,0,0.38,0.25,20,ONE_POINT,100,100,RANDOM,2
481,48200,162.00090551376343,38959,38963.04,0,0.38,0.25,20,ONE_POINT,100,100,RANDOM,2
482,48300,162.36140275001526,38915,38920.34,0,0.38,0.25,20,ONE_POINT,100,100,RANDOM,2
483,48400,162.68790936470032,38880,38885.08,0,0.38,0.25,20,ONE_POINT,100,100,RANDOM,2
484,48500,163.00152206420898,38852,38962.9,0,0.38,0.25,20,ONE_POINT,100,100,RANDOM,2
485,48600,163.35214710235596,38831,38841.42,0,0.38,0.25,20,ONE_POINT,100,100,RANDOM,2
486,48700,163.68367981910706,38789,38798.88,0,0.38,0.25,20,ONE_POINT,100,100,RANDOM,2
487,48800,164.0207495689392,38767,38770.94,0,0.38,0.25,20,ONE_POINT,100,100,RANDOM,2
488,48900,164.35829520225525,38740,38742.77,0,0.38,0.25,20,ONE_POINT,100,100,RANDOM,2
489,49000,164.6924352645874,38715,38718.61,0,0.38,0.25,20,ONE_POINT,100,100,RANDOM,2
490,49100,165.01599884033203,38702,38709.55,0,0.38,0.25,20,ONE_POINT,100,100,RANDOM,2
491,49200,165.4111728668213,38671,38677.06,0,0.38,0.25,20,ONE_POINT,100,100,RANDOM,2
492,49300,165.77231860160828,38636,38640.46,0,0.38,0.25,20,ONE_POINT,100,100,RANDOM,2
493,49400,166.0980589389801,38604,38608.98,0,0.38,0.25,20,ONE_POINT,100,100,RANDOM,2
494,49500,166.44669008255005,38560,38574.15,0,0.38,0.25,20,ONE_POINT,100,100,RANDOM,2
495,49600,166.77065229415894,38496,38507.88,0,0.38,0.25,20,ONE_POINT,100,100,RANDOM,2
496,49700,167.12603569030762,38450,38455.21,0,0.38,0.25,20,ONE_POINT,100,100,RANDOM,2
497,49800,167.466210603714,38433,38440.85,0,0.38,0.25,20,ONE_POINT,100,100,RANDOM,2
498,49900,167.8149299621582,38405,38415.23,0,0.38,0.25,20,ONE_POINT,100,100,RANDOM,2
499,50000,168.14749360084534,38374,38383.61,0,0.38,0.25,20,ONE_POINT,100,100,RANDOM,2
500,50100,168.45132875442505,38353,38359.18,0,0.38,0.25,20,ONE_POINT,100,100,RANDOM,2
1,200,0.24583935737609863,136990,136486.87,0,0.38,0.25,20,ONE_POINT,100,100,RANDOM,3
2,300,0.596642255783081,133583,133658.48,0,0.38,0.25,20,ONE_POINT,100,100,RANDOM,3
3,400,0.9485034942626953,133028,133054.36,0,0.38,0.25,20,ONE_POINT,100,100,RANDOM,3
4,500,1.3833577632904053,131988,132008.8,0,0.38,0.25,20,ONE_POINT,100,100,RANDOM,3
5,600,1.7380292415618896,131409,131426.37,0,0.38,0.25,20,ONE_POINT,100,100,RANDOM,3
6,700,2.0620243549346924,130921,130939.82,0,0.38,0.25,20,ONE_POINT,100,100,RANDOM,3
7,800,2.3794472217559814,130414,130434.65,0,0.38,0.25,20,ONE_POINT,100,100,RANDOM,3
8,900,2.7053656578063965,129135,129160.83,0,0.38,0.25,20,ONE_POINT,100,100,RANDOM,3
9,1000,3.045886754989624,128863,128873.81,0,0.38,0.25,20,ONE_POINT,100,100,RANDOM,3
10,1100,3.3887882232666016,127189,127240.37,0,0.38,0.25,20,ONE_POINT,100,100,RANDOM,3
11,1200,3.7183499336242676,126213,126252.74,0,0.38,0.25,20,ONE_POINT,100,100,RANDOM,3
12,1300,4.042319059371948,125425,125457.66,0,0.38,0.25,20,ONE_POINT,100,100,RANDOM,3
13,1400,4.345108985900879,124708,124755.8,0,0.38,0.25,20,ONE_POINT,100,100,RANDOM,3
14,1500,4.662312269210815,123756,123793.96,0,0.38,0.25,20,ONE_POINT,100,100,RANDOM,3
15,1600,4.9704909324646,122584,122632.76,0,0.38,0.25,20,ONE_POINT,100,100,RANDOM,3
16,1700,5.28188419342041,122188,122216.03,0,0.38,0.25,20,ONE_POINT,100,100,RANDOM,3
17,1800,5.588146209716797,121620,121654.04,0,0.38,0.25,20,ONE_POINT,100,100,RANDOM,3
18,1900,5.92384147644043,121125,121229.33,0,0.38,0.25,20,ONE_POINT,100,100,RANDOM,3
19,2000,6.264251470565796,120688,120714.9,0,0.38,0.25,20,ONE_POINT,100,100,RANDOM,3
20,2100,6.608671426773071,119068,119238.2,0,0.38,0.25,20,ONE_POINT,100,100,RANDOM,3
21,2200,6.943654537200928,118806,118826.41,0,0.38,0.25,20,ONE_POINT,100,100,RANDOM,3
22,2300,7.270859241485596,117913,117949.39,0,0.38,0.25,20,ONE_POINT,100,100,RANDOM,3
23,2400,7.634034872055054,117463,117494.17,0,0.38,0.25,20,ONE_POINT,100,100,RANDOM,3
24,2500,7.995452642440796,116530,116571.8,0,0.38,0.25,20,ONE_POINT,100,100,RANDOM,3
25,2600,8.339748859405518,116148,116317.1,0,0.38,0.25,20,ONE_POINT,100,100,RANDOM,3
26,2700,8.666856288909912,115153,115226.85,0,0.38,0.25,20,ONE_POINT,100,100,RANDOM,3
27,2800,9.011374950408936,114532,114645.0,0,0.38,0.25,20,ONE_POINT,100,100,RANDOM,3
28,2900,9.366644144058228,114096,114124.12,0,0.38,0.25,20,ONE_POINT,100,100,RANDOM,3
29,3000,9.675894021987915,113576,113643.02,0,0.38,0.25,20,ONE_POINT,100,100,RANDOM,3
30,3100,10.031273365020752,112826,112963.75,0,0.38,0.25,20,ONE_POINT,100,100,RANDOM,3
31,3200,10.393491744995117,112438,112462.72,0,0.38,0.25,20,ONE_POINT,100,100,RANDOM,3
32,3300,10.744903326034546,112042,112068.15,0,0.38,0.25,20,ONE_POINT,100,100,RANDOM,3
33,3400,11.078501224517822,111560,111596.17,0,0.38,0.25,20,ONE_POINT,100,100,RANDOM,3
34,3500,11.390634059906006,111246,111282.63,0,0.38,0.25,20,ONE_POINT,100,100,RANDOM,3
35,3600,11.74865198135376,110945,111000.7,0,0.38,0.25,20,ONE_POINT,100,100,RANDOM,3
36,3700,12.109168767929077,110777,110828.9,0,0.38,0.25,20,ONE_POINT,100,100,RANDOM,3
37,3800,12.453746318817139,110414,110431.54,0,0.38,0.25,20,ONE_POINT,100,100,RANDOM,3
38,3900,12.75780987739563,109292,109336.88,0,0.38,0.25,20,ONE_POINT,100,100,RANDOM,3
39,4000,13.100335836410522,108723,108745.76,0,0.38,0.25,20,ONE_POINT,100,100,RANDOM,3
40,4100,13.408683776855469,108573,108583.5,0,0.38,0.25,20,ONE_POINT,100,100,RANDOM,3
41,4200,13.752561330795288,107952,108007.59,0,0.38,0.25,20,ONE_POINT,100,100,RANDOM,3
42,4300,14.069475650787354,107317,107343.46,0,0.38,0.25,20,ONE_POINT,100,100,RANDOM,3
43,4400,14.404496431350708,107178,107187.73,0,0.38,0.25,20,ONE_POINT,100,100,RANDOM,3
44,4500,14.755032300949097,106908,106924.21,0,0.38,0.25,20,ONE_POINT,100,100,RANDOM,3
45,4600,15.077903032302856,106504,106571.27,0,0.38,0.25,20,ONE_POINT,100,100,RANDOM,3
46,4700,15.438587427139282,106125,106150.56,0,0.38,0.25,20,ONE_POINT,100,100,RANDOM,3
47,4800,15.787074565887451,105477,105526.38,0,0.38,0.25,20,ONE_POINT,100,100,RANDOM,3
48,4900,16.134202003479004,105274,105285.93,0,0.38,0.25,20,ONE_POINT,100,100,RANDOM,3
49,5000,16.488105058670044,104970,104990.33,0,0.38,0.25,20,ONE_POINT,100,100,RANDOM,3
50,5100,16.793258905410767,104281,104317.82,0,0.38,0.25,20,ONE_POINT,100,100,RANDOM,3
51,5200,17.144683122634888,103832,103849.35,0,0.38,0.25,20,ONE_POINT,100,100,RANDOM,3
52,5300,17.509608507156372,102953,102978.33,0,0.38,0.25,20,ONE_POINT,100,100,RANDOM,3
53,5400,17.830137252807617,102403,102421.1,0,0.38,0.25,20,ONE_POINT,100,100,RANDOM,3
54,5500,18.175320863723755,102090,102137.49,0,0.38,0.25,20,ONE_POINT,100,100,RANDOM,3
55,5600,18.50575089454651,101691,101707.56,0,0.38,0.25,20,ONE_POINT,100,100,RANDOM,3
56,5700,18.842949151992798,101463,101474.13,0,0.38,0.25,20,ONE_POINT,100,100,RANDOM,3
57,5800,19.181360721588135,100984,101007.95,0,0.38,0.25,20,ONE_POINT,100,100,RANDOM,3
58,5900,19.551207065582275,100764,100791.39,0,0.38,0.25,20,ONE_POINT,100,100,RANDOM,3
59,6000,19.90149998664856,100353,100373.55,0,0.38,0.25,20,ONE_POINT,100,100,RANDOM,3
60,6100,20.212734699249268,100048,100063.06,0,0.38,0.25,20,ONE_POINT,100,100,RANDOM,3
61,6200,20.551817178726196,99684,99706.73,0,0.38,0.25,20,ONE_POINT,100,100,RANDOM,3
62,6300,20.921070337295532,99365,99418.05,0,0.38,0.25,20,ONE_POINT,100,100,RANDOM,3
63,6400,21.249027729034424,98568,98599.88,0,0.38,0.25,20,ONE_POINT,100,100,RANDOM,3
64,6500,21.583663940429688,98159,98217.23,0,0.38,0.25,20,ONE_POINT,100,100,RANDOM,3
65,6600,21.940059661865234,97357,97386.25,0,0.38,0.25,20,ONE_POINT,100,100,RANDOM,3
66,6700,22.250324487686157,97058,97090.78,0,0.38,0.25,20,ONE_POINT,100,100,RANDOM,3
67,6800,22.54650640487671,95645,95711.2,0,0.38,0.25,20,ONE_POINT,100,100,RANDOM,3
68,6900,22.896506786346436,95437,95449.08,0,0.38,0.25,20,ONE_POINT,100,100,RANDOM,3
69,7000,23.238362073898315,95024,95045.65,0,0.38,0.25,20,ONE_POINT,100,100,RANDOM,3
70,7100,23.563055515289307,94358,94384.64,0,0.38,0.25,20,ONE_POINT,100,100,RANDOM,3
71,7200,23.89663076400757,94205,94216.63,0,0.38,0.25,20,ONE_POINT,100,100,RANDOM,3
72,7300,24.250083446502686,93989,94002.86,0,0.38,0.25,20,ONE_POINT,100,100,RANDOM,3
73,7400,24.563190460205078,93416,93435.04,0,0.38,0.25,20,ONE_POINT,100,100,RANDOM,3
74,7500,24.90331745147705,93064,93079.75,0,0.38,0.25,20,ONE_POINT,100,100,RANDOM,3
75,7600,25.246920585632324,92777,92787.76,0,0.38,0.25,20,ONE_POINT,100,100,RANDOM,3
76,7700,25.543217420578003,92591,92603.02,0,0.38,0.25,20,ONE_POINT,100,100,RANDOM,3
77,7800,25.849765062332153,92159,92291.53,0,0.38,0.25,20,ONE_POINT,100,100,RANDOM,3
78,7900,26.175573110580444,91935,91945.49,0,0.38,0.25,20,ONE_POINT,100,100,RANDOM,3
79,8000,26.48827314376831,91694,91708.29,0,0.38,0.25,20,ONE_POINT,100,100,RANDOM,3
80,8100,26.848798036575317,91368,91381.06,0,0.38,0.25,20,ONE_POINT,100,100,RANDOM,3
81,8200,27.174620151519775,91126,91168.84,0,0.38,0.25,20,ONE_POINT,100,100,RANDOM,3
82,8300,27.509591102600098,90534,90557.68,0,0.38,0.25,20,ONE_POINT,100,100,RANDOM,3
83,8400,27.836899995803833,90243,90266.38,0,0.38,0.25,20,ONE_POINT,100,100,RANDOM,3
84,8500,28.173080921173096,89946,89963.25,0,0.38,0.25,20,ONE_POINT,100,100,RANDOM,3
85,8600,28.48404359817505,89728,89770.06,0,0.38,0.25,20,ONE_POINT,100,100,RANDOM,3
86,8700,28.80768370628357,89152,89175.04,0,0.38,0.25,20,ONE_POINT,100,100,RANDOM,3
87,8800,29.1508367061615,88926,88935.32,0,0.38,0.25,20,ONE_POINT,100,100,RANDOM,3
88,8900,29.467525720596313,88755,88793.39,0,0.38,0.25,20,ONE_POINT,100,100,RANDOM,3
89,9000,29.809017658233643,88297,88325.16,0,0.38,0.25,20,ONE_POINT,100,100,RANDOM,3
90,9100,30.13404655456543,87758,87779.93,0,0.38,0.25,20,ONE_POINT,100,100,RANDOM,3
91,9200,30.462158679962158,87476,87492.93,0,0.38,0.25,20,ONE_POINT,100,100,RANDOM,3
92,9300,30.79948377609253,87382,87396.49,0,0.38,0.25,20,ONE_POINT,100,100,RANDOM,3
93,9400,31.14769959449768,87235,87242.56,0,0.38,0.25,20,ONE_POINT,100,100,RANDOM,3
94,9500,31.458758115768433,86869,86898.63,0,0.38,0.25,20,ONE_POINT,100,100,RANDOM,3
95,9600,31.793163061141968,86719,86728.0,0,0.38,0.25,20,ONE_POINT,100,100,RANDOM,3
96,9700,32.106714487075806,86320,86365.6,0,0.38,0.25,20,ONE_POINT,100,100,RANDOM,3
97,9800,32.4275279045105,86192,86241.43,0,0.38,0.25,20,ONE_POINT,100,100,RANDOM,3
98,9900,32.766024351119995,85961,85973.28,0,0.38,0.25,20,ONE_POINT,100,100,RANDOM,3
99,10000,33.070708990097046,85516,85536.59,0,0.38,0.25,20,ONE_POINT,100,100,RANDOM,3
100,10100,33.416707038879395,85331,85354.97,0,0.38,0.25,20,ONE_POINT,100,100,RANDOM,3
101,10200,33.75564765930176,85159,85208.07,0,0.38,0.25,20,ONE_POINT,100,100,RANDOM,3
102,10300,34.11228656768799,84610,84631.96,0,0.38,0.25,20,ONE_POINT,100,100,RANDOM,3
103,10400,34.47515153884888,84298,84314.01,0,0.38,0.25,20,ONE_POINT,100,100,RANDOM,3
104,10500,34.83908653259277,83534,83563.59,0,0.38,0.25,20,ONE_POINT,100,100,RANDOM,3
105,10600,35.193233013153076,83352,83376.86,0,0.38,0.25,20,ONE_POINT,100,100,RANDOM,3
106,10700,35.55878925323486,83151,83162.87,0,0.38,0.25,20,ONE_POINT,100,100,RANDOM,3
107,10800,35.89078378677368,83013,83021.24,0,0.38,0.25,20,ONE_POINT,100,100,RANDOM,3
108,10900,36.22395944595337,82554,82614.63,0,0.38,0.25,20,ONE_POINT,100,100,RANDOM,3
109,11000,36.57282304763794,82174,82189.2,0,0.38,0.25,20,ONE_POINT,100,100,RANDOM,3
110,11100,36.914048194885254,81920,81942.9,0,0.38,0.25,20,ONE_POINT,100,100,RANDOM,3
111,11200,37.23473763465881,81733,81750.0,0,0.38,0.25,20,ONE_POINT,100,100,RANDOM,3
112,11300,37.57844018936157,81587,81598.94,0,0.38,0.25,20,ONE_POINT,100,100,RANDOM,3
113,11400,37.908206939697266,81282,81327.08,0,0.38,0.25,20,ONE_POINT,100,100,RANDOM,3
114,11500,38.23058795928955,80940,80955.48,0,0.38,0.25,20,ONE_POINT,100,100,RANDOM,3
115,11600,38.55136036872864,80757,80777.78,0,0.38,0.25,20,ONE_POINT,100,100,RANDOM,3
116,11700,38.93179154396057,80219,80284.22,0,0.38,0.25,20,ONE_POINT,100,100,RANDOM,3
117,11800,39.25283908843994,79993,80012.71,0,0.38,0.25,20,ONE_POINT,100,100,RANDOM,3
118,11900,39.61075711250305,79779,79800.92,0,0.38,0.25,20,ONE_POINT,100,100,RANDOM,3
119,12000,39.927396059036255,79449,79466.22,0,0.38,0.25,20,ONE_POINT,100,100,RANDOM,3
120,12100,40.278626441955566,79248,79263.38,0,0.38,0.25,20,ONE_POINT,100,100,RANDOM,3
121,12200,40.58962154388428,79003,79019.6,0,0.38,0.25,20,ONE_POINT,100,100,RANDOM,3
122,12300,40.946019649505615,78713,78776.98,0,0.38,0.25,20,ONE_POINT,100,100,RANDOM,3
123,12400,41.297133684158325,78596,78605.44,0,0.38,0.25,20,ONE_POINT,100,100,RANDOM,3
124,12500,41.61935544013977,78517,78521.18,0,0.38,0.25,20,ONE_POINT,100,100,RANDOM,3
125,12600,41.962220907211304,78378,78422.46,0,0.38,0.25,20,ONE_POINT,100,100,RANDOM,3
126,12700,42.26059818267822,78228,78238.69,0,0.38,0.25,20,ONE_POINT,100,100,RANDOM,3
127,12800,42.57977366447449,77940,77957.41,0,0.38,0.25,20,ONE_POINT,100,100,RANDOM,3
128,12900,42.90743613243103,77620,77649.6,0,0.38,0.25,20,ONE_POINT,100,100,RANDOM,3
129,13000,43.2534294128418,77562,77566.64,0,0.38,0.25,20,ONE_POINT,100,100,RANDOM,3
130,13100,43.62078309059143,77431,77443.52,0,0.38,0.25,20,ONE_POINT,100,100,RANDOM,3
131,13200,43.94897961616516,77298,77312.33,0,0.38,0.25,20,ONE_POINT,100,100,RANDOM,3
132,13300,44.260571002960205,76979,76991.76,0,0.38,0.25,20,ONE_POINT,100,100,RANDOM,3
133,13400,44.60778284072876,76798,76808.65,0,0.38,0.25,20,ONE_POINT,100,100,RANDOM,3
134,13500,44.986719846725464,76686,76694.31,0,0.38,0.25,20,ONE_POINT,100,100,RANDOM,3
135,13600,45.321484327316284,76530,76558.96,0,0.38,0.25,20,ONE_POINT,100,100,RANDOM,3
136,13700,45.65634059906006,76241,76256.09,0,0.38,0.25,20,ONE_POINT,100,100,RANDOM,3
137,13800,45.99957323074341,76039,76122.95,0,0.38,0.25,20,ONE_POINT,100,100,RANDOM,3
138,13900,46.35484337806702,75997,76015.96,0,0.38,0.25,20,ONE_POINT,100,100,RANDOM,3
139,14000,46.71404552459717,75572,75625.37,0,0.38,0.25,20,ONE_POINT,100,100,RANDOM,3
140,14100,47.02963376045227,75412,75423.55,0,0.38,0.25,20,ONE_POINT,100,100,RANDOM,3
141,14200,47.37129545211792,75228,75243.15,0,0.38,0.25,20,ONE_POINT,100,100,RANDOM,3
142,14300,47.71209740638733,75094,75109.42,0,0.38,0.25,20,ONE_POINT,100,100,RANDOM,3
143,14400,48.0521137714386,74890,74903.76,0,0.38,0.25,20,ONE_POINT,100,100,RANDOM,3
144,14500,48.36204218864441,74732,74743.52,0,0.38,0.25,20,ONE_POINT,100,100,RANDOM,3
145,14600,48.68169927597046,74531,74543.24,0,0.38,0.25,20,ONE_POINT,100,100,RANDOM,3
146,14700,48.99749279022217,74363,74373.08,0,0.38,0.25,20,ONE_POINT,100,100,RANDOM,3
147,14800,49.349437952041626,74134,74147.57,0,0.38,0.25,20,ONE_POINT,100,100,RANDOM,3
148,14900,49.664536476135254,73955,73965.74,0,0.38,0.25,20,ONE_POINT,100,100,RANDOM,3
149,15000,49.97432470321655,73602,73626.4,0,0.38,0.25,20,ONE_POINT,100,100,RANDOM,3
150,15100,50.33802556991577,73418,73432.57,0,0.38,0.25,20,ONE_POINT,100,100,RANDOM,3
151,15200,50.64405059814453,73245,73260.75,0,0.38,0.25,20,ONE_POINT,100,100,RANDOM,3
152,15300,50.946852684020996,73101,73122.16,0,0.38,0.25,20,ONE_POINT,100,100,RANDOM,3
153,15400,51.26966404914856,72745,72801.76,0,0.38,0.25,20,ONE_POINT,100,100,RANDOM,3
154,15500,51.638673543930054,72386,72409.49,0,0.38,0.25,20,ONE_POINT,100,100,RANDOM,3
155,15600,51.976407289505005,72140,72202.65,0,0.38,0.25,20,ONE_POINT,100,100,RANDOM,3
156,15700,52.31694293022156,71743,71768.53,0,0.38,0.25,20,ONE_POINT,100,100,RANDOM,3
157,15800,52.61671829223633,71559,71568.2,0,0.38,0.25,20,ONE_POINT,100,100,RANDOM,3
158,15900,52.9240620136261,71404,71417.14,0,0.38,0.25,20,ONE_POINT,100,100,RANDOM,3
159,16000,53.28088092803955,71070,71083.16,0,0.38,0.25,20,ONE_POINT,100,100,RANDOM,3
160,16100,53.588265895843506,71000,71014.22,0,0.38,0.25,20,ONE_POINT,100,100,RANDOM,3
161,16200,53.938400983810425,70931,70936.46,0,0.38,0.25,20,ONE_POINT,100,100,RANDOM,3
162,16300,54.237385511398315,70838,70847.56,0,0.38,0.25,20,ONE_POINT,100,100,RANDOM,3
163,16400,54.59118580818176,70627,70639.63,0,0.38,0.25,20,ONE_POINT,100,100,RANDOM,3
164,16500,54.93684530258179,70502,70517.43,0,0.38,0.25,20,ONE_POINT,100,100,RANDOM,3
165,16600,55.27033996582031,70293,70303.45,0,0.38,0.25,20,ONE_POINT,100,100,RANDOM,3
166,16700,55.5855598449707,70156,70167.29,0,0.38,0.25,20,ONE_POINT,100,100,RANDOM,3
167,16800,55.88951897621155,69946,69968.73,0,0.38,0.25,20,ONE_POINT,100,100,RANDOM,3
168,16900,56.23224949836731,69778,69831.23,0,0.38,0.25,20,ONE_POINT,100,100,RANDOM,3
169,17000,56.54394245147705,69575,69627.71,0,0.38,0.25,20,ONE_POINT,100,100,RANDOM,3
170,17100,56.854888677597046,69534,69540.48,0,0.38,0.25,20,ONE_POINT,100,100,RANDOM,3
171,17200,57.17562508583069,69314,69342.85,0,0.38,0.25,20,ONE_POINT,100,100,RANDOM,3
172,17300,57.50170183181763,69211,69216.72,0,0.38,0.25,20,ONE_POINT,100,100,RANDOM,3
173,17400,57.83754205703735,69077,69085.87,0,0.38,0.25,20,ONE_POINT,100,100,RANDOM,3
174,17500,58.17487859725952,68939,68949.94,0,0.38,0.25,20,ONE_POINT,100,100,RANDOM,3
175,17600,58.529648542404175,68724,68738.18,0,0.38,0.25,20,ONE_POINT,100,100,RANDOM,3
176,17700,58.88487935066223,68543,68552.6,0,0.38,0.25,20,ONE_POINT,100,100,RANDOM,3
177,17800,59.238468647003174,68444,68502.56,0,0.38,0.25,20,ONE_POINT,100,100,RANDOM,3
178,17900,59.60120153427124,68331,68361.29,0,0.38,0.25,20,ONE_POINT,100,100,RANDOM,3
179,18000,59.93355846405029,68033,68057.62,0,0.38,0.25,20,ONE_POINT,100,100,RANDOM,3
180,18100,60.2895712852478,67880,67914.17,0,0.38,0.25,20,ONE_POINT,100,100,RANDOM,3
181,18200,60.62924909591675,67830,67835.21,0,0.38,0.25,20,ONE_POINT,100,100,RANDOM,3
182,18300,60.976805210113525,67703,67711.83,0,0.38,0.25,20,ONE_POINT,100,100,RANDOM,3
183,18400,61.34116291999817,67517,67545.09,0,0.38,0.25,20,ONE_POINT,100,100,RANDOM,3
184,18500,61.68876099586487,67369,67381.51,0,0.38,0.25,20,ONE_POINT,100,100,RANDOM,3
185,18600,62.028767824172974,67259,67315.14,0,0.38,0.25,20,ONE_POINT,100,100,RANDOM,3
186,18700,62.38298439979553,66987,67005.24,0,0.38,0.25,20,ONE_POINT,100,100,RANDOM,3
187,18800,62.72887873649597,66895,66900.41,0,0.38,0.25,20,ONE_POINT,100,100,RANDOM,3
188,18900,63.06359577178955,66770,66779.34,0,0.38,0.25,20,ONE_POINT,100,100,RANDOM,3
189,19000,63.367435932159424,66649,66664.01,0,0.38,0.25,20,ONE_POINT,100,100,RANDOM,3
190,19100,63.686861991882324,66553,66562.8,0,0.38,0.25,20,ONE_POINT,100,100,RANDOM,3
191,19200,64.00946140289307,66455,66464.96,0,0.38,0.25,20,ONE_POINT,100,100,RANDOM,3
192,19300,64.38292002677917,66294,66307.78,0,0.38,0.25,20,ONE_POINT,100,100,RANDOM,3
193,19400,64.71301364898682,66136,66148.95,0,0.38,0.25,20,ONE_POINT,100,100,RANDOM,3
194,19500,65.08796048164368,66018,66026.52,0,0.38,0.25,20,ONE_POINT,100,100,RANDOM,3
195,19600,65.41135692596436,65876,65896.38,0,0.38,0.25,20,ONE_POINT,100,100,RANDOM,3
196,19700,65.71840786933899,65439,65482.11,0,0.38,0.25,20,ONE_POINT,100,100,RANDOM,3
197,19800,66.06040358543396,65355,65388.87,0,0.38,0.25,20,ONE_POINT,100,100,RANDOM,3
198,19900,66.36314058303833,65131,65144.44,0,0.38,0.25,20,ONE_POINT,100,100,RANDOM,3
199,20000,66.69802904129028,64704,64743.84,0,0.38,0.25,20,ONE_POINT,100,100,RANDOM,3
200,20100,67.05271100997925,64577,64594.84,0,0.38,0.25,20,ONE_POINT,100,100,RANDOM,3
201,20200,67.36852955818176,64536,64553.12,0,0.38,0.25,20,ONE_POINT,100,100,RANDOM,3
202,20300,67.68550109863281,64431,64601.38,0,0.38,0.25,20,ONE_POINT,100,100,RANDOM,3
203,20400,68.04640817642212,64274,64284.25,0,0.38,0.25,20,ONE_POINT,100,100,RANDOM,3
204,20500,68.39504671096802,64132,64150.86,0,0.38,0.25,20,ONE_POINT,100,100,RANDOM,3
205,20600,68.81641054153442,63982,64022.62,0,0.38,0.25,20,ONE_POINT,100,100,RANDOM,3
206,20700,69.14207935333252,63764,63778.42,0,0.38,0.25,20,ONE_POINT,100,100,RANDOM,3
207,20800,69.46968626976013,63568,63579.68,0,0.38,0.25,20,ONE_POINT,100,100,RANDOM,3
208,20900,69.84105229377747,63409,63425.39,0,0.38,0.25,20,ONE_POINT,100,100,RANDOM,3
209,21000,70.15168857574463,63340,63376.01,0,0.38,0.25,20,ONE_POINT,100,100,RANDOM,3
210,21100,70.45786023139954,63225,63247.93,0,0.38,0.25,20,ONE_POINT,100,100,RANDOM,3
211,21200,70.81494903564453,63046,63076.94,0,0.38,0.25,20,ONE_POINT,100,100,RANDOM,3
212,21300,71.20374202728271,62967,62975.28,0,0.38,0.25,20,ONE_POINT,100,100,RANDOM,3
213,21400,71.52853989601135,62911,62919.02,0,0.38,0.25,20,ONE_POINT,100,100,RANDOM,3
214,21500,71.8523268699646,62800,62808.24,0,0.38,0.25,20,ONE_POINT,100,100,RANDOM,3
215,21600,72.19103932380676,62663,62674.79,0,0.38,0.25,20,ONE_POINT,100,100,RANDOM,3
216,21700,72.50790762901306,62519,62580.72,0,0.38,0.25,20,ONE_POINT,100,100,RANDOM,3
217,21800,72.84056401252747,62392,62439.83,0,0.38,0.25,20,ONE_POINT,100,100,RANDOM,3
218,21900,73.1890377998352,62344,62350.27,0,0.38,0.25,20,ONE_POINT,100,100,RANDOM,3
219,22000,73.54329586029053,62228,62267.75,0,0.38,0.25,20,ONE_POINT,100,100,RANDOM,3
220,22100,73.89655208587646,61892,61926.27,0,0.38,0.25,20,ONE_POINT,100,100,RANDOM,3
221,22200,74.2178316116333,61430,61457.72,0,0.38,0.25,20,ONE_POINT,100,100,RANDOM,3
222,22300,74.54173803329468,61190,61204.93,0,0.38,0.25,20,ONE_POINT,100,100,RANDOM,3
223,22400,74.84532880783081,60588,60618.02,0,0.38,0.25,20,ONE_POINT,100,100,RANDOM,3
224,22500,75.21204447746277,60435,60466.51,0,0.38,0.25,20,ONE_POINT,100,100,RANDOM,3
225,22600,75.58150744438171,60370,60379.27,0,0.38,0.25,20,ONE_POINT,100,100,RANDOM,3
226,22700,75.92764258384705,60258,60308.85,0,0.38,0.25,20,ONE_POINT,100,100,RANDOM,3
227,22800,76.23641610145569,60191,60197.84,0,0.38,0.25,20,ONE_POINT,100,100,RANDOM,3
228,22900,76.53454327583313,60158,60202.3,0,0.38,0.25,20,ONE_POINT,100,100,RANDOM,3
229,23000,76.88661623001099,60028,60188.21,0,0.38,0.25,20,ONE_POINT,100,100,RANDOM,3
230,23100,77.22738432884216,59892,59904.28,0,0.38,0.25,20,ONE_POINT,100,100,RANDOM,3
231,23200,77.57370829582214,59775,59785.51,0,0.38,0.25,20,ONE_POINT,100,100,RANDOM,3
232,23300,77.94518971443176,59695,59729.87,0,0.38,0.25,20,ONE_POINT,100,100,RANDOM,3
233,23400,78.28701853752136,59582,59598.9,0,0.38,0.25,20,ONE_POINT,100,100,RANDOM,3
234,23500,78.61387300491333,59439,59475.75,0,0.38,0.25,20,ONE_POINT,100,100,RANDOM,3
235,23600,78.96629166603088,59317,59401.91,0,0.38,0.25,20,ONE_POINT,100,100,RANDOM,3
236,23700,79.310213804245,59246,59264.04,0,0.38,0.25,20,ONE_POINT,100,100,RANDOM,3
237,23800,79.65726518630981,59136,59146.38,0,0.38,0.25,20,ONE_POINT,100,100,RANDOM,3
238,23900,79.96951150894165,59077,59085.23,0,0.38,0.25,20,ONE_POINT,100,100,RANDOM,3
239,24000,80.30126762390137,58929,58943.45,0,0.38,0.25,20,ONE_POINT,100,100,RANDOM,3
240,24100,80.6494448184967,58819,58827.97,0,0.38,0.25,20,ONE_POINT,100,100,RANDOM,3
241,24200,80.9942843914032,58699,58708.35,0,0.38,0.25,20,ONE_POINT,100,100,RANDOM,3
242,24300,81.32282304763794,58578,58587.23,0,0.38,0.25,20,ONE_POINT,100,100,RANDOM,3
243,24400,81.65901899337769,58488,58514.66,0,0.38,0.25,20,ONE_POINT,100,100,RANDOM,3
244,24500,82.0495400428772,58361,58390.38,0,0.38,0.25,20,ONE_POINT,100,100,RANDOM,3
245,24600,82.40232634544373,58242,58251.84,0,0.38,0.25,20,ONE_POINT,100,100,RANDOM,3
246,24700,82.76465392112732,58149,58238.07,0,0.38,0.25,20,ONE_POINT,100,100,RANDOM,3
247,24800,83.07833504676819,57987,58141.1,0,0.38,0.25,20,ONE_POINT,100,100,RANDOM,3
248,24900,83.4124264717102,57887,57895.43,0,0.38,0.25,20,ONE_POINT,100,100,RANDOM,3
249,25000,83.74475884437561,57834,57863.33,0,0.38,0.25,20,ONE_POINT,100,100,RANDOM,3
250,25100,84.10674595832825,57648,57661.32,0,0.38,0.25,20,ONE_POINT,100,100,RANDOM,3
251,25200,84.43367862701416,57540,57551.06,0,0.38,0.25,20,ONE_POINT,100,100,RANDOM,3
252,25300,84.74614310264587,57398,57409.15,0,0.38,0.25,20,ONE_POINT,100,100,RANDOM,3
253,25400,85.0708110332489,57158,57172.53,0,0.38,0.25,20,ONE_POINT,100,100,RANDOM,3
254,25500,85.40565323829651,57088,57097.16,0,0.38,0.25,20,ONE_POINT,100,100,RANDOM,3
255,25600,85.76859402656555,56978,56992.08,0,0.38,0.25,20,ONE_POINT,100,100,RANDOM,3
256,25700,86.06979584693909,56909,57010.76,0,0.38,0.25,20,ONE_POINT,100,100,RANDOM,3
257,25800,86.43110466003418,56693,56722.68,0,0.38,0.25,20,ONE_POINT,100,100,RANDOM,3
258,25900,86.75531315803528,56611,56630.03,0,0.38,0.25,20,ONE_POINT,100,100,RANDOM,3
259,26000,87.12884378433228,56520,56537.72,0,0.38,0.25,20,ONE_POINT,100,100,RANDOM,3
260,26100,87.47643160820007,56438,56445.38,0,0.38,0.25,20,ONE_POINT,100,100,RANDOM,3
261,26200,87.82219362258911,56360,56368.31,0,0.38,0.25,20,ONE_POINT,100,100,RANDOM,3
262,26300,88.18151307106018,56299,56307.07,0,0.38,0.25,20,ONE_POINT,100,100,RANDOM,3
263,26400,88.52266573905945,56242,56249.16,0,0.38,0.25,20,ONE_POINT,100,100,RANDOM,3
264,26500,88.84133386611938,56149,56156.38,0,0.38,0.25,20,ONE_POINT,100,100,RANDOM,3
265,26600,89.18401002883911,56091,56271.37,0,0.38,0.25,20,ONE_POINT,100,100,RANDOM,3
266,26700,89.51179790496826,55948,55960.15,0,0.38,0.25,20,ONE_POINT,100,100,RANDOM,3
267,26800,89.86490893363953,55880,55915.77,0,0.38,0.25,20,ONE_POINT,100,100,RANDOM,3
268,26900,90.18337631225586,55823,55843.91,0,0.38,0.25,20,ONE_POINT,100,100,RANDOM,3
269,27000,90.51843595504761,55710,55735.89,0,0.38,0.25,20,ONE_POINT,100,100,RANDOM,3
270,27100,90.87908101081848,55591,55629.78,0,0.38,0.25,20,ONE_POINT,100,100,RANDOM,3
271,27200,91.23246693611145,55524,55537.11,0,0.38,0.25,20,ONE_POINT,100,100,RANDOM,3
272,27300,91.55872535705566,55477,55490.04,0,0.38,0.25,20,ONE_POINT,100,100,RANDOM,3
273,27400,91.89384508132935,55369,55382.37,0,0.38,0.25,20,ONE_POINT,100,100,RANDOM,3
274,27500,92.23857545852661,55338,55342.29,0,0.38,0.25,20,ONE_POINT,100,100,RANDOM,3
275,27600,92.5785756111145,55179,55224.75,0,0.38,0.25,20,ONE_POINT,100,100,RANDOM,3
276,27700,92.95647430419922,55095,55140.09,0,0.38,0.25,20,ONE_POINT,100,100,RANDOM,3
277,27800,93.28055834770203,55045,55051.86,0,0.38,0.25,20,ONE_POINT,100,100,RANDOM,3
278,27900,93.58375430107117,54943,54964.24,0,0.38,0.25,20,ONE_POINT,100,100,RANDOM,3
279,28000,93.89723992347717,54857,54864.92,0,0.38,0.25,20,ONE_POINT,100,100,RANDOM,3
280,28100,94.25851154327393,54757,54785.6,0,0.38,0.25,20,ONE_POINT,100,100,RANDOM,3
281,28200,94.59424114227295,54622,54649.07,0,0.38,0.25,20,ONE_POINT,100,100,RANDOM,3
282,28300,94.92212700843811,54587,54591.97,0,0.38,0.25,20,ONE_POINT,100,100,RANDOM,3
283,28400,95.23109602928162,54475,54486.67,0,0.38,0.25,20,ONE_POINT,100,100,RANDOM,3
284,28500,95.57692217826843,54381,54400.32,0,0.38,0.25,20,ONE_POINT,100,100,RANDOM,3
285,28600,95.92070364952087,54278,54288.21,0,0.38,0.25,20,ONE_POINT,100,100,RANDOM,3
286,28700,96.22427272796631,54189,54204.52,0,0.38,0.25,20,ONE_POINT,100,100,RANDOM,3
287,28800,96.55664038658142,54145,54184.05,0,0.38,0.25,20,ONE_POINT,100,100,RANDOM,3
288,28900,96.88805222511292,54093,54106.83,0,0.38,0.25,20,ONE_POINT,100,100,RANDOM,3
289,29000,97.23318672180176,54040,54124.05,0,0.38,0.25,20,ONE_POINT,100,100,RANDOM,3
290,29100,97.58126521110535,53962,53985.22,0,0.38,0.25,20,ONE_POINT,100,100,RANDOM,3
291,29200,97.90067505836487,53780,53796.55,0,0.38,0.25,20,ONE_POINT,100,100,RANDOM,3
292,29300,98.24273443222046,53650,53680.75,0,0.38,0.25,20,ONE_POINT,100,100,RANDOM,3
293,29400,98.58026647567749,53587,53593.34,0,0.38,0.25,20,ONE_POINT,100,100,RANDOM,3
294,29500,98.92708945274353,53529,53547.26,0,0.38,0.25,20,ONE_POINT,100,100,RANDOM,3
295,29600,99.28177237510681,53469,53494.69,0,0.38,0.25,20,ONE_POINT,100,100,RANDOM,3
296,29700,99.64040660858154,53413,53422.1,0,0.38,0.25,20,ONE_POINT,100,100,RANDOM,3
297,29800,99.96407699584961,53308,53324.16,0,0.38,0.25,20,ONE_POINT,100,100,RANDOM,3
298,29900,100.31978297233582,53237,53269.3,0,0.38,0.25,20,ONE_POINT,100,100,RANDOM,3
299,30000,100.65680646896362,53189,53196.0,0,0.38,0.25,20,ONE_POINT,100,100,RANDOM,3
300,30100,101.01074433326721,53138,53143.63,0,0.38,0.25,20,ONE_POINT,100,100,RANDOM,3
301,30200,101.38470506668091,53082,53100.86,0,0.38,0.25,20,ONE_POINT,100,100,RANDOM,3
302,30300,101.70727944374084,52986,52994.92,0,0.38,0.25,20,ONE_POINT,100,100,RANDOM,3
303,30400,102.07476282119751,52910,52918.14,0,0.38,0.25,20,ONE_POINT,100,100,RANDOM,3
304,30500,102.48292565345764,52752,52777.09,0,0.38,0.25,20,ONE_POINT,100,100,RANDOM,3
305,30600,102.8592095375061,52712,52868.21,0,0.38,0.25,20,ONE_POINT,100,100,RANDOM,3
306,30700,103.2114839553833,52684,52687.13,0,0.38,0.25,20,ONE_POINT,100,100,RANDOM,3
307,30800,103.56859993934631,52585,52594.16,0,0.38,0.25,20,ONE_POINT,100,100,RANDOM,3
308,30900,103.92522764205933,52532,52545.42,0,0.38,0.25,20,ONE_POINT,100,100,RANDOM,3
309,31000,104.22975945472717,52456,52463.9,0,0.38,0.25,20,ONE_POINT,100,100,RANDOM,3
310,31100,104.58054423332214,52357,52419.84,0,0.38,0.25,20,ONE_POINT,100,100,RANDOM,3
311,31200,104.90554308891296,52305,52320.98,0,0.38,0.25,20,ONE_POINT,100,100,RANDOM,3
312,31300,105.22315216064453,52239,52248.63,0,0.38,0.25,20,ONE_POINT,100,100,RANDOM,3
313,31400,105.55425071716309,52166,52177.78,0,0.38,0.25,20,ONE_POINT,100,100,RANDOM,3
314,31500,105.91007471084595,51925,51939.49,0,0.38,0.25,20,ONE_POINT,100,100,RANDOM,3
315,31600,106.23276901245117,51834,51842.81,0,0.38,0.25,20,ONE_POINT,100,100,RANDOM,3
316,31700,106.54380989074707,51766,51772.31,0,0.38,0.25,20,ONE_POINT,100,100,RANDOM,3
317,31800,106.89869332313538,51465,51492.88,0,0.38,0.25,20,ONE_POINT,100,100,RANDOM,3
318,31900,107.2661828994751,51368,51377.4,0,0.38,0.25,20,ONE_POINT,100,100,RANDOM,3
319,32000,107.6126012802124,51292,51299.98,0,0.38,0.25,20,ONE_POINT,100,100,RANDOM,3
320,32100,107.9404821395874,51239,51253.41,0,0.38,0.25,20,ONE_POINT,100,100,RANDOM,3
321,32200,108.28573322296143,51037,51054.54,0,0.38,0.25,20,ONE_POINT,100,100,RANDOM,3
322,32300,108.63071513175964,50985,51076.2,0,0.38,0.25,20,ONE_POINT,100,100,RANDOM,3
323,32400,108.98772931098938,50927,50937.99,0,0.38,0.25,20,ONE_POINT,100,100,RANDOM,3
324,32500,109.37554216384888,50795,50811.37,0,0.38,0.25,20,ONE_POINT,100,100,RANDOM,3
325,32600,109.74133682250977,50689,50700.04,0,0.38,0.25,20,ONE_POINT,100,100,RANDOM,3
326,32700,110.0953688621521,50634,50656.04,0,0.38,0.25,20,ONE_POINT,100,100,RANDOM,3
327,32800,110.43378829956055,50582,50596.39,0,0.38,0.25,20,ONE_POINT,100,100,RANDOM,3
328,32900,110.79672956466675,50508,50515.72,0,0.38,0.25,20,ONE_POINT,100,100,RANDOM,3
329,33000,111.16425824165344,50456,50471.59,0,0.38,0.25,20,ONE_POINT,100,100,RANDOM,3
330,33100,111.4630663394928,50297,50310.14,0,0.38,0.25,20,ONE_POINT,100,100,RANDOM,3
331,33200,111.80139708518982,50219,50228.34,0,0.38,0.25,20,ONE_POINT,100,100,RANDOM,3
332,33300,112.14307761192322,50130,50167.75,0,0.38,0.25,20,ONE_POINT,100,100,RANDOM,3
333,33400,112.49590229988098,50068,50089.44,0,0.38,0.25,20,ONE_POINT,100,100,RANDOM,3
334,33500,112.87893438339233,50016,50025.84,0,0.38,0.25,20,ONE_POINT,100,100,RANDOM,3
335,33600,113.2002546787262,49998,50000.32,0,0.38,0.25,20,ONE_POINT,100,100,RANDOM,3
336,33700,113.5318295955658,49791,49805.68,0,0.38,0.25,20,ONE_POINT,100,100,RANDOM,3
337,33800,113.8323106765747,49721,49727.09,0,0.38,0.25,20,ONE_POINT,100,100,RANDOM,3
338,33900,114.18189406394958,49669,49695.98,0,0.38,0.25,20,ONE_POINT,100,100,RANDOM,3
339,34000,114.50341439247131,49629,49636.44,0,0.38,0.25,20,ONE_POINT,100,100,RANDOM,3
340,34100,114.80482602119446,49594,49605.98,0,0.38,0.25,20,ONE_POINT,100,100,RANDOM,3
341,34200,115.12050461769104,49535,49549.12,0,0.38,0.25,20,ONE_POINT,100,100,RANDOM,3
342,34300,115.46242642402649,49453,49466.35,0,0.38,0.25,20,ONE_POINT,100,100,RANDOM,3
343,34400,115.7691261768341,49368,49377.44,0,0.38,0.25,20,ONE_POINT,100,100,RANDOM,3
344,34500,116.11694717407227,49345,49368.76,0,0.38,0.25,20,ONE_POINT,100,100,RANDOM,3
345,34600,116.45622205734253,49234,49243.47,0,0.38,0.25,20,ONE_POINT,100,100,RANDOM,3
346,34700,116.77909898757935,49169,49178.07,0,0.38,0.25,20,ONE_POINT,100,100,RANDOM,3
347,34800,117.10500907897949,49073,49133.5,0,0.38,0.25,20,ONE_POINT,100,100,RANDOM,3
348,34900,117.44426441192627,49020,49147.16,0,0.38,0.25,20,ONE_POINT,100,100,RANDOM,3
349,35000,117.77796792984009,48923,48943.9,0,0.38,0.25,20,ONE_POINT,100,100,RANDOM,3
350,35100,118.0967071056366,48887,48898.38,0,0.38,0.25,20,ONE_POINT,100,100,RANDOM,3
351,35200,118.44808506965637,48823,48873.97,0,0.38,0.25,20,ONE_POINT,100,100,RANDOM,3
352,35300,118.7811861038208,48769,48795.16,0,0.38,0.25,20,ONE_POINT,100,100,RANDOM,3
353,35400,119.12342119216919,48675,48686.33,0,0.38,0.25,20,ONE_POINT,100,100,RANDOM,3
354,35500,119.43039107322693,48643,48649.4,0,0.38,0.25,20,ONE_POINT,100,100,RANDOM,3
355,35600,119.74561882019043,48562,48580.46,0,0.38,0.25,20,ONE_POINT,100,100,RANDOM,3
356,35700,120.04476165771484,48319,48333.58,0,0.38,0.25,20,ONE_POINT,100,100,RANDOM,3
357,35800,120.37752175331116,48242,48252.05,0,0.38,0.25,20,ONE_POINT,100,100,RANDOM,3
358,35900,120.69211411476135,48175,48181.8,0,0.38,0.25,20,ONE_POINT,100,100,RANDOM,3
359,36000,120.99991250038147,48115,48123.77,0,0.38,0.25,20,ONE_POINT,100,100,RANDOM,3
360,36100,121.34574556350708,48060,48078.57,0,0.38,0.25,20,ONE_POINT,100,100,RANDOM,3
361,36200,121.69288206100464,48023,48036.09,0,0.38,0.25,20,ONE_POINT,100,100,RANDOM,3
362,36300,122.04907822608948,47986,47993.09,0,0.38,0.25,20,ONE_POINT,100,100,RANDOM,3
363,36400,122.39258146286011,47948,47952.57,0,0.38,0.25,20,ONE_POINT,100,100,RANDOM,3
364,36500,122.70628380775452,47934,47946.4,0,0.38,0.25,20,ONE_POINT,100,100,RANDOM,3
365,36600,123.07091069221497,47712,47725.46,0,0.38,0.25,20,ONE_POINT,100,100,RANDOM,3
366,36700,123.40626621246338,47648,47658.3,0,0.38,0.25,20,ONE_POINT,100,100,RANDOM,3
367,36800,123.75375247001648,47614,47622.72,0,0.38,0.25,20,ONE_POINT,100,100,RANDOM,3
368,36900,124.1289496421814,47598,47601.89,0,0.38,0.25,20,ONE_POINT,100,100,RANDOM,3
369,37000,124.48418736457825,47555,47559.89,0,0.38,0.25,20,ONE_POINT,100,100,RANDOM,3
370,37100,124.8654294013977,47510,47519.2,0,0.38,0.25,20,ONE_POINT,100,100,RANDOM,3
371,37200,125.22647786140442,47450,47486.04,0,0.38,0.25,20,ONE_POINT,100,100,RANDOM,3
372,37300,125.56835770606995,47422,47460.8,0,0.38,0.25,20,ONE_POINT,100,100,RANDOM,3
373,37400,125.87905383110046,47395,47410.82,0,0.38,0.25,20,ONE_POINT,100,100,RANDOM,3
374,37500,126.2167010307312,47353,47367.07,0,0.38,0.25,20,ONE_POINT,100,100,RANDOM,3
375,37600,126.54448318481445,47320,47349.61,0,0.38,0.25,20,ONE_POINT,100,100,RANDOM,3
376,37700,126.85631942749023,47263,47269.96,0,0.38,0.25,20,ONE_POINT,100,100,RANDOM,3
377,37800,127.1715989112854,47225,47233.56,0,0.38,0.25,20,ONE_POINT,100,100,RANDOM,3
378,37900,127.52175402641296,47180,47207.42,0,0.38,0.25,20,ONE_POINT,100,100,RANDOM,3
379,38000,127.86484622955322,47146,47146.68,0,0.38,0.25,20,ONE_POINT,100,100,RANDOM,3
380,38100,128.21460914611816,47055,47064.3,0,0.38,0.25,20,ONE_POINT,100,100,RANDOM,3
381,38200,128.55135917663574,46937,46965.56,0,0.38,0.25,20,ONE_POINT,100,100,RANDOM,3
382,38300,128.88403964042664,46891,46920.73,0,0.38,0.25,20,ONE_POINT,100,100,RANDOM,3
383,38400,129.24006342887878,46855,46859.72,0,0.38,0.25,20,ONE_POINT,100,100,RANDOM,3
384,38500,129.55930137634277,46808,46857.52,0,0.38,0.25,20,ONE_POINT,100,100,RANDOM,3
385,38600,129.90149903297424,46737,46758.36,0,0.38,0.25,20,ONE_POINT,100,100,RANDOM,3
386,38700,130.23638367652893,46700,46712.59,0,0.38,0.25,20,ONE_POINT,100,100,RANDOM,3
387,38800,130.58429336547852,46590,46600.36,0,0.38,0.25,20,ONE_POINT,100,100,RANDOM,3
388,38900,130.95681285858154,46558,46569.94,0,0.38,0.25,20,ONE_POINT,100,100,RANDOM,3
389,39000,131.31515383720398,46493,46500.72,0,0.38,0.25,20,ONE_POINT,100,100,RANDOM,3
390,39100,131.6487329006195,46421,46467.9,0,0.38,0.25,20,ONE_POINT,100,100,RANDOM,3
391,39200,131.9586079120636,46385,46389.75,0,0.38,0.25,20,ONE_POINT,100,100,RANDOM,3
392,39300,132.3168342113495,46322,46328.66,0,0.38,0.25,20,ONE_POINT,100,100,RANDOM,3
393,39400,132.63932037353516,46231,46251.67,0,0.38,0.25,20,ONE_POINT,100,100,RANDOM,3
394,39500,132.97629523277283,46181,46186.0,0,0.38,0.25,20,ONE_POINT,100,100,RANDOM,3
395,39600,133.3640832901001,46147,46152.14,0,0.38,0.25,20,ONE_POINT,100,100,RANDOM,3
396,39700,133.71503019332886,46103,46122.76,0,0.38,0.25,20,ONE_POINT,100,100,RANDOM,3
397,39800,134.08607840538025,46052,46107.1,0,0.38,0.25,20,ONE_POINT,100,100,RANDOM,3
398,39900,134.43504548072815,46034,46038.24,0,0.38,0.25,20,ONE_POINT,100,100,RANDOM,3
399,40000,134.76325511932373,45975,45981.22,0,0.38,0.25,20,ONE_POINT,100,100,RANDOM,3
400,40100,135.11004519462585,45948,45992.97,0,0.38,0.25,20,ONE_POINT,100,100,RANDOM,3
401,40200,135.44714784622192,45889,45904.32,0,0.38,0.25,20,ONE_POINT,100,100,RANDOM,3
402,40300,135.77474737167358,45850,45858.11,0,0.38,0.25,20,ONE_POINT,100,100,RANDOM,3
403,40400,136.1506028175354,45824,45830.65,0,0.38,0.25,20,ONE_POINT,100,100,RANDOM,3
404,40500,136.5065152645111,45811,45820.37,0,0.38,0.25,20,ONE_POINT,100,100,RANDOM,3
405,40600,136.8858778476715,45759,45768.53,0,0.38,0.25,20,ONE_POINT,100,100,RANDOM,3
406,40700,137.2425148487091,45714,45737.61,0,0.38,0.25,20,ONE_POINT,100,100,RANDOM,3
407,40800,137.6241283416748,45625,45641.81,0,0.38,0.25,20,ONE_POINT,100,100,RANDOM,3
408,40900,137.94944190979004,45577,45583.57,0,0.38,0.25,20,ONE_POINT,100,100,RANDOM,3
409,41000,138.28920483589172,45499,45508.45,0,0.38,0.25,20,ONE_POINT,100,100,RANDOM,3
410,41100,138.63575410842896,45452,45460.03,0,0.38,0.25,20,ONE_POINT,100,100,RANDOM,3
411,41200,138.99614763259888,45420,45422.96,0,0.38,0.25,20,ONE_POINT,100,100,RANDOM,3
412,41300,139.36325001716614,45310,45326.16,0,0.38,0.25,20,ONE_POINT,100,100,RANDOM,3
413,41400,139.7121729850769,45266,45274.98,0,0.38,0.25,20,ONE_POINT,100,100,RANDOM,3
414,41500,140.0733940601349,45232,45270.42,0,0.38,0.25,20,ONE_POINT,100,100,RANDOM,3
415,41600,140.4012167453766,45178,45183.67,0,0.38,0.25,20,ONE_POINT,100,100,RANDOM,3
416,41700,140.7126064300537,45135,45142.35,0,0.38,0.25,20,ONE_POINT,100,100,RANDOM,3
417,41800,141.08392596244812,45105,45110.23,0,0.38,0.25,20,ONE_POINT,100,100,RANDOM,3
418,41900,141.39046168327332,44997,45120.2,0,0.38,0.25,20,ONE_POINT,100,100,RANDOM,3
419,42000,141.72814631462097,44958,44962.57,0,0.38,0.25,20,ONE_POINT,100,100,RANDOM,3
420,42100,142.04010200500488,44917,45009.04,0,0.38,0.25,20,ONE_POINT,100,100,RANDOM,3
421,42200,142.39366936683655,44848,44863.45,0,0.38,0.25,20,ONE_POINT,100,100,RANDOM,3
422,42300,142.70558309555054,44787,44793.73,0,0.38,0.25,20,ONE_POINT,100,100,RANDOM,3
423,42400,143.05896663665771,44758,44761.74,0,0.38,0.25,20,ONE_POINT,100,100,RANDOM,3
424,42500,143.3857741355896,44707,44714.39,0,0.38,0.25,20,ONE_POINT,100,100,RANDOM,3
425,42600,143.712881565094,44642,44671.12,0,0.38,0.25,20,ONE_POINT,100,100,RANDOM,3
426,42700,144.0199580192566,44610,44617.25,0,0.38,0.25,20,ONE_POINT,100,100,RANDOM,3
427,42800,144.34142112731934,44567,44578.36,0,0.38,0.25,20,ONE_POINT,100,100,RANDOM,3
428,42900,144.6842761039734,44528,44539.67,0,0.38,0.25,20,ONE_POINT,100,100,RANDOM,3
429,43000,145.0338716506958,44441,44622.02,0,0.38,0.25,20,ONE_POINT,100,100,RANDOM,3
430,43100,145.3662567138672,44401,44423.43,0,0.38,0.25,20,ONE_POINT,100,100,RANDOM,3
431,43200,145.7068166732788,44262,44284.09,0,0.38,0.25,20,ONE_POINT,100,100,RANDOM,3
432,43300,146.04646587371826,44221,44230.23,0,0.38,0.25,20,ONE_POINT,100,100,RANDOM,3
433,43400,146.40332865715027,44187,44193.21,0,0.38,0.25,20,ONE_POINT,100,100,RANDOM,3
434,43500,146.7073929309845,44142,44148.49,0,0.38,0.25,20,ONE_POINT,100,100,RANDOM,3
435,43600,147.0676920413971,44057,44065.38,0,0.38,0.25,20,ONE_POINT,100,100,RANDOM,3
436,43700,147.411691904068,44020,44026.74,0,0.38,0.25,20,ONE_POINT,100,100,RANDOM,3
437,43800,147.77105355262756,43995,44001.03,0,0.38,0.25,20,ONE_POINT,100,100,RANDOM,3
438,43900,148.11760115623474,43916,43933.91,0,0.38,0.25,20,ONE_POINT,100,100,RANDOM,3
439,44000,148.46357321739197,43879,43890.78,0,0.38,0.25,20,ONE_POINT,100,100,RANDOM,3
440,44100,148.7776346206665,43837,43879.13,0,0.38,0.25,20,ONE_POINT,100,100,RANDOM,3
441,44200,149.13777089118958,43804,43808.43,0,0.38,0.25,20,ONE_POINT,100,100,RANDOM,3
442,44300,149.47407722473145,43789,43793.88,0,0.38,0.25,20,ONE_POINT,100,100,RANDOM,3
443,44400,149.80103039741516,43747,43968.47,0,0.38,0.25,20,ONE_POINT,100,100,RANDOM,3
444,44500,150.13598608970642,43712,44033.88,0,0.38,0.25,20,ONE_POINT,100,100,RANDOM,3
445,44600,150.47038221359253,43674,43681.14,0,0.38,0.25,20,ONE_POINT,100,100,RANDOM,3
446,44700,150.77141213417053,43603,43613.55,0,0.38,0.25,20,ONE_POINT,100,100,RANDOM,3
447,44800,151.1031038761139,43589,43596.72,0,0.38,0.25,20,ONE_POINT,100,100,RANDOM,3
448,44900,151.44173407554626,43545,43562.79,0,0.38,0.25,20,ONE_POINT,100,100,RANDOM,3
449,45000,151.78455805778503,43527,43613.83,0,0.38,0.25,20,ONE_POINT,100,100,RANDOM,3
450,45100,152.10926246643066,43477,43491.46,0,0.38,0.25,20,ONE_POINT,100,100,RANDOM,3
451,45200,152.45391631126404,43445,43480.76,0,0.38,0.25,20,ONE_POINT,100,100,RANDOM,3
452,45300,152.78603529930115,43387,43521.02,0,0.38,0.25,20,ONE_POINT,100,100,RANDOM,3
453,45400,153.1110212802887,43352,43486.04,0,0.38,0.25,20,ONE_POINT,100,100,RANDOM,3
454,45500,153.4416093826294,43331,43416.98,0,0.38,0.25,20,ONE_POINT,100,100,RANDOM,3
455,45600,153.77126598358154,43193,43204.24,0,0.38,0.25,20,ONE_POINT,100,100,RANDOM,3
456,45700,154.08765172958374,43168,43172.94,0,0.38,0.25,20,ONE_POINT,100,100,RANDOM,3
457,45800,154.45066452026367,43146,43178.83,0,0.38,0.25,20,ONE_POINT,100,100,RANDOM,3
458,45900,154.77458548545837,43093,43098.6,0,0.38,0.25,20,ONE_POINT,100,100,RANDOM,3
459,46000,155.1244719028473,43075,43079.53,0,0.38,0.25,20,ONE_POINT,100,100,RANDOM,3
460,46100,155.4372639656067,43048,43057.43,0,0.38,0.25,20,ONE_POINT,100,100,RANDOM,3
461,46200,155.73649048805237,43023,43027.9,0,0.38,0.25,20,ONE_POINT,100,100,RANDOM,3
462,46300,156.10935401916504,42987,42996.49,0,0.38,0.25,20,ONE_POINT,100,100,RANDOM,3
463,46400,156.45489025115967,42954,42962.68,0,0.38,0.25,20,ONE_POINT,100,100,RANDOM,3
464,46500,156.79969573020935,42943,42947.68,0,0.38,0.25,20,ONE_POINT,100,100,RANDOM,3
465,46600,157.1421413421631,42902,42907.25,0,0.38,0.25,20,ONE_POINT,100,100,RANDOM,3
466,46700,157.48192024230957,42881,42885.19,0,0.38,0.25,20,ONE_POINT,100,100,RANDOM,3
467,46800,157.81324338912964,42806,42818.08,0,0.38,0.25,20,ONE_POINT,100,100,RANDOM,3
468,46900,158.1793394088745,42767,42773.36,0,0.38,0.25,20,ONE_POINT,100,100,RANDOM,3
469,47000,158.48762369155884,42739,42753.03,0,0.38,0.25,20,ONE_POINT,100,100,RANDOM,3
470,47100,158.81184244155884,42639,42667.03,0,0.38,0.25,20,ONE_POINT,100,100,RANDOM,3
471,47200,159.1483860015869,42606,42616.55,0,0.38,0.25,20,ONE_POINT,100,100,RANDOM,3
472,47300,159.4736840724945,42591,42597.87,0,0.38,0.25,20,ONE_POINT,100,100,RANDOM,3
473,47400,159.8042871952057,42550,42563.5,0,0.38,0.25,20,ONE_POINT,100,100,RANDOM,3
474,47500,160.1386730670929,42522,42530.67,0,0.38,0.25,20,ONE_POINT,100,100,RANDOM,3
475,47600,160.4417107105255,42510,42513.9,0,0.38,0.25,20,ONE_POINT,100,100,RANDOM,3
476,47700,160.77669715881348,42485,42494.28,0,0.38,0.25,20,ONE_POINT,100,100,RANDOM,3
477,47800,161.1260268688202,42447,42478.99,0,0.38,0.25,20,ONE_POINT,100,100,RANDOM,3
478,47900,161.45313930511475,42407,42424.93,0,0.38,0.25,20,ONE_POINT,100,100,RANDOM,3
479,48000,161.8084008693695,42317,42331.75,0,0.38,0.25,20,ONE_POINT,100,100,RANDOM,3
480,48100,162.15779519081116,42315,42322.36,0,0.38,0.25,20,ONE_POINT,100,100,RANDOM,3
481,48200,162.4966959953308,42291,42296.25,0,0.38,0.25,20,ONE_POINT,100,100,RANDOM,3
482,48300,162.8580777645111,42269,42283.97,0,0.38,0.25,20,ONE_POINT,100,100,RANDOM,3
483,48400,163.20498299598694,42217,42231.38,0,0.38,0.25,20,ONE_POINT,100,100,RANDOM,3
484,48500,163.5247130393982,42196,42206.08,0,0.38,0.25,20,ONE_POINT,100,100,RANDOM,3
485,48600,163.86774945259094,42166,42176.87,0,0.38,0.25,20,ONE_POINT,100,100,RANDOM,3
486,48700,164.18911170959473,42131,42142.77,0,0.38,0.25,20,ONE_POINT,100,100,RANDOM,3
487,48800,164.51451969146729,42101,42120.01,0,0.38,0.25,20,ONE_POINT,100,100,RANDOM,3
488,48900,164.88331413269043,42066,42230.98,0,0.38,0.25,20,ONE_POINT,100,100,RANDOM,3
489,49000,165.22781920433044,42031,42134.9,0,0.38,0.25,20,ONE_POINT,100,100,RANDOM,3
490,49100,165.55629324913025,42009,42013.78,0,0.38,0.25,20,ONE_POINT,100,100,RANDOM,3
491,49200,165.88242506980896,41937,41946.67,0,0.38,0.25,20,ONE_POINT,100,100,RANDOM,3
492,49300,166.23082375526428,41915,41919.87,0,0.38,0.25,20,ONE_POINT,100,100,RANDOM,3
493,49400,166.57481241226196,41911,41912.37,0,0.38,0.25,20,ONE_POINT,100,100,RANDOM,3
494,49500,166.88717603683472,41887,41891.08,0,0.38,0.25,20,ONE_POINT,100,100,RANDOM,3
495,49600,167.22306609153748,41875,41876.92,0,0.38,0.25,20,ONE_POINT,100,100,RANDOM,3
496,49700,167.56281280517578,41833,41840.89,0,0.38,0.25,20,ONE_POINT,100,100,RANDOM,3
497,49800,167.8673276901245,41811,41818.88,0,0.38,0.25,20,ONE_POINT,100,100,RANDOM,3
498,49900,168.2072184085846,41779,41828.13,0,0.38,0.25,20,ONE_POINT,100,100,RANDOM,3
499,50000,168.51294779777527,41763,41774.25,0,0.38,0.25,20,ONE_POINT,100,100,RANDOM,3
500,50100,168.8208737373352,41728,41733.47,0,0.38,0.25,20,ONE_POINT,100,100,RANDOM,3
1,200,0.2652909755706787,140254,137666.17,0,0.38,0.25,20,ONE_POINT,100,100,RANDOM,4
2,300,0.604315996170044,135681,135734.62,0,0.38,0.25,20,ONE_POINT,100,100,RANDOM,4
3,400,0.965831995010376,134623,134666.14,0,0.38,0.25,20,ONE_POINT,100,100,RANDOM,4
4,500,1.3815386295318604,133695,133722.84,0,0.38,0.25,20,ONE_POINT,100,100,RANDOM,4
5,600,1.741668939590454,133057,133082.02,0,0.38,0.25,20,ONE_POINT,100,100,RANDOM,4
6,700,2.0997676849365234,132560,132585.27,0,0.38,0.25,20,ONE_POINT,100,100,RANDOM,4
7,800,2.4312987327575684,131943,131973.99,0,0.38,0.25,20,ONE_POINT,100,100,RANDOM,4
8,900,2.745344638824463,131323,131358.52,0,0.38,0.25,20,ONE_POINT,100,100,RANDOM,4
9,1000,3.077511787414551,130703,130738.76,0,0.38,0.25,20,ONE_POINT,100,100,RANDOM,4
10,1100,3.3756442070007324,129911,129941.93,0,0.38,0.25,20,ONE_POINT,100,100,RANDOM,4
11,1200,3.6969947814941406,129155,129182.46,0,0.38,0.25,20,ONE_POINT,100,100,RANDOM,4
12,1300,4.041289567947388,128876,128892.74,0,0.38,0.25,20,ONE_POINT,100,100,RANDOM,4
13,1400,4.354847192764282,128095,128135.88,0,0.38,0.25,20,ONE_POINT,100,100,RANDOM,4
14,1500,4.658146142959595,127580,127605.75,0,0.38,0.25,20,ONE_POINT,100,100,RANDOM,4
15,1600,4.98919415473938,126213,126259.92,0,0.38,0.25,20,ONE_POINT,100,100,RANDOM,4
16,1700,5.306331396102905,125680,125722.56,0,0.38,0.25,20,ONE_POINT,100,100,RANDOM,4
17,1800,5.631855249404907,125359,125378.26,0,0.38,0.25,20,ONE_POINT,100,100,RANDOM,4
18,1900,5.938941240310669,124880,124908.97,0,0.38,0.25,20,ONE_POINT,100,100,RANDOM,4
19,2000,6.302170515060425,124527,124552.32,0,0.38,0.25,20,ONE_POINT,100,100,RANDOM,4
20,2100,6.64730978012085,123680,123716.85,0,0.38,0.25,20,ONE_POINT,100,100,RANDOM,4
21,2200,6.9724509716033936,123257,123284.11,0,0.38,0.25,20,ONE_POINT,100,100,RANDOM,4
22,2300,7.312047481536865,122222,122291.15,0,0.38,0.25,20,ONE_POINT,100,100,RANDOM,4
23,2400,7.621605396270752,121360,121403.1,0,0.38,0.25,20,ONE_POINT,100,100,RANDOM,4
24,2500,7.996764898300171,120995,121013.25,0,0.38,0.25,20,ONE_POINT,100,100,RANDOM,4
25,2600,8.336627006530762,120113,120152.65,0,0.38,0.25,20,ONE_POINT,100,100,RANDOM,4
26,2700,8.664794683456421,118931,119022.66,0,0.38,0.25,20,ONE_POINT,100,100,RANDOM,4
27,2800,8.995217323303223,118352,118378.94,0,0.38,0.25,20,ONE_POINT,100,100,RANDOM,4
28,2900,9.302123308181763,118072,118090.43,0,0.38,0.25,20,ONE_POINT,100,100,RANDOM,4
29,3000,9.619222402572632,117176,117222.5,0,0.38,0.25,20,ONE_POINT,100,100,RANDOM,4
30,3100,9.966241359710693,116672,116705.15,0,0.38,0.25,20,ONE_POINT,100,100,RANDOM,4
31,3200,10.314690113067627,116195,116231.51,0,0.38,0.25,20,ONE_POINT,100,100,RANDOM,4
32,3300,10.686795234680176,115844,115860.54,0,0.38,0.25,20,ONE_POINT,100,100,RANDOM,4
33,3400,11.01085352897644,115290,115426.41,0,0.38,0.25,20,ONE_POINT,100,100,RANDOM,4
34,3500,11.32493257522583,114840,114866.65,0,0.38,0.25,20,ONE_POINT,100,100,RANDOM,4
35,3600,11.679692029953003,114511,114546.66,0,0.38,0.25,20,ONE_POINT,100,100,RANDOM,4
36,3700,12.061117172241211,113602,113656.99,0,0.38,0.25,20,ONE_POINT,100,100,RANDOM,4
37,3800,12.395731687545776,113157,113214.99,0,0.38,0.25,20,ONE_POINT,100,100,RANDOM,4
38,3900,12.71681022644043,112374,112454.14,0,0.38,0.25,20,ONE_POINT,100,100,RANDOM,4
39,4000,13.086427211761475,111925,111943.13,0,0.38,0.25,20,ONE_POINT,100,100,RANDOM,4
40,4100,13.41079306602478,111264,111296.27,0,0.38,0.25,20,ONE_POINT,100,100,RANDOM,4
41,4200,13.771413087844849,110504,110542.35,0,0.38,0.25,20,ONE_POINT,100,100,RANDOM,4
42,4300,14.127843379974365,110267,110296.77,0,0.38,0.25,20,ONE_POINT,100,100,RANDOM,4
43,4400,14.432865142822266,109941,109978.38,0,0.38,0.25,20,ONE_POINT,100,100,RANDOM,4
44,4500,14.79280686378479,109228,109260.56,0,0.38,0.25,20,ONE_POINT,100,100,RANDOM,4
45,4600,15.130296468734741,108722,108751.01,0,0.38,0.25,20,ONE_POINT,100,100,RANDOM,4
46,4700,15.463855981826782,107863,107898.48,0,0.38,0.25,20,ONE_POINT,100,100,RANDOM,4
47,4800,15.802450895309448,107247,107274.39,0,0.38,0.25,20,ONE_POINT,100,100,RANDOM,4
48,4900,16.164237022399902,106844,106876.87,0,0.38,0.25,20,ONE_POINT,100,100,RANDOM,4
49,5000,16.503061294555664,106427,106447.66,0,0.38,0.25,20,ONE_POINT,100,100,RANDOM,4
50,5100,16.841343641281128,105792,105836.83,0,0.38,0.25,20,ONE_POINT,100,100,RANDOM,4
51,5200,17.184553384780884,105100,105131.68,0,0.38,0.25,20,ONE_POINT,100,100,RANDOM,4
52,5300,17.522202730178833,104811,104881.95,0,0.38,0.25,20,ONE_POINT,100,100,RANDOM,4
53,5400,17.82804274559021,104449,104474.22,0,0.38,0.25,20,ONE_POINT,100,100,RANDOM,4
54,5500,18.172744274139404,103920,103945.76,0,0.38,0.25,20,ONE_POINT,100,100,RANDOM,4
55,5600,18.53255844116211,103463,103482.12,0,0.38,0.25,20,ONE_POINT,100,100,RANDOM,4
56,5700,18.875264644622803,102809,102843.43,0,0.38,0.25,20,ONE_POINT,100,100,RANDOM,4
57,5800,19.207295656204224,102408,102433.0,0,0.38,0.25,20,ONE_POINT,100,100,RANDOM,4
58,5900,19.52225375175476,101915,101943.66,0,0.38,0.25,20,ONE_POINT,100,100,RANDOM,4
59,6000,19.841082096099854,101300,101330.75,0,0.38,0.25,20,ONE_POINT,100,100,RANDOM,4
60,6100,20.202596426010132,100862,100883.9,0,0.38,0.25,20,ONE_POINT,100,100,RANDOM,4
61,6200,20.54709219932556,100209,100237.01,0,0.38,0.25,20,ONE_POINT,100,100,RANDOM,4
62,6300,20.863821744918823,100040,100050.49,0,0.38,0.25,20,ONE_POINT,100,100,RANDOM,4
63,6400,21.165756940841675,99739,99751.04,0,0.38,0.25,20,ONE_POINT,100,100,RANDOM,4
64,6500,21.50482416152954,99052,99168.72,0,0.38,0.25,20,ONE_POINT,100,100,RANDOM,4
65,6600,21.81921076774597,98508,98528.53,0,0.38,0.25,20,ONE_POINT,100,100,RANDOM,4
66,6700,22.141715049743652,98174,98195.63,0,0.38,0.25,20,ONE_POINT,100,100,RANDOM,4
67,6800,22.500494480133057,97872,97889.5,0,0.38,0.25,20,ONE_POINT,100,100,RANDOM,4
68,6900,22.81829571723938,97738,97768.67,0,0.38,0.25,20,ONE_POINT,100,100,RANDOM,4
69,7000,23.153987407684326,97549,97560.34,0,0.38,0.25,20,ONE_POINT,100,100,RANDOM,4
70,7100,23.455413103103638,96950,96975.98,0,0.38,0.25,20,ONE_POINT,100,100,RANDOM,4
71,7200,23.81362247467041,96480,96505.48,0,0.38,0.25,20,ONE_POINT,100,100,RANDOM,4
72,7300,24.159396409988403,96097,96127.11,0,0.38,0.25,20,ONE_POINT,100,100,RANDOM,4
73,7400,24.501219034194946,95503,95564.95,0,0.38,0.25,20,ONE_POINT,100,100,RANDOM,4
74,7500,24.831811666488647,95306,95323.46,0,0.38,0.25,20,ONE_POINT,100,100,RANDOM,4
75,7600,25.176581144332886,95145,95174.35,0,0.38,0.25,20,ONE_POINT,100,100,RANDOM,4
76,7700,25.47602081298828,94713,94729.99,0,0.38,0.25,20,ONE_POINT,100,100,RANDOM,4
77,7800,25.794538736343384,94199,94224.7,0,0.38,0.25,20,ONE_POINT,100,100,RANDOM,4
78,7900,26.146018743515015,93922,93936.13,0,0.38,0.25,20,ONE_POINT,100,100,RANDOM,4
79,8000,26.47492027282715,93640,93671.26,0,0.38,0.25,20,ONE_POINT,100,100,RANDOM,4
80,8100,26.834991931915283,93343,93368.69,0,0.38,0.25,20,ONE_POINT,100,100,RANDOM,4
81,8200,27.148333072662354,92726,92750.68,0,0.38,0.25,20,ONE_POINT,100,100,RANDOM,4
82,8300,27.496031761169434,92342,92361.2,0,0.38,0.25,20,ONE_POINT,100,100,RANDOM,4
83,8400,27.835309982299805,92066,92080.23,0,0.38,0.25,20,ONE_POINT,100,100,RANDOM,4
84,8500,28.16913628578186,91819,91839.49,0,0.38,0.25,20,ONE_POINT,100,100,RANDOM,4
85,8600,28.521475553512573,91521,91547.81,0,0.38,0.25,20,ONE_POINT,100,100,RANDOM,4
86,8700,28.84056806564331,91280,91295.03,0,0.38,0.25,20,ONE_POINT,100,100,RANDOM,4
87,8800,29.17698073387146,91078,91089.78,0,0.38,0.25,20,ONE_POINT,100,100,RANDOM,4
88,8900,29.495412349700928,90915,90924.78,0,0.38,0.25,20,ONE_POINT,100,100,RANDOM,4
89,9000,29.86905527114868,90572,90592.58,0,0.38,0.25,20,ONE_POINT,100,100,RANDOM,4
90,9100,30.189411878585815,90313,90323.34,0,0.38,0.25,20,ONE_POINT,100,100,RANDOM,4
91,9200,30.54308557510376,89979,90008.71,0,0.38,0.25,20,ONE_POINT,100,100,RANDOM,4
92,9300,30.84784770011902,89802,89811.13,0,0.38,0.25,20,ONE_POINT,100,100,RANDOM,4
93,9400,31.188076496124268,89422,89489.85,0,0.38,0.25,20,ONE_POINT,100,100,RANDOM,4
94,9500,31.54881501197815,89063,89088.72,0,0.38,0.25,20,ONE_POINT,100,100,RANDOM,4
95,9600,31.908249855041504,88573,88592.8,0,0.38,0.25,20,ONE_POINT,100,100,RANDOM,4
96,9700,32.26057529449463,88348,88361.58,0,0.38,0.25,20,ONE_POINT,100,100,RANDOM,4
97,9800,32.57813286781311,87707,87734.85,0,0.38,0.25,20,ONE_POINT,100,100,RANDOM,4
98,9900,32.90253806114197,87437,87450.26,0,0.38,0.25,20,ONE_POINT,100,100,RANDOM,4
99,10000,33.29178023338318,87261,87272.03,0,0.38,0.25,20,ONE_POINT,100,100,RANDOM,4
100,10100,33.6664023399353,86958,86974.03,0,0.38,0.25,20,ONE_POINT,100,100,RANDOM,4
101,10200,34.01292181015015,86331,86356.08,0,0.38,0.25,20,ONE_POINT,100,100,RANDOM,4
102,10300,34.3473641872406,86011,86030.98,0,0.38,0.25,20,ONE_POINT,100,100,RANDOM,4
103,10400,34.70605754852295,85642,85656.17,0,0.38,0.25,20,ONE_POINT,100,100,RANDOM,4
104,10500,35.09451746940613,85347,85371.75,0,0.38,0.25,20,ONE_POINT,100,100,RANDOM,4
105,10600,35.48728370666504,84900,84955.73,0,0.38,0.25,20,ONE_POINT,100,100,RANDOM,4
106,10700,35.860963344573975,84648,84694.3,0,0.38,0.25,20,ONE_POINT,100,100,RANDOM,4
107,10800,36.1736114025116,84244,84262.07,0,0.38,0.25,20,ONE_POINT,100,100,RANDOM,4
108,10900,36.51664853096008,83960,84004.41,0,0.38,0.25,20,ONE_POINT,100,100,RANDOM,4
109,11000,36.87390112876892,83603,83617.28,0,0.38,0.25,20,ONE_POINT,100,100,RANDOM,4
110,11100,37.21544289588928,83420,83431.74,0,0.38,0.25,20,ONE_POINT,100,100,RANDOM,4
111,11200,37.51562213897705,82911,82953.61,0,0.38,0.25,20,ONE_POINT,100,100,RANDOM,4
112,11300,37.830708265304565,82793,82797.72,0,0.38,0.25,20,ONE_POINT,100,100,RANDOM,4
113,11400,38.174235105514526,82517,82530.8,0,0.38,0.25,20,ONE_POINT,100,100,RANDOM,4
114,11500,38.522911071777344,82404,82414.17,0,0.38,0.25,20,ONE_POINT,100,100,RANDOM,4
115,11600,38.828744649887085,82154,82232.23,0,0.38,0.25,20,ONE_POINT,100,100,RANDOM,4
116,11700,39.150858879089355,81872,81888.62,0,0.38,0.25,20,ONE_POINT,100,100,RANDOM,4
117,11800,39.48499393463135,81546,81589.28,0,0.38,0.25,20,ONE_POINT,100,100,RANDOM,4
118,11900,39.80593252182007,81181,81299.79,0,0.38,0.25,20,ONE_POINT,100,100,RANDOM,4
119,12000,40.17569303512573,81009,81026.07,0,0.38,0.25,20,ONE_POINT,100,100,RANDOM,4
120,12100,40.52849316596985,80827,80889.27,0,0.38,0.25,20,ONE_POINT,100,100,RANDOM,4
121,12200,40.841713666915894,80573,80585.27,0,0.38,0.25,20,ONE_POINT,100,100,RANDOM,4
122,12300,41.181044578552246,80188,80308.82,0,0.38,0.25,20,ONE_POINT,100,100,RANDOM,4
123,12400,41.516631841659546,79819,79875.48,0,0.38,0.25,20,ONE_POINT,100,100,RANDOM,4
124,12500,41.85965418815613,79672,79684.67,0,0.38,0.25,20,ONE_POINT,100,100,RANDOM,4
125,12600,42.16780400276184,79511,79561.67,0,0.38,0.25,20,ONE_POINT,100,100,RANDOM,4
126,12700,42.52587366104126,78802,78830.36,0,0.38,0.25,20,ONE_POINT,100,100,RANDOM,4
127,12800,42.8475546836853,78251,78297.92,0,0.38,0.25,20,ONE_POINT,100,100,RANDOM,4
128,12900,43.202438831329346,77988,78030.16,0,0.38,0.25,20,ONE_POINT,100,100,RANDOM,4
129,13000,43.55442452430725,77785,77803.77,0,0.38,0.25,20,ONE_POINT,100,100,RANDOM,4
130,13100,43.903769969940186,77584,77596.47,0,0.38,0.25,20,ONE_POINT,100,100,RANDOM,4
131,13200,44.27124643325806,77340,77421.45,0,0.38,0.25,20,ONE_POINT,100,100,RANDOM,4
132,13300,44.638718128204346,77056,77091.36,0,0.38,0.25,20,ONE_POINT,100,100,RANDOM,4
133,13400,44.95199155807495,76551,76583.43,0,0.38,0.25,20,ONE_POINT,100,100,RANDOM,4
134,13500,45.25614285469055,76413,76424.22,0,0.38,0.25,20,ONE_POINT,100,100,RANDOM,4
135,13600,45.617741107940674,76193,76211.88,0,0.38,0.25,20,ONE_POINT,100,100,RANDOM,4
136,13700,45.9852249622345,75938,75952.32,0,0.38,0.25,20,ONE_POINT,100,100,RANDOM,4
137,13800,46.3063759803772,75748,75761.33,0,0.38,0.25,20,ONE_POINT,100,100,RANDOM,4
138,13900,46.667574644088745,75487,75533.12,0,0.38,0.25,20,ONE_POINT,100,100,RANDOM,4
139,14000,46.976338386535645,75333,75389.69,0,0.38,0.25,20,ONE_POINT,100,100,RANDOM,4
140,14100,47.30652475357056,74993,75056.24,0,0.38,0.25,20,ONE_POINT,100,100,RANDOM,4
141,14200,47.63070845603943,74932,74983.05,0,0.38,0.25,20,ONE_POINT,100,100,RANDOM,4
142,14300,47.97923302650452,74845,74851.96,0,0.38,0.25,20,ONE_POINT,100,100,RANDOM,4
143,14400,48.286579847335815,74707,74718.38,0,0.38,0.25,20,ONE_POINT,100,100,RANDOM,4
144,14500,48.61755037307739,74616,74638.11,0,0.38,0.25,20,ONE_POINT,100,100,RANDOM,4
145,14600,48.938822984695435,74267,74316.16,0,0.38,0.25,20,ONE_POINT,100,100,RANDOM,4
146,14700,49.285515785217285,73938,73954.45,0,0.38,0.25,20,ONE_POINT,100,100,RANDOM,4
147,14800,49.611215353012085,73758,73799.23,0,0.38,0.25,20,ONE_POINT,100,100,RANDOM,4
148,14900,49.958895444869995,73537,73555.01,0,0.38,0.25,20,ONE_POINT,100,100,RANDOM,4
149,15000,50.285951137542725,73302,73333.43,0,0.38,0.25,20,ONE_POINT,100,100,RANDOM,4
150,15100,50.61321830749512,73074,73103.6,0,0.38,0.25,20,ONE_POINT,100,100,RANDOM,4
151,15200,50.97353529930115,72838,72851.41,0,0.38,0.25,20,ONE_POINT,100,100,RANDOM,4
152,15300,51.31022882461548,72457,72476.8,0,0.38,0.25,20,ONE_POINT,100,100,RANDOM,4
153,15400,51.67286157608032,72388,72415.42,0,0.38,0.25,20,ONE_POINT,100,100,RANDOM,4
154,15500,52.0438129901886,72297,72307.48,0,0.38,0.25,20,ONE_POINT,100,100,RANDOM,4
155,15600,52.36407208442688,72113,72155.36,0,0.38,0.25,20,ONE_POINT,100,100,RANDOM,4
156,15700,52.70094966888428,71948,71965.87,0,0.38,0.25,20,ONE_POINT,100,100,RANDOM,4
157,15800,53.052637338638306,71705,71722.76,0,0.38,0.25,20,ONE_POINT,100,100,RANDOM,4
158,15900,53.413589000701904,71573,71592.86,0,0.38,0.25,20,ONE_POINT,100,100,RANDOM,4
159,16000,53.766231298446655,70456,70501.1,0,0.38,0.25,20,ONE_POINT,100,100,RANDOM,4
160,16100,54.08650016784668,70274,70375.64,0,0.38,0.25,20,ONE_POINT,100,100,RANDOM,4
161,16200,54.43338632583618,70073,70136.26,0,0.38,0.25,20,ONE_POINT,100,100,RANDOM,4
162,16300,54.765299558639526,69920,69982.92,0,0.38,0.25,20,ONE_POINT,100,100,RANDOM,4
163,16400,55.12177109718323,69838,69911.43,0,0.38,0.25,20,ONE_POINT,100,100,RANDOM,4
164,16500,55.43884587287903,69707,69751.03,0,0.38,0.25,20,ONE_POINT,100,100,RANDOM,4
165,16600,55.7809042930603,69502,69635.02,0,0.38,0.25,20,ONE_POINT,100,100,RANDOM,4
166,16700,56.121392011642456,69243,69260.74,0,0.38,0.25,20,ONE_POINT,100,100,RANDOM,4
167,16800,56.46390199661255,69117,69138.49,0,0.38,0.25,20,ONE_POINT,100,100,RANDOM,4
168,16900,56.78617191314697,68970,68983.02,0,0.38,0.25,20,ONE_POINT,100,100,RANDOM,4
169,17000,57.13546347618103,68591,68616.1,0,0.38,0.25,20,ONE_POINT,100,100,RANDOM,4
170,17100,57.47958707809448,68463,68486.77,0,0.38,0.25,20,ONE_POINT,100,100,RANDOM,4
171,17200,57.82969379425049,68335,68348.84,0,0.38,0.25,20,ONE_POINT,100,100,RANDOM,4
172,17300,58.1411235332489,68158,68173.21,0,0.38,0.25,20,ONE_POINT,100,100,RANDOM,4
173,17400,58.47319149971008,68047,68070.78,0,0.38,0.25,20,ONE_POINT,100,100,RANDOM,4
174,17500,58.8227961063385,67929,67976.41,0,0.38,0.25,20,ONE_POINT,100,100,RANDOM,4
175,17600,59.1293420791626,67785,67797.59,0,0.38,0.25,20,ONE_POINT,100,100,RANDOM,4
176,17700,59.454893589019775,67689,67721.74,0,0.38,0.25,20,ONE_POINT,100,100,RANDOM,4
177,17800,59.81157183647156,67420,67456.96,0,0.38,0.25,20,ONE_POINT,100,100,RANDOM,4
178,17900,60.14105582237244,67307,67384.84,0,0.38,0.25,20,ONE_POINT,100,100,RANDOM,4
179,18000,60.48705458641052,66970,67017.71,0,0.38,0.25,20,ONE_POINT,100,100,RANDOM,4
180,18100,60.807076930999756,66674,66691.65,0,0.38,0.25,20,ONE_POINT,100,100,RANDOM,4
181,18200,61.113125801086426,66505,66520.38,0,0.38,0.25,20,ONE_POINT,100,100,RANDOM,4
182,18300,61.44409894943237,66153,66185.96,0,0.38,0.25,20,ONE_POINT,100,100,RANDOM,4
183,18400,61.80955958366394,65833,65855.72,0,0.38,0.25,20,ONE_POINT,100,100,RANDOM,4
184,18500,62.11174964904785,65663,65682.57,0,0.38,0.25,20,ONE_POINT,100,100,RANDOM,4
185,18600,62.46255898475647,65477,65503.5,0,0.38,0.25,20,ONE_POINT,100,100,RANDOM,4
186,18700,62.7769820690155,65180,65208.67,0,0.38,0.25,20,ONE_POINT,100,100,RANDOM,4
187,18800,63.12915825843811,65118,65124.24,0,0.38,0.25,20,ONE_POINT,100,100,RANDOM,4
188,18900,63.464680910110474,64915,64987.0,0,0.38,0.25,20,ONE_POINT,100,100,RANDOM,4
189,19000,63.802420139312744,64809,64817.76,0,0.38,0.25,20,ONE_POINT,100,100,RANDOM,4
190,19100,64.14729022979736,64604,64622.23,0,0.38,0.25,20,ONE_POINT,100,100,RANDOM,4
191,19200,64.48239159584045,64513,64522.1,0,0.38,0.25,20,ONE_POINT,100,100,RANDOM,4
192,19300,64.81142950057983,64235,64293.88,0,0.38,0.25,20,ONE_POINT,100,100,RANDOM,4
193,19400,65.1133725643158,64054,64066.67,0,0.38,0.25,20,ONE_POINT,100,100,RANDOM,4
194,19500,65.41691327095032,63820,63838.19,0,0.38,0.25,20,ONE_POINT,100,100,RANDOM,4
195,19600,65.7318480014801,63577,63609.13,0,0.38,0.25,20,ONE_POINT,100,100,RANDOM,4
196,19700,66.05602359771729,63445,63455.35,0,0.38,0.25,20,ONE_POINT,100,100,RANDOM,4
197,19800,66.42570066452026,63205,63396.66,0,0.38,0.25,20,ONE_POINT,100,100,RANDOM,4
198,19900,66.73573517799377,63061,63076.52,0,0.38,0.25,20,ONE_POINT,100,100,RANDOM,4
199,20000,67.04893827438354,62856,62873.71,0,0.38,0.25,20,ONE_POINT,100,100,RANDOM,4
200,20100,67.40407633781433,62788,62810.78,0,0.38,0.25,20,ONE_POINT,100,100,RANDOM,4
201,20200,67.7658441066742,62648,62660.17,0,0.38,0.25,20,ONE_POINT,100,100,RANDOM,4
202,20300,68.10032367706299,62566,62766.63,0,0.38,0.25,20,ONE_POINT,100,100,RANDOM,4
203,20400,68.45301675796509,62465,62475.92,0,0.38,0.25,20,ONE_POINT,100,100,RANDOM,4
204,20500,68.80924105644226,62305,62335.39,0,0.38,0.25,20,ONE_POINT,100,100,RANDOM,4
205,20600,69.1853711605072,62159,62170.67,0,0.38,0.25,20,ONE_POINT,100,100,RANDOM,4
206,20700,69.54539585113525,62001,62018.67,0,0.38,0.25,20,ONE_POINT,100,100,RANDOM,4
207,20800,69.8868420124054,61795,61882.42,0,0.38,0.25,20,ONE_POINT,100,100,RANDOM,4
208,20900,70.23764562606812,61581,61596.97,0,0.38,0.25,20,ONE_POINT,100,100,RANDOM,4
209,21000,70.61131548881531,61540,61551.01,0,0.38,0.25,20,ONE_POINT,100,100,RANDOM,4
210,21100,70.93921136856079,61386,61442.4,0,0.38,0.25,20,ONE_POINT,100,100,RANDOM,4
211,21200,71.26800227165222,61219,61303.53,0,0.38,0.25,20,ONE_POINT,100,100,RANDOM,4
212,21300,71.6124496459961,61036,61050.85,0,0.38,0.25,20,ONE_POINT,100,100,RANDOM,4
213,21400,71.96439170837402,60916,60928.63,0,0.38,0.25,20,ONE_POINT,100,100,RANDOM,4
214,21500,72.3156065940857,60814,60829.96,0,0.38,0.25,20,ONE_POINT,100,100,RANDOM,4
215,21600,72.65432047843933,60626,60646.06,0,0.38,0.25,20,ONE_POINT,100,100,RANDOM,4
216,21700,72.97436022758484,60469,60481.56,0,0.38,0.25,20,ONE_POINT,100,100,RANDOM,4
217,21800,73.3109085559845,60366,60380.56,0,0.38,0.25,20,ONE_POINT,100,100,RANDOM,4
218,21900,73.66072845458984,60288,60296.4,0,0.38,0.25,20,ONE_POINT,100,100,RANDOM,4
219,22000,73.99516987800598,60242,60264.2,0,0.38,0.25,20,ONE_POINT,100,100,RANDOM,4
220,22100,74.3372437953949,60099,60113.82,0,0.38,0.25,20,ONE_POINT,100,100,RANDOM,4
221,22200,74.66680431365967,59994,60008.44,0,0.38,0.25,20,ONE_POINT,100,100,RANDOM,4
222,22300,75.01850390434265,59772,59792.16,0,0.38,0.25,20,ONE_POINT,100,100,RANDOM,4
223,22400,75.35339546203613,59631,59662.05,0,0.38,0.25,20,ONE_POINT,100,100,RANDOM,4
224,22500,75.6692385673523,59504,59534.23,0,0.38,0.25,20,ONE_POINT,100,100,RANDOM,4
225,22600,75.99497175216675,59392,59467.61,0,0.38,0.25,20,ONE_POINT,100,100,RANDOM,4
226,22700,76.33653259277344,59314,59340.96,0,0.38,0.25,20,ONE_POINT,100,100,RANDOM,4
227,22800,76.67094421386719,59148,59175.15,0,0.38,0.25,20,ONE_POINT,100,100,RANDOM,4
228,22900,76.99515318870544,58959,58981.92,0,0.38,0.25,20,ONE_POINT,100,100,RANDOM,4
229,23000,77.35457134246826,58677,58696.74,0,0.38,0.25,20,ONE_POINT,100,100,RANDOM,4
230,23100,77.72983765602112,58579,58594.09,0,0.38,0.25,20,ONE_POINT,100,100,RANDOM,4
231,23200,78.06424832344055,58415,58439.14,0,0.38,0.25,20,ONE_POINT,100,100,RANDOM,4
232,23300,78.41104364395142,58369,58478.07,0,0.38,0.25,20,ONE_POINT,100,100,RANDOM,4
233,23400,78.74406552314758,58253,58263.99,0,0.38,0.25,20,ONE_POINT,100,100,RANDOM,4
234,23500,79.04761862754822,58162,58244.18,0,0.38,0.25,20,ONE_POINT,100,100,RANDOM,4
235,23600,79.3855037689209,58063,58077.17,0,0.38,0.25,20,ONE_POINT,100,100,RANDOM,4
236,23700,79.7193672657013,57994,58002.41,0,0.38,0.25,20,ONE_POINT,100,100,RANDOM,4
237,23800,80.02956557273865,57872,57888.5,0,0.38,0.25,20,ONE_POINT,100,100,RANDOM,4
238,23900,80.40077185630798,57749,57768.36,0,0.38,0.25,20,ONE_POINT,100,100,RANDOM,4
239,24000,80.77280187606812,57632,57644.4,0,0.38,0.25,20,ONE_POINT,100,100,RANDOM,4
240,24100,81.14096426963806,57543,57554.29,0,0.38,0.25,20,ONE_POINT,100,100,RANDOM,4
241,24200,81.47100186347961,57312,57416.33,0,0.38,0.25,20,ONE_POINT,100,100,RANDOM,4
242,24300,81.82424068450928,57229,57238.71,0,0.38,0.25,20,ONE_POINT,100,100,RANDOM,4
243,24400,82.19020009040833,57017,57045.41,0,0.38,0.25,20,ONE_POINT,100,100,RANDOM,4
244,24500,82.49449276924133,56868,56927.12,0,0.38,0.25,20,ONE_POINT,100,100,RANDOM,4
245,24600,82.84137463569641,56797,56804.48,0,0.38,0.25,20,ONE_POINT,100,100,RANDOM,4
246,24700,83.18101787567139,56748,56751.92,0,0.38,0.25,20,ONE_POINT,100,100,RANDOM,4
247,24800,83.5066032409668,56653,56804.78,0,0.38,0.25,20,ONE_POINT,100,100,RANDOM,4
248,24900,83.84248542785645,56542,56555.23,0,0.38,0.25,20,ONE_POINT,100,100,RANDOM,4
249,25000,84.19231653213501,56409,56419.64,0,0.38,0.25,20,ONE_POINT,100,100,RANDOM,4
250,25100,84.51508378982544,56327,56336.07,0,0.38,0.25,20,ONE_POINT,100,100,RANDOM,4
251,25200,84.85548377037048,56255,56268.01,0,0.38,0.25,20,ONE_POINT,100,100,RANDOM,4
252,25300,85.17621612548828,56159,56187.03,0,0.38,0.25,20,ONE_POINT,100,100,RANDOM,4
253,25400,85.50964307785034,55993,56003.89,0,0.38,0.25,20,ONE_POINT,100,100,RANDOM,4
254,25500,85.8640387058258,55910,55918.03,0,0.38,0.25,20,ONE_POINT,100,100,RANDOM,4
255,25600,86.19197034835815,55734,55752.98,0,0.38,0.25,20,ONE_POINT,100,100,RANDOM,4
256,25700,86.54660701751709,55574,55589.95,0,0.38,0.25,20,ONE_POINT,100,100,RANDOM,4
257,25800,86.89145302772522,55507,55517.19,0,0.38,0.25,20,ONE_POINT,100,100,RANDOM,4
258,25900,87.23272347450256,55477,55488.03,0,0.38,0.25,20,ONE_POINT,100,100,RANDOM,4
259,26000,87.55411863327026,55393,55409.9,0,0.38,0.25,20,ONE_POINT,100,100,RANDOM,4
260,26100,87.8980507850647,55275,55314.58,0,0.38,0.25,20,ONE_POINT,100,100,RANDOM,4
261,26200,88.22007274627686,55200,55224.48,0,0.38,0.25,20,ONE_POINT,100,100,RANDOM,4
262,26300,88.57983231544495,55102,55113.91,0,0.38,0.25,20,ONE_POINT,100,100,RANDOM,4
263,26400,88.95163893699646,55027,55036.88,0,0.38,0.25,20,ONE_POINT,100,100,RANDOM,4
264,26500,89.25948452949524,54964,54978.83,0,0.38,0.25,20,ONE_POINT,100,100,RANDOM,4
265,26600,89.59301519393921,54884,54949.48,0,0.38,0.25,20,ONE_POINT,100,100,RANDOM,4
266,26700,89.93944931030273,54794,54821.7,0,0.38,0.25,20,ONE_POINT,100,100,RANDOM,4
267,26800,90.29639077186584,54638,54648.94,0,0.38,0.25,20,ONE_POINT,100,100,RANDOM,4
268,26900,90.63518261909485,54552,54606.91,0,0.38,0.25,20,ONE_POINT,100,100,RANDOM,4
269,27000,90.98819971084595,54462,54483.67,0,0.38,0.25,20,ONE_POINT,100,100,RANDOM,4
270,27100,91.33847284317017,54266,54282.58,0,0.38,0.25,20,ONE_POINT,100,100,RANDOM,4
271,27200,91.68286037445068,54174,54188.27,0,0.38,0.25,20,ONE_POINT,100,100,RANDOM,4
272,27300,92.03701758384705,54099,54110.61,0,0.38,0.25,20,ONE_POINT,100,100,RANDOM,4
273,27400,92.33750653266907,54031,54038.8,0,0.38,0.25,20,ONE_POINT,100,100,RANDOM,4
274,27500,92.69066739082336,53888,53903.69,0,0.38,0.25,20,ONE_POINT,100,100,RANDOM,4
275,27600,93.03178143501282,53707,53732.78,0,0.38,0.25,20,ONE_POINT,100,100,RANDOM,4
276,27700,93.37555742263794,53658,53662.94,0,0.38,0.25,20,ONE_POINT,100,100,RANDOM,4
277,27800,93.7279942035675,53604,53620.81,0,0.38,0.25,20,ONE_POINT,100,100,RANDOM,4
278,27900,94.04378843307495,53528,53555.77,0,0.38,0.25,20,ONE_POINT,100,100,RANDOM,4
279,28000,94.40935015678406,53417,53427.48,0,0.38,0.25,20,ONE_POINT,100,100,RANDOM,4
280,28100,94.7383496761322,53270,53290.66,0,0.38,0.25,20,ONE_POINT,100,100,RANDOM,4
281,28200,95.05686140060425,53129,53141.66,0,0.38,0.25,20,ONE_POINT,100,100,RANDOM,4
282,28300,95.42112231254578,53012,53023.11,0,0.38,0.25,20,ONE_POINT,100,100,RANDOM,4
283,28400,95.75206661224365,52841,52877.97,0,0.38,0.25,20,ONE_POINT,100,100,RANDOM,4
284,28500,96.09323740005493,52766,52777.64,0,0.38,0.25,20,ONE_POINT,100,100,RANDOM,4
285,28600,96.40054059028625,52730,52734.83,0,0.38,0.25,20,ONE_POINT,100,100,RANDOM,4
286,28700,96.73959732055664,52634,52652.94,0,0.38,0.25,20,ONE_POINT,100,100,RANDOM,4
287,28800,97.09661841392517,52541,52566.16,0,0.38,0.25,20,ONE_POINT,100,100,RANDOM,4
288,28900,97.44433116912842,52436,52468.52,0,0.38,0.25,20,ONE_POINT,100,100,RANDOM,4
289,29000,97.78027200698853,52330,52363.48,0,0.38,0.25,20,ONE_POINT,100,100,RANDOM,4
290,29100,98.13925552368164,52279,52299.59,0,0.38,0.25,20,ONE_POINT,100,100,RANDOM,4
291,29200,98.49175500869751,52162,52188.47,0,0.38,0.25,20,ONE_POINT,100,100,RANDOM,4
292,29300,98.84489560127258,51930,51955.07,0,0.38,0.25,20,ONE_POINT,100,100,RANDOM,4
293,29400,99.19284272193909,51757,51925.24,0,0.38,0.25,20,ONE_POINT,100,100,RANDOM,4
294,29500,99.50866413116455,51691,51700.17,0,0.38,0.25,20,ONE_POINT,100,100,RANDOM,4
295,29600,99.86738896369934,51593,51604.19,0,0.38,0.25,20,ONE_POINT,100,100,RANDOM,4
296,29700,100.18293285369873,51476,51498.08,0,0.38,0.25,20,ONE_POINT,100,100,RANDOM,4
297,29800,100.55781698226929,51366,51380.85,0,0.38,0.25,20,ONE_POINT,100,100,RANDOM,4
298,29900,100.89434027671814,51287,51315.44,0,0.38,0.25,20,ONE_POINT,100,100,RANDOM,4
299,30000,101.20305395126343,51226,51271.36,0,0.38,0.25,20,ONE_POINT,100,100,RANDOM,4
300,30100,101.52336359024048,51141,51156.43,0,0.38,0.25,20,ONE_POINT,100,100,RANDOM,4
301,30200,101.8890106678009,50955,50992.0,0,0.38,0.25,20,ONE_POINT,100,100,RANDOM,4
302,30300,102.25530338287354,50885,50933.07,0,0.38,0.25,20,ONE_POINT,100,100,RANDOM,4
303,30400,102.61157894134521,50744,50778.85,0,0.38,0.25,20,ONE_POINT,100,100,RANDOM,4
304,30500,102.97941756248474,50661,50673.8,0,0.38,0.25,20,ONE_POINT,100,100,RANDOM,4
305,30600,103.34658575057983,50497,50516.09,0,0.38,0.25,20,ONE_POINT,100,100,RANDOM,4
306,30700,103.67837858200073,50418,50558.79,0,0.38,0.25,20,ONE_POINT,100,100,RANDOM,4
307,30800,104.01481699943542,50387,50391.57,0,0.38,0.25,20,ONE_POINT,100,100,RANDOM,4
308,30900,104.38371205329895,50344,50353.13,0,0.38,0.25,20,ONE_POINT,100,100,RANDOM,4
309,31000,104.69318413734436,50254,50282.07,0,0.38,0.25,20,ONE_POINT,100,100,RANDOM,4
310,31100,105.04825687408447,50207,50219.22,0,0.38,0.25,20,ONE_POINT,100,100,RANDOM,4
311,31200,105.41423511505127,50135,50147.54,0,0.38,0.25,20,ONE_POINT,100,100,RANDOM,4
312,31300,105.72762870788574,50038,50048.6,0,0.38,0.25,20,ONE_POINT,100,100,RANDOM,4
313,31400,106.05884718894958,49915,49927.5,0,0.38,0.25,20,ONE_POINT,100,100,RANDOM,4
314,31500,106.37895584106445,49827,49837.87,0,0.38,0.25,20,ONE_POINT,100,100,RANDOM,4
315,31600,106.70873093605042,49793,49797.96,0,0.38,0.25,20,ONE_POINT,100,100,RANDOM,4
316,31700,107.05127358436584,49767,49779.88,0,0.38,0.25,20,ONE_POINT,100,100,RANDOM,4
317,31800,107.39977431297302,49715,49906.25,0,0.38,0.25,20,ONE_POINT,100,100,RANDOM,4
318,31900,107.75938868522644,49640,49657.72,0,0.38,0.25,20,ONE_POINT,100,100,RANDOM,4
319,32000,108.10059523582458,49610,49629.78,0,0.38,0.25,20,ONE_POINT,100,100,RANDOM,4
320,32100,108.4257915019989,49518,49586.45,0,0.38,0.25,20,ONE_POINT,100,100,RANDOM,4
321,32200,108.75471067428589,49459,49468.73,0,0.38,0.25,20,ONE_POINT,100,100,RANDOM,4
322,32300,109.06556940078735,49401,49408.87,0,0.38,0.25,20,ONE_POINT,100,100,RANDOM,4
323,32400,109.41237545013428,49333,49351.27,0,0.38,0.25,20,ONE_POINT,100,100,RANDOM,4
324,32500,109.76379752159119,49301,49363.0,0,0.38,0.25,20,ONE_POINT,100,100,RANDOM,4
325,32600,110.08726358413696,49284,49288.44,0,0.38,0.25,20,ONE_POINT,100,100,RANDOM,4
326,32700,110.41449356079102,49167,49193.17,0,0.38,0.25,20,ONE_POINT,100,100,RANDOM,4
327,32800,110.7620370388031,49093,49100.4,0,0.38,0.25,20,ONE_POINT,100,100,RANDOM,4
328,32900,111.11209344863892,49025,49037.8,0,0.38,0.25,20,ONE_POINT,100,100,RANDOM,4
329,33000,111.46255707740784,48946,48964.32,0,0.38,0.25,20,ONE_POINT,100,100,RANDOM,4
330,33100,111.77383708953857,48847,48859.28,0,0.38,0.25,20,ONE_POINT,100,100,RANDOM,4
331,33200,112.1330680847168,48739,48757.66,0,0.38,0.25,20,ONE_POINT,100,100,RANDOM,4
332,33300,112.49339866638184,48663,48675.16,0,0.38,0.25,20,ONE_POINT,100,100,RANDOM,4
333,33400,112.80887532234192,48595,48602.98,0,0.38,0.25,20,ONE_POINT,100,100,RANDOM,4
334,33500,113.12149977684021,48507,48535.68,0,0.38,0.25,20,ONE_POINT,100,100,RANDOM,4
335,33600,113.48394012451172,48497,48502.71,0,0.38,0.25,20,ONE_POINT,100,100,RANDOM,4
336,33700,113.8472352027893,48430,48438.89,0,0.38,0.25,20,ONE_POINT,100,100,RANDOM,4
337,33800,114.18358206748962,48371,48388.45,0,0.38,0.25,20,ONE_POINT,100,100,RANDOM,4
338,33900,114.51188111305237,48277,48297.92,0,0.38,0.25,20,ONE_POINT,100,100,RANDOM,4
339,34000,114.83520555496216,48210,48290.13,0,0.38,0.25,20,ONE_POINT,100,100,RANDOM,4
340,34100,115.1776351928711,48135,48143.93,0,0.38,0.25,20,ONE_POINT,100,100,RANDOM,4
341,34200,115.49492931365967,48090,48286.0,0,0.38,0.25,20,ONE_POINT,100,100,RANDOM,4
342,34300,115.8476951122284,48055,48060.93,0,0.38,0.25,20,ONE_POINT,100,100,RANDOM,4
343,34400,116.18662810325623,47987,48006.99,0,0.38,0.25,20,ONE_POINT,100,100,RANDOM,4
344,34500,116.50435519218445,47931,47940.86,0,0.38,0.25,20,ONE_POINT,100,100,RANDOM,4
345,34600,116.83696579933167,47880,47887.51,0,0.38,0.25,20,ONE_POINT,100,100,RANDOM,4
346,34700,117.19763565063477,47761,47773.48,0,0.38,0.25,20,ONE_POINT,100,100,RANDOM,4
347,34800,117.52977848052979,47715,47793.02,0,0.38,0.25,20,ONE_POINT,100,100,RANDOM,4
348,34900,117.85984206199646,47683,47691.86,0,0.38,0.25,20,ONE_POINT,100,100,RANDOM,4
349,35000,118.20472264289856,47558,47571.33,0,0.38,0.25,20,ONE_POINT,100,100,RANDOM,4
350,35100,118.56952452659607,47477,47521.52,0,0.38,0.25,20,ONE_POINT,100,100,RANDOM,4
351,35200,118.891676902771,47442,47451.49,0,0.38,0.25,20,ONE_POINT,100,100,RANDOM,4
352,35300,119.24188995361328,47358,47403.08,0,0.38,0.25,20,ONE_POINT,100,100,RANDOM,4
353,35400,119.56497812271118,47311,47326.33,0,0.38,0.25,20,ONE_POINT,100,100,RANDOM,4
354,35500,119.87619519233704,47206,47218.47,0,0.38,0.25,20,ONE_POINT,100,100,RANDOM,4
355,35600,120.20330023765564,47148,47156.39,0,0.38,0.25,20,ONE_POINT,100,100,RANDOM,4
356,35700,120.55119299888611,47061,47215.84,0,0.38,0.25,20,ONE_POINT,100,100,RANDOM,4
357,35800,120.85733103752136,46934,46950.86,0,0.38,0.25,20,ONE_POINT,100,100,RANDOM,4
358,35900,121.19604444503784,46892,46901.23,0,0.38,0.25,20,ONE_POINT,100,100,RANDOM,4
359,36000,121.55328226089478,46851,46868.08,0,0.38,0.25,20,ONE_POINT,100,100,RANDOM,4
360,36100,121.8892605304718,46788,46797.13,0,0.38,0.25,20,ONE_POINT,100,100,RANDOM,4
361,36200,122.26337718963623,46760,46769.88,0,0.38,0.25,20,ONE_POINT,100,100,RANDOM,4
362,36300,122.60146474838257,46719,46726.55,0,0.38,0.25,20,ONE_POINT,100,100,RANDOM,4
363,36400,122.97862100601196,46705,46728.49,0,0.38,0.25,20,ONE_POINT,100,100,RANDOM,4
364,36500,123.39300513267517,46684,46707.39,0,0.38,0.25,20,ONE_POINT,100,100,RANDOM,4
365,36600,123.7646815776825,46612,46630.87,0,0.38,0.25,20,ONE_POINT,100,100,RANDOM,4
366,36700,124.12294244766235,46470,46659.42,0,0.38,0.25,20,ONE_POINT,100,100,RANDOM,4
367,36800,124.49358367919922,46387,46394.76,0,0.38,0.25,20,ONE_POINT,100,100,RANDOM,4
368,36900,124.83320021629333,46320,46340.97,0,0.38,0.25,20,ONE_POINT,100,100,RANDOM,4
369,37000,125.20951318740845,46304,46306.98,0,0.38,0.25,20,ONE_POINT,100,100,RANDOM,4
370,37100,125.5879111289978,46250,46507.88,0,0.38,0.25,20,ONE_POINT,100,100,RANDOM,4
371,37200,125.948725938797,46205,46464.89,0,0.38,0.25,20,ONE_POINT,100,100,RANDOM,4
372,37300,126.31998682022095,46113,46189.63,0,0.38,0.25,20,ONE_POINT,100,100,RANDOM,4
373,37400,126.67077136039734,46019,46035.99,0,0.38,0.25,20,ONE_POINT,100,100,RANDOM,4
374,37500,127.05170059204102,45984,45989.65,0,0.38,0.25,20,ONE_POINT,100,100,RANDOM,4
375,37600,127.45614361763,45905,46037.44,0,0.38,0.25,20,ONE_POINT,100,100,RANDOM,4
376,37700,127.85104203224182,45867,45875.14,0,0.38,0.25,20,ONE_POINT,100,100,RANDOM,4
377,37800,128.33608889579773,45823,45853.3,0,0.38,0.25,20,ONE_POINT,100,100,RANDOM,4
378,37900,128.6926555633545,45781,45797.91,0,0.38,0.25,20,ONE_POINT,100,100,RANDOM,4
379,38000,129.0609941482544,45758,45762.08,0,0.38,0.25,20,ONE_POINT,100,100,RANDOM,4
380,38100,129.4703562259674,45679,45692.43,0,0.38,0.25,20,ONE_POINT,100,100,RANDOM,4
381,38200,129.8388590812683,45645,45658.27,0,0.38,0.25,20,ONE_POINT,100,100,RANDOM,4
382,38300,130.21212315559387,45596,45606.34,0,0.38,0.25,20,ONE_POINT,100,100,RANDOM,4
383,38400,130.57905268669128,45558,45560.38,0,0.38,0.25,20,ONE_POINT,100,100,RANDOM,4
384,38500,130.94294929504395,45504,45518.82,0,0.38,0.25,20,ONE_POINT,100,100,RANDOM,4
385,38600,131.2728967666626,45465,45568.27,0,0.38,0.25,20,ONE_POINT,100,100,RANDOM,4
386,38700,131.64500761032104,45377,45388.39,0,0.38,0.25,20,ONE_POINT,100,100,RANDOM,4
387,38800,132.05854606628418,45314,45326.55,0,0.38,0.25,20,ONE_POINT,100,100,RANDOM,4
388,38900,132.42800545692444,45277,45284.81,0,0.38,0.25,20,ONE_POINT,100,100,RANDOM,4
389,39000,132.7893373966217,45185,45197.65,0,0.38,0.25,20,ONE_POINT,100,100,RANDOM,4
390,39100,133.1282856464386,45147,45151.75,0,0.38,0.25,20,ONE_POINT,100,100,RANDOM,4
391,39200,133.5128161907196,45101,45107.21,0,0.38,0.25,20,ONE_POINT,100,100,RANDOM,4
392,39300,133.89106106758118,45071,45085.92,0,0.38,0.25,20,ONE_POINT,100,100,RANDOM,4
393,39400,134.2525897026062,45040,45044.66,0,0.38,0.25,20,ONE_POINT,100,100,RANDOM,4
394,39500,134.60814118385315,45009,45014.86,0,0.38,0.25,20,ONE_POINT,100,100,RANDOM,4
395,39600,134.97189021110535,44906,44936.57,0,0.38,0.25,20,ONE_POINT,100,100,RANDOM,4
396,39700,135.33221435546875,44840,44851.87,0,0.38,0.25,20,ONE_POINT,100,100,RANDOM,4
397,39800,135.69319081306458,44789,44883.79,0,0.38,0.25,20,ONE_POINT,100,100,RANDOM,4
398,39900,136.05304598808289,44733,44739.99,0,0.38,0.25,20,ONE_POINT,100,100,RANDOM,4
399,40000,136.4083867073059,44696,44703.03,0,0.38,0.25,20,ONE_POINT,100,100,RANDOM,4
400,40100,136.7901372909546,44651,44657.25,0,0.38,0.25,20,ONE_POINT,100,100,RANDOM,4
401,40200,137.17343044281006,44645,44652.78,0,0.38,0.25,20,ONE_POINT,100,100,RANDOM,4
402,40300,137.58654952049255,44516,44529.34,0,0.38,0.25,20,ONE_POINT,100,100,RANDOM,4
403,40400,137.970041513443,44464,44481.18,0,0.38,0.25,20,ONE_POINT,100,100,RANDOM,4
404,40500,138.3804841041565,44421,44481.87,0,0.38,0.25,20,ONE_POINT,100,100,RANDOM,4
405,40600,138.72114419937134,44396,44406.68,0,0.38,0.25,20,ONE_POINT,100,100,RANDOM,4
406,40700,139.09338784217834,44342,44355.96,0,0.38,0.25,20,ONE_POINT,100,100,RANDOM,4
407,40800,139.4507954120636,44296,44301.67,0,0.38,0.25,20,ONE_POINT,100,100,RANDOM,4
408,40900,139.76913857460022,44213,44222.67,0,0.38,0.25,20,ONE_POINT,100,100,RANDOM,4
409,41000,140.08468961715698,44141,44153.31,0,0.38,0.25,20,ONE_POINT,100,100,RANDOM,4
410,41100,140.39373922348022,44081,44090.41,0,0.38,0.25,20,ONE_POINT,100,100,RANDOM,4
411,41200,140.72684621810913,44052,44067.32,0,0.38,0.25,20,ONE_POINT,100,100,RANDOM,4
412,41300,141.06570434570312,44016,44023.62,0,0.38,0.25,20,ONE_POINT,100,100,RANDOM,4
413,41400,141.3963484764099,43943,43956.1,0,0.38,0.25,20,ONE_POINT,100,100,RANDOM,4
414,41500,141.75661826133728,43901,43909.21,0,0.38,0.25,20,ONE_POINT,100,100,RANDOM,4
415,41600,142.11418104171753,43860,43866.34,0,0.38,0.25,20,ONE_POINT,100,100,RANDOM,4
416,41700,142.4436390399933,43612,43653.71,0,0.38,0.25,20,ONE_POINT,100,100,RANDOM,4
417,41800,142.8056194782257,43604,43615.24,0,0.38,0.25,20,ONE_POINT,100,100,RANDOM,4
418,41900,143.15646839141846,43541,43548.66,0,0.38,0.25,20,ONE_POINT,100,100,RANDOM,4
419,42000,143.47072649002075,43515,43583.14,0,0.38,0.25,20,ONE_POINT,100,100,RANDOM,4
420,42100,143.84424328804016,43484,43490.51,0,0.38,0.25,20,ONE_POINT,100,100,RANDOM,4
421,42200,144.18425846099854,43385,43398.62,0,0.38,0.25,20,ONE_POINT,100,100,RANDOM,4
422,42300,144.5332953929901,43385,43385.0,0,0.38,0.25,20,ONE_POINT,100,100,RANDOM,4
423,42400,144.8611717224121,43368,43377.0,0,0.38,0.25,20,ONE_POINT,100,100,RANDOM,4
424,42500,145.1950342655182,43348,43359.11,0,0.38,0.25,20,ONE_POINT,100,100,RANDOM,4
425,42600,145.53219890594482,43278,43306.75,0,0.38,0.25,20,ONE_POINT,100,100,RANDOM,4
426,42700,145.94548296928406,43257,43263.72,0,0.38,0.25,20,ONE_POINT,100,100,RANDOM,4
427,42800,146.28543138504028,43240,43258.8,0,0.38,0.25,20,ONE_POINT,100,100,RANDOM,4
428,42900,146.64122319221497,43198,43218.49,0,0.38,0.25,20,ONE_POINT,100,100,RANDOM,4
429,43000,146.94618940353394,43162,43208.91,0,0.38,0.25,20,ONE_POINT,100,100,RANDOM,4
430,43100,147.29969835281372,43138,43142.95,0,0.38,0.25,20,ONE_POINT,100,100,RANDOM,4
431,43200,147.6153552532196,43094,43100.47,0,0.38,0.25,20,ONE_POINT,100,100,RANDOM,4
432,43300,147.98840975761414,43030,43065.91,0,0.38,0.25,20,ONE_POINT,100,100,RANDOM,4
433,43400,148.35253596305847,43002,43007.5,0,0.38,0.25,20,ONE_POINT,100,100,RANDOM,4
434,43500,148.67773246765137,42929,42940.28,0,0.38,0.25,20,ONE_POINT,100,100,RANDOM,4
435,43600,149.03016757965088,42872,42929.84,0,0.38,0.25,20,ONE_POINT,100,100,RANDOM,4
436,43700,149.33992290496826,42853,42857.75,0,0.38,0.25,20,ONE_POINT,100,100,RANDOM,4
437,43800,149.70717358589172,42758,42772.73,0,0.38,0.25,20,ONE_POINT,100,100,RANDOM,4
438,43900,150.0476803779602,42707,42718.11,0,0.38,0.25,20,ONE_POINT,100,100,RANDOM,4
439,44000,150.3787612915039,42688,42696.45,0,0.38,0.25,20,ONE_POINT,100,100,RANDOM,4
440,44100,150.73924350738525,42631,42647.45,0,0.38,0.25,20,ONE_POINT,100,100,RANDOM,4
441,44200,151.04967379570007,42508,42520.86,0,0.38,0.25,20,ONE_POINT,100,100,RANDOM,4
442,44300,151.4099359512329,42424,42450.66,0,0.38,0.25,20,ONE_POINT,100,100,RANDOM,4
443,44400,151.74493789672852,42321,42337.09,0,0.38,0.25,20,ONE_POINT,100,100,RANDOM,4
444,44500,152.0984377861023,42293,42302.58,0,0.38,0.25,20,ONE_POINT,100,100,RANDOM,4
445,44600,152.42676734924316,42232,42241.05,0,0.38,0.25,20,ONE_POINT,100,100,RANDOM,4
446,44700,152.7763798236847,42209,42213.06,0,0.38,0.25,20,ONE_POINT,100,100,RANDOM,4
447,44800,153.1007628440857,42024,42039.89,0,0.38,0.25,20,ONE_POINT,100,100,RANDOM,4
448,44900,153.43335437774658,41951,41970.32,0,0.38,0.25,20,ONE_POINT,100,100,RANDOM,4
449,45000,153.76856350898743,41878,41899.38,0,0.38,0.25,20,ONE_POINT,100,100,RANDOM,4
450,45100,154.12359595298767,41851,41977.81,0,0.38,0.25,20,ONE_POINT,100,100,RANDOM,4
451,45200,154.4258246421814,41658,41674.99,0,0.38,0.25,20,ONE_POINT,100,100,RANDOM,4
452,45300,154.7832634449005,41610,41660.37,0,0.38,0.25,20,ONE_POINT,100,100,RANDOM,4
453,45400,155.13027811050415,41566,41577.01,0,0.38,0.25,20,ONE_POINT,100,100,RANDOM,4
454,45500,155.45847630500793,41528,41534.64,0,0.38,0.25,20,ONE_POINT,100,100,RANDOM,4
455,45600,155.77178978919983,41436,41460.95,0,0.38,0.25,20,ONE_POINT,100,100,RANDOM,4
456,45700,156.10648560523987,41416,41434.07,0,0.38,0.25,20,ONE_POINT,100,100,RANDOM,4
457,45800,156.48084044456482,41343,41351.97,0,0.38,0.25,20,ONE_POINT,100,100,RANDOM,4
458,45900,156.83335280418396,41305,41393.26,0,0.38,0.25,20,ONE_POINT,100,100,RANDOM,4
459,46000,157.1498634815216,41266,41272.94,0,0.38,0.25,20,ONE_POINT,100,100,RANDOM,4
460,46100,157.49922275543213,41209,41218.74,0,0.38,0.25,20,ONE_POINT,100,100,RANDOM,4
461,46200,157.8404026031494,41143,41161.94,0,0.38,0.25,20,ONE_POINT,100,100,RANDOM,4
462,46300,158.19428491592407,41107,41203.23,0,0.38,0.25,20,ONE_POINT,100,100,RANDOM,4
463,46400,158.52824306488037,41093,41102.44,0,0.38,0.25,20,ONE_POINT,100,100,RANDOM,4
464,46500,158.8854796886444,41081,41083.63,0,0.38,0.25,20,ONE_POINT,100,100,RANDOM,4
465,46600,159.20477771759033,41026,41053.31,0,0.38,0.25,20,ONE_POINT,100,100,RANDOM,4
466,46700,159.56149244308472,41001,41006.51,0,0.38,0.25,20,ONE_POINT,100,100,RANDOM,4
467,46800,159.90918588638306,40966,40974.29,0,0.38,0.25,20,ONE_POINT,100,100,RANDOM,4
468,46900,160.24323415756226,40912,40920.12,0,0.38,0.25,20,ONE_POINT,100,100,RANDOM,4
469,47000,160.5430245399475,40888,40906.53,0,0.38,0.25,20,ONE_POINT,100,100,RANDOM,4
470,47100,160.8514015674591,40804,40817.51,0,0.38,0.25,20,ONE_POINT,100,100,RANDOM,4
471,47200,161.2136263847351,40724,40738.39,0,0.38,0.25,20,ONE_POINT,100,100,RANDOM,4
472,47300,161.5556697845459,40721,40812.59,0,0.38,0.25,20,ONE_POINT,100,100,RANDOM,4
473,47400,161.9092001914978,40692,40706.14,0,0.38,0.25,20,ONE_POINT,100,100,RANDOM,4
474,47500,162.23185968399048,40643,40673.41,0,0.38,0.25,20,ONE_POINT,100,100,RANDOM,4
475,47600,162.53243899345398,40618,40631.14,0,0.38,0.25,20,ONE_POINT,100,100,RANDOM,4
476,47700,162.84392881393433,40584,40598.23,0,0.38,0.25,20,ONE_POINT,100,100,RANDOM,4
477,47800,163.1973056793213,40544,40554.27,0,0.38,0.25,20,ONE_POINT,100,100,RANDOM,4
478,47900,163.55588364601135,40524,40529.91,0,0.38,0.25,20,ONE_POINT,100,100,RANDOM,4
479,48000,163.9162881374359,40444,40461.72,0,0.38,0.25,20,ONE_POINT,100,100,RANDOM,4
480,48100,164.27583932876587,40414,40425.54,0,0.38,0.25,20,ONE_POINT,100,100,RANDOM,4
481,48200,164.59753346443176,40385,40392.53,0,0.38,0.25,20,ONE_POINT,100,100,RANDOM,4
482,48300,164.96168684959412,40309,40327.55,0,0.38,0.25,20,ONE_POINT,100,100,RANDOM,4
483,48400,165.30003190040588,40298,40304.61,0,0.38,0.25,20,ONE_POINT,100,100,RANDOM,4
484,48500,165.6255006790161,40268,40274.81,0,0.38,0.25,20,ONE_POINT,100,100,RANDOM,4
485,48600,165.96222567558289,40217,40224.45,0,0.38,0.25,20,ONE_POINT,100,100,RANDOM,4
486,48700,166.31652331352234,40180,40348.39,0,0.38,0.25,20,ONE_POINT,100,100,RANDOM,4
487,48800,166.64951372146606,40165,40171.44,0,0.38,0.25,20,ONE_POINT,100,100,RANDOM,4
488,48900,166.97727036476135,40139,40169.06,0,0.38,0.25,20,ONE_POINT,100,100,RANDOM,4
489,49000,167.29236817359924,40106,40122.6,0,0.38,0.25,20,ONE_POINT,100,100,RANDOM,4
490,49100,167.6357159614563,40062,40070.7,0,0.38,0.25,20,ONE_POINT,100,100,RANDOM,4
491,49200,167.98642086982727,40009,40023.13,0,0.38,0.25,20,ONE_POINT,100,100,RANDOM,4
492,49300,168.29784417152405,39974,39987.59,0,0.38,0.25,20,ONE_POINT,100,100,RANDOM,4
493,49400,168.65538239479065,39928,39937.95,0,0.38,0.25,20,ONE_POINT,100,100,RANDOM,4
494,49500,169.0108127593994,39805,39818.65,0,0.38,0.25,20,ONE_POINT,100,100,RANDOM,4
495,49600,169.35276079177856,39778,39790.03,0,0.38,0.25,20,ONE_POINT,100,100,RANDOM,4
496,49700,169.71419715881348,39759,39789.82,0,0.38,0.25,20,ONE_POINT,100,100,RANDOM,4
497,49800,170.04849195480347,39690,39799.91,0,0.38,0.25,20,ONE_POINT,100,100,RANDOM,4
498,49900,170.37392020225525,39648,39656.63,0,0.38,0.25,20,ONE_POINT,100,100,RANDOM,4
499,50000,170.6992802619934,39582,39593.28,0,0.38,0.25,20,ONE_POINT,100,100,RANDOM,4
500,50100,171.0438859462738,39565,39573.11,0,0.38,0.25,20,ONE_POINT,100,100,RANDOM,4
1,200,0.27880859375,135885,134747.86,0,0.38,0.25,20,ONE_POINT,100,100,RANDOM,5
2,300,0.6531887054443359,132998,133062.02,0,0.38,0.25,20,ONE_POINT,100,100,RANDOM,5
3,400,1.01261305809021,132516,132552.61,0,0.38,0.25,20,ONE_POINT,100,100,RANDOM,5
4,500,1.3919413089752197,132192,132201.31,0,0.38,0.25,20,ONE_POINT,100,100,RANDOM,5
5,600,1.7279436588287354,130882,130920.95,0,0.38,0.25,20,ONE_POINT,100,100,RANDOM,5
6,700,2.077321767807007,129761,129794.21,0,0.38,0.25,20,ONE_POINT,100,100,RANDOM,5
7,800,2.422802209854126,129306,129338.82,0,0.38,0.25,20,ONE_POINT,100,100,RANDOM,5
8,900,2.7377777099609375,128537,128567.76,0,0.38,0.25,20,ONE_POINT,100,100,RANDOM,5
9,1000,3.086125135421753,127857,127903.88,0,0.38,0.25,20,ONE_POINT,100,100,RANDOM,5
10,1100,3.4264261722564697,126781,126813.28,0,0.38,0.25,20,ONE_POINT,100,100,RANDOM,5
11,1200,3.7862472534179688,126357,126401.08,0,0.38,0.25,20,ONE_POINT,100,100,RANDOM,5
12,1300,4.116455554962158,125907,125929.03,0,0.38,0.25,20,ONE_POINT,100,100,RANDOM,5
13,1400,4.422636270523071,124952,125029.28,0,0.38,0.25,20,ONE_POINT,100,100,RANDOM,5
14,1500,4.766167640686035,124194,124222.28,0,0.38,0.25,20,ONE_POINT,100,100,RANDOM,5
15,1600,5.120474815368652,122071,122155.92,0,0.38,0.25,20,ONE_POINT,100,100,RANDOM,5
16,1700,5.475033760070801,121436,121479.71,0,0.38,0.25,20,ONE_POINT,100,100,RANDOM,5
17,1800,5.793661594390869,121007,121037.72,0,0.38,0.25,20,ONE_POINT,100,100,RANDOM,5
18,1900,6.120386362075806,120530,120554.45,0,0.38,0.25,20,ONE_POINT,100,100,RANDOM,5
19,2000,6.450543403625488,119319,119396.69,0,0.38,0.25,20,ONE_POINT,100,100,RANDOM,5
20,2100,6.757818937301636,118451,118493.37,0,0.38,0.25,20,ONE_POINT,100,100,RANDOM,5
21,2200,7.080032110214233,117674,117712.48,0,0.38,0.25,20,ONE_POINT,100,100,RANDOM,5
22,2300,7.417801856994629,117150,117329.15,0,0.38,0.25,20,ONE_POINT,100,100,RANDOM,5
23,2400,7.722193717956543,116641,116705.62,0,0.38,0.25,20,ONE_POINT,100,100,RANDOM,5
24,2500,8.029017448425293,116362,116378.09,0,0.38,0.25,20,ONE_POINT,100,100,RANDOM,5
25,2600,8.352962255477905,115652,115690.03,0,0.38,0.25,20,ONE_POINT,100,100,RANDOM,5
26,2700,8.693411350250244,115261,115290.1,0,0.38,0.25,20,ONE_POINT,100,100,RANDOM,5
27,2800,9.05264663696289,113808,113895.9,0,0.38,0.25,20,ONE_POINT,100,100,RANDOM,5
28,2900,9.402272462844849,113042,113131.99,0,0.38,0.25,20,ONE_POINT,100,100,RANDOM,5
29,3000,9.740513324737549,112353,112416.62,0,0.38,0.25,20,ONE_POINT,100,100,RANDOM,5
30,3100,10.07221794128418,111813,111845.23,0,0.38,0.25,20,ONE_POINT,100,100,RANDOM,5
31,3200,10.442260026931763,111248,111287.93,0,0.38,0.25,20,ONE_POINT,100,100,RANDOM,5
32,3300,10.810522079467773,110852,110871.8,0,0.38,0.25,20,ONE_POINT,100,100,RANDOM,5
33,3400,11.16667366027832,110467,110489.63,0,0.38,0.25,20,ONE_POINT,100,100,RANDOM,5
34,3500,11.518075942993164,109472,109511.8,0,0.38,0.25,20,ONE_POINT,100,100,RANDOM,5
35,3600,11.83074164390564,108797,108834.36,0,0.38,0.25,20,ONE_POINT,100,100,RANDOM,5
36,3700,12.158376693725586,108409,108464.28,0,0.38,0.25,20,ONE_POINT,100,100,RANDOM,5
37,3800,12.513448476791382,108132,108165.86,0,0.38,0.25,20,ONE_POINT,100,100,RANDOM,5
38,3900,12.854865312576294,107939,107953.53,0,0.38,0.25,20,ONE_POINT,100,100,RANDOM,5
39,4000,13.154609441757202,107708,107730.98,0,0.38,0.25,20,ONE_POINT,100,100,RANDOM,5
40,4100,13.467676639556885,107016,107044.67,0,0.38,0.25,20,ONE_POINT,100,100,RANDOM,5
41,4200,13.8037588596344,106646,106696.09,0,0.38,0.25,20,ONE_POINT,100,100,RANDOM,5
42,4300,14.104862689971924,106085,106106.03,0,0.38,0.25,20,ONE_POINT,100,100,RANDOM,5
43,4400,14.462624788284302,105711,105766.45,0,0.38,0.25,20,ONE_POINT,100,100,RANDOM,5
44,4500,14.800740718841553,105406,105446.89,0,0.38,0.25,20,ONE_POINT,100,100,RANDOM,5
45,4600,15.156522512435913,105117,105138.24,0,0.38,0.25,20,ONE_POINT,100,100,RANDOM,5
46,4700,15.526309490203857,104947,104959.93,0,0.38,0.25,20,ONE_POINT,100,100,RANDOM,5
47,4800,15.86477541923523,104683,104731.07,0,0.38,0.25,20,ONE_POINT,100,100,RANDOM,5
48,4900,16.188445806503296,104475,104497.76,0,0.38,0.25,20,ONE_POINT,100,100,RANDOM,5
49,5000,16.557579278945923,103906,103934.42,0,0.38,0.25,20,ONE_POINT,100,100,RANDOM,5
50,5100,16.852076053619385,103439,103457.68,0,0.38,0.25,20,ONE_POINT,100,100,RANDOM,5
51,5200,17.15703320503235,103117,103161.88,0,0.38,0.25,20,ONE_POINT,100,100,RANDOM,5
52,5300,17.52234125137329,102433,102460.36,0,0.38,0.25,20,ONE_POINT,100,100,RANDOM,5
53,5400,17.86290979385376,101989,102047.93,0,0.38,0.25,20,ONE_POINT,100,100,RANDOM,5
54,5500,18.249828338623047,101755,101773.17,0,0.38,0.25,20,ONE_POINT,100,100,RANDOM,5
55,5600,18.587296724319458,101520,101531.75,0,0.38,0.25,20,ONE_POINT,100,100,RANDOM,5
56,5700,18.897999048233032,101220,101256.72,0,0.38,0.25,20,ONE_POINT,100,100,RANDOM,5
57,5800,19.240175247192383,100798,100814.88,0,0.38,0.25,20,ONE_POINT,100,100,RANDOM,5
58,5900,19.586835145950317,100595,100658.02,0,0.38,0.25,20,ONE_POINT,100,100,RANDOM,5
59,6000,19.944520711898804,100086,100106.36,0,0.38,0.25,20,ONE_POINT,100,100,RANDOM,5
60,6100,20.256540298461914,99826,99858.29,0,0.38,0.25,20,ONE_POINT,100,100,RANDOM,5
61,6200,20.5844988822937,99591,99670.01,0,0.38,0.25,20,ONE_POINT,100,100,RANDOM,5
62,6300,20.912213563919067,99246,99288.85,0,0.38,0.25,20,ONE_POINT,100,100,RANDOM,5
63,6400,21.240938186645508,98896,98910.0,0,0.38,0.25,20,ONE_POINT,100,100,RANDOM,5
64,6500,21.565074682235718,98686,98719.19,0,0.38,0.25,20,ONE_POINT,100,100,RANDOM,5
65,6600,21.880691289901733,98048,98117.9,0,0.38,0.25,20,ONE_POINT,100,100,RANDOM,5
66,6700,22.237659215927124,97790,97802.9,0,0.38,0.25,20,ONE_POINT,100,100,RANDOM,5
67,6800,22.600425481796265,97603,97613.87,0,0.38,0.25,20,ONE_POINT,100,100,RANDOM,5
68,6900,22.910194396972656,96384,96432.53,0,0.38,0.25,20,ONE_POINT,100,100,RANDOM,5
69,7000,23.26658868789673,95976,95992.14,0,0.38,0.25,20,ONE_POINT,100,100,RANDOM,5
70,7100,23.56968927383423,95560,95580.45,0,0.38,0.25,20,ONE_POINT,100,100,RANDOM,5
71,7200,23.90303635597229,94681,94747.68,0,0.38,0.25,20,ONE_POINT,100,100,RANDOM,5
72,7300,24.201362371444702,94243,94256.31,0,0.38,0.25,20,ONE_POINT,100,100,RANDOM,5
73,7400,24.505955934524536,93824,93843.73,0,0.38,0.25,20,ONE_POINT,100,100,RANDOM,5
74,7500,24.831809520721436,93622,93658.07,0,0.38,0.25,20,ONE_POINT,100,100,RANDOM,5
75,7600,25.186506986618042,93437,93458.57,0,0.38,0.25,20,ONE_POINT,100,100,RANDOM,5
76,7700,25.542580127716064,93197,93213.11,0,0.38,0.25,20,ONE_POINT,100,100,RANDOM,5
77,7800,25.854979991912842,93009,93048.46,0,0.38,0.25,20,ONE_POINT,100,100,RANDOM,5
78,7900,26.18029260635376,92620,92660.53,0,0.38,0.25,20,ONE_POINT,100,100,RANDOM,5
79,8000,26.492831707000732,92443,92453.62,0,0.38,0.25,20,ONE_POINT,100,100,RANDOM,5
80,8100,26.827621698379517,92306,92315.59,0,0.38,0.25,20,ONE_POINT,100,100,RANDOM,5
81,8200,27.146370887756348,92012,92023.76,0,0.38,0.25,20,ONE_POINT,100,100,RANDOM,5
82,8300,27.4703426361084,91889,91896.27,0,0.38,0.25,20,ONE_POINT,100,100,RANDOM,5
83,8400,27.787545680999756,91611,91640.81,0,0.38,0.25,20,ONE_POINT,100,100,RANDOM,5
84,8500,28.12032198905945,91368,91464.65,0,0.38,0.25,20,ONE_POINT,100,100,RANDOM,5
85,8600,28.476863861083984,91107,91119.32,0,0.38,0.25,20,ONE_POINT,100,100,RANDOM,5
86,8700,28.78918719291687,90973,90986.04,0,0.38,0.25,20,ONE_POINT,100,100,RANDOM,5
87,8800,29.121877431869507,90694,90710.09,0,0.38,0.25,20,ONE_POINT,100,100,RANDOM,5
88,8900,29.475861310958862,90176,90196.45,0,0.38,0.25,20,ONE_POINT,100,100,RANDOM,5
89,9000,29.8118999004364,89850,89872.6,0,0.38,0.25,20,ONE_POINT,100,100,RANDOM,5
90,9100,30.175559520721436,89610,89668.33,0,0.38,0.25,20,ONE_POINT,100,100,RANDOM,5
91,9200,30.519787549972534,89128,89221.52,0,0.38,0.25,20,ONE_POINT,100,100,RANDOM,5
92,9300,30.864863634109497,88525,88574.52,0,0.38,0.25,20,ONE_POINT,100,100,RANDOM,5
93,9400,31.19184446334839,88254,88289.21,0,0.38,0.25,20,ONE_POINT,100,100,RANDOM,5
94,9500,31.53183388710022,88041,88089.0,0,0.38,0.25,20,ONE_POINT,100,100,RANDOM,5
95,9600,31.862292766571045,87662,87712.24,0,0.38,0.25,20,ONE_POINT,100,100,RANDOM,5
96,9700,32.170448780059814,87472,87523.55,0,0.38,0.25,20,ONE_POINT,100,100,RANDOM,5
97,9800,32.49425172805786,87361,87370.77,0,0.38,0.25,20,ONE_POINT,100,100,RANDOM,5
98,9900,32.85052990913391,87177,87198.93,0,0.38,0.25,20,ONE_POINT,100,100,RANDOM,5
99,10000,33.170520305633545,86794,86809.32,0,0.38,0.25,20,ONE_POINT,100,100,RANDOM,5
100,10100,33.5309522151947,86586,86635.4,0,0.38,0.25,20,ONE_POINT,100,100,RANDOM,5
101,10200,33.88150882720947,86255,86271.69,0,0.38,0.25,20,ONE_POINT,100,100,RANDOM,5
102,10300,34.23159980773926,86072,86081.15,0,0.38,0.25,20,ONE_POINT,100,100,RANDOM,5
103,10400,34.57061576843262,85911,85921.09,0,0.38,0.25,20,ONE_POINT,100,100,RANDOM,5
104,10500,34.93374037742615,85547,85588.45,0,0.38,0.25,20,ONE_POINT,100,100,RANDOM,5
105,10600,35.31237554550171,85280,85292.95,0,0.38,0.25,20,ONE_POINT,100,100,RANDOM,5
106,10700,35.69096374511719,84999,85013.05,0,0.38,0.25,20,ONE_POINT,100,100,RANDOM,5
107,10800,36.025328636169434,84826,84838.3,0,0.38,0.25,20,ONE_POINT,100,100,RANDOM,5
108,10900,36.4002468585968,84544,84561.29,0,0.38,0.25,20,ONE_POINT,100,100,RANDOM,5
109,11000,36.731475591659546,84337,84378.91,0,0.38,0.25,20,ONE_POINT,100,100,RANDOM,5
110,11100,37.082621574401855,83999,84043.55,0,0.38,0.25,20,ONE_POINT,100,100,RANDOM,5
111,11200,37.41780877113342,83761,83795.0,0,0.38,0.25,20,ONE_POINT,100,100,RANDOM,5
112,11300,37.773786783218384,83381,83402.38,0,0.38,0.25,20,ONE_POINT,100,100,RANDOM,5
113,11400,38.109031677246094,83112,83133.74,0,0.38,0.25,20,ONE_POINT,100,100,RANDOM,5
114,11500,38.44191384315491,82775,82792.24,0,0.38,0.25,20,ONE_POINT,100,100,RANDOM,5
115,11600,38.761378049850464,82461,82496.42,0,0.38,0.25,20,ONE_POINT,100,100,RANDOM,5
116,11700,39.0930712223053,81863,81895.96,0,0.38,0.25,20,ONE_POINT,100,100,RANDOM,5
117,11800,39.39590406417847,81734,81743.62,0,0.38,0.25,20,ONE_POINT,100,100,RANDOM,5
118,11900,39.74207067489624,81607,81615.85,0,0.38,0.25,20,ONE_POINT,100,100,RANDOM,5
119,12000,40.12057328224182,81320,81341.44,0,0.38,0.25,20,ONE_POINT,100,100,RANDOM,5
120,12100,40.484076261520386,80975,81025.95,0,0.38,0.25,20,ONE_POINT,100,100,RANDOM,5
121,12200,40.84517502784729,80716,80726.84,0,0.38,0.25,20,ONE_POINT,100,100,RANDOM,5
122,12300,41.15999484062195,80146,80174.61,0,0.38,0.25,20,ONE_POINT,100,100,RANDOM,5
123,12400,41.50507164001465,79908,79922.83,0,0.38,0.25,20,ONE_POINT,100,100,RANDOM,5
124,12500,41.84943175315857,79728,79746.35,0,0.38,0.25,20,ONE_POINT,100,100,RANDOM,5
125,12600,42.216593980789185,79490,79592.14,0,0.38,0.25,20,ONE_POINT,100,100,RANDOM,5
126,12700,42.53870391845703,79199,79210.19,0,0.38,0.25,20,ONE_POINT,100,100,RANDOM,5
127,12800,42.89783239364624,79012,79023.22,0,0.38,0.25,20,ONE_POINT,100,100,RANDOM,5
128,12900,43.228811740875244,78863,78876.7,0,0.38,0.25,20,ONE_POINT,100,100,RANDOM,5
129,13000,43.5555579662323,78657,78718.64,0,0.38,0.25,20,ONE_POINT,100,100,RANDOM,5
130,13100,43.91423749923706,78323,78350.84,0,0.38,0.25,20,ONE_POINT,100,100,RANDOM,5
131,13200,44.26867365837097,78183,78190.73,0,0.38,0.25,20,ONE_POINT,100,100,RANDOM,5
132,13300,44.57664680480957,78030,78057.09,0,0.38,0.25,20,ONE_POINT,100,100,RANDOM,5
133,13400,44.9339485168457,77663,77682.05,0,0.38,0.25,20,ONE_POINT,100,100,RANDOM,5
134,13500,45.30233955383301,77152,77184.87,0,0.38,0.25,20,ONE_POINT,100,100,RANDOM,5
135,13600,45.629329681396484,76963,77054.35,0,0.38,0.25,20,ONE_POINT,100,100,RANDOM,5
136,13700,45.97324085235596,76794,76807.73,0,0.38,0.25,20,ONE_POINT,100,100,RANDOM,5
137,13800,46.32918381690979,76632,76752.93,0,0.38,0.25,20,ONE_POINT,100,100,RANDOM,5
138,13900,46.67630696296692,76433,76497.4,0,0.38,0.25,20,ONE_POINT,100,100,RANDOM,5
139,14000,47.03242063522339,76289,76322.08,0,0.38,0.25,20,ONE_POINT,100,100,RANDOM,5
140,14100,47.393494844436646,76142,76198.37,0,0.38,0.25,20,ONE_POINT,100,100,RANDOM,5
141,14200,47.729514360427856,75993,76000.59,0,0.38,0.25,20,ONE_POINT,100,100,RANDOM,5
142,14300,48.075990200042725,75811,75823.27,0,0.38,0.25,20,ONE_POINT,100,100,RANDOM,5
143,14400,48.408236503601074,75634,75645.96,0,0.38,0.25,20,ONE_POINT,100,100,RANDOM,5
144,14500,48.7357439994812,75476,75519.76,0,0.38,0.25,20,ONE_POINT,100,100,RANDOM,5
145,14600,49.06324553489685,75290,75300.8,0,0.38,0.25,20,ONE_POINT,100,100,RANDOM,5
146,14700,49.39296746253967,75076,75088.98,0,0.38,0.25,20,ONE_POINT,100,100,RANDOM,5
147,14800,49.732619762420654,74906,74919.86,0,0.38,0.25,20,ONE_POINT,100,100,RANDOM,5
148,14900,50.072922706604004,74771,74783.51,0,0.38,0.25,20,ONE_POINT,100,100,RANDOM,5
149,15000,50.421640396118164,74596,74609.84,0,0.38,0.25,20,ONE_POINT,100,100,RANDOM,5
150,15100,50.76485872268677,74389,74449.44,0,0.38,0.25,20,ONE_POINT,100,100,RANDOM,5
151,15200,51.10099697113037,74208,74241.96,0,0.38,0.25,20,ONE_POINT,100,100,RANDOM,5
152,15300,51.46406555175781,73831,73849.43,0,0.38,0.25,20,ONE_POINT,100,100,RANDOM,5
153,15400,51.7882125377655,73689,73712.12,0,0.38,0.25,20,ONE_POINT,100,100,RANDOM,5
154,15500,52.14110541343689,73433,73443.24,0,0.38,0.25,20,ONE_POINT,100,100,RANDOM,5
155,15600,52.46677851676941,73144,73163.38,0,0.38,0.25,20,ONE_POINT,100,100,RANDOM,5
156,15700,52.77591395378113,72816,72830.47,0,0.38,0.25,20,ONE_POINT,100,100,RANDOM,5
157,15800,53.12205696105957,72614,72636.66,0,0.38,0.25,20,ONE_POINT,100,100,RANDOM,5
158,15900,53.451117515563965,72428,72452.04,0,0.38,0.25,20,ONE_POINT,100,100,RANDOM,5
159,16000,53.788925886154175,72309,72318.36,0,0.38,0.25,20,ONE_POINT,100,100,RANDOM,5
160,16100,54.08736848831177,72051,72063.9,0,0.38,0.25,20,ONE_POINT,100,100,RANDOM,5
161,16200,54.40274524688721,71889,71899.31,0,0.38,0.25,20,ONE_POINT,100,100,RANDOM,5
162,16300,54.73780345916748,71791,71826.67,0,0.38,0.25,20,ONE_POINT,100,100,RANDOM,5
163,16400,55.05030608177185,71551,71595.2,0,0.38,0.25,20,ONE_POINT,100,100,RANDOM,5
164,16500,55.3885977268219,71351,71369.87,0,0.38,0.25,20,ONE_POINT,100,100,RANDOM,5
165,16600,55.69614315032959,71031,71048.06,0,0.38,0.25,20,ONE_POINT,100,100,RANDOM,5
166,16700,56.05897641181946,70699,70726.06,0,0.38,0.25,20,ONE_POINT,100,100,RANDOM,5
167,16800,56.36770534515381,70594,70601.35,0,0.38,0.25,20,ONE_POINT,100,100,RANDOM,5
168,16900,56.66720271110535,70425,70437.88,0,0.38,0.25,20,ONE_POINT,100,100,RANDOM,5
169,17000,57.042232513427734,70254,70262.77,0,0.38,0.25,20,ONE_POINT,100,100,RANDOM,5
170,17100,57.3804030418396,70144,70156.27,0,0.38,0.25,20,ONE_POINT,100,100,RANDOM,5
171,17200,57.716386795043945,69998,70013.59,0,0.38,0.25,20,ONE_POINT,100,100,RANDOM,5
172,17300,58.02457404136658,69835,69844.44,0,0.38,0.25,20,ONE_POINT,100,100,RANDOM,5
173,17400,58.391236543655396,69716,69727.5,0,0.38,0.25,20,ONE_POINT,100,100,RANDOM,5
174,17500,58.71221566200256,69606,69670.43,0,0.38,0.25,20,ONE_POINT,100,100,RANDOM,5
175,17600,59.059383392333984,69441,69452.9,0,0.38,0.25,20,ONE_POINT,100,100,RANDOM,5
176,17700,59.401153802871704,69265,69276.53,0,0.38,0.25,20,ONE_POINT,100,100,RANDOM,5
177,17800,59.72599220275879,69082,69092.55,0,0.38,0.25,20,ONE_POINT,100,100,RANDOM,5
178,17900,60.05071306228638,69016,69022.97,0,0.38,0.25,20,ONE_POINT,100,100,RANDOM,5
179,18000,60.37911367416382,68896,68927.93,0,0.38,0.25,20,ONE_POINT,100,100,RANDOM,5
180,18100,60.70734882354736,68786,68824.79,0,0.38,0.25,20,ONE_POINT,100,100,RANDOM,5
181,18200,61.07739853858948,68687,68710.99,0,0.38,0.25,20,ONE_POINT,100,100,RANDOM,5
182,18300,61.398826360702515,68506,68533.02,0,0.38,0.25,20,ONE_POINT,100,100,RANDOM,5
183,18400,61.749040842056274,68448,68473.74,0,0.38,0.25,20,ONE_POINT,100,100,RANDOM,5
184,18500,62.10714602470398,68210,68225.45,0,0.38,0.25,20,ONE_POINT,100,100,RANDOM,5
185,18600,62.46812582015991,67960,67975.0,0,0.38,0.25,20,ONE_POINT,100,100,RANDOM,5
186,18700,62.79285287857056,67795,67807.4,0,0.38,0.25,20,ONE_POINT,100,100,RANDOM,5
187,18800,63.14273977279663,67402,67444.27,0,0.38,0.25,20,ONE_POINT,100,100,RANDOM,5
188,18900,63.46952962875366,67200,67212.65,0,0.38,0.25,20,ONE_POINT,100,100,RANDOM,5
189,19000,63.83000922203064,67106,67115.52,0,0.38,0.25,20,ONE_POINT,100,100,RANDOM,5
190,19100,64.1827142238617,66870,66883.45,0,0.38,0.25,20,ONE_POINT,100,100,RANDOM,5
191,19200,64.51362109184265,66735,66745.8,0,0.38,0.25,20,ONE_POINT,100,100,RANDOM,5
192,19300,64.81457328796387,66602,66611.31,0,0.38,0.25,20,ONE_POINT,100,100,RANDOM,5
193,19400,65.15805983543396,66501,66511.76,0,0.38,0.25,20,ONE_POINT,100,100,RANDOM,5
194,19500,65.49955368041992,66417,66426.46,0,0.38,0.25,20,ONE_POINT,100,100,RANDOM,5
195,19600,65.84573745727539,66294,66302.4,0,0.38,0.25,20,ONE_POINT,100,100,RANDOM,5
196,19700,66.20027160644531,66221,66226.87,0,0.38,0.25,20,ONE_POINT,100,100,RANDOM,5
197,19800,66.53126692771912,66150,66160.94,0,0.38,0.25,20,ONE_POINT,100,100,RANDOM,5
198,19900,66.90016174316406,65990,66027.79,0,0.38,0.25,20,ONE_POINT,100,100,RANDOM,5
199,20000,67.23881483078003,65818,65828.89,0,0.38,0.25,20,ONE_POINT,100,100,RANDOM,5
200,20100,67.58433222770691,65720,65730.08,0,0.38,0.25,20,ONE_POINT,100,100,RANDOM,5
201,20200,67.92553210258484,65431,65449.23,0,0.38,0.25,20,ONE_POINT,100,100,RANDOM,5
202,20300,68.25279545783997,65296,65303.31,0,0.38,0.25,20,ONE_POINT,100,100,RANDOM,5
203,20400,68.62229323387146,65034,65083.01,0,0.38,0.25,20,ONE_POINT,100,100,RANDOM,5
204,20500,69.005850315094,64852,64884.83,0,0.38,0.25,20,ONE_POINT,100,100,RANDOM,5
205,20600,69.35821986198425,64718,64748.51,0,0.38,0.25,20,ONE_POINT,100,100,RANDOM,5
206,20700,69.72002911567688,64561,64656.66,0,0.38,0.25,20,ONE_POINT,100,100,RANDOM,5
207,20800,70.05912947654724,64405,64423.42,0,0.38,0.25,20,ONE_POINT,100,100,RANDOM,5
208,20900,70.39387249946594,64238,64261.62,0,0.38,0.25,20,ONE_POINT,100,100,RANDOM,5
209,21000,70.69852614402771,63977,64006.72,0,0.38,0.25,20,ONE_POINT,100,100,RANDOM,5
210,21100,71.02088928222656,63757,63768.64,0,0.38,0.25,20,ONE_POINT,100,100,RANDOM,5
211,21200,71.32550978660583,63610,63619.65,0,0.38,0.25,20,ONE_POINT,100,100,RANDOM,5
212,21300,71.64869904518127,63336,63372.03,0,0.38,0.25,20,ONE_POINT,100,100,RANDOM,5
213,21400,71.97272944450378,63146,63175.71,0,0.38,0.25,20,ONE_POINT,100,100,RANDOM,5
214,21500,72.3242814540863,63066,63072.4,0,0.38,0.25,20,ONE_POINT,100,100,RANDOM,5
215,21600,72.64068794250488,62815,62830.95,0,0.38,0.25,20,ONE_POINT,100,100,RANDOM,5
216,21700,72.96731638908386,62642,62653.65,0,0.38,0.25,20,ONE_POINT,100,100,RANDOM,5
217,21800,73.31808352470398,62501,62532.84,0,0.38,0.25,20,ONE_POINT,100,100,RANDOM,5
218,21900,73.65634226799011,62349,62383.12,0,0.38,0.25,20,ONE_POINT,100,100,RANDOM,5
219,22000,73.98185205459595,62255,62262.77,0,0.38,0.25,20,ONE_POINT,100,100,RANDOM,5
220,22100,74.34493160247803,62158,62238.21,0,0.38,0.25,20,ONE_POINT,100,100,RANDOM,5
221,22200,74.67493629455566,62069,62077.14,0,0.38,0.25,20,ONE_POINT,100,100,RANDOM,5
222,22300,75.01428818702698,62014,62019.4,0,0.38,0.25,20,ONE_POINT,100,100,RANDOM,5
223,22400,75.37547326087952,61946,61952.44,0,0.38,0.25,20,ONE_POINT,100,100,RANDOM,5
224,22500,75.68470454216003,61784,61794.22,0,0.38,0.25,20,ONE_POINT,100,100,RANDOM,5
225,22600,76.02705979347229,61705,61721.2,0,0.38,0.25,20,ONE_POINT,100,100,RANDOM,5
226,22700,76.37709093093872,61423,61443.8,0,0.38,0.25,20,ONE_POINT,100,100,RANDOM,5
227,22800,76.71973037719727,61385,61388.8,0,0.38,0.25,20,ONE_POINT,100,100,RANDOM,5
228,22900,77.0274007320404,61280,61288.27,0,0.38,0.25,20,ONE_POINT,100,100,RANDOM,5
229,23000,77.35589003562927,61144,61154.77,0,0.38,0.25,20,ONE_POINT,100,100,RANDOM,5
230,23100,77.70551753044128,61076,61083.48,0,0.38,0.25,20,ONE_POINT,100,100,RANDOM,5
231,23200,78.05728840827942,61029,61042.22,0,0.38,0.25,20,ONE_POINT,100,100,RANDOM,5
232,23300,78.39994144439697,60772,60790.53,0,0.38,0.25,20,ONE_POINT,100,100,RANDOM,5
233,23400,78.71217703819275,60655,60664.62,0,0.38,0.25,20,ONE_POINT,100,100,RANDOM,5
234,23500,79.0409095287323,60546,60555.1,0,0.38,0.25,20,ONE_POINT,100,100,RANDOM,5
235,23600,79.36282563209534,60435,60451.52,0,0.38,0.25,20,ONE_POINT,100,100,RANDOM,5
236,23700,79.71698045730591,60194,60215.6,0,0.38,0.25,20,ONE_POINT,100,100,RANDOM,5
237,23800,80.03879499435425,60111,60120.93,0,0.38,0.25,20,ONE_POINT,100,100,RANDOM,5
238,23900,80.40072059631348,60030,60040.8,0,0.38,0.25,20,ONE_POINT,100,100,RANDOM,5
239,24000,80.75257420539856,59890,59898.4,0,0.38,0.25,20,ONE_POINT,100,100,RANDOM,5
240,24100,81.1130838394165,59737,59746.99,0,0.38,0.25,20,ONE_POINT,100,100,RANDOM,5
241,24200,81.45729804039001,59575,59585.21,0,0.38,0.25,20,ONE_POINT,100,100,RANDOM,5
242,24300,81.80166506767273,59453,59490.69,0,0.38,0.25,20,ONE_POINT,100,100,RANDOM,5
243,24400,82.12784552574158,59322,59331.74,0,0.38,0.25,20,ONE_POINT,100,100,RANDOM,5
244,24500,82.47058534622192,59194,59269.53,0,0.38,0.25,20,ONE_POINT,100,100,RANDOM,5
245,24600,82.7784059047699,59142,59157.53,0,0.38,0.25,20,ONE_POINT,100,100,RANDOM,5
246,24700,83.12096667289734,59022,59030.4,0,0.38,0.25,20,ONE_POINT,100,100,RANDOM,5
247,24800,83.45775628089905,58824,58838.28,0,0.38,0.25,20,ONE_POINT,100,100,RANDOM,5
248,24900,83.81796836853027,58529,58555.84,0,0.38,0.25,20,ONE_POINT,100,100,RANDOM,5
249,25000,84.12938928604126,58451,58466.29,0,0.38,0.25,20,ONE_POINT,100,100,RANDOM,5
250,25100,84.48430037498474,58337,58347.04,0,0.38,0.25,20,ONE_POINT,100,100,RANDOM,5
251,25200,84.82124495506287,58198,58218.19,0,0.38,0.25,20,ONE_POINT,100,100,RANDOM,5
252,25300,85.15817427635193,58045,58075.01,0,0.38,0.25,20,ONE_POINT,100,100,RANDOM,5
253,25400,85.51083302497864,57899,57994.16,0,0.38,0.25,20,ONE_POINT,100,100,RANDOM,5
254,25500,85.83948493003845,57815,57822.73,0,0.38,0.25,20,ONE_POINT,100,100,RANDOM,5
255,25600,86.20310401916504,57782,57808.16,0,0.38,0.25,20,ONE_POINT,100,100,RANDOM,5
256,25700,86.58283162117004,57738,57743.13,0,0.38,0.25,20,ONE_POINT,100,100,RANDOM,5
257,25800,86.92579054832458,57631,57638.78,0,0.38,0.25,20,ONE_POINT,100,100,RANDOM,5
258,25900,87.26542091369629,57399,57423.58,0,0.38,0.25,20,ONE_POINT,100,100,RANDOM,5
259,26000,87.60398554801941,57218,57328.88,0,0.38,0.25,20,ONE_POINT,100,100,RANDOM,5
260,26100,87.95718002319336,57174,57179.37,0,0.38,0.25,20,ONE_POINT,100,100,RANDOM,5
261,26200,88.29588580131531,57105,57132.8,0,0.38,0.25,20,ONE_POINT,100,100,RANDOM,5
262,26300,88.63142991065979,57001,57013.85,0,0.38,0.25,20,ONE_POINT,100,100,RANDOM,5
263,26400,88.970223903656,56925,56978.09,0,0.38,0.25,20,ONE_POINT,100,100,RANDOM,5
264,26500,89.2718768119812,56737,56846.05,0,0.38,0.25,20,ONE_POINT,100,100,RANDOM,5
265,26600,89.63107943534851,56580,56616.17,0,0.38,0.25,20,ONE_POINT,100,100,RANDOM,5
266,26700,89.97022128105164,56483,56489.4,0,0.38,0.25,20,ONE_POINT,100,100,RANDOM,5
267,26800,90.31905698776245,56450,56474.5,0,0.38,0.25,20,ONE_POINT,100,100,RANDOM,5
268,26900,90.66562461853027,56308,56319.69,0,0.38,0.25,20,ONE_POINT,100,100,RANDOM,5
269,27000,91.03493142127991,56223,56283.51,0,0.38,0.25,20,ONE_POINT,100,100,RANDOM,5
270,27100,91.36601281166077,56147,56164.1,0,0.38,0.25,20,ONE_POINT,100,100,RANDOM,5
271,27200,91.72538113594055,56070,56079.2,0,0.38,0.25,20,ONE_POINT,100,100,RANDOM,5
272,27300,92.0776014328003,55903,55940.45,0,0.38,0.25,20,ONE_POINT,100,100,RANDOM,5
273,27400,92.40972256660461,55764,55800.1,0,0.38,0.25,20,ONE_POINT,100,100,RANDOM,5
274,27500,92.77474284172058,55621,55630.74,0,0.38,0.25,20,ONE_POINT,100,100,RANDOM,5
275,27600,93.13596200942993,55337,55357.84,0,0.38,0.25,20,ONE_POINT,100,100,RANDOM,5
276,27700,93.49207878112793,55276,55289.61,0,0.38,0.25,20,ONE_POINT,100,100,RANDOM,5
277,27800,93.84551072120667,55221,55228.95,0,0.38,0.25,20,ONE_POINT,100,100,RANDOM,5
278,27900,94.18586611747742,55148,55165.49,0,0.38,0.25,20,ONE_POINT,100,100,RANDOM,5
279,28000,94.53278160095215,55103,55130.16,0,0.38,0.25,20,ONE_POINT,100,100,RANDOM,5
280,28100,94.88625979423523,55058,55105.92,0,0.38,0.25,20,ONE_POINT,100,100,RANDOM,5
281,28200,95.2149178981781,54978,54984.4,0,0.38,0.25,20,ONE_POINT,100,100,RANDOM,5
282,28300,95.57696175575256,54858,54868.9,0,0.38,0.25,20,ONE_POINT,100,100,RANDOM,5
283,28400,95.91929125785828,54742,54748.95,0,0.38,0.25,20,ONE_POINT,100,100,RANDOM,5
284,28500,96.27109861373901,54686,54691.49,0,0.38,0.25,20,ONE_POINT,100,100,RANDOM,5
285,28600,96.60958242416382,54647,54655.68,0,0.38,0.25,20,ONE_POINT,100,100,RANDOM,5
286,28700,96.92193484306335,54555,54571.22,0,0.38,0.25,20,ONE_POINT,100,100,RANDOM,5
287,28800,97.2375876903534,54459,54503.77,0,0.38,0.25,20,ONE_POINT,100,100,RANDOM,5
288,28900,97.5832827091217,54363,54371.39,0,0.38,0.25,20,ONE_POINT,100,100,RANDOM,5
289,29000,97.92795014381409,54249,54296.9,0,0.38,0.25,20,ONE_POINT,100,100,RANDOM,5
290,29100,98.29261612892151,54144,54163.18,0,0.38,0.25,20,ONE_POINT,100,100,RANDOM,5
291,29200,98.62821006774902,54017,54027.09,0,0.38,0.25,20,ONE_POINT,100,100,RANDOM,5
292,29300,98.97789669036865,53956,53967.11,0,0.38,0.25,20,ONE_POINT,100,100,RANDOM,5
293,29400,99.28243064880371,53884,53915.52,0,0.38,0.25,20,ONE_POINT,100,100,RANDOM,5
294,29500,99.63386464118958,53831,53840.67,0,0.38,0.25,20,ONE_POINT,100,100,RANDOM,5
295,29600,99.97403407096863,53787,53795.66,0,0.38,0.25,20,ONE_POINT,100,100,RANDOM,5
296,29700,100.2853147983551,53652,53661.82,0,0.38,0.25,20,ONE_POINT,100,100,RANDOM,5
297,29800,100.62681674957275,53555,53567.14,0,0.38,0.25,20,ONE_POINT,100,100,RANDOM,5
298,29900,100.94243311882019,53435,53459.6,0,0.38,0.25,20,ONE_POINT,100,100,RANDOM,5
299,30000,101.2512218952179,53299,53309.84,0,0.38,0.25,20,ONE_POINT,100,100,RANDOM,5
300,30100,101.58901739120483,53197,53232.15,0,0.38,0.25,20,ONE_POINT,100,100,RANDOM,5
301,30200,101.93609547615051,53157,53162.5,0,0.38,0.25,20,ONE_POINT,100,100,RANDOM,5
302,30300,102.24822616577148,52956,52968.94,0,0.38,0.25,20,ONE_POINT,100,100,RANDOM,5
303,30400,102.61066961288452,52734,52749.33,0,0.38,0.25,20,ONE_POINT,100,100,RANDOM,5
304,30500,102.97790670394897,52667,52672.95,0,0.38,0.25,20,ONE_POINT,100,100,RANDOM,5
305,30600,103.38548636436462,52566,52574.03,0,0.38,0.25,20,ONE_POINT,100,100,RANDOM,5
306,30700,103.73513197898865,52504,52530.75,0,0.38,0.25,20,ONE_POINT,100,100,RANDOM,5
307,30800,104.0454454421997,52457,52461.93,0,0.38,0.25,20,ONE_POINT,100,100,RANDOM,5
308,30900,104.41499996185303,52400,52408.65,0,0.38,0.25,20,ONE_POINT,100,100,RANDOM,5
309,31000,104.72628426551819,52319,52331.51,0,0.38,0.25,20,ONE_POINT,100,100,RANDOM,5
310,31100,105.06622552871704,52157,52166.71,0,0.38,0.25,20,ONE_POINT,100,100,RANDOM,5
311,31200,105.39353799819946,52088,52093.52,0,0.38,0.25,20,ONE_POINT,100,100,RANDOM,5
312,31300,105.74740362167358,52062,52066.04,0,0.38,0.25,20,ONE_POINT,100,100,RANDOM,5
313,31400,106.07497215270996,51909,51951.59,0,0.38,0.25,20,ONE_POINT,100,100,RANDOM,5
314,31500,106.41362023353577,51808,51819.26,0,0.38,0.25,20,ONE_POINT,100,100,RANDOM,5
315,31600,106.76876211166382,51754,51759.25,0,0.38,0.25,20,ONE_POINT,100,100,RANDOM,5
316,31700,107.08347630500793,51628,51647.63,0,0.38,0.25,20,ONE_POINT,100,100,RANDOM,5
317,31800,107.38415193557739,51547,51572.65,0,0.38,0.25,20,ONE_POINT,100,100,RANDOM,5
318,31900,107.71301007270813,51415,51425.81,0,0.38,0.25,20,ONE_POINT,100,100,RANDOM,5
319,32000,108.05172657966614,51338,51345.32,0,0.38,0.25,20,ONE_POINT,100,100,RANDOM,5
320,32100,108.37947487831116,51256,51277.64,0,0.38,0.25,20,ONE_POINT,100,100,RANDOM,5
321,32200,108.68663358688354,51102,51123.39,0,0.38,0.25,20,ONE_POINT,100,100,RANDOM,5
322,32300,109.0335431098938,50905,50928.39,0,0.38,0.25,20,ONE_POINT,100,100,RANDOM,5
323,32400,109.36186408996582,50813,50829.03,0,0.38,0.25,20,ONE_POINT,100,100,RANDOM,5
324,32500,109.70815944671631,50760,50772.63,0,0.38,0.25,20,ONE_POINT,100,100,RANDOM,5
325,32600,110.03490447998047,50682,50698.48,0,0.38,0.25,20,ONE_POINT,100,100,RANDOM,5
326,32700,110.38698196411133,50478,50490.91,0,0.38,0.25,20,ONE_POINT,100,100,RANDOM,5
327,32800,110.74072194099426,50432,50437.14,0,0.38,0.25,20,ONE_POINT,100,100,RANDOM,5
328,32900,111.07959413528442,50268,50305.28,0,0.38,0.25,20,ONE_POINT,100,100,RANDOM,5
329,33000,111.38533115386963,50125,50137.87,0,0.38,0.25,20,ONE_POINT,100,100,RANDOM,5
330,33100,111.7382583618164,50047,50055.12,0,0.38,0.25,20,ONE_POINT,100,100,RANDOM,5
331,33200,112.07522058486938,50001,50020.05,0,0.38,0.25,20,ONE_POINT,100,100,RANDOM,5
332,33300,112.44201731681824,49886,49910.47,0,0.38,0.25,20,ONE_POINT,100,100,RANDOM,5
333,33400,112.80313014984131,49837,49841.71,0,0.38,0.25,20,ONE_POINT,100,100,RANDOM,5
334,33500,113.14454078674316,49764,49953.35,0,0.38,0.25,20,ONE_POINT,100,100,RANDOM,5
335,33600,113.4743173122406,49704,49711.43,0,0.38,0.25,20,ONE_POINT,100,100,RANDOM,5
336,33700,113.82303810119629,49623,49646.82,0,0.38,0.25,20,ONE_POINT,100,100,RANDOM,5
337,33800,114.15659642219543,49576,49590.63,0,0.38,0.25,20,ONE_POINT,100,100,RANDOM,5
338,33900,114.5027482509613,49447,49469.11,0,0.38,0.25,20,ONE_POINT,100,100,RANDOM,5
339,34000,114.86569118499756,49395,49411.82,0,0.38,0.25,20,ONE_POINT,100,100,RANDOM,5
340,34100,115.21607565879822,49319,49354.37,0,0.38,0.25,20,ONE_POINT,100,100,RANDOM,5
341,34200,115.52591705322266,49238,49252.92,0,0.38,0.25,20,ONE_POINT,100,100,RANDOM,5
342,34300,115.85627603530884,49171,49177.98,0,0.38,0.25,20,ONE_POINT,100,100,RANDOM,5
343,34400,116.18840742111206,49070,49087.61,0,0.38,0.25,20,ONE_POINT,100,100,RANDOM,5
344,34500,116.55680346488953,49001,49016.63,0,0.38,0.25,20,ONE_POINT,100,100,RANDOM,5
345,34600,116.85704159736633,48945,48983.95,0,0.38,0.25,20,ONE_POINT,100,100,RANDOM,5
346,34700,117.17888975143433,48863,48872.84,0,0.38,0.25,20,ONE_POINT,100,100,RANDOM,5
347,34800,117.528244972229,48792,48798.56,0,0.38,0.25,20,ONE_POINT,100,100,RANDOM,5
348,34900,117.83465933799744,48731,48737.1,0,0.38,0.25,20,ONE_POINT,100,100,RANDOM,5
349,35000,118.19398760795593,48645,48651.88,0,0.38,0.25,20,ONE_POINT,100,100,RANDOM,5
350,35100,118.53316926956177,48418,48431.83,0,0.38,0.25,20,ONE_POINT,100,100,RANDOM,5
351,35200,118.88708448410034,48302,48318.45,0,0.38,0.25,20,ONE_POINT,100,100,RANDOM,5
352,35300,119.22279143333435,48230,48248.2,0,0.38,0.25,20,ONE_POINT,100,100,RANDOM,5
353,35400,119.56175541877747,48204,48209.93,0,0.38,0.25,20,ONE_POINT,100,100,RANDOM,5
354,35500,119.9089732170105,48145,48165.15,0,0.38,0.25,20,ONE_POINT,100,100,RANDOM,5
355,35600,120.25928211212158,48068,48098.37,0,0.38,0.25,20,ONE_POINT,100,100,RANDOM,5
356,35700,120.64472913742065,48016,48039.2,0,0.38,0.25,20,ONE_POINT,100,100,RANDOM,5
357,35800,120.9546275138855,47952,47959.35,0,0.38,0.25,20,ONE_POINT,100,100,RANDOM,5
358,35900,121.26952362060547,47868,47892.2,0,0.38,0.25,20,ONE_POINT,100,100,RANDOM,5
359,36000,121.60964560508728,47800,47806.23,0,0.38,0.25,20,ONE_POINT,100,100,RANDOM,5
360,36100,121.9381799697876,47710,47720.48,0,0.38,0.25,20,ONE_POINT,100,100,RANDOM,5
361,36200,122.29105567932129,47669,47688.38,0,0.38,0.25,20,ONE_POINT,100,100,RANDOM,5
362,36300,122.61827373504639,47642,47649.22,0,0.38,0.25,20,ONE_POINT,100,100,RANDOM,5
363,36400,122.94473552703857,47596,47650.47,0,0.38,0.25,20,ONE_POINT,100,100,RANDOM,5
364,36500,123.25099611282349,47461,47605.53,0,0.38,0.25,20,ONE_POINT,100,100,RANDOM,5
365,36600,123.61634826660156,47422,47427.6,0,0.38,0.25,20,ONE_POINT,100,100,RANDOM,5
366,36700,123.96350383758545,47347,47359.86,0,0.38,0.25,20,ONE_POINT,100,100,RANDOM,5
367,36800,124.2894196510315,47188,47208.98,0,0.38,0.25,20,ONE_POINT,100,100,RANDOM,5
368,36900,124.62962818145752,47081,47097.43,0,0.38,0.25,20,ONE_POINT,100,100,RANDOM,5
369,37000,124.9418830871582,46974,46981.38,0,0.38,0.25,20,ONE_POINT,100,100,RANDOM,5
370,37100,125.29312562942505,46922,46941.09,0,0.38,0.25,20,ONE_POINT,100,100,RANDOM,5
371,37200,125.60538673400879,46816,46883.44,0,0.38,0.25,20,ONE_POINT,100,100,RANDOM,5
372,37300,125.93665027618408,46718,46726.29,0,0.38,0.25,20,ONE_POINT,100,100,RANDOM,5
373,37400,126.24273943901062,46623,46630.55,0,0.38,0.25,20,ONE_POINT,100,100,RANDOM,5
374,37500,126.54878187179565,46551,46580.14,0,0.38,0.25,20,ONE_POINT,100,100,RANDOM,5
375,37600,126.87443494796753,46525,46530.21,0,0.38,0.25,20,ONE_POINT,100,100,RANDOM,5
376,37700,127.22785973548889,46484,46493.56,0,0.38,0.25,20,ONE_POINT,100,100,RANDOM,5
377,37800,127.57142853736877,46411,46420.64,0,0.38,0.25,20,ONE_POINT,100,100,RANDOM,5
378,37900,127.9104733467102,46374,46385.63,0,0.38,0.25,20,ONE_POINT,100,100,RANDOM,5
379,38000,128.24291324615479,46266,46283.82,0,0.38,0.25,20,ONE_POINT,100,100,RANDOM,5
380,38100,128.55916786193848,46201,46210.35,0,0.38,0.25,20,ONE_POINT,100,100,RANDOM,5
381,38200,128.9074764251709,45915,45934.68,0,0.38,0.25,20,ONE_POINT,100,100,RANDOM,5
382,38300,129.21704387664795,45890,45893.51,0,0.38,0.25,20,ONE_POINT,100,100,RANDOM,5
383,38400,129.56870412826538,45789,45798.59,0,0.38,0.25,20,ONE_POINT,100,100,RANDOM,5
384,38500,129.8961992263794,45720,45727.0,0,0.38,0.25,20,ONE_POINT,100,100,RANDOM,5
385,38600,130.2497522830963,45667,45679.1,0,0.38,0.25,20,ONE_POINT,100,100,RANDOM,5
386,38700,130.61243057250977,45626,45631.98,0,0.38,0.25,20,ONE_POINT,100,100,RANDOM,5
387,38800,130.93136143684387,45579,45593.12,0,0.38,0.25,20,ONE_POINT,100,100,RANDOM,5
388,38900,131.29753303527832,45520,45527.91,0,0.38,0.25,20,ONE_POINT,100,100,RANDOM,5
389,39000,131.6381778717041,45483,45486.72,0,0.38,0.25,20,ONE_POINT,100,100,RANDOM,5
390,39100,132.01114416122437,45416,45422.85,0,0.38,0.25,20,ONE_POINT,100,100,RANDOM,5
391,39200,132.34010291099548,45349,45359.11,0,0.38,0.25,20,ONE_POINT,100,100,RANDOM,5
392,39300,132.64921379089355,45223,45241.72,0,0.38,0.25,20,ONE_POINT,100,100,RANDOM,5
393,39400,132.9751057624817,45022,45036.07,0,0.38,0.25,20,ONE_POINT,100,100,RANDOM,5
394,39500,133.30008149147034,44901,44903.42,0,0.38,0.25,20,ONE_POINT,100,100,RANDOM,5
395,39600,133.6582453250885,44844,44851.76,0,0.38,0.25,20,ONE_POINT,100,100,RANDOM,5
396,39700,134.01590251922607,44684,44694.36,0,0.38,0.25,20,ONE_POINT,100,100,RANDOM,5
397,39800,134.36234736442566,44659,44667.89,0,0.38,0.25,20,ONE_POINT,100,100,RANDOM,5
398,39900,134.7144260406494,44548,44558.03,0,0.38,0.25,20,ONE_POINT,100,100,RANDOM,5
399,40000,135.08412837982178,44420,44491.36,0,0.38,0.25,20,ONE_POINT,100,100,RANDOM,5
400,40100,135.39814567565918,44366,44400.69,0,0.38,0.25,20,ONE_POINT,100,100,RANDOM,5
401,40200,135.73381352424622,44309,44386.2,0,0.38,0.25,20,ONE_POINT,100,100,RANDOM,5
402,40300,136.0490996837616,44268,44271.85,0,0.38,0.25,20,ONE_POINT,100,100,RANDOM,5
403,40400,136.45478510856628,44206,44211.78,0,0.38,0.25,20,ONE_POINT,100,100,RANDOM,5
404,40500,136.81993746757507,44154,44161.97,0,0.38,0.25,20,ONE_POINT,100,100,RANDOM,5
405,40600,137.18580079078674,44099,44111.29,0,0.38,0.25,20,ONE_POINT,100,100,RANDOM,5
406,40700,137.56317710876465,43998,44025.99,0,0.38,0.25,20,ONE_POINT,100,100,RANDOM,5
407,40800,137.87841939926147,43928,44017.07,0,0.38,0.25,20,ONE_POINT,100,100,RANDOM,5
408,40900,138.24381375312805,43899,43918.14,0,0.38,0.25,20,ONE_POINT,100,100,RANDOM,5
409,41000,138.58575773239136,43822,43837.55,0,0.38,0.25,20,ONE_POINT,100,100,RANDOM,5
410,41100,138.92616891860962,43783,43787.26,0,0.38,0.25,20,ONE_POINT,100,100,RANDOM,5
411,41200,139.2627854347229,43730,43760.74,0,0.38,0.25,20,ONE_POINT,100,100,RANDOM,5
412,41300,139.60884761810303,43694,43699.47,0,0.38,0.25,20,ONE_POINT,100,100,RANDOM,5
413,41400,139.93103408813477,43676,43679.25,0,0.38,0.25,20,ONE_POINT,100,100,RANDOM,5
414,41500,140.26678824424744,43592,43600.0,0,0.38,0.25,20,ONE_POINT,100,100,RANDOM,5
415,41600,140.612060546875,43559,43569.77,0,0.38,0.25,20,ONE_POINT,100,100,RANDOM,5
416,41700,140.95505023002625,43525,43548.88,0,0.38,0.25,20,ONE_POINT,100,100,RANDOM,5
417,41800,141.3116750717163,43336,43353.7,0,0.38,0.25,20,ONE_POINT,100,100,RANDOM,5
418,41900,141.62638425827026,43297,43301.36,0,0.38,0.25,20,ONE_POINT,100,100,RANDOM,5
419,42000,141.94390296936035,43231,43237.33,0,0.38,0.25,20,ONE_POINT,100,100,RANDOM,5
420,42100,142.3074414730072,43169,43176.62,0,0.38,0.25,20,ONE_POINT,100,100,RANDOM,5
421,42200,142.65015769004822,43094,43111.73,0,0.38,0.25,20,ONE_POINT,100,100,RANDOM,5
422,42300,143.00332641601562,43017,43078.24,0,0.38,0.25,20,ONE_POINT,100,100,RANDOM,5
423,42400,143.3122878074646,42972,42986.09,0,0.38,0.25,20,ONE_POINT,100,100,RANDOM,5
424,42500,143.61677479743958,42954,42967.57,0,0.38,0.25,20,ONE_POINT,100,100,RANDOM,5
425,42600,143.96270036697388,42894,42899.58,0,0.38,0.25,20,ONE_POINT,100,100,RANDOM,5
426,42700,144.30595541000366,42835,42855.71,0,0.38,0.25,20,ONE_POINT,100,100,RANDOM,5
427,42800,144.65815663337708,42804,42828.58,0,0.38,0.25,20,ONE_POINT,100,100,RANDOM,5
428,42900,144.99309134483337,42756,42761.68,0,0.38,0.25,20,ONE_POINT,100,100,RANDOM,5
429,43000,145.30096125602722,42707,42747.05,0,0.38,0.25,20,ONE_POINT,100,100,RANDOM,5
430,43100,145.63308954238892,42675,42694.44,0,0.38,0.25,20,ONE_POINT,100,100,RANDOM,5
431,43200,145.97640371322632,42645,42655.2,0,0.38,0.25,20,ONE_POINT,100,100,RANDOM,5
432,43300,146.326801776886,42582,42591.94,0,0.38,0.25,20,ONE_POINT,100,100,RANDOM,5
433,43400,146.67889380455017,42529,42707.46,0,0.38,0.25,20,ONE_POINT,100,100,RANDOM,5
434,43500,147.0226173400879,42502,42524.09,0,0.38,0.25,20,ONE_POINT,100,100,RANDOM,5
435,43600,147.36949467658997,42434,42442.44,0,0.38,0.25,20,ONE_POINT,100,100,RANDOM,5
436,43700,147.67620730400085,42411,42426.94,0,0.38,0.25,20,ONE_POINT,100,100,RANDOM,5
437,43800,147.99298429489136,42377,42386.02,0,0.38,0.25,20,ONE_POINT,100,100,RANDOM,5
438,43900,148.34808492660522,42325,42347.19,0,0.38,0.25,20,ONE_POINT,100,100,RANDOM,5
439,44000,148.70821738243103,42288,42295.46,0,0.38,0.25,20,ONE_POINT,100,100,RANDOM,5
440,44100,149.0342538356781,42248,42258.06,0,0.38,0.25,20,ONE_POINT,100,100,RANDOM,5
441,44200,149.37699604034424,42203,42210.02,0,0.38,0.25,20,ONE_POINT,100,100,RANDOM,5
442,44300,149.70382809638977,42176,42182.5,0,0.38,0.25,20,ONE_POINT,100,100,RANDOM,5
443,44400,150.0300669670105,42163,42169.96,0,0.38,0.25,20,ONE_POINT,100,100,RANDOM,5
444,44500,150.39668130874634,41893,41914.64,0,0.38,0.25,20,ONE_POINT,100,100,RANDOM,5
445,44600,150.75478267669678,41781,41792.52,0,0.38,0.25,20,ONE_POINT,100,100,RANDOM,5
446,44700,151.098566532135,41714,41723.22,0,0.38,0.25,20,ONE_POINT,100,100,RANDOM,5
447,44800,151.43116116523743,41696,41708.27,0,0.38,0.25,20,ONE_POINT,100,100,RANDOM,5
448,44900,151.79974746704102,41580,41590.77,0,0.38,0.25,20,ONE_POINT,100,100,RANDOM,5
449,45000,152.11198663711548,41557,41570.01,0,0.38,0.25,20,ONE_POINT,100,100,RANDOM,5
450,45100,152.46650433540344,41496,41503.28,0,0.38,0.25,20,ONE_POINT,100,100,RANDOM,5
451,45200,152.7905237674713,41439,41497.17,0,0.38,0.25,20,ONE_POINT,100,100,RANDOM,5
452,45300,153.13261580467224,41396,41434.29,0,0.38,0.25,20,ONE_POINT,100,100,RANDOM,5
453,45400,153.46061253547668,41375,41380.69,0,0.38,0.25,20,ONE_POINT,100,100,RANDOM,5
454,45500,153.77304077148438,41351,41376.56,0,0.38,0.25,20,ONE_POINT,100,100,RANDOM,5
455,45600,154.13332319259644,41297,41320.73,0,0.38,0.25,20,ONE_POINT,100,100,RANDOM,5
456,45700,154.46403765678406,41278,41305.22,0,0.38,0.25,20,ONE_POINT,100,100,RANDOM,5
457,45800,154.77215600013733,41242,41247.7,0,0.38,0.25,20,ONE_POINT,100,100,RANDOM,5
458,45900,155.11417603492737,41229,41234.46,0,0.38,0.25,20,ONE_POINT,100,100,RANDOM,5
459,46000,155.5035538673401,41215,41222.99,0,0.38,0.25,20,ONE_POINT,100,100,RANDOM,5
460,46100,155.82834434509277,41215,41215.0,0,0.38,0.25,20,ONE_POINT,100,100,RANDOM,5
461,46200,156.15390419960022,41168,41174.57,0,0.38,0.25,20,ONE_POINT,100,100,RANDOM,5
462,46300,156.5227174758911,41122,41221.78,0,0.38,0.25,20,ONE_POINT,100,100,RANDOM,5
463,46400,156.88090109825134,41048,41057.9,0,0.38,0.25,20,ONE_POINT,100,100,RANDOM,5
464,46500,157.2114658355713,40998,41009.65,0,0.38,0.25,20,ONE_POINT,100,100,RANDOM,5
465,46600,157.5694763660431,40955,40961.43,0,0.38,0.25,20,ONE_POINT,100,100,RANDOM,5
466,46700,157.939621925354,40887,40897.06,0,0.38,0.25,20,ONE_POINT,100,100,RANDOM,5
467,46800,158.2965955734253,40834,40870.84,0,0.38,0.25,20,ONE_POINT,100,100,RANDOM,5
468,46900,158.63370609283447,40819,40829.74,0,0.38,0.25,20,ONE_POINT,100,100,RANDOM,5
469,47000,158.95447444915771,40784,40792.12,0,0.38,0.25,20,ONE_POINT,100,100,RANDOM,5
470,47100,159.28031945228577,40728,40735.81,0,0.38,0.25,20,ONE_POINT,100,100,RANDOM,5
471,47200,159.59887409210205,40693,40704.7,0,0.38,0.25,20,ONE_POINT,100,100,RANDOM,5
472,47300,159.946106672287,40655,40705.56,0,0.38,0.25,20,ONE_POINT,100,100,RANDOM,5
473,47400,160.3071527481079,40618,40622.15,0,0.38,0.25,20,ONE_POINT,100,100,RANDOM,5
474,47500,160.67776226997375,40597,40613.8,0,0.38,0.25,20,ONE_POINT,100,100,RANDOM,5
475,47600,161.01557159423828,40572,40587.31,0,0.38,0.25,20,ONE_POINT,100,100,RANDOM,5
476,47700,161.34202194213867,40515,40524.5,0,0.38,0.25,20,ONE_POINT,100,100,RANDOM,5
477,47800,161.67212748527527,40497,40501.83,0,0.38,0.25,20,ONE_POINT,100,100,RANDOM,5
478,47900,162.02853894233704,40487,40556.36,0,0.38,0.25,20,ONE_POINT,100,100,RANDOM,5
479,48000,162.38443970680237,40434,40581.84,0,0.38,0.25,20,ONE_POINT,100,100,RANDOM,5
480,48100,162.7008819580078,40407,40420.07,0,0.38,0.25,20,ONE_POINT,100,100,RANDOM,5
481,48200,163.04850959777832,40278,40294.09,0,0.38,0.25,20,ONE_POINT,100,100,RANDOM,5
482,48300,163.36247634887695,40252,40278.84,0,0.38,0.25,20,ONE_POINT,100,100,RANDOM,5
483,48400,163.66851425170898,40232,40236.81,0,0.38,0.25,20,ONE_POINT,100,100,RANDOM,5
484,48500,164.01485562324524,40217,40226.11,0,0.38,0.25,20,ONE_POINT,100,100,RANDOM,5
485,48600,164.37623715400696,40164,40175.4,0,0.38,0.25,20,ONE_POINT,100,100,RANDOM,5
486,48700,164.73872995376587,40119,40125.45,0,0.38,0.25,20,ONE_POINT,100,100,RANDOM,5
487,48800,165.0423228740692,40108,40110.27,0,0.38,0.25,20,ONE_POINT,100,100,RANDOM,5
488,48900,165.35013008117676,40083,40087.16,0,0.38,0.25,20,ONE_POINT,100,100,RANDOM,5
489,49000,165.67508602142334,40081,40086.34,0,0.38,0.25,20,ONE_POINT,100,100,RANDOM,5
490,49100,166.00384426116943,39998,40008.6,0,0.38,0.25,20,ONE_POINT,100,100,RANDOM,5
491,49200,166.34725689888,39981,39985.3,0,0.38,0.25,20,ONE_POINT,100,100,RANDOM,5
492,49300,166.6653470993042,39933,39938.95,0,0.38,0.25,20,ONE_POINT,100,100,RANDOM,5
493,49400,166.9829442501068,39913,39919.37,0,0.38,0.25,20,ONE_POINT,100,100,RANDOM,5
494,49500,167.342036485672,39857,39864.4,0,0.38,0.25,20,ONE_POINT,100,100,RANDOM,5
495,49600,167.693439245224,39856,39856.39,0,0.38,0.25,20,ONE_POINT,100,100,RANDOM,5
496,49700,168.05379486083984,39843,39845.35,0,0.38,0.25,20,ONE_POINT,100,100,RANDOM,5
497,49800,168.42245483398438,39823,39830.11,0,0.38,0.25,20,ONE_POINT,100,100,RANDOM,5
498,49900,168.77143001556396,39811,39815.51,0,0.38,0.25,20,ONE_POINT,100,100,RANDOM,5
499,50000,169.1188395023346,39787,39811.03,0,0.38,0.25,20,ONE_POINT,100,100,RANDOM,5
500,50100,169.45796060562134,39764,39781.23,0,0.38,0.25,20,ONE_POINT,100,100,RANDOM,5
1,200,0.27813220024108887,132031,130390.03,0,0.38,0.25,20,ONE_POINT,100,100,RANDOM,6
2,300,0.6641824245452881,124674,125047.07,0,0.38,0.25,20,ONE_POINT,100,100,RANDOM,6
3,400,1.0077941417694092,123510,123570.59,0,0.38,0.25,20,ONE_POINT,100,100,RANDOM,6
4,500,1.381587028503418,122322,122396.68,0,0.38,0.25,20,ONE_POINT,100,100,RANDOM,6
5,600,1.7374801635742188,120428,120466.85,0,0.38,0.25,20,ONE_POINT,100,100,RANDOM,6
6,700,2.086176872253418,118896,118957.51,0,0.38,0.25,20,ONE_POINT,100,100,RANDOM,6
7,800,2.4202730655670166,118337,118368.23,0,0.38,0.25,20,ONE_POINT,100,100,RANDOM,6
8,900,2.7709503173828125,117625,117664.93,0,0.38,0.25,20,ONE_POINT,100,100,RANDOM,6
9,1000,3.1004371643066406,116706,116817.18,0,0.38,0.25,20,ONE_POINT,100,100,RANDOM,6
10,1100,3.4118239879608154,116164,116189.88,0,0.38,0.25,20,ONE_POINT,100,100,RANDOM,6
11,1200,3.7514302730560303,115475,115509.67,0,0.38,0.25,20,ONE_POINT,100,100,RANDOM,6
12,1300,4.081829786300659,114280,114328.91,0,0.38,0.25,20,ONE_POINT,100,100,RANDOM,6
13,1400,4.423943042755127,112636,112756.17,0,0.38,0.25,20,ONE_POINT,100,100,RANDOM,6
14,1500,4.743596315383911,112143,112168.87,0,0.38,0.25,20,ONE_POINT,100,100,RANDOM,6
15,1600,5.063140630722046,110907,110956.34,0,0.38,0.25,20,ONE_POINT,100,100,RANDOM,6
16,1700,5.392398834228516,110668,110689.98,0,0.38,0.25,20,ONE_POINT,100,100,RANDOM,6
17,1800,5.738262891769409,109591,109635.32,0,0.38,0.25,20,ONE_POINT,100,100,RANDOM,6
18,1900,6.076948165893555,109096,109222.32,0,0.38,0.25,20,ONE_POINT,100,100,RANDOM,6
19,2000,6.432628154754639,108588,108620.72,0,0.38,0.25,20,ONE_POINT,100,100,RANDOM,6
20,2100,6.7743144035339355,108070,108202.68,0,0.38,0.25,20,ONE_POINT,100,100,RANDOM,6
21,2200,7.120861530303955,107217,107249.83,0,0.38,0.25,20,ONE_POINT,100,100,RANDOM,6
22,2300,7.428369760513306,107047,107066.79,0,0.38,0.25,20,ONE_POINT,100,100,RANDOM,6
23,2400,7.779024362564087,106185,106231.5,0,0.38,0.25,20,ONE_POINT,100,100,RANDOM,6
24,2500,8.156262397766113,105164,105203.86,0,0.38,0.25,20,ONE_POINT,100,100,RANDOM,6
25,2600,8.525925636291504,104887,104901.63,0,0.38,0.25,20,ONE_POINT,100,100,RANDOM,6
26,2700,8.8840491771698,104561,104583.33,0,0.38,0.25,20,ONE_POINT,100,100,RANDOM,6
27,2800,9.224686622619629,103899,103934.44,0,0.38,0.25,20,ONE_POINT,100,100,RANDOM,6
28,2900,9.537808418273926,103111,103145.57,0,0.38,0.25,20,ONE_POINT,100,100,RANDOM,6
29,3000,9.85503625869751,102655,102682.27,0,0.38,0.25,20,ONE_POINT,100,100,RANDOM,6
30,3100,10.166347980499268,102378,102391.92,0,0.38,0.25,20,ONE_POINT,100,100,RANDOM,6
31,3200,10.506877422332764,102011,102035.13,0,0.38,0.25,20,ONE_POINT,100,100,RANDOM,6
32,3300,10.885241508483887,101608,101641.99,0,0.38,0.25,20,ONE_POINT,100,100,RANDOM,6
33,3400,11.231741189956665,100947,100980.05,0,0.38,0.25,20,ONE_POINT,100,100,RANDOM,6
34,3500,11.580298662185669,100551,100571.7,0,0.38,0.25,20,ONE_POINT,100,100,RANDOM,6
35,3600,11.8873450756073,100153,100168.92,0,0.38,0.25,20,ONE_POINT,100,100,RANDOM,6
36,3700,12.212666034698486,99376,99404.95,0,0.38,0.25,20,ONE_POINT,100,100,RANDOM,6
37,3800,12.541783809661865,99176,99195.33,0,0.38,0.25,20,ONE_POINT,100,100,RANDOM,6
38,3900,12.856179237365723,98907,98960.6,0,0.38,0.25,20,ONE_POINT,100,100,RANDOM,6
39,4000,13.196446895599365,98691,98703.07,0,0.38,0.25,20,ONE_POINT,100,100,RANDOM,6
40,4100,13.532976388931274,98356,98369.4,0,0.38,0.25,20,ONE_POINT,100,100,RANDOM,6
41,4200,13.849723100662231,97977,98036.79,0,0.38,0.25,20,ONE_POINT,100,100,RANDOM,6
42,4300,14.195896863937378,97542,97558.83,0,0.38,0.25,20,ONE_POINT,100,100,RANDOM,6
43,4400,14.513085842132568,97205,97222.25,0,0.38,0.25,20,ONE_POINT,100,100,RANDOM,6
44,4500,14.837039470672607,96690,96706.47,0,0.38,0.25,20,ONE_POINT,100,100,RANDOM,6
45,4600,15.18700361251831,95780,95816.03,0,0.38,0.25,20,ONE_POINT,100,100,RANDOM,6
46,4700,15.49391508102417,95203,95253.83,0,0.38,0.25,20,ONE_POINT,100,100,RANDOM,6
47,4800,15.82287073135376,94959,95017.08,0,0.38,0.25,20,ONE_POINT,100,100,RANDOM,6
48,4900,16.15221381187439,94247,94290.56,0,0.38,0.25,20,ONE_POINT,100,100,RANDOM,6
49,5000,16.494595766067505,94076,94087.02,0,0.38,0.25,20,ONE_POINT,100,100,RANDOM,6
50,5100,16.809513092041016,93411,93437.6,0,0.38,0.25,20,ONE_POINT,100,100,RANDOM,6
51,5200,17.170747995376587,93243,93261.28,0,0.38,0.25,20,ONE_POINT,100,100,RANDOM,6
52,5300,17.48375630378723,92778,92796.6,0,0.38,0.25,20,ONE_POINT,100,100,RANDOM,6
53,5400,17.823397397994995,92229,92259.86,0,0.38,0.25,20,ONE_POINT,100,100,RANDOM,6
54,5500,18.175779581069946,92091,92098.1,0,0.38,0.25,20,ONE_POINT,100,100,RANDOM,6
55,5600,18.542088985443115,91884,91893.86,0,0.38,0.25,20,ONE_POINT,100,100,RANDOM,6
56,5700,18.88179326057434,91677,91690.85,0,0.38,0.25,20,ONE_POINT,100,100,RANDOM,6
57,5800,19.210017442703247,91449,91465.58,0,0.38,0.25,20,ONE_POINT,100,100,RANDOM,6
58,5900,19.537355422973633,91337,91382.38,0,0.38,0.25,20,ONE_POINT,100,100,RANDOM,6
59,6000,19.87964367866516,91035,91063.18,0,0.38,0.25,20,ONE_POINT,100,100,RANDOM,6
60,6100,20.22697925567627,90754,90768.05,0,0.38,0.25,20,ONE_POINT,100,100,RANDOM,6
61,6200,20.55531644821167,90604,90617.47,0,0.38,0.25,20,ONE_POINT,100,100,RANDOM,6
62,6300,20.882863998413086,90237,90261.77,0,0.38,0.25,20,ONE_POINT,100,100,RANDOM,6
63,6400,21.22568440437317,89893,89906.76,0,0.38,0.25,20,ONE_POINT,100,100,RANDOM,6
64,6500,21.552708864212036,89447,89465.58,0,0.38,0.25,20,ONE_POINT,100,100,RANDOM,6
65,6600,21.906996726989746,89238,89251.11,0,0.38,0.25,20,ONE_POINT,100,100,RANDOM,6
66,6700,22.224562883377075,88917,88935.14,0,0.38,0.25,20,ONE_POINT,100,100,RANDOM,6
67,6800,22.527710676193237,88392,88464.36,0,0.38,0.25,20,ONE_POINT,100,100,RANDOM,6
68,6900,22.8453471660614,88076,88124.05,0,0.38,0.25,20,ONE_POINT,100,100,RANDOM,6
69,7000,23.193317413330078,87894,87947.08,0,0.38,0.25,20,ONE_POINT,100,100,RANDOM,6
70,7100,23.503671169281006,87658,87669.42,0,0.38,0.25,20,ONE_POINT,100,100,RANDOM,6
71,7200,23.814982175827026,87002,87030.6,0,0.38,0.25,20,ONE_POINT,100,100,RANDOM,6
72,7300,24.16895365715027,86528,86546.96,0,0.38,0.25,20,ONE_POINT,100,100,RANDOM,6
73,7400,24.509536743164062,86325,86337.21,0,0.38,0.25,20,ONE_POINT,100,100,RANDOM,6
74,7500,24.81909966468811,86171,86180.24,0,0.38,0.25,20,ONE_POINT,100,100,RANDOM,6
75,7600,25.136961221694946,86024,86058.16,0,0.38,0.25,20,ONE_POINT,100,100,RANDOM,6
76,7700,25.453710794448853,85778,85793.14,0,0.38,0.25,20,ONE_POINT,100,100,RANDOM,6
77,7800,25.82063055038452,85160,85198.83,0,0.38,0.25,20,ONE_POINT,100,100,RANDOM,6
78,7900,26.171136617660522,84977,84988.11,0,0.38,0.25,20,ONE_POINT,100,100,RANDOM,6
79,8000,26.515796661376953,84800,84812.85,0,0.38,0.25,20,ONE_POINT,100,100,RANDOM,6
80,8100,26.852797746658325,84613,84629.69,0,0.38,0.25,20,ONE_POINT,100,100,RANDOM,6
81,8200,27.21102786064148,84212,84232.05,0,0.38,0.25,20,ONE_POINT,100,100,RANDOM,6
82,8300,27.550536155700684,83862,83879.07,0,0.38,0.25,20,ONE_POINT,100,100,RANDOM,6
83,8400,27.87960410118103,83499,83518.89,0,0.38,0.25,20,ONE_POINT,100,100,RANDOM,6
84,8500,28.20969867706299,83385,83393.4,0,0.38,0.25,20,ONE_POINT,100,100,RANDOM,6
85,8600,28.532822370529175,83182,83194.14,0,0.38,0.25,20,ONE_POINT,100,100,RANDOM,6
86,8700,28.849889516830444,83010,83019.82,0,0.38,0.25,20,ONE_POINT,100,100,RANDOM,6
87,8800,29.181411504745483,82890,82896.58,0,0.38,0.25,20,ONE_POINT,100,100,RANDOM,6
88,8900,29.538952827453613,82773,82781.04,0,0.38,0.25,20,ONE_POINT,100,100,RANDOM,6
89,9000,29.867471933364868,82455,82533.11,0,0.38,0.25,20,ONE_POINT,100,100,RANDOM,6
90,9100,30.200668334960938,82161,82179.02,0,0.38,0.25,20,ONE_POINT,100,100,RANDOM,6
91,9200,30.546062231063843,81634,81661.87,0,0.38,0.25,20,ONE_POINT,100,100,RANDOM,6
92,9300,30.876610279083252,81307,81323.36,0,0.38,0.25,20,ONE_POINT,100,100,RANDOM,6
93,9400,31.194873094558716,81097,81108.84,0,0.38,0.25,20,ONE_POINT,100,100,RANDOM,6
94,9500,31.537692308425903,80682,80706.1,0,0.38,0.25,20,ONE_POINT,100,100,RANDOM,6
95,9600,31.8907310962677,80287,80307.54,0,0.38,0.25,20,ONE_POINT,100,100,RANDOM,6
96,9700,32.256760597229004,80057,80081.96,0,0.38,0.25,20,ONE_POINT,100,100,RANDOM,6
97,9800,32.587382793426514,79891,79907.3,0,0.38,0.25,20,ONE_POINT,100,100,RANDOM,6
98,9900,32.93421649932861,79672,79696.56,0,0.38,0.25,20,ONE_POINT,100,100,RANDOM,6
99,10000,33.27616047859192,79514,79526.82,0,0.38,0.25,20,ONE_POINT,100,100,RANDOM,6
100,10100,33.601367235183716,79136,79164.41,0,0.38,0.25,20,ONE_POINT,100,100,RANDOM,6
101,10200,33.946008920669556,78895,78910.14,0,0.38,0.25,20,ONE_POINT,100,100,RANDOM,6
102,10300,34.25608944892883,78768,78779.72,0,0.38,0.25,20,ONE_POINT,100,100,RANDOM,6
103,10400,34.63219618797302,78653,78703.42,0,0.38,0.25,20,ONE_POINT,100,100,RANDOM,6
104,10500,35.00475001335144,78423,78437.95,0,0.38,0.25,20,ONE_POINT,100,100,RANDOM,6
105,10600,35.377251863479614,78298,78307.14,0,0.38,0.25,20,ONE_POINT,100,100,RANDOM,6
106,10700,35.76201057434082,78039,78082.62,0,0.38,0.25,20,ONE_POINT,100,100,RANDOM,6
107,10800,36.10607433319092,77814,77835.3,0,0.38,0.25,20,ONE_POINT,100,100,RANDOM,6
108,10900,36.46906924247742,77574,77588.4,0,0.38,0.25,20,ONE_POINT,100,100,RANDOM,6
109,11000,36.794127464294434,77423,77435.08,0,0.38,0.25,20,ONE_POINT,100,100,RANDOM,6
110,11100,37.139371395111084,77169,77185.27,0,0.38,0.25,20,ONE_POINT,100,100,RANDOM,6
111,11200,37.438745975494385,77054,77121.3,0,0.38,0.25,20,ONE_POINT,100,100,RANDOM,6
112,11300,37.761883020401,76878,76893.18,0,0.38,0.25,20,ONE_POINT,100,100,RANDOM,6
113,11400,38.07400369644165,76734,76744.08,0,0.38,0.25,20,ONE_POINT,100,100,RANDOM,6
114,11500,38.417808532714844,76466,76493.09,0,0.38,0.25,20,ONE_POINT,100,100,RANDOM,6
115,11600,38.73970603942871,76316,76392.07,0,0.38,0.25,20,ONE_POINT,100,100,RANDOM,6
116,11700,39.047130823135376,76049,76208.52,0,0.38,0.25,20,ONE_POINT,100,100,RANDOM,6
117,11800,39.387526512145996,75862,75909.18,0,0.38,0.25,20,ONE_POINT,100,100,RANDOM,6
118,11900,39.71784520149231,75785,75793.93,0,0.38,0.25,20,ONE_POINT,100,100,RANDOM,6
119,12000,40.05028247833252,75661,75671.69,0,0.38,0.25,20,ONE_POINT,100,100,RANDOM,6
120,12100,40.40451455116272,75402,75442.02,0,0.38,0.25,20,ONE_POINT,100,100,RANDOM,6
121,12200,40.76004219055176,75214,75225.4,0,0.38,0.25,20,ONE_POINT,100,100,RANDOM,6
122,12300,41.06189751625061,75035,75049.41,0,0.38,0.25,20,ONE_POINT,100,100,RANDOM,6
123,12400,41.40580868721008,74856,74892.58,0,0.38,0.25,20,ONE_POINT,100,100,RANDOM,6
124,12500,41.72706389427185,74673,74709.43,0,0.38,0.25,20,ONE_POINT,100,100,RANDOM,6
125,12600,42.034050941467285,74612,74622.38,0,0.38,0.25,20,ONE_POINT,100,100,RANDOM,6
126,12700,42.3646194934845,74422,74439.28,0,0.38,0.25,20,ONE_POINT,100,100,RANDOM,6
127,12800,42.78206181526184,74326,74335.6,0,0.38,0.25,20,ONE_POINT,100,100,RANDOM,6
128,12900,43.089603900909424,74226,74235.08,0,0.38,0.25,20,ONE_POINT,100,100,RANDOM,6
129,13000,43.46030879020691,73925,73956.21,0,0.38,0.25,20,ONE_POINT,100,100,RANDOM,6
130,13100,43.78602623939514,73693,73709.29,0,0.38,0.25,20,ONE_POINT,100,100,RANDOM,6
131,13200,44.108704805374146,73394,73471.14,0,0.38,0.25,20,ONE_POINT,100,100,RANDOM,6
132,13300,44.435871601104736,73159,73186.48,0,0.38,0.25,20,ONE_POINT,100,100,RANDOM,6
133,13400,44.764833211898804,72946,72999.34,0,0.38,0.25,20,ONE_POINT,100,100,RANDOM,6
134,13500,45.09576773643494,72752,72766.98,0,0.38,0.25,20,ONE_POINT,100,100,RANDOM,6
135,13600,45.40802550315857,72567,72588.46,0,0.38,0.25,20,ONE_POINT,100,100,RANDOM,6
136,13700,45.721776723861694,72351,72366.54,0,0.38,0.25,20,ONE_POINT,100,100,RANDOM,6
137,13800,46.07344651222229,72269,72288.85,0,0.38,0.25,20,ONE_POINT,100,100,RANDOM,6
138,13900,46.38190150260925,72052,72062.89,0,0.38,0.25,20,ONE_POINT,100,100,RANDOM,6
139,14000,46.72784399986267,71810,71825.11,0,0.38,0.25,20,ONE_POINT,100,100,RANDOM,6
140,14100,47.04703712463379,71555,71567.97,0,0.38,0.25,20,ONE_POINT,100,100,RANDOM,6
141,14200,47.35689640045166,71322,71374.86,0,0.38,0.25,20,ONE_POINT,100,100,RANDOM,6
142,14300,47.719457149505615,71199,71221.32,0,0.38,0.25,20,ONE_POINT,100,100,RANDOM,6
143,14400,48.061333656311035,71123,71174.45,0,0.38,0.25,20,ONE_POINT,100,100,RANDOM,6
144,14500,48.3983793258667,70996,71030.51,0,0.38,0.25,20,ONE_POINT,100,100,RANDOM,6
145,14600,48.712056159973145,70892,70913.14,0,0.38,0.25,20,ONE_POINT,100,100,RANDOM,6
146,14700,49.06931161880493,70704,70715.71,0,0.38,0.25,20,ONE_POINT,100,100,RANDOM,6
147,14800,49.38590359687805,70579,70607.2,0,0.38,0.25,20,ONE_POINT,100,100,RANDOM,6
148,14900,49.7111177444458,70459,70480.91,0,0.38,0.25,20,ONE_POINT,100,100,RANDOM,6
149,15000,50.01794505119324,70333,70445.02,0,0.38,0.25,20,ONE_POINT,100,100,RANDOM,6
150,15100,50.370848178863525,70113,70152.36,0,0.38,0.25,20,ONE_POINT,100,100,RANDOM,6
151,15200,50.68016338348389,69939,69957.14,0,0.38,0.25,20,ONE_POINT,100,100,RANDOM,6
152,15300,51.02407622337341,69629,69656.42,0,0.38,0.25,20,ONE_POINT,100,100,RANDOM,6
153,15400,51.400657415390015,69296,69330.97,0,0.38,0.25,20,ONE_POINT,100,100,RANDOM,6
154,15500,51.75644874572754,69069,69129.19,0,0.38,0.25,20,ONE_POINT,100,100,RANDOM,6
155,15600,52.113574266433716,68900,68936.05,0,0.38,0.25,20,ONE_POINT,100,100,RANDOM,6
156,15700,52.448461055755615,68752,68764.39,0,0.38,0.25,20,ONE_POINT,100,100,RANDOM,6
157,15800,52.79351019859314,68587,68623.98,0,0.38,0.25,20,ONE_POINT,100,100,RANDOM,6
158,15900,53.133960485458374,68484,68525.04,0,0.38,0.25,20,ONE_POINT,100,100,RANDOM,6
159,16000,53.46843123435974,68289,68304.76,0,0.38,0.25,20,ONE_POINT,100,100,RANDOM,6
160,16100,53.79734396934509,68144,68157.71,0,0.38,0.25,20,ONE_POINT,100,100,RANDOM,6
161,16200,54.13524007797241,67895,68000.34,0,0.38,0.25,20,ONE_POINT,100,100,RANDOM,6
162,16300,54.512455701828,67794,67848.33,0,0.38,0.25,20,ONE_POINT,100,100,RANDOM,6
163,16400,54.824217319488525,67631,67657.12,0,0.38,0.25,20,ONE_POINT,100,100,RANDOM,6
164,16500,55.13370728492737,67491,67502.2,0,0.38,0.25,20,ONE_POINT,100,100,RANDOM,6
165,16600,55.44823408126831,67349,67376.61,0,0.38,0.25,20,ONE_POINT,100,100,RANDOM,6
166,16700,55.780542850494385,67171,67202.5,0,0.38,0.25,20,ONE_POINT,100,100,RANDOM,6
167,16800,56.13051724433899,66959,66974.1,0,0.38,0.25,20,ONE_POINT,100,100,RANDOM,6
168,16900,56.46961259841919,66792,66840.35,0,0.38,0.25,20,ONE_POINT,100,100,RANDOM,6
169,17000,56.82445287704468,66532,66552.12,0,0.38,0.25,20,ONE_POINT,100,100,RANDOM,6
170,17100,57.191821813583374,66281,66296.1,0,0.38,0.25,20,ONE_POINT,100,100,RANDOM,6
171,17200,57.526392459869385,66053,66071.82,0,0.38,0.25,20,ONE_POINT,100,100,RANDOM,6
172,17300,57.8493070602417,65873,65901.53,0,0.38,0.25,20,ONE_POINT,100,100,RANDOM,6
173,17400,58.16718029975891,65777,65793.84,0,0.38,0.25,20,ONE_POINT,100,100,RANDOM,6
174,17500,58.48099231719971,65532,65547.4,0,0.38,0.25,20,ONE_POINT,100,100,RANDOM,6
175,17600,58.805169343948364,65421,65569.95,0,0.38,0.25,20,ONE_POINT,100,100,RANDOM,6
176,17700,59.13192319869995,65350,65359.47,0,0.38,0.25,20,ONE_POINT,100,100,RANDOM,6
177,17800,59.45554542541504,65277,65283.02,0,0.38,0.25,20,ONE_POINT,100,100,RANDOM,6
178,17900,59.80915904045105,65214,65240.35,0,0.38,0.25,20,ONE_POINT,100,100,RANDOM,6
179,18000,60.15892481803894,64913,64939.0,0,0.38,0.25,20,ONE_POINT,100,100,RANDOM,6
180,18100,60.5185329914093,64807,64815.92,0,0.38,0.25,20,ONE_POINT,100,100,RANDOM,6
181,18200,60.830464124679565,64420,64444.49,0,0.38,0.25,20,ONE_POINT,100,100,RANDOM,6
182,18300,61.16887068748474,64242,64286.94,0,0.38,0.25,20,ONE_POINT,100,100,RANDOM,6
183,18400,61.537105321884155,63944,63966.16,0,0.38,0.25,20,ONE_POINT,100,100,RANDOM,6
184,18500,61.89194059371948,63846,63852.89,0,0.38,0.25,20,ONE_POINT,100,100,RANDOM,6
185,18600,62.19446635246277,63640,63652.36,0,0.38,0.25,20,ONE_POINT,100,100,RANDOM,6
186,18700,62.531262159347534,63479,63508.05,0,0.38,0.25,20,ONE_POINT,100,100,RANDOM,6
187,18800,62.85947036743164,63300,63313.85,0,0.38,0.25,20,ONE_POINT,100,100,RANDOM,6
188,18900,63.19260287284851,63252,63259.81,0,0.38,0.25,20,ONE_POINT,100,100,RANDOM,6
189,19000,63.523505449295044,63125,63134.6,0,0.38,0.25,20,ONE_POINT,100,100,RANDOM,6
190,19100,63.83003759384155,62955,62970.85,0,0.38,0.25,20,ONE_POINT,100,100,RANDOM,6
191,19200,64.17861104011536,62213,62244.38,0,0.38,0.25,20,ONE_POINT,100,100,RANDOM,6
192,19300,64.54472160339355,61934,61966.36,0,0.38,0.25,20,ONE_POINT,100,100,RANDOM,6
193,19400,64.88209700584412,61755,61809.57,0,0.38,0.25,20,ONE_POINT,100,100,RANDOM,6
194,19500,65.21245861053467,61683,61696.53,0,0.38,0.25,20,ONE_POINT,100,100,RANDOM,6
195,19600,65.56821274757385,61635,61648.19,0,0.38,0.25,20,ONE_POINT,100,100,RANDOM,6
196,19700,65.8764054775238,61492,61505.95,0,0.38,0.25,20,ONE_POINT,100,100,RANDOM,6
197,19800,66.1786105632782,61379,61398.79,0,0.38,0.25,20,ONE_POINT,100,100,RANDOM,6
198,19900,66.49407172203064,61185,61200.7,0,0.38,0.25,20,ONE_POINT,100,100,RANDOM,6
199,20000,66.8648591041565,61025,61052.59,0,0.38,0.25,20,ONE_POINT,100,100,RANDOM,6
200,20100,67.19855499267578,60844,60873.7,0,0.38,0.25,20,ONE_POINT,100,100,RANDOM,6
201,20200,67.5328414440155,60787,60806.64,0,0.38,0.25,20,ONE_POINT,100,100,RANDOM,6
202,20300,67.8569552898407,60576,60593.43,0,0.38,0.25,20,ONE_POINT,100,100,RANDOM,6
203,20400,68.2567150592804,60515,60555.1,0,0.38,0.25,20,ONE_POINT,100,100,RANDOM,6
204,20500,68.62354516983032,60447,60455.46,0,0.38,0.25,20,ONE_POINT,100,100,RANDOM,6
205,20600,69.0114049911499,60383,60419.74,0,0.38,0.25,20,ONE_POINT,100,100,RANDOM,6
206,20700,69.39934539794922,59933,59955.24,0,0.38,0.25,20,ONE_POINT,100,100,RANDOM,6
207,20800,69.7325348854065,59577,59638.72,0,0.38,0.25,20,ONE_POINT,100,100,RANDOM,6
208,20900,70.04321455955505,59427,59440.94,0,0.38,0.25,20,ONE_POINT,100,100,RANDOM,6
209,21000,70.35619640350342,59274,59335.97,0,0.38,0.25,20,ONE_POINT,100,100,RANDOM,6
210,21100,70.67790126800537,59248,59269.5,0,0.38,0.25,20,ONE_POINT,100,100,RANDOM,6
211,21200,71.00677919387817,59151,59185.24,0,0.38,0.25,20,ONE_POINT,100,100,RANDOM,6
212,21300,71.35800218582153,59023,59034.51,0,0.38,0.25,20,ONE_POINT,100,100,RANDOM,6
213,21400,71.6885986328125,58954,58962.48,0,0.38,0.25,20,ONE_POINT,100,100,RANDOM,6
214,21500,72.03546237945557,58892,58900.55,0,0.38,0.25,20,ONE_POINT,100,100,RANDOM,6
215,21600,72.357342004776,58602,58619.4,0,0.38,0.25,20,ONE_POINT,100,100,RANDOM,6
216,21700,72.72985625267029,58397,58414.82,0,0.38,0.25,20,ONE_POINT,100,100,RANDOM,6
217,21800,73.081711769104,58352,58373.29,0,0.38,0.25,20,ONE_POINT,100,100,RANDOM,6
218,21900,73.43998861312866,58275,58383.48,0,0.38,0.25,20,ONE_POINT,100,100,RANDOM,6
219,22000,73.76287722587585,58195,58300.24,0,0.38,0.25,20,ONE_POINT,100,100,RANDOM,6
220,22100,74.07602500915527,58129,58143.96,0,0.38,0.25,20,ONE_POINT,100,100,RANDOM,6
221,22200,74.44284558296204,58013,58022.18,0,0.38,0.25,20,ONE_POINT,100,100,RANDOM,6
222,22300,74.75727009773254,57899,57908.58,0,0.38,0.25,20,ONE_POINT,100,100,RANDOM,6
223,22400,75.10659146308899,57787,57795.96,0,0.38,0.25,20,ONE_POINT,100,100,RANDOM,6
224,22500,75.41510963439941,57676,57687.98,0,0.38,0.25,20,ONE_POINT,100,100,RANDOM,6
225,22600,75.778329372406,57614,57638.01,0,0.38,0.25,20,ONE_POINT,100,100,RANDOM,6
226,22700,76.11792540550232,57521,57531.32,0,0.38,0.25,20,ONE_POINT,100,100,RANDOM,6
227,22800,76.44898009300232,57416,57427.24,0,0.38,0.25,20,ONE_POINT,100,100,RANDOM,6
228,22900,76.78272008895874,57287,57303.84,0,0.38,0.25,20,ONE_POINT,100,100,RANDOM,6
229,23000,77.1244764328003,57189,57215.97,0,0.38,0.25,20,ONE_POINT,100,100,RANDOM,6
230,23100,77.45039200782776,57056,57071.36,0,0.38,0.25,20,ONE_POINT,100,100,RANDOM,6
231,23200,77.80042314529419,56884,56907.42,0,0.38,0.25,20,ONE_POINT,100,100,RANDOM,6
232,23300,78.14214849472046,56806,56949.41,0,0.38,0.25,20,ONE_POINT,100,100,RANDOM,6
233,23400,78.4638922214508,56736,56743.7,0,0.38,0.25,20,ONE_POINT,100,100,RANDOM,6
234,23500,78.82647562026978,56643,56653.07,0,0.38,0.25,20,ONE_POINT,100,100,RANDOM,6
235,23600,79.12847232818604,56527,56539.26,0,0.38,0.25,20,ONE_POINT,100,100,RANDOM,6
236,23700,79.4332959651947,56425,56436.24,0,0.38,0.25,20,ONE_POINT,100,100,RANDOM,6
237,23800,79.76363492012024,56299,56327.03,0,0.38,0.25,20,ONE_POINT,100,100,RANDOM,6
238,23900,80.11690282821655,56222,56234.47,0,0.38,0.25,20,ONE_POINT,100,100,RANDOM,6
239,24000,80.49069833755493,56132,56145.97,0,0.38,0.25,20,ONE_POINT,100,100,RANDOM,6
240,24100,80.88538932800293,55996,56035.84,0,0.38,0.25,20,ONE_POINT,100,100,RANDOM,6
241,24200,81.18365097045898,55925,55935.73,0,0.38,0.25,20,ONE_POINT,100,100,RANDOM,6
242,24300,81.49017548561096,55859,55871.05,0,0.38,0.25,20,ONE_POINT,100,100,RANDOM,6
243,24400,81.84032797813416,55717,55729.12,0,0.38,0.25,20,ONE_POINT,100,100,RANDOM,6
244,24500,82.17947387695312,55648,55671.29,0,0.38,0.25,20,ONE_POINT,100,100,RANDOM,6
245,24600,82.51286435127258,55541,55569.23,0,0.38,0.25,20,ONE_POINT,100,100,RANDOM,6
246,24700,82.8288562297821,55449,55457.34,0,0.38,0.25,20,ONE_POINT,100,100,RANDOM,6
247,24800,83.13615107536316,55341,55368.1,0,0.38,0.25,20,ONE_POINT,100,100,RANDOM,6
248,24900,83.46216368675232,55235,55252.72,0,0.38,0.25,20,ONE_POINT,100,100,RANDOM,6
249,25000,83.82200884819031,55074,55101.91,0,0.38,0.25,20,ONE_POINT,100,100,RANDOM,6
250,25100,84.14136385917664,55007,55033.34,0,0.38,0.25,20,ONE_POINT,100,100,RANDOM,6
251,25200,84.45508575439453,54905,54941.4,0,0.38,0.25,20,ONE_POINT,100,100,RANDOM,6
252,25300,84.77522325515747,54831,54982.11,0,0.38,0.25,20,ONE_POINT,100,100,RANDOM,6
253,25400,85.11714005470276,54739,54749.68,0,0.38,0.25,20,ONE_POINT,100,100,RANDOM,6
254,25500,85.46900916099548,54639,54651.47,0,0.38,0.25,20,ONE_POINT,100,100,RANDOM,6
255,25600,85.79074454307556,54572,54578.75,0,0.38,0.25,20,ONE_POINT,100,100,RANDOM,6
256,25700,86.16795325279236,54238,54264.61,0,0.38,0.25,20,ONE_POINT,100,100,RANDOM,6
257,25800,86.52480745315552,54154,54240.6,0,0.38,0.25,20,ONE_POINT,100,100,RANDOM,6
258,25900,86.88068556785583,54049,54063.99,0,0.38,0.25,20,ONE_POINT,100,100,RANDOM,6
259,26000,87.22329521179199,53971,54078.37,0,0.38,0.25,20,ONE_POINT,100,100,RANDOM,6
260,26100,87.56105756759644,53893,53902.05,0,0.38,0.25,20,ONE_POINT,100,100,RANDOM,6
261,26200,87.92015314102173,53684,53701.69,0,0.38,0.25,20,ONE_POINT,100,100,RANDOM,6
262,26300,88.2639970779419,53580,53588.21,0,0.38,0.25,20,ONE_POINT,100,100,RANDOM,6
263,26400,88.63591432571411,53485,53497.34,0,0.38,0.25,20,ONE_POINT,100,100,RANDOM,6
264,26500,88.95564675331116,53435,53449.66,0,0.38,0.25,20,ONE_POINT,100,100,RANDOM,6
265,26600,89.29462599754333,53379,53407.72,0,0.38,0.25,20,ONE_POINT,100,100,RANDOM,6
266,26700,89.64517402648926,53249,53275.6,0,0.38,0.25,20,ONE_POINT,100,100,RANDOM,6
267,26800,89.98904037475586,53212,53216.29,0,0.38,0.25,20,ONE_POINT,100,100,RANDOM,6
268,26900,90.31786370277405,53098,53107.66,0,0.38,0.25,20,ONE_POINT,100,100,RANDOM,6
269,27000,90.65266394615173,53005,53051.83,0,0.38,0.25,20,ONE_POINT,100,100,RANDOM,6
270,27100,90.98023104667664,52927,52999.63,0,0.38,0.25,20,ONE_POINT,100,100,RANDOM,6
271,27200,91.33195877075195,52850,52864.9,0,0.38,0.25,20,ONE_POINT,100,100,RANDOM,6
272,27300,91.67874097824097,52810,52833.4,0,0.38,0.25,20,ONE_POINT,100,100,RANDOM,6
273,27400,92.03145122528076,52738,52749.48,0,0.38,0.25,20,ONE_POINT,100,100,RANDOM,6
274,27500,92.4162859916687,52574,52634.04,0,0.38,0.25,20,ONE_POINT,100,100,RANDOM,6
275,27600,92.72059440612793,52424,52434.5,0,0.38,0.25,20,ONE_POINT,100,100,RANDOM,6
276,27700,93.07111144065857,52334,52350.82,0,0.38,0.25,20,ONE_POINT,100,100,RANDOM,6
277,27800,93.40221953392029,52131,52150.51,0,0.38,0.25,20,ONE_POINT,100,100,RANDOM,6
278,27900,93.73398947715759,52035,52049.9,0,0.38,0.25,20,ONE_POINT,100,100,RANDOM,6
279,28000,94.07454895973206,51969,51991.07,0,0.38,0.25,20,ONE_POINT,100,100,RANDOM,6
280,28100,94.46537756919861,51839,51857.26,0,0.38,0.25,20,ONE_POINT,100,100,RANDOM,6
281,28200,94.77081942558289,51739,51747.97,0,0.38,0.25,20,ONE_POINT,100,100,RANDOM,6
282,28300,95.13074088096619,51694,51801.13,0,0.38,0.25,20,ONE_POINT,100,100,RANDOM,6
283,28400,95.49308609962463,51605,51617.11,0,0.38,0.25,20,ONE_POINT,100,100,RANDOM,6
284,28500,95.81737565994263,51495,51509.58,0,0.38,0.25,20,ONE_POINT,100,100,RANDOM,6
285,28600,96.17269134521484,51405,51415.89,0,0.38,0.25,20,ONE_POINT,100,100,RANDOM,6
286,28700,96.48645973205566,51248,51269.78,0,0.38,0.25,20,ONE_POINT,100,100,RANDOM,6
287,28800,96.79329299926758,51165,51177.37,0,0.38,0.25,20,ONE_POINT,100,100,RANDOM,6
288,28900,97.13352227210999,51084,51222.06,0,0.38,0.25,20,ONE_POINT,100,100,RANDOM,6
289,29000,97.48292136192322,51007,51198.82,0,0.38,0.25,20,ONE_POINT,100,100,RANDOM,6
290,29100,97.79041624069214,50952,50977.44,0,0.38,0.25,20,ONE_POINT,100,100,RANDOM,6
291,29200,98.14428496360779,50825,50835.71,0,0.38,0.25,20,ONE_POINT,100,100,RANDOM,6
292,29300,98.48904490470886,50743,50785.44,0,0.38,0.25,20,ONE_POINT,100,100,RANDOM,6
293,29400,98.79245734214783,50660,50774.42,0,0.38,0.25,20,ONE_POINT,100,100,RANDOM,6
294,29500,99.13561511039734,50581,50590.92,0,0.38,0.25,20,ONE_POINT,100,100,RANDOM,6
295,29600,99.43789577484131,50478,50500.47,0,0.38,0.25,20,ONE_POINT,100,100,RANDOM,6
296,29700,99.78419208526611,50416,50423.15,0,0.38,0.25,20,ONE_POINT,100,100,RANDOM,6
297,29800,100.1233606338501,50093,50119.81,0,0.38,0.25,20,ONE_POINT,100,100,RANDOM,6
298,29900,100.49173712730408,50001,50010.02,0,0.38,0.25,20,ONE_POINT,100,100,RANDOM,6
299,30000,100.83552503585815,49871,49964.35,0,0.38,0.25,20,ONE_POINT,100,100,RANDOM,6
300,30100,101.15509295463562,49814,49822.29,0,0.38,0.25,20,ONE_POINT,100,100,RANDOM,6
301,30200,101.49950218200684,49690,49711.51,0,0.38,0.25,20,ONE_POINT,100,100,RANDOM,6
302,30300,101.81709909439087,49631,49653.31,0,0.38,0.25,20,ONE_POINT,100,100,RANDOM,6
303,30400,102.16085052490234,49518,49531.4,0,0.38,0.25,20,ONE_POINT,100,100,RANDOM,6
304,30500,102.6045892238617,49488,49504.23,0,0.38,0.25,20,ONE_POINT,100,100,RANDOM,6
305,30600,102.93419647216797,49344,49357.22,0,0.38,0.25,20,ONE_POINT,100,100,RANDOM,6
306,30700,103.27525854110718,49168,49328.36,0,0.38,0.25,20,ONE_POINT,100,100,RANDOM,6
307,30800,103.59497618675232,48991,49005.66,0,0.38,0.25,20,ONE_POINT,100,100,RANDOM,6
308,30900,103.89905881881714,48810,48841.76,0,0.38,0.25,20,ONE_POINT,100,100,RANDOM,6
309,31000,104.25521898269653,48699,48716.7,0,0.38,0.25,20,ONE_POINT,100,100,RANDOM,6
310,31100,104.56885170936584,48552,48569.18,0,0.38,0.25,20,ONE_POINT,100,100,RANDOM,6
311,31200,104.8817491531372,48430,48450.59,0,0.38,0.25,20,ONE_POINT,100,100,RANDOM,6
312,31300,105.22518634796143,48387,48407.45,0,0.38,0.25,20,ONE_POINT,100,100,RANDOM,6
313,31400,105.54210710525513,48316,48323.76,0,0.38,0.25,20,ONE_POINT,100,100,RANDOM,6
314,31500,105.87424087524414,48188,48198.1,0,0.38,0.25,20,ONE_POINT,100,100,RANDOM,6
315,31600,106.18942904472351,48111,48122.22,0,0.38,0.25,20,ONE_POINT,100,100,RANDOM,6
316,31700,106.52433371543884,48063,48075.11,0,0.38,0.25,20,ONE_POINT,100,100,RANDOM,6
317,31800,106.84551358222961,47962,47971.28,0,0.38,0.25,20,ONE_POINT,100,100,RANDOM,6
318,31900,107.18420767784119,47921,47945.39,0,0.38,0.25,20,ONE_POINT,100,100,RANDOM,6
319,32000,107.49842810630798,47855,47862.92,0,0.38,0.25,20,ONE_POINT,100,100,RANDOM,6
320,32100,107.85545301437378,47746,47757.73,0,0.38,0.25,20,ONE_POINT,100,100,RANDOM,6
321,32200,108.18469023704529,47672,47689.28,0,0.38,0.25,20,ONE_POINT,100,100,RANDOM,6
322,32300,108.5244288444519,47600,47608.31,0,0.38,0.25,20,ONE_POINT,100,100,RANDOM,6
323,32400,108.88500833511353,47547,47635.27,0,0.38,0.25,20,ONE_POINT,100,100,RANDOM,6
324,32500,109.24698996543884,47509,47521.46,0,0.38,0.25,20,ONE_POINT,100,100,RANDOM,6
325,32600,109.59985971450806,47447,47455.27,0,0.38,0.25,20,ONE_POINT,100,100,RANDOM,6
326,32700,109.95212125778198,47371,47398.81,0,0.38,0.25,20,ONE_POINT,100,100,RANDOM,6
327,32800,110.44828581809998,47284,47306.18,0,0.38,0.25,20,ONE_POINT,100,100,RANDOM,6
328,32900,110.8602409362793,47259,47284.02,0,0.38,0.25,20,ONE_POINT,100,100,RANDOM,6
329,33000,111.28642892837524,47196,47200.66,0,0.38,0.25,20,ONE_POINT,100,100,RANDOM,6
330,33100,111.70937514305115,47017,47034.35,0,0.38,0.25,20,ONE_POINT,100,100,RANDOM,6
331,33200,112.11822962760925,46978,46987.28,0,0.38,0.25,20,ONE_POINT,100,100,RANDOM,6
332,33300,112.50587224960327,46931,46940.74,0,0.38,0.25,20,ONE_POINT,100,100,RANDOM,6
333,33400,112.936105966568,46870,46876.1,0,0.38,0.25,20,ONE_POINT,100,100,RANDOM,6
334,33500,113.34790825843811,46842,46846.28,0,0.38,0.25,20,ONE_POINT,100,100,RANDOM,6
335,33600,113.76454615592957,46793,46802.36,0,0.38,0.25,20,ONE_POINT,100,100,RANDOM,6
336,33700,114.13904762268066,46634,46662.36,0,0.38,0.25,20,ONE_POINT,100,100,RANDOM,6
337,33800,114.5495879650116,46567,46573.7,0,0.38,0.25,20,ONE_POINT,100,100,RANDOM,6
338,33900,114.99971222877502,46454,46481.65,0,0.38,0.25,20,ONE_POINT,100,100,RANDOM,6
339,34000,115.3741455078125,46408,46415.76,0,0.38,0.25,20,ONE_POINT,100,100,RANDOM,6
340,34100,115.76702547073364,46341,46366.12,0,0.38,0.25,20,ONE_POINT,100,100,RANDOM,6
341,34200,116.16523337364197,46273,46323.55,0,0.38,0.25,20,ONE_POINT,100,100,RANDOM,6
342,34300,116.58894109725952,46225,46240.39,0,0.38,0.25,20,ONE_POINT,100,100,RANDOM,6
343,34400,117.0027585029602,46146,46166.1,0,0.38,0.25,20,ONE_POINT,100,100,RANDOM,6
344,34500,117.41162633895874,46080,46095.73,0,0.38,0.25,20,ONE_POINT,100,100,RANDOM,6
345,34600,117.77115416526794,46027,46042.31,0,0.38,0.25,20,ONE_POINT,100,100,RANDOM,6
346,34700,118.1366560459137,45987,46017.48,0,0.38,0.25,20,ONE_POINT,100,100,RANDOM,6
347,34800,118.52143788337708,45971,45980.47,0,0.38,0.25,20,ONE_POINT,100,100,RANDOM,6
348,34900,118.88174819946289,45891,45929.7,0,0.38,0.25,20,ONE_POINT,100,100,RANDOM,6
349,35000,119.26069641113281,45831,45836.7,0,0.38,0.25,20,ONE_POINT,100,100,RANDOM,6
350,35100,119.63542366027832,45797,45801.69,0,0.38,0.25,20,ONE_POINT,100,100,RANDOM,6
351,35200,120.0087366104126,45700,45721.3,0,0.38,0.25,20,ONE_POINT,100,100,RANDOM,6
352,35300,120.3885018825531,45688,45691.18,0,0.38,0.25,20,ONE_POINT,100,100,RANDOM,6
353,35400,120.73559927940369,45599,45611.21,0,0.38,0.25,20,ONE_POINT,100,100,RANDOM,6
354,35500,121.12836861610413,45528,45538.32,0,0.38,0.25,20,ONE_POINT,100,100,RANDOM,6
355,35600,121.507244348526,45473,45503.4,0,0.38,0.25,20,ONE_POINT,100,100,RANDOM,6
356,35700,121.88304495811462,45407,45419.26,0,0.38,0.25,20,ONE_POINT,100,100,RANDOM,6
357,35800,122.25001287460327,45370,45378.74,0,0.38,0.25,20,ONE_POINT,100,100,RANDOM,6
358,35900,122.5859580039978,45288,45298.54,0,0.38,0.25,20,ONE_POINT,100,100,RANDOM,6
359,36000,122.90295553207397,45239,45246.22,0,0.38,0.25,20,ONE_POINT,100,100,RANDOM,6
360,36100,123.30579710006714,45173,45249.25,0,0.38,0.25,20,ONE_POINT,100,100,RANDOM,6
361,36200,123.69438481330872,44969,44995.09,0,0.38,0.25,20,ONE_POINT,100,100,RANDOM,6
362,36300,124.06304883956909,44895,44903.25,0,0.38,0.25,20,ONE_POINT,100,100,RANDOM,6
363,36400,124.43828654289246,44824,44836.87,0,0.38,0.25,20,ONE_POINT,100,100,RANDOM,6
364,36500,124.79997086524963,44698,44726.93,0,0.38,0.25,20,ONE_POINT,100,100,RANDOM,6
365,36600,125.16508102416992,44546,44562.46,0,0.38,0.25,20,ONE_POINT,100,100,RANDOM,6
366,36700,125.52846837043762,44499,44508.78,0,0.38,0.25,20,ONE_POINT,100,100,RANDOM,6
367,36800,125.87602758407593,44437,44444.03,0,0.38,0.25,20,ONE_POINT,100,100,RANDOM,6
368,36900,126.32727646827698,44403,44416.35,0,0.38,0.25,20,ONE_POINT,100,100,RANDOM,6
369,37000,126.70850086212158,44385,44417.75,0,0.38,0.25,20,ONE_POINT,100,100,RANDOM,6
370,37100,127.07341051101685,44357,44361.64,0,0.38,0.25,20,ONE_POINT,100,100,RANDOM,6
371,37200,127.41849732398987,44314,44340.49,0,0.38,0.25,20,ONE_POINT,100,100,RANDOM,6
372,37300,127.77173209190369,44269,44275.55,0,0.38,0.25,20,ONE_POINT,100,100,RANDOM,6
373,37400,128.08969807624817,44215,44244.7,0,0.38,0.25,20,ONE_POINT,100,100,RANDOM,6
374,37500,128.44317483901978,44123,44143.78,0,0.38,0.25,20,ONE_POINT,100,100,RANDOM,6
375,37600,128.7779483795166,44097,44112.92,0,0.38,0.25,20,ONE_POINT,100,100,RANDOM,6
376,37700,129.1082627773285,43999,44010.24,0,0.38,0.25,20,ONE_POINT,100,100,RANDOM,6
377,37800,129.44195222854614,43890,43906.12,0,0.38,0.25,20,ONE_POINT,100,100,RANDOM,6
378,37900,129.79942226409912,43870,43881.48,0,0.38,0.25,20,ONE_POINT,100,100,RANDOM,6
379,38000,130.11764907836914,43772,43795.13,0,0.38,0.25,20,ONE_POINT,100,100,RANDOM,6
380,38100,130.47882318496704,43716,43725.56,0,0.38,0.25,20,ONE_POINT,100,100,RANDOM,6
381,38200,130.8268620967865,43693,43696.8,0,0.38,0.25,20,ONE_POINT,100,100,RANDOM,6
382,38300,131.14444017410278,43635,43664.88,0,0.38,0.25,20,ONE_POINT,100,100,RANDOM,6
383,38400,131.48285484313965,43586,43598.68,0,0.38,0.25,20,ONE_POINT,100,100,RANDOM,6
384,38500,131.8177628517151,43555,43561.09,0,0.38,0.25,20,ONE_POINT,100,100,RANDOM,6
385,38600,132.18777775764465,43491,43505.59,0,0.38,0.25,20,ONE_POINT,100,100,RANDOM,6
386,38700,132.5735330581665,43429,43445.83,0,0.38,0.25,20,ONE_POINT,100,100,RANDOM,6
387,38800,132.93763399124146,43409,43413.42,0,0.38,0.25,20,ONE_POINT,100,100,RANDOM,6
388,38900,133.31840682029724,43334,43367.23,0,0.38,0.25,20,ONE_POINT,100,100,RANDOM,6
389,39000,133.65355229377747,43260,43278.3,0,0.38,0.25,20,ONE_POINT,100,100,RANDOM,6
390,39100,134.03453731536865,43177,43210.51,0,0.38,0.25,20,ONE_POINT,100,100,RANDOM,6
391,39200,134.39138102531433,43128,43135.76,0,0.38,0.25,20,ONE_POINT,100,100,RANDOM,6
392,39300,134.72935461997986,42953,42967.49,0,0.38,0.25,20,ONE_POINT,100,100,RANDOM,6
393,39400,135.08771586418152,42874,42881.55,0,0.38,0.25,20,ONE_POINT,100,100,RANDOM,6
394,39500,135.4440405368805,42848,42868.77,0,0.38,0.25,20,ONE_POINT,100,100,RANDOM,6
395,39600,135.78705525398254,42800,42828.39,0,0.38,0.25,20,ONE_POINT,100,100,RANDOM,6
396,39700,136.1423556804657,42725,42746.22,0,0.38,0.25,20,ONE_POINT,100,100,RANDOM,6
397,39800,136.50030732154846,42668,42765.53,0,0.38,0.25,20,ONE_POINT,100,100,RANDOM,6
398,39900,136.85644149780273,42588,42609.09,0,0.38,0.25,20,ONE_POINT,100,100,RANDOM,6
399,40000,137.19423151016235,42562,42575.16,0,0.38,0.25,20,ONE_POINT,100,100,RANDOM,6
400,40100,137.5680274963379,42498,42516.08,0,0.38,0.25,20,ONE_POINT,100,100,RANDOM,6
401,40200,137.9367594718933,42442,42450.82,0,0.38,0.25,20,ONE_POINT,100,100,RANDOM,6
402,40300,138.3145673274994,42398,42404.36,0,0.38,0.25,20,ONE_POINT,100,100,RANDOM,6
403,40400,138.68115305900574,42336,42375.63,0,0.38,0.25,20,ONE_POINT,100,100,RANDOM,6
404,40500,139.06504368782043,42307,42329.22,0,0.38,0.25,20,ONE_POINT,100,100,RANDOM,6
405,40600,139.40808653831482,42189,42213.55,0,0.38,0.25,20,ONE_POINT,100,100,RANDOM,6
406,40700,139.7547972202301,42134,42148.24,0,0.38,0.25,20,ONE_POINT,100,100,RANDOM,6
407,40800,140.12196350097656,42107,42114.85,0,0.38,0.25,20,ONE_POINT,100,100,RANDOM,6
408,40900,140.5006012916565,42068,42073.46,0,0.38,0.25,20,ONE_POINT,100,100,RANDOM,6
409,41000,140.8414216041565,42035,42099.56,0,0.38,0.25,20,ONE_POINT,100,100,RANDOM,6
410,41100,141.19616079330444,41961,41980.88,0,0.38,0.25,20,ONE_POINT,100,100,RANDOM,6
411,41200,141.58582043647766,41881,41915.85,0,0.38,0.25,20,ONE_POINT,100,100,RANDOM,6
412,41300,141.93698930740356,41749,41772.89,0,0.38,0.25,20,ONE_POINT,100,100,RANDOM,6
413,41400,142.2822949886322,41716,41729.25,0,0.38,0.25,20,ONE_POINT,100,100,RANDOM,6
414,41500,142.63521456718445,41655,41669.97,0,0.38,0.25,20,ONE_POINT,100,100,RANDOM,6
415,41600,142.9851429462433,41604,41612.17,0,0.38,0.25,20,ONE_POINT,100,100,RANDOM,6
416,41700,143.36143922805786,41483,41495.61,0,0.38,0.25,20,ONE_POINT,100,100,RANDOM,6
417,41800,143.71905755996704,41438,41450.25,0,0.38,0.25,20,ONE_POINT,100,100,RANDOM,6
418,41900,144.05290293693542,41413,41430.86,0,0.38,0.25,20,ONE_POINT,100,100,RANDOM,6
419,42000,144.3812735080719,41362,41667.66,0,0.38,0.25,20,ONE_POINT,100,100,RANDOM,6
420,42100,144.71819806098938,41339,41423.87,0,0.38,0.25,20,ONE_POINT,100,100,RANDOM,6
421,42200,145.0282371044159,41304,41335.05,0,0.38,0.25,20,ONE_POINT,100,100,RANDOM,6
422,42300,145.37585306167603,41248,41307.4,0,0.38,0.25,20,ONE_POINT,100,100,RANDOM,6
423,42400,145.7016360759735,41228,41237.7,0,0.38,0.25,20,ONE_POINT,100,100,RANDOM,6
424,42500,146.03768181800842,41166,41173.37,0,0.38,0.25,20,ONE_POINT,100,100,RANDOM,6
425,42600,146.41208744049072,41140,41146.49,0,0.38,0.25,20,ONE_POINT,100,100,RANDOM,6
426,42700,146.7846872806549,41088,41095.75,0,0.38,0.25,20,ONE_POINT,100,100,RANDOM,6
427,42800,147.09156775474548,41040,41046.28,0,0.38,0.25,20,ONE_POINT,100,100,RANDOM,6
428,42900,147.43065214157104,40978,41006.95,0,0.38,0.25,20,ONE_POINT,100,100,RANDOM,6
429,43000,147.7372944355011,40955,40968.2,0,0.38,0.25,20,ONE_POINT,100,100,RANDOM,6
430,43100,148.07007884979248,40889,40936.85,0,0.38,0.25,20,ONE_POINT,100,100,RANDOM,6
431,43200,148.42460012435913,40858,40879.17,0,0.38,0.25,20,ONE_POINT,100,100,RANDOM,6
432,43300,148.75111842155457,40836,40839.41,0,0.38,0.25,20,ONE_POINT,100,100,RANDOM,6
433,43400,149.04944682121277,40792,40798.65,0,0.38,0.25,20,ONE_POINT,100,100,RANDOM,6
434,43500,149.37827253341675,40744,40759.76,0,0.38,0.25,20,ONE_POINT,100,100,RANDOM,6
435,43600,149.6889111995697,40669,40684.83,0,0.38,0.25,20,ONE_POINT,100,100,RANDOM,6
436,43700,150.0436897277832,40644,40659.3,0,0.38,0.25,20,ONE_POINT,100,100,RANDOM,6
437,43800,150.41017699241638,40624,40692.63,0,0.38,0.25,20,ONE_POINT,100,100,RANDOM,6
438,43900,150.76737236976624,40605,40676.87,0,0.38,0.25,20,ONE_POINT,100,100,RANDOM,6
439,44000,151.0810124874115,40590,40714.96,0,0.38,0.25,20,ONE_POINT,100,100,RANDOM,6
440,44100,151.3986737728119,40562,40573.37,0,0.38,0.25,20,ONE_POINT,100,100,RANDOM,6
441,44200,151.73444414138794,40526,40533.53,0,0.38,0.25,20,ONE_POINT,100,100,RANDOM,6
442,44300,152.06839990615845,40480,40490.95,0,0.38,0.25,20,ONE_POINT,100,100,RANDOM,6
443,44400,152.46031594276428,40415,40435.28,0,0.38,0.25,20,ONE_POINT,100,100,RANDOM,6
444,44500,152.77723574638367,40352,40361.58,0,0.38,0.25,20,ONE_POINT,100,100,RANDOM,6
445,44600,153.1084907054901,40311,40319.95,0,0.38,0.25,20,ONE_POINT,100,100,RANDOM,6
446,44700,153.4143409729004,40267,40340.1,0,0.38,0.25,20,ONE_POINT,100,100,RANDOM,6
447,44800,153.7338650226593,40245,40249.02,0,0.38,0.25,20,ONE_POINT,100,100,RANDOM,6
448,44900,154.038889169693,40197,40224.48,0,0.38,0.25,20,ONE_POINT,100,100,RANDOM,6
449,45000,154.39286708831787,40151,40157.39,0,0.38,0.25,20,ONE_POINT,100,100,RANDOM,6
450,45100,154.71584796905518,40124,40165.62,0,0.38,0.25,20,ONE_POINT,100,100,RANDOM,6
451,45200,155.06263709068298,40101,40105.28,0,0.38,0.25,20,ONE_POINT,100,100,RANDOM,6
452,45300,155.42428469657898,40038,40053.3,0,0.38,0.25,20,ONE_POINT,100,100,RANDOM,6
453,45400,155.76392102241516,40028,40094.37,0,0.38,0.25,20,ONE_POINT,100,100,RANDOM,6
454,45500,156.0878551006317,39974,39981.13,0,0.38,0.25,20,ONE_POINT,100,100,RANDOM,6
455,45600,156.43267846107483,39934,39940.81,0,0.38,0.25,20,ONE_POINT,100,100,RANDOM,6
456,45700,156.76483154296875,39893,39919.77,0,0.38,0.25,20,ONE_POINT,100,100,RANDOM,6
457,45800,157.10730981826782,39849,39856.87,0,0.38,0.25,20,ONE_POINT,100,100,RANDOM,6
458,45900,157.4527986049652,39765,39777.91,0,0.38,0.25,20,ONE_POINT,100,100,RANDOM,6
459,46000,157.79801440238953,39674,39688.12,0,0.38,0.25,20,ONE_POINT,100,100,RANDOM,6
460,46100,158.1206874847412,39630,39640.56,0,0.38,0.25,20,ONE_POINT,100,100,RANDOM,6
461,46200,158.4462809562683,39562,39568.8,0,0.38,0.25,20,ONE_POINT,100,100,RANDOM,6
462,46300,158.7805199623108,39544,39553.99,0,0.38,0.25,20,ONE_POINT,100,100,RANDOM,6
463,46400,159.13815307617188,39506,39513.46,0,0.38,0.25,20,ONE_POINT,100,100,RANDOM,6
464,46500,159.46715760231018,39453,39485.21,0,0.38,0.25,20,ONE_POINT,100,100,RANDOM,6
465,46600,159.7955765724182,39418,39433.38,0,0.38,0.25,20,ONE_POINT,100,100,RANDOM,6
466,46700,160.09721279144287,39399,39517.01,0,0.38,0.25,20,ONE_POINT,100,100,RANDOM,6
467,46800,160.47405767440796,39286,39296.61,0,0.38,0.25,20,ONE_POINT,100,100,RANDOM,6
468,46900,160.83608436584473,39268,39279.31,0,0.38,0.25,20,ONE_POINT,100,100,RANDOM,6
469,47000,161.16444373130798,39196,39260.74,0,0.38,0.25,20,ONE_POINT,100,100,RANDOM,6
470,47100,161.48563194274902,39177,39185.41,0,0.38,0.25,20,ONE_POINT,100,100,RANDOM,6
471,47200,161.8216531276703,39149,39154.16,0,0.38,0.25,20,ONE_POINT,100,100,RANDOM,6
472,47300,162.13202476501465,39111,39193.56,0,0.38,0.25,20,ONE_POINT,100,100,RANDOM,6
473,47400,162.48510193824768,39056,39074.49,0,0.38,0.25,20,ONE_POINT,100,100,RANDOM,6
474,47500,162.83205246925354,39033,39038.45,0,0.38,0.25,20,ONE_POINT,100,100,RANDOM,6
475,47600,163.13785886764526,38994,39013.34,0,0.38,0.25,20,ONE_POINT,100,100,RANDOM,6
476,47700,163.46834588050842,38990,39008.52,0,0.38,0.25,20,ONE_POINT,100,100,RANDOM,6
477,47800,163.81328010559082,38941,38947.96,0,0.38,0.25,20,ONE_POINT,100,100,RANDOM,6
478,47900,164.13905954360962,38916,38924.55,0,0.38,0.25,20,ONE_POINT,100,100,RANDOM,6
479,48000,164.47876167297363,38880,38972.69,0,0.38,0.25,20,ONE_POINT,100,100,RANDOM,6
480,48100,164.80831170082092,38847,38852.08,0,0.38,0.25,20,ONE_POINT,100,100,RANDOM,6
481,48200,165.14051389694214,38788,38952.24,0,0.38,0.25,20,ONE_POINT,100,100,RANDOM,6
482,48300,165.46444582939148,38729,38902.7,0,0.38,0.25,20,ONE_POINT,100,100,RANDOM,6
483,48400,165.79386115074158,38711,38716.63,0,0.38,0.25,20,ONE_POINT,100,100,RANDOM,6
484,48500,166.14942026138306,38707,38709.16,0,0.38,0.25,20,ONE_POINT,100,100,RANDOM,6
485,48600,166.48719716072083,38684,38688.54,0,0.38,0.25,20,ONE_POINT,100,100,RANDOM,6
486,48700,166.83626794815063,38622,38636.87,0,0.38,0.25,20,ONE_POINT,100,100,RANDOM,6
487,48800,167.1697142124176,38604,38609.63,0,0.38,0.25,20,ONE_POINT,100,100,RANDOM,6
488,48900,167.48151803016663,38557,38571.1,0,0.38,0.25,20,ONE_POINT,100,100,RANDOM,6
489,49000,167.84827160835266,38454,38466.32,0,0.38,0.25,20,ONE_POINT,100,100,RANDOM,6
490,49100,168.18042278289795,38421,38489.69,0,0.38,0.25,20,ONE_POINT,100,100,RANDOM,6
491,49200,168.49576950073242,38389,38399.22,0,0.38,0.25,20,ONE_POINT,100,100,RANDOM,6
492,49300,168.8081021308899,38372,38376.58,0,0.38,0.25,20,ONE_POINT,100,100,RANDOM,6
493,49400,169.13410329818726,38316,38364.95,0,0.38,0.25,20,ONE_POINT,100,100,RANDOM,6
494,49500,169.48207545280457,38283,38287.53,0,0.38,0.25,20,ONE_POINT,100,100,RANDOM,6
495,49600,169.843195438385,38231,38245.89,0,0.38,0.25,20,ONE_POINT,100,100,RANDOM,6
496,49700,170.17643880844116,38191,38203.6,0,0.38,0.25,20,ONE_POINT,100,100,RANDOM,6
497,49800,170.5024390220642,38165,38170.04,0,0.38,0.25,20,ONE_POINT,100,100,RANDOM,6
498,49900,170.84038472175598,38142,38147.62,0,0.38,0.25,20,ONE_POINT,100,100,RANDOM,6
499,50000,171.2003767490387,38105,38129.3,0,0.38,0.25,20,ONE_POINT,100,100,RANDOM,6
500,50100,171.5237398147583,38082,38091.95,0,0.38,0.25,20,ONE_POINT,100,100,RANDOM,6
1,200,0.20795798301696777,133547,133928.2,0,0.38,0.25,20,ONE_POINT,100,100,RANDOM,7
2,300,0.5764214992523193,132707,132750.46,0,0.38,0.25,20,ONE_POINT,100,100,RANDOM,7
3,400,0.9301416873931885,130592,130632.36,0,0.38,0.25,20,ONE_POINT,100,100,RANDOM,7
4,500,1.3408246040344238,129640,129670.9,0,0.38,0.25,20,ONE_POINT,100,100,RANDOM,7
5,600,1.7048156261444092,128459,128494.43,0,0.38,0.25,20,ONE_POINT,100,100,RANDOM,7
6,700,2.0574991703033447,128074,128089.57,0,0.38,0.25,20,ONE_POINT,100,100,RANDOM,7
7,800,2.392310857772827,127376,127396.94,0,0.38,0.25,20,ONE_POINT,100,100,RANDOM,7
8,900,2.72588849067688,125993,126035.73,0,0.38,0.25,20,ONE_POINT,100,100,RANDOM,7
9,1000,3.0499355792999268,123701,123792.77,0,0.38,0.25,20,ONE_POINT,100,100,RANDOM,7
10,1100,3.3966434001922607,122010,122078.95,0,0.38,0.25,20,ONE_POINT,100,100,RANDOM,7
11,1200,3.7598040103912354,120992,121044.17,0,0.38,0.25,20,ONE_POINT,100,100,RANDOM,7
12,1300,4.0832741260528564,120545,120571.57,0,0.38,0.25,20,ONE_POINT,100,100,RANDOM,7
13,1400,4.433912038803101,120225,120243.97,0,0.38,0.25,20,ONE_POINT,100,100,RANDOM,7
14,1500,4.780452489852905,119879,119901.88,0,0.38,0.25,20,ONE_POINT,100,100,RANDOM,7
15,1600,5.14108681678772,119127,119161.18,0,0.38,0.25,20,ONE_POINT,100,100,RANDOM,7
16,1700,5.45872688293457,118656,118680.78,0,0.38,0.25,20,ONE_POINT,100,100,RANDOM,7
17,1800,5.768514633178711,118330,118350.39,0,0.38,0.25,20,ONE_POINT,100,100,RANDOM,7
18,1900,6.106464147567749,117513,117705.79,0,0.38,0.25,20,ONE_POINT,100,100,RANDOM,7
19,2000,6.43757963180542,117220,117245.58,0,0.38,0.25,20,ONE_POINT,100,100,RANDOM,7
20,2100,6.807713747024536,116477,116547.4,0,0.38,0.25,20,ONE_POINT,100,100,RANDOM,7
21,2200,7.1408703327178955,115990,116014.35,0,0.38,0.25,20,ONE_POINT,100,100,RANDOM,7
22,2300,7.466494560241699,115453,115473.51,0,0.38,0.25,20,ONE_POINT,100,100,RANDOM,7
23,2400,7.771949052810669,115040,115092.53,0,0.38,0.25,20,ONE_POINT,100,100,RANDOM,7
24,2500,8.098273277282715,114562,114591.87,0,0.38,0.25,20,ONE_POINT,100,100,RANDOM,7
25,2600,8.433808326721191,114276,114293.16,0,0.38,0.25,20,ONE_POINT,100,100,RANDOM,7
26,2700,8.791980504989624,113808,113836.05,0,0.38,0.25,20,ONE_POINT,100,100,RANDOM,7
27,2800,9.131777286529541,113342,113361.32,0,0.38,0.25,20,ONE_POINT,100,100,RANDOM,7
28,2900,9.453982591629028,112798,112919.44,0,0.38,0.25,20,ONE_POINT,100,100,RANDOM,7
29,3000,9.79224944114685,112462,112478.8,0,0.38,0.25,20,ONE_POINT,100,100,RANDOM,7
30,3100,10.123754501342773,111973,111992.56,0,0.38,0.25,20,ONE_POINT,100,100,RANDOM,7
31,3200,10.465190649032593,111516,111534.28,0,0.38,0.25,20,ONE_POINT,100,100,RANDOM,7
32,3300,10.811342000961304,111026,111055.04,0,0.38,0.25,20,ONE_POINT,100,100,RANDOM,7
33,3400,11.140458583831787,110534,110743.43,0,0.38,0.25,20,ONE_POINT,100,100,RANDOM,7
34,3500,11.473194599151611,110194,110281.96,0,0.38,0.25,20,ONE_POINT,100,100,RANDOM,7
35,3600,11.82507848739624,109669,109693.82,0,0.38,0.25,20,ONE_POINT,100,100,RANDOM,7
36,3700,12.166877269744873,109447,109463.84,0,0.38,0.25,20,ONE_POINT,100,100,RANDOM,7
37,3800,12.500650882720947,109080,109121.28,0,0.38,0.25,20,ONE_POINT,100,100,RANDOM,7
38,3900,12.8416907787323,108579,108679.81,0,0.38,0.25,20,ONE_POINT,100,100,RANDOM,7
39,4000,13.220359086990356,108234,108388.54,0,0.38,0.25,20,ONE_POINT,100,100,RANDOM,7
40,4100,13.543389797210693,107616,107635.82,0,0.38,0.25,20,ONE_POINT,100,100,RANDOM,7
41,4200,13.886825323104858,107360,107376.27,0,0.38,0.25,20,ONE_POINT,100,100,RANDOM,7
42,4300,14.230823040008545,107012,107028.36,0,0.38,0.25,20,ONE_POINT,100,100,RANDOM,7
43,4400,14.550096988677979,106754,106772.89,0,0.38,0.25,20,ONE_POINT,100,100,RANDOM,7
44,4500,14.91930103302002,106490,106505.84,0,0.38,0.25,20,ONE_POINT,100,100,RANDOM,7
45,4600,15.244368553161621,105973,106004.13,0,0.38,0.25,20,ONE_POINT,100,100,RANDOM,7
46,4700,15.60706353187561,105549,105575.57,0,0.38,0.25,20,ONE_POINT,100,100,RANDOM,7
47,4800,15.973760843276978,105048,105070.38,0,0.38,0.25,20,ONE_POINT,100,100,RANDOM,7
48,4900,16.340092658996582,103937,104044.88,0,0.38,0.25,20,ONE_POINT,100,100,RANDOM,7
49,5000,16.70117998123169,103604,103620.65,0,0.38,0.25,20,ONE_POINT,100,100,RANDOM,7
50,5100,17.00818681716919,103276,103292.92,0,0.38,0.25,20,ONE_POINT,100,100,RANDOM,7
51,5200,17.303336143493652,102987,103019.01,0,0.38,0.25,20,ONE_POINT,100,100,RANDOM,7
52,5300,17.653569221496582,102709,102722.97,0,0.38,0.25,20,ONE_POINT,100,100,RANDOM,7
53,5400,17.97932004928589,102322,102337.48,0,0.38,0.25,20,ONE_POINT,100,100,RANDOM,7
54,5500,18.340578317642212,102074,102149.68,0,0.38,0.25,20,ONE_POINT,100,100,RANDOM,7
55,5600,18.70368766784668,101523,101551.43,0,0.38,0.25,20,ONE_POINT,100,100,RANDOM,7
56,5700,19.071091651916504,101226,101244.68,0,0.38,0.25,20,ONE_POINT,100,100,RANDOM,7
57,5800,19.378345251083374,100939,100994.59,0,0.38,0.25,20,ONE_POINT,100,100,RANDOM,7
58,5900,19.68062472343445,100712,100729.26,0,0.38,0.25,20,ONE_POINT,100,100,RANDOM,7
59,6000,20.014179944992065,100581,100596.62,0,0.38,0.25,20,ONE_POINT,100,100,RANDOM,7
60,6100,20.355624198913574,100322,100361.14,0,0.38,0.25,20,ONE_POINT,100,100,RANDOM,7
61,6200,20.666377544403076,99887,99916.75,0,0.38,0.25,20,ONE_POINT,100,100,RANDOM,7
62,6300,20.99655294418335,99410,99520.84,0,0.38,0.25,20,ONE_POINT,100,100,RANDOM,7
63,6400,21.325919151306152,99077,99102.05,0,0.38,0.25,20,ONE_POINT,100,100,RANDOM,7
64,6500,21.642366409301758,98910,98963.6,0,0.38,0.25,20,ONE_POINT,100,100,RANDOM,7
65,6600,21.97929286956787,98039,98271.5,0,0.38,0.25,20,ONE_POINT,100,100,RANDOM,7
66,6700,22.347243785858154,97923,98029.22,0,0.38,0.25,20,ONE_POINT,100,100,RANDOM,7
67,6800,22.718139171600342,97738,97776.61,0,0.38,0.25,20,ONE_POINT,100,100,RANDOM,7
68,6900,23.05490469932556,97523,97535.87,0,0.38,0.25,20,ONE_POINT,100,100,RANDOM,7
69,7000,23.376784324645996,97432,97438.71,0,0.38,0.25,20,ONE_POINT,100,100,RANDOM,7
70,7100,23.743823528289795,97144,97213.44,0,0.38,0.25,20,ONE_POINT,100,100,RANDOM,7
71,7200,24.09880304336548,96820,96862.92,0,0.38,0.25,20,ONE_POINT,100,100,RANDOM,7
72,7300,24.448381423950195,96595,96614.74,0,0.38,0.25,20,ONE_POINT,100,100,RANDOM,7
73,7400,24.81832003593445,96101,96125.7,0,0.38,0.25,20,ONE_POINT,100,100,RANDOM,7
74,7500,25.1737060546875,95645,95689.86,0,0.38,0.25,20,ONE_POINT,100,100,RANDOM,7
75,7600,25.48244619369507,95518,95532.31,0,0.38,0.25,20,ONE_POINT,100,100,RANDOM,7
76,7700,25.789555311203003,95368,95376.77,0,0.38,0.25,20,ONE_POINT,100,100,RANDOM,7
77,7800,26.09713888168335,95108,95121.35,0,0.38,0.25,20,ONE_POINT,100,100,RANDOM,7
78,7900,26.42531394958496,94537,94565.6,0,0.38,0.25,20,ONE_POINT,100,100,RANDOM,7
79,8000,26.799322843551636,94265,94282.0,0,0.38,0.25,20,ONE_POINT,100,100,RANDOM,7
80,8100,27.160022735595703,93838,93863.47,0,0.38,0.25,20,ONE_POINT,100,100,RANDOM,7
81,8200,27.464253664016724,93652,93665.02,0,0.38,0.25,20,ONE_POINT,100,100,RANDOM,7
82,8300,27.78158974647522,93150,93182.21,0,0.38,0.25,20,ONE_POINT,100,100,RANDOM,7
83,8400,28.086416244506836,92962,92995.0,0,0.38,0.25,20,ONE_POINT,100,100,RANDOM,7
84,8500,28.44913339614868,92772,92783.4,0,0.38,0.25,20,ONE_POINT,100,100,RANDOM,7
85,8600,28.80289077758789,92599,92611.18,0,0.38,0.25,20,ONE_POINT,100,100,RANDOM,7
86,8700,29.140310764312744,92145,92169.43,0,0.38,0.25,20,ONE_POINT,100,100,RANDOM,7
87,8800,29.475664615631104,91830,91848.9,0,0.38,0.25,20,ONE_POINT,100,100,RANDOM,7
88,8900,29.829991340637207,91467,91485.65,0,0.38,0.25,20,ONE_POINT,100,100,RANDOM,7
89,9000,30.184025049209595,91149,91164.9,0,0.38,0.25,20,ONE_POINT,100,100,RANDOM,7
90,9100,30.537770748138428,90903,90993.25,0,0.38,0.25,20,ONE_POINT,100,100,RANDOM,7
91,9200,30.878659963607788,90499,90524.38,0,0.38,0.25,20,ONE_POINT,100,100,RANDOM,7
92,9300,31.220272302627563,90033,90100.15,0,0.38,0.25,20,ONE_POINT,100,100,RANDOM,7
93,9400,31.54703998565674,89723,89746.9,0,0.38,0.25,20,ONE_POINT,100,100,RANDOM,7
94,9500,31.879648208618164,89532,89556.99,0,0.38,0.25,20,ONE_POINT,100,100,RANDOM,7
95,9600,32.18630075454712,89378,89386.47,0,0.38,0.25,20,ONE_POINT,100,100,RANDOM,7
96,9700,32.52581000328064,89089,89107.27,0,0.38,0.25,20,ONE_POINT,100,100,RANDOM,7
97,9800,32.85893988609314,88959,88968.1,0,0.38,0.25,20,ONE_POINT,100,100,RANDOM,7
98,9900,33.18932771682739,88735,88749.74,0,0.38,0.25,20,ONE_POINT,100,100,RANDOM,7
99,10000,33.521308183670044,88546,88585.33,0,0.38,0.25,20,ONE_POINT,100,100,RANDOM,7
100,10100,33.83632493019104,88246,88265.61,0,0.38,0.25,20,ONE_POINT,100,100,RANDOM,7
101,10200,34.1444308757782,87834,87858.49,0,0.38,0.25,20,ONE_POINT,100,100,RANDOM,7
102,10300,34.4775915145874,87417,87441.62,0,0.38,0.25,20,ONE_POINT,100,100,RANDOM,7
103,10400,34.865257024765015,87254,87263.7,0,0.38,0.25,20,ONE_POINT,100,100,RANDOM,7
104,10500,35.2265191078186,86948,87016.33,0,0.38,0.25,20,ONE_POINT,100,100,RANDOM,7
105,10600,35.5720374584198,86712,86726.91,0,0.38,0.25,20,ONE_POINT,100,100,RANDOM,7
106,10700,35.941588401794434,86478,86494.7,0,0.38,0.25,20,ONE_POINT,100,100,RANDOM,7
107,10800,36.3117094039917,86169,86211.58,0,0.38,0.25,20,ONE_POINT,100,100,RANDOM,7
108,10900,36.644991874694824,85911,85944.79,0,0.38,0.25,20,ONE_POINT,100,100,RANDOM,7
109,11000,36.97366523742676,85441,85470.98,0,0.38,0.25,20,ONE_POINT,100,100,RANDOM,7
110,11100,37.31546950340271,85372,85405.49,0,0.38,0.25,20,ONE_POINT,100,100,RANDOM,7
111,11200,37.65365266799927,85066,85110.96,0,0.38,0.25,20,ONE_POINT,100,100,RANDOM,7
112,11300,37.99363160133362,84808,84832.56,0,0.38,0.25,20,ONE_POINT,100,100,RANDOM,7
113,11400,38.3283371925354,84461,84586.87,0,0.38,0.25,20,ONE_POINT,100,100,RANDOM,7
114,11500,38.67534160614014,84132,84261.92,0,0.38,0.25,20,ONE_POINT,100,100,RANDOM,7
115,11600,38.988152742385864,83969,83986.15,0,0.38,0.25,20,ONE_POINT,100,100,RANDOM,7
116,11700,39.314537048339844,83591,83611.63,0,0.38,0.25,20,ONE_POINT,100,100,RANDOM,7
117,11800,39.67643976211548,83496,83509.76,0,0.38,0.25,20,ONE_POINT,100,100,RANDOM,7
118,11900,40.034783601760864,83303,83349.39,0,0.38,0.25,20,ONE_POINT,100,100,RANDOM,7
119,12000,40.38673639297485,83203,83212.01,0,0.38,0.25,20,ONE_POINT,100,100,RANDOM,7
120,12100,40.7497661113739,82959,83017.37,0,0.38,0.25,20,ONE_POINT,100,100,RANDOM,7
121,12200,41.07030439376831,82867,82883.19,0,0.38,0.25,20,ONE_POINT,100,100,RANDOM,7
122,12300,41.407012701034546,82540,82553.08,0,0.38,0.25,20,ONE_POINT,100,100,RANDOM,7
123,12400,41.764230489730835,82277,82292.83,0,0.38,0.25,20,ONE_POINT,100,100,RANDOM,7
124,12500,42.11521124839783,82073,82089.51,0,0.38,0.25,20,ONE_POINT,100,100,RANDOM,7
125,12600,42.461174964904785,81878,81889.81,0,0.38,0.25,20,ONE_POINT,100,100,RANDOM,7
126,12700,42.81458592414856,81300,81342.7,0,0.38,0.25,20,ONE_POINT,100,100,RANDOM,7
127,12800,43.15803098678589,81102,81194.05,0,0.38,0.25,20,ONE_POINT,100,100,RANDOM,7
128,12900,43.498552322387695,80959,81016.41,0,0.38,0.25,20,ONE_POINT,100,100,RANDOM,7
129,13000,43.836912870407104,80781,80834.42,0,0.38,0.25,20,ONE_POINT,100,100,RANDOM,7
130,13100,44.168297290802,80541,80556.62,0,0.38,0.25,20,ONE_POINT,100,100,RANDOM,7
131,13200,44.53910493850708,80285,80338.48,0,0.38,0.25,20,ONE_POINT,100,100,RANDOM,7
132,13300,44.849666595458984,80087,80108.99,0,0.38,0.25,20,ONE_POINT,100,100,RANDOM,7
133,13400,45.16955518722534,79590,79617.6,0,0.38,0.25,20,ONE_POINT,100,100,RANDOM,7
134,13500,45.48949480056763,79331,79372.51,0,0.38,0.25,20,ONE_POINT,100,100,RANDOM,7
135,13600,45.79562497138977,78955,78985.58,0,0.38,0.25,20,ONE_POINT,100,100,RANDOM,7
136,13700,46.11500811576843,78505,78539.68,0,0.38,0.25,20,ONE_POINT,100,100,RANDOM,7
137,13800,46.42821550369263,78229,78248.32,0,0.38,0.25,20,ONE_POINT,100,100,RANDOM,7
138,13900,46.774738073349,78088,78099.34,0,0.38,0.25,20,ONE_POINT,100,100,RANDOM,7
139,14000,47.12718105316162,77602,77625.54,0,0.38,0.25,20,ONE_POINT,100,100,RANDOM,7
140,14100,47.45410656929016,77379,77418.39,0,0.38,0.25,20,ONE_POINT,100,100,RANDOM,7
141,14200,47.8055214881897,77188,77218.89,0,0.38,0.25,20,ONE_POINT,100,100,RANDOM,7
142,14300,48.136313676834106,76895,76914.41,0,0.38,0.25,20,ONE_POINT,100,100,RANDOM,7
143,14400,48.50270342826843,76881,76889.18,0,0.38,0.25,20,ONE_POINT,100,100,RANDOM,7
144,14500,48.86345624923706,76533,76554.64,0,0.38,0.25,20,ONE_POINT,100,100,RANDOM,7
145,14600,49.1875102519989,76180,76202.38,0,0.38,0.25,20,ONE_POINT,100,100,RANDOM,7
146,14700,49.53625130653381,76033,76069.06,0,0.38,0.25,20,ONE_POINT,100,100,RANDOM,7
147,14800,49.863285541534424,75907,75962.6,0,0.38,0.25,20,ONE_POINT,100,100,RANDOM,7
148,14900,50.21284317970276,75509,75524.92,0,0.38,0.25,20,ONE_POINT,100,100,RANDOM,7
149,15000,50.566951751708984,75390,75397.83,0,0.38,0.25,20,ONE_POINT,100,100,RANDOM,7
150,15100,50.878976583480835,75140,75160.29,0,0.38,0.25,20,ONE_POINT,100,100,RANDOM,7
151,15200,51.199138879776,74984,75030.13,0,0.38,0.25,20,ONE_POINT,100,100,RANDOM,7
152,15300,51.53759574890137,74835,74867.45,0,0.38,0.25,20,ONE_POINT,100,100,RANDOM,7
153,15400,51.866811990737915,74586,74601.41,0,0.38,0.25,20,ONE_POINT,100,100,RANDOM,7
154,15500,52.223421812057495,74493,74504.78,0,0.38,0.25,20,ONE_POINT,100,100,RANDOM,7
155,15600,52.5821750164032,74355,74366.87,0,0.38,0.25,20,ONE_POINT,100,100,RANDOM,7
156,15700,52.955209732055664,74291,74310.87,0,0.38,0.25,20,ONE_POINT,100,100,RANDOM,7
157,15800,53.294206619262695,74078,74126.66,0,0.38,0.25,20,ONE_POINT,100,100,RANDOM,7
158,15900,53.614967823028564,73856,73898.51,0,0.38,0.25,20,ONE_POINT,100,100,RANDOM,7
159,16000,53.96543526649475,73610,73629.44,0,0.38,0.25,20,ONE_POINT,100,100,RANDOM,7
160,16100,54.32038497924805,73477,73488.45,0,0.38,0.25,20,ONE_POINT,100,100,RANDOM,7
161,16200,54.65220928192139,73236,73267.47,0,0.38,0.25,20,ONE_POINT,100,100,RANDOM,7
162,16300,54.98893761634827,72847,72884.93,0,0.38,0.25,20,ONE_POINT,100,100,RANDOM,7
163,16400,55.330222368240356,72380,72407.18,0,0.38,0.25,20,ONE_POINT,100,100,RANDOM,7
164,16500,55.64877653121948,72236,72275.15,0,0.38,0.25,20,ONE_POINT,100,100,RANDOM,7
165,16600,55.98611259460449,72063,72075.11,0,0.38,0.25,20,ONE_POINT,100,100,RANDOM,7
166,16700,56.299779176712036,71834,71874.94,0,0.38,0.25,20,ONE_POINT,100,100,RANDOM,7
167,16800,56.66460061073303,71720,71756.64,0,0.38,0.25,20,ONE_POINT,100,100,RANDOM,7
168,16900,57.00301480293274,71597,71607.81,0,0.38,0.25,20,ONE_POINT,100,100,RANDOM,7
169,17000,57.3263943195343,71215,71236.03,0,0.38,0.25,20,ONE_POINT,100,100,RANDOM,7
170,17100,57.698179960250854,71062,71074.24,0,0.38,0.25,20,ONE_POINT,100,100,RANDOM,7
171,17200,58.06486415863037,70871,70882.08,0,0.38,0.25,20,ONE_POINT,100,100,RANDOM,7
172,17300,58.39976191520691,70567,70588.81,0,0.38,0.25,20,ONE_POINT,100,100,RANDOM,7
173,17400,58.75351881980896,70384,70413.01,0,0.38,0.25,20,ONE_POINT,100,100,RANDOM,7
174,17500,59.06922101974487,70190,70202.8,0,0.38,0.25,20,ONE_POINT,100,100,RANDOM,7
175,17600,59.40303444862366,70024,70040.94,0,0.38,0.25,20,ONE_POINT,100,100,RANDOM,7
176,17700,59.712769746780396,69892,69936.19,0,0.38,0.25,20,ONE_POINT,100,100,RANDOM,7
177,17800,60.05590796470642,69687,69709.16,0,0.38,0.25,20,ONE_POINT,100,100,RANDOM,7
178,17900,60.4064884185791,69457,69474.01,0,0.38,0.25,20,ONE_POINT,100,100,RANDOM,7
179,18000,60.71145844459534,69344,69352.19,0,0.38,0.25,20,ONE_POINT,100,100,RANDOM,7
180,18100,61.06454372406006,69241,69266.31,0,0.38,0.25,20,ONE_POINT,100,100,RANDOM,7
181,18200,61.374175786972046,69078,69178.2,0,0.38,0.25,20,ONE_POINT,100,100,RANDOM,7
182,18300,61.7480206489563,69006,69017.95,0,0.38,0.25,20,ONE_POINT,100,100,RANDOM,7
183,18400,62.07744264602661,68503,68536.74,0,0.38,0.25,20,ONE_POINT,100,100,RANDOM,7
184,18500,62.43871736526489,68393,68424.29,0,0.38,0.25,20,ONE_POINT,100,100,RANDOM,7
185,18600,62.78492546081543,68268,68316.89,0,0.38,0.25,20,ONE_POINT,100,100,RANDOM,7
186,18700,63.088029623031616,68021,68036.4,0,0.38,0.25,20,ONE_POINT,100,100,RANDOM,7
187,18800,63.44855213165283,67870,67881.88,0,0.38,0.25,20,ONE_POINT,100,100,RANDOM,7
188,18900,63.79455327987671,67580,67612.14,0,0.38,0.25,20,ONE_POINT,100,100,RANDOM,7
189,19000,64.14201045036316,67460,67512.65,0,0.38,0.25,20,ONE_POINT,100,100,RANDOM,7
190,19100,64.48729968070984,67393,67408.63,0,0.38,0.25,20,ONE_POINT,100,100,RANDOM,7
191,19200,64.85013961791992,67286,67312.97,0,0.38,0.25,20,ONE_POINT,100,100,RANDOM,7
192,19300,65.15557146072388,67127,67139.9,0,0.38,0.25,20,ONE_POINT,100,100,RANDOM,7
193,19400,65.48006439208984,67011,67029.48,0,0.38,0.25,20,ONE_POINT,100,100,RANDOM,7
194,19500,65.80418038368225,66963,66976.02,0,0.38,0.25,20,ONE_POINT,100,100,RANDOM,7
195,19600,66.15716290473938,66761,66775.14,0,0.38,0.25,20,ONE_POINT,100,100,RANDOM,7
196,19700,66.50428581237793,66553,66572.37,0,0.38,0.25,20,ONE_POINT,100,100,RANDOM,7
197,19800,66.8526360988617,66498,66508.24,0,0.38,0.25,20,ONE_POINT,100,100,RANDOM,7
198,19900,67.16338348388672,66393,66530.87,0,0.38,0.25,20,ONE_POINT,100,100,RANDOM,7
199,20000,67.4728696346283,66281,66291.85,0,0.38,0.25,20,ONE_POINT,100,100,RANDOM,7
200,20100,67.82827019691467,65907,66090.41,0,0.38,0.25,20,ONE_POINT,100,100,RANDOM,7
201,20200,68.15320467948914,65762,65787.16,0,0.38,0.25,20,ONE_POINT,100,100,RANDOM,7
202,20300,68.48441290855408,65637,65649.74,0,0.38,0.25,20,ONE_POINT,100,100,RANDOM,7
203,20400,68.82102870941162,65389,65405.21,0,0.38,0.25,20,ONE_POINT,100,100,RANDOM,7
204,20500,69.16195130348206,65277,65297.02,0,0.38,0.25,20,ONE_POINT,100,100,RANDOM,7
205,20600,69.57225370407104,64908,64988.22,0,0.38,0.25,20,ONE_POINT,100,100,RANDOM,7
206,20700,69.94648814201355,64755,64775.93,0,0.38,0.25,20,ONE_POINT,100,100,RANDOM,7
207,20800,70.27035999298096,64617,64651.51,0,0.38,0.25,20,ONE_POINT,100,100,RANDOM,7
208,20900,70.62830781936646,64417,64432.38,0,0.38,0.25,20,ONE_POINT,100,100,RANDOM,7
209,21000,70.93865418434143,64264,64281.31,0,0.38,0.25,20,ONE_POINT,100,100,RANDOM,7
210,21100,71.26391530036926,64037,64050.62,0,0.38,0.25,20,ONE_POINT,100,100,RANDOM,7
211,21200,71.60399746894836,63825,63839.8,0,0.38,0.25,20,ONE_POINT,100,100,RANDOM,7
212,21300,71.92018127441406,63609,63625.19,0,0.38,0.25,20,ONE_POINT,100,100,RANDOM,7
213,21400,72.27768111228943,63477,63591.47,0,0.38,0.25,20,ONE_POINT,100,100,RANDOM,7
214,21500,72.63605165481567,63346,63355.56,0,0.38,0.25,20,ONE_POINT,100,100,RANDOM,7
215,21600,72.98955917358398,63211,63217.62,0,0.38,0.25,20,ONE_POINT,100,100,RANDOM,7
216,21700,73.30919647216797,63073,63093.41,0,0.38,0.25,20,ONE_POINT,100,100,RANDOM,7
217,21800,73.64934492111206,62921,62940.68,0,0.38,0.25,20,ONE_POINT,100,100,RANDOM,7
218,21900,73.9735541343689,62338,62478.64,0,0.38,0.25,20,ONE_POINT,100,100,RANDOM,7
219,22000,74.32528758049011,62112,62125.56,0,0.38,0.25,20,ONE_POINT,100,100,RANDOM,7
220,22100,74.69729542732239,61764,61980.87,0,0.38,0.25,20,ONE_POINT,100,100,RANDOM,7
221,22200,75.00536847114563,61621,61632.44,0,0.38,0.25,20,ONE_POINT,100,100,RANDOM,7
222,22300,75.31882691383362,61443,61482.64,0,0.38,0.25,20,ONE_POINT,100,100,RANDOM,7
223,22400,75.62329030036926,61325,61340.54,0,0.38,0.25,20,ONE_POINT,100,100,RANDOM,7
224,22500,75.95493745803833,61153,61169.97,0,0.38,0.25,20,ONE_POINT,100,100,RANDOM,7
225,22600,76.2990517616272,60785,60812.95,0,0.38,0.25,20,ONE_POINT,100,100,RANDOM,7
226,22700,76.6292564868927,60389,60473.32,0,0.38,0.25,20,ONE_POINT,100,100,RANDOM,7
227,22800,76.93087029457092,60311,60435.43,0,0.38,0.25,20,ONE_POINT,100,100,RANDOM,7
228,22900,77.26563620567322,60192,60238.65,0,0.38,0.25,20,ONE_POINT,100,100,RANDOM,7
229,23000,77.60116338729858,59947,59963.15,0,0.38,0.25,20,ONE_POINT,100,100,RANDOM,7
230,23100,77.92959523200989,59726,59752.06,0,0.38,0.25,20,ONE_POINT,100,100,RANDOM,7
231,23200,78.27757835388184,59521,59561.42,0,0.38,0.25,20,ONE_POINT,100,100,RANDOM,7
232,23300,78.59070301055908,59402,59411.85,0,0.38,0.25,20,ONE_POINT,100,100,RANDOM,7
233,23400,78.9250807762146,59325,59335.08,0,0.38,0.25,20,ONE_POINT,100,100,RANDOM,7
234,23500,79.2396399974823,59194,59271.65,0,0.38,0.25,20,ONE_POINT,100,100,RANDOM,7
235,23600,79.56395125389099,58991,59006.21,0,0.38,0.25,20,ONE_POINT,100,100,RANDOM,7
236,23700,79.89216899871826,58896,58908.74,0,0.38,0.25,20,ONE_POINT,100,100,RANDOM,7
237,23800,80.19133377075195,58799,58812.4,0,0.38,0.25,20,ONE_POINT,100,100,RANDOM,7
238,23900,80.53252863883972,58737,58748.48,0,0.38,0.25,20,ONE_POINT,100,100,RANDOM,7
239,24000,80.86150622367859,58607,58621.04,0,0.38,0.25,20,ONE_POINT,100,100,RANDOM,7
240,24100,81.19487953186035,58444,58457.31,0,0.38,0.25,20,ONE_POINT,100,100,RANDOM,7
241,24200,81.50520062446594,58284,58299.24,0,0.38,0.25,20,ONE_POINT,100,100,RANDOM,7
242,24300,81.80992484092712,58179,58224.28,0,0.38,0.25,20,ONE_POINT,100,100,RANDOM,7
243,24400,82.12472701072693,58069,58087.22,0,0.38,0.25,20,ONE_POINT,100,100,RANDOM,7
244,24500,82.4621753692627,58000,58008.59,0,0.38,0.25,20,ONE_POINT,100,100,RANDOM,7
245,24600,82.81689620018005,57932,57939.99,0,0.38,0.25,20,ONE_POINT,100,100,RANDOM,7
246,24700,83.14483189582825,57787,57821.65,0,0.38,0.25,20,ONE_POINT,100,100,RANDOM,7
247,24800,83.48583722114563,57744,57750.6,0,0.38,0.25,20,ONE_POINT,100,100,RANDOM,7
248,24900,83.82240986824036,57650,57725.95,0,0.38,0.25,20,ONE_POINT,100,100,RANDOM,7
249,25000,84.15753960609436,57483,57514.99,0,0.38,0.25,20,ONE_POINT,100,100,RANDOM,7
250,25100,84.49569368362427,57320,57390.47,0,0.38,0.25,20,ONE_POINT,100,100,RANDOM,7
251,25200,84.83791756629944,57188,57201.04,0,0.38,0.25,20,ONE_POINT,100,100,RANDOM,7
252,25300,85.19267988204956,56946,56969.38,0,0.38,0.25,20,ONE_POINT,100,100,RANDOM,7
253,25400,85.51170825958252,56714,56864.24,0,0.38,0.25,20,ONE_POINT,100,100,RANDOM,7
254,25500,85.82565832138062,56605,56630.22,0,0.38,0.25,20,ONE_POINT,100,100,RANDOM,7
255,25600,86.1529369354248,56508,56514.86,0,0.38,0.25,20,ONE_POINT,100,100,RANDOM,7
256,25700,86.46387362480164,56375,56391.91,0,0.38,0.25,20,ONE_POINT,100,100,RANDOM,7
257,25800,86.81055021286011,56296,56323.34,0,0.38,0.25,20,ONE_POINT,100,100,RANDOM,7
258,25900,87.14243245124817,55923,55959.46,0,0.38,0.25,20,ONE_POINT,100,100,RANDOM,7
259,26000,87.4421534538269,55838,55849.38,0,0.38,0.25,20,ONE_POINT,100,100,RANDOM,7
260,26100,87.79520416259766,55720,55817.3,0,0.38,0.25,20,ONE_POINT,100,100,RANDOM,7
261,26200,88.13939833641052,55640,55650.35,0,0.38,0.25,20,ONE_POINT,100,100,RANDOM,7
262,26300,88.49764084815979,55518,55529.56,0,0.38,0.25,20,ONE_POINT,100,100,RANDOM,7
263,26400,88.8373510837555,55412,55502.96,0,0.38,0.25,20,ONE_POINT,100,100,RANDOM,7
264,26500,89.17852210998535,55379,55405.62,0,0.38,0.25,20,ONE_POINT,100,100,RANDOM,7
265,26600,89.51874613761902,55281,55310.27,0,0.38,0.25,20,ONE_POINT,100,100,RANDOM,7
266,26700,89.8311231136322,55133,55162.28,0,0.38,0.25,20,ONE_POINT,100,100,RANDOM,7
267,26800,90.13795876502991,54913,54947.99,0,0.38,0.25,20,ONE_POINT,100,100,RANDOM,7
268,26900,90.47623467445374,54733,54767.98,0,0.38,0.25,20,ONE_POINT,100,100,RANDOM,7
269,27000,90.86796951293945,54620,54629.04,0,0.38,0.25,20,ONE_POINT,100,100,RANDOM,7
270,27100,91.19070935249329,54540,54550.75,0,0.38,0.25,20,ONE_POINT,100,100,RANDOM,7
271,27200,91.54538226127625,54452,54460.14,0,0.38,0.25,20,ONE_POINT,100,100,RANDOM,7
272,27300,91.88757467269897,54398,54402.73,0,0.38,0.25,20,ONE_POINT,100,100,RANDOM,7
273,27400,92.2618350982666,54337,54343.63,0,0.38,0.25,20,ONE_POINT,100,100,RANDOM,7
274,27500,92.63052439689636,54232,54244.97,0,0.38,0.25,20,ONE_POINT,100,100,RANDOM,7
275,27600,92.95472526550293,54105,54117.35,0,0.38,0.25,20,ONE_POINT,100,100,RANDOM,7
276,27700,93.31533336639404,53966,53979.97,0,0.38,0.25,20,ONE_POINT,100,100,RANDOM,7
277,27800,93.6304943561554,53756,53774.41,0,0.38,0.25,20,ONE_POINT,100,100,RANDOM,7
278,27900,93.95004987716675,53661,53733.22,0,0.38,0.25,20,ONE_POINT,100,100,RANDOM,7
279,28000,94.30421733856201,53648,53653.48,0,0.38,0.25,20,ONE_POINT,100,100,RANDOM,7
280,28100,94.61918354034424,53567,53574.39,0,0.38,0.25,20,ONE_POINT,100,100,RANDOM,7
281,28200,94.97579431533813,53415,53430.56,0,0.38,0.25,20,ONE_POINT,100,100,RANDOM,7
282,28300,95.31666421890259,53295,53380.65,0,0.38,0.25,20,ONE_POINT,100,100,RANDOM,7
283,28400,95.6451313495636,53195,53214.3,0,0.38,0.25,20,ONE_POINT,100,100,RANDOM,7
284,28500,96.01211404800415,53068,53078.16,0,0.38,0.25,20,ONE_POINT,100,100,RANDOM,7
285,28600,96.35964131355286,52974,53002.12,0,0.38,0.25,20,ONE_POINT,100,100,RANDOM,7
286,28700,96.6849730014801,52850,52860.86,0,0.38,0.25,20,ONE_POINT,100,100,RANDOM,7
287,28800,97.01676487922668,52565,52582.21,0,0.38,0.25,20,ONE_POINT,100,100,RANDOM,7
288,28900,97.33142447471619,52418,52562.4,0,0.38,0.25,20,ONE_POINT,100,100,RANDOM,7
289,29000,97.64818739891052,52254,52295.8,0,0.38,0.25,20,ONE_POINT,100,100,RANDOM,7
290,29100,97.97945189476013,52136,52151.3,0,0.38,0.25,20,ONE_POINT,100,100,RANDOM,7
291,29200,98.30501294136047,52004,52174.29,0,0.38,0.25,20,ONE_POINT,100,100,RANDOM,7
292,29300,98.62285208702087,51894,51904.7,0,0.38,0.25,20,ONE_POINT,100,100,RANDOM,7
293,29400,98.98896360397339,51784,51802.53,0,0.38,0.25,20,ONE_POINT,100,100,RANDOM,7
294,29500,99.33188319206238,51659,51669.68,0,0.38,0.25,20,ONE_POINT,100,100,RANDOM,7
295,29600,99.6825430393219,51579,51587.13,0,0.38,0.25,20,ONE_POINT,100,100,RANDOM,7
296,29700,100.02115631103516,51431,51445.12,0,0.38,0.25,20,ONE_POINT,100,100,RANDOM,7
297,29800,100.33330345153809,51386,51402.56,0,0.38,0.25,20,ONE_POINT,100,100,RANDOM,7
298,29900,100.67735195159912,51305,51316.55,0,0.38,0.25,20,ONE_POINT,100,100,RANDOM,7
299,30000,101.02554178237915,51180,51308.03,0,0.38,0.25,20,ONE_POINT,100,100,RANDOM,7
300,30100,101.34106540679932,51055,51066.59,0,0.38,0.25,20,ONE_POINT,100,100,RANDOM,7
301,30200,101.67596244812012,51021,51030.9,0,0.38,0.25,20,ONE_POINT,100,100,RANDOM,7
302,30300,101.98957180976868,50909,50957.44,0,0.38,0.25,20,ONE_POINT,100,100,RANDOM,7
303,30400,102.3442006111145,50735,50752.19,0,0.38,0.25,20,ONE_POINT,100,100,RANDOM,7
304,30500,102.75342679023743,50680,50693.82,0,0.38,0.25,20,ONE_POINT,100,100,RANDOM,7
305,30600,103.09549450874329,50617,50632.15,0,0.38,0.25,20,ONE_POINT,100,100,RANDOM,7
306,30700,103.46916794776917,50484,50524.0,0,0.38,0.25,20,ONE_POINT,100,100,RANDOM,7
307,30800,103.80750322341919,50346,50358.55,0,0.38,0.25,20,ONE_POINT,100,100,RANDOM,7
308,30900,104.15817666053772,50282,50300.08,0,0.38,0.25,20,ONE_POINT,100,100,RANDOM,7
309,31000,104.52351140975952,50214,50238.4,0,0.38,0.25,20,ONE_POINT,100,100,RANDOM,7
310,31100,104.85221290588379,50129,50145.78,0,0.38,0.25,20,ONE_POINT,100,100,RANDOM,7
311,31200,105.1683840751648,50075,50092.35,0,0.38,0.25,20,ONE_POINT,100,100,RANDOM,7
312,31300,105.48134255409241,50038,50043.31,0,0.38,0.25,20,ONE_POINT,100,100,RANDOM,7
313,31400,105.78752565383911,49931,50013.64,0,0.38,0.25,20,ONE_POINT,100,100,RANDOM,7
314,31500,106.12170791625977,49786,49806.28,0,0.38,0.25,20,ONE_POINT,100,100,RANDOM,7
315,31600,106.45615887641907,49707,49716.46,0,0.38,0.25,20,ONE_POINT,100,100,RANDOM,7
316,31700,106.77727818489075,49474,49490.94,0,0.38,0.25,20,ONE_POINT,100,100,RANDOM,7
317,31800,107.12024664878845,49415,49446.73,0,0.38,0.25,20,ONE_POINT,100,100,RANDOM,7
318,31900,107.46440839767456,49387,49390.98,0,0.38,0.25,20,ONE_POINT,100,100,RANDOM,7
319,32000,107.7976713180542,49319,49325.8,0,0.38,0.25,20,ONE_POINT,100,100,RANDOM,7
320,32100,108.16158390045166,49269,49278.75,0,0.38,0.25,20,ONE_POINT,100,100,RANDOM,7
321,32200,108.4998676776886,49179,49187.87,0,0.38,0.25,20,ONE_POINT,100,100,RANDOM,7
322,32300,108.82860708236694,49085,49106.94,0,0.38,0.25,20,ONE_POINT,100,100,RANDOM,7
323,32400,109.14202833175659,49051,49055.4,0,0.38,0.25,20,ONE_POINT,100,100,RANDOM,7
324,32500,109.44893908500671,48924,48970.39,0,0.38,0.25,20,ONE_POINT,100,100,RANDOM,7
325,32600,109.79560279846191,48774,48788.86,0,0.38,0.25,20,ONE_POINT,100,100,RANDOM,7
326,32700,110.12382507324219,48693,48782.06,0,0.38,0.25,20,ONE_POINT,100,100,RANDOM,7
327,32800,110.43755292892456,48652,48657.65,0,0.38,0.25,20,ONE_POINT,100,100,RANDOM,7
328,32900,110.7413558959961,48556,48564.84,0,0.38,0.25,20,ONE_POINT,100,100,RANDOM,7
329,33000,111.04459309577942,48468,48481.44,0,0.38,0.25,20,ONE_POINT,100,100,RANDOM,7
330,33100,111.38487529754639,48430,48440.45,0,0.38,0.25,20,ONE_POINT,100,100,RANDOM,7
331,33200,111.73590183258057,48397,48401.86,0,0.38,0.25,20,ONE_POINT,100,100,RANDOM,7
332,33300,112.04333114624023,48280,48291.78,0,0.38,0.25,20,ONE_POINT,100,100,RANDOM,7
333,33400,112.37064361572266,48241,48247.24,0,0.38,0.25,20,ONE_POINT,100,100,RANDOM,7
334,33500,112.72743844985962,48187,48281.92,0,0.38,0.25,20,ONE_POINT,100,100,RANDOM,7
335,33600,113.05918455123901,48129,48136.3,0,0.38,0.25,20,ONE_POINT,100,100,RANDOM,7
336,33700,113.37777876853943,48041,48051.56,0,0.38,0.25,20,ONE_POINT,100,100,RANDOM,7
337,33800,113.69019055366516,47993,47999.28,0,0.38,0.25,20,ONE_POINT,100,100,RANDOM,7
338,33900,114.05068826675415,47947,47953.48,0,0.38,0.25,20,ONE_POINT,100,100,RANDOM,7
339,34000,114.36348986625671,47877,47884.46,0,0.38,0.25,20,ONE_POINT,100,100,RANDOM,7
340,34100,114.7007052898407,47822,47829.57,0,0.38,0.25,20,ONE_POINT,100,100,RANDOM,7
341,34200,115.0270209312439,47772,47784.9,0,0.38,0.25,20,ONE_POINT,100,100,RANDOM,7
342,34300,115.3828194141388,47699,47713.88,0,0.38,0.25,20,ONE_POINT,100,100,RANDOM,7
343,34400,115.68723750114441,47667,47673.3,0,0.38,0.25,20,ONE_POINT,100,100,RANDOM,7
344,34500,116.01295900344849,47599,47755.82,0,0.38,0.25,20,ONE_POINT,100,100,RANDOM,7
345,34600,116.36941480636597,47543,47555.7,0,0.38,0.25,20,ONE_POINT,100,100,RANDOM,7
346,34700,116.70775771141052,47501,47509.75,0,0.38,0.25,20,ONE_POINT,100,100,RANDOM,7
347,34800,117.0621166229248,47474,47479.69,0,0.38,0.25,20,ONE_POINT,100,100,RANDOM,7
348,34900,117.38229608535767,47383,47532.37,0,0.38,0.25,20,ONE_POINT,100,100,RANDOM,7
349,35000,117.68801665306091,47264,47276.27,0,0.38,0.25,20,ONE_POINT,100,100,RANDOM,7
350,35100,117.99825048446655,47137,47147.34,0,0.38,0.25,20,ONE_POINT,100,100,RANDOM,7
351,35200,118.35289549827576,47041,47050.01,0,0.38,0.25,20,ONE_POINT,100,100,RANDOM,7
352,35300,118.65680193901062,46982,46992.92,0,0.38,0.25,20,ONE_POINT,100,100,RANDOM,7
353,35400,119.01066136360168,46876,46886.13,0,0.38,0.25,20,ONE_POINT,100,100,RANDOM,7
354,35500,119.3275671005249,46825,46835.75,0,0.38,0.25,20,ONE_POINT,100,100,RANDOM,7
355,35600,119.66142559051514,46789,46800.4,0,0.38,0.25,20,ONE_POINT,100,100,RANDOM,7
356,35700,120.02126431465149,46724,46732.64,0,0.38,0.25,20,ONE_POINT,100,100,RANDOM,7
357,35800,120.36956596374512,46675,46683.37,0,0.38,0.25,20,ONE_POINT,100,100,RANDOM,7
358,35900,120.74457335472107,46558,46627.68,0,0.38,0.25,20,ONE_POINT,100,100,RANDOM,7
359,36000,121.07351231575012,46449,46500.55,0,0.38,0.25,20,ONE_POINT,100,100,RANDOM,7
360,36100,121.4034640789032,46325,46343.9,0,0.38,0.25,20,ONE_POINT,100,100,RANDOM,7
361,36200,121.74319839477539,46174,46199.42,0,0.38,0.25,20,ONE_POINT,100,100,RANDOM,7
362,36300,122.07435727119446,46109,46114.62,0,0.38,0.25,20,ONE_POINT,100,100,RANDOM,7
363,36400,122.40220260620117,46048,46091.3,0,0.38,0.25,20,ONE_POINT,100,100,RANDOM,7
364,36500,122.75908875465393,46015,46019.77,0,0.38,0.25,20,ONE_POINT,100,100,RANDOM,7
365,36600,123.13931655883789,45920,45928.32,0,0.38,0.25,20,ONE_POINT,100,100,RANDOM,7
366,36700,123.48649859428406,45861,45868.77,0,0.38,0.25,20,ONE_POINT,100,100,RANDOM,7
367,36800,123.81873035430908,45830,45851.94,0,0.38,0.25,20,ONE_POINT,100,100,RANDOM,7
368,36900,124.15124821662903,45778,45830.85,0,0.38,0.25,20,ONE_POINT,100,100,RANDOM,7
369,37000,124.4542236328125,45744,45748.84,0,0.38,0.25,20,ONE_POINT,100,100,RANDOM,7
370,37100,124.79689693450928,45660,45666.72,0,0.38,0.25,20,ONE_POINT,100,100,RANDOM,7
371,37200,125.10175728797913,45576,45604.78,0,0.38,0.25,20,ONE_POINT,100,100,RANDOM,7
372,37300,125.40143537521362,45477,45506.67,0,0.38,0.25,20,ONE_POINT,100,100,RANDOM,7
373,37400,125.70771265029907,45424,45443.92,0,0.38,0.25,20,ONE_POINT,100,100,RANDOM,7
374,37500,126.05031418800354,45372,45385.52,0,0.38,0.25,20,ONE_POINT,100,100,RANDOM,7
375,37600,126.37095308303833,45260,45272.05,0,0.38,0.25,20,ONE_POINT,100,100,RANDOM,7
376,37700,126.71547150611877,45178,45186.25,0,0.38,0.25,20,ONE_POINT,100,100,RANDOM,7
377,37800,127.05552244186401,45132,45142.21,0,0.38,0.25,20,ONE_POINT,100,100,RANDOM,7
378,37900,127.37884068489075,45097,45104.38,0,0.38,0.25,20,ONE_POINT,100,100,RANDOM,7
379,38000,127.68689608573914,45032,45038.74,0,0.38,0.25,20,ONE_POINT,100,100,RANDOM,7
380,38100,128.0549440383911,44941,44954.33,0,0.38,0.25,20,ONE_POINT,100,100,RANDOM,7
381,38200,128.38819098472595,44904,44930.95,0,0.38,0.25,20,ONE_POINT,100,100,RANDOM,7
382,38300,128.74704504013062,44776,44793.8,0,0.38,0.25,20,ONE_POINT,100,100,RANDOM,7
383,38400,129.12185907363892,44695,44702.88,0,0.38,0.25,20,ONE_POINT,100,100,RANDOM,7
384,38500,129.46876621246338,44599,44612.0,0,0.38,0.25,20,ONE_POINT,100,100,RANDOM,7
385,38600,129.82175707817078,44542,44548.01,0,0.38,0.25,20,ONE_POINT,100,100,RANDOM,7
386,38700,130.150062084198,44459,44467.0,0,0.38,0.25,20,ONE_POINT,100,100,RANDOM,7
387,38800,130.48965454101562,44412,44441.38,0,0.38,0.25,20,ONE_POINT,100,100,RANDOM,7
388,38900,130.79846119880676,44373,44377.81,0,0.38,0.25,20,ONE_POINT,100,100,RANDOM,7
389,39000,131.15366053581238,44251,44261.45,0,0.38,0.25,20,ONE_POINT,100,100,RANDOM,7
390,39100,131.48653602600098,44146,44172.55,0,0.38,0.25,20,ONE_POINT,100,100,RANDOM,7
391,39200,131.83764791488647,44068,44104.82,0,0.38,0.25,20,ONE_POINT,100,100,RANDOM,7
392,39300,132.17372059822083,43953,43961.91,0,0.38,0.25,20,ONE_POINT,100,100,RANDOM,7
393,39400,132.5354883670807,43923,43927.7,0,0.38,0.25,20,ONE_POINT,100,100,RANDOM,7
394,39500,132.87884855270386,43857,43865.45,0,0.38,0.25,20,ONE_POINT,100,100,RANDOM,7
395,39600,133.1891634464264,43836,43842.91,0,0.38,0.25,20,ONE_POINT,100,100,RANDOM,7
396,39700,133.5487928390503,43755,43768.38,0,0.38,0.25,20,ONE_POINT,100,100,RANDOM,7
397,39800,133.8594069480896,43648,43668.6,0,0.38,0.25,20,ONE_POINT,100,100,RANDOM,7
398,39900,134.17738485336304,43613,43625.26,0,0.38,0.25,20,ONE_POINT,100,100,RANDOM,7
399,40000,134.53588819503784,43582,43586.96,0,0.38,0.25,20,ONE_POINT,100,100,RANDOM,7
400,40100,134.89137601852417,43553,43567.1,0,0.38,0.25,20,ONE_POINT,100,100,RANDOM,7
401,40200,135.25062203407288,43514,43521.26,0,0.38,0.25,20,ONE_POINT,100,100,RANDOM,7
402,40300,135.64567852020264,43460,43576.86,0,0.38,0.25,20,ONE_POINT,100,100,RANDOM,7
403,40400,136.01460528373718,43389,43432.49,0,0.38,0.25,20,ONE_POINT,100,100,RANDOM,7
404,40500,136.4071967601776,43326,43362.75,0,0.38,0.25,20,ONE_POINT,100,100,RANDOM,7
405,40600,136.76257276535034,43290,43293.87,0,0.38,0.25,20,ONE_POINT,100,100,RANDOM,7
406,40700,137.11159110069275,43254,43255.8,0,0.38,0.25,20,ONE_POINT,100,100,RANDOM,7
407,40800,137.44128823280334,43204,43210.36,0,0.38,0.25,20,ONE_POINT,100,100,RANDOM,7
408,40900,137.78209233283997,43181,43186.48,0,0.38,0.25,20,ONE_POINT,100,100,RANDOM,7
409,41000,138.09594678878784,43135,43155.65,0,0.38,0.25,20,ONE_POINT,100,100,RANDOM,7
410,41100,138.4203667640686,43072,43079.22,0,0.38,0.25,20,ONE_POINT,100,100,RANDOM,7
411,41200,138.74812412261963,43014,43019.8,0,0.38,0.25,20,ONE_POINT,100,100,RANDOM,7
412,41300,139.06043124198914,42947,42957.49,0,0.38,0.25,20,ONE_POINT,100,100,RANDOM,7
413,41400,139.41591024398804,42921,42926.6,0,0.38,0.25,20,ONE_POINT,100,100,RANDOM,7
414,41500,139.76145482063293,42892,42895.48,0,0.38,0.25,20,ONE_POINT,100,100,RANDOM,7
415,41600,140.08777403831482,42790,42884.16,0,0.38,0.25,20,ONE_POINT,100,100,RANDOM,7
416,41700,140.42345070838928,42761,42837.02,0,0.38,0.25,20,ONE_POINT,100,100,RANDOM,7
417,41800,140.74917149543762,42743,42783.64,0,0.38,0.25,20,ONE_POINT,100,100,RANDOM,7
418,41900,141.06102466583252,42587,42600.48,0,0.38,0.25,20,ONE_POINT,100,100,RANDOM,7
419,42000,141.39518857002258,42548,42558.99,0,0.38,0.25,20,ONE_POINT,100,100,RANDOM,7
420,42100,141.7581124305725,42468,42478.75,0,0.38,0.25,20,ONE_POINT,100,100,RANDOM,7
421,42200,142.09155750274658,42416,42422.24,0,0.38,0.25,20,ONE_POINT,100,100,RANDOM,7
422,42300,142.41571855545044,42368,42400.44,0,0.38,0.25,20,ONE_POINT,100,100,RANDOM,7
423,42400,142.74872040748596,42319,42330.91,0,0.38,0.25,20,ONE_POINT,100,100,RANDOM,7
424,42500,143.06308889389038,42282,42288.86,0,0.38,0.25,20,ONE_POINT,100,100,RANDOM,7
425,42600,143.43133449554443,42211,42224.18,0,0.38,0.25,20,ONE_POINT,100,100,RANDOM,7
426,42700,143.7872269153595,42109,42130.63,0,0.38,0.25,20,ONE_POINT,100,100,RANDOM,7
427,42800,144.11673140525818,42097,42106.43,0,0.38,0.25,20,ONE_POINT,100,100,RANDOM,7
428,42900,144.46796345710754,42071,42074.25,0,0.38,0.25,20,ONE_POINT,100,100,RANDOM,7
429,43000,144.82745933532715,41994,42063.54,0,0.38,0.25,20,ONE_POINT,100,100,RANDOM,7
430,43100,145.13807892799377,41931,41937.53,0,0.38,0.25,20,ONE_POINT,100,100,RANDOM,7
431,43200,145.47118544578552,41878,41883.87,0,0.38,0.25,20,ONE_POINT,100,100,RANDOM,7
432,43300,145.8059377670288,41806,41813.7,0,0.38,0.25,20,ONE_POINT,100,100,RANDOM,7
433,43400,146.13931798934937,41794,41798.52,0,0.38,0.25,20,ONE_POINT,100,100,RANDOM,7
434,43500,146.46085953712463,41664,41677.55,0,0.38,0.25,20,ONE_POINT,100,100,RANDOM,7
435,43600,146.8212752342224,41593,41605.57,0,0.38,0.25,20,ONE_POINT,100,100,RANDOM,7
436,43700,147.1511836051941,41572,41575.03,0,0.38,0.25,20,ONE_POINT,100,100,RANDOM,7
437,43800,147.50856518745422,41517,41527.05,0,0.38,0.25,20,ONE_POINT,100,100,RANDOM,7
438,43900,147.815571308136,41471,41477.91,0,0.38,0.25,20,ONE_POINT,100,100,RANDOM,7
439,44000,148.17436861991882,41417,41425.7,0,0.38,0.25,20,ONE_POINT,100,100,RANDOM,7
440,44100,148.5476429462433,41360,41366.48,0,0.38,0.25,20,ONE_POINT,100,100,RANDOM,7
441,44200,148.84825372695923,41326,41330.5,0,0.38,0.25,20,ONE_POINT,100,100,RANDOM,7
442,44300,149.17183780670166,41308,41416.75,0,0.38,0.25,20,ONE_POINT,100,100,RANDOM,7
443,44400,149.5135955810547,41261,41271.39,0,0.38,0.25,20,ONE_POINT,100,100,RANDOM,7
444,44500,149.8540005683899,41089,41109.4,0,0.38,0.25,20,ONE_POINT,100,100,RANDOM,7
445,44600,150.1817057132721,41056,41117.99,0,0.38,0.25,20,ONE_POINT,100,100,RANDOM,7
446,44700,150.49671959877014,41005,41010.85,0,0.38,0.25,20,ONE_POINT,100,100,RANDOM,7
447,44800,150.83058714866638,40980,40985.32,0,0.38,0.25,20,ONE_POINT,100,100,RANDOM,7
448,44900,151.17700624465942,40940,40948.12,0,0.38,0.25,20,ONE_POINT,100,100,RANDOM,7
449,45000,151.4860029220581,40914,40928.99,0,0.38,0.25,20,ONE_POINT,100,100,RANDOM,7
450,45100,151.83650279045105,40831,40846.68,0,0.38,0.25,20,ONE_POINT,100,100,RANDOM,7
451,45200,152.16371989250183,40796,40838.21,0,0.38,0.25,20,ONE_POINT,100,100,RANDOM,7
452,45300,152.50388193130493,40745,40751.76,0,0.38,0.25,20,ONE_POINT,100,100,RANDOM,7
453,45400,152.85785961151123,40693,40700.11,0,0.38,0.25,20,ONE_POINT,100,100,RANDOM,7
454,45500,153.16611456871033,40653,40729.78,0,0.38,0.25,20,ONE_POINT,100,100,RANDOM,7
455,45600,153.49967861175537,40623,40662.01,0,0.38,0.25,20,ONE_POINT,100,100,RANDOM,7
456,45700,153.85165309906006,40573,40732.03,0,0.38,0.25,20,ONE_POINT,100,100,RANDOM,7
457,45800,154.18683195114136,40530,40536.89,0,0.38,0.25,20,ONE_POINT,100,100,RANDOM,7
458,45900,154.5207769870758,40504,40507.4,0,0.38,0.25,20,ONE_POINT,100,100,RANDOM,7
459,46000,154.8416211605072,40487,40492.82,0,0.38,0.25,20,ONE_POINT,100,100,RANDOM,7
460,46100,155.18980622291565,40438,40446.77,0,0.38,0.25,20,ONE_POINT,100,100,RANDOM,7
461,46200,155.50564455986023,40415,40431.25,0,0.38,0.25,20,ONE_POINT,100,100,RANDOM,7
462,46300,155.82914113998413,40365,40382.85,0,0.38,0.25,20,ONE_POINT,100,100,RANDOM,7
463,46400,156.18108081817627,40324,40335.07,0,0.38,0.25,20,ONE_POINT,100,100,RANDOM,7
464,46500,156.52188682556152,40291,40347.73,0,0.38,0.25,20,ONE_POINT,100,100,RANDOM,7
465,46600,156.83242869377136,40234,40240.36,0,0.38,0.25,20,ONE_POINT,100,100,RANDOM,7
466,46700,157.15720891952515,40181,40194.45,0,0.38,0.25,20,ONE_POINT,100,100,RANDOM,7
467,46800,157.46459913253784,40140,40246.56,0,0.38,0.25,20,ONE_POINT,100,100,RANDOM,7
468,46900,157.76771688461304,40114,40121.26,0,0.38,0.25,20,ONE_POINT,100,100,RANDOM,7
469,47000,158.09111309051514,40045,40051.21,0,0.38,0.25,20,ONE_POINT,100,100,RANDOM,7
470,47100,158.45246720314026,40002,40011.06,0,0.38,0.25,20,ONE_POINT,100,100,RANDOM,7
471,47200,158.79644751548767,39990,39995.44,0,0.38,0.25,20,ONE_POINT,100,100,RANDOM,7
472,47300,159.1542317867279,39955,39959.7,0,0.38,0.25,20,ONE_POINT,100,100,RANDOM,7
473,47400,159.49097347259521,39930,39956.49,0,0.38,0.25,20,ONE_POINT,100,100,RANDOM,7
474,47500,159.80028915405273,39892,39897.35,0,0.38,0.25,20,ONE_POINT,100,100,RANDOM,7
475,47600,160.13570475578308,39861,39969.24,0,0.38,0.25,20,ONE_POINT,100,100,RANDOM,7
476,47700,160.48372173309326,39831,39837.17,0,0.38,0.25,20,ONE_POINT,100,100,RANDOM,7
477,47800,160.8142373561859,39802,39806.74,0,0.38,0.25,20,ONE_POINT,100,100,RANDOM,7
478,47900,161.12341141700745,39787,39793.36,0,0.38,0.25,20,ONE_POINT,100,100,RANDOM,7
479,48000,161.4564549922943,39750,39764.64,0,0.38,0.25,20,ONE_POINT,100,100,RANDOM,7
480,48100,161.75671911239624,39732,39740.42,0,0.38,0.25,20,ONE_POINT,100,100,RANDOM,7
481,48200,162.0976414680481,39689,39694.54,0,0.38,0.25,20,ONE_POINT,100,100,RANDOM,7
482,48300,162.44054651260376,39653,39658.32,0,0.38,0.25,20,ONE_POINT,100,100,RANDOM,7
483,48400,162.76560354232788,39623,39630.69,0,0.38,0.25,20,ONE_POINT,100,100,RANDOM,7
484,48500,163.12367725372314,39592,39595.71,0,0.38,0.25,20,ONE_POINT,100,100,RANDOM,7
485,48600,163.47468304634094,39536,39544.08,0,0.38,0.25,20,ONE_POINT,100,100,RANDOM,7
486,48700,163.80670428276062,39487,39494.89,0,0.38,0.25,20,ONE_POINT,100,100,RANDOM,7
487,48800,164.14656138420105,39438,39444.67,0,0.38,0.25,20,ONE_POINT,100,100,RANDOM,7
488,48900,164.47969889640808,39366,39407.86,0,0.38,0.25,20,ONE_POINT,100,100,RANDOM,7
489,49000,164.81412172317505,39360,39361.94,0,0.38,0.25,20,ONE_POINT,100,100,RANDOM,7
490,49100,165.15692591667175,39316,39321.07,0,0.38,0.25,20,ONE_POINT,100,100,RANDOM,7
491,49200,165.5111427307129,39286,39292.79,0,0.38,0.25,20,ONE_POINT,100,100,RANDOM,7
492,49300,165.85439276695251,39183,39226.78,0,0.38,0.25,20,ONE_POINT,100,100,RANDOM,7
493,49400,166.16610455513,39102,39226.66,0,0.38,0.25,20,ONE_POINT,100,100,RANDOM,7
494,49500,166.48866772651672,39068,39077.01,0,0.38,0.25,20,ONE_POINT,100,100,RANDOM,7
495,49600,166.82475638389587,39033,39039.17,0,0.38,0.25,20,ONE_POINT,100,100,RANDOM,7
496,49700,167.1784017086029,38974,38981.37,0,0.38,0.25,20,ONE_POINT,100,100,RANDOM,7
497,49800,167.5250117778778,38831,38847.4,0,0.38,0.25,20,ONE_POINT,100,100,RANDOM,7
498,49900,167.87445545196533,38759,38821.87,0,0.38,0.25,20,ONE_POINT,100,100,RANDOM,7
499,50000,168.2072024345398,38718,38726.28,0,0.38,0.25,20,ONE_POINT,100,100,RANDOM,7
500,50100,168.56971907615662,38686,38690.82,0,0.38,0.25,20,ONE_POINT,100,100,RANDOM,7
1,200,0.2200331687927246,128291,128817.34,0,0.38,0.25,20,ONE_POINT,100,100,RANDOM,8
2,300,0.5894010066986084,127078,127142.59,0,0.38,0.25,20,ONE_POINT,100,100,RANDOM,8
3,400,0.9228096008300781,125379,125418.18,0,0.38,0.25,20,ONE_POINT,100,100,RANDOM,8
4,500,1.3263602256774902,124251,124295.6,0,0.38,0.25,20,ONE_POINT,100,100,RANDOM,8
5,600,1.7054142951965332,123420,123444.82,0,0.38,0.25,20,ONE_POINT,100,100,RANDOM,8
6,700,2.0164613723754883,122980,122998.12,0,0.38,0.25,20,ONE_POINT,100,100,RANDOM,8
7,800,2.3566441535949707,122149,122193.56,0,0.38,0.25,20,ONE_POINT,100,100,RANDOM,8
8,900,2.666995048522949,121698,121716.34,0,0.38,0.25,20,ONE_POINT,100,100,RANDOM,8
9,1000,2.9923810958862305,120922,120953.03,0,0.38,0.25,20,ONE_POINT,100,100,RANDOM,8
10,1100,3.3313214778900146,120244,120270.69,0,0.38,0.25,20,ONE_POINT,100,100,RANDOM,8
11,1200,3.6665780544281006,119586,119612.52,0,0.38,0.25,20,ONE_POINT,100,100,RANDOM,8
12,1300,3.9736814498901367,119125,119160.35,0,0.38,0.25,20,ONE_POINT,100,100,RANDOM,8
13,1400,4.312344074249268,118711,118734.5,0,0.38,0.25,20,ONE_POINT,100,100,RANDOM,8
14,1500,4.637136697769165,118359,118371.75,0,0.38,0.25,20,ONE_POINT,100,100,RANDOM,8
15,1600,4.965325832366943,117670,117697.19,0,0.38,0.25,20,ONE_POINT,100,100,RANDOM,8
16,1700,5.2725300788879395,117264,117284.3,0,0.38,0.25,20,ONE_POINT,100,100,RANDOM,8
17,1800,5.61721134185791,116667,116696.1,0,0.38,0.25,20,ONE_POINT,100,100,RANDOM,8
18,1900,5.929697036743164,116288,116303.16,0,0.38,0.25,20,ONE_POINT,100,100,RANDOM,8
19,2000,6.266705274581909,115675,115706.51,0,0.38,0.25,20,ONE_POINT,100,100,RANDOM,8
20,2100,6.6424102783203125,115170,115213.84,0,0.38,0.25,20,ONE_POINT,100,100,RANDOM,8
21,2200,6.992019891738892,113838,113892.42,0,0.38,0.25,20,ONE_POINT,100,100,RANDOM,8
22,2300,7.348725318908691,113242,113348.01,0,0.38,0.25,20,ONE_POINT,100,100,RANDOM,8
23,2400,7.7096405029296875,112846,112899.33,0,0.38,0.25,20,ONE_POINT,100,100,RANDOM,8
24,2500,8.047075748443604,112514,112530.74,0,0.38,0.25,20,ONE_POINT,100,100,RANDOM,8
25,2600,8.380403995513916,112094,112119.14,0,0.38,0.25,20,ONE_POINT,100,100,RANDOM,8
26,2700,8.747594356536865,111135,111183.84,0,0.38,0.25,20,ONE_POINT,100,100,RANDOM,8
27,2800,9.066981315612793,110483,110557.41,0,0.38,0.25,20,ONE_POINT,100,100,RANDOM,8
28,2900,9.427700757980347,110139,110246.07,0,0.38,0.25,20,ONE_POINT,100,100,RANDOM,8
29,3000,9.806932926177979,109771,109801.83,0,0.38,0.25,20,ONE_POINT,100,100,RANDOM,8
30,3100,10.138136863708496,109129,109154.68,0,0.38,0.25,20,ONE_POINT,100,100,RANDOM,8
31,3200,10.460777521133423,108829,108867.06,0,0.38,0.25,20,ONE_POINT,100,100,RANDOM,8
32,3300,10.787282228469849,108522,108543.21,0,0.38,0.25,20,ONE_POINT,100,100,RANDOM,8
33,3400,11.143401384353638,108306,108323.51,0,0.38,0.25,20,ONE_POINT,100,100,RANDOM,8
34,3500,11.49967885017395,107814,107839.96,0,0.38,0.25,20,ONE_POINT,100,100,RANDOM,8
35,3600,11.818683385848999,107549,107562.25,0,0.38,0.25,20,ONE_POINT,100,100,RANDOM,8
36,3700,12.119773149490356,106806,106835.72,0,0.38,0.25,20,ONE_POINT,100,100,RANDOM,8
37,3800,12.477050065994263,106575,106588.86,0,0.38,0.25,20,ONE_POINT,100,100,RANDOM,8
38,3900,12.80455231666565,105955,105979.88,0,0.38,0.25,20,ONE_POINT,100,100,RANDOM,8
39,4000,13.116284370422363,105070,105122.64,0,0.38,0.25,20,ONE_POINT,100,100,RANDOM,8
40,4100,13.451829433441162,104903,104957.86,0,0.38,0.25,20,ONE_POINT,100,100,RANDOM,8
41,4200,13.795442819595337,104036,104062.86,0,0.38,0.25,20,ONE_POINT,100,100,RANDOM,8
42,4300,14.143976926803589,103689,103702.74,0,0.38,0.25,20,ONE_POINT,100,100,RANDOM,8
43,4400,14.490680694580078,103285,103301.16,0,0.38,0.25,20,ONE_POINT,100,100,RANDOM,8
44,4500,14.831477642059326,103075,103090.36,0,0.38,0.25,20,ONE_POINT,100,100,RANDOM,8
45,4600,15.18039846420288,102313,102368.3,0,0.38,0.25,20,ONE_POINT,100,100,RANDOM,8
46,4700,15.525431871414185,101993,102009.0,0,0.38,0.25,20,ONE_POINT,100,100,RANDOM,8
47,4800,15.893239259719849,101812,101897.73,0,0.38,0.25,20,ONE_POINT,100,100,RANDOM,8
48,4900,16.22260093688965,101400,101414.52,0,0.38,0.25,20,ONE_POINT,100,100,RANDOM,8
49,5000,16.54032874107361,100944,100964.57,0,0.38,0.25,20,ONE_POINT,100,100,RANDOM,8
50,5100,16.885762691497803,100638,100650.37,0,0.38,0.25,20,ONE_POINT,100,100,RANDOM,8
51,5200,17.21824073791504,100357,100376.8,0,0.38,0.25,20,ONE_POINT,100,100,RANDOM,8
52,5300,17.540460348129272,100029,100045.53,0,0.38,0.25,20,ONE_POINT,100,100,RANDOM,8
53,5400,17.883325576782227,99724,99736.84,0,0.38,0.25,20,ONE_POINT,100,100,RANDOM,8
54,5500,18.213335514068604,99507,99525.59,0,0.38,0.25,20,ONE_POINT,100,100,RANDOM,8
55,5600,18.522666931152344,98855,98880.46,0,0.38,0.25,20,ONE_POINT,100,100,RANDOM,8
56,5700,18.838250160217285,98592,98613.84,0,0.38,0.25,20,ONE_POINT,100,100,RANDOM,8
57,5800,19.19973134994507,98390,98401.63,0,0.38,0.25,20,ONE_POINT,100,100,RANDOM,8
58,5900,19.54608678817749,97977,98012.35,0,0.38,0.25,20,ONE_POINT,100,100,RANDOM,8
59,6000,19.844793558120728,97598,97650.04,0,0.38,0.25,20,ONE_POINT,100,100,RANDOM,8
60,6100,20.188061475753784,97343,97355.79,0,0.38,0.25,20,ONE_POINT,100,100,RANDOM,8
61,6200,20.52618718147278,97138,97194.55,0,0.38,0.25,20,ONE_POINT,100,100,RANDOM,8
62,6300,20.85384774208069,96866,96886.5,0,0.38,0.25,20,ONE_POINT,100,100,RANDOM,8
63,6400,21.151273727416992,96423,96449.92,0,0.38,0.25,20,ONE_POINT,100,100,RANDOM,8
64,6500,21.463600635528564,96167,96183.43,0,0.38,0.25,20,ONE_POINT,100,100,RANDOM,8
65,6600,21.803145170211792,96010,96029.88,0,0.38,0.25,20,ONE_POINT,100,100,RANDOM,8
66,6700,22.14642357826233,95481,95502.16,0,0.38,0.25,20,ONE_POINT,100,100,RANDOM,8
67,6800,22.4547278881073,95327,95336.24,0,0.38,0.25,20,ONE_POINT,100,100,RANDOM,8
68,6900,22.811115741729736,95054,95114.86,0,0.38,0.25,20,ONE_POINT,100,100,RANDOM,8
69,7000,23.13676118850708,94741,94754.49,0,0.38,0.25,20,ONE_POINT,100,100,RANDOM,8
70,7100,23.457960844039917,94568,94577.26,0,0.38,0.25,20,ONE_POINT,100,100,RANDOM,8
71,7200,23.814257621765137,94425,94440.46,0,0.38,0.25,20,ONE_POINT,100,100,RANDOM,8
72,7300,24.166686058044434,94128,94195.82,0,0.38,0.25,20,ONE_POINT,100,100,RANDOM,8
73,7400,24.48749303817749,93598,93619.14,0,0.38,0.25,20,ONE_POINT,100,100,RANDOM,8
74,7500,24.796802282333374,93357,93368.23,0,0.38,0.25,20,ONE_POINT,100,100,RANDOM,8
75,7600,25.1372811794281,93132,93165.63,0,0.38,0.25,20,ONE_POINT,100,100,RANDOM,8
76,7700,25.446650981903076,92812,92830.31,0,0.38,0.25,20,ONE_POINT,100,100,RANDOM,8
77,7800,25.778189420700073,92399,92440.6,0,0.38,0.25,20,ONE_POINT,100,100,RANDOM,8
78,7900,26.089071035385132,92041,92060.29,0,0.38,0.25,20,ONE_POINT,100,100,RANDOM,8
79,8000,26.438392877578735,91437,91502.42,0,0.38,0.25,20,ONE_POINT,100,100,RANDOM,8
80,8100,26.770162343978882,91020,91036.67,0,0.38,0.25,20,ONE_POINT,100,100,RANDOM,8
81,8200,27.138455390930176,90762,90776.94,0,0.38,0.25,20,ONE_POINT,100,100,RANDOM,8
82,8300,27.46892237663269,90357,90379.2,0,0.38,0.25,20,ONE_POINT,100,100,RANDOM,8
83,8400,27.850243091583252,90151,90176.65,0,0.38,0.25,20,ONE_POINT,100,100,RANDOM,8
84,8500,28.18670415878296,89699,89732.2,0,0.38,0.25,20,ONE_POINT,100,100,RANDOM,8
85,8600,28.529040575027466,89497,89507.1,0,0.38,0.25,20,ONE_POINT,100,100,RANDOM,8
86,8700,28.83537769317627,89245,89257.26,0,0.38,0.25,20,ONE_POINT,100,100,RANDOM,8
87,8800,29.1577787399292,88944,88959.05,0,0.38,0.25,20,ONE_POINT,100,100,RANDOM,8
88,8900,29.485334157943726,88856,88861.68,0,0.38,0.25,20,ONE_POINT,100,100,RANDOM,8
89,9000,29.831900358200073,88678,88689.0,0,0.38,0.25,20,ONE_POINT,100,100,RANDOM,8
90,9100,30.159364700317383,88482,88493.35,0,0.38,0.25,20,ONE_POINT,100,100,RANDOM,8
91,9200,30.49924111366272,88076,88096.3,0,0.38,0.25,20,ONE_POINT,100,100,RANDOM,8
92,9300,30.865758657455444,87874,87888.0,0,0.38,0.25,20,ONE_POINT,100,100,RANDOM,8
93,9400,31.19504141807556,87715,87752.37,0,0.38,0.25,20,ONE_POINT,100,100,RANDOM,8
94,9500,31.513315677642822,87467,87482.63,0,0.38,0.25,20,ONE_POINT,100,100,RANDOM,8
95,9600,31.84694480895996,87175,87196.59,0,0.38,0.25,20,ONE_POINT,100,100,RANDOM,8
96,9700,32.21590733528137,86761,86780.4,0,0.38,0.25,20,ONE_POINT,100,100,RANDOM,8
97,9800,32.517959117889404,86343,86373.07,0,0.38,0.25,20,ONE_POINT,100,100,RANDOM,8
98,9900,32.81646513938904,86106,86120.12,0,0.38,0.25,20,ONE_POINT,100,100,RANDOM,8
99,10000,33.15783715248108,85885,85921.77,0,0.38,0.25,20,ONE_POINT,100,100,RANDOM,8
100,10100,33.494736433029175,85585,85615.38,0,0.38,0.25,20,ONE_POINT,100,100,RANDOM,8
101,10200,33.81203103065491,85406,85424.53,0,0.38,0.25,20,ONE_POINT,100,100,RANDOM,8
102,10300,34.13587522506714,85215,85224.17,0,0.38,0.25,20,ONE_POINT,100,100,RANDOM,8
103,10400,34.50488066673279,85070,85112.8,0,0.38,0.25,20,ONE_POINT,100,100,RANDOM,8
104,10500,34.838343381881714,84870,84885.81,0,0.38,0.25,20,ONE_POINT,100,100,RANDOM,8
105,10600,35.21901226043701,84649,84661.02,0,0.38,0.25,20,ONE_POINT,100,100,RANDOM,8
106,10700,35.61010813713074,84479,84521.67,0,0.38,0.25,20,ONE_POINT,100,100,RANDOM,8
107,10800,35.936962842941284,84178,84203.09,0,0.38,0.25,20,ONE_POINT,100,100,RANDOM,8
108,10900,36.23679041862488,83950,84029.45,0,0.38,0.25,20,ONE_POINT,100,100,RANDOM,8
109,11000,36.56349563598633,82974,83003.28,0,0.38,0.25,20,ONE_POINT,100,100,RANDOM,8
110,11100,36.87012696266174,82698,82737.76,0,0.38,0.25,20,ONE_POINT,100,100,RANDOM,8
111,11200,37.20790648460388,82449,82460.9,0,0.38,0.25,20,ONE_POINT,100,100,RANDOM,8
112,11300,37.55544877052307,82289,82316.48,0,0.38,0.25,20,ONE_POINT,100,100,RANDOM,8
113,11400,37.8801543712616,82075,82088.17,0,0.38,0.25,20,ONE_POINT,100,100,RANDOM,8
114,11500,38.208696603775024,81775,81792.62,0,0.38,0.25,20,ONE_POINT,100,100,RANDOM,8
115,11600,38.54869484901428,81616,81625.6,0,0.38,0.25,20,ONE_POINT,100,100,RANDOM,8
116,11700,38.880332708358765,81405,81418.18,0,0.38,0.25,20,ONE_POINT,100,100,RANDOM,8
117,11800,39.21432065963745,81050,81088.24,0,0.38,0.25,20,ONE_POINT,100,100,RANDOM,8
118,11900,39.582252740859985,80651,80666.64,0,0.38,0.25,20,ONE_POINT,100,100,RANDOM,8
119,12000,39.93623375892639,80286,80315.88,0,0.38,0.25,20,ONE_POINT,100,100,RANDOM,8
120,12100,40.28899574279785,80054,80100.75,0,0.38,0.25,20,ONE_POINT,100,100,RANDOM,8
121,12200,40.625641107559204,79799,79813.04,0,0.38,0.25,20,ONE_POINT,100,100,RANDOM,8
122,12300,40.965015172958374,79672,79679.62,0,0.38,0.25,20,ONE_POINT,100,100,RANDOM,8
123,12400,41.31084179878235,79507,79514.34,0,0.38,0.25,20,ONE_POINT,100,100,RANDOM,8
124,12500,41.66840195655823,79075,79097.41,0,0.38,0.25,20,ONE_POINT,100,100,RANDOM,8
125,12600,41.97875094413757,78687,78705.27,0,0.38,0.25,20,ONE_POINT,100,100,RANDOM,8
126,12700,42.30899477005005,78511,78521.64,0,0.38,0.25,20,ONE_POINT,100,100,RANDOM,8
127,12800,42.66291952133179,78285,78295.07,0,0.38,0.25,20,ONE_POINT,100,100,RANDOM,8
128,12900,43.02979755401611,77840,77862.85,0,0.38,0.25,20,ONE_POINT,100,100,RANDOM,8
129,13000,43.33874249458313,77342,77400.64,0,0.38,0.25,20,ONE_POINT,100,100,RANDOM,8
130,13100,43.69869112968445,77135,77193.63,0,0.38,0.25,20,ONE_POINT,100,100,RANDOM,8
131,13200,44.0128128528595,76936,76951.38,0,0.38,0.25,20,ONE_POINT,100,100,RANDOM,8
132,13300,44.31383228302002,76656,76695.65,0,0.38,0.25,20,ONE_POINT,100,100,RANDOM,8
133,13400,44.65910029411316,76379,76400.66,0,0.38,0.25,20,ONE_POINT,100,100,RANDOM,8
134,13500,44.96673274040222,76176,76229.73,0,0.38,0.25,20,ONE_POINT,100,100,RANDOM,8
135,13600,45.324583292007446,75965,75973.44,0,0.38,0.25,20,ONE_POINT,100,100,RANDOM,8
136,13700,45.700900077819824,75835,75880.75,0,0.38,0.25,20,ONE_POINT,100,100,RANDOM,8
137,13800,46.069194078445435,75731,75812.84,0,0.38,0.25,20,ONE_POINT,100,100,RANDOM,8
138,13900,46.392741441726685,75645,75693.07,0,0.38,0.25,20,ONE_POINT,100,100,RANDOM,8
139,14000,46.72700309753418,75435,75445.5,0,0.38,0.25,20,ONE_POINT,100,100,RANDOM,8
140,14100,47.04813075065613,75191,75200.76,0,0.38,0.25,20,ONE_POINT,100,100,RANDOM,8
141,14200,47.41429948806763,74902,74924.08,0,0.38,0.25,20,ONE_POINT,100,100,RANDOM,8
142,14300,47.79519724845886,74726,74746.13,0,0.38,0.25,20,ONE_POINT,100,100,RANDOM,8
143,14400,48.16395974159241,74383,74412.91,0,0.38,0.25,20,ONE_POINT,100,100,RANDOM,8
144,14500,48.49317264556885,74094,74120.55,0,0.38,0.25,20,ONE_POINT,100,100,RANDOM,8
145,14600,48.84506058692932,73923,73930.27,0,0.38,0.25,20,ONE_POINT,100,100,RANDOM,8
146,14700,49.16515064239502,73459,73524.18,0,0.38,0.25,20,ONE_POINT,100,100,RANDOM,8
147,14800,49.52405500411987,73186,73242.72,0,0.38,0.25,20,ONE_POINT,100,100,RANDOM,8
148,14900,49.85085964202881,72920,72930.51,0,0.38,0.25,20,ONE_POINT,100,100,RANDOM,8
149,15000,50.155109882354736,72548,72581.23,0,0.38,0.25,20,ONE_POINT,100,100,RANDOM,8
150,15100,50.450363874435425,72128,72147.82,0,0.38,0.25,20,ONE_POINT,100,100,RANDOM,8
151,15200,50.75946593284607,71808,71824.57,0,0.38,0.25,20,ONE_POINT,100,100,RANDOM,8
152,15300,51.119203090667725,71670,71679.77,0,0.38,0.25,20,ONE_POINT,100,100,RANDOM,8
153,15400,51.47015333175659,71394,71519.12,0,0.38,0.25,20,ONE_POINT,100,100,RANDOM,8
154,15500,51.8491153717041,71216,71256.35,0,0.38,0.25,20,ONE_POINT,100,100,RANDOM,8
155,15600,52.15297842025757,70901,70955.0,0,0.38,0.25,20,ONE_POINT,100,100,RANDOM,8
156,15700,52.471781492233276,70802,70830.94,0,0.38,0.25,20,ONE_POINT,100,100,RANDOM,8
157,15800,52.82327103614807,70727,70778.47,0,0.38,0.25,20,ONE_POINT,100,100,RANDOM,8
158,15900,53.16181182861328,70464,70480.21,0,0.38,0.25,20,ONE_POINT,100,100,RANDOM,8
159,16000,53.4760856628418,70343,70375.98,0,0.38,0.25,20,ONE_POINT,100,100,RANDOM,8
160,16100,53.81460642814636,70095,70147.8,0,0.38,0.25,20,ONE_POINT,100,100,RANDOM,8
161,16200,54.143123149871826,69932,69942.7,0,0.38,0.25,20,ONE_POINT,100,100,RANDOM,8
162,16300,54.4571647644043,69702,69721.82,0,0.38,0.25,20,ONE_POINT,100,100,RANDOM,8
163,16400,54.79880952835083,69598,69609.82,0,0.38,0.25,20,ONE_POINT,100,100,RANDOM,8
164,16500,55.10319781303406,69459,69477.99,0,0.38,0.25,20,ONE_POINT,100,100,RANDOM,8
165,16600,55.439152002334595,69337,69433.16,0,0.38,0.25,20,ONE_POINT,100,100,RANDOM,8
166,16700,55.784969329833984,69167,69202.91,0,0.38,0.25,20,ONE_POINT,100,100,RANDOM,8
167,16800,56.10372281074524,68880,68903.86,0,0.38,0.25,20,ONE_POINT,100,100,RANDOM,8
168,16900,56.444870710372925,68591,68608.2,0,0.38,0.25,20,ONE_POINT,100,100,RANDOM,8
169,17000,56.74701476097107,68417,68429.66,0,0.38,0.25,20,ONE_POINT,100,100,RANDOM,8
170,17100,57.06428813934326,68283,68325.11,0,0.38,0.25,20,ONE_POINT,100,100,RANDOM,8
171,17200,57.374123334884644,68174,68180.75,0,0.38,0.25,20,ONE_POINT,100,100,RANDOM,8
172,17300,57.687413692474365,68011,68027.82,0,0.38,0.25,20,ONE_POINT,100,100,RANDOM,8
173,17400,58.010528326034546,67776,67798.79,0,0.38,0.25,20,ONE_POINT,100,100,RANDOM,8
174,17500,58.343384742736816,67553,67570.36,0,0.38,0.25,20,ONE_POINT,100,100,RANDOM,8
175,17600,58.65918493270874,67381,67412.91,0,0.38,0.25,20,ONE_POINT,100,100,RANDOM,8
176,17700,59.01053214073181,67096,67107.4,0,0.38,0.25,20,ONE_POINT,100,100,RANDOM,8
177,17800,59.35366344451904,66927,66990.47,0,0.38,0.25,20,ONE_POINT,100,100,RANDOM,8
178,17900,59.68751525878906,66697,66720.72,0,0.38,0.25,20,ONE_POINT,100,100,RANDOM,8
179,18000,60.05244421958923,66511,66521.84,0,0.38,0.25,20,ONE_POINT,100,100,RANDOM,8
180,18100,60.396578311920166,66390,66435.91,0,0.38,0.25,20,ONE_POINT,100,100,RANDOM,8
181,18200,60.731383085250854,66288,66294.12,0,0.38,0.25,20,ONE_POINT,100,100,RANDOM,8
182,18300,61.04665470123291,66069,66082.67,0,0.38,0.25,20,ONE_POINT,100,100,RANDOM,8
183,18400,61.3935284614563,65854,65872.61,0,0.38,0.25,20,ONE_POINT,100,100,RANDOM,8
184,18500,61.74180817604065,65549,65613.59,0,0.38,0.25,20,ONE_POINT,100,100,RANDOM,8
185,18600,62.11601734161377,65462,65467.33,0,0.38,0.25,20,ONE_POINT,100,100,RANDOM,8
186,18700,62.440515756607056,65337,65347.62,0,0.38,0.25,20,ONE_POINT,100,100,RANDOM,8
187,18800,62.768837690353394,65184,65209.23,0,0.38,0.25,20,ONE_POINT,100,100,RANDOM,8
188,18900,63.11013388633728,65116,65147.09,0,0.38,0.25,20,ONE_POINT,100,100,RANDOM,8
189,19000,63.45274591445923,64977,64993.23,0,0.38,0.25,20,ONE_POINT,100,100,RANDOM,8
190,19100,63.79143452644348,64723,64737.19,0,0.38,0.25,20,ONE_POINT,100,100,RANDOM,8
191,19200,64.10435605049133,64450,64476.14,0,0.38,0.25,20,ONE_POINT,100,100,RANDOM,8
192,19300,64.4343466758728,64212,64229.28,0,0.38,0.25,20,ONE_POINT,100,100,RANDOM,8
193,19400,64.7601842880249,64124,64130.43,0,0.38,0.25,20,ONE_POINT,100,100,RANDOM,8
194,19500,65.09614324569702,64035,64040.89,0,0.38,0.25,20,ONE_POINT,100,100,RANDOM,8
195,19600,65.43227171897888,63815,63830.42,0,0.38,0.25,20,ONE_POINT,100,100,RANDOM,8
196,19700,65.79321527481079,63592,63608.66,0,0.38,0.25,20,ONE_POINT,100,100,RANDOM,8
197,19800,66.09453010559082,63304,63315.52,0,0.38,0.25,20,ONE_POINT,100,100,RANDOM,8
198,19900,66.43746328353882,63205,63213.76,0,0.38,0.25,20,ONE_POINT,100,100,RANDOM,8
199,20000,66.79246807098389,63097,63106.43,0,0.38,0.25,20,ONE_POINT,100,100,RANDOM,8
200,20100,67.14979338645935,62968,62979.08,0,0.38,0.25,20,ONE_POINT,100,100,RANDOM,8
201,20200,67.48787379264832,62819,62830.02,0,0.38,0.25,20,ONE_POINT,100,100,RANDOM,8
202,20300,67.83112120628357,62720,62726.93,0,0.38,0.25,20,ONE_POINT,100,100,RANDOM,8
203,20400,68.20532989501953,62587,62596.13,0,0.38,0.25,20,ONE_POINT,100,100,RANDOM,8
204,20500,68.5894227027893,62460,62479.67,0,0.38,0.25,20,ONE_POINT,100,100,RANDOM,8
205,20600,68.97941303253174,62230,62248.32,0,0.38,0.25,20,ONE_POINT,100,100,RANDOM,8
206,20700,69.34168934822083,62064,62120.21,0,0.38,0.25,20,ONE_POINT,100,100,RANDOM,8
207,20800,69.67303371429443,61990,62001.12,0,0.38,0.25,20,ONE_POINT,100,100,RANDOM,8
208,20900,70.02114367485046,61853,61860.29,0,0.38,0.25,20,ONE_POINT,100,100,RANDOM,8
209,21000,70.36321997642517,61739,61748.08,0,0.38,0.25,20,ONE_POINT,100,100,RANDOM,8
210,21100,70.70570850372314,61634,61641.9,0,0.38,0.25,20,ONE_POINT,100,100,RANDOM,8
211,21200,71.04759049415588,61452,61462.92,0,0.38,0.25,20,ONE_POINT,100,100,RANDOM,8
212,21300,71.3602979183197,61289,61300.93,0,0.38,0.25,20,ONE_POINT,100,100,RANDOM,8
213,21400,71.69588875770569,61201,61208.11,0,0.38,0.25,20,ONE_POINT,100,100,RANDOM,8
214,21500,72.05373787879944,61133,61139.38,0,0.38,0.25,20,ONE_POINT,100,100,RANDOM,8
215,21600,72.40787100791931,61054,61062.3,0,0.38,0.25,20,ONE_POINT,100,100,RANDOM,8
216,21700,72.71758460998535,60932,60940.57,0,0.38,0.25,20,ONE_POINT,100,100,RANDOM,8
217,21800,73.06477332115173,60824,60845.29,0,0.38,0.25,20,ONE_POINT,100,100,RANDOM,8
218,21900,73.39951872825623,60793,60798.79,0,0.38,0.25,20,ONE_POINT,100,100,RANDOM,8
219,22000,73.72415399551392,60586,60605.55,0,0.38,0.25,20,ONE_POINT,100,100,RANDOM,8
220,22100,74.03589701652527,60380,60398.5,0,0.38,0.25,20,ONE_POINT,100,100,RANDOM,8
221,22200,74.34465074539185,60261,60267.27,0,0.38,0.25,20,ONE_POINT,100,100,RANDOM,8
222,22300,74.65961456298828,60151,60162.74,0,0.38,0.25,20,ONE_POINT,100,100,RANDOM,8
223,22400,74.96570158004761,60055,60061.22,0,0.38,0.25,20,ONE_POINT,100,100,RANDOM,8
224,22500,75.30113673210144,59705,59727.97,0,0.38,0.25,20,ONE_POINT,100,100,RANDOM,8
225,22600,75.65033340454102,59609,59630.73,0,0.38,0.25,20,ONE_POINT,100,100,RANDOM,8
226,22700,76.02748370170593,59406,59437.01,0,0.38,0.25,20,ONE_POINT,100,100,RANDOM,8
227,22800,76.35549068450928,59292,59299.95,0,0.38,0.25,20,ONE_POINT,100,100,RANDOM,8
228,22900,76.6753408908844,59030,59043.63,0,0.38,0.25,20,ONE_POINT,100,100,RANDOM,8
229,23000,76.9846830368042,58902,58910.59,0,0.38,0.25,20,ONE_POINT,100,100,RANDOM,8
230,23100,77.28710460662842,58753,58761.94,0,0.38,0.25,20,ONE_POINT,100,100,RANDOM,8
231,23200,77.61230158805847,58631,58666.61,0,0.38,0.25,20,ONE_POINT,100,100,RANDOM,8
232,23300,77.96435523033142,58489,58510.74,0,0.38,0.25,20,ONE_POINT,100,100,RANDOM,8
233,23400,78.2805585861206,58310,58389.03,0,0.38,0.25,20,ONE_POINT,100,100,RANDOM,8
234,23500,78.61764979362488,58239,58244.68,0,0.38,0.25,20,ONE_POINT,100,100,RANDOM,8
235,23600,78.96435594558716,58187,58194.58,0,0.38,0.25,20,ONE_POINT,100,100,RANDOM,8
236,23700,79.2774703502655,58042,58051.84,0,0.38,0.25,20,ONE_POINT,100,100,RANDOM,8
237,23800,79.62020516395569,57882,57913.67,0,0.38,0.25,20,ONE_POINT,100,100,RANDOM,8
238,23900,79.96904683113098,57744,57761.5,0,0.38,0.25,20,ONE_POINT,100,100,RANDOM,8
239,24000,80.34953093528748,57646,57654.56,0,0.38,0.25,20,ONE_POINT,100,100,RANDOM,8
240,24100,80.70683884620667,57578,57585.03,0,0.38,0.25,20,ONE_POINT,100,100,RANDOM,8
241,24200,81.03656387329102,57459,57467.76,0,0.38,0.25,20,ONE_POINT,100,100,RANDOM,8
242,24300,81.38498377799988,57286,57298.71,0,0.38,0.25,20,ONE_POINT,100,100,RANDOM,8
243,24400,81.73692107200623,57104,57117.1,0,0.38,0.25,20,ONE_POINT,100,100,RANDOM,8
244,24500,82.07841849327087,57002,57009.95,0,0.38,0.25,20,ONE_POINT,100,100,RANDOM,8
245,24600,82.44462895393372,56583,56602.47,0,0.38,0.25,20,ONE_POINT,100,100,RANDOM,8
246,24700,82.78618168830872,56006,56029.54,0,0.38,0.25,20,ONE_POINT,100,100,RANDOM,8
247,24800,83.14397430419922,55904,55923.41,0,0.38,0.25,20,ONE_POINT,100,100,RANDOM,8
248,24900,83.47714257240295,55767,55777.35,0,0.38,0.25,20,ONE_POINT,100,100,RANDOM,8
249,25000,83.85240030288696,55547,55561.57,0,0.38,0.25,20,ONE_POINT,100,100,RANDOM,8
250,25100,84.19539427757263,55465,55471.99,0,0.38,0.25,20,ONE_POINT,100,100,RANDOM,8
251,25200,84.52224779129028,55376,55384.65,0,0.38,0.25,20,ONE_POINT,100,100,RANDOM,8
252,25300,84.85387468338013,55239,55255.62,0,0.38,0.25,20,ONE_POINT,100,100,RANDOM,8
253,25400,85.17817187309265,55133,55143.76,0,0.38,0.25,20,ONE_POINT,100,100,RANDOM,8
254,25500,85.52658295631409,55027,55059.85,0,0.38,0.25,20,ONE_POINT,100,100,RANDOM,8
255,25600,85.86375284194946,54931,54990.83,0,0.38,0.25,20,ONE_POINT,100,100,RANDOM,8
256,25700,86.18863034248352,54822,54840.85,0,0.38,0.25,20,ONE_POINT,100,100,RANDOM,8
257,25800,86.49500942230225,54749,54754.84,0,0.38,0.25,20,ONE_POINT,100,100,RANDOM,8
258,25900,86.80192995071411,54689,54694.4,0,0.38,0.25,20,ONE_POINT,100,100,RANDOM,8
259,26000,87.11333346366882,54574,54581.5,0,0.38,0.25,20,ONE_POINT,100,100,RANDOM,8
260,26100,87.45128130912781,54515,54543.19,0,0.38,0.25,20,ONE_POINT,100,100,RANDOM,8
261,26200,87.81138634681702,54459,54473.12,0,0.38,0.25,20,ONE_POINT,100,100,RANDOM,8
262,26300,88.13083028793335,54401,54410.98,0,0.38,0.25,20,ONE_POINT,100,100,RANDOM,8
263,26400,88.47541761398315,54251,54270.04,0,0.38,0.25,20,ONE_POINT,100,100,RANDOM,8
264,26500,88.80588817596436,54171,54188.03,0,0.38,0.25,20,ONE_POINT,100,100,RANDOM,8
265,26600,89.12623190879822,53983,53996.07,0,0.38,0.25,20,ONE_POINT,100,100,RANDOM,8
266,26700,89.44511938095093,53857,53876.62,0,0.38,0.25,20,ONE_POINT,100,100,RANDOM,8
267,26800,89.75359892845154,53671,53699.74,0,0.38,0.25,20,ONE_POINT,100,100,RANDOM,8
268,26900,90.11954116821289,53526,53535.78,0,0.38,0.25,20,ONE_POINT,100,100,RANDOM,8
269,27000,90.47473311424255,53432,53439.47,0,0.38,0.25,20,ONE_POINT,100,100,RANDOM,8
270,27100,90.79311561584473,53363,53370.27,0,0.38,0.25,20,ONE_POINT,100,100,RANDOM,8
271,27200,91.11355233192444,53300,53301.77,0,0.38,0.25,20,ONE_POINT,100,100,RANDOM,8
272,27300,91.45128178596497,53234,53240.56,0,0.38,0.25,20,ONE_POINT,100,100,RANDOM,8
273,27400,91.79922199249268,52916,52939.38,0,0.38,0.25,20,ONE_POINT,100,100,RANDOM,8
274,27500,92.11948323249817,52651,52664.25,0,0.38,0.25,20,ONE_POINT,100,100,RANDOM,8
275,27600,92.46029758453369,52597,52611.41,0,0.38,0.25,20,ONE_POINT,100,100,RANDOM,8
276,27700,92.7968864440918,52543,52551.43,0,0.38,0.25,20,ONE_POINT,100,100,RANDOM,8
277,27800,93.12442469596863,52391,52429.24,0,0.38,0.25,20,ONE_POINT,100,100,RANDOM,8
278,27900,93.48880982398987,52291,52300.52,0,0.38,0.25,20,ONE_POINT,100,100,RANDOM,8
279,28000,93.80967402458191,52169,52178.55,0,0.38,0.25,20,ONE_POINT,100,100,RANDOM,8
280,28100,94.15967512130737,52017,52026.49,0,0.38,0.25,20,ONE_POINT,100,100,RANDOM,8
281,28200,94.52362823486328,51896,51907.61,0,0.38,0.25,20,ONE_POINT,100,100,RANDOM,8
282,28300,94.89099931716919,51845,51849.96,0,0.38,0.25,20,ONE_POINT,100,100,RANDOM,8
283,28400,95.20458436012268,51591,51607.38,0,0.38,0.25,20,ONE_POINT,100,100,RANDOM,8
284,28500,95.53619289398193,51508,51518.89,0,0.38,0.25,20,ONE_POINT,100,100,RANDOM,8
285,28600,95.8539228439331,51476,51568.53,0,0.38,0.25,20,ONE_POINT,100,100,RANDOM,8
286,28700,96.2256429195404,51341,51352.7,0,0.38,0.25,20,ONE_POINT,100,100,RANDOM,8
287,28800,96.55575013160706,51248,51255.14,0,0.38,0.25,20,ONE_POINT,100,100,RANDOM,8
288,28900,96.9170093536377,51176,51193.01,0,0.38,0.25,20,ONE_POINT,100,100,RANDOM,8
289,29000,97.23835802078247,51082,51089.88,0,0.38,0.25,20,ONE_POINT,100,100,RANDOM,8
290,29100,97.57974910736084,50941,50952.79,0,0.38,0.25,20,ONE_POINT,100,100,RANDOM,8
291,29200,97.9466495513916,50830,50838.37,0,0.38,0.25,20,ONE_POINT,100,100,RANDOM,8
292,29300,98.27332544326782,50716,50726.16,0,0.38,0.25,20,ONE_POINT,100,100,RANDOM,8
293,29400,98.57997727394104,50670,50675.71,0,0.38,0.25,20,ONE_POINT,100,100,RANDOM,8
294,29500,98.88812112808228,50598,50606.39,0,0.38,0.25,20,ONE_POINT,100,100,RANDOM,8
295,29600,99.23327493667603,50540,50563.45,0,0.38,0.25,20,ONE_POINT,100,100,RANDOM,8
296,29700,99.58395409584045,50490,50494.5,0,0.38,0.25,20,ONE_POINT,100,100,RANDOM,8
297,29800,99.90861988067627,50379,50394.95,0,0.38,0.25,20,ONE_POINT,100,100,RANDOM,8
298,29900,100.24440598487854,50283,50292.34,0,0.38,0.25,20,ONE_POINT,100,100,RANDOM,8
299,30000,100.60338163375854,50224,50255.35,0,0.38,0.25,20,ONE_POINT,100,100,RANDOM,8
300,30100,100.95181798934937,50167,50175.98,0,0.38,0.25,20,ONE_POINT,100,100,RANDOM,8
301,30200,101.27948713302612,49996,50092.42,0,0.38,0.25,20,ONE_POINT,100,100,RANDOM,8
302,30300,101.67951512336731,49894,49902.33,0,0.38,0.25,20,ONE_POINT,100,100,RANDOM,8
303,30400,102.06464433670044,49762,49784.96,0,0.38,0.25,20,ONE_POINT,100,100,RANDOM,8
304,30500,102.40596914291382,49627,49642.28,0,0.38,0.25,20,ONE_POINT,100,100,RANDOM,8
305,30600,102.75691056251526,49484,49498.24,0,0.38,0.25,20,ONE_POINT,100,100,RANDOM,8
306,30700,103.10225343704224,49363,49378.48,0,0.38,0.25,20,ONE_POINT,100,100,RANDOM,8
307,30800,103.42108917236328,49286,49306.16,0,0.38,0.25,20,ONE_POINT,100,100,RANDOM,8
308,30900,103.75160646438599,49199,49220.84,0,0.38,0.25,20,ONE_POINT,100,100,RANDOM,8
309,31000,104.09307146072388,49145,49150.73,0,0.38,0.25,20,ONE_POINT,100,100,RANDOM,8
310,31100,104.43868136405945,49084,49122.66,0,0.38,0.25,20,ONE_POINT,100,100,RANDOM,8
311,31200,104.76088571548462,48952,48961.24,0,0.38,0.25,20,ONE_POINT,100,100,RANDOM,8
312,31300,105.12872552871704,48889,48895.2,0,0.38,0.25,20,ONE_POINT,100,100,RANDOM,8
313,31400,105.45221328735352,48800,48807.37,0,0.38,0.25,20,ONE_POINT,100,100,RANDOM,8
314,31500,105.7549889087677,48707,48740.57,0,0.38,0.25,20,ONE_POINT,100,100,RANDOM,8
315,31600,106.10372710227966,48595,48602.64,0,0.38,0.25,20,ONE_POINT,100,100,RANDOM,8
316,31700,106.44169926643372,48550,48575.85,0,0.38,0.25,20,ONE_POINT,100,100,RANDOM,8
317,31800,106.77341914176941,48410,48421.65,0,0.38,0.25,20,ONE_POINT,100,100,RANDOM,8
318,31900,107.07791256904602,48293,48421.44,0,0.38,0.25,20,ONE_POINT,100,100,RANDOM,8
319,32000,107.43281531333923,48217,48317.04,0,0.38,0.25,20,ONE_POINT,100,100,RANDOM,8
320,32100,107.78237795829773,48112,48134.43,0,0.38,0.25,20,ONE_POINT,100,100,RANDOM,8
321,32200,108.09902286529541,48022,48028.89,0,0.38,0.25,20,ONE_POINT,100,100,RANDOM,8
322,32300,108.45510244369507,47874,47886.0,0,0.38,0.25,20,ONE_POINT,100,100,RANDOM,8
323,32400,108.80409169197083,47784,47908.73,0,0.38,0.25,20,ONE_POINT,100,100,RANDOM,8
324,32500,109.11319661140442,47657,47668.06,0,0.38,0.25,20,ONE_POINT,100,100,RANDOM,8
325,32600,109.4402642250061,47609,47619.67,0,0.38,0.25,20,ONE_POINT,100,100,RANDOM,8
326,32700,109.75775098800659,47528,47536.69,0,0.38,0.25,20,ONE_POINT,100,100,RANDOM,8
327,32800,110.111172914505,47475,47522.21,0,0.38,0.25,20,ONE_POINT,100,100,RANDOM,8
328,32900,110.45588088035583,47379,47386.53,0,0.38,0.25,20,ONE_POINT,100,100,RANDOM,8
329,33000,110.80677771568298,47307,47333.61,0,0.38,0.25,20,ONE_POINT,100,100,RANDOM,8
330,33100,111.11517214775085,47270,47274.79,0,0.38,0.25,20,ONE_POINT,100,100,RANDOM,8
331,33200,111.47323489189148,47213,47225.06,0,0.38,0.25,20,ONE_POINT,100,100,RANDOM,8
332,33300,111.80696630477905,47185,47190.66,0,0.38,0.25,20,ONE_POINT,100,100,RANDOM,8
333,33400,112.1246645450592,47127,47144.48,0,0.38,0.25,20,ONE_POINT,100,100,RANDOM,8
334,33500,112.46457862854004,47054,47074.8,0,0.38,0.25,20,ONE_POINT,100,100,RANDOM,8
335,33600,112.78924560546875,47014,47114.98,0,0.38,0.25,20,ONE_POINT,100,100,RANDOM,8
336,33700,113.1605019569397,46887,46897.27,0,0.38,0.25,20,ONE_POINT,100,100,RANDOM,8
337,33800,113.48260569572449,46773,46790.71,0,0.38,0.25,20,ONE_POINT,100,100,RANDOM,8
338,33900,113.79437804222107,46740,46743.56,0,0.38,0.25,20,ONE_POINT,100,100,RANDOM,8
339,34000,114.09305191040039,46652,46659.63,0,0.38,0.25,20,ONE_POINT,100,100,RANDOM,8
340,34100,114.42837762832642,46589,46595.42,0,0.38,0.25,20,ONE_POINT,100,100,RANDOM,8
341,34200,114.7442536354065,46459,46469.37,0,0.38,0.25,20,ONE_POINT,100,100,RANDOM,8
342,34300,115.05672860145569,46422,46444.76,0,0.38,0.25,20,ONE_POINT,100,100,RANDOM,8
343,34400,115.42654204368591,46370,46406.15,0,0.38,0.25,20,ONE_POINT,100,100,RANDOM,8
344,34500,115.79343724250793,46290,46300.07,0,0.38,0.25,20,ONE_POINT,100,100,RANDOM,8
345,34600,116.10207295417786,46170,46190.09,0,0.38,0.25,20,ONE_POINT,100,100,RANDOM,8
346,34700,116.47627091407776,46151,46169.56,0,0.38,0.25,20,ONE_POINT,100,100,RANDOM,8
347,34800,116.82609701156616,46114,46124.87,0,0.38,0.25,20,ONE_POINT,100,100,RANDOM,8
348,34900,117.1650881767273,46024,46043.06,0,0.38,0.25,20,ONE_POINT,100,100,RANDOM,8
349,35000,117.49639296531677,45938,46035.66,0,0.38,0.25,20,ONE_POINT,100,100,RANDOM,8
350,35100,117.79881143569946,45911,45921.23,0,0.38,0.25,20,ONE_POINT,100,100,RANDOM,8
351,35200,118.13360667228699,45852,45863.77,0,0.38,0.25,20,ONE_POINT,100,100,RANDOM,8
352,35300,118.44769930839539,45823,45826.43,0,0.38,0.25,20,ONE_POINT,100,100,RANDOM,8
353,35400,118.78007006645203,45770,45796.14,0,0.38,0.25,20,ONE_POINT,100,100,RANDOM,8
354,35500,119.1280689239502,45581,45593.65,0,0.38,0.25,20,ONE_POINT,100,100,RANDOM,8
355,35600,119.4886679649353,45465,45477.85,0,0.38,0.25,20,ONE_POINT,100,100,RANDOM,8
356,35700,119.86964678764343,45384,45400.43,0,0.38,0.25,20,ONE_POINT,100,100,RANDOM,8
357,35800,120.2072811126709,45351,45354.7,0,0.38,0.25,20,ONE_POINT,100,100,RANDOM,8
358,35900,120.56883406639099,45313,45321.99,0,0.38,0.25,20,ONE_POINT,100,100,RANDOM,8
359,36000,120.91328477859497,45220,45240.65,0,0.38,0.25,20,ONE_POINT,100,100,RANDOM,8
360,36100,121.2572934627533,45168,45174.03,0,0.38,0.25,20,ONE_POINT,100,100,RANDOM,8
361,36200,121.60229110717773,45124,45133.58,0,0.38,0.25,20,ONE_POINT,100,100,RANDOM,8
362,36300,121.93378829956055,45058,45074.33,0,0.38,0.25,20,ONE_POINT,100,100,RANDOM,8
363,36400,122.24583053588867,44988,44998.82,0,0.38,0.25,20,ONE_POINT,100,100,RANDOM,8
364,36500,122.60032820701599,44940,44945.5,0,0.38,0.25,20,ONE_POINT,100,100,RANDOM,8
365,36600,122.93258118629456,44875,44890.33,0,0.38,0.25,20,ONE_POINT,100,100,RANDOM,8
366,36700,123.25911927223206,44728,44740.45,0,0.38,0.25,20,ONE_POINT,100,100,RANDOM,8
367,36800,123.61908459663391,44678,44682.34,0,0.38,0.25,20,ONE_POINT,100,100,RANDOM,8
368,36900,123.97297143936157,44589,44601.08,0,0.38,0.25,20,ONE_POINT,100,100,RANDOM,8
369,37000,124.31014657020569,44538,44544.41,0,0.38,0.25,20,ONE_POINT,100,100,RANDOM,8
370,37100,124.64616990089417,44501,44506.08,0,0.38,0.25,20,ONE_POINT,100,100,RANDOM,8
371,37200,124.9717960357666,44455,44553.28,0,0.38,0.25,20,ONE_POINT,100,100,RANDOM,8
372,37300,125.32828283309937,44440,44443.31,0,0.38,0.25,20,ONE_POINT,100,100,RANDOM,8
373,37400,125.67664408683777,44376,44384.19,0,0.38,0.25,20,ONE_POINT,100,100,RANDOM,8
374,37500,126.05622553825378,44301,44311.29,0,0.38,0.25,20,ONE_POINT,100,100,RANDOM,8
375,37600,126.40057277679443,44262,44270.44,0,0.38,0.25,20,ONE_POINT,100,100,RANDOM,8
376,37700,126.71690344810486,44233,44240.86,0,0.38,0.25,20,ONE_POINT,100,100,RANDOM,8
377,37800,127.04945373535156,44186,44191.01,0,0.38,0.25,20,ONE_POINT,100,100,RANDOM,8
378,37900,127.42168807983398,44117,44129.32,0,0.38,0.25,20,ONE_POINT,100,100,RANDOM,8
379,38000,127.787770986557,44081,44096.08,0,0.38,0.25,20,ONE_POINT,100,100,RANDOM,8
380,38100,128.1057164669037,43988,43999.67,0,0.38,0.25,20,ONE_POINT,100,100,RANDOM,8
381,38200,128.43544268608093,43951,43968.68,0,0.38,0.25,20,ONE_POINT,100,100,RANDOM,8
382,38300,128.79427313804626,43930,43936.68,0,0.38,0.25,20,ONE_POINT,100,100,RANDOM,8
383,38400,129.10783219337463,43900,43940.22,0,0.38,0.25,20,ONE_POINT,100,100,RANDOM,8
384,38500,129.48587155342102,43788,43799.67,0,0.38,0.25,20,ONE_POINT,100,100,RANDOM,8
385,38600,129.83673310279846,43712,43745.9,0,0.38,0.25,20,ONE_POINT,100,100,RANDOM,8
386,38700,130.18268942832947,43679,43683.32,0,0.38,0.25,20,ONE_POINT,100,100,RANDOM,8
387,38800,130.4953258037567,43635,43654.3,0,0.38,0.25,20,ONE_POINT,100,100,RANDOM,8
388,38900,130.82397842407227,43566,43571.52,0,0.38,0.25,20,ONE_POINT,100,100,RANDOM,8
389,39000,131.13500714302063,43515,43528.53,0,0.38,0.25,20,ONE_POINT,100,100,RANDOM,8
390,39100,131.48224687576294,43471,43491.99,0,0.38,0.25,20,ONE_POINT,100,100,RANDOM,8
391,39200,131.81301546096802,43366,43374.4,0,0.38,0.25,20,ONE_POINT,100,100,RANDOM,8
392,39300,132.1466248035431,43330,43345.11,0,0.38,0.25,20,ONE_POINT,100,100,RANDOM,8
393,39400,132.485276222229,43280,43318.57,0,0.38,0.25,20,ONE_POINT,100,100,RANDOM,8
394,39500,132.79545855522156,43229,43246.48,0,0.38,0.25,20,ONE_POINT,100,100,RANDOM,8
395,39600,133.106831073761,43165,43174.13,0,0.38,0.25,20,ONE_POINT,100,100,RANDOM,8
396,39700,133.44754934310913,43083,43115.16,0,0.38,0.25,20,ONE_POINT,100,100,RANDOM,8
397,39800,133.75207352638245,43023,43033.58,0,0.38,0.25,20,ONE_POINT,100,100,RANDOM,8
398,39900,134.10069251060486,42988,43080.32,0,0.38,0.25,20,ONE_POINT,100,100,RANDOM,8
399,40000,134.43512082099915,42922,42929.04,0,0.38,0.25,20,ONE_POINT,100,100,RANDOM,8
400,40100,134.77362322807312,42907,42914.25,0,0.38,0.25,20,ONE_POINT,100,100,RANDOM,8
401,40200,135.0973184108734,42821,42827.93,0,0.38,0.25,20,ONE_POINT,100,100,RANDOM,8
402,40300,135.42623353004456,42786,42790.22,0,0.38,0.25,20,ONE_POINT,100,100,RANDOM,8
403,40400,135.77292490005493,42720,42731.54,0,0.38,0.25,20,ONE_POINT,100,100,RANDOM,8
404,40500,136.1564507484436,42671,42679.72,0,0.38,0.25,20,ONE_POINT,100,100,RANDOM,8
405,40600,136.55890727043152,42659,42660.57,0,0.38,0.25,20,ONE_POINT,100,100,RANDOM,8
406,40700,136.93548560142517,42635,42643.55,0,0.38,0.25,20,ONE_POINT,100,100,RANDOM,8
407,40800,137.25401401519775,42554,42562.87,0,0.38,0.25,20,ONE_POINT,100,100,RANDOM,8
408,40900,137.56507921218872,42464,42482.04,0,0.38,0.25,20,ONE_POINT,100,100,RANDOM,8
409,41000,137.9026472568512,42386,42392.31,0,0.38,0.25,20,ONE_POINT,100,100,RANDOM,8
410,41100,138.2386817932129,42326,42344.96,0,0.38,0.25,20,ONE_POINT,100,100,RANDOM,8
411,41200,138.59135389328003,42247,42253.32,0,0.38,0.25,20,ONE_POINT,100,100,RANDOM,8
412,41300,138.93099212646484,42211,42217.27,0,0.38,0.25,20,ONE_POINT,100,100,RANDOM,8
413,41400,139.2693166732788,42118,42126.37,0,0.38,0.25,20,ONE_POINT,100,100,RANDOM,8
414,41500,139.60653471946716,42088,42090.14,0,0.38,0.25,20,ONE_POINT,100,100,RANDOM,8
415,41600,139.95375800132751,42030,42104.62,0,0.38,0.25,20,ONE_POINT,100,100,RANDOM,8
416,41700,140.30594682693481,41947,41954.85,0,0.38,0.25,20,ONE_POINT,100,100,RANDOM,8
417,41800,140.64839220046997,41908,41911.63,0,0.38,0.25,20,ONE_POINT,100,100,RANDOM,8
418,41900,140.9809923171997,41885,41888.69,0,0.38,0.25,20,ONE_POINT,100,100,RANDOM,8
419,42000,141.34538769721985,41744,41757.02,0,0.38,0.25,20,ONE_POINT,100,100,RANDOM,8
420,42100,141.67727088928223,41713,41718.52,0,0.38,0.25,20,ONE_POINT,100,100,RANDOM,8
421,42200,142.02540969848633,41701,41703.42,0,0.38,0.25,20,ONE_POINT,100,100,RANDOM,8
422,42300,142.36080074310303,41649,41663.52,0,0.38,0.25,20,ONE_POINT,100,100,RANDOM,8
423,42400,142.72151374816895,41541,41561.89,0,0.38,0.25,20,ONE_POINT,100,100,RANDOM,8
424,42500,143.07689881324768,41492,41527.21,0,0.38,0.25,20,ONE_POINT,100,100,RANDOM,8
425,42600,143.4085352420807,41430,41446.81,0,0.38,0.25,20,ONE_POINT,100,100,RANDOM,8
426,42700,143.7556483745575,41400,41404.7,0,0.38,0.25,20,ONE_POINT,100,100,RANDOM,8
427,42800,144.0944948196411,41342,41348.5,0,0.38,0.25,20,ONE_POINT,100,100,RANDOM,8
428,42900,144.42677116394043,41298,41307.76,0,0.38,0.25,20,ONE_POINT,100,100,RANDOM,8
429,43000,144.73704409599304,41246,41250.97,0,0.38,0.25,20,ONE_POINT,100,100,RANDOM,8
430,43100,145.0364909172058,41219,41308.85,0,0.38,0.25,20,ONE_POINT,100,100,RANDOM,8
431,43200,145.38070559501648,41188,41194.59,0,0.38,0.25,20,ONE_POINT,100,100,RANDOM,8
432,43300,145.73221278190613,41089,41096.77,0,0.38,0.25,20,ONE_POINT,100,100,RANDOM,8
433,43400,146.06110501289368,41045,41056.18,0,0.38,0.25,20,ONE_POINT,100,100,RANDOM,8
434,43500,146.39206266403198,41013,41093.37,0,0.38,0.25,20,ONE_POINT,100,100,RANDOM,8
435,43600,146.71043968200684,40977,40983.98,0,0.38,0.25,20,ONE_POINT,100,100,RANDOM,8
436,43700,147.030366897583,40917,40934.36,0,0.38,0.25,20,ONE_POINT,100,100,RANDOM,8
437,43800,147.35524463653564,40864,40871.35,0,0.38,0.25,20,ONE_POINT,100,100,RANDOM,8
438,43900,147.7323179244995,40833,40836.85,0,0.38,0.25,20,ONE_POINT,100,100,RANDOM,8
439,44000,148.0528039932251,40778,40784.0,0,0.38,0.25,20,ONE_POINT,100,100,RANDOM,8
440,44100,148.37488079071045,40700,40713.31,0,0.38,0.25,20,ONE_POINT,100,100,RANDOM,8
441,44200,148.71377801895142,40673,40680.67,0,0.38,0.25,20,ONE_POINT,100,100,RANDOM,8
442,44300,149.04521870613098,40638,40651.65,0,0.38,0.25,20,ONE_POINT,100,100,RANDOM,8
443,44400,149.38753581047058,40635,40642.76,0,0.38,0.25,20,ONE_POINT,100,100,RANDOM,8
444,44500,149.7186439037323,40579,40584.91,0,0.38,0.25,20,ONE_POINT,100,100,RANDOM,8
445,44600,150.05252861976624,40567,40605.56,0,0.38,0.25,20,ONE_POINT,100,100,RANDOM,8
446,44700,150.35763144493103,40509,40526.85,0,0.38,0.25,20,ONE_POINT,100,100,RANDOM,8
447,44800,150.70374488830566,40458,40463.13,0,0.38,0.25,20,ONE_POINT,100,100,RANDOM,8
448,44900,151.03814578056335,40423,40427.01,0,0.38,0.25,20,ONE_POINT,100,100,RANDOM,8
449,45000,151.3747580051422,40331,40339.81,0,0.38,0.25,20,ONE_POINT,100,100,RANDOM,8
450,45100,151.6979115009308,40297,40307.58,0,0.38,0.25,20,ONE_POINT,100,100,RANDOM,8
451,45200,152.08356094360352,40255,40260.28,0,0.38,0.25,20,ONE_POINT,100,100,RANDOM,8
452,45300,152.42480778694153,40191,40203.04,0,0.38,0.25,20,ONE_POINT,100,100,RANDOM,8
453,45400,152.76571464538574,40157,40215.34,0,0.38,0.25,20,ONE_POINT,100,100,RANDOM,8
454,45500,153.07287001609802,40078,40096.32,0,0.38,0.25,20,ONE_POINT,100,100,RANDOM,8
455,45600,153.4128029346466,40051,40060.45,0,0.38,0.25,20,ONE_POINT,100,100,RANDOM,8
456,45700,153.77504777908325,40024,40101.99,0,0.38,0.25,20,ONE_POINT,100,100,RANDOM,8
457,45800,154.08245611190796,40012,40016.51,0,0.38,0.25,20,ONE_POINT,100,100,RANDOM,8
458,45900,154.4190673828125,39928,39934.86,0,0.38,0.25,20,ONE_POINT,100,100,RANDOM,8
459,46000,154.73963713645935,39907,40001.78,0,0.38,0.25,20,ONE_POINT,100,100,RANDOM,8
460,46100,155.08705806732178,39846,39860.35,0,0.38,0.25,20,ONE_POINT,100,100,RANDOM,8
461,46200,155.40320205688477,39795,39802.88,0,0.38,0.25,20,ONE_POINT,100,100,RANDOM,8
462,46300,155.75497126579285,39731,39740.86,0,0.38,0.25,20,ONE_POINT,100,100,RANDOM,8
463,46400,156.0997176170349,39689,39698.25,0,0.38,0.25,20,ONE_POINT,100,100,RANDOM,8
464,46500,156.45381832122803,39609,39623.78,0,0.38,0.25,20,ONE_POINT,100,100,RANDOM,8
465,46600,156.81692457199097,39558,39563.42,0,0.38,0.25,20,ONE_POINT,100,100,RANDOM,8
466,46700,157.14617156982422,39524,39530.03,0,0.38,0.25,20,ONE_POINT,100,100,RANDOM,8
467,46800,157.49761414527893,39440,39457.13,0,0.38,0.25,20,ONE_POINT,100,100,RANDOM,8
468,46900,157.8406639099121,39356,39367.16,0,0.38,0.25,20,ONE_POINT,100,100,RANDOM,8
469,47000,158.15441823005676,39329,39339.52,0,0.38,0.25,20,ONE_POINT,100,100,RANDOM,8
470,47100,158.47012066841125,39308,39339.38,0,0.38,0.25,20,ONE_POINT,100,100,RANDOM,8
471,47200,158.8103585243225,39306,39308.01,0,0.38,0.25,20,ONE_POINT,100,100,RANDOM,8
472,47300,159.1578586101532,39283,39286.19,0,0.38,0.25,20,ONE_POINT,100,100,RANDOM,8
473,47400,159.50433802604675,39271,39280.2,0,0.38,0.25,20,ONE_POINT,100,100,RANDOM,8
474,47500,159.8538064956665,39247,39259.64,0,0.38,0.25,20,ONE_POINT,100,100,RANDOM,8
475,47600,160.18711185455322,39236,39243.08,0,0.38,0.25,20,ONE_POINT,100,100,RANDOM,8
476,47700,160.5371196269989,39210,39222.03,0,0.38,0.25,20,ONE_POINT,100,100,RANDOM,8
477,47800,160.86817145347595,39188,39229.93,0,0.38,0.25,20,ONE_POINT,100,100,RANDOM,8
478,47900,161.19191455841064,39149,39154.29,0,0.38,0.25,20,ONE_POINT,100,100,RANDOM,8
479,48000,161.52480816841125,39087,39138.0,0,0.38,0.25,20,ONE_POINT,100,100,RANDOM,8
480,48100,161.8663785457611,39024,39061.46,0,0.38,0.25,20,ONE_POINT,100,100,RANDOM,8
481,48200,162.2200436592102,39011,39013.81,0,0.38,0.25,20,ONE_POINT,100,100,RANDOM,8
482,48300,162.57989120483398,38989,39043.32,0,0.38,0.25,20,ONE_POINT,100,100,RANDOM,8
483,48400,162.90367698669434,38989,38989.0,0,0.38,0.25,20,ONE_POINT,100,100,RANDOM,8
484,48500,163.25551652908325,38959,38965.85,0,0.38,0.25,20,ONE_POINT,100,100,RANDOM,8
485,48600,163.56916332244873,38937,38943.46,0,0.38,0.25,20,ONE_POINT,100,100,RANDOM,8
486,48700,163.9033284187317,38919,38922.01,0,0.38,0.25,20,ONE_POINT,100,100,RANDOM,8
487,48800,164.23179006576538,38871,38928.53,0,0.38,0.25,20,ONE_POINT,100,100,RANDOM,8
488,48900,164.56868958473206,38863,38867.11,0,0.38,0.25,20,ONE_POINT,100,100,RANDOM,8
489,49000,164.8989098072052,38839,38843.39,0,0.38,0.25,20,ONE_POINT,100,100,RANDOM,8
490,49100,165.2591302394867,38815,38818.3,0,0.38,0.25,20,ONE_POINT,100,100,RANDOM,8
491,49200,165.5724651813507,38794,38797.39,0,0.38,0.25,20,ONE_POINT,100,100,RANDOM,8
492,49300,165.8947856426239,38786,38788.61,0,0.38,0.25,20,ONE_POINT,100,100,RANDOM,8
493,49400,166.25301456451416,38759,38766.91,0,0.38,0.25,20,ONE_POINT,100,100,RANDOM,8
494,49500,166.6352837085724,38709,38714.07,0,0.38,0.25,20,ONE_POINT,100,100,RANDOM,8
495,49600,166.96152639389038,38687,38692.05,0,0.38,0.25,20,ONE_POINT,100,100,RANDOM,8
496,49700,167.29261016845703,38674,38676.3,0,0.38,0.25,20,ONE_POINT,100,100,RANDOM,8
497,49800,167.64412379264832,38665,38684.04,0,0.38,0.25,20,ONE_POINT,100,100,RANDOM,8
498,49900,167.98136377334595,38613,38619.51,0,0.38,0.25,20,ONE_POINT,100,100,RANDOM,8
499,50000,168.35298037528992,38592,38598.96,0,0.38,0.25,20,ONE_POINT,100,100,RANDOM,8
500,50100,168.72058081626892,38564,38576.01,0,0.38,0.25,20,ONE_POINT,100,100,RANDOM,8
1,200,0.23906517028808594,128615,129134.49,0,0.38,0.25,20,ONE_POINT,100,100,RANDOM,9
2,300,0.6112415790557861,127752,127803.69,0,0.38,0.25,20,ONE_POINT,100,100,RANDOM,9
3,400,0.9434597492218018,127292,127319.25,0,0.38,0.25,20,ONE_POINT,100,100,RANDOM,9
4,500,1.3099451065063477,126726,126739.28,0,0.38,0.25,20,ONE_POINT,100,100,RANDOM,9
5,600,1.6801085472106934,125738,125765.66,0,0.38,0.25,20,ONE_POINT,100,100,RANDOM,9
6,700,1.9987435340881348,125216,125259.06,0,0.38,0.25,20,ONE_POINT,100,100,RANDOM,9
7,800,2.335500717163086,124815,124823.44,0,0.38,0.25,20,ONE_POINT,100,100,RANDOM,9
8,900,2.7007391452789307,123942,123965.02,0,0.38,0.25,20,ONE_POINT,100,100,RANDOM,9
9,1000,3.042418956756592,123496,123511.3,0,0.38,0.25,20,ONE_POINT,100,100,RANDOM,9
10,1100,3.37451434135437,123113,123129.84,0,0.38,0.25,20,ONE_POINT,100,100,RANDOM,9
11,1200,3.6950843334198,122362,122401.12,0,0.38,0.25,20,ONE_POINT,100,100,RANDOM,9
12,1300,3.9982995986938477,121954,122015.3,0,0.38,0.25,20,ONE_POINT,100,100,RANDOM,9
13,1400,4.337959289550781,121695,121705.36,0,0.38,0.25,20,ONE_POINT,100,100,RANDOM,9
14,1500,4.681488037109375,121260,121277.79,0,0.38,0.25,20,ONE_POINT,100,100,RANDOM,9
15,1600,5.036893606185913,120663,120687.92,0,0.38,0.25,20,ONE_POINT,100,100,RANDOM,9
16,1700,5.339906215667725,119985,120033.7,0,0.38,0.25,20,ONE_POINT,100,100,RANDOM,9
17,1800,5.696514368057251,118396,118448.9,0,0.38,0.25,20,ONE_POINT,100,100,RANDOM,9
18,1900,6.044420480728149,117675,117703.06,0,0.38,0.25,20,ONE_POINT,100,100,RANDOM,9
19,2000,6.376861810684204,117229,117266.69,0,0.38,0.25,20,ONE_POINT,100,100,RANDOM,9
20,2100,6.687641382217407,116868,116889.85,0,0.38,0.25,20,ONE_POINT,100,100,RANDOM,9
21,2200,7.008198022842407,116191,116217.64,0,0.38,0.25,20,ONE_POINT,100,100,RANDOM,9
22,2300,7.376599550247192,115644,115665.67,0,0.38,0.25,20,ONE_POINT,100,100,RANDOM,9
23,2400,7.731391191482544,114053,114083.47,0,0.38,0.25,20,ONE_POINT,100,100,RANDOM,9
24,2500,8.068854331970215,113483,113505.8,0,0.38,0.25,20,ONE_POINT,100,100,RANDOM,9
25,2600,8.411396741867065,113045,113071.28,0,0.38,0.25,20,ONE_POINT,100,100,RANDOM,9
26,2700,8.726472854614258,112286,112318.2,0,0.38,0.25,20,ONE_POINT,100,100,RANDOM,9
27,2800,9.081786394119263,111929,111950.58,0,0.38,0.25,20,ONE_POINT,100,100,RANDOM,9
28,2900,9.425611734390259,111580,111599.74,0,0.38,0.25,20,ONE_POINT,100,100,RANDOM,9
29,3000,9.784960269927979,111280,111309.59,0,0.38,0.25,20,ONE_POINT,100,100,RANDOM,9
30,3100,10.129974126815796,110810,110830.92,0,0.38,0.25,20,ONE_POINT,100,100,RANDOM,9
31,3200,10.50122594833374,110597,110611.87,0,0.38,0.25,20,ONE_POINT,100,100,RANDOM,9
32,3300,10.8556649684906,110265,110311.53,0,0.38,0.25,20,ONE_POINT,100,100,RANDOM,9
33,3400,11.18316650390625,109759,109833.99,0,0.38,0.25,20,ONE_POINT,100,100,RANDOM,9
34,3500,11.510665893554688,108931,108964.56,0,0.38,0.25,20,ONE_POINT,100,100,RANDOM,9
35,3600,11.846120119094849,108511,108552.27,0,0.38,0.25,20,ONE_POINT,100,100,RANDOM,9
36,3700,12.193461179733276,108272,108285.42,0,0.38,0.25,20,ONE_POINT,100,100,RANDOM,9
37,3800,12.500954389572144,107979,107987.88,0,0.38,0.25,20,ONE_POINT,100,100,RANDOM,9
38,3900,12.836395025253296,106808,106844.68,0,0.38,0.25,20,ONE_POINT,100,100,RANDOM,9
39,4000,13.179642915725708,106277,106298.24,0,0.38,0.25,20,ONE_POINT,100,100,RANDOM,9
40,4100,13.520503044128418,105774,105813.63,0,0.38,0.25,20,ONE_POINT,100,100,RANDOM,9
41,4200,13.841546297073364,105642,105649.49,0,0.38,0.25,20,ONE_POINT,100,100,RANDOM,9
42,4300,14.17874550819397,105193,105214.3,0,0.38,0.25,20,ONE_POINT,100,100,RANDOM,9
43,4400,14.522693872451782,104521,104548.01,0,0.38,0.25,20,ONE_POINT,100,100,RANDOM,9
44,4500,14.86220932006836,104158,104183.84,0,0.38,0.25,20,ONE_POINT,100,100,RANDOM,9
45,4600,15.170223474502563,103840,103852.55,0,0.38,0.25,20,ONE_POINT,100,100,RANDOM,9
46,4700,15.534374952316284,102811,102861.65,0,0.38,0.25,20,ONE_POINT,100,100,RANDOM,9
47,4800,15.832492113113403,102500,102546.46,0,0.38,0.25,20,ONE_POINT,100,100,RANDOM,9
48,4900,16.2077317237854,101865,101886.68,0,0.38,0.25,20,ONE_POINT,100,100,RANDOM,9
49,5000,16.557745933532715,101532,101560.99,0,0.38,0.25,20,ONE_POINT,100,100,RANDOM,9
50,5100,16.891257524490356,101172,101192.26,0,0.38,0.25,20,ONE_POINT,100,100,RANDOM,9
51,5200,17.245781183242798,100817,100851.46,0,0.38,0.25,20,ONE_POINT,100,100,RANDOM,9
52,5300,17.59728765487671,100665,100692.4,0,0.38,0.25,20,ONE_POINT,100,100,RANDOM,9
53,5400,17.91956377029419,100409,100423.32,0,0.38,0.25,20,ONE_POINT,100,100,RANDOM,9
54,5500,18.27499270439148,100088,100100.12,0,0.38,0.25,20,ONE_POINT,100,100,RANDOM,9
55,5600,18.616973876953125,99747,99851.78,0,0.38,0.25,20,ONE_POINT,100,100,RANDOM,9
56,5700,18.959301948547363,99565,99579.1,0,0.38,0.25,20,ONE_POINT,100,100,RANDOM,9
57,5800,19.319870471954346,99179,99201.72,0,0.38,0.25,20,ONE_POINT,100,100,RANDOM,9
58,5900,19.63160514831543,98852,98872.21,0,0.38,0.25,20,ONE_POINT,100,100,RANDOM,9
59,6000,19.97072172164917,98603,98625.31,0,0.38,0.25,20,ONE_POINT,100,100,RANDOM,9
60,6100,20.32382321357727,98334,98353.11,0,0.38,0.25,20,ONE_POINT,100,100,RANDOM,9
61,6200,20.639738082885742,98022,98111.8,0,0.38,0.25,20,ONE_POINT,100,100,RANDOM,9
62,6300,20.9610812664032,97547,97572.84,0,0.38,0.25,20,ONE_POINT,100,100,RANDOM,9
63,6400,21.298921585083008,97276,97303.96,0,0.38,0.25,20,ONE_POINT,100,100,RANDOM,9
64,6500,21.651593446731567,96986,97008.71,0,0.38,0.25,20,ONE_POINT,100,100,RANDOM,9
65,6600,21.984429836273193,96574,96600.34,0,0.38,0.25,20,ONE_POINT,100,100,RANDOM,9
66,6700,22.312833309173584,96122,96139.1,0,0.38,0.25,20,ONE_POINT,100,100,RANDOM,9
67,6800,22.653459787368774,95909,95970.3,0,0.38,0.25,20,ONE_POINT,100,100,RANDOM,9
68,6900,22.9862163066864,95505,95550.18,0,0.38,0.25,20,ONE_POINT,100,100,RANDOM,9
69,7000,23.317031383514404,95303,95330.86,0,0.38,0.25,20,ONE_POINT,100,100,RANDOM,9
70,7100,23.619027853012085,95115,95155.6,0,0.38,0.25,20,ONE_POINT,100,100,RANDOM,9
71,7200,23.930201768875122,94926,94946.27,0,0.38,0.25,20,ONE_POINT,100,100,RANDOM,9
72,7300,24.250689268112183,94652,94682.18,0,0.38,0.25,20,ONE_POINT,100,100,RANDOM,9
73,7400,24.61156964302063,94475,94487.44,0,0.38,0.25,20,ONE_POINT,100,100,RANDOM,9
74,7500,24.957559823989868,94212,94227.62,0,0.38,0.25,20,ONE_POINT,100,100,RANDOM,9
75,7600,25.31784224510193,94038,94045.4,0,0.38,0.25,20,ONE_POINT,100,100,RANDOM,9
76,7700,25.627248287200928,93717,93729.52,0,0.38,0.25,20,ONE_POINT,100,100,RANDOM,9
77,7800,25.979555130004883,93510,93529.22,0,0.38,0.25,20,ONE_POINT,100,100,RANDOM,9
78,7900,26.355493307113647,92823,92845.05,0,0.38,0.25,20,ONE_POINT,100,100,RANDOM,9
79,8000,26.65899920463562,91575,91598.89,0,0.38,0.25,20,ONE_POINT,100,100,RANDOM,9
80,8100,26.955496311187744,91238,91250.78,0,0.38,0.25,20,ONE_POINT,100,100,RANDOM,9
81,8200,27.290369749069214,90975,90987.74,0,0.38,0.25,20,ONE_POINT,100,100,RANDOM,9
82,8300,27.598361253738403,90488,90507.5,0,0.38,0.25,20,ONE_POINT,100,100,RANDOM,9
83,8400,27.90566396713257,90027,90074.56,0,0.38,0.25,20,ONE_POINT,100,100,RANDOM,9
84,8500,28.29680109024048,89658,89680.14,0,0.38,0.25,20,ONE_POINT,100,100,RANDOM,9
85,8600,28.59790015220642,89322,89462.2,0,0.38,0.25,20,ONE_POINT,100,100,RANDOM,9
86,8700,28.937617540359497,88815,88925.45,0,0.38,0.25,20,ONE_POINT,100,100,RANDOM,9
87,8800,29.28524923324585,88489,88505.17,0,0.38,0.25,20,ONE_POINT,100,100,RANDOM,9
88,8900,29.588297843933105,88214,88230.39,0,0.38,0.25,20,ONE_POINT,100,100,RANDOM,9
89,9000,29.911054611206055,87695,87781.85,0,0.38,0.25,20,ONE_POINT,100,100,RANDOM,9
90,9100,30.27057909965515,87527,87539.41,0,0.38,0.25,20,ONE_POINT,100,100,RANDOM,9
91,9200,30.593461275100708,87130,87149.85,0,0.38,0.25,20,ONE_POINT,100,100,RANDOM,9
92,9300,30.965155839920044,86902,86913.4,0,0.38,0.25,20,ONE_POINT,100,100,RANDOM,9
93,9400,31.286758422851562,86592,86606.02,0,0.38,0.25,20,ONE_POINT,100,100,RANDOM,9
94,9500,31.61217427253723,86297,86339.14,0,0.38,0.25,20,ONE_POINT,100,100,RANDOM,9
95,9600,31.958742141723633,85753,85783.15,0,0.38,0.25,20,ONE_POINT,100,100,RANDOM,9
96,9700,32.29235243797302,85495,85510.48,0,0.38,0.25,20,ONE_POINT,100,100,RANDOM,9
97,9800,32.62228441238403,85122,85158.17,0,0.38,0.25,20,ONE_POINT,100,100,RANDOM,9
98,9900,32.96573042869568,84957,84963.39,0,0.38,0.25,20,ONE_POINT,100,100,RANDOM,9
99,10000,33.273743867874146,84864,84888.38,0,0.38,0.25,20,ONE_POINT,100,100,RANDOM,9
100,10100,33.6116623878479,84584,84606.32,0,0.38,0.25,20,ONE_POINT,100,100,RANDOM,9
101,10200,33.953137159347534,84369,84413.01,0,0.38,0.25,20,ONE_POINT,100,100,RANDOM,9
102,10300,34.32390832901001,84195,84209.1,0,0.38,0.25,20,ONE_POINT,100,100,RANDOM,9
103,10400,34.69941759109497,83827,83871.29,0,0.38,0.25,20,ONE_POINT,100,100,RANDOM,9
104,10500,35.04281258583069,83626,83645.85,0,0.38,0.25,20,ONE_POINT,100,100,RANDOM,9
105,10600,35.38280773162842,83064,83093.91,0,0.38,0.25,20,ONE_POINT,100,100,RANDOM,9
106,10700,35.741002321243286,82581,82623.57,0,0.38,0.25,20,ONE_POINT,100,100,RANDOM,9
107,10800,36.08869171142578,82309,82350.73,0,0.38,0.25,20,ONE_POINT,100,100,RANDOM,9
108,10900,36.4158079624176,82057,82069.38,0,0.38,0.25,20,ONE_POINT,100,100,RANDOM,9
109,11000,36.79976558685303,81781,81828.04,0,0.38,0.25,20,ONE_POINT,100,100,RANDOM,9
110,11100,37.15471291542053,81608,81620.88,0,0.38,0.25,20,ONE_POINT,100,100,RANDOM,9
111,11200,37.47170424461365,81476,81487.53,0,0.38,0.25,20,ONE_POINT,100,100,RANDOM,9
112,11300,37.799113512039185,81317,81327.01,0,0.38,0.25,20,ONE_POINT,100,100,RANDOM,9
113,11400,38.112712144851685,81176,81189.08,0,0.38,0.25,20,ONE_POINT,100,100,RANDOM,9
114,11500,38.471200704574585,81024,81074.0,0,0.38,0.25,20,ONE_POINT,100,100,RANDOM,9
115,11600,38.815900564193726,80887,80915.47,0,0.38,0.25,20,ONE_POINT,100,100,RANDOM,9
116,11700,39.119778633117676,80637,80651.86,0,0.38,0.25,20,ONE_POINT,100,100,RANDOM,9
117,11800,39.42731714248657,80249,80273.4,0,0.38,0.25,20,ONE_POINT,100,100,RANDOM,9
118,11900,39.765416622161865,79780,79812.75,0,0.38,0.25,20,ONE_POINT,100,100,RANDOM,9
119,12000,40.08353066444397,79546,79560.04,0,0.38,0.25,20,ONE_POINT,100,100,RANDOM,9
120,12100,40.44400358200073,79210,79247.65,0,0.38,0.25,20,ONE_POINT,100,100,RANDOM,9
121,12200,40.76098012924194,78965,79028.67,0,0.38,0.25,20,ONE_POINT,100,100,RANDOM,9
122,12300,41.07945537567139,78763,78792.48,0,0.38,0.25,20,ONE_POINT,100,100,RANDOM,9
123,12400,41.384835720062256,78589,78601.18,0,0.38,0.25,20,ONE_POINT,100,100,RANDOM,9
124,12500,41.713653802871704,78391,78404.44,0,0.38,0.25,20,ONE_POINT,100,100,RANDOM,9
125,12600,42.08374500274658,77991,78011.0,0,0.38,0.25,20,ONE_POINT,100,100,RANDOM,9
126,12700,42.39055800437927,77737,77748.01,0,0.38,0.25,20,ONE_POINT,100,100,RANDOM,9
127,12800,42.72798705101013,77565,77575.32,0,0.38,0.25,20,ONE_POINT,100,100,RANDOM,9
128,12900,43.026824951171875,77373,77477.91,0,0.38,0.25,20,ONE_POINT,100,100,RANDOM,9
129,13000,43.33636450767517,77212,77263.1,0,0.38,0.25,20,ONE_POINT,100,100,RANDOM,9
130,13100,43.64153838157654,76992,77008.8,0,0.38,0.25,20,ONE_POINT,100,100,RANDOM,9
131,13200,43.960254430770874,76625,76654.45,0,0.38,0.25,20,ONE_POINT,100,100,RANDOM,9
132,13300,44.306313276290894,76528,76541.84,0,0.38,0.25,20,ONE_POINT,100,100,RANDOM,9
133,13400,44.65346360206604,76115,76159.53,0,0.38,0.25,20,ONE_POINT,100,100,RANDOM,9
134,13500,44.97418546676636,75775,75798.83,0,0.38,0.25,20,ONE_POINT,100,100,RANDOM,9
135,13600,45.31976270675659,75550,75561.29,0,0.38,0.25,20,ONE_POINT,100,100,RANDOM,9
136,13700,45.66742134094238,75484,75488.84,0,0.38,0.25,20,ONE_POINT,100,100,RANDOM,9
137,13800,45.99513530731201,75224,75242.01,0,0.38,0.25,20,ONE_POINT,100,100,RANDOM,9
138,13900,46.360899209976196,75043,75055.77,0,0.38,0.25,20,ONE_POINT,100,100,RANDOM,9
139,14000,46.71767830848694,74727,74746.29,0,0.38,0.25,20,ONE_POINT,100,100,RANDOM,9
140,14100,47.058509826660156,74503,74518.86,0,0.38,0.25,20,ONE_POINT,100,100,RANDOM,9
141,14200,47.39100003242493,74288,74303.14,0,0.38,0.25,20,ONE_POINT,100,100,RANDOM,9
142,14300,47.73468327522278,74163,74175.14,0,0.38,0.25,20,ONE_POINT,100,100,RANDOM,9
143,14400,48.04402565956116,73890,73905.48,0,0.38,0.25,20,ONE_POINT,100,100,RANDOM,9
144,14500,48.388136863708496,73653,73667.23,0,0.38,0.25,20,ONE_POINT,100,100,RANDOM,9
145,14600,48.72314715385437,73415,73430.93,0,0.38,0.25,20,ONE_POINT,100,100,RANDOM,9
146,14700,49.04670691490173,73113,73130.44,0,0.38,0.25,20,ONE_POINT,100,100,RANDOM,9
147,14800,49.37095022201538,72936,72973.42,0,0.38,0.25,20,ONE_POINT,100,100,RANDOM,9
148,14900,49.726622104644775,72821,72832.33,0,0.38,0.25,20,ONE_POINT,100,100,RANDOM,9
149,15000,50.06795787811279,72612,72635.73,0,0.38,0.25,20,ONE_POINT,100,100,RANDOM,9
150,15100,50.41323113441467,72307,72337.71,0,0.38,0.25,20,ONE_POINT,100,100,RANDOM,9
151,15200,50.73019051551819,72158,72171.99,0,0.38,0.25,20,ONE_POINT,100,100,RANDOM,9
152,15300,51.074676275253296,71958,72235.47,0,0.38,0.25,20,ONE_POINT,100,100,RANDOM,9
153,15400,51.42500948905945,71755,71794.59,0,0.38,0.25,20,ONE_POINT,100,100,RANDOM,9
154,15500,51.754995584487915,71459,71479.72,0,0.38,0.25,20,ONE_POINT,100,100,RANDOM,9
155,15600,52.10048222541809,71175,71196.42,0,0.38,0.25,20,ONE_POINT,100,100,RANDOM,9
156,15700,52.42477464675903,71058,71066.61,0,0.38,0.25,20,ONE_POINT,100,100,RANDOM,9
157,15800,52.773330211639404,70930,70949.55,0,0.38,0.25,20,ONE_POINT,100,100,RANDOM,9
158,15900,53.14012384414673,70720,70743.04,0,0.38,0.25,20,ONE_POINT,100,100,RANDOM,9
159,16000,53.46543049812317,70482,70503.02,0,0.38,0.25,20,ONE_POINT,100,100,RANDOM,9
160,16100,53.79551291465759,70381,70395.85,0,0.38,0.25,20,ONE_POINT,100,100,RANDOM,9
161,16200,54.13880515098572,70263,70279.1,0,0.38,0.25,20,ONE_POINT,100,100,RANDOM,9
162,16300,54.4745614528656,70115,70126.72,0,0.38,0.25,20,ONE_POINT,100,100,RANDOM,9
163,16400,54.8120858669281,69913,69927.7,0,0.38,0.25,20,ONE_POINT,100,100,RANDOM,9
164,16500,55.14916443824768,69598,69617.36,0,0.38,0.25,20,ONE_POINT,100,100,RANDOM,9
165,16600,55.48860239982605,69473,69483.76,0,0.38,0.25,20,ONE_POINT,100,100,RANDOM,9
166,16700,55.82715725898743,69238,69316.63,0,0.38,0.25,20,ONE_POINT,100,100,RANDOM,9
167,16800,56.13792586326599,69088,69181.16,0,0.38,0.25,20,ONE_POINT,100,100,RANDOM,9
168,16900,56.45251989364624,68993,69004.9,0,0.38,0.25,20,ONE_POINT,100,100,RANDOM,9
169,17000,56.786876916885376,68857,68873.71,0,0.38,0.25,20,ONE_POINT,100,100,RANDOM,9
170,17100,57.15303826332092,68546,68623.29,0,0.38,0.25,20,ONE_POINT,100,100,RANDOM,9
171,17200,57.527159690856934,68351,68375.85,0,0.38,0.25,20,ONE_POINT,100,100,RANDOM,9
172,17300,57.86017560958862,68256,68285.72,0,0.38,0.25,20,ONE_POINT,100,100,RANDOM,9
173,17400,58.19809579849243,68142,68278.44,0,0.38,0.25,20,ONE_POINT,100,100,RANDOM,9
174,17500,58.558547019958496,68050,68061.91,0,0.38,0.25,20,ONE_POINT,100,100,RANDOM,9
175,17600,58.88252520561218,67836,67856.57,0,0.38,0.25,20,ONE_POINT,100,100,RANDOM,9
176,17700,59.23502850532532,67769,67782.34,0,0.38,0.25,20,ONE_POINT,100,100,RANDOM,9
177,17800,59.56052303314209,67574,67587.43,0,0.38,0.25,20,ONE_POINT,100,100,RANDOM,9
178,17900,59.920162200927734,67431,67554.09,0,0.38,0.25,20,ONE_POINT,100,100,RANDOM,9
179,18000,60.267539501190186,67361,67367.86,0,0.38,0.25,20,ONE_POINT,100,100,RANDOM,9
180,18100,60.635878801345825,67227,67240.3,0,0.38,0.25,20,ONE_POINT,100,100,RANDOM,9
181,18200,60.96430230140686,67090,67101.75,0,0.38,0.25,20,ONE_POINT,100,100,RANDOM,9
182,18300,61.32134413719177,66758,66777.92,0,0.38,0.25,20,ONE_POINT,100,100,RANDOM,9
183,18400,61.626521825790405,66595,66637.94,0,0.38,0.25,20,ONE_POINT,100,100,RANDOM,9
184,18500,61.94581913948059,66372,66385.0,0,0.38,0.25,20,ONE_POINT,100,100,RANDOM,9
185,18600,62.30412030220032,66228,66241.64,0,0.38,0.25,20,ONE_POINT,100,100,RANDOM,9
186,18700,62.63799858093262,66147,66156.16,0,0.38,0.25,20,ONE_POINT,100,100,RANDOM,9
187,18800,62.94760823249817,66061,66092.15,0,0.38,0.25,20,ONE_POINT,100,100,RANDOM,9
188,18900,63.281943798065186,65909,65931.16,0,0.38,0.25,20,ONE_POINT,100,100,RANDOM,9
189,19000,63.58897662162781,65773,65786.26,0,0.38,0.25,20,ONE_POINT,100,100,RANDOM,9
190,19100,63.95924353599548,65525,65617.64,0,0.38,0.25,20,ONE_POINT,100,100,RANDOM,9
191,19200,64.31869769096375,65265,65310.1,0,0.38,0.25,20,ONE_POINT,100,100,RANDOM,9
192,19300,64.6879608631134,65182,65194.25,0,0.38,0.25,20,ONE_POINT,100,100,RANDOM,9
193,19400,65.03175616264343,64826,64850.25,0,0.38,0.25,20,ONE_POINT,100,100,RANDOM,9
194,19500,65.3985538482666,64399,64434.37,0,0.38,0.25,20,ONE_POINT,100,100,RANDOM,9
195,19600,65.75389003753662,64270,64287.55,0,0.38,0.25,20,ONE_POINT,100,100,RANDOM,9
196,19700,66.05168223381042,64116,64129.59,0,0.38,0.25,20,ONE_POINT,100,100,RANDOM,9
197,19800,66.4264349937439,63947,63974.97,0,0.38,0.25,20,ONE_POINT,100,100,RANDOM,9
198,19900,66.74186038970947,63860,63872.86,0,0.38,0.25,20,ONE_POINT,100,100,RANDOM,9
199,20000,67.09333992004395,63666,63682.59,0,0.38,0.25,20,ONE_POINT,100,100,RANDOM,9
200,20100,67.43770694732666,63370,63388.47,0,0.38,0.25,20,ONE_POINT,100,100,RANDOM,9
201,20200,67.78029990196228,63137,63160.71,0,0.38,0.25,20,ONE_POINT,100,100,RANDOM,9
202,20300,68.11502170562744,62919,62933.33,0,0.38,0.25,20,ONE_POINT,100,100,RANDOM,9
203,20400,68.51353597640991,62739,62751.6,0,0.38,0.25,20,ONE_POINT,100,100,RANDOM,9
204,20500,68.86453580856323,62400,62420.36,0,0.38,0.25,20,ONE_POINT,100,100,RANDOM,9
205,20600,69.28070616722107,62218,62239.97,0,0.38,0.25,20,ONE_POINT,100,100,RANDOM,9
206,20700,69.6599862575531,62009,62027.61,0,0.38,0.25,20,ONE_POINT,100,100,RANDOM,9
207,20800,69.96994256973267,61855,61879.88,0,0.38,0.25,20,ONE_POINT,100,100,RANDOM,9
208,20900,70.336993932724,61766,61948.78,0,0.38,0.25,20,ONE_POINT,100,100,RANDOM,9
209,21000,70.65338158607483,61612,61630.77,0,0.38,0.25,20,ONE_POINT,100,100,RANDOM,9
210,21100,70.98961591720581,61492,61506.3,0,0.38,0.25,20,ONE_POINT,100,100,RANDOM,9
211,21200,71.46543478965759,61400,61428.95,0,0.38,0.25,20,ONE_POINT,100,100,RANDOM,9
212,21300,71.80703616142273,61306,61330.21,0,0.38,0.25,20,ONE_POINT,100,100,RANDOM,9
213,21400,72.14354968070984,61198,61211.6,0,0.38,0.25,20,ONE_POINT,100,100,RANDOM,9
214,21500,72.51743173599243,61089,61101.82,0,0.38,0.25,20,ONE_POINT,100,100,RANDOM,9
215,21600,72.82417893409729,60989,60997.94,0,0.38,0.25,20,ONE_POINT,100,100,RANDOM,9
216,21700,73.17431426048279,60851,60891.0,0,0.38,0.25,20,ONE_POINT,100,100,RANDOM,9
217,21800,73.51866149902344,60646,60662.34,0,0.38,0.25,20,ONE_POINT,100,100,RANDOM,9
218,21900,73.82935452461243,60515,60554.67,0,0.38,0.25,20,ONE_POINT,100,100,RANDOM,9
219,22000,74.16474509239197,60436,60444.36,0,0.38,0.25,20,ONE_POINT,100,100,RANDOM,9
220,22100,74.4767119884491,60284,60296.6,0,0.38,0.25,20,ONE_POINT,100,100,RANDOM,9
221,22200,74.80933284759521,60104,60126.57,0,0.38,0.25,20,ONE_POINT,100,100,RANDOM,9
222,22300,75.13835787773132,60021,60245.08,0,0.38,0.25,20,ONE_POINT,100,100,RANDOM,9
223,22400,75.4610869884491,59918,60136.13,0,0.38,0.25,20,ONE_POINT,100,100,RANDOM,9
224,22500,75.76568102836609,59850,59856.8,0,0.38,0.25,20,ONE_POINT,100,100,RANDOM,9
225,22600,76.10919237136841,59753,59761.79,0,0.38,0.25,20,ONE_POINT,100,100,RANDOM,9
226,22700,76.43138384819031,59726,59942.54,0,0.38,0.25,20,ONE_POINT,100,100,RANDOM,9
227,22800,76.80057263374329,59512,59613.91,0,0.38,0.25,20,ONE_POINT,100,100,RANDOM,9
228,22900,77.14899039268494,59415,59430.38,0,0.38,0.25,20,ONE_POINT,100,100,RANDOM,9
229,23000,77.51425004005432,59324,59447.73,0,0.38,0.25,20,ONE_POINT,100,100,RANDOM,9
230,23100,77.87071347236633,59231,59290.14,0,0.38,0.25,20,ONE_POINT,100,100,RANDOM,9
231,23200,78.21117806434631,59085,59101.0,0,0.38,0.25,20,ONE_POINT,100,100,RANDOM,9
232,23300,78.57717084884644,59027,59036.55,0,0.38,0.25,20,ONE_POINT,100,100,RANDOM,9
233,23400,78.89749383926392,58784,58812.71,0,0.38,0.25,20,ONE_POINT,100,100,RANDOM,9
234,23500,79.2441155910492,58476,58519.54,0,0.38,0.25,20,ONE_POINT,100,100,RANDOM,9
235,23600,79.59514689445496,58426,58434.52,0,0.38,0.25,20,ONE_POINT,100,100,RANDOM,9
236,23700,79.93235445022583,58242,58259.7,0,0.38,0.25,20,ONE_POINT,100,100,RANDOM,9
237,23800,80.26924991607666,58156,58174.37,0,0.38,0.25,20,ONE_POINT,100,100,RANDOM,9
238,23900,80.57303476333618,57996,58024.95,0,0.38,0.25,20,ONE_POINT,100,100,RANDOM,9
239,24000,80.90825390815735,57885,57929.95,0,0.38,0.25,20,ONE_POINT,100,100,RANDOM,9
240,24100,81.2116425037384,57752,57783.12,0,0.38,0.25,20,ONE_POINT,100,100,RANDOM,9
241,24200,81.52442955970764,57614,57690.91,0,0.38,0.25,20,ONE_POINT,100,100,RANDOM,9
242,24300,81.8569016456604,57540,57550.77,0,0.38,0.25,20,ONE_POINT,100,100,RANDOM,9
243,24400,82.17015337944031,57409,57440.77,0,0.38,0.25,20,ONE_POINT,100,100,RANDOM,9
244,24500,82.52953028678894,57304,57320.37,0,0.38,0.25,20,ONE_POINT,100,100,RANDOM,9
245,24600,82.88261127471924,57190,57216.44,0,0.38,0.25,20,ONE_POINT,100,100,RANDOM,9
246,24700,83.25338649749756,56881,56904.61,0,0.38,0.25,20,ONE_POINT,100,100,RANDOM,9
247,24800,83.61234712600708,56703,56730.6,0,0.38,0.25,20,ONE_POINT,100,100,RANDOM,9
248,24900,83.96611523628235,56608,56634.31,0,0.38,0.25,20,ONE_POINT,100,100,RANDOM,9
249,25000,84.31772947311401,56513,56548.69,0,0.38,0.25,20,ONE_POINT,100,100,RANDOM,9
250,25100,84.6250410079956,56408,56428.15,0,0.38,0.25,20,ONE_POINT,100,100,RANDOM,9
251,25200,84.95941352844238,56310,56321.31,0,0.38,0.25,20,ONE_POINT,100,100,RANDOM,9
252,25300,85.27540063858032,56177,56189.37,0,0.38,0.25,20,ONE_POINT,100,100,RANDOM,9
253,25400,85.60543131828308,56081,56105.4,0,0.38,0.25,20,ONE_POINT,100,100,RANDOM,9
254,25500,85.94306015968323,56022,56057.89,0,0.38,0.25,20,ONE_POINT,100,100,RANDOM,9
255,25600,86.28985381126404,55920,55961.74,0,0.38,0.25,20,ONE_POINT,100,100,RANDOM,9
256,25700,86.64954113960266,55766,55778.51,0,0.38,0.25,20,ONE_POINT,100,100,RANDOM,9
257,25800,87.01712894439697,55666,55694.22,0,0.38,0.25,20,ONE_POINT,100,100,RANDOM,9
258,25900,87.3876404762268,55484,55500.76,0,0.38,0.25,20,ONE_POINT,100,100,RANDOM,9
259,26000,87.75829148292542,55156,55178.4,0,0.38,0.25,20,ONE_POINT,100,100,RANDOM,9
260,26100,88.08388376235962,55037,55085.05,0,0.38,0.25,20,ONE_POINT,100,100,RANDOM,9
261,26200,88.4147424697876,54940,54950.5,0,0.38,0.25,20,ONE_POINT,100,100,RANDOM,9
262,26300,88.76892733573914,54787,54800.21,0,0.38,0.25,20,ONE_POINT,100,100,RANDOM,9
263,26400,89.10299348831177,54737,54804.06,0,0.38,0.25,20,ONE_POINT,100,100,RANDOM,9
264,26500,89.45948767662048,54621,54632.74,0,0.38,0.25,20,ONE_POINT,100,100,RANDOM,9
265,26600,89.77947783470154,54545,54567.87,0,0.38,0.25,20,ONE_POINT,100,100,RANDOM,9
266,26700,90.1027090549469,54484,54503.45,0,0.38,0.25,20,ONE_POINT,100,100,RANDOM,9
267,26800,90.46232676506042,54300,54360.41,0,0.38,0.25,20,ONE_POINT,100,100,RANDOM,9
268,26900,90.80870270729065,54147,54164.45,0,0.38,0.25,20,ONE_POINT,100,100,RANDOM,9
269,27000,91.16933345794678,54046,54059.47,0,0.38,0.25,20,ONE_POINT,100,100,RANDOM,9
270,27100,91.49132871627808,53984,53993.46,0,0.38,0.25,20,ONE_POINT,100,100,RANDOM,9
271,27200,91.82151794433594,53887,53898.28,0,0.38,0.25,20,ONE_POINT,100,100,RANDOM,9
272,27300,92.15082955360413,53722,53737.74,0,0.38,0.25,20,ONE_POINT,100,100,RANDOM,9
273,27400,92.55070853233337,53527,53546.19,0,0.38,0.25,20,ONE_POINT,100,100,RANDOM,9
274,27500,92.89734387397766,53424,53433.27,0,0.38,0.25,20,ONE_POINT,100,100,RANDOM,9
275,27600,93.20480108261108,53354,53360.44,0,0.38,0.25,20,ONE_POINT,100,100,RANDOM,9
276,27700,93.52481365203857,53212,53234.96,0,0.38,0.25,20,ONE_POINT,100,100,RANDOM,9
277,27800,93.88871121406555,53133,53155.83,0,0.38,0.25,20,ONE_POINT,100,100,RANDOM,9
278,27900,94.21998071670532,53058,53109.07,0,0.38,0.25,20,ONE_POINT,100,100,RANDOM,9
279,28000,94.5442521572113,52945,52960.57,0,0.38,0.25,20,ONE_POINT,100,100,RANDOM,9
280,28100,94.86826944351196,52886,52912.96,0,0.38,0.25,20,ONE_POINT,100,100,RANDOM,9
281,28200,95.18727517127991,52790,52836.14,0,0.38,0.25,20,ONE_POINT,100,100,RANDOM,9
282,28300,95.52799820899963,52730,52742.0,0,0.38,0.25,20,ONE_POINT,100,100,RANDOM,9
283,28400,95.84783005714417,52670,52723.94,0,0.38,0.25,20,ONE_POINT,100,100,RANDOM,9
284,28500,96.18482565879822,52572,52583.24,0,0.38,0.25,20,ONE_POINT,100,100,RANDOM,9
285,28600,96.50712990760803,52476,52589.05,0,0.38,0.25,20,ONE_POINT,100,100,RANDOM,9
286,28700,96.8416862487793,52412,52420.64,0,0.38,0.25,20,ONE_POINT,100,100,RANDOM,9
287,28800,97.19651508331299,52316,52326.88,0,0.38,0.25,20,ONE_POINT,100,100,RANDOM,9
288,28900,97.5455048084259,52248,52260.96,0,0.38,0.25,20,ONE_POINT,100,100,RANDOM,9
289,29000,97.90807700157166,52117,52132.53,0,0.38,0.25,20,ONE_POINT,100,100,RANDOM,9
290,29100,98.23508024215698,52008,52020.21,0,0.38,0.25,20,ONE_POINT,100,100,RANDOM,9
291,29200,98.54636096954346,51949,51955.89,0,0.38,0.25,20,ONE_POINT,100,100,RANDOM,9
292,29300,98.8901309967041,51905,51921.09,0,0.38,0.25,20,ONE_POINT,100,100,RANDOM,9
293,29400,99.23205780982971,51854,51860.57,0,0.38,0.25,20,ONE_POINT,100,100,RANDOM,9
294,29500,99.55199122428894,51762,51772.0,0,0.38,0.25,20,ONE_POINT,100,100,RANDOM,9
295,29600,99.90435791015625,51651,51665.86,0,0.38,0.25,20,ONE_POINT,100,100,RANDOM,9
296,29700,100.2394118309021,51560,51569.63,0,0.38,0.25,20,ONE_POINT,100,100,RANDOM,9
297,29800,100.58786273002625,51439,51452.01,0,0.38,0.25,20,ONE_POINT,100,100,RANDOM,9
298,29900,100.89595174789429,51378,51403.7,0,0.38,0.25,20,ONE_POINT,100,100,RANDOM,9
299,30000,101.20072817802429,51305,51319.46,0,0.38,0.25,20,ONE_POINT,100,100,RANDOM,9
300,30100,101.55948162078857,51199,51223.0,0,0.38,0.25,20,ONE_POINT,100,100,RANDOM,9
301,30200,101.91943311691284,51040,51111.98,0,0.38,0.25,20,ONE_POINT,100,100,RANDOM,9
302,30300,102.32374095916748,50988,50996.12,0,0.38,0.25,20,ONE_POINT,100,100,RANDOM,9
303,30400,102.69322848320007,50926,50933.56,0,0.38,0.25,20,ONE_POINT,100,100,RANDOM,9
304,30500,103.0767662525177,50830,50928.15,0,0.38,0.25,20,ONE_POINT,100,100,RANDOM,9
305,30600,103.44219303131104,50785,50807.37,0,0.38,0.25,20,ONE_POINT,100,100,RANDOM,9
306,30700,103.76682448387146,50697,50705.43,0,0.38,0.25,20,ONE_POINT,100,100,RANDOM,9
307,30800,104.12443256378174,50612,50628.22,0,0.38,0.25,20,ONE_POINT,100,100,RANDOM,9
308,30900,104.48127841949463,50497,50509.33,0,0.38,0.25,20,ONE_POINT,100,100,RANDOM,9
309,31000,104.83735752105713,50345,50410.23,0,0.38,0.25,20,ONE_POINT,100,100,RANDOM,9
310,31100,105.15845966339111,50297,50374.55,0,0.38,0.25,20,ONE_POINT,100,100,RANDOM,9
311,31200,105.46280360221863,50141,50265.34,0,0.38,0.25,20,ONE_POINT,100,100,RANDOM,9
312,31300,105.77953696250916,50099,50125.78,0,0.38,0.25,20,ONE_POINT,100,100,RANDOM,9
313,31400,106.11924767494202,49997,50023.29,0,0.38,0.25,20,ONE_POINT,100,100,RANDOM,9
314,31500,106.48637127876282,49881,49908.58,0,0.38,0.25,20,ONE_POINT,100,100,RANDOM,9
315,31600,106.79452538490295,49854,49862.96,0,0.38,0.25,20,ONE_POINT,100,100,RANDOM,9
316,31700,107.13460040092468,49770,49780.11,0,0.38,0.25,20,ONE_POINT,100,100,RANDOM,9
317,31800,107.4478976726532,49717,49723.97,0,0.38,0.25,20,ONE_POINT,100,100,RANDOM,9
318,31900,107.7901759147644,49491,49515.2,0,0.38,0.25,20,ONE_POINT,100,100,RANDOM,9
319,32000,108.150141954422,49441,49449.59,0,0.38,0.25,20,ONE_POINT,100,100,RANDOM,9
320,32100,108.4818983078003,49368,49381.62,0,0.38,0.25,20,ONE_POINT,100,100,RANDOM,9
321,32200,108.81922626495361,49330,49337.15,0,0.38,0.25,20,ONE_POINT,100,100,RANDOM,9
322,32300,109.14960193634033,49264,49285.59,0,0.38,0.25,20,ONE_POINT,100,100,RANDOM,9
323,32400,109.4750108718872,49173,49182.1,0,0.38,0.25,20,ONE_POINT,100,100,RANDOM,9
324,32500,109.82220101356506,49132,49150.76,0,0.38,0.25,20,ONE_POINT,100,100,RANDOM,9
325,32600,110.1764783859253,49067,49074.81,0,0.38,0.25,20,ONE_POINT,100,100,RANDOM,9
326,32700,110.53357338905334,48990,49159.62,0,0.38,0.25,20,ONE_POINT,100,100,RANDOM,9
327,32800,110.89392948150635,48905,48914.48,0,0.38,0.25,20,ONE_POINT,100,100,RANDOM,9
328,32900,111.24646806716919,48790,48884.9,0,0.38,0.25,20,ONE_POINT,100,100,RANDOM,9
329,33000,111.6137535572052,48707,48713.99,0,0.38,0.25,20,ONE_POINT,100,100,RANDOM,9
330,33100,111.93122267723083,48491,48509.63,0,0.38,0.25,20,ONE_POINT,100,100,RANDOM,9
331,33200,112.25017833709717,48369,48381.06,0,0.38,0.25,20,ONE_POINT,100,100,RANDOM,9
332,33300,112.58632135391235,48340,48344.15,0,0.38,0.25,20,ONE_POINT,100,100,RANDOM,9
333,33400,112.89293026924133,48294,48322.12,0,0.38,0.25,20,ONE_POINT,100,100,RANDOM,9
334,33500,113.26591849327087,48219,48299.93,0,0.38,0.25,20,ONE_POINT,100,100,RANDOM,9
335,33600,113.60302662849426,48208,48218.77,0,0.38,0.25,20,ONE_POINT,100,100,RANDOM,9
336,33700,113.96482443809509,48055,48071.2,0,0.38,0.25,20,ONE_POINT,100,100,RANDOM,9
337,33800,114.34440231323242,47907,47931.59,0,0.38,0.25,20,ONE_POINT,100,100,RANDOM,9
338,33900,114.69730472564697,47856,47881.96,0,0.38,0.25,20,ONE_POINT,100,100,RANDOM,9
339,34000,115.06711959838867,47799,47817.23,0,0.38,0.25,20,ONE_POINT,100,100,RANDOM,9
340,34100,115.43213272094727,47724,47735.02,0,0.38,0.25,20,ONE_POINT,100,100,RANDOM,9
341,34200,115.78192090988159,47635,47657.54,0,0.38,0.25,20,ONE_POINT,100,100,RANDOM,9
342,34300,116.12151527404785,47620,47634.74,0,0.38,0.25,20,ONE_POINT,100,100,RANDOM,9
343,34400,116.4720606803894,47540,47548.53,0,0.38,0.25,20,ONE_POINT,100,100,RANDOM,9
344,34500,116.85145664215088,47490,47525.64,0,0.38,0.25,20,ONE_POINT,100,100,RANDOM,9
345,34600,117.1908769607544,47448,47557.15,0,0.38,0.25,20,ONE_POINT,100,100,RANDOM,9
346,34700,117.52270579338074,47293,47320.61,0,0.38,0.25,20,ONE_POINT,100,100,RANDOM,9
347,34800,117.87404870986938,47211,47220.05,0,0.38,0.25,20,ONE_POINT,100,100,RANDOM,9
348,34900,118.25441527366638,47128,47138.75,0,0.38,0.25,20,ONE_POINT,100,100,RANDOM,9
349,35000,118.56645894050598,46974,46988.77,0,0.38,0.25,20,ONE_POINT,100,100,RANDOM,9
350,35100,118.90189957618713,46876,46895.41,0,0.38,0.25,20,ONE_POINT,100,100,RANDOM,9
351,35200,119.20281100273132,46761,46789.06,0,0.38,0.25,20,ONE_POINT,100,100,RANDOM,9
352,35300,119.53858494758606,46691,46703.76,0,0.38,0.25,20,ONE_POINT,100,100,RANDOM,9
353,35400,119.86923050880432,46593,46602.28,0,0.38,0.25,20,ONE_POINT,100,100,RANDOM,9
354,35500,120.18794536590576,46547,46636.3,0,0.38,0.25,20,ONE_POINT,100,100,RANDOM,9
355,35600,120.53458976745605,46488,46592.74,0,0.38,0.25,20,ONE_POINT,100,100,RANDOM,9
356,35700,120.85807299613953,46335,46349.8,0,0.38,0.25,20,ONE_POINT,100,100,RANDOM,9
357,35800,121.18435621261597,46311,46342.8,0,0.38,0.25,20,ONE_POINT,100,100,RANDOM,9
358,35900,121.48530888557434,46249,46396.43,0,0.38,0.25,20,ONE_POINT,100,100,RANDOM,9
359,36000,121.86679816246033,46125,46138.6,0,0.38,0.25,20,ONE_POINT,100,100,RANDOM,9
360,36100,122.19567823410034,46060,46072.63,0,0.38,0.25,20,ONE_POINT,100,100,RANDOM,9
361,36200,122.56251358985901,46028,46057.55,0,0.38,0.25,20,ONE_POINT,100,100,RANDOM,9
362,36300,122.89114689826965,45992,45996.71,0,0.38,0.25,20,ONE_POINT,100,100,RANDOM,9
363,36400,123.22651290893555,45940,45947.62,0,0.38,0.25,20,ONE_POINT,100,100,RANDOM,9
364,36500,123.58429527282715,45890,45901.93,0,0.38,0.25,20,ONE_POINT,100,100,RANDOM,9
365,36600,123.92560076713562,45860,45878.78,0,0.38,0.25,20,ONE_POINT,100,100,RANDOM,9
366,36700,124.23440384864807,45754,45763.54,0,0.38,0.25,20,ONE_POINT,100,100,RANDOM,9
367,36800,124.56698536872864,45581,45608.46,0,0.38,0.25,20,ONE_POINT,100,100,RANDOM,9
368,36900,124.86829352378845,45524,45532.96,0,0.38,0.25,20,ONE_POINT,100,100,RANDOM,9
369,37000,125.18985915184021,45477,45484.87,0,0.38,0.25,20,ONE_POINT,100,100,RANDOM,9
370,37100,125.5242748260498,45305,45446.36,0,0.38,0.25,20,ONE_POINT,100,100,RANDOM,9
371,37200,125.8585593700409,45189,45348.77,0,0.38,0.25,20,ONE_POINT,100,100,RANDOM,9
372,37300,126.1680703163147,45116,45124.54,0,0.38,0.25,20,ONE_POINT,100,100,RANDOM,9
373,37400,126.50653505325317,44985,44996.64,0,0.38,0.25,20,ONE_POINT,100,100,RANDOM,9
374,37500,126.81563091278076,44923,44954.43,0,0.38,0.25,20,ONE_POINT,100,100,RANDOM,9
375,37600,127.14765191078186,44877,44883.11,0,0.38,0.25,20,ONE_POINT,100,100,RANDOM,9
376,37700,127.46828413009644,44780,44791.62,0,0.38,0.25,20,ONE_POINT,100,100,RANDOM,9
377,37800,127.78687310218811,44705,44716.18,0,0.38,0.25,20,ONE_POINT,100,100,RANDOM,9
378,37900,128.11280918121338,44655,44738.46,0,0.38,0.25,20,ONE_POINT,100,100,RANDOM,9
379,38000,128.46782088279724,44563,44572.7,0,0.38,0.25,20,ONE_POINT,100,100,RANDOM,9
380,38100,128.81206274032593,44483,44505.94,0,0.38,0.25,20,ONE_POINT,100,100,RANDOM,9
381,38200,129.16368508338928,44380,44390.83,0,0.38,0.25,20,ONE_POINT,100,100,RANDOM,9
382,38300,129.50010800361633,44355,44361.03,0,0.38,0.25,20,ONE_POINT,100,100,RANDOM,9
383,38400,129.85591340065002,44305,44312.94,0,0.38,0.25,20,ONE_POINT,100,100,RANDOM,9
384,38500,130.19564032554626,44255,44266.57,0,0.38,0.25,20,ONE_POINT,100,100,RANDOM,9
385,38600,130.5316834449768,44196,44204.87,0,0.38,0.25,20,ONE_POINT,100,100,RANDOM,9
386,38700,130.85968279838562,44116,44182.51,0,0.38,0.25,20,ONE_POINT,100,100,RANDOM,9
387,38800,131.18884539604187,44018,44033.22,0,0.38,0.25,20,ONE_POINT,100,100,RANDOM,9
388,38900,131.49746227264404,43963,43970.32,0,0.38,0.25,20,ONE_POINT,100,100,RANDOM,9
389,39000,131.8666706085205,43901,43911.35,0,0.38,0.25,20,ONE_POINT,100,100,RANDOM,9
390,39100,132.20549964904785,43840,43859.59,0,0.38,0.25,20,ONE_POINT,100,100,RANDOM,9
391,39200,132.52590417861938,43747,43757.71,0,0.38,0.25,20,ONE_POINT,100,100,RANDOM,9
392,39300,132.88418579101562,43721,43738.42,0,0.38,0.25,20,ONE_POINT,100,100,RANDOM,9
393,39400,133.20237803459167,43608,43636.81,0,0.38,0.25,20,ONE_POINT,100,100,RANDOM,9
394,39500,133.5452699661255,43535,43558.48,0,0.38,0.25,20,ONE_POINT,100,100,RANDOM,9
395,39600,133.86343908309937,43492,43599.75,0,0.38,0.25,20,ONE_POINT,100,100,RANDOM,9
396,39700,134.2139391899109,43454,43458.78,0,0.38,0.25,20,ONE_POINT,100,100,RANDOM,9
397,39800,134.55125212669373,43412,43414.65,0,0.38,0.25,20,ONE_POINT,100,100,RANDOM,9
398,39900,134.879727602005,43365,43374.67,0,0.38,0.25,20,ONE_POINT,100,100,RANDOM,9
399,40000,135.2489628791809,43324,43363.83,0,0.38,0.25,20,ONE_POINT,100,100,RANDOM,9
400,40100,135.57422637939453,43262,43269.3,0,0.38,0.25,20,ONE_POINT,100,100,RANDOM,9
401,40200,135.92895436286926,43001,43043.2,0,0.38,0.25,20,ONE_POINT,100,100,RANDOM,9
402,40300,136.2683184146881,42909,42927.67,0,0.38,0.25,20,ONE_POINT,100,100,RANDOM,9
403,40400,136.63655972480774,42848,42854.99,0,0.38,0.25,20,ONE_POINT,100,100,RANDOM,9
404,40500,137.03638696670532,42778,42829.98,0,0.38,0.25,20,ONE_POINT,100,100,RANDOM,9
405,40600,137.43318152427673,42719,42742.9,0,0.38,0.25,20,ONE_POINT,100,100,RANDOM,9
406,40700,137.81518387794495,42681,42686.94,0,0.38,0.25,20,ONE_POINT,100,100,RANDOM,9
407,40800,138.17006516456604,42605,42631.87,0,0.38,0.25,20,ONE_POINT,100,100,RANDOM,9
408,40900,138.50565361976624,42589,42604.87,0,0.38,0.25,20,ONE_POINT,100,100,RANDOM,9
409,41000,138.85296082496643,42466,42482.47,0,0.38,0.25,20,ONE_POINT,100,100,RANDOM,9
410,41100,139.18648958206177,42429,42435.56,0,0.38,0.25,20,ONE_POINT,100,100,RANDOM,9
411,41200,139.52421379089355,42396,42410.28,0,0.38,0.25,20,ONE_POINT,100,100,RANDOM,9
412,41300,139.83935594558716,42361,42373.29,0,0.38,0.25,20,ONE_POINT,100,100,RANDOM,9
413,41400,140.14933967590332,42331,42335.92,0,0.38,0.25,20,ONE_POINT,100,100,RANDOM,9
414,41500,140.4919195175171,42274,42288.59,0,0.38,0.25,20,ONE_POINT,100,100,RANDOM,9
415,41600,140.79703879356384,42250,42572.99,0,0.38,0.25,20,ONE_POINT,100,100,RANDOM,9
416,41700,141.118239402771,42210,42275.08,0,0.38,0.25,20,ONE_POINT,100,100,RANDOM,9
417,41800,141.45584225654602,42143,42215.96,0,0.38,0.25,20,ONE_POINT,100,100,RANDOM,9
418,41900,141.78881740570068,42124,42145.31,0,0.38,0.25,20,ONE_POINT,100,100,RANDOM,9
419,42000,142.09536123275757,42034,42044.16,0,0.38,0.25,20,ONE_POINT,100,100,RANDOM,9
420,42100,142.425142288208,42005,42012.47,0,0.38,0.25,20,ONE_POINT,100,100,RANDOM,9
421,42200,142.7294363975525,41954,41969.85,0,0.38,0.25,20,ONE_POINT,100,100,RANDOM,9
422,42300,143.06327652931213,41909,41914.21,0,0.38,0.25,20,ONE_POINT,100,100,RANDOM,9
423,42400,143.40009593963623,41830,41839.97,0,0.38,0.25,20,ONE_POINT,100,100,RANDOM,9
424,42500,143.72564554214478,41802,41867.6,0,0.38,0.25,20,ONE_POINT,100,100,RANDOM,9
425,42600,144.0741138458252,41682,41696.48,0,0.38,0.25,20,ONE_POINT,100,100,RANDOM,9
426,42700,144.39491033554077,41600,41616.33,0,0.38,0.25,20,ONE_POINT,100,100,RANDOM,9
427,42800,144.70721125602722,41561,41599.38,0,0.38,0.25,20,ONE_POINT,100,100,RANDOM,9
428,42900,145.04098677635193,41487,41505.37,0,0.38,0.25,20,ONE_POINT,100,100,RANDOM,9
429,43000,145.3596897125244,41394,41433.86,0,0.38,0.25,20,ONE_POINT,100,100,RANDOM,9
430,43100,145.69474267959595,41317,41330.44,0,0.38,0.25,20,ONE_POINT,100,100,RANDOM,9
431,43200,146.03067421913147,41273,41279.3,0,0.38,0.25,20,ONE_POINT,100,100,RANDOM,9
432,43300,146.37600994110107,41220,41228.21,0,0.38,0.25,20,ONE_POINT,100,100,RANDOM,9
433,43400,146.7046217918396,41180,41273.27,0,0.38,0.25,20,ONE_POINT,100,100,RANDOM,9
434,43500,147.08056592941284,41108,41198.35,0,0.38,0.25,20,ONE_POINT,100,100,RANDOM,9
435,43600,147.44514632225037,41055,41074.95,0,0.38,0.25,20,ONE_POINT,100,100,RANDOM,9
436,43700,147.77202367782593,41005,41044.82,0,0.38,0.25,20,ONE_POINT,100,100,RANDOM,9
437,43800,148.12805819511414,40939,40947.86,0,0.38,0.25,20,ONE_POINT,100,100,RANDOM,9
438,43900,148.48734879493713,40863,40873.57,0,0.38,0.25,20,ONE_POINT,100,100,RANDOM,9
439,44000,148.82770013809204,40803,40819.2,0,0.38,0.25,20,ONE_POINT,100,100,RANDOM,9
440,44100,149.18623399734497,40762,40869.69,0,0.38,0.25,20,ONE_POINT,100,100,RANDOM,9
441,44200,149.54709911346436,40730,40735.71,0,0.38,0.25,20,ONE_POINT,100,100,RANDOM,9
442,44300,149.8854296207428,40687,40696.37,0,0.38,0.25,20,ONE_POINT,100,100,RANDOM,9
443,44400,150.19933247566223,40669,40684.06,0,0.38,0.25,20,ONE_POINT,100,100,RANDOM,9
444,44500,150.53254675865173,40653,40656.53,0,0.38,0.25,20,ONE_POINT,100,100,RANDOM,9
445,44600,150.89022183418274,40609,40618.36,0,0.38,0.25,20,ONE_POINT,100,100,RANDOM,9
446,44700,151.237229347229,40573,40585.34,0,0.38,0.25,20,ONE_POINT,100,100,RANDOM,9
447,44800,151.57915878295898,40556,40559.54,0,0.38,0.25,20,ONE_POINT,100,100,RANDOM,9
448,44900,151.90415692329407,40522,40538.87,0,0.38,0.25,20,ONE_POINT,100,100,RANDOM,9
449,45000,152.2429735660553,40505,40508.75,0,0.38,0.25,20,ONE_POINT,100,100,RANDOM,9
450,45100,152.5671033859253,40416,40428.45,0,0.38,0.25,20,ONE_POINT,100,100,RANDOM,9
451,45200,152.90844559669495,40334,40343.98,0,0.38,0.25,20,ONE_POINT,100,100,RANDOM,9
452,45300,153.22051000595093,40232,40243.18,0,0.38,0.25,20,ONE_POINT,100,100,RANDOM,9
453,45400,153.54943799972534,40220,40222.99,0,0.38,0.25,20,ONE_POINT,100,100,RANDOM,9
454,45500,153.86736297607422,40217,40322.5,0,0.38,0.25,20,ONE_POINT,100,100,RANDOM,9
455,45600,154.1886167526245,40126,40141.48,0,0.38,0.25,20,ONE_POINT,100,100,RANDOM,9
456,45700,154.52938628196716,40090,40114.32,0,0.38,0.25,20,ONE_POINT,100,100,RANDOM,9
457,45800,154.85141038894653,40018,40036.38,0,0.38,0.25,20,ONE_POINT,100,100,RANDOM,9
458,45900,155.20401430130005,39976,39983.91,0,0.38,0.25,20,ONE_POINT,100,100,RANDOM,9
459,46000,155.54050254821777,39952,39995.63,0,0.38,0.25,20,ONE_POINT,100,100,RANDOM,9
460,46100,155.86588644981384,39891,39903.67,0,0.38,0.25,20,ONE_POINT,100,100,RANDOM,9
461,46200,156.20790600776672,39841,40030.95,0,0.38,0.25,20,ONE_POINT,100,100,RANDOM,9
462,46300,156.56122398376465,39772,39785.07,0,0.38,0.25,20,ONE_POINT,100,100,RANDOM,9
463,46400,156.8687605857849,39726,39775.27,0,0.38,0.25,20,ONE_POINT,100,100,RANDOM,9
464,46500,157.2408263683319,39707,39715.55,0,0.38,0.25,20,ONE_POINT,100,100,RANDOM,9
465,46600,157.5409824848175,39676,39686.93,0,0.38,0.25,20,ONE_POINT,100,100,RANDOM,9
466,46700,157.89964818954468,39618,39631.67,0,0.38,0.25,20,ONE_POINT,100,100,RANDOM,9
467,46800,158.2437527179718,39583,39589.92,0,0.38,0.25,20,ONE_POINT,100,100,RANDOM,9
468,46900,158.56706070899963,39542,39550.16,0,0.38,0.25,20,ONE_POINT,100,100,RANDOM,9
469,47000,158.8722903728485,39526,39693.31,0,0.38,0.25,20,ONE_POINT,100,100,RANDOM,9
470,47100,159.18592262268066,39416,39436.97,0,0.38,0.25,20,ONE_POINT,100,100,RANDOM,9
471,47200,159.5364532470703,39385,39440.74,0,0.38,0.25,20,ONE_POINT,100,100,RANDOM,9
472,47300,159.87957620620728,39289,39310.74,0,0.38,0.25,20,ONE_POINT,100,100,RANDOM,9
473,47400,160.2134985923767,39241,39321.77,0,0.38,0.25,20,ONE_POINT,100,100,RANDOM,9
474,47500,160.56500458717346,39203,39209.28,0,0.38,0.25,20,ONE_POINT,100,100,RANDOM,9
475,47600,160.89441680908203,39124,39146.37,0,0.38,0.25,20,ONE_POINT,100,100,RANDOM,9
476,47700,161.1910502910614,39055,39065.89,0,0.38,0.25,20,ONE_POINT,100,100,RANDOM,9
477,47800,161.50921869277954,39028,39048.51,0,0.38,0.25,20,ONE_POINT,100,100,RANDOM,9
478,47900,161.86036348342896,38992,39000.42,0,0.38,0.25,20,ONE_POINT,100,100,RANDOM,9
479,48000,162.21840167045593,38937,38991.9,0,0.38,0.25,20,ONE_POINT,100,100,RANDOM,9
480,48100,162.5478274822235,38881,38887.94,0,0.38,0.25,20,ONE_POINT,100,100,RANDOM,9
481,48200,162.87976360321045,38750,38765.26,0,0.38,0.25,20,ONE_POINT,100,100,RANDOM,9
482,48300,163.20425963401794,38724,38728.35,0,0.38,0.25,20,ONE_POINT,100,100,RANDOM,9
483,48400,163.5618588924408,38689,38695.35,0,0.38,0.25,20,ONE_POINT,100,100,RANDOM,9
484,48500,163.87618947029114,38644,38654.48,0,0.38,0.25,20,ONE_POINT,100,100,RANDOM,9
485,48600,164.19847798347473,38609,38616.97,0,0.38,0.25,20,ONE_POINT,100,100,RANDOM,9
486,48700,164.53129982948303,38563,38580.2,0,0.38,0.25,20,ONE_POINT,100,100,RANDOM,9
487,48800,164.8541042804718,38544,38620.37,0,0.38,0.25,20,ONE_POINT,100,100,RANDOM,9
488,48900,165.165372133255,38523,38530.56,0,0.38,0.25,20,ONE_POINT,100,100,RANDOM,9
489,49000,165.47051095962524,38498,38507.26,0,0.38,0.25,20,ONE_POINT,100,100,RANDOM,9
490,49100,165.8054301738739,38423,38432.4,0,0.38,0.25,20,ONE_POINT,100,100,RANDOM,9
491,49200,166.14414715766907,38403,38408.37,0,0.38,0.25,20,ONE_POINT,100,100,RANDOM,9
492,49300,166.48937845230103,38348,38355.2,0,0.38,0.25,20,ONE_POINT,100,100,RANDOM,9
493,49400,166.81124067306519,38329,38335.23,0,0.38,0.25,20,ONE_POINT,100,100,RANDOM,9
494,49500,167.144109249115,38271,38278.9,0,0.38,0.25,20,ONE_POINT,100,100,RANDOM,9
495,49600,167.47360110282898,38237,38241.97,0,0.38,0.25,20,ONE_POINT,100,100,RANDOM,9
496,49700,167.78903675079346,38236,38241.14,0,0.38,0.25,20,ONE_POINT,100,100,RANDOM,9
497,49800,168.1411259174347,38195,38205.63,0,0.38,0.25,20,ONE_POINT,100,100,RANDOM,9
498,49900,168.51219034194946,38194,38198.84,0,0.38,0.25,20,ONE_POINT,100,100,RANDOM,9
499,50000,168.86688375473022,38155,38167.4,0,0.38,0.25,20,ONE_POINT,100,100,RANDOM,9
500,50100,169.19504165649414,38118,38131.07,0,0.38,0.25,20,ONE_POINT,100,100,RANDOM,9
1,200,0.22423768043518066,131248,131502.47,0,0.38,0.25,20,ONE_POINT,100,100,RANDOM,10
2,300,0.5933442115783691,129053,129119.86,0,0.38,0.25,20,ONE_POINT,100,100,RANDOM,10
3,400,0.9511594772338867,128206,128222.94,0,0.38,0.25,20,ONE_POINT,100,100,RANDOM,10
4,500,1.3227307796478271,127567,127602.41,0,0.38,0.25,20,ONE_POINT,100,100,RANDOM,10
5,600,1.691450595855713,127093,127106.77,0,0.38,0.25,20,ONE_POINT,100,100,RANDOM,10
6,700,2.0179741382598877,126459,126484.28,0,0.38,0.25,20,ONE_POINT,100,100,RANDOM,10
7,800,2.362377882003784,125319,125343.32,0,0.38,0.25,20,ONE_POINT,100,100,RANDOM,10
8,900,2.697756052017212,124433,124468.44,0,0.38,0.25,20,ONE_POINT,100,100,RANDOM,10
9,1000,3.0342864990234375,123805,123830.47,0,0.38,0.25,20,ONE_POINT,100,100,RANDOM,10
10,1100,3.3862314224243164,123093,123123.23,0,0.38,0.25,20,ONE_POINT,100,100,RANDOM,10
11,1200,3.696681022644043,121936,121982.28,0,0.38,0.25,20,ONE_POINT,100,100,RANDOM,10
12,1300,4.030628204345703,121084,121130.55,0,0.38,0.25,20,ONE_POINT,100,100,RANDOM,10
13,1400,4.3860437870025635,120646,120695.32,0,0.38,0.25,20,ONE_POINT,100,100,RANDOM,10
14,1500,4.717934846878052,120302,120321.98,0,0.38,0.25,20,ONE_POINT,100,100,RANDOM,10
15,1600,5.046599388122559,119490,119522.92,0,0.38,0.25,20,ONE_POINT,100,100,RANDOM,10
16,1700,5.4038941860198975,119236,119272.46,0,0.38,0.25,20,ONE_POINT,100,100,RANDOM,10
17,1800,5.72033429145813,118480,118547.03,0,0.38,0.25,20,ONE_POINT,100,100,RANDOM,10
18,1900,6.067073345184326,117956,118021.6,0,0.38,0.25,20,ONE_POINT,100,100,RANDOM,10
19,2000,6.4042017459869385,117030,117187.39,0,0.38,0.25,20,ONE_POINT,100,100,RANDOM,10
20,2100,6.75563907623291,116361,116411.09,0,0.38,0.25,20,ONE_POINT,100,100,RANDOM,10
21,2200,7.110182523727417,116113,116127.94,0,0.38,0.25,20,ONE_POINT,100,100,RANDOM,10
22,2300,7.459703207015991,115546,115569.24,0,0.38,0.25,20,ONE_POINT,100,100,RANDOM,10
23,2400,7.813731908798218,114932,114963.09,0,0.38,0.25,20,ONE_POINT,100,100,RANDOM,10
24,2500,8.142488479614258,114298,114335.96,0,0.38,0.25,20,ONE_POINT,100,100,RANDOM,10
25,2600,8.466856718063354,113657,113697.59,0,0.38,0.25,20,ONE_POINT,100,100,RANDOM,10
26,2700,8.785097599029541,112982,113009.0,0,0.38,0.25,20,ONE_POINT,100,100,RANDOM,10
27,2800,9.110222339630127,112470,112529.11,0,0.38,0.25,20,ONE_POINT,100,100,RANDOM,10
28,2900,9.448421478271484,112247,112258.98,0,0.38,0.25,20,ONE_POINT,100,100,RANDOM,10
29,3000,9.795562505722046,111782,111807.26,0,0.38,0.25,20,ONE_POINT,100,100,RANDOM,10
30,3100,10.119853019714355,110243,110401.9,0,0.38,0.25,20,ONE_POINT,100,100,RANDOM,10
31,3200,10.448078632354736,109728,109761.73,0,0.38,0.25,20,ONE_POINT,100,100,RANDOM,10
32,3300,10.808991193771362,109110,109160.79,0,0.38,0.25,20,ONE_POINT,100,100,RANDOM,10
33,3400,11.147070169448853,107831,107886.85,0,0.38,0.25,20,ONE_POINT,100,100,RANDOM,10
34,3500,11.536627054214478,107234,107263.83,0,0.38,0.25,20,ONE_POINT,100,100,RANDOM,10
35,3600,11.88793420791626,106873,106887.44,0,0.38,0.25,20,ONE_POINT,100,100,RANDOM,10
36,3700,12.271694660186768,106191,106267.33,0,0.38,0.25,20,ONE_POINT,100,100,RANDOM,10
37,3800,12.647984027862549,105544,105570.5,0,0.38,0.25,20,ONE_POINT,100,100,RANDOM,10
38,3900,13.015332698822021,104615,104653.17,0,0.38,0.25,20,ONE_POINT,100,100,RANDOM,10
39,4000,13.35557222366333,104299,104327.25,0,0.38,0.25,20,ONE_POINT,100,100,RANDOM,10
40,4100,13.69772481918335,103637,103663.48,0,0.38,0.25,20,ONE_POINT,100,100,RANDOM,10
41,4200,14.050501585006714,103214,103296.37,0,0.38,0.25,20,ONE_POINT,100,100,RANDOM,10
42,4300,14.417624950408936,102950,102977.54,0,0.38,0.25,20,ONE_POINT,100,100,RANDOM,10
43,4400,14.741466283798218,102390,102513.65,0,0.38,0.25,20,ONE_POINT,100,100,RANDOM,10
44,4500,15.091769933700562,102173,102229.8,0,0.38,0.25,20,ONE_POINT,100,100,RANDOM,10
45,4600,15.4691321849823,101878,101895.95,0,0.38,0.25,20,ONE_POINT,100,100,RANDOM,10
46,4700,15.828579425811768,101533,101554.1,0,0.38,0.25,20,ONE_POINT,100,100,RANDOM,10
47,4800,16.187822103500366,100920,100944.47,0,0.38,0.25,20,ONE_POINT,100,100,RANDOM,10
48,4900,16.537585496902466,100642,100658.76,0,0.38,0.25,20,ONE_POINT,100,100,RANDOM,10
49,5000,16.893165588378906,100369,100381.3,0,0.38,0.25,20,ONE_POINT,100,100,RANDOM,10
50,5100,17.2578022480011,100177,100191.87,0,0.38,0.25,20,ONE_POINT,100,100,RANDOM,10
51,5200,17.619691371917725,99536,99561.64,0,0.38,0.25,20,ONE_POINT,100,100,RANDOM,10
52,5300,17.95874261856079,99351,99362.27,0,0.38,0.25,20,ONE_POINT,100,100,RANDOM,10
53,5400,18.31168222427368,99189,99199.71,0,0.38,0.25,20,ONE_POINT,100,100,RANDOM,10
54,5500,18.687959671020508,98754,98779.22,0,0.38,0.25,20,ONE_POINT,100,100,RANDOM,10
55,5600,19.0227689743042,98388,98402.64,0,0.38,0.25,20,ONE_POINT,100,100,RANDOM,10
56,5700,19.39695119857788,97990,98006.27,0,0.38,0.25,20,ONE_POINT,100,100,RANDOM,10
57,5800,19.724465131759644,97611,97633.53,0,0.38,0.25,20,ONE_POINT,100,100,RANDOM,10
58,5900,20.106977462768555,97409,97459.95,0,0.38,0.25,20,ONE_POINT,100,100,RANDOM,10
59,6000,20.448825120925903,97160,97200.33,0,0.38,0.25,20,ONE_POINT,100,100,RANDOM,10
60,6100,20.822630405426025,96728,96753.48,0,0.38,0.25,20,ONE_POINT,100,100,RANDOM,10
61,6200,21.173794269561768,96491,96508.44,0,0.38,0.25,20,ONE_POINT,100,100,RANDOM,10
62,6300,21.558612823486328,96350,96358.54,0,0.38,0.25,20,ONE_POINT,100,100,RANDOM,10
63,6400,21.8879292011261,95811,95830.88,0,0.38,0.25,20,ONE_POINT,100,100,RANDOM,10
64,6500,22.25419306755066,95389,95405.35,0,0.38,0.25,20,ONE_POINT,100,100,RANDOM,10
65,6600,22.602266788482666,95030,95047.6,0,0.38,0.25,20,ONE_POINT,100,100,RANDOM,10
66,6700,22.91831064224243,94612,94652.37,0,0.38,0.25,20,ONE_POINT,100,100,RANDOM,10
67,6800,23.23759889602661,94195,94212.17,0,0.38,0.25,20,ONE_POINT,100,100,RANDOM,10
68,6900,23.573770999908447,93971,94040.83,0,0.38,0.25,20,ONE_POINT,100,100,RANDOM,10
69,7000,23.88542628288269,93313,93340.24,0,0.38,0.25,20,ONE_POINT,100,100,RANDOM,10
70,7100,24.217422246932983,92850,92868.47,0,0.38,0.25,20,ONE_POINT,100,100,RANDOM,10
71,7200,24.544539213180542,92654,92692.11,0,0.38,0.25,20,ONE_POINT,100,100,RANDOM,10
72,7300,24.871912479400635,92362,92401.65,0,0.38,0.25,20,ONE_POINT,100,100,RANDOM,10
73,7400,25.228306770324707,92138,92148.17,0,0.38,0.25,20,ONE_POINT,100,100,RANDOM,10
74,7500,25.53768253326416,91594,91619.25,0,0.38,0.25,20,ONE_POINT,100,100,RANDOM,10
75,7600,25.86408543586731,91266,91310.53,0,0.38,0.25,20,ONE_POINT,100,100,RANDOM,10
76,7700,26.214202642440796,90818,90835.83,0,0.38,0.25,20,ONE_POINT,100,100,RANDOM,10
77,7800,26.528261184692383,90527,90548.33,0,0.38,0.25,20,ONE_POINT,100,100,RANDOM,10
78,7900,26.8653826713562,90153,90168.73,0,0.38,0.25,20,ONE_POINT,100,100,RANDOM,10
79,8000,27.20225715637207,89890,89908.46,0,0.38,0.25,20,ONE_POINT,100,100,RANDOM,10
80,8100,27.557471990585327,89586,89644.25,0,0.38,0.25,20,ONE_POINT,100,100,RANDOM,10
81,8200,27.877521514892578,89307,89324.03,0,0.38,0.25,20,ONE_POINT,100,100,RANDOM,10
82,8300,28.257450580596924,88559,88598.35,0,0.38,0.25,20,ONE_POINT,100,100,RANDOM,10
83,8400,28.610175848007202,88358,88386.76,0,0.38,0.25,20,ONE_POINT,100,100,RANDOM,10
84,8500,28.95644998550415,88118,88177.9,0,0.38,0.25,20,ONE_POINT,100,100,RANDOM,10
85,8600,29.309494018554688,87724,87738.82,0,0.38,0.25,20,ONE_POINT,100,100,RANDOM,10
86,8700,29.620859622955322,87415,87427.36,0,0.38,0.25,20,ONE_POINT,100,100,RANDOM,10
87,8800,29.94670605659485,87044,87058.93,0,0.38,0.25,20,ONE_POINT,100,100,RANDOM,10
88,8900,30.30640172958374,86792,86807.73,0,0.38,0.25,20,ONE_POINT,100,100,RANDOM,10
89,9000,30.633546352386475,86577,86605.83,0,0.38,0.25,20,ONE_POINT,100,100,RANDOM,10
90,9100,30.97132897377014,86408,86418.57,0,0.38,0.25,20,ONE_POINT,100,100,RANDOM,10
91,9200,31.359049558639526,86133,86151.31,0,0.38,0.25,20,ONE_POINT,100,100,RANDOM,10
92,9300,31.744621992111206,85972,86047.76,0,0.38,0.25,20,ONE_POINT,100,100,RANDOM,10
93,9400,32.12833905220032,85689,85704.61,0,0.38,0.25,20,ONE_POINT,100,100,RANDOM,10
94,9500,32.46992373466492,85475,85536.96,0,0.38,0.25,20,ONE_POINT,100,100,RANDOM,10
95,9600,32.814589500427246,85265,85313.82,0,0.38,0.25,20,ONE_POINT,100,100,RANDOM,10
96,9700,33.19197177886963,84986,84999.95,0,0.38,0.25,20,ONE_POINT,100,100,RANDOM,10
97,9800,33.53680658340454,84623,84688.91,0,0.38,0.25,20,ONE_POINT,100,100,RANDOM,10
98,9900,33.88870906829834,84212,84237.54,0,0.38,0.25,20,ONE_POINT,100,100,RANDOM,10
99,10000,34.24642562866211,83903,83916.66,0,0.38,0.25,20,ONE_POINT,100,100,RANDOM,10
100,10100,34.665672302246094,83726,83736.62,0,0.38,0.25,20,ONE_POINT,100,100,RANDOM,10
101,10200,35.06157732009888,83363,83402.45,0,0.38,0.25,20,ONE_POINT,100,100,RANDOM,10
102,10300,35.47120523452759,82739,82764.07,0,0.38,0.25,20,ONE_POINT,100,100,RANDOM,10
103,10400,35.81496238708496,82154,82177.4,0,0.38,0.25,20,ONE_POINT,100,100,RANDOM,10
104,10500,36.26787829399109,82082,82147.13,0,0.38,0.25,20,ONE_POINT,100,100,RANDOM,10
105,10600,36.608981132507324,81784,81882.8,0,0.38,0.25,20,ONE_POINT,100,100,RANDOM,10
106,10700,36.9414222240448,81580,81596.23,0,0.38,0.25,20,ONE_POINT,100,100,RANDOM,10
107,10800,37.25077414512634,81243,81262.98,0,0.38,0.25,20,ONE_POINT,100,100,RANDOM,10
108,10900,37.61451005935669,81069,81154.18,0,0.38,0.25,20,ONE_POINT,100,100,RANDOM,10
109,11000,37.9692165851593,80924,80958.48,0,0.38,0.25,20,ONE_POINT,100,100,RANDOM,10
110,11100,38.31646490097046,80728,80739.76,0,0.38,0.25,20,ONE_POINT,100,100,RANDOM,10
111,11200,38.65535616874695,80543,80553.82,0,0.38,0.25,20,ONE_POINT,100,100,RANDOM,10
112,11300,39.02255463600159,80345,80399.46,0,0.38,0.25,20,ONE_POINT,100,100,RANDOM,10
113,11400,39.351561069488525,80153,80174.17,0,0.38,0.25,20,ONE_POINT,100,100,RANDOM,10
114,11500,39.73392868041992,79946,79961.72,0,0.38,0.25,20,ONE_POINT,100,100,RANDOM,10
115,11600,40.112279653549194,79662,79673.57,0,0.38,0.25,20,ONE_POINT,100,100,RANDOM,10
116,11700,40.51338076591492,79426,79437.8,0,0.38,0.25,20,ONE_POINT,100,100,RANDOM,10
117,11800,40.93419814109802,79204,79409.62,0,0.38,0.25,20,ONE_POINT,100,100,RANDOM,10
118,11900,41.31740760803223,78825,78865.92,0,0.38,0.25,20,ONE_POINT,100,100,RANDOM,10
119,12000,41.68584752082825,78688,78695.92,0,0.38,0.25,20,ONE_POINT,100,100,RANDOM,10
120,12100,42.05673885345459,78552,78572.98,0,0.38,0.25,20,ONE_POINT,100,100,RANDOM,10
121,12200,42.42108416557312,78273,78286.95,0,0.38,0.25,20,ONE_POINT,100,100,RANDOM,10
122,12300,42.77499198913574,77995,78047.29,0,0.38,0.25,20,ONE_POINT,100,100,RANDOM,10
123,12400,43.17609262466431,77713,77732.01,0,0.38,0.25,20,ONE_POINT,100,100,RANDOM,10
124,12500,43.530301332473755,77426,77437.96,0,0.38,0.25,20,ONE_POINT,100,100,RANDOM,10
125,12600,43.895509481430054,77180,77199.61,0,0.38,0.25,20,ONE_POINT,100,100,RANDOM,10
126,12700,44.251614809036255,76969,77052.49,0,0.38,0.25,20,ONE_POINT,100,100,RANDOM,10
127,12800,44.60150599479675,76702,76718.02,0,0.38,0.25,20,ONE_POINT,100,100,RANDOM,10
128,12900,44.96544051170349,76219,76256.08,0,0.38,0.25,20,ONE_POINT,100,100,RANDOM,10
129,13000,45.355427503585815,76009,76046.29,0,0.38,0.25,20,ONE_POINT,100,100,RANDOM,10
130,13100,45.72696590423584,75814,75830.79,0,0.38,0.25,20,ONE_POINT,100,100,RANDOM,10
131,13200,46.08289122581482,75649,75661.86,0,0.38,0.25,20,ONE_POINT,100,100,RANDOM,10
132,13300,46.4437689781189,75456,75491.59,0,0.38,0.25,20,ONE_POINT,100,100,RANDOM,10
133,13400,46.80100607872009,74844,74869.12,0,0.38,0.25,20,ONE_POINT,100,100,RANDOM,10
134,13500,47.17564105987549,74621,74632.02,0,0.38,0.25,20,ONE_POINT,100,100,RANDOM,10
135,13600,47.52331042289734,74474,74493.71,0,0.38,0.25,20,ONE_POINT,100,100,RANDOM,10
136,13700,47.87105202674866,74339,74391.02,0,0.38,0.25,20,ONE_POINT,100,100,RANDOM,10
137,13800,48.241459608078,74050,74099.1,0,0.38,0.25,20,ONE_POINT,100,100,RANDOM,10
138,13900,48.64880609512329,73888,73918.05,0,0.38,0.25,20,ONE_POINT,100,100,RANDOM,10
139,14000,49.01661014556885,73620,73657.29,0,0.38,0.25,20,ONE_POINT,100,100,RANDOM,10
140,14100,49.40189862251282,73500,73512.02,0,0.38,0.25,20,ONE_POINT,100,100,RANDOM,10
141,14200,49.739426136016846,73062,73083.9,0,0.38,0.25,20,ONE_POINT,100,100,RANDOM,10
142,14300,50.128737926483154,72772,72791.15,0,0.38,0.25,20,ONE_POINT,100,100,RANDOM,10
143,14400,50.52050447463989,72370,72390.04,0,0.38,0.25,20,ONE_POINT,100,100,RANDOM,10
144,14500,50.87715291976929,72287,72328.99,0,0.38,0.25,20,ONE_POINT,100,100,RANDOM,10
145,14600,51.198633432388306,72113,72197.08,0,0.38,0.25,20,ONE_POINT,100,100,RANDOM,10
146,14700,51.52979493141174,71865,71881.94,0,0.38,0.25,20,ONE_POINT,100,100,RANDOM,10
147,14800,51.882946252822876,71694,71704.45,0,0.38,0.25,20,ONE_POINT,100,100,RANDOM,10
148,14900,52.211148500442505,71519,71537.93,0,0.38,0.25,20,ONE_POINT,100,100,RANDOM,10
149,15000,52.531903982162476,71395,71403.97,0,0.38,0.25,20,ONE_POINT,100,100,RANDOM,10
150,15100,52.842419385910034,71216,71238.19,0,0.38,0.25,20,ONE_POINT,100,100,RANDOM,10
151,15200,53.18417930603027,71008,71021.26,0,0.38,0.25,20,ONE_POINT,100,100,RANDOM,10
152,15300,53.47893214225769,70789,70814.03,0,0.38,0.25,20,ONE_POINT,100,100,RANDOM,10
153,15400,53.83335566520691,70702,70708.1,0,0.38,0.25,20,ONE_POINT,100,100,RANDOM,10
154,15500,54.191476583480835,70420,70454.55,0,0.38,0.25,20,ONE_POINT,100,100,RANDOM,10
155,15600,54.53197765350342,70191,70214.9,0,0.38,0.25,20,ONE_POINT,100,100,RANDOM,10
156,15700,54.934998750686646,69766,69823.04,0,0.38,0.25,20,ONE_POINT,100,100,RANDOM,10
157,15800,55.322510957717896,69626,69649.09,0,0.38,0.25,20,ONE_POINT,100,100,RANDOM,10
158,15900,55.703383922576904,69475,69535.36,0,0.38,0.25,20,ONE_POINT,100,100,RANDOM,10
159,16000,56.084691286087036,69262,69280.38,0,0.38,0.25,20,ONE_POINT,100,100,RANDOM,10
160,16100,56.46950721740723,69005,69019.52,0,0.38,0.25,20,ONE_POINT,100,100,RANDOM,10
161,16200,56.85991358757019,68655,68675.12,0,0.38,0.25,20,ONE_POINT,100,100,RANDOM,10
162,16300,57.23895883560181,68521,68596.02,0,0.38,0.25,20,ONE_POINT,100,100,RANDOM,10
163,16400,57.60901999473572,68376,68387.92,0,0.38,0.25,20,ONE_POINT,100,100,RANDOM,10
164,16500,57.98802137374878,68242,68254.27,0,0.38,0.25,20,ONE_POINT,100,100,RANDOM,10
165,16600,58.411598443984985,68052,68061.84,0,0.38,0.25,20,ONE_POINT,100,100,RANDOM,10
166,16700,58.81206154823303,67714,67727.52,0,0.38,0.25,20,ONE_POINT,100,100,RANDOM,10
167,16800,59.190215826034546,67564,67579.82,0,0.38,0.25,20,ONE_POINT,100,100,RANDOM,10
168,16900,59.5671067237854,67430,67440.45,0,0.38,0.25,20,ONE_POINT,100,100,RANDOM,10
169,17000,59.92089319229126,67266,67277.47,0,0.38,0.25,20,ONE_POINT,100,100,RANDOM,10
170,17100,60.29541897773743,67025,67039.46,0,0.38,0.25,20,ONE_POINT,100,100,RANDOM,10
171,17200,60.663485050201416,66950,66961.65,0,0.38,0.25,20,ONE_POINT,100,100,RANDOM,10
172,17300,61.0586211681366,66834,66845.2,0,0.38,0.25,20,ONE_POINT,100,100,RANDOM,10
173,17400,61.421709299087524,66651,66677.0,0,0.38,0.25,20,ONE_POINT,100,100,RANDOM,10
174,17500,61.82013249397278,66424,66445.7,0,0.38,0.25,20,ONE_POINT,100,100,RANDOM,10
175,17600,62.186009883880615,66244,66274.47,0,0.38,0.25,20,ONE_POINT,100,100,RANDOM,10
176,17700,62.57215857505798,66153,66159.37,0,0.38,0.25,20,ONE_POINT,100,100,RANDOM,10
177,17800,62.930983781814575,66060,66068.73,0,0.38,0.25,20,ONE_POINT,100,100,RANDOM,10
178,17900,63.31330347061157,65943,65984.03,0,0.38,0.25,20,ONE_POINT,100,100,RANDOM,10
179,18000,63.6630003452301,65877,65887.11,0,0.38,0.25,20,ONE_POINT,100,100,RANDOM,10
180,18100,63.99115777015686,65755,65827.15,0,0.38,0.25,20,ONE_POINT,100,100,RANDOM,10
181,18200,64.38491773605347,65621,65629.04,0,0.38,0.25,20,ONE_POINT,100,100,RANDOM,10
182,18300,64.76111626625061,65507,65545.24,0,0.38,0.25,20,ONE_POINT,100,100,RANDOM,10
183,18400,65.12980389595032,65359,65370.82,0,0.38,0.25,20,ONE_POINT,100,100,RANDOM,10
184,18500,65.49767756462097,65055,65092.15,0,0.38,0.25,20,ONE_POINT,100,100,RANDOM,10
185,18600,65.8496766090393,64858,64869.93,0,0.38,0.25,20,ONE_POINT,100,100,RANDOM,10
186,18700,66.18665313720703,64724,64772.31,0,0.38,0.25,20,ONE_POINT,100,100,RANDOM,10
187,18800,66.54013633728027,64603,64610.72,0,0.38,0.25,20,ONE_POINT,100,100,RANDOM,10
188,18900,66.89030647277832,64499,64553.71,0,0.38,0.25,20,ONE_POINT,100,100,RANDOM,10
189,19000,67.19803977012634,64402,64423.29,0,0.38,0.25,20,ONE_POINT,100,100,RANDOM,10
190,19100,67.56141519546509,64242,64263.86,0,0.38,0.25,20,ONE_POINT,100,100,RANDOM,10
191,19200,67.87135243415833,64176,64209.06,0,0.38,0.25,20,ONE_POINT,100,100,RANDOM,10
192,19300,68.17686104774475,64054,64157.93,0,0.38,0.25,20,ONE_POINT,100,100,RANDOM,10
193,19400,68.52135014533997,63942,63976.94,0,0.38,0.25,20,ONE_POINT,100,100,RANDOM,10
194,19500,68.86438512802124,63817,63830.75,0,0.38,0.25,20,ONE_POINT,100,100,RANDOM,10
195,19600,69.20454835891724,63760,63764.82,0,0.38,0.25,20,ONE_POINT,100,100,RANDOM,10
196,19700,69.54216456413269,63646,63655.14,0,0.38,0.25,20,ONE_POINT,100,100,RANDOM,10
197,19800,69.89991998672485,63420,63463.92,0,0.38,0.25,20,ONE_POINT,100,100,RANDOM,10
198,19900,70.23502016067505,63317,63356.53,0,0.38,0.25,20,ONE_POINT,100,100,RANDOM,10
199,20000,70.56329274177551,63250,63256.76,0,0.38,0.25,20,ONE_POINT,100,100,RANDOM,10
200,20100,70.91157174110413,63135,63142.89,0,0.38,0.25,20,ONE_POINT,100,100,RANDOM,10
201,20200,71.28309226036072,62992,63095.29,0,0.38,0.25,20,ONE_POINT,100,100,RANDOM,10
202,20300,71.66311001777649,62832,62858.19,0,0.38,0.25,20,ONE_POINT,100,100,RANDOM,10
203,20400,71.976970911026,62691,62722.29,0,0.38,0.25,20,ONE_POINT,100,100,RANDOM,10
204,20500,72.35863471031189,62565,62587.98,0,0.38,0.25,20,ONE_POINT,100,100,RANDOM,10
205,20600,72.78523373603821,62476,62553.61,0,0.38,0.25,20,ONE_POINT,100,100,RANDOM,10
206,20700,73.12639164924622,62325,62388.76,0,0.38,0.25,20,ONE_POINT,100,100,RANDOM,10
207,20800,73.52298259735107,62238,62243.2,0,0.38,0.25,20,ONE_POINT,100,100,RANDOM,10
208,20900,73.8327226638794,62120,62154.56,0,0.38,0.25,20,ONE_POINT,100,100,RANDOM,10
209,21000,74.19295191764832,61961,61970.54,0,0.38,0.25,20,ONE_POINT,100,100,RANDOM,10
210,21100,74.59372282028198,61805,61824.66,0,0.38,0.25,20,ONE_POINT,100,100,RANDOM,10
211,21200,74.90670204162598,61716,61746.82,0,0.38,0.25,20,ONE_POINT,100,100,RANDOM,10
212,21300,75.24216151237488,61615,61631.43,0,0.38,0.25,20,ONE_POINT,100,100,RANDOM,10
213,21400,75.60259056091309,61491,61521.6,0,0.38,0.25,20,ONE_POINT,100,100,RANDOM,10
214,21500,75.93022632598877,61328,61365.67,0,0.38,0.25,20,ONE_POINT,100,100,RANDOM,10
215,21600,76.29016995429993,61122,61151.98,0,0.38,0.25,20,ONE_POINT,100,100,RANDOM,10
216,21700,76.67035412788391,60859,60884.55,0,0.38,0.25,20,ONE_POINT,100,100,RANDOM,10
217,21800,77.00799894332886,60610,60630.47,0,0.38,0.25,20,ONE_POINT,100,100,RANDOM,10
218,21900,77.35480165481567,60454,60468.42,0,0.38,0.25,20,ONE_POINT,100,100,RANDOM,10
219,22000,77.71991038322449,60389,60485.8,0,0.38,0.25,20,ONE_POINT,100,100,RANDOM,10
220,22100,78.06772494316101,60300,60327.73,0,0.38,0.25,20,ONE_POINT,100,100,RANDOM,10
221,22200,78.453298330307,60065,60082.49,0,0.38,0.25,20,ONE_POINT,100,100,RANDOM,10
222,22300,78.75311756134033,59936,60148.59,0,0.38,0.25,20,ONE_POINT,100,100,RANDOM,10
223,22400,79.0922040939331,59915,59921.57,0,0.38,0.25,20,ONE_POINT,100,100,RANDOM,10
224,22500,79.42830634117126,59794,59803.28,0,0.38,0.25,20,ONE_POINT,100,100,RANDOM,10
225,22600,79.74637913703918,59748,59778.1,0,0.38,0.25,20,ONE_POINT,100,100,RANDOM,10
226,22700,80.04182028770447,59647,59655.08,0,0.38,0.25,20,ONE_POINT,100,100,RANDOM,10
227,22800,80.3380057811737,59567,59628.55,0,0.38,0.25,20,ONE_POINT,100,100,RANDOM,10
228,22900,80.63071870803833,59489,59496.33,0,0.38,0.25,20,ONE_POINT,100,100,RANDOM,10
229,23000,80.90051317214966,59367,59396.6,0,0.38,0.25,20,ONE_POINT,100,100,RANDOM,10
230,23100,81.18228840827942,59331,59361.22,0,0.38,0.25,20,ONE_POINT,100,100,RANDOM,10
231,23200,81.4749915599823,59098,59112.91,0,0.38,0.25,20,ONE_POINT,100,100,RANDOM,10
232,23300,81.74253606796265,58966,58975.83,0,0.38,0.25,20,ONE_POINT,100,100,RANDOM,10
233,23400,82.03665781021118,58835,58844.17,0,0.38,0.25,20,ONE_POINT,100,100,RANDOM,10
234,23500,82.33369827270508,58774,58779.49,0,0.38,0.25,20,ONE_POINT,100,100,RANDOM,10
235,23600,82.624995470047,58665,58678.58,0,0.38,0.25,20,ONE_POINT,100,100,RANDOM,10
236,23700,82.91313481330872,58571,58578.57,0,0.38,0.25,20,ONE_POINT,100,100,RANDOM,10
237,23800,83.21227669715881,58404,58420.58,0,0.38,0.25,20,ONE_POINT,100,100,RANDOM,10
238,23900,83.51780700683594,58284,58294.2,0,0.38,0.25,20,ONE_POINT,100,100,RANDOM,10
239,24000,83.78329181671143,58182,58208.4,0,0.38,0.25,20,ONE_POINT,100,100,RANDOM,10
240,24100,84.08591794967651,58048,58062.03,0,0.38,0.25,20,ONE_POINT,100,100,RANDOM,10
241,24200,84.39199829101562,57998,58002.94,0,0.38,0.25,20,ONE_POINT,100,100,RANDOM,10
242,24300,84.69190168380737,57899,57910.81,0,0.38,0.25,20,ONE_POINT,100,100,RANDOM,10
243,24400,85.01064991950989,57746,57758.49,0,0.38,0.25,20,ONE_POINT,100,100,RANDOM,10
244,24500,85.30778574943542,57671,57717.23,0,0.38,0.25,20,ONE_POINT,100,100,RANDOM,10
245,24600,85.62838530540466,57587,57592.89,0,0.38,0.25,20,ONE_POINT,100,100,RANDOM,10
246,24700,85.94379138946533,57451,57463.34,0,0.38,0.25,20,ONE_POINT,100,100,RANDOM,10
247,24800,86.2715711593628,57366,57377.24,0,0.38,0.25,20,ONE_POINT,100,100,RANDOM,10
248,24900,86.56101131439209,57271,57314.06,0,0.38,0.25,20,ONE_POINT,100,100,RANDOM,10
249,25000,86.85781264305115,57117,57127.78,0,0.38,0.25,20,ONE_POINT,100,100,RANDOM,10
250,25100,87.16318845748901,57044,57052.06,0,0.38,0.25,20,ONE_POINT,100,100,RANDOM,10
251,25200,87.45748472213745,56968,57023.4,0,0.38,0.25,20,ONE_POINT,100,100,RANDOM,10
252,25300,87.77178597450256,56876,56967.16,0,0.38,0.25,20,ONE_POINT,100,100,RANDOM,10
253,25400,88.07099771499634,56732,56760.15,0,0.38,0.25,20,ONE_POINT,100,100,RANDOM,10
254,25500,88.3653450012207,56536,56624.32,0,0.38,0.25,20,ONE_POINT,100,100,RANDOM,10
255,25600,88.6934220790863,56468,56491.71,0,0.38,0.25,20,ONE_POINT,100,100,RANDOM,10
256,25700,88.97299981117249,56294,56310.88,0,0.38,0.25,20,ONE_POINT,100,100,RANDOM,10
257,25800,89.32439112663269,56183,56210.23,0,0.38,0.25,20,ONE_POINT,100,100,RANDOM,10
258,25900,89.6538577079773,56047,56060.23,0,0.38,0.25,20,ONE_POINT,100,100,RANDOM,10
259,26000,90.01560163497925,55984,55996.65,0,0.38,0.25,20,ONE_POINT,100,100,RANDOM,10
260,26100,90.32075643539429,55915,55926.37,0,0.38,0.25,20,ONE_POINT,100,100,RANDOM,10
261,26200,90.65437245368958,55860,55885.71,0,0.38,0.25,20,ONE_POINT,100,100,RANDOM,10
262,26300,90.95664381980896,55816,55820.4,0,0.38,0.25,20,ONE_POINT,100,100,RANDOM,10
263,26400,91.22395920753479,55745,55752.23,0,0.38,0.25,20,ONE_POINT,100,100,RANDOM,10
264,26500,91.5560655593872,55649,55658.11,0,0.38,0.25,20,ONE_POINT,100,100,RANDOM,10
265,26600,91.84228801727295,55546,55704.28,0,0.38,0.25,20,ONE_POINT,100,100,RANDOM,10
266,26700,92.11041641235352,55456,55479.33,0,0.38,0.25,20,ONE_POINT,100,100,RANDOM,10
267,26800,92.40359306335449,55372,55378.33,0,0.38,0.25,20,ONE_POINT,100,100,RANDOM,10
268,26900,92.71770215034485,55285,55294.71,0,0.38,0.25,20,ONE_POINT,100,100,RANDOM,10
269,27000,93.00452136993408,55208,55216.54,0,0.38,0.25,20,ONE_POINT,100,100,RANDOM,10
270,27100,93.30212116241455,55088,55105.44,0,0.38,0.25,20,ONE_POINT,100,100,RANDOM,10
271,27200,93.6366810798645,54966,54976.47,0,0.38,0.25,20,ONE_POINT,100,100,RANDOM,10
272,27300,93.94438242912292,54845,54855.21,0,0.38,0.25,20,ONE_POINT,100,100,RANDOM,10
273,27400,94.23570275306702,54813,54880.21,0,0.38,0.25,20,ONE_POINT,100,100,RANDOM,10
274,27500,94.55849313735962,54724,54733.37,0,0.38,0.25,20,ONE_POINT,100,100,RANDOM,10
275,27600,94.91975569725037,54682,54686.14,0,0.38,0.25,20,ONE_POINT,100,100,RANDOM,10
276,27700,95.21452760696411,54573,54610.09,0,0.38,0.25,20,ONE_POINT,100,100,RANDOM,10
277,27800,95.4898328781128,54438,54447.39,0,0.38,0.25,20,ONE_POINT,100,100,RANDOM,10
278,27900,95.77485871315002,54401,54408.57,0,0.38,0.25,20,ONE_POINT,100,100,RANDOM,10
279,28000,96.08038854598999,54261,54280.27,0,0.38,0.25,20,ONE_POINT,100,100,RANDOM,10
280,28100,96.37577152252197,54199,54208.42,0,0.38,0.25,20,ONE_POINT,100,100,RANDOM,10
281,28200,96.6809470653534,54099,54113.11,0,0.38,0.25,20,ONE_POINT,100,100,RANDOM,10
282,28300,96.97736763954163,53883,53900.4,0,0.38,0.25,20,ONE_POINT,100,100,RANDOM,10
283,28400,97.24603533744812,53797,53806.48,0,0.38,0.25,20,ONE_POINT,100,100,RANDOM,10
284,28500,97.52256202697754,53690,53701.38,0,0.38,0.25,20,ONE_POINT,100,100,RANDOM,10
285,28600,97.79435420036316,53598,53728.41,0,0.38,0.25,20,ONE_POINT,100,100,RANDOM,10
286,28700,98.07488298416138,53525,53545.8,0,0.38,0.25,20,ONE_POINT,100,100,RANDOM,10
287,28800,98.36107182502747,53432,53441.97,0,0.38,0.25,20,ONE_POINT,100,100,RANDOM,10
288,28900,98.6337399482727,53242,53264.52,0,0.38,0.25,20,ONE_POINT,100,100,RANDOM,10
289,29000,98.90223407745361,53158,53173.06,0,0.38,0.25,20,ONE_POINT,100,100,RANDOM,10
290,29100,99.19600009918213,53099,53110.01,0,0.38,0.25,20,ONE_POINT,100,100,RANDOM,10
291,29200,99.4637520313263,52989,53020.85,0,0.38,0.25,20,ONE_POINT,100,100,RANDOM,10
292,29300,99.74872851371765,52897,52909.22,0,0.38,0.25,20,ONE_POINT,100,100,RANDOM,10
293,29400,100.04005932807922,52807,52818.41,0,0.38,0.25,20,ONE_POINT,100,100,RANDOM,10
294,29500,100.31941270828247,52758,52763.97,0,0.38,0.25,20,ONE_POINT,100,100,RANDOM,10
295,29600,100.65603971481323,52662,52678.41,0,0.38,0.25,20,ONE_POINT,100,100,RANDOM,10
296,29700,100.9918143749237,52583,52590.58,0,0.38,0.25,20,ONE_POINT,100,100,RANDOM,10
297,29800,101.38275504112244,52528,52540.09,0,0.38,0.25,20,ONE_POINT,100,100,RANDOM,10
298,29900,101.78183174133301,52376,52412.37,0,0.38,0.25,20,ONE_POINT,100,100,RANDOM,10
299,30000,102.14868259429932,52286,52389.23,0,0.38,0.25,20,ONE_POINT,100,100,RANDOM,10
300,30100,102.47698593139648,52212,52223.29,0,0.38,0.25,20,ONE_POINT,100,100,RANDOM,10
301,30200,102.817302942276,52068,52084.02,0,0.38,0.25,20,ONE_POINT,100,100,RANDOM,10
302,30300,103.13426518440247,52024,52029.84,0,0.38,0.25,20,ONE_POINT,100,100,RANDOM,10
303,30400,103.44186186790466,51948,51967.59,0,0.38,0.25,20,ONE_POINT,100,100,RANDOM,10
304,30500,103.78179955482483,51895,51900.39,0,0.38,0.25,20,ONE_POINT,100,100,RANDOM,10
305,30600,104.1398458480835,51824,51832.26,0,0.38,0.25,20,ONE_POINT,100,100,RANDOM,10
306,30700,104.46424436569214,51731,51742.97,0,0.38,0.25,20,ONE_POINT,100,100,RANDOM,10
307,30800,104.797598361969,51614,51641.97,0,0.38,0.25,20,ONE_POINT,100,100,RANDOM,10
308,30900,105.13006973266602,51444,51455.9,0,0.38,0.25,20,ONE_POINT,100,100,RANDOM,10
309,31000,105.41233992576599,51319,51331.82,0,0.38,0.25,20,ONE_POINT,100,100,RANDOM,10
310,31100,105.71103858947754,51130,51144.73,0,0.38,0.25,20,ONE_POINT,100,100,RANDOM,10
311,31200,106.01668453216553,51067,51082.52,0,0.38,0.25,20,ONE_POINT,100,100,RANDOM,10
312,31300,106.2879090309143,50790,50823.62,0,0.38,0.25,20,ONE_POINT,100,100,RANDOM,10
313,31400,106.56724214553833,50653,50684.75,0,0.38,0.25,20,ONE_POINT,100,100,RANDOM,10
314,31500,106.89023780822754,50562,50662.45,0,0.38,0.25,20,ONE_POINT,100,100,RANDOM,10
315,31600,107.17905306816101,50534,50546.06,0,0.38,0.25,20,ONE_POINT,100,100,RANDOM,10
316,31700,107.51600551605225,50457,50495.13,0,0.38,0.25,20,ONE_POINT,100,100,RANDOM,10
317,31800,107.85606241226196,50369,50394.56,0,0.38,0.25,20,ONE_POINT,100,100,RANDOM,10
318,31900,108.18722486495972,50292,50303.42,0,0.38,0.25,20,ONE_POINT,100,100,RANDOM,10
319,32000,108.57939171791077,50201,50274.5,0,0.38,0.25,20,ONE_POINT,100,100,RANDOM,10
320,32100,108.95897507667542,50020,50049.61,0,0.38,0.25,20,ONE_POINT,100,100,RANDOM,10
321,32200,109.27851605415344,49928,49957.0,0,0.38,0.25,20,ONE_POINT,100,100,RANDOM,10
322,32300,109.59552025794983,49837,49844.86,0,0.38,0.25,20,ONE_POINT,100,100,RANDOM,10
323,32400,109.94040870666504,49797,49803.62,0,0.38,0.25,20,ONE_POINT,100,100,RANDOM,10
324,32500,110.23534107208252,49765,49771.71,0,0.38,0.25,20,ONE_POINT,100,100,RANDOM,10
325,32600,110.58009934425354,49706,49725.46,0,0.38,0.25,20,ONE_POINT,100,100,RANDOM,10
326,32700,110.89283990859985,49685,49703.31,0,0.38,0.25,20,ONE_POINT,100,100,RANDOM,10
327,32800,111.16297721862793,49634,49642.23,0,0.38,0.25,20,ONE_POINT,100,100,RANDOM,10
328,32900,111.49040222167969,49565,49697.57,0,0.38,0.25,20,ONE_POINT,100,100,RANDOM,10
329,33000,111.80398654937744,49519,49524.04,0,0.38,0.25,20,ONE_POINT,100,100,RANDOM,10
330,33100,112.12325382232666,49382,49398.68,0,0.38,0.25,20,ONE_POINT,100,100,RANDOM,10
331,33200,112.39746117591858,49324,49360.43,0,0.38,0.25,20,ONE_POINT,100,100,RANDOM,10
332,33300,112.72003984451294,49266,49281.67,0,0.38,0.25,20,ONE_POINT,100,100,RANDOM,10
333,33400,113.07306146621704,49212,49217.83,0,0.38,0.25,20,ONE_POINT,100,100,RANDOM,10
334,33500,113.46893978118896,49077,49122.53,0,0.38,0.25,20,ONE_POINT,100,100,RANDOM,10
335,33600,113.86766362190247,48984,49117.81,0,0.38,0.25,20,ONE_POINT,100,100,RANDOM,10
336,33700,114.25427508354187,48896,48905.69,0,0.38,0.25,20,ONE_POINT,100,100,RANDOM,10
337,33800,114.62448215484619,48826,48833.51,0,0.38,0.25,20,ONE_POINT,100,100,RANDOM,10
338,33900,115.03349804878235,48754,48762.31,0,0.38,0.25,20,ONE_POINT,100,100,RANDOM,10
339,34000,115.37093710899353,48701,48706.39,0,0.38,0.25,20,ONE_POINT,100,100,RANDOM,10
340,34100,115.74730229377747,48644,48715.34,0,0.38,0.25,20,ONE_POINT,100,100,RANDOM,10
341,34200,116.12746214866638,48533,48558.72,0,0.38,0.25,20,ONE_POINT,100,100,RANDOM,10
342,34300,116.47489833831787,48432,48444.69,0,0.38,0.25,20,ONE_POINT,100,100,RANDOM,10
343,34400,116.8534471988678,48360,48367.78,0,0.38,0.25,20,ONE_POINT,100,100,RANDOM,10
344,34500,117.2285418510437,48297,48315.08,0,0.38,0.25,20,ONE_POINT,100,100,RANDOM,10
345,34600,117.5980498790741,48194,48210.42,0,0.38,0.25,20,ONE_POINT,100,100,RANDOM,10
346,34700,117.9816300868988,48053,48086.14,0,0.38,0.25,20,ONE_POINT,100,100,RANDOM,10
347,34800,118.36693382263184,47979,47986.4,0,0.38,0.25,20,ONE_POINT,100,100,RANDOM,10
348,34900,118.7314670085907,47854,47883.3,0,0.38,0.25,20,ONE_POINT,100,100,RANDOM,10
349,35000,119.05825471878052,47746,47756.51,0,0.38,0.25,20,ONE_POINT,100,100,RANDOM,10
350,35100,119.4400053024292,47697,47706.04,0,0.38,0.25,20,ONE_POINT,100,100,RANDOM,10
351,35200,119.79289102554321,47643,47682.62,0,0.38,0.25,20,ONE_POINT,100,100,RANDOM,10
352,35300,120.15004301071167,47618,47626.17,0,0.38,0.25,20,ONE_POINT,100,100,RANDOM,10
353,35400,120.5223560333252,47442,47460.34,0,0.38,0.25,20,ONE_POINT,100,100,RANDOM,10
354,35500,120.90053629875183,47361,47374.15,0,0.38,0.25,20,ONE_POINT,100,100,RANDOM,10
355,35600,121.2537305355072,47297,47308.29,0,0.38,0.25,20,ONE_POINT,100,100,RANDOM,10
356,35700,121.61251521110535,47227,47235.56,0,0.38,0.25,20,ONE_POINT,100,100,RANDOM,10
357,35800,121.99637603759766,47179,47200.16,0,0.38,0.25,20,ONE_POINT,100,100,RANDOM,10
358,35900,122.33518433570862,47143,47208.7,0,0.38,0.25,20,ONE_POINT,100,100,RANDOM,10
359,36000,122.68924307823181,47106,47109.7,0,0.38,0.25,20,ONE_POINT,100,100,RANDOM,10
360,36100,123.0527069568634,47033,47097.04,0,0.38,0.25,20,ONE_POINT,100,100,RANDOM,10
361,36200,123.4062180519104,46941,46952.97,0,0.38,0.25,20,ONE_POINT,100,100,RANDOM,10
362,36300,123.75369238853455,46879,46883.96,0,0.38,0.25,20,ONE_POINT,100,100,RANDOM,10
363,36400,124.05123782157898,46815,46944.28,0,0.38,0.25,20,ONE_POINT,100,100,RANDOM,10
364,36500,124.35418605804443,46684,46695.36,0,0.38,0.25,20,ONE_POINT,100,100,RANDOM,10
365,36600,124.71036005020142,46636,46642.13,0,0.38,0.25,20,ONE_POINT,100,100,RANDOM,10
366,36700,125.00579261779785,46574,46631.15,0,0.38,0.25,20,ONE_POINT,100,100,RANDOM,10
367,36800,125.36472225189209,46444,46455.34,0,0.38,0.25,20,ONE_POINT,100,100,RANDOM,10
368,36900,125.67407250404358,46391,46406.46,0,0.38,0.25,20,ONE_POINT,100,100,RANDOM,10
369,37000,126.0313081741333,46315,46331.23,0,0.38,0.25,20,ONE_POINT,100,100,RANDOM,10
370,37100,126.35991287231445,46255,46338.15,0,0.38,0.25,20,ONE_POINT,100,100,RANDOM,10
371,37200,126.68312644958496,46169,46195.48,0,0.38,0.25,20,ONE_POINT,100,100,RANDOM,10
372,37300,126.98420572280884,46093,46099.08,0,0.38,0.25,20,ONE_POINT,100,100,RANDOM,10
373,37400,127.30321526527405,46016,46026.67,0,0.38,0.25,20,ONE_POINT,100,100,RANDOM,10
374,37500,127.64041590690613,45921,45933.27,0,0.38,0.25,20,ONE_POINT,100,100,RANDOM,10
375,37600,127.98109936714172,45881,45886.15,0,0.38,0.25,20,ONE_POINT,100,100,RANDOM,10
376,37700,128.31743812561035,45732,45746.23,0,0.38,0.25,20,ONE_POINT,100,100,RANDOM,10
377,37800,128.66173267364502,45675,45683.67,0,0.38,0.25,20,ONE_POINT,100,100,RANDOM,10
378,37900,128.99697399139404,45606,45617.0,0,0.38,0.25,20,ONE_POINT,100,100,RANDOM,10
379,38000,129.33747267723083,45539,45555.24,0,0.38,0.25,20,ONE_POINT,100,100,RANDOM,10
380,38100,129.66495275497437,45479,45621.2,0,0.38,0.25,20,ONE_POINT,100,100,RANDOM,10
381,38200,129.9670205116272,45408,45414.8,0,0.38,0.25,20,ONE_POINT,100,100,RANDOM,10
382,38300,130.2894685268402,45278,45293.43,0,0.38,0.25,20,ONE_POINT,100,100,RANDOM,10
383,38400,130.62097454071045,45248,45263.02,0,0.38,0.25,20,ONE_POINT,100,100,RANDOM,10
384,38500,131.00818490982056,45130,45141.17,0,0.38,0.25,20,ONE_POINT,100,100,RANDOM,10
385,38600,131.35927867889404,45075,45092.38,0,0.38,0.25,20,ONE_POINT,100,100,RANDOM,10
386,38700,131.69221901893616,44995,45011.88,0,0.38,0.25,20,ONE_POINT,100,100,RANDOM,10
387,38800,132.0044391155243,44951,45016.87,0,0.38,0.25,20,ONE_POINT,100,100,RANDOM,10
388,38900,132.34712386131287,44854,44864.56,0,0.38,0.25,20,ONE_POINT,100,100,RANDOM,10
389,39000,132.72609281539917,44822,44826.99,0,0.38,0.25,20,ONE_POINT,100,100,RANDOM,10
390,39100,133.07882499694824,44759,44764.01,0,0.38,0.25,20,ONE_POINT,100,100,RANDOM,10
391,39200,133.42674207687378,44686,44734.9,0,0.38,0.25,20,ONE_POINT,100,100,RANDOM,10
392,39300,133.7740249633789,44574,44666.12,0,0.38,0.25,20,ONE_POINT,100,100,RANDOM,10
393,39400,134.1088728904724,44553,44558.26,0,0.38,0.25,20,ONE_POINT,100,100,RANDOM,10
394,39500,134.4448230266571,44535,44582.56,0,0.38,0.25,20,ONE_POINT,100,100,RANDOM,10
395,39600,134.77875399589539,44470,44476.28,0,0.38,0.25,20,ONE_POINT,100,100,RANDOM,10
396,39700,135.12167501449585,44338,44349.96,0,0.38,0.25,20,ONE_POINT,100,100,RANDOM,10
397,39800,135.44158267974854,44293,44310.97,0,0.38,0.25,20,ONE_POINT,100,100,RANDOM,10
398,39900,135.77001357078552,44216,44253.18,0,0.38,0.25,20,ONE_POINT,100,100,RANDOM,10
399,40000,136.08392143249512,44127,44135.72,0,0.38,0.25,20,ONE_POINT,100,100,RANDOM,10
400,40100,136.40561318397522,44081,44088.98,0,0.38,0.25,20,ONE_POINT,100,100,RANDOM,10
401,40200,136.71794509887695,44035,44038.22,0,0.38,0.25,20,ONE_POINT,100,100,RANDOM,10
402,40300,137.02395820617676,43980,43987.68,0,0.38,0.25,20,ONE_POINT,100,100,RANDOM,10
403,40400,137.42950701713562,43923,43946.78,0,0.38,0.25,20,ONE_POINT,100,100,RANDOM,10
404,40500,137.79192352294922,43860,43878.56,0,0.38,0.25,20,ONE_POINT,100,100,RANDOM,10
405,40600,138.16305422782898,43828,43834.58,0,0.38,0.25,20,ONE_POINT,100,100,RANDOM,10
406,40700,138.52594423294067,43802,43807.32,0,0.38,0.25,20,ONE_POINT,100,100,RANDOM,10
407,40800,138.85370182991028,43768,43787.7,0,0.38,0.25,20,ONE_POINT,100,100,RANDOM,10
408,40900,139.19290947914124,43715,43743.47,0,0.38,0.25,20,ONE_POINT,100,100,RANDOM,10
409,41000,139.51695919036865,43684,43689.2,0,0.38,0.25,20,ONE_POINT,100,100,RANDOM,10
410,41100,139.83455657958984,43652,43692.46,0,0.38,0.25,20,ONE_POINT,100,100,RANDOM,10
411,41200,140.14238333702087,43618,43635.74,0,0.38,0.25,20,ONE_POINT,100,100,RANDOM,10
412,41300,140.5026319026947,43553,43784.88,0,0.38,0.25,20,ONE_POINT,100,100,RANDOM,10
413,41400,140.83576464653015,43517,43524.36,0,0.38,0.25,20,ONE_POINT,100,100,RANDOM,10
414,41500,141.1501817703247,43441,43536.99,0,0.38,0.25,20,ONE_POINT,100,100,RANDOM,10
415,41600,141.4571568965912,43409,43411.74,0,0.38,0.25,20,ONE_POINT,100,100,RANDOM,10
416,41700,141.78832483291626,43367,43374.02,0,0.38,0.25,20,ONE_POINT,100,100,RANDOM,10
417,41800,142.12858533859253,43320,43331.29,0,0.38,0.25,20,ONE_POINT,100,100,RANDOM,10
418,41900,142.48163866996765,43263,43276.63,0,0.38,0.25,20,ONE_POINT,100,100,RANDOM,10
419,42000,142.84218502044678,43210,43214.8,0,0.38,0.25,20,ONE_POINT,100,100,RANDOM,10
420,42100,143.15808248519897,43157,43163.89,0,0.38,0.25,20,ONE_POINT,100,100,RANDOM,10
421,42200,143.48142838478088,43113,43122.94,0,0.38,0.25,20,ONE_POINT,100,100,RANDOM,10
422,42300,143.79559969902039,43086,43092.55,0,0.38,0.25,20,ONE_POINT,100,100,RANDOM,10
423,42400,144.11458611488342,43045,43053.16,0,0.38,0.25,20,ONE_POINT,100,100,RANDOM,10
424,42500,144.47437715530396,43028,43032.31,0,0.38,0.25,20,ONE_POINT,100,100,RANDOM,10
425,42600,144.8438732624054,43000,43003.4,0,0.38,0.25,20,ONE_POINT,100,100,RANDOM,10
426,42700,145.17329239845276,42941,42954.96,0,0.38,0.25,20,ONE_POINT,100,100,RANDOM,10
427,42800,145.5199933052063,42899,42911.31,0,0.38,0.25,20,ONE_POINT,100,100,RANDOM,10
428,42900,145.84436416625977,42883,42887.69,0,0.38,0.25,20,ONE_POINT,100,100,RANDOM,10
429,43000,146.19564509391785,42868,42873.01,0,0.38,0.25,20,ONE_POINT,100,100,RANDOM,10
430,43100,146.53590369224548,42844,42849.09,0,0.38,0.25,20,ONE_POINT,100,100,RANDOM,10
431,43200,146.86909246444702,42811,42877.58,0,0.38,0.25,20,ONE_POINT,100,100,RANDOM,10
432,43300,147.22547364234924,42776,42971.01,0,0.38,0.25,20,ONE_POINT,100,100,RANDOM,10
433,43400,147.5477910041809,42749,42871.09,0,0.38,0.25,20,ONE_POINT,100,100,RANDOM,10
434,43500,147.86041593551636,42653,42664.16,0,0.38,0.25,20,ONE_POINT,100,100,RANDOM,10
435,43600,148.17327308654785,42593,42599.99,0,0.38,0.25,20,ONE_POINT,100,100,RANDOM,10
436,43700,148.504070520401,42537,42545.93,0,0.38,0.25,20,ONE_POINT,100,100,RANDOM,10
437,43800,148.83095979690552,42482,42494.6,0,0.38,0.25,20,ONE_POINT,100,100,RANDOM,10
438,43900,149.1646649837494,42450,42454.94,0,0.38,0.25,20,ONE_POINT,100,100,RANDOM,10
439,44000,149.50209164619446,42345,42357.53,0,0.38,0.25,20,ONE_POINT,100,100,RANDOM,10
440,44100,149.84671783447266,42300,42312.52,0,0.38,0.25,20,ONE_POINT,100,100,RANDOM,10
441,44200,150.18104910850525,42273,42276.69,0,0.38,0.25,20,ONE_POINT,100,100,RANDOM,10
442,44300,150.50231075286865,42254,42260.19,0,0.38,0.25,20,ONE_POINT,100,100,RANDOM,10
443,44400,150.85966897010803,42227,42231.72,0,0.38,0.25,20,ONE_POINT,100,100,RANDOM,10
444,44500,151.17476725578308,42116,42207.81,0,0.38,0.25,20,ONE_POINT,100,100,RANDOM,10
445,44600,151.50330471992493,42053,42069.19,0,0.38,0.25,20,ONE_POINT,100,100,RANDOM,10
446,44700,151.82042741775513,42004,42097.88,0,0.38,0.25,20,ONE_POINT,100,100,RANDOM,10
447,44800,152.15708947181702,41978,41987.1,0,0.38,0.25,20,ONE_POINT,100,100,RANDOM,10
448,44900,152.48280000686646,41965,41971.31,0,0.38,0.25,20,ONE_POINT,100,100,RANDOM,10
449,45000,152.83015942573547,41878,41894.94,0,0.38,0.25,20,ONE_POINT,100,100,RANDOM,10
450,45100,153.18811082839966,41838,41845.24,0,0.38,0.25,20,ONE_POINT,100,100,RANDOM,10
451,45200,153.51119899749756,41811,41815.37,0,0.38,0.25,20,ONE_POINT,100,100,RANDOM,10
452,45300,153.81599259376526,41765,41778.66,0,0.38,0.25,20,ONE_POINT,100,100,RANDOM,10
453,45400,154.13796591758728,41728,41791.0,0,0.38,0.25,20,ONE_POINT,100,100,RANDOM,10
454,45500,154.46496272087097,41695,41700.66,0,0.38,0.25,20,ONE_POINT,100,100,RANDOM,10
455,45600,154.7796323299408,41639,41646.51,0,0.38,0.25,20,ONE_POINT,100,100,RANDOM,10
456,45700,155.1375391483307,41610,41615.73,0,0.38,0.25,20,ONE_POINT,100,100,RANDOM,10
457,45800,155.45716309547424,41597,41604.61,0,0.38,0.25,20,ONE_POINT,100,100,RANDOM,10
458,45900,155.82373142242432,41562,41568.32,0,0.38,0.25,20,ONE_POINT,100,100,RANDOM,10
459,46000,156.14670372009277,41537,41542.61,0,0.38,0.25,20,ONE_POINT,100,100,RANDOM,10
460,46100,156.45811080932617,41502,41507.34,0,0.38,0.25,20,ONE_POINT,100,100,RANDOM,10
461,46200,156.7955174446106,41454,41460.99,0,0.38,0.25,20,ONE_POINT,100,100,RANDOM,10
462,46300,157.12001132965088,41429,41441.07,0,0.38,0.25,20,ONE_POINT,100,100,RANDOM,10
463,46400,157.44149160385132,41377,41405.38,0,0.38,0.25,20,ONE_POINT,100,100,RANDOM,10
464,46500,157.76782822608948,41347,41353.14,0,0.38,0.25,20,ONE_POINT,100,100,RANDOM,10
465,46600,158.09988713264465,41330,41333.85,0,0.38,0.25,20,ONE_POINT,100,100,RANDOM,10
466,46700,158.44945907592773,41298,41302.62,0,0.38,0.25,20,ONE_POINT,100,100,RANDOM,10
467,46800,158.80979442596436,41258,41270.33,0,0.38,0.25,20,ONE_POINT,100,100,RANDOM,10
468,46900,159.14056777954102,41246,41259.35,0,0.38,0.25,20,ONE_POINT,100,100,RANDOM,10
469,47000,159.46567010879517,41195,41207.71,0,0.38,0.25,20,ONE_POINT,100,100,RANDOM,10
470,47100,159.7716896533966,41154,41169.11,0,0.38,0.25,20,ONE_POINT,100,100,RANDOM,10
471,47200,160.07330918312073,41130,41136.08,0,0.38,0.25,20,ONE_POINT,100,100,RANDOM,10
472,47300,160.40389728546143,41117,41119.67,0,0.38,0.25,20,ONE_POINT,100,100,RANDOM,10
473,47400,160.72104716300964,41051,41060.94,0,0.38,0.25,20,ONE_POINT,100,100,RANDOM,10
474,47500,161.03325295448303,41023,41031.34,0,0.38,0.25,20,ONE_POINT,100,100,RANDOM,10
475,47600,161.37567472457886,40957,40982.37,0,0.38,0.25,20,ONE_POINT,100,100,RANDOM,10
476,47700,161.7153103351593,40922,40935.25,0,0.38,0.25,20,ONE_POINT,100,100,RANDOM,10
477,47800,162.0250370502472,40842,40873.88,0,0.38,0.25,20,ONE_POINT,100,100,RANDOM,10
478,47900,162.37212538719177,40785,40917.49,0,0.38,0.25,20,ONE_POINT,100,100,RANDOM,10
479,48000,162.69695115089417,40743,40754.06,0,0.38,0.25,20,ONE_POINT,100,100,RANDOM,10
480,48100,163.03386569023132,40710,40720.0,0,0.38,0.25,20,ONE_POINT,100,100,RANDOM,10
481,48200,163.38652276992798,40646,40655.81,0,0.38,0.25,20,ONE_POINT,100,100,RANDOM,10
482,48300,163.71416211128235,40560,40568.6,0,0.38,0.25,20,ONE_POINT,100,100,RANDOM,10
483,48400,164.01860117912292,40510,40519.25,0,0.38,0.25,20,ONE_POINT,100,100,RANDOM,10
484,48500,164.3674988746643,40481,40511.63,0,0.38,0.25,20,ONE_POINT,100,100,RANDOM,10
485,48600,164.72865653038025,40433,40487.39,0,0.38,0.25,20,ONE_POINT,100,100,RANDOM,10
486,48700,165.0824761390686,40386,40465.93,0,0.38,0.25,20,ONE_POINT,100,100,RANDOM,10
487,48800,165.39309859275818,40352,40356.67,0,0.38,0.25,20,ONE_POINT,100,100,RANDOM,10
488,48900,165.70767259597778,40347,40352.25,0,0.38,0.25,20,ONE_POINT,100,100,RANDOM,10
489,49000,166.04590940475464,40310,40321.59,0,0.38,0.25,20,ONE_POINT,100,100,RANDOM,10
490,49100,166.39950156211853,40232,40290.23,0,0.38,0.25,20,ONE_POINT,100,100,RANDOM,10
491,49200,166.77043771743774,40143,40157.34,0,0.38,0.25,20,ONE_POINT,100,100,RANDOM,10
492,49300,167.12872672080994,40086,40094.64,0,0.38,0.25,20,ONE_POINT,100,100,RANDOM,10
493,49400,167.4764220714569,40058,40061.08,0,0.38,0.25,20,ONE_POINT,100,100,RANDOM,10
494,49500,167.82627654075623,40041,40043.76,0,0.38,0.25,20,ONE_POINT,100,100,RANDOM,10
495,49600,168.16420483589172,40004,40018.03,0,0.38,0.25,20,ONE_POINT,100,100,RANDOM,10
496,49700,168.48260140419006,39972,39992.39,0,0.38,0.25,20,ONE_POINT,100,100,RANDOM,10
497,49800,168.80314755439758,39904,39918.39,0,0.38,0.25,20,ONE_POINT,100,100,RANDOM,10
498,49900,169.1710102558136,39833,39848.37,0,0.38,0.25,20,ONE_POINT,100,100,RANDOM,10
499,50000,169.5039598941803,39800,39816.95,0,0.38,0.25,20,ONE_POINT,100,100,RANDOM,10
500,50100,169.84470319747925,39776,39784.89,0,0.38,0.25,20,ONE_POINT,100,100,RANDOM,10
1,200,0.20223736763000488,139123,133085.6,0,0.38,0.25,20,ONE_POINT,100,100,RANDOM,11
2,300,0.57454514503479,131126,131184.27,0,0.38,0.25,20,ONE_POINT,100,100,RANDOM,11
3,400,0.9512283802032471,128724,128794.44,0,0.38,0.25,20,ONE_POINT,100,100,RANDOM,11
4,500,1.3530068397521973,127447,127485.24,0,0.38,0.25,20,ONE_POINT,100,100,RANDOM,11
5,600,1.6929113864898682,127046,127067.14,0,0.38,0.25,20,ONE_POINT,100,100,RANDOM,11
6,700,2.0405776500701904,126369,126390.27,0,0.38,0.25,20,ONE_POINT,100,100,RANDOM,11
7,800,2.3684709072113037,125778,125808.14,0,0.38,0.25,20,ONE_POINT,100,100,RANDOM,11
8,900,2.6652719974517822,125282,125306.8,0,0.38,0.25,20,ONE_POINT,100,100,RANDOM,11
9,1000,3.0304739475250244,124809,124834.3,0,0.38,0.25,20,ONE_POINT,100,100,RANDOM,11
10,1100,3.3773603439331055,124356,124382.6,0,0.38,0.25,20,ONE_POINT,100,100,RANDOM,11
11,1200,3.719334840774536,123879,123907.62,0,0.38,0.25,20,ONE_POINT,100,100,RANDOM,11
12,1300,4.045410394668579,123438,123472.8,0,0.38,0.25,20,ONE_POINT,100,100,RANDOM,11
13,1400,4.380478143692017,122738,122777.11,0,0.38,0.25,20,ONE_POINT,100,100,RANDOM,11
14,1500,4.705908298492432,122142,122177.76,0,0.38,0.25,20,ONE_POINT,100,100,RANDOM,11
15,1600,5.041491746902466,120800,120895.96,0,0.38,0.25,20,ONE_POINT,100,100,RANDOM,11
16,1700,5.383465051651001,120610,120625.26,0,0.38,0.25,20,ONE_POINT,100,100,RANDOM,11
17,1800,5.717854738235474,120206,120233.27,0,0.38,0.25,20,ONE_POINT,100,100,RANDOM,11
18,1900,6.073527097702026,119064,119111.78,0,0.38,0.25,20,ONE_POINT,100,100,RANDOM,11
19,2000,6.4226179122924805,117996,118122.45,0,0.38,0.25,20,ONE_POINT,100,100,RANDOM,11
20,2100,6.769909858703613,117343,117392.52,0,0.38,0.25,20,ONE_POINT,100,100,RANDOM,11
21,2200,7.088128089904785,116315,116356.34,0,0.38,0.25,20,ONE_POINT,100,100,RANDOM,11
22,2300,7.453953504562378,115921,115975.29,0,0.38,0.25,20,ONE_POINT,100,100,RANDOM,11
23,2400,7.768545627593994,115542,115568.4,0,0.38,0.25,20,ONE_POINT,100,100,RANDOM,11
24,2500,8.065206289291382,115110,115131.07,0,0.38,0.25,20,ONE_POINT,100,100,RANDOM,11
25,2600,8.41428017616272,114726,114751.98,0,0.38,0.25,20,ONE_POINT,100,100,RANDOM,11
26,2700,8.762413263320923,114313,114331.27,0,0.38,0.25,20,ONE_POINT,100,100,RANDOM,11
27,2800,9.089479446411133,114030,114046.68,0,0.38,0.25,20,ONE_POINT,100,100,RANDOM,11
28,2900,9.409756422042847,113721,113740.8,0,0.38,0.25,20,ONE_POINT,100,100,RANDOM,11
29,3000,9.730617046356201,113158,113188.88,0,0.38,0.25,20,ONE_POINT,100,100,RANDOM,11
30,3100,10.090237140655518,112067,112110.64,0,0.38,0.25,20,ONE_POINT,100,100,RANDOM,11
31,3200,10.4280264377594,111592,111643.83,0,0.38,0.25,20,ONE_POINT,100,100,RANDOM,11
32,3300,10.742813110351562,111126,111149.57,0,0.38,0.25,20,ONE_POINT,100,100,RANDOM,11
33,3400,11.080137729644775,110453,110481.3,0,0.38,0.25,20,ONE_POINT,100,100,RANDOM,11
34,3500,11.43215823173523,109681,109730.88,0,0.38,0.25,20,ONE_POINT,100,100,RANDOM,11
35,3600,11.767054319381714,109404,109420.58,0,0.38,0.25,20,ONE_POINT,100,100,RANDOM,11
36,3700,12.096813678741455,108972,109152.71,0,0.38,0.25,20,ONE_POINT,100,100,RANDOM,11
37,3800,12.444252490997314,108531,108574.3,0,0.38,0.25,20,ONE_POINT,100,100,RANDOM,11
38,3900,12.798519134521484,107921,108018.05,0,0.38,0.25,20,ONE_POINT,100,100,RANDOM,11
39,4000,13.148380756378174,107455,107551.81,0,0.38,0.25,20,ONE_POINT,100,100,RANDOM,11
40,4100,13.46356201171875,107339,107347.12,0,0.38,0.25,20,ONE_POINT,100,100,RANDOM,11
41,4200,13.802498817443848,107011,107023.84,0,0.38,0.25,20,ONE_POINT,100,100,RANDOM,11
42,4300,14.12366509437561,106600,106616.44,0,0.38,0.25,20,ONE_POINT,100,100,RANDOM,11
43,4400,14.465518474578857,105840,105870.66,0,0.38,0.25,20,ONE_POINT,100,100,RANDOM,11
44,4500,14.80518364906311,105546,105562.32,0,0.38,0.25,20,ONE_POINT,100,100,RANDOM,11
45,4600,15.147586584091187,105403,105423.81,0,0.38,0.25,20,ONE_POINT,100,100,RANDOM,11
46,4700,15.512925148010254,105178,105219.71,0,0.38,0.25,20,ONE_POINT,100,100,RANDOM,11
47,4800,15.853748083114624,104888,104918.71,0,0.38,0.25,20,ONE_POINT,100,100,RANDOM,11
48,4900,16.212998867034912,104454,104519.14,0,0.38,0.25,20,ONE_POINT,100,100,RANDOM,11
49,5000,16.563695430755615,103834,103869.34,0,0.38,0.25,20,ONE_POINT,100,100,RANDOM,11
50,5100,16.908926248550415,103196,103225.6,0,0.38,0.25,20,ONE_POINT,100,100,RANDOM,11
51,5200,17.251237630844116,102782,102797.66,0,0.38,0.25,20,ONE_POINT,100,100,RANDOM,11
52,5300,17.54963707923889,102455,102473.5,0,0.38,0.25,20,ONE_POINT,100,100,RANDOM,11
53,5400,17.8857581615448,101645,101674.17,0,0.38,0.25,20,ONE_POINT,100,100,RANDOM,11
54,5500,18.20175552368164,101427,101439.8,0,0.38,0.25,20,ONE_POINT,100,100,RANDOM,11
55,5600,18.52544617652893,101161,101176.96,0,0.38,0.25,20,ONE_POINT,100,100,RANDOM,11
56,5700,18.859442710876465,100905,100914.35,0,0.38,0.25,20,ONE_POINT,100,100,RANDOM,11
57,5800,19.16102147102356,100652,100732.27,0,0.38,0.25,20,ONE_POINT,100,100,RANDOM,11
58,5900,19.525023221969604,100376,100388.02,0,0.38,0.25,20,ONE_POINT,100,100,RANDOM,11
59,6000,19.85187530517578,100238,100249.26,0,0.38,0.25,20,ONE_POINT,100,100,RANDOM,11
60,6100,20.202425956726074,99986,100002.81,0,0.38,0.25,20,ONE_POINT,100,100,RANDOM,11
61,6200,20.526484727859497,99773,99788.3,0,0.38,0.25,20,ONE_POINT,100,100,RANDOM,11
62,6300,20.862913846969604,99440,99454.94,0,0.38,0.25,20,ONE_POINT,100,100,RANDOM,11
63,6400,21.176666736602783,99042,99056.99,0,0.38,0.25,20,ONE_POINT,100,100,RANDOM,11
64,6500,21.476528882980347,98524,98543.47,0,0.38,0.25,20,ONE_POINT,100,100,RANDOM,11
65,6600,21.79411244392395,98288,98298.03,0,0.38,0.25,20,ONE_POINT,100,100,RANDOM,11
66,6700,22.16817545890808,98027,98046.05,0,0.38,0.25,20,ONE_POINT,100,100,RANDOM,11
67,6800,22.513972759246826,97670,97684.71,0,0.38,0.25,20,ONE_POINT,100,100,RANDOM,11
68,6900,22.858814001083374,97272,97292.52,0,0.38,0.25,20,ONE_POINT,100,100,RANDOM,11
69,7000,23.16175079345703,96829,96859.12,0,0.38,0.25,20,ONE_POINT,100,100,RANDOM,11
70,7100,23.523609399795532,96387,96412.48,0,0.38,0.25,20,ONE_POINT,100,100,RANDOM,11
71,7200,23.85707974433899,96146,96162.94,0,0.38,0.25,20,ONE_POINT,100,100,RANDOM,11
72,7300,24.203571557998657,95956,95967.77,0,0.38,0.25,20,ONE_POINT,100,100,RANDOM,11
73,7400,24.551127672195435,95752,95767.25,0,0.38,0.25,20,ONE_POINT,100,100,RANDOM,11
74,7500,24.90064835548401,95468,95520.93,0,0.38,0.25,20,ONE_POINT,100,100,RANDOM,11
75,7600,25.204779624938965,94887,94922.03,0,0.38,0.25,20,ONE_POINT,100,100,RANDOM,11
76,7700,25.568973302841187,94592,94608.01,0,0.38,0.25,20,ONE_POINT,100,100,RANDOM,11
77,7800,25.919057846069336,94348,94367.41,0,0.38,0.25,20,ONE_POINT,100,100,RANDOM,11
78,7900,26.24942708015442,93864,93886.59,0,0.38,0.25,20,ONE_POINT,100,100,RANDOM,11
79,8000,26.604921340942383,93729,93775.88,0,0.38,0.25,20,ONE_POINT,100,100,RANDOM,11
80,8100,26.935203552246094,93411,93427.29,0,0.38,0.25,20,ONE_POINT,100,100,RANDOM,11
81,8200,27.251389980316162,92937,92959.14,0,0.38,0.25,20,ONE_POINT,100,100,RANDOM,11
82,8300,27.55477786064148,92797,92804.44,0,0.38,0.25,20,ONE_POINT,100,100,RANDOM,11
83,8400,27.85894227027893,92208,92294.72,0,0.38,0.25,20,ONE_POINT,100,100,RANDOM,11
84,8500,28.19699764251709,91860,91889.18,0,0.38,0.25,20,ONE_POINT,100,100,RANDOM,11
85,8600,28.51472043991089,91497,91528.15,0,0.38,0.25,20,ONE_POINT,100,100,RANDOM,11
86,8700,28.824073553085327,91117,91159.67,0,0.38,0.25,20,ONE_POINT,100,100,RANDOM,11
87,8800,29.14899969100952,90772,90794.93,0,0.38,0.25,20,ONE_POINT,100,100,RANDOM,11
88,8900,29.494211435317993,90630,90638.52,0,0.38,0.25,20,ONE_POINT,100,100,RANDOM,11
89,9000,29.831883430480957,90378,90391.82,0,0.38,0.25,20,ONE_POINT,100,100,RANDOM,11
90,9100,30.177946090698242,89831,89852.87,0,0.38,0.25,20,ONE_POINT,100,100,RANDOM,11
91,9200,30.532050609588623,89445,89488.1,0,0.38,0.25,20,ONE_POINT,100,100,RANDOM,11
92,9300,30.854977130889893,89054,89159.47,0,0.38,0.25,20,ONE_POINT,100,100,RANDOM,11
93,9400,31.20646834373474,88740,88790.38,0,0.38,0.25,20,ONE_POINT,100,100,RANDOM,11
94,9500,31.50622010231018,88486,88499.46,0,0.38,0.25,20,ONE_POINT,100,100,RANDOM,11
95,9600,31.86985468864441,88197,88229.4,0,0.38,0.25,20,ONE_POINT,100,100,RANDOM,11
96,9700,32.20890974998474,88027,88036.43,0,0.38,0.25,20,ONE_POINT,100,100,RANDOM,11
97,9800,32.54852795600891,87771,87787.61,0,0.38,0.25,20,ONE_POINT,100,100,RANDOM,11
98,9900,32.887454986572266,87511,87524.08,0,0.38,0.25,20,ONE_POINT,100,100,RANDOM,11
99,10000,33.20747780799866,87212,87226.89,0,0.38,0.25,20,ONE_POINT,100,100,RANDOM,11
100,10100,33.52170705795288,86830,86850.18,0,0.38,0.25,20,ONE_POINT,100,100,RANDOM,11
101,10200,33.8679461479187,86529,86541.98,0,0.38,0.25,20,ONE_POINT,100,100,RANDOM,11
102,10300,34.17680835723877,86036,86071.61,0,0.38,0.25,20,ONE_POINT,100,100,RANDOM,11
103,10400,34.551201820373535,85877,85892.8,0,0.38,0.25,20,ONE_POINT,100,100,RANDOM,11
104,10500,34.91476345062256,85797,85803.15,0,0.38,0.25,20,ONE_POINT,100,100,RANDOM,11
105,10600,35.23700022697449,85419,85461.86,0,0.38,0.25,20,ONE_POINT,100,100,RANDOM,11
106,10700,35.59574842453003,85157,85215.99,0,0.38,0.25,20,ONE_POINT,100,100,RANDOM,11
107,10800,35.898027181625366,85009,85044.66,0,0.38,0.25,20,ONE_POINT,100,100,RANDOM,11
108,10900,36.21065974235535,84845,84853.22,0,0.38,0.25,20,ONE_POINT,100,100,RANDOM,11
109,11000,36.5478572845459,84359,84390.43,0,0.38,0.25,20,ONE_POINT,100,100,RANDOM,11
110,11100,36.911524057388306,83742,83784.65,0,0.38,0.25,20,ONE_POINT,100,100,RANDOM,11
111,11200,37.22268867492676,83515,83531.79,0,0.38,0.25,20,ONE_POINT,100,100,RANDOM,11
112,11300,37.5514030456543,83172,83235.77,0,0.38,0.25,20,ONE_POINT,100,100,RANDOM,11
113,11400,37.85159778594971,82794,82813.15,0,0.38,0.25,20,ONE_POINT,100,100,RANDOM,11
114,11500,38.209086894989014,82464,82488.6,0,0.38,0.25,20,ONE_POINT,100,100,RANDOM,11
115,11600,38.51939296722412,82025,82112.6,0,0.38,0.25,20,ONE_POINT,100,100,RANDOM,11
116,11700,38.81334447860718,81877,81885.88,0,0.38,0.25,20,ONE_POINT,100,100,RANDOM,11
117,11800,39.14519143104553,81733,81873.43,0,0.38,0.25,20,ONE_POINT,100,100,RANDOM,11
118,11900,39.44795322418213,81455,81472.21,0,0.38,0.25,20,ONE_POINT,100,100,RANDOM,11
119,12000,39.77746939659119,81366,81382.47,0,0.38,0.25,20,ONE_POINT,100,100,RANDOM,11
120,12100,40.116772413253784,81125,81140.29,0,0.38,0.25,20,ONE_POINT,100,100,RANDOM,11
121,12200,40.45334076881409,80835,80854.81,0,0.38,0.25,20,ONE_POINT,100,100,RANDOM,11
122,12300,40.75772976875305,80605,80642.22,0,0.38,0.25,20,ONE_POINT,100,100,RANDOM,11
123,12400,41.07587695121765,80321,80338.04,0,0.38,0.25,20,ONE_POINT,100,100,RANDOM,11
124,12500,41.38145160675049,80125,80141.15,0,0.38,0.25,20,ONE_POINT,100,100,RANDOM,11
125,12600,41.67843174934387,79883,79931.82,0,0.38,0.25,20,ONE_POINT,100,100,RANDOM,11
126,12700,42.00634241104126,79688,79699.68,0,0.38,0.25,20,ONE_POINT,100,100,RANDOM,11
127,12800,42.31468367576599,79542,79557.74,0,0.38,0.25,20,ONE_POINT,100,100,RANDOM,11
128,12900,42.64611029624939,79258,79278.49,0,0.38,0.25,20,ONE_POINT,100,100,RANDOM,11
129,13000,43.0079391002655,78942,78980.21,0,0.38,0.25,20,ONE_POINT,100,100,RANDOM,11
130,13100,43.32159996032715,78678,78797.38,0,0.38,0.25,20,ONE_POINT,100,100,RANDOM,11
131,13200,43.64818596839905,78581,78590.2,0,0.38,0.25,20,ONE_POINT,100,100,RANDOM,11
132,13300,44.01291871070862,78440,78479.13,0,0.38,0.25,20,ONE_POINT,100,100,RANDOM,11
133,13400,44.3351035118103,78185,78207.03,0,0.38,0.25,20,ONE_POINT,100,100,RANDOM,11
134,13500,44.685994148254395,78001,78036.52,0,0.38,0.25,20,ONE_POINT,100,100,RANDOM,11
135,13600,45.03428101539612,77867,77876.38,0,0.38,0.25,20,ONE_POINT,100,100,RANDOM,11
136,13700,45.368579149246216,77703,77741.0,0,0.38,0.25,20,ONE_POINT,100,100,RANDOM,11
137,13800,45.66032099723816,77514,77528.41,0,0.38,0.25,20,ONE_POINT,100,100,RANDOM,11
138,13900,45.99108958244324,77400,77440.95,0,0.38,0.25,20,ONE_POINT,100,100,RANDOM,11
139,14000,46.34906578063965,77012,77078.17,0,0.38,0.25,20,ONE_POINT,100,100,RANDOM,11
140,14100,46.667866706848145,76833,76882.93,0,0.38,0.25,20,ONE_POINT,100,100,RANDOM,11
141,14200,47.01650595664978,76550,76566.98,0,0.38,0.25,20,ONE_POINT,100,100,RANDOM,11
142,14300,47.380751848220825,76289,76334.35,0,0.38,0.25,20,ONE_POINT,100,100,RANDOM,11
143,14400,47.68879437446594,76139,76152.24,0,0.38,0.25,20,ONE_POINT,100,100,RANDOM,11
144,14500,47.9933078289032,76029,76036.31,0,0.38,0.25,20,ONE_POINT,100,100,RANDOM,11
145,14600,48.342772006988525,75970,75975.52,0,0.38,0.25,20,ONE_POINT,100,100,RANDOM,11
146,14700,48.65855145454407,75811,75827.73,0,0.38,0.25,20,ONE_POINT,100,100,RANDOM,11
147,14800,48.997695207595825,75500,75522.35,0,0.38,0.25,20,ONE_POINT,100,100,RANDOM,11
148,14900,49.334628105163574,75347,75356.43,0,0.38,0.25,20,ONE_POINT,100,100,RANDOM,11
149,15000,49.660361528396606,75184,75198.75,0,0.38,0.25,20,ONE_POINT,100,100,RANDOM,11
150,15100,50.010042667388916,75091,75110.52,0,0.38,0.25,20,ONE_POINT,100,100,RANDOM,11
151,15200,50.33509635925293,74932,74942.81,0,0.38,0.25,20,ONE_POINT,100,100,RANDOM,11
152,15300,50.668771266937256,74565,74609.67,0,0.38,0.25,20,ONE_POINT,100,100,RANDOM,11
153,15400,50.98739790916443,74357,74378.17,0,0.38,0.25,20,ONE_POINT,100,100,RANDOM,11
154,15500,51.305933237075806,74057,74091.32,0,0.38,0.25,20,ONE_POINT,100,100,RANDOM,11
155,15600,51.65123248100281,73925,73934.24,0,0.38,0.25,20,ONE_POINT,100,100,RANDOM,11
156,15700,51.95617485046387,73682,73697.9,0,0.38,0.25,20,ONE_POINT,100,100,RANDOM,11
157,15800,52.28563165664673,73469,73484.9,0,0.38,0.25,20,ONE_POINT,100,100,RANDOM,11
158,15900,52.61510992050171,73055,73135.24,0,0.38,0.25,20,ONE_POINT,100,100,RANDOM,11
159,16000,52.96460843086243,72858,72989.22,0,0.38,0.25,20,ONE_POINT,100,100,RANDOM,11
160,16100,53.32447338104248,72653,72665.01,0,0.38,0.25,20,ONE_POINT,100,100,RANDOM,11
161,16200,53.666667222976685,72563,72660.89,0,0.38,0.25,20,ONE_POINT,100,100,RANDOM,11
162,16300,54.00003099441528,72459,72468.84,0,0.38,0.25,20,ONE_POINT,100,100,RANDOM,11
163,16400,54.3109655380249,72213,72227.45,0,0.38,0.25,20,ONE_POINT,100,100,RANDOM,11
164,16500,54.61594080924988,72097,72109.03,0,0.38,0.25,20,ONE_POINT,100,100,RANDOM,11
165,16600,54.96122884750366,71950,71972.97,0,0.38,0.25,20,ONE_POINT,100,100,RANDOM,11
166,16700,55.31305146217346,71742,71756.03,0,0.38,0.25,20,ONE_POINT,100,100,RANDOM,11
167,16800,55.629191875457764,71396,71413.88,0,0.38,0.25,20,ONE_POINT,100,100,RANDOM,11
168,16900,55.949928760528564,71322,71334.71,0,0.38,0.25,20,ONE_POINT,100,100,RANDOM,11
169,17000,56.28979516029358,71154,71181.21,0,0.38,0.25,20,ONE_POINT,100,100,RANDOM,11
170,17100,56.62719655036926,70954,70969.24,0,0.38,0.25,20,ONE_POINT,100,100,RANDOM,11
171,17200,56.94137477874756,70818,70846.69,0,0.38,0.25,20,ONE_POINT,100,100,RANDOM,11
172,17300,57.259052753448486,70600,70616.18,0,0.38,0.25,20,ONE_POINT,100,100,RANDOM,11
173,17400,57.573864459991455,70477,70490.13,0,0.38,0.25,20,ONE_POINT,100,100,RANDOM,11
174,17500,57.91587972640991,70406,70440.53,0,0.38,0.25,20,ONE_POINT,100,100,RANDOM,11
175,17600,58.23754048347473,70324,70332.74,0,0.38,0.25,20,ONE_POINT,100,100,RANDOM,11
176,17700,58.6065137386322,70086,70102.66,0,0.38,0.25,20,ONE_POINT,100,100,RANDOM,11
177,17800,58.92755150794983,69914,69931.18,0,0.38,0.25,20,ONE_POINT,100,100,RANDOM,11
178,17900,59.25841736793518,69804,69812.8,0,0.38,0.25,20,ONE_POINT,100,100,RANDOM,11
179,18000,59.61962532997131,69750,69755.78,0,0.38,0.25,20,ONE_POINT,100,100,RANDOM,11
180,18100,59.97951817512512,69552,69565.54,0,0.38,0.25,20,ONE_POINT,100,100,RANDOM,11
181,18200,60.35069537162781,69072,69091.2,0,0.38,0.25,20,ONE_POINT,100,100,RANDOM,11
182,18300,60.711557388305664,68915,68925.22,0,0.38,0.25,20,ONE_POINT,100,100,RANDOM,11
183,18400,61.044605016708374,68816,68831.43,0,0.38,0.25,20,ONE_POINT,100,100,RANDOM,11
184,18500,61.382216453552246,68661,68691.7,0,0.38,0.25,20,ONE_POINT,100,100,RANDOM,11
185,18600,61.700406551361084,68512,68522.0,0,0.38,0.25,20,ONE_POINT,100,100,RANDOM,11
186,18700,61.99441957473755,68333,68407.43,0,0.38,0.25,20,ONE_POINT,100,100,RANDOM,11
187,18800,62.35241436958313,67874,67892.85,0,0.38,0.25,20,ONE_POINT,100,100,RANDOM,11
188,18900,62.65855050086975,67785,67821.76,0,0.38,0.25,20,ONE_POINT,100,100,RANDOM,11
189,19000,62.97581601142883,67695,67702.2,0,0.38,0.25,20,ONE_POINT,100,100,RANDOM,11
190,19100,63.300331830978394,67592,67621.81,0,0.38,0.25,20,ONE_POINT,100,100,RANDOM,11
191,19200,63.64087700843811,67341,67370.86,0,0.38,0.25,20,ONE_POINT,100,100,RANDOM,11
192,19300,63.94039988517761,67117,67133.98,0,0.38,0.25,20,ONE_POINT,100,100,RANDOM,11
193,19400,64.2461256980896,67001,67010.5,0,0.38,0.25,20,ONE_POINT,100,100,RANDOM,11
194,19500,64.57167625427246,66798,66813.42,0,0.38,0.25,20,ONE_POINT,100,100,RANDOM,11
195,19600,64.87702918052673,66626,66656.64,0,0.38,0.25,20,ONE_POINT,100,100,RANDOM,11
196,19700,65.22361278533936,66471,66484.03,0,0.38,0.25,20,ONE_POINT,100,100,RANDOM,11
197,19800,65.55006623268127,65972,66030.28,0,0.38,0.25,20,ONE_POINT,100,100,RANDOM,11
198,19900,65.88105297088623,65490,65526.11,0,0.38,0.25,20,ONE_POINT,100,100,RANDOM,11
199,20000,66.20972490310669,65401,65417.32,0,0.38,0.25,20,ONE_POINT,100,100,RANDOM,11
200,20100,66.53119158744812,65303,65311.14,0,0.38,0.25,20,ONE_POINT,100,100,RANDOM,11
201,20200,66.85702776908875,65148,65161.48,0,0.38,0.25,20,ONE_POINT,100,100,RANDOM,11
202,20300,67.20223474502563,65011,65030.67,0,0.38,0.25,20,ONE_POINT,100,100,RANDOM,11
203,20400,67.57937836647034,64960,64969.73,0,0.38,0.25,20,ONE_POINT,100,100,RANDOM,11
204,20500,67.98094892501831,64874,64882.02,0,0.38,0.25,20,ONE_POINT,100,100,RANDOM,11
205,20600,68.38255548477173,64737,64751.94,0,0.38,0.25,20,ONE_POINT,100,100,RANDOM,11
206,20700,68.74781012535095,64648,64678.39,0,0.38,0.25,20,ONE_POINT,100,100,RANDOM,11
207,20800,69.07958436012268,64562,64573.36,0,0.38,0.25,20,ONE_POINT,100,100,RANDOM,11
208,20900,69.4230363368988,64361,64374.44,0,0.38,0.25,20,ONE_POINT,100,100,RANDOM,11
209,21000,69.72053527832031,64106,64121.81,0,0.38,0.25,20,ONE_POINT,100,100,RANDOM,11
210,21100,70.08987665176392,64027,64044.66,0,0.38,0.25,20,ONE_POINT,100,100,RANDOM,11
211,21200,70.42561340332031,63944,63950.16,0,0.38,0.25,20,ONE_POINT,100,100,RANDOM,11
212,21300,70.76730298995972,63828,63837.26,0,0.38,0.25,20,ONE_POINT,100,100,RANDOM,11
213,21400,71.10158944129944,63688,63706.36,0,0.38,0.25,20,ONE_POINT,100,100,RANDOM,11
214,21500,71.41927337646484,63498,63544.73,0,0.38,0.25,20,ONE_POINT,100,100,RANDOM,11
215,21600,71.74282884597778,63378,63387.16,0,0.38,0.25,20,ONE_POINT,100,100,RANDOM,11
216,21700,72.10477828979492,63235,63247.64,0,0.38,0.25,20,ONE_POINT,100,100,RANDOM,11
217,21800,72.4613401889801,62921,62939.06,0,0.38,0.25,20,ONE_POINT,100,100,RANDOM,11
218,21900,72.81604552268982,62812,62827.05,0,0.38,0.25,20,ONE_POINT,100,100,RANDOM,11
219,22000,73.12654232978821,62655,62675.33,0,0.38,0.25,20,ONE_POINT,100,100,RANDOM,11
220,22100,73.45410203933716,62562,62573.9,0,0.38,0.25,20,ONE_POINT,100,100,RANDOM,11
221,22200,73.79341244697571,62267,62316.93,0,0.38,0.25,20,ONE_POINT,100,100,RANDOM,11
222,22300,74.12761330604553,62043,62086.15,0,0.38,0.25,20,ONE_POINT,100,100,RANDOM,11
223,22400,74.50645136833191,61928,61941.45,0,0.38,0.25,20,ONE_POINT,100,100,RANDOM,11
224,22500,74.85108518600464,61830,61864.83,0,0.38,0.25,20,ONE_POINT,100,100,RANDOM,11
225,22600,75.18209338188171,61731,61745.03,0,0.38,0.25,20,ONE_POINT,100,100,RANDOM,11
226,22700,75.48726439476013,61652,61659.11,0,0.38,0.25,20,ONE_POINT,100,100,RANDOM,11
227,22800,75.83789420127869,61444,61456.26,0,0.38,0.25,20,ONE_POINT,100,100,RANDOM,11
228,22900,76.19597268104553,61019,61048.55,0,0.38,0.25,20,ONE_POINT,100,100,RANDOM,11
229,23000,76.53614664077759,60928,61018.98,0,0.38,0.25,20,ONE_POINT,100,100,RANDOM,11
230,23100,76.87764644622803,60798,60821.74,0,0.38,0.25,20,ONE_POINT,100,100,RANDOM,11
231,23200,77.18911075592041,60517,60536.58,0,0.38,0.25,20,ONE_POINT,100,100,RANDOM,11
232,23300,77.50570511817932,60427,60435.24,0,0.38,0.25,20,ONE_POINT,100,100,RANDOM,11
233,23400,77.87635588645935,60373,60379.12,0,0.38,0.25,20,ONE_POINT,100,100,RANDOM,11
234,23500,78.20637822151184,60186,60218.26,0,0.38,0.25,20,ONE_POINT,100,100,RANDOM,11
235,23600,78.56365633010864,60121,60155.26,0,0.38,0.25,20,ONE_POINT,100,100,RANDOM,11
236,23700,78.90709233283997,59882,59912.23,0,0.38,0.25,20,ONE_POINT,100,100,RANDOM,11
237,23800,79.23846435546875,59660,59747.12,0,0.38,0.25,20,ONE_POINT,100,100,RANDOM,11
238,23900,79.53405380249023,59580,59601.36,0,0.38,0.25,20,ONE_POINT,100,100,RANDOM,11
239,24000,79.83988881111145,59302,59318.66,0,0.38,0.25,20,ONE_POINT,100,100,RANDOM,11
240,24100,80.1450879573822,59226,59244.2,0,0.38,0.25,20,ONE_POINT,100,100,RANDOM,11
241,24200,80.48759007453918,59141,59175.67,0,0.38,0.25,20,ONE_POINT,100,100,RANDOM,11
242,24300,80.81262564659119,59039,59054.75,0,0.38,0.25,20,ONE_POINT,100,100,RANDOM,11
243,24400,81.13230061531067,58953,58963.36,0,0.38,0.25,20,ONE_POINT,100,100,RANDOM,11
244,24500,81.48332452774048,58905,58913.37,0,0.38,0.25,20,ONE_POINT,100,100,RANDOM,11
245,24600,81.83934617042542,58669,58697.56,0,0.38,0.25,20,ONE_POINT,100,100,RANDOM,11
246,24700,82.15996718406677,58608,58615.18,0,0.38,0.25,20,ONE_POINT,100,100,RANDOM,11
247,24800,82.52448725700378,58500,58547.18,0,0.38,0.25,20,ONE_POINT,100,100,RANDOM,11
248,24900,82.86020064353943,58364,58373.88,0,0.38,0.25,20,ONE_POINT,100,100,RANDOM,11
249,25000,83.15762948989868,58298,58389.23,0,0.38,0.25,20,ONE_POINT,100,100,RANDOM,11
250,25100,83.48401474952698,58221,58231.96,0,0.38,0.25,20,ONE_POINT,100,100,RANDOM,11
251,25200,83.80442261695862,58195,58205.99,0,0.38,0.25,20,ONE_POINT,100,100,RANDOM,11
252,25300,84.11455750465393,58129,58135.18,0,0.38,0.25,20,ONE_POINT,100,100,RANDOM,11
253,25400,84.43937754631042,58035,58058.2,0,0.38,0.25,20,ONE_POINT,100,100,RANDOM,11
254,25500,84.76022291183472,57945,57960.99,0,0.38,0.25,20,ONE_POINT,100,100,RANDOM,11
255,25600,85.1074230670929,57778,57813.04,0,0.38,0.25,20,ONE_POINT,100,100,RANDOM,11
256,25700,85.42850160598755,57597,57611.64,0,0.38,0.25,20,ONE_POINT,100,100,RANDOM,11
257,25800,85.7261233329773,57533,57558.08,0,0.38,0.25,20,ONE_POINT,100,100,RANDOM,11
258,25900,86.04859733581543,57365,57378.21,0,0.38,0.25,20,ONE_POINT,100,100,RANDOM,11
259,26000,86.411860704422,57225,57236.13,0,0.38,0.25,20,ONE_POINT,100,100,RANDOM,11
260,26100,86.73480439186096,57155,57179.34,0,0.38,0.25,20,ONE_POINT,100,100,RANDOM,11
261,26200,87.06668758392334,57110,57123.46,0,0.38,0.25,20,ONE_POINT,100,100,RANDOM,11
262,26300,87.397616147995,57017,57025.37,0,0.38,0.25,20,ONE_POINT,100,100,RANDOM,11
263,26400,87.73266458511353,56868,56882.69,0,0.38,0.25,20,ONE_POINT,100,100,RANDOM,11
264,26500,88.05736374855042,56807,56820.11,0,0.38,0.25,20,ONE_POINT,100,100,RANDOM,11
265,26600,88.37697410583496,56734,56743.88,0,0.38,0.25,20,ONE_POINT,100,100,RANDOM,11
266,26700,88.72446608543396,56654,56661.98,0,0.38,0.25,20,ONE_POINT,100,100,RANDOM,11
267,26800,89.028324842453,56558,56568.99,0,0.38,0.25,20,ONE_POINT,100,100,RANDOM,11
268,26900,89.33696818351746,56466,56475.3,0,0.38,0.25,20,ONE_POINT,100,100,RANDOM,11
269,27000,89.66424036026001,56300,56311.15,0,0.38,0.25,20,ONE_POINT,100,100,RANDOM,11
270,27100,89.98015713691711,56220,56227.54,0,0.38,0.25,20,ONE_POINT,100,100,RANDOM,11
271,27200,90.3474817276001,56126,56150.04,0,0.38,0.25,20,ONE_POINT,100,100,RANDOM,11
272,27300,90.654776096344,56052,56058.77,0,0.38,0.25,20,ONE_POINT,100,100,RANDOM,11
273,27400,90.97807693481445,55974,56071.21,0,0.38,0.25,20,ONE_POINT,100,100,RANDOM,11
274,27500,91.30253744125366,55896,55904.06,0,0.38,0.25,20,ONE_POINT,100,100,RANDOM,11
275,27600,91.60379481315613,55718,55731.75,0,0.38,0.25,20,ONE_POINT,100,100,RANDOM,11
276,27700,91.9322407245636,55621,55641.87,0,0.38,0.25,20,ONE_POINT,100,100,RANDOM,11
277,27800,92.23082304000854,55529,55588.31,0,0.38,0.25,20,ONE_POINT,100,100,RANDOM,11
278,27900,92.57163858413696,55468,55472.88,0,0.38,0.25,20,ONE_POINT,100,100,RANDOM,11
279,28000,92.8728084564209,55369,55433.83,0,0.38,0.25,20,ONE_POINT,100,100,RANDOM,11
280,28100,93.20734477043152,55264,55322.37,0,0.38,0.25,20,ONE_POINT,100,100,RANDOM,11
281,28200,93.53582620620728,55138,55169.22,0,0.38,0.25,20,ONE_POINT,100,100,RANDOM,11
282,28300,93.86424469947815,55098,55101.91,0,0.38,0.25,20,ONE_POINT,100,100,RANDOM,11
283,28400,94.18947911262512,55049,55062.69,0,0.38,0.25,20,ONE_POINT,100,100,RANDOM,11
284,28500,94.50835466384888,54882,54939.09,0,0.38,0.25,20,ONE_POINT,100,100,RANDOM,11
285,28600,94.8094117641449,54754,54769.31,0,0.38,0.25,20,ONE_POINT,100,100,RANDOM,11
286,28700,95.10553216934204,54719,54726.69,0,0.38,0.25,20,ONE_POINT,100,100,RANDOM,11
287,28800,95.44344663619995,54600,54633.64,0,0.38,0.25,20,ONE_POINT,100,100,RANDOM,11
288,28900,95.79692196846008,54570,54697.49,0,0.38,0.25,20,ONE_POINT,100,100,RANDOM,11
289,29000,96.11440753936768,54416,54488.28,0,0.38,0.25,20,ONE_POINT,100,100,RANDOM,11
290,29100,96.44199991226196,54306,54329.46,0,0.38,0.25,20,ONE_POINT,100,100,RANDOM,11
291,29200,96.81617879867554,54242,54253.15,0,0.38,0.25,20,ONE_POINT,100,100,RANDOM,11
292,29300,97.139719247818,54161,54186.95,0,0.38,0.25,20,ONE_POINT,100,100,RANDOM,11
293,29400,97.49284934997559,54073,54086.5,0,0.38,0.25,20,ONE_POINT,100,100,RANDOM,11
294,29500,97.79356217384338,53993,54009.58,0,0.38,0.25,20,ONE_POINT,100,100,RANDOM,11
295,29600,98.11794638633728,53909,53928.73,0,0.38,0.25,20,ONE_POINT,100,100,RANDOM,11
296,29700,98.44131708145142,53727,53742.61,0,0.38,0.25,20,ONE_POINT,100,100,RANDOM,11
297,29800,98.7714581489563,53635,53642.63,0,0.38,0.25,20,ONE_POINT,100,100,RANDOM,11
298,29900,99.09389996528625,53534,53543.29,0,0.38,0.25,20,ONE_POINT,100,100,RANDOM,11
299,30000,99.39060759544373,53498,53504.67,0,0.38,0.25,20,ONE_POINT,100,100,RANDOM,11
300,30100,99.73222255706787,53377,53389.7,0,0.38,0.25,20,ONE_POINT,100,100,RANDOM,11
301,30200,100.08027267456055,53285,53295.94,0,0.38,0.25,20,ONE_POINT,100,100,RANDOM,11
302,30300,100.47503638267517,53222,53245.97,0,0.38,0.25,20,ONE_POINT,100,100,RANDOM,11
303,30400,100.84157013893127,53107,53133.58,0,0.38,0.25,20,ONE_POINT,100,100,RANDOM,11
304,30500,101.205246925354,53087,53090.81,0,0.38,0.25,20,ONE_POINT,100,100,RANDOM,11
305,30600,101.54232406616211,53006,53074.29,0,0.38,0.25,20,ONE_POINT,100,100,RANDOM,11
306,30700,101.91730618476868,52938,53045.94,0,0.38,0.25,20,ONE_POINT,100,100,RANDOM,11
307,30800,102.25877380371094,52709,52724.1,0,0.38,0.25,20,ONE_POINT,100,100,RANDOM,11
308,30900,102.58492517471313,52656,52664.08,0,0.38,0.25,20,ONE_POINT,100,100,RANDOM,11
309,31000,102.93456411361694,52521,52548.03,0,0.38,0.25,20,ONE_POINT,100,100,RANDOM,11
310,31100,103.29534721374512,52325,52336.76,0,0.38,0.25,20,ONE_POINT,100,100,RANDOM,11
311,31200,103.60710906982422,52221,52232.63,0,0.38,0.25,20,ONE_POINT,100,100,RANDOM,11
312,31300,103.95705437660217,52096,52125.49,0,0.38,0.25,20,ONE_POINT,100,100,RANDOM,11
313,31400,104.30806303024292,51790,51931.55,0,0.38,0.25,20,ONE_POINT,100,100,RANDOM,11
314,31500,104.63464426994324,51662,51702.07,0,0.38,0.25,20,ONE_POINT,100,100,RANDOM,11
315,31600,104.9656229019165,51581,51592.14,0,0.38,0.25,20,ONE_POINT,100,100,RANDOM,11
316,31700,105.2895724773407,51531,51576.56,0,0.38,0.25,20,ONE_POINT,100,100,RANDOM,11
317,31800,105.59893655776978,51367,51400.22,0,0.38,0.25,20,ONE_POINT,100,100,RANDOM,11
318,31900,105.96041011810303,51315,51321.84,0,0.38,0.25,20,ONE_POINT,100,100,RANDOM,11
319,32000,106.27269053459167,51244,51270.32,0,0.38,0.25,20,ONE_POINT,100,100,RANDOM,11
320,32100,106.63967037200928,51140,51212.15,0,0.38,0.25,20,ONE_POINT,100,100,RANDOM,11
321,32200,106.95960426330566,51111,51126.34,0,0.38,0.25,20,ONE_POINT,100,100,RANDOM,11
322,32300,107.29981017112732,51017,51036.8,0,0.38,0.25,20,ONE_POINT,100,100,RANDOM,11
323,32400,107.64988923072815,50924,50942.4,0,0.38,0.25,20,ONE_POINT,100,100,RANDOM,11
324,32500,107.9955427646637,50863,50869.63,0,0.38,0.25,20,ONE_POINT,100,100,RANDOM,11
325,32600,108.33534407615662,50748,50774.56,0,0.38,0.25,20,ONE_POINT,100,100,RANDOM,11
326,32700,108.6868634223938,50674,50707.55,0,0.38,0.25,20,ONE_POINT,100,100,RANDOM,11
327,32800,109.04233455657959,50628,50633.58,0,0.38,0.25,20,ONE_POINT,100,100,RANDOM,11
328,32900,109.37150359153748,50559,50727.47,0,0.38,0.25,20,ONE_POINT,100,100,RANDOM,11
329,33000,109.67062473297119,50377,50427.29,0,0.38,0.25,20,ONE_POINT,100,100,RANDOM,11
330,33100,109.96079063415527,50265,50299.46,0,0.38,0.25,20,ONE_POINT,100,100,RANDOM,11
331,33200,110.25579929351807,50233,50236.87,0,0.38,0.25,20,ONE_POINT,100,100,RANDOM,11
332,33300,110.61195826530457,50198,50202.67,0,0.38,0.25,20,ONE_POINT,100,100,RANDOM,11
333,33400,110.97562193870544,49946,49964.41,0,0.38,0.25,20,ONE_POINT,100,100,RANDOM,11
334,33500,111.27796244621277,49906,49930.28,0,0.38,0.25,20,ONE_POINT,100,100,RANDOM,11
335,33600,111.5798110961914,49843,49850.2,0,0.38,0.25,20,ONE_POINT,100,100,RANDOM,11
336,33700,111.90401792526245,49804,49809.34,0,0.38,0.25,20,ONE_POINT,100,100,RANDOM,11
337,33800,112.23927235603333,49626,49643.05,0,0.38,0.25,20,ONE_POINT,100,100,RANDOM,11
338,33900,112.58758425712585,49575,49586.32,0,0.38,0.25,20,ONE_POINT,100,100,RANDOM,11
339,34000,112.89044070243835,49507,49516.57,0,0.38,0.25,20,ONE_POINT,100,100,RANDOM,11
340,34100,113.19578695297241,49483,49492.23,0,0.38,0.25,20,ONE_POINT,100,100,RANDOM,11
341,34200,113.5011715888977,49409,49432.05,0,0.38,0.25,20,ONE_POINT,100,100,RANDOM,11
342,34300,113.81846237182617,49231,49250.56,0,0.38,0.25,20,ONE_POINT,100,100,RANDOM,11
343,34400,114.13868427276611,49105,49118.84,0,0.38,0.25,20,ONE_POINT,100,100,RANDOM,11
344,34500,114.50290036201477,48981,49008.33,0,0.38,0.25,20,ONE_POINT,100,100,RANDOM,11
345,34600,114.80772614479065,48892,48960.94,0,0.38,0.25,20,ONE_POINT,100,100,RANDOM,11
346,34700,115.16081476211548,48779,48789.02,0,0.38,0.25,20,ONE_POINT,100,100,RANDOM,11
347,34800,115.50179886817932,48707,48714.03,0,0.38,0.25,20,ONE_POINT,100,100,RANDOM,11
348,34900,115.81681203842163,48614,48873.45,0,0.38,0.25,20,ONE_POINT,100,100,RANDOM,11
349,35000,116.14885401725769,48599,48608.66,0,0.38,0.25,20,ONE_POINT,100,100,RANDOM,11
350,35100,116.50850820541382,48599,48600.88,0,0.38,0.25,20,ONE_POINT,100,100,RANDOM,11
351,35200,116.8675012588501,48513,48523.16,0,0.38,0.25,20,ONE_POINT,100,100,RANDOM,11
352,35300,117.19113898277283,48466,48474.77,0,0.38,0.25,20,ONE_POINT,100,100,RANDOM,11
353,35400,117.53180932998657,48410,48447.82,0,0.38,0.25,20,ONE_POINT,100,100,RANDOM,11
354,35500,117.86802124977112,48304,48312.3,0,0.38,0.25,20,ONE_POINT,100,100,RANDOM,11
355,35600,118.19744491577148,48249,48255.05,0,0.38,0.25,20,ONE_POINT,100,100,RANDOM,11
356,35700,118.5383243560791,48231,48235.35,0,0.38,0.25,20,ONE_POINT,100,100,RANDOM,11
357,35800,118.89932990074158,48220,48221.57,0,0.38,0.25,20,ONE_POINT,100,100,RANDOM,11
358,35900,119.20175313949585,47950,47966.69,0,0.38,0.25,20,ONE_POINT,100,100,RANDOM,11
359,36000,119.58180952072144,47857,47868.92,0,0.38,0.25,20,ONE_POINT,100,100,RANDOM,11
360,36100,119.92345094680786,47799,47805.97,0,0.38,0.25,20,ONE_POINT,100,100,RANDOM,11
361,36200,120.27376008033752,47721,47729.38,0,0.38,0.25,20,ONE_POINT,100,100,RANDOM,11
362,36300,120.6068503856659,47663,47696.32,0,0.38,0.25,20,ONE_POINT,100,100,RANDOM,11
363,36400,120.91398048400879,47539,47681.5,0,0.38,0.25,20,ONE_POINT,100,100,RANDOM,11
364,36500,121.2618305683136,47470,47476.97,0,0.38,0.25,20,ONE_POINT,100,100,RANDOM,11
365,36600,121.57650661468506,47262,47280.07,0,0.38,0.25,20,ONE_POINT,100,100,RANDOM,11
366,36700,121.9325807094574,47205,47210.64,0,0.38,0.25,20,ONE_POINT,100,100,RANDOM,11
367,36800,122.27482914924622,47164,47170.53,0,0.38,0.25,20,ONE_POINT,100,100,RANDOM,11
368,36900,122.60383152961731,47138,47144.48,0,0.38,0.25,20,ONE_POINT,100,100,RANDOM,11
369,37000,122.92763090133667,47071,47081.18,0,0.38,0.25,20,ONE_POINT,100,100,RANDOM,11
370,37100,123.24304676055908,46979,46987.49,0,0.38,0.25,20,ONE_POINT,100,100,RANDOM,11
371,37200,123.58881568908691,46912,46934.53,0,0.38,0.25,20,ONE_POINT,100,100,RANDOM,11
372,37300,123.93695545196533,46811,46830.13,0,0.38,0.25,20,ONE_POINT,100,100,RANDOM,11
373,37400,124.2797498703003,46707,46720.98,0,0.38,0.25,20,ONE_POINT,100,100,RANDOM,11
374,37500,124.64171075820923,46675,46681.17,0,0.38,0.25,20,ONE_POINT,100,100,RANDOM,11
375,37600,124.97523832321167,46610,46632.73,0,0.38,0.25,20,ONE_POINT,100,100,RANDOM,11
376,37700,125.3349347114563,46549,46591.44,0,0.38,0.25,20,ONE_POINT,100,100,RANDOM,11
377,37800,125.66231775283813,46475,46507.17,0,0.38,0.25,20,ONE_POINT,100,100,RANDOM,11
378,37900,126.01574659347534,46430,46458.44,0,0.38,0.25,20,ONE_POINT,100,100,RANDOM,11
379,38000,126.34116959571838,46334,46349.51,0,0.38,0.25,20,ONE_POINT,100,100,RANDOM,11
380,38100,126.65928792953491,46285,46290.62,0,0.38,0.25,20,ONE_POINT,100,100,RANDOM,11
381,38200,127.00548386573792,46231,46260.44,0,0.38,0.25,20,ONE_POINT,100,100,RANDOM,11
382,38300,127.32881450653076,46202,46292.87,0,0.38,0.25,20,ONE_POINT,100,100,RANDOM,11
383,38400,127.6700074672699,46141,46157.03,0,0.38,0.25,20,ONE_POINT,100,100,RANDOM,11
384,38500,127.99826669692993,46037,46052.71,0,0.38,0.25,20,ONE_POINT,100,100,RANDOM,11
385,38600,128.31933641433716,45924,45933.05,0,0.38,0.25,20,ONE_POINT,100,100,RANDOM,11
386,38700,128.6229543685913,45834,45858.36,0,0.38,0.25,20,ONE_POINT,100,100,RANDOM,11
387,38800,128.9236240386963,45688,45699.83,0,0.38,0.25,20,ONE_POINT,100,100,RANDOM,11
388,38900,129.2320830821991,45595,45605.76,0,0.38,0.25,20,ONE_POINT,100,100,RANDOM,11
389,39000,129.59525871276855,45550,45598.74,0,0.38,0.25,20,ONE_POINT,100,100,RANDOM,11
390,39100,129.8950526714325,45488,45495.27,0,0.38,0.25,20,ONE_POINT,100,100,RANDOM,11
391,39200,130.24865770339966,45439,45444.94,0,0.38,0.25,20,ONE_POINT,100,100,RANDOM,11
392,39300,130.61848664283752,45402,45486.08,0,0.38,0.25,20,ONE_POINT,100,100,RANDOM,11
393,39400,130.9761347770691,45387,45405.56,0,0.38,0.25,20,ONE_POINT,100,100,RANDOM,11
394,39500,131.31813740730286,45340,45346.41,0,0.38,0.25,20,ONE_POINT,100,100,RANDOM,11
395,39600,131.66118049621582,45296,45301.9,0,0.38,0.25,20,ONE_POINT,100,100,RANDOM,11
396,39700,131.96159291267395,45216,45247.93,0,0.38,0.25,20,ONE_POINT,100,100,RANDOM,11
397,39800,132.2938253879547,45171,45180.92,0,0.38,0.25,20,ONE_POINT,100,100,RANDOM,11
398,39900,132.63443183898926,45095,45109.23,0,0.38,0.25,20,ONE_POINT,100,100,RANDOM,11
399,40000,132.9311375617981,45036,45051.89,0,0.38,0.25,20,ONE_POINT,100,100,RANDOM,11
400,40100,133.2722520828247,45014,45016.51,0,0.38,0.25,20,ONE_POINT,100,100,RANDOM,11
401,40200,133.5735399723053,44927,44948.15,0,0.38,0.25,20,ONE_POINT,100,100,RANDOM,11
402,40300,133.89865922927856,44868,44941.96,0,0.38,0.25,20,ONE_POINT,100,100,RANDOM,11
403,40400,134.27391386032104,44792,44808.98,0,0.38,0.25,20,ONE_POINT,100,100,RANDOM,11
404,40500,134.67873620986938,44767,44785.17,0,0.38,0.25,20,ONE_POINT,100,100,RANDOM,11
405,40600,135.053457736969,44706,44718.82,0,0.38,0.25,20,ONE_POINT,100,100,RANDOM,11
406,40700,135.37275171279907,44637,44788.25,0,0.38,0.25,20,ONE_POINT,100,100,RANDOM,11
407,40800,135.69765901565552,44618,44781.63,0,0.38,0.25,20,ONE_POINT,100,100,RANDOM,11
408,40900,136.04668307304382,44577,44582.27,0,0.38,0.25,20,ONE_POINT,100,100,RANDOM,11
409,41000,136.35594940185547,44544,44547.94,0,0.38,0.25,20,ONE_POINT,100,100,RANDOM,11
410,41100,136.6952965259552,44461,44467.24,0,0.38,0.25,20,ONE_POINT,100,100,RANDOM,11
411,41200,137.02160000801086,44445,44448.93,0,0.38,0.25,20,ONE_POINT,100,100,RANDOM,11
412,41300,137.32324934005737,44322,44333.47,0,0.38,0.25,20,ONE_POINT,100,100,RANDOM,11
413,41400,137.66000318527222,44301,44306.16,0,0.38,0.25,20,ONE_POINT,100,100,RANDOM,11
414,41500,137.98685717582703,44260,44265.53,0,0.38,0.25,20,ONE_POINT,100,100,RANDOM,11
415,41600,138.32929587364197,44220,44239.79,0,0.38,0.25,20,ONE_POINT,100,100,RANDOM,11
416,41700,138.65760350227356,44153,44240.59,0,0.38,0.25,20,ONE_POINT,100,100,RANDOM,11
417,41800,139.00608897209167,44105,44222.12,0,0.38,0.25,20,ONE_POINT,100,100,RANDOM,11
418,41900,139.30480694770813,44020,44029.9,0,0.38,0.25,20,ONE_POINT,100,100,RANDOM,11
419,42000,139.61862993240356,43916,44087.48,0,0.38,0.25,20,ONE_POINT,100,100,RANDOM,11
420,42100,139.94182634353638,43890,43928.18,0,0.38,0.25,20,ONE_POINT,100,100,RANDOM,11
421,42200,140.3011736869812,43864,43865.86,0,0.38,0.25,20,ONE_POINT,100,100,RANDOM,11
422,42300,140.6335825920105,43827,43841.78,0,0.38,0.25,20,ONE_POINT,100,100,RANDOM,11
423,42400,140.95526719093323,43759,43766.7,0,0.38,0.25,20,ONE_POINT,100,100,RANDOM,11
424,42500,141.30058979988098,43732,43737.73,0,0.38,0.25,20,ONE_POINT,100,100,RANDOM,11
425,42600,141.6291630268097,43666,43680.39,0,0.38,0.25,20,ONE_POINT,100,100,RANDOM,11
426,42700,141.97424626350403,43599,43607.58,0,0.38,0.25,20,ONE_POINT,100,100,RANDOM,11
427,42800,142.3280589580536,43561,43578.13,0,0.38,0.25,20,ONE_POINT,100,100,RANDOM,11
428,42900,142.6917462348938,43524,43529.73,0,0.38,0.25,20,ONE_POINT,100,100,RANDOM,11
429,43000,143.01398944854736,43486,43643.9,0,0.38,0.25,20,ONE_POINT,100,100,RANDOM,11
430,43100,143.32780575752258,43439,43443.39,0,0.38,0.25,20,ONE_POINT,100,100,RANDOM,11
431,43200,143.6703429222107,43394,43402.44,0,0.38,0.25,20,ONE_POINT,100,100,RANDOM,11
432,43300,143.9731183052063,43350,43360.14,0,0.38,0.25,20,ONE_POINT,100,100,RANDOM,11
433,43400,144.32820010185242,43275,43284.22,0,0.38,0.25,20,ONE_POINT,100,100,RANDOM,11
434,43500,144.64789080619812,43230,43236.98,0,0.38,0.25,20,ONE_POINT,100,100,RANDOM,11
435,43600,144.98415970802307,43159,43171.14,0,0.38,0.25,20,ONE_POINT,100,100,RANDOM,11
436,43700,145.32088994979858,43115,43125.54,0,0.38,0.25,20,ONE_POINT,100,100,RANDOM,11
437,43800,145.630469083786,43097,43102.16,0,0.38,0.25,20,ONE_POINT,100,100,RANDOM,11
438,43900,145.95665526390076,43027,43038.74,0,0.38,0.25,20,ONE_POINT,100,100,RANDOM,11
439,44000,146.2913568019867,42933,42944.0,0,0.38,0.25,20,ONE_POINT,100,100,RANDOM,11
440,44100,146.75704288482666,42897,42911.4,0,0.38,0.25,20,ONE_POINT,100,100,RANDOM,11
441,44200,147.12299394607544,42867,42871.08,0,0.38,0.25,20,ONE_POINT,100,100,RANDOM,11
442,44300,147.46573209762573,42825,42832.77,0,0.38,0.25,20,ONE_POINT,100,100,RANDOM,11
443,44400,147.84849500656128,42784,42790.0,0,0.38,0.25,20,ONE_POINT,100,100,RANDOM,11
444,44500,148.2402811050415,42759,42763.04,0,0.38,0.25,20,ONE_POINT,100,100,RANDOM,11
445,44600,148.61906361579895,42732,42757.5,0,0.38,0.25,20,ONE_POINT,100,100,RANDOM,11
446,44700,148.95075869560242,42678,42685.65,0,0.38,0.25,20,ONE_POINT,100,100,RANDOM,11
447,44800,149.28945088386536,42653,42666.59,0,0.38,0.25,20,ONE_POINT,100,100,RANDOM,11
448,44900,149.6347246170044,42570,42577.41,0,0.38,0.25,20,ONE_POINT,100,100,RANDOM,11
449,45000,149.99683952331543,42556,42559.88,0,0.38,0.25,20,ONE_POINT,100,100,RANDOM,11
450,45100,150.34985160827637,42470,42484.21,0,0.38,0.25,20,ONE_POINT,100,100,RANDOM,11
451,45200,150.71332383155823,42418,42426.69,0,0.38,0.25,20,ONE_POINT,100,100,RANDOM,11
452,45300,151.05359840393066,42353,42365.47,0,0.38,0.25,20,ONE_POINT,100,100,RANDOM,11
453,45400,151.43608140945435,42339,42368.5,0,0.38,0.25,20,ONE_POINT,100,100,RANDOM,11
454,45500,151.83048701286316,42322,42327.87,0,0.38,0.25,20,ONE_POINT,100,100,RANDOM,11
455,45600,152.20474648475647,42282,42288.63,0,0.38,0.25,20,ONE_POINT,100,100,RANDOM,11
456,45700,152.5651159286499,42260,42278.48,0,0.38,0.25,20,ONE_POINT,100,100,RANDOM,11
457,45800,152.93489336967468,42243,42255.3,0,0.38,0.25,20,ONE_POINT,100,100,RANDOM,11
458,45900,153.3180799484253,42204,42214.45,0,0.38,0.25,20,ONE_POINT,100,100,RANDOM,11
459,46000,153.6558985710144,42172,42181.81,0,0.38,0.25,20,ONE_POINT,100,100,RANDOM,11
460,46100,154.0279586315155,42142,42146.02,0,0.38,0.25,20,ONE_POINT,100,100,RANDOM,11
461,46200,154.39910626411438,42123,42127.57,0,0.38,0.25,20,ONE_POINT,100,100,RANDOM,11
462,46300,154.7595398426056,42060,42069.15,0,0.38,0.25,20,ONE_POINT,100,100,RANDOM,11
463,46400,155.1268196105957,41999,42010.67,0,0.38,0.25,20,ONE_POINT,100,100,RANDOM,11
464,46500,155.44634199142456,41943,41953.83,0,0.38,0.25,20,ONE_POINT,100,100,RANDOM,11
465,46600,155.80983710289001,41915,41923.82,0,0.38,0.25,20,ONE_POINT,100,100,RANDOM,11
466,46700,156.18481612205505,41846,41855.53,0,0.38,0.25,20,ONE_POINT,100,100,RANDOM,11
467,46800,156.55592346191406,41756,41766.5,0,0.38,0.25,20,ONE_POINT,100,100,RANDOM,11
468,46900,156.92822980880737,41698,41709.6,0,0.38,0.25,20,ONE_POINT,100,100,RANDOM,11
469,47000,157.28208923339844,41687,41694.49,0,0.38,0.25,20,ONE_POINT,100,100,RANDOM,11
470,47100,157.63024520874023,41665,41680.08,0,0.38,0.25,20,ONE_POINT,100,100,RANDOM,11
471,47200,157.94633507728577,41633,41639.0,0,0.38,0.25,20,ONE_POINT,100,100,RANDOM,11
472,47300,158.3010859489441,41566,41573.21,0,0.38,0.25,20,ONE_POINT,100,100,RANDOM,11
473,47400,158.64039254188538,41502,41510.06,0,0.38,0.25,20,ONE_POINT,100,100,RANDOM,11
474,47500,158.962229013443,41483,41485.78,0,0.38,0.25,20,ONE_POINT,100,100,RANDOM,11
475,47600,159.26699113845825,41453,41462.18,0,0.38,0.25,20,ONE_POINT,100,100,RANDOM,11
476,47700,159.56687259674072,41421,41431.25,0,0.38,0.25,20,ONE_POINT,100,100,RANDOM,11
477,47800,159.897127866745,41369,41374.28,0,0.38,0.25,20,ONE_POINT,100,100,RANDOM,11
478,47900,160.23986434936523,41346,41359.35,0,0.38,0.25,20,ONE_POINT,100,100,RANDOM,11
479,48000,160.58612823486328,41313,41482.17,0,0.38,0.25,20,ONE_POINT,100,100,RANDOM,11
480,48100,160.89792656898499,41283,41374.88,0,0.38,0.25,20,ONE_POINT,100,100,RANDOM,11
481,48200,161.20606875419617,41257,41268.72,0,0.38,0.25,20,ONE_POINT,100,100,RANDOM,11
482,48300,161.5075762271881,41234,41241.58,0,0.38,0.25,20,ONE_POINT,100,100,RANDOM,11
483,48400,161.8555371761322,41207,41212.26,0,0.38,0.25,20,ONE_POINT,100,100,RANDOM,11
484,48500,162.1597981452942,41148,41164.6,0,0.38,0.25,20,ONE_POINT,100,100,RANDOM,11
485,48600,162.51162147521973,41097,41107.97,0,0.38,0.25,20,ONE_POINT,100,100,RANDOM,11
486,48700,162.84512329101562,41085,41086.44,0,0.38,0.25,20,ONE_POINT,100,100,RANDOM,11
487,48800,163.15129971504211,41061,41067.3,0,0.38,0.25,20,ONE_POINT,100,100,RANDOM,11
488,48900,163.50424146652222,41036,41040.81,0,0.38,0.25,20,ONE_POINT,100,100,RANDOM,11
489,49000,163.81774282455444,40965,40973.53,0,0.38,0.25,20,ONE_POINT,100,100,RANDOM,11
490,49100,164.1306483745575,40923,40934.4,0,0.38,0.25,20,ONE_POINT,100,100,RANDOM,11
491,49200,164.51030445098877,40875,40966.64,0,0.38,0.25,20,ONE_POINT,100,100,RANDOM,11
492,49300,164.81517457962036,40798,40806.99,0,0.38,0.25,20,ONE_POINT,100,100,RANDOM,11
493,49400,165.15921235084534,40738,40744.03,0,0.38,0.25,20,ONE_POINT,100,100,RANDOM,11
494,49500,165.5118215084076,40688,40761.89,0,0.38,0.25,20,ONE_POINT,100,100,RANDOM,11
495,49600,165.85377407073975,40624,40630.42,0,0.38,0.25,20,ONE_POINT,100,100,RANDOM,11
496,49700,166.15647435188293,40624,40624.0,0,0.38,0.25,20,ONE_POINT,100,100,RANDOM,11
497,49800,166.46380043029785,40612,40631.42,0,0.38,0.25,20,ONE_POINT,100,100,RANDOM,11
498,49900,166.75593829154968,40530,40541.91,0,0.38,0.25,20,ONE_POINT,100,100,RANDOM,11
499,50000,167.06044244766235,40514,40560.63,0,0.38,0.25,20,ONE_POINT,100,100,RANDOM,11
500,50100,167.36524176597595,40471,40496.2,0,0.38,0.25,20,ONE_POINT,100,100,RANDOM,11
1,200,0.23613238334655762,137658,136740.05,0,0.38,0.25,20,ONE_POINT,100,100,RANDOM,12
2,300,0.6343417167663574,135313,135524.77,0,0.38,0.25,20,ONE_POINT,100,100,RANDOM,12
3,400,0.9954760074615479,131954,132054.62,0,0.38,0.25,20,ONE_POINT,100,100,RANDOM,12
4,500,1.3908665180206299,131370,131391.73,0,0.38,0.25,20,ONE_POINT,100,100,RANDOM,12
5,600,1.7454173564910889,130858,130968.17,0,0.38,0.25,20,ONE_POINT,100,100,RANDOM,12
6,700,2.073171377182007,129793,129854.8,0,0.38,0.25,20,ONE_POINT,100,100,RANDOM,12
7,800,2.3812315464019775,129063,129093.98,0,0.38,0.25,20,ONE_POINT,100,100,RANDOM,12
8,900,2.7278597354888916,127908,127953.59,0,0.38,0.25,20,ONE_POINT,100,100,RANDOM,12
9,1000,3.032832145690918,126959,126993.16,0,0.38,0.25,20,ONE_POINT,100,100,RANDOM,12
10,1100,3.3614349365234375,126393,126421.24,0,0.38,0.25,20,ONE_POINT,100,100,RANDOM,12
11,1200,3.7142579555511475,125596,125621.51,0,0.38,0.25,20,ONE_POINT,100,100,RANDOM,12
12,1300,4.023936748504639,124901,124929.99,0,0.38,0.25,20,ONE_POINT,100,100,RANDOM,12
13,1400,4.320781230926514,123781,123842.78,0,0.38,0.25,20,ONE_POINT,100,100,RANDOM,12
14,1500,4.640377521514893,123447,123470.51,0,0.38,0.25,20,ONE_POINT,100,100,RANDOM,12
15,1600,4.946547985076904,123105,123129.97,0,0.38,0.25,20,ONE_POINT,100,100,RANDOM,12
16,1700,5.304628133773804,122706,122741.28,0,0.38,0.25,20,ONE_POINT,100,100,RANDOM,12
17,1800,5.637411832809448,122180,122207.9,0,0.38,0.25,20,ONE_POINT,100,100,RANDOM,12
18,1900,5.936269521713257,121382,121418.12,0,0.38,0.25,20,ONE_POINT,100,100,RANDOM,12
19,2000,6.280610799789429,120146,120191.34,0,0.38,0.25,20,ONE_POINT,100,100,RANDOM,12
20,2100,6.631464958190918,119808,119842.03,0,0.38,0.25,20,ONE_POINT,100,100,RANDOM,12
21,2200,6.947841644287109,119317,119339.59,0,0.38,0.25,20,ONE_POINT,100,100,RANDOM,12
22,2300,7.299715280532837,119044,119065.8,0,0.38,0.25,20,ONE_POINT,100,100,RANDOM,12
23,2400,7.615995645523071,118410,118457.96,0,0.38,0.25,20,ONE_POINT,100,100,RANDOM,12
24,2500,7.9538733959198,117986,118007.2,0,0.38,0.25,20,ONE_POINT,100,100,RANDOM,12
25,2600,8.259838104248047,117415,117453.08,0,0.38,0.25,20,ONE_POINT,100,100,RANDOM,12
26,2700,8.59855055809021,116621,116657.04,0,0.38,0.25,20,ONE_POINT,100,100,RANDOM,12
27,2800,8.915423154830933,116314,116332.09,0,0.38,0.25,20,ONE_POINT,100,100,RANDOM,12
28,2900,9.248442649841309,115841,115865.15,0,0.38,0.25,20,ONE_POINT,100,100,RANDOM,12
29,3000,9.569927453994751,115449,115514.78,0,0.38,0.25,20,ONE_POINT,100,100,RANDOM,12
30,3100,9.882736682891846,114896,114926.4,0,0.38,0.25,20,ONE_POINT,100,100,RANDOM,12
31,3200,10.210447311401367,114524,114546.95,0,0.38,0.25,20,ONE_POINT,100,100,RANDOM,12
32,3300,10.508969783782959,113712,113766.1,0,0.38,0.25,20,ONE_POINT,100,100,RANDOM,12
33,3400,10.841345310211182,113351,113380.61,0,0.38,0.25,20,ONE_POINT,100,100,RANDOM,12
34,3500,11.1734139919281,112744,112792.8,0,0.38,0.25,20,ONE_POINT,100,100,RANDOM,12
35,3600,11.52923035621643,112389,112412.47,0,0.38,0.25,20,ONE_POINT,100,100,RANDOM,12
36,3700,11.861050128936768,111908,111966.01,0,0.38,0.25,20,ONE_POINT,100,100,RANDOM,12
37,3800,12.171634197235107,111021,111060.53,0,0.38,0.25,20,ONE_POINT,100,100,RANDOM,12
38,3900,12.511007308959961,110637,110656.35,0,0.38,0.25,20,ONE_POINT,100,100,RANDOM,12
39,4000,12.842449188232422,110025,110055.6,0,0.38,0.25,20,ONE_POINT,100,100,RANDOM,12
40,4100,13.174440145492554,109769,109793.46,0,0.38,0.25,20,ONE_POINT,100,100,RANDOM,12
41,4200,13.504489183425903,109498,109516.03,0,0.38,0.25,20,ONE_POINT,100,100,RANDOM,12
42,4300,13.821740627288818,108700,108731.95,0,0.38,0.25,20,ONE_POINT,100,100,RANDOM,12
43,4400,14.156386613845825,108316,108332.74,0,0.38,0.25,20,ONE_POINT,100,100,RANDOM,12
44,4500,14.489481449127197,108040,108085.24,0,0.38,0.25,20,ONE_POINT,100,100,RANDOM,12
45,4600,14.825077533721924,107827,107854.19,0,0.38,0.25,20,ONE_POINT,100,100,RANDOM,12
46,4700,15.17536449432373,107566,107582.24,0,0.38,0.25,20,ONE_POINT,100,100,RANDOM,12
47,4800,15.498575448989868,107288,107308.29,0,0.38,0.25,20,ONE_POINT,100,100,RANDOM,12
48,4900,15.83430552482605,107003,107067.54,0,0.38,0.25,20,ONE_POINT,100,100,RANDOM,12
49,5000,16.18396806716919,106361,106401.44,0,0.38,0.25,20,ONE_POINT,100,100,RANDOM,12
50,5100,16.4917471408844,105896,105943.19,0,0.38,0.25,20,ONE_POINT,100,100,RANDOM,12
51,5200,16.833820819854736,105576,105595.2,0,0.38,0.25,20,ONE_POINT,100,100,RANDOM,12
52,5300,17.194204807281494,105251,105262.01,0,0.38,0.25,20,ONE_POINT,100,100,RANDOM,12
53,5400,17.529335021972656,104950,105038.93,0,0.38,0.25,20,ONE_POINT,100,100,RANDOM,12
54,5500,17.875540733337402,104592,104643.6,0,0.38,0.25,20,ONE_POINT,100,100,RANDOM,12
55,5600,18.1915500164032,103904,103927.08,0,0.38,0.25,20,ONE_POINT,100,100,RANDOM,12
56,5700,18.538419485092163,103618,103635.34,0,0.38,0.25,20,ONE_POINT,100,100,RANDOM,12
57,5800,18.878389358520508,103297,103312.93,0,0.38,0.25,20,ONE_POINT,100,100,RANDOM,12
58,5900,19.23921847343445,103012,103074.5,0,0.38,0.25,20,ONE_POINT,100,100,RANDOM,12
59,6000,19.553948163986206,102617,102697.41,0,0.38,0.25,20,ONE_POINT,100,100,RANDOM,12
60,6100,19.926580667495728,102387,102395.46,0,0.38,0.25,20,ONE_POINT,100,100,RANDOM,12
61,6200,20.280259132385254,101592,101625.9,0,0.38,0.25,20,ONE_POINT,100,100,RANDOM,12
62,6300,20.6302011013031,101265,101281.79,0,0.38,0.25,20,ONE_POINT,100,100,RANDOM,12
63,6400,20.96107029914856,100911,100973.95,0,0.38,0.25,20,ONE_POINT,100,100,RANDOM,12
64,6500,21.306241750717163,100644,100662.78,0,0.38,0.25,20,ONE_POINT,100,100,RANDOM,12
65,6600,21.615399837493896,100321,100419.57,0,0.38,0.25,20,ONE_POINT,100,100,RANDOM,12
66,6700,21.954807996749878,99977,99992.2,0,0.38,0.25,20,ONE_POINT,100,100,RANDOM,12
67,6800,22.278541564941406,99514,99537.15,0,0.38,0.25,20,ONE_POINT,100,100,RANDOM,12
68,6900,22.607633352279663,99114,99145.3,0,0.38,0.25,20,ONE_POINT,100,100,RANDOM,12
69,7000,22.964350938796997,98717,98732.79,0,0.38,0.25,20,ONE_POINT,100,100,RANDOM,12
70,7100,23.26440954208374,98408,98442.72,0,0.38,0.25,20,ONE_POINT,100,100,RANDOM,12
71,7200,23.57967519760132,97888,97907.7,0,0.38,0.25,20,ONE_POINT,100,100,RANDOM,12
72,7300,23.9262535572052,97658,97740.0,0,0.38,0.25,20,ONE_POINT,100,100,RANDOM,12
73,7400,24.258498191833496,97429,97508.67,0,0.38,0.25,20,ONE_POINT,100,100,RANDOM,12
74,7500,24.578629970550537,96788,96889.13,0,0.38,0.25,20,ONE_POINT,100,100,RANDOM,12
75,7600,24.943819522857666,96309,96338.02,0,0.38,0.25,20,ONE_POINT,100,100,RANDOM,12
76,7700,25.29407262802124,95740,95810.72,0,0.38,0.25,20,ONE_POINT,100,100,RANDOM,12
77,7800,25.619803190231323,95508,95522.31,0,0.38,0.25,20,ONE_POINT,100,100,RANDOM,12
78,7900,25.93625044822693,94608,94712.79,0,0.38,0.25,20,ONE_POINT,100,100,RANDOM,12
79,8000,26.29390788078308,94403,94416.64,0,0.38,0.25,20,ONE_POINT,100,100,RANDOM,12
80,8100,26.61924719810486,94194,94208.59,0,0.38,0.25,20,ONE_POINT,100,100,RANDOM,12
81,8200,26.93198251724243,93755,93790.65,0,0.38,0.25,20,ONE_POINT,100,100,RANDOM,12
82,8300,27.24755549430847,93608,93620.98,0,0.38,0.25,20,ONE_POINT,100,100,RANDOM,12
83,8400,27.575839519500732,93308,93327.47,0,0.38,0.25,20,ONE_POINT,100,100,RANDOM,12
84,8500,27.90698266029358,92431,92448.54,0,0.38,0.25,20,ONE_POINT,100,100,RANDOM,12
85,8600,28.211483240127563,92188,92202.13,0,0.38,0.25,20,ONE_POINT,100,100,RANDOM,12
86,8700,28.551583290100098,91761,91780.66,0,0.38,0.25,20,ONE_POINT,100,100,RANDOM,12
87,8800,28.87617564201355,91456,91475.52,0,0.38,0.25,20,ONE_POINT,100,100,RANDOM,12
88,8900,29.215234756469727,91128,91168.14,0,0.38,0.25,20,ONE_POINT,100,100,RANDOM,12
89,9000,29.532996892929077,90808,90820.07,0,0.38,0.25,20,ONE_POINT,100,100,RANDOM,12
90,9100,29.869110822677612,90213,90238.03,0,0.38,0.25,20,ONE_POINT,100,100,RANDOM,12
91,9200,30.227673768997192,89889,89901.96,0,0.38,0.25,20,ONE_POINT,100,100,RANDOM,12
92,9300,30.539960861206055,89662,89684.81,0,0.38,0.25,20,ONE_POINT,100,100,RANDOM,12
93,9400,30.854957342147827,89409,89423.16,0,0.38,0.25,20,ONE_POINT,100,100,RANDOM,12
94,9500,31.15404462814331,88939,89035.93,0,0.38,0.25,20,ONE_POINT,100,100,RANDOM,12
95,9600,31.47019624710083,88728,88758.25,0,0.38,0.25,20,ONE_POINT,100,100,RANDOM,12
96,9700,31.775558471679688,88230,88247.46,0,0.38,0.25,20,ONE_POINT,100,100,RANDOM,12
97,9800,32.10468816757202,87941,87969.85,0,0.38,0.25,20,ONE_POINT,100,100,RANDOM,12
98,9900,32.412455320358276,87375,87391.98,0,0.38,0.25,20,ONE_POINT,100,100,RANDOM,12
99,10000,32.74943661689758,87043,87054.18,0,0.38,0.25,20,ONE_POINT,100,100,RANDOM,12
100,10100,33.07985806465149,86785,86793.38,0,0.38,0.25,20,ONE_POINT,100,100,RANDOM,12
101,10200,33.40896534919739,86583,86597.07,0,0.38,0.25,20,ONE_POINT,100,100,RANDOM,12
102,10300,33.71428561210632,86330,86345.41,0,0.38,0.25,20,ONE_POINT,100,100,RANDOM,12
103,10400,34.05787920951843,86181,86190.11,0,0.38,0.25,20,ONE_POINT,100,100,RANDOM,12
104,10500,34.422027826309204,85789,85807.26,0,0.38,0.25,20,ONE_POINT,100,100,RANDOM,12
105,10600,34.87405776977539,85432,85446.28,0,0.38,0.25,20,ONE_POINT,100,100,RANDOM,12
106,10700,35.23797154426575,85104,85120.33,0,0.38,0.25,20,ONE_POINT,100,100,RANDOM,12
107,10800,35.58707880973816,84655,84672.02,0,0.38,0.25,20,ONE_POINT,100,100,RANDOM,12
108,10900,35.89771604537964,84539,84620.34,0,0.38,0.25,20,ONE_POINT,100,100,RANDOM,12
109,11000,36.2171688079834,84289,84302.02,0,0.38,0.25,20,ONE_POINT,100,100,RANDOM,12
110,11100,36.524012327194214,84005,84016.34,0,0.38,0.25,20,ONE_POINT,100,100,RANDOM,12
111,11200,36.82379508018494,83574,83591.37,0,0.38,0.25,20,ONE_POINT,100,100,RANDOM,12
112,11300,37.12274146080017,83479,83537.88,0,0.38,0.25,20,ONE_POINT,100,100,RANDOM,12
113,11400,37.462594509124756,83310,83330.79,0,0.38,0.25,20,ONE_POINT,100,100,RANDOM,12
114,11500,37.79027843475342,82836,82864.9,0,0.38,0.25,20,ONE_POINT,100,100,RANDOM,12
115,11600,38.10949230194092,82647,82658.34,0,0.38,0.25,20,ONE_POINT,100,100,RANDOM,12
116,11700,38.40834927558899,82411,82424.65,0,0.38,0.25,20,ONE_POINT,100,100,RANDOM,12
117,11800,38.713425397872925,82260,82317.92,0,0.38,0.25,20,ONE_POINT,100,100,RANDOM,12
118,11900,39.050292015075684,82034,82047.35,0,0.38,0.25,20,ONE_POINT,100,100,RANDOM,12
119,12000,39.35950422286987,81916,81929.37,0,0.38,0.25,20,ONE_POINT,100,100,RANDOM,12
120,12100,39.688371419906616,81593,81607.09,0,0.38,0.25,20,ONE_POINT,100,100,RANDOM,12
121,12200,40.01569843292236,81331,81370.84,0,0.38,0.25,20,ONE_POINT,100,100,RANDOM,12
122,12300,40.35292387008667,81237,81244.52,0,0.38,0.25,20,ONE_POINT,100,100,RANDOM,12
123,12400,40.66261959075928,80888,80910.05,0,0.38,0.25,20,ONE_POINT,100,100,RANDOM,12
124,12500,40.986847162246704,80659,80702.94,0,0.38,0.25,20,ONE_POINT,100,100,RANDOM,12
125,12600,41.32501006126404,80326,80342.65,0,0.38,0.25,20,ONE_POINT,100,100,RANDOM,12
126,12700,41.62629008293152,79989,80006.04,0,0.38,0.25,20,ONE_POINT,100,100,RANDOM,12
127,12800,41.9654107093811,79788,79798.05,0,0.38,0.25,20,ONE_POINT,100,100,RANDOM,12
128,12900,42.323649883270264,79271,79316.67,0,0.38,0.25,20,ONE_POINT,100,100,RANDOM,12
129,13000,42.65188717842102,78944,78957.22,0,0.38,0.25,20,ONE_POINT,100,100,RANDOM,12
130,13100,43.01060342788696,78827,78840.01,0,0.38,0.25,20,ONE_POINT,100,100,RANDOM,12
131,13200,43.37390089035034,78550,78568.59,0,0.38,0.25,20,ONE_POINT,100,100,RANDOM,12
132,13300,43.67271971702576,78220,78249.53,0,0.38,0.25,20,ONE_POINT,100,100,RANDOM,12
133,13400,43.99599885940552,78057,78128.9,0,0.38,0.25,20,ONE_POINT,100,100,RANDOM,12
134,13500,44.31737661361694,77935,77943.69,0,0.38,0.25,20,ONE_POINT,100,100,RANDOM,12
135,13600,44.63282871246338,77728,77743.32,0,0.38,0.25,20,ONE_POINT,100,100,RANDOM,12
136,13700,44.95602631568909,77357,77416.22,0,0.38,0.25,20,ONE_POINT,100,100,RANDOM,12
137,13800,45.25656509399414,77151,77168.22,0,0.38,0.25,20,ONE_POINT,100,100,RANDOM,12
138,13900,45.57629346847534,76964,76982.83,0,0.38,0.25,20,ONE_POINT,100,100,RANDOM,12
139,14000,45.938640117645264,76842,76849.68,0,0.38,0.25,20,ONE_POINT,100,100,RANDOM,12
140,14100,46.25627779960632,76566,76582.56,0,0.38,0.25,20,ONE_POINT,100,100,RANDOM,12
141,14200,46.58882403373718,76380,76391.04,0,0.38,0.25,20,ONE_POINT,100,100,RANDOM,12
142,14300,46.960782289505005,76179,76219.84,0,0.38,0.25,20,ONE_POINT,100,100,RANDOM,12
143,14400,47.31406593322754,76029,76078.11,0,0.38,0.25,20,ONE_POINT,100,100,RANDOM,12
144,14500,47.63160467147827,75900,75931.29,0,0.38,0.25,20,ONE_POINT,100,100,RANDOM,12
145,14600,47.96644592285156,75711,75721.11,0,0.38,0.25,20,ONE_POINT,100,100,RANDOM,12
146,14700,48.288756370544434,75507,75548.52,0,0.38,0.25,20,ONE_POINT,100,100,RANDOM,12
147,14800,48.616400718688965,75274,75338.61,0,0.38,0.25,20,ONE_POINT,100,100,RANDOM,12
148,14900,48.932149171829224,75038,75083.7,0,0.38,0.25,20,ONE_POINT,100,100,RANDOM,12
149,15000,49.29222583770752,74940,74948.02,0,0.38,0.25,20,ONE_POINT,100,100,RANDOM,12
150,15100,49.61544489860535,74815,74825.01,0,0.38,0.25,20,ONE_POINT,100,100,RANDOM,12
151,15200,49.95051646232605,74504,74520.31,0,0.38,0.25,20,ONE_POINT,100,100,RANDOM,12
152,15300,50.28775954246521,74289,74325.8,0,0.38,0.25,20,ONE_POINT,100,100,RANDOM,12
153,15400,50.61694359779358,74082,74093.86,0,0.38,0.25,20,ONE_POINT,100,100,RANDOM,12
154,15500,50.918477296829224,73825,73840.14,0,0.38,0.25,20,ONE_POINT,100,100,RANDOM,12
155,15600,51.24123215675354,73611,73645.95,0,0.38,0.25,20,ONE_POINT,100,100,RANDOM,12
156,15700,51.58927345275879,73394,73407.97,0,0.38,0.25,20,ONE_POINT,100,100,RANDOM,12
157,15800,51.91180872917175,73309,73317.67,0,0.38,0.25,20,ONE_POINT,100,100,RANDOM,12
158,15900,52.20676612854004,73094,73114.05,0,0.38,0.25,20,ONE_POINT,100,100,RANDOM,12
159,16000,52.54239892959595,72953,72964.58,0,0.38,0.25,20,ONE_POINT,100,100,RANDOM,12
160,16100,52.85839223861694,72781,72924.92,0,0.38,0.25,20,ONE_POINT,100,100,RANDOM,12
161,16200,53.18376898765564,72645,72658.05,0,0.38,0.25,20,ONE_POINT,100,100,RANDOM,12
162,16300,53.487935066223145,72500,72541.24,0,0.38,0.25,20,ONE_POINT,100,100,RANDOM,12
163,16400,53.79251575469971,72359,72369.71,0,0.38,0.25,20,ONE_POINT,100,100,RANDOM,12
164,16500,54.12924909591675,72224,72236.72,0,0.38,0.25,20,ONE_POINT,100,100,RANDOM,12
165,16600,54.4666702747345,72104,72149.57,0,0.38,0.25,20,ONE_POINT,100,100,RANDOM,12
166,16700,54.80314373970032,71925,71966.09,0,0.38,0.25,20,ONE_POINT,100,100,RANDOM,12
167,16800,55.14559721946716,71832,71842.79,0,0.38,0.25,20,ONE_POINT,100,100,RANDOM,12
168,16900,55.47448801994324,71596,71609.34,0,0.38,0.25,20,ONE_POINT,100,100,RANDOM,12
169,17000,55.78231906890869,71013,71041.97,0,0.38,0.25,20,ONE_POINT,100,100,RANDOM,12
170,17100,56.08733630180359,70822,70833.92,0,0.38,0.25,20,ONE_POINT,100,100,RANDOM,12
171,17200,56.41975140571594,70646,70657.85,0,0.38,0.25,20,ONE_POINT,100,100,RANDOM,12
172,17300,56.72871470451355,70426,70458.25,0,0.38,0.25,20,ONE_POINT,100,100,RANDOM,12
173,17400,57.05124306678772,70239,70257.51,0,0.38,0.25,20,ONE_POINT,100,100,RANDOM,12
174,17500,57.35319662094116,70068,70097.77,0,0.38,0.25,20,ONE_POINT,100,100,RANDOM,12
175,17600,57.704038858413696,69929,69937.08,0,0.38,0.25,20,ONE_POINT,100,100,RANDOM,12
176,17700,58.00435829162598,69809,69817.83,0,0.38,0.25,20,ONE_POINT,100,100,RANDOM,12
177,17800,58.34391212463379,69721,69778.79,0,0.38,0.25,20,ONE_POINT,100,100,RANDOM,12
178,17900,58.693307399749756,69576,69629.69,0,0.38,0.25,20,ONE_POINT,100,100,RANDOM,12
179,18000,59.00137448310852,69417,69438.33,0,0.38,0.25,20,ONE_POINT,100,100,RANDOM,12
180,18100,59.360801458358765,69258,69276.29,0,0.38,0.25,20,ONE_POINT,100,100,RANDOM,12
181,18200,59.71759223937988,69121,69132.83,0,0.38,0.25,20,ONE_POINT,100,100,RANDOM,12
182,18300,60.0466411113739,68934,68945.22,0,0.38,0.25,20,ONE_POINT,100,100,RANDOM,12
183,18400,60.37778878211975,68592,68660.55,0,0.38,0.25,20,ONE_POINT,100,100,RANDOM,12
184,18500,60.71148633956909,68509,68538.42,0,0.38,0.25,20,ONE_POINT,100,100,RANDOM,12
185,18600,61.01849889755249,68396,68429.53,0,0.38,0.25,20,ONE_POINT,100,100,RANDOM,12
186,18700,61.34442758560181,68318,68339.48,0,0.38,0.25,20,ONE_POINT,100,100,RANDOM,12
187,18800,61.67697596549988,68190,68231.86,0,0.38,0.25,20,ONE_POINT,100,100,RANDOM,12
188,18900,62.004534006118774,67989,68024.74,0,0.38,0.25,20,ONE_POINT,100,100,RANDOM,12
189,19000,62.33820152282715,67724,67739.94,0,0.38,0.25,20,ONE_POINT,100,100,RANDOM,12
190,19100,62.6774582862854,67450,67469.09,0,0.38,0.25,20,ONE_POINT,100,100,RANDOM,12
191,19200,63.00434112548828,67241,67253.61,0,0.38,0.25,20,ONE_POINT,100,100,RANDOM,12
192,19300,63.33460879325867,67070,67101.27,0,0.38,0.25,20,ONE_POINT,100,100,RANDOM,12
193,19400,63.63734817504883,66858,66870.72,0,0.38,0.25,20,ONE_POINT,100,100,RANDOM,12
194,19500,63.943705320358276,66681,66744.39,0,0.38,0.25,20,ONE_POINT,100,100,RANDOM,12
195,19600,64.25721597671509,66608,66614.82,0,0.38,0.25,20,ONE_POINT,100,100,RANDOM,12
196,19700,64.57457518577576,66422,66443.69,0,0.38,0.25,20,ONE_POINT,100,100,RANDOM,12
197,19800,64.90743207931519,66298,66316.05,0,0.38,0.25,20,ONE_POINT,100,100,RANDOM,12
198,19900,65.21508288383484,66187,66197.12,0,0.38,0.25,20,ONE_POINT,100,100,RANDOM,12
199,20000,65.54294037818909,66118,66125.87,0,0.38,0.25,20,ONE_POINT,100,100,RANDOM,12
200,20100,65.9059545993805,65700,65731.73,0,0.38,0.25,20,ONE_POINT,100,100,RANDOM,12
201,20200,66.21931004524231,65603,65610.67,0,0.38,0.25,20,ONE_POINT,100,100,RANDOM,12
202,20300,66.5814836025238,65495,65517.93,0,0.38,0.25,20,ONE_POINT,100,100,RANDOM,12
203,20400,66.97242665290833,65290,65312.89,0,0.38,0.25,20,ONE_POINT,100,100,RANDOM,12
204,20500,67.34197306632996,65214,65227.41,0,0.38,0.25,20,ONE_POINT,100,100,RANDOM,12
205,20600,67.71574878692627,65110,65135.2,0,0.38,0.25,20,ONE_POINT,100,100,RANDOM,12
206,20700,68.04271006584167,64932,65103.46,0,0.38,0.25,20,ONE_POINT,100,100,RANDOM,12
207,20800,68.36047077178955,64722,64734.02,0,0.38,0.25,20,ONE_POINT,100,100,RANDOM,12
208,20900,68.72476243972778,64571,64670.16,0,0.38,0.25,20,ONE_POINT,100,100,RANDOM,12
209,21000,69.06231236457825,64479,64486.36,0,0.38,0.25,20,ONE_POINT,100,100,RANDOM,12
210,21100,69.41756963729858,64365,64405.81,0,0.38,0.25,20,ONE_POINT,100,100,RANDOM,12
211,21200,69.74147891998291,64243,64252.54,0,0.38,0.25,20,ONE_POINT,100,100,RANDOM,12
212,21300,70.05425715446472,64149,64156.27,0,0.38,0.25,20,ONE_POINT,100,100,RANDOM,12
213,21400,70.39514970779419,64009,64260.28,0,0.38,0.25,20,ONE_POINT,100,100,RANDOM,12
214,21500,70.7129807472229,63927,63935.44,0,0.38,0.25,20,ONE_POINT,100,100,RANDOM,12
215,21600,71.0282564163208,63792,63799.91,0,0.38,0.25,20,ONE_POINT,100,100,RANDOM,12
216,21700,71.3296594619751,63587,63607.22,0,0.38,0.25,20,ONE_POINT,100,100,RANDOM,12
217,21800,71.68601059913635,63392,63408.39,0,0.38,0.25,20,ONE_POINT,100,100,RANDOM,12
218,21900,71.98490333557129,63309,63319.5,0,0.38,0.25,20,ONE_POINT,100,100,RANDOM,12
219,22000,72.28616642951965,63117,63151.83,0,0.38,0.25,20,ONE_POINT,100,100,RANDOM,12
220,22100,72.63372159004211,63070,63116.73,0,0.38,0.25,20,ONE_POINT,100,100,RANDOM,12
221,22200,72.93717527389526,62915,62948.31,0,0.38,0.25,20,ONE_POINT,100,100,RANDOM,12
222,22300,73.28270602226257,62759,62768.2,0,0.38,0.25,20,ONE_POINT,100,100,RANDOM,12
223,22400,73.60645151138306,62671,62678.8,0,0.38,0.25,20,ONE_POINT,100,100,RANDOM,12
224,22500,73.95674300193787,62514,62700.37,0,0.38,0.25,20,ONE_POINT,100,100,RANDOM,12
225,22600,74.27512335777283,62313,62348.32,0,0.38,0.25,20,ONE_POINT,100,100,RANDOM,12
226,22700,74.60271501541138,62139,62165.82,0,0.38,0.25,20,ONE_POINT,100,100,RANDOM,12
227,22800,74.94916677474976,62015,62024.99,0,0.38,0.25,20,ONE_POINT,100,100,RANDOM,12
228,22900,75.29775595664978,61900,61916.89,0,0.38,0.25,20,ONE_POINT,100,100,RANDOM,12
229,23000,75.60490679740906,61860,61870.72,0,0.38,0.25,20,ONE_POINT,100,100,RANDOM,12
230,23100,75.92521595954895,61687,61698.11,0,0.38,0.25,20,ONE_POINT,100,100,RANDOM,12
231,23200,76.29032468795776,61501,61526.76,0,0.38,0.25,20,ONE_POINT,100,100,RANDOM,12
232,23300,76.64695572853088,61430,61443.51,0,0.38,0.25,20,ONE_POINT,100,100,RANDOM,12
233,23400,77.0042028427124,61290,61303.24,0,0.38,0.25,20,ONE_POINT,100,100,RANDOM,12
234,23500,77.33219885826111,61110,61126.83,0,0.38,0.25,20,ONE_POINT,100,100,RANDOM,12
235,23600,77.65498900413513,60889,60920.7,0,0.38,0.25,20,ONE_POINT,100,100,RANDOM,12
236,23700,77.99760317802429,60788,60805.32,0,0.38,0.25,20,ONE_POINT,100,100,RANDOM,12
237,23800,78.34356141090393,60700,60708.29,0,0.38,0.25,20,ONE_POINT,100,100,RANDOM,12
238,23900,78.67412161827087,60595,60647.83,0,0.38,0.25,20,ONE_POINT,100,100,RANDOM,12
239,24000,79.02650618553162,60548,60553.3,0,0.38,0.25,20,ONE_POINT,100,100,RANDOM,12
240,24100,79.35130333900452,60458,60471.2,0,0.38,0.25,20,ONE_POINT,100,100,RANDOM,12
241,24200,79.66836524009705,60314,60421.07,0,0.38,0.25,20,ONE_POINT,100,100,RANDOM,12
242,24300,80.01146173477173,60225,60234.31,0,0.38,0.25,20,ONE_POINT,100,100,RANDOM,12
243,24400,80.30580592155457,60111,60117.44,0,0.38,0.25,20,ONE_POINT,100,100,RANDOM,12
244,24500,80.62217783927917,60008,60044.94,0,0.38,0.25,20,ONE_POINT,100,100,RANDOM,12
245,24600,80.9488537311554,59964,59976.96,0,0.38,0.25,20,ONE_POINT,100,100,RANDOM,12
246,24700,81.27627897262573,59780,59865.62,0,0.38,0.25,20,ONE_POINT,100,100,RANDOM,12
247,24800,81.5844624042511,59657,59687.28,0,0.38,0.25,20,ONE_POINT,100,100,RANDOM,12
248,24900,81.93563866615295,59569,59585.23,0,0.38,0.25,20,ONE_POINT,100,100,RANDOM,12
249,25000,82.26286482810974,59506,59513.18,0,0.38,0.25,20,ONE_POINT,100,100,RANDOM,12
250,25100,82.62005591392517,59428,59436.43,0,0.38,0.25,20,ONE_POINT,100,100,RANDOM,12
251,25200,82.9623692035675,59286,59310.01,0,0.38,0.25,20,ONE_POINT,100,100,RANDOM,12
252,25300,83.2693419456482,59176,59417.59,0,0.38,0.25,20,ONE_POINT,100,100,RANDOM,12
253,25400,83.59586071968079,59014,59122.19,0,0.38,0.25,20,ONE_POINT,100,100,RANDOM,12
254,25500,83.91372084617615,58799,58810.19,0,0.38,0.25,20,ONE_POINT,100,100,RANDOM,12
255,25600,84.23465251922607,58717,58747.08,0,0.38,0.25,20,ONE_POINT,100,100,RANDOM,12
256,25700,84.56667995452881,58608,58642.25,0,0.38,0.25,20,ONE_POINT,100,100,RANDOM,12
257,25800,84.87686586380005,58533,58554.06,0,0.38,0.25,20,ONE_POINT,100,100,RANDOM,12
258,25900,85.18831992149353,58343,58359.46,0,0.38,0.25,20,ONE_POINT,100,100,RANDOM,12
259,26000,85.57274270057678,58268,58281.13,0,0.38,0.25,20,ONE_POINT,100,100,RANDOM,12
260,26100,85.92176079750061,58201,58209.25,0,0.38,0.25,20,ONE_POINT,100,100,RANDOM,12
261,26200,86.26021838188171,58163,58175.8,0,0.38,0.25,20,ONE_POINT,100,100,RANDOM,12
262,26300,86.60003185272217,58059,58107.56,0,0.38,0.25,20,ONE_POINT,100,100,RANDOM,12
263,26400,86.93120193481445,57908,57926.38,0,0.38,0.25,20,ONE_POINT,100,100,RANDOM,12
264,26500,87.28412461280823,57842,57854.23,0,0.38,0.25,20,ONE_POINT,100,100,RANDOM,12
265,26600,87.60370898246765,57705,57777.15,0,0.38,0.25,20,ONE_POINT,100,100,RANDOM,12
266,26700,87.9335401058197,57589,57598.24,0,0.38,0.25,20,ONE_POINT,100,100,RANDOM,12
267,26800,88.25811052322388,57536,57544.68,0,0.38,0.25,20,ONE_POINT,100,100,RANDOM,12
268,26900,88.57521796226501,57408,57422.31,0,0.38,0.25,20,ONE_POINT,100,100,RANDOM,12
269,27000,88.91152620315552,57247,57278.2,0,0.38,0.25,20,ONE_POINT,100,100,RANDOM,12
270,27100,89.2082269191742,57186,57207.02,0,0.38,0.25,20,ONE_POINT,100,100,RANDOM,12
271,27200,89.53843331336975,57094,57103.66,0,0.38,0.25,20,ONE_POINT,100,100,RANDOM,12
272,27300,89.86937880516052,57045,57071.39,0,0.38,0.25,20,ONE_POINT,100,100,RANDOM,12
273,27400,90.19385552406311,56941,56995.6,0,0.38,0.25,20,ONE_POINT,100,100,RANDOM,12
274,27500,90.53827333450317,56846,56857.72,0,0.38,0.25,20,ONE_POINT,100,100,RANDOM,12
275,27600,90.86155819892883,56751,56776.38,0,0.38,0.25,20,ONE_POINT,100,100,RANDOM,12
276,27700,91.17888689041138,56621,56652.04,0,0.38,0.25,20,ONE_POINT,100,100,RANDOM,12
277,27800,91.49581289291382,56494,56504.32,0,0.38,0.25,20,ONE_POINT,100,100,RANDOM,12
278,27900,91.79235935211182,56441,56448.76,0,0.38,0.25,20,ONE_POINT,100,100,RANDOM,12
279,28000,92.10641074180603,56388,56397.88,0,0.38,0.25,20,ONE_POINT,100,100,RANDOM,12
280,28100,92.44261884689331,56316,56325.57,0,0.38,0.25,20,ONE_POINT,100,100,RANDOM,12
281,28200,92.76249194145203,56262,56267.22,0,0.38,0.25,20,ONE_POINT,100,100,RANDOM,12
282,28300,93.09536552429199,56047,56145.84,0,0.38,0.25,20,ONE_POINT,100,100,RANDOM,12
283,28400,93.42571258544922,55903,55940.08,0,0.38,0.25,20,ONE_POINT,100,100,RANDOM,12
284,28500,93.77744746208191,55853,55876.32,0,0.38,0.25,20,ONE_POINT,100,100,RANDOM,12
285,28600,94.08847665786743,55717,55732.65,0,0.38,0.25,20,ONE_POINT,100,100,RANDOM,12
286,28700,94.41376304626465,55628,55682.11,0,0.38,0.25,20,ONE_POINT,100,100,RANDOM,12
287,28800,94.78435635566711,55550,55575.48,0,0.38,0.25,20,ONE_POINT,100,100,RANDOM,12
288,28900,95.10170006752014,55381,55426.67,0,0.38,0.25,20,ONE_POINT,100,100,RANDOM,12
289,29000,95.44180631637573,55237,55249.34,0,0.38,0.25,20,ONE_POINT,100,100,RANDOM,12
290,29100,95.76882839202881,55097,55121.85,0,0.38,0.25,20,ONE_POINT,100,100,RANDOM,12
291,29200,96.11546182632446,55020,55026.44,0,0.38,0.25,20,ONE_POINT,100,100,RANDOM,12
292,29300,96.42713403701782,54861,54876.07,0,0.38,0.25,20,ONE_POINT,100,100,RANDOM,12
293,29400,96.75233387947083,54713,54726.78,0,0.38,0.25,20,ONE_POINT,100,100,RANDOM,12
294,29500,97.0982117652893,54645,54654.27,0,0.38,0.25,20,ONE_POINT,100,100,RANDOM,12
295,29600,97.42924308776855,54456,54567.63,0,0.38,0.25,20,ONE_POINT,100,100,RANDOM,12
296,29700,97.74583721160889,54290,54303.87,0,0.38,0.25,20,ONE_POINT,100,100,RANDOM,12
297,29800,98.05995559692383,54200,54361.57,0,0.38,0.25,20,ONE_POINT,100,100,RANDOM,12
298,29900,98.39098858833313,54103,54113.28,0,0.38,0.25,20,ONE_POINT,100,100,RANDOM,12
299,30000,98.73349356651306,54043,54050.4,0,0.38,0.25,20,ONE_POINT,100,100,RANDOM,12
300,30100,99.07717633247375,53971,54046.6,0,0.38,0.25,20,ONE_POINT,100,100,RANDOM,12
301,30200,99.38932228088379,53896,53902.47,0,0.38,0.25,20,ONE_POINT,100,100,RANDOM,12
302,30300,99.73025393486023,53808,53836.97,0,0.38,0.25,20,ONE_POINT,100,100,RANDOM,12
303,30400,100.0766248703003,53642,53656.16,0,0.38,0.25,20,ONE_POINT,100,100,RANDOM,12
304,30500,100.48073148727417,53593,53605.09,0,0.38,0.25,20,ONE_POINT,100,100,RANDOM,12
305,30600,100.8472855091095,53562,53588.83,0,0.38,0.25,20,ONE_POINT,100,100,RANDOM,12
306,30700,101.19630575180054,53388,53404.45,0,0.38,0.25,20,ONE_POINT,100,100,RANDOM,12
307,30800,101.53371930122375,53322,53328.99,0,0.38,0.25,20,ONE_POINT,100,100,RANDOM,12
308,30900,101.87515950202942,53271,53276.36,0,0.38,0.25,20,ONE_POINT,100,100,RANDOM,12
309,31000,102.18788599967957,53102,53128.19,0,0.38,0.25,20,ONE_POINT,100,100,RANDOM,12
310,31100,102.52089333534241,52976,52987.81,0,0.38,0.25,20,ONE_POINT,100,100,RANDOM,12
311,31200,102.88235998153687,52908,52916.41,0,0.38,0.25,20,ONE_POINT,100,100,RANDOM,12
312,31300,103.23444700241089,52837,52860.39,0,0.38,0.25,20,ONE_POINT,100,100,RANDOM,12
313,31400,103.56686663627625,52763,52777.0,0,0.38,0.25,20,ONE_POINT,100,100,RANDOM,12
314,31500,103.8965196609497,52696,52703.5,0,0.38,0.25,20,ONE_POINT,100,100,RANDOM,12
315,31600,104.22141218185425,52645,52652.91,0,0.38,0.25,20,ONE_POINT,100,100,RANDOM,12
316,31700,104.59750485420227,52553,52570.59,0,0.38,0.25,20,ONE_POINT,100,100,RANDOM,12
317,31800,104.91053366661072,52499,52504.92,0,0.38,0.25,20,ONE_POINT,100,100,RANDOM,12
318,31900,105.2253851890564,52317,52329.46,0,0.38,0.25,20,ONE_POINT,100,100,RANDOM,12
319,32000,105.54150652885437,52221,52238.79,0,0.38,0.25,20,ONE_POINT,100,100,RANDOM,12
320,32100,105.85750699043274,52166,52173.39,0,0.38,0.25,20,ONE_POINT,100,100,RANDOM,12
321,32200,106.17143106460571,52082,52091.52,0,0.38,0.25,20,ONE_POINT,100,100,RANDOM,12
322,32300,106.50628614425659,51976,51986.55,0,0.38,0.25,20,ONE_POINT,100,100,RANDOM,12
323,32400,106.84688925743103,51940,51949.59,0,0.38,0.25,20,ONE_POINT,100,100,RANDOM,12
324,32500,107.15528631210327,51857,51867.3,0,0.38,0.25,20,ONE_POINT,100,100,RANDOM,12
325,32600,107.50402164459229,51720,51737.38,0,0.38,0.25,20,ONE_POINT,100,100,RANDOM,12
326,32700,107.83888030052185,51574,51604.15,0,0.38,0.25,20,ONE_POINT,100,100,RANDOM,12
327,32800,108.16795873641968,51325,51352.55,0,0.38,0.25,20,ONE_POINT,100,100,RANDOM,12
328,32900,108.50486040115356,51200,51212.13,0,0.38,0.25,20,ONE_POINT,100,100,RANDOM,12
329,33000,108.81833529472351,51072,51087.0,0,0.38,0.25,20,ONE_POINT,100,100,RANDOM,12
330,33100,109.1548342704773,50953,50970.77,0,0.38,0.25,20,ONE_POINT,100,100,RANDOM,12
331,33200,109.46539211273193,50774,50801.7,0,0.38,0.25,20,ONE_POINT,100,100,RANDOM,12
332,33300,109.80575966835022,50704,50773.8,0,0.38,0.25,20,ONE_POINT,100,100,RANDOM,12
333,33400,110.16123914718628,50633,50707.19,0,0.38,0.25,20,ONE_POINT,100,100,RANDOM,12
334,33500,110.49110245704651,50560,50615.88,0,0.38,0.25,20,ONE_POINT,100,100,RANDOM,12
335,33600,110.83644199371338,50374,50392.64,0,0.38,0.25,20,ONE_POINT,100,100,RANDOM,12
336,33700,111.16868829727173,50351,50365.04,0,0.38,0.25,20,ONE_POINT,100,100,RANDOM,12
337,33800,111.51649808883667,50253,50275.58,0,0.38,0.25,20,ONE_POINT,100,100,RANDOM,12
338,33900,111.82114624977112,50201,50206.57,0,0.38,0.25,20,ONE_POINT,100,100,RANDOM,12
339,34000,112.12872266769409,50105,50133.74,0,0.38,0.25,20,ONE_POINT,100,100,RANDOM,12
340,34100,112.42846536636353,50029,50037.06,0,0.38,0.25,20,ONE_POINT,100,100,RANDOM,12
341,34200,112.78632807731628,49949,49959.85,0,0.38,0.25,20,ONE_POINT,100,100,RANDOM,12
342,34300,113.12651920318604,49874,49946.38,0,0.38,0.25,20,ONE_POINT,100,100,RANDOM,12
343,34400,113.43393206596375,49787,49796.17,0,0.38,0.25,20,ONE_POINT,100,100,RANDOM,12
344,34500,113.77563166618347,49681,49695.63,0,0.38,0.25,20,ONE_POINT,100,100,RANDOM,12
345,34600,114.10647058486938,49633,49652.31,0,0.38,0.25,20,ONE_POINT,100,100,RANDOM,12
346,34700,114.41668701171875,49594,49638.52,0,0.38,0.25,20,ONE_POINT,100,100,RANDOM,12
347,34800,114.74791431427002,49483,49685.2,0,0.38,0.25,20,ONE_POINT,100,100,RANDOM,12
348,34900,115.09502339363098,49406,49415.98,0,0.38,0.25,20,ONE_POINT,100,100,RANDOM,12
349,35000,115.40735578536987,49329,49335.13,0,0.38,0.25,20,ONE_POINT,100,100,RANDOM,12
350,35100,115.74467992782593,49237,49254.62,0,0.38,0.25,20,ONE_POINT,100,100,RANDOM,12
351,35200,116.0868787765503,49174,49233.48,0,0.38,0.25,20,ONE_POINT,100,100,RANDOM,12
352,35300,116.42824006080627,49117,49131.25,0,0.38,0.25,20,ONE_POINT,100,100,RANDOM,12
353,35400,116.77774906158447,49080,49097.81,0,0.38,0.25,20,ONE_POINT,100,100,RANDOM,12
354,35500,117.08360147476196,48918,48932.58,0,0.38,0.25,20,ONE_POINT,100,100,RANDOM,12
355,35600,117.40544486045837,48796,48819.73,0,0.38,0.25,20,ONE_POINT,100,100,RANDOM,12
356,35700,117.75588488578796,48684,48731.83,0,0.38,0.25,20,ONE_POINT,100,100,RANDOM,12
357,35800,118.09020161628723,48670,48936.33,0,0.38,0.25,20,ONE_POINT,100,100,RANDOM,12
358,35900,118.40852618217468,48633,48638.05,0,0.38,0.25,20,ONE_POINT,100,100,RANDOM,12
359,36000,118.76712131500244,48406,48424.71,0,0.38,0.25,20,ONE_POINT,100,100,RANDOM,12
360,36100,119.0717499256134,48373,48439.54,0,0.38,0.25,20,ONE_POINT,100,100,RANDOM,12
361,36200,119.38811612129211,48315,48329.24,0,0.38,0.25,20,ONE_POINT,100,100,RANDOM,12
362,36300,119.7093276977539,48187,48254.32,0,0.38,0.25,20,ONE_POINT,100,100,RANDOM,12
363,36400,120.01029634475708,48138,48210.49,0,0.38,0.25,20,ONE_POINT,100,100,RANDOM,12
364,36500,120.31486749649048,48081,48133.29,0,0.38,0.25,20,ONE_POINT,100,100,RANDOM,12
365,36600,120.67414093017578,48024,48037.21,0,0.38,0.25,20,ONE_POINT,100,100,RANDOM,12
366,36700,121.01119828224182,47935,47944.47,0,0.38,0.25,20,ONE_POINT,100,100,RANDOM,12
367,36800,121.33189153671265,47774,47788.54,0,0.38,0.25,20,ONE_POINT,100,100,RANDOM,12
368,36900,121.63966345787048,47750,47753.51,0,0.38,0.25,20,ONE_POINT,100,100,RANDOM,12
369,37000,121.96416926383972,47706,47733.62,0,0.38,0.25,20,ONE_POINT,100,100,RANDOM,12
370,37100,122.29137110710144,47668,47673.64,0,0.38,0.25,20,ONE_POINT,100,100,RANDOM,12
371,37200,122.65144991874695,47603,47638.73,0,0.38,0.25,20,ONE_POINT,100,100,RANDOM,12
372,37300,122.96084117889404,47568,47594.65,0,0.38,0.25,20,ONE_POINT,100,100,RANDOM,12
373,37400,123.30604791641235,47487,47498.78,0,0.38,0.25,20,ONE_POINT,100,100,RANDOM,12
374,37500,123.6456823348999,47432,47443.82,0,0.38,0.25,20,ONE_POINT,100,100,RANDOM,12
375,37600,123.9673547744751,47361,47381.89,0,0.38,0.25,20,ONE_POINT,100,100,RANDOM,12
376,37700,124.29166102409363,47309,47384.45,0,0.38,0.25,20,ONE_POINT,100,100,RANDOM,12
377,37800,124.62748885154724,47279,47309.21,0,0.38,0.25,20,ONE_POINT,100,100,RANDOM,12
378,37900,124.95508074760437,47256,47270.63,0,0.38,0.25,20,ONE_POINT,100,100,RANDOM,12
379,38000,125.29990863800049,47195,47209.01,0,0.38,0.25,20,ONE_POINT,100,100,RANDOM,12
380,38100,125.64458513259888,47052,47070.75,0,0.38,0.25,20,ONE_POINT,100,100,RANDOM,12
381,38200,126.00653100013733,46889,46909.27,0,0.38,0.25,20,ONE_POINT,100,100,RANDOM,12
382,38300,126.3738763332367,46799,46824.53,0,0.38,0.25,20,ONE_POINT,100,100,RANDOM,12
383,38400,126.70785665512085,46736,46750.48,0,0.38,0.25,20,ONE_POINT,100,100,RANDOM,12
384,38500,127.03532791137695,46698,46902.35,0,0.38,0.25,20,ONE_POINT,100,100,RANDOM,12
385,38600,127.37482190132141,46645,46664.99,0,0.38,0.25,20,ONE_POINT,100,100,RANDOM,12
386,38700,127.67424201965332,46609,46614.68,0,0.38,0.25,20,ONE_POINT,100,100,RANDOM,12
387,38800,127.99171090126038,46569,46577.03,0,0.38,0.25,20,ONE_POINT,100,100,RANDOM,12
388,38900,128.33792424201965,46518,46565.07,0,0.38,0.25,20,ONE_POINT,100,100,RANDOM,12
389,39000,128.7048990726471,46355,46371.15,0,0.38,0.25,20,ONE_POINT,100,100,RANDOM,12
390,39100,129.02603244781494,46315,46330.0,0,0.38,0.25,20,ONE_POINT,100,100,RANDOM,12
391,39200,129.36611151695251,46257,46266.27,0,0.38,0.25,20,ONE_POINT,100,100,RANDOM,12
392,39300,129.71110439300537,46221,46233.25,0,0.38,0.25,20,ONE_POINT,100,100,RANDOM,12
393,39400,130.0568344593048,46120,46151.85,0,0.38,0.25,20,ONE_POINT,100,100,RANDOM,12
394,39500,130.40505743026733,46017,46149.53,0,0.38,0.25,20,ONE_POINT,100,100,RANDOM,12
395,39600,130.73585748672485,45957,45965.56,0,0.38,0.25,20,ONE_POINT,100,100,RANDOM,12
396,39700,131.0564751625061,45896,45911.93,0,0.38,0.25,20,ONE_POINT,100,100,RANDOM,12
397,39800,131.40945100784302,45725,45738.78,0,0.38,0.25,20,ONE_POINT,100,100,RANDOM,12
398,39900,131.73722672462463,45660,45668.86,0,0.38,0.25,20,ONE_POINT,100,100,RANDOM,12
399,40000,132.10011196136475,45588,45602.92,0,0.38,0.25,20,ONE_POINT,100,100,RANDOM,12
400,40100,132.40254378318787,45538,45674.59,0,0.38,0.25,20,ONE_POINT,100,100,RANDOM,12
401,40200,132.73762011528015,45502,45522.55,0,0.38,0.25,20,ONE_POINT,100,100,RANDOM,12
402,40300,133.09039735794067,45445,45475.46,0,0.38,0.25,20,ONE_POINT,100,100,RANDOM,12
403,40400,133.41692566871643,45404,45420.66,0,0.38,0.25,20,ONE_POINT,100,100,RANDOM,12
404,40500,133.77841329574585,45343,45351.74,0,0.38,0.25,20,ONE_POINT,100,100,RANDOM,12
405,40600,134.17993187904358,45244,45263.6,0,0.38,0.25,20,ONE_POINT,100,100,RANDOM,12
406,40700,134.5212984085083,45157,45268.77,0,0.38,0.25,20,ONE_POINT,100,100,RANDOM,12
407,40800,134.81562685966492,45033,45051.43,0,0.38,0.25,20,ONE_POINT,100,100,RANDOM,12
408,40900,135.15015530586243,44956,44967.14,0,0.38,0.25,20,ONE_POINT,100,100,RANDOM,12
409,41000,135.4677278995514,44879,44902.7,0,0.38,0.25,20,ONE_POINT,100,100,RANDOM,12
410,41100,135.78068232536316,44840,44852.06,0,0.38,0.25,20,ONE_POINT,100,100,RANDOM,12
411,41200,136.0934112071991,44796,44809.73,0,0.38,0.25,20,ONE_POINT,100,100,RANDOM,12
412,41300,136.39274191856384,44692,44710.69,0,0.38,0.25,20,ONE_POINT,100,100,RANDOM,12
413,41400,136.71150088310242,44649,44700.96,0,0.38,0.25,20,ONE_POINT,100,100,RANDOM,12
414,41500,137.04319024085999,44601,44613.37,0,0.38,0.25,20,ONE_POINT,100,100,RANDOM,12
415,41600,137.37324595451355,44556,44575.45,0,0.38,0.25,20,ONE_POINT,100,100,RANDOM,12
416,41700,137.69497442245483,44515,44526.39,0,0.38,0.25,20,ONE_POINT,100,100,RANDOM,12
417,41800,138.0246937274933,44485,44502.62,0,0.38,0.25,20,ONE_POINT,100,100,RANDOM,12
418,41900,138.33473181724548,44421,44435.32,0,0.38,0.25,20,ONE_POINT,100,100,RANDOM,12
419,42000,138.64956426620483,44388,44393.57,0,0.38,0.25,20,ONE_POINT,100,100,RANDOM,12
420,42100,138.9885709285736,44369,44373.84,0,0.38,0.25,20,ONE_POINT,100,100,RANDOM,12
421,42200,139.3316090106964,44315,44325.93,0,0.38,0.25,20,ONE_POINT,100,100,RANDOM,12
422,42300,139.6447458267212,44279,44286.98,0,0.38,0.25,20,ONE_POINT,100,100,RANDOM,12
423,42400,139.947438955307,44206,44326.74,0,0.38,0.25,20,ONE_POINT,100,100,RANDOM,12
424,42500,140.24587082862854,44173,44246.43,0,0.38,0.25,20,ONE_POINT,100,100,RANDOM,12
425,42600,140.61072516441345,44141,44354.62,0,0.38,0.25,20,ONE_POINT,100,100,RANDOM,12
426,42700,140.93070316314697,44134,44145.19,0,0.38,0.25,20,ONE_POINT,100,100,RANDOM,12
427,42800,141.24117946624756,44054,44067.36,0,0.38,0.25,20,ONE_POINT,100,100,RANDOM,12
428,42900,141.54075598716736,44031,44042.22,0,0.38,0.25,20,ONE_POINT,100,100,RANDOM,12
429,43000,141.86582159996033,44007,44009.75,0,0.38,0.25,20,ONE_POINT,100,100,RANDOM,12
430,43100,142.18774604797363,43959,43966.22,0,0.38,0.25,20,ONE_POINT,100,100,RANDOM,12
431,43200,142.4995994567871,43921,43934.45,0,0.38,0.25,20,ONE_POINT,100,100,RANDOM,12
432,43300,142.80193972587585,43837,43851.11,0,0.38,0.25,20,ONE_POINT,100,100,RANDOM,12
433,43400,143.1099398136139,43706,43718.77,0,0.38,0.25,20,ONE_POINT,100,100,RANDOM,12
434,43500,143.44771242141724,43691,43704.5,0,0.38,0.25,20,ONE_POINT,100,100,RANDOM,12
435,43600,143.7771291732788,43668,43678.47,0,0.38,0.25,20,ONE_POINT,100,100,RANDOM,12
436,43700,144.12496638298035,43604,43625.11,0,0.38,0.25,20,ONE_POINT,100,100,RANDOM,12
437,43800,144.46702599525452,43586,43590.03,0,0.38,0.25,20,ONE_POINT,100,100,RANDOM,12
438,43900,144.81290793418884,43559,43568.45,0,0.38,0.25,20,ONE_POINT,100,100,RANDOM,12
439,44000,145.12747812271118,43486,43493.04,0,0.38,0.25,20,ONE_POINT,100,100,RANDOM,12
440,44100,145.42427825927734,43416,43424.93,0,0.38,0.25,20,ONE_POINT,100,100,RANDOM,12
441,44200,145.73310232162476,43374,43385.84,0,0.38,0.25,20,ONE_POINT,100,100,RANDOM,12
442,44300,146.0731337070465,43346,43452.34,0,0.38,0.25,20,ONE_POINT,100,100,RANDOM,12
443,44400,146.40760111808777,43282,43293.38,0,0.38,0.25,20,ONE_POINT,100,100,RANDOM,12
444,44500,146.75938248634338,43155,43174.3,0,0.38,0.25,20,ONE_POINT,100,100,RANDOM,12
445,44600,147.0855724811554,43103,43113.03,0,0.38,0.25,20,ONE_POINT,100,100,RANDOM,12
446,44700,147.43836736679077,43062,43070.92,0,0.38,0.25,20,ONE_POINT,100,100,RANDOM,12
447,44800,147.73349499702454,43026,43031.78,0,0.38,0.25,20,ONE_POINT,100,100,RANDOM,12
448,44900,148.0533881187439,43007,43011.07,0,0.38,0.25,20,ONE_POINT,100,100,RANDOM,12
449,45000,148.3845944404602,42979,42987.89,0,0.38,0.25,20,ONE_POINT,100,100,RANDOM,12
450,45100,148.7060568332672,42959,42981.84,0,0.38,0.25,20,ONE_POINT,100,100,RANDOM,12
451,45200,149.01298260688782,42899,42905.4,0,0.38,0.25,20,ONE_POINT,100,100,RANDOM,12
452,45300,149.30977964401245,42831,42848.83,0,0.38,0.25,20,ONE_POINT,100,100,RANDOM,12
453,45400,149.63346886634827,42806,42810.22,0,0.38,0.25,20,ONE_POINT,100,100,RANDOM,12
454,45500,149.95738673210144,42774,42792.19,0,0.38,0.25,20,ONE_POINT,100,100,RANDOM,12
455,45600,150.2661669254303,42715,42736.43,0,0.38,0.25,20,ONE_POINT,100,100,RANDOM,12
456,45700,150.58135652542114,42614,42626.0,0,0.38,0.25,20,ONE_POINT,100,100,RANDOM,12
457,45800,150.88996982574463,42550,42557.82,0,0.38,0.25,20,ONE_POINT,100,100,RANDOM,12
458,45900,151.23963618278503,42519,42532.77,0,0.38,0.25,20,ONE_POINT,100,100,RANDOM,12
459,46000,151.5609974861145,42488,42493.58,0,0.38,0.25,20,ONE_POINT,100,100,RANDOM,12
460,46100,151.90406560897827,42451,42460.38,0,0.38,0.25,20,ONE_POINT,100,100,RANDOM,12
461,46200,152.2361741065979,42332,42343.85,0,0.38,0.25,20,ONE_POINT,100,100,RANDOM,12
462,46300,152.56559872627258,42285,42439.93,0,0.38,0.25,20,ONE_POINT,100,100,RANDOM,12
463,46400,152.9009804725647,42227,42240.64,0,0.38,0.25,20,ONE_POINT,100,100,RANDOM,12
464,46500,153.2548828125,42201,42210.62,0,0.38,0.25,20,ONE_POINT,100,100,RANDOM,12
465,46600,153.61055850982666,42123,42174.27,0,0.38,0.25,20,ONE_POINT,100,100,RANDOM,12
466,46700,153.91685795783997,42033,42048.14,0,0.38,0.25,20,ONE_POINT,100,100,RANDOM,12
467,46800,154.23576951026917,42002,42014.45,0,0.38,0.25,20,ONE_POINT,100,100,RANDOM,12
468,46900,154.61489391326904,41983,41990.88,0,0.38,0.25,20,ONE_POINT,100,100,RANDOM,12
469,47000,154.97050499916077,41938,41943.77,0,0.38,0.25,20,ONE_POINT,100,100,RANDOM,12
470,47100,155.28703117370605,41890,41894.81,0,0.38,0.25,20,ONE_POINT,100,100,RANDOM,12
471,47200,155.63399147987366,41849,41855.54,0,0.38,0.25,20,ONE_POINT,100,100,RANDOM,12
472,47300,155.97215151786804,41822,41833.72,0,0.38,0.25,20,ONE_POINT,100,100,RANDOM,12
473,47400,156.3310661315918,41793,41798.83,0,0.38,0.25,20,ONE_POINT,100,100,RANDOM,12
474,47500,156.63518905639648,41762,41772.58,0,0.38,0.25,20,ONE_POINT,100,100,RANDOM,12
475,47600,156.9613151550293,41723,41727.68,0,0.38,0.25,20,ONE_POINT,100,100,RANDOM,12
476,47700,157.28176283836365,41662,41673.69,0,0.38,0.25,20,ONE_POINT,100,100,RANDOM,12
477,47800,157.63825392723083,41623,41625.51,0,0.38,0.25,20,ONE_POINT,100,100,RANDOM,12
478,47900,157.97024273872375,41568,41578.26,0,0.38,0.25,20,ONE_POINT,100,100,RANDOM,12
479,48000,158.29851293563843,41566,41569.77,0,0.38,0.25,20,ONE_POINT,100,100,RANDOM,12
480,48100,158.63196897506714,41550,41552.8,0,0.38,0.25,20,ONE_POINT,100,100,RANDOM,12
481,48200,158.9769208431244,41519,41534.34,0,0.38,0.25,20,ONE_POINT,100,100,RANDOM,12
482,48300,159.32803606987,41391,41416.79,0,0.38,0.25,20,ONE_POINT,100,100,RANDOM,12
483,48400,159.65145874023438,41355,41376.5,0,0.38,0.25,20,ONE_POINT,100,100,RANDOM,12
484,48500,159.96241283416748,41304,41312.23,0,0.38,0.25,20,ONE_POINT,100,100,RANDOM,12
485,48600,160.31369376182556,41268,41439.6,0,0.38,0.25,20,ONE_POINT,100,100,RANDOM,12
486,48700,160.64195942878723,41227,41239.25,0,0.38,0.25,20,ONE_POINT,100,100,RANDOM,12
487,48800,160.95007300376892,41185,41192.42,0,0.38,0.25,20,ONE_POINT,100,100,RANDOM,12
488,48900,161.2809534072876,41104,41259.62,0,0.38,0.25,20,ONE_POINT,100,100,RANDOM,12
489,49000,161.60086226463318,41061,41074.61,0,0.38,0.25,20,ONE_POINT,100,100,RANDOM,12
490,49100,161.936772108078,41013,41023.98,0,0.38,0.25,20,ONE_POINT,100,100,RANDOM,12
491,49200,162.2724804878235,40964,40970.45,0,0.38,0.25,20,ONE_POINT,100,100,RANDOM,12
492,49300,162.5946946144104,40843,40858.63,0,0.38,0.25,20,ONE_POINT,100,100,RANDOM,12
493,49400,162.9017276763916,40823,40874.1,0,0.38,0.25,20,ONE_POINT,100,100,RANDOM,12
494,49500,163.2278995513916,40805,40808.7,0,0.38,0.25,20,ONE_POINT,100,100,RANDOM,12
495,49600,163.54606699943542,40791,40801.34,0,0.38,0.25,20,ONE_POINT,100,100,RANDOM,12
496,49700,163.86561489105225,40725,40737.32,0,0.38,0.25,20,ONE_POINT,100,100,RANDOM,12
497,49800,164.19862341880798,40693,40792.88,0,0.38,0.25,20,ONE_POINT,100,100,RANDOM,12
498,49900,164.55768179893494,40676,40679.34,0,0.38,0.25,20,ONE_POINT,100,100,RANDOM,12
499,50000,164.88486576080322,40624,40647.38,0,0.38,0.25,20,ONE_POINT,100,100,RANDOM,12
500,50100,165.22210669517517,40594,40600.86,0,0.38,0.25,20,ONE_POINT,100,100,RANDOM,12
1,200,0.21859955787658691,138843,136862.25,0,0.38,0.25,20,ONE_POINT,100,100,RANDOM,13
2,300,0.5759453773498535,134804,134864.31,0,0.38,0.25,20,ONE_POINT,100,100,RANDOM,13
3,400,0.9226365089416504,134300,134315.12,0,0.38,0.25,20,ONE_POINT,100,100,RANDOM,13
4,500,1.3076040744781494,133298,133331.74,0,0.38,0.25,20,ONE_POINT,100,100,RANDOM,13
5,600,1.6822400093078613,132093,132117.89,0,0.38,0.25,20,ONE_POINT,100,100,RANDOM,13
6,700,2.006091594696045,131625,131642.22,0,0.38,0.25,20,ONE_POINT,100,100,RANDOM,13
7,800,2.3276960849761963,129884,129918.82,0,0.38,0.25,20,ONE_POINT,100,100,RANDOM,13
8,900,2.637442111968994,129072,129101.04,0,0.38,0.25,20,ONE_POINT,100,100,RANDOM,13
9,1000,2.964970111846924,128344,128372.6,0,0.38,0.25,20,ONE_POINT,100,100,RANDOM,13
10,1100,3.3014254570007324,127693,127720.29,0,0.38,0.25,20,ONE_POINT,100,100,RANDOM,13
11,1200,3.606875419616699,126830,126865.05,0,0.38,0.25,20,ONE_POINT,100,100,RANDOM,13
12,1300,3.9588632583618164,126018,126081.43,0,0.38,0.25,20,ONE_POINT,100,100,RANDOM,13
13,1400,4.285175561904907,125234,125270.07,0,0.38,0.25,20,ONE_POINT,100,100,RANDOM,13
14,1500,4.578696012496948,123708,123764.03,0,0.38,0.25,20,ONE_POINT,100,100,RANDOM,13
15,1600,4.919228792190552,123017,123055.29,0,0.38,0.25,20,ONE_POINT,100,100,RANDOM,13
16,1700,5.217946529388428,122472,122499.25,0,0.38,0.25,20,ONE_POINT,100,100,RANDOM,13
17,1800,5.570330381393433,121456,121598.33,0,0.38,0.25,20,ONE_POINT,100,100,RANDOM,13
18,1900,5.9084179401397705,120946,120976.44,0,0.38,0.25,20,ONE_POINT,100,100,RANDOM,13
19,2000,6.251672029495239,119460,119512.36,0,0.38,0.25,20,ONE_POINT,100,100,RANDOM,13
20,2100,6.572818279266357,118256,118303.76,0,0.38,0.25,20,ONE_POINT,100,100,RANDOM,13
21,2200,6.9299705028533936,117729,117755.35,0,0.38,0.25,20,ONE_POINT,100,100,RANDOM,13
22,2300,7.285271644592285,117290,117324.34,0,0.38,0.25,20,ONE_POINT,100,100,RANDOM,13
23,2400,7.61975359916687,116684,116713.65,0,0.38,0.25,20,ONE_POINT,100,100,RANDOM,13
24,2500,7.925555229187012,115950,115992.52,0,0.38,0.25,20,ONE_POINT,100,100,RANDOM,13
25,2600,8.260650634765625,115040,115076.64,0,0.38,0.25,20,ONE_POINT,100,100,RANDOM,13
26,2700,8.610620260238647,114108,114145.44,0,0.38,0.25,20,ONE_POINT,100,100,RANDOM,13
27,2800,8.958855390548706,113595,113638.3,0,0.38,0.25,20,ONE_POINT,100,100,RANDOM,13
28,2900,9.276730298995972,113285,113303.04,0,0.38,0.25,20,ONE_POINT,100,100,RANDOM,13
29,3000,9.582488059997559,112679,112699.7,0,0.38,0.25,20,ONE_POINT,100,100,RANDOM,13
30,3100,9.889960050582886,112268,112288.89,0,0.38,0.25,20,ONE_POINT,100,100,RANDOM,13
31,3200,10.22881031036377,111315,111379.96,0,0.38,0.25,20,ONE_POINT,100,100,RANDOM,13
32,3300,10.55700159072876,111028,111043.64,0,0.38,0.25,20,ONE_POINT,100,100,RANDOM,13
33,3400,10.88499641418457,110649,110671.54,0,0.38,0.25,20,ONE_POINT,100,100,RANDOM,13
34,3500,11.214790105819702,110353,110418.21,0,0.38,0.25,20,ONE_POINT,100,100,RANDOM,13
35,3600,11.565881490707397,110087,110102.48,0,0.38,0.25,20,ONE_POINT,100,100,RANDOM,13
36,3700,11.868571043014526,109668,109683.97,0,0.38,0.25,20,ONE_POINT,100,100,RANDOM,13
37,3800,12.206794261932373,109184,109204.57,0,0.38,0.25,20,ONE_POINT,100,100,RANDOM,13
38,3900,12.569967985153198,108682,108709.91,0,0.38,0.25,20,ONE_POINT,100,100,RANDOM,13
39,4000,12.888704061508179,108256,108273.58,0,0.38,0.25,20,ONE_POINT,100,100,RANDOM,13
40,4100,13.18651270866394,107884,107901.33,0,0.38,0.25,20,ONE_POINT,100,100,RANDOM,13
41,4200,13.53676724433899,107413,107521.43,0,0.38,0.25,20,ONE_POINT,100,100,RANDOM,13
42,4300,13.841955184936523,107132,107224.52,0,0.38,0.25,20,ONE_POINT,100,100,RANDOM,13
43,4400,14.137260675430298,106742,106762.45,0,0.38,0.25,20,ONE_POINT,100,100,RANDOM,13
44,4500,14.455769777297974,106230,106268.51,0,0.38,0.25,20,ONE_POINT,100,100,RANDOM,13
45,4600,14.808931827545166,105986,105998.19,0,0.38,0.25,20,ONE_POINT,100,100,RANDOM,13
46,4700,15.190856218338013,105627,105644.95,0,0.38,0.25,20,ONE_POINT,100,100,RANDOM,13
47,4800,15.519662141799927,105180,105196.7,0,0.38,0.25,20,ONE_POINT,100,100,RANDOM,13
48,4900,15.82041311264038,105043,105053.84,0,0.38,0.25,20,ONE_POINT,100,100,RANDOM,13
49,5000,16.139907121658325,104732,104758.39,0,0.38,0.25,20,ONE_POINT,100,100,RANDOM,13
50,5100,16.449071884155273,104581,104624.9,0,0.38,0.25,20,ONE_POINT,100,100,RANDOM,13
51,5200,16.778620958328247,104294,104311.98,0,0.38,0.25,20,ONE_POINT,100,100,RANDOM,13
52,5300,17.143978595733643,103627,103682.82,0,0.38,0.25,20,ONE_POINT,100,100,RANDOM,13
53,5400,17.48722529411316,103354,103413.02,0,0.38,0.25,20,ONE_POINT,100,100,RANDOM,13
54,5500,17.808730125427246,103067,103083.24,0,0.38,0.25,20,ONE_POINT,100,100,RANDOM,13
55,5600,18.117949962615967,102673,102687.63,0,0.38,0.25,20,ONE_POINT,100,100,RANDOM,13
56,5700,18.436942100524902,102459,102471.84,0,0.38,0.25,20,ONE_POINT,100,100,RANDOM,13
57,5800,18.791316986083984,102121,102137.9,0,0.38,0.25,20,ONE_POINT,100,100,RANDOM,13
58,5900,19.191824436187744,101871,101881.53,0,0.38,0.25,20,ONE_POINT,100,100,RANDOM,13
59,6000,19.513826608657837,101408,101454.37,0,0.38,0.25,20,ONE_POINT,100,100,RANDOM,13
60,6100,19.84074640274048,101009,101028.67,0,0.38,0.25,20,ONE_POINT,100,100,RANDOM,13
61,6200,20.187960624694824,100512,100542.29,0,0.38,0.25,20,ONE_POINT,100,100,RANDOM,13
62,6300,20.541717529296875,100221,100243.63,0,0.38,0.25,20,ONE_POINT,100,100,RANDOM,13
63,6400,20.89215064048767,99970,99984.39,0,0.38,0.25,20,ONE_POINT,100,100,RANDOM,13
64,6500,21.191206455230713,99677,99714.69,0,0.38,0.25,20,ONE_POINT,100,100,RANDOM,13
65,6600,21.494715929031372,99097,99125.14,0,0.38,0.25,20,ONE_POINT,100,100,RANDOM,13
66,6700,21.805959939956665,98763,98781.85,0,0.38,0.25,20,ONE_POINT,100,100,RANDOM,13
67,6800,22.121073007583618,98581,98602.65,0,0.38,0.25,20,ONE_POINT,100,100,RANDOM,13
68,6900,22.41333317756653,98303,98316.8,0,0.38,0.25,20,ONE_POINT,100,100,RANDOM,13
69,7000,22.747729778289795,98039,98064.4,0,0.38,0.25,20,ONE_POINT,100,100,RANDOM,13
70,7100,23.088528633117676,97770,97786.47,0,0.38,0.25,20,ONE_POINT,100,100,RANDOM,13
71,7200,23.3788480758667,97429,97450.15,0,0.38,0.25,20,ONE_POINT,100,100,RANDOM,13
72,7300,23.706966400146484,97188,97303.4,0,0.38,0.25,20,ONE_POINT,100,100,RANDOM,13
73,7400,24.031176567077637,97040,97050.69,0,0.38,0.25,20,ONE_POINT,100,100,RANDOM,13
74,7500,24.356178045272827,96737,96827.16,0,0.38,0.25,20,ONE_POINT,100,100,RANDOM,13
75,7600,24.662467002868652,96479,96494.48,0,0.38,0.25,20,ONE_POINT,100,100,RANDOM,13
76,7700,24.991446256637573,96231,96248.16,0,0.38,0.25,20,ONE_POINT,100,100,RANDOM,13
77,7800,25.301692724227905,95971,95992.0,0,0.38,0.25,20,ONE_POINT,100,100,RANDOM,13
78,7900,25.629574060440063,95729,95787.99,0,0.38,0.25,20,ONE_POINT,100,100,RANDOM,13
79,8000,25.96274709701538,95224,95254.69,0,0.38,0.25,20,ONE_POINT,100,100,RANDOM,13
80,8100,26.30553960800171,94972,95086.92,0,0.38,0.25,20,ONE_POINT,100,100,RANDOM,13
81,8200,26.60667896270752,94687,94707.8,0,0.38,0.25,20,ONE_POINT,100,100,RANDOM,13
82,8300,26.967622995376587,94341,94355.5,0,0.38,0.25,20,ONE_POINT,100,100,RANDOM,13
83,8400,27.294835329055786,94084,94133.71,0,0.38,0.25,20,ONE_POINT,100,100,RANDOM,13
84,8500,27.620133876800537,93792,93877.87,0,0.38,0.25,20,ONE_POINT,100,100,RANDOM,13
85,8600,27.9330894947052,93661,93680.16,0,0.38,0.25,20,ONE_POINT,100,100,RANDOM,13
86,8700,28.261409282684326,93336,93356.98,0,0.38,0.25,20,ONE_POINT,100,100,RANDOM,13
87,8800,28.599358558654785,93136,93155.53,0,0.38,0.25,20,ONE_POINT,100,100,RANDOM,13
88,8900,28.95270299911499,92912,92927.25,0,0.38,0.25,20,ONE_POINT,100,100,RANDOM,13
89,9000,29.248193502426147,92536,92616.86,0,0.38,0.25,20,ONE_POINT,100,100,RANDOM,13
90,9100,29.567243576049805,92193,92276.52,0,0.38,0.25,20,ONE_POINT,100,100,RANDOM,13
91,9200,29.88737916946411,91885,91905.1,0,0.38,0.25,20,ONE_POINT,100,100,RANDOM,13
92,9300,30.21462655067444,91463,91506.19,0,0.38,0.25,20,ONE_POINT,100,100,RANDOM,13
93,9400,30.551193714141846,90985,91036.37,0,0.38,0.25,20,ONE_POINT,100,100,RANDOM,13
94,9500,30.903145790100098,90789,90855.19,0,0.38,0.25,20,ONE_POINT,100,100,RANDOM,13
95,9600,31.210291624069214,90414,90443.09,0,0.38,0.25,20,ONE_POINT,100,100,RANDOM,13
96,9700,31.555449962615967,90043,90063.83,0,0.38,0.25,20,ONE_POINT,100,100,RANDOM,13
97,9800,31.847569465637207,89874,89929.63,0,0.38,0.25,20,ONE_POINT,100,100,RANDOM,13
98,9900,32.150816202163696,89649,89720.73,0,0.38,0.25,20,ONE_POINT,100,100,RANDOM,13
99,10000,32.50883889198303,89290,89309.68,0,0.38,0.25,20,ONE_POINT,100,100,RANDOM,13
100,10100,32.84553647041321,88921,88949.23,0,0.38,0.25,20,ONE_POINT,100,100,RANDOM,13
101,10200,33.203378200531006,88700,88718.52,0,0.38,0.25,20,ONE_POINT,100,100,RANDOM,13
102,10300,33.50422549247742,88402,88420.58,0,0.38,0.25,20,ONE_POINT,100,100,RANDOM,13
103,10400,33.84284329414368,88188,88198.85,0,0.38,0.25,20,ONE_POINT,100,100,RANDOM,13
104,10500,34.18367886543274,87805,87871.72,0,0.38,0.25,20,ONE_POINT,100,100,RANDOM,13
105,10600,34.51714873313904,87467,87633.1,0,0.38,0.25,20,ONE_POINT,100,100,RANDOM,13
106,10700,34.8993923664093,87330,87348.14,0,0.38,0.25,20,ONE_POINT,100,100,RANDOM,13
107,10800,35.204909324645996,87067,87084.1,0,0.38,0.25,20,ONE_POINT,100,100,RANDOM,13
108,10900,35.56983423233032,86828,86846.34,0,0.38,0.25,20,ONE_POINT,100,100,RANDOM,13
109,11000,35.94725728034973,85981,86014.88,0,0.38,0.25,20,ONE_POINT,100,100,RANDOM,13
110,11100,36.25892519950867,85550,85587.16,0,0.38,0.25,20,ONE_POINT,100,100,RANDOM,13
111,11200,36.594401597976685,85419,85467.86,0,0.38,0.25,20,ONE_POINT,100,100,RANDOM,13
112,11300,36.959582567214966,85219,85247.74,0,0.38,0.25,20,ONE_POINT,100,100,RANDOM,13
113,11400,37.30353808403015,84987,85043.04,0,0.38,0.25,20,ONE_POINT,100,100,RANDOM,13
114,11500,37.605953216552734,84816,84830.21,0,0.38,0.25,20,ONE_POINT,100,100,RANDOM,13
115,11600,37.91032838821411,84725,84743.55,0,0.38,0.25,20,ONE_POINT,100,100,RANDOM,13
116,11700,38.24157977104187,84238,84303.96,0,0.38,0.25,20,ONE_POINT,100,100,RANDOM,13
117,11800,38.58224272727966,83991,84004.85,0,0.38,0.25,20,ONE_POINT,100,100,RANDOM,13
118,11900,38.877485513687134,83794,83813.91,0,0.38,0.25,20,ONE_POINT,100,100,RANDOM,13
119,12000,39.17305064201355,83701,83725.26,0,0.38,0.25,20,ONE_POINT,100,100,RANDOM,13
120,12100,39.46962285041809,83351,83374.36,0,0.38,0.25,20,ONE_POINT,100,100,RANDOM,13
121,12200,39.816423654556274,83204,83215.75,0,0.38,0.25,20,ONE_POINT,100,100,RANDOM,13
122,12300,40.173622131347656,83108,83116.64,0,0.38,0.25,20,ONE_POINT,100,100,RANDOM,13
123,12400,40.49178624153137,83021,83033.9,0,0.38,0.25,20,ONE_POINT,100,100,RANDOM,13
124,12500,40.841986656188965,82850,82864.35,0,0.38,0.25,20,ONE_POINT,100,100,RANDOM,13
125,12600,41.1746768951416,82528,82547.32,0,0.38,0.25,20,ONE_POINT,100,100,RANDOM,13
126,12700,41.49932146072388,82395,82409.77,0,0.38,0.25,20,ONE_POINT,100,100,RANDOM,13
127,12800,41.835978507995605,82139,82177.32,0,0.38,0.25,20,ONE_POINT,100,100,RANDOM,13
128,12900,42.177120208740234,81971,82000.71,0,0.38,0.25,20,ONE_POINT,100,100,RANDOM,13
129,13000,42.48945736885071,81829,81839.7,0,0.38,0.25,20,ONE_POINT,100,100,RANDOM,13
130,13100,42.820064306259155,81773,81813.89,0,0.38,0.25,20,ONE_POINT,100,100,RANDOM,13
131,13200,43.17935538291931,81443,81519.03,0,0.38,0.25,20,ONE_POINT,100,100,RANDOM,13
132,13300,43.51783061027527,81316,81333.33,0,0.38,0.25,20,ONE_POINT,100,100,RANDOM,13
133,13400,43.852489948272705,81150,81189.29,0,0.38,0.25,20,ONE_POINT,100,100,RANDOM,13
134,13500,44.168829679489136,81045,81061.6,0,0.38,0.25,20,ONE_POINT,100,100,RANDOM,13
135,13600,44.49240207672119,80949,80957.33,0,0.38,0.25,20,ONE_POINT,100,100,RANDOM,13
136,13700,44.794762134552,80796,80810.94,0,0.38,0.25,20,ONE_POINT,100,100,RANDOM,13
137,13800,45.10400724411011,80493,80541.02,0,0.38,0.25,20,ONE_POINT,100,100,RANDOM,13
138,13900,45.4179949760437,80332,80342.72,0,0.38,0.25,20,ONE_POINT,100,100,RANDOM,13
139,14000,45.73275947570801,80157,80177.09,0,0.38,0.25,20,ONE_POINT,100,100,RANDOM,13
140,14100,46.08604073524475,79986,80011.11,0,0.38,0.25,20,ONE_POINT,100,100,RANDOM,13
141,14200,46.403929710388184,79853,79863.64,0,0.38,0.25,20,ONE_POINT,100,100,RANDOM,13
142,14300,46.74725317955017,79741,79756.56,0,0.38,0.25,20,ONE_POINT,100,100,RANDOM,13
143,14400,47.060030460357666,79228,79260.9,0,0.38,0.25,20,ONE_POINT,100,100,RANDOM,13
144,14500,47.359384298324585,78881,78912.81,0,0.38,0.25,20,ONE_POINT,100,100,RANDOM,13
145,14600,47.66152620315552,78549,78579.94,0,0.38,0.25,20,ONE_POINT,100,100,RANDOM,13
146,14700,48.00599980354309,78432,78475.94,0,0.38,0.25,20,ONE_POINT,100,100,RANDOM,13
147,14800,48.362775564193726,78308,78330.7,0,0.38,0.25,20,ONE_POINT,100,100,RANDOM,13
148,14900,48.691508531570435,78055,78088.37,0,0.38,0.25,20,ONE_POINT,100,100,RANDOM,13
149,15000,49.0199773311615,77953,77960.24,0,0.38,0.25,20,ONE_POINT,100,100,RANDOM,13
150,15100,49.385560274124146,77550,77606.85,0,0.38,0.25,20,ONE_POINT,100,100,RANDOM,13
151,15200,49.73407578468323,77256,77301.46,0,0.38,0.25,20,ONE_POINT,100,100,RANDOM,13
152,15300,50.088595151901245,77045,77057.44,0,0.38,0.25,20,ONE_POINT,100,100,RANDOM,13
153,15400,50.4054069519043,76584,76638.76,0,0.38,0.25,20,ONE_POINT,100,100,RANDOM,13
154,15500,50.77259612083435,76457,76572.71,0,0.38,0.25,20,ONE_POINT,100,100,RANDOM,13
155,15600,51.08033633232117,76238,76255.95,0,0.38,0.25,20,ONE_POINT,100,100,RANDOM,13
156,15700,51.41078162193298,76083,76129.54,0,0.38,0.25,20,ONE_POINT,100,100,RANDOM,13
157,15800,51.73313522338867,75877,75892.68,0,0.38,0.25,20,ONE_POINT,100,100,RANDOM,13
158,15900,52.08086323738098,75711,75738.38,0,0.38,0.25,20,ONE_POINT,100,100,RANDOM,13
159,16000,52.45271134376526,75609,75625.55,0,0.38,0.25,20,ONE_POINT,100,100,RANDOM,13
160,16100,52.79432940483093,75424,75470.53,0,0.38,0.25,20,ONE_POINT,100,100,RANDOM,13
161,16200,53.11074709892273,75288,75310.6,0,0.38,0.25,20,ONE_POINT,100,100,RANDOM,13
162,16300,53.41399002075195,75219,75252.51,0,0.38,0.25,20,ONE_POINT,100,100,RANDOM,13
163,16400,53.72761869430542,75031,75054.08,0,0.38,0.25,20,ONE_POINT,100,100,RANDOM,13
164,16500,54.060762882232666,74901,74930.99,0,0.38,0.25,20,ONE_POINT,100,100,RANDOM,13
165,16600,54.3910346031189,74719,74788.14,0,0.38,0.25,20,ONE_POINT,100,100,RANDOM,13
166,16700,54.718586683273315,74571,74584.66,0,0.38,0.25,20,ONE_POINT,100,100,RANDOM,13
167,16800,55.07709836959839,74356,74383.18,0,0.38,0.25,20,ONE_POINT,100,100,RANDOM,13
168,16900,55.39869999885559,74222,74235.69,0,0.38,0.25,20,ONE_POINT,100,100,RANDOM,13
169,17000,55.71598219871521,73991,74019.3,0,0.38,0.25,20,ONE_POINT,100,100,RANDOM,13
170,17100,56.037763833999634,73809,73823.56,0,0.38,0.25,20,ONE_POINT,100,100,RANDOM,13
171,17200,56.38509488105774,73594,73610.08,0,0.38,0.25,20,ONE_POINT,100,100,RANDOM,13
172,17300,56.74689817428589,73338,73357.63,0,0.38,0.25,20,ONE_POINT,100,100,RANDOM,13
173,17400,57.070045709609985,73251,73275.86,0,0.38,0.25,20,ONE_POINT,100,100,RANDOM,13
174,17500,57.365346908569336,73057,73072.73,0,0.38,0.25,20,ONE_POINT,100,100,RANDOM,13
175,17600,57.68143153190613,72905,72917.65,0,0.38,0.25,20,ONE_POINT,100,100,RANDOM,13
176,17700,57.996625661849976,72688,72705.06,0,0.38,0.25,20,ONE_POINT,100,100,RANDOM,13
177,17800,58.32817459106445,72533,72547.34,0,0.38,0.25,20,ONE_POINT,100,100,RANDOM,13
178,17900,58.67246890068054,72317,72354.74,0,0.38,0.25,20,ONE_POINT,100,100,RANDOM,13
179,18000,59.037893772125244,72147,72162.76,0,0.38,0.25,20,ONE_POINT,100,100,RANDOM,13
180,18100,59.330405950546265,71879,71909.36,0,0.38,0.25,20,ONE_POINT,100,100,RANDOM,13
181,18200,59.64702033996582,71728,71740.51,0,0.38,0.25,20,ONE_POINT,100,100,RANDOM,13
182,18300,59.97853708267212,71484,71502.03,0,0.38,0.25,20,ONE_POINT,100,100,RANDOM,13
183,18400,60.304473876953125,71155,71174.74,0,0.38,0.25,20,ONE_POINT,100,100,RANDOM,13
184,18500,60.647215843200684,70956,70979.86,0,0.38,0.25,20,ONE_POINT,100,100,RANDOM,13
185,18600,60.988728284835815,70733,70745.89,0,0.38,0.25,20,ONE_POINT,100,100,RANDOM,13
186,18700,61.3195538520813,70583,70594.05,0,0.38,0.25,20,ONE_POINT,100,100,RANDOM,13
187,18800,61.6441125869751,70418,70430.48,0,0.38,0.25,20,ONE_POINT,100,100,RANDOM,13
188,18900,61.99776268005371,70177,70191.46,0,0.38,0.25,20,ONE_POINT,100,100,RANDOM,13
189,19000,62.3160457611084,70089,70109.1,0,0.38,0.25,20,ONE_POINT,100,100,RANDOM,13
190,19100,62.66799068450928,69845,69859.63,0,0.38,0.25,20,ONE_POINT,100,100,RANDOM,13
191,19200,62.99431562423706,69721,69749.36,0,0.38,0.25,20,ONE_POINT,100,100,RANDOM,13
192,19300,63.33228325843811,69605,69745.19,0,0.38,0.25,20,ONE_POINT,100,100,RANDOM,13
193,19400,63.66127109527588,69535,69542.08,0,0.38,0.25,20,ONE_POINT,100,100,RANDOM,13
194,19500,64.01505398750305,69391,69448.14,0,0.38,0.25,20,ONE_POINT,100,100,RANDOM,13
195,19600,64.3439130783081,69290,69307.85,0,0.38,0.25,20,ONE_POINT,100,100,RANDOM,13
196,19700,64.67148017883301,69176,69193.51,0,0.38,0.25,20,ONE_POINT,100,100,RANDOM,13
197,19800,65.02562880516052,69046,69062.16,0,0.38,0.25,20,ONE_POINT,100,100,RANDOM,13
198,19900,65.32326197624207,68910,68924.99,0,0.38,0.25,20,ONE_POINT,100,100,RANDOM,13
199,20000,65.6883897781372,68714,68749.24,0,0.38,0.25,20,ONE_POINT,100,100,RANDOM,13
200,20100,66.02466893196106,68585,68626.27,0,0.38,0.25,20,ONE_POINT,100,100,RANDOM,13
201,20200,66.37896084785461,68417,68433.36,0,0.38,0.25,20,ONE_POINT,100,100,RANDOM,13
202,20300,66.72690057754517,68283,68315.44,0,0.38,0.25,20,ONE_POINT,100,100,RANDOM,13
203,20400,67.14137840270996,68049,68184.06,0,0.38,0.25,20,ONE_POINT,100,100,RANDOM,13
204,20500,67.50924515724182,67906,67918.73,0,0.38,0.25,20,ONE_POINT,100,100,RANDOM,13
205,20600,67.83526015281677,67810,67822.34,0,0.38,0.25,20,ONE_POINT,100,100,RANDOM,13
206,20700,68.19032549858093,67650,67663.76,0,0.38,0.25,20,ONE_POINT,100,100,RANDOM,13
207,20800,68.49437999725342,67538,67555.23,0,0.38,0.25,20,ONE_POINT,100,100,RANDOM,13
208,20900,68.86844635009766,67456,67473.19,0,0.38,0.25,20,ONE_POINT,100,100,RANDOM,13
209,21000,69.21811532974243,67326,67550.61,0,0.38,0.25,20,ONE_POINT,100,100,RANDOM,13
210,21100,69.54976511001587,67212,67315.37,0,0.38,0.25,20,ONE_POINT,100,100,RANDOM,13
211,21200,69.84923672676086,67110,67132.46,0,0.38,0.25,20,ONE_POINT,100,100,RANDOM,13
212,21300,70.17842698097229,66932,67049.24,0,0.38,0.25,20,ONE_POINT,100,100,RANDOM,13
213,21400,70.49826741218567,66849,66863.92,0,0.38,0.25,20,ONE_POINT,100,100,RANDOM,13
214,21500,70.81527042388916,66574,66595.32,0,0.38,0.25,20,ONE_POINT,100,100,RANDOM,13
215,21600,71.15091514587402,66468,66553.99,0,0.38,0.25,20,ONE_POINT,100,100,RANDOM,13
216,21700,71.48872065544128,66288,66298.94,0,0.38,0.25,20,ONE_POINT,100,100,RANDOM,13
217,21800,71.83679938316345,66192,66201.6,0,0.38,0.25,20,ONE_POINT,100,100,RANDOM,13
218,21900,72.16341209411621,65962,65980.24,0,0.38,0.25,20,ONE_POINT,100,100,RANDOM,13
219,22000,72.46086239814758,65816,65835.68,0,0.38,0.25,20,ONE_POINT,100,100,RANDOM,13
220,22100,72.7961437702179,65682,65693.04,0,0.38,0.25,20,ONE_POINT,100,100,RANDOM,13
221,22200,73.11037874221802,65578,65590.45,0,0.38,0.25,20,ONE_POINT,100,100,RANDOM,13
222,22300,73.44245624542236,65451,65483.63,0,0.38,0.25,20,ONE_POINT,100,100,RANDOM,13
223,22400,73.79394769668579,65377,65387.55,0,0.38,0.25,20,ONE_POINT,100,100,RANDOM,13
224,22500,74.15628170967102,65167,65199.63,0,0.38,0.25,20,ONE_POINT,100,100,RANDOM,13
225,22600,74.48894047737122,64879,64905.38,0,0.38,0.25,20,ONE_POINT,100,100,RANDOM,13
226,22700,74.8232626914978,64729,64744.26,0,0.38,0.25,20,ONE_POINT,100,100,RANDOM,13
227,22800,75.17003464698792,64636,64658.7,0,0.38,0.25,20,ONE_POINT,100,100,RANDOM,13
228,22900,75.48956108093262,64334,64352.22,0,0.38,0.25,20,ONE_POINT,100,100,RANDOM,13
229,23000,75.78879141807556,64260,64267.3,0,0.38,0.25,20,ONE_POINT,100,100,RANDOM,13
230,23100,76.12220239639282,64062,64079.85,0,0.38,0.25,20,ONE_POINT,100,100,RANDOM,13
231,23200,76.41322588920593,63966,64000.24,0,0.38,0.25,20,ONE_POINT,100,100,RANDOM,13
232,23300,76.74195599555969,63766,63782.9,0,0.38,0.25,20,ONE_POINT,100,100,RANDOM,13
233,23400,77.11091709136963,63630,63647.89,0,0.38,0.25,20,ONE_POINT,100,100,RANDOM,13
234,23500,77.42640161514282,63553,63589.96,0,0.38,0.25,20,ONE_POINT,100,100,RANDOM,13
235,23600,77.77187395095825,63405,63440.36,0,0.38,0.25,20,ONE_POINT,100,100,RANDOM,13
236,23700,78.10419631004333,63255,63269.27,0,0.38,0.25,20,ONE_POINT,100,100,RANDOM,13
237,23800,78.4661078453064,62950,62977.15,0,0.38,0.25,20,ONE_POINT,100,100,RANDOM,13
238,23900,78.78626680374146,62884,63022.54,0,0.38,0.25,20,ONE_POINT,100,100,RANDOM,13
239,24000,79.10106444358826,62740,62755.57,0,0.38,0.25,20,ONE_POINT,100,100,RANDOM,13
240,24100,79.45200037956238,62625,62659.63,0,0.38,0.25,20,ONE_POINT,100,100,RANDOM,13
241,24200,79.79499101638794,62554,62663.8,0,0.38,0.25,20,ONE_POINT,100,100,RANDOM,13
242,24300,80.12008309364319,62424,62435.11,0,0.38,0.25,20,ONE_POINT,100,100,RANDOM,13
243,24400,80.46840214729309,62328,62353.2,0,0.38,0.25,20,ONE_POINT,100,100,RANDOM,13
244,24500,80.82219505310059,62211,62231.71,0,0.38,0.25,20,ONE_POINT,100,100,RANDOM,13
245,24600,81.1877613067627,61922,61939.34,0,0.38,0.25,20,ONE_POINT,100,100,RANDOM,13
246,24700,81.53509593009949,61810,61941.88,0,0.38,0.25,20,ONE_POINT,100,100,RANDOM,13
247,24800,81.8707983493805,61724,61736.22,0,0.38,0.25,20,ONE_POINT,100,100,RANDOM,13
248,24900,82.18568181991577,61574,61586.91,0,0.38,0.25,20,ONE_POINT,100,100,RANDOM,13
249,25000,82.52507519721985,61517,61536.94,0,0.38,0.25,20,ONE_POINT,100,100,RANDOM,13
250,25100,82.86495971679688,61425,61434.77,0,0.38,0.25,20,ONE_POINT,100,100,RANDOM,13
251,25200,83.17468047142029,61329,61351.99,0,0.38,0.25,20,ONE_POINT,100,100,RANDOM,13
252,25300,83.52304983139038,61217,61247.59,0,0.38,0.25,20,ONE_POINT,100,100,RANDOM,13
253,25400,83.844966173172,61141,61167.51,0,0.38,0.25,20,ONE_POINT,100,100,RANDOM,13
254,25500,84.18389248847961,61126,61132.55,0,0.38,0.25,20,ONE_POINT,100,100,RANDOM,13
255,25600,84.55021023750305,60975,60987.27,0,0.38,0.25,20,ONE_POINT,100,100,RANDOM,13
256,25700,84.88924407958984,60530,60567.26,0,0.38,0.25,20,ONE_POINT,100,100,RANDOM,13
257,25800,85.23223996162415,60416,60483.17,0,0.38,0.25,20,ONE_POINT,100,100,RANDOM,13
258,25900,85.60795378684998,60284,60299.25,0,0.38,0.25,20,ONE_POINT,100,100,RANDOM,13
259,26000,85.93517065048218,60201,60209.75,0,0.38,0.25,20,ONE_POINT,100,100,RANDOM,13
260,26100,86.24190711975098,60019,60034.81,0,0.38,0.25,20,ONE_POINT,100,100,RANDOM,13
261,26200,86.56766438484192,59876,59887.37,0,0.38,0.25,20,ONE_POINT,100,100,RANDOM,13
262,26300,86.87273955345154,59821,59829.54,0,0.38,0.25,20,ONE_POINT,100,100,RANDOM,13
263,26400,87.22865700721741,59523,59545.64,0,0.38,0.25,20,ONE_POINT,100,100,RANDOM,13
264,26500,87.56547737121582,59344,59359.83,0,0.38,0.25,20,ONE_POINT,100,100,RANDOM,13
265,26600,87.9104220867157,59288,59439.77,0,0.38,0.25,20,ONE_POINT,100,100,RANDOM,13
266,26700,88.20903444290161,59143,59159.22,0,0.38,0.25,20,ONE_POINT,100,100,RANDOM,13
267,26800,88.54292178153992,58965,58997.13,0,0.38,0.25,20,ONE_POINT,100,100,RANDOM,13
268,26900,88.87186431884766,58795,58826.85,0,0.38,0.25,20,ONE_POINT,100,100,RANDOM,13
269,27000,89.19450879096985,58676,58692.11,0,0.38,0.25,20,ONE_POINT,100,100,RANDOM,13
270,27100,89.51365685462952,58580,58592.55,0,0.38,0.25,20,ONE_POINT,100,100,RANDOM,13
271,27200,89.85271096229553,58508,58564.03,0,0.38,0.25,20,ONE_POINT,100,100,RANDOM,13
272,27300,90.17506766319275,58349,58360.92,0,0.38,0.25,20,ONE_POINT,100,100,RANDOM,13
273,27400,90.47534680366516,58243,58253.33,0,0.38,0.25,20,ONE_POINT,100,100,RANDOM,13
274,27500,90.80082201957703,58128,58140.04,0,0.38,0.25,20,ONE_POINT,100,100,RANDOM,13
275,27600,91.11495661735535,58039,58156.54,0,0.38,0.25,20,ONE_POINT,100,100,RANDOM,13
276,27700,91.44192242622375,57995,58003.28,0,0.38,0.25,20,ONE_POINT,100,100,RANDOM,13
277,27800,91.79235243797302,57876,57901.14,0,0.38,0.25,20,ONE_POINT,100,100,RANDOM,13
278,27900,92.14260959625244,57805,57828.02,0,0.38,0.25,20,ONE_POINT,100,100,RANDOM,13
279,28000,92.45292043685913,57706,57728.24,0,0.38,0.25,20,ONE_POINT,100,100,RANDOM,13
280,28100,92.80385208129883,57606,57635.45,0,0.38,0.25,20,ONE_POINT,100,100,RANDOM,13
281,28200,93.15357184410095,57379,57400.07,0,0.38,0.25,20,ONE_POINT,100,100,RANDOM,13
282,28300,93.49081301689148,57232,57246.51,0,0.38,0.25,20,ONE_POINT,100,100,RANDOM,13
283,28400,93.80994462966919,57090,57105.1,0,0.38,0.25,20,ONE_POINT,100,100,RANDOM,13
284,28500,94.11818742752075,56929,56942.24,0,0.38,0.25,20,ONE_POINT,100,100,RANDOM,13
285,28600,94.46020436286926,56834,56850.75,0,0.38,0.25,20,ONE_POINT,100,100,RANDOM,13
286,28700,94.82834219932556,56754,56774.5,0,0.38,0.25,20,ONE_POINT,100,100,RANDOM,13
287,28800,95.17567682266235,56697,56704.64,0,0.38,0.25,20,ONE_POINT,100,100,RANDOM,13
288,28900,95.4794569015503,56576,56588.1,0,0.38,0.25,20,ONE_POINT,100,100,RANDOM,13
289,29000,95.7936327457428,56534,56555.63,0,0.38,0.25,20,ONE_POINT,100,100,RANDOM,13
290,29100,96.08646059036255,56478,56490.13,0,0.38,0.25,20,ONE_POINT,100,100,RANDOM,13
291,29200,96.44252228736877,56354,56386.56,0,0.38,0.25,20,ONE_POINT,100,100,RANDOM,13
292,29300,96.80375075340271,56242,56257.86,0,0.38,0.25,20,ONE_POINT,100,100,RANDOM,13
293,29400,97.11589479446411,56096,56115.92,0,0.38,0.25,20,ONE_POINT,100,100,RANDOM,13
294,29500,97.44903540611267,55990,56015.19,0,0.38,0.25,20,ONE_POINT,100,100,RANDOM,13
295,29600,97.79397463798523,55908,55923.79,0,0.38,0.25,20,ONE_POINT,100,100,RANDOM,13
296,29700,98.11976027488708,55790,55802.61,0,0.38,0.25,20,ONE_POINT,100,100,RANDOM,13
297,29800,98.4419596195221,55679,55688.82,0,0.38,0.25,20,ONE_POINT,100,100,RANDOM,13
298,29900,98.78070974349976,55578,55726.5,0,0.38,0.25,20,ONE_POINT,100,100,RANDOM,13
299,30000,99.10113883018494,55527,55553.42,0,0.38,0.25,20,ONE_POINT,100,100,RANDOM,13
300,30100,99.41809344291687,55494,55498.29,0,0.38,0.25,20,ONE_POINT,100,100,RANDOM,13
301,30200,99.76046991348267,55441,55467.81,0,0.38,0.25,20,ONE_POINT,100,100,RANDOM,13
302,30300,100.06527853012085,55383,55392.36,0,0.38,0.25,20,ONE_POINT,100,100,RANDOM,13
303,30400,100.41813230514526,55208,55223.71,0,0.38,0.25,20,ONE_POINT,100,100,RANDOM,13
304,30500,100.82106709480286,55160,55192.3,0,0.38,0.25,20,ONE_POINT,100,100,RANDOM,13
305,30600,101.18502688407898,55066,55092.43,0,0.38,0.25,20,ONE_POINT,100,100,RANDOM,13
306,30700,101.56149792671204,55027,55037.01,0,0.38,0.25,20,ONE_POINT,100,100,RANDOM,13
307,30800,101.85851955413818,54922,54946.1,0,0.38,0.25,20,ONE_POINT,100,100,RANDOM,13
308,30900,102.17319130897522,54837,54858.67,0,0.38,0.25,20,ONE_POINT,100,100,RANDOM,13
309,31000,102.49618172645569,54684,54699.31,0,0.38,0.25,20,ONE_POINT,100,100,RANDOM,13
310,31100,102.8108422756195,54564,54579.34,0,0.38,0.25,20,ONE_POINT,100,100,RANDOM,13
311,31200,103.12141275405884,54492,54501.89,0,0.38,0.25,20,ONE_POINT,100,100,RANDOM,13
312,31300,103.45403623580933,54347,54364.39,0,0.38,0.25,20,ONE_POINT,100,100,RANDOM,13
313,31400,103.76130700111389,54279,54286.07,0,0.38,0.25,20,ONE_POINT,100,100,RANDOM,13
314,31500,104.10276055335999,54228,54238.7,0,0.38,0.25,20,ONE_POINT,100,100,RANDOM,13
315,31600,104.46335434913635,54159,54170.04,0,0.38,0.25,20,ONE_POINT,100,100,RANDOM,13
316,31700,104.7925820350647,54113,54137.45,0,0.38,0.25,20,ONE_POINT,100,100,RANDOM,13
317,31800,105.13748478889465,54007,54022.23,0,0.38,0.25,20,ONE_POINT,100,100,RANDOM,13
318,31900,105.44268465042114,53879,53893.46,0,0.38,0.25,20,ONE_POINT,100,100,RANDOM,13
319,32000,105.7863998413086,53811,53820.12,0,0.38,0.25,20,ONE_POINT,100,100,RANDOM,13
320,32100,106.10035109519958,53702,53738.26,0,0.38,0.25,20,ONE_POINT,100,100,RANDOM,13
321,32200,106.42640471458435,53612,53633.2,0,0.38,0.25,20,ONE_POINT,100,100,RANDOM,13
322,32300,106.74701595306396,53543,53555.19,0,0.38,0.25,20,ONE_POINT,100,100,RANDOM,13
323,32400,107.08952593803406,53483,53492.9,0,0.38,0.25,20,ONE_POINT,100,100,RANDOM,13
324,32500,107.41532564163208,53393,53404.78,0,0.38,0.25,20,ONE_POINT,100,100,RANDOM,13
325,32600,107.7295892238617,53337,53346.61,0,0.38,0.25,20,ONE_POINT,100,100,RANDOM,13
326,32700,108.03148341178894,53273,53413.24,0,0.38,0.25,20,ONE_POINT,100,100,RANDOM,13
327,32800,108.36484551429749,53203,53228.23,0,0.38,0.25,20,ONE_POINT,100,100,RANDOM,13
328,32900,108.66459774971008,53123,53139.51,0,0.38,0.25,20,ONE_POINT,100,100,RANDOM,13
329,33000,109.01027917861938,53053,53078.75,0,0.38,0.25,20,ONE_POINT,100,100,RANDOM,13
330,33100,109.32666873931885,52989,53067.16,0,0.38,0.25,20,ONE_POINT,100,100,RANDOM,13
331,33200,109.62364602088928,52922,52937.21,0,0.38,0.25,20,ONE_POINT,100,100,RANDOM,13
332,33300,109.97733068466187,52876,52888.95,0,0.38,0.25,20,ONE_POINT,100,100,RANDOM,13
333,33400,110.27712440490723,52786,52811.55,0,0.38,0.25,20,ONE_POINT,100,100,RANDOM,13
334,33500,110.5765426158905,52725,52733.61,0,0.38,0.25,20,ONE_POINT,100,100,RANDOM,13
335,33600,110.8790283203125,52611,52622.78,0,0.38,0.25,20,ONE_POINT,100,100,RANDOM,13
336,33700,111.2189610004425,52490,52511.19,0,0.38,0.25,20,ONE_POINT,100,100,RANDOM,13
337,33800,111.54313468933105,52438,52493.96,0,0.38,0.25,20,ONE_POINT,100,100,RANDOM,13
338,33900,111.8585135936737,52383,52395.92,0,0.38,0.25,20,ONE_POINT,100,100,RANDOM,13
339,34000,112.20556139945984,52332,52475.57,0,0.38,0.25,20,ONE_POINT,100,100,RANDOM,13
340,34100,112.50592279434204,52322,52329.38,0,0.38,0.25,20,ONE_POINT,100,100,RANDOM,13
341,34200,112.81141471862793,52210,52258.86,0,0.38,0.25,20,ONE_POINT,100,100,RANDOM,13
342,34300,113.16894602775574,52089,52109.63,0,0.38,0.25,20,ONE_POINT,100,100,RANDOM,13
343,34400,113.46963667869568,51970,51990.92,0,0.38,0.25,20,ONE_POINT,100,100,RANDOM,13
344,34500,113.77662253379822,51937,51951.64,0,0.38,0.25,20,ONE_POINT,100,100,RANDOM,13
345,34600,114.10153412818909,51864,51892.99,0,0.38,0.25,20,ONE_POINT,100,100,RANDOM,13
346,34700,114.44127607345581,51831,51842.7,0,0.38,0.25,20,ONE_POINT,100,100,RANDOM,13
347,34800,114.75612115859985,51793,51933.95,0,0.38,0.25,20,ONE_POINT,100,100,RANDOM,13
348,34900,115.07076501846313,51738,51750.4,0,0.38,0.25,20,ONE_POINT,100,100,RANDOM,13
349,35000,115.41432428359985,51708,51713.9,0,0.38,0.25,20,ONE_POINT,100,100,RANDOM,13
350,35100,115.79847598075867,51668,51884.81,0,0.38,0.25,20,ONE_POINT,100,100,RANDOM,13
351,35200,116.10432052612305,51574,51583.48,0,0.38,0.25,20,ONE_POINT,100,100,RANDOM,13
352,35300,116.4237072467804,51512,51523.13,0,0.38,0.25,20,ONE_POINT,100,100,RANDOM,13
353,35400,116.75562238693237,51418,51447.34,0,0.38,0.25,20,ONE_POINT,100,100,RANDOM,13
354,35500,117.07274985313416,51381,51388.7,0,0.38,0.25,20,ONE_POINT,100,100,RANDOM,13
355,35600,117.37194442749023,51281,51307.01,0,0.38,0.25,20,ONE_POINT,100,100,RANDOM,13
356,35700,117.71870875358582,51185,51198.21,0,0.38,0.25,20,ONE_POINT,100,100,RANDOM,13
357,35800,118.06294512748718,51088,51098.98,0,0.38,0.25,20,ONE_POINT,100,100,RANDOM,13
358,35900,118.35878801345825,51021,51027.75,0,0.38,0.25,20,ONE_POINT,100,100,RANDOM,13
359,36000,118.66845679283142,50922,50931.45,0,0.38,0.25,20,ONE_POINT,100,100,RANDOM,13
360,36100,118.98400115966797,50823,50828.94,0,0.38,0.25,20,ONE_POINT,100,100,RANDOM,13
361,36200,119.3186092376709,50743,50888.4,0,0.38,0.25,20,ONE_POINT,100,100,RANDOM,13
362,36300,119.6646294593811,50636,50643.52,0,0.38,0.25,20,ONE_POINT,100,100,RANDOM,13
363,36400,120.01106214523315,50529,50540.2,0,0.38,0.25,20,ONE_POINT,100,100,RANDOM,13
364,36500,120.31649899482727,50479,50490.68,0,0.38,0.25,20,ONE_POINT,100,100,RANDOM,13
365,36600,120.67234992980957,50428,50449.63,0,0.38,0.25,20,ONE_POINT,100,100,RANDOM,13
366,36700,120.98448252677917,50335,50356.45,0,0.38,0.25,20,ONE_POINT,100,100,RANDOM,13
367,36800,121.32539057731628,50220,50233.03,0,0.38,0.25,20,ONE_POINT,100,100,RANDOM,13
368,36900,121.62219667434692,50133,50143.73,0,0.38,0.25,20,ONE_POINT,100,100,RANDOM,13
369,37000,121.937735080719,50083,50090.11,0,0.38,0.25,20,ONE_POINT,100,100,RANDOM,13
370,37100,122.24802303314209,50015,50133.28,0,0.38,0.25,20,ONE_POINT,100,100,RANDOM,13
371,37200,122.57393217086792,49964,49985.9,0,0.38,0.25,20,ONE_POINT,100,100,RANDOM,13
372,37300,122.92641234397888,49852,49866.01,0,0.38,0.25,20,ONE_POINT,100,100,RANDOM,13
373,37400,123.26594471931458,49730,49749.09,0,0.38,0.25,20,ONE_POINT,100,100,RANDOM,13
374,37500,123.59682559967041,49645,49657.27,0,0.38,0.25,20,ONE_POINT,100,100,RANDOM,13
375,37600,123.89410710334778,49583,49592.33,0,0.38,0.25,20,ONE_POINT,100,100,RANDOM,13
376,37700,124.23475289344788,49504,49530.11,0,0.38,0.25,20,ONE_POINT,100,100,RANDOM,13
377,37800,124.54170107841492,49439,49470.78,0,0.38,0.25,20,ONE_POINT,100,100,RANDOM,13
378,37900,124.87464618682861,49382,49387.7,0,0.38,0.25,20,ONE_POINT,100,100,RANDOM,13
379,38000,125.20873045921326,49296,49308.97,0,0.38,0.25,20,ONE_POINT,100,100,RANDOM,13
380,38100,125.54700779914856,49269,49274.13,0,0.38,0.25,20,ONE_POINT,100,100,RANDOM,13
381,38200,125.87076020240784,49162,49185.84,0,0.38,0.25,20,ONE_POINT,100,100,RANDOM,13
382,38300,126.19877552986145,49102,49117.37,0,0.38,0.25,20,ONE_POINT,100,100,RANDOM,13
383,38400,126.50553584098816,49041,49079.21,0,0.38,0.25,20,ONE_POINT,100,100,RANDOM,13
384,38500,126.84744620323181,48969,48983.62,0,0.38,0.25,20,ONE_POINT,100,100,RANDOM,13
385,38600,127.19379663467407,48877,48921.82,0,0.38,0.25,20,ONE_POINT,100,100,RANDOM,13
386,38700,127.55190110206604,48782,48819.3,0,0.38,0.25,20,ONE_POINT,100,100,RANDOM,13
387,38800,127.84752869606018,48689,48699.15,0,0.38,0.25,20,ONE_POINT,100,100,RANDOM,13
388,38900,128.17713713645935,48659,48669.24,0,0.38,0.25,20,ONE_POINT,100,100,RANDOM,13
389,39000,128.4879069328308,48600,48607.74,0,0.38,0.25,20,ONE_POINT,100,100,RANDOM,13
390,39100,128.82929730415344,48447,48466.29,0,0.38,0.25,20,ONE_POINT,100,100,RANDOM,13
391,39200,129.15856075286865,48398,48417.37,0,0.38,0.25,20,ONE_POINT,100,100,RANDOM,13
392,39300,129.4665765762329,48364,48383.97,0,0.38,0.25,20,ONE_POINT,100,100,RANDOM,13
393,39400,129.78464341163635,48299,48329.49,0,0.38,0.25,20,ONE_POINT,100,100,RANDOM,13
394,39500,130.10801768302917,48245,48280.72,0,0.38,0.25,20,ONE_POINT,100,100,RANDOM,13
395,39600,130.43244123458862,48170,48208.19,0,0.38,0.25,20,ONE_POINT,100,100,RANDOM,13
396,39700,130.74784088134766,48140,48151.9,0,0.38,0.25,20,ONE_POINT,100,100,RANDOM,13
397,39800,131.084636926651,48060,48200.68,0,0.38,0.25,20,ONE_POINT,100,100,RANDOM,13
398,39900,131.421977519989,48022,48027.88,0,0.38,0.25,20,ONE_POINT,100,100,RANDOM,13
399,40000,131.74948811531067,47972,47984.53,0,0.38,0.25,20,ONE_POINT,100,100,RANDOM,13
400,40100,132.0468876361847,47920,47927.57,0,0.38,0.25,20,ONE_POINT,100,100,RANDOM,13
401,40200,132.3716151714325,47895,47907.57,0,0.38,0.25,20,ONE_POINT,100,100,RANDOM,13
402,40300,132.69986367225647,47828,47866.95,0,0.38,0.25,20,ONE_POINT,100,100,RANDOM,13
403,40400,133.07312154769897,47763,47772.58,0,0.38,0.25,20,ONE_POINT,100,100,RANDOM,13
404,40500,133.4039101600647,47707,47716.26,0,0.38,0.25,20,ONE_POINT,100,100,RANDOM,13
405,40600,133.77847528457642,47630,47654.65,0,0.38,0.25,20,ONE_POINT,100,100,RANDOM,13
406,40700,134.1218297481537,47538,47592.9,0,0.38,0.25,20,ONE_POINT,100,100,RANDOM,13
407,40800,134.46951389312744,47473,47497.92,0,0.38,0.25,20,ONE_POINT,100,100,RANDOM,13
408,40900,134.77745747566223,47355,47367.88,0,0.38,0.25,20,ONE_POINT,100,100,RANDOM,13
409,41000,135.14040565490723,47315,47327.96,0,0.38,0.25,20,ONE_POINT,100,100,RANDOM,13
410,41100,135.4755208492279,47206,47226.88,0,0.38,0.25,20,ONE_POINT,100,100,RANDOM,13
411,41200,135.77997946739197,47118,47129.78,0,0.38,0.25,20,ONE_POINT,100,100,RANDOM,13
412,41300,136.1392424106598,47018,47033.75,0,0.38,0.25,20,ONE_POINT,100,100,RANDOM,13
413,41400,136.4635865688324,46967,46983.17,0,0.38,0.25,20,ONE_POINT,100,100,RANDOM,13
414,41500,136.81148719787598,46940,46945.28,0,0.38,0.25,20,ONE_POINT,100,100,RANDOM,13
415,41600,137.15866994857788,46879,46886.7,0,0.38,0.25,20,ONE_POINT,100,100,RANDOM,13
416,41700,137.46730542182922,46800,46813.84,0,0.38,0.25,20,ONE_POINT,100,100,RANDOM,13
417,41800,137.769606590271,46789,46795.42,0,0.38,0.25,20,ONE_POINT,100,100,RANDOM,13
418,41900,138.0830316543579,46712,46740.81,0,0.38,0.25,20,ONE_POINT,100,100,RANDOM,13
419,42000,138.40978622436523,46684,46692.38,0,0.38,0.25,20,ONE_POINT,100,100,RANDOM,13
420,42100,138.71429562568665,46621,46642.24,0,0.38,0.25,20,ONE_POINT,100,100,RANDOM,13
421,42200,139.06045818328857,46556,46699.45,0,0.38,0.25,20,ONE_POINT,100,100,RANDOM,13
422,42300,139.37468767166138,46512,46681.54,0,0.38,0.25,20,ONE_POINT,100,100,RANDOM,13
423,42400,139.70377230644226,46462,46482.29,0,0.38,0.25,20,ONE_POINT,100,100,RANDOM,13
424,42500,140.04482507705688,46425,46433.28,0,0.38,0.25,20,ONE_POINT,100,100,RANDOM,13
425,42600,140.42612147331238,46377,46419.8,0,0.38,0.25,20,ONE_POINT,100,100,RANDOM,13
426,42700,140.72569847106934,46268,46284.4,0,0.38,0.25,20,ONE_POINT,100,100,RANDOM,13
427,42800,141.06069469451904,46187,46197.6,0,0.38,0.25,20,ONE_POINT,100,100,RANDOM,13
428,42900,141.3812940120697,46081,46102.63,0,0.38,0.25,20,ONE_POINT,100,100,RANDOM,13
429,43000,141.70548963546753,46056,46061.62,0,0.38,0.25,20,ONE_POINT,100,100,RANDOM,13
430,43100,142.04657697677612,46014,46181.44,0,0.38,0.25,20,ONE_POINT,100,100,RANDOM,13
431,43200,142.40436100959778,45925,45935.21,0,0.38,0.25,20,ONE_POINT,100,100,RANDOM,13
432,43300,142.70742201805115,45875,45882.43,0,0.38,0.25,20,ONE_POINT,100,100,RANDOM,13
433,43400,143.04744148254395,45780,45940.69,0,0.38,0.25,20,ONE_POINT,100,100,RANDOM,13
434,43500,143.34623336791992,45716,45728.07,0,0.38,0.25,20,ONE_POINT,100,100,RANDOM,13
435,43600,143.65149927139282,45661,45668.57,0,0.38,0.25,20,ONE_POINT,100,100,RANDOM,13
436,43700,143.99869561195374,45615,45696.74,0,0.38,0.25,20,ONE_POINT,100,100,RANDOM,13
437,43800,144.37483954429626,45557,45593.29,0,0.38,0.25,20,ONE_POINT,100,100,RANDOM,13
438,43900,144.6708972454071,45450,45462.93,0,0.38,0.25,20,ONE_POINT,100,100,RANDOM,13
439,44000,144.98679065704346,45406,45415.54,0,0.38,0.25,20,ONE_POINT,100,100,RANDOM,13
440,44100,145.33920526504517,45358,45366.94,0,0.38,0.25,20,ONE_POINT,100,100,RANDOM,13
441,44200,145.69389820098877,45321,45326.51,0,0.38,0.25,20,ONE_POINT,100,100,RANDOM,13
442,44300,146.04027915000916,45259,45319.0,0,0.38,0.25,20,ONE_POINT,100,100,RANDOM,13
443,44400,146.3324728012085,45195,45332.52,0,0.38,0.25,20,ONE_POINT,100,100,RANDOM,13
444,44500,146.67453455924988,45140,45173.78,0,0.38,0.25,20,ONE_POINT,100,100,RANDOM,13
445,44600,147.02746510505676,45067,45075.82,0,0.38,0.25,20,ONE_POINT,100,100,RANDOM,13
446,44700,147.34910988807678,45016,45023.6,0,0.38,0.25,20,ONE_POINT,100,100,RANDOM,13
447,44800,147.67663192749023,44976,44987.96,0,0.38,0.25,20,ONE_POINT,100,100,RANDOM,13
448,44900,148.0059506893158,44916,44925.38,0,0.38,0.25,20,ONE_POINT,100,100,RANDOM,13
449,45000,148.338552236557,44831,44849.82,0,0.38,0.25,20,ONE_POINT,100,100,RANDOM,13
450,45100,148.68637943267822,44771,44784.14,0,0.38,0.25,20,ONE_POINT,100,100,RANDOM,13
451,45200,149.0224597454071,44717,44724.67,0,0.38,0.25,20,ONE_POINT,100,100,RANDOM,13
452,45300,149.3565423488617,44666,44677.4,0,0.38,0.25,20,ONE_POINT,100,100,RANDOM,13
453,45400,149.70120120048523,44637,44642.92,0,0.38,0.25,20,ONE_POINT,100,100,RANDOM,13
454,45500,150.01557230949402,44608,44624.27,0,0.38,0.25,20,ONE_POINT,100,100,RANDOM,13
455,45600,150.33717679977417,44574,44593.0,0,0.38,0.25,20,ONE_POINT,100,100,RANDOM,13
456,45700,150.70584154129028,44530,44543.7,0,0.38,0.25,20,ONE_POINT,100,100,RANDOM,13
457,45800,151.01295709609985,44426,44452.76,0,0.38,0.25,20,ONE_POINT,100,100,RANDOM,13
458,45900,151.36713528633118,44366,44497.18,0,0.38,0.25,20,ONE_POINT,100,100,RANDOM,13
459,46000,151.7002112865448,44291,44306.5,0,0.38,0.25,20,ONE_POINT,100,100,RANDOM,13
460,46100,152.02832579612732,44245,44250.94,0,0.38,0.25,20,ONE_POINT,100,100,RANDOM,13
461,46200,152.35328006744385,44180,44189.04,0,0.38,0.25,20,ONE_POINT,100,100,RANDOM,13
462,46300,152.6825134754181,44116,44125.36,0,0.38,0.25,20,ONE_POINT,100,100,RANDOM,13
463,46400,153.03488111495972,44087,44091.06,0,0.38,0.25,20,ONE_POINT,100,100,RANDOM,13
464,46500,153.33622527122498,44069,44071.46,0,0.38,0.25,20,ONE_POINT,100,100,RANDOM,13
465,46600,153.7019100189209,44050,44062.08,0,0.38,0.25,20,ONE_POINT,100,100,RANDOM,13
466,46700,154.01595306396484,43981,44004.08,0,0.38,0.25,20,ONE_POINT,100,100,RANDOM,13
467,46800,154.31214141845703,43950,43955.49,0,0.38,0.25,20,ONE_POINT,100,100,RANDOM,13
468,46900,154.63364505767822,43931,43939.23,0,0.38,0.25,20,ONE_POINT,100,100,RANDOM,13
469,47000,154.99550771713257,43885,43893.53,0,0.38,0.25,20,ONE_POINT,100,100,RANDOM,13
470,47100,155.33969116210938,43852,43859.31,0,0.38,0.25,20,ONE_POINT,100,100,RANDOM,13
471,47200,155.6444866657257,43831,43921.76,0,0.38,0.25,20,ONE_POINT,100,100,RANDOM,13
472,47300,155.9810974597931,43807,43810.87,0,0.38,0.25,20,ONE_POINT,100,100,RANDOM,13
473,47400,156.31657576560974,43746,43757.44,0,0.38,0.25,20,ONE_POINT,100,100,RANDOM,13
474,47500,156.63341307640076,43663,43675.88,0,0.38,0.25,20,ONE_POINT,100,100,RANDOM,13
475,47600,156.9671289920807,43610,43616.36,0,0.38,0.25,20,ONE_POINT,100,100,RANDOM,13
476,47700,157.31160831451416,43600,43604.65,0,0.38,0.25,20,ONE_POINT,100,100,RANDOM,13
477,47800,157.6792643070221,43572,43579.25,0,0.38,0.25,20,ONE_POINT,100,100,RANDOM,13
478,47900,158.00972270965576,43505,43518.43,0,0.38,0.25,20,ONE_POINT,100,100,RANDOM,13
479,48000,158.31748247146606,43451,43457.28,0,0.38,0.25,20,ONE_POINT,100,100,RANDOM,13
480,48100,158.67576384544373,43397,43410.42,0,0.38,0.25,20,ONE_POINT,100,100,RANDOM,13
481,48200,159.027441740036,43230,43243.9,0,0.38,0.25,20,ONE_POINT,100,100,RANDOM,13
482,48300,159.37023186683655,43187,43192.47,0,0.38,0.25,20,ONE_POINT,100,100,RANDOM,13
483,48400,159.67996549606323,43086,43115.91,0,0.38,0.25,20,ONE_POINT,100,100,RANDOM,13
484,48500,160.03996968269348,43039,43136.53,0,0.38,0.25,20,ONE_POINT,100,100,RANDOM,13
485,48600,160.38911294937134,42998,43006.95,0,0.38,0.25,20,ONE_POINT,100,100,RANDOM,13
486,48700,160.70003461837769,42963,42972.16,0,0.38,0.25,20,ONE_POINT,100,100,RANDOM,13
487,48800,161.03384947776794,42925,42932.81,0,0.38,0.25,20,ONE_POINT,100,100,RANDOM,13
488,48900,161.36803889274597,42830,42848.12,0,0.38,0.25,20,ONE_POINT,100,100,RANDOM,13
489,49000,161.68759655952454,42808,42815.6,0,0.38,0.25,20,ONE_POINT,100,100,RANDOM,13
490,49100,162.01809453964233,42776,42825.3,0,0.38,0.25,20,ONE_POINT,100,100,RANDOM,13
491,49200,162.3697624206543,42752,42778.4,0,0.38,0.25,20,ONE_POINT,100,100,RANDOM,13
492,49300,162.70146822929382,42716,42722.64,0,0.38,0.25,20,ONE_POINT,100,100,RANDOM,13
493,49400,163.0527150630951,42663,42687.15,0,0.38,0.25,20,ONE_POINT,100,100,RANDOM,13
494,49500,163.35261368751526,42635,42660.55,0,0.38,0.25,20,ONE_POINT,100,100,RANDOM,13
495,49600,163.69429111480713,42577,42584.43,0,0.38,0.25,20,ONE_POINT,100,100,RANDOM,13
496,49700,164.01637268066406,42540,42547.34,0,0.38,0.25,20,ONE_POINT,100,100,RANDOM,13
497,49800,164.3392243385315,42483,42490.27,0,0.38,0.25,20,ONE_POINT,100,100,RANDOM,13
498,49900,164.64234137535095,42463,42470.56,0,0.38,0.25,20,ONE_POINT,100,100,RANDOM,13
499,50000,164.96858024597168,42445,42451.92,0,0.38,0.25,20,ONE_POINT,100,100,RANDOM,13
500,50100,165.298730134964,42429,42431.34,0,0.38,0.25,20,ONE_POINT,100,100,RANDOM,13
1,200,0.2010042667388916,133532,132056.18,0,0.38,0.25,20,ONE_POINT,100,100,RANDOM,14
2,300,0.5912792682647705,128779,128888.29,0,0.38,0.25,20,ONE_POINT,100,100,RANDOM,14
3,400,0.9413256645202637,128080,128126.02,0,0.38,0.25,20,ONE_POINT,100,100,RANDOM,14
4,500,1.311582088470459,125470,125538.83,0,0.38,0.25,20,ONE_POINT,100,100,RANDOM,14
5,600,1.6622023582458496,124971,124990.96,0,0.38,0.25,20,ONE_POINT,100,100,RANDOM,14
6,700,1.9576027393341064,124395,124417.81,0,0.38,0.25,20,ONE_POINT,100,100,RANDOM,14
7,800,2.282294511795044,124027,124066.32,0,0.38,0.25,20,ONE_POINT,100,100,RANDOM,14
8,900,2.602226734161377,123685,123721.09,0,0.38,0.25,20,ONE_POINT,100,100,RANDOM,14
9,1000,2.92718243598938,123335,123353.47,0,0.38,0.25,20,ONE_POINT,100,100,RANDOM,14
10,1100,3.3050785064697266,122731,122757.92,0,0.38,0.25,20,ONE_POINT,100,100,RANDOM,14
11,1200,3.6488163471221924,122361,122383.2,0,0.38,0.25,20,ONE_POINT,100,100,RANDOM,14
12,1300,3.966383934020996,121991,122012.19,0,0.38,0.25,20,ONE_POINT,100,100,RANDOM,14
13,1400,4.2971906661987305,121657,121695.63,0,0.38,0.25,20,ONE_POINT,100,100,RANDOM,14
14,1500,4.652068614959717,120972,120999.74,0,0.38,0.25,20,ONE_POINT,100,100,RANDOM,14
15,1600,4.952040195465088,120632,120653.61,0,0.38,0.25,20,ONE_POINT,100,100,RANDOM,14
16,1700,5.258364677429199,120054,120076.89,0,0.38,0.25,20,ONE_POINT,100,100,RANDOM,14
17,1800,5.561667442321777,119382,119426.68,0,0.38,0.25,20,ONE_POINT,100,100,RANDOM,14
18,1900,5.883312702178955,117643,117695.17,0,0.38,0.25,20,ONE_POINT,100,100,RANDOM,14
19,2000,6.201573133468628,117206,117232.07,0,0.38,0.25,20,ONE_POINT,100,100,RANDOM,14
20,2100,6.545689582824707,116562,116593.84,0,0.38,0.25,20,ONE_POINT,100,100,RANDOM,14
21,2200,6.903799295425415,116238,116257.44,0,0.38,0.25,20,ONE_POINT,100,100,RANDOM,14
22,2300,7.204756736755371,115672,115716.86,0,0.38,0.25,20,ONE_POINT,100,100,RANDOM,14
23,2400,7.569061040878296,115208,115309.35,0,0.38,0.25,20,ONE_POINT,100,100,RANDOM,14
24,2500,7.889484405517578,114587,114615.09,0,0.38,0.25,20,ONE_POINT,100,100,RANDOM,14
25,2600,8.24168872833252,113099,113128.76,0,0.38,0.25,20,ONE_POINT,100,100,RANDOM,14
26,2700,8.566637992858887,112693,112769.55,0,0.38,0.25,20,ONE_POINT,100,100,RANDOM,14
27,2800,8.872277736663818,112266,112283.08,0,0.38,0.25,20,ONE_POINT,100,100,RANDOM,14
28,2900,9.23168158531189,112062,112074.24,0,0.38,0.25,20,ONE_POINT,100,100,RANDOM,14
29,3000,9.559012651443481,111502,111581.29,0,0.38,0.25,20,ONE_POINT,100,100,RANDOM,14
30,3100,9.90058445930481,110939,110993.64,0,0.38,0.25,20,ONE_POINT,100,100,RANDOM,14
31,3200,10.266672849655151,110726,110777.6,0,0.38,0.25,20,ONE_POINT,100,100,RANDOM,14
32,3300,10.635520219802856,110406,110433.33,0,0.38,0.25,20,ONE_POINT,100,100,RANDOM,14
33,3400,10.957100868225098,110148,110163.51,0,0.38,0.25,20,ONE_POINT,100,100,RANDOM,14
34,3500,11.299294471740723,109661,109706.38,0,0.38,0.25,20,ONE_POINT,100,100,RANDOM,14
35,3600,11.653011560440063,109079,109100.9,0,0.38,0.25,20,ONE_POINT,100,100,RANDOM,14
36,3700,11.997848749160767,108836,108852.29,0,0.38,0.25,20,ONE_POINT,100,100,RANDOM,14
37,3800,12.307202100753784,108572,108601.3,0,0.38,0.25,20,ONE_POINT,100,100,RANDOM,14
38,3900,12.61441683769226,108247,108271.6,0,0.38,0.25,20,ONE_POINT,100,100,RANDOM,14
39,4000,12.946959257125854,108023,108036.34,0,0.38,0.25,20,ONE_POINT,100,100,RANDOM,14
40,4100,13.30000925064087,107475,107505.39,0,0.38,0.25,20,ONE_POINT,100,100,RANDOM,14
41,4200,13.622228622436523,107116,107152.13,0,0.38,0.25,20,ONE_POINT,100,100,RANDOM,14
42,4300,13.950979232788086,106571,106592.39,0,0.38,0.25,20,ONE_POINT,100,100,RANDOM,14
43,4400,14.275156736373901,105903,105928.88,0,0.38,0.25,20,ONE_POINT,100,100,RANDOM,14
44,4500,14.589388608932495,105411,105430.68,0,0.38,0.25,20,ONE_POINT,100,100,RANDOM,14
45,4600,14.905301094055176,104969,104991.6,0,0.38,0.25,20,ONE_POINT,100,100,RANDOM,14
46,4700,15.273401737213135,104651,104666.7,0,0.38,0.25,20,ONE_POINT,100,100,RANDOM,14
47,4800,15.567526817321777,104038,104062.52,0,0.38,0.25,20,ONE_POINT,100,100,RANDOM,14
48,4900,15.896655321121216,103593,103610.67,0,0.38,0.25,20,ONE_POINT,100,100,RANDOM,14
49,5000,16.239293098449707,103342,103358.86,0,0.38,0.25,20,ONE_POINT,100,100,RANDOM,14
50,5100,16.595754861831665,103136,103151.31,0,0.38,0.25,20,ONE_POINT,100,100,RANDOM,14
51,5200,16.94771909713745,102823,102862.28,0,0.38,0.25,20,ONE_POINT,100,100,RANDOM,14
52,5300,17.288506269454956,101501,101563.43,0,0.38,0.25,20,ONE_POINT,100,100,RANDOM,14
53,5400,17.64070987701416,101238,101250.32,0,0.38,0.25,20,ONE_POINT,100,100,RANDOM,14
54,5500,17.934986114501953,100976,100993.45,0,0.38,0.25,20,ONE_POINT,100,100,RANDOM,14
55,5600,18.26864242553711,100646,100659.2,0,0.38,0.25,20,ONE_POINT,100,100,RANDOM,14
56,5700,18.58239221572876,100309,100325.06,0,0.38,0.25,20,ONE_POINT,100,100,RANDOM,14
57,5800,18.87046718597412,99923,99938.44,0,0.38,0.25,20,ONE_POINT,100,100,RANDOM,14
58,5900,19.225597381591797,99430,99459.55,0,0.38,0.25,20,ONE_POINT,100,100,RANDOM,14
59,6000,19.56849193572998,98949,98968.01,0,0.38,0.25,20,ONE_POINT,100,100,RANDOM,14
60,6100,19.886722087860107,98643,98659.19,0,0.38,0.25,20,ONE_POINT,100,100,RANDOM,14
61,6200,20.213958501815796,98132,98152.85,0,0.38,0.25,20,ONE_POINT,100,100,RANDOM,14
62,6300,20.554490566253662,97678,97698.97,0,0.38,0.25,20,ONE_POINT,100,100,RANDOM,14
63,6400,20.869678020477295,97211,97230.31,0,0.38,0.25,20,ONE_POINT,100,100,RANDOM,14
64,6500,21.19477343559265,97081,97179.8,0,0.38,0.25,20,ONE_POINT,100,100,RANDOM,14
65,6600,21.544992685317993,96893,96946.31,0,0.38,0.25,20,ONE_POINT,100,100,RANDOM,14
66,6700,21.854365825653076,96640,96662.32,0,0.38,0.25,20,ONE_POINT,100,100,RANDOM,14
67,6800,22.201956272125244,96116,96156.49,0,0.38,0.25,20,ONE_POINT,100,100,RANDOM,14
68,6900,22.531984329223633,95692,95738.47,0,0.38,0.25,20,ONE_POINT,100,100,RANDOM,14
69,7000,22.828794717788696,95482,95493.65,0,0.38,0.25,20,ONE_POINT,100,100,RANDOM,14
70,7100,23.15464758872986,95065,95090.15,0,0.38,0.25,20,ONE_POINT,100,100,RANDOM,14
71,7200,23.46064853668213,94620,94642.37,0,0.38,0.25,20,ONE_POINT,100,100,RANDOM,14
72,7300,23.757688283920288,94095,94165.66,0,0.38,0.25,20,ONE_POINT,100,100,RANDOM,14
73,7400,24.055699586868286,93474,93497.08,0,0.38,0.25,20,ONE_POINT,100,100,RANDOM,14
74,7500,24.371087312698364,92749,92770.67,0,0.38,0.25,20,ONE_POINT,100,100,RANDOM,14
75,7600,24.688972234725952,92447,92462.26,0,0.38,0.25,20,ONE_POINT,100,100,RANDOM,14
76,7700,25.03139019012451,92130,92145.85,0,0.38,0.25,20,ONE_POINT,100,100,RANDOM,14
77,7800,25.334919214248657,92010,92021.25,0,0.38,0.25,20,ONE_POINT,100,100,RANDOM,14
78,7900,25.700383186340332,91699,91713.84,0,0.38,0.25,20,ONE_POINT,100,100,RANDOM,14
79,8000,26.01103138923645,91554,91567.06,0,0.38,0.25,20,ONE_POINT,100,100,RANDOM,14
80,8100,26.356278657913208,91339,91374.16,0,0.38,0.25,20,ONE_POINT,100,100,RANDOM,14
81,8200,26.689295530319214,90921,90937.72,0,0.38,0.25,20,ONE_POINT,100,100,RANDOM,14
82,8300,27.03693389892578,90529,90553.59,0,0.38,0.25,20,ONE_POINT,100,100,RANDOM,14
83,8400,27.350671529769897,90223,90238.3,0,0.38,0.25,20,ONE_POINT,100,100,RANDOM,14
84,8500,27.66223907470703,89949,89965.4,0,0.38,0.25,20,ONE_POINT,100,100,RANDOM,14
85,8600,27.98936104774475,89739,89751.74,0,0.38,0.25,20,ONE_POINT,100,100,RANDOM,14
86,8700,28.311981678009033,89390,89426.3,0,0.38,0.25,20,ONE_POINT,100,100,RANDOM,14
87,8800,28.61856484413147,89132,89142.32,0,0.38,0.25,20,ONE_POINT,100,100,RANDOM,14
88,8900,28.945891618728638,88913,88928.99,0,0.38,0.25,20,ONE_POINT,100,100,RANDOM,14
89,9000,29.28274369239807,88750,88765.03,0,0.38,0.25,20,ONE_POINT,100,100,RANDOM,14
90,9100,29.579421758651733,88419,88437.18,0,0.38,0.25,20,ONE_POINT,100,100,RANDOM,14
91,9200,29.896730661392212,88216,88234.4,0,0.38,0.25,20,ONE_POINT,100,100,RANDOM,14
92,9300,30.2280912399292,88027,88082.31,0,0.38,0.25,20,ONE_POINT,100,100,RANDOM,14
93,9400,30.53894829750061,87699,87710.62,0,0.38,0.25,20,ONE_POINT,100,100,RANDOM,14
94,9500,30.871642351150513,87134,87156.6,0,0.38,0.25,20,ONE_POINT,100,100,RANDOM,14
95,9600,31.215312480926514,86972,86987.15,0,0.38,0.25,20,ONE_POINT,100,100,RANDOM,14
96,9700,31.553848266601562,86675,86693.35,0,0.38,0.25,20,ONE_POINT,100,100,RANDOM,14
97,9800,31.878719091415405,86543,86551.26,0,0.38,0.25,20,ONE_POINT,100,100,RANDOM,14
98,9900,32.22190308570862,86367,86378.45,0,0.38,0.25,20,ONE_POINT,100,100,RANDOM,14
99,10000,32.524747371673584,86231,86239.16,0,0.38,0.25,20,ONE_POINT,100,100,RANDOM,14
100,10100,32.83674621582031,85956,85969.05,0,0.38,0.25,20,ONE_POINT,100,100,RANDOM,14
101,10200,33.191333055496216,85764,85773.6,0,0.38,0.25,20,ONE_POINT,100,100,RANDOM,14
102,10300,33.57125902175903,85378,85401.2,0,0.38,0.25,20,ONE_POINT,100,100,RANDOM,14
103,10400,33.93329858779907,85219,85225.36,0,0.38,0.25,20,ONE_POINT,100,100,RANDOM,14
104,10500,34.3013014793396,84999,85013.62,0,0.38,0.25,20,ONE_POINT,100,100,RANDOM,14
105,10600,34.68315815925598,84786,84796.65,0,0.38,0.25,20,ONE_POINT,100,100,RANDOM,14
106,10700,35.03791666030884,84573,84583.9,0,0.38,0.25,20,ONE_POINT,100,100,RANDOM,14
107,10800,35.38717985153198,84378,84431.3,0,0.38,0.25,20,ONE_POINT,100,100,RANDOM,14
108,10900,35.738062381744385,84130,84164.74,0,0.38,0.25,20,ONE_POINT,100,100,RANDOM,14
109,11000,36.075132608413696,83900,83910.91,0,0.38,0.25,20,ONE_POINT,100,100,RANDOM,14
110,11100,36.3984751701355,83751,83759.94,0,0.38,0.25,20,ONE_POINT,100,100,RANDOM,14
111,11200,36.74886178970337,83561,83572.39,0,0.38,0.25,20,ONE_POINT,100,100,RANDOM,14
112,11300,37.04792499542236,83318,83332.31,0,0.38,0.25,20,ONE_POINT,100,100,RANDOM,14
113,11400,37.4049391746521,83030,83061.76,0,0.38,0.25,20,ONE_POINT,100,100,RANDOM,14
114,11500,37.73402142524719,82565,82626.7,0,0.38,0.25,20,ONE_POINT,100,100,RANDOM,14
115,11600,38.09683585166931,82354,82421.63,0,0.38,0.25,20,ONE_POINT,100,100,RANDOM,14
116,11700,38.42051601409912,82090,82100.66,0,0.38,0.25,20,ONE_POINT,100,100,RANDOM,14
117,11800,38.78298354148865,81778,81802.25,0,0.38,0.25,20,ONE_POINT,100,100,RANDOM,14
118,11900,39.08725595474243,81611,81628.67,0,0.38,0.25,20,ONE_POINT,100,100,RANDOM,14
119,12000,39.40660548210144,81488,81494.59,0,0.38,0.25,20,ONE_POINT,100,100,RANDOM,14
120,12100,39.72909235954285,81258,81287.5,0,0.38,0.25,20,ONE_POINT,100,100,RANDOM,14
121,12200,40.07931351661682,81150,81188.15,0,0.38,0.25,20,ONE_POINT,100,100,RANDOM,14
122,12300,40.42918133735657,80720,80775.73,0,0.38,0.25,20,ONE_POINT,100,100,RANDOM,14
123,12400,40.74345016479492,80557,80566.37,0,0.38,0.25,20,ONE_POINT,100,100,RANDOM,14
124,12500,41.06484603881836,80387,80400.18,0,0.38,0.25,20,ONE_POINT,100,100,RANDOM,14
125,12600,41.389588832855225,80091,80140.54,0,0.38,0.25,20,ONE_POINT,100,100,RANDOM,14
126,12700,41.70738220214844,79849,79880.92,0,0.38,0.25,20,ONE_POINT,100,100,RANDOM,14
127,12800,42.095489501953125,79686,79694.15,0,0.38,0.25,20,ONE_POINT,100,100,RANDOM,14
128,12900,42.40584111213684,79385,79460.33,0,0.38,0.25,20,ONE_POINT,100,100,RANDOM,14
129,13000,42.756805419921875,79158,79170.26,0,0.38,0.25,20,ONE_POINT,100,100,RANDOM,14
130,13100,43.06117796897888,78945,79000.09,0,0.38,0.25,20,ONE_POINT,100,100,RANDOM,14
131,13200,43.401166677474976,78800,78809.24,0,0.38,0.25,20,ONE_POINT,100,100,RANDOM,14
132,13300,43.71335291862488,78530,78562.7,0,0.38,0.25,20,ONE_POINT,100,100,RANDOM,14
133,13400,44.06606078147888,78361,78374.81,0,0.38,0.25,20,ONE_POINT,100,100,RANDOM,14
134,13500,44.406667947769165,78246,78254.48,0,0.38,0.25,20,ONE_POINT,100,100,RANDOM,14
135,13600,44.7466356754303,77945,77961.63,0,0.38,0.25,20,ONE_POINT,100,100,RANDOM,14
136,13700,45.06714749336243,77867,77874.59,0,0.38,0.25,20,ONE_POINT,100,100,RANDOM,14
137,13800,45.42723774909973,77733,77748.96,0,0.38,0.25,20,ONE_POINT,100,100,RANDOM,14
138,13900,45.76944279670715,77528,77542.89,0,0.38,0.25,20,ONE_POINT,100,100,RANDOM,14
139,14000,46.06712865829468,77320,77345.25,0,0.38,0.25,20,ONE_POINT,100,100,RANDOM,14
140,14100,46.419837951660156,77082,77093.8,0,0.38,0.25,20,ONE_POINT,100,100,RANDOM,14
141,14200,46.72577476501465,76843,76867.67,0,0.38,0.25,20,ONE_POINT,100,100,RANDOM,14
142,14300,47.069467544555664,76759,76765.78,0,0.38,0.25,20,ONE_POINT,100,100,RANDOM,14
143,14400,47.42110013961792,76535,76548.44,0,0.38,0.25,20,ONE_POINT,100,100,RANDOM,14
144,14500,47.78648376464844,76439,76491.99,0,0.38,0.25,20,ONE_POINT,100,100,RANDOM,14
145,14600,48.091317892074585,76346,76356.49,0,0.38,0.25,20,ONE_POINT,100,100,RANDOM,14
146,14700,48.41786050796509,76049,76063.43,0,0.38,0.25,20,ONE_POINT,100,100,RANDOM,14
147,14800,48.74871563911438,75891,75996.66,0,0.38,0.25,20,ONE_POINT,100,100,RANDOM,14
148,14900,49.11623191833496,75724,75736.86,0,0.38,0.25,20,ONE_POINT,100,100,RANDOM,14
149,15000,49.454425573349,75297,75324.85,0,0.38,0.25,20,ONE_POINT,100,100,RANDOM,14
150,15100,49.8117618560791,75020,75037.21,0,0.38,0.25,20,ONE_POINT,100,100,RANDOM,14
151,15200,50.13498878479004,74903,74913.61,0,0.38,0.25,20,ONE_POINT,100,100,RANDOM,14
152,15300,50.485037088394165,74646,74658.87,0,0.38,0.25,20,ONE_POINT,100,100,RANDOM,14
153,15400,50.837289810180664,74475,74542.5,0,0.38,0.25,20,ONE_POINT,100,100,RANDOM,14
154,15500,51.17372107505798,74378,74389.54,0,0.38,0.25,20,ONE_POINT,100,100,RANDOM,14
155,15600,51.49513053894043,74217,74227.09,0,0.38,0.25,20,ONE_POINT,100,100,RANDOM,14
156,15700,51.826902627944946,74059,74124.41,0,0.38,0.25,20,ONE_POINT,100,100,RANDOM,14
157,15800,52.139853954315186,73815,73829.75,0,0.38,0.25,20,ONE_POINT,100,100,RANDOM,14
158,15900,52.46604919433594,73596,73606.38,0,0.38,0.25,20,ONE_POINT,100,100,RANDOM,14
159,16000,52.789060831069946,73363,73377.97,0,0.38,0.25,20,ONE_POINT,100,100,RANDOM,14
160,16100,53.123003244400024,73122,73136.97,0,0.38,0.25,20,ONE_POINT,100,100,RANDOM,14
161,16200,53.476624727249146,72960,72975.73,0,0.38,0.25,20,ONE_POINT,100,100,RANDOM,14
162,16300,53.79462480545044,72839,72849.9,0,0.38,0.25,20,ONE_POINT,100,100,RANDOM,14
163,16400,54.13457155227661,72591,72608.02,0,0.38,0.25,20,ONE_POINT,100,100,RANDOM,14
164,16500,54.47225022315979,72404,72412.86,0,0.38,0.25,20,ONE_POINT,100,100,RANDOM,14
165,16600,54.80373954772949,72181,72195.43,0,0.38,0.25,20,ONE_POINT,100,100,RANDOM,14
166,16700,55.1314377784729,72065,72078.28,0,0.38,0.25,20,ONE_POINT,100,100,RANDOM,14
167,16800,55.48079967498779,72007,72011.64,0,0.38,0.25,20,ONE_POINT,100,100,RANDOM,14
168,16900,55.851200580596924,71783,71791.96,0,0.38,0.25,20,ONE_POINT,100,100,RANDOM,14
169,17000,56.15252685546875,71569,71584.08,0,0.38,0.25,20,ONE_POINT,100,100,RANDOM,14
170,17100,56.511454343795776,71386,71398.65,0,0.38,0.25,20,ONE_POINT,100,100,RANDOM,14
171,17200,56.860499143600464,71227,71239.96,0,0.38,0.25,20,ONE_POINT,100,100,RANDOM,14
172,17300,57.207117795944214,71103,71165.97,0,0.38,0.25,20,ONE_POINT,100,100,RANDOM,14
173,17400,57.5339560508728,70904,70915.61,0,0.38,0.25,20,ONE_POINT,100,100,RANDOM,14
174,17500,57.84668183326721,70763,70784.03,0,0.38,0.25,20,ONE_POINT,100,100,RANDOM,14
175,17600,58.184486865997314,70439,70452.55,0,0.38,0.25,20,ONE_POINT,100,100,RANDOM,14
176,17700,58.54200005531311,70387,70465.45,0,0.38,0.25,20,ONE_POINT,100,100,RANDOM,14
177,17800,58.893922090530396,70156,70170.08,0,0.38,0.25,20,ONE_POINT,100,100,RANDOM,14
178,17900,59.22738289833069,70034,70045.85,0,0.38,0.25,20,ONE_POINT,100,100,RANDOM,14
179,18000,59.52626848220825,69847,69858.22,0,0.38,0.25,20,ONE_POINT,100,100,RANDOM,14
180,18100,59.8695547580719,69739,69750.84,0,0.38,0.25,20,ONE_POINT,100,100,RANDOM,14
181,18200,60.20663261413574,69587,69603.91,0,0.38,0.25,20,ONE_POINT,100,100,RANDOM,14
182,18300,60.52059769630432,69375,69404.52,0,0.38,0.25,20,ONE_POINT,100,100,RANDOM,14
183,18400,60.84349036216736,69217,69255.06,0,0.38,0.25,20,ONE_POINT,100,100,RANDOM,14
184,18500,61.16991066932678,69115,69121.42,0,0.38,0.25,20,ONE_POINT,100,100,RANDOM,14
185,18600,61.470115184783936,68973,68992.8,0,0.38,0.25,20,ONE_POINT,100,100,RANDOM,14
186,18700,61.77455806732178,68673,68756.77,0,0.38,0.25,20,ONE_POINT,100,100,RANDOM,14
187,18800,62.08469891548157,68587,68591.71,0,0.38,0.25,20,ONE_POINT,100,100,RANDOM,14
188,18900,62.40516638755798,68459,68466.68,0,0.38,0.25,20,ONE_POINT,100,100,RANDOM,14
189,19000,62.746710777282715,68337,68346.69,0,0.38,0.25,20,ONE_POINT,100,100,RANDOM,14
190,19100,63.07504963874817,68223,68236.03,0,0.38,0.25,20,ONE_POINT,100,100,RANDOM,14
191,19200,63.41093063354492,68086,68113.96,0,0.38,0.25,20,ONE_POINT,100,100,RANDOM,14
192,19300,63.78164076805115,67895,67906.46,0,0.38,0.25,20,ONE_POINT,100,100,RANDOM,14
193,19400,64.07974195480347,67746,67758.81,0,0.38,0.25,20,ONE_POINT,100,100,RANDOM,14
194,19500,64.40813279151917,67591,67601.33,0,0.38,0.25,20,ONE_POINT,100,100,RANDOM,14
195,19600,64.75529265403748,67421,67439.4,0,0.38,0.25,20,ONE_POINT,100,100,RANDOM,14
196,19700,65.06331753730774,67332,67338.36,0,0.38,0.25,20,ONE_POINT,100,100,RANDOM,14
197,19800,65.37668466567993,67160,67181.84,0,0.38,0.25,20,ONE_POINT,100,100,RANDOM,14
198,19900,65.72348380088806,66979,67001.32,0,0.38,0.25,20,ONE_POINT,100,100,RANDOM,14
199,20000,66.07468605041504,66889,66894.4,0,0.38,0.25,20,ONE_POINT,100,100,RANDOM,14
200,20100,66.38907170295715,66759,66774.15,0,0.38,0.25,20,ONE_POINT,100,100,RANDOM,14
201,20200,66.7320511341095,66573,66607.09,0,0.38,0.25,20,ONE_POINT,100,100,RANDOM,14
202,20300,67.05504274368286,66405,66417.34,0,0.38,0.25,20,ONE_POINT,100,100,RANDOM,14
203,20400,67.45498442649841,66173,66184.79,0,0.38,0.25,20,ONE_POINT,100,100,RANDOM,14
204,20500,67.78840851783752,66061,66076.6,0,0.38,0.25,20,ONE_POINT,100,100,RANDOM,14
205,20600,68.13122344017029,65828,65976.36,0,0.38,0.25,20,ONE_POINT,100,100,RANDOM,14
206,20700,68.49755859375,65761,65773.48,0,0.38,0.25,20,ONE_POINT,100,100,RANDOM,14
207,20800,68.84006261825562,65595,65606.74,0,0.38,0.25,20,ONE_POINT,100,100,RANDOM,14
208,20900,69.14431190490723,65443,65501.91,0,0.38,0.25,20,ONE_POINT,100,100,RANDOM,14
209,21000,69.48412346839905,65314,65321.92,0,0.38,0.25,20,ONE_POINT,100,100,RANDOM,14
210,21100,69.81902360916138,65170,65187.8,0,0.38,0.25,20,ONE_POINT,100,100,RANDOM,14
211,21200,70.15371918678284,64936,64958.23,0,0.38,0.25,20,ONE_POINT,100,100,RANDOM,14
212,21300,70.47372364997864,64815,64857.48,0,0.38,0.25,20,ONE_POINT,100,100,RANDOM,14
213,21400,70.7835943698883,64700,64716.29,0,0.38,0.25,20,ONE_POINT,100,100,RANDOM,14
214,21500,71.10853576660156,64465,64479.1,0,0.38,0.25,20,ONE_POINT,100,100,RANDOM,14
215,21600,71.44186449050903,64362,64368.92,0,0.38,0.25,20,ONE_POINT,100,100,RANDOM,14
216,21700,71.76005387306213,64255,64262.49,0,0.38,0.25,20,ONE_POINT,100,100,RANDOM,14
217,21800,72.0788345336914,64197,64279.12,0,0.38,0.25,20,ONE_POINT,100,100,RANDOM,14
218,21900,72.41362071037292,64068,64095.67,0,0.38,0.25,20,ONE_POINT,100,100,RANDOM,14
219,22000,72.74569654464722,63890,63902.85,0,0.38,0.25,20,ONE_POINT,100,100,RANDOM,14
220,22100,73.11247301101685,63758,63780.25,0,0.38,0.25,20,ONE_POINT,100,100,RANDOM,14
221,22200,73.47104215621948,63570,63590.18,0,0.38,0.25,20,ONE_POINT,100,100,RANDOM,14
222,22300,73.79786276817322,63418,63536.29,0,0.38,0.25,20,ONE_POINT,100,100,RANDOM,14
223,22400,74.10124635696411,63248,63264.62,0,0.38,0.25,20,ONE_POINT,100,100,RANDOM,14
224,22500,74.44388818740845,63182,63246.86,0,0.38,0.25,20,ONE_POINT,100,100,RANDOM,14
225,22600,74.76767086982727,62962,62983.73,0,0.38,0.25,20,ONE_POINT,100,100,RANDOM,14
226,22700,75.0723922252655,62874,62904.56,0,0.38,0.25,20,ONE_POINT,100,100,RANDOM,14
227,22800,75.41487193107605,62777,62790.45,0,0.38,0.25,20,ONE_POINT,100,100,RANDOM,14
228,22900,75.76168465614319,62696,62704.47,0,0.38,0.25,20,ONE_POINT,100,100,RANDOM,14
229,23000,76.0959689617157,62592,62602.72,0,0.38,0.25,20,ONE_POINT,100,100,RANDOM,14
230,23100,76.45596122741699,62378,62391.9,0,0.38,0.25,20,ONE_POINT,100,100,RANDOM,14
231,23200,76.81556367874146,62247,62264.98,0,0.38,0.25,20,ONE_POINT,100,100,RANDOM,14
232,23300,77.16248488426208,62136,62161.52,0,0.38,0.25,20,ONE_POINT,100,100,RANDOM,14
233,23400,77.510502576828,62072,62085.59,0,0.38,0.25,20,ONE_POINT,100,100,RANDOM,14
234,23500,77.83885931968689,61937,61956.32,0,0.38,0.25,20,ONE_POINT,100,100,RANDOM,14
235,23600,78.17228984832764,61805,61814.12,0,0.38,0.25,20,ONE_POINT,100,100,RANDOM,14
236,23700,78.48719143867493,61640,61670.89,0,0.38,0.25,20,ONE_POINT,100,100,RANDOM,14
237,23800,78.81651878356934,61529,61540.68,0,0.38,0.25,20,ONE_POINT,100,100,RANDOM,14
238,23900,79.17061233520508,61396,61456.76,0,0.38,0.25,20,ONE_POINT,100,100,RANDOM,14
239,24000,79.50076389312744,61163,61197.67,0,0.38,0.25,20,ONE_POINT,100,100,RANDOM,14
240,24100,79.80802512168884,61042,61049.2,0,0.38,0.25,20,ONE_POINT,100,100,RANDOM,14
241,24200,80.13753819465637,60941,60953.46,0,0.38,0.25,20,ONE_POINT,100,100,RANDOM,14
242,24300,80.45685648918152,60787,60796.24,0,0.38,0.25,20,ONE_POINT,100,100,RANDOM,14
243,24400,80.78839588165283,60727,60733.94,0,0.38,0.25,20,ONE_POINT,100,100,RANDOM,14
244,24500,81.12327837944031,60544,60576.23,0,0.38,0.25,20,ONE_POINT,100,100,RANDOM,14
245,24600,81.49494981765747,60454,60471.12,0,0.38,0.25,20,ONE_POINT,100,100,RANDOM,14
246,24700,81.80297899246216,60374,60394.99,0,0.38,0.25,20,ONE_POINT,100,100,RANDOM,14
247,24800,82.13792729377747,60284,60285.8,0,0.38,0.25,20,ONE_POINT,100,100,RANDOM,14
248,24900,82.49113416671753,60033,60050.58,0,0.38,0.25,20,ONE_POINT,100,100,RANDOM,14
249,25000,82.83871579170227,59958,59967.93,0,0.38,0.25,20,ONE_POINT,100,100,RANDOM,14
250,25100,83.15119290351868,59868,59882.16,0,0.38,0.25,20,ONE_POINT,100,100,RANDOM,14
251,25200,83.48502230644226,59752,59767.81,0,0.38,0.25,20,ONE_POINT,100,100,RANDOM,14
252,25300,83.81272339820862,59604,59617.92,0,0.38,0.25,20,ONE_POINT,100,100,RANDOM,14
253,25400,84.11469292640686,59512,59523.24,0,0.38,0.25,20,ONE_POINT,100,100,RANDOM,14
254,25500,84.4160966873169,59324,59343.96,0,0.38,0.25,20,ONE_POINT,100,100,RANDOM,14
255,25600,84.77668762207031,59205,59216.26,0,0.38,0.25,20,ONE_POINT,100,100,RANDOM,14
256,25700,85.08170485496521,59127,59135.52,0,0.38,0.25,20,ONE_POINT,100,100,RANDOM,14
257,25800,85.44849967956543,59037,59046.43,0,0.38,0.25,20,ONE_POINT,100,100,RANDOM,14
258,25900,85.78958034515381,58959,58970.56,0,0.38,0.25,20,ONE_POINT,100,100,RANDOM,14
259,26000,86.13651847839355,58873,58916.14,0,0.38,0.25,20,ONE_POINT,100,100,RANDOM,14
260,26100,86.45314264297485,58775,58797.09,0,0.38,0.25,20,ONE_POINT,100,100,RANDOM,14
261,26200,86.77559399604797,58637,58646.93,0,0.38,0.25,20,ONE_POINT,100,100,RANDOM,14
262,26300,87.11567044258118,58539,58562.08,0,0.38,0.25,20,ONE_POINT,100,100,RANDOM,14
263,26400,87.44955968856812,58367,58384.02,0,0.38,0.25,20,ONE_POINT,100,100,RANDOM,14
264,26500,87.7612898349762,58305,58309.96,0,0.38,0.25,20,ONE_POINT,100,100,RANDOM,14
265,26600,88.10352945327759,58250,58254.95,0,0.38,0.25,20,ONE_POINT,100,100,RANDOM,14
266,26700,88.43043327331543,58164,58179.51,0,0.38,0.25,20,ONE_POINT,100,100,RANDOM,14
267,26800,88.77153182029724,58087,58094.85,0,0.38,0.25,20,ONE_POINT,100,100,RANDOM,14
268,26900,89.11640429496765,57898,57909.34,0,0.38,0.25,20,ONE_POINT,100,100,RANDOM,14
269,27000,89.43319773674011,57766,57780.83,0,0.38,0.25,20,ONE_POINT,100,100,RANDOM,14
270,27100,89.79043912887573,57677,57692.99,0,0.38,0.25,20,ONE_POINT,100,100,RANDOM,14
271,27200,90.135329246521,57585,57601.95,0,0.38,0.25,20,ONE_POINT,100,100,RANDOM,14
272,27300,90.47977447509766,57470,57489.31,0,0.38,0.25,20,ONE_POINT,100,100,RANDOM,14
273,27400,90.78495073318481,57387,57393.64,0,0.38,0.25,20,ONE_POINT,100,100,RANDOM,14
274,27500,91.11780762672424,57310,57334.61,0,0.38,0.25,20,ONE_POINT,100,100,RANDOM,14
275,27600,91.4775562286377,57209,57291.86,0,0.38,0.25,20,ONE_POINT,100,100,RANDOM,14
276,27700,91.79381704330444,57166,57175.82,0,0.38,0.25,20,ONE_POINT,100,100,RANDOM,14
277,27800,92.12009072303772,57076,57084.23,0,0.38,0.25,20,ONE_POINT,100,100,RANDOM,14
278,27900,92.47306847572327,57024,57042.1,0,0.38,0.25,20,ONE_POINT,100,100,RANDOM,14
279,28000,92.79562664031982,56841,56854.5,0,0.38,0.25,20,ONE_POINT,100,100,RANDOM,14
280,28100,93.11089420318604,56727,56738.6,0,0.38,0.25,20,ONE_POINT,100,100,RANDOM,14
281,28200,93.4501314163208,56645,56659.44,0,0.38,0.25,20,ONE_POINT,100,100,RANDOM,14
282,28300,93.7527289390564,56545,56554.42,0,0.38,0.25,20,ONE_POINT,100,100,RANDOM,14
283,28400,94.05424809455872,56486,56491.29,0,0.38,0.25,20,ONE_POINT,100,100,RANDOM,14
284,28500,94.38827776908875,56432,56461.87,0,0.38,0.25,20,ONE_POINT,100,100,RANDOM,14
285,28600,94.72348141670227,56350,56389.09,0,0.38,0.25,20,ONE_POINT,100,100,RANDOM,14
286,28700,95.06387186050415,56243,56251.04,0,0.38,0.25,20,ONE_POINT,100,100,RANDOM,14
287,28800,95.38857197761536,56161,56178.67,0,0.38,0.25,20,ONE_POINT,100,100,RANDOM,14
288,28900,95.69907307624817,56089,56095.84,0,0.38,0.25,20,ONE_POINT,100,100,RANDOM,14
289,29000,96.03295993804932,56028,56035.79,0,0.38,0.25,20,ONE_POINT,100,100,RANDOM,14
290,29100,96.38249111175537,55963,55968.2,0,0.38,0.25,20,ONE_POINT,100,100,RANDOM,14
291,29200,96.70743560791016,55812,55821.82,0,0.38,0.25,20,ONE_POINT,100,100,RANDOM,14
292,29300,97.04658532142639,55608,55623.43,0,0.38,0.25,20,ONE_POINT,100,100,RANDOM,14
293,29400,97.35327291488647,55451,55459.95,0,0.38,0.25,20,ONE_POINT,100,100,RANDOM,14
294,29500,97.68452143669128,55307,55321.98,0,0.38,0.25,20,ONE_POINT,100,100,RANDOM,14
295,29600,98.00890135765076,55205,55325.88,0,0.38,0.25,20,ONE_POINT,100,100,RANDOM,14
296,29700,98.35287237167358,55119,55147.51,0,0.38,0.25,20,ONE_POINT,100,100,RANDOM,14
297,29800,98.65425086021423,55017,55024.85,0,0.38,0.25,20,ONE_POINT,100,100,RANDOM,14
298,29900,99.02252340316772,54937,54980.63,0,0.38,0.25,20,ONE_POINT,100,100,RANDOM,14
299,30000,99.40574240684509,54775,54785.77,0,0.38,0.25,20,ONE_POINT,100,100,RANDOM,14
300,30100,99.77231049537659,54705,54712.22,0,0.38,0.25,20,ONE_POINT,100,100,RANDOM,14
301,30200,100.10987710952759,54589,54600.07,0,0.38,0.25,20,ONE_POINT,100,100,RANDOM,14
302,30300,100.43229603767395,54486,54498.46,0,0.38,0.25,20,ONE_POINT,100,100,RANDOM,14
303,30400,100.79828882217407,54242,54258.28,0,0.38,0.25,20,ONE_POINT,100,100,RANDOM,14
304,30500,101.1755473613739,54138,54150.38,0,0.38,0.25,20,ONE_POINT,100,100,RANDOM,14
305,30600,101.51130723953247,54121,54124.12,0,0.38,0.25,20,ONE_POINT,100,100,RANDOM,14
306,30700,101.84495782852173,54078,54098.31,0,0.38,0.25,20,ONE_POINT,100,100,RANDOM,14
307,30800,102.14637088775635,54014,54021.39,0,0.38,0.25,20,ONE_POINT,100,100,RANDOM,14
308,30900,102.4797682762146,53818,53837.72,0,0.38,0.25,20,ONE_POINT,100,100,RANDOM,14
309,31000,102.81082510948181,53753,53762.97,0,0.38,0.25,20,ONE_POINT,100,100,RANDOM,14
310,31100,103.13901472091675,53639,53647.2,0,0.38,0.25,20,ONE_POINT,100,100,RANDOM,14
311,31200,103.47126269340515,53438,53533.18,0,0.38,0.25,20,ONE_POINT,100,100,RANDOM,14
312,31300,103.8377456665039,53309,53335.03,0,0.38,0.25,20,ONE_POINT,100,100,RANDOM,14
313,31400,104.15096998214722,53200,53213.21,0,0.38,0.25,20,ONE_POINT,100,100,RANDOM,14
314,31500,104.48338866233826,53005,53018.72,0,0.38,0.25,20,ONE_POINT,100,100,RANDOM,14
315,31600,104.79046177864075,52937,52959.4,0,0.38,0.25,20,ONE_POINT,100,100,RANDOM,14
316,31700,105.11181879043579,52824,52838.87,0,0.38,0.25,20,ONE_POINT,100,100,RANDOM,14
317,31800,105.48835468292236,52688,52697.13,0,0.38,0.25,20,ONE_POINT,100,100,RANDOM,14
318,31900,105.79993891716003,52548,52560.52,0,0.38,0.25,20,ONE_POINT,100,100,RANDOM,14
319,32000,106.13545322418213,52495,52511.4,0,0.38,0.25,20,ONE_POINT,100,100,RANDOM,14
320,32100,106.46675395965576,52418,52441.42,0,0.38,0.25,20,ONE_POINT,100,100,RANDOM,14
321,32200,106.795569896698,52345,52443.18,0,0.38,0.25,20,ONE_POINT,100,100,RANDOM,14
322,32300,107.09810733795166,52265,52288.88,0,0.38,0.25,20,ONE_POINT,100,100,RANDOM,14
323,32400,107.46192026138306,52109,52121.81,0,0.38,0.25,20,ONE_POINT,100,100,RANDOM,14
324,32500,107.80930805206299,52003,52021.58,0,0.38,0.25,20,ONE_POINT,100,100,RANDOM,14
325,32600,108.17893362045288,51906,51914.06,0,0.38,0.25,20,ONE_POINT,100,100,RANDOM,14
326,32700,108.52205491065979,51803,51814.93,0,0.38,0.25,20,ONE_POINT,100,100,RANDOM,14
327,32800,108.8558578491211,51718,51773.1,0,0.38,0.25,20,ONE_POINT,100,100,RANDOM,14
328,32900,109.15930914878845,51635,51642.26,0,0.38,0.25,20,ONE_POINT,100,100,RANDOM,14
329,33000,109.5156900882721,51571,51580.47,0,0.38,0.25,20,ONE_POINT,100,100,RANDOM,14
330,33100,109.85688591003418,51504,51512.56,0,0.38,0.25,20,ONE_POINT,100,100,RANDOM,14
331,33200,110.17226123809814,51381,51410.81,0,0.38,0.25,20,ONE_POINT,100,100,RANDOM,14
332,33300,110.49890184402466,51232,51249.47,0,0.38,0.25,20,ONE_POINT,100,100,RANDOM,14
333,33400,110.82501912117004,50995,51107.45,0,0.38,0.25,20,ONE_POINT,100,100,RANDOM,14
334,33500,111.13732385635376,50943,50950.74,0,0.38,0.25,20,ONE_POINT,100,100,RANDOM,14
335,33600,111.44383025169373,50882,50886.33,0,0.38,0.25,20,ONE_POINT,100,100,RANDOM,14
336,33700,111.75306987762451,50832,50927.29,0,0.38,0.25,20,ONE_POINT,100,100,RANDOM,14
337,33800,112.06504511833191,50782,50789.55,0,0.38,0.25,20,ONE_POINT,100,100,RANDOM,14
338,33900,112.40814018249512,50726,50777.3,0,0.38,0.25,20,ONE_POINT,100,100,RANDOM,14
339,34000,112.73148465156555,50644,50657.07,0,0.38,0.25,20,ONE_POINT,100,100,RANDOM,14
340,34100,113.07748317718506,50544,50556.29,0,0.38,0.25,20,ONE_POINT,100,100,RANDOM,14
341,34200,113.42907786369324,50408,50422.33,0,0.38,0.25,20,ONE_POINT,100,100,RANDOM,14
342,34300,113.77467632293701,50296,50304.79,0,0.38,0.25,20,ONE_POINT,100,100,RANDOM,14
343,34400,114.11642718315125,50199,50205.79,0,0.38,0.25,20,ONE_POINT,100,100,RANDOM,14
344,34500,114.44782304763794,50065,50106.23,0,0.38,0.25,20,ONE_POINT,100,100,RANDOM,14
345,34600,114.75779438018799,49959,49968.28,0,0.38,0.25,20,ONE_POINT,100,100,RANDOM,14
346,34700,115.10516595840454,49924,49929.77,0,0.38,0.25,20,ONE_POINT,100,100,RANDOM,14
347,34800,115.43823385238647,49770,49782.16,0,0.38,0.25,20,ONE_POINT,100,100,RANDOM,14
348,34900,115.77610468864441,49732,49740.91,0,0.38,0.25,20,ONE_POINT,100,100,RANDOM,14
349,35000,116.12963438034058,49594,49608.17,0,0.38,0.25,20,ONE_POINT,100,100,RANDOM,14
350,35100,116.42826128005981,49504,49525.17,0,0.38,0.25,20,ONE_POINT,100,100,RANDOM,14
351,35200,116.74192094802856,49462,49467.23,0,0.38,0.25,20,ONE_POINT,100,100,RANDOM,14
352,35300,117.07171821594238,49382,49388.16,0,0.38,0.25,20,ONE_POINT,100,100,RANDOM,14
353,35400,117.39735984802246,49225,49251.53,0,0.38,0.25,20,ONE_POINT,100,100,RANDOM,14
354,35500,117.7401475906372,49151,49210.25,0,0.38,0.25,20,ONE_POINT,100,100,RANDOM,14
355,35600,118.07326936721802,49052,49059.63,0,0.38,0.25,20,ONE_POINT,100,100,RANDOM,14
356,35700,118.42231559753418,49015,49146.12,0,0.38,0.25,20,ONE_POINT,100,100,RANDOM,14
357,35800,118.76962757110596,48931,48938.53,0,0.38,0.25,20,ONE_POINT,100,100,RANDOM,14
358,35900,119.07984614372253,48835,48845.6,0,0.38,0.25,20,ONE_POINT,100,100,RANDOM,14
359,36000,119.42867946624756,48778,48783.52,0,0.38,0.25,20,ONE_POINT,100,100,RANDOM,14
360,36100,119.77147841453552,48618,48640.74,0,0.38,0.25,20,ONE_POINT,100,100,RANDOM,14
361,36200,120.07402276992798,48575,48605.17,0,0.38,0.25,20,ONE_POINT,100,100,RANDOM,14
362,36300,120.46730017662048,48417,48432.46,0,0.38,0.25,20,ONE_POINT,100,100,RANDOM,14
363,36400,120.80747199058533,48317,48406.29,0,0.38,0.25,20,ONE_POINT,100,100,RANDOM,14
364,36500,121.14444875717163,48179,48187.35,0,0.38,0.25,20,ONE_POINT,100,100,RANDOM,14
365,36600,121.48228549957275,48021,48032.06,0,0.38,0.25,20,ONE_POINT,100,100,RANDOM,14
366,36700,121.79467272758484,47914,47921.49,0,0.38,0.25,20,ONE_POINT,100,100,RANDOM,14
367,36800,122.10029721260071,47859,47873.55,0,0.38,0.25,20,ONE_POINT,100,100,RANDOM,14
368,36900,122.4133448600769,47782,47798.6,0,0.38,0.25,20,ONE_POINT,100,100,RANDOM,14
369,37000,122.74816608428955,47661,47681.45,0,0.38,0.25,20,ONE_POINT,100,100,RANDOM,14
370,37100,123.05443263053894,47591,47706.23,0,0.38,0.25,20,ONE_POINT,100,100,RANDOM,14
371,37200,123.3768982887268,47552,47569.96,0,0.38,0.25,20,ONE_POINT,100,100,RANDOM,14
372,37300,123.67413139343262,47482,47493.24,0,0.38,0.25,20,ONE_POINT,100,100,RANDOM,14
373,37400,124.01989388465881,47393,47403.9,0,0.38,0.25,20,ONE_POINT,100,100,RANDOM,14
374,37500,124.32688522338867,47286,47295.17,0,0.38,0.25,20,ONE_POINT,100,100,RANDOM,14
375,37600,124.64943718910217,47180,47190.62,0,0.38,0.25,20,ONE_POINT,100,100,RANDOM,14
376,37700,124.95366072654724,47069,47085.67,0,0.38,0.25,20,ONE_POINT,100,100,RANDOM,14
377,37800,125.29966950416565,46991,47017.6,0,0.38,0.25,20,ONE_POINT,100,100,RANDOM,14
378,37900,125.6352949142456,46907,46919.31,0,0.38,0.25,20,ONE_POINT,100,100,RANDOM,14
379,38000,125.96152949333191,46829,46858.38,0,0.38,0.25,20,ONE_POINT,100,100,RANDOM,14
380,38100,126.27402567863464,46756,46761.55,0,0.38,0.25,20,ONE_POINT,100,100,RANDOM,14
381,38200,126.62949395179749,46676,46683.46,0,0.38,0.25,20,ONE_POINT,100,100,RANDOM,14
382,38300,126.95087671279907,46569,46584.75,0,0.38,0.25,20,ONE_POINT,100,100,RANDOM,14
383,38400,127.27156352996826,46502,46519.08,0,0.38,0.25,20,ONE_POINT,100,100,RANDOM,14
384,38500,127.59506964683533,46472,46508.74,0,0.38,0.25,20,ONE_POINT,100,100,RANDOM,14
385,38600,127.90835237503052,46416,46476.26,0,0.38,0.25,20,ONE_POINT,100,100,RANDOM,14
386,38700,128.26938128471375,46356,46362.52,0,0.38,0.25,20,ONE_POINT,100,100,RANDOM,14
387,38800,128.6291787624359,46276,46285.66,0,0.38,0.25,20,ONE_POINT,100,100,RANDOM,14
388,38900,128.9365096092224,46158,46167.44,0,0.38,0.25,20,ONE_POINT,100,100,RANDOM,14
389,39000,129.2608244419098,46119,46130.45,0,0.38,0.25,20,ONE_POINT,100,100,RANDOM,14
390,39100,129.56244897842407,46065,46075.62,0,0.38,0.25,20,ONE_POINT,100,100,RANDOM,14
391,39200,129.8670527935028,46024,46109.46,0,0.38,0.25,20,ONE_POINT,100,100,RANDOM,14
392,39300,130.17772507667542,45933,45943.42,0,0.38,0.25,20,ONE_POINT,100,100,RANDOM,14
393,39400,130.52098298072815,45866,45947.49,0,0.38,0.25,20,ONE_POINT,100,100,RANDOM,14
394,39500,130.8517725467682,45767,45782.76,0,0.38,0.25,20,ONE_POINT,100,100,RANDOM,14
395,39600,131.18631029129028,45704,45711.6,0,0.38,0.25,20,ONE_POINT,100,100,RANDOM,14
396,39700,131.54310417175293,45615,45654.04,0,0.38,0.25,20,ONE_POINT,100,100,RANDOM,14
397,39800,131.86370539665222,45547,45558.08,0,0.38,0.25,20,ONE_POINT,100,100,RANDOM,14
398,39900,132.207022190094,45469,45475.85,0,0.38,0.25,20,ONE_POINT,100,100,RANDOM,14
399,40000,132.53404831886292,45371,45442.64,0,0.38,0.25,20,ONE_POINT,100,100,RANDOM,14
400,40100,132.85999155044556,45323,45471.34,0,0.38,0.25,20,ONE_POINT,100,100,RANDOM,14
401,40200,133.17383646965027,45130,45167.72,0,0.38,0.25,20,ONE_POINT,100,100,RANDOM,14
402,40300,133.5046763420105,45051,45057.28,0,0.38,0.25,20,ONE_POINT,100,100,RANDOM,14
403,40400,133.82884788513184,44956,44965.88,0,0.38,0.25,20,ONE_POINT,100,100,RANDOM,14
404,40500,134.1778166294098,44893,44907.94,0,0.38,0.25,20,ONE_POINT,100,100,RANDOM,14
405,40600,134.5601727962494,44855,44864.22,0,0.38,0.25,20,ONE_POINT,100,100,RANDOM,14
406,40700,134.92701077461243,44780,44876.57,0,0.38,0.25,20,ONE_POINT,100,100,RANDOM,14
407,40800,135.2641658782959,44647,44659.57,0,0.38,0.25,20,ONE_POINT,100,100,RANDOM,14
408,40900,135.61120772361755,44599,44605.2,0,0.38,0.25,20,ONE_POINT,100,100,RANDOM,14
409,41000,135.92779517173767,44517,44523.89,0,0.38,0.25,20,ONE_POINT,100,100,RANDOM,14
410,41100,136.22695446014404,44485,44488.52,0,0.38,0.25,20,ONE_POINT,100,100,RANDOM,14
411,41200,136.54509377479553,44418,44424.3,0,0.38,0.25,20,ONE_POINT,100,100,RANDOM,14
412,41300,136.87241911888123,44331,44343.88,0,0.38,0.25,20,ONE_POINT,100,100,RANDOM,14
413,41400,137.19341206550598,44244,44247.48,0,0.38,0.25,20,ONE_POINT,100,100,RANDOM,14
414,41500,137.55339694023132,44150,44156.58,0,0.38,0.25,20,ONE_POINT,100,100,RANDOM,14
415,41600,137.91232109069824,44121,44123.75,0,0.38,0.25,20,ONE_POINT,100,100,RANDOM,14
416,41700,138.2499237060547,43978,44007.43,0,0.38,0.25,20,ONE_POINT,100,100,RANDOM,14
417,41800,138.60183906555176,43937,43940.22,0,0.38,0.25,20,ONE_POINT,100,100,RANDOM,14
418,41900,138.91659355163574,43910,43913.52,0,0.38,0.25,20,ONE_POINT,100,100,RANDOM,14
419,42000,139.2469003200531,43830,43893.0,0,0.38,0.25,20,ONE_POINT,100,100,RANDOM,14
420,42100,139.58944010734558,43763,43775.58,0,0.38,0.25,20,ONE_POINT,100,100,RANDOM,14
421,42200,139.9276921749115,43638,43645.73,0,0.38,0.25,20,ONE_POINT,100,100,RANDOM,14
422,42300,140.27864909172058,43587,43591.59,0,0.38,0.25,20,ONE_POINT,100,100,RANDOM,14
423,42400,140.59676218032837,43544,43552.31,0,0.38,0.25,20,ONE_POINT,100,100,RANDOM,14
424,42500,140.94977355003357,43498,43504.49,0,0.38,0.25,20,ONE_POINT,100,100,RANDOM,14
425,42600,141.27410173416138,43428,43445.33,0,0.38,0.25,20,ONE_POINT,100,100,RANDOM,14
426,42700,141.62082743644714,43396,43401.37,0,0.38,0.25,20,ONE_POINT,100,100,RANDOM,14
427,42800,141.95484352111816,43349,43361.66,0,0.38,0.25,20,ONE_POINT,100,100,RANDOM,14
428,42900,142.26262950897217,43276,43283.39,0,0.38,0.25,20,ONE_POINT,100,100,RANDOM,14
429,43000,142.5854570865631,43225,43235.96,0,0.38,0.25,20,ONE_POINT,100,100,RANDOM,14
430,43100,142.90964126586914,43157,43167.44,0,0.38,0.25,20,ONE_POINT,100,100,RANDOM,14
431,43200,143.22600960731506,43097,43106.09,0,0.38,0.25,20,ONE_POINT,100,100,RANDOM,14
432,43300,143.55955290794373,42973,42987.12,0,0.38,0.25,20,ONE_POINT,100,100,RANDOM,14
433,43400,143.9201033115387,42923,42939.88,0,0.38,0.25,20,ONE_POINT,100,100,RANDOM,14
434,43500,144.23898577690125,42862,42918.04,0,0.38,0.25,20,ONE_POINT,100,100,RANDOM,14
435,43600,144.5581238269806,42826,42862.7,0,0.38,0.25,20,ONE_POINT,100,100,RANDOM,14
436,43700,144.91219520568848,42777,42790.09,0,0.38,0.25,20,ONE_POINT,100,100,RANDOM,14
437,43800,145.2367124557495,42729,42734.7,0,0.38,0.25,20,ONE_POINT,100,100,RANDOM,14
438,43900,145.56383275985718,42704,42707.96,0,0.38,0.25,20,ONE_POINT,100,100,RANDOM,14
439,44000,145.90592432022095,42691,42694.98,0,0.38,0.25,20,ONE_POINT,100,100,RANDOM,14
440,44100,146.2585575580597,42622,42629.73,0,0.38,0.25,20,ONE_POINT,100,100,RANDOM,14
441,44200,146.56273198127747,42525,42556.03,0,0.38,0.25,20,ONE_POINT,100,100,RANDOM,14
442,44300,146.89276456832886,42491,42497.89,0,0.38,0.25,20,ONE_POINT,100,100,RANDOM,14
443,44400,147.2333710193634,42435,42439.54,0,0.38,0.25,20,ONE_POINT,100,100,RANDOM,14
444,44500,147.56167817115784,42369,42379.77,0,0.38,0.25,20,ONE_POINT,100,100,RANDOM,14
445,44600,147.901869058609,42348,42353.18,0,0.38,0.25,20,ONE_POINT,100,100,RANDOM,14
446,44700,148.20179963111877,42312,42336.37,0,0.38,0.25,20,ONE_POINT,100,100,RANDOM,14
447,44800,148.52799582481384,42244,42298.13,0,0.38,0.25,20,ONE_POINT,100,100,RANDOM,14
448,44900,148.86705875396729,42199,42202.74,0,0.38,0.25,20,ONE_POINT,100,100,RANDOM,14
449,45000,149.22543811798096,42140,42161.1,0,0.38,0.25,20,ONE_POINT,100,100,RANDOM,14
450,45100,149.5408263206482,42085,42095.56,0,0.38,0.25,20,ONE_POINT,100,100,RANDOM,14
451,45200,149.89932584762573,42080,42080.69,0,0.38,0.25,20,ONE_POINT,100,100,RANDOM,14
452,45300,150.2493290901184,42042,42046.38,0,0.38,0.25,20,ONE_POINT,100,100,RANDOM,14
453,45400,150.60997104644775,41979,41985.76,0,0.38,0.25,20,ONE_POINT,100,100,RANDOM,14
454,45500,150.94436955451965,41943,41946.15,0,0.38,0.25,20,ONE_POINT,100,100,RANDOM,14
455,45600,151.25298595428467,41907,41910.14,0,0.38,0.25,20,ONE_POINT,100,100,RANDOM,14
456,45700,151.57290410995483,41867,41972.68,0,0.38,0.25,20,ONE_POINT,100,100,RANDOM,14
457,45800,151.89829182624817,41820,41825.23,0,0.38,0.25,20,ONE_POINT,100,100,RANDOM,14
458,45900,152.2057545185089,41650,41669.15,0,0.38,0.25,20,ONE_POINT,100,100,RANDOM,14
459,46000,152.50199055671692,41557,41567.74,0,0.38,0.25,20,ONE_POINT,100,100,RANDOM,14
460,46100,152.84231662750244,41473,41478.83,0,0.38,0.25,20,ONE_POINT,100,100,RANDOM,14
461,46200,153.19258284568787,41451,41454.77,0,0.38,0.25,20,ONE_POINT,100,100,RANDOM,14
462,46300,153.53900337219238,41448,41448.62,0,0.38,0.25,20,ONE_POINT,100,100,RANDOM,14
463,46400,153.84300756454468,41412,41417.52,0,0.38,0.25,20,ONE_POINT,100,100,RANDOM,14
464,46500,154.15211534500122,41394,41403.04,0,0.38,0.25,20,ONE_POINT,100,100,RANDOM,14
465,46600,154.51199865341187,41272,41295.61,0,0.38,0.25,20,ONE_POINT,100,100,RANDOM,14
466,46700,154.831960439682,41214,41226.3,0,0.38,0.25,20,ONE_POINT,100,100,RANDOM,14
467,46800,155.14338755607605,41148,41155.46,0,0.38,0.25,20,ONE_POINT,100,100,RANDOM,14
468,46900,155.4707293510437,41118,41177.07,0,0.38,0.25,20,ONE_POINT,100,100,RANDOM,14
469,47000,155.78763604164124,41097,41105.26,0,0.38,0.25,20,ONE_POINT,100,100,RANDOM,14
470,47100,156.11767768859863,41012,41082.68,0,0.38,0.25,20,ONE_POINT,100,100,RANDOM,14
471,47200,156.44505882263184,40972,40983.15,0,0.38,0.25,20,ONE_POINT,100,100,RANDOM,14
472,47300,156.7703936100006,40840,40852.98,0,0.38,0.25,20,ONE_POINT,100,100,RANDOM,14
473,47400,157.09652090072632,40803,40813.92,0,0.38,0.25,20,ONE_POINT,100,100,RANDOM,14
474,47500,157.3995053768158,40741,40747.07,0,0.38,0.25,20,ONE_POINT,100,100,RANDOM,14
475,47600,157.72814345359802,40651,40664.44,0,0.38,0.25,20,ONE_POINT,100,100,RANDOM,14
476,47700,158.04913711547852,40584,40590.21,0,0.38,0.25,20,ONE_POINT,100,100,RANDOM,14
477,47800,158.38688826560974,40542,40571.04,0,0.38,0.25,20,ONE_POINT,100,100,RANDOM,14
478,47900,158.73040294647217,40459,40466.2,0,0.38,0.25,20,ONE_POINT,100,100,RANDOM,14
479,48000,159.04337120056152,40423,40435.25,0,0.38,0.25,20,ONE_POINT,100,100,RANDOM,14
480,48100,159.34497690200806,40380,40386.32,0,0.38,0.25,20,ONE_POINT,100,100,RANDOM,14
481,48200,159.67112159729004,40346,40350.85,0,0.38,0.25,20,ONE_POINT,100,100,RANDOM,14
482,48300,159.99436974525452,40297,40306.57,0,0.38,0.25,20,ONE_POINT,100,100,RANDOM,14
483,48400,160.32933282852173,40231,40243.61,0,0.38,0.25,20,ONE_POINT,100,100,RANDOM,14
484,48500,160.67970538139343,40192,40201.78,0,0.38,0.25,20,ONE_POINT,100,100,RANDOM,14
485,48600,160.97519731521606,40140,40150.09,0,0.38,0.25,20,ONE_POINT,100,100,RANDOM,14
486,48700,161.28717517852783,40072,40077.41,0,0.38,0.25,20,ONE_POINT,100,100,RANDOM,14
487,48800,161.58844637870789,39984,39991.51,0,0.38,0.25,20,ONE_POINT,100,100,RANDOM,14
488,48900,161.90864419937134,39901,39911.38,0,0.38,0.25,20,ONE_POINT,100,100,RANDOM,14
489,49000,162.24514889717102,39854,39859.75,0,0.38,0.25,20,ONE_POINT,100,100,RANDOM,14
490,49100,162.5807843208313,39823,39827.49,0,0.38,0.25,20,ONE_POINT,100,100,RANDOM,14
491,49200,162.91286945343018,39791,39796.69,0,0.38,0.25,20,ONE_POINT,100,100,RANDOM,14
492,49300,163.2770185470581,39690,39746.03,0,0.38,0.25,20,ONE_POINT,100,100,RANDOM,14
493,49400,163.59830117225647,39659,39662.99,0,0.38,0.25,20,ONE_POINT,100,100,RANDOM,14
494,49500,163.89895224571228,39631,39635.54,0,0.38,0.25,20,ONE_POINT,100,100,RANDOM,14
495,49600,164.24071168899536,39599,39602.88,0,0.38,0.25,20,ONE_POINT,100,100,RANDOM,14
496,49700,164.57665967941284,39574,39576.0,0,0.38,0.25,20,ONE_POINT,100,100,RANDOM,14
497,49800,164.9135444164276,39509,39516.62,0,0.38,0.25,20,ONE_POINT,100,100,RANDOM,14
498,49900,165.2202663421631,39447,39452.65,0,0.38,0.25,20,ONE_POINT,100,100,RANDOM,14
499,50000,165.53749442100525,39431,39434.28,0,0.38,0.25,20,ONE_POINT,100,100,RANDOM,14
500,50100,165.87421441078186,39367,39381.8,0,0.38,0.25,20,ONE_POINT,100,100,RANDOM,14
1,200,0.2277359962463379,127981,128509.7,0,0.38,0.25,20,ONE_POINT,100,100,RANDOM,15
2,300,0.6392145156860352,126770,126841.69,0,0.38,0.25,20,ONE_POINT,100,100,RANDOM,15
3,400,0.9959499835968018,125498,125523.44,0,0.38,0.25,20,ONE_POINT,100,100,RANDOM,15
4,500,1.3747990131378174,124428,124467.57,0,0.38,0.25,20,ONE_POINT,100,100,RANDOM,15
5,600,1.7019145488739014,123848,123865.4,0,0.38,0.25,20,ONE_POINT,100,100,RANDOM,15
6,700,2.0518438816070557,123386,123417.66,0,0.38,0.25,20,ONE_POINT,100,100,RANDOM,15
7,800,2.3615431785583496,122739,122751.94,0,0.38,0.25,20,ONE_POINT,100,100,RANDOM,15
8,900,2.694415330886841,122046,122066.91,0,0.38,0.25,20,ONE_POINT,100,100,RANDOM,15
9,1000,3.0373711585998535,121387,121413.56,0,0.38,0.25,20,ONE_POINT,100,100,RANDOM,15
10,1100,3.375095844268799,120907,120928.57,0,0.38,0.25,20,ONE_POINT,100,100,RANDOM,15
11,1200,3.6879868507385254,120617,120636.44,0,0.38,0.25,20,ONE_POINT,100,100,RANDOM,15
12,1300,4.009891510009766,119923,119955.34,0,0.38,0.25,20,ONE_POINT,100,100,RANDOM,15
13,1400,4.341886758804321,119104,119159.09,0,0.38,0.25,20,ONE_POINT,100,100,RANDOM,15
14,1500,4.6589295864105225,118786,118801.25,0,0.38,0.25,20,ONE_POINT,100,100,RANDOM,15
15,1600,4.980285406112671,118444,118474.1,0,0.38,0.25,20,ONE_POINT,100,100,RANDOM,15
16,1700,5.3051910400390625,117861,117890.15,0,0.38,0.25,20,ONE_POINT,100,100,RANDOM,15
17,1800,5.6120765209198,116927,116969.24,0,0.38,0.25,20,ONE_POINT,100,100,RANDOM,15
18,1900,5.945357084274292,116444,116484.25,0,0.38,0.25,20,ONE_POINT,100,100,RANDOM,15
19,2000,6.256545305252075,115837,115864.83,0,0.38,0.25,20,ONE_POINT,100,100,RANDOM,15
20,2100,6.6038336753845215,115221,115253.03,0,0.38,0.25,20,ONE_POINT,100,100,RANDOM,15
21,2200,6.926229476928711,114982,115002.04,0,0.38,0.25,20,ONE_POINT,100,100,RANDOM,15
22,2300,7.250171661376953,114245,114273.59,0,0.38,0.25,20,ONE_POINT,100,100,RANDOM,15
23,2400,7.597181558609009,113986,114005.55,0,0.38,0.25,20,ONE_POINT,100,100,RANDOM,15
24,2500,7.916161060333252,113209,113237.96,0,0.38,0.25,20,ONE_POINT,100,100,RANDOM,15
25,2600,8.264414548873901,112646,112679.1,0,0.38,0.25,20,ONE_POINT,100,100,RANDOM,15
26,2700,8.587307929992676,112104,112224.12,0,0.38,0.25,20,ONE_POINT,100,100,RANDOM,15
27,2800,8.928810119628906,111799,111817.12,0,0.38,0.25,20,ONE_POINT,100,100,RANDOM,15
28,2900,9.28464388847351,111460,111477.43,0,0.38,0.25,20,ONE_POINT,100,100,RANDOM,15
29,3000,9.612634420394897,110718,110747.61,0,0.38,0.25,20,ONE_POINT,100,100,RANDOM,15
30,3100,9.97098183631897,110341,110359.62,0,0.38,0.25,20,ONE_POINT,100,100,RANDOM,15
31,3200,10.274436950683594,109794,109824.32,0,0.38,0.25,20,ONE_POINT,100,100,RANDOM,15
32,3300,10.575284242630005,109046,109078.16,0,0.38,0.25,20,ONE_POINT,100,100,RANDOM,15
33,3400,10.905948162078857,108782,108792.54,0,0.38,0.25,20,ONE_POINT,100,100,RANDOM,15
34,3500,11.234028339385986,108469,108487.12,0,0.38,0.25,20,ONE_POINT,100,100,RANDOM,15
35,3600,11.573673248291016,108003,108018.06,0,0.38,0.25,20,ONE_POINT,100,100,RANDOM,15
36,3700,11.925465822219849,107695,107710.41,0,0.38,0.25,20,ONE_POINT,100,100,RANDOM,15
37,3800,12.259615659713745,107080,107106.21,0,0.38,0.25,20,ONE_POINT,100,100,RANDOM,15
38,3900,12.601482629776001,106865,106933.94,0,0.38,0.25,20,ONE_POINT,100,100,RANDOM,15
39,4000,12.97284197807312,106314,106378.46,0,0.38,0.25,20,ONE_POINT,100,100,RANDOM,15
40,4100,13.298633098602295,105965,105982.46,0,0.38,0.25,20,ONE_POINT,100,100,RANDOM,15
41,4200,13.65362000465393,105549,105627.7,0,0.38,0.25,20,ONE_POINT,100,100,RANDOM,15
42,4300,14.005318880081177,105140,105156.36,0,0.38,0.25,20,ONE_POINT,100,100,RANDOM,15
43,4400,14.3477783203125,104921,104941.52,0,0.38,0.25,20,ONE_POINT,100,100,RANDOM,15
44,4500,14.640858888626099,104369,104392.77,0,0.38,0.25,20,ONE_POINT,100,100,RANDOM,15
45,4600,15.005688667297363,104174,104239.75,0,0.38,0.25,20,ONE_POINT,100,100,RANDOM,15
46,4700,15.327544689178467,103830,103843.76,0,0.38,0.25,20,ONE_POINT,100,100,RANDOM,15
47,4800,15.679957628250122,103502,103515.28,0,0.38,0.25,20,ONE_POINT,100,100,RANDOM,15
48,4900,15.983312606811523,103217,103236.93,0,0.38,0.25,20,ONE_POINT,100,100,RANDOM,15
49,5000,16.327647924423218,102834,102849.32,0,0.38,0.25,20,ONE_POINT,100,100,RANDOM,15
50,5100,16.652451515197754,102552,102572.51,0,0.38,0.25,20,ONE_POINT,100,100,RANDOM,15
51,5200,16.99920892715454,102272,102293.24,0,0.38,0.25,20,ONE_POINT,100,100,RANDOM,15
52,5300,17.382540702819824,101747,101787.52,0,0.38,0.25,20,ONE_POINT,100,100,RANDOM,15
53,5400,17.711104154586792,101435,101502.02,0,0.38,0.25,20,ONE_POINT,100,100,RANDOM,15
54,5500,18.05518913269043,100746,100773.97,0,0.38,0.25,20,ONE_POINT,100,100,RANDOM,15
55,5600,18.369823694229126,100462,100527.1,0,0.38,0.25,20,ONE_POINT,100,100,RANDOM,15
56,5700,18.67877984046936,100078,100098.44,0,0.38,0.25,20,ONE_POINT,100,100,RANDOM,15
57,5800,19.041067600250244,99804,99821.52,0,0.38,0.25,20,ONE_POINT,100,100,RANDOM,15
58,5900,19.34942078590393,99470,99526.21,0,0.38,0.25,20,ONE_POINT,100,100,RANDOM,15
59,6000,19.675676345825195,99177,99196.68,0,0.38,0.25,20,ONE_POINT,100,100,RANDOM,15
60,6100,19.9806489944458,98620,98640.93,0,0.38,0.25,20,ONE_POINT,100,100,RANDOM,15
61,6200,20.279979705810547,98428,98450.25,0,0.38,0.25,20,ONE_POINT,100,100,RANDOM,15
62,6300,20.62976336479187,98044,98055.64,0,0.38,0.25,20,ONE_POINT,100,100,RANDOM,15
63,6400,20.94437003135681,97719,97741.28,0,0.38,0.25,20,ONE_POINT,100,100,RANDOM,15
64,6500,21.284319639205933,97501,97512.14,0,0.38,0.25,20,ONE_POINT,100,100,RANDOM,15
65,6600,21.5835120677948,97135,97217.36,0,0.38,0.25,20,ONE_POINT,100,100,RANDOM,15
66,6700,21.93855381011963,96682,96700.12,0,0.38,0.25,20,ONE_POINT,100,100,RANDOM,15
67,6800,22.27687931060791,95995,96022.55,0,0.38,0.25,20,ONE_POINT,100,100,RANDOM,15
68,6900,22.637552499771118,95617,95646.55,0,0.38,0.25,20,ONE_POINT,100,100,RANDOM,15
69,7000,22.963384866714478,95361,95376.22,0,0.38,0.25,20,ONE_POINT,100,100,RANDOM,15
70,7100,23.312108993530273,94961,94986.29,0,0.38,0.25,20,ONE_POINT,100,100,RANDOM,15
71,7200,23.613232612609863,94707,94722.24,0,0.38,0.25,20,ONE_POINT,100,100,RANDOM,15
72,7300,23.96185564994812,94415,94434.19,0,0.38,0.25,20,ONE_POINT,100,100,RANDOM,15
73,7400,24.32495355606079,93988,94008.53,0,0.38,0.25,20,ONE_POINT,100,100,RANDOM,15
74,7500,24.646355867385864,93746,93769.48,0,0.38,0.25,20,ONE_POINT,100,100,RANDOM,15
75,7600,24.96967387199402,93400,93417.3,0,0.38,0.25,20,ONE_POINT,100,100,RANDOM,15
76,7700,25.311459064483643,93130,93208.82,0,0.38,0.25,20,ONE_POINT,100,100,RANDOM,15
77,7800,25.637453317642212,92660,92684.99,0,0.38,0.25,20,ONE_POINT,100,100,RANDOM,15
78,7900,25.93748641014099,92400,92416.69,0,0.38,0.25,20,ONE_POINT,100,100,RANDOM,15
79,8000,26.26422882080078,92202,92220.27,0,0.38,0.25,20,ONE_POINT,100,100,RANDOM,15
80,8100,26.586984395980835,91855,91933.27,0,0.38,0.25,20,ONE_POINT,100,100,RANDOM,15
81,8200,26.913075923919678,91624,91638.19,0,0.38,0.25,20,ONE_POINT,100,100,RANDOM,15
82,8300,27.245124340057373,91373,91399.49,0,0.38,0.25,20,ONE_POINT,100,100,RANDOM,15
83,8400,27.550286769866943,91061,91119.86,0,0.38,0.25,20,ONE_POINT,100,100,RANDOM,15
84,8500,27.859663009643555,90902,90913.31,0,0.38,0.25,20,ONE_POINT,100,100,RANDOM,15
85,8600,28.208338260650635,90797,90810.27,0,0.38,0.25,20,ONE_POINT,100,100,RANDOM,15
86,8700,28.523478507995605,90692,90700.72,0,0.38,0.25,20,ONE_POINT,100,100,RANDOM,15
87,8800,28.854612827301025,90349,90372.36,0,0.38,0.25,20,ONE_POINT,100,100,RANDOM,15
88,8900,29.16654658317566,90236,90241.48,0,0.38,0.25,20,ONE_POINT,100,100,RANDOM,15
89,9000,29.493035078048706,90115,90124.57,0,0.38,0.25,20,ONE_POINT,100,100,RANDOM,15
90,9100,29.814539670944214,89809,89824.3,0,0.38,0.25,20,ONE_POINT,100,100,RANDOM,15
91,9200,30.119399070739746,89619,89643.23,0,0.38,0.25,20,ONE_POINT,100,100,RANDOM,15
92,9300,30.475894927978516,89303,89326.05,0,0.38,0.25,20,ONE_POINT,100,100,RANDOM,15
93,9400,30.78670382499695,89112,89130.54,0,0.38,0.25,20,ONE_POINT,100,100,RANDOM,15
94,9500,31.0905179977417,88403,88431.36,0,0.38,0.25,20,ONE_POINT,100,100,RANDOM,15
95,9600,31.409982681274414,88107,88127.72,0,0.38,0.25,20,ONE_POINT,100,100,RANDOM,15
96,9700,31.715933561325073,87843,87879.5,0,0.38,0.25,20,ONE_POINT,100,100,RANDOM,15
97,9800,32.048551082611084,87425,87469.01,0,0.38,0.25,20,ONE_POINT,100,100,RANDOM,15
98,9900,32.35967040061951,86826,86850.33,0,0.38,0.25,20,ONE_POINT,100,100,RANDOM,15
99,10000,32.69232225418091,86455,86491.44,0,0.38,0.25,20,ONE_POINT,100,100,RANDOM,15
100,10100,33.048340797424316,86007,86036.52,0,0.38,0.25,20,ONE_POINT,100,100,RANDOM,15
101,10200,33.36865949630737,85773,85782.36,0,0.38,0.25,20,ONE_POINT,100,100,RANDOM,15
102,10300,33.71711325645447,85250,85275.64,0,0.38,0.25,20,ONE_POINT,100,100,RANDOM,15
103,10400,34.09046244621277,85103,85113.34,0,0.38,0.25,20,ONE_POINT,100,100,RANDOM,15
104,10500,34.413992404937744,84972,84983.06,0,0.38,0.25,20,ONE_POINT,100,100,RANDOM,15
105,10600,34.76805090904236,84871,84883.88,0,0.38,0.25,20,ONE_POINT,100,100,RANDOM,15
106,10700,35.1333167552948,84530,84598.31,0,0.38,0.25,20,ONE_POINT,100,100,RANDOM,15
107,10800,35.46177577972412,84425,84448.93,0,0.38,0.25,20,ONE_POINT,100,100,RANDOM,15
108,10900,35.757911682128906,84313,84352.05,0,0.38,0.25,20,ONE_POINT,100,100,RANDOM,15
109,11000,36.07694220542908,84038,84107.63,0,0.38,0.25,20,ONE_POINT,100,100,RANDOM,15
110,11100,36.39162588119507,83847,83881.2,0,0.38,0.25,20,ONE_POINT,100,100,RANDOM,15
111,11200,36.69749999046326,83615,83628.78,0,0.38,0.25,20,ONE_POINT,100,100,RANDOM,15
112,11300,37.0447359085083,83378,83394.7,0,0.38,0.25,20,ONE_POINT,100,100,RANDOM,15
113,11400,37.37608528137207,83144,83161.83,0,0.38,0.25,20,ONE_POINT,100,100,RANDOM,15
114,11500,37.72933578491211,82929,82956.46,0,0.38,0.25,20,ONE_POINT,100,100,RANDOM,15
115,11600,38.05398941040039,82742,82816.33,0,0.38,0.25,20,ONE_POINT,100,100,RANDOM,15
116,11700,38.38440990447998,82621,82671.0,0,0.38,0.25,20,ONE_POINT,100,100,RANDOM,15
117,11800,38.7139196395874,82513,82521.64,0,0.38,0.25,20,ONE_POINT,100,100,RANDOM,15
118,11900,39.05953049659729,82354,82363.5,0,0.38,0.25,20,ONE_POINT,100,100,RANDOM,15
119,12000,39.4089515209198,82082,82094.73,0,0.38,0.25,20,ONE_POINT,100,100,RANDOM,15
120,12100,39.71433162689209,81716,81847.51,0,0.38,0.25,20,ONE_POINT,100,100,RANDOM,15
121,12200,40.030691146850586,81553,81566.21,0,0.38,0.25,20,ONE_POINT,100,100,RANDOM,15
122,12300,40.35439729690552,81017,81038.4,0,0.38,0.25,20,ONE_POINT,100,100,RANDOM,15
123,12400,40.65703725814819,80845,80924.06,0,0.38,0.25,20,ONE_POINT,100,100,RANDOM,15
124,12500,40.97370624542236,80644,80660.13,0,0.38,0.25,20,ONE_POINT,100,100,RANDOM,15
125,12600,41.296181201934814,80438,80449.44,0,0.38,0.25,20,ONE_POINT,100,100,RANDOM,15
126,12700,41.59984755516052,80189,80204.02,0,0.38,0.25,20,ONE_POINT,100,100,RANDOM,15
127,12800,41.91285538673401,80042,80079.7,0,0.38,0.25,20,ONE_POINT,100,100,RANDOM,15
128,12900,42.24425411224365,79972,80014.25,0,0.38,0.25,20,ONE_POINT,100,100,RANDOM,15
129,13000,42.551220655441284,79525,79553.42,0,0.38,0.25,20,ONE_POINT,100,100,RANDOM,15
130,13100,42.91962432861328,79197,79227.56,0,0.38,0.25,20,ONE_POINT,100,100,RANDOM,15
131,13200,43.24996590614319,79112,79122.1,0,0.38,0.25,20,ONE_POINT,100,100,RANDOM,15
132,13300,43.550894021987915,78943,78987.26,0,0.38,0.25,20,ONE_POINT,100,100,RANDOM,15
133,13400,43.8627769947052,78861,78879.34,0,0.38,0.25,20,ONE_POINT,100,100,RANDOM,15
134,13500,44.18371868133545,78168,78292.79,0,0.38,0.25,20,ONE_POINT,100,100,RANDOM,15
135,13600,44.495121717453,78072,78079.68,0,0.38,0.25,20,ONE_POINT,100,100,RANDOM,15
136,13700,44.84430956840515,77929,77940.73,0,0.38,0.25,20,ONE_POINT,100,100,RANDOM,15
137,13800,45.179304361343384,77479,77538.58,0,0.38,0.25,20,ONE_POINT,100,100,RANDOM,15
138,13900,45.47826385498047,77299,77316.03,0,0.38,0.25,20,ONE_POINT,100,100,RANDOM,15
139,14000,45.811296701431274,77093,77103.49,0,0.38,0.25,20,ONE_POINT,100,100,RANDOM,15
140,14100,46.17919945716858,77009,77019.25,0,0.38,0.25,20,ONE_POINT,100,100,RANDOM,15
141,14200,46.481114864349365,76635,76657.55,0,0.38,0.25,20,ONE_POINT,100,100,RANDOM,15
142,14300,46.810144662857056,76363,76417.29,0,0.38,0.25,20,ONE_POINT,100,100,RANDOM,15
143,14400,47.142778396606445,76080,76094.01,0,0.38,0.25,20,ONE_POINT,100,100,RANDOM,15
144,14500,47.51129651069641,76018,76023.31,0,0.38,0.25,20,ONE_POINT,100,100,RANDOM,15
145,14600,47.861921072006226,75834,75848.64,0,0.38,0.25,20,ONE_POINT,100,100,RANDOM,15
146,14700,48.1989951133728,75547,75576.81,0,0.38,0.25,20,ONE_POINT,100,100,RANDOM,15
147,14800,48.495540618896484,75297,75322.76,0,0.38,0.25,20,ONE_POINT,100,100,RANDOM,15
148,14900,48.85423827171326,75008,75042.98,0,0.38,0.25,20,ONE_POINT,100,100,RANDOM,15
149,15000,49.166433572769165,74733,74756.16,0,0.38,0.25,20,ONE_POINT,100,100,RANDOM,15
150,15100,49.505069732666016,74525,74543.48,0,0.38,0.25,20,ONE_POINT,100,100,RANDOM,15
151,15200,49.84602475166321,74409,74418.28,0,0.38,0.25,20,ONE_POINT,100,100,RANDOM,15
152,15300,50.20701551437378,74059,74080.0,0,0.38,0.25,20,ONE_POINT,100,100,RANDOM,15
153,15400,50.5172598361969,73940,73967.03,0,0.38,0.25,20,ONE_POINT,100,100,RANDOM,15
154,15500,50.820645809173584,73718,73731.32,0,0.38,0.25,20,ONE_POINT,100,100,RANDOM,15
155,15600,51.159562826156616,73570,73621.13,0,0.38,0.25,20,ONE_POINT,100,100,RANDOM,15
156,15700,51.5057692527771,73322,73345.44,0,0.38,0.25,20,ONE_POINT,100,100,RANDOM,15
157,15800,51.85150361061096,73105,73120.04,0,0.38,0.25,20,ONE_POINT,100,100,RANDOM,15
158,15900,52.19720697402954,72971,72982.02,0,0.38,0.25,20,ONE_POINT,100,100,RANDOM,15
159,16000,52.53708457946777,72742,72763.02,0,0.38,0.25,20,ONE_POINT,100,100,RANDOM,15
160,16100,52.874340772628784,72628,72653.49,0,0.38,0.25,20,ONE_POINT,100,100,RANDOM,15
161,16200,53.24465608596802,72222,72280.16,0,0.38,0.25,20,ONE_POINT,100,100,RANDOM,15
162,16300,53.56266808509827,72133,72174.49,0,0.38,0.25,20,ONE_POINT,100,100,RANDOM,15
163,16400,53.91439509391785,72031,72047.54,0,0.38,0.25,20,ONE_POINT,100,100,RANDOM,15
164,16500,54.27464199066162,71863,71877.09,0,0.38,0.25,20,ONE_POINT,100,100,RANDOM,15
165,16600,54.57172083854675,71679,71692.89,0,0.38,0.25,20,ONE_POINT,100,100,RANDOM,15
166,16700,54.921284437179565,71485,71533.07,0,0.38,0.25,20,ONE_POINT,100,100,RANDOM,15
167,16800,55.23753643035889,71268,71281.37,0,0.38,0.25,20,ONE_POINT,100,100,RANDOM,15
168,16900,55.574450969696045,70955,70972.05,0,0.38,0.25,20,ONE_POINT,100,100,RANDOM,15
169,17000,55.88163113594055,70676,70701.21,0,0.38,0.25,20,ONE_POINT,100,100,RANDOM,15
170,17100,56.21994638442993,70429,70477.05,0,0.38,0.25,20,ONE_POINT,100,100,RANDOM,15
171,17200,56.54219627380371,70279,70320.91,0,0.38,0.25,20,ONE_POINT,100,100,RANDOM,15
172,17300,56.882426023483276,70124,70140.58,0,0.38,0.25,20,ONE_POINT,100,100,RANDOM,15
173,17400,57.22154927253723,69813,69830.58,0,0.38,0.25,20,ONE_POINT,100,100,RANDOM,15
174,17500,57.526597023010254,69535,69551.7,0,0.38,0.25,20,ONE_POINT,100,100,RANDOM,15
175,17600,57.85409474372864,69418,69546.18,0,0.38,0.25,20,ONE_POINT,100,100,RANDOM,15
176,17700,58.16046762466431,69221,69266.68,0,0.38,0.25,20,ONE_POINT,100,100,RANDOM,15
177,17800,58.48148155212402,68915,68940.94,0,0.38,0.25,20,ONE_POINT,100,100,RANDOM,15
178,17900,58.79639959335327,68595,68613.07,0,0.38,0.25,20,ONE_POINT,100,100,RANDOM,15
179,18000,59.09988880157471,68417,68429.67,0,0.38,0.25,20,ONE_POINT,100,100,RANDOM,15
180,18100,59.44622826576233,68335,68345.16,0,0.38,0.25,20,ONE_POINT,100,100,RANDOM,15
181,18200,59.80380606651306,67985,68045.57,0,0.38,0.25,20,ONE_POINT,100,100,RANDOM,15
182,18300,60.16379690170288,67888,67900.98,0,0.38,0.25,20,ONE_POINT,100,100,RANDOM,15
183,18400,60.52565312385559,67719,67731.6,0,0.38,0.25,20,ONE_POINT,100,100,RANDOM,15
184,18500,60.86320400238037,67506,67540.22,0,0.38,0.25,20,ONE_POINT,100,100,RANDOM,15
185,18600,61.18886041641235,67323,67337.25,0,0.38,0.25,20,ONE_POINT,100,100,RANDOM,15
186,18700,61.494444370269775,67237,67249.25,0,0.38,0.25,20,ONE_POINT,100,100,RANDOM,15
187,18800,61.79742479324341,66781,66819.79,0,0.38,0.25,20,ONE_POINT,100,100,RANDOM,15
188,18900,62.12831258773804,66569,66590.49,0,0.38,0.25,20,ONE_POINT,100,100,RANDOM,15
189,19000,62.43338871002197,66467,66496.4,0,0.38,0.25,20,ONE_POINT,100,100,RANDOM,15
190,19100,62.741175413131714,66356,66388.6,0,0.38,0.25,20,ONE_POINT,100,100,RANDOM,15
191,19200,63.08124017715454,66277,66322.48,0,0.38,0.25,20,ONE_POINT,100,100,RANDOM,15
192,19300,63.389118671417236,66143,66200.64,0,0.38,0.25,20,ONE_POINT,100,100,RANDOM,15
193,19400,63.693193674087524,66085,66111.95,0,0.38,0.25,20,ONE_POINT,100,100,RANDOM,15
194,19500,64.02435255050659,65715,65744.62,0,0.38,0.25,20,ONE_POINT,100,100,RANDOM,15
195,19600,64.35820722579956,65460,65479.0,0,0.38,0.25,20,ONE_POINT,100,100,RANDOM,15
196,19700,64.66586351394653,65331,65457.02,0,0.38,0.25,20,ONE_POINT,100,100,RANDOM,15
197,19800,64.97678256034851,65228,65235.9,0,0.38,0.25,20,ONE_POINT,100,100,RANDOM,15
198,19900,65.28869223594666,65121,65160.0,0,0.38,0.25,20,ONE_POINT,100,100,RANDOM,15
199,20000,65.60097479820251,65030,65052.87,0,0.38,0.25,20,ONE_POINT,100,100,RANDOM,15
200,20100,65.95856857299805,64791,64806.88,0,0.38,0.25,20,ONE_POINT,100,100,RANDOM,15
201,20200,66.30075454711914,64465,64501.64,0,0.38,0.25,20,ONE_POINT,100,100,RANDOM,15
202,20300,66.6452808380127,64279,64290.83,0,0.38,0.25,20,ONE_POINT,100,100,RANDOM,15
203,20400,67.01283955574036,64133,64145.49,0,0.38,0.25,20,ONE_POINT,100,100,RANDOM,15
204,20500,67.3801748752594,63828,63872.79,0,0.38,0.25,20,ONE_POINT,100,100,RANDOM,15
205,20600,67.72312498092651,63729,63752.12,0,0.38,0.25,20,ONE_POINT,100,100,RANDOM,15
206,20700,68.08239960670471,63276,63337.62,0,0.38,0.25,20,ONE_POINT,100,100,RANDOM,15
207,20800,68.39397358894348,63102,63121.77,0,0.38,0.25,20,ONE_POINT,100,100,RANDOM,15
208,20900,68.70714545249939,62869,62887.17,0,0.38,0.25,20,ONE_POINT,100,100,RANDOM,15
209,21000,69.06833267211914,62727,62816.2,0,0.38,0.25,20,ONE_POINT,100,100,RANDOM,15
210,21100,69.36496257781982,62573,62707.28,0,0.38,0.25,20,ONE_POINT,100,100,RANDOM,15
211,21200,69.6834864616394,62135,62169.32,0,0.38,0.25,20,ONE_POINT,100,100,RANDOM,15
212,21300,69.99161267280579,61758,61817.48,0,0.38,0.25,20,ONE_POINT,100,100,RANDOM,15
213,21400,70.32248950004578,61622,61636.62,0,0.38,0.25,20,ONE_POINT,100,100,RANDOM,15
214,21500,70.65912199020386,61529,61540.16,0,0.38,0.25,20,ONE_POINT,100,100,RANDOM,15
215,21600,70.99015736579895,61393,61418.69,0,0.38,0.25,20,ONE_POINT,100,100,RANDOM,15
216,21700,71.29814052581787,61275,61284.12,0,0.38,0.25,20,ONE_POINT,100,100,RANDOM,15
217,21800,71.61329460144043,61100,61112.23,0,0.38,0.25,20,ONE_POINT,100,100,RANDOM,15
218,21900,71.92891216278076,61044,61054.66,0,0.38,0.25,20,ONE_POINT,100,100,RANDOM,15
219,22000,72.25401329994202,60920,60952.95,0,0.38,0.25,20,ONE_POINT,100,100,RANDOM,15
220,22100,72.55545926094055,60845,60905.33,0,0.38,0.25,20,ONE_POINT,100,100,RANDOM,15
221,22200,72.90293097496033,60765,60776.84,0,0.38,0.25,20,ONE_POINT,100,100,RANDOM,15
222,22300,73.20886945724487,60595,60612.89,0,0.38,0.25,20,ONE_POINT,100,100,RANDOM,15
223,22400,73.52146697044373,60356,60376.13,0,0.38,0.25,20,ONE_POINT,100,100,RANDOM,15
224,22500,73.82839798927307,60203,60292.68,0,0.38,0.25,20,ONE_POINT,100,100,RANDOM,15
225,22600,74.15344190597534,60075,60087.43,0,0.38,0.25,20,ONE_POINT,100,100,RANDOM,15
226,22700,74.45400214195251,59983,59993.47,0,0.38,0.25,20,ONE_POINT,100,100,RANDOM,15
227,22800,74.7563545703888,59878,59887.32,0,0.38,0.25,20,ONE_POINT,100,100,RANDOM,15
228,22900,75.095055103302,59773,59786.94,0,0.38,0.25,20,ONE_POINT,100,100,RANDOM,15
229,23000,75.43362879753113,59485,59635.39,0,0.38,0.25,20,ONE_POINT,100,100,RANDOM,15
230,23100,75.7767436504364,59389,59398.05,0,0.38,0.25,20,ONE_POINT,100,100,RANDOM,15
231,23200,76.11390352249146,59233,59269.8,0,0.38,0.25,20,ONE_POINT,100,100,RANDOM,15
232,23300,76.4172694683075,59124,59152.07,0,0.38,0.25,20,ONE_POINT,100,100,RANDOM,15
233,23400,76.74926543235779,58942,58980.1,0,0.38,0.25,20,ONE_POINT,100,100,RANDOM,15
234,23500,77.1001513004303,58757,58799.74,0,0.38,0.25,20,ONE_POINT,100,100,RANDOM,15
235,23600,77.45101070404053,58705,58710.46,0,0.38,0.25,20,ONE_POINT,100,100,RANDOM,15
236,23700,77.81459665298462,58658,58697.78,0,0.38,0.25,20,ONE_POINT,100,100,RANDOM,15
237,23800,78.146977186203,58607,58634.78,0,0.38,0.25,20,ONE_POINT,100,100,RANDOM,15
238,23900,78.47630548477173,58410,58428.57,0,0.38,0.25,20,ONE_POINT,100,100,RANDOM,15
239,24000,78.8327693939209,58324,58338.04,0,0.38,0.25,20,ONE_POINT,100,100,RANDOM,15
240,24100,79.15855669975281,58231,58266.46,0,0.38,0.25,20,ONE_POINT,100,100,RANDOM,15
241,24200,79.47732877731323,58072,58107.7,0,0.38,0.25,20,ONE_POINT,100,100,RANDOM,15
242,24300,79.80149221420288,57948,57959.2,0,0.38,0.25,20,ONE_POINT,100,100,RANDOM,15
243,24400,80.12184619903564,57875,57880.69,0,0.38,0.25,20,ONE_POINT,100,100,RANDOM,15
244,24500,80.46674275398254,57815,57830.26,0,0.38,0.25,20,ONE_POINT,100,100,RANDOM,15
245,24600,80.79515337944031,57698,57711.13,0,0.38,0.25,20,ONE_POINT,100,100,RANDOM,15
246,24700,81.14736151695251,57563,57582.25,0,0.38,0.25,20,ONE_POINT,100,100,RANDOM,15
247,24800,81.46136546134949,57461,57482.61,0,0.38,0.25,20,ONE_POINT,100,100,RANDOM,15
248,24900,81.77550268173218,57394,57412.32,0,0.38,0.25,20,ONE_POINT,100,100,RANDOM,15
249,25000,82.10738587379456,57306,57318.31,0,0.38,0.25,20,ONE_POINT,100,100,RANDOM,15
250,25100,82.41240358352661,57225,57278.15,0,0.38,0.25,20,ONE_POINT,100,100,RANDOM,15
251,25200,82.7634642124176,57150,57172.92,0,0.38,0.25,20,ONE_POINT,100,100,RANDOM,15
252,25300,83.09317255020142,57082,57098.04,0,0.38,0.25,20,ONE_POINT,100,100,RANDOM,15
253,25400,83.42124819755554,56778,56937.54,0,0.38,0.25,20,ONE_POINT,100,100,RANDOM,15
254,25500,83.71850538253784,56591,56617.98,0,0.38,0.25,20,ONE_POINT,100,100,RANDOM,15
255,25600,84.03580617904663,56498,56517.72,0,0.38,0.25,20,ONE_POINT,100,100,RANDOM,15
256,25700,84.36671710014343,56359,56443.15,0,0.38,0.25,20,ONE_POINT,100,100,RANDOM,15
257,25800,84.7086615562439,56267,56290.73,0,0.38,0.25,20,ONE_POINT,100,100,RANDOM,15
258,25900,85.07852697372437,56168,56214.37,0,0.38,0.25,20,ONE_POINT,100,100,RANDOM,15
259,26000,85.37859559059143,55978,56012.27,0,0.38,0.25,20,ONE_POINT,100,100,RANDOM,15
260,26100,85.72369408607483,55757,55778.94,0,0.38,0.25,20,ONE_POINT,100,100,RANDOM,15
261,26200,86.03245449066162,55640,55659.34,0,0.38,0.25,20,ONE_POINT,100,100,RANDOM,15
262,26300,86.36951756477356,55441,55471.85,0,0.38,0.25,20,ONE_POINT,100,100,RANDOM,15
263,26400,86.67895221710205,55363,55387.21,0,0.38,0.25,20,ONE_POINT,100,100,RANDOM,15
264,26500,87.03295612335205,55271,55295.28,0,0.38,0.25,20,ONE_POINT,100,100,RANDOM,15
265,26600,87.36707663536072,55196,55207.76,0,0.38,0.25,20,ONE_POINT,100,100,RANDOM,15
266,26700,87.66216588020325,55102,55141.34,0,0.38,0.25,20,ONE_POINT,100,100,RANDOM,15
267,26800,88.00447463989258,55045,55071.18,0,0.38,0.25,20,ONE_POINT,100,100,RANDOM,15
268,26900,88.32681488990784,54920,54946.3,0,0.38,0.25,20,ONE_POINT,100,100,RANDOM,15
269,27000,88.6401047706604,54845,54903.79,0,0.38,0.25,20,ONE_POINT,100,100,RANDOM,15
270,27100,88.96417307853699,54718,54727.66,0,0.38,0.25,20,ONE_POINT,100,100,RANDOM,15
271,27200,89.32530641555786,54597,54763.57,0,0.38,0.25,20,ONE_POINT,100,100,RANDOM,15
272,27300,89.6600387096405,54484,54505.22,0,0.38,0.25,20,ONE_POINT,100,100,RANDOM,15
273,27400,89.96123313903809,54299,54314.21,0,0.38,0.25,20,ONE_POINT,100,100,RANDOM,15
274,27500,90.28364944458008,54177,54191.65,0,0.38,0.25,20,ONE_POINT,100,100,RANDOM,15
275,27600,90.57545232772827,54040,54050.96,0,0.38,0.25,20,ONE_POINT,100,100,RANDOM,15
276,27700,90.91082334518433,53960,53970.83,0,0.38,0.25,20,ONE_POINT,100,100,RANDOM,15
277,27800,91.24608778953552,53833,53843.73,0,0.38,0.25,20,ONE_POINT,100,100,RANDOM,15
278,27900,91.60286498069763,53763,53769.46,0,0.38,0.25,20,ONE_POINT,100,100,RANDOM,15
279,28000,91.96518063545227,53737,53765.47,0,0.38,0.25,20,ONE_POINT,100,100,RANDOM,15
280,28100,92.29482364654541,53622,53631.67,0,0.38,0.25,20,ONE_POINT,100,100,RANDOM,15
281,28200,92.63561844825745,53551,53559.66,0,0.38,0.25,20,ONE_POINT,100,100,RANDOM,15
282,28300,92.96407556533813,53430,53463.04,0,0.38,0.25,20,ONE_POINT,100,100,RANDOM,15
283,28400,93.31840562820435,53379,53394.3,0,0.38,0.25,20,ONE_POINT,100,100,RANDOM,15
284,28500,93.66481971740723,53302,53311.44,0,0.38,0.25,20,ONE_POINT,100,100,RANDOM,15
285,28600,93.9977777004242,53265,53267.59,0,0.38,0.25,20,ONE_POINT,100,100,RANDOM,15
286,28700,94.32392573356628,53209,53233.49,0,0.38,0.25,20,ONE_POINT,100,100,RANDOM,15
287,28800,94.68753385543823,53077,53089.09,0,0.38,0.25,20,ONE_POINT,100,100,RANDOM,15
288,28900,95.05508065223694,52994,53030.03,0,0.38,0.25,20,ONE_POINT,100,100,RANDOM,15
289,29000,95.35500860214233,52858,52869.77,0,0.38,0.25,20,ONE_POINT,100,100,RANDOM,15
290,29100,95.67722964286804,52787,52824.7,0,0.38,0.25,20,ONE_POINT,100,100,RANDOM,15
291,29200,95.9934413433075,52662,52685.7,0,0.38,0.25,20,ONE_POINT,100,100,RANDOM,15
292,29300,96.33103466033936,52552,52564.75,0,0.38,0.25,20,ONE_POINT,100,100,RANDOM,15
293,29400,96.64733839035034,52460,52479.47,0,0.38,0.25,20,ONE_POINT,100,100,RANDOM,15
294,29500,97.00712394714355,52375,52390.8,0,0.38,0.25,20,ONE_POINT,100,100,RANDOM,15
295,29600,97.38292932510376,52258,52286.34,0,0.38,0.25,20,ONE_POINT,100,100,RANDOM,15
296,29700,97.74486470222473,52159,52189.68,0,0.38,0.25,20,ONE_POINT,100,100,RANDOM,15
297,29800,98.07633304595947,52078,52137.29,0,0.38,0.25,20,ONE_POINT,100,100,RANDOM,15
298,29900,98.42092037200928,51943,51958.22,0,0.38,0.25,20,ONE_POINT,100,100,RANDOM,15
299,30000,98.72661066055298,51780,51796.34,0,0.38,0.25,20,ONE_POINT,100,100,RANDOM,15
300,30100,99.07953429222107,51666,51696.51,0,0.38,0.25,20,ONE_POINT,100,100,RANDOM,15
301,30200,99.40095233917236,51577,51586.75,0,0.38,0.25,20,ONE_POINT,100,100,RANDOM,15
302,30300,99.70543622970581,51540,51548.98,0,0.38,0.25,20,ONE_POINT,100,100,RANDOM,15
303,30400,100.08502054214478,51441,51455.74,0,0.38,0.25,20,ONE_POINT,100,100,RANDOM,15
304,30500,100.48836159706116,51339,51376.49,0,0.38,0.25,20,ONE_POINT,100,100,RANDOM,15
305,30600,100.8575849533081,51232,51244.45,0,0.38,0.25,20,ONE_POINT,100,100,RANDOM,15
306,30700,101.21308970451355,51139,51162.48,0,0.38,0.25,20,ONE_POINT,100,100,RANDOM,15
307,30800,101.5403082370758,51019,51034.55,0,0.38,0.25,20,ONE_POINT,100,100,RANDOM,15
308,30900,101.87447381019592,50977,50988.32,0,0.38,0.25,20,ONE_POINT,100,100,RANDOM,15
309,31000,102.19436812400818,50870,50879.3,0,0.38,0.25,20,ONE_POINT,100,100,RANDOM,15
310,31100,102.52171897888184,50822,50843.18,0,0.38,0.25,20,ONE_POINT,100,100,RANDOM,15
311,31200,102.86106753349304,50683,50712.83,0,0.38,0.25,20,ONE_POINT,100,100,RANDOM,15
312,31300,103.16781973838806,50656,50665.82,0,0.38,0.25,20,ONE_POINT,100,100,RANDOM,15
313,31400,103.49184155464172,50505,50517.08,0,0.38,0.25,20,ONE_POINT,100,100,RANDOM,15
314,31500,103.81345248222351,50085,50130.85,0,0.38,0.25,20,ONE_POINT,100,100,RANDOM,15
315,31600,104.1658833026886,49999,50024.01,0,0.38,0.25,20,ONE_POINT,100,100,RANDOM,15
316,31700,104.53636598587036,49893,50112.39,0,0.38,0.25,20,ONE_POINT,100,100,RANDOM,15
317,31800,104.89542770385742,49814,49822.96,0,0.38,0.25,20,ONE_POINT,100,100,RANDOM,15
318,31900,105.26218271255493,49724,49765.03,0,0.38,0.25,20,ONE_POINT,100,100,RANDOM,15
319,32000,105.58997845649719,49658,49709.74,0,0.38,0.25,20,ONE_POINT,100,100,RANDOM,15
320,32100,105.94036889076233,49569,49593.7,0,0.38,0.25,20,ONE_POINT,100,100,RANDOM,15
321,32200,106.29888844490051,49379,49393.61,0,0.38,0.25,20,ONE_POINT,100,100,RANDOM,15
322,32300,106.6193151473999,49290,49299.79,0,0.38,0.25,20,ONE_POINT,100,100,RANDOM,15
323,32400,106.95930790901184,49226,49473.4,0,0.38,0.25,20,ONE_POINT,100,100,RANDOM,15
324,32500,107.2651195526123,49148,49159.69,0,0.38,0.25,20,ONE_POINT,100,100,RANDOM,15
325,32600,107.58810186386108,49042,49074.13,0,0.38,0.25,20,ONE_POINT,100,100,RANDOM,15
326,32700,107.91214156150818,48976,49006.42,0,0.38,0.25,20,ONE_POINT,100,100,RANDOM,15
327,32800,108.23687624931335,48921,48931.75,0,0.38,0.25,20,ONE_POINT,100,100,RANDOM,15
328,32900,108.55347061157227,48797,48818.98,0,0.38,0.25,20,ONE_POINT,100,100,RANDOM,15
329,33000,108.86607551574707,48744,48749.3,0,0.38,0.25,20,ONE_POINT,100,100,RANDOM,15
330,33100,109.21390533447266,48733,48745.16,0,0.38,0.25,20,ONE_POINT,100,100,RANDOM,15
331,33200,109.56136965751648,48642,48652.48,0,0.38,0.25,20,ONE_POINT,100,100,RANDOM,15
332,33300,109.9111099243164,48587,48593.05,0,0.38,0.25,20,ONE_POINT,100,100,RANDOM,15
333,33400,110.23682904243469,48497,48510.42,0,0.38,0.25,20,ONE_POINT,100,100,RANDOM,15
334,33500,110.57598686218262,48389,48407.04,0,0.38,0.25,20,ONE_POINT,100,100,RANDOM,15
335,33600,110.88803052902222,48362,48372.82,0,0.38,0.25,20,ONE_POINT,100,100,RANDOM,15
336,33700,111.20713329315186,48252,48270.95,0,0.38,0.25,20,ONE_POINT,100,100,RANDOM,15
337,33800,111.55109572410583,48215,48227.61,0,0.38,0.25,20,ONE_POINT,100,100,RANDOM,15
338,33900,111.91603755950928,48121,48132.93,0,0.38,0.25,20,ONE_POINT,100,100,RANDOM,15
339,34000,112.27689361572266,48104,48107.12,0,0.38,0.25,20,ONE_POINT,100,100,RANDOM,15
340,34100,112.65866041183472,47954,47969.58,0,0.38,0.25,20,ONE_POINT,100,100,RANDOM,15
341,34200,112.99975776672363,47917,47943.88,0,0.38,0.25,20,ONE_POINT,100,100,RANDOM,15
342,34300,113.37360501289368,47882,47893.54,0,0.38,0.25,20,ONE_POINT,100,100,RANDOM,15
343,34400,113.7520215511322,47799,47820.52,0,0.38,0.25,20,ONE_POINT,100,100,RANDOM,15
344,34500,114.06223392486572,47777,47792.01,0,0.38,0.25,20,ONE_POINT,100,100,RANDOM,15
345,34600,114.38940095901489,47753,47766.03,0,0.38,0.25,20,ONE_POINT,100,100,RANDOM,15
346,34700,114.70170879364014,47681,47696.21,0,0.38,0.25,20,ONE_POINT,100,100,RANDOM,15
347,34800,115.04820084571838,47642,47671.33,0,0.38,0.25,20,ONE_POINT,100,100,RANDOM,15
348,34900,115.37942910194397,47555,47572.63,0,0.38,0.25,20,ONE_POINT,100,100,RANDOM,15
349,35000,115.71301531791687,47448,47460.46,0,0.38,0.25,20,ONE_POINT,100,100,RANDOM,15
350,35100,116.03307032585144,47387,47397.46,0,0.38,0.25,20,ONE_POINT,100,100,RANDOM,15
351,35200,116.33990263938904,47373,47376.04,0,0.38,0.25,20,ONE_POINT,100,100,RANDOM,15
352,35300,116.6573314666748,47360,47371.58,0,0.38,0.25,20,ONE_POINT,100,100,RANDOM,15
353,35400,116.9722695350647,47270,47278.94,0,0.38,0.25,20,ONE_POINT,100,100,RANDOM,15
354,35500,117.31378173828125,47245,47465.98,0,0.38,0.25,20,ONE_POINT,100,100,RANDOM,15
355,35600,117.63991189002991,47186,47233.62,0,0.38,0.25,20,ONE_POINT,100,100,RANDOM,15
356,35700,117.98774647712708,47102,47374.94,0,0.38,0.25,20,ONE_POINT,100,100,RANDOM,15
357,35800,118.31236624717712,46977,46996.89,0,0.38,0.25,20,ONE_POINT,100,100,RANDOM,15
358,35900,118.61659932136536,46868,46893.72,0,0.38,0.25,20,ONE_POINT,100,100,RANDOM,15
359,36000,118.98659038543701,46827,46841.94,0,0.38,0.25,20,ONE_POINT,100,100,RANDOM,15
360,36100,119.31258964538574,46767,46776.96,0,0.38,0.25,20,ONE_POINT,100,100,RANDOM,15
361,36200,119.65543174743652,46723,46737.32,0,0.38,0.25,20,ONE_POINT,100,100,RANDOM,15
362,36300,119.99159646034241,46613,46624.92,0,0.38,0.25,20,ONE_POINT,100,100,RANDOM,15
363,36400,120.29481387138367,46552,46561.72,0,0.38,0.25,20,ONE_POINT,100,100,RANDOM,15
364,36500,120.62338495254517,46483,46494.97,0,0.38,0.25,20,ONE_POINT,100,100,RANDOM,15
365,36600,120.95925092697144,46445,46452.68,0,0.38,0.25,20,ONE_POINT,100,100,RANDOM,15
366,36700,121.32790088653564,46299,46314.47,0,0.38,0.25,20,ONE_POINT,100,100,RANDOM,15
367,36800,121.66437768936157,46269,46289.07,0,0.38,0.25,20,ONE_POINT,100,100,RANDOM,15
368,36900,122.00156331062317,46197,46214.19,0,0.38,0.25,20,ONE_POINT,100,100,RANDOM,15
369,37000,122.34121441841125,46086,46098.41,0,0.38,0.25,20,ONE_POINT,100,100,RANDOM,15
370,37100,122.64251470565796,45974,45986.46,0,0.38,0.25,20,ONE_POINT,100,100,RANDOM,15
371,37200,123.01076984405518,45837,45857.44,0,0.38,0.25,20,ONE_POINT,100,100,RANDOM,15
372,37300,123.32536339759827,45741,45748.68,0,0.38,0.25,20,ONE_POINT,100,100,RANDOM,15
373,37400,123.7088406085968,45708,45716.07,0,0.38,0.25,20,ONE_POINT,100,100,RANDOM,15
374,37500,124.15372967720032,45646,45676.96,0,0.38,0.25,20,ONE_POINT,100,100,RANDOM,15
375,37600,124.52856111526489,45571,45580.84,0,0.38,0.25,20,ONE_POINT,100,100,RANDOM,15
376,37700,124.92628169059753,45493,45506.68,0,0.38,0.25,20,ONE_POINT,100,100,RANDOM,15
377,37800,125.30607604980469,45475,45480.66,0,0.38,0.25,20,ONE_POINT,100,100,RANDOM,15
378,37900,125.68800401687622,45257,45280.73,0,0.38,0.25,20,ONE_POINT,100,100,RANDOM,15
379,38000,126.04855108261108,45192,45207.62,0,0.38,0.25,20,ONE_POINT,100,100,RANDOM,15
380,38100,126.3944034576416,45128,45135.56,0,0.38,0.25,20,ONE_POINT,100,100,RANDOM,15
381,38200,126.75734448432922,45025,45034.21,0,0.38,0.25,20,ONE_POINT,100,100,RANDOM,15
382,38300,127.14356851577759,44944,44953.99,0,0.38,0.25,20,ONE_POINT,100,100,RANDOM,15
383,38400,127.4762818813324,44866,44878.1,0,0.38,0.25,20,ONE_POINT,100,100,RANDOM,15
384,38500,127.86096286773682,44816,44826.13,0,0.38,0.25,20,ONE_POINT,100,100,RANDOM,15
385,38600,128.27374172210693,44749,44757.77,0,0.38,0.25,20,ONE_POINT,100,100,RANDOM,15
386,38700,128.69458079338074,44698,44718.25,0,0.38,0.25,20,ONE_POINT,100,100,RANDOM,15
387,38800,129.10969305038452,44620,44632.49,0,0.38,0.25,20,ONE_POINT,100,100,RANDOM,15
388,38900,129.5308554172516,44580,44593.01,0,0.38,0.25,20,ONE_POINT,100,100,RANDOM,15
389,39000,129.88260865211487,44490,44501.1,0,0.38,0.25,20,ONE_POINT,100,100,RANDOM,15
390,39100,130.25507736206055,44414,44428.12,0,0.38,0.25,20,ONE_POINT,100,100,RANDOM,15
391,39200,130.64910888671875,44390,44398.62,0,0.38,0.25,20,ONE_POINT,100,100,RANDOM,15
392,39300,131.0364727973938,44329,44353.31,0,0.38,0.25,20,ONE_POINT,100,100,RANDOM,15
393,39400,131.46635031700134,44287,44298.94,0,0.38,0.25,20,ONE_POINT,100,100,RANDOM,15
394,39500,131.85898089408875,44178,44201.21,0,0.38,0.25,20,ONE_POINT,100,100,RANDOM,15
395,39600,132.2471103668213,44145,44166.22,0,0.38,0.25,20,ONE_POINT,100,100,RANDOM,15
396,39700,132.6164255142212,44095,44106.4,0,0.38,0.25,20,ONE_POINT,100,100,RANDOM,15
397,39800,133.0129153728485,44037,44044.63,0,0.38,0.25,20,ONE_POINT,100,100,RANDOM,15
398,39900,133.35236191749573,43978,43985.34,0,0.38,0.25,20,ONE_POINT,100,100,RANDOM,15
399,40000,133.7014992237091,43937,43947.06,0,0.38,0.25,20,ONE_POINT,100,100,RANDOM,15
400,40100,134.04144620895386,43892,43910.35,0,0.38,0.25,20,ONE_POINT,100,100,RANDOM,15
401,40200,134.42333960533142,43843,43852.98,0,0.38,0.25,20,ONE_POINT,100,100,RANDOM,15
402,40300,134.87605738639832,43794,43811.09,0,0.38,0.25,20,ONE_POINT,100,100,RANDOM,15
403,40400,135.2722363471985,43778,43781.09,0,0.38,0.25,20,ONE_POINT,100,100,RANDOM,15
404,40500,135.69396495819092,43698,43743.28,0,0.38,0.25,20,ONE_POINT,100,100,RANDOM,15
405,40600,136.0613808631897,43608,43667.46,0,0.38,0.25,20,ONE_POINT,100,100,RANDOM,15
406,40700,136.41967797279358,43484,43501.98,0,0.38,0.25,20,ONE_POINT,100,100,RANDOM,15
407,40800,136.81048941612244,43285,43305.42,0,0.38,0.25,20,ONE_POINT,100,100,RANDOM,15
408,40900,137.2153844833374,43179,43200.21,0,0.38,0.25,20,ONE_POINT,100,100,RANDOM,15
409,41000,137.61022877693176,43098,43120.95,0,0.38,0.25,20,ONE_POINT,100,100,RANDOM,15
410,41100,138.0422968864441,43027,43044.98,0,0.38,0.25,20,ONE_POINT,100,100,RANDOM,15
411,41200,138.4715497493744,42928,42947.69,0,0.38,0.25,20,ONE_POINT,100,100,RANDOM,15
412,41300,138.8838803768158,42892,43055.02,0,0.38,0.25,20,ONE_POINT,100,100,RANDOM,15
413,41400,139.2956428527832,42816,42832.4,0,0.38,0.25,20,ONE_POINT,100,100,RANDOM,15
414,41500,139.66191983222961,42698,42803.64,0,0.38,0.25,20,ONE_POINT,100,100,RANDOM,15
415,41600,140.0982801914215,42660,42665.4,0,0.38,0.25,20,ONE_POINT,100,100,RANDOM,15
416,41700,140.50526666641235,42579,42587.48,0,0.38,0.25,20,ONE_POINT,100,100,RANDOM,15
417,41800,140.94475746154785,42549,42554.04,0,0.38,0.25,20,ONE_POINT,100,100,RANDOM,15
418,41900,141.36484789848328,42488,42505.3,0,0.38,0.25,20,ONE_POINT,100,100,RANDOM,15
419,42000,141.72176790237427,42413,42432.5,0,0.38,0.25,20,ONE_POINT,100,100,RANDOM,15
420,42100,142.15369606018066,42332,42352.4,0,0.38,0.25,20,ONE_POINT,100,100,RANDOM,15
421,42200,142.52079033851624,42298,42318.08,0,0.38,0.25,20,ONE_POINT,100,100,RANDOM,15
422,42300,142.8647608757019,42258,42262.47,0,0.38,0.25,20,ONE_POINT,100,100,RANDOM,15
423,42400,143.2225308418274,42190,42212.05,0,0.38,0.25,20,ONE_POINT,100,100,RANDOM,15
424,42500,143.61048769950867,42148,42158.32,0,0.38,0.25,20,ONE_POINT,100,100,RANDOM,15
425,42600,143.9781002998352,42080,42098.1,0,0.38,0.25,20,ONE_POINT,100,100,RANDOM,15
426,42700,144.34749293327332,41933,41946.39,0,0.38,0.25,20,ONE_POINT,100,100,RANDOM,15
427,42800,144.71479630470276,41893,41900.04,0,0.38,0.25,20,ONE_POINT,100,100,RANDOM,15
428,42900,145.10803031921387,41880,41883.04,0,0.38,0.25,20,ONE_POINT,100,100,RANDOM,15
429,43000,145.47863364219666,41747,41764.14,0,0.38,0.25,20,ONE_POINT,100,100,RANDOM,15
430,43100,145.8314425945282,41686,41709.95,0,0.38,0.25,20,ONE_POINT,100,100,RANDOM,15
431,43200,146.18559074401855,41636,41676.29,0,0.38,0.25,20,ONE_POINT,100,100,RANDOM,15
432,43300,146.56093835830688,41546,41559.33,0,0.38,0.25,20,ONE_POINT,100,100,RANDOM,15
433,43400,146.94970631599426,41518,41532.27,0,0.38,0.25,20,ONE_POINT,100,100,RANDOM,15
434,43500,147.3242154121399,41486,41515.87,0,0.38,0.25,20,ONE_POINT,100,100,RANDOM,15
435,43600,147.7210395336151,41449,41455.43,0,0.38,0.25,20,ONE_POINT,100,100,RANDOM,15
436,43700,148.11088132858276,41388,41407.27,0,0.38,0.25,20,ONE_POINT,100,100,RANDOM,15
437,43800,148.46245956420898,41345,41351.5,0,0.38,0.25,20,ONE_POINT,100,100,RANDOM,15
438,43900,148.84734296798706,41281,41292.67,0,0.38,0.25,20,ONE_POINT,100,100,RANDOM,15
439,44000,149.19995522499084,41189,41214.03,0,0.38,0.25,20,ONE_POINT,100,100,RANDOM,15
440,44100,149.53505182266235,41111,41126.29,0,0.38,0.25,20,ONE_POINT,100,100,RANDOM,15
441,44200,149.90549182891846,41053,41063.71,0,0.38,0.25,20,ONE_POINT,100,100,RANDOM,15
442,44300,150.25620293617249,41034,41046.24,0,0.38,0.25,20,ONE_POINT,100,100,RANDOM,15
443,44400,150.57753896713257,40910,40921.73,0,0.38,0.25,20,ONE_POINT,100,100,RANDOM,15
444,44500,150.93827366828918,40909,40944.15,0,0.38,0.25,20,ONE_POINT,100,100,RANDOM,15
445,44600,151.29139709472656,40896,40914.48,0,0.38,0.25,20,ONE_POINT,100,100,RANDOM,15
446,44700,151.6588740348816,40838,40848.18,0,0.38,0.25,20,ONE_POINT,100,100,RANDOM,15
447,44800,152.02603387832642,40761,40769.94,0,0.38,0.25,20,ONE_POINT,100,100,RANDOM,15
448,44900,152.38898038864136,40693,40710.57,0,0.38,0.25,20,ONE_POINT,100,100,RANDOM,15
449,45000,152.68801093101501,40654,40694.59,0,0.38,0.25,20,ONE_POINT,100,100,RANDOM,15
450,45100,153.0308392047882,40622,40634.31,0,0.38,0.25,20,ONE_POINT,100,100,RANDOM,15
451,45200,153.36645698547363,40574,40581.83,0,0.38,0.25,20,ONE_POINT,100,100,RANDOM,15
452,45300,153.67196249961853,40535,40554.84,0,0.38,0.25,20,ONE_POINT,100,100,RANDOM,15
453,45400,154.00696754455566,40494,40511.19,0,0.38,0.25,20,ONE_POINT,100,100,RANDOM,15
454,45500,154.3613476753235,40453,40471.16,0,0.38,0.25,20,ONE_POINT,100,100,RANDOM,15
455,45600,154.71471452713013,40406,40417.56,0,0.38,0.25,20,ONE_POINT,100,100,RANDOM,15
456,45700,155.0559642314911,40345,40356.05,0,0.38,0.25,20,ONE_POINT,100,100,RANDOM,15
457,45800,155.386225938797,40227,40257.26,0,0.38,0.25,20,ONE_POINT,100,100,RANDOM,15
458,45900,155.7158682346344,40179,40190.88,0,0.38,0.25,20,ONE_POINT,100,100,RANDOM,15
459,46000,156.01972103118896,40175,40187.97,0,0.38,0.25,20,ONE_POINT,100,100,RANDOM,15
460,46100,156.37281370162964,40116,40127.07,0,0.38,0.25,20,ONE_POINT,100,100,RANDOM,15
461,46200,156.6971070766449,40075,40084.52,0,0.38,0.25,20,ONE_POINT,100,100,RANDOM,15
462,46300,157.02567052841187,40036,40043.58,0,0.38,0.25,20,ONE_POINT,100,100,RANDOM,15
463,46400,157.3651521205902,39993,40005.12,0,0.38,0.25,20,ONE_POINT,100,100,RANDOM,15
464,46500,157.70250177383423,39939,39960.89,0,0.38,0.25,20,ONE_POINT,100,100,RANDOM,15
465,46600,158.0185317993164,39906,39911.96,0,0.38,0.25,20,ONE_POINT,100,100,RANDOM,15
466,46700,158.34638261795044,39823,39835.39,0,0.38,0.25,20,ONE_POINT,100,100,RANDOM,15
467,46800,158.67142629623413,39768,39785.68,0,0.38,0.25,20,ONE_POINT,100,100,RANDOM,15
468,46900,159.00791239738464,39719,39726.47,0,0.38,0.25,20,ONE_POINT,100,100,RANDOM,15
469,47000,159.31922817230225,39656,39717.35,0,0.38,0.25,20,ONE_POINT,100,100,RANDOM,15
470,47100,159.6351478099823,39622,39640.67,0,0.38,0.25,20,ONE_POINT,100,100,RANDOM,15
471,47200,159.9831657409668,39587,39595.37,0,0.38,0.25,20,ONE_POINT,100,100,RANDOM,15
472,47300,160.3171670436859,39570,39582.14,0,0.38,0.25,20,ONE_POINT,100,100,RANDOM,15
473,47400,160.64269876480103,39551,39565.9,0,0.38,0.25,20,ONE_POINT,100,100,RANDOM,15
474,47500,161.00459551811218,39509,39521.0,0,0.38,0.25,20,ONE_POINT,100,100,RANDOM,15
475,47600,161.3110592365265,39453,39481.4,0,0.38,0.25,20,ONE_POINT,100,100,RANDOM,15
476,47700,161.65287923812866,39433,39436.59,0,0.38,0.25,20,ONE_POINT,100,100,RANDOM,15
477,47800,161.98513507843018,39345,39359.41,0,0.38,0.25,20,ONE_POINT,100,100,RANDOM,15
478,47900,162.29133892059326,39319,39327.02,0,0.38,0.25,20,ONE_POINT,100,100,RANDOM,15
479,48000,162.63800287246704,39274,39291.97,0,0.38,0.25,20,ONE_POINT,100,100,RANDOM,15
480,48100,162.96680974960327,39251,39260.15,0,0.38,0.25,20,ONE_POINT,100,100,RANDOM,15
481,48200,163.274658203125,39228,39239.58,0,0.38,0.25,20,ONE_POINT,100,100,RANDOM,15
482,48300,163.61587834358215,39206,39210.99,0,0.38,0.25,20,ONE_POINT,100,100,RANDOM,15
483,48400,163.93549418449402,39125,39142.52,0,0.38,0.25,20,ONE_POINT,100,100,RANDOM,15
484,48500,164.24933409690857,39099,39104.13,0,0.38,0.25,20,ONE_POINT,100,100,RANDOM,15
485,48600,164.60758543014526,39071,39082.48,0,0.38,0.25,20,ONE_POINT,100,100,RANDOM,15
486,48700,164.95039200782776,38952,38972.43,0,0.38,0.25,20,ONE_POINT,100,100,RANDOM,15
487,48800,165.25007510185242,38880,38913.27,0,0.38,0.25,20,ONE_POINT,100,100,RANDOM,15
488,48900,165.58149981498718,38851,38856.26,0,0.38,0.25,20,ONE_POINT,100,100,RANDOM,15
489,49000,165.92581033706665,38814,38821.64,0,0.38,0.25,20,ONE_POINT,100,100,RANDOM,15
490,49100,166.24219298362732,38677,38697.13,0,0.38,0.25,20,ONE_POINT,100,100,RANDOM,15
491,49200,166.58886528015137,38632,38640.17,0,0.38,0.25,20,ONE_POINT,100,100,RANDOM,15
492,49300,166.93127274513245,38623,38649.69,0,0.38,0.25,20,ONE_POINT,100,100,RANDOM,15
493,49400,167.23437881469727,38588,38600.4,0,0.38,0.25,20,ONE_POINT,100,100,RANDOM,15
494,49500,167.57627296447754,38535,38547.17,0,0.38,0.25,20,ONE_POINT,100,100,RANDOM,15
495,49600,167.91295409202576,38511,38516.37,0,0.38,0.25,20,ONE_POINT,100,100,RANDOM,15
496,49700,168.27022337913513,38484,38505.36,0,0.38,0.25,20,ONE_POINT,100,100,RANDOM,15
497,49800,168.62053894996643,38437,38480.16,0,0.38,0.25,20,ONE_POINT,100,100,RANDOM,15
498,49900,168.99207425117493,38413,38422.7,0,0.38,0.25,20,ONE_POINT,100,100,RANDOM,15
499,50000,169.31098699569702,38341,38355.56,0,0.38,0.25,20,ONE_POINT,100,100,RANDOM,15
500,50100,169.63233280181885,38265,38277.15,0,0.38,0.25,20,ONE_POINT,100,100,RANDOM,15
1,200,0.1939706802368164,138515,135515.77,0,0.38,0.25,20,ONE_POINT,100,100,RANDOM,16
2,300,0.6399009227752686,134028,134067.39,0,0.38,0.25,20,ONE_POINT,100,100,RANDOM,16
3,400,0.9909572601318359,133163,133197.6,0,0.38,0.25,20,ONE_POINT,100,100,RANDOM,16
4,500,1.352569818496704,132368,132396.68,0,0.38,0.25,20,ONE_POINT,100,100,RANDOM,16
5,600,1.7443339824676514,131498,131549.4,0,0.38,0.25,20,ONE_POINT,100,100,RANDOM,16
6,700,2.1184475421905518,130697,130721.03,0,0.38,0.25,20,ONE_POINT,100,100,RANDOM,16
7,800,2.4525434970855713,130057,130080.98,0,0.38,0.25,20,ONE_POINT,100,100,RANDOM,16
8,900,2.7870032787323,129228,129261.16,0,0.38,0.25,20,ONE_POINT,100,100,RANDOM,16
9,1000,3.147317409515381,128002,128031.03,0,0.38,0.25,20,ONE_POINT,100,100,RANDOM,16
10,1100,3.483260154724121,127120,127177.41,0,0.38,0.25,20,ONE_POINT,100,100,RANDOM,16
11,1200,3.8464934825897217,126684,126710.24,0,0.38,0.25,20,ONE_POINT,100,100,RANDOM,16
12,1300,4.14684796333313,126318,126357.33,0,0.38,0.25,20,ONE_POINT,100,100,RANDOM,16
13,1400,4.456782102584839,125512,125584.93,0,0.38,0.25,20,ONE_POINT,100,100,RANDOM,16
14,1500,4.794544696807861,124755,124785.28,0,0.38,0.25,20,ONE_POINT,100,100,RANDOM,16
15,1600,5.121996164321899,124404,124422.01,0,0.38,0.25,20,ONE_POINT,100,100,RANDOM,16
16,1700,5.4804465770721436,123470,123516.7,0,0.38,0.25,20,ONE_POINT,100,100,RANDOM,16
17,1800,5.8210508823394775,122536,122567.13,0,0.38,0.25,20,ONE_POINT,100,100,RANDOM,16
18,1900,6.162304162979126,121474,121522.97,0,0.38,0.25,20,ONE_POINT,100,100,RANDOM,16
19,2000,6.522573471069336,120585,120629.44,0,0.38,0.25,20,ONE_POINT,100,100,RANDOM,16
20,2100,6.874795436859131,120038,120087.24,0,0.38,0.25,20,ONE_POINT,100,100,RANDOM,16
21,2200,7.219982624053955,119271,119305.77,0,0.38,0.25,20,ONE_POINT,100,100,RANDOM,16
22,2300,7.547555208206177,118500,118530.84,0,0.38,0.25,20,ONE_POINT,100,100,RANDOM,16
23,2400,7.879608869552612,117791,117825.41,0,0.38,0.25,20,ONE_POINT,100,100,RANDOM,16
24,2500,8.215160846710205,117438,117563.22,0,0.38,0.25,20,ONE_POINT,100,100,RANDOM,16
25,2600,8.508016347885132,116934,116959.6,0,0.38,0.25,20,ONE_POINT,100,100,RANDOM,16
26,2700,8.85731315612793,116573,116705.73,0,0.38,0.25,20,ONE_POINT,100,100,RANDOM,16
27,2800,9.236662149429321,115953,116011.91,0,0.38,0.25,20,ONE_POINT,100,100,RANDOM,16
28,2900,9.558109283447266,115416,115531.3,0,0.38,0.25,20,ONE_POINT,100,100,RANDOM,16
29,3000,9.89880633354187,114976,114992.7,0,0.38,0.25,20,ONE_POINT,100,100,RANDOM,16
30,3100,10.258607149124146,114186,114220.74,0,0.38,0.25,20,ONE_POINT,100,100,RANDOM,16
31,3200,10.6211256980896,113730,113751.65,0,0.38,0.25,20,ONE_POINT,100,100,RANDOM,16
32,3300,10.984164714813232,113313,113344.18,0,0.38,0.25,20,ONE_POINT,100,100,RANDOM,16
33,3400,11.285018920898438,112971,113055.57,0,0.38,0.25,20,ONE_POINT,100,100,RANDOM,16
34,3500,11.645251274108887,112411,112434.16,0,0.38,0.25,20,ONE_POINT,100,100,RANDOM,16
35,3600,11.947484493255615,111938,111968.09,0,0.38,0.25,20,ONE_POINT,100,100,RANDOM,16
36,3700,12.306726932525635,111159,111190.52,0,0.38,0.25,20,ONE_POINT,100,100,RANDOM,16
37,3800,12.648146152496338,110872,110890.75,0,0.38,0.25,20,ONE_POINT,100,100,RANDOM,16
38,3900,12.979191064834595,109528,109583.28,0,0.38,0.25,20,ONE_POINT,100,100,RANDOM,16
39,4000,13.339867353439331,109231,109246.27,0,0.38,0.25,20,ONE_POINT,100,100,RANDOM,16
40,4100,13.662092924118042,108573,108627.68,0,0.38,0.25,20,ONE_POINT,100,100,RANDOM,16
41,4200,14.005232095718384,108091,108113.02,0,0.38,0.25,20,ONE_POINT,100,100,RANDOM,16
42,4300,14.349616050720215,107632,107708.66,0,0.38,0.25,20,ONE_POINT,100,100,RANDOM,16
43,4400,14.728970527648926,107168,107195.57,0,0.38,0.25,20,ONE_POINT,100,100,RANDOM,16
44,4500,15.067241668701172,106862,106891.71,0,0.38,0.25,20,ONE_POINT,100,100,RANDOM,16
45,4600,15.417809963226318,106485,106523.29,0,0.38,0.25,20,ONE_POINT,100,100,RANDOM,16
46,4700,15.75987434387207,106148,106161.7,0,0.38,0.25,20,ONE_POINT,100,100,RANDOM,16
47,4800,16.092348098754883,105979,106014.04,0,0.38,0.25,20,ONE_POINT,100,100,RANDOM,16
48,4900,16.40287494659424,105456,105476.9,0,0.38,0.25,20,ONE_POINT,100,100,RANDOM,16
49,5000,16.73058319091797,105103,105121.51,0,0.38,0.25,20,ONE_POINT,100,100,RANDOM,16
50,5100,17.076535940170288,104644,104681.99,0,0.38,0.25,20,ONE_POINT,100,100,RANDOM,16
51,5200,17.4373037815094,104422,104434.73,0,0.38,0.25,20,ONE_POINT,100,100,RANDOM,16
52,5300,17.792166471481323,103795,103833.89,0,0.38,0.25,20,ONE_POINT,100,100,RANDOM,16
53,5400,18.15424108505249,103473,103505.32,0,0.38,0.25,20,ONE_POINT,100,100,RANDOM,16
54,5500,18.480352878570557,102996,103019.85,0,0.38,0.25,20,ONE_POINT,100,100,RANDOM,16
55,5600,18.845035791397095,102712,102743.7,0,0.38,0.25,20,ONE_POINT,100,100,RANDOM,16
56,5700,19.174449682235718,102463,102477.38,0,0.38,0.25,20,ONE_POINT,100,100,RANDOM,16
57,5800,19.497276544570923,102180,102205.43,0,0.38,0.25,20,ONE_POINT,100,100,RANDOM,16
58,5900,19.80697274208069,101989,102000.87,0,0.38,0.25,20,ONE_POINT,100,100,RANDOM,16
59,6000,20.157740831375122,101725,101741.77,0,0.38,0.25,20,ONE_POINT,100,100,RANDOM,16
60,6100,20.477669954299927,101259,101286.04,0,0.38,0.25,20,ONE_POINT,100,100,RANDOM,16
61,6200,20.82081389427185,101004,101024.95,0,0.38,0.25,20,ONE_POINT,100,100,RANDOM,16
62,6300,21.124756336212158,100219,100265.78,0,0.38,0.25,20,ONE_POINT,100,100,RANDOM,16
63,6400,21.457754135131836,99849,99884.72,0,0.38,0.25,20,ONE_POINT,100,100,RANDOM,16
64,6500,21.82062315940857,99621,99633.87,0,0.38,0.25,20,ONE_POINT,100,100,RANDOM,16
65,6600,22.149409532546997,99147,99165.38,0,0.38,0.25,20,ONE_POINT,100,100,RANDOM,16
66,6700,22.467692136764526,98705,98757.43,0,0.38,0.25,20,ONE_POINT,100,100,RANDOM,16
67,6800,22.82500696182251,98435,98449.55,0,0.38,0.25,20,ONE_POINT,100,100,RANDOM,16
68,6900,23.17350172996521,97902,97924.25,0,0.38,0.25,20,ONE_POINT,100,100,RANDOM,16
69,7000,23.499048233032227,97583,97605.04,0,0.38,0.25,20,ONE_POINT,100,100,RANDOM,16
70,7100,23.842987060546875,97311,97327.79,0,0.38,0.25,20,ONE_POINT,100,100,RANDOM,16
71,7200,24.180439233779907,96924,96938.73,0,0.38,0.25,20,ONE_POINT,100,100,RANDOM,16
72,7300,24.512084245681763,96574,96638.71,0,0.38,0.25,20,ONE_POINT,100,100,RANDOM,16
73,7400,24.845144510269165,96373,96399.85,0,0.38,0.25,20,ONE_POINT,100,100,RANDOM,16
74,7500,25.178420782089233,95453,95490.04,0,0.38,0.25,20,ONE_POINT,100,100,RANDOM,16
75,7600,25.521257638931274,94969,94988.39,0,0.38,0.25,20,ONE_POINT,100,100,RANDOM,16
76,7700,25.85635232925415,94683,94697.6,0,0.38,0.25,20,ONE_POINT,100,100,RANDOM,16
77,7800,26.211904525756836,94546,94556.65,0,0.38,0.25,20,ONE_POINT,100,100,RANDOM,16
78,7900,26.564475536346436,94089,94105.73,0,0.38,0.25,20,ONE_POINT,100,100,RANDOM,16
79,8000,26.902242183685303,93749,93780.11,0,0.38,0.25,20,ONE_POINT,100,100,RANDOM,16
80,8100,27.252158880233765,93369,93384.2,0,0.38,0.25,20,ONE_POINT,100,100,RANDOM,16
81,8200,27.595821380615234,93037,93062.6,0,0.38,0.25,20,ONE_POINT,100,100,RANDOM,16
82,8300,27.95582866668701,92630,92654.32,0,0.38,0.25,20,ONE_POINT,100,100,RANDOM,16
83,8400,28.258963108062744,92501,92526.63,0,0.38,0.25,20,ONE_POINT,100,100,RANDOM,16
84,8500,28.577908754348755,92159,92175.64,0,0.38,0.25,20,ONE_POINT,100,100,RANDOM,16
85,8600,28.888317823410034,92101,92105.64,0,0.38,0.25,20,ONE_POINT,100,100,RANDOM,16
86,8700,29.213789701461792,91957,91966.8,0,0.38,0.25,20,ONE_POINT,100,100,RANDOM,16
87,8800,29.53675150871277,91783,91793.44,0,0.38,0.25,20,ONE_POINT,100,100,RANDOM,16
88,8900,29.834901809692383,91576,91585.71,0,0.38,0.25,20,ONE_POINT,100,100,RANDOM,16
89,9000,30.162081718444824,91313,91325.33,0,0.38,0.25,20,ONE_POINT,100,100,RANDOM,16
90,9100,30.52499508857727,91010,91027.81,0,0.38,0.25,20,ONE_POINT,100,100,RANDOM,16
91,9200,30.847568035125732,90706,90723.02,0,0.38,0.25,20,ONE_POINT,100,100,RANDOM,16
92,9300,31.161996603012085,90512,90524.32,0,0.38,0.25,20,ONE_POINT,100,100,RANDOM,16
93,9400,31.485811710357666,90304,90359.32,0,0.38,0.25,20,ONE_POINT,100,100,RANDOM,16
94,9500,31.80717420578003,90125,90162.83,0,0.38,0.25,20,ONE_POINT,100,100,RANDOM,16
95,9600,32.169222831726074,89674,89691.85,0,0.38,0.25,20,ONE_POINT,100,100,RANDOM,16
96,9700,32.51429057121277,89309,89340.61,0,0.38,0.25,20,ONE_POINT,100,100,RANDOM,16
97,9800,32.826106786727905,88981,88994.12,0,0.38,0.25,20,ONE_POINT,100,100,RANDOM,16
98,9900,33.18199062347412,88727,88759.49,0,0.38,0.25,20,ONE_POINT,100,100,RANDOM,16
99,10000,33.52720880508423,88570,88587.79,0,0.38,0.25,20,ONE_POINT,100,100,RANDOM,16
100,10100,33.82646989822388,88328,88372.58,0,0.38,0.25,20,ONE_POINT,100,100,RANDOM,16
101,10200,34.144914388656616,87704,87749.01,0,0.38,0.25,20,ONE_POINT,100,100,RANDOM,16
102,10300,34.47554326057434,87472,87543.3,0,0.38,0.25,20,ONE_POINT,100,100,RANDOM,16
103,10400,34.84855818748474,87289,87298.52,0,0.38,0.25,20,ONE_POINT,100,100,RANDOM,16
104,10500,35.25946235656738,86964,86982.33,0,0.38,0.25,20,ONE_POINT,100,100,RANDOM,16
105,10600,35.61833381652832,86620,86659.6,0,0.38,0.25,20,ONE_POINT,100,100,RANDOM,16
106,10700,35.99442958831787,86437,86447.13,0,0.38,0.25,20,ONE_POINT,100,100,RANDOM,16
107,10800,36.31017208099365,85992,86011.54,0,0.38,0.25,20,ONE_POINT,100,100,RANDOM,16
108,10900,36.6795814037323,85833,85844.25,0,0.38,0.25,20,ONE_POINT,100,100,RANDOM,16
109,11000,37.02501583099365,85710,85719.06,0,0.38,0.25,20,ONE_POINT,100,100,RANDOM,16
110,11100,37.35416769981384,85513,85528.03,0,0.38,0.25,20,ONE_POINT,100,100,RANDOM,16
111,11200,37.66233944892883,85173,85186.75,0,0.38,0.25,20,ONE_POINT,100,100,RANDOM,16
112,11300,37.97911286354065,84918,84942.67,0,0.38,0.25,20,ONE_POINT,100,100,RANDOM,16
113,11400,38.31373381614685,84671,84687.71,0,0.38,0.25,20,ONE_POINT,100,100,RANDOM,16
114,11500,38.63198161125183,84440,84519.18,0,0.38,0.25,20,ONE_POINT,100,100,RANDOM,16
115,11600,39.01306414604187,83955,83981.1,0,0.38,0.25,20,ONE_POINT,100,100,RANDOM,16
116,11700,39.345635652542114,83722,83773.37,0,0.38,0.25,20,ONE_POINT,100,100,RANDOM,16
117,11800,39.67838001251221,83407,83430.52,0,0.38,0.25,20,ONE_POINT,100,100,RANDOM,16
118,11900,39.997234582901,83046,83060.44,0,0.38,0.25,20,ONE_POINT,100,100,RANDOM,16
119,12000,40.34089636802673,82771,82781.62,0,0.38,0.25,20,ONE_POINT,100,100,RANDOM,16
120,12100,40.64689302444458,82537,82551.53,0,0.38,0.25,20,ONE_POINT,100,100,RANDOM,16
121,12200,41.01158022880554,82282,82346.16,0,0.38,0.25,20,ONE_POINT,100,100,RANDOM,16
122,12300,41.34162902832031,81881,81938.27,0,0.38,0.25,20,ONE_POINT,100,100,RANDOM,16
123,12400,41.67838501930237,81707,81731.28,0,0.38,0.25,20,ONE_POINT,100,100,RANDOM,16
124,12500,41.993415117263794,81424,81475.87,0,0.38,0.25,20,ONE_POINT,100,100,RANDOM,16
125,12600,42.324448585510254,81164,81184.15,0,0.38,0.25,20,ONE_POINT,100,100,RANDOM,16
126,12700,42.66902256011963,80874,80887.85,0,0.38,0.25,20,ONE_POINT,100,100,RANDOM,16
127,12800,43.01454281806946,80554,80566.78,0,0.38,0.25,20,ONE_POINT,100,100,RANDOM,16
128,12900,43.31771469116211,80322,80350.43,0,0.38,0.25,20,ONE_POINT,100,100,RANDOM,16
129,13000,43.637210845947266,80133,80142.61,0,0.38,0.25,20,ONE_POINT,100,100,RANDOM,16
130,13100,43.97022342681885,79924,79934.67,0,0.38,0.25,20,ONE_POINT,100,100,RANDOM,16
131,13200,44.303771018981934,79668,79679.58,0,0.38,0.25,20,ONE_POINT,100,100,RANDOM,16
132,13300,44.61582565307617,79532,79566.19,0,0.38,0.25,20,ONE_POINT,100,100,RANDOM,16
133,13400,44.93329167366028,79316,79333.41,0,0.38,0.25,20,ONE_POINT,100,100,RANDOM,16
134,13500,45.25763750076294,78997,79009.76,0,0.38,0.25,20,ONE_POINT,100,100,RANDOM,16
135,13600,45.61099290847778,78797,78809.21,0,0.38,0.25,20,ONE_POINT,100,100,RANDOM,16
136,13700,45.95278239250183,78687,78702.69,0,0.38,0.25,20,ONE_POINT,100,100,RANDOM,16
137,13800,46.27917981147766,78555,78560.28,0,0.38,0.25,20,ONE_POINT,100,100,RANDOM,16
138,13900,46.59842920303345,78226,78270.93,0,0.38,0.25,20,ONE_POINT,100,100,RANDOM,16
139,14000,46.909624338150024,78038,78076.82,0,0.38,0.25,20,ONE_POINT,100,100,RANDOM,16
140,14100,47.21696496009827,77653,77676.1,0,0.38,0.25,20,ONE_POINT,100,100,RANDOM,16
141,14200,47.565109968185425,77490,77516.92,0,0.38,0.25,20,ONE_POINT,100,100,RANDOM,16
142,14300,47.90462374687195,77243,77260.67,0,0.38,0.25,20,ONE_POINT,100,100,RANDOM,16
143,14400,48.228869915008545,77171,77195.02,0,0.38,0.25,20,ONE_POINT,100,100,RANDOM,16
144,14500,48.55972599983215,76950,76965.47,0,0.38,0.25,20,ONE_POINT,100,100,RANDOM,16
145,14600,48.88672590255737,76814,76825.78,0,0.38,0.25,20,ONE_POINT,100,100,RANDOM,16
146,14700,49.197314500808716,76404,76430.3,0,0.38,0.25,20,ONE_POINT,100,100,RANDOM,16
147,14800,49.50779628753662,76349,76352.8,0,0.38,0.25,20,ONE_POINT,100,100,RANDOM,16
148,14900,49.824784994125366,76126,76143.93,0,0.38,0.25,20,ONE_POINT,100,100,RANDOM,16
149,15000,50.15071249008179,75821,75836.25,0,0.38,0.25,20,ONE_POINT,100,100,RANDOM,16
150,15100,50.48780345916748,75521,75553.06,0,0.38,0.25,20,ONE_POINT,100,100,RANDOM,16
151,15200,50.817535400390625,75292,75306.06,0,0.38,0.25,20,ONE_POINT,100,100,RANDOM,16
152,15300,51.133498668670654,75238,75241.24,0,0.38,0.25,20,ONE_POINT,100,100,RANDOM,16
153,15400,51.445969104766846,74911,74932.13,0,0.38,0.25,20,ONE_POINT,100,100,RANDOM,16
154,15500,51.794472455978394,74751,74765.13,0,0.38,0.25,20,ONE_POINT,100,100,RANDOM,16
155,15600,52.153005599975586,74574,74585.7,0,0.38,0.25,20,ONE_POINT,100,100,RANDOM,16
156,15700,52.47718596458435,74409,74418.9,0,0.38,0.25,20,ONE_POINT,100,100,RANDOM,16
157,15800,52.813292503356934,74220,74301.96,0,0.38,0.25,20,ONE_POINT,100,100,RANDOM,16
158,15900,53.152952909469604,73909,73937.46,0,0.38,0.25,20,ONE_POINT,100,100,RANDOM,16
159,16000,53.45807337760925,73789,73800.8,0,0.38,0.25,20,ONE_POINT,100,100,RANDOM,16
160,16100,53.79127097129822,73701,73767.17,0,0.38,0.25,20,ONE_POINT,100,100,RANDOM,16
161,16200,54.180330991744995,73548,73564.21,0,0.38,0.25,20,ONE_POINT,100,100,RANDOM,16
162,16300,54.49173593521118,73390,73402.76,0,0.38,0.25,20,ONE_POINT,100,100,RANDOM,16
163,16400,54.82408022880554,73264,73275.61,0,0.38,0.25,20,ONE_POINT,100,100,RANDOM,16
164,16500,55.156495809555054,73117,73133.91,0,0.38,0.25,20,ONE_POINT,100,100,RANDOM,16
165,16600,55.48590803146362,72888,72915.67,0,0.38,0.25,20,ONE_POINT,100,100,RANDOM,16
166,16700,55.83254528045654,72665,72685.95,0,0.38,0.25,20,ONE_POINT,100,100,RANDOM,16
167,16800,56.197495222091675,72555,72563.97,0,0.38,0.25,20,ONE_POINT,100,100,RANDOM,16
168,16900,56.56395411491394,72097,72124.77,0,0.38,0.25,20,ONE_POINT,100,100,RANDOM,16
169,17000,56.897467613220215,71643,71716.51,0,0.38,0.25,20,ONE_POINT,100,100,RANDOM,16
170,17100,57.229353189468384,71443,71456.19,0,0.38,0.25,20,ONE_POINT,100,100,RANDOM,16
171,17200,57.556686878204346,71370,71376.65,0,0.38,0.25,20,ONE_POINT,100,100,RANDOM,16
172,17300,57.92022728919983,71181,71191.67,0,0.38,0.25,20,ONE_POINT,100,100,RANDOM,16
173,17400,58.226402759552,70995,71023.99,0,0.38,0.25,20,ONE_POINT,100,100,RANDOM,16
174,17500,58.56865978240967,70707,70724.9,0,0.38,0.25,20,ONE_POINT,100,100,RANDOM,16
175,17600,58.90126085281372,70571,70636.74,0,0.38,0.25,20,ONE_POINT,100,100,RANDOM,16
176,17700,59.22956132888794,70456,70480.15,0,0.38,0.25,20,ONE_POINT,100,100,RANDOM,16
177,17800,59.55521559715271,70322,70395.04,0,0.38,0.25,20,ONE_POINT,100,100,RANDOM,16
178,17900,59.89542365074158,70146,70156.71,0,0.38,0.25,20,ONE_POINT,100,100,RANDOM,16
179,18000,60.21208357810974,70039,70062.57,0,0.38,0.25,20,ONE_POINT,100,100,RANDOM,16
180,18100,60.537391901016235,69886,69912.97,0,0.38,0.25,20,ONE_POINT,100,100,RANDOM,16
181,18200,60.89293670654297,69796,69805.11,0,0.38,0.25,20,ONE_POINT,100,100,RANDOM,16
182,18300,61.20007562637329,69543,69559.17,0,0.38,0.25,20,ONE_POINT,100,100,RANDOM,16
183,18400,61.522136211395264,69272,69357.12,0,0.38,0.25,20,ONE_POINT,100,100,RANDOM,16
184,18500,61.88370394706726,69085,69302.55,0,0.38,0.25,20,ONE_POINT,100,100,RANDOM,16
185,18600,62.1918044090271,68888,68901.79,0,0.38,0.25,20,ONE_POINT,100,100,RANDOM,16
186,18700,62.561344385147095,68725,68740.3,0,0.38,0.25,20,ONE_POINT,100,100,RANDOM,16
187,18800,62.8701696395874,68596,68605.36,0,0.38,0.25,20,ONE_POINT,100,100,RANDOM,16
188,18900,63.202407121658325,68471,68515.08,0,0.38,0.25,20,ONE_POINT,100,100,RANDOM,16
189,19000,63.54142427444458,68377,68387.18,0,0.38,0.25,20,ONE_POINT,100,100,RANDOM,16
190,19100,63.908947467803955,68234,68340.53,0,0.38,0.25,20,ONE_POINT,100,100,RANDOM,16
191,19200,64.26645493507385,68071,68098.48,0,0.38,0.25,20,ONE_POINT,100,100,RANDOM,16
192,19300,64.61596131324768,67839,67881.37,0,0.38,0.25,20,ONE_POINT,100,100,RANDOM,16
193,19400,64.94933605194092,67538,67582.03,0,0.38,0.25,20,ONE_POINT,100,100,RANDOM,16
194,19500,65.26759266853333,67436,67447.78,0,0.38,0.25,20,ONE_POINT,100,100,RANDOM,16
195,19600,65.62318134307861,67287,67305.27,0,0.38,0.25,20,ONE_POINT,100,100,RANDOM,16
196,19700,65.94296979904175,67149,67160.53,0,0.38,0.25,20,ONE_POINT,100,100,RANDOM,16
197,19800,66.29719829559326,66889,66904.54,0,0.38,0.25,20,ONE_POINT,100,100,RANDOM,16
198,19900,66.64438319206238,66517,66545.81,0,0.38,0.25,20,ONE_POINT,100,100,RANDOM,16
199,20000,66.9947156906128,66179,66213.45,0,0.38,0.25,20,ONE_POINT,100,100,RANDOM,16
200,20100,67.347177028656,66057,66070.4,0,0.38,0.25,20,ONE_POINT,100,100,RANDOM,16
201,20200,67.65770149230957,65898,65917.6,0,0.38,0.25,20,ONE_POINT,100,100,RANDOM,16
202,20300,67.9732940196991,65770,65783.45,0,0.38,0.25,20,ONE_POINT,100,100,RANDOM,16
203,20400,68.33964467048645,65687,65728.76,0,0.38,0.25,20,ONE_POINT,100,100,RANDOM,16
204,20500,68.667400598526,65559,65569.36,0,0.38,0.25,20,ONE_POINT,100,100,RANDOM,16
205,20600,69.08589768409729,65399,65408.6,0,0.38,0.25,20,ONE_POINT,100,100,RANDOM,16
206,20700,69.42609858512878,65281,65293.9,0,0.38,0.25,20,ONE_POINT,100,100,RANDOM,16
207,20800,69.73744821548462,65133,65145.39,0,0.38,0.25,20,ONE_POINT,100,100,RANDOM,16
208,20900,70.07988858222961,64938,64976.76,0,0.38,0.25,20,ONE_POINT,100,100,RANDOM,16
209,21000,70.426025390625,64681,64697.69,0,0.38,0.25,20,ONE_POINT,100,100,RANDOM,16
210,21100,70.78178763389587,64538,64550.48,0,0.38,0.25,20,ONE_POINT,100,100,RANDOM,16
211,21200,71.16252970695496,64464,64488.76,0,0.38,0.25,20,ONE_POINT,100,100,RANDOM,16
212,21300,71.49426317214966,64231,64242.5,0,0.38,0.25,20,ONE_POINT,100,100,RANDOM,16
213,21400,71.79412698745728,64004,64021.94,0,0.38,0.25,20,ONE_POINT,100,100,RANDOM,16
214,21500,72.12525844573975,63887,63953.09,0,0.38,0.25,20,ONE_POINT,100,100,RANDOM,16
215,21600,72.42298364639282,63834,63851.04,0,0.38,0.25,20,ONE_POINT,100,100,RANDOM,16
216,21700,72.80733895301819,63767,63775.63,0,0.38,0.25,20,ONE_POINT,100,100,RANDOM,16
217,21800,73.1340560913086,63672,63703.48,0,0.38,0.25,20,ONE_POINT,100,100,RANDOM,16
218,21900,73.47818303108215,63490,63536.8,0,0.38,0.25,20,ONE_POINT,100,100,RANDOM,16
219,22000,73.82197737693787,63406,63416.61,0,0.38,0.25,20,ONE_POINT,100,100,RANDOM,16
220,22100,74.12277746200562,63113,63128.88,0,0.38,0.25,20,ONE_POINT,100,100,RANDOM,16
221,22200,74.4562439918518,62745,62795.46,0,0.38,0.25,20,ONE_POINT,100,100,RANDOM,16
222,22300,74.79130816459656,62564,62577.36,0,0.38,0.25,20,ONE_POINT,100,100,RANDOM,16
223,22400,75.12830066680908,62416,62432.94,0,0.38,0.25,20,ONE_POINT,100,100,RANDOM,16
224,22500,75.46616077423096,62317,62323.35,0,0.38,0.25,20,ONE_POINT,100,100,RANDOM,16
225,22600,75.80463647842407,62065,62091.55,0,0.38,0.25,20,ONE_POINT,100,100,RANDOM,16
226,22700,76.1050431728363,61926,61937.12,0,0.38,0.25,20,ONE_POINT,100,100,RANDOM,16
227,22800,76.44556498527527,61866,61877.69,0,0.38,0.25,20,ONE_POINT,100,100,RANDOM,16
228,22900,76.77156090736389,61768,61777.11,0,0.38,0.25,20,ONE_POINT,100,100,RANDOM,16
229,23000,77.10593008995056,61543,61557.95,0,0.38,0.25,20,ONE_POINT,100,100,RANDOM,16
230,23100,77.41543650627136,61423,61433.48,0,0.38,0.25,20,ONE_POINT,100,100,RANDOM,16
231,23200,77.74071002006531,61220,61282.09,0,0.38,0.25,20,ONE_POINT,100,100,RANDOM,16
232,23300,78.05193066596985,61104,61151.54,0,0.38,0.25,20,ONE_POINT,100,100,RANDOM,16
233,23400,78.40175700187683,60915,60930.73,0,0.38,0.25,20,ONE_POINT,100,100,RANDOM,16
234,23500,78.74014663696289,60862,60868.61,0,0.38,0.25,20,ONE_POINT,100,100,RANDOM,16
235,23600,79.09449124336243,60776,60798.78,0,0.38,0.25,20,ONE_POINT,100,100,RANDOM,16
236,23700,79.42637348175049,60640,60659.85,0,0.38,0.25,20,ONE_POINT,100,100,RANDOM,16
237,23800,79.7857313156128,60603,60627.26,0,0.38,0.25,20,ONE_POINT,100,100,RANDOM,16
238,23900,80.13608169555664,60456,60471.67,0,0.38,0.25,20,ONE_POINT,100,100,RANDOM,16
239,24000,80.46811628341675,60378,60397.08,0,0.38,0.25,20,ONE_POINT,100,100,RANDOM,16
240,24100,80.79997944831848,60271,60296.29,0,0.38,0.25,20,ONE_POINT,100,100,RANDOM,16
241,24200,81.14342761039734,60183,60212.83,0,0.38,0.25,20,ONE_POINT,100,100,RANDOM,16
242,24300,81.49950361251831,60019,60030.49,0,0.38,0.25,20,ONE_POINT,100,100,RANDOM,16
243,24400,81.83001470565796,59811,59825.12,0,0.38,0.25,20,ONE_POINT,100,100,RANDOM,16
244,24500,82.18125343322754,59574,59605.28,0,0.38,0.25,20,ONE_POINT,100,100,RANDOM,16
245,24600,82.49992966651917,59454,59481.01,0,0.38,0.25,20,ONE_POINT,100,100,RANDOM,16
246,24700,82.819167137146,59373,59389.17,0,0.38,0.25,20,ONE_POINT,100,100,RANDOM,16
247,24800,83.15325593948364,59147,59180.24,0,0.38,0.25,20,ONE_POINT,100,100,RANDOM,16
248,24900,83.45830774307251,59048,59073.21,0,0.38,0.25,20,ONE_POINT,100,100,RANDOM,16
249,25000,83.78022813796997,58947,58951.53,0,0.38,0.25,20,ONE_POINT,100,100,RANDOM,16
250,25100,84.0888876914978,58748,58766.79,0,0.38,0.25,20,ONE_POINT,100,100,RANDOM,16
251,25200,84.41048645973206,58622,58775.51,0,0.38,0.25,20,ONE_POINT,100,100,RANDOM,16
252,25300,84.7562050819397,58578,58607.89,0,0.38,0.25,20,ONE_POINT,100,100,RANDOM,16
253,25400,85.0956346988678,58426,58472.76,0,0.38,0.25,20,ONE_POINT,100,100,RANDOM,16
254,25500,85.47165632247925,58332,58354.45,0,0.38,0.25,20,ONE_POINT,100,100,RANDOM,16
255,25600,85.81022596359253,58249,58255.64,0,0.38,0.25,20,ONE_POINT,100,100,RANDOM,16
256,25700,86.17289447784424,58092,58104.07,0,0.38,0.25,20,ONE_POINT,100,100,RANDOM,16
257,25800,86.4983057975769,58032,58053.94,0,0.38,0.25,20,ONE_POINT,100,100,RANDOM,16
258,25900,86.87414646148682,57942,57952.49,0,0.38,0.25,20,ONE_POINT,100,100,RANDOM,16
259,26000,87.23799109458923,57724,57737.38,0,0.38,0.25,20,ONE_POINT,100,100,RANDOM,16
260,26100,87.57382154464722,57607,57622.86,0,0.38,0.25,20,ONE_POINT,100,100,RANDOM,16
261,26200,87.90954637527466,57389,57403.91,0,0.38,0.25,20,ONE_POINT,100,100,RANDOM,16
262,26300,88.25090527534485,57291,57354.49,0,0.38,0.25,20,ONE_POINT,100,100,RANDOM,16
263,26400,88.59662008285522,57189,57246.53,0,0.38,0.25,20,ONE_POINT,100,100,RANDOM,16
264,26500,88.95377326011658,57122,57137.12,0,0.38,0.25,20,ONE_POINT,100,100,RANDOM,16
265,26600,89.27936887741089,56891,56931.19,0,0.38,0.25,20,ONE_POINT,100,100,RANDOM,16
266,26700,89.61136031150818,56844,56872.22,0,0.38,0.25,20,ONE_POINT,100,100,RANDOM,16
267,26800,89.93044114112854,56736,56745.42,0,0.38,0.25,20,ONE_POINT,100,100,RANDOM,16
268,26900,90.25676727294922,56525,56543.94,0,0.38,0.25,20,ONE_POINT,100,100,RANDOM,16
269,27000,90.55985832214355,56314,56355.13,0,0.38,0.25,20,ONE_POINT,100,100,RANDOM,16
270,27100,90.91631388664246,56220,56228.23,0,0.38,0.25,20,ONE_POINT,100,100,RANDOM,16
271,27200,91.25102353096008,56049,56076.55,0,0.38,0.25,20,ONE_POINT,100,100,RANDOM,16
272,27300,91.61893558502197,55966,55999.81,0,0.38,0.25,20,ONE_POINT,100,100,RANDOM,16
273,27400,91.92319750785828,55828,55885.4,0,0.38,0.25,20,ONE_POINT,100,100,RANDOM,16
274,27500,92.26405072212219,55755,55761.67,0,0.38,0.25,20,ONE_POINT,100,100,RANDOM,16
275,27600,92.59406852722168,55705,55716.05,0,0.38,0.25,20,ONE_POINT,100,100,RANDOM,16
276,27700,92.91781806945801,55525,55559.71,0,0.38,0.25,20,ONE_POINT,100,100,RANDOM,16
277,27800,93.24791717529297,55413,55421.32,0,0.38,0.25,20,ONE_POINT,100,100,RANDOM,16
278,27900,93.56169652938843,55214,55225.92,0,0.38,0.25,20,ONE_POINT,100,100,RANDOM,16
279,28000,93.9051308631897,55033,55088.08,0,0.38,0.25,20,ONE_POINT,100,100,RANDOM,16
280,28100,94.26840853691101,54908,54936.14,0,0.38,0.25,20,ONE_POINT,100,100,RANDOM,16
281,28200,94.62603211402893,54605,54626.48,0,0.38,0.25,20,ONE_POINT,100,100,RANDOM,16
282,28300,94.93932747840881,54469,54493.41,0,0.38,0.25,20,ONE_POINT,100,100,RANDOM,16
283,28400,95.3098931312561,54247,54267.88,0,0.38,0.25,20,ONE_POINT,100,100,RANDOM,16
284,28500,95.62783074378967,54166,54173.99,0,0.38,0.25,20,ONE_POINT,100,100,RANDOM,16
285,28600,95.93888664245605,53931,53974.24,0,0.38,0.25,20,ONE_POINT,100,100,RANDOM,16
286,28700,96.25631427764893,53782,53823.99,0,0.38,0.25,20,ONE_POINT,100,100,RANDOM,16
287,28800,96.59221959114075,53651,53665.97,0,0.38,0.25,20,ONE_POINT,100,100,RANDOM,16
288,28900,96.9435305595398,53593,53731.58,0,0.38,0.25,20,ONE_POINT,100,100,RANDOM,16
289,29000,97.27823209762573,53409,53425.58,0,0.38,0.25,20,ONE_POINT,100,100,RANDOM,16
290,29100,97.62787938117981,53321,53328.04,0,0.38,0.25,20,ONE_POINT,100,100,RANDOM,16
291,29200,97.9436023235321,53273,53280.43,0,0.38,0.25,20,ONE_POINT,100,100,RANDOM,16
292,29300,98.27205562591553,53136,53149.0,0,0.38,0.25,20,ONE_POINT,100,100,RANDOM,16
293,29400,98.62525582313538,53012,53027.0,0,0.38,0.25,20,ONE_POINT,100,100,RANDOM,16
294,29500,98.95297932624817,52953,52962.93,0,0.38,0.25,20,ONE_POINT,100,100,RANDOM,16
295,29600,99.28305721282959,52861,52873.67,0,0.38,0.25,20,ONE_POINT,100,100,RANDOM,16
296,29700,99.62280821800232,52767,52791.59,0,0.38,0.25,20,ONE_POINT,100,100,RANDOM,16
297,29800,99.9188916683197,52651,52662.93,0,0.38,0.25,20,ONE_POINT,100,100,RANDOM,16
298,29900,100.24958443641663,52595,52612.41,0,0.38,0.25,20,ONE_POINT,100,100,RANDOM,16
299,30000,100.57096195220947,52540,52577.91,0,0.38,0.25,20,ONE_POINT,100,100,RANDOM,16
300,30100,100.90942764282227,52446,52463.92,0,0.38,0.25,20,ONE_POINT,100,100,RANDOM,16
301,30200,101.26659607887268,52261,52290.08,0,0.38,0.25,20,ONE_POINT,100,100,RANDOM,16
302,30300,101.5684814453125,52191,52202.5,0,0.38,0.25,20,ONE_POINT,100,100,RANDOM,16
303,30400,101.93835234642029,52013,52044.12,0,0.38,0.25,20,ONE_POINT,100,100,RANDOM,16
304,30500,102.31867814064026,51923,51936.5,0,0.38,0.25,20,ONE_POINT,100,100,RANDOM,16
305,30600,102.66133403778076,51783,51800.87,0,0.38,0.25,20,ONE_POINT,100,100,RANDOM,16
306,30700,103.02010869979858,51578,51599.51,0,0.38,0.25,20,ONE_POINT,100,100,RANDOM,16
307,30800,103.37673473358154,51520,51542.63,0,0.38,0.25,20,ONE_POINT,100,100,RANDOM,16
308,30900,103.67402029037476,51441,51460.05,0,0.38,0.25,20,ONE_POINT,100,100,RANDOM,16
309,31000,104.01846718788147,51358,51407.8,0,0.38,0.25,20,ONE_POINT,100,100,RANDOM,16
310,31100,104.34249448776245,51317,51337.77,0,0.38,0.25,20,ONE_POINT,100,100,RANDOM,16
311,31200,104.67935919761658,51186,51201.92,0,0.38,0.25,20,ONE_POINT,100,100,RANDOM,16
312,31300,105.0328164100647,51084,51238.64,0,0.38,0.25,20,ONE_POINT,100,100,RANDOM,16
313,31400,105.35938501358032,51012,51147.39,0,0.38,0.25,20,ONE_POINT,100,100,RANDOM,16
314,31500,105.67899131774902,50952,50978.26,0,0.38,0.25,20,ONE_POINT,100,100,RANDOM,16
315,31600,106.02347779273987,50808,50822.29,0,0.38,0.25,20,ONE_POINT,100,100,RANDOM,16
316,31700,106.34682035446167,50746,50782.42,0,0.38,0.25,20,ONE_POINT,100,100,RANDOM,16
317,31800,106.66085600852966,50586,50602.89,0,0.38,0.25,20,ONE_POINT,100,100,RANDOM,16
318,31900,107.02287817001343,50474,50482.96,0,0.38,0.25,20,ONE_POINT,100,100,RANDOM,16
319,32000,107.39622950553894,50391,50400.72,0,0.38,0.25,20,ONE_POINT,100,100,RANDOM,16
320,32100,107.72617697715759,50346,50350.43,0,0.38,0.25,20,ONE_POINT,100,100,RANDOM,16
321,32200,108.0231237411499,50271,50418.74,0,0.38,0.25,20,ONE_POINT,100,100,RANDOM,16
322,32300,108.3682062625885,50186,50196.64,0,0.38,0.25,20,ONE_POINT,100,100,RANDOM,16
323,32400,108.7297592163086,50094,50102.66,0,0.38,0.25,20,ONE_POINT,100,100,RANDOM,16
324,32500,109.08891105651855,50033,50040.94,0,0.38,0.25,20,ONE_POINT,100,100,RANDOM,16
325,32600,109.42165350914001,49913,49926.76,0,0.38,0.25,20,ONE_POINT,100,100,RANDOM,16
326,32700,109.77011060714722,49767,49780.95,0,0.38,0.25,20,ONE_POINT,100,100,RANDOM,16
327,32800,110.09002542495728,49676,49690.08,0,0.38,0.25,20,ONE_POINT,100,100,RANDOM,16
328,32900,110.45375657081604,49572,49588.21,0,0.38,0.25,20,ONE_POINT,100,100,RANDOM,16
329,33000,110.79566740989685,49468,49477.88,0,0.38,0.25,20,ONE_POINT,100,100,RANDOM,16
330,33100,111.12058711051941,49372,49385.63,0,0.38,0.25,20,ONE_POINT,100,100,RANDOM,16
331,33200,111.42907929420471,49292,49299.82,0,0.38,0.25,20,ONE_POINT,100,100,RANDOM,16
332,33300,111.7807207107544,49241,49245.9,0,0.38,0.25,20,ONE_POINT,100,100,RANDOM,16
333,33400,112.1173768043518,49161,49177.03,0,0.38,0.25,20,ONE_POINT,100,100,RANDOM,16
334,33500,112.45518660545349,49089,49096.49,0,0.38,0.25,20,ONE_POINT,100,100,RANDOM,16
335,33600,112.80609226226807,49022,49033.04,0,0.38,0.25,20,ONE_POINT,100,100,RANDOM,16
336,33700,113.1719160079956,48918,48941.89,0,0.38,0.25,20,ONE_POINT,100,100,RANDOM,16
337,33800,113.54022598266602,48824,48860.47,0,0.38,0.25,20,ONE_POINT,100,100,RANDOM,16
338,33900,113.83820867538452,48759,48779.97,0,0.38,0.25,20,ONE_POINT,100,100,RANDOM,16
339,34000,114.1467068195343,48729,48738.95,0,0.38,0.25,20,ONE_POINT,100,100,RANDOM,16
340,34100,114.47007322311401,48683,48790.49,0,0.38,0.25,20,ONE_POINT,100,100,RANDOM,16
341,34200,114.81731414794922,48521,48536.31,0,0.38,0.25,20,ONE_POINT,100,100,RANDOM,16
342,34300,115.16689944267273,48465,48546.59,0,0.38,0.25,20,ONE_POINT,100,100,RANDOM,16
343,34400,115.50168466567993,48396,48429.94,0,0.38,0.25,20,ONE_POINT,100,100,RANDOM,16
344,34500,115.86289143562317,48292,48322.43,0,0.38,0.25,20,ONE_POINT,100,100,RANDOM,16
345,34600,116.19456100463867,48240,48247.57,0,0.38,0.25,20,ONE_POINT,100,100,RANDOM,16
346,34700,116.55788946151733,48200,48205.22,0,0.38,0.25,20,ONE_POINT,100,100,RANDOM,16
347,34800,116.92665815353394,48115,48137.22,0,0.38,0.25,20,ONE_POINT,100,100,RANDOM,16
348,34900,117.29307317733765,48031,48040.72,0,0.38,0.25,20,ONE_POINT,100,100,RANDOM,16
349,35000,117.61280918121338,47951,47961.85,0,0.38,0.25,20,ONE_POINT,100,100,RANDOM,16
350,35100,117.96510529518127,47887,47899.2,0,0.38,0.25,20,ONE_POINT,100,100,RANDOM,16
351,35200,118.26708054542542,47838,47870.77,0,0.38,0.25,20,ONE_POINT,100,100,RANDOM,16
352,35300,118.58035922050476,47804,47807.92,0,0.38,0.25,20,ONE_POINT,100,100,RANDOM,16
353,35400,118.93423843383789,47755,47787.63,0,0.38,0.25,20,ONE_POINT,100,100,RANDOM,16
354,35500,119.26680111885071,47714,47725.83,0,0.38,0.25,20,ONE_POINT,100,100,RANDOM,16
355,35600,119.63665413856506,47609,47646.73,0,0.38,0.25,20,ONE_POINT,100,100,RANDOM,16
356,35700,119.95215463638306,47532,47539.52,0,0.38,0.25,20,ONE_POINT,100,100,RANDOM,16
357,35800,120.28823328018188,47366,47391.52,0,0.38,0.25,20,ONE_POINT,100,100,RANDOM,16
358,35900,120.59315752983093,47222,47233.73,0,0.38,0.25,20,ONE_POINT,100,100,RANDOM,16
359,36000,120.92593717575073,47145,47212.48,0,0.38,0.25,20,ONE_POINT,100,100,RANDOM,16
360,36100,121.27673625946045,47044,47054.2,0,0.38,0.25,20,ONE_POINT,100,100,RANDOM,16
361,36200,121.60480833053589,46962,46984.02,0,0.38,0.25,20,ONE_POINT,100,100,RANDOM,16
362,36300,121.94576144218445,46873,46885.68,0,0.38,0.25,20,ONE_POINT,100,100,RANDOM,16
363,36400,122.25367856025696,46835,46841.66,0,0.38,0.25,20,ONE_POINT,100,100,RANDOM,16
364,36500,122.57265710830688,46656,46678.75,0,0.38,0.25,20,ONE_POINT,100,100,RANDOM,16
365,36600,122.90559315681458,46596,46607.08,0,0.38,0.25,20,ONE_POINT,100,100,RANDOM,16
366,36700,123.23772478103638,46560,46566.78,0,0.38,0.25,20,ONE_POINT,100,100,RANDOM,16
367,36800,123.56909656524658,46444,46484.24,0,0.38,0.25,20,ONE_POINT,100,100,RANDOM,16
368,36900,123.92098045349121,46388,46406.45,0,0.38,0.25,20,ONE_POINT,100,100,RANDOM,16
369,37000,124.22675919532776,46300,46322.7,0,0.38,0.25,20,ONE_POINT,100,100,RANDOM,16
370,37100,124.56583213806152,46268,46279.43,0,0.38,0.25,20,ONE_POINT,100,100,RANDOM,16
371,37200,124.89494609832764,46177,46183.64,0,0.38,0.25,20,ONE_POINT,100,100,RANDOM,16
372,37300,125.20797801017761,46145,46150.51,0,0.38,0.25,20,ONE_POINT,100,100,RANDOM,16
373,37400,125.53458166122437,46083,46089.33,0,0.38,0.25,20,ONE_POINT,100,100,RANDOM,16
374,37500,125.85946822166443,45979,45990.59,0,0.38,0.25,20,ONE_POINT,100,100,RANDOM,16
375,37600,126.1754002571106,45878,45891.08,0,0.38,0.25,20,ONE_POINT,100,100,RANDOM,16
376,37700,126.50783824920654,45836,45848.15,0,0.38,0.25,20,ONE_POINT,100,100,RANDOM,16
377,37800,126.81975746154785,45800,45806.08,0,0.38,0.25,20,ONE_POINT,100,100,RANDOM,16
378,37900,127.17205858230591,45718,45789.87,0,0.38,0.25,20,ONE_POINT,100,100,RANDOM,16
379,38000,127.48188900947571,45687,45744.14,0,0.38,0.25,20,ONE_POINT,100,100,RANDOM,16
380,38100,127.84000396728516,45669,45679.3,0,0.38,0.25,20,ONE_POINT,100,100,RANDOM,16
381,38200,128.18739461898804,45595,45616.34,0,0.38,0.25,20,ONE_POINT,100,100,RANDOM,16
382,38300,128.5335557460785,45529,45543.85,0,0.38,0.25,20,ONE_POINT,100,100,RANDOM,16
383,38400,128.90135622024536,45461,45479.21,0,0.38,0.25,20,ONE_POINT,100,100,RANDOM,16
384,38500,129.22843194007874,45382,45437.52,0,0.38,0.25,20,ONE_POINT,100,100,RANDOM,16
385,38600,129.57809686660767,45359,45362.41,0,0.38,0.25,20,ONE_POINT,100,100,RANDOM,16
386,38700,129.9062831401825,45286,45351.87,0,0.38,0.25,20,ONE_POINT,100,100,RANDOM,16
387,38800,130.2479054927826,45266,45275.74,0,0.38,0.25,20,ONE_POINT,100,100,RANDOM,16
388,38900,130.57391834259033,45205,45211.21,0,0.38,0.25,20,ONE_POINT,100,100,RANDOM,16
389,39000,130.94291019439697,45061,45080.38,0,0.38,0.25,20,ONE_POINT,100,100,RANDOM,16
390,39100,131.25489735603333,45001,45027.47,0,0.38,0.25,20,ONE_POINT,100,100,RANDOM,16
391,39200,131.57143926620483,44963,44968.79,0,0.38,0.25,20,ONE_POINT,100,100,RANDOM,16
392,39300,131.92045879364014,44891,44907.46,0,0.38,0.25,20,ONE_POINT,100,100,RANDOM,16
393,39400,132.23428225517273,44787,44797.37,0,0.38,0.25,20,ONE_POINT,100,100,RANDOM,16
394,39500,132.58289980888367,44699,44706.44,0,0.38,0.25,20,ONE_POINT,100,100,RANDOM,16
395,39600,132.92576599121094,44629,44637.11,0,0.38,0.25,20,ONE_POINT,100,100,RANDOM,16
396,39700,133.24285888671875,44573,44578.85,0,0.38,0.25,20,ONE_POINT,100,100,RANDOM,16
397,39800,133.604660987854,44477,44487.15,0,0.38,0.25,20,ONE_POINT,100,100,RANDOM,16
398,39900,133.9550895690918,44411,44422.72,0,0.38,0.25,20,ONE_POINT,100,100,RANDOM,16
399,40000,134.2944734096527,44297,44343.95,0,0.38,0.25,20,ONE_POINT,100,100,RANDOM,16
400,40100,134.6502285003662,44255,44409.81,0,0.38,0.25,20,ONE_POINT,100,100,RANDOM,16
401,40200,134.99412965774536,44176,44220.45,0,0.38,0.25,20,ONE_POINT,100,100,RANDOM,16
402,40300,135.3084168434143,44079,44089.77,0,0.38,0.25,20,ONE_POINT,100,100,RANDOM,16
403,40400,135.6869032382965,44049,44057.38,0,0.38,0.25,20,ONE_POINT,100,100,RANDOM,16
404,40500,136.06086087226868,44008,44016.21,0,0.38,0.25,20,ONE_POINT,100,100,RANDOM,16
405,40600,136.41586923599243,43967,43972.72,0,0.38,0.25,20,ONE_POINT,100,100,RANDOM,16
406,40700,136.75560855865479,43940,43948.17,0,0.38,0.25,20,ONE_POINT,100,100,RANDOM,16
407,40800,137.07585668563843,43915,43920.16,0,0.38,0.25,20,ONE_POINT,100,100,RANDOM,16
408,40900,137.39850640296936,43849,43854.99,0,0.38,0.25,20,ONE_POINT,100,100,RANDOM,16
409,41000,137.76802349090576,43764,43772.48,0,0.38,0.25,20,ONE_POINT,100,100,RANDOM,16
410,41100,138.10176539421082,43675,43697.52,0,0.38,0.25,20,ONE_POINT,100,100,RANDOM,16
411,41200,138.45326280593872,43608,43619.64,0,0.38,0.25,20,ONE_POINT,100,100,RANDOM,16
412,41300,138.8250424861908,43512,43522.27,0,0.38,0.25,20,ONE_POINT,100,100,RANDOM,16
413,41400,139.13262367248535,43410,43422.37,0,0.38,0.25,20,ONE_POINT,100,100,RANDOM,16
414,41500,139.47229170799255,43383,43396.06,0,0.38,0.25,20,ONE_POINT,100,100,RANDOM,16
415,41600,139.80695414543152,43359,43393.13,0,0.38,0.25,20,ONE_POINT,100,100,RANDOM,16
416,41700,140.1339991092682,43315,43322.8,0,0.38,0.25,20,ONE_POINT,100,100,RANDOM,16
417,41800,140.4867594242096,43276,43290.39,0,0.38,0.25,20,ONE_POINT,100,100,RANDOM,16
418,41900,140.8384509086609,43257,43265.08,0,0.38,0.25,20,ONE_POINT,100,100,RANDOM,16
419,42000,141.14190006256104,43192,43205.42,0,0.38,0.25,20,ONE_POINT,100,100,RANDOM,16
420,42100,141.49145364761353,43149,43162.97,0,0.38,0.25,20,ONE_POINT,100,100,RANDOM,16
421,42200,141.8523871898651,43109,43120.07,0,0.38,0.25,20,ONE_POINT,100,100,RANDOM,16
422,42300,142.15389728546143,43086,43133.33,0,0.38,0.25,20,ONE_POINT,100,100,RANDOM,16
423,42400,142.48703980445862,43040,43105.99,0,0.38,0.25,20,ONE_POINT,100,100,RANDOM,16
424,42500,142.81304955482483,42984,43034.61,0,0.38,0.25,20,ONE_POINT,100,100,RANDOM,16
425,42600,143.132178068161,42927,43028.86,0,0.38,0.25,20,ONE_POINT,100,100,RANDOM,16
426,42700,143.46390914916992,42867,42891.67,0,0.38,0.25,20,ONE_POINT,100,100,RANDOM,16
427,42800,143.79207515716553,42796,42804.41,0,0.38,0.25,20,ONE_POINT,100,100,RANDOM,16
428,42900,144.1322958469391,42731,42781.58,0,0.38,0.25,20,ONE_POINT,100,100,RANDOM,16
429,43000,144.48913884162903,42689,42699.16,0,0.38,0.25,20,ONE_POINT,100,100,RANDOM,16
430,43100,144.85617113113403,42653,42768.13,0,0.38,0.25,20,ONE_POINT,100,100,RANDOM,16
431,43200,145.1782033443451,42577,42588.93,0,0.38,0.25,20,ONE_POINT,100,100,RANDOM,16
432,43300,145.502357006073,42534,42543.2,0,0.38,0.25,20,ONE_POINT,100,100,RANDOM,16
433,43400,145.81963849067688,42420,42433.94,0,0.38,0.25,20,ONE_POINT,100,100,RANDOM,16
434,43500,146.16562223434448,42391,42426.48,0,0.38,0.25,20,ONE_POINT,100,100,RANDOM,16
435,43600,146.47282910346985,42327,42338.18,0,0.38,0.25,20,ONE_POINT,100,100,RANDOM,16
436,43700,146.83852672576904,42250,42273.02,0,0.38,0.25,20,ONE_POINT,100,100,RANDOM,16
437,43800,147.18092823028564,42214,42216.88,0,0.38,0.25,20,ONE_POINT,100,100,RANDOM,16
438,43900,147.48380661010742,42180,42187.71,0,0.38,0.25,20,ONE_POINT,100,100,RANDOM,16
439,44000,147.84789156913757,42132,42139.33,0,0.38,0.25,20,ONE_POINT,100,100,RANDOM,16
440,44100,148.17165899276733,42080,42085.2,0,0.38,0.25,20,ONE_POINT,100,100,RANDOM,16
441,44200,148.53018450737,42026,42038.36,0,0.38,0.25,20,ONE_POINT,100,100,RANDOM,16
442,44300,148.8611958026886,42010,42017.75,0,0.38,0.25,20,ONE_POINT,100,100,RANDOM,16
443,44400,149.17561411857605,41949,41989.1,0,0.38,0.25,20,ONE_POINT,100,100,RANDOM,16
444,44500,149.51185274124146,41888,41954.62,0,0.38,0.25,20,ONE_POINT,100,100,RANDOM,16
445,44600,149.81403756141663,41758,41784.3,0,0.38,0.25,20,ONE_POINT,100,100,RANDOM,16
446,44700,150.11903285980225,41733,41752.12,0,0.38,0.25,20,ONE_POINT,100,100,RANDOM,16
447,44800,150.48795080184937,41669,41681.29,0,0.38,0.25,20,ONE_POINT,100,100,RANDOM,16
448,44900,150.8349838256836,41669,41669.0,0,0.38,0.25,20,ONE_POINT,100,100,RANDOM,16
449,45000,151.14730143547058,41587,41595.2,0,0.38,0.25,20,ONE_POINT,100,100,RANDOM,16
450,45100,151.45868349075317,41518,41536.17,0,0.38,0.25,20,ONE_POINT,100,100,RANDOM,16
451,45200,151.80469465255737,41435,41443.99,0,0.38,0.25,20,ONE_POINT,100,100,RANDOM,16
452,45300,152.15886998176575,41426,41434.5,0,0.38,0.25,20,ONE_POINT,100,100,RANDOM,16
453,45400,152.49272537231445,41380,41389.81,0,0.38,0.25,20,ONE_POINT,100,100,RANDOM,16
454,45500,152.83168697357178,41295,41304.13,0,0.38,0.25,20,ONE_POINT,100,100,RANDOM,16
455,45600,153.16489434242249,41241,41247.04,0,0.38,0.25,20,ONE_POINT,100,100,RANDOM,16
456,45700,153.50415992736816,41196,41203.66,0,0.38,0.25,20,ONE_POINT,100,100,RANDOM,16
457,45800,153.83284044265747,41155,41166.58,0,0.38,0.25,20,ONE_POINT,100,100,RANDOM,16
458,45900,154.18442392349243,41106,41148.87,0,0.38,0.25,20,ONE_POINT,100,100,RANDOM,16
459,46000,154.49463725090027,41068,41086.32,0,0.38,0.25,20,ONE_POINT,100,100,RANDOM,16
460,46100,154.8534767627716,41019,41041.58,0,0.38,0.25,20,ONE_POINT,100,100,RANDOM,16
461,46200,155.19312977790833,40983,41018.16,0,0.38,0.25,20,ONE_POINT,100,100,RANDOM,16
462,46300,155.54270696640015,40959,40963.59,0,0.38,0.25,20,ONE_POINT,100,100,RANDOM,16
463,46400,155.8607258796692,40901,40928.18,0,0.38,0.25,20,ONE_POINT,100,100,RANDOM,16
464,46500,156.1910057067871,40812,40826.71,0,0.38,0.25,20,ONE_POINT,100,100,RANDOM,16
465,46600,156.53528428077698,40742,40750.59,0,0.38,0.25,20,ONE_POINT,100,100,RANDOM,16
466,46700,156.8767604827881,40713,40760.05,0,0.38,0.25,20,ONE_POINT,100,100,RANDOM,16
467,46800,157.17399287223816,40647,40665.13,0,0.38,0.25,20,ONE_POINT,100,100,RANDOM,16
468,46900,157.50165343284607,40578,40585.08,0,0.38,0.25,20,ONE_POINT,100,100,RANDOM,16
469,47000,157.8396258354187,40565,40567.29,0,0.38,0.25,20,ONE_POINT,100,100,RANDOM,16
470,47100,158.1647982597351,40515,40525.98,0,0.38,0.25,20,ONE_POINT,100,100,RANDOM,16
471,47200,158.50620222091675,40464,40473.07,0,0.38,0.25,20,ONE_POINT,100,100,RANDOM,16
472,47300,158.8514485359192,40413,40421.95,0,0.38,0.25,20,ONE_POINT,100,100,RANDOM,16
473,47400,159.202965259552,40301,40370.51,0,0.38,0.25,20,ONE_POINT,100,100,RANDOM,16
474,47500,159.5414412021637,40244,40250.87,0,0.38,0.25,20,ONE_POINT,100,100,RANDOM,16
475,47600,159.8915798664093,40115,40136.63,0,0.38,0.25,20,ONE_POINT,100,100,RANDOM,16
476,47700,160.2285759449005,40057,40065.24,0,0.38,0.25,20,ONE_POINT,100,100,RANDOM,16
477,47800,160.54884934425354,40018,40039.43,0,0.38,0.25,20,ONE_POINT,100,100,RANDOM,16
478,47900,160.8892548084259,39988,39996.52,0,0.38,0.25,20,ONE_POINT,100,100,RANDOM,16
479,48000,161.23322892189026,39924,39930.45,0,0.38,0.25,20,ONE_POINT,100,100,RANDOM,16
480,48100,161.56871151924133,39899,39904.32,0,0.38,0.25,20,ONE_POINT,100,100,RANDOM,16
481,48200,161.90765953063965,39875,39879.37,0,0.38,0.25,20,ONE_POINT,100,100,RANDOM,16
482,48300,162.26883220672607,39842,39848.25,0,0.38,0.25,20,ONE_POINT,100,100,RANDOM,16
483,48400,162.59729027748108,39783,39793.76,0,0.38,0.25,20,ONE_POINT,100,100,RANDOM,16
484,48500,162.9366192817688,39758,39782.4,0,0.38,0.25,20,ONE_POINT,100,100,RANDOM,16
485,48600,163.28638648986816,39740,39742.97,0,0.38,0.25,20,ONE_POINT,100,100,RANDOM,16
486,48700,163.5906708240509,39693,39721.1,0,0.38,0.25,20,ONE_POINT,100,100,RANDOM,16
487,48800,163.89470791816711,39634,39641.01,0,0.38,0.25,20,ONE_POINT,100,100,RANDOM,16
488,48900,164.23575806617737,39561,39570.88,0,0.38,0.25,20,ONE_POINT,100,100,RANDOM,16
489,49000,164.5355052947998,39501,39511.87,0,0.38,0.25,20,ONE_POINT,100,100,RANDOM,16
490,49100,164.87123680114746,39457,39462.23,0,0.38,0.25,20,ONE_POINT,100,100,RANDOM,16
491,49200,165.18824577331543,39424,39454.5,0,0.38,0.25,20,ONE_POINT,100,100,RANDOM,16
492,49300,165.49342107772827,39369,39375.9,0,0.38,0.25,20,ONE_POINT,100,100,RANDOM,16
493,49400,165.79794669151306,39324,39333.84,0,0.38,0.25,20,ONE_POINT,100,100,RANDOM,16
494,49500,166.12424969673157,39250,39257.94,0,0.38,0.25,20,ONE_POINT,100,100,RANDOM,16
495,49600,166.45746636390686,39209,39249.97,0,0.38,0.25,20,ONE_POINT,100,100,RANDOM,16
496,49700,166.80440163612366,39182,39190.7,0,0.38,0.25,20,ONE_POINT,100,100,RANDOM,16
497,49800,167.1535029411316,39149,39170.56,0,0.38,0.25,20,ONE_POINT,100,100,RANDOM,16
498,49900,167.48501110076904,39094,39100.15,0,0.38,0.25,20,ONE_POINT,100,100,RANDOM,16
499,50000,167.8234179019928,39016,39025.14,0,0.38,0.25,20,ONE_POINT,100,100,RANDOM,16
500,50100,168.12149930000305,38960,38970.22,0,0.38,0.25,20,ONE_POINT,100,100,RANDOM,16
1,200,0.2702789306640625,135062,135401.77,0,0.38,0.25,20,ONE_POINT,100,100,RANDOM,17
2,300,0.6080963611602783,132002,132092.75,0,0.38,0.25,20,ONE_POINT,100,100,RANDOM,17
3,400,0.9707632064819336,131403,131426.96,0,0.38,0.25,20,ONE_POINT,100,100,RANDOM,17
4,500,1.3171720504760742,130985,131014.62,0,0.38,0.25,20,ONE_POINT,100,100,RANDOM,17
5,600,1.6799418926239014,130688,130697.03,0,0.38,0.25,20,ONE_POINT,100,100,RANDOM,17
6,700,2.038839101791382,129858,129883.15,0,0.38,0.25,20,ONE_POINT,100,100,RANDOM,17
7,800,2.395954132080078,129082,129105.53,0,0.38,0.25,20,ONE_POINT,100,100,RANDOM,17
8,900,2.7081265449523926,128753,128767.6,0,0.38,0.25,20,ONE_POINT,100,100,RANDOM,17
9,1000,3.0472099781036377,128294,128310.18,0,0.38,0.25,20,ONE_POINT,100,100,RANDOM,17
10,1100,3.3982443809509277,127982,127993.83,0,0.38,0.25,20,ONE_POINT,100,100,RANDOM,17
11,1200,3.7334203720092773,127658,127673.74,0,0.38,0.25,20,ONE_POINT,100,100,RANDOM,17
12,1300,4.0975425243377686,126450,126482.54,0,0.38,0.25,20,ONE_POINT,100,100,RANDOM,17
13,1400,4.4020490646362305,125671,125702.38,0,0.38,0.25,20,ONE_POINT,100,100,RANDOM,17
14,1500,4.774371862411499,125091,125128.22,0,0.38,0.25,20,ONE_POINT,100,100,RANDOM,17
15,1600,5.108892202377319,124688,124787.09,0,0.38,0.25,20,ONE_POINT,100,100,RANDOM,17
16,1700,5.435521841049194,124209,124227.7,0,0.38,0.25,20,ONE_POINT,100,100,RANDOM,17
17,1800,5.759605884552002,123600,123744.73,0,0.38,0.25,20,ONE_POINT,100,100,RANDOM,17
18,1900,6.085107326507568,123154,123246.13,0,0.38,0.25,20,ONE_POINT,100,100,RANDOM,17
19,2000,6.438809871673584,122785,122811.95,0,0.38,0.25,20,ONE_POINT,100,100,RANDOM,17
20,2100,6.771017074584961,121343,121469.75,0,0.38,0.25,20,ONE_POINT,100,100,RANDOM,17
21,2200,7.089927911758423,120644,120689.4,0,0.38,0.25,20,ONE_POINT,100,100,RANDOM,17
22,2300,7.414735317230225,120410,120475.84,0,0.38,0.25,20,ONE_POINT,100,100,RANDOM,17
23,2400,7.745479106903076,119835,119882.05,0,0.38,0.25,20,ONE_POINT,100,100,RANDOM,17
24,2500,8.05567979812622,118820,118860.65,0,0.38,0.25,20,ONE_POINT,100,100,RANDOM,17
25,2600,8.392251968383789,118280,118300.67,0,0.38,0.25,20,ONE_POINT,100,100,RANDOM,17
26,2700,8.720085620880127,117711,117738.71,0,0.38,0.25,20,ONE_POINT,100,100,RANDOM,17
27,2800,9.079524517059326,116673,116713.29,0,0.38,0.25,20,ONE_POINT,100,100,RANDOM,17
28,2900,9.397221803665161,115566,115613.4,0,0.38,0.25,20,ONE_POINT,100,100,RANDOM,17
29,3000,9.699275970458984,115144,115166.43,0,0.38,0.25,20,ONE_POINT,100,100,RANDOM,17
30,3100,9.996779918670654,114791,114815.31,0,0.38,0.25,20,ONE_POINT,100,100,RANDOM,17
31,3200,10.32125449180603,114445,114469.11,0,0.38,0.25,20,ONE_POINT,100,100,RANDOM,17
32,3300,10.66097116470337,114085,114117.77,0,0.38,0.25,20,ONE_POINT,100,100,RANDOM,17
33,3400,10.984298706054688,113897,113910.16,0,0.38,0.25,20,ONE_POINT,100,100,RANDOM,17
34,3500,11.30344271659851,113093,113132.61,0,0.38,0.25,20,ONE_POINT,100,100,RANDOM,17
35,3600,11.67061972618103,112721,112745.38,0,0.38,0.25,20,ONE_POINT,100,100,RANDOM,17
36,3700,11.993101119995117,112053,112078.59,0,0.38,0.25,20,ONE_POINT,100,100,RANDOM,17
37,3800,12.341397523880005,111658,111707.18,0,0.38,0.25,20,ONE_POINT,100,100,RANDOM,17
38,3900,12.712834119796753,111364,111384.05,0,0.38,0.25,20,ONE_POINT,100,100,RANDOM,17
39,4000,13.059673070907593,111169,111217.6,0,0.38,0.25,20,ONE_POINT,100,100,RANDOM,17
40,4100,13.358824729919434,110396,110436.8,0,0.38,0.25,20,ONE_POINT,100,100,RANDOM,17
41,4200,13.674216747283936,110096,110137.67,0,0.38,0.25,20,ONE_POINT,100,100,RANDOM,17
42,4300,14.006590366363525,109797,109821.27,0,0.38,0.25,20,ONE_POINT,100,100,RANDOM,17
43,4400,14.321250677108765,109467,109485.96,0,0.38,0.25,20,ONE_POINT,100,100,RANDOM,17
44,4500,14.641361236572266,108707,108769.94,0,0.38,0.25,20,ONE_POINT,100,100,RANDOM,17
45,4600,14.948216438293457,108435,108453.61,0,0.38,0.25,20,ONE_POINT,100,100,RANDOM,17
46,4700,15.28206467628479,108205,108226.32,0,0.38,0.25,20,ONE_POINT,100,100,RANDOM,17
47,4800,15.612901210784912,107934,107945.39,0,0.38,0.25,20,ONE_POINT,100,100,RANDOM,17
48,4900,15.935733795166016,107590,107603.76,0,0.38,0.25,20,ONE_POINT,100,100,RANDOM,17
49,5000,16.252628326416016,107403,107462.07,0,0.38,0.25,20,ONE_POINT,100,100,RANDOM,17
50,5100,16.56686234474182,106995,107013.63,0,0.38,0.25,20,ONE_POINT,100,100,RANDOM,17
51,5200,16.8856418132782,106732,106752.02,0,0.38,0.25,20,ONE_POINT,100,100,RANDOM,17
52,5300,17.22579073905945,106511,106522.98,0,0.38,0.25,20,ONE_POINT,100,100,RANDOM,17
53,5400,17.569665908813477,104974,105066.42,0,0.38,0.25,20,ONE_POINT,100,100,RANDOM,17
54,5500,17.901660919189453,104018,104108.63,0,0.38,0.25,20,ONE_POINT,100,100,RANDOM,17
55,5600,18.247397899627686,103783,103794.53,0,0.38,0.25,20,ONE_POINT,100,100,RANDOM,17
56,5700,18.570071935653687,103570,103585.33,0,0.38,0.25,20,ONE_POINT,100,100,RANDOM,17
57,5800,18.95182156562805,103235,103248.49,0,0.38,0.25,20,ONE_POINT,100,100,RANDOM,17
58,5900,19.262925624847412,102686,102714.04,0,0.38,0.25,20,ONE_POINT,100,100,RANDOM,17
59,6000,19.62494683265686,102476,102536.79,0,0.38,0.25,20,ONE_POINT,100,100,RANDOM,17
60,6100,19.969775438308716,102201,102229.57,0,0.38,0.25,20,ONE_POINT,100,100,RANDOM,17
61,6200,20.35443639755249,101972,101982.76,0,0.38,0.25,20,ONE_POINT,100,100,RANDOM,17
62,6300,20.681987285614014,101558,101582.62,0,0.38,0.25,20,ONE_POINT,100,100,RANDOM,17
63,6400,21.038567781448364,101392,101401.54,0,0.38,0.25,20,ONE_POINT,100,100,RANDOM,17
64,6500,21.346893787384033,100923,100977.49,0,0.38,0.25,20,ONE_POINT,100,100,RANDOM,17
65,6600,21.67274522781372,100499,100538.43,0,0.38,0.25,20,ONE_POINT,100,100,RANDOM,17
66,6700,21.972977876663208,100324,100364.54,0,0.38,0.25,20,ONE_POINT,100,100,RANDOM,17
67,6800,22.32163095474243,99975,100005.2,0,0.38,0.25,20,ONE_POINT,100,100,RANDOM,17
68,6900,22.63737964630127,99645,99668.11,0,0.38,0.25,20,ONE_POINT,100,100,RANDOM,17
69,7000,22.943575620651245,99169,99198.01,0,0.38,0.25,20,ONE_POINT,100,100,RANDOM,17
70,7100,23.2967848777771,98546,98567.87,0,0.38,0.25,20,ONE_POINT,100,100,RANDOM,17
71,7200,23.627108335494995,98318,98332.48,0,0.38,0.25,20,ONE_POINT,100,100,RANDOM,17
72,7300,23.952571868896484,98050,98063.4,0,0.38,0.25,20,ONE_POINT,100,100,RANDOM,17
73,7400,24.332075357437134,97836,97851.37,0,0.38,0.25,20,ONE_POINT,100,100,RANDOM,17
74,7500,24.64684820175171,97652,97661.99,0,0.38,0.25,20,ONE_POINT,100,100,RANDOM,17
75,7600,24.966187715530396,97422,97446.13,0,0.38,0.25,20,ONE_POINT,100,100,RANDOM,17
76,7700,25.327894687652588,97041,97074.83,0,0.38,0.25,20,ONE_POINT,100,100,RANDOM,17
77,7800,25.705114603042603,96850,96891.79,0,0.38,0.25,20,ONE_POINT,100,100,RANDOM,17
78,7900,26.027719974517822,96327,96391.36,0,0.38,0.25,20,ONE_POINT,100,100,RANDOM,17
79,8000,26.37856912612915,96082,96096.31,0,0.38,0.25,20,ONE_POINT,100,100,RANDOM,17
80,8100,26.719179391860962,95673,95697.54,0,0.38,0.25,20,ONE_POINT,100,100,RANDOM,17
81,8200,27.018986463546753,95343,95358.29,0,0.38,0.25,20,ONE_POINT,100,100,RANDOM,17
82,8300,27.372095823287964,95178,95195.93,0,0.38,0.25,20,ONE_POINT,100,100,RANDOM,17
83,8400,27.72202205657959,94919,94933.08,0,0.38,0.25,20,ONE_POINT,100,100,RANDOM,17
84,8500,28.063063144683838,94634,94647.08,0,0.38,0.25,20,ONE_POINT,100,100,RANDOM,17
85,8600,28.403651237487793,94421,94466.14,0,0.38,0.25,20,ONE_POINT,100,100,RANDOM,17
86,8700,28.731387615203857,93648,93726.82,0,0.38,0.25,20,ONE_POINT,100,100,RANDOM,17
87,8800,29.084528923034668,93313,93355.76,0,0.38,0.25,20,ONE_POINT,100,100,RANDOM,17
88,8900,29.393070220947266,93014,93036.69,0,0.38,0.25,20,ONE_POINT,100,100,RANDOM,17
89,9000,29.733264684677124,92822,92833.41,0,0.38,0.25,20,ONE_POINT,100,100,RANDOM,17
90,9100,30.05370020866394,92617,92655.91,0,0.38,0.25,20,ONE_POINT,100,100,RANDOM,17
91,9200,30.387681484222412,92421,92507.53,0,0.38,0.25,20,ONE_POINT,100,100,RANDOM,17
92,9300,30.728342294692993,92272,92280.94,0,0.38,0.25,20,ONE_POINT,100,100,RANDOM,17
93,9400,31.06053924560547,91669,91700.1,0,0.38,0.25,20,ONE_POINT,100,100,RANDOM,17
94,9500,31.419514417648315,91476,91485.16,0,0.38,0.25,20,ONE_POINT,100,100,RANDOM,17
95,9600,31.761614561080933,91209,91224.15,0,0.38,0.25,20,ONE_POINT,100,100,RANDOM,17
96,9700,32.104379415512085,90927,90965.35,0,0.38,0.25,20,ONE_POINT,100,100,RANDOM,17
97,9800,32.45665621757507,90679,90695.92,0,0.38,0.25,20,ONE_POINT,100,100,RANDOM,17
98,9900,32.79539918899536,90549,90564.21,0,0.38,0.25,20,ONE_POINT,100,100,RANDOM,17
99,10000,33.131255865097046,90350,90364.7,0,0.38,0.25,20,ONE_POINT,100,100,RANDOM,17
100,10100,33.445077419281006,90055,90074.38,0,0.38,0.25,20,ONE_POINT,100,100,RANDOM,17
101,10200,33.78090834617615,89566,89590.9,0,0.38,0.25,20,ONE_POINT,100,100,RANDOM,17
102,10300,34.090266942977905,89378,89424.69,0,0.38,0.25,20,ONE_POINT,100,100,RANDOM,17
103,10400,34.44899582862854,88919,88937.36,0,0.38,0.25,20,ONE_POINT,100,100,RANDOM,17
104,10500,34.79045248031616,88658,88671.05,0,0.38,0.25,20,ONE_POINT,100,100,RANDOM,17
105,10600,35.19921684265137,88464,88484.59,0,0.38,0.25,20,ONE_POINT,100,100,RANDOM,17
106,10700,35.56438732147217,88064,88132.55,0,0.38,0.25,20,ONE_POINT,100,100,RANDOM,17
107,10800,35.88630414009094,87868,87925.93,0,0.38,0.25,20,ONE_POINT,100,100,RANDOM,17
108,10900,36.204586029052734,87640,87652.88,0,0.38,0.25,20,ONE_POINT,100,100,RANDOM,17
109,11000,36.561070919036865,87413,87425.02,0,0.38,0.25,20,ONE_POINT,100,100,RANDOM,17
110,11100,36.882057666778564,87277,87294.39,0,0.38,0.25,20,ONE_POINT,100,100,RANDOM,17
111,11200,37.256731271743774,86987,87007.67,0,0.38,0.25,20,ONE_POINT,100,100,RANDOM,17
112,11300,37.60238981246948,86746,86824.11,0,0.38,0.25,20,ONE_POINT,100,100,RANDOM,17
113,11400,37.926769495010376,86667,86679.0,0,0.38,0.25,20,ONE_POINT,100,100,RANDOM,17
114,11500,38.26949739456177,86356,86384.99,0,0.38,0.25,20,ONE_POINT,100,100,RANDOM,17
115,11600,38.62327480316162,86165,86173.93,0,0.38,0.25,20,ONE_POINT,100,100,RANDOM,17
116,11700,38.94755291938782,86050,86085.37,0,0.38,0.25,20,ONE_POINT,100,100,RANDOM,17
117,11800,39.29021644592285,85892,85905.97,0,0.38,0.25,20,ONE_POINT,100,100,RANDOM,17
118,11900,39.61155557632446,85768,85783.87,0,0.38,0.25,20,ONE_POINT,100,100,RANDOM,17
119,12000,39.95800852775574,85588,85599.89,0,0.38,0.25,20,ONE_POINT,100,100,RANDOM,17
120,12100,40.29623317718506,85276,85292.99,0,0.38,0.25,20,ONE_POINT,100,100,RANDOM,17
121,12200,40.63912320137024,84983,84994.48,0,0.38,0.25,20,ONE_POINT,100,100,RANDOM,17
122,12300,40.98231649398804,84833,84848.99,0,0.38,0.25,20,ONE_POINT,100,100,RANDOM,17
123,12400,41.33695721626282,84691,84702.21,0,0.38,0.25,20,ONE_POINT,100,100,RANDOM,17
124,12500,41.66000580787659,84415,84431.56,0,0.38,0.25,20,ONE_POINT,100,100,RANDOM,17
125,12600,42.01707625389099,84171,84246.66,0,0.38,0.25,20,ONE_POINT,100,100,RANDOM,17
126,12700,42.35186982154846,83786,83814.07,0,0.38,0.25,20,ONE_POINT,100,100,RANDOM,17
127,12800,42.67102313041687,83695,83746.35,0,0.38,0.25,20,ONE_POINT,100,100,RANDOM,17
128,12900,42.97567176818848,83408,83483.15,0,0.38,0.25,20,ONE_POINT,100,100,RANDOM,17
129,13000,43.310582637786865,83195,83213.62,0,0.38,0.25,20,ONE_POINT,100,100,RANDOM,17
130,13100,43.616254806518555,82925,83010.68,0,0.38,0.25,20,ONE_POINT,100,100,RANDOM,17
131,13200,43.95073485374451,82783,82795.87,0,0.38,0.25,20,ONE_POINT,100,100,RANDOM,17
132,13300,44.30361270904541,82541,82558.17,0,0.38,0.25,20,ONE_POINT,100,100,RANDOM,17
133,13400,44.65378189086914,82368,82471.3,0,0.38,0.25,20,ONE_POINT,100,100,RANDOM,17
134,13500,44.967771768569946,82065,82083.76,0,0.38,0.25,20,ONE_POINT,100,100,RANDOM,17
135,13600,45.29943513870239,81990,82025.89,0,0.38,0.25,20,ONE_POINT,100,100,RANDOM,17
136,13700,45.600446462631226,81736,81753.43,0,0.38,0.25,20,ONE_POINT,100,100,RANDOM,17
137,13800,45.924469232559204,81608,81629.49,0,0.38,0.25,20,ONE_POINT,100,100,RANDOM,17
138,13900,46.26406216621399,81390,81406.29,0,0.38,0.25,20,ONE_POINT,100,100,RANDOM,17
139,14000,46.589526414871216,80981,81025.4,0,0.38,0.25,20,ONE_POINT,100,100,RANDOM,17
140,14100,46.898303508758545,80740,80776.11,0,0.38,0.25,20,ONE_POINT,100,100,RANDOM,17
141,14200,47.200892210006714,80596,80615.35,0,0.38,0.25,20,ONE_POINT,100,100,RANDOM,17
142,14300,47.532052993774414,80334,80384.8,0,0.38,0.25,20,ONE_POINT,100,100,RANDOM,17
143,14400,47.89255142211914,80177,80201.03,0,0.38,0.25,20,ONE_POINT,100,100,RANDOM,17
144,14500,48.225157737731934,79962,79979.91,0,0.38,0.25,20,ONE_POINT,100,100,RANDOM,17
145,14600,48.545273303985596,79835,79854.41,0,0.38,0.25,20,ONE_POINT,100,100,RANDOM,17
146,14700,48.88738775253296,79628,79642.86,0,0.38,0.25,20,ONE_POINT,100,100,RANDOM,17
147,14800,49.25544190406799,79503,79567.34,0,0.38,0.25,20,ONE_POINT,100,100,RANDOM,17
148,14900,49.60434293746948,79373,79393.99,0,0.38,0.25,20,ONE_POINT,100,100,RANDOM,17
149,15000,49.91692018508911,79136,79189.29,0,0.38,0.25,20,ONE_POINT,100,100,RANDOM,17
150,15100,50.26224327087402,79006,79055.97,0,0.38,0.25,20,ONE_POINT,100,100,RANDOM,17
151,15200,50.61045861244202,78776,78792.7,0,0.38,0.25,20,ONE_POINT,100,100,RANDOM,17
152,15300,50.97661542892456,78568,78683.7,0,0.38,0.25,20,ONE_POINT,100,100,RANDOM,17
153,15400,51.27504086494446,78375,78488.38,0,0.38,0.25,20,ONE_POINT,100,100,RANDOM,17
154,15500,51.59984588623047,78202,78212.78,0,0.38,0.25,20,ONE_POINT,100,100,RANDOM,17
155,15600,51.89804673194885,78119,78149.71,0,0.38,0.25,20,ONE_POINT,100,100,RANDOM,17
156,15700,52.210554361343384,78018,78029.88,0,0.38,0.25,20,ONE_POINT,100,100,RANDOM,17
157,15800,52.53906226158142,77728,77761.8,0,0.38,0.25,20,ONE_POINT,100,100,RANDOM,17
158,15900,52.89426612854004,77266,77337.1,0,0.38,0.25,20,ONE_POINT,100,100,RANDOM,17
159,16000,53.209084272384644,77101,77139.95,0,0.38,0.25,20,ONE_POINT,100,100,RANDOM,17
160,16100,53.53251314163208,76964,76998.64,0,0.38,0.25,20,ONE_POINT,100,100,RANDOM,17
161,16200,53.86486220359802,76809,76844.15,0,0.38,0.25,20,ONE_POINT,100,100,RANDOM,17
162,16300,54.22514224052429,76654,76667.68,0,0.38,0.25,20,ONE_POINT,100,100,RANDOM,17
163,16400,54.56243085861206,76480,76493.73,0,0.38,0.25,20,ONE_POINT,100,100,RANDOM,17
164,16500,54.91601371765137,76336,76347.88,0,0.38,0.25,20,ONE_POINT,100,100,RANDOM,17
165,16600,55.22954988479614,76212,76242.85,0,0.38,0.25,20,ONE_POINT,100,100,RANDOM,17
166,16700,55.54527425765991,76034,76071.93,0,0.38,0.25,20,ONE_POINT,100,100,RANDOM,17
167,16800,55.84304857254028,75777,75817.56,0,0.38,0.25,20,ONE_POINT,100,100,RANDOM,17
168,16900,56.17298460006714,75566,75595.66,0,0.38,0.25,20,ONE_POINT,100,100,RANDOM,17
169,17000,56.526042461395264,75315,75344.67,0,0.38,0.25,20,ONE_POINT,100,100,RANDOM,17
170,17100,56.856698513031006,75194,75236.99,0,0.38,0.25,20,ONE_POINT,100,100,RANDOM,17
171,17200,57.2078583240509,75088,75099.89,0,0.38,0.25,20,ONE_POINT,100,100,RANDOM,17
172,17300,57.51207709312439,74961,75001.06,0,0.38,0.25,20,ONE_POINT,100,100,RANDOM,17
173,17400,57.846885204315186,74751,74765.78,0,0.38,0.25,20,ONE_POINT,100,100,RANDOM,17
174,17500,58.191521883010864,74583,74649.23,0,0.38,0.25,20,ONE_POINT,100,100,RANDOM,17
175,17600,58.53891897201538,74479,74488.34,0,0.38,0.25,20,ONE_POINT,100,100,RANDOM,17
176,17700,58.87446999549866,74350,74378.46,0,0.38,0.25,20,ONE_POINT,100,100,RANDOM,17
177,17800,59.204243183135986,74181,74276.72,0,0.38,0.25,20,ONE_POINT,100,100,RANDOM,17
178,17900,59.53173875808716,74098,74109.24,0,0.38,0.25,20,ONE_POINT,100,100,RANDOM,17
179,18000,59.885777950286865,73963,74026.76,0,0.38,0.25,20,ONE_POINT,100,100,RANDOM,17
180,18100,60.23877835273743,73849,73860.33,0,0.38,0.25,20,ONE_POINT,100,100,RANDOM,17
181,18200,60.57894325256348,73579,73612.75,0,0.38,0.25,20,ONE_POINT,100,100,RANDOM,17
182,18300,60.895832777023315,73463,73477.85,0,0.38,0.25,20,ONE_POINT,100,100,RANDOM,17
183,18400,61.234295129776,73264,73282.56,0,0.38,0.25,20,ONE_POINT,100,100,RANDOM,17
184,18500,61.58339548110962,73043,73059.7,0,0.38,0.25,20,ONE_POINT,100,100,RANDOM,17
185,18600,61.899120807647705,72881,72895.62,0,0.38,0.25,20,ONE_POINT,100,100,RANDOM,17
186,18700,62.24220681190491,72778,72795.79,0,0.38,0.25,20,ONE_POINT,100,100,RANDOM,17
187,18800,62.57132267951965,72455,72477.28,0,0.38,0.25,20,ONE_POINT,100,100,RANDOM,17
188,18900,62.87783718109131,72305,72341.37,0,0.38,0.25,20,ONE_POINT,100,100,RANDOM,17
189,19000,63.23365020751953,72169,72224.75,0,0.38,0.25,20,ONE_POINT,100,100,RANDOM,17
190,19100,63.567622661590576,72138,72144.42,0,0.38,0.25,20,ONE_POINT,100,100,RANDOM,17
191,19200,63.8984272480011,71897,71961.78,0,0.38,0.25,20,ONE_POINT,100,100,RANDOM,17
192,19300,64.25485825538635,71767,71779.7,0,0.38,0.25,20,ONE_POINT,100,100,RANDOM,17
193,19400,64.61661267280579,71590,71610.82,0,0.38,0.25,20,ONE_POINT,100,100,RANDOM,17
194,19500,64.92780566215515,71422,71434.05,0,0.38,0.25,20,ONE_POINT,100,100,RANDOM,17
195,19600,65.28461694717407,71199,71216.01,0,0.38,0.25,20,ONE_POINT,100,100,RANDOM,17
196,19700,65.61202597618103,71033,71046.28,0,0.38,0.25,20,ONE_POINT,100,100,RANDOM,17
197,19800,65.96279668807983,70837,70861.12,0,0.38,0.25,20,ONE_POINT,100,100,RANDOM,17
198,19900,66.34400129318237,70656,70668.82,0,0.38,0.25,20,ONE_POINT,100,100,RANDOM,17
199,20000,66.65456056594849,70496,70517.97,0,0.38,0.25,20,ONE_POINT,100,100,RANDOM,17
200,20100,67.00193476676941,70385,70404.79,0,0.38,0.25,20,ONE_POINT,100,100,RANDOM,17
201,20200,67.35156178474426,70199,70212.09,0,0.38,0.25,20,ONE_POINT,100,100,RANDOM,17
202,20300,67.67616724967957,69992,70010.04,0,0.38,0.25,20,ONE_POINT,100,100,RANDOM,17
203,20400,68.05381965637207,69818,69903.45,0,0.38,0.25,20,ONE_POINT,100,100,RANDOM,17
204,20500,68.44969630241394,69586,69610.18,0,0.38,0.25,20,ONE_POINT,100,100,RANDOM,17
205,20600,68.80038738250732,69374,69473.28,0,0.38,0.25,20,ONE_POINT,100,100,RANDOM,17
206,20700,69.12549543380737,69136,69150.28,0,0.38,0.25,20,ONE_POINT,100,100,RANDOM,17
207,20800,69.43614459037781,69049,69056.98,0,0.38,0.25,20,ONE_POINT,100,100,RANDOM,17
208,20900,69.76525521278381,68982,68989.41,0,0.38,0.25,20,ONE_POINT,100,100,RANDOM,17
209,21000,70.11480164527893,68840,68884.93,0,0.38,0.25,20,ONE_POINT,100,100,RANDOM,17
210,21100,70.46663117408752,68760,68769.98,0,0.38,0.25,20,ONE_POINT,100,100,RANDOM,17
211,21200,70.79314112663269,68406,68464.9,0,0.38,0.25,20,ONE_POINT,100,100,RANDOM,17
212,21300,71.09177875518799,68173,68196.33,0,0.38,0.25,20,ONE_POINT,100,100,RANDOM,17
213,21400,71.40717625617981,68139,68159.45,0,0.38,0.25,20,ONE_POINT,100,100,RANDOM,17
214,21500,71.73595118522644,68051,68068.89,0,0.38,0.25,20,ONE_POINT,100,100,RANDOM,17
215,21600,72.11517667770386,67899,67980.39,0,0.38,0.25,20,ONE_POINT,100,100,RANDOM,17
216,21700,72.45428204536438,67813,67829.91,0,0.38,0.25,20,ONE_POINT,100,100,RANDOM,17
217,21800,72.81008696556091,67668,67682.42,0,0.38,0.25,20,ONE_POINT,100,100,RANDOM,17
218,21900,73.14255213737488,67554,67560.84,0,0.38,0.25,20,ONE_POINT,100,100,RANDOM,17
219,22000,73.46371674537659,67437,67446.36,0,0.38,0.25,20,ONE_POINT,100,100,RANDOM,17
220,22100,73.80544114112854,67249,67421.45,0,0.38,0.25,20,ONE_POINT,100,100,RANDOM,17
221,22200,74.14925003051758,67082,67108.46,0,0.38,0.25,20,ONE_POINT,100,100,RANDOM,17
222,22300,74.49123239517212,66958,66990.74,0,0.38,0.25,20,ONE_POINT,100,100,RANDOM,17
223,22400,74.84089136123657,66866,66944.63,0,0.38,0.25,20,ONE_POINT,100,100,RANDOM,17
224,22500,75.19504714012146,66694,66708.93,0,0.38,0.25,20,ONE_POINT,100,100,RANDOM,17
225,22600,75.52676248550415,66550,66575.6,0,0.38,0.25,20,ONE_POINT,100,100,RANDOM,17
226,22700,75.845538854599,66449,66465.15,0,0.38,0.25,20,ONE_POINT,100,100,RANDOM,17
227,22800,76.1991457939148,66249,66342.5,0,0.38,0.25,20,ONE_POINT,100,100,RANDOM,17
228,22900,76.53347301483154,66150,66159.9,0,0.38,0.25,20,ONE_POINT,100,100,RANDOM,17
229,23000,76.87723112106323,65604,65636.41,0,0.38,0.25,20,ONE_POINT,100,100,RANDOM,17
230,23100,77.20065712928772,65442,65480.02,0,0.38,0.25,20,ONE_POINT,100,100,RANDOM,17
231,23200,77.49240684509277,65253,65265.18,0,0.38,0.25,20,ONE_POINT,100,100,RANDOM,17
232,23300,77.83729815483093,65132,65152.62,0,0.38,0.25,20,ONE_POINT,100,100,RANDOM,17
233,23400,78.1875672340393,64984,65028.49,0,0.38,0.25,20,ONE_POINT,100,100,RANDOM,17
234,23500,78.54831862449646,64855,64869.11,0,0.38,0.25,20,ONE_POINT,100,100,RANDOM,17
235,23600,78.88502621650696,64745,64754.79,0,0.38,0.25,20,ONE_POINT,100,100,RANDOM,17
236,23700,79.19323515892029,64685,64748.24,0,0.38,0.25,20,ONE_POINT,100,100,RANDOM,17
237,23800,79.53236413002014,64503,64519.1,0,0.38,0.25,20,ONE_POINT,100,100,RANDOM,17
238,23900,79.8393623828888,64412,64452.58,0,0.38,0.25,20,ONE_POINT,100,100,RANDOM,17
239,24000,80.1657657623291,64340,64349.59,0,0.38,0.25,20,ONE_POINT,100,100,RANDOM,17
240,24100,80.4952540397644,64094,64120.35,0,0.38,0.25,20,ONE_POINT,100,100,RANDOM,17
241,24200,80.81794500350952,63978,63996.54,0,0.38,0.25,20,ONE_POINT,100,100,RANDOM,17
242,24300,81.11942148208618,63845,63860.89,0,0.38,0.25,20,ONE_POINT,100,100,RANDOM,17
243,24400,81.44198250770569,63761,63780.55,0,0.38,0.25,20,ONE_POINT,100,100,RANDOM,17
244,24500,81.79519939422607,63669,63689.87,0,0.38,0.25,20,ONE_POINT,100,100,RANDOM,17
245,24600,82.12364721298218,63582,63593.45,0,0.38,0.25,20,ONE_POINT,100,100,RANDOM,17
246,24700,82.4382860660553,63414,63445.85,0,0.38,0.25,20,ONE_POINT,100,100,RANDOM,17
247,24800,82.76256370544434,63281,63296.09,0,0.38,0.25,20,ONE_POINT,100,100,RANDOM,17
248,24900,83.13590049743652,63196,63221.89,0,0.38,0.25,20,ONE_POINT,100,100,RANDOM,17
249,25000,83.48371195793152,63042,63072.0,0,0.38,0.25,20,ONE_POINT,100,100,RANDOM,17
250,25100,83.7870135307312,62902,62941.79,0,0.38,0.25,20,ONE_POINT,100,100,RANDOM,17
251,25200,84.13012313842773,62768,62805.23,0,0.38,0.25,20,ONE_POINT,100,100,RANDOM,17
252,25300,84.48614764213562,62705,62718.42,0,0.38,0.25,20,ONE_POINT,100,100,RANDOM,17
253,25400,84.85104322433472,62581,62594.36,0,0.38,0.25,20,ONE_POINT,100,100,RANDOM,17
254,25500,85.16058659553528,62408,62424.62,0,0.38,0.25,20,ONE_POINT,100,100,RANDOM,17
255,25600,85.47760796546936,62255,62296.69,0,0.38,0.25,20,ONE_POINT,100,100,RANDOM,17
256,25700,85.81672096252441,61971,62016.2,0,0.38,0.25,20,ONE_POINT,100,100,RANDOM,17
257,25800,86.19420194625854,61809,62001.69,0,0.38,0.25,20,ONE_POINT,100,100,RANDOM,17
258,25900,86.50126218795776,61656,61677.5,0,0.38,0.25,20,ONE_POINT,100,100,RANDOM,17
259,26000,86.82878065109253,61566,61765.16,0,0.38,0.25,20,ONE_POINT,100,100,RANDOM,17
260,26100,87.13567543029785,61436,61779.34,0,0.38,0.25,20,ONE_POINT,100,100,RANDOM,17
261,26200,87.44131851196289,61359,61369.52,0,0.38,0.25,20,ONE_POINT,100,100,RANDOM,17
262,26300,87.78922414779663,61226,61237.41,0,0.38,0.25,20,ONE_POINT,100,100,RANDOM,17
263,26400,88.09414076805115,61130,61150.52,0,0.38,0.25,20,ONE_POINT,100,100,RANDOM,17
264,26500,88.44906640052795,60989,61000.28,0,0.38,0.25,20,ONE_POINT,100,100,RANDOM,17
265,26600,88.76454138755798,60911,60942.3,0,0.38,0.25,20,ONE_POINT,100,100,RANDOM,17
266,26700,89.11359643936157,60768,60784.17,0,0.38,0.25,20,ONE_POINT,100,100,RANDOM,17
267,26800,89.45870971679688,60651,60666.58,0,0.38,0.25,20,ONE_POINT,100,100,RANDOM,17
268,26900,89.775803565979,60523,60570.49,0,0.38,0.25,20,ONE_POINT,100,100,RANDOM,17
269,27000,90.12144041061401,60447,60460.2,0,0.38,0.25,20,ONE_POINT,100,100,RANDOM,17
270,27100,90.44219756126404,60326,60336.33,0,0.38,0.25,20,ONE_POINT,100,100,RANDOM,17
271,27200,90.80439400672913,60183,60329.51,0,0.38,0.25,20,ONE_POINT,100,100,RANDOM,17
272,27300,91.12226247787476,60007,60036.22,0,0.38,0.25,20,ONE_POINT,100,100,RANDOM,17
273,27400,91.45848298072815,59798,59822.09,0,0.38,0.25,20,ONE_POINT,100,100,RANDOM,17
274,27500,91.77776741981506,59741,59752.8,0,0.38,0.25,20,ONE_POINT,100,100,RANDOM,17
275,27600,92.11058044433594,59696,59702.98,0,0.38,0.25,20,ONE_POINT,100,100,RANDOM,17
276,27700,92.47009611129761,59620,59642.29,0,0.38,0.25,20,ONE_POINT,100,100,RANDOM,17
277,27800,92.80967688560486,59527,59539.83,0,0.38,0.25,20,ONE_POINT,100,100,RANDOM,17
278,27900,93.15769290924072,59454,59460.82,0,0.38,0.25,20,ONE_POINT,100,100,RANDOM,17
279,28000,93.45574569702148,59316,59346.13,0,0.38,0.25,20,ONE_POINT,100,100,RANDOM,17
280,28100,93.76254272460938,59235,59259.3,0,0.38,0.25,20,ONE_POINT,100,100,RANDOM,17
281,28200,94.07743048667908,59105,59126.1,0,0.38,0.25,20,ONE_POINT,100,100,RANDOM,17
282,28300,94.42672228813171,58918,58931.78,0,0.38,0.25,20,ONE_POINT,100,100,RANDOM,17
283,28400,94.7709789276123,58798,58815.36,0,0.38,0.25,20,ONE_POINT,100,100,RANDOM,17
284,28500,95.09152698516846,58702,58726.91,0,0.38,0.25,20,ONE_POINT,100,100,RANDOM,17
285,28600,95.43935775756836,58548,58566.04,0,0.38,0.25,20,ONE_POINT,100,100,RANDOM,17
286,28700,95.79118728637695,58409,58449.25,0,0.38,0.25,20,ONE_POINT,100,100,RANDOM,17
287,28800,96.12410998344421,58303,58318.1,0,0.38,0.25,20,ONE_POINT,100,100,RANDOM,17
288,28900,96.46847772598267,58180,58216.71,0,0.38,0.25,20,ONE_POINT,100,100,RANDOM,17
289,29000,96.78676724433899,57988,58021.67,0,0.38,0.25,20,ONE_POINT,100,100,RANDOM,17
290,29100,97.14017534255981,57897,57907.61,0,0.38,0.25,20,ONE_POINT,100,100,RANDOM,17
291,29200,97.46990919113159,57833,57902.98,0,0.38,0.25,20,ONE_POINT,100,100,RANDOM,17
292,29300,97.80327248573303,57772,57782.69,0,0.38,0.25,20,ONE_POINT,100,100,RANDOM,17
293,29400,98.15773820877075,57504,57525.31,0,0.38,0.25,20,ONE_POINT,100,100,RANDOM,17
294,29500,98.50134468078613,57436,57446.92,0,0.38,0.25,20,ONE_POINT,100,100,RANDOM,17
295,29600,98.86470127105713,57368,57385.15,0,0.38,0.25,20,ONE_POINT,100,100,RANDOM,17
296,29700,99.21111941337585,57246,57263.66,0,0.38,0.25,20,ONE_POINT,100,100,RANDOM,17
297,29800,99.54775094985962,57179,57204.55,0,0.38,0.25,20,ONE_POINT,100,100,RANDOM,17
298,29900,99.88105630874634,57042,57055.18,0,0.38,0.25,20,ONE_POINT,100,100,RANDOM,17
299,30000,100.22407102584839,56974,57046.27,0,0.38,0.25,20,ONE_POINT,100,100,RANDOM,17
300,30100,100.53835988044739,56831,56844.66,0,0.38,0.25,20,ONE_POINT,100,100,RANDOM,17
301,30200,100.84411263465881,56737,56869.67,0,0.38,0.25,20,ONE_POINT,100,100,RANDOM,17
302,30300,101.1488630771637,56503,56519.53,0,0.38,0.25,20,ONE_POINT,100,100,RANDOM,17
303,30400,101.49075126647949,56437,56446.29,0,0.38,0.25,20,ONE_POINT,100,100,RANDOM,17
304,30500,101.87423253059387,56354,56380.44,0,0.38,0.25,20,ONE_POINT,100,100,RANDOM,17
305,30600,102.32475447654724,56313,56320.85,0,0.38,0.25,20,ONE_POINT,100,100,RANDOM,17
306,30700,102.69840025901794,56230,56238.3,0,0.38,0.25,20,ONE_POINT,100,100,RANDOM,17
307,30800,103.02788615226746,56085,56109.66,0,0.38,0.25,20,ONE_POINT,100,100,RANDOM,17
308,30900,103.33483266830444,55994,56012.28,0,0.38,0.25,20,ONE_POINT,100,100,RANDOM,17
309,31000,103.67865324020386,55899,55921.89,0,0.38,0.25,20,ONE_POINT,100,100,RANDOM,17
310,31100,104.00406241416931,55854,55887.46,0,0.38,0.25,20,ONE_POINT,100,100,RANDOM,17
311,31200,104.31817817687988,55763,55770.71,0,0.38,0.25,20,ONE_POINT,100,100,RANDOM,17
312,31300,104.65644073486328,55696,55704.17,0,0.38,0.25,20,ONE_POINT,100,100,RANDOM,17
313,31400,104.98619818687439,55627,55633.56,0,0.38,0.25,20,ONE_POINT,100,100,RANDOM,17
314,31500,105.34701323509216,55554,55561.83,0,0.38,0.25,20,ONE_POINT,100,100,RANDOM,17
315,31600,105.70605158805847,55448,55501.57,0,0.38,0.25,20,ONE_POINT,100,100,RANDOM,17
316,31700,106.04554629325867,55236,55263.44,0,0.38,0.25,20,ONE_POINT,100,100,RANDOM,17
317,31800,106.40727090835571,55199,55232.52,0,0.38,0.25,20,ONE_POINT,100,100,RANDOM,17
318,31900,106.74665403366089,55078,55089.77,0,0.38,0.25,20,ONE_POINT,100,100,RANDOM,17
319,32000,107.08008742332458,54939,54951.37,0,0.38,0.25,20,ONE_POINT,100,100,RANDOM,17
320,32100,107.42025971412659,54863,54908.52,0,0.38,0.25,20,ONE_POINT,100,100,RANDOM,17
321,32200,107.72718024253845,54772,54797.95,0,0.38,0.25,20,ONE_POINT,100,100,RANDOM,17
322,32300,108.04604744911194,54634,54646.98,0,0.38,0.25,20,ONE_POINT,100,100,RANDOM,17
323,32400,108.35997915267944,54599,54605.06,0,0.38,0.25,20,ONE_POINT,100,100,RANDOM,17
324,32500,108.71522283554077,54487,54503.77,0,0.38,0.25,20,ONE_POINT,100,100,RANDOM,17
325,32600,109.04763603210449,54382,54392.04,0,0.38,0.25,20,ONE_POINT,100,100,RANDOM,17
326,32700,109.36342716217041,54267,54286.72,0,0.38,0.25,20,ONE_POINT,100,100,RANDOM,17
327,32800,109.71032691001892,54163,54193.79,0,0.38,0.25,20,ONE_POINT,100,100,RANDOM,17
328,32900,110.0123438835144,54049,54066.49,0,0.38,0.25,20,ONE_POINT,100,100,RANDOM,17
329,33000,110.36797261238098,53878,53903.71,0,0.38,0.25,20,ONE_POINT,100,100,RANDOM,17
330,33100,110.70195078849792,53796,53803.77,0,0.38,0.25,20,ONE_POINT,100,100,RANDOM,17
331,33200,111.0348858833313,53709,53720.04,0,0.38,0.25,20,ONE_POINT,100,100,RANDOM,17
332,33300,111.38914442062378,53636,53646.57,0,0.38,0.25,20,ONE_POINT,100,100,RANDOM,17
333,33400,111.73388290405273,53536,53557.75,0,0.38,0.25,20,ONE_POINT,100,100,RANDOM,17
334,33500,112.07753944396973,53461,53478.03,0,0.38,0.25,20,ONE_POINT,100,100,RANDOM,17
335,33600,112.39317417144775,53295,53460.57,0,0.38,0.25,20,ONE_POINT,100,100,RANDOM,17
336,33700,112.7482099533081,53217,53237.33,0,0.38,0.25,20,ONE_POINT,100,100,RANDOM,17
337,33800,113.0758650302887,53123,53213.74,0,0.38,0.25,20,ONE_POINT,100,100,RANDOM,17
338,33900,113.41059923171997,53059,53065.33,0,0.38,0.25,20,ONE_POINT,100,100,RANDOM,17
339,34000,113.73557209968567,53035,53041.7,0,0.38,0.25,20,ONE_POINT,100,100,RANDOM,17
340,34100,114.04109644889832,52992,52998.94,0,0.38,0.25,20,ONE_POINT,100,100,RANDOM,17
341,34200,114.36950635910034,52924,53073.77,0,0.38,0.25,20,ONE_POINT,100,100,RANDOM,17
342,34300,114.70941185951233,52788,52828.05,0,0.38,0.25,20,ONE_POINT,100,100,RANDOM,17
343,34400,115.0455756187439,52709,52728.82,0,0.38,0.25,20,ONE_POINT,100,100,RANDOM,17
344,34500,115.38208842277527,52661,52680.13,0,0.38,0.25,20,ONE_POINT,100,100,RANDOM,17
345,34600,115.7165789604187,52592,52610.21,0,0.38,0.25,20,ONE_POINT,100,100,RANDOM,17
346,34700,116.07335424423218,52477,52492.84,0,0.38,0.25,20,ONE_POINT,100,100,RANDOM,17
347,34800,116.41712665557861,52422,52447.25,0,0.38,0.25,20,ONE_POINT,100,100,RANDOM,17
348,34900,116.7245671749115,52329,52338.88,0,0.38,0.25,20,ONE_POINT,100,100,RANDOM,17
349,35000,117.06924724578857,52240,52250.35,0,0.38,0.25,20,ONE_POINT,100,100,RANDOM,17
350,35100,117.43139481544495,52140,52167.68,0,0.38,0.25,20,ONE_POINT,100,100,RANDOM,17
351,35200,117.79098844528198,52063,52077.72,0,0.38,0.25,20,ONE_POINT,100,100,RANDOM,17
352,35300,118.11461663246155,51980,51992.19,0,0.38,0.25,20,ONE_POINT,100,100,RANDOM,17
353,35400,118.42495155334473,51945,51969.03,0,0.38,0.25,20,ONE_POINT,100,100,RANDOM,17
354,35500,118.79252290725708,51888,51910.82,0,0.38,0.25,20,ONE_POINT,100,100,RANDOM,17
355,35600,119.14137864112854,51769,51781.23,0,0.38,0.25,20,ONE_POINT,100,100,RANDOM,17
356,35700,119.45876002311707,51664,51708.71,0,0.38,0.25,20,ONE_POINT,100,100,RANDOM,17
357,35800,119.79794716835022,51605,51624.36,0,0.38,0.25,20,ONE_POINT,100,100,RANDOM,17
358,35900,120.1264579296112,51510,51519.73,0,0.38,0.25,20,ONE_POINT,100,100,RANDOM,17
359,36000,120.4379346370697,51423,51437.2,0,0.38,0.25,20,ONE_POINT,100,100,RANDOM,17
360,36100,120.74317002296448,51391,51421.54,0,0.38,0.25,20,ONE_POINT,100,100,RANDOM,17
361,36200,121.09017562866211,51327,51334.19,0,0.38,0.25,20,ONE_POINT,100,100,RANDOM,17
362,36300,121.42185544967651,51221,51239.55,0,0.38,0.25,20,ONE_POINT,100,100,RANDOM,17
363,36400,121.75888967514038,51071,51095.19,0,0.38,0.25,20,ONE_POINT,100,100,RANDOM,17
364,36500,122.1017017364502,50980,50991.86,0,0.38,0.25,20,ONE_POINT,100,100,RANDOM,17
365,36600,122.46306300163269,50798,50828.33,0,0.38,0.25,20,ONE_POINT,100,100,RANDOM,17
366,36700,122.77769351005554,50762,50773.22,0,0.38,0.25,20,ONE_POINT,100,100,RANDOM,17
367,36800,123.0959370136261,50636,50647.03,0,0.38,0.25,20,ONE_POINT,100,100,RANDOM,17
368,36900,123.4244167804718,50546,50555.39,0,0.38,0.25,20,ONE_POINT,100,100,RANDOM,17
369,37000,123.74399852752686,50478,50671.68,0,0.38,0.25,20,ONE_POINT,100,100,RANDOM,17
370,37100,124.07528758049011,50390,50399.48,0,0.38,0.25,20,ONE_POINT,100,100,RANDOM,17
371,37200,124.42623805999756,50264,50279.81,0,0.38,0.25,20,ONE_POINT,100,100,RANDOM,17
372,37300,124.78385806083679,50165,50177.25,0,0.38,0.25,20,ONE_POINT,100,100,RANDOM,17
373,37400,125.14407539367676,50108,50125.24,0,0.38,0.25,20,ONE_POINT,100,100,RANDOM,17
374,37500,125.49898791313171,50022,50053.84,0,0.38,0.25,20,ONE_POINT,100,100,RANDOM,17
375,37600,125.85509538650513,49865,49875.83,0,0.38,0.25,20,ONE_POINT,100,100,RANDOM,17
376,37700,126.19376039505005,49798,49804.46,0,0.38,0.25,20,ONE_POINT,100,100,RANDOM,17
377,37800,126.53892350196838,49763,49912.86,0,0.38,0.25,20,ONE_POINT,100,100,RANDOM,17
378,37900,126.85406160354614,49525,49548.38,0,0.38,0.25,20,ONE_POINT,100,100,RANDOM,17
379,38000,127.21041774749756,49433,49441.49,0,0.38,0.25,20,ONE_POINT,100,100,RANDOM,17
380,38100,127.52307724952698,49276,49292.13,0,0.38,0.25,20,ONE_POINT,100,100,RANDOM,17
381,38200,127.82665634155273,49208,49226.29,0,0.38,0.25,20,ONE_POINT,100,100,RANDOM,17
382,38300,128.12956714630127,49129,49150.74,0,0.38,0.25,20,ONE_POINT,100,100,RANDOM,17
383,38400,128.49763894081116,49069,49086.94,0,0.38,0.25,20,ONE_POINT,100,100,RANDOM,17
384,38500,128.85440015792847,49003,49028.4,0,0.38,0.25,20,ONE_POINT,100,100,RANDOM,17
385,38600,129.20038557052612,48933,48960.15,0,0.38,0.25,20,ONE_POINT,100,100,RANDOM,17
386,38700,129.54172539710999,48849,48876.25,0,0.38,0.25,20,ONE_POINT,100,100,RANDOM,17
387,38800,129.84100484848022,48788,48798.35,0,0.38,0.25,20,ONE_POINT,100,100,RANDOM,17
388,38900,130.21608757972717,48758,48783.04,0,0.38,0.25,20,ONE_POINT,100,100,RANDOM,17
389,39000,130.51654696464539,48639,48651.75,0,0.38,0.25,20,ONE_POINT,100,100,RANDOM,17
390,39100,130.83767986297607,48582,48606.24,0,0.38,0.25,20,ONE_POINT,100,100,RANDOM,17
391,39200,131.16501379013062,48467,48480.61,0,0.38,0.25,20,ONE_POINT,100,100,RANDOM,17
392,39300,131.48304724693298,48388,48410.65,0,0.38,0.25,20,ONE_POINT,100,100,RANDOM,17
393,39400,131.8168122768402,48342,48354.41,0,0.38,0.25,20,ONE_POINT,100,100,RANDOM,17
394,39500,132.1208770275116,48243,48268.56,0,0.38,0.25,20,ONE_POINT,100,100,RANDOM,17
395,39600,132.4921588897705,48179,48193.42,0,0.38,0.25,20,ONE_POINT,100,100,RANDOM,17
396,39700,132.84503531455994,48108,48117.79,0,0.38,0.25,20,ONE_POINT,100,100,RANDOM,17
397,39800,133.19894671440125,48083,48098.41,0,0.38,0.25,20,ONE_POINT,100,100,RANDOM,17
398,39900,133.56972765922546,48024,48048.97,0,0.38,0.25,20,ONE_POINT,100,100,RANDOM,17
399,40000,133.88876748085022,47814,47929.19,0,0.38,0.25,20,ONE_POINT,100,100,RANDOM,17
400,40100,134.1989643573761,47740,47759.67,0,0.38,0.25,20,ONE_POINT,100,100,RANDOM,17
401,40200,134.4982933998108,47684,47693.48,0,0.38,0.25,20,ONE_POINT,100,100,RANDOM,17
402,40300,134.84045886993408,47628,47646.57,0,0.38,0.25,20,ONE_POINT,100,100,RANDOM,17
403,40400,135.22818207740784,47561,47651.89,0,0.38,0.25,20,ONE_POINT,100,100,RANDOM,17
404,40500,135.5737943649292,47504,47511.91,0,0.38,0.25,20,ONE_POINT,100,100,RANDOM,17
405,40600,135.92583656311035,47387,47411.82,0,0.38,0.25,20,ONE_POINT,100,100,RANDOM,17
406,40700,136.28589725494385,47204,47224.27,0,0.38,0.25,20,ONE_POINT,100,100,RANDOM,17
407,40800,136.59577131271362,47170,47173.12,0,0.38,0.25,20,ONE_POINT,100,100,RANDOM,17
408,40900,136.92568278312683,47141,47181.0,0,0.38,0.25,20,ONE_POINT,100,100,RANDOM,17
409,41000,137.28826093673706,47101,47120.51,0,0.38,0.25,20,ONE_POINT,100,100,RANDOM,17
410,41100,137.63746571540833,47008,47025.48,0,0.38,0.25,20,ONE_POINT,100,100,RANDOM,17
411,41200,137.98293375968933,46986,46993.64,0,0.38,0.25,20,ONE_POINT,100,100,RANDOM,17
412,41300,138.30337238311768,46904,46966.82,0,0.38,0.25,20,ONE_POINT,100,100,RANDOM,17
413,41400,138.6715235710144,46896,46914.96,0,0.38,0.25,20,ONE_POINT,100,100,RANDOM,17
414,41500,138.98847317695618,46875,47007.71,0,0.38,0.25,20,ONE_POINT,100,100,RANDOM,17
415,41600,139.31590294837952,46765,46775.93,0,0.38,0.25,20,ONE_POINT,100,100,RANDOM,17
416,41700,139.67643022537231,46713,46718.03,0,0.38,0.25,20,ONE_POINT,100,100,RANDOM,17
417,41800,140.0054633617401,46691,46798.62,0,0.38,0.25,20,ONE_POINT,100,100,RANDOM,17
418,41900,140.35305213928223,46632,46639.45,0,0.38,0.25,20,ONE_POINT,100,100,RANDOM,17
419,42000,140.6653938293457,46558,46577.55,0,0.38,0.25,20,ONE_POINT,100,100,RANDOM,17
420,42100,140.98899245262146,46485,46498.53,0,0.38,0.25,20,ONE_POINT,100,100,RANDOM,17
421,42200,141.32653617858887,46438,46448.95,0,0.38,0.25,20,ONE_POINT,100,100,RANDOM,17
422,42300,141.63204407691956,46383,46388.46,0,0.38,0.25,20,ONE_POINT,100,100,RANDOM,17
423,42400,141.98474073410034,46327,46353.42,0,0.38,0.25,20,ONE_POINT,100,100,RANDOM,17
424,42500,142.32009267807007,46261,46321.6,0,0.38,0.25,20,ONE_POINT,100,100,RANDOM,17
425,42600,142.67226886749268,46231,46238.97,0,0.38,0.25,20,ONE_POINT,100,100,RANDOM,17
426,42700,142.9971306324005,46153,46162.81,0,0.38,0.25,20,ONE_POINT,100,100,RANDOM,17
427,42800,143.32118773460388,46126,46130.38,0,0.38,0.25,20,ONE_POINT,100,100,RANDOM,17
428,42900,143.66677021980286,46097,46112.88,0,0.38,0.25,20,ONE_POINT,100,100,RANDOM,17
429,43000,143.98579239845276,45999,46017.32,0,0.38,0.25,20,ONE_POINT,100,100,RANDOM,17
430,43100,144.34956908226013,45791,45896.6,0,0.38,0.25,20,ONE_POINT,100,100,RANDOM,17
431,43200,144.68761825561523,45752,45759.26,0,0.38,0.25,20,ONE_POINT,100,100,RANDOM,17
432,43300,145.0425205230713,45702,45708.76,0,0.38,0.25,20,ONE_POINT,100,100,RANDOM,17
433,43400,145.40058517456055,45639,45651.69,0,0.38,0.25,20,ONE_POINT,100,100,RANDOM,17
434,43500,145.7216453552246,45589,45594.99,0,0.38,0.25,20,ONE_POINT,100,100,RANDOM,17
435,43600,146.0889163017273,45547,45563.73,0,0.38,0.25,20,ONE_POINT,100,100,RANDOM,17
436,43700,146.43618512153625,45390,45409.83,0,0.38,0.25,20,ONE_POINT,100,100,RANDOM,17
437,43800,146.78514504432678,45334,45342.07,0,0.38,0.25,20,ONE_POINT,100,100,RANDOM,17
438,43900,147.0931839942932,45303,45309.48,0,0.38,0.25,20,ONE_POINT,100,100,RANDOM,17
439,44000,147.39066672325134,45251,45270.39,0,0.38,0.25,20,ONE_POINT,100,100,RANDOM,17
440,44100,147.7297604084015,45208,45259.59,0,0.38,0.25,20,ONE_POINT,100,100,RANDOM,17
441,44200,148.0380687713623,45196,45220.34,0,0.38,0.25,20,ONE_POINT,100,100,RANDOM,17
442,44300,148.37538981437683,45167,45180.86,0,0.38,0.25,20,ONE_POINT,100,100,RANDOM,17
443,44400,148.67774367332458,45117,45124.13,0,0.38,0.25,20,ONE_POINT,100,100,RANDOM,17
444,44500,149.02294182777405,45079,45087.79,0,0.38,0.25,20,ONE_POINT,100,100,RANDOM,17
445,44600,149.32685327529907,44984,44991.88,0,0.38,0.25,20,ONE_POINT,100,100,RANDOM,17
446,44700,149.65857434272766,44950,44955.68,0,0.38,0.25,20,ONE_POINT,100,100,RANDOM,17
447,44800,149.961772441864,44904,44918.13,0,0.38,0.25,20,ONE_POINT,100,100,RANDOM,17
448,44900,150.29576516151428,44874,44881.44,0,0.38,0.25,20,ONE_POINT,100,100,RANDOM,17
449,45000,150.60247421264648,44779,44789.26,0,0.38,0.25,20,ONE_POINT,100,100,RANDOM,17
450,45100,150.9388415813446,44693,44710.87,0,0.38,0.25,20,ONE_POINT,100,100,RANDOM,17
451,45200,151.25463581085205,44644,44662.01,0,0.38,0.25,20,ONE_POINT,100,100,RANDOM,17
452,45300,151.6000370979309,44580,44591.85,0,0.38,0.25,20,ONE_POINT,100,100,RANDOM,17
453,45400,151.89834690093994,44502,44512.15,0,0.38,0.25,20,ONE_POINT,100,100,RANDOM,17
454,45500,152.2602527141571,44443,44448.75,0,0.38,0.25,20,ONE_POINT,100,100,RANDOM,17
455,45600,152.56721782684326,44415,44474.81,0,0.38,0.25,20,ONE_POINT,100,100,RANDOM,17
456,45700,152.92375588417053,44377,44384.13,0,0.38,0.25,20,ONE_POINT,100,100,RANDOM,17
457,45800,153.23717665672302,44339,44343.76,0,0.38,0.25,20,ONE_POINT,100,100,RANDOM,17
458,45900,153.58215975761414,44256,44267.0,0,0.38,0.25,20,ONE_POINT,100,100,RANDOM,17
459,46000,153.93120670318604,44206,44213.85,0,0.38,0.25,20,ONE_POINT,100,100,RANDOM,17
460,46100,154.26303243637085,44130,44160.28,0,0.38,0.25,20,ONE_POINT,100,100,RANDOM,17
461,46200,154.58138179779053,44114,44117.24,0,0.38,0.25,20,ONE_POINT,100,100,RANDOM,17
462,46300,154.94651079177856,44082,44086.5,0,0.38,0.25,20,ONE_POINT,100,100,RANDOM,17
463,46400,155.31331300735474,44050,44055.12,0,0.38,0.25,20,ONE_POINT,100,100,RANDOM,17
464,46500,155.63731169700623,44017,44021.95,0,0.38,0.25,20,ONE_POINT,100,100,RANDOM,17
465,46600,156.00060391426086,43970,44011.86,0,0.38,0.25,20,ONE_POINT,100,100,RANDOM,17
466,46700,156.33327436447144,43937,43963.15,0,0.38,0.25,20,ONE_POINT,100,100,RANDOM,17
467,46800,156.64866614341736,43860,43879.75,0,0.38,0.25,20,ONE_POINT,100,100,RANDOM,17
468,46900,156.9608039855957,43826,43831.88,0,0.38,0.25,20,ONE_POINT,100,100,RANDOM,17
469,47000,157.26561284065247,43798,43803.55,0,0.38,0.25,20,ONE_POINT,100,100,RANDOM,17
470,47100,157.57533884048462,43752,43797.9,0,0.38,0.25,20,ONE_POINT,100,100,RANDOM,17
471,47200,157.89427661895752,43674,43719.69,0,0.38,0.25,20,ONE_POINT,100,100,RANDOM,17
472,47300,158.22829174995422,43598,43605.27,0,0.38,0.25,20,ONE_POINT,100,100,RANDOM,17
473,47400,158.56787395477295,43455,43471.48,0,0.38,0.25,20,ONE_POINT,100,100,RANDOM,17
474,47500,158.93256855010986,43422,43435.52,0,0.38,0.25,20,ONE_POINT,100,100,RANDOM,17
475,47600,159.2958106994629,43335,43421.92,0,0.38,0.25,20,ONE_POINT,100,100,RANDOM,17
476,47700,159.6185052394867,43286,43380.78,0,0.38,0.25,20,ONE_POINT,100,100,RANDOM,17
477,47800,159.95034456253052,43218,43308.01,0,0.38,0.25,20,ONE_POINT,100,100,RANDOM,17
478,47900,160.26374125480652,43209,43226.73,0,0.38,0.25,20,ONE_POINT,100,100,RANDOM,17
479,48000,160.57263278961182,43199,43201.14,0,0.38,0.25,20,ONE_POINT,100,100,RANDOM,17
480,48100,160.90857982635498,43160,43164.96,0,0.38,0.25,20,ONE_POINT,100,100,RANDOM,17
481,48200,161.25537824630737,43117,43130.13,0,0.38,0.25,20,ONE_POINT,100,100,RANDOM,17
482,48300,161.57663130760193,43089,43096.85,0,0.38,0.25,20,ONE_POINT,100,100,RANDOM,17
483,48400,161.93418431282043,42957,42969.14,0,0.38,0.25,20,ONE_POINT,100,100,RANDOM,17
484,48500,162.2641623020172,42898,42915.4,0,0.38,0.25,20,ONE_POINT,100,100,RANDOM,17
485,48600,162.58926630020142,42843,42849.05,0,0.38,0.25,20,ONE_POINT,100,100,RANDOM,17
486,48700,162.91650199890137,42804,42820.34,0,0.38,0.25,20,ONE_POINT,100,100,RANDOM,17
487,48800,163.26277685165405,42733,42754.47,0,0.38,0.25,20,ONE_POINT,100,100,RANDOM,17
488,48900,163.60008692741394,42686,42701.8,0,0.38,0.25,20,ONE_POINT,100,100,RANDOM,17
489,49000,163.9155876636505,42620,42631.34,0,0.38,0.25,20,ONE_POINT,100,100,RANDOM,17
490,49100,164.22490215301514,42559,42564.94,0,0.38,0.25,20,ONE_POINT,100,100,RANDOM,17
491,49200,164.58731937408447,42496,42759.53,0,0.38,0.25,20,ONE_POINT,100,100,RANDOM,17
492,49300,164.92110562324524,42444,42454.77,0,0.38,0.25,20,ONE_POINT,100,100,RANDOM,17
493,49400,165.27165722846985,42386,42405.05,0,0.38,0.25,20,ONE_POINT,100,100,RANDOM,17
494,49500,165.57585215568542,42255,42269.33,0,0.38,0.25,20,ONE_POINT,100,100,RANDOM,17
495,49600,165.90830826759338,42211,42217.87,0,0.38,0.25,20,ONE_POINT,100,100,RANDOM,17
496,49700,166.21969962120056,42178,42247.61,0,0.38,0.25,20,ONE_POINT,100,100,RANDOM,17
497,49800,166.570894241333,42131,42140.78,0,0.38,0.25,20,ONE_POINT,100,100,RANDOM,17
498,49900,166.88632154464722,42077,42091.58,0,0.38,0.25,20,ONE_POINT,100,100,RANDOM,17
499,50000,167.2098889350891,42023,42036.62,0,0.38,0.25,20,ONE_POINT,100,100,RANDOM,17
500,50100,167.52000188827515,41940,41955.84,0,0.38,0.25,20,ONE_POINT,100,100,RANDOM,17
1,200,0.21239709854125977,137384,135476.0,0,0.38,0.25,20,ONE_POINT,100,100,RANDOM,18
2,300,0.6348493099212646,133174,133244.14,0,0.38,0.25,20,ONE_POINT,100,100,RANDOM,18
3,400,0.9801127910614014,129862,129928.24,0,0.38,0.25,20,ONE_POINT,100,100,RANDOM,18
4,500,1.409754991531372,129092,129122.82,0,0.38,0.25,20,ONE_POINT,100,100,RANDOM,18
5,600,1.7637412548065186,127781,127808.67,0,0.38,0.25,20,ONE_POINT,100,100,RANDOM,18
6,700,2.09603214263916,127373,127536.34,0,0.38,0.25,20,ONE_POINT,100,100,RANDOM,18
7,800,2.4320437908172607,126654,126702.84,0,0.38,0.25,20,ONE_POINT,100,100,RANDOM,18
8,900,2.8076162338256836,125410,125456.15,0,0.38,0.25,20,ONE_POINT,100,100,RANDOM,18
9,1000,3.1656129360198975,124108,124159.27,0,0.38,0.25,20,ONE_POINT,100,100,RANDOM,18
10,1100,3.5106022357940674,123472,123506.24,0,0.38,0.25,20,ONE_POINT,100,100,RANDOM,18
11,1200,3.8216118812561035,123073,123105.18,0,0.38,0.25,20,ONE_POINT,100,100,RANDOM,18
12,1300,4.143855810165405,122362,122400.56,0,0.38,0.25,20,ONE_POINT,100,100,RANDOM,18
13,1400,4.498730421066284,121962,121998.28,0,0.38,0.25,20,ONE_POINT,100,100,RANDOM,18
14,1500,4.852464199066162,121678,121693.02,0,0.38,0.25,20,ONE_POINT,100,100,RANDOM,18
15,1600,5.201850652694702,121148,121189.02,0,0.38,0.25,20,ONE_POINT,100,100,RANDOM,18
16,1700,5.532668113708496,120495,120539.79,0,0.38,0.25,20,ONE_POINT,100,100,RANDOM,18
17,1800,5.85912561416626,120227,120245.67,0,0.38,0.25,20,ONE_POINT,100,100,RANDOM,18
18,1900,6.193167686462402,119587,119612.75,0,0.38,0.25,20,ONE_POINT,100,100,RANDOM,18
19,2000,6.534281015396118,118786,118826.75,0,0.38,0.25,20,ONE_POINT,100,100,RANDOM,18
20,2100,6.839306831359863,118232,118256.42,0,0.38,0.25,20,ONE_POINT,100,100,RANDOM,18
21,2200,7.1783671379089355,117900,117920.42,0,0.38,0.25,20,ONE_POINT,100,100,RANDOM,18
22,2300,7.524533033370972,117419,117442.55,0,0.38,0.25,20,ONE_POINT,100,100,RANDOM,18
23,2400,7.8362877368927,116703,116748.99,0,0.38,0.25,20,ONE_POINT,100,100,RANDOM,18
24,2500,8.188961744308472,115975,116002.94,0,0.38,0.25,20,ONE_POINT,100,100,RANDOM,18
25,2600,8.503232479095459,115610,115673.64,0,0.38,0.25,20,ONE_POINT,100,100,RANDOM,18
26,2700,8.874948740005493,115234,115333.28,0,0.38,0.25,20,ONE_POINT,100,100,RANDOM,18
27,2800,9.188870429992676,114582,114608.11,0,0.38,0.25,20,ONE_POINT,100,100,RANDOM,18
28,2900,9.51088285446167,114093,114112.56,0,0.38,0.25,20,ONE_POINT,100,100,RANDOM,18
29,3000,9.838194608688354,113251,113284.68,0,0.38,0.25,20,ONE_POINT,100,100,RANDOM,18
30,3100,10.198371887207031,112513,112549.47,0,0.38,0.25,20,ONE_POINT,100,100,RANDOM,18
31,3200,10.539835453033447,111348,111448.47,0,0.38,0.25,20,ONE_POINT,100,100,RANDOM,18
32,3300,10.889503240585327,111057,111075.22,0,0.38,0.25,20,ONE_POINT,100,100,RANDOM,18
33,3400,11.210421800613403,110675,110734.38,0,0.38,0.25,20,ONE_POINT,100,100,RANDOM,18
34,3500,11.543848037719727,109927,109956.92,0,0.38,0.25,20,ONE_POINT,100,100,RANDOM,18
35,3600,11.897045135498047,109488,109511.46,0,0.38,0.25,20,ONE_POINT,100,100,RANDOM,18
36,3700,12.290186643600464,109275,109289.91,0,0.38,0.25,20,ONE_POINT,100,100,RANDOM,18
37,3800,12.599594116210938,109016,109033.84,0,0.38,0.25,20,ONE_POINT,100,100,RANDOM,18
38,3900,12.95487117767334,108738,108771.27,0,0.38,0.25,20,ONE_POINT,100,100,RANDOM,18
39,4000,13.281436204910278,108430,108449.86,0,0.38,0.25,20,ONE_POINT,100,100,RANDOM,18
40,4100,13.636148691177368,107997,108031.94,0,0.38,0.25,20,ONE_POINT,100,100,RANDOM,18
41,4200,13.968440294265747,107223,107256.0,0,0.38,0.25,20,ONE_POINT,100,100,RANDOM,18
42,4300,14.311438083648682,106858,106952.9,0,0.38,0.25,20,ONE_POINT,100,100,RANDOM,18
43,4400,14.659010887145996,106660,106678.37,0,0.38,0.25,20,ONE_POINT,100,100,RANDOM,18
44,4500,14.985052824020386,105967,105997.33,0,0.38,0.25,20,ONE_POINT,100,100,RANDOM,18
45,4600,15.31009030342102,105420,105442.47,0,0.38,0.25,20,ONE_POINT,100,100,RANDOM,18
46,4700,15.624907732009888,104970,104990.45,0,0.38,0.25,20,ONE_POINT,100,100,RANDOM,18
47,4800,15.936100006103516,104702,104730.93,0,0.38,0.25,20,ONE_POINT,100,100,RANDOM,18
48,4900,16.27174735069275,104178,104198.67,0,0.38,0.25,20,ONE_POINT,100,100,RANDOM,18
49,5000,16.5777370929718,103753,103770.0,0,0.38,0.25,20,ONE_POINT,100,100,RANDOM,18
50,5100,16.9256489276886,103256,103282.47,0,0.38,0.25,20,ONE_POINT,100,100,RANDOM,18
51,5200,17.255188465118408,103005,103021.34,0,0.38,0.25,20,ONE_POINT,100,100,RANDOM,18
52,5300,17.571887254714966,102664,102683.67,0,0.38,0.25,20,ONE_POINT,100,100,RANDOM,18
53,5400,17.885518312454224,101950,101993.7,0,0.38,0.25,20,ONE_POINT,100,100,RANDOM,18
54,5500,18.20148253440857,101540,101635.88,0,0.38,0.25,20,ONE_POINT,100,100,RANDOM,18
55,5600,18.511160373687744,100285,100335.2,0,0.38,0.25,20,ONE_POINT,100,100,RANDOM,18
56,5700,18.828864574432373,100083,100126.71,0,0.38,0.25,20,ONE_POINT,100,100,RANDOM,18
57,5800,19.187634706497192,99815,99833.41,0,0.38,0.25,20,ONE_POINT,100,100,RANDOM,18
58,5900,19.525829553604126,99627,99639.38,0,0.38,0.25,20,ONE_POINT,100,100,RANDOM,18
59,6000,19.8505756855011,99244,99259.34,0,0.38,0.25,20,ONE_POINT,100,100,RANDOM,18
60,6100,20.15359330177307,98814,98876.16,0,0.38,0.25,20,ONE_POINT,100,100,RANDOM,18
61,6200,20.509266138076782,98160,98186.46,0,0.38,0.25,20,ONE_POINT,100,100,RANDOM,18
62,6300,20.81376576423645,97810,97827.36,0,0.38,0.25,20,ONE_POINT,100,100,RANDOM,18
63,6400,21.149293422698975,97523,97532.41,0,0.38,0.25,20,ONE_POINT,100,100,RANDOM,18
64,6500,21.481513261795044,96945,96994.62,0,0.38,0.25,20,ONE_POINT,100,100,RANDOM,18
65,6600,21.830581665039062,96563,96585.71,0,0.38,0.25,20,ONE_POINT,100,100,RANDOM,18
66,6700,22.20017409324646,96201,96224.18,0,0.38,0.25,20,ONE_POINT,100,100,RANDOM,18
67,6800,22.56659960746765,95865,95881.8,0,0.38,0.25,20,ONE_POINT,100,100,RANDOM,18
68,6900,22.900525331497192,95674,95694.47,0,0.38,0.25,20,ONE_POINT,100,100,RANDOM,18
69,7000,23.247102975845337,95329,95348.16,0,0.38,0.25,20,ONE_POINT,100,100,RANDOM,18
70,7100,23.60011863708496,94908,94932.01,0,0.38,0.25,20,ONE_POINT,100,100,RANDOM,18
71,7200,23.96293067932129,94520,94537.69,0,0.38,0.25,20,ONE_POINT,100,100,RANDOM,18
72,7300,24.302676916122437,94304,94322.7,0,0.38,0.25,20,ONE_POINT,100,100,RANDOM,18
73,7400,24.638307094573975,94123,94137.44,0,0.38,0.25,20,ONE_POINT,100,100,RANDOM,18
74,7500,24.963101625442505,93683,93770.62,0,0.38,0.25,20,ONE_POINT,100,100,RANDOM,18
75,7600,25.304283618927002,93509,93517.49,0,0.38,0.25,20,ONE_POINT,100,100,RANDOM,18
76,7700,25.650561094284058,93321,93331.19,0,0.38,0.25,20,ONE_POINT,100,100,RANDOM,18
77,7800,26.00487470626831,93073,93149.28,0,0.38,0.25,20,ONE_POINT,100,100,RANDOM,18
78,7900,26.315682411193848,92574,92597.95,0,0.38,0.25,20,ONE_POINT,100,100,RANDOM,18
79,8000,26.64119267463684,92036,92063.6,0,0.38,0.25,20,ONE_POINT,100,100,RANDOM,18
80,8100,27.01520323753357,91719,91736.57,0,0.38,0.25,20,ONE_POINT,100,100,RANDOM,18
81,8200,27.34589695930481,91527,91543.16,0,0.38,0.25,20,ONE_POINT,100,100,RANDOM,18
82,8300,27.651355981826782,91256,91270.19,0,0.38,0.25,20,ONE_POINT,100,100,RANDOM,18
83,8400,27.976656198501587,90967,90978.54,0,0.38,0.25,20,ONE_POINT,100,100,RANDOM,18
84,8500,28.296087980270386,90606,90625.0,0,0.38,0.25,20,ONE_POINT,100,100,RANDOM,18
85,8600,28.622103691101074,90241,90292.03,0,0.38,0.25,20,ONE_POINT,100,100,RANDOM,18
86,8700,28.961148738861084,90007,90018.98,0,0.38,0.25,20,ONE_POINT,100,100,RANDOM,18
87,8800,29.2643084526062,89526,89564.9,0,0.38,0.25,20,ONE_POINT,100,100,RANDOM,18
88,8900,29.58972930908203,89305,89316.36,0,0.38,0.25,20,ONE_POINT,100,100,RANDOM,18
89,9000,29.93349313735962,88889,88905.64,0,0.38,0.25,20,ONE_POINT,100,100,RANDOM,18
90,9100,30.23549175262451,88516,88555.53,0,0.38,0.25,20,ONE_POINT,100,100,RANDOM,18
91,9200,30.566998958587646,88014,88031.95,0,0.38,0.25,20,ONE_POINT,100,100,RANDOM,18
92,9300,30.89734172821045,87681,87704.29,0,0.38,0.25,20,ONE_POINT,100,100,RANDOM,18
93,9400,31.236741304397583,87384,87402.7,0,0.38,0.25,20,ONE_POINT,100,100,RANDOM,18
94,9500,31.58803915977478,87139,87147.98,0,0.38,0.25,20,ONE_POINT,100,100,RANDOM,18
95,9600,31.927767276763916,86858,86896.56,0,0.38,0.25,20,ONE_POINT,100,100,RANDOM,18
96,9700,32.2503182888031,86702,86711.36,0,0.38,0.25,20,ONE_POINT,100,100,RANDOM,18
97,9800,32.61146545410156,86425,86526.46,0,0.38,0.25,20,ONE_POINT,100,100,RANDOM,18
98,9900,32.94712781906128,86234,86329.7,0,0.38,0.25,20,ONE_POINT,100,100,RANDOM,18
99,10000,33.29067873954773,86028,86044.97,0,0.38,0.25,20,ONE_POINT,100,100,RANDOM,18
100,10100,33.64248490333557,85861,85874.2,0,0.38,0.25,20,ONE_POINT,100,100,RANDOM,18
101,10200,33.9772310256958,85602,85661.82,0,0.38,0.25,20,ONE_POINT,100,100,RANDOM,18
102,10300,34.307612895965576,85193,85269.66,0,0.38,0.25,20,ONE_POINT,100,100,RANDOM,18
103,10400,34.657233476638794,84984,84996.14,0,0.38,0.25,20,ONE_POINT,100,100,RANDOM,18
104,10500,34.99767017364502,84557,84574.58,0,0.38,0.25,20,ONE_POINT,100,100,RANDOM,18
105,10600,35.38579249382019,84182,84201.7,0,0.38,0.25,20,ONE_POINT,100,100,RANDOM,18
106,10700,35.72636699676514,84096,84122.04,0,0.38,0.25,20,ONE_POINT,100,100,RANDOM,18
107,10800,36.08631920814514,83919,83943.95,0,0.38,0.25,20,ONE_POINT,100,100,RANDOM,18
108,10900,36.41285467147827,83580,83591.29,0,0.38,0.25,20,ONE_POINT,100,100,RANDOM,18
109,11000,36.72173047065735,83247,83269.45,0,0.38,0.25,20,ONE_POINT,100,100,RANDOM,18
110,11100,37.05597710609436,82918,82934.71,0,0.38,0.25,20,ONE_POINT,100,100,RANDOM,18
111,11200,37.37682366371155,82576,82596.39,0,0.38,0.25,20,ONE_POINT,100,100,RANDOM,18
112,11300,37.71726703643799,82298,82322.83,0,0.38,0.25,20,ONE_POINT,100,100,RANDOM,18
113,11400,38.03699564933777,82078,82092.77,0,0.38,0.25,20,ONE_POINT,100,100,RANDOM,18
114,11500,38.36854529380798,81659,81688.47,0,0.38,0.25,20,ONE_POINT,100,100,RANDOM,18
115,11600,38.705042600631714,81548,81555.04,0,0.38,0.25,20,ONE_POINT,100,100,RANDOM,18
116,11700,39.01272487640381,81416,81425.0,0,0.38,0.25,20,ONE_POINT,100,100,RANDOM,18
117,11800,39.33994698524475,81013,81052.82,0,0.38,0.25,20,ONE_POINT,100,100,RANDOM,18
118,11900,39.653162717819214,80823,80839.04,0,0.38,0.25,20,ONE_POINT,100,100,RANDOM,18
119,12000,39.98116421699524,80420,80443.67,0,0.38,0.25,20,ONE_POINT,100,100,RANDOM,18
120,12100,40.33813238143921,80269,80278.06,0,0.38,0.25,20,ONE_POINT,100,100,RANDOM,18
121,12200,40.668816804885864,80141,80205.47,0,0.38,0.25,20,ONE_POINT,100,100,RANDOM,18
122,12300,41.04312801361084,80018,80077.48,0,0.38,0.25,20,ONE_POINT,100,100,RANDOM,18
123,12400,41.34641647338867,79666,79686.06,0,0.38,0.25,20,ONE_POINT,100,100,RANDOM,18
124,12500,41.64484405517578,79499,79572.94,0,0.38,0.25,20,ONE_POINT,100,100,RANDOM,18
125,12600,42.0107045173645,79391,79444.56,0,0.38,0.25,20,ONE_POINT,100,100,RANDOM,18
126,12700,42.360119342803955,79231,79297.77,0,0.38,0.25,20,ONE_POINT,100,100,RANDOM,18
127,12800,42.692267179489136,79044,79066.14,0,0.38,0.25,20,ONE_POINT,100,100,RANDOM,18
128,12900,43.056739807128906,78805,78832.35,0,0.38,0.25,20,ONE_POINT,100,100,RANDOM,18
129,13000,43.35956811904907,78535,78581.28,0,0.38,0.25,20,ONE_POINT,100,100,RANDOM,18
130,13100,43.681479930877686,78174,78197.26,0,0.38,0.25,20,ONE_POINT,100,100,RANDOM,18
131,13200,44.023667335510254,77972,77988.41,0,0.38,0.25,20,ONE_POINT,100,100,RANDOM,18
132,13300,44.329970836639404,77749,77810.53,0,0.38,0.25,20,ONE_POINT,100,100,RANDOM,18
133,13400,44.69042134284973,77496,77515.05,0,0.38,0.25,20,ONE_POINT,100,100,RANDOM,18
134,13500,45.004647731781006,77348,77366.76,0,0.38,0.25,20,ONE_POINT,100,100,RANDOM,18
135,13600,45.376890659332275,77195,77220.2,0,0.38,0.25,20,ONE_POINT,100,100,RANDOM,18
136,13700,45.70232605934143,77032,77042.42,0,0.38,0.25,20,ONE_POINT,100,100,RANDOM,18
137,13800,46.04641938209534,76587,76633.78,0,0.38,0.25,20,ONE_POINT,100,100,RANDOM,18
138,13900,46.38106179237366,76312,76335.25,0,0.38,0.25,20,ONE_POINT,100,100,RANDOM,18
139,14000,46.69217395782471,76018,76058.38,0,0.38,0.25,20,ONE_POINT,100,100,RANDOM,18
140,14100,47.02077531814575,75732,75798.26,0,0.38,0.25,20,ONE_POINT,100,100,RANDOM,18
141,14200,47.33304142951965,75499,75573.28,0,0.38,0.25,20,ONE_POINT,100,100,RANDOM,18
142,14300,47.65080809593201,75353,75371.86,0,0.38,0.25,20,ONE_POINT,100,100,RANDOM,18
143,14400,48.01292943954468,75134,75145.02,0,0.38,0.25,20,ONE_POINT,100,100,RANDOM,18
144,14500,48.34020757675171,74922,74935.23,0,0.38,0.25,20,ONE_POINT,100,100,RANDOM,18
145,14600,48.70498728752136,74744,74756.81,0,0.38,0.25,20,ONE_POINT,100,100,RANDOM,18
146,14700,49.02155375480652,74571,74579.04,0,0.38,0.25,20,ONE_POINT,100,100,RANDOM,18
147,14800,49.341429710388184,74394,74403.55,0,0.38,0.25,20,ONE_POINT,100,100,RANDOM,18
148,14900,49.695581674575806,74226,74236.9,0,0.38,0.25,20,ONE_POINT,100,100,RANDOM,18
149,15000,50.01377534866333,74035,74045.44,0,0.38,0.25,20,ONE_POINT,100,100,RANDOM,18
150,15100,50.35978674888611,73866,73968.96,0,0.38,0.25,20,ONE_POINT,100,100,RANDOM,18
151,15200,50.72619342803955,73724,73799.38,0,0.38,0.25,20,ONE_POINT,100,100,RANDOM,18
152,15300,51.07147240638733,73553,73564.65,0,0.38,0.25,20,ONE_POINT,100,100,RANDOM,18
153,15400,51.40630102157593,73225,73247.4,0,0.38,0.25,20,ONE_POINT,100,100,RANDOM,18
154,15500,51.71454167366028,73016,73037.62,0,0.38,0.25,20,ONE_POINT,100,100,RANDOM,18
155,15600,52.04390907287598,72750,72788.0,0,0.38,0.25,20,ONE_POINT,100,100,RANDOM,18
156,15700,52.37286972999573,72633,72646.05,0,0.38,0.25,20,ONE_POINT,100,100,RANDOM,18
157,15800,52.67254066467285,72525,72539.25,0,0.38,0.25,20,ONE_POINT,100,100,RANDOM,18
158,15900,52.99908423423767,72403,72412.76,0,0.38,0.25,20,ONE_POINT,100,100,RANDOM,18
159,16000,53.342283487319946,72276,72283.62,0,0.38,0.25,20,ONE_POINT,100,100,RANDOM,18
160,16100,53.69446802139282,72170,72182.3,0,0.38,0.25,20,ONE_POINT,100,100,RANDOM,18
161,16200,54.0585241317749,72026,72055.78,0,0.38,0.25,20,ONE_POINT,100,100,RANDOM,18
162,16300,54.39313793182373,71876,71895.24,0,0.38,0.25,20,ONE_POINT,100,100,RANDOM,18
163,16400,54.72309875488281,71720,71747.4,0,0.38,0.25,20,ONE_POINT,100,100,RANDOM,18
164,16500,55.055556774139404,71530,71539.96,0,0.38,0.25,20,ONE_POINT,100,100,RANDOM,18
165,16600,55.349735736846924,71324,71337.26,0,0.38,0.25,20,ONE_POINT,100,100,RANDOM,18
166,16700,55.67950248718262,71031,71058.56,0,0.38,0.25,20,ONE_POINT,100,100,RANDOM,18
167,16800,56.03188633918762,70895,70922.56,0,0.38,0.25,20,ONE_POINT,100,100,RANDOM,18
168,16900,56.35754203796387,70532,70560.86,0,0.38,0.25,20,ONE_POINT,100,100,RANDOM,18
169,17000,56.689780473709106,70412,70442.0,0,0.38,0.25,20,ONE_POINT,100,100,RANDOM,18
170,17100,56.998146057128906,70213,70244.12,0,0.38,0.25,20,ONE_POINT,100,100,RANDOM,18
171,17200,57.336589097976685,70117,70146.13,0,0.38,0.25,20,ONE_POINT,100,100,RANDOM,18
172,17300,57.641908168792725,69877,69890.94,0,0.38,0.25,20,ONE_POINT,100,100,RANDOM,18
173,17400,57.97525334358215,69749,69803.13,0,0.38,0.25,20,ONE_POINT,100,100,RANDOM,18
174,17500,58.305479526519775,69538,69786.59,0,0.38,0.25,20,ONE_POINT,100,100,RANDOM,18
175,17600,58.64541459083557,69437,69446.39,0,0.38,0.25,20,ONE_POINT,100,100,RANDOM,18
176,17700,58.96157646179199,69327,69337.88,0,0.38,0.25,20,ONE_POINT,100,100,RANDOM,18
177,17800,59.28714609146118,69201,69211.19,0,0.38,0.25,20,ONE_POINT,100,100,RANDOM,18
178,17900,59.602256774902344,69056,69069.09,0,0.38,0.25,20,ONE_POINT,100,100,RANDOM,18
179,18000,59.91323924064636,68802,68816.13,0,0.38,0.25,20,ONE_POINT,100,100,RANDOM,18
180,18100,60.234375,68638,68654.15,0,0.38,0.25,20,ONE_POINT,100,100,RANDOM,18
181,18200,60.53844618797302,68528,68534.65,0,0.38,0.25,20,ONE_POINT,100,100,RANDOM,18
182,18300,60.83893632888794,68392,68408.87,0,0.38,0.25,20,ONE_POINT,100,100,RANDOM,18
183,18400,61.17311191558838,68250,68365.12,0,0.38,0.25,20,ONE_POINT,100,100,RANDOM,18
184,18500,61.493661403656006,68044,68152.09,0,0.38,0.25,20,ONE_POINT,100,100,RANDOM,18
185,18600,61.822004556655884,67892,67903.35,0,0.38,0.25,20,ONE_POINT,100,100,RANDOM,18
186,18700,62.14051651954651,67759,67777.37,0,0.38,0.25,20,ONE_POINT,100,100,RANDOM,18
187,18800,62.4838662147522,67600,67618.49,0,0.38,0.25,20,ONE_POINT,100,100,RANDOM,18
188,18900,62.84352445602417,67511,67538.99,0,0.38,0.25,20,ONE_POINT,100,100,RANDOM,18
189,19000,63.16307044029236,67184,67213.52,0,0.38,0.25,20,ONE_POINT,100,100,RANDOM,18
190,19100,63.50201225280762,67064,67071.59,0,0.38,0.25,20,ONE_POINT,100,100,RANDOM,18
191,19200,63.82837748527527,66880,66909.8,0,0.38,0.25,20,ONE_POINT,100,100,RANDOM,18
192,19300,64.16401290893555,66773,66778.83,0,0.38,0.25,20,ONE_POINT,100,100,RANDOM,18
193,19400,64.49570560455322,66581,66592.53,0,0.38,0.25,20,ONE_POINT,100,100,RANDOM,18
194,19500,64.86233615875244,66490,66497.28,0,0.38,0.25,20,ONE_POINT,100,100,RANDOM,18
195,19600,65.19335174560547,66343,66355.74,0,0.38,0.25,20,ONE_POINT,100,100,RANDOM,18
196,19700,65.50748229026794,66121,66134.37,0,0.38,0.25,20,ONE_POINT,100,100,RANDOM,18
197,19800,65.86383938789368,65907,65933.6,0,0.38,0.25,20,ONE_POINT,100,100,RANDOM,18
198,19900,66.22960877418518,65759,65836.69,0,0.38,0.25,20,ONE_POINT,100,100,RANDOM,18
199,20000,66.5746898651123,65595,65612.72,0,0.38,0.25,20,ONE_POINT,100,100,RANDOM,18
200,20100,66.875319480896,65510,65558.75,0,0.38,0.25,20,ONE_POINT,100,100,RANDOM,18
201,20200,67.21104288101196,65402,65411.11,0,0.38,0.25,20,ONE_POINT,100,100,RANDOM,18
202,20300,67.54151964187622,65269,65287.11,0,0.38,0.25,20,ONE_POINT,100,100,RANDOM,18
203,20400,67.93232560157776,65153,65160.93,0,0.38,0.25,20,ONE_POINT,100,100,RANDOM,18
204,20500,68.3035798072815,64987,64997.34,0,0.38,0.25,20,ONE_POINT,100,100,RANDOM,18
205,20600,68.7071545124054,64866,64875.92,0,0.38,0.25,20,ONE_POINT,100,100,RANDOM,18
206,20700,69.07147645950317,64702,64714.49,0,0.38,0.25,20,ONE_POINT,100,100,RANDOM,18
207,20800,69.38205027580261,64578,64586.76,0,0.38,0.25,20,ONE_POINT,100,100,RANDOM,18
208,20900,69.69087553024292,64299,64396.51,0,0.38,0.25,20,ONE_POINT,100,100,RANDOM,18
209,21000,70.00542306900024,64164,64183.99,0,0.38,0.25,20,ONE_POINT,100,100,RANDOM,18
210,21100,70.36876845359802,64053,64059.66,0,0.38,0.25,20,ONE_POINT,100,100,RANDOM,18
211,21200,70.6859872341156,63924,63932.28,0,0.38,0.25,20,ONE_POINT,100,100,RANDOM,18
212,21300,71.02611112594604,63805,63816.37,0,0.38,0.25,20,ONE_POINT,100,100,RANDOM,18
213,21400,71.35230684280396,63704,63720.3,0,0.38,0.25,20,ONE_POINT,100,100,RANDOM,18
214,21500,71.68084812164307,63532,63585.18,0,0.38,0.25,20,ONE_POINT,100,100,RANDOM,18
215,21600,71.98503494262695,63334,63357.54,0,0.38,0.25,20,ONE_POINT,100,100,RANDOM,18
216,21700,72.35643243789673,63202,63240.51,0,0.38,0.25,20,ONE_POINT,100,100,RANDOM,18
217,21800,72.6527488231659,63076,63091.53,0,0.38,0.25,20,ONE_POINT,100,100,RANDOM,18
218,21900,72.97617697715759,62931,62941.06,0,0.38,0.25,20,ONE_POINT,100,100,RANDOM,18
219,22000,73.31681799888611,62847,62856.4,0,0.38,0.25,20,ONE_POINT,100,100,RANDOM,18
220,22100,73.63688731193542,62704,62718.08,0,0.38,0.25,20,ONE_POINT,100,100,RANDOM,18
221,22200,73.96877098083496,62376,62422.77,0,0.38,0.25,20,ONE_POINT,100,100,RANDOM,18
222,22300,74.31174421310425,62298,62341.19,0,0.38,0.25,20,ONE_POINT,100,100,RANDOM,18
223,22400,74.6644434928894,62125,62135.32,0,0.38,0.25,20,ONE_POINT,100,100,RANDOM,18
224,22500,75.00003981590271,62050,62095.76,0,0.38,0.25,20,ONE_POINT,100,100,RANDOM,18
225,22600,75.37313103675842,61862,61875.46,0,0.38,0.25,20,ONE_POINT,100,100,RANDOM,18
226,22700,75.68353390693665,61795,61803.43,0,0.38,0.25,20,ONE_POINT,100,100,RANDOM,18
227,22800,76.03688859939575,61696,61743.3,0,0.38,0.25,20,ONE_POINT,100,100,RANDOM,18
228,22900,76.3413999080658,61618,61662.68,0,0.38,0.25,20,ONE_POINT,100,100,RANDOM,18
229,23000,76.67414236068726,61356,61375.61,0,0.38,0.25,20,ONE_POINT,100,100,RANDOM,18
230,23100,76.98653721809387,61223,61239.66,0,0.38,0.25,20,ONE_POINT,100,100,RANDOM,18
231,23200,77.3226089477539,61063,61079.11,0,0.38,0.25,20,ONE_POINT,100,100,RANDOM,18
232,23300,77.65846824645996,60999,61007.68,0,0.38,0.25,20,ONE_POINT,100,100,RANDOM,18
233,23400,77.99256634712219,60790,60830.17,0,0.38,0.25,20,ONE_POINT,100,100,RANDOM,18
234,23500,78.35944604873657,60671,60678.93,0,0.38,0.25,20,ONE_POINT,100,100,RANDOM,18
235,23600,78.69152808189392,60540,60548.64,0,0.38,0.25,20,ONE_POINT,100,100,RANDOM,18
236,23700,79.01385951042175,60466,60480.62,0,0.38,0.25,20,ONE_POINT,100,100,RANDOM,18
237,23800,79.34055829048157,60293,60330.33,0,0.38,0.25,20,ONE_POINT,100,100,RANDOM,18
238,23900,79.66923975944519,60176,60181.91,0,0.38,0.25,20,ONE_POINT,100,100,RANDOM,18
239,24000,80.01269674301147,60001,60024.72,0,0.38,0.25,20,ONE_POINT,100,100,RANDOM,18
240,24100,80.35353136062622,59895,59916.77,0,0.38,0.25,20,ONE_POINT,100,100,RANDOM,18
241,24200,80.70000171661377,59812,59817.82,0,0.38,0.25,20,ONE_POINT,100,100,RANDOM,18
242,24300,81.02579307556152,59684,59695.8,0,0.38,0.25,20,ONE_POINT,100,100,RANDOM,18
243,24400,81.3252923488617,59613,59622.17,0,0.38,0.25,20,ONE_POINT,100,100,RANDOM,18
244,24500,81.67723655700684,59492,59501.94,0,0.38,0.25,20,ONE_POINT,100,100,RANDOM,18
245,24600,82.0386290550232,59147,59246.34,0,0.38,0.25,20,ONE_POINT,100,100,RANDOM,18
246,24700,82.40151572227478,58884,58913.92,0,0.38,0.25,20,ONE_POINT,100,100,RANDOM,18
247,24800,82.72882294654846,58813,58825.54,0,0.38,0.25,20,ONE_POINT,100,100,RANDOM,18
248,24900,83.0743477344513,58697,58715.84,0,0.38,0.25,20,ONE_POINT,100,100,RANDOM,18
249,25000,83.39422798156738,58570,58613.51,0,0.38,0.25,20,ONE_POINT,100,100,RANDOM,18
250,25100,83.7233099937439,58496,58504.85,0,0.38,0.25,20,ONE_POINT,100,100,RANDOM,18
251,25200,84.02946186065674,58327,58342.74,0,0.38,0.25,20,ONE_POINT,100,100,RANDOM,18
252,25300,84.39397811889648,58110,58239.89,0,0.38,0.25,20,ONE_POINT,100,100,RANDOM,18
253,25400,84.72980332374573,57943,57953.02,0,0.38,0.25,20,ONE_POINT,100,100,RANDOM,18
254,25500,85.08342671394348,57839,57847.32,0,0.38,0.25,20,ONE_POINT,100,100,RANDOM,18
255,25600,85.38780522346497,57774,57793.03,0,0.38,0.25,20,ONE_POINT,100,100,RANDOM,18
256,25700,85.69804310798645,57604,57616.9,0,0.38,0.25,20,ONE_POINT,100,100,RANDOM,18
257,25800,86.02646660804749,57496,57504.79,0,0.38,0.25,20,ONE_POINT,100,100,RANDOM,18
258,25900,86.349529504776,57406,57444.21,0,0.38,0.25,20,ONE_POINT,100,100,RANDOM,18
259,26000,86.67757868766785,57099,57116.21,0,0.38,0.25,20,ONE_POINT,100,100,RANDOM,18
260,26100,86.98649406433105,57000,57034.31,0,0.38,0.25,20,ONE_POINT,100,100,RANDOM,18
261,26200,87.31335139274597,56894,56905.8,0,0.38,0.25,20,ONE_POINT,100,100,RANDOM,18
262,26300,87.6166627407074,56835,56847.53,0,0.38,0.25,20,ONE_POINT,100,100,RANDOM,18
263,26400,87.94230818748474,56719,56754.27,0,0.38,0.25,20,ONE_POINT,100,100,RANDOM,18
264,26500,88.29229688644409,56665,56692.7,0,0.38,0.25,20,ONE_POINT,100,100,RANDOM,18
265,26600,88.65729141235352,56617,56628.76,0,0.38,0.25,20,ONE_POINT,100,100,RANDOM,18
266,26700,89.00846290588379,56522,56530.01,0,0.38,0.25,20,ONE_POINT,100,100,RANDOM,18
267,26800,89.36025643348694,56424,56563.34,0,0.38,0.25,20,ONE_POINT,100,100,RANDOM,18
268,26900,89.66817927360535,56364,56371.1,0,0.38,0.25,20,ONE_POINT,100,100,RANDOM,18
269,27000,89.98789882659912,56259,56269.48,0,0.38,0.25,20,ONE_POINT,100,100,RANDOM,18
270,27100,90.32404851913452,56154,56163.46,0,0.38,0.25,20,ONE_POINT,100,100,RANDOM,18
271,27200,90.6252806186676,56052,56060.54,0,0.38,0.25,20,ONE_POINT,100,100,RANDOM,18
272,27300,90.93197059631348,55928,55947.4,0,0.38,0.25,20,ONE_POINT,100,100,RANDOM,18
273,27400,91.2732412815094,55739,55754.6,0,0.38,0.25,20,ONE_POINT,100,100,RANDOM,18
274,27500,91.61639165878296,55634,55647.84,0,0.38,0.25,20,ONE_POINT,100,100,RANDOM,18
275,27600,91.95020890235901,55476,55518.66,0,0.38,0.25,20,ONE_POINT,100,100,RANDOM,18
276,27700,92.28227162361145,55366,55381.58,0,0.38,0.25,20,ONE_POINT,100,100,RANDOM,18
277,27800,92.60377526283264,55223,55253.97,0,0.38,0.25,20,ONE_POINT,100,100,RANDOM,18
278,27900,92.91044044494629,55125,55156.63,0,0.38,0.25,20,ONE_POINT,100,100,RANDOM,18
279,28000,93.21331095695496,54962,54992.27,0,0.38,0.25,20,ONE_POINT,100,100,RANDOM,18
280,28100,93.53880524635315,54869,54880.44,0,0.38,0.25,20,ONE_POINT,100,100,RANDOM,18
281,28200,93.85190677642822,54774,54813.03,0,0.38,0.25,20,ONE_POINT,100,100,RANDOM,18
282,28300,94.18302750587463,54725,54772.47,0,0.38,0.25,20,ONE_POINT,100,100,RANDOM,18
283,28400,94.52638983726501,54639,54676.32,0,0.38,0.25,20,ONE_POINT,100,100,RANDOM,18
284,28500,94.87149333953857,54601,54605.41,0,0.38,0.25,20,ONE_POINT,100,100,RANDOM,18
285,28600,95.21311640739441,54502,54530.5,0,0.38,0.25,20,ONE_POINT,100,100,RANDOM,18
286,28700,95.56595182418823,54416,54422.88,0,0.38,0.25,20,ONE_POINT,100,100,RANDOM,18
287,28800,95.90116810798645,54343,54352.37,0,0.38,0.25,20,ONE_POINT,100,100,RANDOM,18
288,28900,96.24702286720276,54276,54295.24,0,0.38,0.25,20,ONE_POINT,100,100,RANDOM,18
289,29000,96.60387539863586,54195,54226.74,0,0.38,0.25,20,ONE_POINT,100,100,RANDOM,18
290,29100,96.95666837692261,54182,54201.71,0,0.38,0.25,20,ONE_POINT,100,100,RANDOM,18
291,29200,97.27162075042725,54078,54090.68,0,0.38,0.25,20,ONE_POINT,100,100,RANDOM,18
292,29300,97.62275052070618,54020,54074.69,0,0.38,0.25,20,ONE_POINT,100,100,RANDOM,18
293,29400,97.94312763214111,53880,53892.35,0,0.38,0.25,20,ONE_POINT,100,100,RANDOM,18
294,29500,98.27459335327148,53771,53792.53,0,0.38,0.25,20,ONE_POINT,100,100,RANDOM,18
295,29600,98.62866568565369,53706,53713.74,0,0.38,0.25,20,ONE_POINT,100,100,RANDOM,18
296,29700,98.95847535133362,53649,53665.79,0,0.38,0.25,20,ONE_POINT,100,100,RANDOM,18
297,29800,99.30922532081604,53594,53611.03,0,0.38,0.25,20,ONE_POINT,100,100,RANDOM,18
298,29900,99.64847159385681,53530,53535.76,0,0.38,0.25,20,ONE_POINT,100,100,RANDOM,18
299,30000,99.94381499290466,53435,53444.51,0,0.38,0.25,20,ONE_POINT,100,100,RANDOM,18
300,30100,100.308758020401,53392,53397.13,0,0.38,0.25,20,ONE_POINT,100,100,RANDOM,18
301,30200,100.69079852104187,53317,53327.09,0,0.38,0.25,20,ONE_POINT,100,100,RANDOM,18
302,30300,101.03760290145874,53190,53200.76,0,0.38,0.25,20,ONE_POINT,100,100,RANDOM,18
303,30400,101.42050313949585,53140,53157.2,0,0.38,0.25,20,ONE_POINT,100,100,RANDOM,18
304,30500,101.7979085445404,53060,53076.98,0,0.38,0.25,20,ONE_POINT,100,100,RANDOM,18
305,30600,102.16579818725586,53007,53015.89,0,0.38,0.25,20,ONE_POINT,100,100,RANDOM,18
306,30700,102.52328872680664,52945,52951.2,0,0.38,0.25,20,ONE_POINT,100,100,RANDOM,18
307,30800,102.8633279800415,52878,52887.86,0,0.38,0.25,20,ONE_POINT,100,100,RANDOM,18
308,30900,103.18678951263428,52789,52794.34,0,0.38,0.25,20,ONE_POINT,100,100,RANDOM,18
309,31000,103.56384682655334,52639,52655.31,0,0.38,0.25,20,ONE_POINT,100,100,RANDOM,18
310,31100,103.89639496803284,52498,52513.55,0,0.38,0.25,20,ONE_POINT,100,100,RANDOM,18
311,31200,104.2418999671936,52295,52313.29,0,0.38,0.25,20,ONE_POINT,100,100,RANDOM,18
312,31300,104.57686758041382,52128,52150.04,0,0.38,0.25,20,ONE_POINT,100,100,RANDOM,18
313,31400,104.91509866714478,52086,52091.34,0,0.38,0.25,20,ONE_POINT,100,100,RANDOM,18
314,31500,105.2816231250763,52006,52012.28,0,0.38,0.25,20,ONE_POINT,100,100,RANDOM,18
315,31600,105.63097500801086,51938,51945.45,0,0.38,0.25,20,ONE_POINT,100,100,RANDOM,18
316,31700,105.93196082115173,51874,51881.88,0,0.38,0.25,20,ONE_POINT,100,100,RANDOM,18
317,31800,106.26347208023071,51833,51837.26,0,0.38,0.25,20,ONE_POINT,100,100,RANDOM,18
318,31900,106.61851954460144,51677,51778.44,0,0.38,0.25,20,ONE_POINT,100,100,RANDOM,18
319,32000,106.93807029724121,51554,51563.7,0,0.38,0.25,20,ONE_POINT,100,100,RANDOM,18
320,32100,107.2725510597229,51382,51393.7,0,0.38,0.25,20,ONE_POINT,100,100,RANDOM,18
321,32200,107.57708668708801,51293,51305.93,0,0.38,0.25,20,ONE_POINT,100,100,RANDOM,18
322,32300,107.91040444374084,51263,51266.5,0,0.38,0.25,20,ONE_POINT,100,100,RANDOM,18
323,32400,108.25778007507324,51167,51176.93,0,0.38,0.25,20,ONE_POINT,100,100,RANDOM,18
324,32500,108.6189033985138,51083,51090.54,0,0.38,0.25,20,ONE_POINT,100,100,RANDOM,18
325,32600,108.93218040466309,51028,51037.61,0,0.38,0.25,20,ONE_POINT,100,100,RANDOM,18
326,32700,109.26669096946716,50999,51005.09,0,0.38,0.25,20,ONE_POINT,100,100,RANDOM,18
327,32800,109.63656377792358,50877,50903.26,0,0.38,0.25,20,ONE_POINT,100,100,RANDOM,18
328,32900,109.93137216567993,50802,50828.86,0,0.38,0.25,20,ONE_POINT,100,100,RANDOM,18
329,33000,110.25553488731384,50743,50749.2,0,0.38,0.25,20,ONE_POINT,100,100,RANDOM,18
330,33100,110.58161091804504,50702,50766.99,0,0.38,0.25,20,ONE_POINT,100,100,RANDOM,18
331,33200,110.92322754859924,50589,50610.98,0,0.38,0.25,20,ONE_POINT,100,100,RANDOM,18
332,33300,111.26338148117065,50506,50514.58,0,0.38,0.25,20,ONE_POINT,100,100,RANDOM,18
333,33400,111.57649803161621,50402,50419.09,0,0.38,0.25,20,ONE_POINT,100,100,RANDOM,18
334,33500,111.93088865280151,50326,50395.3,0,0.38,0.25,20,ONE_POINT,100,100,RANDOM,18
335,33600,112.30699872970581,50265,50293.4,0,0.38,0.25,20,ONE_POINT,100,100,RANDOM,18
336,33700,112.64526152610779,50164,50173.72,0,0.38,0.25,20,ONE_POINT,100,100,RANDOM,18
337,33800,113.0026707649231,50108,50119.66,0,0.38,0.25,20,ONE_POINT,100,100,RANDOM,18
338,33900,113.31748604774475,49984,49996.03,0,0.38,0.25,20,ONE_POINT,100,100,RANDOM,18
339,34000,113.647629737854,49889,49968.37,0,0.38,0.25,20,ONE_POINT,100,100,RANDOM,18
340,34100,113.99154806137085,49823,49838.4,0,0.38,0.25,20,ONE_POINT,100,100,RANDOM,18
341,34200,114.33052015304565,49742,49750.37,0,0.38,0.25,20,ONE_POINT,100,100,RANDOM,18
342,34300,114.6929063796997,49655,49663.52,0,0.38,0.25,20,ONE_POINT,100,100,RANDOM,18
343,34400,115.03186297416687,49600,49605.99,0,0.38,0.25,20,ONE_POINT,100,100,RANDOM,18
344,34500,115.32871675491333,49557,49562.27,0,0.38,0.25,20,ONE_POINT,100,100,RANDOM,18
345,34600,115.6487889289856,49480,49493.74,0,0.38,0.25,20,ONE_POINT,100,100,RANDOM,18
346,34700,115.97821617126465,49450,49517.58,0,0.38,0.25,20,ONE_POINT,100,100,RANDOM,18
347,34800,116.31771183013916,49366,49373.39,0,0.38,0.25,20,ONE_POINT,100,100,RANDOM,18
348,34900,116.64695072174072,49283,49297.48,0,0.38,0.25,20,ONE_POINT,100,100,RANDOM,18
349,35000,116.9430742263794,49147,49175.73,0,0.38,0.25,20,ONE_POINT,100,100,RANDOM,18
350,35100,117.2570333480835,49098,49103.8,0,0.38,0.25,20,ONE_POINT,100,100,RANDOM,18
351,35200,117.60714817047119,49063,49067.95,0,0.38,0.25,20,ONE_POINT,100,100,RANDOM,18
352,35300,117.93655300140381,48999,49026.19,0,0.38,0.25,20,ONE_POINT,100,100,RANDOM,18
353,35400,118.2852532863617,48939,48951.63,0,0.38,0.25,20,ONE_POINT,100,100,RANDOM,18
354,35500,118.63776564598083,48904,48915.61,0,0.38,0.25,20,ONE_POINT,100,100,RANDOM,18
355,35600,118.96343898773193,48861,48868.83,0,0.38,0.25,20,ONE_POINT,100,100,RANDOM,18
356,35700,119.29428052902222,48762,48782.97,0,0.38,0.25,20,ONE_POINT,100,100,RANDOM,18
357,35800,119.63836002349854,48690,48707.09,0,0.38,0.25,20,ONE_POINT,100,100,RANDOM,18
358,35900,119.94632649421692,48626,48639.98,0,0.38,0.25,20,ONE_POINT,100,100,RANDOM,18
359,36000,120.25237894058228,48527,48547.11,0,0.38,0.25,20,ONE_POINT,100,100,RANDOM,18
360,36100,120.61743140220642,48475,48482.67,0,0.38,0.25,20,ONE_POINT,100,100,RANDOM,18
361,36200,120.95300841331482,48409,48434.77,0,0.38,0.25,20,ONE_POINT,100,100,RANDOM,18
362,36300,121.29542541503906,48275,48288.25,0,0.38,0.25,20,ONE_POINT,100,100,RANDOM,18
363,36400,121.63088083267212,48221,48228.86,0,0.38,0.25,20,ONE_POINT,100,100,RANDOM,18
364,36500,121.95634460449219,48124,48137.87,0,0.38,0.25,20,ONE_POINT,100,100,RANDOM,18
365,36600,122.32621383666992,48084,48092.33,0,0.38,0.25,20,ONE_POINT,100,100,RANDOM,18
366,36700,122.68258738517761,48041,48051.83,0,0.38,0.25,20,ONE_POINT,100,100,RANDOM,18
367,36800,122.98467350006104,48012,48021.0,0,0.38,0.25,20,ONE_POINT,100,100,RANDOM,18
368,36900,123.3347008228302,47968,48017.99,0,0.38,0.25,20,ONE_POINT,100,100,RANDOM,18
369,37000,123.63406372070312,47860,47881.48,0,0.38,0.25,20,ONE_POINT,100,100,RANDOM,18
370,37100,123.98333024978638,47784,47793.53,0,0.38,0.25,20,ONE_POINT,100,100,RANDOM,18
371,37200,124.3053617477417,47752,47764.98,0,0.38,0.25,20,ONE_POINT,100,100,RANDOM,18
372,37300,124.62535119056702,47674,47681.29,0,0.38,0.25,20,ONE_POINT,100,100,RANDOM,18
373,37400,124.96384692192078,47546,47562.25,0,0.38,0.25,20,ONE_POINT,100,100,RANDOM,18
374,37500,125.31188678741455,47478,47489.49,0,0.38,0.25,20,ONE_POINT,100,100,RANDOM,18
375,37600,125.62411880493164,47350,47362.91,0,0.38,0.25,20,ONE_POINT,100,100,RANDOM,18
376,37700,125.9491331577301,47307,47310.96,0,0.38,0.25,20,ONE_POINT,100,100,RANDOM,18
377,37800,126.2818500995636,47200,47216.98,0,0.38,0.25,20,ONE_POINT,100,100,RANDOM,18
378,37900,126.6131157875061,47157,47160.05,0,0.38,0.25,20,ONE_POINT,100,100,RANDOM,18
379,38000,126.95997524261475,47032,47049.58,0,0.38,0.25,20,ONE_POINT,100,100,RANDOM,18
380,38100,127.26227164268494,46936,46943.42,0,0.38,0.25,20,ONE_POINT,100,100,RANDOM,18
381,38200,127.57828974723816,46831,46855.76,0,0.38,0.25,20,ONE_POINT,100,100,RANDOM,18
382,38300,127.89823293685913,46771,46777.94,0,0.38,0.25,20,ONE_POINT,100,100,RANDOM,18
383,38400,128.21481204032898,46693,46702.23,0,0.38,0.25,20,ONE_POINT,100,100,RANDOM,18
384,38500,128.58556485176086,46623,46631.26,0,0.38,0.25,20,ONE_POINT,100,100,RANDOM,18
385,38600,128.9157383441925,46534,46605.58,0,0.38,0.25,20,ONE_POINT,100,100,RANDOM,18
386,38700,129.24930000305176,46460,46473.26,0,0.38,0.25,20,ONE_POINT,100,100,RANDOM,18
387,38800,129.57482409477234,46361,46368.5,0,0.38,0.25,20,ONE_POINT,100,100,RANDOM,18
388,38900,129.90181279182434,46202,46216.72,0,0.38,0.25,20,ONE_POINT,100,100,RANDOM,18
389,39000,130.21132469177246,46133,46204.0,0,0.38,0.25,20,ONE_POINT,100,100,RANDOM,18
390,39100,130.5643548965454,46082,46090.58,0,0.38,0.25,20,ONE_POINT,100,100,RANDOM,18
391,39200,130.9017949104309,45979,45998.91,0,0.38,0.25,20,ONE_POINT,100,100,RANDOM,18
392,39300,131.21209335327148,45889,45897.3,0,0.38,0.25,20,ONE_POINT,100,100,RANDOM,18
393,39400,131.54968738555908,45825,45840.37,0,0.38,0.25,20,ONE_POINT,100,100,RANDOM,18
394,39500,131.8815197944641,45811,45832.99,0,0.38,0.25,20,ONE_POINT,100,100,RANDOM,18
395,39600,132.24916243553162,45788,45791.07,0,0.38,0.25,20,ONE_POINT,100,100,RANDOM,18
396,39700,132.59329509735107,45684,45695.11,0,0.38,0.25,20,ONE_POINT,100,100,RANDOM,18
397,39800,132.90108132362366,45566,45574.26,0,0.38,0.25,20,ONE_POINT,100,100,RANDOM,18
398,39900,133.24278807640076,45492,45498.98,0,0.38,0.25,20,ONE_POINT,100,100,RANDOM,18
399,40000,133.55359959602356,45430,45451.43,0,0.38,0.25,20,ONE_POINT,100,100,RANDOM,18
400,40100,133.90943837165833,45395,45409.51,0,0.38,0.25,20,ONE_POINT,100,100,RANDOM,18
401,40200,134.2484323978424,45326,45342.91,0,0.38,0.25,20,ONE_POINT,100,100,RANDOM,18
402,40300,134.61287474632263,45257,45263.21,0,0.38,0.25,20,ONE_POINT,100,100,RANDOM,18
403,40400,134.99887037277222,45161,45174.07,0,0.38,0.25,20,ONE_POINT,100,100,RANDOM,18
404,40500,135.375732421875,45104,45126.75,0,0.38,0.25,20,ONE_POINT,100,100,RANDOM,18
405,40600,135.71260118484497,45066,45070.27,0,0.38,0.25,20,ONE_POINT,100,100,RANDOM,18
406,40700,136.0410931110382,45021,45039.02,0,0.38,0.25,20,ONE_POINT,100,100,RANDOM,18
407,40800,136.354834318161,44979,44982.39,0,0.38,0.25,20,ONE_POINT,100,100,RANDOM,18
408,40900,136.65901565551758,44885,45003.71,0,0.38,0.25,20,ONE_POINT,100,100,RANDOM,18
409,41000,137.03132343292236,44808,44814.29,0,0.38,0.25,20,ONE_POINT,100,100,RANDOM,18
410,41100,137.3557345867157,44779,44784.69,0,0.38,0.25,20,ONE_POINT,100,100,RANDOM,18
411,41200,137.68652510643005,44718,44726.08,0,0.38,0.25,20,ONE_POINT,100,100,RANDOM,18
412,41300,138.04847359657288,44616,44626.39,0,0.38,0.25,20,ONE_POINT,100,100,RANDOM,18
413,41400,138.34765696525574,44581,44591.76,0,0.38,0.25,20,ONE_POINT,100,100,RANDOM,18
414,41500,138.68611311912537,44529,44536.3,0,0.38,0.25,20,ONE_POINT,100,100,RANDOM,18
415,41600,139.03447151184082,44474,44485.09,0,0.38,0.25,20,ONE_POINT,100,100,RANDOM,18
416,41700,139.38654017448425,44428,44469.97,0,0.38,0.25,20,ONE_POINT,100,100,RANDOM,18
417,41800,139.70307970046997,44363,44378.52,0,0.38,0.25,20,ONE_POINT,100,100,RANDOM,18
418,41900,140.04972767829895,44337,44341.91,0,0.38,0.25,20,ONE_POINT,100,100,RANDOM,18
419,42000,140.40865302085876,44284,44325.47,0,0.38,0.25,20,ONE_POINT,100,100,RANDOM,18
420,42100,140.74957084655762,44210,44224.96,0,0.38,0.25,20,ONE_POINT,100,100,RANDOM,18
421,42200,141.10315871238708,44137,44151.28,0,0.38,0.25,20,ONE_POINT,100,100,RANDOM,18
422,42300,141.44268083572388,44099,44109.29,0,0.38,0.25,20,ONE_POINT,100,100,RANDOM,18
423,42400,141.75227880477905,44010,44099.86,0,0.38,0.25,20,ONE_POINT,100,100,RANDOM,18
424,42500,142.09143567085266,43989,44036.61,0,0.38,0.25,20,ONE_POINT,100,100,RANDOM,18
425,42600,142.40789604187012,43941,43951.3,0,0.38,0.25,20,ONE_POINT,100,100,RANDOM,18
426,42700,142.76732778549194,43794,43804.29,0,0.38,0.25,20,ONE_POINT,100,100,RANDOM,18
427,42800,143.09983825683594,43764,43773.83,0,0.38,0.25,20,ONE_POINT,100,100,RANDOM,18
428,42900,143.4568555355072,43742,43745.04,0,0.38,0.25,20,ONE_POINT,100,100,RANDOM,18
429,43000,143.8170621395111,43703,43707.09,0,0.38,0.25,20,ONE_POINT,100,100,RANDOM,18
430,43100,144.15143966674805,43673,43681.82,0,0.38,0.25,20,ONE_POINT,100,100,RANDOM,18
431,43200,144.49129843711853,43633,43648.04,0,0.38,0.25,20,ONE_POINT,100,100,RANDOM,18
432,43300,144.85765838623047,43589,43623.51,0,0.38,0.25,20,ONE_POINT,100,100,RANDOM,18
433,43400,145.15891194343567,43525,43533.04,0,0.38,0.25,20,ONE_POINT,100,100,RANDOM,18
434,43500,145.48855447769165,43500,43503.98,0,0.38,0.25,20,ONE_POINT,100,100,RANDOM,18
435,43600,145.86076498031616,43467,43474.38,0,0.38,0.25,20,ONE_POINT,100,100,RANDOM,18
436,43700,146.20929050445557,43425,43432.57,0,0.38,0.25,20,ONE_POINT,100,100,RANDOM,18
437,43800,146.5799617767334,43324,43460.73,0,0.38,0.25,20,ONE_POINT,100,100,RANDOM,18
438,43900,146.9234139919281,43264,43278.13,0,0.38,0.25,20,ONE_POINT,100,100,RANDOM,18
439,44000,147.24510741233826,43215,43322.31,0,0.38,0.25,20,ONE_POINT,100,100,RANDOM,18
440,44100,147.582124710083,43192,43207.69,0,0.38,0.25,20,ONE_POINT,100,100,RANDOM,18
441,44200,147.9468331336975,43135,43166.84,0,0.38,0.25,20,ONE_POINT,100,100,RANDOM,18
442,44300,148.28422021865845,43084,43092.07,0,0.38,0.25,20,ONE_POINT,100,100,RANDOM,18
443,44400,148.6175651550293,43028,43033.22,0,0.38,0.25,20,ONE_POINT,100,100,RANDOM,18
444,44500,148.95150542259216,42964,42975.78,0,0.38,0.25,20,ONE_POINT,100,100,RANDOM,18
445,44600,149.3272421360016,42938,42947.69,0,0.38,0.25,20,ONE_POINT,100,100,RANDOM,18
446,44700,149.66507387161255,42908,42914.48,0,0.38,0.25,20,ONE_POINT,100,100,RANDOM,18
447,44800,150.01371335983276,42843,42851.74,0,0.38,0.25,20,ONE_POINT,100,100,RANDOM,18
448,44900,150.32026863098145,42787,42799.56,0,0.38,0.25,20,ONE_POINT,100,100,RANDOM,18
449,45000,150.67412447929382,42754,42765.01,0,0.38,0.25,20,ONE_POINT,100,100,RANDOM,18
450,45100,150.9846954345703,42691,42703.52,0,0.38,0.25,20,ONE_POINT,100,100,RANDOM,18
451,45200,151.33961081504822,42652,42660.38,0,0.38,0.25,20,ONE_POINT,100,100,RANDOM,18
452,45300,151.69034552574158,42585,42594.04,0,0.38,0.25,20,ONE_POINT,100,100,RANDOM,18
453,45400,152.04193115234375,42554,42564.0,0,0.38,0.25,20,ONE_POINT,100,100,RANDOM,18
454,45500,152.41331911087036,42491,42497.88,0,0.38,0.25,20,ONE_POINT,100,100,RANDOM,18
455,45600,152.7466561794281,42453,42457.67,0,0.38,0.25,20,ONE_POINT,100,100,RANDOM,18
456,45700,153.0450382232666,42428,42431.94,0,0.38,0.25,20,ONE_POINT,100,100,RANDOM,18
457,45800,153.38656187057495,42396,42405.76,0,0.38,0.25,20,ONE_POINT,100,100,RANDOM,18
458,45900,153.7072343826294,42377,42457.17,0,0.38,0.25,20,ONE_POINT,100,100,RANDOM,18
459,46000,154.02188229560852,42356,42366.57,0,0.38,0.25,20,ONE_POINT,100,100,RANDOM,18
460,46100,154.3542423248291,42308,42321.74,0,0.38,0.25,20,ONE_POINT,100,100,RANDOM,18
461,46200,154.69629669189453,42246,42293.8,0,0.38,0.25,20,ONE_POINT,100,100,RANDOM,18
462,46300,155.01976871490479,42209,42214.37,0,0.38,0.25,20,ONE_POINT,100,100,RANDOM,18
463,46400,155.36989545822144,42153,42160.4,0,0.38,0.25,20,ONE_POINT,100,100,RANDOM,18
464,46500,155.68772149085999,42107,42114.97,0,0.38,0.25,20,ONE_POINT,100,100,RANDOM,18
465,46600,156.01936149597168,42072,42076.91,0,0.38,0.25,20,ONE_POINT,100,100,RANDOM,18
466,46700,156.40479016304016,42047,42052.96,0,0.38,0.25,20,ONE_POINT,100,100,RANDOM,18
467,46800,156.73594045639038,42016,42052.26,0,0.38,0.25,20,ONE_POINT,100,100,RANDOM,18
468,46900,157.04762196540833,41984,41993.1,0,0.38,0.25,20,ONE_POINT,100,100,RANDOM,18
469,47000,157.4164524078369,41947,41970.26,0,0.38,0.25,20,ONE_POINT,100,100,RANDOM,18
470,47100,157.7186918258667,41918,41922.03,0,0.38,0.25,20,ONE_POINT,100,100,RANDOM,18
471,47200,158.0465850830078,41863,41938.18,0,0.38,0.25,20,ONE_POINT,100,100,RANDOM,18
472,47300,158.40607476234436,41827,41839.21,0,0.38,0.25,20,ONE_POINT,100,100,RANDOM,18
473,47400,158.75885343551636,41789,41794.55,0,0.38,0.25,20,ONE_POINT,100,100,RANDOM,18
474,47500,159.06582164764404,41785,41799.0,0,0.38,0.25,20,ONE_POINT,100,100,RANDOM,18
475,47600,159.4108955860138,41712,41724.06,0,0.38,0.25,20,ONE_POINT,100,100,RANDOM,18
476,47700,159.711492061615,41681,41686.54,0,0.38,0.25,20,ONE_POINT,100,100,RANDOM,18
477,47800,160.03644442558289,41648,41657.63,0,0.38,0.25,20,ONE_POINT,100,100,RANDOM,18
478,47900,160.3649344444275,41627,41632.34,0,0.38,0.25,20,ONE_POINT,100,100,RANDOM,18
479,48000,160.70086646080017,41575,41586.61,0,0.38,0.25,20,ONE_POINT,100,100,RANDOM,18
480,48100,161.053973197937,41505,41512.14,0,0.38,0.25,20,ONE_POINT,100,100,RANDOM,18
481,48200,161.3901150226593,41477,41516.23,0,0.38,0.25,20,ONE_POINT,100,100,RANDOM,18
482,48300,161.7277328968048,41433,41444.9,0,0.38,0.25,20,ONE_POINT,100,100,RANDOM,18
483,48400,162.04888820648193,41398,41423.7,0,0.38,0.25,20,ONE_POINT,100,100,RANDOM,18
484,48500,162.4265432357788,41355,41363.6,0,0.38,0.25,20,ONE_POINT,100,100,RANDOM,18
485,48600,162.7787630558014,41331,41334.81,0,0.38,0.25,20,ONE_POINT,100,100,RANDOM,18
486,48700,163.0787696838379,41314,41349.82,0,0.38,0.25,20,ONE_POINT,100,100,RANDOM,18
487,48800,163.42695927619934,41293,41360.25,0,0.38,0.25,20,ONE_POINT,100,100,RANDOM,18
488,48900,163.72823762893677,41269,41287.22,0,0.38,0.25,20,ONE_POINT,100,100,RANDOM,18
489,49000,164.0757188796997,41177,41190.47,0,0.38,0.25,20,ONE_POINT,100,100,RANDOM,18
490,49100,164.45944476127625,41165,41176.52,0,0.38,0.25,20,ONE_POINT,100,100,RANDOM,18
491,49200,164.81172823905945,41123,41129.46,0,0.38,0.25,20,ONE_POINT,100,100,RANDOM,18
492,49300,165.12267637252808,41043,41050.24,0,0.38,0.25,20,ONE_POINT,100,100,RANDOM,18
493,49400,165.47114753723145,41015,41023.44,0,0.38,0.25,20,ONE_POINT,100,100,RANDOM,18
494,49500,165.80603098869324,40992,41002.3,0,0.38,0.25,20,ONE_POINT,100,100,RANDOM,18
495,49600,166.11951208114624,40958,40962.83,0,0.38,0.25,20,ONE_POINT,100,100,RANDOM,18
496,49700,166.46358466148376,40934,40938.7,0,0.38,0.25,20,ONE_POINT,100,100,RANDOM,18
497,49800,166.77752351760864,40904,40910.53,0,0.38,0.25,20,ONE_POINT,100,100,RANDOM,18
498,49900,167.12428855895996,40836,40890.38,0,0.38,0.25,20,ONE_POINT,100,100,RANDOM,18
499,50000,167.42988348007202,40757,40767.67,0,0.38,0.25,20,ONE_POINT,100,100,RANDOM,18
500,50100,167.73230600357056,40724,40784.48,0,0.38,0.25,20,ONE_POINT,100,100,RANDOM,18
1,200,0.2290949821472168,139040,137473.92,0,0.38,0.25,20,ONE_POINT,100,100,RANDOM,19
2,300,0.5626089572906494,135703,135787.02,0,0.38,0.25,20,ONE_POINT,100,100,RANDOM,19
3,400,0.9075520038604736,134889,134913.41,0,0.38,0.25,20,ONE_POINT,100,100,RANDOM,19
4,500,1.3520052433013916,133577,133636.41,0,0.38,0.25,20,ONE_POINT,100,100,RANDOM,19
5,600,1.6876747608184814,132137,132180.2,0,0.38,0.25,20,ONE_POINT,100,100,RANDOM,19
6,700,2.015357255935669,131395,131414.72,0,0.38,0.25,20,ONE_POINT,100,100,RANDOM,19
7,800,2.365462303161621,130832,130854.67,0,0.38,0.25,20,ONE_POINT,100,100,RANDOM,19
8,900,2.7202701568603516,130139,130171.42,0,0.38,0.25,20,ONE_POINT,100,100,RANDOM,19
9,1000,3.0362460613250732,129559,129582.09,0,0.38,0.25,20,ONE_POINT,100,100,RANDOM,19
10,1100,3.391817092895508,128564,128635.83,0,0.38,0.25,20,ONE_POINT,100,100,RANDOM,19
11,1200,3.697488784790039,127837,127872.25,0,0.38,0.25,20,ONE_POINT,100,100,RANDOM,19
12,1300,4.003973722457886,127053,127085.11,0,0.38,0.25,20,ONE_POINT,100,100,RANDOM,19
13,1400,4.322361946105957,126709,126735.17,0,0.38,0.25,20,ONE_POINT,100,100,RANDOM,19
14,1500,4.6527087688446045,126213,126256.15,0,0.38,0.25,20,ONE_POINT,100,100,RANDOM,19
15,1600,4.965698480606079,125506,125535.57,0,0.38,0.25,20,ONE_POINT,100,100,RANDOM,19
16,1700,5.3113720417022705,124872,124900.55,0,0.38,0.25,20,ONE_POINT,100,100,RANDOM,19
17,1800,5.644301891326904,124352,124406.43,0,0.38,0.25,20,ONE_POINT,100,100,RANDOM,19
18,1900,5.998322248458862,123817,123879.47,0,0.38,0.25,20,ONE_POINT,100,100,RANDOM,19
19,2000,6.330989360809326,122795,122847.33,0,0.38,0.25,20,ONE_POINT,100,100,RANDOM,19
20,2100,6.669602870941162,122195,122226.86,0,0.38,0.25,20,ONE_POINT,100,100,RANDOM,19
21,2200,6.999339818954468,121653,121675.52,0,0.38,0.25,20,ONE_POINT,100,100,RANDOM,19
22,2300,7.313895225524902,121130,121159.47,0,0.38,0.25,20,ONE_POINT,100,100,RANDOM,19
23,2400,7.671210765838623,119930,119974.03,0,0.38,0.25,20,ONE_POINT,100,100,RANDOM,19
24,2500,8.017841100692749,119741,119753.75,0,0.38,0.25,20,ONE_POINT,100,100,RANDOM,19
25,2600,8.348606586456299,119153,119181.41,0,0.38,0.25,20,ONE_POINT,100,100,RANDOM,19
26,2700,8.687547206878662,118614,118642.26,0,0.38,0.25,20,ONE_POINT,100,100,RANDOM,19
27,2800,9.025230169296265,118305,118323.16,0,0.38,0.25,20,ONE_POINT,100,100,RANDOM,19
28,2900,9.343421220779419,117520,117632.25,0,0.38,0.25,20,ONE_POINT,100,100,RANDOM,19
29,3000,9.684392213821411,116849,116875.84,0,0.38,0.25,20,ONE_POINT,100,100,RANDOM,19
30,3100,9.994292497634888,116323,116359.54,0,0.38,0.25,20,ONE_POINT,100,100,RANDOM,19
31,3200,10.34129285812378,115997,116023.19,0,0.38,0.25,20,ONE_POINT,100,100,RANDOM,19
32,3300,10.680860996246338,115121,115156.23,0,0.38,0.25,20,ONE_POINT,100,100,RANDOM,19
33,3400,11.021419763565063,114392,114421.16,0,0.38,0.25,20,ONE_POINT,100,100,RANDOM,19
34,3500,11.35988998413086,113877,113897.6,0,0.38,0.25,20,ONE_POINT,100,100,RANDOM,19
35,3600,11.705030679702759,113538,113551.83,0,0.38,0.25,20,ONE_POINT,100,100,RANDOM,19
36,3700,12.019159317016602,113059,113086.34,0,0.38,0.25,20,ONE_POINT,100,100,RANDOM,19
37,3800,12.377711772918701,112745,112755.4,0,0.38,0.25,20,ONE_POINT,100,100,RANDOM,19
38,3900,12.704001426696777,112128,112152.68,0,0.38,0.25,20,ONE_POINT,100,100,RANDOM,19
39,4000,13.036929368972778,111871,111886.42,0,0.38,0.25,20,ONE_POINT,100,100,RANDOM,19
40,4100,13.369251728057861,111269,111298.11,0,0.38,0.25,20,ONE_POINT,100,100,RANDOM,19
41,4200,13.671807765960693,111079,111146.74,0,0.38,0.25,20,ONE_POINT,100,100,RANDOM,19
42,4300,14.00961971282959,110426,110461.29,0,0.38,0.25,20,ONE_POINT,100,100,RANDOM,19
43,4400,14.348390579223633,109921,109941.7,0,0.38,0.25,20,ONE_POINT,100,100,RANDOM,19
44,4500,14.677314281463623,108985,109105.03,0,0.38,0.25,20,ONE_POINT,100,100,RANDOM,19
45,4600,14.985397338867188,108600,108630.75,0,0.38,0.25,20,ONE_POINT,100,100,RANDOM,19
46,4700,15.338485479354858,108308,108343.67,0,0.38,0.25,20,ONE_POINT,100,100,RANDOM,19
47,4800,15.684731483459473,107485,107518.37,0,0.38,0.25,20,ONE_POINT,100,100,RANDOM,19
48,4900,15.989816665649414,106881,106952.02,0,0.38,0.25,20,ONE_POINT,100,100,RANDOM,19
49,5000,16.367313861846924,106503,106525.91,0,0.38,0.25,20,ONE_POINT,100,100,RANDOM,19
50,5100,16.683223724365234,106174,106190.09,0,0.38,0.25,20,ONE_POINT,100,100,RANDOM,19
51,5200,17.00642728805542,105940,105951.89,0,0.38,0.25,20,ONE_POINT,100,100,RANDOM,19
52,5300,17.33930778503418,105334,105358.24,0,0.38,0.25,20,ONE_POINT,100,100,RANDOM,19
53,5400,17.65830135345459,104770,104791.3,0,0.38,0.25,20,ONE_POINT,100,100,RANDOM,19
54,5500,18.003921508789062,104160,104311.69,0,0.38,0.25,20,ONE_POINT,100,100,RANDOM,19
55,5600,18.318674325942993,103821,103837.63,0,0.38,0.25,20,ONE_POINT,100,100,RANDOM,19
56,5700,18.647984266281128,103596,103610.17,0,0.38,0.25,20,ONE_POINT,100,100,RANDOM,19
57,5800,19.000840663909912,103312,103323.36,0,0.38,0.25,20,ONE_POINT,100,100,RANDOM,19
58,5900,19.317092180252075,102893,102945.78,0,0.38,0.25,20,ONE_POINT,100,100,RANDOM,19
59,6000,19.665664434432983,102593,102660.19,0,0.38,0.25,20,ONE_POINT,100,100,RANDOM,19
60,6100,20.00360417366028,102143,102213.28,0,0.38,0.25,20,ONE_POINT,100,100,RANDOM,19
61,6200,20.351664304733276,101639,101663.82,0,0.38,0.25,20,ONE_POINT,100,100,RANDOM,19
62,6300,20.690932035446167,101371,101392.84,0,0.38,0.25,20,ONE_POINT,100,100,RANDOM,19
63,6400,21.052907943725586,100971,100989.79,0,0.38,0.25,20,ONE_POINT,100,100,RANDOM,19
64,6500,21.37917923927307,100740,100752.98,0,0.38,0.25,20,ONE_POINT,100,100,RANDOM,19
65,6600,21.70909857749939,100342,100357.92,0,0.38,0.25,20,ONE_POINT,100,100,RANDOM,19
66,6700,22.06374454498291,99786,99814.37,0,0.38,0.25,20,ONE_POINT,100,100,RANDOM,19
67,6800,22.37228775024414,99584,99604.64,0,0.38,0.25,20,ONE_POINT,100,100,RANDOM,19
68,6900,22.71685552597046,99248,99304.56,0,0.38,0.25,20,ONE_POINT,100,100,RANDOM,19
69,7000,23.049535274505615,98743,98763.17,0,0.38,0.25,20,ONE_POINT,100,100,RANDOM,19
70,7100,23.404277801513672,98480,98490.03,0,0.38,0.25,20,ONE_POINT,100,100,RANDOM,19
71,7200,23.730268478393555,98332,98343.51,0,0.38,0.25,20,ONE_POINT,100,100,RANDOM,19
72,7300,24.101925134658813,98178,98188.88,0,0.38,0.25,20,ONE_POINT,100,100,RANDOM,19
73,7400,24.439557552337646,97968,98031.05,0,0.38,0.25,20,ONE_POINT,100,100,RANDOM,19
74,7500,24.758887767791748,97481,97505.61,0,0.38,0.25,20,ONE_POINT,100,100,RANDOM,19
75,7600,25.099045276641846,97084,97135.98,0,0.38,0.25,20,ONE_POINT,100,100,RANDOM,19
76,7700,25.440834999084473,96771,96783.4,0,0.38,0.25,20,ONE_POINT,100,100,RANDOM,19
77,7800,25.79835796356201,96466,96489.46,0,0.38,0.25,20,ONE_POINT,100,100,RANDOM,19
78,7900,26.163581371307373,96271,96297.12,0,0.38,0.25,20,ONE_POINT,100,100,RANDOM,19
79,8000,26.504914045333862,95984,95994.34,0,0.38,0.25,20,ONE_POINT,100,100,RANDOM,19
80,8100,26.83956742286682,95627,95645.3,0,0.38,0.25,20,ONE_POINT,100,100,RANDOM,19
81,8200,27.14585041999817,94886,94933.38,0,0.38,0.25,20,ONE_POINT,100,100,RANDOM,19
82,8300,27.456626892089844,94529,94546.85,0,0.38,0.25,20,ONE_POINT,100,100,RANDOM,19
83,8400,27.80212426185608,94164,94178.6,0,0.38,0.25,20,ONE_POINT,100,100,RANDOM,19
84,8500,28.11178755760193,93338,93375.61,0,0.38,0.25,20,ONE_POINT,100,100,RANDOM,19
85,8600,28.470901012420654,93109,93121.53,0,0.38,0.25,20,ONE_POINT,100,100,RANDOM,19
86,8700,28.85120964050293,92857,92871.35,0,0.38,0.25,20,ONE_POINT,100,100,RANDOM,19
87,8800,29.191983938217163,92495,92517.85,0,0.38,0.25,20,ONE_POINT,100,100,RANDOM,19
88,8900,29.533638954162598,92090,92124.99,0,0.38,0.25,20,ONE_POINT,100,100,RANDOM,19
89,9000,29.884202003479004,91863,91874.35,0,0.38,0.25,20,ONE_POINT,100,100,RANDOM,19
90,9100,30.23105001449585,91652,91666.74,0,0.38,0.25,20,ONE_POINT,100,100,RANDOM,19
91,9200,30.532455444335938,91370,91417.24,0,0.38,0.25,20,ONE_POINT,100,100,RANDOM,19
92,9300,30.84138035774231,91173,91187.29,0,0.38,0.25,20,ONE_POINT,100,100,RANDOM,19
93,9400,31.198105812072754,90995,91012.32,0,0.38,0.25,20,ONE_POINT,100,100,RANDOM,19
94,9500,31.51680016517639,90743,90758.05,0,0.38,0.25,20,ONE_POINT,100,100,RANDOM,19
95,9600,31.87761378288269,90404,90452.84,0,0.38,0.25,20,ONE_POINT,100,100,RANDOM,19
96,9700,32.2489013671875,90033,90051.04,0,0.38,0.25,20,ONE_POINT,100,100,RANDOM,19
97,9800,32.59113049507141,89766,89787.62,0,0.38,0.25,20,ONE_POINT,100,100,RANDOM,19
98,9900,32.94112682342529,89603,89612.78,0,0.38,0.25,20,ONE_POINT,100,100,RANDOM,19
99,10000,33.27362298965454,89296,89314.59,0,0.38,0.25,20,ONE_POINT,100,100,RANDOM,19
100,10100,33.60573410987854,89122,89132.44,0,0.38,0.25,20,ONE_POINT,100,100,RANDOM,19
101,10200,33.96570014953613,88753,88812.98,0,0.38,0.25,20,ONE_POINT,100,100,RANDOM,19
102,10300,34.35872840881348,88620,88670.84,0,0.38,0.25,20,ONE_POINT,100,100,RANDOM,19
103,10400,34.69876194000244,88321,88359.52,0,0.38,0.25,20,ONE_POINT,100,100,RANDOM,19
104,10500,35.085429191589355,87873,88017.51,0,0.38,0.25,20,ONE_POINT,100,100,RANDOM,19
105,10600,35.44218969345093,87545,87574.03,0,0.38,0.25,20,ONE_POINT,100,100,RANDOM,19
106,10700,35.78187036514282,86795,86826.01,0,0.38,0.25,20,ONE_POINT,100,100,RANDOM,19
107,10800,36.10128402709961,86605,86643.18,0,0.38,0.25,20,ONE_POINT,100,100,RANDOM,19
108,10900,36.43989706039429,86432,86446.92,0,0.38,0.25,20,ONE_POINT,100,100,RANDOM,19
109,11000,36.78522539138794,85993,86010.86,0,0.38,0.25,20,ONE_POINT,100,100,RANDOM,19
110,11100,37.13648509979248,85751,85791.79,0,0.38,0.25,20,ONE_POINT,100,100,RANDOM,19
111,11200,37.44746732711792,85490,85507.87,0,0.38,0.25,20,ONE_POINT,100,100,RANDOM,19
112,11300,37.75482439994812,85260,85287.9,0,0.38,0.25,20,ONE_POINT,100,100,RANDOM,19
113,11400,38.09358072280884,84836,84852.37,0,0.38,0.25,20,ONE_POINT,100,100,RANDOM,19
114,11500,38.447425365448,84598,84646.02,0,0.38,0.25,20,ONE_POINT,100,100,RANDOM,19
115,11600,38.75468039512634,84398,84408.31,0,0.38,0.25,20,ONE_POINT,100,100,RANDOM,19
116,11700,39.10488557815552,84079,84123.61,0,0.38,0.25,20,ONE_POINT,100,100,RANDOM,19
117,11800,39.41039800643921,83576,83605.46,0,0.38,0.25,20,ONE_POINT,100,100,RANDOM,19
118,11900,39.73945903778076,83365,83399.41,0,0.38,0.25,20,ONE_POINT,100,100,RANDOM,19
119,12000,40.05236768722534,83220,83296.96,0,0.38,0.25,20,ONE_POINT,100,100,RANDOM,19
120,12100,40.41374945640564,82893,82935.68,0,0.38,0.25,20,ONE_POINT,100,100,RANDOM,19
121,12200,40.7480731010437,82762,82771.17,0,0.38,0.25,20,ONE_POINT,100,100,RANDOM,19
122,12300,41.05795693397522,82559,82577.55,0,0.38,0.25,20,ONE_POINT,100,100,RANDOM,19
123,12400,41.408693075180054,82339,82350.09,0,0.38,0.25,20,ONE_POINT,100,100,RANDOM,19
124,12500,41.75568771362305,82158,82170.6,0,0.38,0.25,20,ONE_POINT,100,100,RANDOM,19
125,12600,42.121684551239014,81976,81988.74,0,0.38,0.25,20,ONE_POINT,100,100,RANDOM,19
126,12700,42.46108603477478,81655,81733.51,0,0.38,0.25,20,ONE_POINT,100,100,RANDOM,19
127,12800,42.8167142868042,81484,81584.54,0,0.38,0.25,20,ONE_POINT,100,100,RANDOM,19
128,12900,43.17579483985901,81332,81339.87,0,0.38,0.25,20,ONE_POINT,100,100,RANDOM,19
129,13000,43.5446412563324,81119,81131.59,0,0.38,0.25,20,ONE_POINT,100,100,RANDOM,19
130,13100,43.89532732963562,80830,80858.04,0,0.38,0.25,20,ONE_POINT,100,100,RANDOM,19
131,13200,44.20892882347107,80421,80438.76,0,0.38,0.25,20,ONE_POINT,100,100,RANDOM,19
132,13300,44.549678802490234,80239,80251.86,0,0.38,0.25,20,ONE_POINT,100,100,RANDOM,19
133,13400,44.88566493988037,79869,79883.61,0,0.38,0.25,20,ONE_POINT,100,100,RANDOM,19
134,13500,45.23070287704468,79623,79639.14,0,0.38,0.25,20,ONE_POINT,100,100,RANDOM,19
135,13600,45.582740783691406,79492,79501.19,0,0.38,0.25,20,ONE_POINT,100,100,RANDOM,19
136,13700,45.90309238433838,79262,79319.75,0,0.38,0.25,20,ONE_POINT,100,100,RANDOM,19
137,13800,46.2538161277771,79092,79102.2,0,0.38,0.25,20,ONE_POINT,100,100,RANDOM,19
138,13900,46.567333698272705,78717,78758.49,0,0.38,0.25,20,ONE_POINT,100,100,RANDOM,19
139,14000,46.867406368255615,78569,78580.55,0,0.38,0.25,20,ONE_POINT,100,100,RANDOM,19
140,14100,47.1662654876709,78448,78458.17,0,0.38,0.25,20,ONE_POINT,100,100,RANDOM,19
141,14200,47.48033428192139,78340,78433.58,0,0.38,0.25,20,ONE_POINT,100,100,RANDOM,19
142,14300,47.858927488327026,78229,78265.41,0,0.38,0.25,20,ONE_POINT,100,100,RANDOM,19
143,14400,48.19984149932861,78096,78103.98,0,0.38,0.25,20,ONE_POINT,100,100,RANDOM,19
144,14500,48.543365478515625,77936,77965.82,0,0.38,0.25,20,ONE_POINT,100,100,RANDOM,19
145,14600,48.898969411849976,77721,77742.73,0,0.38,0.25,20,ONE_POINT,100,100,RANDOM,19
146,14700,49.21728587150574,77506,77518.9,0,0.38,0.25,20,ONE_POINT,100,100,RANDOM,19
147,14800,49.538928508758545,77398,77404.78,0,0.38,0.25,20,ONE_POINT,100,100,RANDOM,19
148,14900,49.85015392303467,77190,77200.61,0,0.38,0.25,20,ONE_POINT,100,100,RANDOM,19
149,15000,50.18277835845947,77069,77089.94,0,0.38,0.25,20,ONE_POINT,100,100,RANDOM,19
150,15100,50.53231120109558,76919,76962.41,0,0.38,0.25,20,ONE_POINT,100,100,RANDOM,19
151,15200,50.88421058654785,76705,76725.15,0,0.38,0.25,20,ONE_POINT,100,100,RANDOM,19
152,15300,51.20814895629883,76526,76536.38,0,0.38,0.25,20,ONE_POINT,100,100,RANDOM,19
153,15400,51.57407760620117,76270,76323.97,0,0.38,0.25,20,ONE_POINT,100,100,RANDOM,19
154,15500,51.88732051849365,76155,76163.05,0,0.38,0.25,20,ONE_POINT,100,100,RANDOM,19
155,15600,52.235527992248535,76003,76011.56,0,0.38,0.25,20,ONE_POINT,100,100,RANDOM,19
156,15700,52.539775133132935,75877,75969.72,0,0.38,0.25,20,ONE_POINT,100,100,RANDOM,19
157,15800,52.83780789375305,75707,75716.78,0,0.38,0.25,20,ONE_POINT,100,100,RANDOM,19
158,15900,53.1441376209259,75516,75535.67,0,0.38,0.25,20,ONE_POINT,100,100,RANDOM,19
159,16000,53.50054168701172,75273,75291.37,0,0.38,0.25,20,ONE_POINT,100,100,RANDOM,19
160,16100,53.84470868110657,75007,75061.28,0,0.38,0.25,20,ONE_POINT,100,100,RANDOM,19
161,16200,54.2414665222168,74760,74785.45,0,0.38,0.25,20,ONE_POINT,100,100,RANDOM,19
162,16300,54.54530072212219,74579,74593.62,0,0.38,0.25,20,ONE_POINT,100,100,RANDOM,19
163,16400,54.868328332901,74385,74396.64,0,0.38,0.25,20,ONE_POINT,100,100,RANDOM,19
164,16500,55.21196365356445,74265,74284.08,0,0.38,0.25,20,ONE_POINT,100,100,RANDOM,19
165,16600,55.53927397727966,74079,74113.27,0,0.38,0.25,20,ONE_POINT,100,100,RANDOM,19
166,16700,55.868531942367554,73659,73708.43,0,0.38,0.25,20,ONE_POINT,100,100,RANDOM,19
167,16800,56.22375774383545,73403,73418.38,0,0.38,0.25,20,ONE_POINT,100,100,RANDOM,19
168,16900,56.56848692893982,73325,73340.66,0,0.38,0.25,20,ONE_POINT,100,100,RANDOM,19
169,17000,56.88152480125427,73225,73231.08,0,0.38,0.25,20,ONE_POINT,100,100,RANDOM,19
170,17100,57.22781991958618,73068,73081.44,0,0.38,0.25,20,ONE_POINT,100,100,RANDOM,19
171,17200,57.54947233200073,72845,72857.4,0,0.38,0.25,20,ONE_POINT,100,100,RANDOM,19
172,17300,57.887805223464966,72133,72215.19,0,0.38,0.25,20,ONE_POINT,100,100,RANDOM,19
173,17400,58.24904251098633,71938,71965.6,0,0.38,0.25,20,ONE_POINT,100,100,RANDOM,19
174,17500,58.60431098937988,71790,71832.34,0,0.38,0.25,20,ONE_POINT,100,100,RANDOM,19
175,17600,58.915059328079224,71673,71682.7,0,0.38,0.25,20,ONE_POINT,100,100,RANDOM,19
176,17700,59.24848985671997,71429,71439.95,0,0.38,0.25,20,ONE_POINT,100,100,RANDOM,19
177,17800,59.59699583053589,71294,71304.2,0,0.38,0.25,20,ONE_POINT,100,100,RANDOM,19
178,17900,59.961249113082886,70949,70964.66,0,0.38,0.25,20,ONE_POINT,100,100,RANDOM,19
179,18000,60.330209255218506,70832,70936.18,0,0.38,0.25,20,ONE_POINT,100,100,RANDOM,19
180,18100,60.678531885147095,70628,70636.26,0,0.38,0.25,20,ONE_POINT,100,100,RANDOM,19
181,18200,60.984591007232666,70557,70656.25,0,0.38,0.25,20,ONE_POINT,100,100,RANDOM,19
182,18300,61.33713388442993,70199,70213.17,0,0.38,0.25,20,ONE_POINT,100,100,RANDOM,19
183,18400,61.648008584976196,70028,70054.65,0,0.38,0.25,20,ONE_POINT,100,100,RANDOM,19
184,18500,61.99246692657471,69831,69878.23,0,0.38,0.25,20,ONE_POINT,100,100,RANDOM,19
185,18600,62.325554609298706,69621,69656.16,0,0.38,0.25,20,ONE_POINT,100,100,RANDOM,19
186,18700,62.64176058769226,69505,69541.41,0,0.38,0.25,20,ONE_POINT,100,100,RANDOM,19
187,18800,62.99570894241333,69423,69433.55,0,0.38,0.25,20,ONE_POINT,100,100,RANDOM,19
188,18900,63.39117074012756,69152,69183.06,0,0.38,0.25,20,ONE_POINT,100,100,RANDOM,19
189,19000,63.713221311569214,69025,69032.62,0,0.38,0.25,20,ONE_POINT,100,100,RANDOM,19
190,19100,64.02586078643799,68969,69001.17,0,0.38,0.25,20,ONE_POINT,100,100,RANDOM,19
191,19200,64.36063885688782,68744,68755.84,0,0.38,0.25,20,ONE_POINT,100,100,RANDOM,19
192,19300,64.72378182411194,68606,68645.62,0,0.38,0.25,20,ONE_POINT,100,100,RANDOM,19
193,19400,65.08475375175476,68464,68493.07,0,0.38,0.25,20,ONE_POINT,100,100,RANDOM,19
194,19500,65.39064645767212,68337,68351.45,0,0.38,0.25,20,ONE_POINT,100,100,RANDOM,19
195,19600,65.69619274139404,68182,68201.92,0,0.38,0.25,20,ONE_POINT,100,100,RANDOM,19
196,19700,66.03637480735779,68004,68017.33,0,0.38,0.25,20,ONE_POINT,100,100,RANDOM,19
197,19800,66.37160348892212,67722,67738.54,0,0.38,0.25,20,ONE_POINT,100,100,RANDOM,19
198,19900,66.6789903640747,67446,67465.0,0,0.38,0.25,20,ONE_POINT,100,100,RANDOM,19
199,20000,67.01015400886536,67282,67317.93,0,0.38,0.25,20,ONE_POINT,100,100,RANDOM,19
200,20100,67.33128452301025,67154,67164.33,0,0.38,0.25,20,ONE_POINT,100,100,RANDOM,19
201,20200,67.67167091369629,67060,67070.08,0,0.38,0.25,20,ONE_POINT,100,100,RANDOM,19
202,20300,67.98518919944763,66895,66978.97,0,0.38,0.25,20,ONE_POINT,100,100,RANDOM,19
203,20400,68.38146495819092,66831,66837.76,0,0.38,0.25,20,ONE_POINT,100,100,RANDOM,19
204,20500,68.74671840667725,66581,66598.14,0,0.38,0.25,20,ONE_POINT,100,100,RANDOM,19
205,20600,69.14417266845703,66413,66421.1,0,0.38,0.25,20,ONE_POINT,100,100,RANDOM,19
206,20700,69.50404596328735,66295,66302.9,0,0.38,0.25,20,ONE_POINT,100,100,RANDOM,19
207,20800,69.83024024963379,66131,66171.51,0,0.38,0.25,20,ONE_POINT,100,100,RANDOM,19
208,20900,70.16703701019287,65889,65903.07,0,0.38,0.25,20,ONE_POINT,100,100,RANDOM,19
209,21000,70.47697591781616,65754,65766.14,0,0.38,0.25,20,ONE_POINT,100,100,RANDOM,19
210,21100,70.83751940727234,65547,65566.37,0,0.38,0.25,20,ONE_POINT,100,100,RANDOM,19
211,21200,71.19362425804138,65280,65321.25,0,0.38,0.25,20,ONE_POINT,100,100,RANDOM,19
212,21300,71.49048924446106,65203,65218.65,0,0.38,0.25,20,ONE_POINT,100,100,RANDOM,19
213,21400,71.84716701507568,65058,65081.8,0,0.38,0.25,20,ONE_POINT,100,100,RANDOM,19
214,21500,72.22942662239075,64978,65044.31,0,0.38,0.25,20,ONE_POINT,100,100,RANDOM,19
215,21600,72.56308627128601,64880,64908.66,0,0.38,0.25,20,ONE_POINT,100,100,RANDOM,19
216,21700,72.88646268844604,64795,64806.35,0,0.38,0.25,20,ONE_POINT,100,100,RANDOM,19
217,21800,73.24510550498962,64657,64668.89,0,0.38,0.25,20,ONE_POINT,100,100,RANDOM,19
218,21900,73.59852004051208,64571,64576.88,0,0.38,0.25,20,ONE_POINT,100,100,RANDOM,19
219,22000,73.94958138465881,64391,64436.63,0,0.38,0.25,20,ONE_POINT,100,100,RANDOM,19
220,22100,74.30024671554565,64131,64146.65,0,0.38,0.25,20,ONE_POINT,100,100,RANDOM,19
221,22200,74.63158249855042,63933,63966.86,0,0.38,0.25,20,ONE_POINT,100,100,RANDOM,19
222,22300,74.99026393890381,63791,63800.94,0,0.38,0.25,20,ONE_POINT,100,100,RANDOM,19
223,22400,75.31718397140503,63634,63742.98,0,0.38,0.25,20,ONE_POINT,100,100,RANDOM,19
224,22500,75.6321074962616,63490,63509.45,0,0.38,0.25,20,ONE_POINT,100,100,RANDOM,19
225,22600,75.94930386543274,63354,63442.31,0,0.38,0.25,20,ONE_POINT,100,100,RANDOM,19
226,22700,76.33017230033875,63302,63355.83,0,0.38,0.25,20,ONE_POINT,100,100,RANDOM,19
227,22800,76.67264938354492,63212,63219.2,0,0.38,0.25,20,ONE_POINT,100,100,RANDOM,19
228,22900,77.01274824142456,63060,63078.38,0,0.38,0.25,20,ONE_POINT,100,100,RANDOM,19
229,23000,77.33985328674316,62992,63026.06,0,0.38,0.25,20,ONE_POINT,100,100,RANDOM,19
230,23100,77.65186166763306,62955,62986.68,0,0.38,0.25,20,ONE_POINT,100,100,RANDOM,19
231,23200,77.99452495574951,62891,62909.06,0,0.38,0.25,20,ONE_POINT,100,100,RANDOM,19
232,23300,78.30625486373901,62808,62817.01,0,0.38,0.25,20,ONE_POINT,100,100,RANDOM,19
233,23400,78.6300938129425,62663,62680.17,0,0.38,0.25,20,ONE_POINT,100,100,RANDOM,19
234,23500,78.98258113861084,62542,62551.72,0,0.38,0.25,20,ONE_POINT,100,100,RANDOM,19
235,23600,79.29141354560852,62444,62453.38,0,0.38,0.25,20,ONE_POINT,100,100,RANDOM,19
236,23700,79.62592792510986,62232,62262.17,0,0.38,0.25,20,ONE_POINT,100,100,RANDOM,19
237,23800,79.9584391117096,62047,62059.83,0,0.38,0.25,20,ONE_POINT,100,100,RANDOM,19
238,23900,80.29251742362976,61968,61982.86,0,0.38,0.25,20,ONE_POINT,100,100,RANDOM,19
239,24000,80.59128713607788,61849,61883.22,0,0.38,0.25,20,ONE_POINT,100,100,RANDOM,19
240,24100,80.93543577194214,61672,61683.12,0,0.38,0.25,20,ONE_POINT,100,100,RANDOM,19
241,24200,81.28891372680664,61542,61559.9,0,0.38,0.25,20,ONE_POINT,100,100,RANDOM,19
242,24300,81.61468744277954,61435,61460.26,0,0.38,0.25,20,ONE_POINT,100,100,RANDOM,19
243,24400,81.93790411949158,61321,61334.39,0,0.38,0.25,20,ONE_POINT,100,100,RANDOM,19
244,24500,82.3009090423584,61175,61186.36,0,0.38,0.25,20,ONE_POINT,100,100,RANDOM,19
245,24600,82.61682677268982,60885,60900.13,0,0.38,0.25,20,ONE_POINT,100,100,RANDOM,19
246,24700,82.96363806724548,60805,60811.19,0,0.38,0.25,20,ONE_POINT,100,100,RANDOM,19
247,24800,83.30411744117737,60647,60660.93,0,0.38,0.25,20,ONE_POINT,100,100,RANDOM,19
248,24900,83.64710330963135,60562,60590.0,0,0.38,0.25,20,ONE_POINT,100,100,RANDOM,19
249,25000,84.0112693309784,60519,60526.81,0,0.38,0.25,20,ONE_POINT,100,100,RANDOM,19
250,25100,84.35365033149719,60488,60525.46,0,0.38,0.25,20,ONE_POINT,100,100,RANDOM,19
251,25200,84.69306778907776,60259,60276.32,0,0.38,0.25,20,ONE_POINT,100,100,RANDOM,19
252,25300,85.0102858543396,60080,60159.08,0,0.38,0.25,20,ONE_POINT,100,100,RANDOM,19
253,25400,85.36739659309387,59979,59990.44,0,0.38,0.25,20,ONE_POINT,100,100,RANDOM,19
254,25500,85.67819952964783,59827,59840.19,0,0.38,0.25,20,ONE_POINT,100,100,RANDOM,19
255,25600,86.04057931900024,59518,59557.43,0,0.38,0.25,20,ONE_POINT,100,100,RANDOM,19
256,25700,86.3723292350769,59354,59464.32,0,0.38,0.25,20,ONE_POINT,100,100,RANDOM,19
257,25800,86.67178297042847,59167,59200.76,0,0.38,0.25,20,ONE_POINT,100,100,RANDOM,19
258,25900,87.01775860786438,59075,59082.53,0,0.38,0.25,20,ONE_POINT,100,100,RANDOM,19
259,26000,87.33238673210144,58830,58863.29,0,0.38,0.25,20,ONE_POINT,100,100,RANDOM,19
260,26100,87.69831824302673,58769,58785.24,0,0.38,0.25,20,ONE_POINT,100,100,RANDOM,19
261,26200,88.04951286315918,58549,58562.81,0,0.38,0.25,20,ONE_POINT,100,100,RANDOM,19
262,26300,88.38129329681396,58496,58501.23,0,0.38,0.25,20,ONE_POINT,100,100,RANDOM,19
263,26400,88.72306632995605,58249,58339.03,0,0.38,0.25,20,ONE_POINT,100,100,RANDOM,19
264,26500,89.05392360687256,58067,58144.3,0,0.38,0.25,20,ONE_POINT,100,100,RANDOM,19
265,26600,89.38431739807129,57910,57929.76,0,0.38,0.25,20,ONE_POINT,100,100,RANDOM,19
266,26700,89.68716096878052,57801,57811.56,0,0.38,0.25,20,ONE_POINT,100,100,RANDOM,19
267,26800,89.98559999465942,57678,57695.74,0,0.38,0.25,20,ONE_POINT,100,100,RANDOM,19
268,26900,90.30091834068298,57519,57533.16,0,0.38,0.25,20,ONE_POINT,100,100,RANDOM,19
269,27000,90.66418123245239,57385,57396.88,0,0.38,0.25,20,ONE_POINT,100,100,RANDOM,19
270,27100,90.98679685592651,57222,57259.56,0,0.38,0.25,20,ONE_POINT,100,100,RANDOM,19
271,27200,91.30676984786987,57122,57147.63,0,0.38,0.25,20,ONE_POINT,100,100,RANDOM,19
272,27300,91.64695954322815,56992,57010.63,0,0.38,0.25,20,ONE_POINT,100,100,RANDOM,19
273,27400,92.00761365890503,56919,56926.87,0,0.38,0.25,20,ONE_POINT,100,100,RANDOM,19
274,27500,92.35379886627197,56773,56784.68,0,0.38,0.25,20,ONE_POINT,100,100,RANDOM,19
275,27600,92.72225832939148,56700,56709.54,0,0.38,0.25,20,ONE_POINT,100,100,RANDOM,19
276,27700,93.08739137649536,56600,56666.89,0,0.38,0.25,20,ONE_POINT,100,100,RANDOM,19
277,27800,93.41424751281738,56447,56473.77,0,0.38,0.25,20,ONE_POINT,100,100,RANDOM,19
278,27900,93.73333024978638,56181,56196.88,0,0.38,0.25,20,ONE_POINT,100,100,RANDOM,19
279,28000,94.06558513641357,55998,56058.22,0,0.38,0.25,20,ONE_POINT,100,100,RANDOM,19
280,28100,94.41165518760681,55939,55974.74,0,0.38,0.25,20,ONE_POINT,100,100,RANDOM,19
281,28200,94.77324962615967,55873,55880.23,0,0.38,0.25,20,ONE_POINT,100,100,RANDOM,19
282,28300,95.07491660118103,55798,55808.37,0,0.38,0.25,20,ONE_POINT,100,100,RANDOM,19
283,28400,95.41371655464172,55661,55671.38,0,0.38,0.25,20,ONE_POINT,100,100,RANDOM,19
284,28500,95.73831915855408,55585,55606.06,0,0.38,0.25,20,ONE_POINT,100,100,RANDOM,19
285,28600,96.11001563072205,55525,55553.93,0,0.38,0.25,20,ONE_POINT,100,100,RANDOM,19
286,28700,96.44423031806946,55424,55435.02,0,0.38,0.25,20,ONE_POINT,100,100,RANDOM,19
287,28800,96.7681245803833,55314,55355.99,0,0.38,0.25,20,ONE_POINT,100,100,RANDOM,19
288,28900,97.1001148223877,55206,55219.53,0,0.38,0.25,20,ONE_POINT,100,100,RANDOM,19
289,29000,97.44251322746277,55150,55176.16,0,0.38,0.25,20,ONE_POINT,100,100,RANDOM,19
290,29100,97.77009987831116,54978,54990.68,0,0.38,0.25,20,ONE_POINT,100,100,RANDOM,19
291,29200,98.10169243812561,54888,54894.53,0,0.38,0.25,20,ONE_POINT,100,100,RANDOM,19
292,29300,98.4309446811676,54792,54799.36,0,0.38,0.25,20,ONE_POINT,100,100,RANDOM,19
293,29400,98.76378512382507,54707,54715.5,0,0.38,0.25,20,ONE_POINT,100,100,RANDOM,19
294,29500,99.0844419002533,54537,54579.55,0,0.38,0.25,20,ONE_POINT,100,100,RANDOM,19
295,29600,99.43518543243408,54407,54434.29,0,0.38,0.25,20,ONE_POINT,100,100,RANDOM,19
296,29700,99.75445866584778,54301,54316.75,0,0.38,0.25,20,ONE_POINT,100,100,RANDOM,19
297,29800,100.06428050994873,54200,54225.9,0,0.38,0.25,20,ONE_POINT,100,100,RANDOM,19
298,29900,100.40542888641357,54125,54151.16,0,0.38,0.25,20,ONE_POINT,100,100,RANDOM,19
299,30000,100.73885679244995,53968,54025.76,0,0.38,0.25,20,ONE_POINT,100,100,RANDOM,19
300,30100,101.07272219657898,53926,54028.99,0,0.38,0.25,20,ONE_POINT,100,100,RANDOM,19
301,30200,101.40057802200317,53843,53851.4,0,0.38,0.25,20,ONE_POINT,100,100,RANDOM,19
302,30300,101.75153970718384,53740,53748.23,0,0.38,0.25,20,ONE_POINT,100,100,RANDOM,19
303,30400,102.12313556671143,53627,53889.55,0,0.38,0.25,20,ONE_POINT,100,100,RANDOM,19
304,30500,102.48282051086426,53487,53502.71,0,0.38,0.25,20,ONE_POINT,100,100,RANDOM,19
305,30600,102.85181593894958,53408,53416.94,0,0.38,0.25,20,ONE_POINT,100,100,RANDOM,19
306,30700,103.228600025177,53288,53373.9,0,0.38,0.25,20,ONE_POINT,100,100,RANDOM,19
307,30800,103.58722996711731,53163,53173.71,0,0.38,0.25,20,ONE_POINT,100,100,RANDOM,19
308,30900,103.91135811805725,53109,53205.0,0,0.38,0.25,20,ONE_POINT,100,100,RANDOM,19
309,31000,104.23513627052307,53057,53063.53,0,0.38,0.25,20,ONE_POINT,100,100,RANDOM,19
310,31100,104.59207010269165,52985,52998.51,0,0.38,0.25,20,ONE_POINT,100,100,RANDOM,19
311,31200,104.93019199371338,52926,52934.25,0,0.38,0.25,20,ONE_POINT,100,100,RANDOM,19
312,31300,105.24414491653442,52873,52878.47,0,0.38,0.25,20,ONE_POINT,100,100,RANDOM,19
313,31400,105.5832724571228,52720,52779.6,0,0.38,0.25,20,ONE_POINT,100,100,RANDOM,19
314,31500,105.87941908836365,52610,52627.92,0,0.38,0.25,20,ONE_POINT,100,100,RANDOM,19
315,31600,106.20456719398499,52488,52501.87,0,0.38,0.25,20,ONE_POINT,100,100,RANDOM,19
316,31700,106.54692316055298,52368,52380.8,0,0.38,0.25,20,ONE_POINT,100,100,RANDOM,19
317,31800,106.88022565841675,52272,52290.76,0,0.38,0.25,20,ONE_POINT,100,100,RANDOM,19
318,31900,107.20349478721619,52154,52167.04,0,0.38,0.25,20,ONE_POINT,100,100,RANDOM,19
319,32000,107.54228806495667,52043,52052.34,0,0.38,0.25,20,ONE_POINT,100,100,RANDOM,19
320,32100,107.85746598243713,51899,51922.4,0,0.38,0.25,20,ONE_POINT,100,100,RANDOM,19
321,32200,108.20677781105042,51751,51799.1,0,0.38,0.25,20,ONE_POINT,100,100,RANDOM,19
322,32300,108.5421359539032,51711,51728.42,0,0.38,0.25,20,ONE_POINT,100,100,RANDOM,19
323,32400,108.8671817779541,51655,51666.93,0,0.38,0.25,20,ONE_POINT,100,100,RANDOM,19
324,32500,109.16847538948059,51575,51597.75,0,0.38,0.25,20,ONE_POINT,100,100,RANDOM,19
325,32600,109.50377440452576,51518,51714.58,0,0.38,0.25,20,ONE_POINT,100,100,RANDOM,19
326,32700,109.85265135765076,51424,51446.06,0,0.38,0.25,20,ONE_POINT,100,100,RANDOM,19
327,32800,110.20946002006531,51389,51406.59,0,0.38,0.25,20,ONE_POINT,100,100,RANDOM,19
328,32900,110.54138135910034,51282,51302.88,0,0.38,0.25,20,ONE_POINT,100,100,RANDOM,19
329,33000,110.86645150184631,51122,51134.06,0,0.38,0.25,20,ONE_POINT,100,100,RANDOM,19
330,33100,111.19106197357178,51052,51069.15,0,0.38,0.25,20,ONE_POINT,100,100,RANDOM,19
331,33200,111.55814957618713,51014,51019.67,0,0.38,0.25,20,ONE_POINT,100,100,RANDOM,19
332,33300,111.90243244171143,50931,51068.05,0,0.38,0.25,20,ONE_POINT,100,100,RANDOM,19
333,33400,112.21653890609741,50849,50861.15,0,0.38,0.25,20,ONE_POINT,100,100,RANDOM,19
334,33500,112.51283311843872,50716,50724.8,0,0.38,0.25,20,ONE_POINT,100,100,RANDOM,19
335,33600,112.846266746521,50651,50659.51,0,0.38,0.25,20,ONE_POINT,100,100,RANDOM,19
336,33700,113.1769585609436,50572,50580.41,0,0.38,0.25,20,ONE_POINT,100,100,RANDOM,19
337,33800,113.5314610004425,50420,50430.68,0,0.38,0.25,20,ONE_POINT,100,100,RANDOM,19
338,33900,113.83819127082825,50278,50290.88,0,0.38,0.25,20,ONE_POINT,100,100,RANDOM,19
339,34000,114.16360473632812,50247,50288.48,0,0.38,0.25,20,ONE_POINT,100,100,RANDOM,19
340,34100,114.49252271652222,50152,50158.74,0,0.38,0.25,20,ONE_POINT,100,100,RANDOM,19
341,34200,114.81731986999512,50136,50150.97,0,0.38,0.25,20,ONE_POINT,100,100,RANDOM,19
342,34300,115.16050052642822,50037,50047.09,0,0.38,0.25,20,ONE_POINT,100,100,RANDOM,19
343,34400,115.50268030166626,49947,49958.97,0,0.38,0.25,20,ONE_POINT,100,100,RANDOM,19
344,34500,115.80596828460693,49879,49899.16,0,0.38,0.25,20,ONE_POINT,100,100,RANDOM,19
345,34600,116.16896080970764,49807,49822.28,0,0.38,0.25,20,ONE_POINT,100,100,RANDOM,19
346,34700,116.49440026283264,49664,49681.1,0,0.38,0.25,20,ONE_POINT,100,100,RANDOM,19
347,34800,116.79990363121033,49579,49584.51,0,0.38,0.25,20,ONE_POINT,100,100,RANDOM,19
348,34900,117.13104224205017,49517,49522.45,0,0.38,0.25,20,ONE_POINT,100,100,RANDOM,19
349,35000,117.45973706245422,49424,49461.39,0,0.38,0.25,20,ONE_POINT,100,100,RANDOM,19
350,35100,117.75943613052368,49346,49354.21,0,0.38,0.25,20,ONE_POINT,100,100,RANDOM,19
351,35200,118.1050214767456,49236,49247.64,0,0.38,0.25,20,ONE_POINT,100,100,RANDOM,19
352,35300,118.45885419845581,49113,49184.3,0,0.38,0.25,20,ONE_POINT,100,100,RANDOM,19
353,35400,118.80853223800659,48993,49022.49,0,0.38,0.25,20,ONE_POINT,100,100,RANDOM,19
354,35500,119.13113045692444,48935,48953.59,0,0.38,0.25,20,ONE_POINT,100,100,RANDOM,19
355,35600,119.45969748497009,48826,48855.38,0,0.38,0.25,20,ONE_POINT,100,100,RANDOM,19
356,35700,119.81618475914001,48747,48766.28,0,0.38,0.25,20,ONE_POINT,100,100,RANDOM,19
357,35800,120.15285730361938,48686,48720.22,0,0.38,0.25,20,ONE_POINT,100,100,RANDOM,19
358,35900,120.49306654930115,48511,48526.19,0,0.38,0.25,20,ONE_POINT,100,100,RANDOM,19
359,36000,120.79786920547485,48450,48452.44,0,0.38,0.25,20,ONE_POINT,100,100,RANDOM,19
360,36100,121.14371299743652,48411,48531.08,0,0.38,0.25,20,ONE_POINT,100,100,RANDOM,19
361,36200,121.48208785057068,48310,48318.09,0,0.38,0.25,20,ONE_POINT,100,100,RANDOM,19
362,36300,121.79793453216553,48112,48144.74,0,0.38,0.25,20,ONE_POINT,100,100,RANDOM,19
363,36400,122.13768172264099,48070,48084.44,0,0.38,0.25,20,ONE_POINT,100,100,RANDOM,19
364,36500,122.47059655189514,47974,47984.34,0,0.38,0.25,20,ONE_POINT,100,100,RANDOM,19
365,36600,122.82908153533936,47933,47954.14,0,0.38,0.25,20,ONE_POINT,100,100,RANDOM,19
366,36700,123.17753195762634,47795,47822.8,0,0.38,0.25,20,ONE_POINT,100,100,RANDOM,19
367,36800,123.50448107719421,47767,47777.11,0,0.38,0.25,20,ONE_POINT,100,100,RANDOM,19
368,36900,123.84164905548096,47718,47737.45,0,0.38,0.25,20,ONE_POINT,100,100,RANDOM,19
369,37000,124.204097032547,47608,47633.44,0,0.38,0.25,20,ONE_POINT,100,100,RANDOM,19
370,37100,124.55300903320312,47456,47525.91,0,0.38,0.25,20,ONE_POINT,100,100,RANDOM,19
371,37200,124.92764687538147,47423,47427.06,0,0.38,0.25,20,ONE_POINT,100,100,RANDOM,19
372,37300,125.26471042633057,47359,47378.69,0,0.38,0.25,20,ONE_POINT,100,100,RANDOM,19
373,37400,125.59966158866882,47324,47340.98,0,0.38,0.25,20,ONE_POINT,100,100,RANDOM,19
374,37500,125.9381651878357,47186,47196.94,0,0.38,0.25,20,ONE_POINT,100,100,RANDOM,19
375,37600,126.28220987319946,47083,47091.21,0,0.38,0.25,20,ONE_POINT,100,100,RANDOM,19
376,37700,126.6416597366333,47011,47021.17,0,0.38,0.25,20,ONE_POINT,100,100,RANDOM,19
377,37800,127.00890350341797,46943,46951.08,0,0.38,0.25,20,ONE_POINT,100,100,RANDOM,19
378,37900,127.36729001998901,46903,46911.42,0,0.38,0.25,20,ONE_POINT,100,100,RANDOM,19
379,38000,127.6805067062378,46782,46807.88,0,0.38,0.25,20,ONE_POINT,100,100,RANDOM,19
380,38100,128.06239414215088,46648,46762.07,0,0.38,0.25,20,ONE_POINT,100,100,RANDOM,19
381,38200,128.39480447769165,46593,46601.21,0,0.38,0.25,20,ONE_POINT,100,100,RANDOM,19
382,38300,128.73673248291016,46461,46587.3,0,0.38,0.25,20,ONE_POINT,100,100,RANDOM,19
383,38400,129.07734990119934,46350,46359.62,0,0.38,0.25,20,ONE_POINT,100,100,RANDOM,19
384,38500,129.42924976348877,46284,46292.13,0,0.38,0.25,20,ONE_POINT,100,100,RANDOM,19
385,38600,129.7757544517517,46203,46215.83,0,0.38,0.25,20,ONE_POINT,100,100,RANDOM,19
386,38700,130.11050939559937,46171,46181.71,0,0.38,0.25,20,ONE_POINT,100,100,RANDOM,19
387,38800,130.46506261825562,46061,46070.38,0,0.38,0.25,20,ONE_POINT,100,100,RANDOM,19
388,38900,130.80665349960327,45979,45987.57,0,0.38,0.25,20,ONE_POINT,100,100,RANDOM,19
389,39000,131.15056443214417,45901,45919.0,0,0.38,0.25,20,ONE_POINT,100,100,RANDOM,19
390,39100,131.47674679756165,45835,45844.35,0,0.38,0.25,20,ONE_POINT,100,100,RANDOM,19
391,39200,131.77720856666565,45806,45821.13,0,0.38,0.25,20,ONE_POINT,100,100,RANDOM,19
392,39300,132.13342356681824,45760,45780.22,0,0.38,0.25,20,ONE_POINT,100,100,RANDOM,19
393,39400,132.44772458076477,45684,45687.47,0,0.38,0.25,20,ONE_POINT,100,100,RANDOM,19
394,39500,132.78850650787354,45608,45619.76,0,0.38,0.25,20,ONE_POINT,100,100,RANDOM,19
395,39600,133.10090398788452,45580,45583.73,0,0.38,0.25,20,ONE_POINT,100,100,RANDOM,19
396,39700,133.46293139457703,45530,45547.59,0,0.38,0.25,20,ONE_POINT,100,100,RANDOM,19
397,39800,133.81842589378357,45471,45476.31,0,0.38,0.25,20,ONE_POINT,100,100,RANDOM,19
398,39900,134.1682369709015,45436,45440.16,0,0.38,0.25,20,ONE_POINT,100,100,RANDOM,19
399,40000,134.49172806739807,45321,45340.83,0,0.38,0.25,20,ONE_POINT,100,100,RANDOM,19
400,40100,134.8488576412201,45276,45281.23,0,0.38,0.25,20,ONE_POINT,100,100,RANDOM,19
401,40200,135.18126702308655,45213,45219.79,0,0.38,0.25,20,ONE_POINT,100,100,RANDOM,19
402,40300,135.50161790847778,45177,45181.94,0,0.38,0.25,20,ONE_POINT,100,100,RANDOM,19
403,40400,135.8462677001953,45146,45152.84,0,0.38,0.25,20,ONE_POINT,100,100,RANDOM,19
404,40500,136.18666887283325,45031,45040.23,0,0.38,0.25,20,ONE_POINT,100,100,RANDOM,19
405,40600,136.5830373764038,45013,45015.52,0,0.38,0.25,20,ONE_POINT,100,100,RANDOM,19
406,40700,136.94242429733276,44977,44984.13,0,0.38,0.25,20,ONE_POINT,100,100,RANDOM,19
407,40800,137.30845880508423,44892,44899.35,0,0.38,0.25,20,ONE_POINT,100,100,RANDOM,19
408,40900,137.6674108505249,44800,44814.47,0,0.38,0.25,20,ONE_POINT,100,100,RANDOM,19
409,41000,138.01364970207214,44695,44710.4,0,0.38,0.25,20,ONE_POINT,100,100,RANDOM,19
410,41100,138.32271242141724,44565,44583.79,0,0.38,0.25,20,ONE_POINT,100,100,RANDOM,19
411,41200,138.6383535861969,44557,44558.38,0,0.38,0.25,20,ONE_POINT,100,100,RANDOM,19
412,41300,138.9462537765503,44505,44520.26,0,0.38,0.25,20,ONE_POINT,100,100,RANDOM,19
413,41400,139.25165843963623,44488,44491.27,0,0.38,0.25,20,ONE_POINT,100,100,RANDOM,19
414,41500,139.57418537139893,44415,44421.57,0,0.38,0.25,20,ONE_POINT,100,100,RANDOM,19
415,41600,139.92531633377075,44350,44362.88,0,0.38,0.25,20,ONE_POINT,100,100,RANDOM,19
416,41700,140.27887296676636,44315,44415.56,0,0.38,0.25,20,ONE_POINT,100,100,RANDOM,19
417,41800,140.63635444641113,44180,44278.69,0,0.38,0.25,20,ONE_POINT,100,100,RANDOM,19
418,41900,140.96721863746643,44112,44126.43,0,0.38,0.25,20,ONE_POINT,100,100,RANDOM,19
419,42000,141.32150602340698,44063,44079.87,0,0.38,0.25,20,ONE_POINT,100,100,RANDOM,19
420,42100,141.65606141090393,44035,44039.16,0,0.38,0.25,20,ONE_POINT,100,100,RANDOM,19
421,42200,141.99165558815002,43927,43952.77,0,0.38,0.25,20,ONE_POINT,100,100,RANDOM,19
422,42300,142.30985045433044,43887,43899.06,0,0.38,0.25,20,ONE_POINT,100,100,RANDOM,19
423,42400,142.6314549446106,43814,43856.04,0,0.38,0.25,20,ONE_POINT,100,100,RANDOM,19
424,42500,142.94817113876343,43729,43737.27,0,0.38,0.25,20,ONE_POINT,100,100,RANDOM,19
425,42600,143.26752281188965,43707,43709.87,0,0.38,0.25,20,ONE_POINT,100,100,RANDOM,19
426,42700,143.5898356437683,43673,43683.38,0,0.38,0.25,20,ONE_POINT,100,100,RANDOM,19
427,42800,143.94517636299133,43568,43701.25,0,0.38,0.25,20,ONE_POINT,100,100,RANDOM,19
428,42900,144.3095259666443,43527,43543.71,0,0.38,0.25,20,ONE_POINT,100,100,RANDOM,19
429,43000,144.66563200950623,43476,43482.87,0,0.38,0.25,20,ONE_POINT,100,100,RANDOM,19
430,43100,145.0130159854889,43385,43396.48,0,0.38,0.25,20,ONE_POINT,100,100,RANDOM,19
431,43200,145.3127863407135,43336,43347.1,0,0.38,0.25,20,ONE_POINT,100,100,RANDOM,19
432,43300,145.6190152168274,43299,43306.29,0,0.38,0.25,20,ONE_POINT,100,100,RANDOM,19
433,43400,145.92957258224487,43286,43292.42,0,0.38,0.25,20,ONE_POINT,100,100,RANDOM,19
434,43500,146.3290820121765,43214,43228.96,0,0.38,0.25,20,ONE_POINT,100,100,RANDOM,19
435,43600,146.65424799919128,43188,43191.12,0,0.38,0.25,20,ONE_POINT,100,100,RANDOM,19
436,43700,146.97022771835327,43151,43158.83,0,0.38,0.25,20,ONE_POINT,100,100,RANDOM,19
437,43800,147.27258133888245,43063,43069.6,0,0.38,0.25,20,ONE_POINT,100,100,RANDOM,19
438,43900,147.58174085617065,42991,43001.52,0,0.38,0.25,20,ONE_POINT,100,100,RANDOM,19
439,44000,147.90780019760132,42877,42897.75,0,0.38,0.25,20,ONE_POINT,100,100,RANDOM,19
440,44100,148.2612624168396,42854,42859.06,0,0.38,0.25,20,ONE_POINT,100,100,RANDOM,19
441,44200,148.56022882461548,42775,42782.78,0,0.38,0.25,20,ONE_POINT,100,100,RANDOM,19
442,44300,148.86943531036377,42749,42755.59,0,0.38,0.25,20,ONE_POINT,100,100,RANDOM,19
443,44400,149.20246648788452,42722,42735.83,0,0.38,0.25,20,ONE_POINT,100,100,RANDOM,19
444,44500,149.5324969291687,42708,42858.78,0,0.38,0.25,20,ONE_POINT,100,100,RANDOM,19
445,44600,149.8596305847168,42638,42730.91,0,0.38,0.25,20,ONE_POINT,100,100,RANDOM,19
446,44700,150.2091212272644,42588,42601.17,0,0.38,0.25,20,ONE_POINT,100,100,RANDOM,19
447,44800,150.5455503463745,42525,42540.47,0,0.38,0.25,20,ONE_POINT,100,100,RANDOM,19
448,44900,150.8465268611908,42453,42459.62,0,0.38,0.25,20,ONE_POINT,100,100,RANDOM,19
449,45000,151.14546489715576,42365,42383.85,0,0.38,0.25,20,ONE_POINT,100,100,RANDOM,19
450,45100,151.50717163085938,42302,42327.64,0,0.38,0.25,20,ONE_POINT,100,100,RANDOM,19
451,45200,151.8107602596283,42217,42223.8,0,0.38,0.25,20,ONE_POINT,100,100,RANDOM,19
452,45300,152.13776183128357,42099,42110.45,0,0.38,0.25,20,ONE_POINT,100,100,RANDOM,19
453,45400,152.47328162193298,42045,42080.11,0,0.38,0.25,20,ONE_POINT,100,100,RANDOM,19
454,45500,152.76967096328735,42011,42017.71,0,0.38,0.25,20,ONE_POINT,100,100,RANDOM,19
455,45600,153.07389283180237,41900,41920.93,0,0.38,0.25,20,ONE_POINT,100,100,RANDOM,19
456,45700,153.39613699913025,41842,41848.25,0,0.38,0.25,20,ONE_POINT,100,100,RANDOM,19
457,45800,153.75263929367065,41719,41729.63,0,0.38,0.25,20,ONE_POINT,100,100,RANDOM,19
458,45900,154.0594506263733,41668,41680.82,0,0.38,0.25,20,ONE_POINT,100,100,RANDOM,19
459,46000,154.40773248672485,41623,41639.13,0,0.38,0.25,20,ONE_POINT,100,100,RANDOM,19
460,46100,154.72212934494019,41551,41567.28,0,0.38,0.25,20,ONE_POINT,100,100,RANDOM,19
461,46200,155.06016445159912,41515,41520.08,0,0.38,0.25,20,ONE_POINT,100,100,RANDOM,19
462,46300,155.40163230895996,41487,41574.22,0,0.38,0.25,20,ONE_POINT,100,100,RANDOM,19
463,46400,155.74835443496704,41438,41452.07,0,0.38,0.25,20,ONE_POINT,100,100,RANDOM,19
464,46500,156.0737886428833,41423,41432.13,0,0.38,0.25,20,ONE_POINT,100,100,RANDOM,19
465,46600,156.3909797668457,41398,41408.18,0,0.38,0.25,20,ONE_POINT,100,100,RANDOM,19
466,46700,156.74939012527466,41322,41330.96,0,0.38,0.25,20,ONE_POINT,100,100,RANDOM,19
467,46800,157.0735206604004,41265,41276.25,0,0.38,0.25,20,ONE_POINT,100,100,RANDOM,19
468,46900,157.39465141296387,41234,41240.79,0,0.38,0.25,20,ONE_POINT,100,100,RANDOM,19
469,47000,157.7063148021698,41196,41200.87,0,0.38,0.25,20,ONE_POINT,100,100,RANDOM,19
470,47100,158.0425033569336,41181,41189.52,0,0.38,0.25,20,ONE_POINT,100,100,RANDOM,19
471,47200,158.41841912269592,41051,41064.02,0,0.38,0.25,20,ONE_POINT,100,100,RANDOM,19
472,47300,158.74171090126038,41032,41067.47,0,0.38,0.25,20,ONE_POINT,100,100,RANDOM,19
473,47400,159.08793878555298,40854,40869.31,0,0.38,0.25,20,ONE_POINT,100,100,RANDOM,19
474,47500,159.3995819091797,40793,40807.15,0,0.38,0.25,20,ONE_POINT,100,100,RANDOM,19
475,47600,159.74766445159912,40756,40761.05,0,0.38,0.25,20,ONE_POINT,100,100,RANDOM,19
476,47700,160.11633157730103,40587,40613.59,0,0.38,0.25,20,ONE_POINT,100,100,RANDOM,19
477,47800,160.43790650367737,40536,40550.66,0,0.38,0.25,20,ONE_POINT,100,100,RANDOM,19
478,47900,160.8025622367859,40526,40541.44,0,0.38,0.25,20,ONE_POINT,100,100,RANDOM,19
479,48000,161.12889885902405,40500,40507.21,0,0.38,0.25,20,ONE_POINT,100,100,RANDOM,19
480,48100,161.46550512313843,40496,40497.57,0,0.38,0.25,20,ONE_POINT,100,100,RANDOM,19
481,48200,161.81017684936523,40473,40477.9,0,0.38,0.25,20,ONE_POINT,100,100,RANDOM,19
482,48300,162.15582513809204,40446,40454.14,0,0.38,0.25,20,ONE_POINT,100,100,RANDOM,19
483,48400,162.4842026233673,40433,40449.42,0,0.38,0.25,20,ONE_POINT,100,100,RANDOM,19
484,48500,162.81771636009216,40360,40379.02,0,0.38,0.25,20,ONE_POINT,100,100,RANDOM,19
485,48600,163.1192831993103,40325,40331.77,0,0.38,0.25,20,ONE_POINT,100,100,RANDOM,19
486,48700,163.44187211990356,40256,40386.56,0,0.38,0.25,20,ONE_POINT,100,100,RANDOM,19
487,48800,163.76991605758667,40256,40256.0,0,0.38,0.25,20,ONE_POINT,100,100,RANDOM,19
488,48900,164.10257005691528,40222,40237.92,0,0.38,0.25,20,ONE_POINT,100,100,RANDOM,19
489,49000,164.44500851631165,40201,40214.72,0,0.38,0.25,20,ONE_POINT,100,100,RANDOM,19
490,49100,164.7670259475708,40115,40195.53,0,0.38,0.25,20,ONE_POINT,100,100,RANDOM,19
491,49200,165.11081337928772,40090,40094.01,0,0.38,0.25,20,ONE_POINT,100,100,RANDOM,19
492,49300,165.44415402412415,40052,40063.67,0,0.38,0.25,20,ONE_POINT,100,100,RANDOM,19
493,49400,165.77451252937317,40011,40016.88,0,0.38,0.25,20,ONE_POINT,100,100,RANDOM,19
494,49500,166.11419296264648,39969,39978.0,0,0.38,0.25,20,ONE_POINT,100,100,RANDOM,19
495,49600,166.45925116539001,39946,39976.68,0,0.38,0.25,20,ONE_POINT,100,100,RANDOM,19
496,49700,166.80070090293884,39849,39911.98,0,0.38,0.25,20,ONE_POINT,100,100,RANDOM,19
497,49800,167.11229801177979,39830,39844.49,0,0.38,0.25,20,ONE_POINT,100,100,RANDOM,19
498,49900,167.4417028427124,39771,39783.4,0,0.38,0.25,20,ONE_POINT,100,100,RANDOM,19
499,50000,167.74234771728516,39724,39792.33,0,0.38,0.25,20,ONE_POINT,100,100,RANDOM,19
500,50100,168.10140752792358,39713,39719.97,0,0.38,0.25,20,ONE_POINT,100,100,RANDOM,19
