selection-name,num-features-mutation-strength,seed,num-generations,num-evaluations,time-elapsed,best-fitness,avg-fitness,crossover-method,population-size,num-points,initialization,evolution_type
truncation_1,0.5,0,1,150,5.619892120361328,132495,139626.24,ONE_POINT,100,100,RANDOM,
truncation_1,0.5,0,2,200,10.878763914108276,127875,132436.25,ONE_POINT,100,100,RANDOM,
truncation_1,0.5,0,3,250,16.01950192451477,122178,128877.64,ONE_POINT,100,100,RANDOM,
truncation_1,0.5,0,4,300,21.298996448516846,119766,124225.56,ONE_POINT,100,100,RANDOM,
truncation_1,0.5,0,5,350,26.935095071792603,115371,119729.45,ONE_POINT,100,100,RANDOM,
truncation_1,0.5,0,6,400,32.22267007827759,112778,116311.84,ONE_POINT,100,100,RANDOM,
truncation_1,0.5,0,7,450,37.59460139274597,110504,112949.72,ONE_POINT,100,100,RANDOM,
truncation_1,0.5,0,8,500,43.09604048728943,108697,110643.2,ONE_POINT,100,100,RANDOM,
truncation_1,0.5,0,9,550,48.546395778656006,107042,108922.84,ONE_POINT,100,100,RANDOM,
truncation_1,0.5,0,10,600,53.915255546569824,104988,106971.63,ONE_POINT,100,100,RANDOM,
truncation_1,0.5,0,11,650,59.44066309928894,103320,105303.45,ONE_POINT,100,100,RANDOM,
truncation_1,0.5,0,12,700,64.81274223327637,101357,103732.1,ONE_POINT,100,100,RANDOM,
truncation_1,0.5,0,13,750,70.42841362953186,99624,101779.47,ONE_POINT,100,100,RANDOM,
truncation_1,0.5,0,14,800,75.85591101646423,98798,100080.19,ONE_POINT,100,100,RANDOM,
truncation_1,0.5,0,15,850,81.10724568367004,97119,98661.87,ONE_POINT,100,100,RANDOM,
truncation_1,0.5,0,16,900,86.53747487068176,95838,97219.17,ONE_POINT,100,100,RANDOM,
truncation_1,0.5,0,17,950,91.72364950180054,93972,96002.56,ONE_POINT,100,100,RANDOM,
truncation_1,0.5,0,18,1000,96.88106966018677,93328,94618.19,ONE_POINT,100,100,RANDOM,
truncation_1,0.5,0,19,1050,102.45667958259583,93054,93590.96,ONE_POINT,100,100,RANDOM,
truncation_1,0.5,0,20,1100,107.72397470474243,92874,93180.39,ONE_POINT,100,100,RANDOM,
truncation_1,0.5,0,21,1150,113.08301377296448,91886,92786.54,ONE_POINT,100,100,RANDOM,
truncation_1,0.5,0,22,1200,118.57431888580322,91152,92132.66,ONE_POINT,100,100,RANDOM,
truncation_1,0.5,0,23,1250,123.74803256988525,90410,91218.62,ONE_POINT,100,100,RANDOM,
truncation_1,0.5,0,24,1300,128.85576486587524,89004,90282.26,ONE_POINT,100,100,RANDOM,
truncation_1,0.5,0,25,1350,134.05088996887207,87938,89269.49,ONE_POINT,100,100,RANDOM,
truncation_1,0.5,0,26,1400,139.13465404510498,87524,88307.57,ONE_POINT,100,100,RANDOM,
truncation_1,0.5,0,27,1450,144.28980159759521,86633,87596.68,ONE_POINT,100,100,RANDOM,
truncation_1,0.5,0,28,1500,149.40206217765808,85503,86756.11,ONE_POINT,100,100,RANDOM,
truncation_1,0.5,0,29,1550,154.84302830696106,85141,85898.64,ONE_POINT,100,100,RANDOM,
truncation_1,0.5,0,30,1600,160.4408483505249,84258,85082.71,ONE_POINT,100,100,RANDOM,
truncation_1,0.5,0,31,1650,165.80177974700928,81995,84091.48,ONE_POINT,100,100,RANDOM,
truncation_1,0.5,0,32,1700,171.13219714164734,80956,82698.73,ONE_POINT,100,100,RANDOM,
truncation_1,0.5,0,33,1750,176.36533308029175,80594,81478.61,ONE_POINT,100,100,RANDOM,
truncation_1,0.5,0,34,1800,182.67039465904236,79743,80699.44,ONE_POINT,100,100,RANDOM,
truncation_1,0.5,0,35,1850,187.86463046073914,79674,80160.51,ONE_POINT,100,100,RANDOM,
truncation_1,0.5,0,36,1900,192.90885877609253,79147,79637.94,ONE_POINT,100,100,RANDOM,
truncation_1,0.5,0,37,1950,198.03422474861145,78141,79098.54,ONE_POINT,100,100,RANDOM,
truncation_1,0.5,0,38,2000,203.14472246170044,77406,78316.24,ONE_POINT,100,100,RANDOM,
truncation_1,0.5,0,39,2050,208.34843945503235,75992,77646.67,ONE_POINT,100,100,RANDOM,
truncation_1,0.5,0,40,2100,214.04879760742188,75778,76706.08,ONE_POINT,100,100,RANDOM,
truncation_1,0.5,0,41,2150,220.2420196533203,74929,75848.5,ONE_POINT,100,100,RANDOM,
truncation_1,0.5,0,42,2200,225.49299144744873,74440,75221.43,ONE_POINT,100,100,RANDOM,
truncation_1,0.5,0,43,2250,231.07185792922974,74196,74701.64,ONE_POINT,100,100,RANDOM,
truncation_1,0.5,0,44,2300,236.203351020813,72892,74030.7,ONE_POINT,100,100,RANDOM,
truncation_1,0.5,0,45,2350,241.31347918510437,72365,73323.96,ONE_POINT,100,100,RANDOM,
truncation_1,0.5,0,46,2400,246.47504234313965,71650,72566.56,ONE_POINT,100,100,RANDOM,
truncation_1,0.5,0,47,2450,252.03062224388123,71540,72006.85,ONE_POINT,100,100,RANDOM,
truncation_1,0.5,0,48,2500,258.6328570842743,70181,71480.33,ONE_POINT,100,100,RANDOM,
truncation_1,0.5,0,49,2550,263.7893555164337,68955,70649.14,ONE_POINT,100,100,RANDOM,
truncation_1,0.5,0,50,2600,270.30534386634827,68738,69614.08,ONE_POINT,100,100,RANDOM,
truncation_1,0.5,0,51,2650,275.88653683662415,68170,68836.22,ONE_POINT,100,100,RANDOM,
truncation_1,0.5,0,52,2700,281.35599160194397,68168,68458.15,ONE_POINT,100,100,RANDOM,
truncation_1,0.5,0,53,2750,286.70275378227234,67018,67964.08,ONE_POINT,100,100,RANDOM,
truncation_1,0.5,0,54,2800,292.02603936195374,66714,67411.87,ONE_POINT,100,100,RANDOM,
truncation_1,0.5,0,55,2850,297.4368419647217,65715,66725.91,ONE_POINT,100,100,RANDOM,
truncation_1,0.5,0,56,2900,302.6771469116211,65578,66114.49,ONE_POINT,100,100,RANDOM,
truncation_1,0.5,0,57,2950,308.30040669441223,65469,65653.61,ONE_POINT,100,100,RANDOM,
truncation_1,0.5,0,58,3000,313.7862596511841,64838,65400.12,ONE_POINT,100,100,RANDOM,
truncation_1,0.5,0,59,3050,319.0124156475067,64531,65116.55,ONE_POINT,100,100,RANDOM,
truncation_1,0.5,0,60,3100,324.116179227829,64216,64675.34,ONE_POINT,100,100,RANDOM,
truncation_1,0.5,0,61,3150,329.80741000175476,63567,64315.59,ONE_POINT,100,100,RANDOM,
truncation_1,0.5,0,62,3200,335.33133721351624,63549,63925.45,ONE_POINT,100,100,RANDOM,
truncation_1,0.5,0,63,3250,340.4008524417877,62609,63487.63,ONE_POINT,100,100,RANDOM,
truncation_1,0.5,0,64,3300,345.3290455341339,62409,62980.21,ONE_POINT,100,100,RANDOM,
truncation_1,0.5,0,65,3350,350.62035179138184,61647,62417.65,ONE_POINT,100,100,RANDOM,
truncation_1,0.5,0,66,3400,356.1010801792145,61618,61999.72,ONE_POINT,100,100,RANDOM,
truncation_1,0.5,0,67,3450,361.59572744369507,61098,61618.27,ONE_POINT,100,100,RANDOM,
truncation_1,0.5,0,68,3500,367.0982758998871,60930,61340.08,ONE_POINT,100,100,RANDOM,
truncation_1,0.5,0,69,3550,372.6146430969238,60587,61055.87,ONE_POINT,100,100,RANDOM,
truncation_1,0.5,0,70,3600,377.95895504951477,60290,60734.48,ONE_POINT,100,100,RANDOM,
truncation_1,0.5,0,71,3650,383.5089111328125,60031,60401.43,ONE_POINT,100,100,RANDOM,
truncation_1,0.5,0,72,3700,389.2101380825043,59940,60169.48,ONE_POINT,100,100,RANDOM,
truncation_1,0.5,0,73,3750,394.49090218544006,59468,59939.94,ONE_POINT,100,100,RANDOM,
truncation_1,0.5,0,74,3800,399.5945813655853,59413,59697.59,ONE_POINT,100,100,RANDOM,
truncation_1,0.5,0,75,3850,404.703964471817,58618,59410.02,ONE_POINT,100,100,RANDOM,
truncation_1,0.5,0,76,3900,409.75995779037476,57742,58832.6,ONE_POINT,100,100,RANDOM,
truncation_1,0.5,0,77,3950,414.85299253463745,57288,58128.72,ONE_POINT,100,100,RANDOM,
truncation_1,0.5,0,78,4000,420.01415848731995,56954,57555.8,ONE_POINT,100,100,RANDOM,
truncation_1,0.5,0,79,4050,425.0355942249298,56843,57185.84,ONE_POINT,100,100,RANDOM,
truncation_1,0.5,0,80,4100,430.21347165107727,56610,56941.68,ONE_POINT,100,100,RANDOM,
truncation_1,0.5,0,81,4150,435.48704409599304,56393,56700.18,ONE_POINT,100,100,RANDOM,
truncation_1,0.5,0,82,4200,440.5751450061798,56007,56467.04,ONE_POINT,100,100,RANDOM,
truncation_1,0.5,0,83,4250,445.6964921951294,55773,56166.46,ONE_POINT,100,100,RANDOM,
truncation_1,0.5,0,84,4300,450.77188420295715,55602,55911.13,ONE_POINT,100,100,RANDOM,
truncation_1,0.5,0,85,4350,455.8634874820709,55535,55737.66,ONE_POINT,100,100,RANDOM,
truncation_1,0.5,0,86,4400,460.96746611595154,55088,55604.75,ONE_POINT,100,100,RANDOM,
truncation_1,0.5,0,87,4450,466.0234203338623,55024,55351.63,ONE_POINT,100,100,RANDOM,
truncation_1,0.5,0,88,4500,471.0523600578308,54655,55152.26,ONE_POINT,100,100,RANDOM,
truncation_1,0.5,0,89,4550,476.1080312728882,54279,54761.85,ONE_POINT,100,100,RANDOM,
truncation_1,0.5,0,90,4600,481.28163743019104,54222,54509.43,ONE_POINT,100,100,RANDOM,
truncation_1,0.5,0,91,4650,486.4568018913269,54126,54286.68,ONE_POINT,100,100,RANDOM,
truncation_1,0.5,0,92,4700,491.5996198654175,53736,54142.95,ONE_POINT,100,100,RANDOM,
truncation_1,0.5,0,93,4750,496.71701645851135,53526,53944.99,ONE_POINT,100,100,RANDOM,
truncation_1,0.5,0,94,4800,501.81476616859436,53389,53702.13,ONE_POINT,100,100,RANDOM,
truncation_1,0.5,0,95,4850,506.95713090896606,52936,53396.93,ONE_POINT,100,100,RANDOM,
truncation_1,0.5,0,96,4900,512.14142537117,52800,53144.65,ONE_POINT,100,100,RANDOM,
truncation_1,0.5,0,97,4950,517.3525729179382,52384,52792.42,ONE_POINT,100,100,RANDOM,
truncation_1,0.5,0,98,5000,522.6467671394348,51924,52477.93,ONE_POINT,100,100,RANDOM,
truncation_1,0.5,0,99,5050,527.9937958717346,51691,52183.33,ONE_POINT,100,100,RANDOM,
truncation_1,0.5,0,100,5100,533.1263456344604,51424,51825.24,ONE_POINT,100,100,RANDOM,
truncation_1,0.5,0,101,5150,538.3859264850616,51034,51541.21,ONE_POINT,100,100,RANDOM,
truncation_1,0.5,0,102,5200,543.8250079154968,50997,51245.95,ONE_POINT,100,100,RANDOM,
truncation_1,0.5,0,103,5250,549.1007959842682,50852,51079.88,ONE_POINT,100,100,RANDOM,
truncation_1,0.5,0,104,5300,554.2087063789368,50765,50952.61,ONE_POINT,100,100,RANDOM,
truncation_1,0.5,0,105,5350,559.2829630374908,50482,50870.29,ONE_POINT,100,100,RANDOM,
truncation_1,0.5,0,106,5400,564.3571746349335,50350,50678.4,ONE_POINT,100,100,RANDOM,
truncation_1,0.5,0,107,5450,569.555881023407,50086,50481.05,ONE_POINT,100,100,RANDOM,
truncation_1,0.5,0,108,5500,574.8418292999268,49895,50252.46,ONE_POINT,100,100,RANDOM,
truncation_1,0.5,0,109,5550,579.970002412796,49722,50074.33,ONE_POINT,100,100,RANDOM,
truncation_1,0.5,0,110,5600,585.0529294013977,49406,49782.52,ONE_POINT,100,100,RANDOM,
truncation_1,0.5,0,111,5650,590.3234529495239,49314,49575.34,ONE_POINT,100,100,RANDOM,
truncation_1,0.5,0,112,5700,595.546660900116,49285,49400.85,ONE_POINT,100,100,RANDOM,
truncation_1,0.5,0,113,5750,600.78604388237,49214,49336.96,ONE_POINT,100,100,RANDOM,
truncation_1,0.5,0,114,5800,606.1601731777191,48739,49142.25,ONE_POINT,100,100,RANDOM,
truncation_1,0.5,0,115,5850,611.4931275844574,48581,48897.29,ONE_POINT,100,100,RANDOM,
truncation_1,0.5,0,116,5900,616.6654660701752,48567,48684.31,ONE_POINT,100,100,RANDOM,
truncation_1,0.5,0,117,5950,621.8239991664886,48331,48597.85,ONE_POINT,100,100,RANDOM,
truncation_1,0.5,0,118,6000,627.2961580753326,48298,48460.23,ONE_POINT,100,100,RANDOM,
truncation_1,0.5,0,119,6050,633.1870443820953,48075,48375.14,ONE_POINT,100,100,RANDOM,
truncation_1,0.5,0,120,6100,638.4295918941498,48075,48251.37,ONE_POINT,100,100,RANDOM,
truncation_1,0.5,0,121,6150,643.4653990268707,48075,48173.34,ONE_POINT,100,100,RANDOM,
truncation_1,0.5,0,122,6200,648.4749245643616,48075,48114.25,ONE_POINT,100,100,RANDOM,
truncation_1,0.5,0,123,6250,653.847799539566,47735,48017.08,ONE_POINT,100,100,RANDOM,
truncation_1,0.5,0,124,6300,658.898711681366,47556,47858.19,ONE_POINT,100,100,RANDOM,
truncation_1,0.5,0,125,6350,664.0288577079773,47543,47666.08,ONE_POINT,100,100,RANDOM,
truncation_1,0.5,0,126,6400,669.0966880321503,47433,47562.25,ONE_POINT,100,100,RANDOM,
truncation_1,0.5,0,127,6450,674.1942939758301,46909,47397.51,ONE_POINT,100,100,RANDOM,
truncation_1,0.5,0,128,6500,679.2104218006134,46864,47185.33,ONE_POINT,100,100,RANDOM,
truncation_1,0.5,0,129,6550,684.2899687290192,46829,46957.82,ONE_POINT,100,100,RANDOM,
truncation_1,0.5,0,130,6600,689.290097951889,46575,46832.83,ONE_POINT,100,100,RANDOM,
truncation_1,0.5,0,131,6650,694.2809104919434,46023,46600.18,ONE_POINT,100,100,RANDOM,
truncation_1,0.5,0,132,6700,699.2756333351135,45990,46321.35,ONE_POINT,100,100,RANDOM,
truncation_1,0.5,0,133,6750,704.2302944660187,45736,46061.11,ONE_POINT,100,100,RANDOM,
truncation_1,0.5,0,134,6800,709.262514591217,45572,45836.35,ONE_POINT,100,100,RANDOM,
truncation_1,0.5,0,135,6850,714.3024063110352,45534,45675.53,ONE_POINT,100,100,RANDOM,
truncation_1,0.5,0,136,6900,719.2797276973724,44491,45309.12,ONE_POINT,100,100,RANDOM,
truncation_1,0.5,0,137,6950,724.3275339603424,44411,44833.04,ONE_POINT,100,100,RANDOM,
truncation_1,0.5,0,138,7000,729.3032767772675,44357,44510.98,ONE_POINT,100,100,RANDOM,
truncation_1,0.5,0,139,7050,734.3362491130829,44295,44394.09,ONE_POINT,100,100,RANDOM,
truncation_1,0.5,0,140,7100,739.3145649433136,44290,44341.79,ONE_POINT,100,100,RANDOM,
truncation_1,0.5,0,141,7150,744.313325881958,44290,44312.46,ONE_POINT,100,100,RANDOM,
truncation_1,0.5,0,142,7200,749.3698990345001,44238,44283.39,ONE_POINT,100,100,RANDOM,
truncation_1,0.5,0,143,7250,754.4454789161682,43872,44216.54,ONE_POINT,100,100,RANDOM,
truncation_1,0.5,0,144,7300,759.4316239356995,43835,44076.55,ONE_POINT,100,100,RANDOM,
truncation_1,0.5,0,145,7350,764.5241587162018,43826,43944.7,ONE_POINT,100,100,RANDOM,
truncation_1,0.5,0,146,7400,769.5133354663849,43822,43866.02,ONE_POINT,100,100,RANDOM,
truncation_1,0.5,0,147,7450,774.5347697734833,43682,43828.88,ONE_POINT,100,100,RANDOM,
truncation_1,0.5,0,148,7500,779.5491399765015,43623,43758.81,ONE_POINT,100,100,RANDOM,
truncation_1,0.5,0,149,7550,784.653183221817,43561,43691.76,ONE_POINT,100,100,RANDOM,
truncation_1,0.5,0,150,7600,789.7347226142883,43558,43616.5,ONE_POINT,100,100,RANDOM,
truncation_1,0.5,0,151,7650,794.9384875297546,43251,43521.92,ONE_POINT,100,100,RANDOM,
truncation_1,0.5,0,152,7700,799.9784572124481,43158,43392.19,ONE_POINT,100,100,RANDOM,
truncation_1,0.5,0,153,7750,805.224583864212,43059,43230.8,ONE_POINT,100,100,RANDOM,
truncation_1,0.5,0,154,7800,810.2862601280212,42914,43092.15,ONE_POINT,100,100,RANDOM,
truncation_1,0.5,0,155,7850,815.329705953598,42795,42983.83,ONE_POINT,100,100,RANDOM,
truncation_1,0.5,0,156,7900,820.437155008316,42588,42865.23,ONE_POINT,100,100,RANDOM,
truncation_1,0.5,0,157,7950,825.4229166507721,42563,42741.3,ONE_POINT,100,100,RANDOM,
truncation_1,0.5,0,158,8000,830.4611220359802,42508,42632.97,ONE_POINT,100,100,RANDOM,
truncation_1,0.5,0,159,8050,835.5108654499054,42508,42555.82,ONE_POINT,100,100,RANDOM,
truncation_1,0.5,0,160,8100,840.5646998882294,42457,42518.01,ONE_POINT,100,100,RANDOM,
truncation_1,0.5,0,161,8150,845.5874221324921,42439,42490.14,ONE_POINT,100,100,RANDOM,
truncation_1,0.5,0,162,8200,850.6798284053802,42421,42461.63,ONE_POINT,100,100,RANDOM,
truncation_1,0.5,0,163,8250,855.6216886043549,42297,42414.31,ONE_POINT,100,100,RANDOM,
truncation_1,0.5,0,164,8300,860.658100605011,42271,42364.89,ONE_POINT,100,100,RANDOM,
truncation_1,0.5,0,165,8350,865.7536404132843,42258,42310.81,ONE_POINT,100,100,RANDOM,
truncation_1,0.5,0,166,8400,870.8209984302521,42192,42264.64,ONE_POINT,100,100,RANDOM,
truncation_1,0.5,0,167,8450,876.005077123642,42179,42233.78,ONE_POINT,100,100,RANDOM,
truncation_1,0.5,0,168,8500,881.1603033542633,42179,42211.03,ONE_POINT,100,100,RANDOM,
truncation_1,0.5,0,169,8550,886.2042140960693,42168,42192.52,ONE_POINT,100,100,RANDOM,
truncation_1,0.5,0,170,8600,891.213541507721,41996,42164.09,ONE_POINT,100,100,RANDOM,
truncation_1,0.5,0,171,8650,896.2409844398499,41992,42102.27,ONE_POINT,100,100,RANDOM,
truncation_1,0.5,0,172,8700,901.2346911430359,41746,42046.43,ONE_POINT,100,100,RANDOM,
truncation_1,0.5,0,173,8750,906.2831671237946,41580,41874.93,ONE_POINT,100,100,RANDOM,
truncation_1,0.5,0,174,8800,911.3656651973724,41562,41749.4,ONE_POINT,100,100,RANDOM,
truncation_1,0.5,0,175,8850,916.3797180652618,41529,41624.17,ONE_POINT,100,100,RANDOM,
truncation_1,0.5,0,176,8900,921.4761261940002,41323,41546.9,ONE_POINT,100,100,RANDOM,
truncation_1,0.5,0,177,8950,926.5245444774628,41286,41459.04,ONE_POINT,100,100,RANDOM,
truncation_1,0.5,0,178,9000,931.5650455951691,40963,41279.48,ONE_POINT,100,100,RANDOM,
truncation_1,0.5,0,179,9050,936.6170127391815,40935,41122.02,ONE_POINT,100,100,RANDOM,
truncation_1,0.5,0,180,9100,941.6571941375732,40909,40997.9,ONE_POINT,100,100,RANDOM,
truncation_1,0.5,0,181,9150,946.6699368953705,40859,40926.03,ONE_POINT,100,100,RANDOM,
truncation_1,0.5,0,182,9200,951.600533246994,40855,40890.32,ONE_POINT,100,100,RANDOM,
truncation_1,0.5,0,183,9250,956.603193283081,40799,40853.54,ONE_POINT,100,100,RANDOM,
truncation_1,0.5,0,184,9300,961.6917734146118,40602,40791.18,ONE_POINT,100,100,RANDOM,
truncation_1,0.5,0,185,9350,966.795220375061,40510,40694.29,ONE_POINT,100,100,RANDOM,
truncation_1,0.5,0,186,9400,971.8431301116943,39863,40556.5,ONE_POINT,100,100,RANDOM,
truncation_1,0.5,0,187,9450,976.8408653736115,39840,40251.07,ONE_POINT,100,100,RANDOM,
truncation_1,0.5,0,188,9500,981.8113417625427,39785,39983.18,ONE_POINT,100,100,RANDOM,
truncation_1,0.5,0,189,9550,986.913765668869,39785,39838.28,ONE_POINT,100,100,RANDOM,
truncation_1,0.5,0,190,9600,991.9940168857574,39785,39810.57,ONE_POINT,100,100,RANDOM,
truncation_1,0.5,0,191,9650,996.9723439216614,39745,39792.29,ONE_POINT,100,100,RANDOM,
truncation_1,0.5,0,192,9700,1001.9983897209167,39675,39773.13,ONE_POINT,100,100,RANDOM,
truncation_1,0.5,0,193,9750,1007.0104911327362,39657,39744.41,ONE_POINT,100,100,RANDOM,
truncation_1,0.5,0,194,9800,1012.042564868927,39656,39714.17,ONE_POINT,100,100,RANDOM,
truncation_1,0.5,0,195,9850,1017.0505981445312,39635,39676.73,ONE_POINT,100,100,RANDOM,
truncation_1,0.5,0,196,9900,1022.0337266921997,39629,39651.86,ONE_POINT,100,100,RANDOM,
truncation_1,0.5,0,197,9950,1027.1343166828156,39499,39623.41,ONE_POINT,100,100,RANDOM,
truncation_1,0.5,0,198,10000,1032.1460690498352,39499,39577.97,ONE_POINT,100,100,RANDOM,
truncation_1,0.5,0,199,10050,1037.241675376892,39478,39538.96,ONE_POINT,100,100,RANDOM,
truncation_1,0.5,0,200,10100,1042.385713338852,39478,39496.89,ONE_POINT,100,100,RANDOM,
truncation_1,0.5,0,201,10150,1047.648355960846,39250,39437.88,ONE_POINT,100,100,RANDOM,
truncation_1,0.5,0,202,10200,1052.6939389705658,39215,39345.25,ONE_POINT,100,100,RANDOM,
truncation_1,0.5,0,203,10250,1057.7442367076874,39131,39243.77,ONE_POINT,100,100,RANDOM,
truncation_1,0.5,0,204,10300,1062.7526087760925,39131,39184.78,ONE_POINT,100,100,RANDOM,
truncation_1,0.5,0,205,10350,1067.8065350055695,39042,39143.63,ONE_POINT,100,100,RANDOM,
truncation_1,0.5,0,206,10400,1072.8522880077362,39041,39102.7,ONE_POINT,100,100,RANDOM,
truncation_1,0.5,0,207,10450,1077.8514795303345,38829,39073.0,ONE_POINT,100,100,RANDOM,
truncation_1,0.5,0,208,10500,1082.8902401924133,38687,38939.29,ONE_POINT,100,100,RANDOM,
truncation_1,0.5,0,209,10550,1088.0585932731628,38466,38783.74,ONE_POINT,100,100,RANDOM,
truncation_1,0.5,0,210,10600,1093.1509511470795,38440,38618.75,ONE_POINT,100,100,RANDOM,
truncation_1,0.5,0,211,10650,1098.2116475105286,38428,38537.48,ONE_POINT,100,100,RANDOM,
truncation_1,0.5,0,212,10700,1103.3043677806854,38418,38452.71,ONE_POINT,100,100,RANDOM,
truncation_1,0.5,0,213,10750,1108.2771561145782,38418,38431.72,ONE_POINT,100,100,RANDOM,
truncation_1,0.5,0,214,10800,1113.3890545368195,38386,38421.23,ONE_POINT,100,100,RANDOM,
truncation_1,0.5,0,215,10850,1118.3910086154938,38321,38402.86,ONE_POINT,100,100,RANDOM,
truncation_1,0.5,0,216,10900,1123.4738855361938,38320,38380.22,ONE_POINT,100,100,RANDOM,
truncation_1,0.5,0,217,10950,1128.4951326847076,38305,38349.82,ONE_POINT,100,100,RANDOM,
truncation_1,0.5,0,218,11000,1133.5175378322601,38276,38321.97,ONE_POINT,100,100,RANDOM,
truncation_1,0.5,0,219,11050,1138.4957418441772,38276,38299.75,ONE_POINT,100,100,RANDOM,
truncation_1,0.5,0,220,11100,1143.5500390529633,38276,38287.56,ONE_POINT,100,100,RANDOM,
truncation_1,0.5,0,221,11150,1148.6210463047028,38276,38277.7,ONE_POINT,100,100,RANDOM,
truncation_1,0.5,0,222,11200,1153.6023886203766,38212,38271.75,ONE_POINT,100,100,RANDOM,
truncation_1,0.5,0,223,11250,1158.5978136062622,38201,38252.35,ONE_POINT,100,100,RANDOM,
truncation_1,0.5,0,224,11300,1163.6174194812775,38091,38218.23,ONE_POINT,100,100,RANDOM,
truncation_1,0.5,0,225,11350,1168.6728484630585,38091,38161.93,ONE_POINT,100,100,RANDOM,
truncation_1,0.5,0,226,11400,1173.749323606491,37942,38107.6,ONE_POINT,100,100,RANDOM,
truncation_1,0.5,0,227,11450,1178.7317686080933,37937,38034.98,ONE_POINT,100,100,RANDOM,
truncation_1,0.5,0,228,11500,1183.7586839199066,37918,37990.05,ONE_POINT,100,100,RANDOM,
truncation_1,0.5,0,229,11550,1188.7386615276337,37918,37942.79,ONE_POINT,100,100,RANDOM,
truncation_1,0.5,0,230,11600,1193.713989496231,37918,37926.17,ONE_POINT,100,100,RANDOM,
truncation_1,0.5,0,231,11650,1198.6562912464142,37918,37920.27,ONE_POINT,100,100,RANDOM,
truncation_1,0.5,0,232,11700,1203.7070097923279,37913,37917.78,ONE_POINT,100,100,RANDOM,
truncation_1,0.5,0,233,11750,1208.7936143875122,37799,37887.51,ONE_POINT,100,100,RANDOM,
truncation_1,0.5,0,234,11800,1213.8337309360504,37799,37848.53,ONE_POINT,100,100,RANDOM,
truncation_1,0.5,0,235,11850,1218.9379539489746,37799,37814.16,ONE_POINT,100,100,RANDOM,
truncation_1,0.5,0,236,11900,1224.0563480854034,37757,37798.4,ONE_POINT,100,100,RANDOM,
truncation_1,0.5,0,237,11950,1229.1003654003143,37749,37787.9,ONE_POINT,100,100,RANDOM,
truncation_1,0.5,0,238,12000,1234.1069567203522,37595,37737.26,ONE_POINT,100,100,RANDOM,
truncation_1,0.5,0,239,12050,1239.0501255989075,37517,37651.65,ONE_POINT,100,100,RANDOM,
truncation_1,0.5,0,240,12100,1244.113401889801,37500,37595.71,ONE_POINT,100,100,RANDOM,
truncation_1,0.5,0,241,12150,1249.106146812439,37494,37537.22,ONE_POINT,100,100,RANDOM,
truncation_1,0.5,0,242,12200,1254.1339333057404,37316,37491.17,ONE_POINT,100,100,RANDOM,
truncation_1,0.5,0,243,12250,1259.1498353481293,37316,37427.88,ONE_POINT,100,100,RANDOM,
truncation_1,0.5,0,244,12300,1264.3204190731049,37315,37380.52,ONE_POINT,100,100,RANDOM,
truncation_1,0.5,0,245,12350,1269.3341963291168,37315,37330.28,ONE_POINT,100,100,RANDOM,
truncation_1,0.5,0,246,12400,1274.2947280406952,37315,37315.63,ONE_POINT,100,100,RANDOM,
truncation_1,0.5,0,247,12450,1279.3142812252045,37308,37314.06,ONE_POINT,100,100,RANDOM,
truncation_1,0.5,0,248,12500,1284.4075310230255,37295,37310.19,ONE_POINT,100,100,RANDOM,
truncation_1,0.5,0,249,12550,1289.5066289901733,37295,37305.82,ONE_POINT,100,100,RANDOM,
truncation_1,0.5,0,250,12600,1294.5265319347382,37258,37290.65,ONE_POINT,100,100,RANDOM,
truncation_1,0.5,0,251,12650,1299.4930231571198,37179,37276.37,ONE_POINT,100,100,RANDOM,
truncation_1,0.5,0,252,12700,1304.6129167079926,37179,37243.6,ONE_POINT,100,100,RANDOM,
truncation_1,0.5,0,253,12750,1309.526059627533,37018,37165.54,ONE_POINT,100,100,RANDOM,
truncation_1,0.5,0,254,12800,1314.511249780655,37018,37093.33,ONE_POINT,100,100,RANDOM,
truncation_1,0.5,0,255,12850,1319.4961822032928,37013,37032.1,ONE_POINT,100,100,RANDOM,
truncation_1,0.5,0,256,12900,1324.518404006958,36711,36925.66,ONE_POINT,100,100,RANDOM,
truncation_1,0.5,0,257,12950,1329.8384881019592,36653,36812.27,ONE_POINT,100,100,RANDOM,
truncation_1,0.5,0,258,13000,1335.9559586048126,36576,36686.95,ONE_POINT,100,100,RANDOM,
truncation_1,0.5,0,259,13050,1341.7523152828217,36576,36639.27,ONE_POINT,100,100,RANDOM,
truncation_1,0.5,0,260,13100,1347.5630295276642,36462,36595.13,ONE_POINT,100,100,RANDOM,
truncation_1,0.5,0,261,13150,1352.987099647522,36462,36559.32,ONE_POINT,100,100,RANDOM,
truncation_1,0.5,0,262,13200,1358.4123258590698,36322,36469.24,ONE_POINT,100,100,RANDOM,
truncation_1,0.5,0,263,13250,1363.8638262748718,36254,36381.82,ONE_POINT,100,100,RANDOM,
truncation_1,0.5,0,264,13300,1369.221687555313,36254,36308.74,ONE_POINT,100,100,RANDOM,
truncation_1,0.5,0,265,13350,1374.3325152397156,36227,36272.54,ONE_POINT,100,100,RANDOM,
truncation_1,0.5,0,266,13400,1379.6860222816467,36182,36239.81,ONE_POINT,100,100,RANDOM,
truncation_1,0.5,0,267,13450,1384.9073798656464,36182,36219.65,ONE_POINT,100,100,RANDOM,
truncation_1,0.5,0,268,13500,1390.1290211677551,36077,36176.91,ONE_POINT,100,100,RANDOM,
truncation_1,0.5,0,269,13550,1395.4310636520386,36006,36129.06,ONE_POINT,100,100,RANDOM,
truncation_1,0.5,0,270,13600,1400.3574635982513,36006,36083.1,ONE_POINT,100,100,RANDOM,
truncation_1,0.5,0,271,13650,1405.587396621704,36006,36042.93,ONE_POINT,100,100,RANDOM,
truncation_1,0.5,0,272,13700,1411.3703315258026,35968,36012.91,ONE_POINT,100,100,RANDOM,
truncation_1,0.5,0,273,13750,1416.7383320331573,35968,35987.28,ONE_POINT,100,100,RANDOM,
truncation_1,0.5,0,274,13800,1422.0773231983185,35941,35977.73,ONE_POINT,100,100,RANDOM,
truncation_1,0.5,0,275,13850,1427.236481666565,35941,35962.23,ONE_POINT,100,100,RANDOM,
truncation_1,0.5,0,276,13900,1432.3606674671173,35872,35946.85,ONE_POINT,100,100,RANDOM,
truncation_1,0.5,0,277,13950,1437.5038123130798,35870,35920.73,ONE_POINT,100,100,RANDOM,
truncation_1,0.5,0,278,14000,1442.5843448638916,35854,35898.71,ONE_POINT,100,100,RANDOM,
truncation_1,0.5,0,279,14050,1448.0563168525696,35815,35880.45,ONE_POINT,100,100,RANDOM,
truncation_1,0.5,0,280,14100,1453.4828643798828,35812,35853.78,ONE_POINT,100,100,RANDOM,
truncation_1,0.5,0,281,14150,1459.177670955658,35812,35843.02,ONE_POINT,100,100,RANDOM,
truncation_1,0.5,0,282,14200,1464.4921061992645,35786,35827.23,ONE_POINT,100,100,RANDOM,
truncation_1,0.5,0,283,14250,1469.5946989059448,35776,35805.91,ONE_POINT,100,100,RANDOM,
truncation_1,0.5,0,284,14300,1475.2831511497498,35774,35793.7,ONE_POINT,100,100,RANDOM,
truncation_1,0.5,0,285,14350,1480.619021654129,35774,35785.19,ONE_POINT,100,100,RANDOM,
truncation_1,0.5,0,286,14400,1486.1872947216034,35435,35697.22,ONE_POINT,100,100,RANDOM,
truncation_1,0.5,0,287,14450,1491.4121327400208,35332,35573.92,ONE_POINT,100,100,RANDOM,
truncation_1,0.5,0,288,14500,1496.7641394138336,35304,35423.16,ONE_POINT,100,100,RANDOM,
truncation_1,0.5,0,289,14550,1502.5933821201324,35304,35357.67,ONE_POINT,100,100,RANDOM,
truncation_1,0.5,0,290,14600,1508.1435973644257,35304,35322.17,ONE_POINT,100,100,RANDOM,
truncation_1,0.5,0,291,14650,1513.9085667133331,35254,35306.25,ONE_POINT,100,100,RANDOM,
truncation_1,0.5,0,292,14700,1519.2390966415405,35252,35292.06,ONE_POINT,100,100,RANDOM,
truncation_1,0.5,0,293,14750,1524.4339938163757,35196,35273.43,ONE_POINT,100,100,RANDOM,
truncation_1,0.5,0,294,14800,1529.7046008110046,35187,35247.4,ONE_POINT,100,100,RANDOM,
truncation_1,0.5,0,295,14850,1534.8878526687622,35167,35219.07,ONE_POINT,100,100,RANDOM,
truncation_1,0.5,0,296,14900,1540.124370098114,35167,35195.67,ONE_POINT,100,100,RANDOM,
truncation_1,0.5,0,297,14950,1545.389046907425,35162,35177.01,ONE_POINT,100,100,RANDOM,
truncation_1,0.5,0,298,15000,1550.9256229400635,35084,35159.49,ONE_POINT,100,100,RANDOM,
truncation_1,0.5,0,299,15050,1556.4048001766205,35084,35137.33,ONE_POINT,100,100,RANDOM,
truncation_1,0.5,0,300,15100,1561.9093890190125,35076,35117.9,ONE_POINT,100,100,RANDOM,
truncation_1,0.5,0,301,15150,1567.5725185871124,35076,35098.08,ONE_POINT,100,100,RANDOM,
truncation_1,0.5,0,302,15200,1573.212147474289,35020,35070.18,ONE_POINT,100,100,RANDOM,
truncation_1,0.5,0,303,15250,1578.6014785766602,35019,35050.85,ONE_POINT,100,100,RANDOM,
truncation_1,0.5,0,304,15300,1584.3148934841156,35019,35035.24,ONE_POINT,100,100,RANDOM,
truncation_1,0.5,0,305,15350,1590.411771774292,34997,35019.5,ONE_POINT,100,100,RANDOM,
truncation_1,0.5,0,306,15400,1595.7785403728485,34970,35002.19,ONE_POINT,100,100,RANDOM,
truncation_1,0.5,0,307,15450,1601.6857900619507,34929,34985.67,ONE_POINT,100,100,RANDOM,
truncation_1,0.5,0,308,15500,1607.0167090892792,34927,34960.21,ONE_POINT,100,100,RANDOM,
truncation_1,0.5,0,309,15550,1612.3110399246216,34917,34940.07,ONE_POINT,100,100,RANDOM,
truncation_1,0.5,0,310,15600,1617.6095852851868,34916,34925.53,ONE_POINT,100,100,RANDOM,
truncation_1,0.5,0,311,15650,1623.0954413414001,34847,34912.99,ONE_POINT,100,100,RANDOM,
truncation_1,0.5,0,312,15700,1628.2422235012054,34728,34877.43,ONE_POINT,100,100,RANDOM,
truncation_1,0.5,0,313,15750,1633.611426115036,34728,34820.25,ONE_POINT,100,100,RANDOM,
truncation_1,0.5,0,314,15800,1638.9329426288605,34713,34765.75,ONE_POINT,100,100,RANDOM,
truncation_1,0.5,0,315,15850,1644.198625087738,34631,34733.14,ONE_POINT,100,100,RANDOM,
truncation_1,0.5,0,316,15900,1649.3777813911438,34631,34700.04,ONE_POINT,100,100,RANDOM,
truncation_1,0.5,0,317,15950,1654.6492249965668,34610,34670.1,ONE_POINT,100,100,RANDOM,
truncation_1,0.5,0,318,16000,1659.9869923591614,34580,34632.13,ONE_POINT,100,100,RANDOM,
truncation_1,0.5,0,319,16050,1665.3342635631561,34580,34606.95,ONE_POINT,100,100,RANDOM,
truncation_1,0.5,0,320,16100,1670.9026210308075,34570,34594.74,ONE_POINT,100,100,RANDOM,
truncation_1,0.5,0,321,16150,1676.9076550006866,34570,34581.04,ONE_POINT,100,100,RANDOM,
truncation_1,0.5,0,322,16200,1682.8817238807678,34570,34574.69,ONE_POINT,100,100,RANDOM,
truncation_1,0.5,0,323,16250,1688.9799103736877,34503,34555.58,ONE_POINT,100,100,RANDOM,
truncation_1,0.5,0,324,16300,1694.4711709022522,34503,34532.65,ONE_POINT,100,100,RANDOM,
truncation_1,0.5,0,325,16350,1699.4867689609528,34422,34490.95,ONE_POINT,100,100,RANDOM,
truncation_1,0.5,0,326,16400,1704.4847819805145,34403,34461.71,ONE_POINT,100,100,RANDOM,
truncation_1,0.5,0,327,16450,1709.587718486786,34403,34437.91,ONE_POINT,100,100,RANDOM,
truncation_1,0.5,0,328,16500,1714.750376701355,34399,34417.46,ONE_POINT,100,100,RANDOM,
truncation_1,0.5,0,329,16550,1720.067877292633,34368,34402.76,ONE_POINT,100,100,RANDOM,
truncation_1,0.5,0,330,16600,1725.366287469864,34363,34389.32,ONE_POINT,100,100,RANDOM,
truncation_1,0.5,0,331,16650,1730.3887555599213,34316,34371.45,ONE_POINT,100,100,RANDOM,
truncation_1,0.5,0,332,16700,1735.4239904880524,34313,34344.12,ONE_POINT,100,100,RANDOM,
truncation_1,0.5,0,333,16750,1740.4313168525696,34313,34332.63,ONE_POINT,100,100,RANDOM,
truncation_1,0.5,0,334,16800,1745.5993237495422,34245,34313.54,ONE_POINT,100,100,RANDOM,
truncation_1,0.5,0,335,16850,1750.6708772182465,34241,34287.0,ONE_POINT,100,100,RANDOM,
truncation_1,0.5,0,336,16900,1755.8145079612732,34226,34266.03,ONE_POINT,100,100,RANDOM,
truncation_1,0.5,0,337,16950,1760.8368077278137,34221,34245.77,ONE_POINT,100,100,RANDOM,
truncation_1,0.5,0,338,17000,1766.084314584732,34217,34233.7,ONE_POINT,100,100,RANDOM,
truncation_1,0.5,0,339,17050,1771.1123836040497,34196,34226.18,ONE_POINT,100,100,RANDOM,
truncation_1,0.5,0,340,17100,1776.2496206760406,34149,34210.75,ONE_POINT,100,100,RANDOM,
truncation_1,0.5,0,341,17150,1781.326014995575,34145,34189.81,ONE_POINT,100,100,RANDOM,
truncation_1,0.5,0,342,17200,1786.3411281108856,34137,34166.28,ONE_POINT,100,100,RANDOM,
truncation_1,0.5,0,343,17250,1791.3657100200653,34065,34137.5,ONE_POINT,100,100,RANDOM,
truncation_1,0.5,0,344,17300,1796.4331448078156,34065,34112.42,ONE_POINT,100,100,RANDOM,
truncation_1,0.5,0,345,17350,1801.4782583713531,34065,34095.42,ONE_POINT,100,100,RANDOM,
truncation_1,0.5,0,346,17400,1806.4912447929382,34044,34074.78,ONE_POINT,100,100,RANDOM,
truncation_1,0.5,0,347,17450,1812.1973686218262,34008,34052.66,ONE_POINT,100,100,RANDOM,
truncation_1,0.5,0,348,17500,1817.5132036209106,33955,34029.6,ONE_POINT,100,100,RANDOM,
truncation_1,0.5,0,349,17550,1822.8713774681091,33955,33991.56,ONE_POINT,100,100,RANDOM,
truncation_1,0.5,0,350,17600,1828.4426321983337,33940,33971.24,ONE_POINT,100,100,RANDOM,
truncation_1,0.5,0,351,17650,1834.097021818161,33921,33948.34,ONE_POINT,100,100,RANDOM,
truncation_1,0.5,0,352,17700,1839.7029886245728,33914,33936.9,ONE_POINT,100,100,RANDOM,
truncation_1,0.5,0,353,17750,1844.898500919342,33905,33927.76,ONE_POINT,100,100,RANDOM,
truncation_1,0.5,0,354,17800,1850.0955286026,33892,33916.85,ONE_POINT,100,100,RANDOM,
truncation_1,0.5,0,355,17850,1855.298618555069,33892,33908.02,ONE_POINT,100,100,RANDOM,
truncation_1,0.5,0,356,17900,1860.4866347312927,33892,33902.8,ONE_POINT,100,100,RANDOM,
truncation_1,0.5,0,357,17950,1865.8744676113129,33892,33897.91,ONE_POINT,100,100,RANDOM,
truncation_1,0.5,0,358,18000,1871.2144765853882,33889,33893.57,ONE_POINT,100,100,RANDOM,
truncation_1,0.5,0,359,18050,1876.689466714859,33881,33890.48,ONE_POINT,100,100,RANDOM,
truncation_1,0.5,0,360,18100,1882.1185414791107,33881,33887.38,ONE_POINT,100,100,RANDOM,
truncation_1,0.5,0,361,18150,1887.2578756809235,33850,33876.53,ONE_POINT,100,100,RANDOM,
truncation_1,0.5,0,362,18200,1892.4091444015503,33842,33865.13,ONE_POINT,100,100,RANDOM,
truncation_1,0.5,0,363,18250,1897.5265774726868,33842,33855.25,ONE_POINT,100,100,RANDOM,
truncation_1,0.5,0,364,18300,1902.4258370399475,33842,33848.26,ONE_POINT,100,100,RANDOM,
truncation_1,0.5,0,365,18350,1907.346513748169,33842,33844.12,ONE_POINT,100,100,RANDOM,
truncation_1,0.5,0,366,18400,1912.9049236774445,33842,33842.08,ONE_POINT,100,100,RANDOM,
truncation_1,0.5,0,367,18450,1918.1494598388672,33842,33842.0,ONE_POINT,100,100,RANDOM,
truncation_1,0.5,0,368,18500,1924.1778593063354,33834,33840.05,ONE_POINT,100,100,RANDOM,
truncation_1,0.5,0,369,18550,1929.8505203723907,33834,33838.61,ONE_POINT,100,100,RANDOM,
truncation_1,0.5,0,370,18600,1935.4808502197266,33834,33836.32,ONE_POINT,100,100,RANDOM,
truncation_1,0.5,0,371,18650,1940.8863055706024,33777,33821.28,ONE_POINT,100,100,RANDOM,
truncation_1,0.5,0,372,18700,1945.9932610988617,33772,33806.26,ONE_POINT,100,100,RANDOM,
truncation_1,0.5,0,373,18750,1951.119627714157,33771,33790.89,ONE_POINT,100,100,RANDOM,
truncation_1,0.5,0,374,18800,1956.200671195984,33771,33775.72,ONE_POINT,100,100,RANDOM,
truncation_1,0.5,0,375,18850,1961.5150175094604,33771,33772.78,ONE_POINT,100,100,RANDOM,
truncation_1,0.5,0,376,18900,1967.0835494995117,33757,33770.82,ONE_POINT,100,100,RANDOM,
truncation_1,0.5,0,377,18950,1972.7464830875397,33757,33769.2,ONE_POINT,100,100,RANDOM,
truncation_1,0.5,0,378,19000,1978.3235092163086,33751,33765.2,ONE_POINT,100,100,RANDOM,
truncation_1,0.5,0,379,19050,1983.1934523582458,33750,33759.77,ONE_POINT,100,100,RANDOM,
truncation_1,0.5,0,380,19100,1988.1308677196503,33750,33753.97,ONE_POINT,100,100,RANDOM,
truncation_1,0.5,0,381,19150,1993.4010758399963,33737,33749.41,ONE_POINT,100,100,RANDOM,
truncation_1,0.5,0,382,19200,1998.4250886440277,33737,33744.91,ONE_POINT,100,100,RANDOM,
truncation_1,0.5,0,383,19250,2003.2877628803253,33734,33741.56,ONE_POINT,100,100,RANDOM,
truncation_1,0.5,0,384,19300,2008.2744629383087,33734,33737.26,ONE_POINT,100,100,RANDOM,
truncation_1,0.5,0,385,19350,2013.3547792434692,33734,33735.16,ONE_POINT,100,100,RANDOM,
truncation_1,0.5,0,386,19400,2018.3325247764587,33734,33734.48,ONE_POINT,100,100,RANDOM,
truncation_1,0.5,0,387,19450,2023.3414421081543,33734,33734.0,ONE_POINT,100,100,RANDOM,
truncation_1,0.5,0,388,19500,2028.248701095581,33733,33733.88,ONE_POINT,100,100,RANDOM,
truncation_1,0.5,0,389,19550,2033.1160485744476,33733,33733.6,ONE_POINT,100,100,RANDOM,
truncation_1,0.5,0,390,19600,2037.9478793144226,33732,33733.33,ONE_POINT,100,100,RANDOM,
truncation_1,0.5,0,391,19650,2042.8049063682556,33726,33731.21,ONE_POINT,100,100,RANDOM,
truncation_1,0.5,0,392,19700,2047.7706961631775,33726,33729.51,ONE_POINT,100,100,RANDOM,
truncation_1,0.5,0,393,19750,2053.231461048126,33673,33726.56,ONE_POINT,100,100,RANDOM,
truncation_1,0.5,0,394,19800,2058.4860846996307,33664,33708.77,ONE_POINT,100,100,RANDOM,
truncation_1,0.5,0,395,19850,2063.668113231659,33661,33690.0,ONE_POINT,100,100,RANDOM,
truncation_1,0.5,0,396,19900,2069.137932538986,33654,33672.79,ONE_POINT,100,100,RANDOM,
truncation_1,0.5,0,397,19950,2074.520050764084,33654,33660.65,ONE_POINT,100,100,RANDOM,
truncation_1,0.5,0,398,20000,2079.9312698841095,33654,33656.67,ONE_POINT,100,100,RANDOM,
truncation_1,0.5,0,399,20050,2085.464435338974,33654,33654.99,ONE_POINT,100,100,RANDOM,
truncation_1,0.5,0,400,20100,2090.64071059227,33654,33654.0,ONE_POINT,100,100,RANDOM,
truncation_1,0.5,0,401,20150,2095.838053703308,33654,33654.0,ONE_POINT,100,100,RANDOM,
truncation_1,0.5,0,402,20200,2101.004973888397,33654,33654.0,ONE_POINT,100,100,RANDOM,
truncation_1,0.5,0,403,20250,2106.2064146995544,33646,33653.6,ONE_POINT,100,100,RANDOM,
truncation_1,0.5,0,404,20300,2111.345046043396,33646,33651.92,ONE_POINT,100,100,RANDOM,
truncation_1,0.5,0,405,20350,2116.5456173419952,33609,33646.68,ONE_POINT,100,100,RANDOM,
truncation_1,0.5,0,406,20400,2121.6863045692444,33608,33635.33,ONE_POINT,100,100,RANDOM,
truncation_1,0.5,0,407,20450,2126.846088886261,33578,33621.48,ONE_POINT,100,100,RANDOM,
truncation_1,0.5,0,408,20500,2131.963574886322,33562,33600.68,ONE_POINT,100,100,RANDOM,
truncation_1,0.5,0,409,20550,2137.1374349594116,33466,33564.23,ONE_POINT,100,100,RANDOM,
truncation_1,0.5,0,410,20600,2142.2112329006195,33438,33515.71,ONE_POINT,100,100,RANDOM,
truncation_1,0.5,0,411,20650,2147.333380460739,33433,33480.28,ONE_POINT,100,100,RANDOM,
truncation_1,0.5,0,412,20700,2152.507514476776,33428,33448.33,ONE_POINT,100,100,RANDOM,
truncation_1,0.5,0,413,20750,2157.9793508052826,33421,33438.81,ONE_POINT,100,100,RANDOM,
truncation_1,0.5,0,414,20800,2163.229479074478,33421,33430.6,ONE_POINT,100,100,RANDOM,
truncation_1,0.5,0,415,20850,2168.371527194977,33421,33427.61,ONE_POINT,100,100,RANDOM,
truncation_1,0.5,0,416,20900,2173.5435252189636,33415,33423.52,ONE_POINT,100,100,RANDOM,
truncation_1,0.5,0,417,20950,2178.6144318580627,33405,33419.08,ONE_POINT,100,100,RANDOM,
truncation_1,0.5,0,418,21000,2183.8282463550568,33405,33414.57,ONE_POINT,100,100,RANDOM,
truncation_1,0.5,0,419,21050,2188.9325749874115,33405,33410.48,ONE_POINT,100,100,RANDOM,
truncation_1,0.5,0,420,21100,2194.0587255954742,33402,33406.27,ONE_POINT,100,100,RANDOM,
truncation_1,0.5,0,421,21150,2199.143573999405,33395,33402.67,ONE_POINT,100,100,RANDOM,
truncation_1,0.5,0,422,21200,2204.306071281433,33395,33400.87,ONE_POINT,100,100,RANDOM,
truncation_1,0.5,0,423,21250,2209.355166912079,33395,33398.59,ONE_POINT,100,100,RANDOM,
truncation_1,0.5,0,424,21300,2214.516015291214,33395,33396.22,ONE_POINT,100,100,RANDOM,
truncation_1,0.5,0,425,21350,2219.599459171295,33395,33395.0,ONE_POINT,100,100,RANDOM,
truncation_1,0.5,0,426,21400,2224.7303268909454,33376,33391.26,ONE_POINT,100,100,RANDOM,
truncation_1,0.5,0,427,21450,2229.919208049774,33376,33386.33,ONE_POINT,100,100,RANDOM,
truncation_1,0.5,0,428,21500,2235.061511039734,33022,33272.76,ONE_POINT,100,100,RANDOM,
truncation_1,0.5,0,429,21550,2240.2075316905975,33022,33169.61,ONE_POINT,100,100,RANDOM,
truncation_1,0.5,0,430,21600,2245.436432361603,33016,33070.17,ONE_POINT,100,100,RANDOM,
truncation_1,0.5,0,431,21650,2250.525166749954,33009,33022.63,ONE_POINT,100,100,RANDOM,
truncation_1,0.5,0,432,21700,2255.628740310669,32847,33012.08,ONE_POINT,100,100,RANDOM,
truncation_1,0.5,0,433,21750,2260.843044281006,32787,32961.54,ONE_POINT,100,100,RANDOM,
truncation_1,0.5,0,434,21800,2265.9552738666534,32771,32877.81,ONE_POINT,100,100,RANDOM,
truncation_1,0.5,0,435,21850,2271.0361545085907,32771,32807.36,ONE_POINT,100,100,RANDOM,
truncation_1,0.5,0,436,21900,2276.1611890792847,32765,32780.45,ONE_POINT,100,100,RANDOM,
truncation_1,0.5,0,437,21950,2281.3082704544067,32765,32772.28,ONE_POINT,100,100,RANDOM,
truncation_1,0.5,0,438,22000,2286.546594619751,32764,32768.31,ONE_POINT,100,100,RANDOM,
truncation_1,0.5,0,439,22050,2292.05104136467,32730,32765.98,ONE_POINT,100,100,RANDOM,
truncation_1,0.5,0,440,22100,2297.2399921417236,32730,32756.01,ONE_POINT,100,100,RANDOM,
truncation_1,0.5,0,441,22150,2302.4328348636627,32730,32748.7,ONE_POINT,100,100,RANDOM,
truncation_1,0.5,0,442,22200,2307.5723462104797,32730,32739.68,ONE_POINT,100,100,RANDOM,
truncation_1,0.5,0,443,22250,2312.7461705207825,32730,32733.37,ONE_POINT,100,100,RANDOM,
truncation_1,0.5,0,444,22300,2317.8986003398895,32724,32729.7,ONE_POINT,100,100,RANDOM,
truncation_1,0.5,0,445,22350,2323.141144514084,32701,32727.07,ONE_POINT,100,100,RANDOM,
truncation_1,0.5,0,446,22400,2328.4231481552124,32691,32720.89,ONE_POINT,100,100,RANDOM,
truncation_1,0.5,0,447,22450,2333.6815989017487,32691,32711.34,ONE_POINT,100,100,RANDOM,
truncation_1,0.5,0,448,22500,2339.0828609466553,32691,32702.54,ONE_POINT,100,100,RANDOM,
truncation_1,0.5,0,449,22550,2344.316691637039,32690,32695.34,ONE_POINT,100,100,RANDOM,
truncation_1,0.5,0,450,22600,2349.5823650360107,32690,32691.13,ONE_POINT,100,100,RANDOM,
truncation_1,0.5,0,451,22650,2354.99365067482,32677,32687.49,ONE_POINT,100,100,RANDOM,
truncation_1,0.5,0,452,22700,2360.247022628784,32677,32684.92,ONE_POINT,100,100,RANDOM,
truncation_1,0.5,0,453,22750,2365.5931026935577,32671,32681.28,ONE_POINT,100,100,RANDOM,
truncation_1,0.5,0,454,22800,2370.9285476207733,32598,32666.91,ONE_POINT,100,100,RANDOM,
truncation_1,0.5,0,455,22850,2376.2400789260864,32598,32644.05,ONE_POINT,100,100,RANDOM,
truncation_1,0.5,0,456,22900,2381.670629262924,32598,32627.53,ONE_POINT,100,100,RANDOM,
truncation_1,0.5,0,457,22950,2386.9452617168427,32594,32610.01,ONE_POINT,100,100,RANDOM,
truncation_1,0.5,0,458,23000,2392.063246488571,32594,32597.11,ONE_POINT,100,100,RANDOM,
truncation_1,0.5,0,459,23050,2397.1743466854095,32585,32595.1,ONE_POINT,100,100,RANDOM,
truncation_1,0.5,0,460,23100,2402.366392850876,32565,32586.44,ONE_POINT,100,100,RANDOM,
truncation_1,0.5,0,461,23150,2407.4651412963867,32565,32580.8,ONE_POINT,100,100,RANDOM,
truncation_1,0.5,0,462,23200,2412.5366275310516,32565,32573.08,ONE_POINT,100,100,RANDOM,
truncation_1,0.5,0,463,23250,2417.658196926117,32531,32563.1,ONE_POINT,100,100,RANDOM,
truncation_1,0.5,0,464,23300,2422.790645122528,32531,32554.66,ONE_POINT,100,100,RANDOM,
truncation_1,0.5,0,465,23350,2428.0248639583588,32531,32546.95,ONE_POINT,100,100,RANDOM,
truncation_1,0.5,0,466,23400,2433.1820182800293,32531,32538.89,ONE_POINT,100,100,RANDOM,
truncation_1,0.5,0,467,23450,2438.3074872493744,32511,32530.92,ONE_POINT,100,100,RANDOM,
truncation_1,0.5,0,468,23500,2443.5785875320435,32511,32525.05,ONE_POINT,100,100,RANDOM,
truncation_1,0.5,0,469,23550,2448.7902035713196,32511,32521.03,ONE_POINT,100,100,RANDOM,
truncation_1,0.5,0,470,23600,2453.9468293190002,32429,32512.29,ONE_POINT,100,100,RANDOM,
truncation_1,0.5,0,471,23650,2459.0172872543335,32406,32483.83,ONE_POINT,100,100,RANDOM,
truncation_1,0.5,0,472,23700,2464.2263395786285,32406,32454.16,ONE_POINT,100,100,RANDOM,
truncation_1,0.5,0,473,23750,2469.342227935791,32388,32428.02,ONE_POINT,100,100,RANDOM,
truncation_1,0.5,0,474,23800,2474.5942826271057,32347,32389.45,ONE_POINT,100,100,RANDOM,
truncation_1,0.5,0,475,23850,2479.795520067215,32347,32377.11,ONE_POINT,100,100,RANDOM,
truncation_1,0.5,0,476,23900,2485.065059185028,32342,32359.0,ONE_POINT,100,100,RANDOM,
truncation_1,0.5,0,477,23950,2490.300651073456,32336,32346.13,ONE_POINT,100,100,RANDOM,
truncation_1,0.5,0,478,24000,2495.692239522934,32336,32342.04,ONE_POINT,100,100,RANDOM,
truncation_1,0.5,0,479,24050,2500.7370722293854,32334,32339.51,ONE_POINT,100,100,RANDOM,
truncation_1,0.5,0,480,24100,2505.8465576171875,32300,32331.15,ONE_POINT,100,100,RANDOM,
truncation_1,0.5,0,481,24150,2511.095321416855,32300,32324.1,ONE_POINT,100,100,RANDOM,
truncation_1,0.5,0,482,24200,2516.335168361664,32300,32316.22,ONE_POINT,100,100,RANDOM,
truncation_1,0.5,0,483,24250,2521.4743411540985,32296,32307.83,ONE_POINT,100,100,RANDOM,
truncation_1,0.5,0,484,24300,2526.6635015010834,32292,32299.9,ONE_POINT,100,100,RANDOM,
truncation_1,0.5,0,485,24350,2531.7771286964417,32280,32295.81,ONE_POINT,100,100,RANDOM,
truncation_1,0.5,0,486,24400,2537.0365591049194,32226,32278.19,ONE_POINT,100,100,RANDOM,
truncation_1,0.5,0,487,24450,2542.2050263881683,32226,32261.34,ONE_POINT,100,100,RANDOM,
truncation_1,0.5,0,488,24500,2547.657144546509,32211,32241.01,ONE_POINT,100,100,RANDOM,
truncation_1,0.5,0,489,24550,2553.379791498184,32202,32220.26,ONE_POINT,100,100,RANDOM,
truncation_1,0.5,0,490,24600,2558.6446454524994,32200,32213.86,ONE_POINT,100,100,RANDOM,
truncation_1,0.5,0,491,24650,2563.6792285442352,32194,32205.41,ONE_POINT,100,100,RANDOM,
truncation_1,0.5,0,492,24700,2568.8184978961945,32194,32198.12,ONE_POINT,100,100,RANDOM,
truncation_1,0.5,0,493,24750,2574.2137789726257,32093,32177.23,ONE_POINT,100,100,RANDOM,
truncation_1,0.5,0,494,24800,2579.4550104141235,32087,32153.56,ONE_POINT,100,100,RANDOM,
truncation_1,0.5,0,495,24850,2584.7290682792664,32073,32123.74,ONE_POINT,100,100,RANDOM,
truncation_1,0.5,0,496,24900,2589.832803964615,32073,32090.59,ONE_POINT,100,100,RANDOM,
truncation_1,0.5,0,497,24950,2595.011494398117,32043,32073.91,ONE_POINT,100,100,RANDOM,
truncation_1,0.5,0,498,25000,2600.2338905334473,32019,32060.29,ONE_POINT,100,100,RANDOM,
truncation_1,0.5,0,499,25050,2605.7797088623047,32019,32044.02,ONE_POINT,100,100,RANDOM,
truncation_1,0.5,0,500,25100,2611.0468304157257,32019,32032.86,ONE_POINT,100,100,RANDOM,
truncation_1,0.5,20,1,150,5.103879451751709,132016,140136.08,ONE_POINT,100,100,RANDOM,
truncation_1,0.5,20,2,200,10.333761215209961,129380,132763.86,ONE_POINT,100,100,RANDOM,
truncation_1,0.5,20,3,250,15.518712282180786,125615,129569.79,ONE_POINT,100,100,RANDOM,
truncation_1,0.5,20,4,300,20.62191915512085,124720,126768.5,ONE_POINT,100,100,RANDOM,
truncation_1,0.5,20,5,350,25.76832628250122,120446,124475.94,ONE_POINT,100,100,RANDOM,
truncation_1,0.5,20,6,400,30.858564376831055,120096,121989.13,ONE_POINT,100,100,RANDOM,
truncation_1,0.5,20,7,450,36.02552318572998,116921,119288.93,ONE_POINT,100,100,RANDOM,
truncation_1,0.5,20,8,500,41.15380644798279,114970,117149.65,ONE_POINT,100,100,RANDOM,
truncation_1,0.5,20,9,550,46.34215688705444,111898,115162.51,ONE_POINT,100,100,RANDOM,
truncation_1,0.5,20,10,600,51.763319969177246,108683,112229.81,ONE_POINT,100,100,RANDOM,
truncation_1,0.5,20,11,650,57.401236057281494,108240,109573.15,ONE_POINT,100,100,RANDOM,
truncation_1,0.5,20,12,700,63.03129720687866,105536,108109.48,ONE_POINT,100,100,RANDOM,
truncation_1,0.5,20,13,750,68.17736506462097,104020,106222.44,ONE_POINT,100,100,RANDOM,
truncation_1,0.5,20,14,800,73.30550909042358,102871,104178.69,ONE_POINT,100,100,RANDOM,
truncation_1,0.5,20,15,850,78.36020946502686,102066,103133.51,ONE_POINT,100,100,RANDOM,
truncation_1,0.5,20,16,900,83.39422106742859,99797,102066.66,ONE_POINT,100,100,RANDOM,
truncation_1,0.5,20,17,950,88.32413339614868,97513,100026.6,ONE_POINT,100,100,RANDOM,
truncation_1,0.5,20,18,1000,93.36089539527893,96621,97933.62,ONE_POINT,100,100,RANDOM,
truncation_1,0.5,20,19,1050,98.32869243621826,94473,96557.29,ONE_POINT,100,100,RANDOM,
truncation_1,0.5,20,20,1100,103.3389687538147,93683,95122.2,ONE_POINT,100,100,RANDOM,
truncation_1,0.5,20,21,1150,108.3480715751648,92800,93935.91,ONE_POINT,100,100,RANDOM,
truncation_1,0.5,20,22,1200,113.43782639503479,90704,92703.38,ONE_POINT,100,100,RANDOM,
truncation_1,0.5,20,23,1250,118.36978268623352,89381,91008.31,ONE_POINT,100,100,RANDOM,
truncation_1,0.5,20,24,1300,123.36690950393677,86676,88871.34,ONE_POINT,100,100,RANDOM,
truncation_1,0.5,20,25,1350,128.33700442314148,83950,86502.74,ONE_POINT,100,100,RANDOM,
truncation_1,0.5,20,26,1400,133.29396057128906,81978,84402.89,ONE_POINT,100,100,RANDOM,
truncation_1,0.5,20,27,1450,138.3283667564392,80622,82523.74,ONE_POINT,100,100,RANDOM,
truncation_1,0.5,20,28,1500,143.29574251174927,79788,80978.59,ONE_POINT,100,100,RANDOM,
truncation_1,0.5,20,29,1550,148.27002477645874,79266,79975.36,ONE_POINT,100,100,RANDOM,
truncation_1,0.5,20,30,1600,153.3005669116974,77969,79171.76,ONE_POINT,100,100,RANDOM,
truncation_1,0.5,20,31,1650,158.51242685317993,76571,78183.56,ONE_POINT,100,100,RANDOM,
truncation_1,0.5,20,32,1700,163.92429566383362,75879,76933.13,ONE_POINT,100,100,RANDOM,
truncation_1,0.5,20,33,1750,168.8967044353485,74629,76045.84,ONE_POINT,100,100,RANDOM,
truncation_1,0.5,20,34,1800,173.79465103149414,72552,74871.88,ONE_POINT,100,100,RANDOM,
truncation_1,0.5,20,35,1850,178.74729442596436,72199,73477.04,ONE_POINT,100,100,RANDOM,
truncation_1,0.5,20,36,1900,183.82575178146362,71642,72474.8,ONE_POINT,100,100,RANDOM,
truncation_1,0.5,20,37,1950,188.76003527641296,71189,71848.58,ONE_POINT,100,100,RANDOM,
truncation_1,0.5,20,38,2000,193.7559037208557,70814,71388.01,ONE_POINT,100,100,RANDOM,
truncation_1,0.5,20,39,2050,198.63088750839233,70527,70990.01,ONE_POINT,100,100,RANDOM,
truncation_1,0.5,20,40,2100,203.64475989341736,70178,70648.65,ONE_POINT,100,100,RANDOM,
truncation_1,0.5,20,41,2150,208.50571942329407,69820,70356.5,ONE_POINT,100,100,RANDOM,
truncation_1,0.5,20,42,2200,213.46746802330017,69780,70053.05,ONE_POINT,100,100,RANDOM,
truncation_1,0.5,20,43,2250,218.50215125083923,69278,69789.99,ONE_POINT,100,100,RANDOM,
truncation_1,0.5,20,44,2300,223.447350025177,68862,69523.66,ONE_POINT,100,100,RANDOM,
truncation_1,0.5,20,45,2350,228.3313958644867,67813,68909.68,ONE_POINT,100,100,RANDOM,
truncation_1,0.5,20,46,2400,233.2057831287384,67499,68198.4,ONE_POINT,100,100,RANDOM,
truncation_1,0.5,20,47,2450,238.19248723983765,66447,67385.96,ONE_POINT,100,100,RANDOM,
truncation_1,0.5,20,48,2500,243.03377842903137,66046,66803.15,ONE_POINT,100,100,RANDOM,
truncation_1,0.5,20,49,2550,247.9600329399109,65460,66190.95,ONE_POINT,100,100,RANDOM,
truncation_1,0.5,20,50,2600,252.9453148841858,65350,65826.6,ONE_POINT,100,100,RANDOM,
truncation_1,0.5,20,51,2650,257.89975142478943,65035,65368.15,ONE_POINT,100,100,RANDOM,
truncation_1,0.5,20,52,2700,262.78227138519287,64034,64923.18,ONE_POINT,100,100,RANDOM,
truncation_1,0.5,20,53,2750,267.66957449913025,62655,64084.68,ONE_POINT,100,100,RANDOM,
truncation_1,0.5,20,54,2800,272.5739095211029,62312,63164.14,ONE_POINT,100,100,RANDOM,
truncation_1,0.5,20,55,2850,277.55065536499023,61584,62438.1,ONE_POINT,100,100,RANDOM,
truncation_1,0.5,20,56,2900,282.53788685798645,60835,61856.65,ONE_POINT,100,100,RANDOM,
truncation_1,0.5,20,57,2950,287.48683285713196,60750,61233.76,ONE_POINT,100,100,RANDOM,
truncation_1,0.5,20,58,3000,292.4160602092743,60667,60923.09,ONE_POINT,100,100,RANDOM,
truncation_1,0.5,20,59,3050,297.36242270469666,60069,60594.87,ONE_POINT,100,100,RANDOM,
truncation_1,0.5,20,60,3100,302.2507050037384,59470,60218.67,ONE_POINT,100,100,RANDOM,
truncation_1,0.5,20,61,3150,307.15621972084045,58891,59735.76,ONE_POINT,100,100,RANDOM,
truncation_1,0.5,20,62,3200,312.19097995758057,57840,58852.92,ONE_POINT,100,100,RANDOM,
truncation_1,0.5,20,63,3250,317.1247253417969,57740,58189.97,ONE_POINT,100,100,RANDOM,
truncation_1,0.5,20,64,3300,322.1002399921417,57492,57784.93,ONE_POINT,100,100,RANDOM,
truncation_1,0.5,20,65,3350,327.114376783371,57350,57594.47,ONE_POINT,100,100,RANDOM,
truncation_1,0.5,20,66,3400,331.96421360969543,57193,57419.81,ONE_POINT,100,100,RANDOM,
truncation_1,0.5,20,67,3450,336.9622585773468,56564,57124.94,ONE_POINT,100,100,RANDOM,
truncation_1,0.5,20,68,3500,341.8685688972473,56440,56829.91,ONE_POINT,100,100,RANDOM,
truncation_1,0.5,20,69,3550,346.8286979198456,55987,56484.52,ONE_POINT,100,100,RANDOM,
truncation_1,0.5,20,70,3600,351.7477629184723,55160,56081.03,ONE_POINT,100,100,RANDOM,
truncation_1,0.5,20,71,3650,356.620765209198,55088,55599.66,ONE_POINT,100,100,RANDOM,
truncation_1,0.5,20,72,3700,361.51260924339294,54996,55324.13,ONE_POINT,100,100,RANDOM,
truncation_1,0.5,20,73,3750,366.6120574474335,54892,55081.37,ONE_POINT,100,100,RANDOM,
truncation_1,0.5,20,74,3800,371.5887734889984,54584,54901.96,ONE_POINT,100,100,RANDOM,
truncation_1,0.5,20,75,3850,376.53457379341125,54497,54709.1,ONE_POINT,100,100,RANDOM,
truncation_1,0.5,20,76,3900,381.40169382095337,53947,54449.98,ONE_POINT,100,100,RANDOM,
truncation_1,0.5,20,77,3950,386.2809064388275,53863,54165.06,ONE_POINT,100,100,RANDOM,
truncation_1,0.5,20,78,4000,391.18791818618774,53502,53893.4,ONE_POINT,100,100,RANDOM,
truncation_1,0.5,20,79,4050,396.09958720207214,53418,53684.53,ONE_POINT,100,100,RANDOM,
truncation_1,0.5,20,80,4100,401.06343817710876,53293,53464.54,ONE_POINT,100,100,RANDOM,
truncation_1,0.5,20,81,4150,406.4614837169647,53198,53343.86,ONE_POINT,100,100,RANDOM,
truncation_1,0.5,20,82,4200,411.52266120910645,53149,53258.31,ONE_POINT,100,100,RANDOM,
truncation_1,0.5,20,83,4250,416.4847903251648,52777,53097.8,ONE_POINT,100,100,RANDOM,
truncation_1,0.5,20,84,4300,421.36226987838745,52539,52916.36,ONE_POINT,100,100,RANDOM,
truncation_1,0.5,20,85,4350,426.4413900375366,52079,52569.66,ONE_POINT,100,100,RANDOM,
truncation_1,0.5,20,86,4400,431.3963677883148,51934,52285.42,ONE_POINT,100,100,RANDOM,
truncation_1,0.5,20,87,4450,436.2223553657532,51458,51963.53,ONE_POINT,100,100,RANDOM,
truncation_1,0.5,20,88,4500,441.0914616584778,51150,51680.95,ONE_POINT,100,100,RANDOM,
truncation_1,0.5,20,89,4550,445.99472522735596,50515,51306.05,ONE_POINT,100,100,RANDOM,
truncation_1,0.5,20,90,4600,450.9328727722168,49883,50738.11,ONE_POINT,100,100,RANDOM,
truncation_1,0.5,20,91,4650,456.21253299713135,49036,50136.96,ONE_POINT,100,100,RANDOM,
truncation_1,0.5,20,92,4700,461.1131372451782,49033,49495.19,ONE_POINT,100,100,RANDOM,
truncation_1,0.5,20,93,4750,466.03376507759094,48647,49048.73,ONE_POINT,100,100,RANDOM,
truncation_1,0.5,20,94,4800,470.9692573547363,48164,48770.74,ONE_POINT,100,100,RANDOM,
truncation_1,0.5,20,95,4850,475.8585994243622,47764,48424.41,ONE_POINT,100,100,RANDOM,
truncation_1,0.5,20,96,4900,480.7636501789093,47560,48004.66,ONE_POINT,100,100,RANDOM,
truncation_1,0.5,20,97,4950,485.6407325267792,47324,47668.71,ONE_POINT,100,100,RANDOM,
truncation_1,0.5,20,98,5000,490.6657898426056,47186,47421.23,ONE_POINT,100,100,RANDOM,
truncation_1,0.5,20,99,5050,495.55712389945984,46777,47245.89,ONE_POINT,100,100,RANDOM,
truncation_1,0.5,20,100,5100,500.47100806236267,46652,47064.54,ONE_POINT,100,100,RANDOM,
truncation_1,0.5,20,101,5150,505.3416516780853,46488,46833.43,ONE_POINT,100,100,RANDOM,
truncation_1,0.5,20,102,5200,510.200302362442,46368,46603.51,ONE_POINT,100,100,RANDOM,
truncation_1,0.5,20,103,5250,515.0556902885437,46149,46432.59,ONE_POINT,100,100,RANDOM,
truncation_1,0.5,20,104,5300,519.9736702442169,46109,46277.82,ONE_POINT,100,100,RANDOM,
truncation_1,0.5,20,105,5350,524.8610286712646,45918,46146.7,ONE_POINT,100,100,RANDOM,
truncation_1,0.5,20,106,5400,529.7352576255798,45684,45988.21,ONE_POINT,100,100,RANDOM,
truncation_1,0.5,20,107,5450,534.6589300632477,45611,45807.35,ONE_POINT,100,100,RANDOM,
truncation_1,0.5,20,108,5500,539.5788705348969,45200,45610.71,ONE_POINT,100,100,RANDOM,
truncation_1,0.5,20,109,5550,544.4596610069275,45089,45410.97,ONE_POINT,100,100,RANDOM,
truncation_1,0.5,20,110,5600,549.3504660129547,44966,45210.34,ONE_POINT,100,100,RANDOM,
truncation_1,0.5,20,111,5650,554.1782932281494,44951,45081.57,ONE_POINT,100,100,RANDOM,
truncation_1,0.5,20,112,5700,559.047509431839,44520,44861.43,ONE_POINT,100,100,RANDOM,
truncation_1,0.5,20,113,5750,563.924373626709,44332,44633.39,ONE_POINT,100,100,RANDOM,
truncation_1,0.5,20,114,5800,568.7792508602142,44162,44407.34,ONE_POINT,100,100,RANDOM,
truncation_1,0.5,20,115,5850,573.6931500434875,44135,44264.66,ONE_POINT,100,100,RANDOM,
truncation_1,0.5,20,116,5900,578.5500702857971,43926,44148.53,ONE_POINT,100,100,RANDOM,
truncation_1,0.5,20,117,5950,583.4286141395569,43878,44049.12,ONE_POINT,100,100,RANDOM,
truncation_1,0.5,20,118,6000,588.2988605499268,43687,43946.98,ONE_POINT,100,100,RANDOM,
truncation_1,0.5,20,119,6050,593.2365875244141,43668,43797.96,ONE_POINT,100,100,RANDOM,
truncation_1,0.5,20,120,6100,598.2341086864471,43166,43598.89,ONE_POINT,100,100,RANDOM,
truncation_1,0.5,20,121,6150,603.1101200580597,42758,43349.6,ONE_POINT,100,100,RANDOM,
truncation_1,0.5,20,122,6200,607.9973740577698,42751,43044.2,ONE_POINT,100,100,RANDOM,
truncation_1,0.5,20,123,6250,612.8248264789581,42751,42893.5,ONE_POINT,100,100,RANDOM,
truncation_1,0.5,20,124,6300,617.6869587898254,42491,42751.88,ONE_POINT,100,100,RANDOM,
truncation_1,0.5,20,125,6350,622.4942066669464,42455,42630.52,ONE_POINT,100,100,RANDOM,
truncation_1,0.5,20,126,6400,627.3556666374207,42408,42544.84,ONE_POINT,100,100,RANDOM,
truncation_1,0.5,20,127,6450,632.2433657646179,42344,42439.71,ONE_POINT,100,100,RANDOM,
truncation_1,0.5,20,128,6500,637.1681275367737,42181,42374.23,ONE_POINT,100,100,RANDOM,
truncation_1,0.5,20,129,6550,642.0768246650696,42132,42258.14,ONE_POINT,100,100,RANDOM,
truncation_1,0.5,20,130,6600,647.0268757343292,41880,42115.79,ONE_POINT,100,100,RANDOM,
truncation_1,0.5,20,131,6650,652.0618572235107,41863,41993.54,ONE_POINT,100,100,RANDOM,
truncation_1,0.5,20,132,6700,656.9499206542969,41846,41910.49,ONE_POINT,100,100,RANDOM,
truncation_1,0.5,20,133,6750,661.8393542766571,41834,41860.02,ONE_POINT,100,100,RANDOM,
truncation_1,0.5,20,134,6800,666.7388188838959,41704,41835.8,ONE_POINT,100,100,RANDOM,
truncation_1,0.5,20,135,6850,671.6634385585785,41656,41778.61,ONE_POINT,100,100,RANDOM,
truncation_1,0.5,20,136,6900,676.5464503765106,41630,41726.14,ONE_POINT,100,100,RANDOM,
truncation_1,0.5,20,137,6950,681.4648234844208,41584,41667.23,ONE_POINT,100,100,RANDOM,
truncation_1,0.5,20,138,7000,686.3450422286987,41388,41593.51,ONE_POINT,100,100,RANDOM,
truncation_1,0.5,20,139,7050,691.1728954315186,41303,41476.11,ONE_POINT,100,100,RANDOM,
truncation_1,0.5,20,140,7100,696.026284456253,41133,41335.4,ONE_POINT,100,100,RANDOM,
truncation_1,0.5,20,141,7150,700.8707852363586,41046,41211.14,ONE_POINT,100,100,RANDOM,
truncation_1,0.5,20,142,7200,705.7684378623962,41034,41119.77,ONE_POINT,100,100,RANDOM,
truncation_1,0.5,20,143,7250,710.6822597980499,41002,41066.74,ONE_POINT,100,100,RANDOM,
truncation_1,0.5,20,144,7300,715.6718916893005,40958,41026.39,ONE_POINT,100,100,RANDOM,
truncation_1,0.5,20,145,7350,720.5708153247833,40954,40996.33,ONE_POINT,100,100,RANDOM,
truncation_1,0.5,20,146,7400,725.3878169059753,40862,40961.25,ONE_POINT,100,100,RANDOM,
truncation_1,0.5,20,147,7450,730.2645604610443,40829,40914.6,ONE_POINT,100,100,RANDOM,
truncation_1,0.5,20,148,7500,735.0990262031555,40763,40868.53,ONE_POINT,100,100,RANDOM,
truncation_1,0.5,20,149,7550,739.944370508194,40763,40810.93,ONE_POINT,100,100,RANDOM,
truncation_1,0.5,20,150,7600,744.8237688541412,40643,40759.0,ONE_POINT,100,100,RANDOM,
truncation_1,0.5,20,151,7650,749.659924030304,40629,40711.11,ONE_POINT,100,100,RANDOM,
truncation_1,0.5,20,152,7700,754.5856146812439,40599,40671.06,ONE_POINT,100,100,RANDOM,
truncation_1,0.5,20,153,7750,759.5049133300781,40556,40626.16,ONE_POINT,100,100,RANDOM,
truncation_1,0.5,20,154,7800,764.3961322307587,40553,40601.02,ONE_POINT,100,100,RANDOM,
truncation_1,0.5,20,155,7850,769.2683131694794,40524,40574.29,ONE_POINT,100,100,RANDOM,
truncation_1,0.5,20,156,7900,774.0823197364807,40461,40536.3,ONE_POINT,100,100,RANDOM,
truncation_1,0.5,20,157,7950,778.9574427604675,40445,40507.43,ONE_POINT,100,100,RANDOM,
truncation_1,0.5,20,158,8000,783.7703161239624,40415,40477.09,ONE_POINT,100,100,RANDOM,
truncation_1,0.5,20,159,8050,788.6912713050842,40371,40443.0,ONE_POINT,100,100,RANDOM,
truncation_1,0.5,20,160,8100,793.630392074585,40339,40409.35,ONE_POINT,100,100,RANDOM,
truncation_1,0.5,20,161,8150,798.4537224769592,40225,40371.01,ONE_POINT,100,100,RANDOM,
truncation_1,0.5,20,162,8200,803.3242943286896,40124,40295.72,ONE_POINT,100,100,RANDOM,
truncation_1,0.5,20,163,8250,808.1450481414795,40108,40230.63,ONE_POINT,100,100,RANDOM,
truncation_1,0.5,20,164,8300,813.024272441864,39896,40121.58,ONE_POINT,100,100,RANDOM,
truncation_1,0.5,20,165,8350,817.9340133666992,39844,40020.64,ONE_POINT,100,100,RANDOM,
truncation_1,0.5,20,166,8400,822.9077777862549,39778,39914.69,ONE_POINT,100,100,RANDOM,
truncation_1,0.5,20,167,8450,827.837075471878,39778,39827.59,ONE_POINT,100,100,RANDOM,
truncation_1,0.5,20,168,8500,832.7539510726929,39680,39780.77,ONE_POINT,100,100,RANDOM,
truncation_1,0.5,20,169,8550,837.6474189758301,39680,39736.07,ONE_POINT,100,100,RANDOM,
truncation_1,0.5,20,170,8600,842.472076177597,39665,39708.31,ONE_POINT,100,100,RANDOM,
truncation_1,0.5,20,171,8650,847.3856401443481,39615,39675.11,ONE_POINT,100,100,RANDOM,
truncation_1,0.5,20,172,8700,852.2131617069244,39610,39655.14,ONE_POINT,100,100,RANDOM,
truncation_1,0.5,20,173,8750,857.1474099159241,39588,39634.13,ONE_POINT,100,100,RANDOM,
truncation_1,0.5,20,174,8800,862.0015535354614,39518,39614.88,ONE_POINT,100,100,RANDOM,
truncation_1,0.5,20,175,8850,866.8613169193268,39473,39566.47,ONE_POINT,100,100,RANDOM,
truncation_1,0.5,20,176,8900,871.7471702098846,39443,39523.37,ONE_POINT,100,100,RANDOM,
truncation_1,0.5,20,177,8950,876.6495249271393,39420,39473.32,ONE_POINT,100,100,RANDOM,
truncation_1,0.5,20,178,9000,881.5365970134735,39420,39448.24,ONE_POINT,100,100,RANDOM,
truncation_1,0.5,20,179,9050,886.4022378921509,39332,39425.46,ONE_POINT,100,100,RANDOM,
truncation_1,0.5,20,180,9100,891.355870962143,39146,39346.36,ONE_POINT,100,100,RANDOM,
truncation_1,0.5,20,181,9150,896.1935670375824,38809,39211.94,ONE_POINT,100,100,RANDOM,
truncation_1,0.5,20,182,9200,901.1439974308014,38656,38988.04,ONE_POINT,100,100,RANDOM,
truncation_1,0.5,20,183,9250,906.0512373447418,38601,38784.21,ONE_POINT,100,100,RANDOM,
truncation_1,0.5,20,184,9300,910.8548085689545,38468,38653.16,ONE_POINT,100,100,RANDOM,
truncation_1,0.5,20,185,9350,915.7342727184296,38446,38565.28,ONE_POINT,100,100,RANDOM,
truncation_1,0.5,20,186,9400,920.575532913208,38441,38504.22,ONE_POINT,100,100,RANDOM,
truncation_1,0.5,20,187,9450,925.4632530212402,38439,38466.79,ONE_POINT,100,100,RANDOM,
truncation_1,0.5,20,188,9500,930.2934110164642,38298,38415.78,ONE_POINT,100,100,RANDOM,
truncation_1,0.5,20,189,9550,935.1739859580994,38292,38376.5,ONE_POINT,100,100,RANDOM,
truncation_1,0.5,20,190,9600,939.9834640026093,38274,38339.93,ONE_POINT,100,100,RANDOM,
truncation_1,0.5,20,191,9650,944.9224829673767,37866,38214.82,ONE_POINT,100,100,RANDOM,
truncation_1,0.5,20,192,9700,949.8769552707672,37761,38045.06,ONE_POINT,100,100,RANDOM,
truncation_1,0.5,20,193,9750,954.918582201004,37240,37786.0,ONE_POINT,100,100,RANDOM,
truncation_1,0.5,20,194,9800,959.8067088127136,37221,37511.83,ONE_POINT,100,100,RANDOM,
truncation_1,0.5,20,195,9850,964.6731200218201,37209,37335.86,ONE_POINT,100,100,RANDOM,
truncation_1,0.5,20,196,9900,969.5916097164154,37209,37237.93,ONE_POINT,100,100,RANDOM,
truncation_1,0.5,20,197,9950,974.5182018280029,37164,37209.24,ONE_POINT,100,100,RANDOM,
truncation_1,0.5,20,198,10000,979.3749339580536,37143,37185.93,ONE_POINT,100,100,RANDOM,
truncation_1,0.5,20,199,10050,984.321691274643,37143,37171.67,ONE_POINT,100,100,RANDOM,
truncation_1,0.5,20,200,10100,989.2094492912292,36837,37079.87,ONE_POINT,100,100,RANDOM,
truncation_1,0.5,20,201,10150,994.1007840633392,36826,36954.48,ONE_POINT,100,100,RANDOM,
truncation_1,0.5,20,202,10200,998.9974353313446,36758,36868.97,ONE_POINT,100,100,RANDOM,
truncation_1,0.5,20,203,10250,1003.8849940299988,36758,36807.26,ONE_POINT,100,100,RANDOM,
truncation_1,0.5,20,204,10300,1008.7792398929596,36758,36789.8,ONE_POINT,100,100,RANDOM,
truncation_1,0.5,20,205,10350,1013.9528706073761,36719,36771.7,ONE_POINT,100,100,RANDOM,
truncation_1,0.5,20,206,10400,1018.9011838436127,36718,36748.6,ONE_POINT,100,100,RANDOM,
truncation_1,0.5,20,207,10450,1023.7986497879028,36718,36737.91,ONE_POINT,100,100,RANDOM,
truncation_1,0.5,20,208,10500,1028.672221660614,36664,36720.15,ONE_POINT,100,100,RANDOM,
truncation_1,0.5,20,209,10550,1033.544425725937,36632,36694.96,ONE_POINT,100,100,RANDOM,
truncation_1,0.5,20,210,10600,1038.4078862667084,36623,36667.97,ONE_POINT,100,100,RANDOM,
truncation_1,0.5,20,211,10650,1043.2663378715515,36622,36647.83,ONE_POINT,100,100,RANDOM,
truncation_1,0.5,20,212,10700,1048.1072616577148,36581,36631.12,ONE_POINT,100,100,RANDOM,
truncation_1,0.5,20,213,10750,1053.0392806529999,36572,36607.17,ONE_POINT,100,100,RANDOM,
truncation_1,0.5,20,214,10800,1057.8755762577057,36549,36589.85,ONE_POINT,100,100,RANDOM,
truncation_1,0.5,20,215,10850,1062.760315656662,36490,36560.37,ONE_POINT,100,100,RANDOM,
truncation_1,0.5,20,216,10900,1067.6450006961823,36490,36529.98,ONE_POINT,100,100,RANDOM,
truncation_1,0.5,20,217,10950,1072.5668096542358,36379,36495.06,ONE_POINT,100,100,RANDOM,
truncation_1,0.5,20,218,11000,1077.4735581874847,36331,36442.68,ONE_POINT,100,100,RANDOM,
truncation_1,0.5,20,219,11050,1082.3034501075745,36331,36396.6,ONE_POINT,100,100,RANDOM,
truncation_1,0.5,20,220,11100,1087.1684355735779,36279,36348.46,ONE_POINT,100,100,RANDOM,
truncation_1,0.5,20,221,11150,1091.9629020690918,36259,36320.61,ONE_POINT,100,100,RANDOM,
truncation_1,0.5,20,222,11200,1096.800350189209,36181,36283.31,ONE_POINT,100,100,RANDOM,
truncation_1,0.5,20,223,11250,1101.729748725891,36181,36236.66,ONE_POINT,100,100,RANDOM,
truncation_1,0.5,20,224,11300,1106.5381197929382,36170,36205.25,ONE_POINT,100,100,RANDOM,
truncation_1,0.5,20,225,11350,1111.3602402210236,36012,36153.98,ONE_POINT,100,100,RANDOM,
truncation_1,0.5,20,226,11400,1116.170492887497,36002,36107.4,ONE_POINT,100,100,RANDOM,
truncation_1,0.5,20,227,11450,1120.985580921173,35973,36054.43,ONE_POINT,100,100,RANDOM,
truncation_1,0.5,20,228,11500,1125.8955662250519,35937,35998.9,ONE_POINT,100,100,RANDOM,
truncation_1,0.5,20,229,11550,1130.7119636535645,35883,35960.32,ONE_POINT,100,100,RANDOM,
truncation_1,0.5,20,230,11600,1135.5988655090332,35875,35930.0,ONE_POINT,100,100,RANDOM,
truncation_1,0.5,20,231,11650,1140.4389371871948,35849,35901.27,ONE_POINT,100,100,RANDOM,
truncation_1,0.5,20,232,11700,1145.2986130714417,35848,35875.56,ONE_POINT,100,100,RANDOM,
truncation_1,0.5,20,233,11750,1150.1181104183197,35848,35860.37,ONE_POINT,100,100,RANDOM,
truncation_1,0.5,20,234,11800,1154.9902667999268,35843,35852.4,ONE_POINT,100,100,RANDOM,
truncation_1,0.5,20,235,11850,1159.7841124534607,35816,35842.23,ONE_POINT,100,100,RANDOM,
truncation_1,0.5,20,236,11900,1164.5985634326935,35814,35834.35,ONE_POINT,100,100,RANDOM,
truncation_1,0.5,20,237,11950,1169.415428161621,35810,35823.37,ONE_POINT,100,100,RANDOM,
truncation_1,0.5,20,238,12000,1174.2860062122345,35810,35816.61,ONE_POINT,100,100,RANDOM,
truncation_1,0.5,20,239,12050,1179.1379532814026,35804,35811.46,ONE_POINT,100,100,RANDOM,
truncation_1,0.5,20,240,12100,1183.9337198734283,35792,35806.69,ONE_POINT,100,100,RANDOM,
truncation_1,0.5,20,241,12150,1188.8403475284576,35661,35781.86,ONE_POINT,100,100,RANDOM,
truncation_1,0.5,20,242,12200,1193.7321569919586,35649,35737.63,ONE_POINT,100,100,RANDOM,
truncation_1,0.5,20,243,12250,1198.5445609092712,35554,35674.96,ONE_POINT,100,100,RANDOM,
truncation_1,0.5,20,244,12300,1203.4607543945312,35554,35623.69,ONE_POINT,100,100,RANDOM,
truncation_1,0.5,20,245,12350,1208.2738108634949,35431,35590.63,ONE_POINT,100,100,RANDOM,
truncation_1,0.5,20,246,12400,1213.1280813217163,35315,35508.25,ONE_POINT,100,100,RANDOM,
truncation_1,0.5,20,247,12450,1217.9328408241272,35266,35402.23,ONE_POINT,100,100,RANDOM,
truncation_1,0.5,20,248,12500,1222.8486938476562,35259,35313.2,ONE_POINT,100,100,RANDOM,
truncation_1,0.5,20,249,12550,1227.7588276863098,35247,35278.49,ONE_POINT,100,100,RANDOM,
truncation_1,0.5,20,250,12600,1232.6028094291687,35187,35259.2,ONE_POINT,100,100,RANDOM,
truncation_1,0.5,20,251,12650,1237.5549199581146,35187,35235.64,ONE_POINT,100,100,RANDOM,
truncation_1,0.5,20,252,12700,1242.3667776584625,35153,35210.6,ONE_POINT,100,100,RANDOM,
truncation_1,0.5,20,253,12750,1247.1948313713074,35131,35184.61,ONE_POINT,100,100,RANDOM,
truncation_1,0.5,20,254,12800,1252.079371213913,35011,35148.85,ONE_POINT,100,100,RANDOM,
truncation_1,0.5,20,255,12850,1256.9514441490173,34998,35098.68,ONE_POINT,100,100,RANDOM,
truncation_1,0.5,20,256,12900,1261.790001153946,34997,35054.5,ONE_POINT,100,100,RANDOM,
truncation_1,0.5,20,257,12950,1266.6485478878021,34881,34999.6,ONE_POINT,100,100,RANDOM,
truncation_1,0.5,20,258,13000,1271.4892363548279,34880,34959.16,ONE_POINT,100,100,RANDOM,
truncation_1,0.5,20,259,13050,1276.2937462329865,34880,34920.9,ONE_POINT,100,100,RANDOM,
truncation_1,0.5,20,260,13100,1281.1745421886444,34880,34892.21,ONE_POINT,100,100,RANDOM,
truncation_1,0.5,20,261,13150,1285.9628715515137,34880,34880.97,ONE_POINT,100,100,RANDOM,
truncation_1,0.5,20,262,13200,1290.7701284885406,34845,34875.55,ONE_POINT,100,100,RANDOM,
truncation_1,0.5,20,263,13250,1295.575584411621,34834,34868.52,ONE_POINT,100,100,RANDOM,
truncation_1,0.5,20,264,13300,1300.4925498962402,34637,34841.74,ONE_POINT,100,100,RANDOM,
truncation_1,0.5,20,265,13350,1305.2679896354675,34578,34765.98,ONE_POINT,100,100,RANDOM,
truncation_1,0.5,20,266,13400,1310.1662888526917,34576,34700.77,ONE_POINT,100,100,RANDOM,
truncation_1,0.5,20,267,13450,1315.0629453659058,34488,34609.59,ONE_POINT,100,100,RANDOM,
truncation_1,0.5,20,268,13500,1319.935317516327,34441,34553.69,ONE_POINT,100,100,RANDOM,
truncation_1,0.5,20,269,13550,1324.7920570373535,34441,34506.23,ONE_POINT,100,100,RANDOM,
truncation_1,0.5,20,270,13600,1329.6492204666138,34404,34468.07,ONE_POINT,100,100,RANDOM,
truncation_1,0.5,20,271,13650,1334.5718371868134,34361,34430.42,ONE_POINT,100,100,RANDOM,
truncation_1,0.5,20,272,13700,1339.377342224121,34315,34395.01,ONE_POINT,100,100,RANDOM,
truncation_1,0.5,20,273,13750,1344.223887681961,34315,34358.48,ONE_POINT,100,100,RANDOM,
truncation_1,0.5,20,274,13800,1349.0673773288727,34313,34331.7,ONE_POINT,100,100,RANDOM,
truncation_1,0.5,20,275,13850,1353.9009563922882,34313,34319.29,ONE_POINT,100,100,RANDOM,
truncation_1,0.5,20,276,13900,1359.0087122917175,34198,34298.44,ONE_POINT,100,100,RANDOM,
truncation_1,0.5,20,277,13950,1363.8839604854584,34197,34271.86,ONE_POINT,100,100,RANDOM,
truncation_1,0.5,20,278,14000,1368.756817817688,34169,34232.59,ONE_POINT,100,100,RANDOM,
truncation_1,0.5,20,279,14050,1373.6237182617188,34169,34195.99,ONE_POINT,100,100,RANDOM,
truncation_1,0.5,20,280,14100,1378.5003719329834,34169,34182.24,ONE_POINT,100,100,RANDOM,
truncation_1,0.5,20,281,14150,1383.28870511055,34123,34163.75,ONE_POINT,100,100,RANDOM,
truncation_1,0.5,20,282,14200,1388.1331222057343,34079,34143.96,ONE_POINT,100,100,RANDOM,
truncation_1,0.5,20,283,14250,1392.9740369319916,34054,34120.49,ONE_POINT,100,100,RANDOM,
truncation_1,0.5,20,284,14300,1397.794371843338,34051,34093.33,ONE_POINT,100,100,RANDOM,
truncation_1,0.5,20,285,14350,1402.660505771637,34048,34077.39,ONE_POINT,100,100,RANDOM,
truncation_1,0.5,20,286,14400,1407.4120962619781,34048,34059.87,ONE_POINT,100,100,RANDOM,
truncation_1,0.5,20,287,14450,1412.2504935264587,34023,34045.88,ONE_POINT,100,100,RANDOM,
truncation_1,0.5,20,288,14500,1417.091177225113,34023,34037.59,ONE_POINT,100,100,RANDOM,
truncation_1,0.5,20,289,14550,1421.9493844509125,34020,34029.67,ONE_POINT,100,100,RANDOM,
truncation_1,0.5,20,290,14600,1426.7966187000275,34017,34022.16,ONE_POINT,100,100,RANDOM,
truncation_1,0.5,20,291,14650,1431.7610104084015,34011,34020.14,ONE_POINT,100,100,RANDOM,
truncation_1,0.5,20,292,14700,1436.6141242980957,33993,34015.88,ONE_POINT,100,100,RANDOM,
truncation_1,0.5,20,293,14750,1441.4181039333344,33993,34009.12,ONE_POINT,100,100,RANDOM,
truncation_1,0.5,20,294,14800,1446.2637114524841,33990,34002.83,ONE_POINT,100,100,RANDOM,
truncation_1,0.5,20,295,14850,1451.066696882248,33990,33996.77,ONE_POINT,100,100,RANDOM,
truncation_1,0.5,20,296,14900,1455.9559483528137,33990,33991.54,ONE_POINT,100,100,RANDOM,
truncation_1,0.5,20,297,14950,1460.786392211914,33840,33956.38,ONE_POINT,100,100,RANDOM,
truncation_1,0.5,20,298,15000,1465.6956279277802,33839,33913.06,ONE_POINT,100,100,RANDOM,
truncation_1,0.5,20,299,15050,1470.5295996665955,33808,33867.56,ONE_POINT,100,100,RANDOM,
truncation_1,0.5,20,300,15100,1475.4108746051788,33803,33829.68,ONE_POINT,100,100,RANDOM,
truncation_1,0.5,20,301,15150,1480.2740473747253,33790,33816.78,ONE_POINT,100,100,RANDOM,
truncation_1,0.5,20,302,15200,1485.1663403511047,33772,33803.56,ONE_POINT,100,100,RANDOM,
truncation_1,0.5,20,303,15250,1490.0626804828644,33756,33790.47,ONE_POINT,100,100,RANDOM,
truncation_1,0.5,20,304,15300,1494.8804376125336,33754,33776.8,ONE_POINT,100,100,RANDOM,
truncation_1,0.5,20,305,15350,1499.7796804904938,33699,33765.37,ONE_POINT,100,100,RANDOM,
truncation_1,0.5,20,306,15400,1504.5695497989655,33699,33742.89,ONE_POINT,100,100,RANDOM,
truncation_1,0.5,20,307,15450,1509.4151391983032,33672,33721.36,ONE_POINT,100,100,RANDOM,
truncation_1,0.5,20,308,15500,1514.2633292675018,33672,33703.93,ONE_POINT,100,100,RANDOM,
truncation_1,0.5,20,309,15550,1519.0019121170044,33666,33688.33,ONE_POINT,100,100,RANDOM,
truncation_1,0.5,20,310,15600,1523.8564252853394,33662,33674.48,ONE_POINT,100,100,RANDOM,
truncation_1,0.5,20,311,15650,1528.688504934311,33662,33667.62,ONE_POINT,100,100,RANDOM,
truncation_1,0.5,20,312,15700,1533.5572681427002,33548,33648.78,ONE_POINT,100,100,RANDOM,
truncation_1,0.5,20,313,15750,1538.4391400814056,33548,33618.32,ONE_POINT,100,100,RANDOM,
truncation_1,0.5,20,314,15800,1543.2379553318024,33527,33578.84,ONE_POINT,100,100,RANDOM,
truncation_1,0.5,20,315,15850,1548.08966588974,33527,33552.02,ONE_POINT,100,100,RANDOM,
truncation_1,0.5,20,316,15900,1552.9977748394012,33527,33534.14,ONE_POINT,100,100,RANDOM,
truncation_1,0.5,20,317,15950,1557.8014206886292,33527,33530.27,ONE_POINT,100,100,RANDOM,
truncation_1,0.5,20,318,16000,1562.6902046203613,33463,33514.39,ONE_POINT,100,100,RANDOM,
truncation_1,0.5,20,319,16050,1567.5253067016602,33463,33499.78,ONE_POINT,100,100,RANDOM,
truncation_1,0.5,20,320,16100,1572.4141001701355,33439,33483.32,ONE_POINT,100,100,RANDOM,
truncation_1,0.5,20,321,16150,1577.195331811905,33439,33461.86,ONE_POINT,100,100,RANDOM,
truncation_1,0.5,20,322,16200,1582.0987102985382,33437,33450.01,ONE_POINT,100,100,RANDOM,
truncation_1,0.5,20,323,16250,1586.9022934436798,33351,33430.93,ONE_POINT,100,100,RANDOM,
truncation_1,0.5,20,324,16300,1591.6718909740448,33351,33402.23,ONE_POINT,100,100,RANDOM,
truncation_1,0.5,20,325,16350,1596.4999287128448,33351,33384.99,ONE_POINT,100,100,RANDOM,
truncation_1,0.5,20,326,16400,1601.3365187644958,33351,33367.88,ONE_POINT,100,100,RANDOM,
truncation_1,0.5,20,327,16450,1606.1957652568817,33345,33350.32,ONE_POINT,100,100,RANDOM,
truncation_1,0.5,20,328,16500,1611.028514623642,33344,33348.43,ONE_POINT,100,100,RANDOM,
truncation_1,0.5,20,329,16550,1615.8034265041351,33339,33346.87,ONE_POINT,100,100,RANDOM,
truncation_1,0.5,20,330,16600,1620.7202384471893,33318,33340.95,ONE_POINT,100,100,RANDOM,
truncation_1,0.5,20,331,16650,1625.7787866592407,33304,33330.96,ONE_POINT,100,100,RANDOM,
truncation_1,0.5,20,332,16700,1630.6074199676514,33304,33321.26,ONE_POINT,100,100,RANDOM,
truncation_1,0.5,20,333,16750,1635.4509150981903,33229,33304.42,ONE_POINT,100,100,RANDOM,
truncation_1,0.5,20,334,16800,1640.195060491562,33193,33267.6,ONE_POINT,100,100,RANDOM,
truncation_1,0.5,20,335,16850,1645.0815513134003,33160,33243.91,ONE_POINT,100,100,RANDOM,
truncation_1,0.5,20,336,16900,1649.8945217132568,33109,33199.57,ONE_POINT,100,100,RANDOM,
truncation_1,0.5,20,337,16950,1654.8457684516907,33054,33151.6,ONE_POINT,100,100,RANDOM,
truncation_1,0.5,20,338,17000,1659.6819355487823,33033,33101.39,ONE_POINT,100,100,RANDOM,
truncation_1,0.5,20,339,17050,1664.5203335285187,33033,33069.15,ONE_POINT,100,100,RANDOM,
truncation_1,0.5,20,340,17100,1669.4487483501434,33033,33047.86,ONE_POINT,100,100,RANDOM,
truncation_1,0.5,20,341,17150,1674.278011083603,33033,33036.77,ONE_POINT,100,100,RANDOM,
truncation_1,0.5,20,342,17200,1679.1099457740784,33014,33032.79,ONE_POINT,100,100,RANDOM,
truncation_1,0.5,20,343,17250,1683.9381878376007,33014,33028.36,ONE_POINT,100,100,RANDOM,
truncation_1,0.5,20,344,17300,1688.79141831398,32960,33014.75,ONE_POINT,100,100,RANDOM,
truncation_1,0.5,20,345,17350,1693.6534988880157,32957,32998.35,ONE_POINT,100,100,RANDOM,
truncation_1,0.5,20,346,17400,1698.5165882110596,32957,32981.57,ONE_POINT,100,100,RANDOM,
truncation_1,0.5,20,347,17450,1703.343024969101,32954,32965.68,ONE_POINT,100,100,RANDOM,
truncation_1,0.5,20,348,17500,1708.2330784797668,32915,32952.19,ONE_POINT,100,100,RANDOM,
truncation_1,0.5,20,349,17550,1713.0076520442963,32915,32943.07,ONE_POINT,100,100,RANDOM,
truncation_1,0.5,20,350,17600,1717.9035205841064,32915,32933.88,ONE_POINT,100,100,RANDOM,
truncation_1,0.5,20,351,17650,1722.7199313640594,32915,32925.12,ONE_POINT,100,100,RANDOM,
truncation_1,0.5,20,352,17700,1727.5671682357788,32915,32915.37,ONE_POINT,100,100,RANDOM,
truncation_1,0.5,20,353,17750,1732.4071607589722,32909,32914.03,ONE_POINT,100,100,RANDOM,
truncation_1,0.5,20,354,17800,1737.2337069511414,32882,32910.43,ONE_POINT,100,100,RANDOM,
truncation_1,0.5,20,355,17850,1742.0742163658142,32863,32900.45,ONE_POINT,100,100,RANDOM,
truncation_1,0.5,20,356,17900,1747.011326789856,32861,32886.63,ONE_POINT,100,100,RANDOM,
truncation_1,0.5,20,357,17950,1752.192990064621,32861,32873.31,ONE_POINT,100,100,RANDOM,
truncation_1,0.5,20,358,18000,1757.16024851799,32792,32862.25,ONE_POINT,100,100,RANDOM,
truncation_1,0.5,20,359,18050,1762.2613899707794,32792,32840.46,ONE_POINT,100,100,RANDOM,
truncation_1,0.5,20,360,18100,1767.3877258300781,32791,32825.21,ONE_POINT,100,100,RANDOM,
truncation_1,0.5,20,361,18150,1772.5045893192291,32771,32807.67,ONE_POINT,100,100,RANDOM,
truncation_1,0.5,20,362,18200,1777.7100269794464,32771,32786.8,ONE_POINT,100,100,RANDOM,
truncation_1,0.5,20,363,18250,1782.8171198368073,32771,32782.25,ONE_POINT,100,100,RANDOM,
truncation_1,0.5,20,364,18300,1787.8583645820618,32752,32774.92,ONE_POINT,100,100,RANDOM,
truncation_1,0.5,20,365,18350,1793.1628468036652,32747,32767.64,ONE_POINT,100,100,RANDOM,
truncation_1,0.5,20,366,18400,1798.2254445552826,32747,32760.59,ONE_POINT,100,100,RANDOM,
truncation_1,0.5,20,367,18450,1803.2254421710968,32690,32748.52,ONE_POINT,100,100,RANDOM,
truncation_1,0.5,20,368,18500,1808.2135422229767,32628,32712.6,ONE_POINT,100,100,RANDOM,
truncation_1,0.5,20,369,18550,1813.0681607723236,32626,32684.82,ONE_POINT,100,100,RANDOM,
truncation_1,0.5,20,370,18600,1817.9385824203491,32626,32653.18,ONE_POINT,100,100,RANDOM,
truncation_1,0.5,20,371,18650,1822.7733895778656,32620,32636.05,ONE_POINT,100,100,RANDOM,
truncation_1,0.5,20,372,18700,1827.83958029747,32577,32614.77,ONE_POINT,100,100,RANDOM,
truncation_1,0.5,20,373,18750,1832.6573362350464,32570,32600.72,ONE_POINT,100,100,RANDOM,
truncation_1,0.5,20,374,18800,1837.5854482650757,32464,32566.69,ONE_POINT,100,100,RANDOM,
truncation_1,0.5,20,375,18850,1842.421481847763,32464,32527.29,ONE_POINT,100,100,RANDOM,
truncation_1,0.5,20,376,18900,1847.3161919116974,32464,32495.69,ONE_POINT,100,100,RANDOM,
truncation_1,0.5,20,377,18950,1852.1885797977448,32451,32472.48,ONE_POINT,100,100,RANDOM,
truncation_1,0.5,20,378,19000,1857.0249972343445,32368,32458.96,ONE_POINT,100,100,RANDOM,
truncation_1,0.5,20,379,19050,1861.8208253383636,32367,32429.64,ONE_POINT,100,100,RANDOM,
truncation_1,0.5,20,380,19100,1866.6732604503632,32367,32403.64,ONE_POINT,100,100,RANDOM,
truncation_1,0.5,20,381,19150,1871.4239556789398,32367,32380.75,ONE_POINT,100,100,RANDOM,
truncation_1,0.5,20,382,19200,1876.2798252105713,32329,32367.12,ONE_POINT,100,100,RANDOM,
truncation_1,0.5,20,383,19250,1881.079304933548,32329,32360.87,ONE_POINT,100,100,RANDOM,
truncation_1,0.5,20,384,19300,1885.9705176353455,32329,32352.25,ONE_POINT,100,100,RANDOM,
truncation_1,0.5,20,385,19350,1890.8268821239471,32329,32344.57,ONE_POINT,100,100,RANDOM,
truncation_1,0.5,20,386,19400,1895.6225793361664,32318,32329.58,ONE_POINT,100,100,RANDOM,
truncation_1,0.5,20,387,19450,1900.544298171997,32289,32318.25,ONE_POINT,100,100,RANDOM,
truncation_1,0.5,20,388,19500,1905.3811445236206,32289,32305.3,ONE_POINT,100,100,RANDOM,
truncation_1,0.5,20,389,19550,1910.2732830047607,32269,32293.25,ONE_POINT,100,100,RANDOM,
truncation_1,0.5,20,390,19600,1915.1920354366302,32266,32281.89,ONE_POINT,100,100,RANDOM,
truncation_1,0.5,20,391,19650,1919.9264945983887,32266,32277.44,ONE_POINT,100,100,RANDOM,
truncation_1,0.5,20,392,19700,1924.8190875053406,32255,32269.51,ONE_POINT,100,100,RANDOM,
truncation_1,0.5,20,393,19750,1929.6813406944275,32255,32261.84,ONE_POINT,100,100,RANDOM,
truncation_1,0.5,20,394,19800,1934.560523033142,32239,32257.6,ONE_POINT,100,100,RANDOM,
truncation_1,0.5,20,395,19850,1939.332917690277,32226,32250.63,ONE_POINT,100,100,RANDOM,
truncation_1,0.5,20,396,19900,1944.1010687351227,32226,32241.91,ONE_POINT,100,100,RANDOM,
truncation_1,0.5,20,397,19950,1948.9058907032013,32226,32234.62,ONE_POINT,100,100,RANDOM,
truncation_1,0.5,20,398,20000,1953.779158115387,32221,32227.9,ONE_POINT,100,100,RANDOM,
truncation_1,0.5,20,399,20050,1958.603815317154,32221,32223.84,ONE_POINT,100,100,RANDOM,
truncation_1,0.5,20,400,20100,1963.8817031383514,32221,32222.72,ONE_POINT,100,100,RANDOM,
truncation_1,0.5,20,401,20150,1968.7416002750397,32221,32221.88,ONE_POINT,100,100,RANDOM,
truncation_1,0.5,20,402,20200,1973.5991642475128,32204,32217.94,ONE_POINT,100,100,RANDOM,
truncation_1,0.5,20,403,20250,1978.401612520218,32204,32213.98,ONE_POINT,100,100,RANDOM,
truncation_1,0.5,20,404,20300,1983.1856257915497,32204,32211.03,ONE_POINT,100,100,RANDOM,
truncation_1,0.5,20,405,20350,1987.9879643917084,32167,32204.06,ONE_POINT,100,100,RANDOM,
truncation_1,0.5,20,406,20400,1992.8104569911957,32155,32187.71,ONE_POINT,100,100,RANDOM,
truncation_1,0.5,20,407,20450,1997.6995882987976,32149,32175.94,ONE_POINT,100,100,RANDOM,
truncation_1,0.5,20,408,20500,2002.5998117923737,32149,32159.78,ONE_POINT,100,100,RANDOM,
truncation_1,0.5,20,409,20550,2007.4482064247131,32127,32148.17,ONE_POINT,100,100,RANDOM,
truncation_1,0.5,20,410,20600,2012.2666387557983,32119,32141.57,ONE_POINT,100,100,RANDOM,
truncation_1,0.5,20,411,20650,2017.1492614746094,32119,32134.43,ONE_POINT,100,100,RANDOM,
truncation_1,0.5,20,412,20700,2022.0563492774963,32112,32127.57,ONE_POINT,100,100,RANDOM,
truncation_1,0.5,20,413,20750,2026.9496817588806,32103,32116.31,ONE_POINT,100,100,RANDOM,
truncation_1,0.5,20,414,20800,2031.8492722511292,32103,32110.93,ONE_POINT,100,100,RANDOM,
truncation_1,0.5,20,415,20850,2036.6555979251862,32103,32106.86,ONE_POINT,100,100,RANDOM,
truncation_1,0.5,20,416,20900,2041.487717628479,32103,32103.92,ONE_POINT,100,100,RANDOM,
truncation_1,0.5,20,417,20950,2046.3469650745392,32035,32098.22,ONE_POINT,100,100,RANDOM,
truncation_1,0.5,20,418,21000,2051.171963453293,32035,32085.16,ONE_POINT,100,100,RANDOM,
truncation_1,0.5,20,419,21050,2056.0577380657196,32035,32070.69,ONE_POINT,100,100,RANDOM,
truncation_1,0.5,20,420,21100,2060.832268714905,31997,32039.44,ONE_POINT,100,100,RANDOM,
truncation_1,0.5,20,421,21150,2065.6547689437866,31997,32020.34,ONE_POINT,100,100,RANDOM,
truncation_1,0.5,20,422,21200,2070.451872110367,31990,32010.79,ONE_POINT,100,100,RANDOM,
truncation_1,0.5,20,423,21250,2075.445195198059,31990,31998.56,ONE_POINT,100,100,RANDOM,
truncation_1,0.5,20,424,21300,2080.386369943619,31965,31988.81,ONE_POINT,100,100,RANDOM,
truncation_1,0.5,20,425,21350,2085.1473066806793,31965,31980.01,ONE_POINT,100,100,RANDOM,
truncation_1,0.5,20,426,21400,2090.0052008628845,31964,31973.97,ONE_POINT,100,100,RANDOM,
truncation_1,0.5,20,427,21450,2094.7669525146484,31964,31969.38,ONE_POINT,100,100,RANDOM,
truncation_1,0.5,20,428,21500,2099.6082170009613,31964,31964.66,ONE_POINT,100,100,RANDOM,
truncation_1,0.5,20,429,21550,2104.4268996715546,31964,31964.27,ONE_POINT,100,100,RANDOM,
truncation_1,0.5,20,430,21600,2109.276887178421,31962,31963.83,ONE_POINT,100,100,RANDOM,
truncation_1,0.5,20,431,21650,2114.173552274704,31956,31963.07,ONE_POINT,100,100,RANDOM,
truncation_1,0.5,20,432,21700,2118.9685382843018,31956,31961.03,ONE_POINT,100,100,RANDOM,
truncation_1,0.5,20,433,21750,2123.823704957962,31956,31959.48,ONE_POINT,100,100,RANDOM,
truncation_1,0.5,20,434,21800,2128.5937139987946,31956,31957.91,ONE_POINT,100,100,RANDOM,
truncation_1,0.5,20,435,21850,2133.400218486786,31950,31955.5,ONE_POINT,100,100,RANDOM,
truncation_1,0.5,20,436,21900,2138.2020514011383,31866,31952.9,ONE_POINT,100,100,RANDOM,
truncation_1,0.5,20,437,21950,2142.9922382831573,31866,31934.16,ONE_POINT,100,100,RANDOM,
truncation_1,0.5,20,438,22000,2147.841560602188,31866,31910.24,ONE_POINT,100,100,RANDOM,
truncation_1,0.5,20,439,22050,2152.6447892189026,31866,31883.95,ONE_POINT,100,100,RANDOM,
truncation_1,0.5,20,440,22100,2157.419022798538,31860,31866.85,ONE_POINT,100,100,RANDOM,
truncation_1,0.5,20,441,22150,2162.223337173462,31860,31864.06,ONE_POINT,100,100,RANDOM,
truncation_1,0.5,20,442,22200,2167.07892537117,31860,31862.68,ONE_POINT,100,100,RANDOM,
truncation_1,0.5,20,443,22250,2171.8751406669617,31860,31861.24,ONE_POINT,100,100,RANDOM,
truncation_1,0.5,20,444,22300,2176.7175793647766,31774,31847.54,ONE_POINT,100,100,RANDOM,
truncation_1,0.5,20,445,22350,2181.559242248535,31774,31828.6,ONE_POINT,100,100,RANDOM,
truncation_1,0.5,20,446,22400,2186.3623201847076,31774,31807.55,ONE_POINT,100,100,RANDOM,
truncation_1,0.5,20,447,22450,2191.1604154109955,31774,31786.3,ONE_POINT,100,100,RANDOM,
truncation_1,0.5,20,448,22500,2195.93776679039,31773,31774.26,ONE_POINT,100,100,RANDOM,
truncation_1,0.5,20,449,22550,2200.7170972824097,31773,31773.73,ONE_POINT,100,100,RANDOM,
truncation_1,0.5,20,450,22600,2205.5471987724304,31773,31773.54,ONE_POINT,100,100,RANDOM,
truncation_1,0.5,20,451,22650,2210.299153327942,31746,31769.88,ONE_POINT,100,100,RANDOM,
truncation_1,0.5,20,452,22700,2215.1132776737213,31734,31760.99,ONE_POINT,100,100,RANDOM,
truncation_1,0.5,20,453,22750,2219.9155163764954,31734,31750.09,ONE_POINT,100,100,RANDOM,
truncation_1,0.5,20,454,22800,2224.6970674991608,31734,31742.4,ONE_POINT,100,100,RANDOM,
truncation_1,0.5,20,455,22850,2229.486447572708,31721,31735.19,ONE_POINT,100,100,RANDOM,
truncation_1,0.5,20,456,22900,2234.3465337753296,31718,31729.65,ONE_POINT,100,100,RANDOM,
truncation_1,0.5,20,457,22950,2239.1003391742706,31718,31725.44,ONE_POINT,100,100,RANDOM,
truncation_1,0.5,20,458,23000,2243.931801557541,31718,31721.85,ONE_POINT,100,100,RANDOM,
truncation_1,0.5,20,459,23050,2248.81361246109,31693,31714.48,ONE_POINT,100,100,RANDOM,
truncation_1,0.5,20,460,23100,2253.797635793686,31693,31708.63,ONE_POINT,100,100,RANDOM,
truncation_1,0.5,20,461,23150,2258.5410153865814,31659,31701.92,ONE_POINT,100,100,RANDOM,
truncation_1,0.5,20,462,23200,2263.711716890335,31659,31691.76,ONE_POINT,100,100,RANDOM,
truncation_1,0.5,20,463,23250,2268.49240732193,31616,31668.3,ONE_POINT,100,100,RANDOM,
truncation_1,0.5,20,464,23300,2273.302412033081,31616,31644.87,ONE_POINT,100,100,RANDOM,
truncation_1,0.5,20,465,23350,2278.132614135742,31616,31628.12,ONE_POINT,100,100,RANDOM,
truncation_1,0.5,20,466,23400,2282.9005932807922,31616,31617.9,ONE_POINT,100,100,RANDOM,
truncation_1,0.5,20,467,23450,2287.72217130661,31616,31616.0,ONE_POINT,100,100,RANDOM,
truncation_1,0.5,20,468,23500,2292.5726878643036,31616,31616.0,ONE_POINT,100,100,RANDOM,
truncation_1,0.5,20,469,23550,2297.4327301979065,31616,31616.0,ONE_POINT,100,100,RANDOM,
truncation_1,0.5,20,470,23600,2302.2588653564453,31610,31615.2,ONE_POINT,100,100,RANDOM,
truncation_1,0.5,20,471,23650,2307.079864501953,31599,31612.76,ONE_POINT,100,100,RANDOM,
truncation_1,0.5,20,472,23700,2311.8791766166687,31599,31608.04,ONE_POINT,100,100,RANDOM,
truncation_1,0.5,20,473,23750,2316.7176325321198,31599,31604.59,ONE_POINT,100,100,RANDOM,
truncation_1,0.5,20,474,23800,2321.549873113632,31595,31600.95,ONE_POINT,100,100,RANDOM,
truncation_1,0.5,20,475,23850,2326.3300490379333,31593,31597.91,ONE_POINT,100,100,RANDOM,
truncation_1,0.5,20,476,23900,2331.179017305374,31581,31595.63,ONE_POINT,100,100,RANDOM,
truncation_1,0.5,20,477,23950,2335.964546918869,31581,31591.96,ONE_POINT,100,100,RANDOM,
truncation_1,0.5,20,478,24000,2340.7560889720917,31581,31587.5,ONE_POINT,100,100,RANDOM,
truncation_1,0.5,20,479,24050,2345.5361795425415,31510,31576.31,ONE_POINT,100,100,RANDOM,
truncation_1,0.5,20,480,24100,2350.4506504535675,31508,31555.17,ONE_POINT,100,100,RANDOM,
truncation_1,0.5,20,481,24150,2355.3016641139984,31508,31540.46,ONE_POINT,100,100,RANDOM,
truncation_1,0.5,20,482,24200,2360.095894098282,31505,31522.56,ONE_POINT,100,100,RANDOM,
truncation_1,0.5,20,483,24250,2364.930545568466,31505,31510.11,ONE_POINT,100,100,RANDOM,
truncation_1,0.5,20,484,24300,2369.728506088257,31505,31506.64,ONE_POINT,100,100,RANDOM,
truncation_1,0.5,20,485,24350,2374.6016838550568,31505,31505.98,ONE_POINT,100,100,RANDOM,
truncation_1,0.5,20,486,24400,2379.416332244873,31392,31500.92,ONE_POINT,100,100,RANDOM,
truncation_1,0.5,20,487,24450,2384.1541333198547,31392,31471.01,ONE_POINT,100,100,RANDOM,
truncation_1,0.5,20,488,24500,2388.9879813194275,31390,31444.14,ONE_POINT,100,100,RANDOM,
truncation_1,0.5,20,489,24550,2393.8111860752106,31379,31414.43,ONE_POINT,100,100,RANDOM,
truncation_1,0.5,20,490,24600,2398.648231267929,31379,31391.07,ONE_POINT,100,100,RANDOM,
truncation_1,0.5,20,491,24650,2403.470965385437,31379,31385.54,ONE_POINT,100,100,RANDOM,
truncation_1,0.5,20,492,24700,2408.253907442093,31376,31382.42,ONE_POINT,100,100,RANDOM,
truncation_1,0.5,20,493,24750,2413.082641839981,31376,31379.37,ONE_POINT,100,100,RANDOM,
truncation_1,0.5,20,494,24800,2417.9328093528748,31376,31377.55,ONE_POINT,100,100,RANDOM,
truncation_1,0.5,20,495,24850,2422.815724134445,31376,31376.81,ONE_POINT,100,100,RANDOM,
truncation_1,0.5,20,496,24900,2427.6887855529785,31376,31376.39,ONE_POINT,100,100,RANDOM,
truncation_1,0.5,20,497,24950,2432.4884555339813,31376,31376.0,ONE_POINT,100,100,RANDOM,
truncation_1,0.5,20,498,25000,2437.3260056972504,31366,31374.8,ONE_POINT,100,100,RANDOM,
truncation_1,0.5,20,499,25050,2442.1100544929504,31366,31372.9,ONE_POINT,100,100,RANDOM,
truncation_1,0.5,20,500,25100,2446.9203882217407,31363,31369.67,ONE_POINT,100,100,RANDOM,
truncation_1,0.5,40,1,150,4.678434133529663,128696,139409.74,ONE_POINT,100,100,RANDOM,
truncation_1,0.5,40,2,200,9.559939861297607,126147,129805.03,ONE_POINT,100,100,RANDOM,
truncation_1,0.5,40,3,250,14.357885599136353,123641,126227.93,ONE_POINT,100,100,RANDOM,
truncation_1,0.5,40,4,300,19.181349754333496,119791,122841.43,ONE_POINT,100,100,RANDOM,
truncation_1,0.5,40,5,350,23.956907033920288,117142,119522.66,ONE_POINT,100,100,RANDOM,
truncation_1,0.5,40,6,400,28.750510692596436,115247,117191.31,ONE_POINT,100,100,RANDOM,
truncation_1,0.5,40,7,450,33.57107138633728,112749,115153.04,ONE_POINT,100,100,RANDOM,
truncation_1,0.5,40,8,500,38.364906311035156,111315,113153.92,ONE_POINT,100,100,RANDOM,
truncation_1,0.5,40,9,550,43.20256066322327,108954,111302.7,ONE_POINT,100,100,RANDOM,
truncation_1,0.5,40,10,600,47.98573970794678,106933,109203.69,ONE_POINT,100,100,RANDOM,
truncation_1,0.5,40,11,650,52.80088758468628,101850,106446.2,ONE_POINT,100,100,RANDOM,
truncation_1,0.5,40,12,700,57.92186760902405,100250,103213.62,ONE_POINT,100,100,RANDOM,
truncation_1,0.5,40,13,750,62.80004572868347,98036,100467.74,ONE_POINT,100,100,RANDOM,
truncation_1,0.5,40,14,800,67.70191836357117,97159,98642.41,ONE_POINT,100,100,RANDOM,
truncation_1,0.5,40,15,850,72.44994950294495,94288,96756.37,ONE_POINT,100,100,RANDOM,
truncation_1,0.5,40,16,900,77.27294111251831,92977,94675.22,ONE_POINT,100,100,RANDOM,
truncation_1,0.5,40,17,950,82.13491225242615,90861,92843.06,ONE_POINT,100,100,RANDOM,
truncation_1,0.5,40,18,1000,86.91565227508545,88753,90789.33,ONE_POINT,100,100,RANDOM,
truncation_1,0.5,40,19,1050,91.71755957603455,88658,89250.13,ONE_POINT,100,100,RANDOM,
truncation_1,0.5,40,20,1100,96.50433778762817,87350,88290.04,ONE_POINT,100,100,RANDOM,
truncation_1,0.5,40,21,1150,101.27617979049683,86273,87539.85,ONE_POINT,100,100,RANDOM,
truncation_1,0.5,40,22,1200,106.16906833648682,85469,86513.48,ONE_POINT,100,100,RANDOM,
truncation_1,0.5,40,23,1250,110.9478406906128,84300,85438.12,ONE_POINT,100,100,RANDOM,
truncation_1,0.5,40,24,1300,115.83014488220215,82547,84244.35,ONE_POINT,100,100,RANDOM,
truncation_1,0.5,40,25,1350,120.66419196128845,82076,83082.37,ONE_POINT,100,100,RANDOM,
truncation_1,0.5,40,26,1400,125.50737166404724,80749,82126.07,ONE_POINT,100,100,RANDOM,
truncation_1,0.5,40,27,1450,130.33932614326477,80510,81284.67,ONE_POINT,100,100,RANDOM,
truncation_1,0.5,40,28,1500,135.10350918769836,80032,80592.23,ONE_POINT,100,100,RANDOM,
truncation_1,0.5,40,29,1550,139.96476864814758,79779,80255.54,ONE_POINT,100,100,RANDOM,
truncation_1,0.5,40,30,1600,144.7537076473236,79212,79926.96,ONE_POINT,100,100,RANDOM,
truncation_1,0.5,40,31,1650,149.58581972122192,78040,79321.97,ONE_POINT,100,100,RANDOM,
truncation_1,0.5,40,32,1700,154.41101384162903,77469,78505.23,ONE_POINT,100,100,RANDOM,
truncation_1,0.5,40,33,1750,159.22716283798218,76939,77795.08,ONE_POINT,100,100,RANDOM,
truncation_1,0.5,40,34,1800,164.03814673423767,76671,77294.3,ONE_POINT,100,100,RANDOM,
truncation_1,0.5,40,35,1850,168.9516565799713,76558,76883.92,ONE_POINT,100,100,RANDOM,
truncation_1,0.5,40,36,1900,173.8320713043213,76184,76573.99,ONE_POINT,100,100,RANDOM,
truncation_1,0.5,40,37,1950,178.773597240448,75197,76235.88,ONE_POINT,100,100,RANDOM,
truncation_1,0.5,40,38,2000,183.6219778060913,74260,75390.23,ONE_POINT,100,100,RANDOM,
truncation_1,0.5,40,39,2050,188.43020296096802,73040,74106.82,ONE_POINT,100,100,RANDOM,
truncation_1,0.5,40,40,2100,193.24994659423828,72252,73239.59,ONE_POINT,100,100,RANDOM,
truncation_1,0.5,40,41,2150,198.04819869995117,71681,72564.87,ONE_POINT,100,100,RANDOM,
truncation_1,0.5,40,42,2200,202.8637716770172,71491,71984.27,ONE_POINT,100,100,RANDOM,
truncation_1,0.5,40,43,2250,207.72819900512695,71185,71629.12,ONE_POINT,100,100,RANDOM,
truncation_1,0.5,40,44,2300,212.4618730545044,70626,71251.93,ONE_POINT,100,100,RANDOM,
truncation_1,0.5,40,45,2350,217.26505208015442,69815,70777.33,ONE_POINT,100,100,RANDOM,
truncation_1,0.5,40,46,2400,222.06316900253296,69422,70103.02,ONE_POINT,100,100,RANDOM,
truncation_1,0.5,40,47,2450,226.97050428390503,69138,69611.38,ONE_POINT,100,100,RANDOM,
truncation_1,0.5,40,48,2500,231.75979042053223,68482,69304.07,ONE_POINT,100,100,RANDOM,
truncation_1,0.5,40,49,2550,236.60088205337524,68418,68913.75,ONE_POINT,100,100,RANDOM,
truncation_1,0.5,40,50,2600,241.44958662986755,67264,68433.89,ONE_POINT,100,100,RANDOM,
truncation_1,0.5,40,51,2650,246.3173451423645,66734,67666.65,ONE_POINT,100,100,RANDOM,
truncation_1,0.5,40,52,2700,251.14762806892395,66339,66973.22,ONE_POINT,100,100,RANDOM,
truncation_1,0.5,40,53,2750,255.8998157978058,65515,66399.3,ONE_POINT,100,100,RANDOM,
truncation_1,0.5,40,54,2800,260.70929169654846,65183,65780.4,ONE_POINT,100,100,RANDOM,
truncation_1,0.5,40,55,2850,265.54387879371643,64946,65301.41,ONE_POINT,100,100,RANDOM,
truncation_1,0.5,40,56,2900,270.4342966079712,63851,64776.36,ONE_POINT,100,100,RANDOM,
truncation_1,0.5,40,57,2950,275.2498457431793,62977,64077.77,ONE_POINT,100,100,RANDOM,
truncation_1,0.5,40,58,3000,280.1407678127289,62410,63285.79,ONE_POINT,100,100,RANDOM,
truncation_1,0.5,40,59,3050,284.8712954521179,62101,62646.14,ONE_POINT,100,100,RANDOM,
truncation_1,0.5,40,60,3100,289.65720868110657,61679,62224.99,ONE_POINT,100,100,RANDOM,
truncation_1,0.5,40,61,3150,294.45993304252625,61389,61965.75,ONE_POINT,100,100,RANDOM,
truncation_1,0.5,40,62,3200,299.19587755203247,60902,61583.65,ONE_POINT,100,100,RANDOM,
truncation_1,0.5,40,63,3250,304.2067959308624,59758,61126.39,ONE_POINT,100,100,RANDOM,
truncation_1,0.5,40,64,3300,309.08398842811584,59128,60285.15,ONE_POINT,100,100,RANDOM,
truncation_1,0.5,40,65,3350,313.915109872818,58936,59570.37,ONE_POINT,100,100,RANDOM,
truncation_1,0.5,40,66,3400,318.6964225769043,58646,59078.61,ONE_POINT,100,100,RANDOM,
truncation_1,0.5,40,67,3450,323.4999268054962,58601,58837.83,ONE_POINT,100,100,RANDOM,
truncation_1,0.5,40,68,3500,328.4045991897583,58514,58696.28,ONE_POINT,100,100,RANDOM,
truncation_1,0.5,40,69,3550,333.1745705604553,58200,58500.1,ONE_POINT,100,100,RANDOM,
truncation_1,0.5,40,70,3600,338.06304717063904,57684,58292.88,ONE_POINT,100,100,RANDOM,
truncation_1,0.5,40,71,3650,342.8714978694916,57490,57985.51,ONE_POINT,100,100,RANDOM,
truncation_1,0.5,40,72,3700,347.7181587219238,57202,57668.63,ONE_POINT,100,100,RANDOM,
truncation_1,0.5,40,73,3750,352.60289764404297,57077,57379.0,ONE_POINT,100,100,RANDOM,
truncation_1,0.5,40,74,3800,357.3896026611328,56564,57105.81,ONE_POINT,100,100,RANDOM,
truncation_1,0.5,40,75,3850,362.17390727996826,56506,56831.75,ONE_POINT,100,100,RANDOM,
truncation_1,0.5,40,76,3900,367.0455799102783,56350,56612.94,ONE_POINT,100,100,RANDOM,
truncation_1,0.5,40,77,3950,371.8637795448303,56272,56470.46,ONE_POINT,100,100,RANDOM,
truncation_1,0.5,40,78,4000,376.62478017807007,56033,56330.74,ONE_POINT,100,100,RANDOM,
truncation_1,0.5,40,79,4050,381.47458052635193,55900,56151.08,ONE_POINT,100,100,RANDOM,
truncation_1,0.5,40,80,4100,386.34415674209595,55713,55977.96,ONE_POINT,100,100,RANDOM,
truncation_1,0.5,40,81,4150,391.15044713020325,55109,55668.8,ONE_POINT,100,100,RANDOM,
truncation_1,0.5,40,82,4200,395.9715139865875,55056,55348.51,ONE_POINT,100,100,RANDOM,
truncation_1,0.5,40,83,4250,400.89977192878723,54638,55053.95,ONE_POINT,100,100,RANDOM,
truncation_1,0.5,40,84,4300,405.77344012260437,54412,54851.56,ONE_POINT,100,100,RANDOM,
truncation_1,0.5,40,85,4350,410.59473276138306,53778,54402.45,ONE_POINT,100,100,RANDOM,
truncation_1,0.5,40,86,4400,415.4263517856598,52897,53834.99,ONE_POINT,100,100,RANDOM,
truncation_1,0.5,40,87,4450,420.2650668621063,52715,53225.25,ONE_POINT,100,100,RANDOM,
truncation_1,0.5,40,88,4500,425.12413787841797,52582,52829.31,ONE_POINT,100,100,RANDOM,
truncation_1,0.5,40,89,4550,430.00484132766724,52380,52648.64,ONE_POINT,100,100,RANDOM,
truncation_1,0.5,40,90,4600,434.8117125034332,52202,52498.22,ONE_POINT,100,100,RANDOM,
truncation_1,0.5,40,91,4650,439.6419334411621,52202,52364.79,ONE_POINT,100,100,RANDOM,
truncation_1,0.5,40,92,4700,444.4900393486023,52142,52251.31,ONE_POINT,100,100,RANDOM,
truncation_1,0.5,40,93,4750,449.3624680042267,52058,52184.16,ONE_POINT,100,100,RANDOM,
truncation_1,0.5,40,94,4800,454.2458817958832,51827,52087.09,ONE_POINT,100,100,RANDOM,
truncation_1,0.5,40,95,4850,459.08966732025146,51454,51882.13,ONE_POINT,100,100,RANDOM,
truncation_1,0.5,40,96,4900,463.89944434165955,51454,51657.07,ONE_POINT,100,100,RANDOM,
truncation_1,0.5,40,97,4950,468.6906895637512,51221,51470.64,ONE_POINT,100,100,RANDOM,
truncation_1,0.5,40,98,5000,473.5236041545868,51157,51339.78,ONE_POINT,100,100,RANDOM,
truncation_1,0.5,40,99,5050,478.3736295700073,50711,51125.29,ONE_POINT,100,100,RANDOM,
truncation_1,0.5,40,100,5100,483.1528959274292,49857,50912.22,ONE_POINT,100,100,RANDOM,
truncation_1,0.5,40,101,5150,487.9802312850952,49840,50422.92,ONE_POINT,100,100,RANDOM,
truncation_1,0.5,40,102,5200,492.81852078437805,49839,50079.32,ONE_POINT,100,100,RANDOM,
truncation_1,0.5,40,103,5250,497.7693808078766,49768,49851.68,ONE_POINT,100,100,RANDOM,
truncation_1,0.5,40,104,5300,502.63514852523804,49273,49751.62,ONE_POINT,100,100,RANDOM,
truncation_1,0.5,40,105,5350,507.45863008499146,49059,49501.07,ONE_POINT,100,100,RANDOM,
truncation_1,0.5,40,106,5400,512.2673668861389,48905,49219.85,ONE_POINT,100,100,RANDOM,
truncation_1,0.5,40,107,5450,517.0834763050079,48819,49043.34,ONE_POINT,100,100,RANDOM,
truncation_1,0.5,40,108,5500,521.8789036273956,48736,48925.33,ONE_POINT,100,100,RANDOM,
truncation_1,0.5,40,109,5550,526.8051815032959,48727,48816.15,ONE_POINT,100,100,RANDOM,
truncation_1,0.5,40,110,5600,531.6133453845978,48705,48753.84,ONE_POINT,100,100,RANDOM,
truncation_1,0.5,40,111,5650,536.418696641922,48594,48704.98,ONE_POINT,100,100,RANDOM,
truncation_1,0.5,40,112,5700,541.2321436405182,48360,48598.96,ONE_POINT,100,100,RANDOM,
truncation_1,0.5,40,113,5750,546.1276693344116,48180,48454.7,ONE_POINT,100,100,RANDOM,
truncation_1,0.5,40,114,5800,550.991415977478,48180,48298.29,ONE_POINT,100,100,RANDOM,
truncation_1,0.5,40,115,5850,555.8237080574036,48077,48210.52,ONE_POINT,100,100,RANDOM,
truncation_1,0.5,40,116,5900,560.7302577495575,48066,48150.22,ONE_POINT,100,100,RANDOM,
truncation_1,0.5,40,117,5950,565.4976766109467,47298,47911.18,ONE_POINT,100,100,RANDOM,
truncation_1,0.5,40,118,6000,570.3456411361694,47264,47609.25,ONE_POINT,100,100,RANDOM,
truncation_1,0.5,40,119,6050,575.2096037864685,47167,47346.92,ONE_POINT,100,100,RANDOM,
truncation_1,0.5,40,120,6100,580.0393795967102,47141,47234.25,ONE_POINT,100,100,RANDOM,
truncation_1,0.5,40,121,6150,584.9094178676605,47047,47186.46,ONE_POINT,100,100,RANDOM,
truncation_1,0.5,40,122,6200,589.8074645996094,46428,47091.32,ONE_POINT,100,100,RANDOM,
truncation_1,0.5,40,123,6250,594.5549795627594,46025,46755.19,ONE_POINT,100,100,RANDOM,
truncation_1,0.5,40,124,6300,599.3736600875854,46023,46336.57,ONE_POINT,100,100,RANDOM,
truncation_1,0.5,40,125,6350,604.1538457870483,45743,46030.97,ONE_POINT,100,100,RANDOM,
truncation_1,0.5,40,126,6400,608.9236440658569,45539,45872.12,ONE_POINT,100,100,RANDOM,
truncation_1,0.5,40,127,6450,613.7182502746582,45225,45593.11,ONE_POINT,100,100,RANDOM,
truncation_1,0.5,40,128,6500,618.5036869049072,45182,45382.1,ONE_POINT,100,100,RANDOM,
truncation_1,0.5,40,129,6550,623.3509845733643,45147,45229.7,ONE_POINT,100,100,RANDOM,
truncation_1,0.5,40,130,6600,628.250513792038,45091,45186.74,ONE_POINT,100,100,RANDOM,
truncation_1,0.5,40,131,6650,633.1082563400269,45043,45132.2,ONE_POINT,100,100,RANDOM,
truncation_1,0.5,40,132,6700,637.8772084712982,44981,45079.98,ONE_POINT,100,100,RANDOM,
truncation_1,0.5,40,133,6750,642.6947557926178,44921,45027.87,ONE_POINT,100,100,RANDOM,
truncation_1,0.5,40,134,6800,647.511721611023,44917,44980.08,ONE_POINT,100,100,RANDOM,
truncation_1,0.5,40,135,6850,652.3312408924103,44685,44924.27,ONE_POINT,100,100,RANDOM,
truncation_1,0.5,40,136,6900,657.2561550140381,44654,44826.76,ONE_POINT,100,100,RANDOM,
truncation_1,0.5,40,137,6950,662.276567697525,44604,44738.1,ONE_POINT,100,100,RANDOM,
truncation_1,0.5,40,138,7000,667.1467785835266,44398,44630.28,ONE_POINT,100,100,RANDOM,
truncation_1,0.5,40,139,7050,671.9274303913116,44398,44536.95,ONE_POINT,100,100,RANDOM,
truncation_1,0.5,40,140,7100,676.7808468341827,44345,44439.2,ONE_POINT,100,100,RANDOM,
truncation_1,0.5,40,141,7150,681.6148209571838,43672,44168.77,ONE_POINT,100,100,RANDOM,
truncation_1,0.5,40,142,7200,686.4344663619995,43661,43909.47,ONE_POINT,100,100,RANDOM,
truncation_1,0.5,40,143,7250,691.3785374164581,43618,43686.41,ONE_POINT,100,100,RANDOM,
truncation_1,0.5,40,144,7300,696.1851406097412,43594,43640.15,ONE_POINT,100,100,RANDOM,
truncation_1,0.5,40,145,7350,701.0314877033234,43458,43597.0,ONE_POINT,100,100,RANDOM,
truncation_1,0.5,40,146,7400,705.9474833011627,43355,43547.97,ONE_POINT,100,100,RANDOM,
truncation_1,0.5,40,147,7450,710.8057916164398,43323,43472.93,ONE_POINT,100,100,RANDOM,
truncation_1,0.5,40,148,7500,715.7275035381317,43201,43382.73,ONE_POINT,100,100,RANDOM,
truncation_1,0.5,40,149,7550,720.9664800167084,43201,43298.21,ONE_POINT,100,100,RANDOM,
truncation_1,0.5,40,150,7600,725.8736503124237,42922,43168.14,ONE_POINT,100,100,RANDOM,
truncation_1,0.5,40,151,7650,730.8004722595215,42171,42936.72,ONE_POINT,100,100,RANDOM,
truncation_1,0.5,40,152,7700,735.7076694965363,42098,42574.37,ONE_POINT,100,100,RANDOM,
truncation_1,0.5,40,153,7750,740.5707321166992,42032,42265.71,ONE_POINT,100,100,RANDOM,
truncation_1,0.5,40,154,7800,745.4217057228088,42018,42102.16,ONE_POINT,100,100,RANDOM,
truncation_1,0.5,40,155,7850,750.2642650604248,41837,42024.28,ONE_POINT,100,100,RANDOM,
truncation_1,0.5,40,156,7900,755.2600781917572,41837,41945.3,ONE_POINT,100,100,RANDOM,
truncation_1,0.5,40,157,7950,760.1588141918182,41767,41860.84,ONE_POINT,100,100,RANDOM,
truncation_1,0.5,40,158,8000,765.0129919052124,41765,41808.68,ONE_POINT,100,100,RANDOM,
truncation_1,0.5,40,159,8050,769.9149520397186,41660,41779.43,ONE_POINT,100,100,RANDOM,
truncation_1,0.5,40,160,8100,774.7119512557983,41588,41717.74,ONE_POINT,100,100,RANDOM,
truncation_1,0.5,40,161,8150,779.5888543128967,41588,41662.95,ONE_POINT,100,100,RANDOM,
truncation_1,0.5,40,162,8200,784.5073444843292,41586,41608.68,ONE_POINT,100,100,RANDOM,
truncation_1,0.5,40,163,8250,789.3925657272339,41575,41587.3,ONE_POINT,100,100,RANDOM,
truncation_1,0.5,40,164,8300,794.4029932022095,41496,41572.83,ONE_POINT,100,100,RANDOM,
truncation_1,0.5,40,165,8350,799.2600617408752,41496,41551.79,ONE_POINT,100,100,RANDOM,
truncation_1,0.5,40,166,8400,804.09836769104,41445,41523.4,ONE_POINT,100,100,RANDOM,
truncation_1,0.5,40,167,8450,809.0405132770538,41280,41448.84,ONE_POINT,100,100,RANDOM,
truncation_1,0.5,40,168,8500,813.9337735176086,41222,41377.08,ONE_POINT,100,100,RANDOM,
truncation_1,0.5,40,169,8550,818.7666883468628,40957,41272.78,ONE_POINT,100,100,RANDOM,
truncation_1,0.5,40,170,8600,823.5900642871857,40933,41150.52,ONE_POINT,100,100,RANDOM,
truncation_1,0.5,40,171,8650,828.4656558036804,40864,41039.43,ONE_POINT,100,100,RANDOM,
truncation_1,0.5,40,172,8700,833.368542432785,40530,40825.59,ONE_POINT,100,100,RANDOM,
truncation_1,0.5,40,173,8750,838.2643640041351,40442,40668.93,ONE_POINT,100,100,RANDOM,
truncation_1,0.5,40,174,8800,843.1437432765961,40371,40519.43,ONE_POINT,100,100,RANDOM,
truncation_1,0.5,40,175,8850,847.9466788768768,40207,40408.05,ONE_POINT,100,100,RANDOM,
truncation_1,0.5,40,176,8900,852.7348971366882,40203,40297.93,ONE_POINT,100,100,RANDOM,
truncation_1,0.5,40,177,8950,857.620010137558,40062,40228.5,ONE_POINT,100,100,RANDOM,
truncation_1,0.5,40,178,9000,862.4809920787811,39526,40113.6,ONE_POINT,100,100,RANDOM,
truncation_1,0.5,40,179,9050,867.3334112167358,39482,39876.35,ONE_POINT,100,100,RANDOM,
truncation_1,0.5,40,180,9100,872.2774109840393,39414,39623.96,ONE_POINT,100,100,RANDOM,
truncation_1,0.5,40,181,9150,877.0689215660095,39350,39463.22,ONE_POINT,100,100,RANDOM,
truncation_1,0.5,40,182,9200,881.9199435710907,39340,39418.17,ONE_POINT,100,100,RANDOM,
truncation_1,0.5,40,183,9250,886.8766324520111,39272,39363.88,ONE_POINT,100,100,RANDOM,
truncation_1,0.5,40,184,9300,891.9798350334167,39099,39266.96,ONE_POINT,100,100,RANDOM,
truncation_1,0.5,40,185,9350,896.877195596695,38795,39134.36,ONE_POINT,100,100,RANDOM,
truncation_1,0.5,40,186,9400,901.732225894928,38795,38992.13,ONE_POINT,100,100,RANDOM,
truncation_1,0.5,40,187,9450,906.6045987606049,38728,38840.4,ONE_POINT,100,100,RANDOM,
truncation_1,0.5,40,188,9500,911.4012055397034,38620,38748.37,ONE_POINT,100,100,RANDOM,
truncation_1,0.5,40,189,9550,916.2315587997437,38604,38697.13,ONE_POINT,100,100,RANDOM,
truncation_1,0.5,40,190,9600,921.1158921718597,38472,38613.28,ONE_POINT,100,100,RANDOM,
truncation_1,0.5,40,191,9650,926.020233631134,38403,38528.5,ONE_POINT,100,100,RANDOM,
truncation_1,0.5,40,192,9700,930.8465864658356,38398,38460.18,ONE_POINT,100,100,RANDOM,
truncation_1,0.5,40,193,9750,935.7495629787445,38339,38403.16,ONE_POINT,100,100,RANDOM,
truncation_1,0.5,40,194,9800,940.5844161510468,38339,38371.13,ONE_POINT,100,100,RANDOM,
truncation_1,0.5,40,195,9850,945.4033620357513,38249,38329.91,ONE_POINT,100,100,RANDOM,
truncation_1,0.5,40,196,9900,950.3273522853851,38249,38290.68,ONE_POINT,100,100,RANDOM,
truncation_1,0.5,40,197,9950,955.2121002674103,38106,38235.34,ONE_POINT,100,100,RANDOM,
truncation_1,0.5,40,198,10000,960.0799031257629,38106,38182.94,ONE_POINT,100,100,RANDOM,
truncation_1,0.5,40,199,10050,964.9927814006805,38087,38139.13,ONE_POINT,100,100,RANDOM,
truncation_1,0.5,40,200,10100,969.8582055568695,38063,38102.17,ONE_POINT,100,100,RANDOM,
truncation_1,0.5,40,201,10150,974.7148973941803,37969,38073.38,ONE_POINT,100,100,RANDOM,
truncation_1,0.5,40,202,10200,979.5624144077301,37633,37940.9,ONE_POINT,100,100,RANDOM,
truncation_1,0.5,40,203,10250,984.4341878890991,37577,37774.27,ONE_POINT,100,100,RANDOM,
truncation_1,0.5,40,204,10300,989.2847254276276,37565,37657.05,ONE_POINT,100,100,RANDOM,
truncation_1,0.5,40,205,10350,994.1079087257385,37565,37601.73,ONE_POINT,100,100,RANDOM,
truncation_1,0.5,40,206,10400,998.9711277484894,37541,37571.12,ONE_POINT,100,100,RANDOM,
truncation_1,0.5,40,207,10450,1003.8124458789825,37538,37557.44,ONE_POINT,100,100,RANDOM,
truncation_1,0.5,40,208,10500,1008.7102329730988,37496,37541.14,ONE_POINT,100,100,RANDOM,
truncation_1,0.5,40,209,10550,1013.546243429184,37496,37519.12,ONE_POINT,100,100,RANDOM,
truncation_1,0.5,40,210,10600,1018.5276815891266,37496,37506.41,ONE_POINT,100,100,RANDOM,
truncation_1,0.5,40,211,10650,1023.4109692573547,37491,37496.28,ONE_POINT,100,100,RANDOM,
truncation_1,0.5,40,212,10700,1028.3489563465118,37477,37491.81,ONE_POINT,100,100,RANDOM,
truncation_1,0.5,40,213,10750,1033.2705960273743,37308,37462.76,ONE_POINT,100,100,RANDOM,
truncation_1,0.5,40,214,10800,1038.1226811408997,37308,37407.86,ONE_POINT,100,100,RANDOM,
truncation_1,0.5,40,215,10850,1043.0240087509155,37308,37366.18,ONE_POINT,100,100,RANDOM,
truncation_1,0.5,40,216,10900,1047.9281179904938,37252,37297.0,ONE_POINT,100,100,RANDOM,
truncation_1,0.5,40,217,10950,1052.8197631835938,37232,37266.83,ONE_POINT,100,100,RANDOM,
truncation_1,0.5,40,218,11000,1057.7255415916443,37137,37219.35,ONE_POINT,100,100,RANDOM,
truncation_1,0.5,40,219,11050,1062.6173639297485,36960,37140.42,ONE_POINT,100,100,RANDOM,
truncation_1,0.5,40,220,11100,1067.5396666526794,36911,37061.02,ONE_POINT,100,100,RANDOM,
truncation_1,0.5,40,221,11150,1072.428786277771,36906,36984.04,ONE_POINT,100,100,RANDOM,
truncation_1,0.5,40,222,11200,1077.3087840080261,36899,36930.35,ONE_POINT,100,100,RANDOM,
truncation_1,0.5,40,223,11250,1082.1680264472961,36898,36908.68,ONE_POINT,100,100,RANDOM,
truncation_1,0.5,40,224,11300,1087.0905621051788,36859,36894.81,ONE_POINT,100,100,RANDOM,
truncation_1,0.5,40,225,11350,1091.8994522094727,36848,36883.38,ONE_POINT,100,100,RANDOM,
truncation_1,0.5,40,226,11400,1096.8407719135284,36836,36867.01,ONE_POINT,100,100,RANDOM,
truncation_1,0.5,40,227,11450,1101.7209753990173,36829,36848.15,ONE_POINT,100,100,RANDOM,
truncation_1,0.5,40,228,11500,1106.598797082901,36810,36834.19,ONE_POINT,100,100,RANDOM,
truncation_1,0.5,40,229,11550,1111.521012544632,36809,36822.06,ONE_POINT,100,100,RANDOM,
truncation_1,0.5,40,230,11600,1116.3959550857544,36805,36815.93,ONE_POINT,100,100,RANDOM,
truncation_1,0.5,40,231,11650,1121.2500972747803,36797,36809.04,ONE_POINT,100,100,RANDOM,
truncation_1,0.5,40,232,11700,1126.0869808197021,36765,36798.81,ONE_POINT,100,100,RANDOM,
truncation_1,0.5,40,233,11750,1130.976494550705,36765,36786.9,ONE_POINT,100,100,RANDOM,
truncation_1,0.5,40,234,11800,1135.8592779636383,36671,36765.42,ONE_POINT,100,100,RANDOM,
truncation_1,0.5,40,235,11850,1140.7586510181427,36671,36733.86,ONE_POINT,100,100,RANDOM,
truncation_1,0.5,40,236,11900,1145.796859741211,36464,36667.79,ONE_POINT,100,100,RANDOM,
truncation_1,0.5,40,237,11950,1150.6694791316986,36417,36567.33,ONE_POINT,100,100,RANDOM,
truncation_1,0.5,40,238,12000,1155.5264372825623,36417,36490.03,ONE_POINT,100,100,RANDOM,
truncation_1,0.5,40,239,12050,1160.3683331012726,36413,36443.61,ONE_POINT,100,100,RANDOM,
truncation_1,0.5,40,240,12100,1165.2548003196716,36378,36419.89,ONE_POINT,100,100,RANDOM,
truncation_1,0.5,40,241,12150,1170.0578615665436,36378,36403.31,ONE_POINT,100,100,RANDOM,
truncation_1,0.5,40,242,12200,1174.888546705246,36300,36382.22,ONE_POINT,100,100,RANDOM,
truncation_1,0.5,40,243,12250,1179.7590200901031,36252,36343.77,ONE_POINT,100,100,RANDOM,
truncation_1,0.5,40,244,12300,1184.5943455696106,36249,36301.81,ONE_POINT,100,100,RANDOM,
truncation_1,0.5,40,245,12350,1189.4379498958588,36192,36250.18,ONE_POINT,100,100,RANDOM,
truncation_1,0.5,40,246,12400,1194.3548336029053,36187,36219.0,ONE_POINT,100,100,RANDOM,
truncation_1,0.5,40,247,12450,1199.2650418281555,36109,36195.83,ONE_POINT,100,100,RANDOM,
truncation_1,0.5,40,248,12500,1204.1473202705383,36080,36160.33,ONE_POINT,100,100,RANDOM,
truncation_1,0.5,40,249,12550,1209.0647854804993,36046,36118.97,ONE_POINT,100,100,RANDOM,
truncation_1,0.5,40,250,12600,1213.931795835495,36046,36077.64,ONE_POINT,100,100,RANDOM,
truncation_1,0.5,40,251,12650,1218.8280110359192,36033,36054.38,ONE_POINT,100,100,RANDOM,
truncation_1,0.5,40,252,12700,1223.7497522830963,35983,36028.44,ONE_POINT,100,100,RANDOM,
truncation_1,0.5,40,253,12750,1228.5970630645752,35904,36006.08,ONE_POINT,100,100,RANDOM,
truncation_1,0.5,40,254,12800,1233.4842648506165,35880,35965.92,ONE_POINT,100,100,RANDOM,
truncation_1,0.5,40,255,12850,1238.3507289886475,35878,35933.97,ONE_POINT,100,100,RANDOM,
truncation_1,0.5,40,256,12900,1243.183785200119,35846,35897.23,ONE_POINT,100,100,RANDOM,
truncation_1,0.5,40,257,12950,1248.0177228450775,35846,35872.08,ONE_POINT,100,100,RANDOM,
truncation_1,0.5,40,258,13000,1252.8432822227478,35834,35856.95,ONE_POINT,100,100,RANDOM,
truncation_1,0.5,40,259,13050,1257.6870317459106,35834,35846.73,ONE_POINT,100,100,RANDOM,
truncation_1,0.5,40,260,13100,1262.5386984348297,35758,35825.68,ONE_POINT,100,100,RANDOM,
truncation_1,0.5,40,261,13150,1267.5315725803375,35755,35805.49,ONE_POINT,100,100,RANDOM,
truncation_1,0.5,40,262,13200,1272.3824813365936,35755,35783.75,ONE_POINT,100,100,RANDOM,
truncation_1,0.5,40,263,13250,1277.273860692978,35738,35760.2,ONE_POINT,100,100,RANDOM,
truncation_1,0.5,40,264,13300,1282.17959523201,35728,35748.2,ONE_POINT,100,100,RANDOM,
truncation_1,0.5,40,265,13350,1287.041442155838,35728,35740.4,ONE_POINT,100,100,RANDOM,
truncation_1,0.5,40,266,13400,1291.930587530136,35711,35732.04,ONE_POINT,100,100,RANDOM,
truncation_1,0.5,40,267,13450,1296.799588918686,35711,35723.89,ONE_POINT,100,100,RANDOM,
truncation_1,0.5,40,268,13500,1301.7056851387024,35704,35715.98,ONE_POINT,100,100,RANDOM,
truncation_1,0.5,40,269,13550,1306.6854984760284,35704,35710.52,ONE_POINT,100,100,RANDOM,
truncation_1,0.5,40,270,13600,1311.5873429775238,35630,35697.8,ONE_POINT,100,100,RANDOM,
truncation_1,0.5,40,271,13650,1316.4812994003296,35630,35678.52,ONE_POINT,100,100,RANDOM,
truncation_1,0.5,40,272,13700,1321.3559391498566,35630,35655.88,ONE_POINT,100,100,RANDOM,
truncation_1,0.5,40,273,13750,1326.2905268669128,35624,35635.37,ONE_POINT,100,100,RANDOM,
truncation_1,0.5,40,274,13800,1331.1705584526062,35605,35628.0,ONE_POINT,100,100,RANDOM,
truncation_1,0.5,40,275,13850,1336.0626878738403,35605,35620.88,ONE_POINT,100,100,RANDOM,
truncation_1,0.5,40,276,13900,1340.916955947876,35589,35614.47,ONE_POINT,100,100,RANDOM,
truncation_1,0.5,40,277,13950,1345.7162036895752,35589,35605.17,ONE_POINT,100,100,RANDOM,
truncation_1,0.5,40,278,14000,1350.5688621997833,35528,35583.76,ONE_POINT,100,100,RANDOM,
truncation_1,0.5,40,279,14050,1355.455001115799,35528,35561.52,ONE_POINT,100,100,RANDOM,
truncation_1,0.5,40,280,14100,1360.3384318351746,35528,35545.32,ONE_POINT,100,100,RANDOM,
truncation_1,0.5,40,281,14150,1365.1758332252502,35428,35517.02,ONE_POINT,100,100,RANDOM,
truncation_1,0.5,40,282,14200,1370.0504784584045,35405,35480.57,ONE_POINT,100,100,RANDOM,
truncation_1,0.5,40,283,14250,1374.832726240158,35405,35452.73,ONE_POINT,100,100,RANDOM,
truncation_1,0.5,40,284,14300,1379.6017682552338,35346,35412.12,ONE_POINT,100,100,RANDOM,
truncation_1,0.5,40,285,14350,1384.3664319515228,35346,35384.22,ONE_POINT,100,100,RANDOM,
truncation_1,0.5,40,286,14400,1389.1163358688354,35340,35363.9,ONE_POINT,100,100,RANDOM,
truncation_1,0.5,40,287,14450,1393.8308079242706,35327,35346.56,ONE_POINT,100,100,RANDOM,
truncation_1,0.5,40,288,14500,1398.6034882068634,35314,35337.83,ONE_POINT,100,100,RANDOM,
truncation_1,0.5,40,289,14550,1403.3297698497772,35256,35321.73,ONE_POINT,100,100,RANDOM,
truncation_1,0.5,40,290,14600,1408.049315214157,35256,35299.46,ONE_POINT,100,100,RANDOM,
truncation_1,0.5,40,291,14650,1412.7389659881592,35160,35277.77,ONE_POINT,100,100,RANDOM,
truncation_1,0.5,40,292,14700,1417.513956785202,35105,35208.32,ONE_POINT,100,100,RANDOM,
truncation_1,0.5,40,293,14750,1422.2627310752869,35105,35163.56,ONE_POINT,100,100,RANDOM,
truncation_1,0.5,40,294,14800,1427.0875420570374,35097,35118.95,ONE_POINT,100,100,RANDOM,
truncation_1,0.5,40,295,14850,1431.801493883133,35095,35102.31,ONE_POINT,100,100,RANDOM,
truncation_1,0.5,40,296,14900,1436.5642383098602,35094,35099.14,ONE_POINT,100,100,RANDOM,
truncation_1,0.5,40,297,14950,1441.2771928310394,35094,35097.12,ONE_POINT,100,100,RANDOM,
truncation_1,0.5,40,298,15000,1446.0680327415466,35016,35086.26,ONE_POINT,100,100,RANDOM,
truncation_1,0.5,40,299,15050,1450.8695735931396,35004,35064.99,ONE_POINT,100,100,RANDOM,
truncation_1,0.5,40,300,15100,1455.6564540863037,34997,35032.18,ONE_POINT,100,100,RANDOM,
truncation_1,0.5,40,301,15150,1460.389080286026,34997,35006.57,ONE_POINT,100,100,RANDOM,
truncation_1,0.5,40,302,15200,1465.2805664539337,34992,35001.1,ONE_POINT,100,100,RANDOM,
truncation_1,0.5,40,303,15250,1469.9965829849243,34984,34994.89,ONE_POINT,100,100,RANDOM,
truncation_1,0.5,40,304,15300,1474.7776906490326,34972,34989.39,ONE_POINT,100,100,RANDOM,
truncation_1,0.5,40,305,15350,1479.5612404346466,34959,34982.71,ONE_POINT,100,100,RANDOM,
truncation_1,0.5,40,306,15400,1484.3991870880127,34889,34966.99,ONE_POINT,100,100,RANDOM,
truncation_1,0.5,40,307,15450,1489.1214444637299,34880,34944.68,ONE_POINT,100,100,RANDOM,
truncation_1,0.5,40,308,15500,1493.9366223812103,34880,34916.05,ONE_POINT,100,100,RANDOM,
truncation_1,0.5,40,309,15550,1498.6790204048157,34825,34894.19,ONE_POINT,100,100,RANDOM,
truncation_1,0.5,40,310,15600,1503.3897488117218,34797,34858.8,ONE_POINT,100,100,RANDOM,
truncation_1,0.5,40,311,15650,1508.1321935653687,34787,34834.98,ONE_POINT,100,100,RANDOM,
truncation_1,0.5,40,312,15700,1512.8373398780823,34752,34811.81,ONE_POINT,100,100,RANDOM,
truncation_1,0.5,40,313,15750,1517.5918130874634,34737,34788.72,ONE_POINT,100,100,RANDOM,
truncation_1,0.5,40,314,15800,1522.3094499111176,34734,34762.91,ONE_POINT,100,100,RANDOM,
truncation_1,0.5,40,315,15850,1527.0131928920746,34619,34732.37,ONE_POINT,100,100,RANDOM,
truncation_1,0.5,40,316,15900,1531.7459523677826,34599,34691.32,ONE_POINT,100,100,RANDOM,
truncation_1,0.5,40,317,15950,1536.4812104701996,34599,34650.67,ONE_POINT,100,100,RANDOM,
truncation_1,0.5,40,318,16000,1541.214840888977,34599,34621.71,ONE_POINT,100,100,RANDOM,
truncation_1,0.5,40,319,16050,1545.969079732895,34573,34600.84,ONE_POINT,100,100,RANDOM,
truncation_1,0.5,40,320,16100,1550.7238898277283,34563,34588.6,ONE_POINT,100,100,RANDOM,
truncation_1,0.5,40,321,16150,1555.5757405757904,34563,34580.6,ONE_POINT,100,100,RANDOM,
truncation_1,0.5,40,322,16200,1560.4124691486359,34545,34567.76,ONE_POINT,100,100,RANDOM,
truncation_1,0.5,40,323,16250,1565.2660303115845,34545,34556.56,ONE_POINT,100,100,RANDOM,
truncation_1,0.5,40,324,16300,1570.1245033740997,34539,34550.34,ONE_POINT,100,100,RANDOM,
truncation_1,0.5,40,325,16350,1574.8109984397888,34467,34532.28,ONE_POINT,100,100,RANDOM,
truncation_1,0.5,40,326,16400,1579.6431455612183,34437,34503.21,ONE_POINT,100,100,RANDOM,
truncation_1,0.5,40,327,16450,1584.3728268146515,34346,34458.87,ONE_POINT,100,100,RANDOM,
truncation_1,0.5,40,328,16500,1589.1647508144379,34346,34408.56,ONE_POINT,100,100,RANDOM,
truncation_1,0.5,40,329,16550,1593.8805651664734,34346,34368.86,ONE_POINT,100,100,RANDOM,
truncation_1,0.5,40,330,16600,1598.6407709121704,34311,34346.84,ONE_POINT,100,100,RANDOM,
truncation_1,0.5,40,331,16650,1603.3090748786926,34302,34330.81,ONE_POINT,100,100,RANDOM,
truncation_1,0.5,40,332,16700,1608.2206614017487,34296,34316.47,ONE_POINT,100,100,RANDOM,
truncation_1,0.5,40,333,16750,1612.9620368480682,34276,34301.24,ONE_POINT,100,100,RANDOM,
truncation_1,0.5,40,334,16800,1617.767275094986,34250,34286.94,ONE_POINT,100,100,RANDOM,
truncation_1,0.5,40,335,16850,1622.7680218219757,34250,34275.29,ONE_POINT,100,100,RANDOM,
truncation_1,0.5,40,336,16900,1627.570523262024,34231,34261.58,ONE_POINT,100,100,RANDOM,
truncation_1,0.5,40,337,16950,1632.3118162155151,34221,34249.72,ONE_POINT,100,100,RANDOM,
truncation_1,0.5,40,338,17000,1637.079100370407,34221,34238.89,ONE_POINT,100,100,RANDOM,
truncation_1,0.5,40,339,17050,1641.7936749458313,34199,34228.26,ONE_POINT,100,100,RANDOM,
truncation_1,0.5,40,340,17100,1646.5003995895386,34199,34215.03,ONE_POINT,100,100,RANDOM,
truncation_1,0.5,40,341,17150,1651.3223686218262,34199,34206.18,ONE_POINT,100,100,RANDOM,
truncation_1,0.5,40,342,17200,1656.0687572956085,34190,34198.69,ONE_POINT,100,100,RANDOM,
truncation_1,0.5,40,343,17250,1660.881629228592,34190,34195.61,ONE_POINT,100,100,RANDOM,
truncation_1,0.5,40,344,17300,1665.6120896339417,34182,34193.43,ONE_POINT,100,100,RANDOM,
truncation_1,0.5,40,345,17350,1670.4183368682861,34164,34184.58,ONE_POINT,100,100,RANDOM,
truncation_1,0.5,40,346,17400,1675.1339676380157,34132,34172.4,ONE_POINT,100,100,RANDOM,
truncation_1,0.5,40,347,17450,1679.9565076828003,34132,34156.61,ONE_POINT,100,100,RANDOM,
truncation_1,0.5,40,348,17500,1684.678989648819,34126,34142.07,ONE_POINT,100,100,RANDOM,
truncation_1,0.5,40,349,17550,1689.4721157550812,34124,34133.19,ONE_POINT,100,100,RANDOM,
truncation_1,0.5,40,350,17600,1694.1877810955048,34081,34123.15,ONE_POINT,100,100,RANDOM,
truncation_1,0.5,40,351,17650,1698.9856708049774,34081,34112.16,ONE_POINT,100,100,RANDOM,
truncation_1,0.5,40,352,17700,1703.7189722061157,34081,34097.99,ONE_POINT,100,100,RANDOM,
truncation_1,0.5,40,353,17750,1708.5115852355957,34081,34088.36,ONE_POINT,100,100,RANDOM,
truncation_1,0.5,40,354,17800,1713.1811273097992,34079,34081.21,ONE_POINT,100,100,RANDOM,
truncation_1,0.5,40,355,17850,1717.9271428585052,34056,34077.66,ONE_POINT,100,100,RANDOM,
truncation_1,0.5,40,356,17900,1722.702024936676,34048,34070.02,ONE_POINT,100,100,RANDOM,
truncation_1,0.5,40,357,17950,1727.4133908748627,34046,34060.76,ONE_POINT,100,100,RANDOM,
truncation_1,0.5,40,358,18000,1732.1758253574371,34046,34051.0,ONE_POINT,100,100,RANDOM,
truncation_1,0.5,40,359,18050,1736.8617117404938,34046,34046.92,ONE_POINT,100,100,RANDOM,
truncation_1,0.5,40,360,18100,1741.6685609817505,34035,34044.84,ONE_POINT,100,100,RANDOM,
truncation_1,0.5,40,361,18150,1746.4022297859192,34035,34042.75,ONE_POINT,100,100,RANDOM,
truncation_1,0.5,40,362,18200,1751.1656258106232,33970,34035.23,ONE_POINT,100,100,RANDOM,
truncation_1,0.5,40,363,18250,1755.925359249115,33962,34015.13,ONE_POINT,100,100,RANDOM,
truncation_1,0.5,40,364,18300,1760.6528987884521,33962,33995.66,ONE_POINT,100,100,RANDOM,
truncation_1,0.5,40,365,18350,1765.3848931789398,33962,33975.12,ONE_POINT,100,100,RANDOM,
truncation_1,0.5,40,366,18400,1770.1233325004578,33960,33965.7,ONE_POINT,100,100,RANDOM,
truncation_1,0.5,40,367,18450,1774.9371724128723,33960,33962.3,ONE_POINT,100,100,RANDOM,
truncation_1,0.5,40,368,18500,1779.6840326786041,33960,33960.92,ONE_POINT,100,100,RANDOM,
truncation_1,0.5,40,369,18550,1784.4207978248596,33960,33960.52,ONE_POINT,100,100,RANDOM,
truncation_1,0.5,40,370,18600,1789.1345746517181,33947,33959.54,ONE_POINT,100,100,RANDOM,
truncation_1,0.5,40,371,18650,1793.8642830848694,33943,33956.51,ONE_POINT,100,100,RANDOM,
truncation_1,0.5,40,372,18700,1798.5869691371918,33943,33953.27,ONE_POINT,100,100,RANDOM,
truncation_1,0.5,40,373,18750,1803.285171031952,33943,33949.07,ONE_POINT,100,100,RANDOM,
truncation_1,0.5,40,374,18800,1808.0239279270172,33943,33945.68,ONE_POINT,100,100,RANDOM,
truncation_1,0.5,40,375,18850,1812.7462408542633,33850,33933.52,ONE_POINT,100,100,RANDOM,
truncation_1,0.5,40,376,18900,1817.5171732902527,33797,33898.85,ONE_POINT,100,100,RANDOM,
truncation_1,0.5,40,377,18950,1822.229952096939,33784,33845.08,ONE_POINT,100,100,RANDOM,
truncation_1,0.5,40,378,19000,1826.967080116272,33781,33806.07,ONE_POINT,100,100,RANDOM,
truncation_1,0.5,40,379,19050,1831.7184314727783,33752,33784.08,ONE_POINT,100,100,RANDOM,
truncation_1,0.5,40,380,19100,1836.44380569458,33752,33771.85,ONE_POINT,100,100,RANDOM,
truncation_1,0.5,40,381,19150,1841.1678729057312,33752,33762.8,ONE_POINT,100,100,RANDOM,
truncation_1,0.5,40,382,19200,1845.90039229393,33752,33753.98,ONE_POINT,100,100,RANDOM,
truncation_1,0.5,40,383,19250,1850.6442558765411,33750,33751.93,ONE_POINT,100,100,RANDOM,
truncation_1,0.5,40,384,19300,1855.3391683101654,33750,33751.4,ONE_POINT,100,100,RANDOM,
truncation_1,0.5,40,385,19350,1860.0899431705475,33750,33750.92,ONE_POINT,100,100,RANDOM,
truncation_1,0.5,40,386,19400,1864.910643339157,33747,33750.45,ONE_POINT,100,100,RANDOM,
truncation_1,0.5,40,387,19450,1869.621731519699,33712,33744.74,ONE_POINT,100,100,RANDOM,
truncation_1,0.5,40,388,19500,1874.364905834198,33712,33734.92,ONE_POINT,100,100,RANDOM,
truncation_1,0.5,40,389,19550,1879.0835978984833,33703,33723.51,ONE_POINT,100,100,RANDOM,
truncation_1,0.5,40,390,19600,1883.7993459701538,33606,33702.32,ONE_POINT,100,100,RANDOM,
truncation_1,0.5,40,391,19650,1888.5583736896515,33590,33666.37,ONE_POINT,100,100,RANDOM,
truncation_1,0.5,40,392,19700,1893.278162240982,33590,33636.29,ONE_POINT,100,100,RANDOM,
truncation_1,0.5,40,393,19750,1898.0267717838287,33578,33605.3,ONE_POINT,100,100,RANDOM,
truncation_1,0.5,40,394,19800,1902.7410311698914,33567,33588.65,ONE_POINT,100,100,RANDOM,
truncation_1,0.5,40,395,19850,1907.504558801651,33559,33578.8,ONE_POINT,100,100,RANDOM,
truncation_1,0.5,40,396,19900,1912.214406490326,33550,33567.57,ONE_POINT,100,100,RANDOM,
truncation_1,0.5,40,397,19950,1916.9672586917877,33550,33558.72,ONE_POINT,100,100,RANDOM,
truncation_1,0.5,40,398,20000,1921.722730398178,33550,33555.17,ONE_POINT,100,100,RANDOM,
truncation_1,0.5,40,399,20050,1926.4640002250671,33538,33549.75,ONE_POINT,100,100,RANDOM,
truncation_1,0.5,40,400,20100,1931.2239243984222,33538,33546.14,ONE_POINT,100,100,RANDOM,
truncation_1,0.5,40,401,20150,1935.9533019065857,33535,33543.87,ONE_POINT,100,100,RANDOM,
truncation_1,0.5,40,402,20200,1940.6976659297943,33510,33539.99,ONE_POINT,100,100,RANDOM,
truncation_1,0.5,40,403,20250,1945.4509410858154,33498,33527.97,ONE_POINT,100,100,RANDOM,
truncation_1,0.5,40,404,20300,1950.216537952423,33494,33519.94,ONE_POINT,100,100,RANDOM,
truncation_1,0.5,40,405,20350,1954.940393447876,33494,33511.79,ONE_POINT,100,100,RANDOM,
truncation_1,0.5,40,406,20400,1959.6685984134674,33493,33502.51,ONE_POINT,100,100,RANDOM,
truncation_1,0.5,40,407,20450,1964.3986492156982,33492,33495.04,ONE_POINT,100,100,RANDOM,
truncation_1,0.5,40,408,20500,1969.2028832435608,33464,33489.89,ONE_POINT,100,100,RANDOM,
truncation_1,0.5,40,409,20550,1973.9584493637085,33464,33482.11,ONE_POINT,100,100,RANDOM,
truncation_1,0.5,40,410,20600,1978.709733247757,33456,33473.08,ONE_POINT,100,100,RANDOM,
truncation_1,0.5,40,411,20650,1983.5156593322754,33456,33464.98,ONE_POINT,100,100,RANDOM,
truncation_1,0.5,40,412,20700,1988.2694318294525,33434,33456.89,ONE_POINT,100,100,RANDOM,
truncation_1,0.5,40,413,20750,1993.029459953308,33434,33448.62,ONE_POINT,100,100,RANDOM,
truncation_1,0.5,40,414,20800,1997.7481887340546,33432,33443.02,ONE_POINT,100,100,RANDOM,
truncation_1,0.5,40,415,20850,2002.545780658722,33404,33435.46,ONE_POINT,100,100,RANDOM,
truncation_1,0.5,40,416,20900,2007.2886226177216,33389,33423.03,ONE_POINT,100,100,RANDOM,
truncation_1,0.5,40,417,20950,2012.113487958908,33381,33412.83,ONE_POINT,100,100,RANDOM,
truncation_1,0.5,40,418,21000,2016.8572480678558,33371,33402.49,ONE_POINT,100,100,RANDOM,
truncation_1,0.5,40,419,21050,2021.6099252700806,33371,33388.36,ONE_POINT,100,100,RANDOM,
truncation_1,0.5,40,420,21100,2026.3490507602692,33371,33380.47,ONE_POINT,100,100,RANDOM,
truncation_1,0.5,40,421,21150,2031.1414425373077,33371,33374.32,ONE_POINT,100,100,RANDOM,
truncation_1,0.5,40,422,21200,2035.895527124405,33371,33371.42,ONE_POINT,100,100,RANDOM,
truncation_1,0.5,40,423,21250,2040.645395040512,33370,33370.83,ONE_POINT,100,100,RANDOM,
truncation_1,0.5,40,424,21300,2045.4077932834625,33370,33370.67,ONE_POINT,100,100,RANDOM,
truncation_1,0.5,40,425,21350,2050.1409215927124,33361,33369.93,ONE_POINT,100,100,RANDOM,
truncation_1,0.5,40,426,21400,2054.896899700165,33361,33367.61,ONE_POINT,100,100,RANDOM,
truncation_1,0.5,40,427,21450,2059.606470823288,33361,33365.03,ONE_POINT,100,100,RANDOM,
truncation_1,0.5,40,428,21500,2064.296735048294,33353,33362.8,ONE_POINT,100,100,RANDOM,
truncation_1,0.5,40,429,21550,2069.1834025382996,33326,33355.17,ONE_POINT,100,100,RANDOM,
truncation_1,0.5,40,430,21600,2073.8759677410126,33323,33348.1,ONE_POINT,100,100,RANDOM,
truncation_1,0.5,40,431,21650,2078.636864900589,33323,33341.88,ONE_POINT,100,100,RANDOM,
truncation_1,0.5,40,432,21700,2083.329734325409,33322,33333.65,ONE_POINT,100,100,RANDOM,
truncation_1,0.5,40,433,21750,2088.028085231781,33318,33324.82,ONE_POINT,100,100,RANDOM,
truncation_1,0.5,40,434,21800,2092.808660030365,33318,33321.15,ONE_POINT,100,100,RANDOM,
truncation_1,0.5,40,435,21850,2097.623162508011,33307,33317.21,ONE_POINT,100,100,RANDOM,
truncation_1,0.5,40,436,21900,2102.4081070423126,33293,33312.17,ONE_POINT,100,100,RANDOM,
truncation_1,0.5,40,437,21950,2107.267477989197,33289,33305.92,ONE_POINT,100,100,RANDOM,
truncation_1,0.5,40,438,22000,2112.009779691696,33289,33299.4,ONE_POINT,100,100,RANDOM,
truncation_1,0.5,40,439,22050,2116.803650856018,33288,33293.71,ONE_POINT,100,100,RANDOM,
truncation_1,0.5,40,440,22100,2121.4957666397095,33286,33289.72,ONE_POINT,100,100,RANDOM,
truncation_1,0.5,40,441,22150,2126.2610268592834,33286,33287.73,ONE_POINT,100,100,RANDOM,
truncation_1,0.5,40,442,22200,2131.035422563553,33281,33286.17,ONE_POINT,100,100,RANDOM,
truncation_1,0.5,40,443,22250,2135.7287859916687,33268,33280.84,ONE_POINT,100,100,RANDOM,
truncation_1,0.5,40,444,22300,2140.449149131775,33266,33274.49,ONE_POINT,100,100,RANDOM,
truncation_1,0.5,40,445,22350,2145.174413919449,33258,33268.3,ONE_POINT,100,100,RANDOM,
truncation_1,0.5,40,446,22400,2149.917666912079,33213,33259.47,ONE_POINT,100,100,RANDOM,
truncation_1,0.5,40,447,22450,2154.6115221977234,33171,33236.51,ONE_POINT,100,100,RANDOM,
truncation_1,0.5,40,448,22500,2159.413386821747,33171,33216.54,ONE_POINT,100,100,RANDOM,
truncation_1,0.5,40,449,22550,2164.114802122116,33169,33191.79,ONE_POINT,100,100,RANDOM,
truncation_1,0.5,40,450,22600,2168.956321001053,33169,33173.08,ONE_POINT,100,100,RANDOM,
truncation_1,0.5,40,451,22650,2174.1290175914764,33166,33169.36,ONE_POINT,100,100,RANDOM,
truncation_1,0.5,40,452,22700,2178.8708140850067,33162,33167.69,ONE_POINT,100,100,RANDOM,
truncation_1,0.5,40,453,22750,2183.6327016353607,33162,33166.01,ONE_POINT,100,100,RANDOM,
truncation_1,0.5,40,454,22800,2188.414185523987,33122,33163.95,ONE_POINT,100,100,RANDOM,
truncation_1,0.5,40,455,22850,2193.16356754303,33122,33152.83,ONE_POINT,100,100,RANDOM,
truncation_1,0.5,40,456,22900,2197.8521358966827,33107,33139.02,ONE_POINT,100,100,RANDOM,
truncation_1,0.5,40,457,22950,2202.5789744853973,33107,33128.31,ONE_POINT,100,100,RANDOM,
truncation_1,0.5,40,458,23000,2207.327481985092,33104,33112.79,ONE_POINT,100,100,RANDOM,
truncation_1,0.5,40,459,23050,2212.079666376114,33103,33107.16,ONE_POINT,100,100,RANDOM,
truncation_1,0.5,40,460,23100,2216.834663629532,33103,33104.98,ONE_POINT,100,100,RANDOM,
truncation_1,0.5,40,461,23150,2221.582430124283,33076,33102.85,ONE_POINT,100,100,RANDOM,
truncation_1,0.5,40,462,23200,2226.4233949184418,33059,33091.46,ONE_POINT,100,100,RANDOM,
truncation_1,0.5,40,463,23250,2231.204306602478,33048,33075.03,ONE_POINT,100,100,RANDOM,
truncation_1,0.5,40,464,23300,2235.9484214782715,33045,33061.32,ONE_POINT,100,100,RANDOM,
truncation_1,0.5,40,465,23350,2240.671070098877,33045,33053.23,ONE_POINT,100,100,RANDOM,
truncation_1,0.5,40,466,23400,2245.368885755539,33043,33048.44,ONE_POINT,100,100,RANDOM,
truncation_1,0.5,40,467,23450,2250.1005425453186,33019,33042.11,ONE_POINT,100,100,RANDOM,
truncation_1,0.5,40,468,23500,2254.8582994937897,33016,33035.48,ONE_POINT,100,100,RANDOM,
truncation_1,0.5,40,469,23550,2259.6182556152344,33016,33028.03,ONE_POINT,100,100,RANDOM,
truncation_1,0.5,40,470,23600,2264.3765387535095,33016,33022.54,ONE_POINT,100,100,RANDOM,
truncation_1,0.5,40,471,23650,2269.1266446113586,33014,33016.0,ONE_POINT,100,100,RANDOM,
truncation_1,0.5,40,472,23700,2273.8405220508575,32943,33009.89,ONE_POINT,100,100,RANDOM,
truncation_1,0.5,40,473,23750,2278.5820174217224,32937,32991.38,ONE_POINT,100,100,RANDOM,
truncation_1,0.5,40,474,23800,2283.4223415851593,32937,32970.86,ONE_POINT,100,100,RANDOM,
truncation_1,0.5,40,475,23850,2288.2020630836487,32937,32947.43,ONE_POINT,100,100,RANDOM,
truncation_1,0.5,40,476,23900,2292.9790527820587,32937,32937.84,ONE_POINT,100,100,RANDOM,
truncation_1,0.5,40,477,23950,2297.7487292289734,32885,32932.32,ONE_POINT,100,100,RANDOM,
truncation_1,0.5,40,478,24000,2302.422725200653,32885,32920.88,ONE_POINT,100,100,RANDOM,
truncation_1,0.5,40,479,24050,2307.214818716049,32855,32898.28,ONE_POINT,100,100,RANDOM,
truncation_1,0.5,40,480,24100,2311.988630056381,32830,32873.22,ONE_POINT,100,100,RANDOM,
truncation_1,0.5,40,481,24150,2316.7171680927277,32830,32855.94,ONE_POINT,100,100,RANDOM,
truncation_1,0.5,40,482,24200,2321.4589791297913,32830,32842.59,ONE_POINT,100,100,RANDOM,
truncation_1,0.5,40,483,24250,2326.2339267730713,32825,32834.3,ONE_POINT,100,100,RANDOM,
truncation_1,0.5,40,484,24300,2330.935941696167,32825,32828.96,ONE_POINT,100,100,RANDOM,
truncation_1,0.5,40,485,24350,2335.7433512210846,32825,32827.68,ONE_POINT,100,100,RANDOM,
truncation_1,0.5,40,486,24400,2340.490525007248,32823,32826.42,ONE_POINT,100,100,RANDOM,
truncation_1,0.5,40,487,24450,2345.2793073654175,32823,32824.74,ONE_POINT,100,100,RANDOM,
truncation_1,0.5,40,488,24500,2350.035937309265,32823,32823.78,ONE_POINT,100,100,RANDOM,
truncation_1,0.5,40,489,24550,2354.738140821457,32818,32822.54,ONE_POINT,100,100,RANDOM,
truncation_1,0.5,40,490,24600,2359.4973969459534,32818,32821.08,ONE_POINT,100,100,RANDOM,
truncation_1,0.5,40,491,24650,2364.238824367523,32818,32819.94,ONE_POINT,100,100,RANDOM,
truncation_1,0.5,40,492,24700,2368.985919713974,32816,32818.57,ONE_POINT,100,100,RANDOM,
truncation_1,0.5,40,493,24750,2373.6899485588074,32815,32817.31,ONE_POINT,100,100,RANDOM,
truncation_1,0.5,40,494,24800,2378.39195895195,32814,32816.48,ONE_POINT,100,100,RANDOM,
truncation_1,0.5,40,495,24850,2383.1382143497467,32814,32815.68,ONE_POINT,100,100,RANDOM,
truncation_1,0.5,40,496,24900,2387.875547885895,32814,32814.66,ONE_POINT,100,100,RANDOM,
truncation_1,0.5,40,497,24950,2392.634798526764,32814,32814.13,ONE_POINT,100,100,RANDOM,
truncation_1,0.5,40,498,25000,2397.389290332794,32814,32814.0,ONE_POINT,100,100,RANDOM,
truncation_1,0.5,40,499,25050,2402.0902411937714,32814,32814.0,ONE_POINT,100,100,RANDOM,
truncation_1,0.5,40,500,25100,2406.8812823295593,32771,32809.39,ONE_POINT,100,100,RANDOM,
truncation_1,0.5,60,1,150,4.586429119110107,130077,138286.85,ONE_POINT,100,100,RANDOM,
truncation_1,0.5,60,2,200,9.294090509414673,128021,130392.2,ONE_POINT,100,100,RANDOM,
truncation_1,0.5,60,3,250,14.01438593864441,125526,128416.4,ONE_POINT,100,100,RANDOM,
truncation_1,0.5,60,4,300,18.769087553024292,122618,125875.95,ONE_POINT,100,100,RANDOM,
truncation_1,0.5,60,5,350,23.51924180984497,119913,122865.03,ONE_POINT,100,100,RANDOM,
truncation_1,0.5,60,6,400,28.26010775566101,118483,120497.6,ONE_POINT,100,100,RANDOM,
truncation_1,0.5,60,7,450,33.010324001312256,117219,118825.92,ONE_POINT,100,100,RANDOM,
truncation_1,0.5,60,8,500,37.7486686706543,113252,116846.07,ONE_POINT,100,100,RANDOM,
truncation_1,0.5,60,9,550,42.4848952293396,110342,113878.41,ONE_POINT,100,100,RANDOM,
truncation_1,0.5,60,10,600,47.25628066062927,108278,110873.16,ONE_POINT,100,100,RANDOM,
truncation_1,0.5,60,11,650,52.088411808013916,105363,108443.54,ONE_POINT,100,100,RANDOM,
truncation_1,0.5,60,12,700,56.819993019104004,103235,106016.19,ONE_POINT,100,100,RANDOM,
truncation_1,0.5,60,13,750,61.600409507751465,102233,103787.58,ONE_POINT,100,100,RANDOM,
truncation_1,0.5,60,14,800,66.3118748664856,100576,102267.0,ONE_POINT,100,100,RANDOM,
truncation_1,0.5,60,15,850,71.04006886482239,99373,100983.55,ONE_POINT,100,100,RANDOM,
truncation_1,0.5,60,16,900,75.7743546962738,98399,99637.27,ONE_POINT,100,100,RANDOM,
truncation_1,0.5,60,17,950,80.58654618263245,97852,98689.27,ONE_POINT,100,100,RANDOM,
truncation_1,0.5,60,18,1000,85.3414978981018,94374,97294.19,ONE_POINT,100,100,RANDOM,
truncation_1,0.5,60,19,1050,90.12201285362244,94174,95456.21,ONE_POINT,100,100,RANDOM,
truncation_1,0.5,60,20,1100,94.8195583820343,92700,94059.46,ONE_POINT,100,100,RANDOM,
truncation_1,0.5,60,21,1150,99.62404870986938,91522,93022.01,ONE_POINT,100,100,RANDOM,
truncation_1,0.5,60,22,1200,104.36543250083923,90968,91878.61,ONE_POINT,100,100,RANDOM,
truncation_1,0.5,60,23,1250,109.12063527107239,90137,91165.58,ONE_POINT,100,100,RANDOM,
truncation_1,0.5,60,24,1300,113.94823336601257,89184,90284.41,ONE_POINT,100,100,RANDOM,
truncation_1,0.5,60,25,1350,118.93844318389893,88015,89264.31,ONE_POINT,100,100,RANDOM,
truncation_1,0.5,60,26,1400,123.6733889579773,87203,88319.35,ONE_POINT,100,100,RANDOM,
truncation_1,0.5,60,27,1450,128.39203763008118,86178,87232.23,ONE_POINT,100,100,RANDOM,
truncation_1,0.5,60,28,1500,133.16224765777588,85709,86416.27,ONE_POINT,100,100,RANDOM,
truncation_1,0.5,60,29,1550,137.9003210067749,83824,85232.82,ONE_POINT,100,100,RANDOM,
truncation_1,0.5,60,30,1600,142.62416100502014,82441,84222.46,ONE_POINT,100,100,RANDOM,
truncation_1,0.5,60,31,1650,147.4012484550476,81950,83099.48,ONE_POINT,100,100,RANDOM,
truncation_1,0.5,60,32,1700,152.12820863723755,80345,81811.02,ONE_POINT,100,100,RANDOM,
truncation_1,0.5,60,33,1750,156.86650729179382,79685,80771.26,ONE_POINT,100,100,RANDOM,
truncation_1,0.5,60,34,1800,161.69157338142395,78805,79882.04,ONE_POINT,100,100,RANDOM,
truncation_1,0.5,60,35,1850,166.4802224636078,78239,79212.91,ONE_POINT,100,100,RANDOM,
truncation_1,0.5,60,36,1900,171.19297909736633,77328,78406.04,ONE_POINT,100,100,RANDOM,
truncation_1,0.5,60,37,1950,175.90624165534973,76916,77698.52,ONE_POINT,100,100,RANDOM,
truncation_1,0.5,60,38,2000,180.67705607414246,75785,76918.21,ONE_POINT,100,100,RANDOM,
truncation_1,0.5,60,39,2050,185.41034269332886,74979,76047.03,ONE_POINT,100,100,RANDOM,
truncation_1,0.5,60,40,2100,190.07840847969055,74176,75146.53,ONE_POINT,100,100,RANDOM,
truncation_1,0.5,60,41,2150,194.8144989013672,73830,74411.5,ONE_POINT,100,100,RANDOM,
truncation_1,0.5,60,42,2200,199.55465483665466,73123,73825.74,ONE_POINT,100,100,RANDOM,
truncation_1,0.5,60,43,2250,204.29617547988892,72473,73215.46,ONE_POINT,100,100,RANDOM,
truncation_1,0.5,60,44,2300,209.0310823917389,72333,72746.45,ONE_POINT,100,100,RANDOM,
truncation_1,0.5,60,45,2350,213.75724697113037,70660,72124.61,ONE_POINT,100,100,RANDOM,
truncation_1,0.5,60,46,2400,218.56354689598083,69944,71093.93,ONE_POINT,100,100,RANDOM,
truncation_1,0.5,60,47,2450,223.31003618240356,69292,70106.92,ONE_POINT,100,100,RANDOM,
truncation_1,0.5,60,48,2500,228.03489565849304,68889,69611.18,ONE_POINT,100,100,RANDOM,
truncation_1,0.5,60,49,2550,232.8306269645691,68742,69203.28,ONE_POINT,100,100,RANDOM,
truncation_1,0.5,60,50,2600,237.55912327766418,68478,68841.8,ONE_POINT,100,100,RANDOM,
truncation_1,0.5,60,51,2650,242.33068776130676,68107,68570.42,ONE_POINT,100,100,RANDOM,
truncation_1,0.5,60,52,2700,247.09616827964783,67162,67996.01,ONE_POINT,100,100,RANDOM,
truncation_1,0.5,60,53,2750,251.8540358543396,66734,67363.23,ONE_POINT,100,100,RANDOM,
truncation_1,0.5,60,54,2800,256.5933623313904,66188,66902.31,ONE_POINT,100,100,RANDOM,
truncation_1,0.5,60,55,2850,261.3120005130768,65325,66295.51,ONE_POINT,100,100,RANDOM,
truncation_1,0.5,60,56,2900,266.0279486179352,64634,65690.76,ONE_POINT,100,100,RANDOM,
truncation_1,0.5,60,57,2950,270.7867205142975,64258,64899.14,ONE_POINT,100,100,RANDOM,
truncation_1,0.5,60,58,3000,275.5735881328583,63842,64467.56,ONE_POINT,100,100,RANDOM,
truncation_1,0.5,60,59,3050,280.41887617111206,62518,64023.1,ONE_POINT,100,100,RANDOM,
truncation_1,0.5,60,60,3100,285.23418259620667,61983,63170.62,ONE_POINT,100,100,RANDOM,
truncation_1,0.5,60,61,3150,289.98374605178833,61695,62327.57,ONE_POINT,100,100,RANDOM,
truncation_1,0.5,60,62,3200,294.730544090271,61430,61743.76,ONE_POINT,100,100,RANDOM,
truncation_1,0.5,60,63,3250,299.49862027168274,61243,61515.06,ONE_POINT,100,100,RANDOM,
truncation_1,0.5,60,64,3300,304.3134014606476,61126,61353.4,ONE_POINT,100,100,RANDOM,
truncation_1,0.5,60,65,3350,309.0448362827301,60554,61087.3,ONE_POINT,100,100,RANDOM,
truncation_1,0.5,60,66,3400,313.7659068107605,60479,60810.96,ONE_POINT,100,100,RANDOM,
truncation_1,0.5,60,67,3450,318.4443573951721,60195,60493.7,ONE_POINT,100,100,RANDOM,
truncation_1,0.5,60,68,3500,323.2170159816742,59876,60262.92,ONE_POINT,100,100,RANDOM,
truncation_1,0.5,60,69,3550,327.92859649658203,59595,60039.73,ONE_POINT,100,100,RANDOM,
truncation_1,0.5,60,70,3600,332.63546919822693,59168,59758.65,ONE_POINT,100,100,RANDOM,
truncation_1,0.5,60,71,3650,337.35568475723267,58399,59340.23,ONE_POINT,100,100,RANDOM,
truncation_1,0.5,60,72,3700,342.086305141449,58195,58831.39,ONE_POINT,100,100,RANDOM,
truncation_1,0.5,60,73,3750,346.884840965271,58168,58472.09,ONE_POINT,100,100,RANDOM,
truncation_1,0.5,60,74,3800,351.6082966327667,58071,58221.89,ONE_POINT,100,100,RANDOM,
truncation_1,0.5,60,75,3850,356.4121518135071,57761,58105.64,ONE_POINT,100,100,RANDOM,
truncation_1,0.5,60,76,3900,361.140718460083,57185,57814.59,ONE_POINT,100,100,RANDOM,
truncation_1,0.5,60,77,3950,365.8526041507721,56901,57419.01,ONE_POINT,100,100,RANDOM,
truncation_1,0.5,60,78,4000,370.5739321708679,56873,57064.5,ONE_POINT,100,100,RANDOM,
truncation_1,0.5,60,79,4050,375.31721019744873,56689,56906.95,ONE_POINT,100,100,RANDOM,
truncation_1,0.5,60,80,4100,380.0885899066925,56664,56787.23,ONE_POINT,100,100,RANDOM,
truncation_1,0.5,60,81,4150,384.88379669189453,56386,56651.24,ONE_POINT,100,100,RANDOM,
truncation_1,0.5,60,82,4200,389.61885356903076,55557,56411.66,ONE_POINT,100,100,RANDOM,
truncation_1,0.5,60,83,4250,394.35743403434753,55147,55868.22,ONE_POINT,100,100,RANDOM,
truncation_1,0.5,60,84,4300,399.1721422672272,54776,55312.27,ONE_POINT,100,100,RANDOM,
truncation_1,0.5,60,85,4350,403.90064120292664,54500,54986.11,ONE_POINT,100,100,RANDOM,
truncation_1,0.5,60,86,4400,408.69230222702026,54063,54666.05,ONE_POINT,100,100,RANDOM,
truncation_1,0.5,60,87,4450,413.4520206451416,54058,54402.09,ONE_POINT,100,100,RANDOM,
truncation_1,0.5,60,88,4500,418.245486497879,53661,54165.81,ONE_POINT,100,100,RANDOM,
truncation_1,0.5,60,89,4550,423.04706168174744,53210,53838.72,ONE_POINT,100,100,RANDOM,
truncation_1,0.5,60,90,4600,427.8053066730499,52802,53354.81,ONE_POINT,100,100,RANDOM,
truncation_1,0.5,60,91,4650,432.53729462623596,52424,53001.5,ONE_POINT,100,100,RANDOM,
truncation_1,0.5,60,92,4700,437.23456835746765,52388,52703.02,ONE_POINT,100,100,RANDOM,
truncation_1,0.5,60,93,4750,441.96603417396545,51575,52377.38,ONE_POINT,100,100,RANDOM,
truncation_1,0.5,60,94,4800,446.7026000022888,51034,51977.89,ONE_POINT,100,100,RANDOM,
truncation_1,0.5,60,95,4850,451.4851734638214,50612,51351.52,ONE_POINT,100,100,RANDOM,
truncation_1,0.5,60,96,4900,456.2372713088989,50252,50889.37,ONE_POINT,100,100,RANDOM,
truncation_1,0.5,60,97,4950,460.94989037513733,50230,50510.34,ONE_POINT,100,100,RANDOM,
truncation_1,0.5,60,98,5000,465.73893427848816,50094,50355.41,ONE_POINT,100,100,RANDOM,
truncation_1,0.5,60,99,5050,470.541220664978,50030,50186.83,ONE_POINT,100,100,RANDOM,
truncation_1,0.5,60,100,5100,475.28987431526184,49806,50035.55,ONE_POINT,100,100,RANDOM,
truncation_1,0.5,60,101,5150,480.02144861221313,49726,49896.09,ONE_POINT,100,100,RANDOM,
truncation_1,0.5,60,102,5200,484.7547504901886,49576,49769.92,ONE_POINT,100,100,RANDOM,
truncation_1,0.5,60,103,5250,489.5292227268219,49244,49606.16,ONE_POINT,100,100,RANDOM,
truncation_1,0.5,60,104,5300,494.2275981903076,48939,49366.87,ONE_POINT,100,100,RANDOM,
truncation_1,0.5,60,105,5350,498.9976511001587,48828,49081.68,ONE_POINT,100,100,RANDOM,
truncation_1,0.5,60,106,5400,503.74074625968933,48582,48891.58,ONE_POINT,100,100,RANDOM,
truncation_1,0.5,60,107,5450,508.4961965084076,48523,48719.33,ONE_POINT,100,100,RANDOM,
truncation_1,0.5,60,108,5500,513.2685778141022,48523,48614.51,ONE_POINT,100,100,RANDOM,
truncation_1,0.5,60,109,5550,518.0050187110901,48396,48546.97,ONE_POINT,100,100,RANDOM,
truncation_1,0.5,60,110,5600,522.7207560539246,48236,48442.58,ONE_POINT,100,100,RANDOM,
truncation_1,0.5,60,111,5650,527.4447274208069,48102,48314.62,ONE_POINT,100,100,RANDOM,
truncation_1,0.5,60,112,5700,532.243626832962,47902,48152.73,ONE_POINT,100,100,RANDOM,
truncation_1,0.5,60,113,5750,537.1327741146088,47552,47975.87,ONE_POINT,100,100,RANDOM,
truncation_1,0.5,60,114,5800,541.9043843746185,47486,47753.19,ONE_POINT,100,100,RANDOM,
truncation_1,0.5,60,115,5850,546.6956746578217,47422,47583.95,ONE_POINT,100,100,RANDOM,
truncation_1,0.5,60,116,5900,551.4938900470734,47398,47484.98,ONE_POINT,100,100,RANDOM,
truncation_1,0.5,60,117,5950,556.2333707809448,47314,47421.32,ONE_POINT,100,100,RANDOM,
truncation_1,0.5,60,118,6000,560.9861598014832,47159,47353.54,ONE_POINT,100,100,RANDOM,
truncation_1,0.5,60,119,6050,565.7510902881622,47152,47271.27,ONE_POINT,100,100,RANDOM,
truncation_1,0.5,60,120,6100,570.442197561264,47079,47190.74,ONE_POINT,100,100,RANDOM,
truncation_1,0.5,60,121,6150,575.181250333786,47071,47128.95,ONE_POINT,100,100,RANDOM,
truncation_1,0.5,60,122,6200,579.9480590820312,46946,47065.15,ONE_POINT,100,100,RANDOM,
truncation_1,0.5,60,123,6250,584.7063658237457,46860,46989.41,ONE_POINT,100,100,RANDOM,
truncation_1,0.5,60,124,6300,589.4079566001892,46755,46898.26,ONE_POINT,100,100,RANDOM,
truncation_1,0.5,60,125,6350,594.1549751758575,46461,46765.79,ONE_POINT,100,100,RANDOM,
truncation_1,0.5,60,126,6400,598.8959717750549,46408,46607.81,ONE_POINT,100,100,RANDOM,
truncation_1,0.5,60,127,6450,603.6942398548126,46213,46433.1,ONE_POINT,100,100,RANDOM,
truncation_1,0.5,60,128,6500,608.4729299545288,46211,46340.14,ONE_POINT,100,100,RANDOM,
truncation_1,0.5,60,129,6550,613.2052087783813,46211,46271.03,ONE_POINT,100,100,RANDOM,
truncation_1,0.5,60,130,6600,617.9732623100281,46161,46214.66,ONE_POINT,100,100,RANDOM,
truncation_1,0.5,60,131,6650,622.9114537239075,46046,46173.38,ONE_POINT,100,100,RANDOM,
truncation_1,0.5,60,132,6700,627.7004721164703,46022,46121.89,ONE_POINT,100,100,RANDOM,
truncation_1,0.5,60,133,6750,632.5784373283386,45761,46034.73,ONE_POINT,100,100,RANDOM,
truncation_1,0.5,60,134,6800,637.7070922851562,45382,45853.66,ONE_POINT,100,100,RANDOM,
truncation_1,0.5,60,135,6850,642.735878944397,44912,45519.74,ONE_POINT,100,100,RANDOM,
truncation_1,0.5,60,136,6900,647.7880334854126,44598,45134.54,ONE_POINT,100,100,RANDOM,
truncation_1,0.5,60,137,6950,652.807018995285,44598,44836.98,ONE_POINT,100,100,RANDOM,
truncation_1,0.5,60,138,7000,657.7481756210327,44518,44666.21,ONE_POINT,100,100,RANDOM,
truncation_1,0.5,60,139,7050,662.8231718540192,44478,44567.34,ONE_POINT,100,100,RANDOM,
truncation_1,0.5,60,140,7100,667.8145506381989,44188,44482.15,ONE_POINT,100,100,RANDOM,
truncation_1,0.5,60,141,7150,672.6970472335815,43946,44326.47,ONE_POINT,100,100,RANDOM,
truncation_1,0.5,60,142,7200,677.4403054714203,43909,44134.2,ONE_POINT,100,100,RANDOM,
truncation_1,0.5,60,143,7250,682.2062895298004,43834,43971.39,ONE_POINT,100,100,RANDOM,
truncation_1,0.5,60,144,7300,686.9845311641693,43774,43887.81,ONE_POINT,100,100,RANDOM,
truncation_1,0.5,60,145,7350,691.7039501667023,43567,43804.21,ONE_POINT,100,100,RANDOM,
truncation_1,0.5,60,146,7400,696.4439473152161,43531,43699.09,ONE_POINT,100,100,RANDOM,
truncation_1,0.5,60,147,7450,701.2114026546478,43496,43605.69,ONE_POINT,100,100,RANDOM,
truncation_1,0.5,60,148,7500,705.943445444107,43358,43514.74,ONE_POINT,100,100,RANDOM,
truncation_1,0.5,60,149,7550,710.6863760948181,43298,43429.79,ONE_POINT,100,100,RANDOM,
truncation_1,0.5,60,150,7600,715.4063625335693,42987,43309.22,ONE_POINT,100,100,RANDOM,
truncation_1,0.5,60,151,7650,720.1336154937744,42820,43143.22,ONE_POINT,100,100,RANDOM,
truncation_1,0.5,60,152,7700,724.926970243454,42669,42947.79,ONE_POINT,100,100,RANDOM,
truncation_1,0.5,60,153,7750,729.6347727775574,42557,42785.74,ONE_POINT,100,100,RANDOM,
truncation_1,0.5,60,154,7800,734.3372609615326,42492,42656.2,ONE_POINT,100,100,RANDOM,
truncation_1,0.5,60,155,7850,739.0570476055145,42450,42573.2,ONE_POINT,100,100,RANDOM,
truncation_1,0.5,60,156,7900,743.8175196647644,41849,42356.52,ONE_POINT,100,100,RANDOM,
truncation_1,0.5,60,157,7950,748.5427043437958,41849,42107.02,ONE_POINT,100,100,RANDOM,
truncation_1,0.5,60,158,8000,753.2787718772888,41849,41921.79,ONE_POINT,100,100,RANDOM,
truncation_1,0.5,60,159,8050,758.0068738460541,41849,41856.86,ONE_POINT,100,100,RANDOM,
truncation_1,0.5,60,160,8100,762.7597606182098,41770,41838.6,ONE_POINT,100,100,RANDOM,
truncation_1,0.5,60,161,8150,767.4585423469543,41743,41815.04,ONE_POINT,100,100,RANDOM,
truncation_1,0.5,60,162,8200,772.1800191402435,41641,41772.28,ONE_POINT,100,100,RANDOM,
truncation_1,0.5,60,163,8250,776.8792359828949,41505,41702.36,ONE_POINT,100,100,RANDOM,
truncation_1,0.5,60,164,8300,781.6450741291046,41452,41602.51,ONE_POINT,100,100,RANDOM,
truncation_1,0.5,60,165,8350,786.403538942337,41438,41523.9,ONE_POINT,100,100,RANDOM,
truncation_1,0.5,60,166,8400,791.1398038864136,41219,41424.21,ONE_POINT,100,100,RANDOM,
truncation_1,0.5,60,167,8450,795.8361444473267,41064,41322.4,ONE_POINT,100,100,RANDOM,
truncation_1,0.5,60,168,8500,800.600022315979,40999,41163.77,ONE_POINT,100,100,RANDOM,
truncation_1,0.5,60,169,8550,805.3701138496399,40960,41047.51,ONE_POINT,100,100,RANDOM,
truncation_1,0.5,60,170,8600,810.1011900901794,40885,40979.43,ONE_POINT,100,100,RANDOM,
truncation_1,0.5,60,171,8650,814.8129317760468,40885,40946.97,ONE_POINT,100,100,RANDOM,
truncation_1,0.5,60,172,8700,819.6213035583496,40783,40904.5,ONE_POINT,100,100,RANDOM,
truncation_1,0.5,60,173,8750,824.3552594184875,40783,40852.12,ONE_POINT,100,100,RANDOM,
truncation_1,0.5,60,174,8800,829.0800406932831,40754,40809.62,ONE_POINT,100,100,RANDOM,
truncation_1,0.5,60,175,8850,833.8084926605225,40754,40777.73,ONE_POINT,100,100,RANDOM,
truncation_1,0.5,60,176,8900,838.5801904201508,40740,40764.02,ONE_POINT,100,100,RANDOM,
truncation_1,0.5,60,177,8950,843.3712093830109,40664,40744.68,ONE_POINT,100,100,RANDOM,
truncation_1,0.5,60,178,9000,848.1194944381714,40557,40695.64,ONE_POINT,100,100,RANDOM,
truncation_1,0.5,60,179,9050,852.8709437847137,40557,40645.41,ONE_POINT,100,100,RANDOM,
truncation_1,0.5,60,180,9100,857.6006121635437,40556,40601.19,ONE_POINT,100,100,RANDOM,
truncation_1,0.5,60,181,9150,862.3542606830597,40545,40566.85,ONE_POINT,100,100,RANDOM,
truncation_1,0.5,60,182,9200,867.0677714347839,40545,40554.69,ONE_POINT,100,100,RANDOM,
truncation_1,0.5,60,183,9250,871.76891040802,40512,40548.76,ONE_POINT,100,100,RANDOM,
truncation_1,0.5,60,184,9300,876.506233215332,40266,40513.15,ONE_POINT,100,100,RANDOM,
truncation_1,0.5,60,185,9350,881.303427696228,40266,40420.41,ONE_POINT,100,100,RANDOM,
truncation_1,0.5,60,186,9400,886.031266450882,40192,40315.75,ONE_POINT,100,100,RANDOM,
truncation_1,0.5,60,187,9450,890.7704935073853,39911,40153.31,ONE_POINT,100,100,RANDOM,
truncation_1,0.5,60,188,9500,895.4977030754089,39892,40061.16,ONE_POINT,100,100,RANDOM,
truncation_1,0.5,60,189,9550,900.233204126358,39862,39947.63,ONE_POINT,100,100,RANDOM,
truncation_1,0.5,60,190,9600,905.0780246257782,39823,39891.37,ONE_POINT,100,100,RANDOM,
truncation_1,0.5,60,191,9650,909.8498857021332,39811,39861.12,ONE_POINT,100,100,RANDOM,
truncation_1,0.5,60,192,9700,914.6028027534485,39717,39835.26,ONE_POINT,100,100,RANDOM,
truncation_1,0.5,60,193,9750,919.3647663593292,39599,39741.82,ONE_POINT,100,100,RANDOM,
truncation_1,0.5,60,194,9800,924.0779738426208,39598,39685.36,ONE_POINT,100,100,RANDOM,
truncation_1,0.5,60,195,9850,928.8513870239258,39465,39611.99,ONE_POINT,100,100,RANDOM,
truncation_1,0.5,60,196,9900,933.5770380496979,39455,39556.85,ONE_POINT,100,100,RANDOM,
truncation_1,0.5,60,197,9950,938.3422102928162,39455,39510.43,ONE_POINT,100,100,RANDOM,
truncation_1,0.5,60,198,10000,943.0740444660187,39442,39470.98,ONE_POINT,100,100,RANDOM,
truncation_1,0.5,60,199,10050,947.8066303730011,39376,39445.91,ONE_POINT,100,100,RANDOM,
truncation_1,0.5,60,200,10100,952.5077240467072,39262,39412.54,ONE_POINT,100,100,RANDOM,
truncation_1,0.5,60,201,10150,957.2242980003357,39249,39353.01,ONE_POINT,100,100,RANDOM,
truncation_1,0.5,60,202,10200,962.0275099277496,39248,39294.11,ONE_POINT,100,100,RANDOM,
truncation_1,0.5,60,203,10250,966.7550709247589,39214,39252.97,ONE_POINT,100,100,RANDOM,
truncation_1,0.5,60,204,10300,971.5148243904114,39181,39234.2,ONE_POINT,100,100,RANDOM,
truncation_1,0.5,60,205,10350,976.247138261795,39171,39211.99,ONE_POINT,100,100,RANDOM,
truncation_1,0.5,60,206,10400,980.9352521896362,39100,39171.8,ONE_POINT,100,100,RANDOM,
truncation_1,0.5,60,207,10450,985.6672170162201,39096,39143.24,ONE_POINT,100,100,RANDOM,
truncation_1,0.5,60,208,10500,990.4031352996826,39044,39111.49,ONE_POINT,100,100,RANDOM,
truncation_1,0.5,60,209,10550,995.0824160575867,39023,39072.01,ONE_POINT,100,100,RANDOM,
truncation_1,0.5,60,210,10600,999.8294756412506,38993,39050.27,ONE_POINT,100,100,RANDOM,
truncation_1,0.5,60,211,10650,1004.6769762039185,38993,39021.26,ONE_POINT,100,100,RANDOM,
truncation_1,0.5,60,212,10700,1009.3956825733185,38993,39004.87,ONE_POINT,100,100,RANDOM,
truncation_1,0.5,60,213,10750,1014.1465888023376,38993,38996.33,ONE_POINT,100,100,RANDOM,
truncation_1,0.5,60,214,10800,1019.0610847473145,38956,38986.39,ONE_POINT,100,100,RANDOM,
truncation_1,0.5,60,215,10850,1023.9307525157928,38938,38975.99,ONE_POINT,100,100,RANDOM,
truncation_1,0.5,60,216,10900,1028.821849346161,38938,38963.57,ONE_POINT,100,100,RANDOM,
truncation_1,0.5,60,217,10950,1033.5519535541534,38932,38954.23,ONE_POINT,100,100,RANDOM,
truncation_1,0.5,60,218,11000,1038.232167482376,38932,38941.35,ONE_POINT,100,100,RANDOM,
truncation_1,0.5,60,219,11050,1043.0015597343445,38401,38863.7,ONE_POINT,100,100,RANDOM,
truncation_1,0.5,60,220,11100,1047.726423740387,38371,38687.58,ONE_POINT,100,100,RANDOM,
truncation_1,0.5,60,221,11150,1052.4661540985107,38343,38492.27,ONE_POINT,100,100,RANDOM,
truncation_1,0.5,60,222,11200,1057.1847865581512,38313,38378.85,ONE_POINT,100,100,RANDOM,
truncation_1,0.5,60,223,11250,1061.9080891609192,38254,38350.07,ONE_POINT,100,100,RANDOM,
truncation_1,0.5,60,224,11300,1066.626389503479,38254,38314.03,ONE_POINT,100,100,RANDOM,
truncation_1,0.5,60,225,11350,1071.3373184204102,38180,38269.58,ONE_POINT,100,100,RANDOM,
truncation_1,0.5,60,226,11400,1076.064867734909,38145,38234.25,ONE_POINT,100,100,RANDOM,
truncation_1,0.5,60,227,11450,1080.757931470871,38145,38194.59,ONE_POINT,100,100,RANDOM,
truncation_1,0.5,60,228,11500,1085.52130818367,37987,38125.7,ONE_POINT,100,100,RANDOM,
truncation_1,0.5,60,229,11550,1090.3058154582977,37986,38072.65,ONE_POINT,100,100,RANDOM,
truncation_1,0.5,60,230,11600,1095.0342984199524,37986,38026.94,ONE_POINT,100,100,RANDOM,
truncation_1,0.5,60,231,11650,1099.7437016963959,37949,37989.51,ONE_POINT,100,100,RANDOM,
truncation_1,0.5,60,232,11700,1104.4845068454742,37862,37966.55,ONE_POINT,100,100,RANDOM,
truncation_1,0.5,60,233,11750,1109.2503898143768,37801,37917.03,ONE_POINT,100,100,RANDOM,
truncation_1,0.5,60,234,11800,1113.9950292110443,37758,37848.02,ONE_POINT,100,100,RANDOM,
truncation_1,0.5,60,235,11850,1118.7425734996796,37519,37755.8,ONE_POINT,100,100,RANDOM,
truncation_1,0.5,60,236,11900,1123.4871137142181,37519,37663.9,ONE_POINT,100,100,RANDOM,
truncation_1,0.5,60,237,11950,1128.2527701854706,37500,37597.18,ONE_POINT,100,100,RANDOM,
truncation_1,0.5,60,238,12000,1133.0074615478516,37500,37536.2,ONE_POINT,100,100,RANDOM,
truncation_1,0.5,60,239,12050,1137.723572731018,37500,37510.01,ONE_POINT,100,100,RANDOM,
truncation_1,0.5,60,240,12100,1142.4610776901245,37500,37504.32,ONE_POINT,100,100,RANDOM,
truncation_1,0.5,60,241,12150,1147.2144927978516,37474,37495.79,ONE_POINT,100,100,RANDOM,
truncation_1,0.5,60,242,12200,1151.933950662613,37473,37488.52,ONE_POINT,100,100,RANDOM,
truncation_1,0.5,60,243,12250,1156.6583087444305,37258,37430.28,ONE_POINT,100,100,RANDOM,
truncation_1,0.5,60,244,12300,1161.3490192890167,37131,37315.5,ONE_POINT,100,100,RANDOM,
truncation_1,0.5,60,245,12350,1166.133814573288,37105,37218.58,ONE_POINT,100,100,RANDOM,
truncation_1,0.5,60,246,12400,1170.8732104301453,37105,37149.66,ONE_POINT,100,100,RANDOM,
truncation_1,0.5,60,247,12450,1175.5972259044647,37053,37111.88,ONE_POINT,100,100,RANDOM,
truncation_1,0.5,60,248,12500,1180.3605279922485,37010,37071.45,ONE_POINT,100,100,RANDOM,
truncation_1,0.5,60,249,12550,1185.1106672286987,36965,37042.31,ONE_POINT,100,100,RANDOM,
truncation_1,0.5,60,250,12600,1189.846364736557,36953,37003.09,ONE_POINT,100,100,RANDOM,
truncation_1,0.5,60,251,12650,1194.5939440727234,36953,36973.95,ONE_POINT,100,100,RANDOM,
truncation_1,0.5,60,252,12700,1199.2738473415375,36927,36959.99,ONE_POINT,100,100,RANDOM,
truncation_1,0.5,60,253,12750,1203.956872701645,36920,36949.99,ONE_POINT,100,100,RANDOM,
truncation_1,0.5,60,254,12800,1208.6581439971924,36918,36938.29,ONE_POINT,100,100,RANDOM,
truncation_1,0.5,60,255,12850,1213.349361896515,36910,36929.74,ONE_POINT,100,100,RANDOM,
truncation_1,0.5,60,256,12900,1218.043105840683,36910,36918.9,ONE_POINT,100,100,RANDOM,
truncation_1,0.5,60,257,12950,1222.818729877472,36902,36911.77,ONE_POINT,100,100,RANDOM,
truncation_1,0.5,60,258,13000,1227.5494093894958,36857,36902.33,ONE_POINT,100,100,RANDOM,
truncation_1,0.5,60,259,13050,1232.3234751224518,36848,36890.75,ONE_POINT,100,100,RANDOM,
truncation_1,0.5,60,260,13100,1237.065311908722,36644,36862.17,ONE_POINT,100,100,RANDOM,
truncation_1,0.5,60,261,13150,1241.8159940242767,36516,36771.48,ONE_POINT,100,100,RANDOM,
truncation_1,0.5,60,262,13200,1246.5783698558807,36370,36628.64,ONE_POINT,100,100,RANDOM,
truncation_1,0.5,60,263,13250,1251.4167609214783,36353,36486.4,ONE_POINT,100,100,RANDOM,
truncation_1,0.5,60,264,13300,1256.4068655967712,36330,36409.54,ONE_POINT,100,100,RANDOM,
truncation_1,0.5,60,265,13350,1261.1917688846588,36330,36361.98,ONE_POINT,100,100,RANDOM,
truncation_1,0.5,60,266,13400,1266.2440643310547,36293,36332.28,ONE_POINT,100,100,RANDOM,
truncation_1,0.5,60,267,13450,1271.3201704025269,36214,36299.06,ONE_POINT,100,100,RANDOM,
truncation_1,0.5,60,268,13500,1276.3260316848755,36179,36263.72,ONE_POINT,100,100,RANDOM,
truncation_1,0.5,60,269,13550,1281.2389595508575,36179,36221.3,ONE_POINT,100,100,RANDOM,
truncation_1,0.5,60,270,13600,1286.1816017627716,36147,36186.26,ONE_POINT,100,100,RANDOM,
truncation_1,0.5,60,271,13650,1291.0880389213562,36147,36170.77,ONE_POINT,100,100,RANDOM,
truncation_1,0.5,60,272,13700,1295.8652288913727,36147,36160.68,ONE_POINT,100,100,RANDOM,
truncation_1,0.5,60,273,13750,1300.642305135727,36147,36153.73,ONE_POINT,100,100,RANDOM,
truncation_1,0.5,60,274,13800,1305.4276432991028,35958,36137.61,ONE_POINT,100,100,RANDOM,
truncation_1,0.5,60,275,13850,1310.1776254177094,35881,36071.82,ONE_POINT,100,100,RANDOM,
truncation_1,0.5,60,276,13900,1314.9061682224274,35879,35969.63,ONE_POINT,100,100,RANDOM,
truncation_1,0.5,60,277,13950,1319.6624703407288,35869,35906.79,ONE_POINT,100,100,RANDOM,
truncation_1,0.5,60,278,14000,1324.4390790462494,35862,35879.94,ONE_POINT,100,100,RANDOM,
truncation_1,0.5,60,279,14050,1329.183897972107,35862,35872.95,ONE_POINT,100,100,RANDOM,
truncation_1,0.5,60,280,14100,1334.0334663391113,35814,35862.57,ONE_POINT,100,100,RANDOM,
truncation_1,0.5,60,281,14150,1339.000761270523,35763,35837.64,ONE_POINT,100,100,RANDOM,
truncation_1,0.5,60,282,14200,1343.9541409015656,35549,35769.86,ONE_POINT,100,100,RANDOM,
truncation_1,0.5,60,283,14250,1348.698012828827,35539,35672.27,ONE_POINT,100,100,RANDOM,
truncation_1,0.5,60,284,14300,1353.6757061481476,35494,35590.11,ONE_POINT,100,100,RANDOM,
truncation_1,0.5,60,285,14350,1358.678739786148,35494,35525.83,ONE_POINT,100,100,RANDOM,
truncation_1,0.5,60,286,14400,1363.700080871582,35486,35507.43,ONE_POINT,100,100,RANDOM,
truncation_1,0.5,60,287,14450,1368.40429353714,35483,35493.54,ONE_POINT,100,100,RANDOM,
truncation_1,0.5,60,288,14500,1373.168226480484,35445,35482.0,ONE_POINT,100,100,RANDOM,
truncation_1,0.5,60,289,14550,1377.9137706756592,35433,35470.91,ONE_POINT,100,100,RANDOM,
truncation_1,0.5,60,290,14600,1382.6404762268066,35433,35457.68,ONE_POINT,100,100,RANDOM,
truncation_1,0.5,60,291,14650,1387.3668501377106,35407,35441.11,ONE_POINT,100,100,RANDOM,
truncation_1,0.5,60,292,14700,1392.1510636806488,35407,35426.02,ONE_POINT,100,100,RANDOM,
truncation_1,0.5,60,293,14750,1396.8827176094055,35390,35418.16,ONE_POINT,100,100,RANDOM,
truncation_1,0.5,60,294,14800,1401.668995141983,35378,35407.06,ONE_POINT,100,100,RANDOM,
truncation_1,0.5,60,295,14850,1406.393039226532,35036,35353.15,ONE_POINT,100,100,RANDOM,
truncation_1,0.5,60,296,14900,1411.102709531784,35034,35256.73,ONE_POINT,100,100,RANDOM,
truncation_1,0.5,60,297,14950,1415.8170585632324,35034,35146.9,ONE_POINT,100,100,RANDOM,
truncation_1,0.5,60,298,15000,1420.609846830368,35001,35051.97,ONE_POINT,100,100,RANDOM,
truncation_1,0.5,60,299,15050,1425.3407907485962,34995,35022.44,ONE_POINT,100,100,RANDOM,
truncation_1,0.5,60,300,15100,1430.079787015915,34972,35007.37,ONE_POINT,100,100,RANDOM,
truncation_1,0.5,60,301,15150,1434.8123466968536,34916,34987.12,ONE_POINT,100,100,RANDOM,
truncation_1,0.5,60,302,15200,1439.533700466156,34821,34950.71,ONE_POINT,100,100,RANDOM,
truncation_1,0.5,60,303,15250,1444.30349111557,34820,34907.26,ONE_POINT,100,100,RANDOM,
truncation_1,0.5,60,304,15300,1449.0260598659515,34807,34858.95,ONE_POINT,100,100,RANDOM,
truncation_1,0.5,60,305,15350,1453.7685356140137,34728,34815.96,ONE_POINT,100,100,RANDOM,
truncation_1,0.5,60,306,15400,1458.505287885666,34728,34781.43,ONE_POINT,100,100,RANDOM,
truncation_1,0.5,60,307,15450,1463.2686581611633,34728,34751.86,ONE_POINT,100,100,RANDOM,
truncation_1,0.5,60,308,15500,1467.9810864925385,34698,34726.81,ONE_POINT,100,100,RANDOM,
truncation_1,0.5,60,309,15550,1472.7262427806854,34694,34714.85,ONE_POINT,100,100,RANDOM,
truncation_1,0.5,60,310,15600,1477.4822974205017,34677,34701.75,ONE_POINT,100,100,RANDOM,
truncation_1,0.5,60,311,15650,1482.2925260066986,34677,34691.13,ONE_POINT,100,100,RANDOM,
truncation_1,0.5,60,312,15700,1487.030831336975,34585,34678.76,ONE_POINT,100,100,RANDOM,
truncation_1,0.5,60,313,15750,1491.7690391540527,34562,34641.26,ONE_POINT,100,100,RANDOM,
truncation_1,0.5,60,314,15800,1496.6020545959473,34562,34608.42,ONE_POINT,100,100,RANDOM,
truncation_1,0.5,60,315,15850,1501.466026544571,34562,34580.0,ONE_POINT,100,100,RANDOM,
truncation_1,0.5,60,316,15900,1506.2204599380493,34562,34564.99,ONE_POINT,100,100,RANDOM,
truncation_1,0.5,60,317,15950,1510.961541891098,34555,34561.86,ONE_POINT,100,100,RANDOM,
truncation_1,0.5,60,318,16000,1515.6732409000397,34555,34560.11,ONE_POINT,100,100,RANDOM,
truncation_1,0.5,60,319,16050,1520.382082939148,34555,34558.45,ONE_POINT,100,100,RANDOM,
truncation_1,0.5,60,320,16100,1525.1193664073944,34555,34557.05,ONE_POINT,100,100,RANDOM,
truncation_1,0.5,60,321,16150,1529.8657693862915,34530,34554.53,ONE_POINT,100,100,RANDOM,
truncation_1,0.5,60,322,16200,1534.5651457309723,34513,34548.79,ONE_POINT,100,100,RANDOM,
truncation_1,0.5,60,323,16250,1539.3175966739655,34512,34539.74,ONE_POINT,100,100,RANDOM,
truncation_1,0.5,60,324,16300,1544.0621078014374,34453,34520.12,ONE_POINT,100,100,RANDOM,
truncation_1,0.5,60,325,16350,1548.805959224701,34444,34484.17,ONE_POINT,100,100,RANDOM,
truncation_1,0.5,60,326,16400,1553.5951783657074,34438,34464.43,ONE_POINT,100,100,RANDOM,
truncation_1,0.5,60,327,16450,1558.3596875667572,34382,34439.95,ONE_POINT,100,100,RANDOM,
truncation_1,0.5,60,328,16500,1563.0914566516876,34369,34422.89,ONE_POINT,100,100,RANDOM,
truncation_1,0.5,60,329,16550,1567.8190817832947,34359,34398.07,ONE_POINT,100,100,RANDOM,
truncation_1,0.5,60,330,16600,1572.5160675048828,34296,34372.82,ONE_POINT,100,100,RANDOM,
truncation_1,0.5,60,331,16650,1577.2551515102386,34296,34342.51,ONE_POINT,100,100,RANDOM,
truncation_1,0.5,60,332,16700,1582.0098066329956,34260,34308.31,ONE_POINT,100,100,RANDOM,
truncation_1,0.5,60,333,16750,1586.7968986034393,34203,34278.77,ONE_POINT,100,100,RANDOM,
truncation_1,0.5,60,334,16800,1591.481329202652,34199,34248.43,ONE_POINT,100,100,RANDOM,
truncation_1,0.5,60,335,16850,1596.241925239563,34195,34227.12,ONE_POINT,100,100,RANDOM,
truncation_1,0.5,60,336,16900,1601.0499539375305,34178,34203.06,ONE_POINT,100,100,RANDOM,
truncation_1,0.5,60,337,16950,1605.7712578773499,34178,34190.05,ONE_POINT,100,100,RANDOM,
truncation_1,0.5,60,338,17000,1610.456000328064,34178,34183.93,ONE_POINT,100,100,RANDOM,
truncation_1,0.5,60,339,17050,1615.211344242096,34178,34180.41,ONE_POINT,100,100,RANDOM,
truncation_1,0.5,60,340,17100,1619.9613547325134,34178,34178.0,ONE_POINT,100,100,RANDOM,
truncation_1,0.5,60,341,17150,1624.739695072174,34132,34177.54,ONE_POINT,100,100,RANDOM,
truncation_1,0.5,60,342,17200,1629.4860582351685,34132,34169.1,ONE_POINT,100,100,RANDOM,
truncation_1,0.5,60,343,17250,1634.228405714035,34124,34154.52,ONE_POINT,100,100,RANDOM,
truncation_1,0.5,60,344,17300,1638.9450359344482,33989,34107.94,ONE_POINT,100,100,RANDOM,
truncation_1,0.5,60,345,17350,1643.6987674236298,33974,34058.32,ONE_POINT,100,100,RANDOM,
truncation_1,0.5,60,346,17400,1648.4776825904846,33962,34018.91,ONE_POINT,100,100,RANDOM,
truncation_1,0.5,60,347,17450,1653.2050821781158,33962,33979.39,ONE_POINT,100,100,RANDOM,
truncation_1,0.5,60,348,17500,1657.9578461647034,33962,33970.8,ONE_POINT,100,100,RANDOM,
truncation_1,0.5,60,349,17550,1662.7235527038574,33956,33963.74,ONE_POINT,100,100,RANDOM,
truncation_1,0.5,60,350,17600,1667.4662501811981,33956,33960.22,ONE_POINT,100,100,RANDOM,
truncation_1,0.5,60,351,17650,1672.2456738948822,33898,33952.29,ONE_POINT,100,100,RANDOM,
truncation_1,0.5,60,352,17700,1676.932062625885,33891,33940.01,ONE_POINT,100,100,RANDOM,
truncation_1,0.5,60,353,17750,1681.6713371276855,33833,33904.05,ONE_POINT,100,100,RANDOM,
truncation_1,0.5,60,354,17800,1686.396487236023,33814,33870.8,ONE_POINT,100,100,RANDOM,
truncation_1,0.5,60,355,17850,1691.1779644489288,33744,33819.44,ONE_POINT,100,100,RANDOM,
truncation_1,0.5,60,356,17900,1695.9218163490295,33741,33791.32,ONE_POINT,100,100,RANDOM,
truncation_1,0.5,60,357,17950,1700.6230912208557,33727,33767.59,ONE_POINT,100,100,RANDOM,
truncation_1,0.5,60,358,18000,1705.4310538768768,33718,33742.67,ONE_POINT,100,100,RANDOM,
truncation_1,0.5,60,359,18050,1710.1758229732513,33695,33729.52,ONE_POINT,100,100,RANDOM,
truncation_1,0.5,60,360,18100,1714.919190645218,33684,33716.73,ONE_POINT,100,100,RANDOM,
truncation_1,0.5,60,361,18150,1719.7415630817413,33680,33701.82,ONE_POINT,100,100,RANDOM,
truncation_1,0.5,60,362,18200,1724.4413180351257,33628,33688.71,ONE_POINT,100,100,RANDOM,
truncation_1,0.5,60,363,18250,1729.1498291492462,33618,33668.64,ONE_POINT,100,100,RANDOM,
truncation_1,0.5,60,364,18300,1733.9246423244476,33616,33646.73,ONE_POINT,100,100,RANDOM,
truncation_1,0.5,60,365,18350,1738.6585576534271,33616,33630.59,ONE_POINT,100,100,RANDOM,
truncation_1,0.5,60,366,18400,1743.4431581497192,33610,33620.55,ONE_POINT,100,100,RANDOM,
truncation_1,0.5,60,367,18450,1748.188648700714,33603,33614.09,ONE_POINT,100,100,RANDOM,
truncation_1,0.5,60,368,18500,1752.9301331043243,33443,33561.6,ONE_POINT,100,100,RANDOM,
truncation_1,0.5,60,369,18550,1757.612869501114,33443,33511.13,ONE_POINT,100,100,RANDOM,
truncation_1,0.5,60,370,18600,1762.3541524410248,33397,33458.01,ONE_POINT,100,100,RANDOM,
truncation_1,0.5,60,371,18650,1767.0803995132446,33395,33425.03,ONE_POINT,100,100,RANDOM,
truncation_1,0.5,60,372,18700,1771.8335201740265,33395,33414.76,ONE_POINT,100,100,RANDOM,
truncation_1,0.5,60,373,18750,1776.569935798645,33377,33398.72,ONE_POINT,100,100,RANDOM,
truncation_1,0.5,60,374,18800,1781.3074431419373,33375,33388.48,ONE_POINT,100,100,RANDOM,
truncation_1,0.5,60,375,18850,1786.0665159225464,33375,33382.99,ONE_POINT,100,100,RANDOM,
truncation_1,0.5,60,376,18900,1790.825020313263,33375,33378.73,ONE_POINT,100,100,RANDOM,
truncation_1,0.5,60,377,18950,1795.5448129177094,33369,33374.94,ONE_POINT,100,100,RANDOM,
truncation_1,0.5,60,378,19000,1800.331470966339,33369,33373.2,ONE_POINT,100,100,RANDOM,
truncation_1,0.5,60,379,19050,1805.109011888504,33369,33372.03,ONE_POINT,100,100,RANDOM,
truncation_1,0.5,60,380,19100,1809.8695693016052,33357,33369.39,ONE_POINT,100,100,RANDOM,
truncation_1,0.5,60,381,19150,1814.6085255146027,33357,33364.89,ONE_POINT,100,100,RANDOM,
truncation_1,0.5,60,382,19200,1819.3227536678314,33353,33361.3,ONE_POINT,100,100,RANDOM,
truncation_1,0.5,60,383,19250,1824.0850541591644,33345,33356.91,ONE_POINT,100,100,RANDOM,
truncation_1,0.5,60,384,19300,1828.8661887645721,33345,33353.48,ONE_POINT,100,100,RANDOM,
truncation_1,0.5,60,385,19350,1833.6128087043762,33337,33349.18,ONE_POINT,100,100,RANDOM,
truncation_1,0.5,60,386,19400,1838.3465707302094,33308,33340.41,ONE_POINT,100,100,RANDOM,
truncation_1,0.5,60,387,19450,1843.049988269806,33111,33315.14,ONE_POINT,100,100,RANDOM,
truncation_1,0.5,60,388,19500,1847.771572113037,33093,33249.6,ONE_POINT,100,100,RANDOM,
truncation_1,0.5,60,389,19550,1852.5392472743988,33093,33188.77,ONE_POINT,100,100,RANDOM,
truncation_1,0.5,60,390,19600,1857.3262822628021,33091,33116.05,ONE_POINT,100,100,RANDOM,
truncation_1,0.5,60,391,19650,1862.0894536972046,33091,33097.36,ONE_POINT,100,100,RANDOM,
truncation_1,0.5,60,392,19700,1866.8567786216736,33091,33092.88,ONE_POINT,100,100,RANDOM,
truncation_1,0.5,60,393,19750,1871.6757323741913,33065,33090.31,ONE_POINT,100,100,RANDOM,
truncation_1,0.5,60,394,19800,1876.5530321598053,33065,33084.93,ONE_POINT,100,100,RANDOM,
truncation_1,0.5,60,395,19850,1881.2997798919678,33057,33077.17,ONE_POINT,100,100,RANDOM,
truncation_1,0.5,60,396,19900,1886.0303831100464,32989,33067.78,ONE_POINT,100,100,RANDOM,
truncation_1,0.5,60,397,19950,1890.795065164566,32989,33040.15,ONE_POINT,100,100,RANDOM,
truncation_1,0.5,60,398,20000,1895.49414229393,32982,33019.97,ONE_POINT,100,100,RANDOM,
truncation_1,0.5,60,399,20050,1900.213470697403,32973,33001.48,ONE_POINT,100,100,RANDOM,
truncation_1,0.5,60,400,20100,1904.974065542221,32925,32975.74,ONE_POINT,100,100,RANDOM,
truncation_1,0.5,60,401,20150,1909.7296001911163,32925,32961.05,ONE_POINT,100,100,RANDOM,
truncation_1,0.5,60,402,20200,1914.464983701706,32922,32946.19,ONE_POINT,100,100,RANDOM,
truncation_1,0.5,60,403,20250,1919.288782119751,32852,32917.26,ONE_POINT,100,100,RANDOM,
truncation_1,0.5,60,404,20300,1924.289347410202,32852,32897.73,ONE_POINT,100,100,RANDOM,
truncation_1,0.5,60,405,20350,1929.0030250549316,32833,32870.93,ONE_POINT,100,100,RANDOM,
truncation_1,0.5,60,406,20400,1933.7153987884521,32833,32847.6,ONE_POINT,100,100,RANDOM,
truncation_1,0.5,60,407,20450,1938.4408090114594,32833,32838.43,ONE_POINT,100,100,RANDOM,
truncation_1,0.5,60,408,20500,1943.1615753173828,32831,32833.37,ONE_POINT,100,100,RANDOM,
truncation_1,0.5,60,409,20550,1947.8814797401428,32820,32831.66,ONE_POINT,100,100,RANDOM,
truncation_1,0.5,60,410,20600,1952.6237354278564,32820,32829.42,ONE_POINT,100,100,RANDOM,
truncation_1,0.5,60,411,20650,1957.3599696159363,32805,32826.61,ONE_POINT,100,100,RANDOM,
truncation_1,0.5,60,412,20700,1962.1927897930145,32778,32818.64,ONE_POINT,100,100,RANDOM,
truncation_1,0.5,60,413,20750,1966.8930530548096,32765,32804.59,ONE_POINT,100,100,RANDOM,
truncation_1,0.5,60,414,20800,1971.6327617168427,32758,32787.62,ONE_POINT,100,100,RANDOM,
truncation_1,0.5,60,415,20850,1976.388798236847,32758,32772.18,ONE_POINT,100,100,RANDOM,
truncation_1,0.5,60,416,20900,1981.1646511554718,32758,32763.42,ONE_POINT,100,100,RANDOM,
truncation_1,0.5,60,417,20950,1985.9263134002686,32758,32759.18,ONE_POINT,100,100,RANDOM,
truncation_1,0.5,60,418,21000,1990.6600635051727,32752,32757.95,ONE_POINT,100,100,RANDOM,
truncation_1,0.5,60,419,21050,1995.3550162315369,32752,32756.33,ONE_POINT,100,100,RANDOM,
truncation_1,0.5,60,420,21100,2000.0997512340546,32749,32754.6,ONE_POINT,100,100,RANDOM,
truncation_1,0.5,60,421,21150,2004.8615441322327,32740,32752.08,ONE_POINT,100,100,RANDOM,
truncation_1,0.5,60,422,21200,2009.6218395233154,32740,32747.81,ONE_POINT,100,100,RANDOM,
truncation_1,0.5,60,423,21250,2014.3457252979279,32740,32744.7,ONE_POINT,100,100,RANDOM,
truncation_1,0.5,60,424,21300,2019.21999001503,32730,32739.95,ONE_POINT,100,100,RANDOM,
truncation_1,0.5,60,425,21350,2023.9424936771393,32725,32734.98,ONE_POINT,100,100,RANDOM,
truncation_1,0.5,60,426,21400,2028.6714797019958,32724,32731.78,ONE_POINT,100,100,RANDOM,
truncation_1,0.5,60,427,21450,2033.403708934784,32704,32726.76,ONE_POINT,100,100,RANDOM,
truncation_1,0.5,60,428,21500,2038.1256942749023,32698,32717.91,ONE_POINT,100,100,RANDOM,
truncation_1,0.5,60,429,21550,2042.873514175415,32698,32710.49,ONE_POINT,100,100,RANDOM,
truncation_1,0.5,60,430,21600,2047.5761597156525,32698,32704.53,ONE_POINT,100,100,RANDOM,
truncation_1,0.5,60,431,21650,2052.2843492031097,32695,32698.74,ONE_POINT,100,100,RANDOM,
truncation_1,0.5,60,432,21700,2057.0302114486694,32686,32695.72,ONE_POINT,100,100,RANDOM,
truncation_1,0.5,60,433,21750,2061.720537662506,32686,32693.56,ONE_POINT,100,100,RANDOM,
truncation_1,0.5,60,434,21800,2066.4363536834717,32686,32690.01,ONE_POINT,100,100,RANDOM,
truncation_1,0.5,60,435,21850,2071.2567059993744,32686,32687.64,ONE_POINT,100,100,RANDOM,
truncation_1,0.5,60,436,21900,2075.97710108757,32675,32684.15,ONE_POINT,100,100,RANDOM,
truncation_1,0.5,60,437,21950,2080.818767309189,32675,32681.58,ONE_POINT,100,100,RANDOM,
truncation_1,0.5,60,438,22000,2085.548880338669,32667,32678.65,ONE_POINT,100,100,RANDOM,
truncation_1,0.5,60,439,22050,2090.336676836014,32667,32673.53,ONE_POINT,100,100,RANDOM,
truncation_1,0.5,60,440,22100,2095.0630819797516,32630,32667.71,ONE_POINT,100,100,RANDOM,
truncation_1,0.5,60,441,22150,2099.810416698456,32630,32656.91,ONE_POINT,100,100,RANDOM,
truncation_1,0.5,60,442,22200,2104.5226199626923,32623,32646.97,ONE_POINT,100,100,RANDOM,
truncation_1,0.5,60,443,22250,2109.2395589351654,32616,32637.08,ONE_POINT,100,100,RANDOM,
truncation_1,0.5,60,444,22300,2113.9375581741333,32616,32627.95,ONE_POINT,100,100,RANDOM,
truncation_1,0.5,60,445,22350,2118.757840871811,32606,32620.39,ONE_POINT,100,100,RANDOM,
truncation_1,0.5,60,446,22400,2123.518821001053,32606,32614.74,ONE_POINT,100,100,RANDOM,
truncation_1,0.5,60,447,22450,2128.233505010605,32603,32610.77,ONE_POINT,100,100,RANDOM,
truncation_1,0.5,60,448,22500,2132.927994251251,32602,32607.73,ONE_POINT,100,100,RANDOM,
truncation_1,0.5,60,449,22550,2137.6663744449615,32602,32604.29,ONE_POINT,100,100,RANDOM,
truncation_1,0.5,60,450,22600,2142.467981815338,32596,32602.06,ONE_POINT,100,100,RANDOM,
truncation_1,0.5,60,451,22650,2147.254201889038,32593,32599.75,ONE_POINT,100,100,RANDOM,
truncation_1,0.5,60,452,22700,2152.0430545806885,32583,32596.97,ONE_POINT,100,100,RANDOM,
truncation_1,0.5,60,453,22750,2156.7854523658752,32583,32592.97,ONE_POINT,100,100,RANDOM,
truncation_1,0.5,60,454,22800,2161.498183488846,32574,32589.37,ONE_POINT,100,100,RANDOM,
truncation_1,0.5,60,455,22850,2166.2445724010468,32563,32583.78,ONE_POINT,100,100,RANDOM,
truncation_1,0.5,60,456,22900,2170.972193479538,32563,32577.53,ONE_POINT,100,100,RANDOM,
truncation_1,0.5,60,457,22950,2175.7006945610046,32563,32571.97,ONE_POINT,100,100,RANDOM,
truncation_1,0.5,60,458,23000,2180.4005756378174,32553,32568.48,ONE_POINT,100,100,RANDOM,
truncation_1,0.5,60,459,23050,2185.145256280899,32553,32561.55,ONE_POINT,100,100,RANDOM,
truncation_1,0.5,60,460,23100,2189.867639541626,32553,32558.11,ONE_POINT,100,100,RANDOM,
truncation_1,0.5,60,461,23150,2194.5614273548126,32550,32555.44,ONE_POINT,100,100,RANDOM,
truncation_1,0.5,60,462,23200,2199.3666682243347,32546,32552.12,ONE_POINT,100,100,RANDOM,
truncation_1,0.5,60,463,23250,2204.1165256500244,32536,32549.2,ONE_POINT,100,100,RANDOM,
truncation_1,0.5,60,464,23300,2208.947895526886,32536,32544.63,ONE_POINT,100,100,RANDOM,
truncation_1,0.5,60,465,23350,2213.751387357712,32536,32541.1,ONE_POINT,100,100,RANDOM,
truncation_1,0.5,60,466,23400,2218.553747177124,32534,32538.35,ONE_POINT,100,100,RANDOM,
truncation_1,0.5,60,467,23450,2223.312749862671,32534,32535.5,ONE_POINT,100,100,RANDOM,
truncation_1,0.5,60,468,23500,2228.0842435359955,32534,32535.12,ONE_POINT,100,100,RANDOM,
truncation_1,0.5,60,469,23550,2232.911449432373,32534,32534.74,ONE_POINT,100,100,RANDOM,
truncation_1,0.5,60,470,23600,2237.6077966690063,32533,32533.98,ONE_POINT,100,100,RANDOM,
truncation_1,0.5,60,471,23650,2242.3483929634094,32531,32533.37,ONE_POINT,100,100,RANDOM,
truncation_1,0.5,60,472,23700,2247.126838207245,32531,32532.72,ONE_POINT,100,100,RANDOM,
truncation_1,0.5,60,473,23750,2251.8442289829254,32513,32529.41,ONE_POINT,100,100,RANDOM,
truncation_1,0.5,60,474,23800,2256.541608095169,32507,32523.62,ONE_POINT,100,100,RANDOM,
truncation_1,0.5,60,475,23850,2261.296511411667,32507,32517.53,ONE_POINT,100,100,RANDOM,
truncation_1,0.5,60,476,23900,2266.1193151474,32507,32511.28,ONE_POINT,100,100,RANDOM,
truncation_1,0.5,60,477,23950,2270.978316307068,32490,32506.29,ONE_POINT,100,100,RANDOM,
truncation_1,0.5,60,478,24000,2275.7126586437225,32487,32502.1,ONE_POINT,100,100,RANDOM,
truncation_1,0.5,60,479,24050,2280.5161798000336,32481,32495.67,ONE_POINT,100,100,RANDOM,
truncation_1,0.5,60,480,24100,2285.3139505386353,32480,32489.22,ONE_POINT,100,100,RANDOM,
truncation_1,0.5,60,481,24150,2290.0726084709167,32480,32482.49,ONE_POINT,100,100,RANDOM,
truncation_1,0.5,60,482,24200,2294.8003199100494,32470,32478.83,ONE_POINT,100,100,RANDOM,
truncation_1,0.5,60,483,24250,2299.54230093956,32392,32475.44,ONE_POINT,100,100,RANDOM,
truncation_1,0.5,60,484,24300,2304.3130593299866,32392,32456.37,ONE_POINT,100,100,RANDOM,
truncation_1,0.5,60,485,24350,2309.091511964798,32392,32431.81,ONE_POINT,100,100,RANDOM,
truncation_1,0.5,60,486,24400,2313.7936062812805,32390,32406.91,ONE_POINT,100,100,RANDOM,
truncation_1,0.5,60,487,24450,2318.5326149463654,32386,32390.95,ONE_POINT,100,100,RANDOM,
truncation_1,0.5,60,488,24500,2323.2743055820465,32386,32388.98,ONE_POINT,100,100,RANDOM,
truncation_1,0.5,60,489,24550,2328.0055706501007,32386,32387.66,ONE_POINT,100,100,RANDOM,
truncation_1,0.5,60,490,24600,2332.7592968940735,32386,32386.57,ONE_POINT,100,100,RANDOM,
truncation_1,0.5,60,491,24650,2337.6843411922455,32380,32384.92,ONE_POINT,100,100,RANDOM,
truncation_1,0.5,60,492,24700,2342.491532802582,32380,32383.2,ONE_POINT,100,100,RANDOM,
truncation_1,0.5,60,493,24750,2347.28262424469,32370,32380.88,ONE_POINT,100,100,RANDOM,
truncation_1,0.5,60,494,24800,2352.056332588196,32350,32375.96,ONE_POINT,100,100,RANDOM,
truncation_1,0.5,60,495,24850,2356.857836008072,32290,32354.74,ONE_POINT,100,100,RANDOM,
truncation_1,0.5,60,496,24900,2361.647702693939,32290,32327.59,ONE_POINT,100,100,RANDOM,
truncation_1,0.5,60,497,24950,2366.4126036167145,32279,32304.95,ONE_POINT,100,100,RANDOM,
truncation_1,0.5,60,498,25000,2371.1673810482025,32279,32285.76,ONE_POINT,100,100,RANDOM,
truncation_1,0.5,60,499,25050,2375.9504532814026,32246,32278.9,ONE_POINT,100,100,RANDOM,
truncation_1,0.5,60,500,25100,2381.008568763733,32246,32268.64,ONE_POINT,100,100,RANDOM,
truncation_1,0.5,80,1,150,5.126335382461548,130554,141487.26,ONE_POINT,100,100,RANDOM,
truncation_1,0.5,80,2,200,10.446101903915405,129018,132568.71,ONE_POINT,100,100,RANDOM,
truncation_1,0.5,80,3,250,15.34883999824524,125855,128603.39,ONE_POINT,100,100,RANDOM,
truncation_1,0.5,80,4,300,20.081831455230713,123782,126209.68,ONE_POINT,100,100,RANDOM,
truncation_1,0.5,80,5,350,24.814895629882812,118986,123292.38,ONE_POINT,100,100,RANDOM,
truncation_1,0.5,80,6,400,29.566280126571655,114288,119047.35,ONE_POINT,100,100,RANDOM,
truncation_1,0.5,80,7,450,34.31324505805969,111079,114820.49,ONE_POINT,100,100,RANDOM,
truncation_1,0.5,80,8,500,39.09795665740967,109133,111469.94,ONE_POINT,100,100,RANDOM,
truncation_1,0.5,80,9,550,43.81438684463501,107933,109527.54,ONE_POINT,100,100,RANDOM,
truncation_1,0.5,80,10,600,48.51033043861389,106530,108204.95,ONE_POINT,100,100,RANDOM,
truncation_1,0.5,80,11,650,53.26715326309204,104998,106849.02,ONE_POINT,100,100,RANDOM,
truncation_1,0.5,80,12,700,58.00460696220398,104194,105451.18,ONE_POINT,100,100,RANDOM,
truncation_1,0.5,80,13,750,62.83233904838562,102566,104399.28,ONE_POINT,100,100,RANDOM,
truncation_1,0.5,80,14,800,67.55083751678467,100488,102909.15,ONE_POINT,100,100,RANDOM,
truncation_1,0.5,80,15,850,72.24054098129272,98503,100945.32,ONE_POINT,100,100,RANDOM,
truncation_1,0.5,80,16,900,77.02862167358398,97771,99158.36,ONE_POINT,100,100,RANDOM,
truncation_1,0.5,80,17,950,81.74813270568848,96730,97883.93,ONE_POINT,100,100,RANDOM,
truncation_1,0.5,80,18,1000,86.51388645172119,95781,96959.66,ONE_POINT,100,100,RANDOM,
truncation_1,0.5,80,19,1050,91.27545881271362,94666,96000.78,ONE_POINT,100,100,RANDOM,
truncation_1,0.5,80,20,1100,95.99748682975769,91594,94630.83,ONE_POINT,100,100,RANDOM,
truncation_1,0.5,80,21,1150,100.73436427116394,90453,92571.61,ONE_POINT,100,100,RANDOM,
truncation_1,0.5,80,22,1200,105.4797854423523,88878,90612.08,ONE_POINT,100,100,RANDOM,
truncation_1,0.5,80,23,1250,110.19656610488892,88203,89325.33,ONE_POINT,100,100,RANDOM,
truncation_1,0.5,80,24,1300,114.93392062187195,87387,88313.35,ONE_POINT,100,100,RANDOM,
truncation_1,0.5,80,25,1350,119.68066453933716,85273,87158.07,ONE_POINT,100,100,RANDOM,
truncation_1,0.5,80,26,1400,124.40307807922363,83645,85519.95,ONE_POINT,100,100,RANDOM,
truncation_1,0.5,80,27,1450,129.21554732322693,83235,84177.61,ONE_POINT,100,100,RANDOM,
truncation_1,0.5,80,28,1500,133.97135090827942,82646,83272.07,ONE_POINT,100,100,RANDOM,
truncation_1,0.5,80,29,1550,138.7571349143982,81428,82553.82,ONE_POINT,100,100,RANDOM,
truncation_1,0.5,80,30,1600,143.48648023605347,80844,81856.08,ONE_POINT,100,100,RANDOM,
truncation_1,0.5,80,31,1650,148.2446916103363,79555,80951.31,ONE_POINT,100,100,RANDOM,
truncation_1,0.5,80,32,1700,152.94859170913696,78019,80037.95,ONE_POINT,100,100,RANDOM,
truncation_1,0.5,80,33,1750,157.69268417358398,77686,78838.82,ONE_POINT,100,100,RANDOM,
truncation_1,0.5,80,34,1800,162.49559593200684,76241,77638.69,ONE_POINT,100,100,RANDOM,
truncation_1,0.5,80,35,1850,167.2108199596405,75869,76788.79,ONE_POINT,100,100,RANDOM,
truncation_1,0.5,80,36,1900,171.95144057273865,75664,76186.81,ONE_POINT,100,100,RANDOM,
truncation_1,0.5,80,37,1950,176.72823238372803,74991,75769.01,ONE_POINT,100,100,RANDOM,
truncation_1,0.5,80,38,2000,181.50577306747437,74492,75225.3,ONE_POINT,100,100,RANDOM,
truncation_1,0.5,80,39,2050,186.20450496673584,73920,74697.3,ONE_POINT,100,100,RANDOM,
truncation_1,0.5,80,40,2100,190.96397829055786,73612,74157.71,ONE_POINT,100,100,RANDOM,
truncation_1,0.5,80,41,2150,195.72398567199707,72947,73697.31,ONE_POINT,100,100,RANDOM,
truncation_1,0.5,80,42,2200,200.46310758590698,72162,73011.83,ONE_POINT,100,100,RANDOM,
truncation_1,0.5,80,43,2250,205.24405884742737,71967,72407.17,ONE_POINT,100,100,RANDOM,
truncation_1,0.5,80,44,2300,209.98041486740112,71330,71980.89,ONE_POINT,100,100,RANDOM,
truncation_1,0.5,80,45,2350,214.7505259513855,69350,71298.85,ONE_POINT,100,100,RANDOM,
truncation_1,0.5,80,46,2400,219.5355155467987,69000,70267.17,ONE_POINT,100,100,RANDOM,
truncation_1,0.5,80,47,2450,224.26840090751648,68774,69344.7,ONE_POINT,100,100,RANDOM,
truncation_1,0.5,80,48,2500,229.01207160949707,68294,68879.22,ONE_POINT,100,100,RANDOM,
truncation_1,0.5,80,49,2550,233.73885822296143,67292,68369.03,ONE_POINT,100,100,RANDOM,
truncation_1,0.5,80,50,2600,238.453941822052,66568,67802.98,ONE_POINT,100,100,RANDOM,
truncation_1,0.5,80,51,2650,243.23762035369873,66333,67057.68,ONE_POINT,100,100,RANDOM,
truncation_1,0.5,80,52,2700,247.996239900589,66060,66548.11,ONE_POINT,100,100,RANDOM,
truncation_1,0.5,80,53,2750,252.78393650054932,65987,66199.53,ONE_POINT,100,100,RANDOM,
truncation_1,0.5,80,54,2800,257.51332926750183,65325,65997.71,ONE_POINT,100,100,RANDOM,
truncation_1,0.5,80,55,2850,262.27619981765747,65153,65630.04,ONE_POINT,100,100,RANDOM,
truncation_1,0.5,80,56,2900,267.0432574748993,63928,65068.88,ONE_POINT,100,100,RANDOM,
truncation_1,0.5,80,57,2950,271.77469301223755,63081,64164.11,ONE_POINT,100,100,RANDOM,
truncation_1,0.5,80,58,3000,276.4892375469208,62472,63330.3,ONE_POINT,100,100,RANDOM,
truncation_1,0.5,80,59,3050,281.29397082328796,61831,62675.26,ONE_POINT,100,100,RANDOM,
truncation_1,0.5,80,60,3100,285.9983916282654,61284,61992.07,ONE_POINT,100,100,RANDOM,
truncation_1,0.5,80,61,3150,290.80735039711,60932,61446.52,ONE_POINT,100,100,RANDOM,
truncation_1,0.5,80,62,3200,295.56357741355896,60106,60998.99,ONE_POINT,100,100,RANDOM,
truncation_1,0.5,80,63,3250,300.3067104816437,59613,60444.09,ONE_POINT,100,100,RANDOM,
truncation_1,0.5,80,64,3300,305.02319598197937,59222,59921.98,ONE_POINT,100,100,RANDOM,
truncation_1,0.5,80,65,3350,309.82976055145264,58451,59383.06,ONE_POINT,100,100,RANDOM,
truncation_1,0.5,80,66,3400,314.56394147872925,58285,58772.78,ONE_POINT,100,100,RANDOM,
truncation_1,0.5,80,67,3450,319.388546705246,57846,58425.89,ONE_POINT,100,100,RANDOM,
truncation_1,0.5,80,68,3500,324.12022972106934,57416,58016.48,ONE_POINT,100,100,RANDOM,
truncation_1,0.5,80,69,3550,328.9055926799774,57136,57632.3,ONE_POINT,100,100,RANDOM,
truncation_1,0.5,80,70,3600,333.66148495674133,56955,57274.82,ONE_POINT,100,100,RANDOM,
truncation_1,0.5,80,71,3650,338.37689900398254,56731,57018.4,ONE_POINT,100,100,RANDOM,
truncation_1,0.5,80,72,3700,343.06345868110657,56334,56707.36,ONE_POINT,100,100,RANDOM,
truncation_1,0.5,80,73,3750,347.7700865268707,56246,56466.69,ONE_POINT,100,100,RANDOM,
truncation_1,0.5,80,74,3800,352.4980294704437,55904,56232.67,ONE_POINT,100,100,RANDOM,
truncation_1,0.5,80,75,3850,357.25505900382996,55875,56087.59,ONE_POINT,100,100,RANDOM,
truncation_1,0.5,80,76,3900,362.0862295627594,55180,55801.5,ONE_POINT,100,100,RANDOM,
truncation_1,0.5,80,77,3950,367.0096299648285,54878,55441.8,ONE_POINT,100,100,RANDOM,
truncation_1,0.5,80,78,4000,371.90710973739624,53812,54798.79,ONE_POINT,100,100,RANDOM,
truncation_1,0.5,80,79,4050,376.65429735183716,53667,54187.72,ONE_POINT,100,100,RANDOM,
truncation_1,0.5,80,80,4100,381.4638855457306,53632,53805.78,ONE_POINT,100,100,RANDOM,
truncation_1,0.5,80,81,4150,386.2968499660492,52864,53500.33,ONE_POINT,100,100,RANDOM,
truncation_1,0.5,80,82,4200,391.0474343299866,52648,53152.64,ONE_POINT,100,100,RANDOM,
truncation_1,0.5,80,83,4250,395.74169063568115,52309,52747.06,ONE_POINT,100,100,RANDOM,
truncation_1,0.5,80,84,4300,400.4742352962494,52015,52433.9,ONE_POINT,100,100,RANDOM,
truncation_1,0.5,80,85,4350,405.2117221355438,51794,52151.3,ONE_POINT,100,100,RANDOM,
truncation_1,0.5,80,86,4400,409.88977336883545,51498,51889.79,ONE_POINT,100,100,RANDOM,
truncation_1,0.5,80,87,4450,414.60030245780945,51283,51597.98,ONE_POINT,100,100,RANDOM,
truncation_1,0.5,80,88,4500,419.39268350601196,51283,51442.91,ONE_POINT,100,100,RANDOM,
truncation_1,0.5,80,89,4550,424.17251801490784,51083,51304.87,ONE_POINT,100,100,RANDOM,
truncation_1,0.5,80,90,4600,428.88791513442993,50742,51144.0,ONE_POINT,100,100,RANDOM,
truncation_1,0.5,80,91,4650,433.650776386261,50414,50931.46,ONE_POINT,100,100,RANDOM,
truncation_1,0.5,80,92,4700,438.45225858688354,50328,50664.68,ONE_POINT,100,100,RANDOM,
truncation_1,0.5,80,93,4750,443.3272988796234,50026,50401.2,ONE_POINT,100,100,RANDOM,
truncation_1,0.5,80,94,4800,448.26672983169556,49598,50086.73,ONE_POINT,100,100,RANDOM,
truncation_1,0.5,80,95,4850,453.02178978919983,49592,49811.6,ONE_POINT,100,100,RANDOM,
truncation_1,0.5,80,96,4900,457.7394607067108,49497,49655.6,ONE_POINT,100,100,RANDOM,
truncation_1,0.5,80,97,4950,462.49268531799316,49410,49539.39,ONE_POINT,100,100,RANDOM,
truncation_1,0.5,80,98,5000,467.26752161979675,49343,49470.75,ONE_POINT,100,100,RANDOM,
truncation_1,0.5,80,99,5050,472.06674695014954,49035,49316.18,ONE_POINT,100,100,RANDOM,
truncation_1,0.5,80,100,5100,476.91121459007263,48320,49033.57,ONE_POINT,100,100,RANDOM,
truncation_1,0.5,80,101,5150,481.66110396385193,47994,48582.05,ONE_POINT,100,100,RANDOM,
truncation_1,0.5,80,102,5200,486.4174518585205,47982,48246.58,ONE_POINT,100,100,RANDOM,
truncation_1,0.5,80,103,5250,491.14556646347046,47731,48045.22,ONE_POINT,100,100,RANDOM,
truncation_1,0.5,80,104,5300,495.8365683555603,47424,47801.25,ONE_POINT,100,100,RANDOM,
truncation_1,0.5,80,105,5350,500.56498861312866,47408,47625.3,ONE_POINT,100,100,RANDOM,
truncation_1,0.5,80,106,5400,505.2963647842407,47289,47447.78,ONE_POINT,100,100,RANDOM,
truncation_1,0.5,80,107,5450,510.05733728408813,46728,47299.05,ONE_POINT,100,100,RANDOM,
truncation_1,0.5,80,108,5500,514.8065361976624,46653,47022.03,ONE_POINT,100,100,RANDOM,
truncation_1,0.5,80,109,5550,519.543440580368,46213,46684.76,ONE_POINT,100,100,RANDOM,
truncation_1,0.5,80,110,5600,524.3556702136993,46096,46444.62,ONE_POINT,100,100,RANDOM,
truncation_1,0.5,80,111,5650,529.1323854923248,46072,46261.55,ONE_POINT,100,100,RANDOM,
truncation_1,0.5,80,112,5700,533.8362948894501,45949,46099.78,ONE_POINT,100,100,RANDOM,
truncation_1,0.5,80,113,5750,538.5430953502655,45659,45998.89,ONE_POINT,100,100,RANDOM,
truncation_1,0.5,80,114,5800,543.2998898029327,45117,45745.3,ONE_POINT,100,100,RANDOM,
truncation_1,0.5,80,115,5850,548.0378196239471,45049,45488.27,ONE_POINT,100,100,RANDOM,
truncation_1,0.5,80,116,5900,552.7757842540741,44764,45108.5,ONE_POINT,100,100,RANDOM,
truncation_1,0.5,80,117,5950,557.5179767608643,44568,44911.98,ONE_POINT,100,100,RANDOM,
truncation_1,0.5,80,118,6000,562.397736787796,44548,44717.74,ONE_POINT,100,100,RANDOM,
truncation_1,0.5,80,119,6050,567.1824278831482,44492,44618.66,ONE_POINT,100,100,RANDOM,
truncation_1,0.5,80,120,6100,571.9143710136414,43838,44428.39,ONE_POINT,100,100,RANDOM,
truncation_1,0.5,80,121,6150,576.6751420497894,43821,44165.94,ONE_POINT,100,100,RANDOM,
truncation_1,0.5,80,122,6200,581.4487447738647,43755,43880.3,ONE_POINT,100,100,RANDOM,
truncation_1,0.5,80,123,6250,586.2120015621185,43697,43781.62,ONE_POINT,100,100,RANDOM,
truncation_1,0.5,80,124,6300,590.960040807724,43572,43721.4,ONE_POINT,100,100,RANDOM,
truncation_1,0.5,80,125,6350,595.7203686237335,43449,43619.09,ONE_POINT,100,100,RANDOM,
truncation_1,0.5,80,126,6400,600.4746716022491,43334,43489.81,ONE_POINT,100,100,RANDOM,
truncation_1,0.5,80,127,6450,605.2999472618103,43216,43393.08,ONE_POINT,100,100,RANDOM,
truncation_1,0.5,80,128,6500,610.0218679904938,43133,43316.88,ONE_POINT,100,100,RANDOM,
truncation_1,0.5,80,129,6550,614.7931110858917,43091,43239.56,ONE_POINT,100,100,RANDOM,
truncation_1,0.5,80,130,6600,619.5060751438141,43046,43172.14,ONE_POINT,100,100,RANDOM,
truncation_1,0.5,80,131,6650,624.2735319137573,43019,43096.47,ONE_POINT,100,100,RANDOM,
truncation_1,0.5,80,132,6700,629.0765407085419,42964,43052.29,ONE_POINT,100,100,RANDOM,
truncation_1,0.5,80,133,6750,633.8474669456482,42822,43008.4,ONE_POINT,100,100,RANDOM,
truncation_1,0.5,80,134,6800,638.6653962135315,42716,42915.93,ONE_POINT,100,100,RANDOM,
truncation_1,0.5,80,135,6850,643.4087297916412,42683,42825.48,ONE_POINT,100,100,RANDOM,
truncation_1,0.5,80,136,6900,648.170060634613,42580,42716.76,ONE_POINT,100,100,RANDOM,
truncation_1,0.5,80,137,6950,652.8495781421661,42274,42535.86,ONE_POINT,100,100,RANDOM,
truncation_1,0.5,80,138,7000,657.6365811824799,42232,42396.24,ONE_POINT,100,100,RANDOM,
truncation_1,0.5,80,139,7050,662.3552253246307,42212,42273.02,ONE_POINT,100,100,RANDOM,
truncation_1,0.5,80,140,7100,667.0847771167755,42210,42239.63,ONE_POINT,100,100,RANDOM,
truncation_1,0.5,80,141,7150,671.8200490474701,41991,42202.74,ONE_POINT,100,100,RANDOM,
truncation_1,0.5,80,142,7200,676.5807566642761,41728,42058.78,ONE_POINT,100,100,RANDOM,
truncation_1,0.5,80,143,7250,681.3214592933655,41712,41897.18,ONE_POINT,100,100,RANDOM,
truncation_1,0.5,80,144,7300,686.0600504875183,41541,41746.19,ONE_POINT,100,100,RANDOM,
truncation_1,0.5,80,145,7350,690.849769115448,41536,41646.71,ONE_POINT,100,100,RANDOM,
truncation_1,0.5,80,146,7400,695.6727976799011,41487,41581.0,ONE_POINT,100,100,RANDOM,
truncation_1,0.5,80,147,7450,700.3900787830353,41310,41452.67,ONE_POINT,100,100,RANDOM,
truncation_1,0.5,80,148,7500,705.1111495494843,41131,41342.97,ONE_POINT,100,100,RANDOM,
truncation_1,0.5,80,149,7550,709.8374083042145,41040,41228.84,ONE_POINT,100,100,RANDOM,
truncation_1,0.5,80,150,7600,714.6171588897705,41040,41156.42,ONE_POINT,100,100,RANDOM,
truncation_1,0.5,80,151,7650,719.4690184593201,40997,41084.52,ONE_POINT,100,100,RANDOM,
truncation_1,0.5,80,152,7700,724.2278325557709,40987,41046.55,ONE_POINT,100,100,RANDOM,
truncation_1,0.5,80,153,7750,729.0292332172394,40987,41012.6,ONE_POINT,100,100,RANDOM,
truncation_1,0.5,80,154,7800,733.7333102226257,40810,40966.98,ONE_POINT,100,100,RANDOM,
truncation_1,0.5,80,155,7850,738.486447095871,40750,40920.0,ONE_POINT,100,100,RANDOM,
truncation_1,0.5,80,156,7900,743.241715669632,40750,40845.71,ONE_POINT,100,100,RANDOM,
truncation_1,0.5,80,157,7950,747.9865272045135,40750,40790.84,ONE_POINT,100,100,RANDOM,
truncation_1,0.5,80,158,8000,752.7869288921356,40535,40753.36,ONE_POINT,100,100,RANDOM,
truncation_1,0.5,80,159,8050,757.4961717128754,40494,40666.13,ONE_POINT,100,100,RANDOM,
truncation_1,0.5,80,160,8100,762.280814409256,40475,40582.18,ONE_POINT,100,100,RANDOM,
truncation_1,0.5,80,161,8150,766.9794132709503,40453,40497.7,ONE_POINT,100,100,RANDOM,
truncation_1,0.5,80,162,8200,771.7337386608124,40435,40468.48,ONE_POINT,100,100,RANDOM,
truncation_1,0.5,80,163,8250,776.5345900058746,40291,40441.43,ONE_POINT,100,100,RANDOM,
truncation_1,0.5,80,164,8300,781.3728125095367,40140,40372.27,ONE_POINT,100,100,RANDOM,
truncation_1,0.5,80,165,8350,786.1598489284515,40042,40267.11,ONE_POINT,100,100,RANDOM,
truncation_1,0.5,80,166,8400,790.8817389011383,40038,40165.22,ONE_POINT,100,100,RANDOM,
truncation_1,0.5,80,167,8450,795.6414604187012,40036,40084.72,ONE_POINT,100,100,RANDOM,
truncation_1,0.5,80,168,8500,800.3478045463562,40028,40036.95,ONE_POINT,100,100,RANDOM,
truncation_1,0.5,80,169,8550,805.1178379058838,39924,40008.92,ONE_POINT,100,100,RANDOM,
truncation_1,0.5,80,170,8600,809.8998849391937,39907,39973.74,ONE_POINT,100,100,RANDOM,
truncation_1,0.5,80,171,8650,814.6530644893646,39900,39940.34,ONE_POINT,100,100,RANDOM,
truncation_1,0.5,80,172,8700,819.4335582256317,39885,39911.15,ONE_POINT,100,100,RANDOM,
truncation_1,0.5,80,173,8750,824.2088012695312,39885,39902.01,ONE_POINT,100,100,RANDOM,
truncation_1,0.5,80,174,8800,828.9507145881653,39791,39882.43,ONE_POINT,100,100,RANDOM,
truncation_1,0.5,80,175,8850,833.6945362091064,39786,39853.82,ONE_POINT,100,100,RANDOM,
truncation_1,0.5,80,176,8900,838.530632019043,39783,39818.96,ONE_POINT,100,100,RANDOM,
truncation_1,0.5,80,177,8950,843.2721240520477,39765,39787.13,ONE_POINT,100,100,RANDOM,
truncation_1,0.5,80,178,9000,848.014760017395,39714,39767.44,ONE_POINT,100,100,RANDOM,
truncation_1,0.5,80,179,9050,852.7511873245239,39628,39737.21,ONE_POINT,100,100,RANDOM,
truncation_1,0.5,80,180,9100,857.4459328651428,39625,39694.92,ONE_POINT,100,100,RANDOM,
truncation_1,0.5,80,181,9150,862.1566603183746,39558,39649.06,ONE_POINT,100,100,RANDOM,
truncation_1,0.5,80,182,9200,866.8964450359344,39509,39603.82,ONE_POINT,100,100,RANDOM,
truncation_1,0.5,80,183,9250,871.6914479732513,39507,39567.47,ONE_POINT,100,100,RANDOM,
truncation_1,0.5,80,184,9300,876.46706199646,39504,39535.55,ONE_POINT,100,100,RANDOM,
truncation_1,0.5,80,185,9350,881.2217192649841,39484,39511.55,ONE_POINT,100,100,RANDOM,
truncation_1,0.5,80,186,9400,885.9581847190857,39433,39485.26,ONE_POINT,100,100,RANDOM,
truncation_1,0.5,80,187,9450,890.6898851394653,39231,39420.65,ONE_POINT,100,100,RANDOM,
truncation_1,0.5,80,188,9500,895.4109857082367,39231,39340.64,ONE_POINT,100,100,RANDOM,
truncation_1,0.5,80,189,9550,900.1498398780823,39145,39243.82,ONE_POINT,100,100,RANDOM,
truncation_1,0.5,80,190,9600,904.901547908783,39094,39183.39,ONE_POINT,100,100,RANDOM,
truncation_1,0.5,80,191,9650,909.6677434444427,39016,39140.43,ONE_POINT,100,100,RANDOM,
truncation_1,0.5,80,192,9700,914.3739776611328,38947,39067.19,ONE_POINT,100,100,RANDOM,
truncation_1,0.5,80,193,9750,919.2967064380646,38752,38952.09,ONE_POINT,100,100,RANDOM,
truncation_1,0.5,80,194,9800,924.0164303779602,38712,38825.27,ONE_POINT,100,100,RANDOM,
truncation_1,0.5,80,195,9850,928.7667262554169,38510,38723.6,ONE_POINT,100,100,RANDOM,
truncation_1,0.5,80,196,9900,933.5083973407745,38317,38601.03,ONE_POINT,100,100,RANDOM,
truncation_1,0.5,80,197,9950,938.2432608604431,37975,38435.86,ONE_POINT,100,100,RANDOM,
truncation_1,0.5,80,198,10000,942.9377937316895,37901,38220.6,ONE_POINT,100,100,RANDOM,
truncation_1,0.5,80,199,10050,947.6635251045227,37898,38034.22,ONE_POINT,100,100,RANDOM,
truncation_1,0.5,80,200,10100,952.4101538658142,37685,37915.74,ONE_POINT,100,100,RANDOM,
truncation_1,0.5,80,201,10150,957.1580059528351,37685,37808.79,ONE_POINT,100,100,RANDOM,
truncation_1,0.5,80,202,10200,961.9263019561768,37654,37742.18,ONE_POINT,100,100,RANDOM,
truncation_1,0.5,80,203,10250,966.6738202571869,37412,37655.85,ONE_POINT,100,100,RANDOM,
truncation_1,0.5,80,204,10300,971.4394369125366,37382,37544.12,ONE_POINT,100,100,RANDOM,
truncation_1,0.5,80,205,10350,976.1527647972107,37377,37458.93,ONE_POINT,100,100,RANDOM,
truncation_1,0.5,80,206,10400,980.9154651165009,37362,37401.03,ONE_POINT,100,100,RANDOM,
truncation_1,0.5,80,207,10450,985.7913303375244,37350,37373.66,ONE_POINT,100,100,RANDOM,
truncation_1,0.5,80,208,10500,990.5973052978516,37332,37357.72,ONE_POINT,100,100,RANDOM,
truncation_1,0.5,80,209,10550,995.3362720012665,37332,37343.88,ONE_POINT,100,100,RANDOM,
truncation_1,0.5,80,210,10600,1000.1285681724548,37323,37333.33,ONE_POINT,100,100,RANDOM,
truncation_1,0.5,80,211,10650,1004.8697378635406,37258,37323.46,ONE_POINT,100,100,RANDOM,
truncation_1,0.5,80,212,10700,1009.6570355892181,37256,37305.72,ONE_POINT,100,100,RANDOM,
truncation_1,0.5,80,213,10750,1014.4729685783386,37251,37289.36,ONE_POINT,100,100,RANDOM,
truncation_1,0.5,80,214,10800,1019.315217256546,37203,37264.05,ONE_POINT,100,100,RANDOM,
truncation_1,0.5,80,215,10850,1024.026587486267,37203,37237.1,ONE_POINT,100,100,RANDOM,
truncation_1,0.5,80,216,10900,1028.7963786125183,37187,37225.23,ONE_POINT,100,100,RANDOM,
truncation_1,0.5,80,217,10950,1033.4891023635864,37176,37204.07,ONE_POINT,100,100,RANDOM,
truncation_1,0.5,80,218,11000,1038.2521142959595,37176,37188.84,ONE_POINT,100,100,RANDOM,
truncation_1,0.5,80,219,11050,1043.016521692276,37084,37169.31,ONE_POINT,100,100,RANDOM,
truncation_1,0.5,80,220,11100,1047.758071899414,37047,37140.77,ONE_POINT,100,100,RANDOM,
truncation_1,0.5,80,221,11150,1052.5434246063232,37027,37107.23,ONE_POINT,100,100,RANDOM,
truncation_1,0.5,80,222,11200,1057.3624222278595,37027,37058.74,ONE_POINT,100,100,RANDOM,
truncation_1,0.5,80,223,11250,1062.106807231903,37024,37035.91,ONE_POINT,100,100,RANDOM,
truncation_1,0.5,80,224,11300,1066.8649280071259,36998,37018.92,ONE_POINT,100,100,RANDOM,
truncation_1,0.5,80,225,11350,1071.586027622223,36958,37011.17,ONE_POINT,100,100,RANDOM,
truncation_1,0.5,80,226,11400,1076.356951713562,36861,36977.17,ONE_POINT,100,100,RANDOM,
truncation_1,0.5,80,227,11450,1081.1183121204376,36841,36933.87,ONE_POINT,100,100,RANDOM,
truncation_1,0.5,80,228,11500,1085.8473241329193,36770,36887.25,ONE_POINT,100,100,RANDOM,
truncation_1,0.5,80,229,11550,1090.5655846595764,36770,36835.81,ONE_POINT,100,100,RANDOM,
truncation_1,0.5,80,230,11600,1095.2820205688477,36765,36803.57,ONE_POINT,100,100,RANDOM,
truncation_1,0.5,80,231,11650,1100.027687072754,36765,36778.75,ONE_POINT,100,100,RANDOM,
truncation_1,0.5,80,232,11700,1104.7067716121674,36764,36767.01,ONE_POINT,100,100,RANDOM,
truncation_1,0.5,80,233,11750,1109.5045838356018,36760,36765.07,ONE_POINT,100,100,RANDOM,
truncation_1,0.5,80,234,11800,1114.2633063793182,36760,36763.04,ONE_POINT,100,100,RANDOM,
truncation_1,0.5,80,235,11850,1119.014806985855,36703,36748.03,ONE_POINT,100,100,RANDOM,
truncation_1,0.5,80,236,11900,1123.7095675468445,36703,36729.46,ONE_POINT,100,100,RANDOM,
truncation_1,0.5,80,237,11950,1128.4281044006348,36696,36713.13,ONE_POINT,100,100,RANDOM,
truncation_1,0.5,80,238,12000,1133.1402578353882,36611,36687.38,ONE_POINT,100,100,RANDOM,
truncation_1,0.5,80,239,12050,1137.8259835243225,36589,36658.81,ONE_POINT,100,100,RANDOM,
truncation_1,0.5,80,240,12100,1142.5848224163055,36568,36626.46,ONE_POINT,100,100,RANDOM,
truncation_1,0.5,80,241,12150,1147.3406536579132,36552,36597.98,ONE_POINT,100,100,RANDOM,
truncation_1,0.5,80,242,12200,1152.0774238109589,36208,36542.92,ONE_POINT,100,100,RANDOM,
truncation_1,0.5,80,243,12250,1156.7889404296875,36140,36408.81,ONE_POINT,100,100,RANDOM,
truncation_1,0.5,80,244,12300,1161.5850820541382,36139,36297.57,ONE_POINT,100,100,RANDOM,
truncation_1,0.5,80,245,12350,1166.319887638092,36130,36176.52,ONE_POINT,100,100,RANDOM,
truncation_1,0.5,80,246,12400,1171.0655608177185,36077,36136.44,ONE_POINT,100,100,RANDOM,
truncation_1,0.5,80,247,12450,1175.7955226898193,36042,36110.51,ONE_POINT,100,100,RANDOM,
truncation_1,0.5,80,248,12500,1180.5143783092499,36042,36088.75,ONE_POINT,100,100,RANDOM,
truncation_1,0.5,80,249,12550,1185.2387866973877,36000,36062.26,ONE_POINT,100,100,RANDOM,
truncation_1,0.5,80,250,12600,1189.9796183109283,36000,36035.57,ONE_POINT,100,100,RANDOM,
truncation_1,0.5,80,251,12650,1194.69020652771,36000,36016.44,ONE_POINT,100,100,RANDOM,
truncation_1,0.5,80,252,12700,1199.4856595993042,35942,35998.58,ONE_POINT,100,100,RANDOM,
truncation_1,0.5,80,253,12750,1204.2762978076935,35827,35964.59,ONE_POINT,100,100,RANDOM,
truncation_1,0.5,80,254,12800,1209.0011548995972,35808,35913.12,ONE_POINT,100,100,RANDOM,
truncation_1,0.5,80,255,12850,1213.7527680397034,35808,35856.06,ONE_POINT,100,100,RANDOM,
truncation_1,0.5,80,256,12900,1218.4693129062653,35753,35812.36,ONE_POINT,100,100,RANDOM,
truncation_1,0.5,80,257,12950,1223.1947350502014,35752,35792.07,ONE_POINT,100,100,RANDOM,
truncation_1,0.5,80,258,13000,1228.0266964435577,35719,35766.73,ONE_POINT,100,100,RANDOM,
truncation_1,0.5,80,259,13050,1232.701195716858,35705,35741.46,ONE_POINT,100,100,RANDOM,
truncation_1,0.5,80,260,13100,1236.6773579120636,35705,35726.52,ONE_POINT,100,100,RANDOM,
truncation_1,0.5,80,261,13150,1240.4682400226593,35682,35712.25,ONE_POINT,100,100,RANDOM,
truncation_1,0.5,80,262,13200,1244.4384887218475,35679,35702.66,ONE_POINT,100,100,RANDOM,
truncation_1,0.5,80,263,13250,1248.2257986068726,35679,35693.98,ONE_POINT,100,100,RANDOM,
truncation_1,0.5,80,264,13300,1252.058024406433,35678,35686.86,ONE_POINT,100,100,RANDOM,
truncation_1,0.5,80,265,13350,1255.9470987319946,35666,35678.99,ONE_POINT,100,100,RANDOM,
truncation_1,0.5,80,266,13400,1259.744901895523,35656,35674.03,ONE_POINT,100,100,RANDOM,
truncation_1,0.5,80,267,13450,1263.5385298728943,35617,35665.43,ONE_POINT,100,100,RANDOM,
truncation_1,0.5,80,268,13500,1267.3833281993866,35594,35645.32,ONE_POINT,100,100,RANDOM,
truncation_1,0.5,80,269,13550,1271.185385942459,35580,35627.0,ONE_POINT,100,100,RANDOM,
truncation_1,0.5,80,270,13600,1275.0389804840088,35578,35599.96,ONE_POINT,100,100,RANDOM,
truncation_1,0.5,80,271,13650,1278.842209815979,35578,35585.81,ONE_POINT,100,100,RANDOM,
truncation_1,0.5,80,272,13700,1282.6483294963837,35576,35578.43,ONE_POINT,100,100,RANDOM,
truncation_1,0.5,80,273,13750,1286.4800126552582,35567,35577.03,ONE_POINT,100,100,RANDOM,
truncation_1,0.5,80,274,13800,1290.3012342453003,35567,35573.82,ONE_POINT,100,100,RANDOM,
truncation_1,0.5,80,275,13850,1294.0922181606293,35549,35566.14,ONE_POINT,100,100,RANDOM,
truncation_1,0.5,80,276,13900,1297.9035754203796,35547,35559.02,ONE_POINT,100,100,RANDOM,
truncation_1,0.5,80,277,13950,1301.7379786968231,35547,35551.97,ONE_POINT,100,100,RANDOM,
truncation_1,0.5,80,278,14000,1305.5776591300964,35406,35532.21,ONE_POINT,100,100,RANDOM,
truncation_1,0.5,80,279,14050,1309.3796479701996,35406,35497.19,ONE_POINT,100,100,RANDOM,
truncation_1,0.5,80,280,14100,1313.1391303539276,35391,35454.43,ONE_POINT,100,100,RANDOM,
truncation_1,0.5,80,281,14150,1317.007315158844,35353,35402.2,ONE_POINT,100,100,RANDOM,
truncation_1,0.5,80,282,14200,1320.8414463996887,35344,35381.05,ONE_POINT,100,100,RANDOM,
truncation_1,0.5,80,283,14250,1324.6303660869598,35344,35368.09,ONE_POINT,100,100,RANDOM,
truncation_1,0.5,80,284,14300,1328.4335010051727,35344,35354.85,ONE_POINT,100,100,RANDOM,
truncation_1,0.5,80,285,14350,1332.2288599014282,35344,35346.09,ONE_POINT,100,100,RANDOM,
truncation_1,0.5,80,286,14400,1336.0308060646057,35344,35344.48,ONE_POINT,100,100,RANDOM,
truncation_1,0.5,80,287,14450,1339.8270287513733,35344,35344.0,ONE_POINT,100,100,RANDOM,
truncation_1,0.5,80,288,14500,1343.6440312862396,35342,35343.92,ONE_POINT,100,100,RANDOM,
truncation_1,0.5,80,289,14550,1347.6916563510895,35342,35343.56,ONE_POINT,100,100,RANDOM,
truncation_1,0.5,80,290,14600,1351.5545077323914,35309,35340.02,ONE_POINT,100,100,RANDOM,
truncation_1,0.5,80,291,14650,1355.3856971263885,35309,35331.03,ONE_POINT,100,100,RANDOM,
truncation_1,0.5,80,292,14700,1359.2159683704376,35278,35320.85,ONE_POINT,100,100,RANDOM,
truncation_1,0.5,80,293,14750,1363.0314254760742,35278,35301.23,ONE_POINT,100,100,RANDOM,
truncation_1,0.5,80,294,14800,1366.839507341385,35278,35291.95,ONE_POINT,100,100,RANDOM,
truncation_1,0.5,80,295,14850,1370.6597256660461,35274,35284.57,ONE_POINT,100,100,RANDOM,
truncation_1,0.5,80,296,14900,1374.4765174388885,35269,35276.12,ONE_POINT,100,100,RANDOM,
truncation_1,0.5,80,297,14950,1378.3016872406006,35268,35273.21,ONE_POINT,100,100,RANDOM,
truncation_1,0.5,80,298,15000,1382.127841949463,35255,35269.01,ONE_POINT,100,100,RANDOM,
truncation_1,0.5,80,299,15050,1385.9974155426025,35210,35261.47,ONE_POINT,100,100,RANDOM,
truncation_1,0.5,80,300,15100,1389.8108170032501,35208,35244.94,ONE_POINT,100,100,RANDOM,
truncation_1,0.5,80,301,15150,1393.6351885795593,35190,35225.55,ONE_POINT,100,100,RANDOM,
truncation_1,0.5,80,302,15200,1397.4668681621552,35171,35210.64,ONE_POINT,100,100,RANDOM,
truncation_1,0.5,80,303,15250,1401.3066129684448,35171,35193.22,ONE_POINT,100,100,RANDOM,
truncation_1,0.5,80,304,15300,1405.1408107280731,35170,35182.51,ONE_POINT,100,100,RANDOM,
truncation_1,0.5,80,305,15350,1408.9708995819092,34978,35166.81,ONE_POINT,100,100,RANDOM,
truncation_1,0.5,80,306,15400,1412.779284477234,34975,35117.73,ONE_POINT,100,100,RANDOM,
truncation_1,0.5,80,307,15450,1416.6190962791443,34975,35064.01,ONE_POINT,100,100,RANDOM,
truncation_1,0.5,80,308,15500,1420.4482016563416,34975,35007.93,ONE_POINT,100,100,RANDOM,
truncation_1,0.5,80,309,15550,1424.2546529769897,34971,34975.09,ONE_POINT,100,100,RANDOM,
truncation_1,0.5,80,310,15600,1428.060992717743,34968,34973.36,ONE_POINT,100,100,RANDOM,
truncation_1,0.5,80,311,15650,1431.8770244121552,34968,34971.87,ONE_POINT,100,100,RANDOM,
truncation_1,0.5,80,312,15700,1435.6680908203125,34960,34969.08,ONE_POINT,100,100,RANDOM,
truncation_1,0.5,80,313,15750,1439.489039182663,34895,34949.85,ONE_POINT,100,100,RANDOM,
truncation_1,0.5,80,314,15800,1443.3228611946106,34873,34925.75,ONE_POINT,100,100,RANDOM,
truncation_1,0.5,80,315,15850,1447.2352986335754,34861,34899.36,ONE_POINT,100,100,RANDOM,
truncation_1,0.5,80,316,15900,1451.3011257648468,34839,34872.69,ONE_POINT,100,100,RANDOM,
truncation_1,0.5,80,317,15950,1455.1363999843597,34798,34857.65,ONE_POINT,100,100,RANDOM,
truncation_1,0.5,80,318,16000,1458.9854452610016,34797,34833.47,ONE_POINT,100,100,RANDOM,
truncation_1,0.5,80,319,16050,1462.7867240905762,34793,34814.26,ONE_POINT,100,100,RANDOM,
truncation_1,0.5,80,320,16100,1466.5890514850616,34793,34802.11,ONE_POINT,100,100,RANDOM,
truncation_1,0.5,80,321,16150,1470.4176049232483,34790,34795.11,ONE_POINT,100,100,RANDOM,
truncation_1,0.5,80,322,16200,1474.2210230827332,34732,34788.72,ONE_POINT,100,100,RANDOM,
truncation_1,0.5,80,323,16250,1478.0376107692719,34730,34771.82,ONE_POINT,100,100,RANDOM,
truncation_1,0.5,80,324,16300,1481.868159532547,34726,34756.83,ONE_POINT,100,100,RANDOM,
truncation_1,0.5,80,325,16350,1485.6809418201447,34721,34735.75,ONE_POINT,100,100,RANDOM,
truncation_1,0.5,80,326,16400,1489.4827489852905,34681,34722.74,ONE_POINT,100,100,RANDOM,
truncation_1,0.5,80,327,16450,1493.3205296993256,34681,34710.84,ONE_POINT,100,100,RANDOM,
truncation_1,0.5,80,328,16500,1497.2176065444946,34674,34698.47,ONE_POINT,100,100,RANDOM,
truncation_1,0.5,80,329,16550,1501.0842232704163,34674,34689.33,ONE_POINT,100,100,RANDOM,
truncation_1,0.5,80,330,16600,1504.9037246704102,34666,34676.92,ONE_POINT,100,100,RANDOM,
truncation_1,0.5,80,331,16650,1508.746855020523,34640,34668.02,ONE_POINT,100,100,RANDOM,
truncation_1,0.5,80,332,16700,1512.5921113491058,34605,34647.96,ONE_POINT,100,100,RANDOM,
truncation_1,0.5,80,333,16750,1516.4091255664825,34605,34629.06,ONE_POINT,100,100,RANDOM,
truncation_1,0.5,80,334,16800,1520.2662606239319,34605,34613.49,ONE_POINT,100,100,RANDOM,
truncation_1,0.5,80,335,16850,1524.0980939865112,34605,34606.21,ONE_POINT,100,100,RANDOM,
truncation_1,0.5,80,336,16900,1527.9532799720764,34599,34603.88,ONE_POINT,100,100,RANDOM,
truncation_1,0.5,80,337,16950,1531.8416647911072,34599,34602.83,ONE_POINT,100,100,RANDOM,
truncation_1,0.5,80,338,17000,1535.6695334911346,34599,34601.39,ONE_POINT,100,100,RANDOM,
truncation_1,0.5,80,339,17050,1539.5037949085236,34599,34599.9,ONE_POINT,100,100,RANDOM,
truncation_1,0.5,80,340,17100,1543.3126757144928,34596,34598.73,ONE_POINT,100,100,RANDOM,
truncation_1,0.5,80,341,17150,1547.1210644245148,34596,34598.16,ONE_POINT,100,100,RANDOM,
truncation_1,0.5,80,342,17200,1550.9640481472015,34493,34580.14,ONE_POINT,100,100,RANDOM,
truncation_1,0.5,80,343,17250,1554.7814440727234,34475,34548.39,ONE_POINT,100,100,RANDOM,
truncation_1,0.5,80,344,17300,1558.6387057304382,34475,34515.31,ONE_POINT,100,100,RANDOM,
truncation_1,0.5,80,345,17350,1562.4604346752167,34475,34488.65,ONE_POINT,100,100,RANDOM,
truncation_1,0.5,80,346,17400,1566.2696442604065,34470,34475.52,ONE_POINT,100,100,RANDOM,
truncation_1,0.5,80,347,17450,1570.0945801734924,34467,34471.69,ONE_POINT,100,100,RANDOM,
truncation_1,0.5,80,348,17500,1573.8995003700256,34467,34469.99,ONE_POINT,100,100,RANDOM,
truncation_1,0.5,80,349,17550,1577.7224185466766,34467,34468.24,ONE_POINT,100,100,RANDOM,
truncation_1,0.5,80,350,17600,1581.5351560115814,34350,34451.68,ONE_POINT,100,100,RANDOM,
truncation_1,0.5,80,351,17650,1585.3971526622772,34350,34421.4,ONE_POINT,100,100,RANDOM,
truncation_1,0.5,80,352,17700,1589.2325332164764,34350,34396.76,ONE_POINT,100,100,RANDOM,
truncation_1,0.5,80,353,17750,1593.055697441101,34331,34362.66,ONE_POINT,100,100,RANDOM,
truncation_1,0.5,80,354,17800,1596.8927209377289,34331,34344.64,ONE_POINT,100,100,RANDOM,
truncation_1,0.5,80,355,17850,1600.732048034668,34324,34337.87,ONE_POINT,100,100,RANDOM,
truncation_1,0.5,80,356,17900,1604.6054348945618,34322,34330.57,ONE_POINT,100,100,RANDOM,
truncation_1,0.5,80,357,17950,1608.404726266861,34271,34324.74,ONE_POINT,100,100,RANDOM,
truncation_1,0.5,80,358,18000,1612.2413494586945,34268,34307.27,ONE_POINT,100,100,RANDOM,
truncation_1,0.5,80,359,18050,1616.0685412883759,34266,34296.74,ONE_POINT,100,100,RANDOM,
truncation_1,0.5,80,360,18100,1619.9312155246735,34266,34283.16,ONE_POINT,100,100,RANDOM,
truncation_1,0.5,80,361,18150,1623.7548587322235,34259,34270.22,ONE_POINT,100,100,RANDOM,
truncation_1,0.5,80,362,18200,1627.6367540359497,34257,34264.54,ONE_POINT,100,100,RANDOM,
truncation_1,0.5,80,363,18250,1631.4634234905243,34256,34261.42,ONE_POINT,100,100,RANDOM,
truncation_1,0.5,80,364,18300,1635.3016629219055,34234,34258.68,ONE_POINT,100,100,RANDOM,
truncation_1,0.5,80,365,18350,1639.1447808742523,34210,34246.76,ONE_POINT,100,100,RANDOM,
truncation_1,0.5,80,366,18400,1642.9712076187134,34210,34233.74,ONE_POINT,100,100,RANDOM,
truncation_1,0.5,80,367,18450,1646.806616306305,34210,34221.0,ONE_POINT,100,100,RANDOM,
truncation_1,0.5,80,368,18500,1650.6521546840668,34201,34210.68,ONE_POINT,100,100,RANDOM,
truncation_1,0.5,80,369,18550,1654.46968126297,34201,34206.31,ONE_POINT,100,100,RANDOM,
truncation_1,0.5,80,370,18600,1658.3200678825378,34184,34201.57,ONE_POINT,100,100,RANDOM,
truncation_1,0.5,80,371,18650,1662.1267113685608,34150,34189.9,ONE_POINT,100,100,RANDOM,
truncation_1,0.5,80,372,18700,1665.9774780273438,34118,34172.19,ONE_POINT,100,100,RANDOM,
truncation_1,0.5,80,373,18750,1669.7987823486328,34065,34144.73,ONE_POINT,100,100,RANDOM,
truncation_1,0.5,80,374,18800,1673.6555078029633,34065,34115.21,ONE_POINT,100,100,RANDOM,
truncation_1,0.5,80,375,18850,1677.5308544635773,33998,34090.52,ONE_POINT,100,100,RANDOM,
truncation_1,0.5,80,376,18900,1681.4857943058014,33998,34053.75,ONE_POINT,100,100,RANDOM,
truncation_1,0.5,80,377,18950,1685.3488919734955,33986,34027.86,ONE_POINT,100,100,RANDOM,
truncation_1,0.5,80,378,19000,1689.1921002864838,33976,34002.97,ONE_POINT,100,100,RANDOM,
truncation_1,0.5,80,379,19050,1693.0323243141174,33968,33985.51,ONE_POINT,100,100,RANDOM,
truncation_1,0.5,80,380,19100,1696.8412654399872,33968,33979.19,ONE_POINT,100,100,RANDOM,
truncation_1,0.5,80,381,19150,1700.6815164089203,33929,33969.79,ONE_POINT,100,100,RANDOM,
truncation_1,0.5,80,382,19200,1704.5413513183594,33928,33954.63,ONE_POINT,100,100,RANDOM,
truncation_1,0.5,80,383,19250,1708.3921632766724,33927,33941.82,ONE_POINT,100,100,RANDOM,
truncation_1,0.5,80,384,19300,1712.2497782707214,33927,33932.22,ONE_POINT,100,100,RANDOM,
truncation_1,0.5,80,385,19350,1716.0891695022583,33877,33917.99,ONE_POINT,100,100,RANDOM,
truncation_1,0.5,80,386,19400,1719.9018168449402,33877,33907.33,ONE_POINT,100,100,RANDOM,
truncation_1,0.5,80,387,19450,1723.7156641483307,33877,33894.94,ONE_POINT,100,100,RANDOM,
truncation_1,0.5,80,388,19500,1727.5562222003937,33811,33878.17,ONE_POINT,100,100,RANDOM,
truncation_1,0.5,80,389,19550,1731.3737263679504,33811,33855.6,ONE_POINT,100,100,RANDOM,
truncation_1,0.5,80,390,19600,1735.194755077362,33810,33839.24,ONE_POINT,100,100,RANDOM,
truncation_1,0.5,80,391,19650,1739.063951253891,33806,33822.87,ONE_POINT,100,100,RANDOM,
truncation_1,0.5,80,392,19700,1742.9110503196716,33805,33808.89,ONE_POINT,100,100,RANDOM,
truncation_1,0.5,80,393,19750,1746.7574241161346,33805,33807.59,ONE_POINT,100,100,RANDOM,
truncation_1,0.5,80,394,19800,1750.5952837467194,33798,33804.24,ONE_POINT,100,100,RANDOM,
truncation_1,0.5,80,395,19850,1754.4269607067108,33798,33802.09,ONE_POINT,100,100,RANDOM,
truncation_1,0.5,80,396,19900,1758.362214565277,33740,33787.16,ONE_POINT,100,100,RANDOM,
truncation_1,0.5,80,397,19950,1762.2116286754608,33740,33778.17,ONE_POINT,100,100,RANDOM,
truncation_1,0.5,80,398,20000,1766.041997909546,33738,33763.05,ONE_POINT,100,100,RANDOM,
truncation_1,0.5,80,399,20050,1769.885586977005,33737,33747.69,ONE_POINT,100,100,RANDOM,
truncation_1,0.5,80,400,20100,1773.6819369792938,33653,33731.46,ONE_POINT,100,100,RANDOM,
truncation_1,0.5,80,401,20150,1777.5391194820404,33653,33710.64,ONE_POINT,100,100,RANDOM,
truncation_1,0.5,80,402,20200,1781.4103424549103,33646,33688.5,ONE_POINT,100,100,RANDOM,
truncation_1,0.5,80,403,20250,1785.2553939819336,33644,33668.07,ONE_POINT,100,100,RANDOM,
truncation_1,0.5,80,404,20300,1789.0781536102295,33503,33637.79,ONE_POINT,100,100,RANDOM,
truncation_1,0.5,80,405,20350,1792.913092136383,33503,33596.73,ONE_POINT,100,100,RANDOM,
truncation_1,0.5,80,406,20400,1796.7421333789825,33503,33554.36,ONE_POINT,100,100,RANDOM,
truncation_1,0.5,80,407,20450,1800.5832977294922,33496,33516.91,ONE_POINT,100,100,RANDOM,
truncation_1,0.5,80,408,20500,1804.4518415927887,33490,33499.85,ONE_POINT,100,100,RANDOM,
truncation_1,0.5,80,409,20550,1808.3476190567017,33490,33497.19,ONE_POINT,100,100,RANDOM,
truncation_1,0.5,80,410,20600,1812.2007720470428,33490,33493.58,ONE_POINT,100,100,RANDOM,
truncation_1,0.5,80,411,20650,1816.0304400920868,33489,33491.12,ONE_POINT,100,100,RANDOM,
truncation_1,0.5,80,412,20700,1819.8946287631989,33465,33485.31,ONE_POINT,100,100,RANDOM,
truncation_1,0.5,80,413,20750,1823.756626367569,33437,33474.37,ONE_POINT,100,100,RANDOM,
truncation_1,0.5,80,414,20800,1827.6061840057373,33420,33456.74,ONE_POINT,100,100,RANDOM,
truncation_1,0.5,80,415,20850,1831.4339530467987,33414,33436.44,ONE_POINT,100,100,RANDOM,
truncation_1,0.5,80,416,20900,1835.2654325962067,33400,33420.8,ONE_POINT,100,100,RANDOM,
truncation_1,0.5,80,417,20950,1839.1730680465698,33396,33410.36,ONE_POINT,100,100,RANDOM,
truncation_1,0.5,80,418,21000,1843.0001938343048,33396,33403.69,ONE_POINT,100,100,RANDOM,
truncation_1,0.5,80,419,21050,1846.8226945400238,33396,33399.49,ONE_POINT,100,100,RANDOM,
truncation_1,0.5,80,420,21100,1850.661327123642,33396,33397.61,ONE_POINT,100,100,RANDOM,
truncation_1,0.5,80,421,21150,1854.5135254859924,33396,33396.85,ONE_POINT,100,100,RANDOM,
truncation_1,0.5,80,422,21200,1858.3351693153381,33392,33395.43,ONE_POINT,100,100,RANDOM,
truncation_1,0.5,80,423,21250,1862.16135263443,33391,33394.23,ONE_POINT,100,100,RANDOM,
truncation_1,0.5,80,424,21300,1866.0010302066803,33390,33393.13,ONE_POINT,100,100,RANDOM,
truncation_1,0.5,80,425,21350,1869.8595843315125,33364,33386.09,ONE_POINT,100,100,RANDOM,
truncation_1,0.5,80,426,21400,1873.6955184936523,33364,33378.46,ONE_POINT,100,100,RANDOM,
truncation_1,0.5,80,427,21450,1877.5355305671692,33364,33371.25,ONE_POINT,100,100,RANDOM,
truncation_1,0.5,80,428,21500,1881.4105191230774,33364,33364.33,ONE_POINT,100,100,RANDOM,
truncation_1,0.5,80,429,21550,1885.2718858718872,33364,33364.0,ONE_POINT,100,100,RANDOM,
truncation_1,0.5,80,430,21600,1889.1776099205017,33364,33364.0,ONE_POINT,100,100,RANDOM,
truncation_1,0.5,80,431,21650,1893.0214755535126,33354,33362.15,ONE_POINT,100,100,RANDOM,
truncation_1,0.5,80,432,21700,1896.8283586502075,33350,33359.55,ONE_POINT,100,100,RANDOM,
truncation_1,0.5,80,433,21750,1900.6869113445282,33336,33355.18,ONE_POINT,100,100,RANDOM,
truncation_1,0.5,80,434,21800,1904.51198720932,33336,33348.92,ONE_POINT,100,100,RANDOM,
truncation_1,0.5,80,435,21850,1908.3471558094025,33336,33342.72,ONE_POINT,100,100,RANDOM,
truncation_1,0.5,80,436,21900,1912.157858133316,33336,33338.19,ONE_POINT,100,100,RANDOM,
truncation_1,0.5,80,437,21950,1916.0311856269836,33331,33334.92,ONE_POINT,100,100,RANDOM,
truncation_1,0.5,80,438,22000,1919.9409713745117,33245,33324.4,ONE_POINT,100,100,RANDOM,
truncation_1,0.5,80,439,22050,1923.7881648540497,33245,33302.73,ONE_POINT,100,100,RANDOM,
truncation_1,0.5,80,440,22100,1927.6228260993958,33238,33279.86,ONE_POINT,100,100,RANDOM,
truncation_1,0.5,80,441,22150,1931.4907538890839,33238,33247.77,ONE_POINT,100,100,RANDOM,
truncation_1,0.5,80,442,22200,1935.3542907238007,33205,33232.76,ONE_POINT,100,100,RANDOM,
truncation_1,0.5,80,443,22250,1939.2017304897308,33205,33224.0,ONE_POINT,100,100,RANDOM,
truncation_1,0.5,80,444,22300,1943.0757412910461,33176,33204.94,ONE_POINT,100,100,RANDOM,
truncation_1,0.5,80,445,22350,1946.9364025592804,33158,33186.1,ONE_POINT,100,100,RANDOM,
truncation_1,0.5,80,446,22400,1950.7896599769592,33158,33175.16,ONE_POINT,100,100,RANDOM,
truncation_1,0.5,80,447,22450,1954.622620344162,33148,33161.45,ONE_POINT,100,100,RANDOM,
truncation_1,0.5,80,448,22500,1958.462750673294,33143,33154.59,ONE_POINT,100,100,RANDOM,
truncation_1,0.5,80,449,22550,1962.3003799915314,33143,33149.49,ONE_POINT,100,100,RANDOM,
truncation_1,0.5,80,450,22600,1966.1195886135101,33143,33146.13,ONE_POINT,100,100,RANDOM,
truncation_1,0.5,80,451,22650,1969.964598417282,33067,33142.88,ONE_POINT,100,100,RANDOM,
truncation_1,0.5,80,452,22700,1973.7968168258667,33067,33122.35,ONE_POINT,100,100,RANDOM,
truncation_1,0.5,80,453,22750,1977.620194196701,33056,33101.74,ONE_POINT,100,100,RANDOM,
truncation_1,0.5,80,454,22800,1981.4711439609528,33052,33073.07,ONE_POINT,100,100,RANDOM,
truncation_1,0.5,80,455,22850,1985.3096091747284,33052,33060.05,ONE_POINT,100,100,RANDOM,
truncation_1,0.5,80,456,22900,1989.155123949051,33047,33055.53,ONE_POINT,100,100,RANDOM,
truncation_1,0.5,80,457,22950,1992.9709458351135,33047,33051.96,ONE_POINT,100,100,RANDOM,
truncation_1,0.5,80,458,23000,1996.8376388549805,33042,33048.95,ONE_POINT,100,100,RANDOM,
truncation_1,0.5,80,459,23050,2000.6838524341583,33031,33046.01,ONE_POINT,100,100,RANDOM,
truncation_1,0.5,80,460,23100,2004.5360634326935,33031,33042.29,ONE_POINT,100,100,RANDOM,
truncation_1,0.5,80,461,23150,2008.3969702720642,33031,33037.17,ONE_POINT,100,100,RANDOM,
truncation_1,0.5,80,462,23200,2012.2551572322845,33031,33033.54,ONE_POINT,100,100,RANDOM,
truncation_1,0.5,80,463,23250,2016.123571395874,33022,33030.44,ONE_POINT,100,100,RANDOM,
truncation_1,0.5,80,464,23300,2019.9844591617584,32997,33024.02,ONE_POINT,100,100,RANDOM,
truncation_1,0.5,80,465,23350,2023.8235521316528,32907,33001.9,ONE_POINT,100,100,RANDOM,
truncation_1,0.5,80,466,23400,2027.6660799980164,32907,32968.13,ONE_POINT,100,100,RANDOM,
truncation_1,0.5,80,467,23450,2031.5108873844147,32907,32941.67,ONE_POINT,100,100,RANDOM,
truncation_1,0.5,80,468,23500,2035.3899307250977,32907,32916.29,ONE_POINT,100,100,RANDOM,
truncation_1,0.5,80,469,23550,2039.2640616893768,32905,32907.08,ONE_POINT,100,100,RANDOM,
truncation_1,0.5,80,470,23600,2043.110818862915,32902,32905.58,ONE_POINT,100,100,RANDOM,
truncation_1,0.5,80,471,23650,2046.9700138568878,32902,32904.28,ONE_POINT,100,100,RANDOM,
truncation_1,0.5,80,472,23700,2050.836795091629,32890,32902.5,ONE_POINT,100,100,RANDOM,
truncation_1,0.5,80,473,23750,2054.683307170868,32857,32896.64,ONE_POINT,100,100,RANDOM,
truncation_1,0.5,80,474,23800,2058.510475873947,32857,32886.73,ONE_POINT,100,100,RANDOM,
truncation_1,0.5,80,475,23850,2062.350607395172,32857,32876.09,ONE_POINT,100,100,RANDOM,
truncation_1,0.5,80,476,23900,2066.181940317154,32854,32866.58,ONE_POINT,100,100,RANDOM,
truncation_1,0.5,80,477,23950,2070.014458656311,32854,32859.21,ONE_POINT,100,100,RANDOM,
truncation_1,0.5,80,478,24000,2073.848984479904,32854,32855.24,ONE_POINT,100,100,RANDOM,
truncation_1,0.5,80,479,24050,2077.659163713455,32854,32854.4,ONE_POINT,100,100,RANDOM,
truncation_1,0.5,80,480,24100,2081.498735189438,32852,32853.7,ONE_POINT,100,100,RANDOM,
truncation_1,0.5,80,481,24150,2085.3408126831055,32852,32853.36,ONE_POINT,100,100,RANDOM,
truncation_1,0.5,80,482,24200,2089.207699775696,32852,32852.88,ONE_POINT,100,100,RANDOM,
truncation_1,0.5,80,483,24250,2093.0262870788574,32852,32852.36,ONE_POINT,100,100,RANDOM,
truncation_1,0.5,80,484,24300,2096.9312541484833,32838,32850.31,ONE_POINT,100,100,RANDOM,
truncation_1,0.5,80,485,24350,2100.7878329753876,32836,32846.36,ONE_POINT,100,100,RANDOM,
truncation_1,0.5,80,486,24400,2104.5846869945526,32836,32842.32,ONE_POINT,100,100,RANDOM,
truncation_1,0.5,80,487,24450,2108.4263203144073,32836,32837.62,ONE_POINT,100,100,RANDOM,
truncation_1,0.5,80,488,24500,2112.258829832077,32823,32834.38,ONE_POINT,100,100,RANDOM,
truncation_1,0.5,80,489,24550,2116.093431711197,32819,32831.2,ONE_POINT,100,100,RANDOM,
truncation_1,0.5,80,490,24600,2119.920145511627,32819,32827.12,ONE_POINT,100,100,RANDOM,
truncation_1,0.5,80,491,24650,2123.7608094215393,32819,32823.95,ONE_POINT,100,100,RANDOM,
truncation_1,0.5,80,492,24700,2127.625207424164,32819,32821.08,ONE_POINT,100,100,RANDOM,
truncation_1,0.5,80,493,24750,2131.491627931595,32819,32819.2,ONE_POINT,100,100,RANDOM,
truncation_1,0.5,80,494,24800,2135.3085839748383,32819,32819.0,ONE_POINT,100,100,RANDOM,
truncation_1,0.5,80,495,24850,2139.1495254039764,32795,32817.56,ONE_POINT,100,100,RANDOM,
truncation_1,0.5,80,496,24900,2143.0050570964813,32793,32811.16,ONE_POINT,100,100,RANDOM,
truncation_1,0.5,80,497,24950,2146.8510670661926,32793,32804.34,ONE_POINT,100,100,RANDOM,
truncation_1,0.5,80,498,25000,2150.6833906173706,32781,32793.07,ONE_POINT,100,100,RANDOM,
truncation_1,0.5,80,499,25050,2154.5281369686127,32781,32787.63,ONE_POINT,100,100,RANDOM,
truncation_1,0.5,80,500,25100,2158.382580280304,32781,32783.47,ONE_POINT,100,100,RANDOM,
truncation_1,0.5,100,1,150,3.781198501586914,130302,140138.9,ONE_POINT,100,100,RANDOM,
truncation_1,0.5,100,2,200,7.59840726852417,125430,131130.28,ONE_POINT,100,100,RANDOM,
truncation_1,0.5,100,3,250,11.448697328567505,122520,126347.34,ONE_POINT,100,100,RANDOM,
truncation_1,0.5,100,4,300,15.276580572128296,119849,123166.79,ONE_POINT,100,100,RANDOM,
truncation_1,0.5,100,5,350,19.118547201156616,118373,120438.85,ONE_POINT,100,100,RANDOM,
truncation_1,0.5,100,6,400,22.941925287246704,117373,118494.86,ONE_POINT,100,100,RANDOM,
truncation_1,0.5,100,7,450,26.7690167427063,115604,117274.1,ONE_POINT,100,100,RANDOM,
truncation_1,0.5,100,8,500,30.63573408126831,114539,115972.25,ONE_POINT,100,100,RANDOM,
truncation_1,0.5,100,9,550,34.487974643707275,111632,114265.3,ONE_POINT,100,100,RANDOM,
truncation_1,0.5,100,10,600,38.319560050964355,108960,111867.91,ONE_POINT,100,100,RANDOM,
truncation_1,0.5,100,11,650,42.17336344718933,108529,109673.14,ONE_POINT,100,100,RANDOM,
truncation_1,0.5,100,12,700,46.01275277137756,106642,108433.86,ONE_POINT,100,100,RANDOM,
truncation_1,0.5,100,13,750,49.838629722595215,105467,107152.62,ONE_POINT,100,100,RANDOM,
truncation_1,0.5,100,14,800,53.66264629364014,101654,104961.69,ONE_POINT,100,100,RANDOM,
truncation_1,0.5,100,15,850,57.55506443977356,99480,102480.79,ONE_POINT,100,100,RANDOM,
truncation_1,0.5,100,16,900,61.46990704536438,98931,100444.98,ONE_POINT,100,100,RANDOM,
truncation_1,0.5,100,17,950,65.29538249969482,97776,98938.28,ONE_POINT,100,100,RANDOM,
truncation_1,0.5,100,18,1000,69.1203784942627,96710,98044.33,ONE_POINT,100,100,RANDOM,
truncation_1,0.5,100,19,1050,72.96278405189514,95929,97029.19,ONE_POINT,100,100,RANDOM,
truncation_1,0.5,100,20,1100,76.81279373168945,95769,96284.43,ONE_POINT,100,100,RANDOM,
truncation_1,0.5,100,21,1150,80.6669921875,95627,95876.82,ONE_POINT,100,100,RANDOM,
truncation_1,0.5,100,22,1200,84.52693605422974,94864,95660.39,ONE_POINT,100,100,RANDOM,
truncation_1,0.5,100,23,1250,88.37592101097107,94733,95314.87,ONE_POINT,100,100,RANDOM,
truncation_1,0.5,100,24,1300,92.48823237419128,93709,94749.01,ONE_POINT,100,100,RANDOM,
truncation_1,0.5,100,25,1350,96.34308314323425,93054,93970.69,ONE_POINT,100,100,RANDOM,
truncation_1,0.5,100,26,1400,100.20403909683228,92499,93274.36,ONE_POINT,100,100,RANDOM,
truncation_1,0.5,100,27,1450,104.02409267425537,91678,92537.76,ONE_POINT,100,100,RANDOM,
truncation_1,0.5,100,28,1500,107.87115049362183,90032,91548.02,ONE_POINT,100,100,RANDOM,
truncation_1,0.5,100,29,1550,111.70261979103088,88809,90210.11,ONE_POINT,100,100,RANDOM,
truncation_1,0.5,100,30,1600,115.5267288684845,87463,88929.18,ONE_POINT,100,100,RANDOM,
truncation_1,0.5,100,31,1650,119.37211751937866,87085,88064.52,ONE_POINT,100,100,RANDOM,
truncation_1,0.5,100,32,1700,123.20762062072754,86891,87315.26,ONE_POINT,100,100,RANDOM,
truncation_1,0.5,100,33,1750,127.03801274299622,85646,86767.76,ONE_POINT,100,100,RANDOM,
truncation_1,0.5,100,34,1800,130.88570356369019,84203,85717.52,ONE_POINT,100,100,RANDOM,
truncation_1,0.5,100,35,1850,134.76029872894287,83724,84630.74,ONE_POINT,100,100,RANDOM,
truncation_1,0.5,100,36,1900,138.59807705879211,82334,83619.79,ONE_POINT,100,100,RANDOM,
truncation_1,0.5,100,37,1950,142.44382762908936,81608,82657.56,ONE_POINT,100,100,RANDOM,
truncation_1,0.5,100,38,2000,146.27337670326233,81303,81908.18,ONE_POINT,100,100,RANDOM,
truncation_1,0.5,100,39,2050,150.12478160858154,80480,81343.72,ONE_POINT,100,100,RANDOM,
truncation_1,0.5,100,40,2100,153.95327615737915,80082,80788.34,ONE_POINT,100,100,RANDOM,
truncation_1,0.5,100,41,2150,157.7891731262207,78859,80087.21,ONE_POINT,100,100,RANDOM,
truncation_1,0.5,100,42,2200,161.58766865730286,78280,79310.75,ONE_POINT,100,100,RANDOM,
truncation_1,0.5,100,43,2250,165.43297004699707,77827,78604.13,ONE_POINT,100,100,RANDOM,
truncation_1,0.5,100,44,2300,169.27176189422607,76367,77695.62,ONE_POINT,100,100,RANDOM,
truncation_1,0.5,100,45,2350,173.10996913909912,76259,76880.82,ONE_POINT,100,100,RANDOM,
truncation_1,0.5,100,46,2400,176.95142102241516,75619,76264.27,ONE_POINT,100,100,RANDOM,
truncation_1,0.5,100,47,2450,180.79596257209778,74249,75605.82,ONE_POINT,100,100,RANDOM,
truncation_1,0.5,100,48,2500,184.65340733528137,73780,74753.73,ONE_POINT,100,100,RANDOM,
truncation_1,0.5,100,49,2550,188.4946482181549,72945,73904.99,ONE_POINT,100,100,RANDOM,
truncation_1,0.5,100,50,2600,192.31971144676208,72531,73317.02,ONE_POINT,100,100,RANDOM,
truncation_1,0.5,100,51,2650,196.175950050354,71472,72621.75,ONE_POINT,100,100,RANDOM,
truncation_1,0.5,100,52,2700,200.0170283317566,71472,72031.92,ONE_POINT,100,100,RANDOM,
truncation_1,0.5,100,53,2750,203.87204551696777,71210,71591.31,ONE_POINT,100,100,RANDOM,
truncation_1,0.5,100,54,2800,207.7229187488556,70961,71323.82,ONE_POINT,100,100,RANDOM,
truncation_1,0.5,100,55,2850,211.5553846359253,70719,71130.05,ONE_POINT,100,100,RANDOM,
truncation_1,0.5,100,56,2900,215.4021031856537,70106,70803.59,ONE_POINT,100,100,RANDOM,
truncation_1,0.5,100,57,2950,219.23719096183777,69609,70271.93,ONE_POINT,100,100,RANDOM,
truncation_1,0.5,100,58,3000,223.10230422019958,69407,69778.17,ONE_POINT,100,100,RANDOM,
truncation_1,0.5,100,59,3050,226.98390221595764,69301,69482.34,ONE_POINT,100,100,RANDOM,
truncation_1,0.5,100,60,3100,230.83329558372498,68735,69311.95,ONE_POINT,100,100,RANDOM,
truncation_1,0.5,100,61,3150,234.66025829315186,68590,69044.41,ONE_POINT,100,100,RANDOM,
truncation_1,0.5,100,62,3200,238.53340339660645,68317,68689.61,ONE_POINT,100,100,RANDOM,
truncation_1,0.5,100,63,3250,242.4036021232605,68263,68432.1,ONE_POINT,100,100,RANDOM,
truncation_1,0.5,100,64,3300,246.2645823955536,67594,68167.88,ONE_POINT,100,100,RANDOM,
truncation_1,0.5,100,65,3350,250.09895849227905,67229,67853.09,ONE_POINT,100,100,RANDOM,
truncation_1,0.5,100,66,3400,253.94890809059143,66585,67397.02,ONE_POINT,100,100,RANDOM,
truncation_1,0.5,100,67,3450,257.79472494125366,66329,66927.63,ONE_POINT,100,100,RANDOM,
truncation_1,0.5,100,68,3500,261.6239013671875,65497,66497.05,ONE_POINT,100,100,RANDOM,
truncation_1,0.5,100,69,3550,265.4456641674042,65287,65879.35,ONE_POINT,100,100,RANDOM,
truncation_1,0.5,100,70,3600,269.27733182907104,65071,65373.47,ONE_POINT,100,100,RANDOM,
truncation_1,0.5,100,71,3650,273.11036109924316,64111,64951.28,ONE_POINT,100,100,RANDOM,
truncation_1,0.5,100,72,3700,276.9367904663086,63594,64352.01,ONE_POINT,100,100,RANDOM,
truncation_1,0.5,100,73,3750,280.8324992656708,63015,63662.4,ONE_POINT,100,100,RANDOM,
truncation_1,0.5,100,74,3800,284.68942379951477,62806,63257.28,ONE_POINT,100,100,RANDOM,
truncation_1,0.5,100,75,3850,288.51546263694763,62481,62955.6,ONE_POINT,100,100,RANDOM,
truncation_1,0.5,100,76,3900,292.3460865020752,62452,62715.87,ONE_POINT,100,100,RANDOM,
truncation_1,0.5,100,77,3950,296.1497654914856,62449,62551.68,ONE_POINT,100,100,RANDOM,
truncation_1,0.5,100,78,4000,300.01574993133545,62095,62390.79,ONE_POINT,100,100,RANDOM,
truncation_1,0.5,100,79,4050,303.84512734413147,61785,62199.55,ONE_POINT,100,100,RANDOM,
truncation_1,0.5,100,80,4100,307.8280198574066,61658,61924.74,ONE_POINT,100,100,RANDOM,
truncation_1,0.5,100,81,4150,311.7003824710846,60391,61465.92,ONE_POINT,100,100,RANDOM,
truncation_1,0.5,100,82,4200,315.5719482898712,59947,60825.05,ONE_POINT,100,100,RANDOM,
truncation_1,0.5,100,83,4250,319.39914536476135,59794,60245.55,ONE_POINT,100,100,RANDOM,
truncation_1,0.5,100,84,4300,323.2169461250305,59458,59810.95,ONE_POINT,100,100,RANDOM,
truncation_1,0.5,100,85,4350,327.05676198005676,59228,59538.47,ONE_POINT,100,100,RANDOM,
truncation_1,0.5,100,86,4400,330.9842472076416,59097,59332.08,ONE_POINT,100,100,RANDOM,
truncation_1,0.5,100,87,4450,335.2521369457245,58901,59219.91,ONE_POINT,100,100,RANDOM,
truncation_1,0.5,100,88,4500,339.15674781799316,58764,59025.98,ONE_POINT,100,100,RANDOM,
truncation_1,0.5,100,89,4550,343.00323271751404,58764,58892.89,ONE_POINT,100,100,RANDOM,
truncation_1,0.5,100,90,4600,346.8430018424988,58704,58770.19,ONE_POINT,100,100,RANDOM,
truncation_1,0.5,100,91,4650,350.69724225997925,58558,58722.41,ONE_POINT,100,100,RANDOM,
truncation_1,0.5,100,92,4700,354.5252306461334,58208,58637.18,ONE_POINT,100,100,RANDOM,
truncation_1,0.5,100,93,4750,358.3437149524689,58053,58435.65,ONE_POINT,100,100,RANDOM,
truncation_1,0.5,100,94,4800,362.179575920105,57609,58150.68,ONE_POINT,100,100,RANDOM,
truncation_1,0.5,100,95,4850,366.0661129951477,57100,57823.82,ONE_POINT,100,100,RANDOM,
truncation_1,0.5,100,96,4900,369.913458108902,56863,57409.74,ONE_POINT,100,100,RANDOM,
truncation_1,0.5,100,97,4950,373.7595012187958,56799,57067.81,ONE_POINT,100,100,RANDOM,
truncation_1,0.5,100,98,5000,377.5885519981384,56497,56806.85,ONE_POINT,100,100,RANDOM,
truncation_1,0.5,100,99,5050,381.42387437820435,56359,56622.65,ONE_POINT,100,100,RANDOM,
truncation_1,0.5,100,100,5100,385.2614884376526,55931,56405.53,ONE_POINT,100,100,RANDOM,
truncation_1,0.5,100,101,5150,389.1416254043579,55655,56119.48,ONE_POINT,100,100,RANDOM,
truncation_1,0.5,100,102,5200,393.0177655220032,55445,55827.96,ONE_POINT,100,100,RANDOM,
truncation_1,0.5,100,103,5250,396.85219621658325,55229,55602.3,ONE_POINT,100,100,RANDOM,
truncation_1,0.5,100,104,5300,400.7026755809784,54835,55325.9,ONE_POINT,100,100,RANDOM,
truncation_1,0.5,100,105,5350,404.520015001297,54516,54972.43,ONE_POINT,100,100,RANDOM,
truncation_1,0.5,100,106,5400,408.3641767501831,54221,54632.93,ONE_POINT,100,100,RANDOM,
truncation_1,0.5,100,107,5450,412.2355935573578,53702,54296.82,ONE_POINT,100,100,RANDOM,
truncation_1,0.5,100,108,5500,416.04038858413696,53466,53911.62,ONE_POINT,100,100,RANDOM,
truncation_1,0.5,100,109,5550,419.89360213279724,53130,53521.53,ONE_POINT,100,100,RANDOM,
truncation_1,0.5,100,110,5600,423.722868680954,53102,53274.21,ONE_POINT,100,100,RANDOM,
truncation_1,0.5,100,111,5650,427.555242061615,53070,53164.63,ONE_POINT,100,100,RANDOM,
truncation_1,0.5,100,112,5700,431.45764207839966,53017,53093.69,ONE_POINT,100,100,RANDOM,
truncation_1,0.5,100,113,5750,435.29416584968567,52560,52968.44,ONE_POINT,100,100,RANDOM,
truncation_1,0.5,100,114,5800,439.1141619682312,52485,52802.77,ONE_POINT,100,100,RANDOM,
truncation_1,0.5,100,115,5850,442.94563269615173,52325,52563.56,ONE_POINT,100,100,RANDOM,
truncation_1,0.5,100,116,5900,446.78425908088684,52287,52423.5,ONE_POINT,100,100,RANDOM,
truncation_1,0.5,100,117,5950,450.65580797195435,51908,52273.2,ONE_POINT,100,100,RANDOM,
truncation_1,0.5,100,118,6000,454.47231698036194,51546,52083.54,ONE_POINT,100,100,RANDOM,
truncation_1,0.5,100,119,6050,458.2984037399292,50723,51679.84,ONE_POINT,100,100,RANDOM,
truncation_1,0.5,100,120,6100,462.14698553085327,50426,51149.58,ONE_POINT,100,100,RANDOM,
truncation_1,0.5,100,121,6150,465.97008204460144,50400,50692.97,ONE_POINT,100,100,RANDOM,
truncation_1,0.5,100,122,6200,469.7913281917572,50355,50468.12,ONE_POINT,100,100,RANDOM,
truncation_1,0.5,100,123,6250,473.62438130378723,50086,50357.5,ONE_POINT,100,100,RANDOM,
truncation_1,0.5,100,124,6300,477.4537773132324,49661,50198.67,ONE_POINT,100,100,RANDOM,
truncation_1,0.5,100,125,6350,481.3141896724701,49063,49732.9,ONE_POINT,100,100,RANDOM,
truncation_1,0.5,100,126,6400,485.15559935569763,49008,49343.64,ONE_POINT,100,100,RANDOM,
truncation_1,0.5,100,127,6450,488.97005915641785,48754,49029.67,ONE_POINT,100,100,RANDOM,
truncation_1,0.5,100,128,6500,492.8165190219879,48666,48907.41,ONE_POINT,100,100,RANDOM,
truncation_1,0.5,100,129,6550,496.6641721725464,48597,48781.79,ONE_POINT,100,100,RANDOM,
truncation_1,0.5,100,130,6600,500.50297379493713,48529,48662.2,ONE_POINT,100,100,RANDOM,
truncation_1,0.5,100,131,6650,504.3338146209717,48495,48590.28,ONE_POINT,100,100,RANDOM,
truncation_1,0.5,100,132,6700,508.1668658256531,48244,48493.63,ONE_POINT,100,100,RANDOM,
truncation_1,0.5,100,133,6750,512.004821062088,48181,48380.76,ONE_POINT,100,100,RANDOM,
truncation_1,0.5,100,134,6800,515.8285138607025,47790,48221.94,ONE_POINT,100,100,RANDOM,
truncation_1,0.5,100,135,6850,519.6721887588501,47745,47988.39,ONE_POINT,100,100,RANDOM,
truncation_1,0.5,100,136,6900,523.5361738204956,47621,47812.75,ONE_POINT,100,100,RANDOM,
truncation_1,0.5,100,137,6950,527.3696041107178,47348,47691.61,ONE_POINT,100,100,RANDOM,
truncation_1,0.5,100,138,7000,531.2959325313568,47319,47545.44,ONE_POINT,100,100,RANDOM,
truncation_1,0.5,100,139,7050,535.2805426120758,47309,47394.82,ONE_POINT,100,100,RANDOM,
truncation_1,0.5,100,140,7100,539.232928276062,47300,47326.35,ONE_POINT,100,100,RANDOM,
truncation_1,0.5,100,141,7150,543.2372097969055,46890,47260.32,ONE_POINT,100,100,RANDOM,
truncation_1,0.5,100,142,7200,547.0825273990631,46828,47133.39,ONE_POINT,100,100,RANDOM,
truncation_1,0.5,100,143,7250,550.9522182941437,46755,46935.48,ONE_POINT,100,100,RANDOM,
truncation_1,0.5,100,144,7300,554.9036178588867,46744,46798.31,ONE_POINT,100,100,RANDOM,
truncation_1,0.5,100,145,7350,559.0202646255493,46468,46746.88,ONE_POINT,100,100,RANDOM,
truncation_1,0.5,100,146,7400,562.8808903694153,46297,46599.78,ONE_POINT,100,100,RANDOM,
truncation_1,0.5,100,147,7450,566.8374161720276,46290,46460.47,ONE_POINT,100,100,RANDOM,
truncation_1,0.5,100,148,7500,570.8464877605438,46130,46293.13,ONE_POINT,100,100,RANDOM,
truncation_1,0.5,100,149,7550,574.6889073848724,46017,46206.23,ONE_POINT,100,100,RANDOM,
truncation_1,0.5,100,150,7600,578.5407388210297,45830,46036.51,ONE_POINT,100,100,RANDOM,
truncation_1,0.5,100,151,7650,582.4255168437958,45667,45887.34,ONE_POINT,100,100,RANDOM,
truncation_1,0.5,100,152,7700,586.2803161144257,45584,45761.24,ONE_POINT,100,100,RANDOM,
truncation_1,0.5,100,153,7750,590.1147441864014,45557,45675.79,ONE_POINT,100,100,RANDOM,
truncation_1,0.5,100,154,7800,593.9438419342041,45517,45595.55,ONE_POINT,100,100,RANDOM,
truncation_1,0.5,100,155,7850,597.7644293308258,45472,45545.74,ONE_POINT,100,100,RANDOM,
truncation_1,0.5,100,156,7900,601.616938829422,45421,45497.75,ONE_POINT,100,100,RANDOM,
truncation_1,0.5,100,157,7950,605.4532933235168,45233,45447.36,ONE_POINT,100,100,RANDOM,
truncation_1,0.5,100,158,8000,609.3158950805664,45209,45347.84,ONE_POINT,100,100,RANDOM,
truncation_1,0.5,100,159,8050,613.1865661144257,45024,45250.61,ONE_POINT,100,100,RANDOM,
truncation_1,0.5,100,160,8100,617.0204775333405,45024,45140.48,ONE_POINT,100,100,RANDOM,
truncation_1,0.5,100,161,8150,620.8616299629211,45021,45083.09,ONE_POINT,100,100,RANDOM,
truncation_1,0.5,100,162,8200,624.6905732154846,44854,44991.7,ONE_POINT,100,100,RANDOM,
truncation_1,0.5,100,163,8250,628.5904040336609,44854,44927.63,ONE_POINT,100,100,RANDOM,
truncation_1,0.5,100,164,8300,632.4096024036407,44854,44873.88,ONE_POINT,100,100,RANDOM,
truncation_1,0.5,100,165,8350,636.2675528526306,44618,44799.56,ONE_POINT,100,100,RANDOM,
truncation_1,0.5,100,166,8400,640.1054544448853,44279,44676.12,ONE_POINT,100,100,RANDOM,
truncation_1,0.5,100,167,8450,643.9424848556519,44159,44455.14,ONE_POINT,100,100,RANDOM,
truncation_1,0.5,100,168,8500,647.7963540554047,44146,44313.82,ONE_POINT,100,100,RANDOM,
truncation_1,0.5,100,169,8550,651.6219441890717,44089,44191.83,ONE_POINT,100,100,RANDOM,
truncation_1,0.5,100,170,8600,655.4395349025726,43954,44113.4,ONE_POINT,100,100,RANDOM,
truncation_1,0.5,100,171,8650,659.3310692310333,43954,44061.78,ONE_POINT,100,100,RANDOM,
truncation_1,0.5,100,172,8700,663.1877176761627,43822,43993.76,ONE_POINT,100,100,RANDOM,
truncation_1,0.5,100,173,8750,667.028804063797,43819,43915.75,ONE_POINT,100,100,RANDOM,
truncation_1,0.5,100,174,8800,670.8604474067688,43819,43868.29,ONE_POINT,100,100,RANDOM,
truncation_1,0.5,100,175,8850,674.6829602718353,43807,43833.45,ONE_POINT,100,100,RANDOM,
truncation_1,0.5,100,176,8900,678.5565001964569,43783,43815.82,ONE_POINT,100,100,RANDOM,
truncation_1,0.5,100,177,8950,682.4381248950958,43783,43807.45,ONE_POINT,100,100,RANDOM,
truncation_1,0.5,100,178,9000,686.2556631565094,43546,43747.14,ONE_POINT,100,100,RANDOM,
truncation_1,0.5,100,179,9050,690.1153345108032,43388,43630.22,ONE_POINT,100,100,RANDOM,
truncation_1,0.5,100,180,9100,694.0066382884979,43378,43497.23,ONE_POINT,100,100,RANDOM,
truncation_1,0.5,100,181,9150,697.8614041805267,43331,43415.57,ONE_POINT,100,100,RANDOM,
truncation_1,0.5,100,182,9200,701.7014970779419,43319,43363.72,ONE_POINT,100,100,RANDOM,
truncation_1,0.5,100,183,9250,705.5345273017883,43217,43327.4,ONE_POINT,100,100,RANDOM,
truncation_1,0.5,100,184,9300,709.379007101059,43024,43235.57,ONE_POINT,100,100,RANDOM,
truncation_1,0.5,100,185,9350,713.1633861064911,42854,43115.55,ONE_POINT,100,100,RANDOM,
truncation_1,0.5,100,186,9400,716.9619734287262,42563,42968.48,ONE_POINT,100,100,RANDOM,
truncation_1,0.5,100,187,9450,720.7819647789001,42477,42769.01,ONE_POINT,100,100,RANDOM,
truncation_1,0.5,100,188,9500,724.6389200687408,42459,42609.69,ONE_POINT,100,100,RANDOM,
truncation_1,0.5,100,189,9550,728.4881639480591,42418,42498.02,ONE_POINT,100,100,RANDOM,
truncation_1,0.5,100,190,9600,732.3036658763885,42198,42379.88,ONE_POINT,100,100,RANDOM,
truncation_1,0.5,100,191,9650,736.1249527931213,42068,42277.2,ONE_POINT,100,100,RANDOM,
truncation_1,0.5,100,192,9700,739.9480340480804,41962,42128.08,ONE_POINT,100,100,RANDOM,
truncation_1,0.5,100,193,9750,743.7804260253906,41862,42036.4,ONE_POINT,100,100,RANDOM,
truncation_1,0.5,100,194,9800,747.5954301357269,41790,41927.22,ONE_POINT,100,100,RANDOM,
truncation_1,0.5,100,195,9850,751.4152927398682,41786,41855.52,ONE_POINT,100,100,RANDOM,
truncation_1,0.5,100,196,9900,755.2246232032776,41767,41811.85,ONE_POINT,100,100,RANDOM,
truncation_1,0.5,100,197,9950,759.0869839191437,41719,41783.0,ONE_POINT,100,100,RANDOM,
truncation_1,0.5,100,198,10000,762.9505376815796,41646,41755.02,ONE_POINT,100,100,RANDOM,
truncation_1,0.5,100,199,10050,766.8243579864502,41646,41713.12,ONE_POINT,100,100,RANDOM,
truncation_1,0.5,100,200,10100,770.6670298576355,41540,41674.73,ONE_POINT,100,100,RANDOM,
truncation_1,0.5,100,201,10150,774.5150666236877,41528,41605.72,ONE_POINT,100,100,RANDOM,
truncation_1,0.5,100,202,10200,778.344172000885,41528,41575.69,ONE_POINT,100,100,RANDOM,
truncation_1,0.5,100,203,10250,782.1583716869354,41499,41544.53,ONE_POINT,100,100,RANDOM,
truncation_1,0.5,100,204,10300,785.983481168747,41476,41512.7,ONE_POINT,100,100,RANDOM,
truncation_1,0.5,100,205,10350,789.8426847457886,41408,41488.22,ONE_POINT,100,100,RANDOM,
truncation_1,0.5,100,206,10400,793.6791121959686,40609,41203.67,ONE_POINT,100,100,RANDOM,
truncation_1,0.5,100,207,10450,797.5089473724365,40599,40838.08,ONE_POINT,100,100,RANDOM,
truncation_1,0.5,100,208,10500,801.348073720932,40599,40670.03,ONE_POINT,100,100,RANDOM,
truncation_1,0.5,100,209,10550,805.2118587493896,40599,40623.23,ONE_POINT,100,100,RANDOM,
truncation_1,0.5,100,210,10600,809.05446600914,40596,40602.14,ONE_POINT,100,100,RANDOM,
truncation_1,0.5,100,211,10650,812.8873362541199,40438,40564.32,ONE_POINT,100,100,RANDOM,
truncation_1,0.5,100,212,10700,816.7122712135315,40175,40447.16,ONE_POINT,100,100,RANDOM,
truncation_1,0.5,100,213,10750,820.5528635978699,40135,40313.73,ONE_POINT,100,100,RANDOM,
truncation_1,0.5,100,214,10800,824.3937504291534,40128,40215.91,ONE_POINT,100,100,RANDOM,
truncation_1,0.5,100,215,10850,828.1997544765472,39986,40124.54,ONE_POINT,100,100,RANDOM,
truncation_1,0.5,100,216,10900,832.0325553417206,39972,40055.89,ONE_POINT,100,100,RANDOM,
truncation_1,0.5,100,217,10950,835.8620526790619,39526,39984.38,ONE_POINT,100,100,RANDOM,
truncation_1,0.5,100,218,11000,839.7311239242554,39517,39807.93,ONE_POINT,100,100,RANDOM,
truncation_1,0.5,100,219,11050,843.5314676761627,39455,39613.24,ONE_POINT,100,100,RANDOM,
truncation_1,0.5,100,220,11100,847.3622636795044,39415,39496.15,ONE_POINT,100,100,RANDOM,
truncation_1,0.5,100,221,11150,851.2101447582245,39415,39452.22,ONE_POINT,100,100,RANDOM,
truncation_1,0.5,100,222,11200,855.0561482906342,39369,39418.5,ONE_POINT,100,100,RANDOM,
truncation_1,0.5,100,223,11250,858.9004414081573,39278,39394.19,ONE_POINT,100,100,RANDOM,
truncation_1,0.5,100,224,11300,862.7359871864319,39278,39352.98,ONE_POINT,100,100,RANDOM,
truncation_1,0.5,100,225,11350,866.5897290706635,39151,39303.73,ONE_POINT,100,100,RANDOM,
truncation_1,0.5,100,226,11400,870.4243037700653,39013,39222.83,ONE_POINT,100,100,RANDOM,
truncation_1,0.5,100,227,11450,874.2854611873627,38926,39107.14,ONE_POINT,100,100,RANDOM,
truncation_1,0.5,100,228,11500,878.1450698375702,38910,39005.21,ONE_POINT,100,100,RANDOM,
truncation_1,0.5,100,229,11550,881.9700400829315,38807,38919.41,ONE_POINT,100,100,RANDOM,
truncation_1,0.5,100,230,11600,885.79731965065,38658,38852.45,ONE_POINT,100,100,RANDOM,
truncation_1,0.5,100,231,11650,889.6283273696899,38658,38783.48,ONE_POINT,100,100,RANDOM,
truncation_1,0.5,100,232,11700,893.4572916030884,38631,38716.98,ONE_POINT,100,100,RANDOM,
truncation_1,0.5,100,233,11750,897.3217077255249,38309,38613.17,ONE_POINT,100,100,RANDOM,
truncation_1,0.5,100,234,11800,901.1847684383392,38169,38478.53,ONE_POINT,100,100,RANDOM,
truncation_1,0.5,100,235,11850,905.0100364685059,38163,38319.64,ONE_POINT,100,100,RANDOM,
truncation_1,0.5,100,236,11900,908.8151259422302,38055,38185.42,ONE_POINT,100,100,RANDOM,
truncation_1,0.5,100,237,11950,912.7074084281921,38055,38129.68,ONE_POINT,100,100,RANDOM,
truncation_1,0.5,100,238,12000,916.541451215744,38048,38092.6,ONE_POINT,100,100,RANDOM,
truncation_1,0.5,100,239,12050,920.3800537586212,38017,38056.08,ONE_POINT,100,100,RANDOM,
truncation_1,0.5,100,240,12100,924.188896894455,38002,38037.44,ONE_POINT,100,100,RANDOM,
truncation_1,0.5,100,241,12150,928.0139362812042,37973,38016.14,ONE_POINT,100,100,RANDOM,
truncation_1,0.5,100,242,12200,931.8498775959015,37947,37993.9,ONE_POINT,100,100,RANDOM,
truncation_1,0.5,100,243,12250,935.6867790222168,37944,37976.4,ONE_POINT,100,100,RANDOM,
truncation_1,0.5,100,244,12300,939.5212380886078,37940,37959.51,ONE_POINT,100,100,RANDOM,
truncation_1,0.5,100,245,12350,943.3748888969421,37914,37944.88,ONE_POINT,100,100,RANDOM,
truncation_1,0.5,100,246,12400,947.2151417732239,37895,37930.8,ONE_POINT,100,100,RANDOM,
truncation_1,0.5,100,247,12450,951.0514159202576,37869,37916.09,ONE_POINT,100,100,RANDOM,
truncation_1,0.5,100,248,12500,954.8647284507751,37859,37898.45,ONE_POINT,100,100,RANDOM,
truncation_1,0.5,100,249,12550,958.7284314632416,37859,37881.55,ONE_POINT,100,100,RANDOM,
truncation_1,0.5,100,250,12600,962.5945029258728,37831,37865.61,ONE_POINT,100,100,RANDOM,
truncation_1,0.5,100,251,12650,966.4395687580109,37786,37849.05,ONE_POINT,100,100,RANDOM,
truncation_1,0.5,100,252,12700,970.2787127494812,37786,37827.56,ONE_POINT,100,100,RANDOM,
truncation_1,0.5,100,253,12750,974.1128931045532,37737,37808.41,ONE_POINT,100,100,RANDOM,
truncation_1,0.5,100,254,12800,977.911096572876,37698,37772.6,ONE_POINT,100,100,RANDOM,
truncation_1,0.5,100,255,12850,981.7316703796387,37698,37747.48,ONE_POINT,100,100,RANDOM,
truncation_1,0.5,100,256,12900,985.5594997406006,37672,37710.18,ONE_POINT,100,100,RANDOM,
truncation_1,0.5,100,257,12950,989.3850047588348,37642,37681.93,ONE_POINT,100,100,RANDOM,
truncation_1,0.5,100,258,13000,993.3917956352234,37627,37658.93,ONE_POINT,100,100,RANDOM,
truncation_1,0.5,100,259,13050,997.3771932125092,37463,37633.23,ONE_POINT,100,100,RANDOM,
truncation_1,0.5,100,260,13100,1001.2154459953308,37446,37571.94,ONE_POINT,100,100,RANDOM,
truncation_1,0.5,100,261,13150,1005.0566327571869,37446,37521.46,ONE_POINT,100,100,RANDOM,
truncation_1,0.5,100,262,13200,1008.8838186264038,37439,37466.25,ONE_POINT,100,100,RANDOM,
truncation_1,0.5,100,263,13250,1012.7364513874054,37427,37447.31,ONE_POINT,100,100,RANDOM,
truncation_1,0.5,100,264,13300,1016.5698850154877,37405,37439.19,ONE_POINT,100,100,RANDOM,
truncation_1,0.5,100,265,13350,1020.429000377655,37404,37431.51,ONE_POINT,100,100,RANDOM,
truncation_1,0.5,100,266,13400,1024.2700324058533,37404,37422.94,ONE_POINT,100,100,RANDOM,
truncation_1,0.5,100,267,13450,1028.072926044464,37331,37403.98,ONE_POINT,100,100,RANDOM,
truncation_1,0.5,100,268,13500,1031.9002659320831,37331,37379.08,ONE_POINT,100,100,RANDOM,
truncation_1,0.5,100,269,13550,1035.7394800186157,37309,37353.81,ONE_POINT,100,100,RANDOM,
truncation_1,0.5,100,270,13600,1039.554753780365,37242,37322.03,ONE_POINT,100,100,RANDOM,
truncation_1,0.5,100,271,13650,1043.3907718658447,37031,37245.19,ONE_POINT,100,100,RANDOM,
truncation_1,0.5,100,272,13700,1047.2793624401093,37031,37167.86,ONE_POINT,100,100,RANDOM,
truncation_1,0.5,100,273,13750,1051.0695440769196,36967,37071.4,ONE_POINT,100,100,RANDOM,
truncation_1,0.5,100,274,13800,1054.8992261886597,36965,37002.42,ONE_POINT,100,100,RANDOM,
truncation_1,0.5,100,275,13850,1058.7153222560883,36961,36981.55,ONE_POINT,100,100,RANDOM,
truncation_1,0.5,100,276,13900,1062.5466516017914,36939,36966.09,ONE_POINT,100,100,RANDOM,
truncation_1,0.5,100,277,13950,1066.3324308395386,36939,36957.36,ONE_POINT,100,100,RANDOM,
truncation_1,0.5,100,278,14000,1070.1536996364594,36854,36946.43,ONE_POINT,100,100,RANDOM,
truncation_1,0.5,100,279,14050,1073.9593794345856,36811,36910.95,ONE_POINT,100,100,RANDOM,
truncation_1,0.5,100,280,14100,1077.804720878601,36784,36866.91,ONE_POINT,100,100,RANDOM,
truncation_1,0.5,100,281,14150,1081.6229543685913,36784,36822.88,ONE_POINT,100,100,RANDOM,
truncation_1,0.5,100,282,14200,1085.4387397766113,36737,36795.99,ONE_POINT,100,100,RANDOM,
truncation_1,0.5,100,283,14250,1089.2434117794037,36677,36765.86,ONE_POINT,100,100,RANDOM,
truncation_1,0.5,100,284,14300,1093.0912148952484,36677,36740.29,ONE_POINT,100,100,RANDOM,
truncation_1,0.5,100,285,14350,1096.922418832779,36558,36683.51,ONE_POINT,100,100,RANDOM,
truncation_1,0.5,100,286,14400,1100.740051984787,36558,36615.81,ONE_POINT,100,100,RANDOM,
truncation_1,0.5,100,287,14450,1104.5571112632751,36507,36560.12,ONE_POINT,100,100,RANDOM,
truncation_1,0.5,100,288,14500,1108.3926410675049,36365,36520.88,ONE_POINT,100,100,RANDOM,
truncation_1,0.5,100,289,14550,1112.217134475708,36350,36469.7,ONE_POINT,100,100,RANDOM,
truncation_1,0.5,100,290,14600,1116.0457708835602,36308,36404.63,ONE_POINT,100,100,RANDOM,
truncation_1,0.5,100,291,14650,1119.8949649333954,36307,36350.66,ONE_POINT,100,100,RANDOM,
truncation_1,0.5,100,292,14700,1123.7469692230225,36294,36319.94,ONE_POINT,100,100,RANDOM,
truncation_1,0.5,100,293,14750,1127.513738155365,36285,36304.21,ONE_POINT,100,100,RANDOM,
truncation_1,0.5,100,294,14800,1131.34712433815,36282,36295.28,ONE_POINT,100,100,RANDOM,
truncation_1,0.5,100,295,14850,1135.12180185318,36152,36250.43,ONE_POINT,100,100,RANDOM,
truncation_1,0.5,100,296,14900,1138.989105463028,36074,36190.35,ONE_POINT,100,100,RANDOM,
truncation_1,0.5,100,297,14950,1142.7793226242065,36074,36140.31,ONE_POINT,100,100,RANDOM,
truncation_1,0.5,100,298,15000,1146.598284482956,36066,36095.83,ONE_POINT,100,100,RANDOM,
truncation_1,0.5,100,299,15050,1150.4494423866272,36054,36073.57,ONE_POINT,100,100,RANDOM,
truncation_1,0.5,100,300,15100,1154.2983899116516,36046,36062.21,ONE_POINT,100,100,RANDOM,
truncation_1,0.5,100,301,15150,1158.160418510437,36046,36054.88,ONE_POINT,100,100,RANDOM,
truncation_1,0.5,100,302,15200,1161.9923770427704,36043,36048.22,ONE_POINT,100,100,RANDOM,
truncation_1,0.5,100,303,15250,1165.8452932834625,36038,36045.14,ONE_POINT,100,100,RANDOM,
truncation_1,0.5,100,304,15300,1169.6945645809174,36030,36042.19,ONE_POINT,100,100,RANDOM,
truncation_1,0.5,100,305,15350,1173.5418496131897,35835,36018.8,ONE_POINT,100,100,RANDOM,
truncation_1,0.5,100,306,15400,1177.354177236557,35835,35955.43,ONE_POINT,100,100,RANDOM,
truncation_1,0.5,100,307,15450,1181.183422088623,35804,35896.83,ONE_POINT,100,100,RANDOM,
truncation_1,0.5,100,308,15500,1185.0284967422485,35803,35834.22,ONE_POINT,100,100,RANDOM,
truncation_1,0.5,100,309,15550,1188.8842766284943,35586,35779.76,ONE_POINT,100,100,RANDOM,
truncation_1,0.5,100,310,15600,1192.7247939109802,35554,35707.64,ONE_POINT,100,100,RANDOM,
truncation_1,0.5,100,311,15650,1196.538377046585,35554,35634.77,ONE_POINT,100,100,RANDOM,
truncation_1,0.5,100,312,15700,1200.3612351417542,35542,35574.85,ONE_POINT,100,100,RANDOM,
truncation_1,0.5,100,313,15750,1204.212393283844,35512,35554.88,ONE_POINT,100,100,RANDOM,
truncation_1,0.5,100,314,15800,1208.0115547180176,35484,35535.17,ONE_POINT,100,100,RANDOM,
truncation_1,0.5,100,315,15850,1211.8242037296295,35470,35519.37,ONE_POINT,100,100,RANDOM,
truncation_1,0.5,100,316,15900,1215.6820559501648,35470,35500.7,ONE_POINT,100,100,RANDOM,
truncation_1,0.5,100,317,15950,1219.5256831645966,35470,35483.25,ONE_POINT,100,100,RANDOM,
truncation_1,0.5,100,318,16000,1223.3723332881927,35420,35460.93,ONE_POINT,100,100,RANDOM,
truncation_1,0.5,100,319,16050,1227.188803911209,35417,35441.64,ONE_POINT,100,100,RANDOM,
truncation_1,0.5,100,320,16100,1231.0179295539856,35350,35419.53,ONE_POINT,100,100,RANDOM,
truncation_1,0.5,100,321,16150,1234.8526151180267,35329,35396.24,ONE_POINT,100,100,RANDOM,
truncation_1,0.5,100,322,16200,1238.6469526290894,35329,35375.4,ONE_POINT,100,100,RANDOM,
truncation_1,0.5,100,323,16250,1242.4751660823822,35314,35353.0,ONE_POINT,100,100,RANDOM,
truncation_1,0.5,100,324,16300,1246.2477731704712,35265,35320.05,ONE_POINT,100,100,RANDOM,
truncation_1,0.5,100,325,16350,1249.998749256134,35180,35283.02,ONE_POINT,100,100,RANDOM,
truncation_1,0.5,100,326,16400,1253.7587180137634,35180,35245.07,ONE_POINT,100,100,RANDOM,
truncation_1,0.5,100,327,16450,1257.5242426395416,35131,35196.86,ONE_POINT,100,100,RANDOM,
truncation_1,0.5,100,328,16500,1261.3832187652588,35131,35157.78,ONE_POINT,100,100,RANDOM,
truncation_1,0.5,100,329,16550,1265.1985123157501,35045,35122.64,ONE_POINT,100,100,RANDOM,
truncation_1,0.5,100,330,16600,1269.0612111091614,34985,35076.53,ONE_POINT,100,100,RANDOM,
truncation_1,0.5,100,331,16650,1272.93945479393,34899,35020.89,ONE_POINT,100,100,RANDOM,
truncation_1,0.5,100,332,16700,1276.8268721103668,34832,34949.82,ONE_POINT,100,100,RANDOM,
truncation_1,0.5,100,333,16750,1280.7207329273224,34832,34896.89,ONE_POINT,100,100,RANDOM,
truncation_1,0.5,100,334,16800,1284.5557734966278,34789,34851.89,ONE_POINT,100,100,RANDOM,
truncation_1,0.5,100,335,16850,1288.3953852653503,34621,34776.14,ONE_POINT,100,100,RANDOM,
truncation_1,0.5,100,336,16900,1292.2660737037659,34612,34707.98,ONE_POINT,100,100,RANDOM,
truncation_1,0.5,100,337,16950,1296.1429183483124,34426,34590.51,ONE_POINT,100,100,RANDOM,
truncation_1,0.5,100,338,17000,1299.961139678955,34401,34501.89,ONE_POINT,100,100,RANDOM,
truncation_1,0.5,100,339,17050,1303.8139855861664,34385,34427.83,ONE_POINT,100,100,RANDOM,
truncation_1,0.5,100,340,17100,1307.663293838501,34385,34404.54,ONE_POINT,100,100,RANDOM,
truncation_1,0.5,100,341,17150,1311.484873533249,34367,34394.02,ONE_POINT,100,100,RANDOM,
truncation_1,0.5,100,342,17200,1315.335461616516,34364,34379.59,ONE_POINT,100,100,RANDOM,
truncation_1,0.5,100,343,17250,1319.2382717132568,34343,34371.61,ONE_POINT,100,100,RANDOM,
truncation_1,0.5,100,344,17300,1323.0483186244965,34343,34361.03,ONE_POINT,100,100,RANDOM,
truncation_1,0.5,100,345,17350,1326.8648080825806,34281,34337.19,ONE_POINT,100,100,RANDOM,
truncation_1,0.5,100,346,17400,1330.6939833164215,34275,34317.68,ONE_POINT,100,100,RANDOM,
truncation_1,0.5,100,347,17450,1334.5596494674683,34275,34301.27,ONE_POINT,100,100,RANDOM,
truncation_1,0.5,100,348,17500,1338.369200706482,34268,34282.84,ONE_POINT,100,100,RANDOM,
truncation_1,0.5,100,349,17550,1342.203012228012,34267,34274.52,ONE_POINT,100,100,RANDOM,
truncation_1,0.5,100,350,17600,1346.0058116912842,34252,34268.42,ONE_POINT,100,100,RANDOM,
truncation_1,0.5,100,351,17650,1349.849491596222,34229,34260.42,ONE_POINT,100,100,RANDOM,
truncation_1,0.5,100,352,17700,1353.709059715271,34209,34249.1,ONE_POINT,100,100,RANDOM,
truncation_1,0.5,100,353,17750,1357.5624001026154,34209,34234.39,ONE_POINT,100,100,RANDOM,
truncation_1,0.5,100,354,17800,1361.4031035900116,34162,34207.99,ONE_POINT,100,100,RANDOM,
truncation_1,0.5,100,355,17850,1365.240387916565,34159,34186.34,ONE_POINT,100,100,RANDOM,
truncation_1,0.5,100,356,17900,1369.062742948532,34157,34172.28,ONE_POINT,100,100,RANDOM,
truncation_1,0.5,100,357,17950,1372.9475960731506,34149,34160.59,ONE_POINT,100,100,RANDOM,
truncation_1,0.5,100,358,18000,1376.7737548351288,34124,34149.06,ONE_POINT,100,100,RANDOM,
truncation_1,0.5,100,359,18050,1380.6094255447388,34098,34135.44,ONE_POINT,100,100,RANDOM,
truncation_1,0.5,100,360,18100,1384.4422225952148,34075,34114.4,ONE_POINT,100,100,RANDOM,
truncation_1,0.5,100,361,18150,1388.2543005943298,34068,34098.54,ONE_POINT,100,100,RANDOM,
truncation_1,0.5,100,362,18200,1392.1202218532562,34068,34081.76,ONE_POINT,100,100,RANDOM,
truncation_1,0.5,100,363,18250,1396.0332791805267,34047,34069.72,ONE_POINT,100,100,RANDOM,
truncation_1,0.5,100,364,18300,1400.020316362381,33985,34052.88,ONE_POINT,100,100,RANDOM,
truncation_1,0.5,100,365,18350,1403.8685083389282,33985,34029.15,ONE_POINT,100,100,RANDOM,
truncation_1,0.5,100,366,18400,1407.707983970642,33959,34006.73,ONE_POINT,100,100,RANDOM,
truncation_1,0.5,100,367,18450,1411.5263516902924,33953,33981.68,ONE_POINT,100,100,RANDOM,
truncation_1,0.5,100,368,18500,1415.379872083664,33942,33965.96,ONE_POINT,100,100,RANDOM,
truncation_1,0.5,100,369,18550,1419.2051017284393,33942,33954.03,ONE_POINT,100,100,RANDOM,
truncation_1,0.5,100,370,18600,1423.0507481098175,33942,33946.97,ONE_POINT,100,100,RANDOM,
truncation_1,0.5,100,371,18650,1426.8643865585327,33941,33943.09,ONE_POINT,100,100,RANDOM,
truncation_1,0.5,100,372,18700,1430.6854858398438,33881,33938.52,ONE_POINT,100,100,RANDOM,
truncation_1,0.5,100,373,18750,1434.47612118721,33881,33922.98,ONE_POINT,100,100,RANDOM,
truncation_1,0.5,100,374,18800,1438.2777364253998,33876,33905.28,ONE_POINT,100,100,RANDOM,
truncation_1,0.5,100,375,18850,1442.0629875659943,33857,33887.86,ONE_POINT,100,100,RANDOM,
truncation_1,0.5,100,376,18900,1445.8467535972595,33794,33860.12,ONE_POINT,100,100,RANDOM,
truncation_1,0.5,100,377,18950,1449.6284635066986,33791,33831.88,ONE_POINT,100,100,RANDOM,
truncation_1,0.5,100,378,19000,1453.4255816936493,33761,33802.79,ONE_POINT,100,100,RANDOM,
truncation_1,0.5,100,379,19050,1457.1888899803162,33734,33779.23,ONE_POINT,100,100,RANDOM,
truncation_1,0.5,100,380,19100,1460.9710867404938,33698,33756.75,ONE_POINT,100,100,RANDOM,
truncation_1,0.5,100,381,19150,1464.7805132865906,33698,33726.21,ONE_POINT,100,100,RANDOM,
truncation_1,0.5,100,382,19200,1468.571002960205,33697,33705.94,ONE_POINT,100,100,RANDOM,
truncation_1,0.5,100,383,19250,1472.3564803600311,33695,33699.07,ONE_POINT,100,100,RANDOM,
truncation_1,0.5,100,384,19300,1476.135296344757,33695,33697.07,ONE_POINT,100,100,RANDOM,
truncation_1,0.5,100,385,19350,1479.9730322360992,33695,33696.2,ONE_POINT,100,100,RANDOM,
truncation_1,0.5,100,386,19400,1483.7527747154236,33695,33695.62,ONE_POINT,100,100,RANDOM,
truncation_1,0.5,100,387,19450,1487.512282371521,33695,33695.23,ONE_POINT,100,100,RANDOM,
truncation_1,0.5,100,388,19500,1491.5713760852814,33695,33695.0,ONE_POINT,100,100,RANDOM,
truncation_1,0.5,100,389,19550,1495.364194393158,33695,33695.0,ONE_POINT,100,100,RANDOM,
truncation_1,0.5,100,390,19600,1499.1524591445923,33632,33688.71,ONE_POINT,100,100,RANDOM,
truncation_1,0.5,100,391,19650,1502.9145593643188,33622,33673.31,ONE_POINT,100,100,RANDOM,
truncation_1,0.5,100,392,19700,1506.693883895874,33622,33656.78,ONE_POINT,100,100,RANDOM,
truncation_1,0.5,100,393,19750,1510.479392528534,33622,33635.81,ONE_POINT,100,100,RANDOM,
truncation_1,0.5,100,394,19800,1514.2776000499725,33622,33624.75,ONE_POINT,100,100,RANDOM,
truncation_1,0.5,100,395,19850,1518.0690593719482,33611,33620.07,ONE_POINT,100,100,RANDOM,
truncation_1,0.5,100,396,19900,1521.869290113449,33611,33617.32,ONE_POINT,100,100,RANDOM,
truncation_1,0.5,100,397,19950,1525.6503102779388,33486,33607.14,ONE_POINT,100,100,RANDOM,
truncation_1,0.5,100,398,20000,1529.4484763145447,33486,33575.18,ONE_POINT,100,100,RANDOM,
truncation_1,0.5,100,399,20050,1533.249046087265,33482,33545.84,ONE_POINT,100,100,RANDOM,
truncation_1,0.5,100,400,20100,1537.0271332263947,33447,33506.62,ONE_POINT,100,100,RANDOM,
truncation_1,0.5,100,401,20150,1540.8300907611847,33441,33473.86,ONE_POINT,100,100,RANDOM,
truncation_1,0.5,100,402,20200,1544.6228539943695,33418,33462.1,ONE_POINT,100,100,RANDOM,
truncation_1,0.5,100,403,20250,1548.379069328308,33259,33411.02,ONE_POINT,100,100,RANDOM,
truncation_1,0.5,100,404,20300,1552.181386232376,33192,33334.79,ONE_POINT,100,100,RANDOM,
truncation_1,0.5,100,405,20350,1555.9813525676727,33184,33262.19,ONE_POINT,100,100,RANDOM,
truncation_1,0.5,100,406,20400,1559.756359577179,33184,33208.17,ONE_POINT,100,100,RANDOM,
truncation_1,0.5,100,407,20450,1563.560292482376,33156,33183.77,ONE_POINT,100,100,RANDOM,
truncation_1,0.5,100,408,20500,1567.3365194797516,33156,33174.15,ONE_POINT,100,100,RANDOM,
truncation_1,0.5,100,409,20550,1571.1319284439087,33123,33161.7,ONE_POINT,100,100,RANDOM,
truncation_1,0.5,100,410,20600,1574.9263081550598,33050,33132.0,ONE_POINT,100,100,RANDOM,
truncation_1,0.5,100,411,20650,1578.7082195281982,33043,33100.2,ONE_POINT,100,100,RANDOM,
truncation_1,0.5,100,412,20700,1582.507315158844,33040,33068.68,ONE_POINT,100,100,RANDOM,
truncation_1,0.5,100,413,20750,1586.2997431755066,33040,33048.14,ONE_POINT,100,100,RANDOM,
truncation_1,0.5,100,414,20800,1590.081829547882,33032,33042.15,ONE_POINT,100,100,RANDOM,
truncation_1,0.5,100,415,20850,1593.8642406463623,33032,33038.47,ONE_POINT,100,100,RANDOM,
truncation_1,0.5,100,416,20900,1597.631759405136,33030,33035.06,ONE_POINT,100,100,RANDOM,
truncation_1,0.5,100,417,20950,1601.4136266708374,33023,33031.76,ONE_POINT,100,100,RANDOM,
truncation_1,0.5,100,418,21000,1605.1976432800293,33023,33028.86,ONE_POINT,100,100,RANDOM,
truncation_1,0.5,100,419,21050,1608.9745888710022,33020,33026.59,ONE_POINT,100,100,RANDOM,
truncation_1,0.5,100,420,21100,1612.7841653823853,33011,33022.62,ONE_POINT,100,100,RANDOM,
truncation_1,0.5,100,421,21150,1616.607622385025,32967,33009.72,ONE_POINT,100,100,RANDOM,
truncation_1,0.5,100,422,21200,1620.441867351532,32967,32999.54,ONE_POINT,100,100,RANDOM,
truncation_1,0.5,100,423,21250,1624.229020357132,32967,32984.53,ONE_POINT,100,100,RANDOM,
truncation_1,0.5,100,424,21300,1628.0037331581116,32967,32970.53,ONE_POINT,100,100,RANDOM,
truncation_1,0.5,100,425,21350,1631.7941570281982,32954,32966.33,ONE_POINT,100,100,RANDOM,
truncation_1,0.5,100,426,21400,1635.6004507541656,32954,32963.34,ONE_POINT,100,100,RANDOM,
truncation_1,0.5,100,427,21450,1639.3696475028992,32931,32958.48,ONE_POINT,100,100,RANDOM,
truncation_1,0.5,100,428,21500,1643.1708462238312,32899,32945.65,ONE_POINT,100,100,RANDOM,
truncation_1,0.5,100,429,21550,1646.9505002498627,32899,32931.57,ONE_POINT,100,100,RANDOM,
truncation_1,0.5,100,430,21600,1650.8578023910522,32899,32915.74,ONE_POINT,100,100,RANDOM,
truncation_1,0.5,100,431,21650,1654.6434803009033,32899,32905.43,ONE_POINT,100,100,RANDOM,
truncation_1,0.5,100,432,21700,1658.4177901744843,32893,32898.72,ONE_POINT,100,100,RANDOM,
truncation_1,0.5,100,433,21750,1662.1874127388,32893,32897.2,ONE_POINT,100,100,RANDOM,
truncation_1,0.5,100,434,21800,1665.9751417636871,32870,32890.72,ONE_POINT,100,100,RANDOM,
truncation_1,0.5,100,435,21850,1669.763914823532,32869,32884.63,ONE_POINT,100,100,RANDOM,
truncation_1,0.5,100,436,21900,1673.5522110462189,32869,32879.03,ONE_POINT,100,100,RANDOM,
truncation_1,0.5,100,437,21950,1677.3726541996002,32869,32872.91,ONE_POINT,100,100,RANDOM,
truncation_1,0.5,100,438,22000,1681.1576709747314,32863,32869.32,ONE_POINT,100,100,RANDOM,
truncation_1,0.5,100,439,22050,1684.9386615753174,32863,32867.08,ONE_POINT,100,100,RANDOM,
truncation_1,0.5,100,440,22100,1688.7354731559753,32863,32866.0,ONE_POINT,100,100,RANDOM,
truncation_1,0.5,100,441,22150,1692.512137413025,32849,32864.08,ONE_POINT,100,100,RANDOM,
truncation_1,0.5,100,442,22200,1696.3062841892242,32849,32859.68,ONE_POINT,100,100,RANDOM,
truncation_1,0.5,100,443,22250,1700.0964622497559,32849,32855.35,ONE_POINT,100,100,RANDOM,
truncation_1,0.5,100,444,22300,1703.8645162582397,32796,32849.24,ONE_POINT,100,100,RANDOM,
truncation_1,0.5,100,445,22350,1707.6300439834595,32796,32838.24,ONE_POINT,100,100,RANDOM,
truncation_1,0.5,100,446,22400,1711.401817560196,32796,32825.39,ONE_POINT,100,100,RANDOM,
truncation_1,0.5,100,447,22450,1715.1876060962677,32775,32809.99,ONE_POINT,100,100,RANDOM,
truncation_1,0.5,100,448,22500,1718.961473941803,32775,32791.94,ONE_POINT,100,100,RANDOM,
truncation_1,0.5,100,449,22550,1722.754578113556,32775,32784.02,ONE_POINT,100,100,RANDOM,
truncation_1,0.5,100,450,22600,1726.5335483551025,32773,32779.11,ONE_POINT,100,100,RANDOM,
truncation_1,0.5,100,451,22650,1730.3744282722473,32773,32774.95,ONE_POINT,100,100,RANDOM,
truncation_1,0.5,100,452,22700,1734.15660238266,32772,32773.71,ONE_POINT,100,100,RANDOM,
truncation_1,0.5,100,453,22750,1737.9880623817444,32762,32770.29,ONE_POINT,100,100,RANDOM,
truncation_1,0.5,100,454,22800,1741.7677900791168,32762,32767.61,ONE_POINT,100,100,RANDOM,
truncation_1,0.5,100,455,22850,1745.5622851848602,32756,32764.62,ONE_POINT,100,100,RANDOM,
truncation_1,0.5,100,456,22900,1749.362931728363,32736,32757.8,ONE_POINT,100,100,RANDOM,
truncation_1,0.5,100,457,22950,1753.1528244018555,32734,32751.53,ONE_POINT,100,100,RANDOM,
truncation_1,0.5,100,458,23000,1756.910480260849,32727,32743.71,ONE_POINT,100,100,RANDOM,
truncation_1,0.5,100,459,23050,1760.69637465477,32727,32737.06,ONE_POINT,100,100,RANDOM,
truncation_1,0.5,100,460,23100,1764.4779434204102,32727,32730.3,ONE_POINT,100,100,RANDOM,
truncation_1,0.5,100,461,23150,1768.2692515850067,32717,32727.02,ONE_POINT,100,100,RANDOM,
truncation_1,0.5,100,462,23200,1772.0057327747345,32717,32723.02,ONE_POINT,100,100,RANDOM,
truncation_1,0.5,100,463,23250,1775.776261806488,32716,32720.07,ONE_POINT,100,100,RANDOM,
truncation_1,0.5,100,464,23300,1779.5769579410553,32692,32714.72,ONE_POINT,100,100,RANDOM,
truncation_1,0.5,100,465,23350,1783.368886232376,32692,32709.01,ONE_POINT,100,100,RANDOM,
truncation_1,0.5,100,466,23400,1787.1244251728058,32676,32700.95,ONE_POINT,100,100,RANDOM,
truncation_1,0.5,100,467,23450,1790.8955707550049,32676,32692.01,ONE_POINT,100,100,RANDOM,
truncation_1,0.5,100,468,23500,1794.6798939704895,32676,32684.42,ONE_POINT,100,100,RANDOM,
truncation_1,0.5,100,469,23550,1798.459435224533,32674,32679.47,ONE_POINT,100,100,RANDOM,
truncation_1,0.5,100,470,23600,1802.2237794399261,32674,32675.52,ONE_POINT,100,100,RANDOM,
truncation_1,0.5,100,471,23650,1805.9977989196777,32674,32674.7,ONE_POINT,100,100,RANDOM,
truncation_1,0.5,100,472,23700,1809.9209666252136,32674,32674.3,ONE_POINT,100,100,RANDOM,
truncation_1,0.5,100,473,23750,1813.6956622600555,32674,32674.0,ONE_POINT,100,100,RANDOM,
truncation_1,0.5,100,474,23800,1817.4542939662933,32648,32668.88,ONE_POINT,100,100,RANDOM,
truncation_1,0.5,100,475,23850,1821.2443175315857,32643,32659.66,ONE_POINT,100,100,RANDOM,
truncation_1,0.5,100,476,23900,1825.0491452217102,32643,32653.39,ONE_POINT,100,100,RANDOM,
truncation_1,0.5,100,477,23950,1828.8463299274445,32642,32645.6,ONE_POINT,100,100,RANDOM,
truncation_1,0.5,100,478,24000,1832.6604328155518,32642,32643.46,ONE_POINT,100,100,RANDOM,
truncation_1,0.5,100,479,24050,1836.4389531612396,32642,32642.54,ONE_POINT,100,100,RANDOM,
truncation_1,0.5,100,480,24100,1840.2182474136353,32642,32642.32,ONE_POINT,100,100,RANDOM,
truncation_1,0.5,100,481,24150,1844.0048339366913,32633,32640.78,ONE_POINT,100,100,RANDOM,
truncation_1,0.5,100,482,24200,1847.7809326648712,32629,32638.2,ONE_POINT,100,100,RANDOM,
truncation_1,0.5,100,483,24250,1851.5548095703125,32629,32635.54,ONE_POINT,100,100,RANDOM,
truncation_1,0.5,100,484,24300,1855.3451642990112,32629,32632.71,ONE_POINT,100,100,RANDOM,
truncation_1,0.5,100,485,24350,1859.1429517269135,32629,32630.24,ONE_POINT,100,100,RANDOM,
truncation_1,0.5,100,486,24400,1862.9669167995453,32585,32623.66,ONE_POINT,100,100,RANDOM,
truncation_1,0.5,100,487,24450,1866.7545788288116,32579,32610.67,ONE_POINT,100,100,RANDOM,
truncation_1,0.5,100,488,24500,1870.5497770309448,32533,32595.72,ONE_POINT,100,100,RANDOM,
truncation_1,0.5,100,489,24550,1874.349406003952,32533,32571.93,ONE_POINT,100,100,RANDOM,
truncation_1,0.5,100,490,24600,1878.149034500122,32522,32555.23,ONE_POINT,100,100,RANDOM,
truncation_1,0.5,100,491,24650,1881.9376740455627,32522,32539.95,ONE_POINT,100,100,RANDOM,
truncation_1,0.5,100,492,24700,1885.7407491207123,32522,32526.03,ONE_POINT,100,100,RANDOM,
truncation_1,0.5,100,493,24750,1889.5058567523956,32521,32523.67,ONE_POINT,100,100,RANDOM,
truncation_1,0.5,100,494,24800,1893.2976644039154,32521,32521.63,ONE_POINT,100,100,RANDOM,
truncation_1,0.5,100,495,24850,1897.367145061493,32521,32521.4,ONE_POINT,100,100,RANDOM,
truncation_1,0.5,100,496,24900,1901.1620531082153,32521,32521.16,ONE_POINT,100,100,RANDOM,
truncation_1,0.5,100,497,24950,1904.9403398036957,32521,32521.0,ONE_POINT,100,100,RANDOM,
truncation_1,0.5,100,498,25000,1908.78244805336,32521,32521.0,ONE_POINT,100,100,RANDOM,
truncation_1,0.5,100,499,25050,1912.6149461269379,32521,32521.0,ONE_POINT,100,100,RANDOM,
truncation_1,0.5,100,500,25100,1916.4434781074524,32521,32521.0,ONE_POINT,100,100,RANDOM,
truncation_1,0.5,120,1,150,3.7676236629486084,131223,140898.59,ONE_POINT,100,100,RANDOM,
truncation_1,0.5,120,2,200,7.6055779457092285,128644,132401.34,ONE_POINT,100,100,RANDOM,
truncation_1,0.5,120,3,250,11.455168008804321,126281,128485.05,ONE_POINT,100,100,RANDOM,
truncation_1,0.5,120,4,300,15.286861181259155,125665,126722.94,ONE_POINT,100,100,RANDOM,
truncation_1,0.5,120,5,350,19.19075608253479,120838,124341.15,ONE_POINT,100,100,RANDOM,
truncation_1,0.5,120,6,400,23.01258873939514,118342,121372.84,ONE_POINT,100,100,RANDOM,
truncation_1,0.5,120,7,450,26.846787929534912,114331,118243.61,ONE_POINT,100,100,RANDOM,
truncation_1,0.5,120,8,500,30.64275884628296,111774,115086.11,ONE_POINT,100,100,RANDOM,
truncation_1,0.5,120,9,550,34.50385618209839,109985,112304.91,ONE_POINT,100,100,RANDOM,
truncation_1,0.5,120,10,600,38.356305837631226,108645,110156.39,ONE_POINT,100,100,RANDOM,
truncation_1,0.5,120,11,650,42.231075048446655,105535,108073.81,ONE_POINT,100,100,RANDOM,
truncation_1,0.5,120,12,700,46.09788680076599,104326,106111.95,ONE_POINT,100,100,RANDOM,
truncation_1,0.5,120,13,750,49.93737506866455,100516,103714.41,ONE_POINT,100,100,RANDOM,
truncation_1,0.5,120,14,800,53.78725552558899,98981,101262.77,ONE_POINT,100,100,RANDOM,
truncation_1,0.5,120,15,850,57.594061613082886,97284,99155.48,ONE_POINT,100,100,RANDOM,
truncation_1,0.5,120,16,900,61.406676292419434,96226,97378.6,ONE_POINT,100,100,RANDOM,
truncation_1,0.5,120,17,950,65.22461938858032,96043,96579.96,ONE_POINT,100,100,RANDOM,
truncation_1,0.5,120,18,1000,69.02224206924438,94906,95885.98,ONE_POINT,100,100,RANDOM,
truncation_1,0.5,120,19,1050,72.83610582351685,93093,94877.04,ONE_POINT,100,100,RANDOM,
truncation_1,0.5,120,20,1100,76.6607255935669,92263,93604.75,ONE_POINT,100,100,RANDOM,
truncation_1,0.5,120,21,1150,80.47990036010742,91026,92347.85,ONE_POINT,100,100,RANDOM,
truncation_1,0.5,120,22,1200,84.31562781333923,90133,91343.75,ONE_POINT,100,100,RANDOM,
truncation_1,0.5,120,23,1250,88.15649580955505,88345,90078.1,ONE_POINT,100,100,RANDOM,
truncation_1,0.5,120,24,1300,92.00549077987671,86633,88584.52,ONE_POINT,100,100,RANDOM,
truncation_1,0.5,120,25,1350,95.83479356765747,86127,87265.04,ONE_POINT,100,100,RANDOM,
truncation_1,0.5,120,26,1400,99.68532013893127,85707,86361.1,ONE_POINT,100,100,RANDOM,
truncation_1,0.5,120,27,1450,103.52437663078308,84347,85537.01,ONE_POINT,100,100,RANDOM,
truncation_1,0.5,120,28,1500,107.35512185096741,83465,84669.25,ONE_POINT,100,100,RANDOM,
truncation_1,0.5,120,29,1550,111.19534683227539,83094,83983.6,ONE_POINT,100,100,RANDOM,
truncation_1,0.5,120,30,1600,115.02342963218689,82481,83243.56,ONE_POINT,100,100,RANDOM,
truncation_1,0.5,120,31,1650,118.86292600631714,81248,82464.37,ONE_POINT,100,100,RANDOM,
truncation_1,0.5,120,32,1700,122.69543218612671,81024,81769.97,ONE_POINT,100,100,RANDOM,
truncation_1,0.5,120,33,1750,126.53597402572632,80582,81227.63,ONE_POINT,100,100,RANDOM,
truncation_1,0.5,120,34,1800,130.3256800174713,79257,80605.76,ONE_POINT,100,100,RANDOM,
truncation_1,0.5,120,35,1850,134.13832020759583,78375,79592.23,ONE_POINT,100,100,RANDOM,
truncation_1,0.5,120,36,1900,137.97232222557068,76828,78412.93,ONE_POINT,100,100,RANDOM,
truncation_1,0.5,120,37,1950,141.80088639259338,75063,77041.14,ONE_POINT,100,100,RANDOM,
truncation_1,0.5,120,38,2000,145.6326665878296,74230,75534.32,ONE_POINT,100,100,RANDOM,
truncation_1,0.5,120,39,2050,149.47385048866272,73300,74512.62,ONE_POINT,100,100,RANDOM,
truncation_1,0.5,120,40,2100,153.30476880073547,72921,73710.59,ONE_POINT,100,100,RANDOM,
truncation_1,0.5,120,41,2150,157.1517927646637,72662,73130.07,ONE_POINT,100,100,RANDOM,
truncation_1,0.5,120,42,2200,161.01781725883484,71873,72705.72,ONE_POINT,100,100,RANDOM,
truncation_1,0.5,120,43,2250,164.8526487350464,70321,71929.3,ONE_POINT,100,100,RANDOM,
truncation_1,0.5,120,44,2300,168.69151854515076,70023,70974.32,ONE_POINT,100,100,RANDOM,
truncation_1,0.5,120,45,2350,172.5191354751587,69139,70145.38,ONE_POINT,100,100,RANDOM,
truncation_1,0.5,120,46,2400,176.3892958164215,67703,69399.45,ONE_POINT,100,100,RANDOM,
truncation_1,0.5,120,47,2450,180.20570874214172,66542,68150.75,ONE_POINT,100,100,RANDOM,
truncation_1,0.5,120,48,2500,183.9758858680725,66315,66961.34,ONE_POINT,100,100,RANDOM,
truncation_1,0.5,120,49,2550,187.81067633628845,66254,66444.57,ONE_POINT,100,100,RANDOM,
truncation_1,0.5,120,50,2600,191.58528208732605,66119,66290.96,ONE_POINT,100,100,RANDOM,
truncation_1,0.5,120,51,2650,195.38108134269714,65974,66196.27,ONE_POINT,100,100,RANDOM,
truncation_1,0.5,120,52,2700,199.24790906906128,65248,65889.11,ONE_POINT,100,100,RANDOM,
truncation_1,0.5,120,53,2750,203.01047015190125,64928,65445.55,ONE_POINT,100,100,RANDOM,
truncation_1,0.5,120,54,2800,206.8124349117279,64542,65118.36,ONE_POINT,100,100,RANDOM,
truncation_1,0.5,120,55,2850,210.59475231170654,64067,64772.33,ONE_POINT,100,100,RANDOM,
truncation_1,0.5,120,56,2900,214.38667225837708,63312,64177.44,ONE_POINT,100,100,RANDOM,
truncation_1,0.5,120,57,2950,218.16860222816467,63205,63644.82,ONE_POINT,100,100,RANDOM,
truncation_1,0.5,120,58,3000,222.14263200759888,63005,63297.47,ONE_POINT,100,100,RANDOM,
truncation_1,0.5,120,59,3050,225.90392422676086,62879,63133.41,ONE_POINT,100,100,RANDOM,
truncation_1,0.5,120,60,3100,229.67356514930725,62590,62898.74,ONE_POINT,100,100,RANDOM,
truncation_1,0.5,120,61,3150,233.4609181880951,62269,62672.92,ONE_POINT,100,100,RANDOM,
truncation_1,0.5,120,62,3200,237.24726462364197,61972,62417.8,ONE_POINT,100,100,RANDOM,
truncation_1,0.5,120,63,3250,241.03706121444702,61660,62116.7,ONE_POINT,100,100,RANDOM,
truncation_1,0.5,120,64,3300,244.82902431488037,60770,61761.81,ONE_POINT,100,100,RANDOM,
truncation_1,0.5,120,65,3350,248.6550178527832,60762,61245.14,ONE_POINT,100,100,RANDOM,
truncation_1,0.5,120,66,3400,252.45149731636047,60492,60837.94,ONE_POINT,100,100,RANDOM,
truncation_1,0.5,120,67,3450,256.21275520324707,60245,60603.01,ONE_POINT,100,100,RANDOM,
truncation_1,0.5,120,68,3500,260.02571153640747,59984,60375.57,ONE_POINT,100,100,RANDOM,
truncation_1,0.5,120,69,3550,263.80869126319885,59786,60140.93,ONE_POINT,100,100,RANDOM,
truncation_1,0.5,120,70,3600,267.5772407054901,58616,59761.85,ONE_POINT,100,100,RANDOM,
truncation_1,0.5,120,71,3650,271.3626539707184,58428,59133.9,ONE_POINT,100,100,RANDOM,
truncation_1,0.5,120,72,3700,275.1415400505066,58381,58614.52,ONE_POINT,100,100,RANDOM,
truncation_1,0.5,120,73,3750,278.9224214553833,58208,58403.41,ONE_POINT,100,100,RANDOM,
truncation_1,0.5,120,74,3800,282.7101020812988,58074,58296.15,ONE_POINT,100,100,RANDOM,
truncation_1,0.5,120,75,3850,286.4853570461273,57694,58077.95,ONE_POINT,100,100,RANDOM,
truncation_1,0.5,120,76,3900,290.27249455451965,57330,57824.84,ONE_POINT,100,100,RANDOM,
truncation_1,0.5,120,77,3950,294.05356311798096,57315,57569.49,ONE_POINT,100,100,RANDOM,
truncation_1,0.5,120,78,4000,297.83724212646484,57254,57421.41,ONE_POINT,100,100,RANDOM,
truncation_1,0.5,120,79,4050,301.6727557182312,57057,57247.96,ONE_POINT,100,100,RANDOM,
truncation_1,0.5,120,80,4100,305.4932687282562,56906,57140.69,ONE_POINT,100,100,RANDOM,
truncation_1,0.5,120,81,4150,309.28553771972656,56852,56999.87,ONE_POINT,100,100,RANDOM,
truncation_1,0.5,120,82,4200,313.0989284515381,56715,56911.07,ONE_POINT,100,100,RANDOM,
truncation_1,0.5,120,83,4250,316.90920543670654,55732,56650.18,ONE_POINT,100,100,RANDOM,
truncation_1,0.5,120,84,4300,320.7054166793823,55516,56168.03,ONE_POINT,100,100,RANDOM,
truncation_1,0.5,120,85,4350,324.5088198184967,54994,55635.54,ONE_POINT,100,100,RANDOM,
truncation_1,0.5,120,86,4400,328.30023765563965,54790,55193.4,ONE_POINT,100,100,RANDOM,
truncation_1,0.5,120,87,4450,332.0629770755768,54042,54748.26,ONE_POINT,100,100,RANDOM,
truncation_1,0.5,120,88,4500,335.84647703170776,53464,54284.36,ONE_POINT,100,100,RANDOM,
truncation_1,0.5,120,89,4550,339.63616132736206,53108,53789.07,ONE_POINT,100,100,RANDOM,
truncation_1,0.5,120,90,4600,343.4422855377197,52568,53350.95,ONE_POINT,100,100,RANDOM,
truncation_1,0.5,120,91,4650,347.21901535987854,52343,52886.86,ONE_POINT,100,100,RANDOM,
truncation_1,0.5,120,92,4700,351.00976037979126,52017,52569.47,ONE_POINT,100,100,RANDOM,
truncation_1,0.5,120,93,4750,354.816725730896,51853,52246.47,ONE_POINT,100,100,RANDOM,
truncation_1,0.5,120,94,4800,358.608206987381,51580,52008.44,ONE_POINT,100,100,RANDOM,
truncation_1,0.5,120,95,4850,362.43162989616394,51415,51766.57,ONE_POINT,100,100,RANDOM,
truncation_1,0.5,120,96,4900,366.20081973075867,51391,51602.92,ONE_POINT,100,100,RANDOM,
truncation_1,0.5,120,97,4950,369.9892952442169,51030,51412.08,ONE_POINT,100,100,RANDOM,
truncation_1,0.5,120,98,5000,373.77242636680603,50928,51217.68,ONE_POINT,100,100,RANDOM,
truncation_1,0.5,120,99,5050,377.5793414115906,50689,51004.86,ONE_POINT,100,100,RANDOM,
truncation_1,0.5,120,100,5100,381.3366549015045,50174,50758.29,ONE_POINT,100,100,RANDOM,
truncation_1,0.5,120,101,5150,385.1292395591736,50039,50449.93,ONE_POINT,100,100,RANDOM,
truncation_1,0.5,120,102,5200,388.89605593681335,49101,49965.21,ONE_POINT,100,100,RANDOM,
truncation_1,0.5,120,103,5250,392.67279601097107,48891,49449.33,ONE_POINT,100,100,RANDOM,
truncation_1,0.5,120,104,5300,396.4739394187927,48874,49036.74,ONE_POINT,100,100,RANDOM,
truncation_1,0.5,120,105,5350,400.2596802711487,48731,48933.6,ONE_POINT,100,100,RANDOM,
truncation_1,0.5,120,106,5400,404.06261920928955,48580,48824.31,ONE_POINT,100,100,RANDOM,
truncation_1,0.5,120,107,5450,407.85875153541565,48409,48709.39,ONE_POINT,100,100,RANDOM,
truncation_1,0.5,120,108,5500,411.63971853256226,47464,48396.36,ONE_POINT,100,100,RANDOM,
truncation_1,0.5,120,109,5550,415.4222912788391,47463,48031.84,ONE_POINT,100,100,RANDOM,
truncation_1,0.5,120,110,5600,419.20248460769653,47300,47674.39,ONE_POINT,100,100,RANDOM,
truncation_1,0.5,120,111,5650,422.9812297821045,47114,47398.81,ONE_POINT,100,100,RANDOM,
truncation_1,0.5,120,112,5700,426.77662682533264,47002,47258.06,ONE_POINT,100,100,RANDOM,
truncation_1,0.5,120,113,5750,430.5788834095001,46228,46851.92,ONE_POINT,100,100,RANDOM,
truncation_1,0.5,120,114,5800,434.36149549484253,46097,46451.5,ONE_POINT,100,100,RANDOM,
truncation_1,0.5,120,115,5850,438.149272441864,46047,46203.75,ONE_POINT,100,100,RANDOM,
truncation_1,0.5,120,116,5900,442.0485005378723,45974,46101.47,ONE_POINT,100,100,RANDOM,
truncation_1,0.5,120,117,5950,445.83236932754517,45933,46030.78,ONE_POINT,100,100,RANDOM,
truncation_1,0.5,120,118,6000,449.6203043460846,45876,45965.4,ONE_POINT,100,100,RANDOM,
truncation_1,0.5,120,119,6050,453.4095227718353,45876,45918.11,ONE_POINT,100,100,RANDOM,
truncation_1,0.5,120,120,6100,457.20447611808777,45780,45886.23,ONE_POINT,100,100,RANDOM,
truncation_1,0.5,120,121,6150,460.9648189544678,45748,45839.67,ONE_POINT,100,100,RANDOM,
truncation_1,0.5,120,122,6200,464.7537760734558,45661,45796.9,ONE_POINT,100,100,RANDOM,
truncation_1,0.5,120,123,6250,468.57006549835205,45298,45699.16,ONE_POINT,100,100,RANDOM,
truncation_1,0.5,120,124,6300,472.3614499568939,45084,45463.84,ONE_POINT,100,100,RANDOM,
truncation_1,0.5,120,125,6350,476.15464186668396,45004,45234.48,ONE_POINT,100,100,RANDOM,
truncation_1,0.5,120,126,6400,479.94278717041016,44930,45063.14,ONE_POINT,100,100,RANDOM,
truncation_1,0.5,120,127,6450,483.71081733703613,44661,44966.08,ONE_POINT,100,100,RANDOM,
truncation_1,0.5,120,128,6500,487.47279953956604,44269,44789.24,ONE_POINT,100,100,RANDOM,
truncation_1,0.5,120,129,6550,491.2571632862091,44196,44501.26,ONE_POINT,100,100,RANDOM,
truncation_1,0.5,120,130,6600,495.08548974990845,44054,44314.08,ONE_POINT,100,100,RANDOM,
truncation_1,0.5,120,131,6650,498.91685700416565,44042,44156.32,ONE_POINT,100,100,RANDOM,
truncation_1,0.5,120,132,6700,502.73913407325745,43945,44087.1,ONE_POINT,100,100,RANDOM,
truncation_1,0.5,120,133,6750,506.5577356815338,43879,44001.99,ONE_POINT,100,100,RANDOM,
truncation_1,0.5,120,134,6800,510.3609130382538,43841,43934.13,ONE_POINT,100,100,RANDOM,
truncation_1,0.5,120,135,6850,514.1843862533569,43826,43889.09,ONE_POINT,100,100,RANDOM,
truncation_1,0.5,120,136,6900,518.0164971351624,43470,43775.86,ONE_POINT,100,100,RANDOM,
truncation_1,0.5,120,137,6950,521.8399269580841,43345,43591.45,ONE_POINT,100,100,RANDOM,
truncation_1,0.5,120,138,7000,525.6794738769531,43194,43392.27,ONE_POINT,100,100,RANDOM,
truncation_1,0.5,120,139,7050,529.510472536087,43132,43258.1,ONE_POINT,100,100,RANDOM,
truncation_1,0.5,120,140,7100,533.3465123176575,43118,43190.07,ONE_POINT,100,100,RANDOM,
truncation_1,0.5,120,141,7150,537.1438856124878,43088,43141.61,ONE_POINT,100,100,RANDOM,
truncation_1,0.5,120,142,7200,541.0578792095184,43076,43112.39,ONE_POINT,100,100,RANDOM,
truncation_1,0.5,120,143,7250,544.9037075042725,42835,43048.3,ONE_POINT,100,100,RANDOM,
truncation_1,0.5,120,144,7300,548.7205829620361,42255,42861.4,ONE_POINT,100,100,RANDOM,
truncation_1,0.5,120,145,7350,552.5482611656189,42185,42584.2,ONE_POINT,100,100,RANDOM,
truncation_1,0.5,120,146,7400,556.3630561828613,42116,42342.67,ONE_POINT,100,100,RANDOM,
truncation_1,0.5,120,147,7450,560.2478640079498,41965,42190.17,ONE_POINT,100,100,RANDOM,
truncation_1,0.5,120,148,7500,564.0570542812347,41950,42083.7,ONE_POINT,100,100,RANDOM,
truncation_1,0.5,120,149,7550,567.8371753692627,41787,41975.63,ONE_POINT,100,100,RANDOM,
truncation_1,0.5,120,150,7600,571.6210219860077,41489,41831.26,ONE_POINT,100,100,RANDOM,
truncation_1,0.5,120,151,7650,575.4067525863647,41489,41676.33,ONE_POINT,100,100,RANDOM,
truncation_1,0.5,120,152,7700,579.255411863327,41377,41517.7,ONE_POINT,100,100,RANDOM,
truncation_1,0.5,120,153,7750,583.0557525157928,41344,41423.94,ONE_POINT,100,100,RANDOM,
truncation_1,0.5,120,154,7800,586.8911788463593,41290,41373.9,ONE_POINT,100,100,RANDOM,
truncation_1,0.5,120,155,7850,590.7237985134125,41262,41323.27,ONE_POINT,100,100,RANDOM,
truncation_1,0.5,120,156,7900,594.5536816120148,41193,41286.09,ONE_POINT,100,100,RANDOM,
truncation_1,0.5,120,157,7950,598.3676724433899,41161,41232.77,ONE_POINT,100,100,RANDOM,
truncation_1,0.5,120,158,8000,602.1502630710602,41155,41197.2,ONE_POINT,100,100,RANDOM,
truncation_1,0.5,120,159,8050,605.9828627109528,41155,41169.66,ONE_POINT,100,100,RANDOM,
truncation_1,0.5,120,160,8100,609.7507305145264,40844,41125.74,ONE_POINT,100,100,RANDOM,
truncation_1,0.5,120,161,8150,613.5270433425903,40821,41029.74,ONE_POINT,100,100,RANDOM,
truncation_1,0.5,120,162,8200,617.3278141021729,40820,40924.76,ONE_POINT,100,100,RANDOM,
truncation_1,0.5,120,163,8250,621.123729467392,40685,40821.62,ONE_POINT,100,100,RANDOM,
truncation_1,0.5,120,164,8300,624.9136197566986,40657,40759.51,ONE_POINT,100,100,RANDOM,
truncation_1,0.5,120,165,8350,628.6865141391754,40636,40710.31,ONE_POINT,100,100,RANDOM,
truncation_1,0.5,120,166,8400,632.4549486637115,40570,40652.89,ONE_POINT,100,100,RANDOM,
truncation_1,0.5,120,167,8450,636.2373702526093,40403,40580.79,ONE_POINT,100,100,RANDOM,
truncation_1,0.5,120,168,8500,640.0277853012085,40292,40485.88,ONE_POINT,100,100,RANDOM,
truncation_1,0.5,120,169,8550,643.7919988632202,40260,40386.76,ONE_POINT,100,100,RANDOM,
truncation_1,0.5,120,170,8600,647.5724656581879,40234,40314.72,ONE_POINT,100,100,RANDOM,
truncation_1,0.5,120,171,8650,651.356766462326,40201,40269.05,ONE_POINT,100,100,RANDOM,
truncation_1,0.5,120,172,8700,655.1330087184906,40115,40221.18,ONE_POINT,100,100,RANDOM,
truncation_1,0.5,120,173,8750,658.9085824489594,40008,40181.36,ONE_POINT,100,100,RANDOM,
truncation_1,0.5,120,174,8800,662.7204804420471,39920,40099.11,ONE_POINT,100,100,RANDOM,
truncation_1,0.5,120,175,8850,666.4862611293793,39910,40019.01,ONE_POINT,100,100,RANDOM,
truncation_1,0.5,120,176,8900,670.250999212265,39901,39948.98,ONE_POINT,100,100,RANDOM,
truncation_1,0.5,120,177,8950,674.0638613700867,39831,39906.58,ONE_POINT,100,100,RANDOM,
truncation_1,0.5,120,178,9000,677.8978531360626,39754,39865.44,ONE_POINT,100,100,RANDOM,
truncation_1,0.5,120,179,9050,681.678816318512,39693,39811.44,ONE_POINT,100,100,RANDOM,
truncation_1,0.5,120,180,9100,685.4616193771362,39668,39755.5,ONE_POINT,100,100,RANDOM,
truncation_1,0.5,120,181,9150,689.2544736862183,39611,39701.47,ONE_POINT,100,100,RANDOM,
truncation_1,0.5,120,182,9200,693.0485923290253,39611,39666.18,ONE_POINT,100,100,RANDOM,
truncation_1,0.5,120,183,9250,696.8055810928345,39455,39618.32,ONE_POINT,100,100,RANDOM,
truncation_1,0.5,120,184,9300,700.5874388217926,39453,39555.24,ONE_POINT,100,100,RANDOM,
truncation_1,0.5,120,185,9350,704.5218794345856,39403,39493.7,ONE_POINT,100,100,RANDOM,
truncation_1,0.5,120,186,9400,708.3219089508057,39353,39431.82,ONE_POINT,100,100,RANDOM,
truncation_1,0.5,120,187,9450,712.1023926734924,39335,39394.41,ONE_POINT,100,100,RANDOM,
truncation_1,0.5,120,188,9500,715.8648211956024,39295,39351.41,ONE_POINT,100,100,RANDOM,
truncation_1,0.5,120,189,9550,719.6241040229797,39295,39324.61,ONE_POINT,100,100,RANDOM,
truncation_1,0.5,120,190,9600,723.4096868038177,39162,39290.06,ONE_POINT,100,100,RANDOM,
truncation_1,0.5,120,191,9650,727.185774564743,39094,39239.14,ONE_POINT,100,100,RANDOM,
truncation_1,0.5,120,192,9700,730.9459147453308,39083,39169.3,ONE_POINT,100,100,RANDOM,
truncation_1,0.5,120,193,9750,734.757622718811,38882,39077.29,ONE_POINT,100,100,RANDOM,
truncation_1,0.5,120,194,9800,738.5310060977936,38804,38981.62,ONE_POINT,100,100,RANDOM,
truncation_1,0.5,120,195,9850,742.3308928012848,38478,38851.78,ONE_POINT,100,100,RANDOM,
truncation_1,0.5,120,196,9900,746.105325460434,38346,38643.86,ONE_POINT,100,100,RANDOM,
truncation_1,0.5,120,197,9950,749.9170210361481,38325,38468.53,ONE_POINT,100,100,RANDOM,
truncation_1,0.5,120,198,10000,753.7053606510162,38287,38366.91,ONE_POINT,100,100,RANDOM,
truncation_1,0.5,120,199,10050,757.468780040741,38229,38308.71,ONE_POINT,100,100,RANDOM,
truncation_1,0.5,120,200,10100,761.2728981971741,38104,38242.33,ONE_POINT,100,100,RANDOM,
truncation_1,0.5,120,201,10150,765.0943005084991,38094,38173.3,ONE_POINT,100,100,RANDOM,
truncation_1,0.5,120,202,10200,768.9158864021301,38049,38120.37,ONE_POINT,100,100,RANDOM,
truncation_1,0.5,120,203,10250,772.7444961071014,38038,38075.4,ONE_POINT,100,100,RANDOM,
truncation_1,0.5,120,204,10300,776.5584511756897,38027,38059.42,ONE_POINT,100,100,RANDOM,
truncation_1,0.5,120,205,10350,780.3710610866547,38001,38036.47,ONE_POINT,100,100,RANDOM,
truncation_1,0.5,120,206,10400,784.1955471038818,37839,37995.08,ONE_POINT,100,100,RANDOM,
truncation_1,0.5,120,207,10450,787.9383482933044,37828,37940.23,ONE_POINT,100,100,RANDOM,
truncation_1,0.5,120,208,10500,791.7197878360748,37772,37880.49,ONE_POINT,100,100,RANDOM,
truncation_1,0.5,120,209,10550,795.5040156841278,37699,37809.0,ONE_POINT,100,100,RANDOM,
truncation_1,0.5,120,210,10600,799.3293483257294,37667,37757.25,ONE_POINT,100,100,RANDOM,
truncation_1,0.5,120,211,10650,803.0953574180603,37650,37700.78,ONE_POINT,100,100,RANDOM,
truncation_1,0.5,120,212,10700,806.8893737792969,37546,37653.72,ONE_POINT,100,100,RANDOM,
truncation_1,0.5,120,213,10750,810.6849167346954,37497,37604.5,ONE_POINT,100,100,RANDOM,
truncation_1,0.5,120,214,10800,814.469987154007,37489,37557.76,ONE_POINT,100,100,RANDOM,
truncation_1,0.5,120,215,10850,818.248791217804,37112,37418.42,ONE_POINT,100,100,RANDOM,
truncation_1,0.5,120,216,10900,822.0670750141144,37067,37258.19,ONE_POINT,100,100,RANDOM,
truncation_1,0.5,120,217,10950,825.8485884666443,37027,37121.67,ONE_POINT,100,100,RANDOM,
truncation_1,0.5,120,218,11000,829.619047164917,37014,37067.04,ONE_POINT,100,100,RANDOM,
truncation_1,0.5,120,219,11050,833.4108788967133,36971,37032.73,ONE_POINT,100,100,RANDOM,
truncation_1,0.5,120,220,11100,837.1974494457245,36971,37007.06,ONE_POINT,100,100,RANDOM,
truncation_1,0.5,120,221,11150,840.9977488517761,36900,36994.58,ONE_POINT,100,100,RANDOM,
truncation_1,0.5,120,222,11200,844.8043389320374,36826,36956.31,ONE_POINT,100,100,RANDOM,
truncation_1,0.5,120,223,11250,848.6590449810028,36762,36888.39,ONE_POINT,100,100,RANDOM,
truncation_1,0.5,120,224,11300,852.4663279056549,36762,36828.75,ONE_POINT,100,100,RANDOM,
truncation_1,0.5,120,225,11350,856.2691855430603,36743,36785.97,ONE_POINT,100,100,RANDOM,
truncation_1,0.5,120,226,11400,860.0358891487122,36743,36764.42,ONE_POINT,100,100,RANDOM,
truncation_1,0.5,120,227,11450,863.8167154788971,36739,36750.61,ONE_POINT,100,100,RANDOM,
truncation_1,0.5,120,228,11500,867.598128080368,36711,36742.2,ONE_POINT,100,100,RANDOM,
truncation_1,0.5,120,229,11550,871.4248011112213,36688,36727.31,ONE_POINT,100,100,RANDOM,
truncation_1,0.5,120,230,11600,875.2577500343323,36688,36713.84,ONE_POINT,100,100,RANDOM,
truncation_1,0.5,120,231,11650,879.1223864555359,36585,36695.7,ONE_POINT,100,100,RANDOM,
truncation_1,0.5,120,232,11700,883.1629304885864,36538,36652.49,ONE_POINT,100,100,RANDOM,
truncation_1,0.5,120,233,11750,887.0812404155731,36538,36614.95,ONE_POINT,100,100,RANDOM,
truncation_1,0.5,120,234,11800,890.9405579566956,36538,36577.65,ONE_POINT,100,100,RANDOM,
truncation_1,0.5,120,235,11850,894.7561218738556,36538,36546.58,ONE_POINT,100,100,RANDOM,
truncation_1,0.5,120,236,11900,898.5870280265808,36525,36539.34,ONE_POINT,100,100,RANDOM,
truncation_1,0.5,120,237,11950,902.4883053302765,36524,36533.73,ONE_POINT,100,100,RANDOM,
truncation_1,0.5,120,238,12000,906.3647754192352,36507,36527.69,ONE_POINT,100,100,RANDOM,
truncation_1,0.5,120,239,12050,910.1698665618896,36472,36512.8,ONE_POINT,100,100,RANDOM,
truncation_1,0.5,120,240,12100,914.0076687335968,36402,36488.91,ONE_POINT,100,100,RANDOM,
truncation_1,0.5,120,241,12150,917.8629562854767,36402,36450.48,ONE_POINT,100,100,RANDOM,
truncation_1,0.5,120,242,12200,921.7148320674896,36389,36419.92,ONE_POINT,100,100,RANDOM,
truncation_1,0.5,120,243,12250,925.5489640235901,36320,36382.29,ONE_POINT,100,100,RANDOM,
truncation_1,0.5,120,244,12300,929.3901853561401,36280,36350.46,ONE_POINT,100,100,RANDOM,
truncation_1,0.5,120,245,12350,933.2535638809204,36280,36324.3,ONE_POINT,100,100,RANDOM,
truncation_1,0.5,120,246,12400,937.0901284217834,36280,36298.73,ONE_POINT,100,100,RANDOM,
truncation_1,0.5,120,247,12450,940.9165427684784,36137,36259.14,ONE_POINT,100,100,RANDOM,
truncation_1,0.5,120,248,12500,944.7637691497803,36133,36211.25,ONE_POINT,100,100,RANDOM,
truncation_1,0.5,120,249,12550,948.6123218536377,36133,36177.87,ONE_POINT,100,100,RANDOM,
truncation_1,0.5,120,250,12600,952.4408099651337,36127,36141.67,ONE_POINT,100,100,RANDOM,
truncation_1,0.5,120,251,12650,956.2894740104675,36123,36130.53,ONE_POINT,100,100,RANDOM,
truncation_1,0.5,120,252,12700,960.1201951503754,36010,36099.74,ONE_POINT,100,100,RANDOM,
truncation_1,0.5,120,253,12750,963.9123001098633,36002,36061.48,ONE_POINT,100,100,RANDOM,
truncation_1,0.5,120,254,12800,967.7266180515289,35988,36032.07,ONE_POINT,100,100,RANDOM,
truncation_1,0.5,120,255,12850,971.5431196689606,35987,36001.31,ONE_POINT,100,100,RANDOM,
truncation_1,0.5,120,256,12900,975.3768858909607,35920,35992.18,ONE_POINT,100,100,RANDOM,
truncation_1,0.5,120,257,12950,979.2260556221008,35920,35968.74,ONE_POINT,100,100,RANDOM,
truncation_1,0.5,120,258,13000,983.0633683204651,35913,35944.15,ONE_POINT,100,100,RANDOM,
truncation_1,0.5,120,259,13050,986.8919808864594,35913,35925.02,ONE_POINT,100,100,RANDOM,
truncation_1,0.5,120,260,13100,990.7840580940247,35911,35914.35,ONE_POINT,100,100,RANDOM,
truncation_1,0.5,120,261,13150,994.6398577690125,35904,35912.07,ONE_POINT,100,100,RANDOM,
truncation_1,0.5,120,262,13200,998.4889566898346,35904,35910.0,ONE_POINT,100,100,RANDOM,
truncation_1,0.5,120,263,13250,1002.3059251308441,35898,35906.91,ONE_POINT,100,100,RANDOM,
truncation_1,0.5,120,264,13300,1006.1230087280273,35898,35903.89,ONE_POINT,100,100,RANDOM,
truncation_1,0.5,120,265,13350,1009.9479577541351,35897,35900.24,ONE_POINT,100,100,RANDOM,
truncation_1,0.5,120,266,13400,1013.7466683387756,35897,35898.33,ONE_POINT,100,100,RANDOM,
truncation_1,0.5,120,267,13450,1017.5550546646118,35864,35893.3,ONE_POINT,100,100,RANDOM,
truncation_1,0.5,120,268,13500,1021.3863430023193,35822,35877.43,ONE_POINT,100,100,RANDOM,
truncation_1,0.5,120,269,13550,1025.2227847576141,35822,35858.04,ONE_POINT,100,100,RANDOM,
truncation_1,0.5,120,270,13600,1029.0921890735626,35743,35828.61,ONE_POINT,100,100,RANDOM,
truncation_1,0.5,120,271,13650,1032.916603565216,35743,35797.45,ONE_POINT,100,100,RANDOM,
truncation_1,0.5,120,272,13700,1036.750229358673,35743,35770.88,ONE_POINT,100,100,RANDOM,
truncation_1,0.5,120,273,13750,1040.58855509758,35722,35750.0,ONE_POINT,100,100,RANDOM,
truncation_1,0.5,120,274,13800,1044.4153428077698,35715,35734.48,ONE_POINT,100,100,RANDOM,
truncation_1,0.5,120,275,13850,1048.2276813983917,35708,35727.63,ONE_POINT,100,100,RANDOM,
truncation_1,0.5,120,276,13900,1052.0559499263763,35708,35719.04,ONE_POINT,100,100,RANDOM,
truncation_1,0.5,120,277,13950,1055.906142950058,35703,35710.88,ONE_POINT,100,100,RANDOM,
truncation_1,0.5,120,278,14000,1059.7586042881012,35605,35685.47,ONE_POINT,100,100,RANDOM,
truncation_1,0.5,120,279,14050,1063.5542159080505,35589,35654.25,ONE_POINT,100,100,RANDOM,
truncation_1,0.5,120,280,14100,1067.3555760383606,35565,35620.95,ONE_POINT,100,100,RANDOM,
truncation_1,0.5,120,281,14150,1071.166440486908,35564,35590.97,ONE_POINT,100,100,RANDOM,
truncation_1,0.5,120,282,14200,1074.9989686012268,35496,35574.06,ONE_POINT,100,100,RANDOM,
truncation_1,0.5,120,283,14250,1078.824251651764,35495,35547.57,ONE_POINT,100,100,RANDOM,
truncation_1,0.5,120,284,14300,1082.7037029266357,35485,35520.26,ONE_POINT,100,100,RANDOM,
truncation_1,0.5,120,285,14350,1086.5333695411682,35467,35490.33,ONE_POINT,100,100,RANDOM,
truncation_1,0.5,120,286,14400,1090.3497269153595,35459,35477.97,ONE_POINT,100,100,RANDOM,
truncation_1,0.5,120,287,14450,1094.1841135025024,35341,35442.07,ONE_POINT,100,100,RANDOM,
truncation_1,0.5,120,288,14500,1097.9944052696228,35341,35408.13,ONE_POINT,100,100,RANDOM,
truncation_1,0.5,120,289,14550,1101.8715686798096,35341,35374.39,ONE_POINT,100,100,RANDOM,
truncation_1,0.5,120,290,14600,1105.7017977237701,35324,35345.32,ONE_POINT,100,100,RANDOM,
truncation_1,0.5,120,291,14650,1109.5258915424347,35300,35335.14,ONE_POINT,100,100,RANDOM,
truncation_1,0.5,120,292,14700,1113.3559408187866,35265,35322.63,ONE_POINT,100,100,RANDOM,
truncation_1,0.5,120,293,14750,1117.1283252239227,35265,35304.4,ONE_POINT,100,100,RANDOM,
truncation_1,0.5,120,294,14800,1120.9360656738281,35233,35284.53,ONE_POINT,100,100,RANDOM,
truncation_1,0.5,120,295,14850,1124.7637407779694,35231,35268.61,ONE_POINT,100,100,RANDOM,
truncation_1,0.5,120,296,14900,1128.5945208072662,35226,35251.23,ONE_POINT,100,100,RANDOM,
truncation_1,0.5,120,297,14950,1132.42844247818,35221,35238.56,ONE_POINT,100,100,RANDOM,
truncation_1,0.5,120,298,15000,1136.2491874694824,35210,35228.16,ONE_POINT,100,100,RANDOM,
truncation_1,0.5,120,299,15050,1140.0782997608185,35210,35221.82,ONE_POINT,100,100,RANDOM,
truncation_1,0.5,120,300,15100,1143.886666059494,35186,35212.13,ONE_POINT,100,100,RANDOM,
truncation_1,0.5,120,301,15150,1147.7706649303436,35183,35201.67,ONE_POINT,100,100,RANDOM,
truncation_1,0.5,120,302,15200,1151.6384761333466,35177,35191.74,ONE_POINT,100,100,RANDOM,
truncation_1,0.5,120,303,15250,1155.452572107315,35169,35185.45,ONE_POINT,100,100,RANDOM,
truncation_1,0.5,120,304,15300,1159.2585146427155,35146,35176.05,ONE_POINT,100,100,RANDOM,
truncation_1,0.5,120,305,15350,1163.1601376533508,35145,35165.5,ONE_POINT,100,100,RANDOM,
truncation_1,0.5,120,306,15400,1166.9865474700928,35145,35158.51,ONE_POINT,100,100,RANDOM,
truncation_1,0.5,120,307,15450,1170.809020280838,35145,35150.2,ONE_POINT,100,100,RANDOM,
truncation_1,0.5,120,308,15500,1174.6431107521057,35145,35145.24,ONE_POINT,100,100,RANDOM,
truncation_1,0.5,120,309,15550,1178.5024111270905,35145,35145.07,ONE_POINT,100,100,RANDOM,
truncation_1,0.5,120,310,15600,1182.3549408912659,35141,35144.23,ONE_POINT,100,100,RANDOM,
truncation_1,0.5,120,311,15650,1186.2208335399628,35141,35143.43,ONE_POINT,100,100,RANDOM,
truncation_1,0.5,120,312,15700,1190.076081752777,35093,35131.71,ONE_POINT,100,100,RANDOM,
truncation_1,0.5,120,313,15750,1193.9051501750946,35080,35117.37,ONE_POINT,100,100,RANDOM,
truncation_1,0.5,120,314,15800,1197.7179021835327,35080,35101.09,ONE_POINT,100,100,RANDOM,
truncation_1,0.5,120,315,15850,1201.5462338924408,35080,35086.15,ONE_POINT,100,100,RANDOM,
truncation_1,0.5,120,316,15900,1205.3903126716614,35078,35081.96,ONE_POINT,100,100,RANDOM,
truncation_1,0.5,120,317,15950,1209.174614906311,35078,35079.38,ONE_POINT,100,100,RANDOM,
truncation_1,0.5,120,318,16000,1212.9504413604736,35078,35078.74,ONE_POINT,100,100,RANDOM,
truncation_1,0.5,120,319,16050,1216.7395734786987,35003,35073.01,ONE_POINT,100,100,RANDOM,
truncation_1,0.5,120,320,16100,1220.515605211258,35001,35052.17,ONE_POINT,100,100,RANDOM,
truncation_1,0.5,120,321,16150,1224.3490431308746,34998,35035.39,ONE_POINT,100,100,RANDOM,
truncation_1,0.5,120,322,16200,1228.1863367557526,34963,35004.26,ONE_POINT,100,100,RANDOM,
truncation_1,0.5,120,323,16250,1232.0162072181702,34955,34986.21,ONE_POINT,100,100,RANDOM,
truncation_1,0.5,120,324,16300,1235.8738007545471,34955,34975.05,ONE_POINT,100,100,RANDOM,
truncation_1,0.5,120,325,16350,1239.7418859004974,34955,34964.64,ONE_POINT,100,100,RANDOM,
truncation_1,0.5,120,326,16400,1243.55903673172,34931,34954.76,ONE_POINT,100,100,RANDOM,
truncation_1,0.5,120,327,16450,1247.3781962394714,34931,34946.95,ONE_POINT,100,100,RANDOM,
truncation_1,0.5,120,328,16500,1251.2109112739563,34931,34940.89,ONE_POINT,100,100,RANDOM,
truncation_1,0.5,120,329,16550,1255.0491678714752,34889,34929.58,ONE_POINT,100,100,RANDOM,
truncation_1,0.5,120,330,16600,1258.8936367034912,34885,34916.1,ONE_POINT,100,100,RANDOM,
truncation_1,0.5,120,331,16650,1262.7229130268097,34872,34901.18,ONE_POINT,100,100,RANDOM,
truncation_1,0.5,120,332,16700,1266.5786502361298,34863,34887.16,ONE_POINT,100,100,RANDOM,
truncation_1,0.5,120,333,16750,1270.4105672836304,34862,34874.85,ONE_POINT,100,100,RANDOM,
truncation_1,0.5,120,334,16800,1274.222740650177,34828,34864.24,ONE_POINT,100,100,RANDOM,
truncation_1,0.5,120,335,16850,1278.0500073432922,34727,34843.28,ONE_POINT,100,100,RANDOM,
truncation_1,0.5,120,336,16900,1282.000731229782,34727,34804.11,ONE_POINT,100,100,RANDOM,
truncation_1,0.5,120,337,16950,1285.8430998325348,34727,34772.89,ONE_POINT,100,100,RANDOM,
truncation_1,0.5,120,338,17000,1289.6512672901154,34725,34741.48,ONE_POINT,100,100,RANDOM,
truncation_1,0.5,120,339,17050,1293.4499504566193,34725,34727.04,ONE_POINT,100,100,RANDOM,
truncation_1,0.5,120,340,17100,1297.2290253639221,34717,34724.19,ONE_POINT,100,100,RANDOM,
truncation_1,0.5,120,341,17150,1301.0017943382263,34678,34719.95,ONE_POINT,100,100,RANDOM,
truncation_1,0.5,120,342,17200,1304.7879042625427,34678,34706.16,ONE_POINT,100,100,RANDOM,
truncation_1,0.5,120,343,17250,1308.6253473758698,34678,34694.95,ONE_POINT,100,100,RANDOM,
truncation_1,0.5,120,344,17300,1312.4207859039307,34676,34682.93,ONE_POINT,100,100,RANDOM,
truncation_1,0.5,120,345,17350,1316.1885921955109,34673,34677.11,ONE_POINT,100,100,RANDOM,
truncation_1,0.5,120,346,17400,1319.9709033966064,34645,34674.76,ONE_POINT,100,100,RANDOM,
truncation_1,0.5,120,347,17450,1323.7633185386658,34635,34663.31,ONE_POINT,100,100,RANDOM,
truncation_1,0.5,120,348,17500,1327.5577988624573,34634,34653.01,ONE_POINT,100,100,RANDOM,
truncation_1,0.5,120,349,17550,1331.3410754203796,34634,34645.51,ONE_POINT,100,100,RANDOM,
truncation_1,0.5,120,350,17600,1335.11781167984,34633,34637.17,ONE_POINT,100,100,RANDOM,
truncation_1,0.5,120,351,17650,1338.925409078598,34574,34626.91,ONE_POINT,100,100,RANDOM,
truncation_1,0.5,120,352,17700,1342.6966149806976,34562,34612.17,ONE_POINT,100,100,RANDOM,
truncation_1,0.5,120,353,17750,1346.4818646907806,34522,34589.44,ONE_POINT,100,100,RANDOM,
truncation_1,0.5,120,354,17800,1350.2644038200378,34522,34558.7,ONE_POINT,100,100,RANDOM,
truncation_1,0.5,120,355,17850,1354.0580265522003,34522,34542.39,ONE_POINT,100,100,RANDOM,
truncation_1,0.5,120,356,17900,1357.81471824646,34521,34528.99,ONE_POINT,100,100,RANDOM,
truncation_1,0.5,120,357,17950,1361.6445896625519,34504,34520.09,ONE_POINT,100,100,RANDOM,
truncation_1,0.5,120,358,18000,1365.4565906524658,34500,34514.65,ONE_POINT,100,100,RANDOM,
truncation_1,0.5,120,359,18050,1369.2567477226257,34491,34507.02,ONE_POINT,100,100,RANDOM,
truncation_1,0.5,120,360,18100,1373.0138652324677,34491,34500.69,ONE_POINT,100,100,RANDOM,
truncation_1,0.5,120,361,18150,1376.777808189392,34491,34494.88,ONE_POINT,100,100,RANDOM,
truncation_1,0.5,120,362,18200,1380.6060614585876,34451,34488.03,ONE_POINT,100,100,RANDOM,
truncation_1,0.5,120,363,18250,1384.3806529045105,34447,34479.3,ONE_POINT,100,100,RANDOM,
truncation_1,0.5,120,364,18300,1388.1658227443695,34429,34464.68,ONE_POINT,100,100,RANDOM,
truncation_1,0.5,120,365,18350,1391.937492609024,34429,34448.93,ONE_POINT,100,100,RANDOM,
truncation_1,0.5,120,366,18400,1395.7249085903168,34427,34434.52,ONE_POINT,100,100,RANDOM,
truncation_1,0.5,120,367,18450,1399.5637784004211,34420,34429.13,ONE_POINT,100,100,RANDOM,
truncation_1,0.5,120,368,18500,1403.356464624405,34420,34426.43,ONE_POINT,100,100,RANDOM,
truncation_1,0.5,120,369,18550,1407.1612386703491,34416,34422.89,ONE_POINT,100,100,RANDOM,
truncation_1,0.5,120,370,18600,1411.010318994522,34416,34419.51,ONE_POINT,100,100,RANDOM,
truncation_1,0.5,120,371,18650,1414.868295431137,34409,34416.32,ONE_POINT,100,100,RANDOM,
truncation_1,0.5,120,372,18700,1418.7166154384613,34398,34414.06,ONE_POINT,100,100,RANDOM,
truncation_1,0.5,120,373,18750,1422.580542087555,34397,34408.64,ONE_POINT,100,100,RANDOM,
truncation_1,0.5,120,374,18800,1426.4119906425476,34311,34395.49,ONE_POINT,100,100,RANDOM,
truncation_1,0.5,120,375,18850,1430.253279209137,34288,34362.85,ONE_POINT,100,100,RANDOM,
truncation_1,0.5,120,376,18900,1434.1061222553253,34288,34328.03,ONE_POINT,100,100,RANDOM,
truncation_1,0.5,120,377,18950,1437.9185197353363,34275,34303.99,ONE_POINT,100,100,RANDOM,
truncation_1,0.5,120,378,19000,1441.7874789237976,34273,34288.73,ONE_POINT,100,100,RANDOM,
truncation_1,0.5,120,379,19050,1445.6606004238129,34273,34281.65,ONE_POINT,100,100,RANDOM,
truncation_1,0.5,120,380,19100,1449.439832687378,34256,34274.74,ONE_POINT,100,100,RANDOM,
truncation_1,0.5,120,381,19150,1453.284220457077,34247,34265.37,ONE_POINT,100,100,RANDOM,
truncation_1,0.5,120,382,19200,1457.1357254981995,34247,34258.68,ONE_POINT,100,100,RANDOM,
truncation_1,0.5,120,383,19250,1460.9560391902924,34227,34247.93,ONE_POINT,100,100,RANDOM,
truncation_1,0.5,120,384,19300,1464.7646567821503,34226,34240.83,ONE_POINT,100,100,RANDOM,
truncation_1,0.5,120,385,19350,1468.610552072525,34226,34234.75,ONE_POINT,100,100,RANDOM,
truncation_1,0.5,120,386,19400,1472.4388904571533,34226,34229.92,ONE_POINT,100,100,RANDOM,
truncation_1,0.5,120,387,19450,1476.2762668132782,34224,34226.98,ONE_POINT,100,100,RANDOM,
truncation_1,0.5,120,388,19500,1480.1078913211823,34222,34224.88,ONE_POINT,100,100,RANDOM,
truncation_1,0.5,120,389,19550,1483.9100086688995,34122,34214.55,ONE_POINT,100,100,RANDOM,
truncation_1,0.5,120,390,19600,1487.7355756759644,34120,34181.29,ONE_POINT,100,100,RANDOM,
truncation_1,0.5,120,391,19650,1491.580489873886,34120,34153.6,ONE_POINT,100,100,RANDOM,
truncation_1,0.5,120,392,19700,1495.393925189972,34120,34125.25,ONE_POINT,100,100,RANDOM,
truncation_1,0.5,120,393,19750,1499.2074463367462,34120,34120.35,ONE_POINT,100,100,RANDOM,
truncation_1,0.5,120,394,19800,1503.0753836631775,34119,34119.97,ONE_POINT,100,100,RANDOM,
truncation_1,0.5,120,395,19850,1506.9108746051788,34119,34119.7,ONE_POINT,100,100,RANDOM,
truncation_1,0.5,120,396,19900,1510.740571975708,34107,34117.85,ONE_POINT,100,100,RANDOM,
truncation_1,0.5,120,397,19950,1514.5856337547302,34104,34114.63,ONE_POINT,100,100,RANDOM,
truncation_1,0.5,120,398,20000,1518.4424977302551,34080,34108.81,ONE_POINT,100,100,RANDOM,
truncation_1,0.5,120,399,20050,1522.288718700409,34076,34095.92,ONE_POINT,100,100,RANDOM,
truncation_1,0.5,120,400,20100,1526.1027164459229,34076,34087.36,ONE_POINT,100,100,RANDOM,
truncation_1,0.5,120,401,20150,1529.9730048179626,34056,34079.14,ONE_POINT,100,100,RANDOM,
truncation_1,0.5,120,402,20200,1533.838594675064,34056,34070.18,ONE_POINT,100,100,RANDOM,
truncation_1,0.5,120,403,20250,1537.68173289299,34052,34064.44,ONE_POINT,100,100,RANDOM,
truncation_1,0.5,120,404,20300,1541.5146996974945,34052,34059.12,ONE_POINT,100,100,RANDOM,
truncation_1,0.5,120,405,20350,1545.34277677536,34052,34053.99,ONE_POINT,100,100,RANDOM,
truncation_1,0.5,120,406,20400,1549.1916625499725,34024,34049.07,ONE_POINT,100,100,RANDOM,
truncation_1,0.5,120,407,20450,1553.0045590400696,33988,34036.31,ONE_POINT,100,100,RANDOM,
truncation_1,0.5,120,408,20500,1556.8444044589996,33988,34020.77,ONE_POINT,100,100,RANDOM,
truncation_1,0.5,120,409,20550,1560.7712223529816,33988,34003.0,ONE_POINT,100,100,RANDOM,
truncation_1,0.5,120,410,20600,1564.643399477005,33988,33990.89,ONE_POINT,100,100,RANDOM,
truncation_1,0.5,120,411,20650,1568.472872018814,33984,33987.64,ONE_POINT,100,100,RANDOM,
truncation_1,0.5,120,412,20700,1572.2776865959167,33984,33987.07,ONE_POINT,100,100,RANDOM,
truncation_1,0.5,120,413,20750,1576.1203610897064,33984,33986.04,ONE_POINT,100,100,RANDOM,
truncation_1,0.5,120,414,20800,1579.9792954921722,33984,33985.24,ONE_POINT,100,100,RANDOM,
truncation_1,0.5,120,415,20850,1583.8258979320526,33984,33984.12,ONE_POINT,100,100,RANDOM,
truncation_1,0.5,120,416,20900,1587.6600422859192,33855,33959.32,ONE_POINT,100,100,RANDOM,
truncation_1,0.5,120,417,20950,1591.5212562084198,33760,33912.43,ONE_POINT,100,100,RANDOM,
truncation_1,0.5,120,418,21000,1595.3596382141113,33755,33838.48,ONE_POINT,100,100,RANDOM,
truncation_1,0.5,120,419,21050,1599.2232444286346,33750,33792.39,ONE_POINT,100,100,RANDOM,
truncation_1,0.5,120,420,21100,1603.0576794147491,33750,33768.53,ONE_POINT,100,100,RANDOM,
truncation_1,0.5,120,421,21150,1606.9268817901611,33738,33751.63,ONE_POINT,100,100,RANDOM,
truncation_1,0.5,120,422,21200,1610.774955034256,33736,33746.52,ONE_POINT,100,100,RANDOM,
truncation_1,0.5,120,423,21250,1614.6254451274872,33736,33742.33,ONE_POINT,100,100,RANDOM,
truncation_1,0.5,120,424,21300,1618.4064967632294,33727,33736.63,ONE_POINT,100,100,RANDOM,
truncation_1,0.5,120,425,21350,1622.17125415802,33720,33731.7,ONE_POINT,100,100,RANDOM,
truncation_1,0.5,120,426,21400,1625.946536540985,33705,33727.06,ONE_POINT,100,100,RANDOM,
truncation_1,0.5,120,427,21450,1629.7308232784271,33689,33719.42,ONE_POINT,100,100,RANDOM,
truncation_1,0.5,120,428,21500,1633.522099494934,33687,33709.16,ONE_POINT,100,100,RANDOM,
truncation_1,0.5,120,429,21550,1637.3197598457336,33686,33697.5,ONE_POINT,100,100,RANDOM,
truncation_1,0.5,120,430,21600,1641.1043062210083,33681,33689.06,ONE_POINT,100,100,RANDOM,
truncation_1,0.5,120,431,21650,1644.9007573127747,33677,33683.73,ONE_POINT,100,100,RANDOM,
truncation_1,0.5,120,432,21700,1648.6637604236603,33675,33681.28,ONE_POINT,100,100,RANDOM,
truncation_1,0.5,120,433,21750,1652.454906463623,33675,33679.09,ONE_POINT,100,100,RANDOM,
truncation_1,0.5,120,434,21800,1656.245252609253,33656,33676.63,ONE_POINT,100,100,RANDOM,
truncation_1,0.5,120,435,21850,1660.0451896190643,33651,33668.59,ONE_POINT,100,100,RANDOM,
truncation_1,0.5,120,436,21900,1663.9184594154358,33651,33661.34,ONE_POINT,100,100,RANDOM,
truncation_1,0.5,120,437,21950,1667.7747378349304,33645,33653.62,ONE_POINT,100,100,RANDOM,
truncation_1,0.5,120,438,22000,1671.623775959015,33634,33647.6,ONE_POINT,100,100,RANDOM,
truncation_1,0.5,120,439,22050,1675.446103811264,33634,33643.92,ONE_POINT,100,100,RANDOM,
truncation_1,0.5,120,440,22100,1679.2451431751251,33625,33638.86,ONE_POINT,100,100,RANDOM,
truncation_1,0.5,120,441,22150,1683.075694322586,33611,33632.24,ONE_POINT,100,100,RANDOM,
truncation_1,0.5,120,442,22200,1686.9224247932434,33596,33623.69,ONE_POINT,100,100,RANDOM,
truncation_1,0.5,120,443,22250,1690.769297361374,33585,33613.98,ONE_POINT,100,100,RANDOM,
truncation_1,0.5,120,444,22300,1694.6088433265686,33578,33604.45,ONE_POINT,100,100,RANDOM,
truncation_1,0.5,120,445,22350,1698.4503972530365,33577,33592.87,ONE_POINT,100,100,RANDOM,
truncation_1,0.5,120,446,22400,1702.3220076560974,33573,33583.76,ONE_POINT,100,100,RANDOM,
truncation_1,0.5,120,447,22450,1706.1581411361694,33573,33577.54,ONE_POINT,100,100,RANDOM,
truncation_1,0.5,120,448,22500,1710.0206696987152,33567,33574.17,ONE_POINT,100,100,RANDOM,
truncation_1,0.5,120,449,22550,1713.862357378006,33567,33571.76,ONE_POINT,100,100,RANDOM,
truncation_1,0.5,120,450,22600,1717.7416751384735,33562,33568.86,ONE_POINT,100,100,RANDOM,
truncation_1,0.5,120,451,22650,1721.6094603538513,33543,33566.01,ONE_POINT,100,100,RANDOM,
truncation_1,0.5,120,452,22700,1725.4424242973328,33543,33559.53,ONE_POINT,100,100,RANDOM,
truncation_1,0.5,120,453,22750,1729.2756669521332,33541,33552.78,ONE_POINT,100,100,RANDOM,
truncation_1,0.5,120,454,22800,1733.1392402648926,33541,33547.53,ONE_POINT,100,100,RANDOM,
truncation_1,0.5,120,455,22850,1737.0025086402893,33477,33531.88,ONE_POINT,100,100,RANDOM,
truncation_1,0.5,120,456,22900,1740.8797824382782,33460,33514.85,ONE_POINT,100,100,RANDOM,
truncation_1,0.5,120,457,22950,1744.7635819911957,33452,33496.26,ONE_POINT,100,100,RANDOM,
truncation_1,0.5,120,458,23000,1748.6944444179535,33452,33474.73,ONE_POINT,100,100,RANDOM,
truncation_1,0.5,120,459,23050,1752.5473005771637,33452,33459.95,ONE_POINT,100,100,RANDOM,
truncation_1,0.5,120,460,23100,1756.379543542862,33433,33453.51,ONE_POINT,100,100,RANDOM,
truncation_1,0.5,120,461,23150,1760.2440059185028,33411,33444.94,ONE_POINT,100,100,RANDOM,
truncation_1,0.5,120,462,23200,1764.0870711803436,33411,33435.37,ONE_POINT,100,100,RANDOM,
truncation_1,0.5,120,463,23250,1767.926502943039,33411,33424.99,ONE_POINT,100,100,RANDOM,
truncation_1,0.5,120,464,23300,1771.746175289154,33382,33409.72,ONE_POINT,100,100,RANDOM,
truncation_1,0.5,120,465,23350,1775.5749688148499,33381,33400.27,ONE_POINT,100,100,RANDOM,
truncation_1,0.5,120,466,23400,1779.4179928302765,33349,33390.87,ONE_POINT,100,100,RANDOM,
truncation_1,0.5,120,467,23450,1783.2442264556885,33334,33372.9,ONE_POINT,100,100,RANDOM,
truncation_1,0.5,120,468,23500,1787.3060810565948,33334,33360.09,ONE_POINT,100,100,RANDOM,
truncation_1,0.5,120,469,23550,1791.1431469917297,33328,33345.47,ONE_POINT,100,100,RANDOM,
truncation_1,0.5,120,470,23600,1794.9644854068756,33317,33334.16,ONE_POINT,100,100,RANDOM,
truncation_1,0.5,120,471,23650,1798.7832851409912,33296,33324.46,ONE_POINT,100,100,RANDOM,
truncation_1,0.5,120,472,23700,1802.5975301265717,33296,33315.12,ONE_POINT,100,100,RANDOM,
truncation_1,0.5,120,473,23750,1806.4040489196777,33296,33309.05,ONE_POINT,100,100,RANDOM,
truncation_1,0.5,120,474,23800,1810.194298505783,33280,33299.46,ONE_POINT,100,100,RANDOM,
truncation_1,0.5,120,475,23850,1813.9730257987976,33273,33289.45,ONE_POINT,100,100,RANDOM,
truncation_1,0.5,120,476,23900,1817.7781252861023,33204,33275.87,ONE_POINT,100,100,RANDOM,
truncation_1,0.5,120,477,23950,1821.6101641654968,33173,33254.65,ONE_POINT,100,100,RANDOM,
truncation_1,0.5,120,478,24000,1825.4387292861938,33173,33225.99,ONE_POINT,100,100,RANDOM,
truncation_1,0.5,120,479,24050,1829.2345042228699,33169,33198.25,ONE_POINT,100,100,RANDOM,
truncation_1,0.5,120,480,24100,1833.048440694809,33169,33177.32,ONE_POINT,100,100,RANDOM,
truncation_1,0.5,120,481,24150,1836.9050056934357,33163,33169.88,ONE_POINT,100,100,RANDOM,
truncation_1,0.5,120,482,24200,1840.7560222148895,33163,33167.84,ONE_POINT,100,100,RANDOM,
truncation_1,0.5,120,483,24250,1844.5879459381104,33155,33163.98,ONE_POINT,100,100,RANDOM,
truncation_1,0.5,120,484,24300,1848.3926575183868,33155,33160.99,ONE_POINT,100,100,RANDOM,
truncation_1,0.5,120,485,24350,1852.2279131412506,33155,33158.76,ONE_POINT,100,100,RANDOM,
truncation_1,0.5,120,486,24400,1856.0617241859436,32954,33135.06,ONE_POINT,100,100,RANDOM,
truncation_1,0.5,120,487,24450,1859.8858954906464,32917,33058.07,ONE_POINT,100,100,RANDOM,
truncation_1,0.5,120,488,24500,1863.7241206169128,32913,33003.37,ONE_POINT,100,100,RANDOM,
truncation_1,0.5,120,489,24550,1867.561782360077,32913,32944.69,ONE_POINT,100,100,RANDOM,
truncation_1,0.5,120,490,24600,1871.4197223186493,32912,32924.76,ONE_POINT,100,100,RANDOM,
truncation_1,0.5,120,491,24650,1875.2829625606537,32903,32912.16,ONE_POINT,100,100,RANDOM,
truncation_1,0.5,120,492,24700,1879.149109363556,32903,32908.54,ONE_POINT,100,100,RANDOM,
truncation_1,0.5,120,493,24750,1882.9987227916718,32869,32902.67,ONE_POINT,100,100,RANDOM,
truncation_1,0.5,120,494,24800,1886.8664994239807,32856,32892.03,ONE_POINT,100,100,RANDOM,
truncation_1,0.5,120,495,24850,1890.6838057041168,32856,32880.38,ONE_POINT,100,100,RANDOM,
truncation_1,0.5,120,496,24900,1894.496776342392,32856,32866.61,ONE_POINT,100,100,RANDOM,
truncation_1,0.5,120,497,24950,1898.3393111228943,32856,32859.57,ONE_POINT,100,100,RANDOM,
truncation_1,0.5,120,498,25000,1902.1936194896698,32856,32857.01,ONE_POINT,100,100,RANDOM,
truncation_1,0.5,120,499,25050,1906.074214220047,32853,32855.64,ONE_POINT,100,100,RANDOM,
truncation_1,0.5,120,500,25100,1909.8949971199036,32853,32855.03,ONE_POINT,100,100,RANDOM,
truncation_1,0.5,140,1,150,3.7865548133850098,120316,134632.47,ONE_POINT,100,100,RANDOM,
truncation_1,0.5,140,2,200,7.631261825561523,119719,121914.78,ONE_POINT,100,100,RANDOM,
truncation_1,0.5,140,3,250,11.458356857299805,117016,119459.29,ONE_POINT,100,100,RANDOM,
truncation_1,0.5,140,4,300,15.294809818267822,115733,117862.08,ONE_POINT,100,100,RANDOM,
truncation_1,0.5,140,5,350,19.12842321395874,112801,115306.46,ONE_POINT,100,100,RANDOM,
truncation_1,0.5,140,6,400,22.942975997924805,110529,113047.11,ONE_POINT,100,100,RANDOM,
truncation_1,0.5,140,7,450,26.71412754058838,108762,110812.19,ONE_POINT,100,100,RANDOM,
truncation_1,0.5,140,8,500,30.526018381118774,107457,108712.93,ONE_POINT,100,100,RANDOM,
truncation_1,0.5,140,9,550,34.366594552993774,105753,107383.95,ONE_POINT,100,100,RANDOM,
truncation_1,0.5,140,10,600,38.18370079994202,104114,105902.73,ONE_POINT,100,100,RANDOM,
truncation_1,0.5,140,11,650,41.952483892440796,102681,104501.14,ONE_POINT,100,100,RANDOM,
truncation_1,0.5,140,12,700,45.722004890441895,100366,102952.31,ONE_POINT,100,100,RANDOM,
truncation_1,0.5,140,13,750,49.54006361961365,99866,101335.51,ONE_POINT,100,100,RANDOM,
truncation_1,0.5,140,14,800,53.316686153411865,98269,99729.27,ONE_POINT,100,100,RANDOM,
truncation_1,0.5,140,15,850,57.09136152267456,97393,98430.69,ONE_POINT,100,100,RANDOM,
truncation_1,0.5,140,16,900,60.8833646774292,96350,97341.3,ONE_POINT,100,100,RANDOM,
truncation_1,0.5,140,17,950,64.65795612335205,95296,96592.67,ONE_POINT,100,100,RANDOM,
truncation_1,0.5,140,18,1000,68.41578102111816,93630,95619.93,ONE_POINT,100,100,RANDOM,
truncation_1,0.5,140,19,1050,72.18265652656555,92701,94271.36,ONE_POINT,100,100,RANDOM,
truncation_1,0.5,140,20,1100,75.98751211166382,91652,93082.06,ONE_POINT,100,100,RANDOM,
truncation_1,0.5,140,21,1150,79.77148008346558,90547,92002.54,ONE_POINT,100,100,RANDOM,
truncation_1,0.5,140,22,1200,83.54365849494934,88227,90712.31,ONE_POINT,100,100,RANDOM,
truncation_1,0.5,140,23,1250,87.31427335739136,85691,88567.18,ONE_POINT,100,100,RANDOM,
truncation_1,0.5,140,24,1300,91.14149856567383,84065,86223.76,ONE_POINT,100,100,RANDOM,
truncation_1,0.5,140,25,1350,94.99299335479736,83637,84637.46,ONE_POINT,100,100,RANDOM,
truncation_1,0.5,140,26,1400,98.80048704147339,82680,83761.84,ONE_POINT,100,100,RANDOM,
truncation_1,0.5,140,27,1450,102.59837532043457,81415,82916.48,ONE_POINT,100,100,RANDOM,
truncation_1,0.5,140,28,1500,106.39755630493164,80693,81859.47,ONE_POINT,100,100,RANDOM,
truncation_1,0.5,140,29,1550,110.22309494018555,80662,81118.52,ONE_POINT,100,100,RANDOM,
truncation_1,0.5,140,30,1600,114.01280951499939,80597,80772.53,ONE_POINT,100,100,RANDOM,
truncation_1,0.5,140,31,1650,117.80875205993652,79559,80487.23,ONE_POINT,100,100,RANDOM,
truncation_1,0.5,140,32,1700,121.60040020942688,78861,80010.12,ONE_POINT,100,100,RANDOM,
truncation_1,0.5,140,33,1750,125.39126944541931,77592,79065.29,ONE_POINT,100,100,RANDOM,
truncation_1,0.5,140,34,1800,129.1953465938568,76537,77975.87,ONE_POINT,100,100,RANDOM,
truncation_1,0.5,140,35,1850,132.99470329284668,76057,76795.08,ONE_POINT,100,100,RANDOM,
truncation_1,0.5,140,36,1900,136.80228328704834,75687,76233.17,ONE_POINT,100,100,RANDOM,
truncation_1,0.5,140,37,1950,140.60126304626465,74248,75462.37,ONE_POINT,100,100,RANDOM,
truncation_1,0.5,140,38,2000,144.3785810470581,73789,74618.59,ONE_POINT,100,100,RANDOM,
truncation_1,0.5,140,39,2050,148.19159054756165,73371,73946.66,ONE_POINT,100,100,RANDOM,
truncation_1,0.5,140,40,2100,152.0000922679901,73004,73568.22,ONE_POINT,100,100,RANDOM,
truncation_1,0.5,140,41,2150,155.7847080230713,72243,73159.99,ONE_POINT,100,100,RANDOM,
truncation_1,0.5,140,42,2200,159.6055510044098,71590,72525.57,ONE_POINT,100,100,RANDOM,
truncation_1,0.5,140,43,2250,163.41456270217896,70796,71698.3,ONE_POINT,100,100,RANDOM,
truncation_1,0.5,140,44,2300,167.19507598876953,69803,70907.77,ONE_POINT,100,100,RANDOM,
truncation_1,0.5,140,45,2350,170.9800922870636,67934,69763.4,ONE_POINT,100,100,RANDOM,
truncation_1,0.5,140,46,2400,174.75473189353943,67598,68596.0,ONE_POINT,100,100,RANDOM,
truncation_1,0.5,140,47,2450,178.54226446151733,66634,67737.9,ONE_POINT,100,100,RANDOM,
truncation_1,0.5,140,48,2500,182.348970413208,66286,67073.63,ONE_POINT,100,100,RANDOM,
truncation_1,0.5,140,49,2550,186.17509698867798,65784,66411.06,ONE_POINT,100,100,RANDOM,
truncation_1,0.5,140,50,2600,190.048326253891,65185,65926.85,ONE_POINT,100,100,RANDOM,
truncation_1,0.5,140,51,2650,193.93518543243408,65041,65478.05,ONE_POINT,100,100,RANDOM,
truncation_1,0.5,140,52,2700,197.75620412826538,64205,65039.65,ONE_POINT,100,100,RANDOM,
truncation_1,0.5,140,53,2750,201.59499526023865,63732,64523.8,ONE_POINT,100,100,RANDOM,
truncation_1,0.5,140,54,2800,205.4293384552002,62944,64002.35,ONE_POINT,100,100,RANDOM,
truncation_1,0.5,140,55,2850,209.31074595451355,62924,63412.58,ONE_POINT,100,100,RANDOM,
truncation_1,0.5,140,56,2900,213.1473662853241,62479,62893.6,ONE_POINT,100,100,RANDOM,
truncation_1,0.5,140,57,2950,216.96872663497925,61997,62614.57,ONE_POINT,100,100,RANDOM,
truncation_1,0.5,140,58,3000,220.8250012397766,61637,62283.8,ONE_POINT,100,100,RANDOM,
truncation_1,0.5,140,59,3050,224.64035177230835,61264,61902.84,ONE_POINT,100,100,RANDOM,
truncation_1,0.5,140,60,3100,228.4731674194336,61067,61498.79,ONE_POINT,100,100,RANDOM,
truncation_1,0.5,140,61,3150,232.34764790534973,60432,61173.77,ONE_POINT,100,100,RANDOM,
truncation_1,0.5,140,62,3200,236.15564560890198,60294,60821.04,ONE_POINT,100,100,RANDOM,
truncation_1,0.5,140,63,3250,239.9742066860199,60180,60487.56,ONE_POINT,100,100,RANDOM,
truncation_1,0.5,140,64,3300,243.8166184425354,59956,60237.63,ONE_POINT,100,100,RANDOM,
truncation_1,0.5,140,65,3350,247.63899660110474,59630,60014.16,ONE_POINT,100,100,RANDOM,
truncation_1,0.5,140,66,3400,251.5384397506714,58741,59574.11,ONE_POINT,100,100,RANDOM,
truncation_1,0.5,140,67,3450,255.3812279701233,58712,59201.39,ONE_POINT,100,100,RANDOM,
truncation_1,0.5,140,68,3500,259.19987058639526,58552,58855.92,ONE_POINT,100,100,RANDOM,
truncation_1,0.5,140,69,3550,262.9840214252472,58136,58645.39,ONE_POINT,100,100,RANDOM,
truncation_1,0.5,140,70,3600,266.7701632976532,58136,58453.37,ONE_POINT,100,100,RANDOM,
truncation_1,0.5,140,71,3650,270.5775578022003,57596,58204.9,ONE_POINT,100,100,RANDOM,
truncation_1,0.5,140,72,3700,274.37497448921204,57438,57866.69,ONE_POINT,100,100,RANDOM,
truncation_1,0.5,140,73,3750,278.15790271759033,57148,57523.9,ONE_POINT,100,100,RANDOM,
truncation_1,0.5,140,74,3800,281.96928334236145,56831,57275.57,ONE_POINT,100,100,RANDOM,
truncation_1,0.5,140,75,3850,285.7891161441803,56160,56979.36,ONE_POINT,100,100,RANDOM,
truncation_1,0.5,140,76,3900,290.1205062866211,56138,56600.26,ONE_POINT,100,100,RANDOM,
truncation_1,0.5,140,77,3950,293.988737821579,55729,56265.07,ONE_POINT,100,100,RANDOM,
truncation_1,0.5,140,78,4000,297.82324624061584,55476,55918.33,ONE_POINT,100,100,RANDOM,
truncation_1,0.5,140,79,4050,301.6162660121918,55207,55633.3,ONE_POINT,100,100,RANDOM,
truncation_1,0.5,140,80,4100,305.4275848865509,55085,55365.16,ONE_POINT,100,100,RANDOM,
truncation_1,0.5,140,81,4150,309.2375190258026,54996,55188.13,ONE_POINT,100,100,RANDOM,
truncation_1,0.5,140,82,4200,313.02906250953674,54684,55041.64,ONE_POINT,100,100,RANDOM,
truncation_1,0.5,140,83,4250,316.82254242897034,53915,54748.99,ONE_POINT,100,100,RANDOM,
truncation_1,0.5,140,84,4300,320.65618920326233,53826,54311.57,ONE_POINT,100,100,RANDOM,
truncation_1,0.5,140,85,4350,324.44912552833557,53629,53896.35,ONE_POINT,100,100,RANDOM,
truncation_1,0.5,140,86,4400,328.25023794174194,53391,53679.3,ONE_POINT,100,100,RANDOM,
truncation_1,0.5,140,87,4450,332.1391363143921,53309,53521.76,ONE_POINT,100,100,RANDOM,
truncation_1,0.5,140,88,4500,335.92854046821594,53198,53350.73,ONE_POINT,100,100,RANDOM,
truncation_1,0.5,140,89,4550,339.69544649124146,53099,53240.48,ONE_POINT,100,100,RANDOM,
truncation_1,0.5,140,90,4600,343.4958384037018,52995,53151.9,ONE_POINT,100,100,RANDOM,
truncation_1,0.5,140,91,4650,347.2833888530731,52836,53059.92,ONE_POINT,100,100,RANDOM,
truncation_1,0.5,140,92,4700,351.1201400756836,52529,52886.63,ONE_POINT,100,100,RANDOM,
truncation_1,0.5,140,93,4750,354.91153597831726,52307,52693.92,ONE_POINT,100,100,RANDOM,
truncation_1,0.5,140,94,4800,358.70596957206726,52219,52451.61,ONE_POINT,100,100,RANDOM,
truncation_1,0.5,140,95,4850,362.5401756763458,51912,52286.89,ONE_POINT,100,100,RANDOM,
truncation_1,0.5,140,96,4900,366.3864960670471,51839,52104.66,ONE_POINT,100,100,RANDOM,
truncation_1,0.5,140,97,4950,370.2406232357025,51293,51872.48,ONE_POINT,100,100,RANDOM,
truncation_1,0.5,140,98,5000,374.0969235897064,50955,51519.3,ONE_POINT,100,100,RANDOM,
truncation_1,0.5,140,99,5050,377.95818734169006,50823,51177.94,ONE_POINT,100,100,RANDOM,
truncation_1,0.5,140,100,5100,381.76246976852417,50702,50939.5,ONE_POINT,100,100,RANDOM,
truncation_1,0.5,140,101,5150,385.63364148139954,50519,50741.43,ONE_POINT,100,100,RANDOM,
truncation_1,0.5,140,102,5200,389.47943902015686,50390,50625.54,ONE_POINT,100,100,RANDOM,
truncation_1,0.5,140,103,5250,393.32766032218933,50300,50486.1,ONE_POINT,100,100,RANDOM,
truncation_1,0.5,140,104,5300,397.1486325263977,50205,50396.45,ONE_POINT,100,100,RANDOM,
truncation_1,0.5,140,105,5350,400.9981973171234,49781,50185.57,ONE_POINT,100,100,RANDOM,
truncation_1,0.5,140,106,5400,404.83872270584106,49704,49977.78,ONE_POINT,100,100,RANDOM,
truncation_1,0.5,140,107,5450,408.65727519989014,49350,49750.63,ONE_POINT,100,100,RANDOM,
truncation_1,0.5,140,108,5500,412.48884201049805,48929,49468.61,ONE_POINT,100,100,RANDOM,
truncation_1,0.5,140,109,5550,416.35653829574585,48709,49143.29,ONE_POINT,100,100,RANDOM,
truncation_1,0.5,140,110,5600,420.18528628349304,48677,48848.88,ONE_POINT,100,100,RANDOM,
truncation_1,0.5,140,111,5650,424.01671504974365,48576,48717.17,ONE_POINT,100,100,RANDOM,
truncation_1,0.5,140,112,5700,427.85997700691223,48408,48613.93,ONE_POINT,100,100,RANDOM,
truncation_1,0.5,140,113,5750,431.7634913921356,48273,48495.48,ONE_POINT,100,100,RANDOM,
truncation_1,0.5,140,114,5800,435.6082088947296,48051,48354.37,ONE_POINT,100,100,RANDOM,
truncation_1,0.5,140,115,5850,439.4076063632965,48051,48203.85,ONE_POINT,100,100,RANDOM,
truncation_1,0.5,140,116,5900,443.2774410247803,47897,48087.15,ONE_POINT,100,100,RANDOM,
truncation_1,0.5,140,117,5950,447.09923481941223,47823,47985.81,ONE_POINT,100,100,RANDOM,
truncation_1,0.5,140,118,6000,451.1325755119324,47821,47914.34,ONE_POINT,100,100,RANDOM,
truncation_1,0.5,140,119,6050,455.0865693092346,47691,47820.39,ONE_POINT,100,100,RANDOM,
truncation_1,0.5,140,120,6100,458.91434717178345,47600,47742.42,ONE_POINT,100,100,RANDOM,
truncation_1,0.5,140,121,6150,462.76491928100586,47447,47630.53,ONE_POINT,100,100,RANDOM,
truncation_1,0.5,140,122,6200,466.6100809574127,47395,47536.04,ONE_POINT,100,100,RANDOM,
truncation_1,0.5,140,123,6250,470.4625186920166,47300,47432.9,ONE_POINT,100,100,RANDOM,
truncation_1,0.5,140,124,6300,474.3256046772003,46947,47294.73,ONE_POINT,100,100,RANDOM,
truncation_1,0.5,140,125,6350,478.17995715141296,46945,47135.15,ONE_POINT,100,100,RANDOM,
truncation_1,0.5,140,126,6400,482.2038326263428,46907,46993.74,ONE_POINT,100,100,RANDOM,
truncation_1,0.5,140,127,6450,486.08215737342834,46767,46897.98,ONE_POINT,100,100,RANDOM,
truncation_1,0.5,140,128,6500,489.93659138679504,46707,46838.36,ONE_POINT,100,100,RANDOM,
truncation_1,0.5,140,129,6550,493.74925351142883,46367,46685.98,ONE_POINT,100,100,RANDOM,
truncation_1,0.5,140,130,6600,497.5832917690277,46306,46526.54,ONE_POINT,100,100,RANDOM,
truncation_1,0.5,140,131,6650,501.4236283302307,46161,46354.73,ONE_POINT,100,100,RANDOM,
truncation_1,0.5,140,132,6700,505.2896122932434,45425,46160.98,ONE_POINT,100,100,RANDOM,
truncation_1,0.5,140,133,6750,509.1290249824524,45239,45759.84,ONE_POINT,100,100,RANDOM,
truncation_1,0.5,140,134,6800,512.9675092697144,45205,45435.82,ONE_POINT,100,100,RANDOM,
truncation_1,0.5,140,135,6850,516.816567659378,45160,45237.72,ONE_POINT,100,100,RANDOM,
truncation_1,0.5,140,136,6900,520.615907907486,45019,45153.41,ONE_POINT,100,100,RANDOM,
truncation_1,0.5,140,137,6950,524.4314429759979,44966,45085.79,ONE_POINT,100,100,RANDOM,
truncation_1,0.5,140,138,7000,528.266651391983,44480,44993.42,ONE_POINT,100,100,RANDOM,
truncation_1,0.5,140,139,7050,532.1238040924072,44343,44736.81,ONE_POINT,100,100,RANDOM,
truncation_1,0.5,140,140,7100,535.9552035331726,44218,44452.59,ONE_POINT,100,100,RANDOM,
truncation_1,0.5,140,141,7150,539.7710690498352,44218,44309.16,ONE_POINT,100,100,RANDOM,
truncation_1,0.5,140,142,7200,543.6425232887268,44160,44232.75,ONE_POINT,100,100,RANDOM,
truncation_1,0.5,140,143,7250,547.4740176200867,44078,44171.55,ONE_POINT,100,100,RANDOM,
truncation_1,0.5,140,144,7300,551.3082115650177,44035,44125.43,ONE_POINT,100,100,RANDOM,
truncation_1,0.5,140,145,7350,555.1370048522949,43858,44063.6,ONE_POINT,100,100,RANDOM,
truncation_1,0.5,140,146,7400,558.9806764125824,43827,43975.42,ONE_POINT,100,100,RANDOM,
truncation_1,0.5,140,147,7450,562.802604675293,43800,43903.05,ONE_POINT,100,100,RANDOM,
truncation_1,0.5,140,148,7500,566.6549837589264,43736,43833.08,ONE_POINT,100,100,RANDOM,
truncation_1,0.5,140,149,7550,570.4942457675934,43625,43784.84,ONE_POINT,100,100,RANDOM,
truncation_1,0.5,140,150,7600,574.3063781261444,43460,43679.85,ONE_POINT,100,100,RANDOM,
truncation_1,0.5,140,151,7650,578.1376094818115,43319,43551.4,ONE_POINT,100,100,RANDOM,
truncation_1,0.5,140,152,7700,581.955308675766,43246,43414.51,ONE_POINT,100,100,RANDOM,
truncation_1,0.5,140,153,7750,585.7735557556152,43155,43298.98,ONE_POINT,100,100,RANDOM,
truncation_1,0.5,140,154,7800,589.6139678955078,42894,43152.93,ONE_POINT,100,100,RANDOM,
truncation_1,0.5,140,155,7850,593.4494233131409,42887,43031.46,ONE_POINT,100,100,RANDOM,
truncation_1,0.5,140,156,7900,597.2982926368713,42796,42920.87,ONE_POINT,100,100,RANDOM,
truncation_1,0.5,140,157,7950,601.1040184497833,42789,42858.3,ONE_POINT,100,100,RANDOM,
truncation_1,0.5,140,158,8000,604.9521417617798,42653,42817.65,ONE_POINT,100,100,RANDOM,
truncation_1,0.5,140,159,8050,608.7764337062836,42519,42732.04,ONE_POINT,100,100,RANDOM,
truncation_1,0.5,140,160,8100,612.6254222393036,42447,42626.25,ONE_POINT,100,100,RANDOM,
truncation_1,0.5,140,161,8150,616.437219619751,42314,42493.78,ONE_POINT,100,100,RANDOM,
truncation_1,0.5,140,162,8200,620.2262396812439,42011,42297.96,ONE_POINT,100,100,RANDOM,
truncation_1,0.5,140,163,8250,624.0123617649078,41697,42046.66,ONE_POINT,100,100,RANDOM,
truncation_1,0.5,140,164,8300,627.8024079799652,41689,41813.93,ONE_POINT,100,100,RANDOM,
truncation_1,0.5,140,165,8350,631.5984838008881,41412,41625.58,ONE_POINT,100,100,RANDOM,
truncation_1,0.5,140,166,8400,635.4134247303009,41372,41523.99,ONE_POINT,100,100,RANDOM,
truncation_1,0.5,140,167,8450,639.1980884075165,41337,41437.25,ONE_POINT,100,100,RANDOM,
truncation_1,0.5,140,168,8500,642.9894979000092,41212,41351.7,ONE_POINT,100,100,RANDOM,
truncation_1,0.5,140,169,8550,646.7409045696259,41102,41266.41,ONE_POINT,100,100,RANDOM,
truncation_1,0.5,140,170,8600,650.6015870571136,40983,41188.42,ONE_POINT,100,100,RANDOM,
truncation_1,0.5,140,171,8650,654.3941552639008,40965,41102.83,ONE_POINT,100,100,RANDOM,
truncation_1,0.5,140,172,8700,658.2148714065552,40943,41040.99,ONE_POINT,100,100,RANDOM,
truncation_1,0.5,140,173,8750,661.9951727390289,40901,40989.32,ONE_POINT,100,100,RANDOM,
truncation_1,0.5,140,174,8800,665.7984006404877,40857,40926.31,ONE_POINT,100,100,RANDOM,
truncation_1,0.5,140,175,8850,669.5842406749725,40836,40885.45,ONE_POINT,100,100,RANDOM,
truncation_1,0.5,140,176,8900,673.3804054260254,40606,40829.39,ONE_POINT,100,100,RANDOM,
truncation_1,0.5,140,177,8950,677.1701850891113,40444,40702.26,ONE_POINT,100,100,RANDOM,
truncation_1,0.5,140,178,9000,680.9756031036377,40372,40552.65,ONE_POINT,100,100,RANDOM,
truncation_1,0.5,140,179,9050,684.7959280014038,40372,40442.1,ONE_POINT,100,100,RANDOM,
truncation_1,0.5,140,180,9100,688.6086320877075,40150,40352.35,ONE_POINT,100,100,RANDOM,
truncation_1,0.5,140,181,9150,692.3956210613251,40139,40259.42,ONE_POINT,100,100,RANDOM,
truncation_1,0.5,140,182,9200,696.184830904007,40043,40190.18,ONE_POINT,100,100,RANDOM,
truncation_1,0.5,140,183,9250,699.9977281093597,39822,40102.91,ONE_POINT,100,100,RANDOM,
truncation_1,0.5,140,184,9300,703.8145081996918,39819,39985.23,ONE_POINT,100,100,RANDOM,
truncation_1,0.5,140,185,9350,707.6145939826965,39794,39882.21,ONE_POINT,100,100,RANDOM,
truncation_1,0.5,140,186,9400,711.4382922649384,39794,39816.1,ONE_POINT,100,100,RANDOM,
truncation_1,0.5,140,187,9450,715.2464632987976,39788,39801.73,ONE_POINT,100,100,RANDOM,
truncation_1,0.5,140,188,9500,719.0179197788239,39753,39789.87,ONE_POINT,100,100,RANDOM,
truncation_1,0.5,140,189,9550,722.8097357749939,39747,39776.74,ONE_POINT,100,100,RANDOM,
truncation_1,0.5,140,190,9600,726.5835723876953,39747,39768.62,ONE_POINT,100,100,RANDOM,
truncation_1,0.5,140,191,9650,730.4356346130371,39724,39755.15,ONE_POINT,100,100,RANDOM,
truncation_1,0.5,140,192,9700,734.2370965480804,39652,39729.71,ONE_POINT,100,100,RANDOM,
truncation_1,0.5,140,193,9750,738.0354454517365,39587,39682.97,ONE_POINT,100,100,RANDOM,
truncation_1,0.5,140,194,9800,741.7921829223633,39404,39606.2,ONE_POINT,100,100,RANDOM,
truncation_1,0.5,140,195,9850,745.5729947090149,39321,39510.77,ONE_POINT,100,100,RANDOM,
truncation_1,0.5,140,196,9900,749.3557806015015,39296,39425.41,ONE_POINT,100,100,RANDOM,
truncation_1,0.5,140,197,9950,753.1865057945251,39281,39339.6,ONE_POINT,100,100,RANDOM,
truncation_1,0.5,140,198,10000,756.9902808666229,39265,39310.3,ONE_POINT,100,100,RANDOM,
truncation_1,0.5,140,199,10050,760.7811028957367,39220,39279.79,ONE_POINT,100,100,RANDOM,
truncation_1,0.5,140,200,10100,764.555278301239,39180,39249.95,ONE_POINT,100,100,RANDOM,
truncation_1,0.5,140,201,10150,768.3742706775665,39071,39198.31,ONE_POINT,100,100,RANDOM,
truncation_1,0.5,140,202,10200,772.1880140304565,39060,39129.9,ONE_POINT,100,100,RANDOM,
truncation_1,0.5,140,203,10250,775.9936492443085,39060,39097.81,ONE_POINT,100,100,RANDOM,
truncation_1,0.5,140,204,10300,780.0429632663727,39033,39064.21,ONE_POINT,100,100,RANDOM,
truncation_1,0.5,140,205,10350,783.8581099510193,39022,39045.1,ONE_POINT,100,100,RANDOM,
truncation_1,0.5,140,206,10400,787.6669557094574,38879,39006.43,ONE_POINT,100,100,RANDOM,
truncation_1,0.5,140,207,10450,791.5091245174408,38879,38969.99,ONE_POINT,100,100,RANDOM,
truncation_1,0.5,140,208,10500,795.3814649581909,38740,38879.83,ONE_POINT,100,100,RANDOM,
truncation_1,0.5,140,209,10550,799.1560964584351,38576,38771.42,ONE_POINT,100,100,RANDOM,
truncation_1,0.5,140,210,10600,802.9448173046112,38472,38648.66,ONE_POINT,100,100,RANDOM,
truncation_1,0.5,140,211,10650,806.756858587265,38472,38553.33,ONE_POINT,100,100,RANDOM,
truncation_1,0.5,140,212,10700,810.5508708953857,38324,38445.52,ONE_POINT,100,100,RANDOM,
truncation_1,0.5,140,213,10750,814.3401188850403,38319,38387.77,ONE_POINT,100,100,RANDOM,
truncation_1,0.5,140,214,10800,818.1352801322937,38176,38320.97,ONE_POINT,100,100,RANDOM,
truncation_1,0.5,140,215,10850,821.9378225803375,38086,38258.98,ONE_POINT,100,100,RANDOM,
truncation_1,0.5,140,216,10900,825.7053990364075,38072,38198.08,ONE_POINT,100,100,RANDOM,
truncation_1,0.5,140,217,10950,829.4795904159546,37962,38106.37,ONE_POINT,100,100,RANDOM,
truncation_1,0.5,140,218,11000,833.2573199272156,37900,38024.66,ONE_POINT,100,100,RANDOM,
truncation_1,0.5,140,219,11050,837.0472490787506,37847,37943.82,ONE_POINT,100,100,RANDOM,
truncation_1,0.5,140,220,11100,840.8337984085083,37695,37864.81,ONE_POINT,100,100,RANDOM,
truncation_1,0.5,140,221,11150,844.6428666114807,37694,37776.55,ONE_POINT,100,100,RANDOM,
truncation_1,0.5,140,222,11200,848.4305624961853,37694,37732.59,ONE_POINT,100,100,RANDOM,
truncation_1,0.5,140,223,11250,852.2662467956543,37665,37697.66,ONE_POINT,100,100,RANDOM,
truncation_1,0.5,140,224,11300,856.0664286613464,37663,37682.67,ONE_POINT,100,100,RANDOM,
truncation_1,0.5,140,225,11350,859.8286151885986,37565,37661.49,ONE_POINT,100,100,RANDOM,
truncation_1,0.5,140,226,11400,863.6102793216705,37563,37616.96,ONE_POINT,100,100,RANDOM,
truncation_1,0.5,140,227,11450,867.4416031837463,37557,37591.02,ONE_POINT,100,100,RANDOM,
truncation_1,0.5,140,228,11500,871.2209885120392,37557,37563.12,ONE_POINT,100,100,RANDOM,
truncation_1,0.5,140,229,11550,874.9983570575714,37518,37555.75,ONE_POINT,100,100,RANDOM,
truncation_1,0.5,140,230,11600,878.7936382293701,37518,37546.27,ONE_POINT,100,100,RANDOM,
truncation_1,0.5,140,231,11650,882.5896990299225,37501,37532.99,ONE_POINT,100,100,RANDOM,
truncation_1,0.5,140,232,11700,886.4560766220093,37489,37518.81,ONE_POINT,100,100,RANDOM,
truncation_1,0.5,140,233,11750,890.2481660842896,37410,37483.7,ONE_POINT,100,100,RANDOM,
truncation_1,0.5,140,234,11800,894.0703053474426,37407,37458.41,ONE_POINT,100,100,RANDOM,
truncation_1,0.5,140,235,11850,897.8871095180511,37361,37421.95,ONE_POINT,100,100,RANDOM,
truncation_1,0.5,140,236,11900,901.6972553730011,37231,37367.8,ONE_POINT,100,100,RANDOM,
truncation_1,0.5,140,237,11950,905.5077159404755,37226,37318.14,ONE_POINT,100,100,RANDOM,
truncation_1,0.5,140,238,12000,909.3103802204132,37225,37273.16,ONE_POINT,100,100,RANDOM,
truncation_1,0.5,140,239,12050,913.0991642475128,37215,37236.32,ONE_POINT,100,100,RANDOM,
truncation_1,0.5,140,240,12100,916.9181077480316,37158,37213.7,ONE_POINT,100,100,RANDOM,
truncation_1,0.5,140,241,12150,920.7050359249115,37158,37200.61,ONE_POINT,100,100,RANDOM,
truncation_1,0.5,140,242,12200,924.5023698806763,37133,37173.64,ONE_POINT,100,100,RANDOM,
truncation_1,0.5,140,243,12250,928.3015656471252,37131,37148.13,ONE_POINT,100,100,RANDOM,
truncation_1,0.5,140,244,12300,932.1140024662018,37116,37137.55,ONE_POINT,100,100,RANDOM,
truncation_1,0.5,140,245,12350,935.8971390724182,37116,37127.21,ONE_POINT,100,100,RANDOM,
truncation_1,0.5,140,246,12400,939.745448589325,37081,37112.08,ONE_POINT,100,100,RANDOM,
truncation_1,0.5,140,247,12450,943.5318512916565,37066,37097.24,ONE_POINT,100,100,RANDOM,
truncation_1,0.5,140,248,12500,947.3260757923126,37011,37071.95,ONE_POINT,100,100,RANDOM,
truncation_1,0.5,140,249,12550,951.1295938491821,37011,37044.37,ONE_POINT,100,100,RANDOM,
truncation_1,0.5,140,250,12600,954.8882873058319,37011,37026.15,ONE_POINT,100,100,RANDOM,
truncation_1,0.5,140,251,12650,958.6985423564911,37004,37013.81,ONE_POINT,100,100,RANDOM,
truncation_1,0.5,140,252,12700,962.5010221004486,36936,36995.55,ONE_POINT,100,100,RANDOM,
truncation_1,0.5,140,253,12750,966.282573223114,36932,36972.56,ONE_POINT,100,100,RANDOM,
truncation_1,0.5,140,254,12800,970.0710117816925,36907,36947.39,ONE_POINT,100,100,RANDOM,
truncation_1,0.5,140,255,12850,973.9725840091705,36904,36924.42,ONE_POINT,100,100,RANDOM,
truncation_1,0.5,140,256,12900,977.8205099105835,36740,36877.86,ONE_POINT,100,100,RANDOM,
truncation_1,0.5,140,257,12950,981.652583360672,36702,36812.62,ONE_POINT,100,100,RANDOM,
truncation_1,0.5,140,258,13000,985.4980647563934,36586,36734.06,ONE_POINT,100,100,RANDOM,
truncation_1,0.5,140,259,13050,989.3481180667877,36542,36649.53,ONE_POINT,100,100,RANDOM,
truncation_1,0.5,140,260,13100,993.1979258060455,36537,36594.38,ONE_POINT,100,100,RANDOM,
truncation_1,0.5,140,261,13150,997.047824382782,36473,36536.3,ONE_POINT,100,100,RANDOM,
truncation_1,0.5,140,262,13200,1000.8870885372162,36441,36505.95,ONE_POINT,100,100,RANDOM,
truncation_1,0.5,140,263,13250,1004.6963109970093,36380,36470.52,ONE_POINT,100,100,RANDOM,
truncation_1,0.5,140,264,13300,1008.5795893669128,36379,36428.76,ONE_POINT,100,100,RANDOM,
truncation_1,0.5,140,265,13350,1012.4327366352081,36332,36387.57,ONE_POINT,100,100,RANDOM,
truncation_1,0.5,140,266,13400,1016.2917830944061,36332,36357.43,ONE_POINT,100,100,RANDOM,
truncation_1,0.5,140,267,13450,1020.1113317012787,36332,36342.62,ONE_POINT,100,100,RANDOM,
truncation_1,0.5,140,268,13500,1023.9972913265228,36332,36332.47,ONE_POINT,100,100,RANDOM,
truncation_1,0.5,140,269,13550,1027.8498122692108,36332,36332.0,ONE_POINT,100,100,RANDOM,
truncation_1,0.5,140,270,13600,1031.7083127498627,36293,36326.94,ONE_POINT,100,100,RANDOM,
truncation_1,0.5,140,271,13650,1035.5514931678772,36293,36315.77,ONE_POINT,100,100,RANDOM,
truncation_1,0.5,140,272,13700,1039.4682080745697,36272,36297.49,ONE_POINT,100,100,RANDOM,
truncation_1,0.5,140,273,13750,1043.3507015705109,36272,36285.0,ONE_POINT,100,100,RANDOM,
truncation_1,0.5,140,274,13800,1047.2225110530853,36264,36278.08,ONE_POINT,100,100,RANDOM,
truncation_1,0.5,140,275,13850,1051.1688737869263,36262,36271.95,ONE_POINT,100,100,RANDOM,
truncation_1,0.5,140,276,13900,1055.0209109783173,36220,36257.72,ONE_POINT,100,100,RANDOM,
truncation_1,0.5,140,277,13950,1058.8928799629211,36182,36232.13,ONE_POINT,100,100,RANDOM,
truncation_1,0.5,140,278,14000,1062.7515335083008,36182,36209.82,ONE_POINT,100,100,RANDOM,
truncation_1,0.5,140,279,14050,1066.5560364723206,36182,36189.08,ONE_POINT,100,100,RANDOM,
truncation_1,0.5,140,280,14100,1070.5364828109741,36182,36182.0,ONE_POINT,100,100,RANDOM,
truncation_1,0.5,140,281,14150,1074.4368431568146,36164,36179.0,ONE_POINT,100,100,RANDOM,
truncation_1,0.5,140,282,14200,1078.315402507782,36164,36175.95,ONE_POINT,100,100,RANDOM,
truncation_1,0.5,140,283,14250,1082.195731163025,36164,36172.56,ONE_POINT,100,100,RANDOM,
truncation_1,0.5,140,284,14300,1086.0449678897858,36147,36167.08,ONE_POINT,100,100,RANDOM,
truncation_1,0.5,140,285,14350,1089.948559999466,36134,36156.35,ONE_POINT,100,100,RANDOM,
truncation_1,0.5,140,286,14400,1093.7910146713257,36133,36148.59,ONE_POINT,100,100,RANDOM,
truncation_1,0.5,140,287,14450,1097.7069385051727,36131,36143.07,ONE_POINT,100,100,RANDOM,
truncation_1,0.5,140,288,14500,1101.583034992218,36053,36132.08,ONE_POINT,100,100,RANDOM,
truncation_1,0.5,140,289,14550,1105.4322052001953,36024,36102.49,ONE_POINT,100,100,RANDOM,
truncation_1,0.5,140,290,14600,1109.2818942070007,35977,36063.39,ONE_POINT,100,100,RANDOM,
truncation_1,0.5,140,291,14650,1113.150449514389,35977,36024.43,ONE_POINT,100,100,RANDOM,
truncation_1,0.5,140,292,14700,1116.9956617355347,35911,35982.61,ONE_POINT,100,100,RANDOM,
truncation_1,0.5,140,293,14750,1120.8447754383087,35894,35944.96,ONE_POINT,100,100,RANDOM,
truncation_1,0.5,140,294,14800,1124.69708776474,35894,35920.32,ONE_POINT,100,100,RANDOM,
truncation_1,0.5,140,295,14850,1128.541918039322,35894,35905.57,ONE_POINT,100,100,RANDOM,
truncation_1,0.5,140,296,14900,1132.4074535369873,35894,35894.67,ONE_POINT,100,100,RANDOM,
truncation_1,0.5,140,297,14950,1136.257734298706,35828,35885.36,ONE_POINT,100,100,RANDOM,
truncation_1,0.5,140,298,15000,1140.0860991477966,35806,35857.87,ONE_POINT,100,100,RANDOM,
truncation_1,0.5,140,299,15050,1143.9480154514313,35781,35834.33,ONE_POINT,100,100,RANDOM,
truncation_1,0.5,140,300,15100,1147.8336293697357,35537,35724.49,ONE_POINT,100,100,RANDOM,
truncation_1,0.5,140,301,15150,1151.6884379386902,35537,35636.52,ONE_POINT,100,100,RANDOM,
truncation_1,0.5,140,302,15200,1155.5978782176971,35533,35553.7,ONE_POINT,100,100,RANDOM,
truncation_1,0.5,140,303,15250,1159.6895024776459,35533,35538.81,ONE_POINT,100,100,RANDOM,
truncation_1,0.5,140,304,15300,1163.5208930969238,35529,35534.48,ONE_POINT,100,100,RANDOM,
truncation_1,0.5,140,305,15350,1167.3895978927612,35524,35531.85,ONE_POINT,100,100,RANDOM,
truncation_1,0.5,140,306,15400,1171.3627059459686,35524,35528.67,ONE_POINT,100,100,RANDOM,
truncation_1,0.5,140,307,15450,1175.2294826507568,35524,35526.74,ONE_POINT,100,100,RANDOM,
truncation_1,0.5,140,308,15500,1179.0796463489532,35518,35523.66,ONE_POINT,100,100,RANDOM,
truncation_1,0.5,140,309,15550,1182.926724910736,35495,35519.58,ONE_POINT,100,100,RANDOM,
truncation_1,0.5,140,310,15600,1186.761019229889,35495,35513.05,ONE_POINT,100,100,RANDOM,
truncation_1,0.5,140,311,15650,1190.6196427345276,35484,35501.96,ONE_POINT,100,100,RANDOM,
truncation_1,0.5,140,312,15700,1194.503504037857,35484,35493.0,ONE_POINT,100,100,RANDOM,
truncation_1,0.5,140,313,15750,1198.3383088111877,35484,35487.4,ONE_POINT,100,100,RANDOM,
truncation_1,0.5,140,314,15800,1202.1754920482635,35480,35484.68,ONE_POINT,100,100,RANDOM,
truncation_1,0.5,140,315,15850,1205.9969425201416,35480,35483.22,ONE_POINT,100,100,RANDOM,
truncation_1,0.5,140,316,15900,1209.8554451465607,35480,35482.32,ONE_POINT,100,100,RANDOM,
truncation_1,0.5,140,317,15950,1213.6968228816986,35471,35480.54,ONE_POINT,100,100,RANDOM,
truncation_1,0.5,140,318,16000,1217.5659837722778,35447,35476.22,ONE_POINT,100,100,RANDOM,
truncation_1,0.5,140,319,16050,1221.3758964538574,35431,35466.56,ONE_POINT,100,100,RANDOM,
truncation_1,0.5,140,320,16100,1225.220715522766,35431,35456.27,ONE_POINT,100,100,RANDOM,
truncation_1,0.5,140,321,16150,1229.089284658432,35395,35437.93,ONE_POINT,100,100,RANDOM,
truncation_1,0.5,140,322,16200,1232.9468395709991,35376,35417.58,ONE_POINT,100,100,RANDOM,
truncation_1,0.5,140,323,16250,1236.7828011512756,35323,35393.14,ONE_POINT,100,100,RANDOM,
truncation_1,0.5,140,324,16300,1240.6195740699768,35323,35364.25,ONE_POINT,100,100,RANDOM,
truncation_1,0.5,140,325,16350,1244.454086780548,35299,35339.28,ONE_POINT,100,100,RANDOM,
truncation_1,0.5,140,326,16400,1248.2756731510162,35275,35311.28,ONE_POINT,100,100,RANDOM,
truncation_1,0.5,140,327,16450,1252.1191737651825,35272,35294.43,ONE_POINT,100,100,RANDOM,
truncation_1,0.5,140,328,16500,1255.906322479248,35208,35267.0,ONE_POINT,100,100,RANDOM,
truncation_1,0.5,140,329,16550,1259.722017288208,35199,35242.25,ONE_POINT,100,100,RANDOM,
truncation_1,0.5,140,330,16600,1263.564665555954,35174,35222.17,ONE_POINT,100,100,RANDOM,
truncation_1,0.5,140,331,16650,1267.3815903663635,35174,35195.92,ONE_POINT,100,100,RANDOM,
truncation_1,0.5,140,332,16700,1271.1633501052856,35169,35184.31,ONE_POINT,100,100,RANDOM,
truncation_1,0.5,140,333,16750,1274.9398791790009,35169,35177.36,ONE_POINT,100,100,RANDOM,
truncation_1,0.5,140,334,16800,1278.7415101528168,35162,35171.19,ONE_POINT,100,100,RANDOM,
truncation_1,0.5,140,335,16850,1282.5171492099762,35088,35155.06,ONE_POINT,100,100,RANDOM,
truncation_1,0.5,140,336,16900,1286.3165829181671,35081,35127.77,ONE_POINT,100,100,RANDOM,
truncation_1,0.5,140,337,16950,1290.170821428299,35081,35101.38,ONE_POINT,100,100,RANDOM,
truncation_1,0.5,140,338,17000,1293.98273062706,35081,35085.56,ONE_POINT,100,100,RANDOM,
truncation_1,0.5,140,339,17050,1297.8038699626923,35052,35077.19,ONE_POINT,100,100,RANDOM,
truncation_1,0.5,140,340,17100,1301.6450505256653,34996,35063.42,ONE_POINT,100,100,RANDOM,
truncation_1,0.5,140,341,17150,1305.5138792991638,34886,35024.29,ONE_POINT,100,100,RANDOM,
truncation_1,0.5,140,342,17200,1309.3239471912384,34884,34972.49,ONE_POINT,100,100,RANDOM,
truncation_1,0.5,140,343,17250,1313.1609678268433,34884,34931.31,ONE_POINT,100,100,RANDOM,
truncation_1,0.5,140,344,17300,1316.9916634559631,34884,34906.23,ONE_POINT,100,100,RANDOM,
truncation_1,0.5,140,345,17350,1320.8492743968964,34884,34889.45,ONE_POINT,100,100,RANDOM,
truncation_1,0.5,140,346,17400,1324.708378314972,34823,34870.65,ONE_POINT,100,100,RANDOM,
truncation_1,0.5,140,347,17450,1328.5306639671326,34823,34857.77,ONE_POINT,100,100,RANDOM,
truncation_1,0.5,140,348,17500,1332.3860685825348,34795,34836.98,ONE_POINT,100,100,RANDOM,
truncation_1,0.5,140,349,17550,1336.233090877533,34795,34814.67,ONE_POINT,100,100,RANDOM,
truncation_1,0.5,140,350,17600,1340.0707831382751,34632,34778.21,ONE_POINT,100,100,RANDOM,
truncation_1,0.5,140,351,17650,1343.9058361053467,34627,34713.98,ONE_POINT,100,100,RANDOM,
truncation_1,0.5,140,352,17700,1347.7676749229431,34627,34665.41,ONE_POINT,100,100,RANDOM,
truncation_1,0.5,140,353,17750,1351.636827468872,34624,34627.72,ONE_POINT,100,100,RANDOM,
truncation_1,0.5,140,354,17800,1355.4940271377563,34624,34626.52,ONE_POINT,100,100,RANDOM,
truncation_1,0.5,140,355,17850,1359.3454031944275,34624,34625.85,ONE_POINT,100,100,RANDOM,
truncation_1,0.5,140,356,17900,1363.1609411239624,34617,34624.43,ONE_POINT,100,100,RANDOM,
truncation_1,0.5,140,357,17950,1366.967101573944,34617,34621.87,ONE_POINT,100,100,RANDOM,
truncation_1,0.5,140,358,18000,1370.7456283569336,34612,34619.42,ONE_POINT,100,100,RANDOM,
truncation_1,0.5,140,359,18050,1374.572906255722,34612,34616.12,ONE_POINT,100,100,RANDOM,
truncation_1,0.5,140,360,18100,1378.368854522705,34612,34614.05,ONE_POINT,100,100,RANDOM,
truncation_1,0.5,140,361,18150,1382.193793296814,34610,34612.85,ONE_POINT,100,100,RANDOM,
truncation_1,0.5,140,362,18200,1386.0531697273254,34576,34607.77,ONE_POINT,100,100,RANDOM,
truncation_1,0.5,140,363,18250,1389.894479751587,34571,34596.91,ONE_POINT,100,100,RANDOM,
truncation_1,0.5,140,364,18300,1393.7454631328583,34548,34588.08,ONE_POINT,100,100,RANDOM,
truncation_1,0.5,140,365,18350,1397.5911960601807,34545,34572.64,ONE_POINT,100,100,RANDOM,
truncation_1,0.5,140,366,18400,1401.3792462348938,34541,34559.0,ONE_POINT,100,100,RANDOM,
truncation_1,0.5,140,367,18450,1405.1753838062286,34541,34550.28,ONE_POINT,100,100,RANDOM,
truncation_1,0.5,140,368,18500,1408.9629318714142,34502,34538.26,ONE_POINT,100,100,RANDOM,
truncation_1,0.5,140,369,18550,1412.744896888733,34482,34521.73,ONE_POINT,100,100,RANDOM,
truncation_1,0.5,140,370,18600,1416.5287160873413,34464,34504.23,ONE_POINT,100,100,RANDOM,
truncation_1,0.5,140,371,18650,1420.2987716197968,34464,34488.33,ONE_POINT,100,100,RANDOM,
truncation_1,0.5,140,372,18700,1424.100082397461,34453,34472.27,ONE_POINT,100,100,RANDOM,
truncation_1,0.5,140,373,18750,1427.9381184577942,34452,34462.29,ONE_POINT,100,100,RANDOM,
truncation_1,0.5,140,374,18800,1431.7535953521729,34383,34447.34,ONE_POINT,100,100,RANDOM,
truncation_1,0.5,140,375,18850,1435.5631248950958,34383,34423.75,ONE_POINT,100,100,RANDOM,
truncation_1,0.5,140,376,18900,1439.3396713733673,34372,34400.29,ONE_POINT,100,100,RANDOM,
truncation_1,0.5,140,377,18950,1443.1115078926086,34351,34383.56,ONE_POINT,100,100,RANDOM,
truncation_1,0.5,140,378,19000,1446.8963141441345,34351,34371.88,ONE_POINT,100,100,RANDOM,
truncation_1,0.5,140,379,19050,1450.7660932540894,34342,34363.14,ONE_POINT,100,100,RANDOM,
truncation_1,0.5,140,380,19100,1454.5573847293854,34287,34341.53,ONE_POINT,100,100,RANDOM,
truncation_1,0.5,140,381,19150,1458.3288071155548,34283,34323.11,ONE_POINT,100,100,RANDOM,
truncation_1,0.5,140,382,19200,1462.084914445877,34280,34307.29,ONE_POINT,100,100,RANDOM,
truncation_1,0.5,140,383,19250,1465.873022556305,34279,34292.05,ONE_POINT,100,100,RANDOM,
truncation_1,0.5,140,384,19300,1469.6756603717804,34275,34281.88,ONE_POINT,100,100,RANDOM,
truncation_1,0.5,140,385,19350,1473.4840474128723,34258,34276.53,ONE_POINT,100,100,RANDOM,
truncation_1,0.5,140,386,19400,1477.2823650836945,34247,34269.29,ONE_POINT,100,100,RANDOM,
truncation_1,0.5,140,387,19450,1481.0877389907837,34247,34262.56,ONE_POINT,100,100,RANDOM,
truncation_1,0.5,140,388,19500,1484.8584716320038,34113,34221.0,ONE_POINT,100,100,RANDOM,
truncation_1,0.5,140,389,19550,1488.6542084217072,34059,34160.64,ONE_POINT,100,100,RANDOM,
truncation_1,0.5,140,390,19600,1492.4213371276855,34057,34110.06,ONE_POINT,100,100,RANDOM,
truncation_1,0.5,140,391,19650,1496.2217481136322,34057,34075.13,ONE_POINT,100,100,RANDOM,
truncation_1,0.5,140,392,19700,1500.0397362709045,34043,34061.1,ONE_POINT,100,100,RANDOM,
truncation_1,0.5,140,393,19750,1503.8820343017578,34043,34052.98,ONE_POINT,100,100,RANDOM,
truncation_1,0.5,140,394,19800,1507.6563839912415,34040,34047.38,ONE_POINT,100,100,RANDOM,
truncation_1,0.5,140,395,19850,1511.47691988945,34034,34043.01,ONE_POINT,100,100,RANDOM,
truncation_1,0.5,140,396,19900,1515.298002243042,34032,34037.88,ONE_POINT,100,100,RANDOM,
truncation_1,0.5,140,397,19950,1519.097734451294,34027,34035.07,ONE_POINT,100,100,RANDOM,
truncation_1,0.5,140,398,20000,1522.8768434524536,34027,34031.09,ONE_POINT,100,100,RANDOM,
truncation_1,0.5,140,399,20050,1526.6852288246155,33993,34021.23,ONE_POINT,100,100,RANDOM,
truncation_1,0.5,140,400,20100,1530.4795520305634,33993,34013.31,ONE_POINT,100,100,RANDOM,
truncation_1,0.5,140,401,20150,1534.30766248703,33989,34002.06,ONE_POINT,100,100,RANDOM,
truncation_1,0.5,140,402,20200,1538.077043056488,33974,33992.57,ONE_POINT,100,100,RANDOM,
truncation_1,0.5,140,403,20250,1541.8800098896027,33944,33980.42,ONE_POINT,100,100,RANDOM,
truncation_1,0.5,140,404,20300,1545.6796143054962,33944,33969.88,ONE_POINT,100,100,RANDOM,
truncation_1,0.5,140,405,20350,1549.4735429286957,33944,33957.54,ONE_POINT,100,100,RANDOM,
truncation_1,0.5,140,406,20400,1553.2570717334747,33930,33944.64,ONE_POINT,100,100,RANDOM,
truncation_1,0.5,140,407,20450,1557.058250427246,33930,33937.78,ONE_POINT,100,100,RANDOM,
truncation_1,0.5,140,408,20500,1560.8374195098877,33930,33934.28,ONE_POINT,100,100,RANDOM,
truncation_1,0.5,140,409,20550,1564.6277551651,33930,33931.06,ONE_POINT,100,100,RANDOM,
truncation_1,0.5,140,410,20600,1568.408763408661,33921,33928.41,ONE_POINT,100,100,RANDOM,
truncation_1,0.5,140,411,20650,1572.2657227516174,33912,33924.42,ONE_POINT,100,100,RANDOM,
truncation_1,0.5,140,412,20700,1576.0658056735992,33890,33918.26,ONE_POINT,100,100,RANDOM,
truncation_1,0.5,140,413,20750,1579.9680247306824,33890,33907.84,ONE_POINT,100,100,RANDOM,
truncation_1,0.5,140,414,20800,1583.7890357971191,33881,33900.18,ONE_POINT,100,100,RANDOM,
truncation_1,0.5,140,415,20850,1587.591903924942,33881,33893.22,ONE_POINT,100,100,RANDOM,
truncation_1,0.5,140,416,20900,1591.3774976730347,33881,33885.48,ONE_POINT,100,100,RANDOM,
truncation_1,0.5,140,417,20950,1595.1724152565002,33881,33883.13,ONE_POINT,100,100,RANDOM,
truncation_1,0.5,140,418,21000,1598.9763514995575,33849,33877.76,ONE_POINT,100,100,RANDOM,
truncation_1,0.5,140,419,21050,1602.7378113269806,33849,33871.01,ONE_POINT,100,100,RANDOM,
truncation_1,0.5,140,420,21100,1606.4992067813873,33849,33861.79,ONE_POINT,100,100,RANDOM,
truncation_1,0.5,140,421,21150,1610.3095409870148,33849,33853.96,ONE_POINT,100,100,RANDOM,
truncation_1,0.5,140,422,21200,1614.1215045452118,33849,33849.81,ONE_POINT,100,100,RANDOM,
truncation_1,0.5,140,423,21250,1617.9113109111786,33824,33842.83,ONE_POINT,100,100,RANDOM,
truncation_1,0.5,140,424,21300,1621.7112617492676,33824,33835.44,ONE_POINT,100,100,RANDOM,
truncation_1,0.5,140,425,21350,1625.4876794815063,33823,33828.67,ONE_POINT,100,100,RANDOM,
truncation_1,0.5,140,426,21400,1629.3079416751862,33815,33822.29,ONE_POINT,100,100,RANDOM,
truncation_1,0.5,140,427,21450,1633.1076529026031,33815,33820.67,ONE_POINT,100,100,RANDOM,
truncation_1,0.5,140,428,21500,1636.9424042701721,33815,33818.51,ONE_POINT,100,100,RANDOM,
truncation_1,0.5,140,429,21550,1640.7336106300354,33794,33812.25,ONE_POINT,100,100,RANDOM,
truncation_1,0.5,140,430,21600,1644.547565460205,33794,33805.24,ONE_POINT,100,100,RANDOM,
truncation_1,0.5,140,431,21650,1648.3553194999695,33794,33800.42,ONE_POINT,100,100,RANDOM,
truncation_1,0.5,140,432,21700,1652.1546421051025,33794,33795.03,ONE_POINT,100,100,RANDOM,
truncation_1,0.5,140,433,21750,1655.9182534217834,33778,33790.22,ONE_POINT,100,100,RANDOM,
truncation_1,0.5,140,434,21800,1659.7207806110382,33662,33777.67,ONE_POINT,100,100,RANDOM,
truncation_1,0.5,140,435,21850,1663.518455505371,33631,33738.8,ONE_POINT,100,100,RANDOM,
truncation_1,0.5,140,436,21900,1667.3181293010712,33631,33696.01,ONE_POINT,100,100,RANDOM,
truncation_1,0.5,140,437,21950,1671.080555677414,33199,33569.11,ONE_POINT,100,100,RANDOM,
truncation_1,0.5,140,438,22000,1674.8797523975372,33196,33417.8,ONE_POINT,100,100,RANDOM,
truncation_1,0.5,140,439,22050,1678.6600623130798,33138,33266.77,ONE_POINT,100,100,RANDOM,
truncation_1,0.5,140,440,22100,1682.7290959358215,33138,33177.63,ONE_POINT,100,100,RANDOM,
truncation_1,0.5,140,441,22150,1686.5021150112152,33138,33164.54,ONE_POINT,100,100,RANDOM,
truncation_1,0.5,140,442,22200,1690.3018271923065,33138,33151.56,ONE_POINT,100,100,RANDOM,
truncation_1,0.5,140,443,22250,1694.09872341156,33132,33139.31,ONE_POINT,100,100,RANDOM,
truncation_1,0.5,140,444,22300,1697.8803553581238,33099,33134.63,ONE_POINT,100,100,RANDOM,
truncation_1,0.5,140,445,22350,1701.642457485199,33099,33126.03,ONE_POINT,100,100,RANDOM,
truncation_1,0.5,140,446,22400,1705.432757616043,33089,33113.22,ONE_POINT,100,100,RANDOM,
truncation_1,0.5,140,447,22450,1709.2568621635437,33084,33097.47,ONE_POINT,100,100,RANDOM,
truncation_1,0.5,140,448,22500,1713.0404386520386,33083,33089.55,ONE_POINT,100,100,RANDOM,
truncation_1,0.5,140,449,22550,1716.8470723628998,33026,33082.03,ONE_POINT,100,100,RANDOM,
truncation_1,0.5,140,450,22600,1720.653904914856,33026,33068.46,ONE_POINT,100,100,RANDOM,
truncation_1,0.5,140,451,22650,1724.5260365009308,33020,33049.68,ONE_POINT,100,100,RANDOM,
truncation_1,0.5,140,452,22700,1728.3316042423248,33020,33035.78,ONE_POINT,100,100,RANDOM,
truncation_1,0.5,140,453,22750,1732.1740636825562,33020,33022.83,ONE_POINT,100,100,RANDOM,
truncation_1,0.5,140,454,22800,1736.0162630081177,33020,33021.38,ONE_POINT,100,100,RANDOM,
truncation_1,0.5,140,455,22850,1739.8122594356537,32933,33016.09,ONE_POINT,100,100,RANDOM,
truncation_1,0.5,140,456,22900,1743.597097158432,32933,32996.25,ONE_POINT,100,100,RANDOM,
truncation_1,0.5,140,457,22950,1747.4042432308197,32933,32970.02,ONE_POINT,100,100,RANDOM,
truncation_1,0.5,140,458,23000,1751.2118136882782,32933,32946.59,ONE_POINT,100,100,RANDOM,
truncation_1,0.5,140,459,23050,1754.9914336204529,32930,32932.55,ONE_POINT,100,100,RANDOM,
truncation_1,0.5,140,460,23100,1758.7884800434113,32930,32931.8,ONE_POINT,100,100,RANDOM,
truncation_1,0.5,140,461,23150,1762.579118013382,32902,32924.73,ONE_POINT,100,100,RANDOM,
truncation_1,0.5,140,462,23200,1766.3737661838531,32902,32917.05,ONE_POINT,100,100,RANDOM,
truncation_1,0.5,140,463,23250,1770.2171502113342,32886,32905.64,ONE_POINT,100,100,RANDOM,
truncation_1,0.5,140,464,23300,1774.0300908088684,32884,32895.43,ONE_POINT,100,100,RANDOM,
truncation_1,0.5,140,465,23350,1777.8628370761871,32883,32890.07,ONE_POINT,100,100,RANDOM,
truncation_1,0.5,140,466,23400,1781.7003710269928,32883,32886.65,ONE_POINT,100,100,RANDOM,
truncation_1,0.5,140,467,23450,1785.5125341415405,32881,32883.79,ONE_POINT,100,100,RANDOM,
truncation_1,0.5,140,468,23500,1789.3070814609528,32866,32879.12,ONE_POINT,100,100,RANDOM,
truncation_1,0.5,140,469,23550,1793.115653038025,32866,32875.53,ONE_POINT,100,100,RANDOM,
truncation_1,0.5,140,470,23600,1796.9129176139832,32828,32863.95,ONE_POINT,100,100,RANDOM,
truncation_1,0.5,140,471,23650,1800.706222295761,32828,32850.5,ONE_POINT,100,100,RANDOM,
truncation_1,0.5,140,472,23700,1804.5138001441956,32828,32840.77,ONE_POINT,100,100,RANDOM,
truncation_1,0.5,140,473,23750,1808.3093519210815,32823,32832.05,ONE_POINT,100,100,RANDOM,
truncation_1,0.5,140,474,23800,1812.1288714408875,32823,32825.86,ONE_POINT,100,100,RANDOM,
truncation_1,0.5,140,475,23850,1815.9320495128632,32782,32815.38,ONE_POINT,100,100,RANDOM,
truncation_1,0.5,140,476,23900,1819.7307744026184,32782,32804.75,ONE_POINT,100,100,RANDOM,
truncation_1,0.5,140,477,23950,1823.5182206630707,32772,32791.05,ONE_POINT,100,100,RANDOM,
truncation_1,0.5,140,478,24000,1827.3276536464691,32772,32778.14,ONE_POINT,100,100,RANDOM,
truncation_1,0.5,140,479,24050,1831.1010918617249,32742,32774.23,ONE_POINT,100,100,RANDOM,
truncation_1,0.5,140,480,24100,1834.8815290927887,32737,32761.29,ONE_POINT,100,100,RANDOM,
truncation_1,0.5,140,481,24150,1838.6575877666473,32736,32752.13,ONE_POINT,100,100,RANDOM,
truncation_1,0.5,140,482,24200,1842.4569356441498,32736,32745.23,ONE_POINT,100,100,RANDOM,
truncation_1,0.5,140,483,24250,1846.2439172267914,32612,32731.36,ONE_POINT,100,100,RANDOM,
truncation_1,0.5,140,484,24300,1850.0628945827484,32596,32698.13,ONE_POINT,100,100,RANDOM,
truncation_1,0.5,140,485,24350,1853.8833241462708,32593,32665.08,ONE_POINT,100,100,RANDOM,
truncation_1,0.5,140,486,24400,1857.7127726078033,32593,32620.09,ONE_POINT,100,100,RANDOM,
truncation_1,0.5,140,487,24450,1861.4754672050476,32522,32588.67,ONE_POINT,100,100,RANDOM,
truncation_1,0.5,140,488,24500,1865.2712144851685,32517,32566.08,ONE_POINT,100,100,RANDOM,
truncation_1,0.5,140,489,24550,1869.0499033927917,32515,32543.68,ONE_POINT,100,100,RANDOM,
truncation_1,0.5,140,490,24600,1872.8469245433807,32515,32523.29,ONE_POINT,100,100,RANDOM,
truncation_1,0.5,140,491,24650,1876.6541740894318,32514,32517.49,ONE_POINT,100,100,RANDOM,
truncation_1,0.5,140,492,24700,1880.4579493999481,32514,32515.57,ONE_POINT,100,100,RANDOM,
truncation_1,0.5,140,493,24750,1884.2555713653564,32514,32514.41,ONE_POINT,100,100,RANDOM,
truncation_1,0.5,140,494,24800,1888.0789351463318,32513,32514.0,ONE_POINT,100,100,RANDOM,
truncation_1,0.5,140,495,24850,1891.8874850273132,32512,32513.66,ONE_POINT,100,100,RANDOM,
truncation_1,0.5,140,496,24900,1895.6633338928223,32504,32511.92,ONE_POINT,100,100,RANDOM,
truncation_1,0.5,140,497,24950,1899.448559999466,32504,32509.58,ONE_POINT,100,100,RANDOM,
truncation_1,0.5,140,498,25000,1903.2362954616547,32504,32507.35,ONE_POINT,100,100,RANDOM,
truncation_1,0.5,140,499,25050,1907.008445262909,32498,32504.5,ONE_POINT,100,100,RANDOM,
truncation_1,0.5,140,500,25100,1910.778683423996,32483,32499.11,ONE_POINT,100,100,RANDOM,
truncation_1,0.5,160,1,150,3.781787633895874,130447,139466.76,ONE_POINT,100,100,RANDOM,
truncation_1,0.5,160,2,200,7.6498870849609375,126915,131214.34,ONE_POINT,100,100,RANDOM,
truncation_1,0.5,160,3,250,11.528010129928589,123794,126883.55,ONE_POINT,100,100,RANDOM,
truncation_1,0.5,160,4,300,15.381624221801758,120114,123395.12,ONE_POINT,100,100,RANDOM,
truncation_1,0.5,160,5,350,19.24284791946411,117813,120519.4,ONE_POINT,100,100,RANDOM,
truncation_1,0.5,160,6,400,23.087101936340332,115544,118068.45,ONE_POINT,100,100,RANDOM,
truncation_1,0.5,160,7,450,26.979259252548218,113646,115728.1,ONE_POINT,100,100,RANDOM,
truncation_1,0.5,160,8,500,30.7938449382782,111461,113593.26,ONE_POINT,100,100,RANDOM,
truncation_1,0.5,160,9,550,34.63071894645691,109747,111856.14,ONE_POINT,100,100,RANDOM,
truncation_1,0.5,160,10,600,38.466383934020996,108448,110089.35,ONE_POINT,100,100,RANDOM,
truncation_1,0.5,160,11,650,42.29642081260681,105157,107751.1,ONE_POINT,100,100,RANDOM,
truncation_1,0.5,160,12,700,46.15447497367859,103148,105483.91,ONE_POINT,100,100,RANDOM,
truncation_1,0.5,160,13,750,49.98373794555664,101211,103633.24,ONE_POINT,100,100,RANDOM,
truncation_1,0.5,160,14,800,53.81240487098694,99757,101492.87,ONE_POINT,100,100,RANDOM,
truncation_1,0.5,160,15,850,57.64081263542175,97680,99282.01,ONE_POINT,100,100,RANDOM,
truncation_1,0.5,160,16,900,61.49309182167053,96012,97680.22,ONE_POINT,100,100,RANDOM,
truncation_1,0.5,160,17,950,65.38006067276001,95223,96323.62,ONE_POINT,100,100,RANDOM,
truncation_1,0.5,160,18,1000,69.20733261108398,93911,95333.68,ONE_POINT,100,100,RANDOM,
truncation_1,0.5,160,19,1050,73.03279829025269,93590,94515.53,ONE_POINT,100,100,RANDOM,
truncation_1,0.5,160,20,1100,76.839439868927,91074,93433.82,ONE_POINT,100,100,RANDOM,
truncation_1,0.5,160,21,1150,80.69996380805969,89528,91808.06,ONE_POINT,100,100,RANDOM,
truncation_1,0.5,160,22,1200,84.53123784065247,88158,89976.35,ONE_POINT,100,100,RANDOM,
truncation_1,0.5,160,23,1250,88.36650562286377,86473,88201.59,ONE_POINT,100,100,RANDOM,
truncation_1,0.5,160,24,1300,92.19542002677917,85423,86663.02,ONE_POINT,100,100,RANDOM,
truncation_1,0.5,160,25,1350,96.0398678779602,84146,85525.86,ONE_POINT,100,100,RANDOM,
truncation_1,0.5,160,26,1400,99.87332367897034,83261,84555.35,ONE_POINT,100,100,RANDOM,
truncation_1,0.5,160,27,1450,103.73366498947144,82569,83565.17,ONE_POINT,100,100,RANDOM,
truncation_1,0.5,160,28,1500,107.55712556838989,81654,82771.45,ONE_POINT,100,100,RANDOM,
truncation_1,0.5,160,29,1550,111.38497543334961,81531,82168.04,ONE_POINT,100,100,RANDOM,
truncation_1,0.5,160,30,1600,115.22383546829224,80990,81595.9,ONE_POINT,100,100,RANDOM,
truncation_1,0.5,160,31,1650,119.09110283851624,78973,80757.25,ONE_POINT,100,100,RANDOM,
truncation_1,0.5,160,32,1700,122.90544748306274,78168,79438.25,ONE_POINT,100,100,RANDOM,
truncation_1,0.5,160,33,1750,126.72630620002747,77231,78401.03,ONE_POINT,100,100,RANDOM,
truncation_1,0.5,160,34,1800,130.55025267601013,77155,77746.45,ONE_POINT,100,100,RANDOM,
truncation_1,0.5,160,35,1850,134.400310754776,76088,77077.74,ONE_POINT,100,100,RANDOM,
truncation_1,0.5,160,36,1900,138.2366874217987,74552,76329.39,ONE_POINT,100,100,RANDOM,
truncation_1,0.5,160,37,1950,142.10582971572876,72719,74941.44,ONE_POINT,100,100,RANDOM,
truncation_1,0.5,160,38,2000,145.90094089508057,72205,73494.9,ONE_POINT,100,100,RANDOM,
truncation_1,0.5,160,39,2050,149.72397994995117,71104,72235.04,ONE_POINT,100,100,RANDOM,
truncation_1,0.5,160,40,2100,153.56198024749756,70541,71475.89,ONE_POINT,100,100,RANDOM,
truncation_1,0.5,160,41,2150,157.365651845932,70142,70800.04,ONE_POINT,100,100,RANDOM,
truncation_1,0.5,160,42,2200,161.18240356445312,69380,70166.49,ONE_POINT,100,100,RANDOM,
truncation_1,0.5,160,43,2250,164.971941947937,68996,69620.57,ONE_POINT,100,100,RANDOM,
truncation_1,0.5,160,44,2300,168.79179191589355,68400,69162.45,ONE_POINT,100,100,RANDOM,
truncation_1,0.5,160,45,2350,172.64493584632874,68211,68694.17,ONE_POINT,100,100,RANDOM,
truncation_1,0.5,160,46,2400,176.47355604171753,67846,68323.1,ONE_POINT,100,100,RANDOM,
truncation_1,0.5,160,47,2450,180.25240063667297,67606,67956.83,ONE_POINT,100,100,RANDOM,
truncation_1,0.5,160,48,2500,184.0425877571106,67005,67591.99,ONE_POINT,100,100,RANDOM,
truncation_1,0.5,160,49,2550,187.8257942199707,66774,67230.3,ONE_POINT,100,100,RANDOM,
truncation_1,0.5,160,50,2600,191.6680724620819,66212,66920.83,ONE_POINT,100,100,RANDOM,
truncation_1,0.5,160,51,2650,195.54003715515137,66117,66602.89,ONE_POINT,100,100,RANDOM,
truncation_1,0.5,160,52,2700,199.3738350868225,65825,66280.95,ONE_POINT,100,100,RANDOM,
truncation_1,0.5,160,53,2750,203.19633173942566,65760,66024.0,ONE_POINT,100,100,RANDOM,
truncation_1,0.5,160,54,2800,207.01913118362427,65408,65862.64,ONE_POINT,100,100,RANDOM,
truncation_1,0.5,160,55,2850,210.81376314163208,64740,65471.05,ONE_POINT,100,100,RANDOM,
truncation_1,0.5,160,56,2900,214.63136672973633,64027,64869.9,ONE_POINT,100,100,RANDOM,
truncation_1,0.5,160,57,2950,218.5825092792511,63751,64198.81,ONE_POINT,100,100,RANDOM,
truncation_1,0.5,160,58,3000,222.41861009597778,63531,63819.52,ONE_POINT,100,100,RANDOM,
truncation_1,0.5,160,59,3050,226.19776248931885,62987,63536.7,ONE_POINT,100,100,RANDOM,
truncation_1,0.5,160,60,3100,229.97322797775269,62624,63143.02,ONE_POINT,100,100,RANDOM,
truncation_1,0.5,160,61,3150,233.85688042640686,62612,62836.0,ONE_POINT,100,100,RANDOM,
truncation_1,0.5,160,62,3200,237.78567576408386,62546,62663.73,ONE_POINT,100,100,RANDOM,
truncation_1,0.5,160,63,3250,241.66006731987,61612,62397.92,ONE_POINT,100,100,RANDOM,
truncation_1,0.5,160,64,3300,245.63887214660645,60967,61931.32,ONE_POINT,100,100,RANDOM,
truncation_1,0.5,160,65,3350,249.41449284553528,60671,61261.36,ONE_POINT,100,100,RANDOM,
truncation_1,0.5,160,66,3400,253.27282285690308,59923,60720.75,ONE_POINT,100,100,RANDOM,
truncation_1,0.5,160,67,3450,257.2146327495575,59591,60233.75,ONE_POINT,100,100,RANDOM,
truncation_1,0.5,160,68,3500,261.094922542572,59576,59841.64,ONE_POINT,100,100,RANDOM,
truncation_1,0.5,160,69,3550,265.0731129646301,59203,59533.01,ONE_POINT,100,100,RANDOM,
truncation_1,0.5,160,70,3600,269.10169792175293,59004,59336.37,ONE_POINT,100,100,RANDOM,
truncation_1,0.5,160,71,3650,273.11323261260986,58420,58973.1,ONE_POINT,100,100,RANDOM,
truncation_1,0.5,160,72,3700,277.13199186325073,57973,58591.68,ONE_POINT,100,100,RANDOM,
truncation_1,0.5,160,73,3750,281.04973220825195,57716,58218.04,ONE_POINT,100,100,RANDOM,
truncation_1,0.5,160,74,3800,285.0710265636444,57170,57938.08,ONE_POINT,100,100,RANDOM,
truncation_1,0.5,160,75,3850,288.91747665405273,56943,57507.49,ONE_POINT,100,100,RANDOM,
truncation_1,0.5,160,76,3900,292.6969895362854,56297,56976.78,ONE_POINT,100,100,RANDOM,
truncation_1,0.5,160,77,3950,296.5227241516113,56016,56478.32,ONE_POINT,100,100,RANDOM,
truncation_1,0.5,160,78,4000,300.40754652023315,55950,56165.8,ONE_POINT,100,100,RANDOM,
truncation_1,0.5,160,79,4050,304.3580312728882,55693,55997.01,ONE_POINT,100,100,RANDOM,
truncation_1,0.5,160,80,4100,308.13544607162476,54853,55630.11,ONE_POINT,100,100,RANDOM,
truncation_1,0.5,160,81,4150,311.94526839256287,54555,55133.64,ONE_POINT,100,100,RANDOM,
truncation_1,0.5,160,82,4200,315.7505147457123,54120,54634.32,ONE_POINT,100,100,RANDOM,
truncation_1,0.5,160,83,4250,319.5959243774414,54018,54331.86,ONE_POINT,100,100,RANDOM,
truncation_1,0.5,160,84,4300,323.4750351905823,53642,54075.03,ONE_POINT,100,100,RANDOM,
truncation_1,0.5,160,85,4350,327.309565782547,53106,53741.87,ONE_POINT,100,100,RANDOM,
truncation_1,0.5,160,86,4400,331.16378355026245,53106,53413.69,ONE_POINT,100,100,RANDOM,
truncation_1,0.5,160,87,4450,334.96987199783325,52414,53017.75,ONE_POINT,100,100,RANDOM,
truncation_1,0.5,160,88,4500,338.8739275932312,52188,52689.46,ONE_POINT,100,100,RANDOM,
truncation_1,0.5,160,89,4550,342.7193696498871,51838,52262.26,ONE_POINT,100,100,RANDOM,
truncation_1,0.5,160,90,4600,346.5448679924011,51780,52019.44,ONE_POINT,100,100,RANDOM,
truncation_1,0.5,160,91,4650,350.4211935997009,51641,51793.49,ONE_POINT,100,100,RANDOM,
truncation_1,0.5,160,92,4700,354.27966475486755,51549,51691.8,ONE_POINT,100,100,RANDOM,
truncation_1,0.5,160,93,4750,358.13040351867676,51033,51586.01,ONE_POINT,100,100,RANDOM,
truncation_1,0.5,160,94,4800,361.9458920955658,50980,51352.41,ONE_POINT,100,100,RANDOM,
truncation_1,0.5,160,95,4850,365.79326486587524,50756,51119.33,ONE_POINT,100,100,RANDOM,
truncation_1,0.5,160,96,4900,369.5545287132263,50372,50836.96,ONE_POINT,100,100,RANDOM,
truncation_1,0.5,160,97,4950,373.3616302013397,50371,50611.61,ONE_POINT,100,100,RANDOM,
truncation_1,0.5,160,98,5000,377.18034744262695,50141,50411.4,ONE_POINT,100,100,RANDOM,
truncation_1,0.5,160,99,5050,381.02373003959656,50026,50263.5,ONE_POINT,100,100,RANDOM,
truncation_1,0.5,160,100,5100,384.847128868103,49783,50102.01,ONE_POINT,100,100,RANDOM,
truncation_1,0.5,160,101,5150,388.6961581707001,49310,49822.35,ONE_POINT,100,100,RANDOM,
truncation_1,0.5,160,102,5200,392.51550340652466,48990,49472.05,ONE_POINT,100,100,RANDOM,
truncation_1,0.5,160,103,5250,396.3013503551483,48702,49078.79,ONE_POINT,100,100,RANDOM,
truncation_1,0.5,160,104,5300,400.1239743232727,48687,48882.31,ONE_POINT,100,100,RANDOM,
truncation_1,0.5,160,105,5350,403.94494581222534,48670,48751.98,ONE_POINT,100,100,RANDOM,
truncation_1,0.5,160,106,5400,407.8006091117859,48407,48639.14,ONE_POINT,100,100,RANDOM,
truncation_1,0.5,160,107,5450,411.58474016189575,48026,48467.73,ONE_POINT,100,100,RANDOM,
truncation_1,0.5,160,108,5500,415.362078666687,47838,48200.53,ONE_POINT,100,100,RANDOM,
truncation_1,0.5,160,109,5550,419.12526416778564,47766,47978.27,ONE_POINT,100,100,RANDOM,
truncation_1,0.5,160,110,5600,422.9461224079132,47505,47783.91,ONE_POINT,100,100,RANDOM,
truncation_1,0.5,160,111,5650,426.706933259964,47484,47632.77,ONE_POINT,100,100,RANDOM,
truncation_1,0.5,160,112,5700,430.49476647377014,47437,47513.97,ONE_POINT,100,100,RANDOM,
truncation_1,0.5,160,113,5750,434.286906003952,47392,47468.6,ONE_POINT,100,100,RANDOM,
truncation_1,0.5,160,114,5800,438.06437373161316,47183,47420.76,ONE_POINT,100,100,RANDOM,
truncation_1,0.5,160,115,5850,441.8365387916565,47082,47308.36,ONE_POINT,100,100,RANDOM,
truncation_1,0.5,160,116,5900,445.63857769966125,47021,47171.61,ONE_POINT,100,100,RANDOM,
truncation_1,0.5,160,117,5950,449.4183180332184,46829,47047.83,ONE_POINT,100,100,RANDOM,
truncation_1,0.5,160,118,6000,453.20380759239197,46733,46951.25,ONE_POINT,100,100,RANDOM,
truncation_1,0.5,160,119,6050,456.9540228843689,46673,46834.0,ONE_POINT,100,100,RANDOM,
truncation_1,0.5,160,120,6100,460.71714448928833,46486,46721.06,ONE_POINT,100,100,RANDOM,
truncation_1,0.5,160,121,6150,464.48728489875793,46345,46613.04,ONE_POINT,100,100,RANDOM,
truncation_1,0.5,160,122,6200,468.26348400115967,46219,46480.03,ONE_POINT,100,100,RANDOM,
truncation_1,0.5,160,123,6250,472.0451762676239,45998,46309.21,ONE_POINT,100,100,RANDOM,
truncation_1,0.5,160,124,6300,475.81952261924744,45938,46137.94,ONE_POINT,100,100,RANDOM,
truncation_1,0.5,160,125,6350,479.60375475883484,45823,45994.08,ONE_POINT,100,100,RANDOM,
truncation_1,0.5,160,126,6400,483.3768310546875,45701,45890.56,ONE_POINT,100,100,RANDOM,
truncation_1,0.5,160,127,6450,487.13518166542053,45547,45764.39,ONE_POINT,100,100,RANDOM,
truncation_1,0.5,160,128,6500,490.9300801753998,45477,45626.34,ONE_POINT,100,100,RANDOM,
truncation_1,0.5,160,129,6550,494.7751262187958,45391,45531.21,ONE_POINT,100,100,RANDOM,
truncation_1,0.5,160,130,6600,498.58009457588196,45384,45464.49,ONE_POINT,100,100,RANDOM,
truncation_1,0.5,160,131,6650,502.37435817718506,45374,45418.94,ONE_POINT,100,100,RANDOM,
truncation_1,0.5,160,132,6700,506.19182682037354,45355,45385.09,ONE_POINT,100,100,RANDOM,
truncation_1,0.5,160,133,6750,509.9747848510742,44892,45270.93,ONE_POINT,100,100,RANDOM,
truncation_1,0.5,160,134,6800,513.7522828578949,44855,45110.72,ONE_POINT,100,100,RANDOM,
truncation_1,0.5,160,135,6850,517.5304448604584,44745,44918.45,ONE_POINT,100,100,RANDOM,
truncation_1,0.5,160,136,6900,521.3342816829681,44591,44783.92,ONE_POINT,100,100,RANDOM,
truncation_1,0.5,160,137,6950,525.1264040470123,44501,44662.24,ONE_POINT,100,100,RANDOM,
truncation_1,0.5,160,138,7000,528.8843431472778,44209,44513.79,ONE_POINT,100,100,RANDOM,
truncation_1,0.5,160,139,7050,532.6565191745758,44209,44372.49,ONE_POINT,100,100,RANDOM,
truncation_1,0.5,160,140,7100,536.4503197669983,44179,44266.06,ONE_POINT,100,100,RANDOM,
truncation_1,0.5,160,141,7150,540.2568004131317,44152,44202.0,ONE_POINT,100,100,RANDOM,
truncation_1,0.5,160,142,7200,544.0607850551605,43742,44152.96,ONE_POINT,100,100,RANDOM,
truncation_1,0.5,160,143,7250,547.8449368476868,43731,44012.42,ONE_POINT,100,100,RANDOM,
truncation_1,0.5,160,144,7300,551.6366469860077,43649,43854.2,ONE_POINT,100,100,RANDOM,
truncation_1,0.5,160,145,7350,555.4342789649963,43468,43661.74,ONE_POINT,100,100,RANDOM,
truncation_1,0.5,160,146,7400,559.2285687923431,43388,43551.4,ONE_POINT,100,100,RANDOM,
truncation_1,0.5,160,147,7450,563.0038075447083,43387,43459.46,ONE_POINT,100,100,RANDOM,
truncation_1,0.5,160,148,7500,566.784746170044,43327,43400.15,ONE_POINT,100,100,RANDOM,
truncation_1,0.5,160,149,7550,570.5675921440125,43263,43354.45,ONE_POINT,100,100,RANDOM,
truncation_1,0.5,160,150,7600,574.3540835380554,43057,43291.01,ONE_POINT,100,100,RANDOM,
truncation_1,0.5,160,151,7650,578.2076876163483,43044,43210.18,ONE_POINT,100,100,RANDOM,
truncation_1,0.5,160,152,7700,582.0095398426056,42822,43068.54,ONE_POINT,100,100,RANDOM,
truncation_1,0.5,160,153,7750,585.8320820331573,42733,42928.33,ONE_POINT,100,100,RANDOM,
truncation_1,0.5,160,154,7800,589.6916599273682,42551,42777.75,ONE_POINT,100,100,RANDOM,
truncation_1,0.5,160,155,7850,593.5041701793671,42411,42611.59,ONE_POINT,100,100,RANDOM,
truncation_1,0.5,160,156,7900,597.3418517112732,42411,42508.07,ONE_POINT,100,100,RANDOM,
truncation_1,0.5,160,157,7950,601.1407132148743,42411,42447.11,ONE_POINT,100,100,RANDOM,
truncation_1,0.5,160,158,8000,604.9783256053925,42408,42423.74,ONE_POINT,100,100,RANDOM,
truncation_1,0.5,160,159,8050,608.7931694984436,42407,42410.74,ONE_POINT,100,100,RANDOM,
truncation_1,0.5,160,160,8100,612.6272039413452,42402,42408.26,ONE_POINT,100,100,RANDOM,
truncation_1,0.5,160,161,8150,616.4488544464111,42324,42398.39,ONE_POINT,100,100,RANDOM,
truncation_1,0.5,160,162,8200,620.2798204421997,42305,42364.66,ONE_POINT,100,100,RANDOM,
truncation_1,0.5,160,163,8250,624.1236364841461,42196,42325.4,ONE_POINT,100,100,RANDOM,
truncation_1,0.5,160,164,8300,627.9690654277802,41985,42215.06,ONE_POINT,100,100,RANDOM,
truncation_1,0.5,160,165,8350,631.8453159332275,41920,42099.47,ONE_POINT,100,100,RANDOM,
truncation_1,0.5,160,166,8400,635.684502363205,41800,41969.75,ONE_POINT,100,100,RANDOM,
truncation_1,0.5,160,167,8450,639.4825141429901,41779,41882.84,ONE_POINT,100,100,RANDOM,
truncation_1,0.5,160,168,8500,643.2716648578644,41729,41827.06,ONE_POINT,100,100,RANDOM,
truncation_1,0.5,160,169,8550,647.0654499530792,41578,41747.51,ONE_POINT,100,100,RANDOM,
truncation_1,0.5,160,170,8600,650.8573110103607,41577,41671.08,ONE_POINT,100,100,RANDOM,
truncation_1,0.5,160,171,8650,654.652711391449,41455,41601.49,ONE_POINT,100,100,RANDOM,
truncation_1,0.5,160,172,8700,658.4463667869568,41272,41515.71,ONE_POINT,100,100,RANDOM,
truncation_1,0.5,160,173,8750,662.1998808383942,41133,41406.48,ONE_POINT,100,100,RANDOM,
truncation_1,0.5,160,174,8800,665.9817631244659,41128,41268.51,ONE_POINT,100,100,RANDOM,
truncation_1,0.5,160,175,8850,669.7500112056732,41102,41184.02,ONE_POINT,100,100,RANDOM,
truncation_1,0.5,160,176,8900,673.7930247783661,41091,41137.89,ONE_POINT,100,100,RANDOM,
truncation_1,0.5,160,177,8950,677.8027594089508,41074,41111.6,ONE_POINT,100,100,RANDOM,
truncation_1,0.5,160,178,9000,681.6119699478149,41072,41097.77,ONE_POINT,100,100,RANDOM,
truncation_1,0.5,160,179,9050,685.3907744884491,41042,41082.06,ONE_POINT,100,100,RANDOM,
truncation_1,0.5,160,180,9100,689.1875307559967,41038,41071.86,ONE_POINT,100,100,RANDOM,
truncation_1,0.5,160,181,9150,692.9471235275269,40941,41041.18,ONE_POINT,100,100,RANDOM,
truncation_1,0.5,160,182,9200,696.7398660182953,40815,40989.32,ONE_POINT,100,100,RANDOM,
truncation_1,0.5,160,183,9250,700.5035681724548,40748,40901.34,ONE_POINT,100,100,RANDOM,
truncation_1,0.5,160,184,9300,704.3328237533569,40675,40822.39,ONE_POINT,100,100,RANDOM,
truncation_1,0.5,160,185,9350,708.1071448326111,40585,40744.35,ONE_POINT,100,100,RANDOM,
truncation_1,0.5,160,186,9400,711.8900079727173,40539,40669.31,ONE_POINT,100,100,RANDOM,
truncation_1,0.5,160,187,9450,715.6604726314545,40539,40600.66,ONE_POINT,100,100,RANDOM,
truncation_1,0.5,160,188,9500,719.4535224437714,40539,40556.92,ONE_POINT,100,100,RANDOM,
truncation_1,0.5,160,189,9550,723.2651882171631,40424,40529.26,ONE_POINT,100,100,RANDOM,
truncation_1,0.5,160,190,9600,727.0385529994965,40423,40488.6,ONE_POINT,100,100,RANDOM,
truncation_1,0.5,160,191,9650,730.789591550827,40377,40460.8,ONE_POINT,100,100,RANDOM,
truncation_1,0.5,160,192,9700,734.5737013816833,40253,40397.4,ONE_POINT,100,100,RANDOM,
truncation_1,0.5,160,193,9750,738.3831355571747,40253,40348.38,ONE_POINT,100,100,RANDOM,
truncation_1,0.5,160,194,9800,742.1629960536957,40230,40303.51,ONE_POINT,100,100,RANDOM,
truncation_1,0.5,160,195,9850,745.95942902565,40230,40258.66,ONE_POINT,100,100,RANDOM,
truncation_1,0.5,160,196,9900,749.7531385421753,40184,40232.67,ONE_POINT,100,100,RANDOM,
truncation_1,0.5,160,197,9950,753.5197038650513,40143,40211.78,ONE_POINT,100,100,RANDOM,
truncation_1,0.5,160,198,10000,757.3450891971588,40086,40171.17,ONE_POINT,100,100,RANDOM,
truncation_1,0.5,160,199,10050,761.1083657741547,40086,40140.25,ONE_POINT,100,100,RANDOM,
truncation_1,0.5,160,200,10100,764.8907253742218,40049,40101.34,ONE_POINT,100,100,RANDOM,
truncation_1,0.5,160,201,10150,768.7375841140747,40049,40077.84,ONE_POINT,100,100,RANDOM,
truncation_1,0.5,160,202,10200,772.505576133728,39930,40047.15,ONE_POINT,100,100,RANDOM,
truncation_1,0.5,160,203,10250,776.3002405166626,39898,39992.03,ONE_POINT,100,100,RANDOM,
truncation_1,0.5,160,204,10300,780.0702497959137,39832,39942.3,ONE_POINT,100,100,RANDOM,
truncation_1,0.5,160,205,10350,783.8387463092804,39829,39882.2,ONE_POINT,100,100,RANDOM,
truncation_1,0.5,160,206,10400,787.6037282943726,39679,39812.04,ONE_POINT,100,100,RANDOM,
truncation_1,0.5,160,207,10450,791.3487498760223,39661,39756.49,ONE_POINT,100,100,RANDOM,
truncation_1,0.5,160,208,10500,795.130811214447,39570,39687.98,ONE_POINT,100,100,RANDOM,
truncation_1,0.5,160,209,10550,798.9628918170929,39566,39624.72,ONE_POINT,100,100,RANDOM,
truncation_1,0.5,160,210,10600,802.77512383461,39566,39585.49,ONE_POINT,100,100,RANDOM,
truncation_1,0.5,160,211,10650,806.535514831543,39566,39568.48,ONE_POINT,100,100,RANDOM,
truncation_1,0.5,160,212,10700,810.3300483226776,39566,39566.12,ONE_POINT,100,100,RANDOM,
truncation_1,0.5,160,213,10750,814.114620923996,39488,39556.38,ONE_POINT,100,100,RANDOM,
truncation_1,0.5,160,214,10800,817.8692078590393,39488,39536.34,ONE_POINT,100,100,RANDOM,
truncation_1,0.5,160,215,10850,821.6399822235107,39417,39506.13,ONE_POINT,100,100,RANDOM,
truncation_1,0.5,160,216,10900,825.4269263744354,39409,39455.59,ONE_POINT,100,100,RANDOM,
truncation_1,0.5,160,217,10950,829.2061355113983,39385,39426.17,ONE_POINT,100,100,RANDOM,
truncation_1,0.5,160,218,11000,832.9745872020721,39385,39401.63,ONE_POINT,100,100,RANDOM,
truncation_1,0.5,160,219,11050,836.7383325099945,39385,39395.51,ONE_POINT,100,100,RANDOM,
truncation_1,0.5,160,220,11100,840.5339181423187,39370,39388.95,ONE_POINT,100,100,RANDOM,
truncation_1,0.5,160,221,11150,844.3367040157318,39322,39371.42,ONE_POINT,100,100,RANDOM,
truncation_1,0.5,160,222,11200,848.1045732498169,39263,39339.25,ONE_POINT,100,100,RANDOM,
truncation_1,0.5,160,223,11250,851.9005672931671,39257,39306.42,ONE_POINT,100,100,RANDOM,
truncation_1,0.5,160,224,11300,855.6818749904633,39236,39280.71,ONE_POINT,100,100,RANDOM,
truncation_1,0.5,160,225,11350,859.4826748371124,39236,39258.45,ONE_POINT,100,100,RANDOM,
truncation_1,0.5,160,226,11400,863.2587378025055,39236,39250.1,ONE_POINT,100,100,RANDOM,
truncation_1,0.5,160,227,11450,867.0548515319824,39235,39241.92,ONE_POINT,100,100,RANDOM,
truncation_1,0.5,160,228,11500,870.8447394371033,39201,39228.76,ONE_POINT,100,100,RANDOM,
truncation_1,0.5,160,229,11550,874.6293115615845,39186,39218.1,ONE_POINT,100,100,RANDOM,
truncation_1,0.5,160,230,11600,878.3808295726776,39116,39189.38,ONE_POINT,100,100,RANDOM,
truncation_1,0.5,160,231,11650,882.1411967277527,39078,39158.36,ONE_POINT,100,100,RANDOM,
truncation_1,0.5,160,232,11700,885.9228584766388,39055,39123.49,ONE_POINT,100,100,RANDOM,
truncation_1,0.5,160,233,11750,889.7141530513763,39039,39086.08,ONE_POINT,100,100,RANDOM,
truncation_1,0.5,160,234,11800,893.5092988014221,39039,39070.46,ONE_POINT,100,100,RANDOM,
truncation_1,0.5,160,235,11850,897.2998926639557,39033,39049.45,ONE_POINT,100,100,RANDOM,
truncation_1,0.5,160,236,11900,901.0676774978638,39032,39041.73,ONE_POINT,100,100,RANDOM,
truncation_1,0.5,160,237,11950,904.8656847476959,38977,39033.33,ONE_POINT,100,100,RANDOM,
truncation_1,0.5,160,238,12000,908.6622586250305,38885,39003.27,ONE_POINT,100,100,RANDOM,
truncation_1,0.5,160,239,12050,912.4354674816132,38885,38966.78,ONE_POINT,100,100,RANDOM,
truncation_1,0.5,160,240,12100,916.2547588348389,38879,38926.81,ONE_POINT,100,100,RANDOM,
truncation_1,0.5,160,241,12150,920.0415663719177,38871,38889.62,ONE_POINT,100,100,RANDOM,
truncation_1,0.5,160,242,12200,923.9171266555786,38829,38872.3,ONE_POINT,100,100,RANDOM,
truncation_1,0.5,160,243,12250,927.8339626789093,38823,38857.84,ONE_POINT,100,100,RANDOM,
truncation_1,0.5,160,244,12300,931.6535787582397,38820,38843.75,ONE_POINT,100,100,RANDOM,
truncation_1,0.5,160,245,12350,935.5418996810913,38790,38820.06,ONE_POINT,100,100,RANDOM,
truncation_1,0.5,160,246,12400,939.400737285614,38787,38809.26,ONE_POINT,100,100,RANDOM,
truncation_1,0.5,160,247,12450,943.2114686965942,38766,38794.41,ONE_POINT,100,100,RANDOM,
truncation_1,0.5,160,248,12500,947.0621428489685,38611,38766.68,ONE_POINT,100,100,RANDOM,
truncation_1,0.5,160,249,12550,950.8897452354431,38453,38688.16,ONE_POINT,100,100,RANDOM,
truncation_1,0.5,160,250,12600,954.7210319042206,38439,38588.31,ONE_POINT,100,100,RANDOM,
truncation_1,0.5,160,251,12650,958.6032102108002,38389,38502.2,ONE_POINT,100,100,RANDOM,
truncation_1,0.5,160,252,12700,962.472894191742,38291,38425.04,ONE_POINT,100,100,RANDOM,
truncation_1,0.5,160,253,12750,966.34010887146,38256,38367.6,ONE_POINT,100,100,RANDOM,
truncation_1,0.5,160,254,12800,970.1488833427429,38190,38313.66,ONE_POINT,100,100,RANDOM,
truncation_1,0.5,160,255,12850,974.0042388439178,38172,38258.93,ONE_POINT,100,100,RANDOM,
truncation_1,0.5,160,256,12900,977.8990371227264,38134,38214.27,ONE_POINT,100,100,RANDOM,
truncation_1,0.5,160,257,12950,981.7710206508636,38134,38178.84,ONE_POINT,100,100,RANDOM,
truncation_1,0.5,160,258,13000,985.5944504737854,38134,38149.55,ONE_POINT,100,100,RANDOM,
truncation_1,0.5,160,259,13050,989.4691159725189,38134,38135.48,ONE_POINT,100,100,RANDOM,
truncation_1,0.5,160,260,13100,993.3063852787018,38134,38134.07,ONE_POINT,100,100,RANDOM,
truncation_1,0.5,160,261,13150,997.0926194190979,38133,38133.97,ONE_POINT,100,100,RANDOM,
truncation_1,0.5,160,262,13200,1000.8971693515778,38041,38122.55,ONE_POINT,100,100,RANDOM,
truncation_1,0.5,160,263,13250,1004.7354247570038,38041,38098.81,ONE_POINT,100,100,RANDOM,
truncation_1,0.5,160,264,13300,1008.5605342388153,38038,38080.97,ONE_POINT,100,100,RANDOM,
truncation_1,0.5,160,265,13350,1012.4033553600311,38022,38052.26,ONE_POINT,100,100,RANDOM,
truncation_1,0.5,160,266,13400,1016.2457401752472,37771,38020.35,ONE_POINT,100,100,RANDOM,
truncation_1,0.5,160,267,13450,1020.0662817955017,37758,37929.96,ONE_POINT,100,100,RANDOM,
truncation_1,0.5,160,268,13500,1023.8937513828278,37732,37843.53,ONE_POINT,100,100,RANDOM,
truncation_1,0.5,160,269,13550,1027.7368988990784,37732,37769.21,ONE_POINT,100,100,RANDOM,
truncation_1,0.5,160,270,13600,1031.5464780330658,37732,37742.65,ONE_POINT,100,100,RANDOM,
truncation_1,0.5,160,271,13650,1035.3903787136078,37713,37732.61,ONE_POINT,100,100,RANDOM,
truncation_1,0.5,160,272,13700,1039.248431444168,37713,37726.46,ONE_POINT,100,100,RANDOM,
truncation_1,0.5,160,273,13750,1043.0877389907837,37712,37723.34,ONE_POINT,100,100,RANDOM,
truncation_1,0.5,160,274,13800,1046.91228890419,37708,37717.98,ONE_POINT,100,100,RANDOM,
truncation_1,0.5,160,275,13850,1050.7319395542145,37690,37710.29,ONE_POINT,100,100,RANDOM,
truncation_1,0.5,160,276,13900,1054.5912251472473,37677,37701.54,ONE_POINT,100,100,RANDOM,
truncation_1,0.5,160,277,13950,1058.4522347450256,37564,37656.25,ONE_POINT,100,100,RANDOM,
truncation_1,0.5,160,278,14000,1062.3801009654999,37564,37622.06,ONE_POINT,100,100,RANDOM,
truncation_1,0.5,160,279,14050,1066.1923458576202,37557,37587.33,ONE_POINT,100,100,RANDOM,
truncation_1,0.5,160,280,14100,1069.9818785190582,37556,37568.72,ONE_POINT,100,100,RANDOM,
truncation_1,0.5,160,281,14150,1073.7438037395477,37556,37561.61,ONE_POINT,100,100,RANDOM,
truncation_1,0.5,160,282,14200,1077.5327894687653,37556,37558.03,ONE_POINT,100,100,RANDOM,
truncation_1,0.5,160,283,14250,1081.3261029720306,37527,37556.45,ONE_POINT,100,100,RANDOM,
truncation_1,0.5,160,284,14300,1085.156403541565,37460,37540.0,ONE_POINT,100,100,RANDOM,
truncation_1,0.5,160,285,14350,1088.9481592178345,37459,37517.68,ONE_POINT,100,100,RANDOM,
truncation_1,0.5,160,286,14400,1092.7269794940948,37332,37469.83,ONE_POINT,100,100,RANDOM,
truncation_1,0.5,160,287,14450,1096.5047509670258,37332,37409.98,ONE_POINT,100,100,RANDOM,
truncation_1,0.5,160,288,14500,1100.288043498993,37327,37370.4,ONE_POINT,100,100,RANDOM,
truncation_1,0.5,160,289,14550,1104.0870172977448,37326,37335.35,ONE_POINT,100,100,RANDOM,
truncation_1,0.5,160,290,14600,1107.8596394062042,37288,37320.69,ONE_POINT,100,100,RANDOM,
truncation_1,0.5,160,291,14650,1111.7751200199127,37166,37285.18,ONE_POINT,100,100,RANDOM,
truncation_1,0.5,160,292,14700,1115.6900477409363,36979,37176.49,ONE_POINT,100,100,RANDOM,
truncation_1,0.5,160,293,14750,1119.4981718063354,36979,37076.19,ONE_POINT,100,100,RANDOM,
truncation_1,0.5,160,294,14800,1123.2774894237518,36884,36989.55,ONE_POINT,100,100,RANDOM,
truncation_1,0.5,160,295,14850,1127.0715699195862,36882,36943.1,ONE_POINT,100,100,RANDOM,
truncation_1,0.5,160,296,14900,1130.8611164093018,36833,36912.06,ONE_POINT,100,100,RANDOM,
truncation_1,0.5,160,297,14950,1134.7374107837677,36825,36873.62,ONE_POINT,100,100,RANDOM,
truncation_1,0.5,160,298,15000,1138.7321627140045,36818,36851.88,ONE_POINT,100,100,RANDOM,
truncation_1,0.5,160,299,15050,1142.5022673606873,36772,36828.6,ONE_POINT,100,100,RANDOM,
truncation_1,0.5,160,300,15100,1146.2983937263489,36772,36809.02,ONE_POINT,100,100,RANDOM,
truncation_1,0.5,160,301,15150,1150.0888645648956,36772,36794.55,ONE_POINT,100,100,RANDOM,
truncation_1,0.5,160,302,15200,1153.8420996665955,36768,36779.6,ONE_POINT,100,100,RANDOM,
truncation_1,0.5,160,303,15250,1157.6300201416016,36664,36764.86,ONE_POINT,100,100,RANDOM,
truncation_1,0.5,160,304,15300,1161.503098487854,36664,36738.38,ONE_POINT,100,100,RANDOM,
truncation_1,0.5,160,305,15350,1165.419682264328,36662,36706.04,ONE_POINT,100,100,RANDOM,
truncation_1,0.5,160,306,15400,1169.3318047523499,36605,36667.36,ONE_POINT,100,100,RANDOM,
truncation_1,0.5,160,307,15450,1173.212394475937,36569,36630.71,ONE_POINT,100,100,RANDOM,
truncation_1,0.5,160,308,15500,1177.21204829216,36569,36607.9,ONE_POINT,100,100,RANDOM,
truncation_1,0.5,160,309,15550,1181.173794746399,36569,36584.26,ONE_POINT,100,100,RANDOM,
truncation_1,0.5,160,310,15600,1185.1377232074738,36567,36574.1,ONE_POINT,100,100,RANDOM,
truncation_1,0.5,160,311,15650,1189.1478106975555,36564,36567.62,ONE_POINT,100,100,RANDOM,
truncation_1,0.5,160,312,15700,1193.0734570026398,36562,36566.23,ONE_POINT,100,100,RANDOM,
truncation_1,0.5,160,313,15750,1197.0310792922974,36490,36557.01,ONE_POINT,100,100,RANDOM,
truncation_1,0.5,160,314,15800,1200.9817037582397,36455,36528.74,ONE_POINT,100,100,RANDOM,
truncation_1,0.5,160,315,15850,1205.0190529823303,36437,36495.2,ONE_POINT,100,100,RANDOM,
truncation_1,0.5,160,316,15900,1209.0813627243042,36412,36458.16,ONE_POINT,100,100,RANDOM,
truncation_1,0.5,160,317,15950,1213.1121454238892,36410,36433.81,ONE_POINT,100,100,RANDOM,
truncation_1,0.5,160,318,16000,1217.0779030323029,36410,36423.07,ONE_POINT,100,100,RANDOM,
truncation_1,0.5,160,319,16050,1220.986717224121,36410,36414.04,ONE_POINT,100,100,RANDOM,
truncation_1,0.5,160,320,16100,1225.0265982151031,36409,36410.47,ONE_POINT,100,100,RANDOM,
truncation_1,0.5,160,321,16150,1228.9418861865997,36409,36409.67,ONE_POINT,100,100,RANDOM,
truncation_1,0.5,160,322,16200,1232.7132680416107,36409,36409.55,ONE_POINT,100,100,RANDOM,
truncation_1,0.5,160,323,16250,1236.6254527568817,36393,36408.86,ONE_POINT,100,100,RANDOM,
truncation_1,0.5,160,324,16300,1240.579662322998,36386,36404.89,ONE_POINT,100,100,RANDOM,
truncation_1,0.5,160,325,16350,1244.5201163291931,36386,36400.9,ONE_POINT,100,100,RANDOM,
truncation_1,0.5,160,326,16400,1248.5518515110016,36386,36395.87,ONE_POINT,100,100,RANDOM,
truncation_1,0.5,160,327,16450,1252.4303715229034,36386,36390.73,ONE_POINT,100,100,RANDOM,
truncation_1,0.5,160,328,16500,1256.2484772205353,36386,36386.56,ONE_POINT,100,100,RANDOM,
truncation_1,0.5,160,329,16550,1260.0378222465515,36386,36386.0,ONE_POINT,100,100,RANDOM,
truncation_1,0.5,160,330,16600,1264.0005996227264,36383,36385.55,ONE_POINT,100,100,RANDOM,
truncation_1,0.5,160,331,16650,1267.8781530857086,36380,36384.01,ONE_POINT,100,100,RANDOM,
truncation_1,0.5,160,332,16700,1271.7959501743317,36380,36382.63,ONE_POINT,100,100,RANDOM,
truncation_1,0.5,160,333,16750,1275.7184116840363,36377,36380.81,ONE_POINT,100,100,RANDOM,
truncation_1,0.5,160,334,16800,1279.520188331604,36377,36379.44,ONE_POINT,100,100,RANDOM,
truncation_1,0.5,160,335,16850,1283.340677022934,36370,36377.92,ONE_POINT,100,100,RANDOM,
truncation_1,0.5,160,336,16900,1287.1887669563293,36370,36375.1,ONE_POINT,100,100,RANDOM,
truncation_1,0.5,160,337,16950,1291.1085257530212,36361,36372.27,ONE_POINT,100,100,RANDOM,
truncation_1,0.5,160,338,17000,1295.0551671981812,36361,36368.63,ONE_POINT,100,100,RANDOM,
truncation_1,0.5,160,339,17050,1299.011502981186,36306,36361.96,ONE_POINT,100,100,RANDOM,
truncation_1,0.5,160,340,17100,1302.8768374919891,36306,36343.18,ONE_POINT,100,100,RANDOM,
truncation_1,0.5,160,341,17150,1306.9340374469757,36259,36321.46,ONE_POINT,100,100,RANDOM,
truncation_1,0.5,160,342,17200,1310.8677213191986,36259,36296.3,ONE_POINT,100,100,RANDOM,
truncation_1,0.5,160,343,17250,1314.6775827407837,36259,36279.92,ONE_POINT,100,100,RANDOM,
truncation_1,0.5,160,344,17300,1318.5808408260345,36257,36267.23,ONE_POINT,100,100,RANDOM,
truncation_1,0.5,160,345,17350,1322.5254187583923,36239,36257.0,ONE_POINT,100,100,RANDOM,
truncation_1,0.5,160,346,17400,1326.444724559784,36164,36244.23,ONE_POINT,100,100,RANDOM,
truncation_1,0.5,160,347,17450,1330.35147023201,36163,36218.63,ONE_POINT,100,100,RANDOM,
truncation_1,0.5,160,348,17500,1334.2394089698792,36130,36188.27,ONE_POINT,100,100,RANDOM,
truncation_1,0.5,160,349,17550,1338.2937724590302,36130,36153.85,ONE_POINT,100,100,RANDOM,
truncation_1,0.5,160,350,17600,1342.2582323551178,36114,36136.41,ONE_POINT,100,100,RANDOM,
truncation_1,0.5,160,351,17650,1346.2278263568878,36114,36124.31,ONE_POINT,100,100,RANDOM,
truncation_1,0.5,160,352,17700,1350.0475931167603,36114,36120.43,ONE_POINT,100,100,RANDOM,
truncation_1,0.5,160,353,17750,1353.8313632011414,36114,36117.25,ONE_POINT,100,100,RANDOM,
truncation_1,0.5,160,354,17800,1357.7015311717987,36113,36113.89,ONE_POINT,100,100,RANDOM,
truncation_1,0.5,160,355,17850,1361.6956028938293,36110,36113.39,ONE_POINT,100,100,RANDOM,
truncation_1,0.5,160,356,17900,1365.6522421836853,36099,36111.15,ONE_POINT,100,100,RANDOM,
truncation_1,0.5,160,357,17950,1369.4726932048798,35987,36082.09,ONE_POINT,100,100,RANDOM,
truncation_1,0.5,160,358,18000,1373.3211107254028,35984,36036.48,ONE_POINT,100,100,RANDOM,
truncation_1,0.5,160,359,18050,1377.240643978119,35981,36009.24,ONE_POINT,100,100,RANDOM,
truncation_1,0.5,160,360,18100,1381.0249013900757,35981,35985.82,ONE_POINT,100,100,RANDOM,
truncation_1,0.5,160,361,18150,1384.8426566123962,35981,35983.01,ONE_POINT,100,100,RANDOM,
truncation_1,0.5,160,362,18200,1388.737057209015,35981,35982.03,ONE_POINT,100,100,RANDOM,
truncation_1,0.5,160,363,18250,1392.6799404621124,35978,35980.41,ONE_POINT,100,100,RANDOM,
truncation_1,0.5,160,364,18300,1396.4402251243591,35972,35979.52,ONE_POINT,100,100,RANDOM,
truncation_1,0.5,160,365,18350,1400.3396620750427,35965,35977.16,ONE_POINT,100,100,RANDOM,
truncation_1,0.5,160,366,18400,1404.280823469162,35914,35962.54,ONE_POINT,100,100,RANDOM,
truncation_1,0.5,160,367,18450,1408.0551643371582,35913,35946.26,ONE_POINT,100,100,RANDOM,
truncation_1,0.5,160,368,18500,1411.9225842952728,35913,35929.88,ONE_POINT,100,100,RANDOM,
truncation_1,0.5,160,369,18550,1415.9116928577423,35913,35918.72,ONE_POINT,100,100,RANDOM,
truncation_1,0.5,160,370,18600,1419.6946964263916,35911,35913.26,ONE_POINT,100,100,RANDOM,
truncation_1,0.5,160,371,18650,1423.4858705997467,35890,35908.4,ONE_POINT,100,100,RANDOM,
truncation_1,0.5,160,372,18700,1427.290147304535,35889,35903.47,ONE_POINT,100,100,RANDOM,
truncation_1,0.5,160,373,18750,1431.0582101345062,35889,35896.91,ONE_POINT,100,100,RANDOM,
truncation_1,0.5,160,374,18800,1434.8312695026398,35841,35883.24,ONE_POINT,100,100,RANDOM,
truncation_1,0.5,160,375,18850,1438.6009056568146,35841,35867.62,ONE_POINT,100,100,RANDOM,
truncation_1,0.5,160,376,18900,1442.3691518306732,35819,35852.33,ONE_POINT,100,100,RANDOM,
truncation_1,0.5,160,377,18950,1446.1771829128265,35816,35831.58,ONE_POINT,100,100,RANDOM,
truncation_1,0.5,160,378,19000,1449.9864168167114,35805,35821.07,ONE_POINT,100,100,RANDOM,
truncation_1,0.5,160,379,19050,1453.7782785892487,35776,35808.97,ONE_POINT,100,100,RANDOM,
truncation_1,0.5,160,380,19100,1457.5504534244537,35774,35795.93,ONE_POINT,100,100,RANDOM,
truncation_1,0.5,160,381,19150,1461.3426823616028,35774,35784.24,ONE_POINT,100,100,RANDOM,
truncation_1,0.5,160,382,19200,1465.1240763664246,35769,35776.55,ONE_POINT,100,100,RANDOM,
truncation_1,0.5,160,383,19250,1468.9167070388794,35769,35772.92,ONE_POINT,100,100,RANDOM,
truncation_1,0.5,160,384,19300,1472.6796894073486,35769,35771.71,ONE_POINT,100,100,RANDOM,
truncation_1,0.5,160,385,19350,1476.4601788520813,35768,35770.6,ONE_POINT,100,100,RANDOM,
truncation_1,0.5,160,386,19400,1480.2367568016052,35758,35768.27,ONE_POINT,100,100,RANDOM,
truncation_1,0.5,160,387,19450,1483.9885728359222,35729,35761.04,ONE_POINT,100,100,RANDOM,
truncation_1,0.5,160,388,19500,1487.7752726078033,35729,35750.95,ONE_POINT,100,100,RANDOM,
truncation_1,0.5,160,389,19550,1491.5975425243378,35726,35741.67,ONE_POINT,100,100,RANDOM,
truncation_1,0.5,160,390,19600,1495.3919854164124,35726,35730.88,ONE_POINT,100,100,RANDOM,
truncation_1,0.5,160,391,19650,1499.1845095157623,35720,35726.93,ONE_POINT,100,100,RANDOM,
truncation_1,0.5,160,392,19700,1503.0245220661163,35720,35724.88,ONE_POINT,100,100,RANDOM,
truncation_1,0.5,160,393,19750,1506.9036009311676,35711,35721.38,ONE_POINT,100,100,RANDOM,
truncation_1,0.5,160,394,19800,1510.7493081092834,35704,35716.62,ONE_POINT,100,100,RANDOM,
truncation_1,0.5,160,395,19850,1514.5832350254059,35704,35712.4,ONE_POINT,100,100,RANDOM,
truncation_1,0.5,160,396,19900,1518.4749414920807,35704,35709.18,ONE_POINT,100,100,RANDOM,
truncation_1,0.5,160,397,19950,1522.407267332077,35669,35705.57,ONE_POINT,100,100,RANDOM,
truncation_1,0.5,160,398,20000,1526.2676920890808,35591,35683.32,ONE_POINT,100,100,RANDOM,
truncation_1,0.5,160,399,20050,1530.1082127094269,35589,35649.59,ONE_POINT,100,100,RANDOM,
truncation_1,0.5,160,400,20100,1533.934186220169,35589,35622.64,ONE_POINT,100,100,RANDOM,
truncation_1,0.5,160,401,20150,1537.77299451828,35575,35596.77,ONE_POINT,100,100,RANDOM,
truncation_1,0.5,160,402,20200,1541.5827033519745,35562,35583.41,ONE_POINT,100,100,RANDOM,
truncation_1,0.5,160,403,20250,1545.3769388198853,35562,35576.56,ONE_POINT,100,100,RANDOM,
truncation_1,0.5,160,404,20300,1549.1723794937134,35562,35570.02,ONE_POINT,100,100,RANDOM,
truncation_1,0.5,160,405,20350,1553.209506034851,35498,35556.19,ONE_POINT,100,100,RANDOM,
truncation_1,0.5,160,406,20400,1557.0123012065887,35486,35536.25,ONE_POINT,100,100,RANDOM,
truncation_1,0.5,160,407,20450,1560.787398815155,35465,35513.94,ONE_POINT,100,100,RANDOM,
truncation_1,0.5,160,408,20500,1564.571367740631,35465,35490.62,ONE_POINT,100,100,RANDOM,
truncation_1,0.5,160,409,20550,1568.3679563999176,35459,35475.16,ONE_POINT,100,100,RANDOM,
truncation_1,0.5,160,410,20600,1572.1698143482208,35453,35465.63,ONE_POINT,100,100,RANDOM,
truncation_1,0.5,160,411,20650,1576.1410534381866,35453,35459.3,ONE_POINT,100,100,RANDOM,
truncation_1,0.5,160,412,20700,1580.0133006572723,35412,35448.43,ONE_POINT,100,100,RANDOM,
truncation_1,0.5,160,413,20750,1583.796890258789,35321,35425.87,ONE_POINT,100,100,RANDOM,
truncation_1,0.5,160,414,20800,1587.5700948238373,35321,35395.7,ONE_POINT,100,100,RANDOM,
truncation_1,0.5,160,415,20850,1591.3586792945862,35310,35357.44,ONE_POINT,100,100,RANDOM,
truncation_1,0.5,160,416,20900,1595.1403014659882,35308,35337.45,ONE_POINT,100,100,RANDOM,
truncation_1,0.5,160,417,20950,1598.9345502853394,35303,35317.09,ONE_POINT,100,100,RANDOM,
truncation_1,0.5,160,418,21000,1602.7322919368744,35296,35310.66,ONE_POINT,100,100,RANDOM,
truncation_1,0.5,160,419,21050,1606.5078253746033,35291,35303.62,ONE_POINT,100,100,RANDOM,
truncation_1,0.5,160,420,21100,1610.3082718849182,35291,35299.4,ONE_POINT,100,100,RANDOM,
truncation_1,0.5,160,421,21150,1614.0852258205414,35291,35295.26,ONE_POINT,100,100,RANDOM,
truncation_1,0.5,160,422,21200,1617.8652243614197,35291,35292.55,ONE_POINT,100,100,RANDOM,
truncation_1,0.5,160,423,21250,1621.6507675647736,35291,35291.15,ONE_POINT,100,100,RANDOM,
truncation_1,0.5,160,424,21300,1625.4551918506622,35231,35280.3,ONE_POINT,100,100,RANDOM,
truncation_1,0.5,160,425,21350,1629.2258133888245,35231,35265.22,ONE_POINT,100,100,RANDOM,
truncation_1,0.5,160,426,21400,1633.0123805999756,35208,35248.88,ONE_POINT,100,100,RANDOM,
truncation_1,0.5,160,427,21450,1636.7935094833374,35204,35227.5,ONE_POINT,100,100,RANDOM,
truncation_1,0.5,160,428,21500,1640.5838639736176,35175,35217.18,ONE_POINT,100,100,RANDOM,
truncation_1,0.5,160,429,21550,1644.3642961978912,35170,35201.12,ONE_POINT,100,100,RANDOM,
truncation_1,0.5,160,430,21600,1648.1417484283447,35170,35188.88,ONE_POINT,100,100,RANDOM,
truncation_1,0.5,160,431,21650,1651.9293818473816,35170,35182.33,ONE_POINT,100,100,RANDOM,
truncation_1,0.5,160,432,21700,1655.7074961662292,35170,35174.14,ONE_POINT,100,100,RANDOM,
truncation_1,0.5,160,433,21750,1659.5158233642578,35165,35169.24,ONE_POINT,100,100,RANDOM,
truncation_1,0.5,160,434,21800,1663.3180310726166,35165,35167.9,ONE_POINT,100,100,RANDOM,
truncation_1,0.5,160,435,21850,1667.1101343631744,35165,35167.05,ONE_POINT,100,100,RANDOM,
truncation_1,0.5,160,436,21900,1670.9038219451904,35165,35165.96,ONE_POINT,100,100,RANDOM,
truncation_1,0.5,160,437,21950,1674.6866357326508,35165,35165.0,ONE_POINT,100,100,RANDOM,
truncation_1,0.5,160,438,22000,1678.4716138839722,35165,35165.0,ONE_POINT,100,100,RANDOM,
truncation_1,0.5,160,439,22050,1682.2608919143677,35124,35162.18,ONE_POINT,100,100,RANDOM,
truncation_1,0.5,160,440,22100,1686.0474736690521,35124,35150.9,ONE_POINT,100,100,RANDOM,
truncation_1,0.5,160,441,22150,1689.8306584358215,35124,35144.2,ONE_POINT,100,100,RANDOM,
truncation_1,0.5,160,442,22200,1693.6151659488678,35124,35132.18,ONE_POINT,100,100,RANDOM,
truncation_1,0.5,160,443,22250,1697.3993701934814,35124,35124.03,ONE_POINT,100,100,RANDOM,
truncation_1,0.5,160,444,22300,1701.238699913025,35124,35124.0,ONE_POINT,100,100,RANDOM,
truncation_1,0.5,160,445,22350,1705.0310797691345,35124,35124.0,ONE_POINT,100,100,RANDOM,
truncation_1,0.5,160,446,22400,1708.8142366409302,35106,35122.26,ONE_POINT,100,100,RANDOM,
truncation_1,0.5,160,447,22450,1712.5925335884094,35106,35117.52,ONE_POINT,100,100,RANDOM,
truncation_1,0.5,160,448,22500,1716.4145302772522,35106,35113.74,ONE_POINT,100,100,RANDOM,
truncation_1,0.5,160,449,22550,1720.2095856666565,35106,35109.6,ONE_POINT,100,100,RANDOM,
truncation_1,0.5,160,450,22600,1723.9719331264496,35105,35105.79,ONE_POINT,100,100,RANDOM,
truncation_1,0.5,160,451,22650,1727.7877361774445,35105,35105.6,ONE_POINT,100,100,RANDOM,
truncation_1,0.5,160,452,22700,1731.587301492691,35105,35105.41,ONE_POINT,100,100,RANDOM,
truncation_1,0.5,160,453,22750,1735.3751928806305,35098,35104.1,ONE_POINT,100,100,RANDOM,
truncation_1,0.5,160,454,22800,1739.169746875763,35098,35102.29,ONE_POINT,100,100,RANDOM,
truncation_1,0.5,160,455,22850,1742.9566578865051,35096,35100.99,ONE_POINT,100,100,RANDOM,
truncation_1,0.5,160,456,22900,1746.758910894394,35096,35098.58,ONE_POINT,100,100,RANDOM,
truncation_1,0.5,160,457,22950,1750.5130031108856,35096,35096.96,ONE_POINT,100,100,RANDOM,
truncation_1,0.5,160,458,23000,1754.2948024272919,35082,35094.7,ONE_POINT,100,100,RANDOM,
truncation_1,0.5,160,459,23050,1758.088532447815,35081,35090.77,ONE_POINT,100,100,RANDOM,
truncation_1,0.5,160,460,23100,1761.885238647461,35080,35087.16,ONE_POINT,100,100,RANDOM,
truncation_1,0.5,160,461,23150,1765.6534984111786,35079,35083.54,ONE_POINT,100,100,RANDOM,
truncation_1,0.5,160,462,23200,1769.4500708580017,35079,35080.31,ONE_POINT,100,100,RANDOM,
truncation_1,0.5,160,463,23250,1773.2236053943634,35079,35079.77,ONE_POINT,100,100,RANDOM,
truncation_1,0.5,160,464,23300,1777.042610168457,35078,35079.35,ONE_POINT,100,100,RANDOM,
truncation_1,0.5,160,465,23350,1780.8478918075562,35078,35078.89,ONE_POINT,100,100,RANDOM,
truncation_1,0.5,160,466,23400,1784.6191537380219,35078,35078.44,ONE_POINT,100,100,RANDOM,
truncation_1,0.5,160,467,23450,1788.3816239833832,35078,35078.19,ONE_POINT,100,100,RANDOM,
truncation_1,0.5,160,468,23500,1792.1600279808044,35065,35076.85,ONE_POINT,100,100,RANDOM,
truncation_1,0.5,160,469,23550,1795.9121248722076,35054,35072.38,ONE_POINT,100,100,RANDOM,
truncation_1,0.5,160,470,23600,1799.6917088031769,35054,35067.47,ONE_POINT,100,100,RANDOM,
truncation_1,0.5,160,471,23650,1803.4619121551514,35022,35061.08,ONE_POINT,100,100,RANDOM,
truncation_1,0.5,160,472,23700,1807.2336585521698,35022,35049.14,ONE_POINT,100,100,RANDOM,
truncation_1,0.5,160,473,23750,1811.0108921527863,35007,35037.28,ONE_POINT,100,100,RANDOM,
truncation_1,0.5,160,474,23800,1814.7802741527557,35007,35025.88,ONE_POINT,100,100,RANDOM,
truncation_1,0.5,160,475,23850,1818.564381122589,34930,35003.82,ONE_POINT,100,100,RANDOM,
truncation_1,0.5,160,476,23900,1822.3291854858398,34928,34985.56,ONE_POINT,100,100,RANDOM,
truncation_1,0.5,160,477,23950,1826.1442024707794,34928,34960.5,ONE_POINT,100,100,RANDOM,
truncation_1,0.5,160,478,24000,1830.01025557518,34928,34940.57,ONE_POINT,100,100,RANDOM,
truncation_1,0.5,160,479,24050,1833.9310040473938,34928,34929.11,ONE_POINT,100,100,RANDOM,
truncation_1,0.5,160,480,24100,1837.7343046665192,34928,34928.0,ONE_POINT,100,100,RANDOM,
truncation_1,0.5,160,481,24150,1841.5678687095642,34906,34925.09,ONE_POINT,100,100,RANDOM,
truncation_1,0.5,160,482,24200,1845.402986049652,34906,34920.26,ONE_POINT,100,100,RANDOM,
truncation_1,0.5,160,483,24250,1849.2611184120178,34864,34914.11,ONE_POINT,100,100,RANDOM,
truncation_1,0.5,160,484,24300,1853.0999941825867,34864,34898.11,ONE_POINT,100,100,RANDOM,
truncation_1,0.5,160,485,24350,1856.9580178260803,34864,34881.87,ONE_POINT,100,100,RANDOM,
truncation_1,0.5,160,486,24400,1860.7922546863556,34863,34873.19,ONE_POINT,100,100,RANDOM,
truncation_1,0.5,160,487,24450,1864.615451335907,34863,34864.67,ONE_POINT,100,100,RANDOM,
truncation_1,0.5,160,488,24500,1868.4723863601685,34862,34863.36,ONE_POINT,100,100,RANDOM,
truncation_1,0.5,160,489,24550,1872.2946591377258,34862,34862.75,ONE_POINT,100,100,RANDOM,
truncation_1,0.5,160,490,24600,1876.1279904842377,34838,34859.16,ONE_POINT,100,100,RANDOM,
truncation_1,0.5,160,491,24650,1879.9705862998962,34733,34827.38,ONE_POINT,100,100,RANDOM,
truncation_1,0.5,160,492,24700,1883.8412199020386,34721,34795.11,ONE_POINT,100,100,RANDOM,
truncation_1,0.5,160,493,24750,1887.6815693378448,34716,34763.31,ONE_POINT,100,100,RANDOM,
truncation_1,0.5,160,494,24800,1891.486034154892,34716,34729.17,ONE_POINT,100,100,RANDOM,
truncation_1,0.5,160,495,24850,1895.3188922405243,34716,34722.08,ONE_POINT,100,100,RANDOM,
truncation_1,0.5,160,496,24900,1899.304594039917,34716,34717.26,ONE_POINT,100,100,RANDOM,
truncation_1,0.5,160,497,24950,1903.1175780296326,34716,34716.0,ONE_POINT,100,100,RANDOM,
truncation_1,0.5,160,498,25000,1906.9849436283112,34716,34716.0,ONE_POINT,100,100,RANDOM,
truncation_1,0.5,160,499,25050,1910.8432698249817,34714,34715.7,ONE_POINT,100,100,RANDOM,
truncation_1,0.5,160,500,25100,1914.6729514598846,34714,34715.22,ONE_POINT,100,100,RANDOM,
truncation_1,0.5,180,1,150,3.80475115776062,133019,141163.98,ONE_POINT,100,100,RANDOM,
truncation_1,0.5,180,2,200,7.646285533905029,131848,133884.06,ONE_POINT,100,100,RANDOM,
truncation_1,0.5,180,3,250,11.527100324630737,129045,131418.96,ONE_POINT,100,100,RANDOM,
truncation_1,0.5,180,4,300,15.371224403381348,123547,128442.74,ONE_POINT,100,100,RANDOM,
truncation_1,0.5,180,5,350,19.209911346435547,121151,124597.7,ONE_POINT,100,100,RANDOM,
truncation_1,0.5,180,6,400,23.02686882019043,119235,121570.06,ONE_POINT,100,100,RANDOM,
truncation_1,0.5,180,7,450,26.820205688476562,114867,118881.91,ONE_POINT,100,100,RANDOM,
truncation_1,0.5,180,8,500,30.588764190673828,113009,115687.38,ONE_POINT,100,100,RANDOM,
truncation_1,0.5,180,9,550,34.33689475059509,111236,113342.03,ONE_POINT,100,100,RANDOM,
truncation_1,0.5,180,10,600,38.11042833328247,109097,111442.23,ONE_POINT,100,100,RANDOM,
truncation_1,0.5,180,11,650,41.91901516914368,107466,109510.35,ONE_POINT,100,100,RANDOM,
truncation_1,0.5,180,12,700,45.70940136909485,105993,107802.3,ONE_POINT,100,100,RANDOM,
truncation_1,0.5,180,13,750,49.4739351272583,105499,106613.73,ONE_POINT,100,100,RANDOM,
truncation_1,0.5,180,14,800,53.273756980895996,103350,105337.62,ONE_POINT,100,100,RANDOM,
truncation_1,0.5,180,15,850,57.052403688430786,101017,103802.07,ONE_POINT,100,100,RANDOM,
truncation_1,0.5,180,16,900,60.82143545150757,100645,102019.85,ONE_POINT,100,100,RANDOM,
truncation_1,0.5,180,17,950,64.58935403823853,99431,100570.9,ONE_POINT,100,100,RANDOM,
truncation_1,0.5,180,18,1000,68.35559368133545,97230,99530.53,ONE_POINT,100,100,RANDOM,
truncation_1,0.5,180,19,1050,72.14941573143005,96892,98334.67,ONE_POINT,100,100,RANDOM,
truncation_1,0.5,180,20,1100,75.92976927757263,95820,97200.7,ONE_POINT,100,100,RANDOM,
truncation_1,0.5,180,21,1150,79.67710041999817,94725,96150.45,ONE_POINT,100,100,RANDOM,
truncation_1,0.5,180,22,1200,83.47213912010193,94196,95135.52,ONE_POINT,100,100,RANDOM,
truncation_1,0.5,180,23,1250,87.29408550262451,93539,94371.69,ONE_POINT,100,100,RANDOM,
truncation_1,0.5,180,24,1300,91.08367657661438,93126,93774.33,ONE_POINT,100,100,RANDOM,
truncation_1,0.5,180,25,1350,94.92200684547424,91441,93088.94,ONE_POINT,100,100,RANDOM,
truncation_1,0.5,180,26,1400,98.76145792007446,90873,92215.53,ONE_POINT,100,100,RANDOM,
truncation_1,0.5,180,27,1450,102.6606879234314,90500,91155.78,ONE_POINT,100,100,RANDOM,
truncation_1,0.5,180,28,1500,106.58342456817627,89568,90412.91,ONE_POINT,100,100,RANDOM,
truncation_1,0.5,180,29,1550,110.41053485870361,88619,89692.47,ONE_POINT,100,100,RANDOM,
truncation_1,0.5,180,30,1600,114.24573731422424,87984,89004.16,ONE_POINT,100,100,RANDOM,
truncation_1,0.5,180,31,1650,118.07431507110596,87164,88295.27,ONE_POINT,100,100,RANDOM,
truncation_1,0.5,180,32,1700,121.92410778999329,85915,87371.17,ONE_POINT,100,100,RANDOM,
truncation_1,0.5,180,33,1750,125.79437947273254,84805,86269.54,ONE_POINT,100,100,RANDOM,
truncation_1,0.5,180,34,1800,129.6262652873993,84257,85175.37,ONE_POINT,100,100,RANDOM,
truncation_1,0.5,180,35,1850,133.4219434261322,83779,84451.8,ONE_POINT,100,100,RANDOM,
truncation_1,0.5,180,36,1900,137.19722175598145,82225,83793.64,ONE_POINT,100,100,RANDOM,
truncation_1,0.5,180,37,1950,140.95877242088318,81295,82818.0,ONE_POINT,100,100,RANDOM,
truncation_1,0.5,180,38,2000,144.7685205936432,80810,81747.88,ONE_POINT,100,100,RANDOM,
truncation_1,0.5,180,39,2050,148.53810930252075,80139,81094.18,ONE_POINT,100,100,RANDOM,
truncation_1,0.5,180,40,2100,152.2911787033081,79641,80479.3,ONE_POINT,100,100,RANDOM,
truncation_1,0.5,180,41,2150,156.0508997440338,78692,79757.6,ONE_POINT,100,100,RANDOM,
truncation_1,0.5,180,42,2200,159.8402509689331,78496,79085.38,ONE_POINT,100,100,RANDOM,
truncation_1,0.5,180,43,2250,163.64706444740295,77969,78502.04,ONE_POINT,100,100,RANDOM,
truncation_1,0.5,180,44,2300,167.44213843345642,76285,77838.74,ONE_POINT,100,100,RANDOM,
truncation_1,0.5,180,45,2350,171.22070789337158,76168,76855.98,ONE_POINT,100,100,RANDOM,
truncation_1,0.5,180,46,2400,175.00250434875488,75138,76087.79,ONE_POINT,100,100,RANDOM,
truncation_1,0.5,180,47,2450,178.7722508907318,73460,75091.25,ONE_POINT,100,100,RANDOM,
truncation_1,0.5,180,48,2500,182.55142855644226,72898,74010.02,ONE_POINT,100,100,RANDOM,
truncation_1,0.5,180,49,2550,186.33003878593445,72315,73203.08,ONE_POINT,100,100,RANDOM,
truncation_1,0.5,180,50,2600,190.11054944992065,71740,72554.67,ONE_POINT,100,100,RANDOM,
truncation_1,0.5,180,51,2650,193.9090175628662,71309,71910.58,ONE_POINT,100,100,RANDOM,
truncation_1,0.5,180,52,2700,197.69203329086304,70724,71423.93,ONE_POINT,100,100,RANDOM,
truncation_1,0.5,180,53,2750,201.4427559375763,69457,70711.85,ONE_POINT,100,100,RANDOM,
truncation_1,0.5,180,54,2800,205.20888876914978,69238,69943.52,ONE_POINT,100,100,RANDOM,
truncation_1,0.5,180,55,2850,208.97009205818176,68992,69414.23,ONE_POINT,100,100,RANDOM,
truncation_1,0.5,180,56,2900,212.82771062850952,68178,69059.84,ONE_POINT,100,100,RANDOM,
truncation_1,0.5,180,57,2950,216.61727476119995,67463,68504.03,ONE_POINT,100,100,RANDOM,
truncation_1,0.5,180,58,3000,220.43536496162415,66026,67389.68,ONE_POINT,100,100,RANDOM,
truncation_1,0.5,180,59,3050,224.28085923194885,65765,66501.16,ONE_POINT,100,100,RANDOM,
truncation_1,0.5,180,60,3100,228.11735463142395,65414,65954.64,ONE_POINT,100,100,RANDOM,
truncation_1,0.5,180,61,3150,231.9468023777008,65162,65594.32,ONE_POINT,100,100,RANDOM,
truncation_1,0.5,180,62,3200,235.8163824081421,64764,65259.66,ONE_POINT,100,100,RANDOM,
truncation_1,0.5,180,63,3250,239.658056974411,64107,64906.99,ONE_POINT,100,100,RANDOM,
truncation_1,0.5,180,64,3300,243.51066708564758,63586,64373.51,ONE_POINT,100,100,RANDOM,
truncation_1,0.5,180,65,3350,247.32942080497742,63382,63883.67,ONE_POINT,100,100,RANDOM,
truncation_1,0.5,180,66,3400,251.1881296634674,63342,63561.17,ONE_POINT,100,100,RANDOM,
truncation_1,0.5,180,67,3450,255.0388207435608,63244,63390.32,ONE_POINT,100,100,RANDOM,
truncation_1,0.5,180,68,3500,258.86436557769775,62815,63217.47,ONE_POINT,100,100,RANDOM,
truncation_1,0.5,180,69,3550,262.7207179069519,62766,63024.53,ONE_POINT,100,100,RANDOM,
truncation_1,0.5,180,70,3600,266.5607759952545,62501,62798.21,ONE_POINT,100,100,RANDOM,
truncation_1,0.5,180,71,3650,270.38103342056274,61921,62540.13,ONE_POINT,100,100,RANDOM,
truncation_1,0.5,180,72,3700,274.17683696746826,61378,62068.56,ONE_POINT,100,100,RANDOM,
truncation_1,0.5,180,73,3750,278.00399017333984,61208,61616.24,ONE_POINT,100,100,RANDOM,
truncation_1,0.5,180,74,3800,281.83240938186646,60996,61291.91,ONE_POINT,100,100,RANDOM,
truncation_1,0.5,180,75,3850,285.6655240058899,60788,61019.49,ONE_POINT,100,100,RANDOM,
truncation_1,0.5,180,76,3900,289.49415373802185,60438,60829.47,ONE_POINT,100,100,RANDOM,
truncation_1,0.5,180,77,3950,293.33367824554443,59492,60427.82,ONE_POINT,100,100,RANDOM,
truncation_1,0.5,180,78,4000,297.171413898468,58857,59808.92,ONE_POINT,100,100,RANDOM,
truncation_1,0.5,180,79,4050,300.9687669277191,58541,59104.44,ONE_POINT,100,100,RANDOM,
truncation_1,0.5,180,80,4100,304.7806394100189,58251,58657.49,ONE_POINT,100,100,RANDOM,
truncation_1,0.5,180,81,4150,308.6029050350189,58102,58409.75,ONE_POINT,100,100,RANDOM,
truncation_1,0.5,180,82,4200,312.4258818626404,58098,58246.79,ONE_POINT,100,100,RANDOM,
truncation_1,0.5,180,83,4250,316.27030992507935,57993,58141.48,ONE_POINT,100,100,RANDOM,
truncation_1,0.5,180,84,4300,320.1082899570465,56893,57972.64,ONE_POINT,100,100,RANDOM,
truncation_1,0.5,180,85,4350,323.98117446899414,56813,57515.93,ONE_POINT,100,100,RANDOM,
truncation_1,0.5,180,86,4400,327.80075883865356,56775,57021.94,ONE_POINT,100,100,RANDOM,
truncation_1,0.5,180,87,4450,331.6945786476135,56708,56804.62,ONE_POINT,100,100,RANDOM,
truncation_1,0.5,180,88,4500,335.5549883842468,56545,56724.48,ONE_POINT,100,100,RANDOM,
truncation_1,0.5,180,89,4550,339.3893873691559,56529,56659.03,ONE_POINT,100,100,RANDOM,
truncation_1,0.5,180,90,4600,343.2076771259308,56529,56583.85,ONE_POINT,100,100,RANDOM,
truncation_1,0.5,180,91,4650,347.0218584537506,56346,56513.51,ONE_POINT,100,100,RANDOM,
truncation_1,0.5,180,92,4700,350.87503361701965,56289,56431.49,ONE_POINT,100,100,RANDOM,
truncation_1,0.5,180,93,4750,354.71021795272827,56061,56347.09,ONE_POINT,100,100,RANDOM,
truncation_1,0.5,180,94,4800,358.53665590286255,56046,56195.92,ONE_POINT,100,100,RANDOM,
truncation_1,0.5,180,95,4850,362.40020179748535,55925,56086.29,ONE_POINT,100,100,RANDOM,
truncation_1,0.5,180,96,4900,366.24412178993225,55522,55952.01,ONE_POINT,100,100,RANDOM,
truncation_1,0.5,180,97,4950,370.09270310401917,55019,55686.72,ONE_POINT,100,100,RANDOM,
truncation_1,0.5,180,98,5000,373.9204409122467,54822,55299.4,ONE_POINT,100,100,RANDOM,
truncation_1,0.5,180,99,5050,377.7176125049591,54616,54922.53,ONE_POINT,100,100,RANDOM,
truncation_1,0.5,180,100,5100,381.52899837493896,54209,54616.09,ONE_POINT,100,100,RANDOM,
truncation_1,0.5,180,101,5150,385.3975613117218,53674,54215.36,ONE_POINT,100,100,RANDOM,
truncation_1,0.5,180,102,5200,389.24392914772034,53643,53909.8,ONE_POINT,100,100,RANDOM,
truncation_1,0.5,180,103,5250,393.07355880737305,53374,53649.19,ONE_POINT,100,100,RANDOM,
truncation_1,0.5,180,104,5300,396.8531217575073,53249,53520.93,ONE_POINT,100,100,RANDOM,
truncation_1,0.5,180,105,5350,400.65508365631104,52956,53357.73,ONE_POINT,100,100,RANDOM,
truncation_1,0.5,180,106,5400,404.40976881980896,52700,53137.47,ONE_POINT,100,100,RANDOM,
truncation_1,0.5,180,107,5450,408.20165824890137,52221,52849.37,ONE_POINT,100,100,RANDOM,
truncation_1,0.5,180,108,5500,411.94725131988525,51753,52507.82,ONE_POINT,100,100,RANDOM,
truncation_1,0.5,180,109,5550,415.7177662849426,51685,52109.25,ONE_POINT,100,100,RANDOM,
truncation_1,0.5,180,110,5600,419.4854984283447,50839,51567.63,ONE_POINT,100,100,RANDOM,
truncation_1,0.5,180,111,5650,423.27570033073425,50646,51163.59,ONE_POINT,100,100,RANDOM,
truncation_1,0.5,180,112,5700,427.0494201183319,50555,50811.41,ONE_POINT,100,100,RANDOM,
truncation_1,0.5,180,113,5750,430.853227853775,50085,50561.22,ONE_POINT,100,100,RANDOM,
truncation_1,0.5,180,114,5800,434.62751054763794,50083,50374.71,ONE_POINT,100,100,RANDOM,
truncation_1,0.5,180,115,5850,438.4002285003662,50007,50202.77,ONE_POINT,100,100,RANDOM,
truncation_1,0.5,180,116,5900,442.13994550704956,49954,50051.26,ONE_POINT,100,100,RANDOM,
truncation_1,0.5,180,117,5950,445.93673515319824,49833,49969.29,ONE_POINT,100,100,RANDOM,
truncation_1,0.5,180,118,6000,449.70072960853577,49474,49826.61,ONE_POINT,100,100,RANDOM,
truncation_1,0.5,180,119,6050,453.4795079231262,49438,49686.02,ONE_POINT,100,100,RANDOM,
truncation_1,0.5,180,120,6100,457.2446234226227,49369,49525.27,ONE_POINT,100,100,RANDOM,
truncation_1,0.5,180,121,6150,461.0439500808716,49251,49411.71,ONE_POINT,100,100,RANDOM,
truncation_1,0.5,180,122,6200,464.87336134910583,49126,49318.98,ONE_POINT,100,100,RANDOM,
truncation_1,0.5,180,123,6250,468.65806579589844,48907,49204.91,ONE_POINT,100,100,RANDOM,
truncation_1,0.5,180,124,6300,472.42496728897095,48709,49028.91,ONE_POINT,100,100,RANDOM,
truncation_1,0.5,180,125,6350,476.23081159591675,48524,48820.03,ONE_POINT,100,100,RANDOM,
truncation_1,0.5,180,126,6400,480.03873229026794,48412,48643.94,ONE_POINT,100,100,RANDOM,
truncation_1,0.5,180,127,6450,483.8335416316986,48398,48534.34,ONE_POINT,100,100,RANDOM,
truncation_1,0.5,180,128,6500,487.66186928749084,48025,48399.88,ONE_POINT,100,100,RANDOM,
truncation_1,0.5,180,129,6550,491.52885603904724,47618,48147.09,ONE_POINT,100,100,RANDOM,
truncation_1,0.5,180,130,6600,495.33808875083923,47570,47855.97,ONE_POINT,100,100,RANDOM,
truncation_1,0.5,180,131,6650,499.19847869873047,47461,47635.62,ONE_POINT,100,100,RANDOM,
truncation_1,0.5,180,132,6700,503.01686000823975,47385,47525.73,ONE_POINT,100,100,RANDOM,
truncation_1,0.5,180,133,6750,506.8633885383606,47036,47415.07,ONE_POINT,100,100,RANDOM,
truncation_1,0.5,180,134,6800,510.70795464515686,46994,47264.44,ONE_POINT,100,100,RANDOM,
truncation_1,0.5,180,135,6850,514.5129551887512,46881,47095.12,ONE_POINT,100,100,RANDOM,
truncation_1,0.5,180,136,6900,518.351019859314,46859,46977.37,ONE_POINT,100,100,RANDOM,
truncation_1,0.5,180,137,6950,522.2047929763794,46855,46923.95,ONE_POINT,100,100,RANDOM,
truncation_1,0.5,180,138,7000,526.0426700115204,46784,46873.64,ONE_POINT,100,100,RANDOM,
truncation_1,0.5,180,139,7050,529.8642053604126,46475,46790.51,ONE_POINT,100,100,RANDOM,
truncation_1,0.5,180,140,7100,533.6976099014282,46284,46648.74,ONE_POINT,100,100,RANDOM,
truncation_1,0.5,180,141,7150,537.5414497852325,45542,46286.96,ONE_POINT,100,100,RANDOM,
truncation_1,0.5,180,142,7200,541.3827691078186,45410,45870.42,ONE_POINT,100,100,RANDOM,
truncation_1,0.5,180,143,7250,545.2687528133392,45181,45502.82,ONE_POINT,100,100,RANDOM,
truncation_1,0.5,180,144,7300,549.084644317627,45020,45289.17,ONE_POINT,100,100,RANDOM,
truncation_1,0.5,180,145,7350,552.927209854126,44835,45075.29,ONE_POINT,100,100,RANDOM,
truncation_1,0.5,180,146,7400,556.78453540802,44635,44891.32,ONE_POINT,100,100,RANDOM,
truncation_1,0.5,180,147,7450,560.6220028400421,44195,44669.95,ONE_POINT,100,100,RANDOM,
truncation_1,0.5,180,148,7500,564.7378046512604,44112,44432.62,ONE_POINT,100,100,RANDOM,
truncation_1,0.5,180,149,7550,568.6443502902985,43987,44234.52,ONE_POINT,100,100,RANDOM,
truncation_1,0.5,180,150,7600,572.4641880989075,43942,44086.85,ONE_POINT,100,100,RANDOM,
truncation_1,0.5,180,151,7650,576.30726146698,43541,43974.58,ONE_POINT,100,100,RANDOM,
truncation_1,0.5,180,152,7700,580.1618971824646,43483,43756.87,ONE_POINT,100,100,RANDOM,
truncation_1,0.5,180,153,7750,584.0004889965057,43417,43592.6,ONE_POINT,100,100,RANDOM,
truncation_1,0.5,180,154,7800,587.808717250824,43273,43426.55,ONE_POINT,100,100,RANDOM,
truncation_1,0.5,180,155,7850,591.647869348526,43266,43355.39,ONE_POINT,100,100,RANDOM,
truncation_1,0.5,180,156,7900,595.489296913147,43043,43243.79,ONE_POINT,100,100,RANDOM,
truncation_1,0.5,180,157,7950,599.3174839019775,43007,43153.13,ONE_POINT,100,100,RANDOM,
truncation_1,0.5,180,158,8000,603.1066539287567,42893,43036.43,ONE_POINT,100,100,RANDOM,
truncation_1,0.5,180,159,8050,606.9276254177094,42851,42959.8,ONE_POINT,100,100,RANDOM,
truncation_1,0.5,180,160,8100,610.726019859314,42843,42903.41,ONE_POINT,100,100,RANDOM,
truncation_1,0.5,180,161,8150,614.5399069786072,42812,42864.79,ONE_POINT,100,100,RANDOM,
truncation_1,0.5,180,162,8200,618.4007611274719,42736,42824.91,ONE_POINT,100,100,RANDOM,
truncation_1,0.5,180,163,8250,622.2353026866913,42669,42778.59,ONE_POINT,100,100,RANDOM,
truncation_1,0.5,180,164,8300,626.0759117603302,42495,42725.68,ONE_POINT,100,100,RANDOM,
truncation_1,0.5,180,165,8350,629.866054058075,42471,42623.14,ONE_POINT,100,100,RANDOM,
truncation_1,0.5,180,166,8400,633.654129743576,42470,42538.76,ONE_POINT,100,100,RANDOM,
truncation_1,0.5,180,167,8450,637.4780650138855,42436,42482.65,ONE_POINT,100,100,RANDOM,
truncation_1,0.5,180,168,8500,641.2703714370728,42411,42451.2,ONE_POINT,100,100,RANDOM,
truncation_1,0.5,180,169,8550,645.1002576351166,42175,42369.18,ONE_POINT,100,100,RANDOM,
truncation_1,0.5,180,170,8600,648.9197940826416,42142,42294.7,ONE_POINT,100,100,RANDOM,
truncation_1,0.5,180,171,8650,652.7346312999725,42040,42192.74,ONE_POINT,100,100,RANDOM,
truncation_1,0.5,180,172,8700,656.5571775436401,42040,42123.14,ONE_POINT,100,100,RANDOM,
truncation_1,0.5,180,173,8750,660.3945620059967,42038,42082.37,ONE_POINT,100,100,RANDOM,
truncation_1,0.5,180,174,8800,664.1621239185333,41865,42044.52,ONE_POINT,100,100,RANDOM,
truncation_1,0.5,180,175,8850,667.9389336109161,41637,41930.69,ONE_POINT,100,100,RANDOM,
truncation_1,0.5,180,176,8900,671.7305216789246,41574,41789.39,ONE_POINT,100,100,RANDOM,
truncation_1,0.5,180,177,8950,675.4931929111481,41529,41670.64,ONE_POINT,100,100,RANDOM,
truncation_1,0.5,180,178,9000,679.2651069164276,41429,41562.34,ONE_POINT,100,100,RANDOM,
truncation_1,0.5,180,179,9050,683.0368857383728,41429,41496.19,ONE_POINT,100,100,RANDOM,
truncation_1,0.5,180,180,9100,686.8247222900391,41293,41434.78,ONE_POINT,100,100,RANDOM,
truncation_1,0.5,180,181,9150,690.6600766181946,41262,41359.36,ONE_POINT,100,100,RANDOM,
truncation_1,0.5,180,182,9200,694.4710032939911,41146,41290.68,ONE_POINT,100,100,RANDOM,
truncation_1,0.5,180,183,9250,698.2509438991547,41126,41214.19,ONE_POINT,100,100,RANDOM,
truncation_1,0.5,180,184,9300,702.0861895084381,40953,41156.18,ONE_POINT,100,100,RANDOM,
truncation_1,0.5,180,185,9350,705.8757162094116,40784,41058.67,ONE_POINT,100,100,RANDOM,
truncation_1,0.5,180,186,9400,709.6616327762604,40765,40954.35,ONE_POINT,100,100,RANDOM,
truncation_1,0.5,180,187,9450,713.4903273582458,40746,40839.47,ONE_POINT,100,100,RANDOM,
truncation_1,0.5,180,188,9500,717.3310489654541,40746,40793.68,ONE_POINT,100,100,RANDOM,
truncation_1,0.5,180,189,9550,721.1514961719513,40746,40765.14,ONE_POINT,100,100,RANDOM,
truncation_1,0.5,180,190,9600,724.9698059558868,40687,40749.16,ONE_POINT,100,100,RANDOM,
truncation_1,0.5,180,191,9650,728.8126168251038,40687,40727.12,ONE_POINT,100,100,RANDOM,
truncation_1,0.5,180,192,9700,732.6467065811157,40617,40703.47,ONE_POINT,100,100,RANDOM,
truncation_1,0.5,180,193,9750,736.4909434318542,40596,40663.39,ONE_POINT,100,100,RANDOM,
truncation_1,0.5,180,194,9800,740.34281873703,40593,40630.58,ONE_POINT,100,100,RANDOM,
truncation_1,0.5,180,195,9850,744.1504147052765,40225,40498.21,ONE_POINT,100,100,RANDOM,
truncation_1,0.5,180,196,9900,747.9574458599091,39960,40310.74,ONE_POINT,100,100,RANDOM,
truncation_1,0.5,180,197,9950,751.7725715637207,39960,40113.92,ONE_POINT,100,100,RANDOM,
truncation_1,0.5,180,198,10000,755.5924429893494,39960,40023.05,ONE_POINT,100,100,RANDOM,
truncation_1,0.5,180,199,10050,759.4201412200928,39918,39957.84,ONE_POINT,100,100,RANDOM,
truncation_1,0.5,180,200,10100,763.2756223678589,39915,39943.08,ONE_POINT,100,100,RANDOM,
truncation_1,0.5,180,201,10150,767.0978481769562,39912,39931.01,ONE_POINT,100,100,RANDOM,
truncation_1,0.5,180,202,10200,770.9286518096924,39704,39871.47,ONE_POINT,100,100,RANDOM,
truncation_1,0.5,180,203,10250,774.7559447288513,39701,39813.48,ONE_POINT,100,100,RANDOM,
truncation_1,0.5,180,204,10300,778.5518159866333,39658,39740.07,ONE_POINT,100,100,RANDOM,
truncation_1,0.5,180,205,10350,782.4248704910278,39630,39681.95,ONE_POINT,100,100,RANDOM,
truncation_1,0.5,180,206,10400,786.2032604217529,39486,39631.75,ONE_POINT,100,100,RANDOM,
truncation_1,0.5,180,207,10450,789.9980690479279,39296,39552.72,ONE_POINT,100,100,RANDOM,
truncation_1,0.5,180,208,10500,793.7778952121735,39244,39420.56,ONE_POINT,100,100,RANDOM,
truncation_1,0.5,180,209,10550,797.5812072753906,39203,39315.69,ONE_POINT,100,100,RANDOM,
truncation_1,0.5,180,210,10600,801.358579158783,39193,39238.21,ONE_POINT,100,100,RANDOM,
truncation_1,0.5,180,211,10650,805.2025260925293,39193,39217.82,ONE_POINT,100,100,RANDOM,
truncation_1,0.5,180,212,10700,808.9693768024445,39172,39203.08,ONE_POINT,100,100,RANDOM,
truncation_1,0.5,180,213,10750,812.8153038024902,38946,39162.85,ONE_POINT,100,100,RANDOM,
truncation_1,0.5,180,214,10800,816.6119771003723,38895,39082.92,ONE_POINT,100,100,RANDOM,
truncation_1,0.5,180,215,10850,820.3678560256958,38888,39014.48,ONE_POINT,100,100,RANDOM,
truncation_1,0.5,180,216,10900,824.2566046714783,38888,38943.34,ONE_POINT,100,100,RANDOM,
truncation_1,0.5,180,217,10950,828.0587856769562,38888,38896.76,ONE_POINT,100,100,RANDOM,
truncation_1,0.5,180,218,11000,831.8455188274384,38751,38868.76,ONE_POINT,100,100,RANDOM,
truncation_1,0.5,180,219,11050,835.629597902298,38535,38764.04,ONE_POINT,100,100,RANDOM,
truncation_1,0.5,180,220,11100,839.4140684604645,38535,38667.31,ONE_POINT,100,100,RANDOM,
truncation_1,0.5,180,221,11150,843.2287912368774,38501,38571.34,ONE_POINT,100,100,RANDOM,
truncation_1,0.5,180,222,11200,847.0281646251678,38492,38528.35,ONE_POINT,100,100,RANDOM,
truncation_1,0.5,180,223,11250,850.8031604290009,38332,38509.17,ONE_POINT,100,100,RANDOM,
truncation_1,0.5,180,224,11300,854.6369528770447,38324,38449.95,ONE_POINT,100,100,RANDOM,
truncation_1,0.5,180,225,11350,858.4360496997833,38238,38378.02,ONE_POINT,100,100,RANDOM,
truncation_1,0.5,180,226,11400,862.2047674655914,38182,38302.86,ONE_POINT,100,100,RANDOM,
truncation_1,0.5,180,227,11450,865.9609177112579,38165,38243.4,ONE_POINT,100,100,RANDOM,
truncation_1,0.5,180,228,11500,869.7398393154144,38160,38198.79,ONE_POINT,100,100,RANDOM,
truncation_1,0.5,180,229,11550,873.5361936092377,38157,38174.56,ONE_POINT,100,100,RANDOM,
truncation_1,0.5,180,230,11600,877.3001132011414,38143,38158.03,ONE_POINT,100,100,RANDOM,
truncation_1,0.5,180,231,11650,881.0632147789001,38111,38148.92,ONE_POINT,100,100,RANDOM,
truncation_1,0.5,180,232,11700,884.8387162685394,37991,38118.06,ONE_POINT,100,100,RANDOM,
truncation_1,0.5,180,233,11750,888.6014790534973,37983,38071.67,ONE_POINT,100,100,RANDOM,
truncation_1,0.5,180,234,11800,892.3381657600403,37955,38038.76,ONE_POINT,100,100,RANDOM,
truncation_1,0.5,180,235,11850,896.1102786064148,37915,37981.33,ONE_POINT,100,100,RANDOM,
truncation_1,0.5,180,236,11900,899.9086911678314,37895,37947.53,ONE_POINT,100,100,RANDOM,
truncation_1,0.5,180,237,11950,903.7037844657898,37861,37920.77,ONE_POINT,100,100,RANDOM,
truncation_1,0.5,180,238,12000,907.4646496772766,37859,37886.93,ONE_POINT,100,100,RANDOM,
truncation_1,0.5,180,239,12050,911.25661444664,37849,37869.24,ONE_POINT,100,100,RANDOM,
truncation_1,0.5,180,240,12100,915.0440444946289,37802,37844.68,ONE_POINT,100,100,RANDOM,
truncation_1,0.5,180,241,12150,918.7985095977783,37802,37832.32,ONE_POINT,100,100,RANDOM,
truncation_1,0.5,180,242,12200,922.5571858882904,37802,37815.29,ONE_POINT,100,100,RANDOM,
truncation_1,0.5,180,243,12250,926.3498568534851,37786,37802.19,ONE_POINT,100,100,RANDOM,
truncation_1,0.5,180,244,12300,930.1228122711182,37783,37797.28,ONE_POINT,100,100,RANDOM,
truncation_1,0.5,180,245,12350,933.9943659305573,37753,37790.77,ONE_POINT,100,100,RANDOM,
truncation_1,0.5,180,246,12400,937.9382283687592,37726,37772.31,ONE_POINT,100,100,RANDOM,
truncation_1,0.5,180,247,12450,941.835736989975,37726,37755.6,ONE_POINT,100,100,RANDOM,
truncation_1,0.5,180,248,12500,945.756386756897,37719,37739.39,ONE_POINT,100,100,RANDOM,
truncation_1,0.5,180,249,12550,949.5482406616211,37710,37725.26,ONE_POINT,100,100,RANDOM,
truncation_1,0.5,180,250,12600,953.3289461135864,37616,37693.55,ONE_POINT,100,100,RANDOM,
truncation_1,0.5,180,251,12650,957.2817425727844,37545,37663.58,ONE_POINT,100,100,RANDOM,
truncation_1,0.5,180,252,12700,961.184577703476,37426,37596.18,ONE_POINT,100,100,RANDOM,
truncation_1,0.5,180,253,12750,965.0386130809784,37382,37510.79,ONE_POINT,100,100,RANDOM,
truncation_1,0.5,180,254,12800,969.0890944004059,37343,37424.94,ONE_POINT,100,100,RANDOM,
truncation_1,0.5,180,255,12850,972.955178976059,37343,37379.08,ONE_POINT,100,100,RANDOM,
truncation_1,0.5,180,256,12900,976.7736563682556,37338,37357.77,ONE_POINT,100,100,RANDOM,
truncation_1,0.5,180,257,12950,980.6040277481079,37332,37346.63,ONE_POINT,100,100,RANDOM,
truncation_1,0.5,180,258,13000,984.4106614589691,37296,37328.75,ONE_POINT,100,100,RANDOM,
truncation_1,0.5,180,259,13050,988.179591178894,37193,37294.01,ONE_POINT,100,100,RANDOM,
truncation_1,0.5,180,260,13100,991.9631659984589,36958,37237.09,ONE_POINT,100,100,RANDOM,
truncation_1,0.5,180,261,13150,995.7334966659546,36958,37128.3,ONE_POINT,100,100,RANDOM,
truncation_1,0.5,180,262,13200,999.4907870292664,36958,37050.86,ONE_POINT,100,100,RANDOM,
truncation_1,0.5,180,263,13250,1003.2710387706757,36897,36983.7,ONE_POINT,100,100,RANDOM,
truncation_1,0.5,180,264,13300,1007.084805727005,36864,36936.73,ONE_POINT,100,100,RANDOM,
truncation_1,0.5,180,265,13350,1010.8649485111237,36852,36906.95,ONE_POINT,100,100,RANDOM,
truncation_1,0.5,180,266,13400,1014.6431875228882,36852,36879.53,ONE_POINT,100,100,RANDOM,
truncation_1,0.5,180,267,13450,1018.4159572124481,36852,36864.15,ONE_POINT,100,100,RANDOM,
truncation_1,0.5,180,268,13500,1022.2120339870453,36852,36854.45,ONE_POINT,100,100,RANDOM,
truncation_1,0.5,180,269,13550,1025.9953203201294,36806,36847.67,ONE_POINT,100,100,RANDOM,
truncation_1,0.5,180,270,13600,1029.7766320705414,36801,36834.32,ONE_POINT,100,100,RANDOM,
truncation_1,0.5,180,271,13650,1033.5491178035736,36640,36798.03,ONE_POINT,100,100,RANDOM,
truncation_1,0.5,180,272,13700,1037.320847272873,36638,36733.83,ONE_POINT,100,100,RANDOM,
truncation_1,0.5,180,273,13750,1041.0932450294495,36638,36685.86,ONE_POINT,100,100,RANDOM,
truncation_1,0.5,180,274,13800,1044.9150032997131,36638,36648.4,ONE_POINT,100,100,RANDOM,
truncation_1,0.5,180,275,13850,1048.7030692100525,36631,36638.13,ONE_POINT,100,100,RANDOM,
truncation_1,0.5,180,276,13900,1052.4589433670044,36488,36598.84,ONE_POINT,100,100,RANDOM,
truncation_1,0.5,180,277,13950,1056.2381045818329,36389,36557.7,ONE_POINT,100,100,RANDOM,
truncation_1,0.5,180,278,14000,1060.018793106079,36386,36470.61,ONE_POINT,100,100,RANDOM,
truncation_1,0.5,180,279,14050,1063.8616735935211,36360,36415.14,ONE_POINT,100,100,RANDOM,
truncation_1,0.5,180,280,14100,1067.7132997512817,36359,36376.71,ONE_POINT,100,100,RANDOM,
truncation_1,0.5,180,281,14150,1071.5378885269165,36286,36360.19,ONE_POINT,100,100,RANDOM,
truncation_1,0.5,180,282,14200,1075.385294675827,36256,36325.54,ONE_POINT,100,100,RANDOM,
truncation_1,0.5,180,283,14250,1079.2331693172455,36254,36289.67,ONE_POINT,100,100,RANDOM,
truncation_1,0.5,180,284,14300,1083.0539412498474,36250,36262.1,ONE_POINT,100,100,RANDOM,
truncation_1,0.5,180,285,14350,1086.8458487987518,36250,36253.92,ONE_POINT,100,100,RANDOM,
truncation_1,0.5,180,286,14400,1090.6165699958801,36223,36247.69,ONE_POINT,100,100,RANDOM,
truncation_1,0.5,180,287,14450,1094.4250247478485,36223,36239.27,ONE_POINT,100,100,RANDOM,
truncation_1,0.5,180,288,14500,1098.2119216918945,36149,36230.26,ONE_POINT,100,100,RANDOM,
truncation_1,0.5,180,289,14550,1101.9990413188934,36138,36195.31,ONE_POINT,100,100,RANDOM,
truncation_1,0.5,180,290,14600,1105.8412709236145,36135,36171.73,ONE_POINT,100,100,RANDOM,
truncation_1,0.5,180,291,14650,1109.6314029693604,36072,36138.55,ONE_POINT,100,100,RANDOM,
truncation_1,0.5,180,292,14700,1113.4734528064728,35700,36009.21,ONE_POINT,100,100,RANDOM,
truncation_1,0.5,180,293,14750,1117.2309277057648,35697,35882.33,ONE_POINT,100,100,RANDOM,
truncation_1,0.5,180,294,14800,1120.9934570789337,35689,35746.09,ONE_POINT,100,100,RANDOM,
truncation_1,0.5,180,295,14850,1124.7627472877502,35689,35704.01,ONE_POINT,100,100,RANDOM,
truncation_1,0.5,180,296,14900,1128.5298192501068,35689,35695.23,ONE_POINT,100,100,RANDOM,
truncation_1,0.5,180,297,14950,1132.2894504070282,35689,35691.99,ONE_POINT,100,100,RANDOM,
truncation_1,0.5,180,298,15000,1136.0720753669739,35689,35689.93,ONE_POINT,100,100,RANDOM,
truncation_1,0.5,180,299,15050,1139.8602366447449,35689,35689.0,ONE_POINT,100,100,RANDOM,
truncation_1,0.5,180,300,15100,1143.6116306781769,35689,35689.0,ONE_POINT,100,100,RANDOM,
truncation_1,0.5,180,301,15150,1147.389934539795,35688,35688.84,ONE_POINT,100,100,RANDOM,
truncation_1,0.5,180,302,15200,1151.1441218852997,35688,35688.65,ONE_POINT,100,100,RANDOM,
truncation_1,0.5,180,303,15250,1154.93710064888,35686,35688.26,ONE_POINT,100,100,RANDOM,
truncation_1,0.5,180,304,15300,1158.7031574249268,35587,35682.23,ONE_POINT,100,100,RANDOM,
truncation_1,0.5,180,305,15350,1162.4969177246094,35587,35651.2,ONE_POINT,100,100,RANDOM,
truncation_1,0.5,180,306,15400,1166.2941381931305,35575,35626.13,ONE_POINT,100,100,RANDOM,
truncation_1,0.5,180,307,15450,1170.0602004528046,35575,35597.08,ONE_POINT,100,100,RANDOM,
truncation_1,0.5,180,308,15500,1173.82852768898,35559,35577.94,ONE_POINT,100,100,RANDOM,
truncation_1,0.5,180,309,15550,1177.6128418445587,35559,35572.49,ONE_POINT,100,100,RANDOM,
truncation_1,0.5,180,310,15600,1181.4005103111267,35559,35566.72,ONE_POINT,100,100,RANDOM,
truncation_1,0.5,180,311,15650,1185.2025966644287,35542,35560.06,ONE_POINT,100,100,RANDOM,
truncation_1,0.5,180,312,15700,1188.9666287899017,35542,35553.78,ONE_POINT,100,100,RANDOM,
truncation_1,0.5,180,313,15750,1192.7262210845947,35532,35549.35,ONE_POINT,100,100,RANDOM,
truncation_1,0.5,180,314,15800,1196.4981834888458,35502,35535.85,ONE_POINT,100,100,RANDOM,
truncation_1,0.5,180,315,15850,1200.276600599289,35500,35522.27,ONE_POINT,100,100,RANDOM,
truncation_1,0.5,180,316,15900,1204.0508511066437,35500,35511.66,ONE_POINT,100,100,RANDOM,
truncation_1,0.5,180,317,15950,1207.8412668704987,35478,35500.56,ONE_POINT,100,100,RANDOM,
truncation_1,0.5,180,318,16000,1211.6394164562225,35455,35490.13,ONE_POINT,100,100,RANDOM,
truncation_1,0.5,180,319,16050,1215.4293465614319,35446,35476.7,ONE_POINT,100,100,RANDOM,
truncation_1,0.5,180,320,16100,1219.193204164505,35446,35460.53,ONE_POINT,100,100,RANDOM,
truncation_1,0.5,180,321,16150,1223.0248596668243,35396,35442.54,ONE_POINT,100,100,RANDOM,
truncation_1,0.5,180,322,16200,1226.8147914409637,35386,35424.52,ONE_POINT,100,100,RANDOM,
truncation_1,0.5,180,323,16250,1230.5873568058014,35362,35406.5,ONE_POINT,100,100,RANDOM,
truncation_1,0.5,180,324,16300,1234.3645718097687,35362,35382.72,ONE_POINT,100,100,RANDOM,
truncation_1,0.5,180,325,16350,1238.1199505329132,35233,35344.12,ONE_POINT,100,100,RANDOM,
truncation_1,0.5,180,326,16400,1241.8890688419342,35233,35296.5,ONE_POINT,100,100,RANDOM,
truncation_1,0.5,180,327,16450,1245.6683118343353,35233,35268.94,ONE_POINT,100,100,RANDOM,
truncation_1,0.5,180,328,16500,1249.45290184021,35202,35241.76,ONE_POINT,100,100,RANDOM,
truncation_1,0.5,180,329,16550,1253.3482224941254,35196,35225.13,ONE_POINT,100,100,RANDOM,
truncation_1,0.5,180,330,16600,1257.1525778770447,35196,35216.9,ONE_POINT,100,100,RANDOM,
truncation_1,0.5,180,331,16650,1260.926711320877,35181,35205.5,ONE_POINT,100,100,RANDOM,
truncation_1,0.5,180,332,16700,1264.6896886825562,35168,35192.06,ONE_POINT,100,100,RANDOM,
truncation_1,0.5,180,333,16750,1268.4662337303162,35164,35184.03,ONE_POINT,100,100,RANDOM,
truncation_1,0.5,180,334,16800,1272.2541518211365,35058,35162.87,ONE_POINT,100,100,RANDOM,
truncation_1,0.5,180,335,16850,1276.0563192367554,35058,35127.79,ONE_POINT,100,100,RANDOM,
truncation_1,0.5,180,336,16900,1279.811223268509,35045,35096.99,ONE_POINT,100,100,RANDOM,
truncation_1,0.5,180,337,16950,1283.5996062755585,35013,35063.5,ONE_POINT,100,100,RANDOM,
truncation_1,0.5,180,338,17000,1287.394208431244,34983,35031.41,ONE_POINT,100,100,RANDOM,
truncation_1,0.5,180,339,17050,1291.1442246437073,34983,35012.36,ONE_POINT,100,100,RANDOM,
truncation_1,0.5,180,340,17100,1294.9134998321533,34978,34988.91,ONE_POINT,100,100,RANDOM,
truncation_1,0.5,180,341,17150,1298.6739482879639,34978,34981.47,ONE_POINT,100,100,RANDOM,
truncation_1,0.5,180,342,17200,1302.4480879306793,34968,34978.03,ONE_POINT,100,100,RANDOM,
truncation_1,0.5,180,343,17250,1306.235050201416,34935,34969.43,ONE_POINT,100,100,RANDOM,
truncation_1,0.5,180,344,17300,1310.005665063858,34935,34960.54,ONE_POINT,100,100,RANDOM,
truncation_1,0.5,180,345,17350,1313.7652916908264,34935,34951.08,ONE_POINT,100,100,RANDOM,
truncation_1,0.5,180,346,17400,1317.522288799286,34935,34944.12,ONE_POINT,100,100,RANDOM,
truncation_1,0.5,180,347,17450,1321.2995817661285,34935,34936.02,ONE_POINT,100,100,RANDOM,
truncation_1,0.5,180,348,17500,1325.0411870479584,34935,34935.0,ONE_POINT,100,100,RANDOM,
truncation_1,0.5,180,349,17550,1328.8236258029938,34930,34934.55,ONE_POINT,100,100,RANDOM,
truncation_1,0.5,180,350,17600,1332.6092298030853,34930,34933.6,ONE_POINT,100,100,RANDOM,
truncation_1,0.5,180,351,17650,1336.3804993629456,34906,34927.69,ONE_POINT,100,100,RANDOM,
truncation_1,0.5,180,352,17700,1340.1411435604095,34906,34921.89,ONE_POINT,100,100,RANDOM,
truncation_1,0.5,180,353,17750,1343.9666073322296,34905,34914.16,ONE_POINT,100,100,RANDOM,
truncation_1,0.5,180,354,17800,1347.7595839500427,34893,34908.05,ONE_POINT,100,100,RANDOM,
truncation_1,0.5,180,355,17850,1351.5878715515137,34875,34899.58,ONE_POINT,100,100,RANDOM,
truncation_1,0.5,180,356,17900,1355.6061799526215,34875,34891.24,ONE_POINT,100,100,RANDOM,
truncation_1,0.5,180,357,17950,1359.4376170635223,34861,34880.35,ONE_POINT,100,100,RANDOM,
truncation_1,0.5,180,358,18000,1363.2873690128326,34860,34873.42,ONE_POINT,100,100,RANDOM,
truncation_1,0.5,180,359,18050,1367.1169679164886,34845,34864.78,ONE_POINT,100,100,RANDOM,
truncation_1,0.5,180,360,18100,1370.930871963501,34845,34858.55,ONE_POINT,100,100,RANDOM,
truncation_1,0.5,180,361,18150,1374.7522461414337,34826,34847.55,ONE_POINT,100,100,RANDOM,
truncation_1,0.5,180,362,18200,1378.5996582508087,34826,34839.98,ONE_POINT,100,100,RANDOM,
truncation_1,0.5,180,363,18250,1382.453180551529,34826,34832.48,ONE_POINT,100,100,RANDOM,
truncation_1,0.5,180,364,18300,1386.2741622924805,34800,34825.32,ONE_POINT,100,100,RANDOM,
truncation_1,0.5,180,365,18350,1390.1061551570892,34790,34814.68,ONE_POINT,100,100,RANDOM,
truncation_1,0.5,180,366,18400,1393.939917087555,34785,34804.43,ONE_POINT,100,100,RANDOM,
truncation_1,0.5,180,367,18450,1397.7692229747772,34776,34793.51,ONE_POINT,100,100,RANDOM,
truncation_1,0.5,180,368,18500,1401.5892052650452,34678,34767.82,ONE_POINT,100,100,RANDOM,
truncation_1,0.5,180,369,18550,1405.4490954875946,34639,34723.87,ONE_POINT,100,100,RANDOM,
truncation_1,0.5,180,370,18600,1409.2815482616425,34639,34690.07,ONE_POINT,100,100,RANDOM,
truncation_1,0.5,180,371,18650,1413.1354727745056,34637,34652.07,ONE_POINT,100,100,RANDOM,
truncation_1,0.5,180,372,18700,1416.9376318454742,34631,34638.95,ONE_POINT,100,100,RANDOM,
truncation_1,0.5,180,373,18750,1420.8709597587585,34631,34637.1,ONE_POINT,100,100,RANDOM,
truncation_1,0.5,180,374,18800,1424.6997039318085,34631,34635.1,ONE_POINT,100,100,RANDOM,
truncation_1,0.5,180,375,18850,1428.4991018772125,34631,34633.24,ONE_POINT,100,100,RANDOM,
truncation_1,0.5,180,376,18900,1432.296516418457,34630,34631.79,ONE_POINT,100,100,RANDOM,
truncation_1,0.5,180,377,18950,1436.0690479278564,34630,34630.78,ONE_POINT,100,100,RANDOM,
truncation_1,0.5,180,378,19000,1439.8747136592865,34597,34628.65,ONE_POINT,100,100,RANDOM,
truncation_1,0.5,180,379,19050,1443.629962682724,34597,34623.2,ONE_POINT,100,100,RANDOM,
truncation_1,0.5,180,380,19100,1447.3746073246002,34597,34614.83,ONE_POINT,100,100,RANDOM,
truncation_1,0.5,180,381,19150,1451.1737179756165,34585,34607.54,ONE_POINT,100,100,RANDOM,
truncation_1,0.5,180,382,19200,1454.9699518680573,34571,34594.37,ONE_POINT,100,100,RANDOM,
truncation_1,0.5,180,383,19250,1458.722552537918,34506,34561.49,ONE_POINT,100,100,RANDOM,
truncation_1,0.5,180,384,19300,1462.4889278411865,34506,34544.55,ONE_POINT,100,100,RANDOM,
truncation_1,0.5,180,385,19350,1466.4018559455872,34502,34521.88,ONE_POINT,100,100,RANDOM,
truncation_1,0.5,180,386,19400,1470.3340475559235,34456,34498.9,ONE_POINT,100,100,RANDOM,
truncation_1,0.5,180,387,19450,1474.1027028560638,34434,34483.74,ONE_POINT,100,100,RANDOM,
truncation_1,0.5,180,388,19500,1477.8684167861938,34434,34463.84,ONE_POINT,100,100,RANDOM,
truncation_1,0.5,180,389,19550,1481.6483790874481,34433,34446.22,ONE_POINT,100,100,RANDOM,
truncation_1,0.5,180,390,19600,1485.4134254455566,34415,34432.55,ONE_POINT,100,100,RANDOM,
truncation_1,0.5,180,391,19650,1489.1917569637299,34415,34426.02,ONE_POINT,100,100,RANDOM,
truncation_1,0.5,180,392,19700,1492.956114768982,34365,34416.24,ONE_POINT,100,100,RANDOM,
truncation_1,0.5,180,393,19750,1496.7441856861115,34340,34389.14,ONE_POINT,100,100,RANDOM,
truncation_1,0.5,180,394,19800,1500.528972864151,34339,34371.66,ONE_POINT,100,100,RANDOM,
truncation_1,0.5,180,395,19850,1504.313425540924,34334,34349.6,ONE_POINT,100,100,RANDOM,
truncation_1,0.5,180,396,19900,1508.0971415042877,34334,34338.82,ONE_POINT,100,100,RANDOM,
truncation_1,0.5,180,397,19950,1511.8973367214203,34331,34335.3,ONE_POINT,100,100,RANDOM,
truncation_1,0.5,180,398,20000,1515.6801891326904,34326,34332.1,ONE_POINT,100,100,RANDOM,
truncation_1,0.5,180,399,20050,1519.427434206009,34324,34329.44,ONE_POINT,100,100,RANDOM,
truncation_1,0.5,180,400,20100,1523.2075185775757,34324,34327.04,ONE_POINT,100,100,RANDOM,
truncation_1,0.5,180,401,20150,1527.0155131816864,34324,34325.4,ONE_POINT,100,100,RANDOM,
truncation_1,0.5,180,402,20200,1530.8062851428986,34292,34321.5,ONE_POINT,100,100,RANDOM,
truncation_1,0.5,180,403,20250,1534.5835735797882,34278,34309.4,ONE_POINT,100,100,RANDOM,
truncation_1,0.5,180,404,20300,1538.3751463890076,34261,34296.5,ONE_POINT,100,100,RANDOM,
truncation_1,0.5,180,405,20350,1542.2185368537903,34258,34276.88,ONE_POINT,100,100,RANDOM,
truncation_1,0.5,180,406,20400,1545.9945073127747,34207,34260.5,ONE_POINT,100,100,RANDOM,
truncation_1,0.5,180,407,20450,1549.7771818637848,34134,34224.41,ONE_POINT,100,100,RANDOM,
truncation_1,0.5,180,408,20500,1553.5406286716461,34134,34190.74,ONE_POINT,100,100,RANDOM,
truncation_1,0.5,180,409,20550,1557.2861025333405,34134,34159.34,ONE_POINT,100,100,RANDOM,
truncation_1,0.5,180,410,20600,1561.0460758209229,34134,34141.41,ONE_POINT,100,100,RANDOM,
truncation_1,0.5,180,411,20650,1564.8026871681213,34134,34134.14,ONE_POINT,100,100,RANDOM,
truncation_1,0.5,180,412,20700,1568.5756814479828,34134,34134.0,ONE_POINT,100,100,RANDOM,
truncation_1,0.5,180,413,20750,1572.36714553833,34134,34134.0,ONE_POINT,100,100,RANDOM,
truncation_1,0.5,180,414,20800,1576.154283285141,34134,34134.0,ONE_POINT,100,100,RANDOM,
truncation_1,0.5,180,415,20850,1579.9321336746216,34134,34134.0,ONE_POINT,100,100,RANDOM,
truncation_1,0.5,180,416,20900,1583.7211356163025,34134,34134.0,ONE_POINT,100,100,RANDOM,
truncation_1,0.5,180,417,20950,1587.534744501114,34134,34134.0,ONE_POINT,100,100,RANDOM,
truncation_1,0.5,180,418,21000,1591.325582742691,34134,34134.0,ONE_POINT,100,100,RANDOM,
truncation_1,0.5,180,419,21050,1595.1023745536804,34134,34134.0,ONE_POINT,100,100,RANDOM,
truncation_1,0.5,180,420,21100,1598.8933629989624,34125,34131.74,ONE_POINT,100,100,RANDOM,
truncation_1,0.5,180,421,21150,1602.6883187294006,34089,34125.9,ONE_POINT,100,100,RANDOM,
truncation_1,0.5,180,422,21200,1606.4559752941132,34077,34113.51,ONE_POINT,100,100,RANDOM,
truncation_1,0.5,180,423,21250,1610.2034764289856,34077,34100.37,ONE_POINT,100,100,RANDOM,
truncation_1,0.5,180,424,21300,1613.9927875995636,34056,34087.14,ONE_POINT,100,100,RANDOM,
truncation_1,0.5,180,425,21350,1617.8712034225464,33974,34059.24,ONE_POINT,100,100,RANDOM,
truncation_1,0.5,180,426,21400,1621.6520690917969,33971,34021.45,ONE_POINT,100,100,RANDOM,
truncation_1,0.5,180,427,21450,1625.4533092975616,33971,33989.73,ONE_POINT,100,100,RANDOM,
truncation_1,0.5,180,428,21500,1629.2191247940063,33970,33971.56,ONE_POINT,100,100,RANDOM,
truncation_1,0.5,180,429,21550,1633.0081465244293,33970,33970.72,ONE_POINT,100,100,RANDOM,
truncation_1,0.5,180,430,21600,1636.7859516143799,33949,33969.53,ONE_POINT,100,100,RANDOM,
truncation_1,0.5,180,431,21650,1640.5593585968018,33949,33964.73,ONE_POINT,100,100,RANDOM,
truncation_1,0.5,180,432,21700,1644.3480269908905,33949,33959.51,ONE_POINT,100,100,RANDOM,
truncation_1,0.5,180,433,21750,1648.1358041763306,33949,33955.08,ONE_POINT,100,100,RANDOM,
truncation_1,0.5,180,434,21800,1651.93190407753,33941,33948.74,ONE_POINT,100,100,RANDOM,
truncation_1,0.5,180,435,21850,1655.7066333293915,33939,33945.62,ONE_POINT,100,100,RANDOM,
truncation_1,0.5,180,436,21900,1659.4855082035065,33898,33937.71,ONE_POINT,100,100,RANDOM,
truncation_1,0.5,180,437,21950,1663.2869517803192,33890,33926.6,ONE_POINT,100,100,RANDOM,
truncation_1,0.5,180,438,22000,1667.071834564209,33890,33915.71,ONE_POINT,100,100,RANDOM,
truncation_1,0.5,180,439,22050,1670.826996088028,33890,33903.99,ONE_POINT,100,100,RANDOM,
truncation_1,0.5,180,440,22100,1674.5787570476532,33865,33891.69,ONE_POINT,100,100,RANDOM,
truncation_1,0.5,180,441,22150,1678.361302614212,33865,33880.7,ONE_POINT,100,100,RANDOM,
truncation_1,0.5,180,442,22200,1682.139996767044,33819,33872.19,ONE_POINT,100,100,RANDOM,
truncation_1,0.5,180,443,22250,1685.9457323551178,33819,33853.42,ONE_POINT,100,100,RANDOM,
truncation_1,0.5,180,444,22300,1689.6990559101105,33810,33836.93,ONE_POINT,100,100,RANDOM,
truncation_1,0.5,180,445,22350,1693.510390996933,33800,33824.38,ONE_POINT,100,100,RANDOM,
truncation_1,0.5,180,446,22400,1697.2807157039642,33726,33799.31,ONE_POINT,100,100,RANDOM,
truncation_1,0.5,180,447,22450,1701.034013748169,33641,33746.39,ONE_POINT,100,100,RANDOM,
truncation_1,0.5,180,448,22500,1704.8008556365967,33576,33682.84,ONE_POINT,100,100,RANDOM,
truncation_1,0.5,180,449,22550,1708.5975551605225,33561,33627.84,ONE_POINT,100,100,RANDOM,
truncation_1,0.5,180,450,22600,1712.4335432052612,33512,33588.0,ONE_POINT,100,100,RANDOM,
truncation_1,0.5,180,451,22650,1716.189898967743,33479,33550.04,ONE_POINT,100,100,RANDOM,
truncation_1,0.5,180,452,22700,1719.9597418308258,33476,33520.47,ONE_POINT,100,100,RANDOM,
truncation_1,0.5,180,453,22750,1723.7320775985718,33475,33499.68,ONE_POINT,100,100,RANDOM,
truncation_1,0.5,180,454,22800,1727.5201325416565,33475,33484.56,ONE_POINT,100,100,RANDOM,
truncation_1,0.5,180,455,22850,1731.2805950641632,33475,33476.38,ONE_POINT,100,100,RANDOM,
truncation_1,0.5,180,456,22900,1735.0712428092957,33475,33475.64,ONE_POINT,100,100,RANDOM,
truncation_1,0.5,180,457,22950,1738.8544998168945,33475,33475.05,ONE_POINT,100,100,RANDOM,
truncation_1,0.5,180,458,23000,1742.6073021888733,33475,33475.0,ONE_POINT,100,100,RANDOM,
truncation_1,0.5,180,459,23050,1746.3871266841888,33475,33475.0,ONE_POINT,100,100,RANDOM,
truncation_1,0.5,180,460,23100,1750.1923959255219,33475,33475.0,ONE_POINT,100,100,RANDOM,
truncation_1,0.5,180,461,23150,1753.9936757087708,33427,33466.59,ONE_POINT,100,100,RANDOM,
truncation_1,0.5,180,462,23200,1757.76384973526,33412,33452.75,ONE_POINT,100,100,RANDOM,
truncation_1,0.5,180,463,23250,1761.5331048965454,33372,33431.17,ONE_POINT,100,100,RANDOM,
truncation_1,0.5,180,464,23300,1765.3477411270142,33372,33408.42,ONE_POINT,100,100,RANDOM,
truncation_1,0.5,180,465,23350,1769.1622338294983,33372,33390.34,ONE_POINT,100,100,RANDOM,
truncation_1,0.5,180,466,23400,1772.935271024704,33372,33378.89,ONE_POINT,100,100,RANDOM,
truncation_1,0.5,180,467,23450,1776.701518535614,33364,33371.84,ONE_POINT,100,100,RANDOM,
truncation_1,0.5,180,468,23500,1780.474633693695,33364,33369.83,ONE_POINT,100,100,RANDOM,
truncation_1,0.5,180,469,23550,1784.241141796112,33345,33365.95,ONE_POINT,100,100,RANDOM,
truncation_1,0.5,180,470,23600,1787.9844541549683,33334,33358.8,ONE_POINT,100,100,RANDOM,
truncation_1,0.5,180,471,23650,1791.7396125793457,33312,33340.79,ONE_POINT,100,100,RANDOM,
truncation_1,0.5,180,472,23700,1795.5348162651062,33311,33328.83,ONE_POINT,100,100,RANDOM,
truncation_1,0.5,180,473,23750,1799.3181874752045,33311,33318.83,ONE_POINT,100,100,RANDOM,
truncation_1,0.5,180,474,23800,1803.0835790634155,33284,33306.19,ONE_POINT,100,100,RANDOM,
truncation_1,0.5,180,475,23850,1806.882836341858,33235,33296.93,ONE_POINT,100,100,RANDOM,
truncation_1,0.5,180,476,23900,1810.679260969162,33235,33280.24,ONE_POINT,100,100,RANDOM,
truncation_1,0.5,180,477,23950,1814.4893798828125,33229,33262.84,ONE_POINT,100,100,RANDOM,
truncation_1,0.5,180,478,24000,1818.2623529434204,33229,33246.62,ONE_POINT,100,100,RANDOM,
truncation_1,0.5,180,479,24050,1822.0847404003143,33229,33234.64,ONE_POINT,100,100,RANDOM,
truncation_1,0.5,180,480,24100,1825.8629395961761,33213,33227.28,ONE_POINT,100,100,RANDOM,
truncation_1,0.5,180,481,24150,1829.6459877490997,33202,33219.09,ONE_POINT,100,100,RANDOM,
truncation_1,0.5,180,482,24200,1833.4082765579224,33202,33211.67,ONE_POINT,100,100,RANDOM,
truncation_1,0.5,180,483,24250,1837.1765868663788,33191,33204.56,ONE_POINT,100,100,RANDOM,
truncation_1,0.5,180,484,24300,1840.94496011734,33191,33198.75,ONE_POINT,100,100,RANDOM,
truncation_1,0.5,180,485,24350,1844.7138667106628,33180,33194.2,ONE_POINT,100,100,RANDOM,
truncation_1,0.5,180,486,24400,1848.4842174053192,33179,33189.98,ONE_POINT,100,100,RANDOM,
truncation_1,0.5,180,487,24450,1852.2503809928894,33179,33185.43,ONE_POINT,100,100,RANDOM,
truncation_1,0.5,180,488,24500,1856.0388498306274,33179,33183.05,ONE_POINT,100,100,RANDOM,
truncation_1,0.5,180,489,24550,1859.8431713581085,33160,33180.94,ONE_POINT,100,100,RANDOM,
truncation_1,0.5,180,490,24600,1863.5965647697449,33138,33170.12,ONE_POINT,100,100,RANDOM,
truncation_1,0.5,180,491,24650,1867.3659551143646,33138,33161.44,ONE_POINT,100,100,RANDOM,
truncation_1,0.5,180,492,24700,1871.1477994918823,33010,33136.85,ONE_POINT,100,100,RANDOM,
truncation_1,0.5,180,493,24750,1874.9473912715912,33009,33087.66,ONE_POINT,100,100,RANDOM,
truncation_1,0.5,180,494,24800,1878.707909822464,33000,33051.63,ONE_POINT,100,100,RANDOM,
truncation_1,0.5,180,495,24850,1882.45081782341,33000,33019.36,ONE_POINT,100,100,RANDOM,
truncation_1,0.5,180,496,24900,1886.220911026001,32964,32996.31,ONE_POINT,100,100,RANDOM,
truncation_1,0.5,180,497,24950,1890.0140128135681,32964,32985.56,ONE_POINT,100,100,RANDOM,
truncation_1,0.5,180,498,25000,1893.8082976341248,32964,32975.67,ONE_POINT,100,100,RANDOM,
truncation_1,0.5,180,499,25050,1897.586600780487,32964,32967.27,ONE_POINT,100,100,RANDOM,
truncation_1,0.5,180,500,25100,1901.4059627056122,32964,32964.0,ONE_POINT,100,100,RANDOM,
truncation_1,0.5,200,1,150,3.797585964202881,128046,137840.84,ONE_POINT,100,100,RANDOM,
truncation_1,0.5,200,2,200,7.57188606262207,123519,127730.05,ONE_POINT,100,100,RANDOM,
truncation_1,0.5,200,3,250,11.352301120758057,122951,125004.32,ONE_POINT,100,100,RANDOM,
truncation_1,0.5,200,4,300,15.123853206634521,121636,123068.52,ONE_POINT,100,100,RANDOM,
truncation_1,0.5,200,5,350,18.89601159095764,119258,121584.49,ONE_POINT,100,100,RANDOM,
truncation_1,0.5,200,6,400,22.654285669326782,117896,119925.65,ONE_POINT,100,100,RANDOM,
truncation_1,0.5,200,7,450,26.4084050655365,115563,117890.23,ONE_POINT,100,100,RANDOM,
truncation_1,0.5,200,8,500,30.18026304244995,113655,115613.94,ONE_POINT,100,100,RANDOM,
truncation_1,0.5,200,9,550,33.955817222595215,112060,113910.02,ONE_POINT,100,100,RANDOM,
truncation_1,0.5,200,10,600,37.725807666778564,110903,112461.88,ONE_POINT,100,100,RANDOM,
truncation_1,0.5,200,11,650,41.48030424118042,109319,110844.28,ONE_POINT,100,100,RANDOM,
truncation_1,0.5,200,12,700,45.23827815055847,107850,109344.49,ONE_POINT,100,100,RANDOM,
truncation_1,0.5,200,13,750,49.00677418708801,105908,107854.99,ONE_POINT,100,100,RANDOM,
truncation_1,0.5,200,14,800,52.79626750946045,104464,106205.46,ONE_POINT,100,100,RANDOM,
truncation_1,0.5,200,15,850,56.55116271972656,102396,104221.37,ONE_POINT,100,100,RANDOM,
truncation_1,0.5,200,16,900,60.32685470581055,100554,102735.14,ONE_POINT,100,100,RANDOM,
truncation_1,0.5,200,17,950,64.10401511192322,98335,101121.32,ONE_POINT,100,100,RANDOM,
truncation_1,0.5,200,18,1000,67.8671510219574,97044,99030.01,ONE_POINT,100,100,RANDOM,
truncation_1,0.5,200,19,1050,71.61332154273987,96580,97544.79,ONE_POINT,100,100,RANDOM,
truncation_1,0.5,200,20,1100,75.41154479980469,95896,96616.64,ONE_POINT,100,100,RANDOM,
truncation_1,0.5,200,21,1150,79.16869330406189,95328,96138.85,ONE_POINT,100,100,RANDOM,
truncation_1,0.5,200,22,1200,82.91236019134521,93523,95216.32,ONE_POINT,100,100,RANDOM,
truncation_1,0.5,200,23,1250,86.67103028297424,92752,93840.21,ONE_POINT,100,100,RANDOM,
truncation_1,0.5,200,24,1300,90.44090151786804,92267,92839.58,ONE_POINT,100,100,RANDOM,
truncation_1,0.5,200,25,1350,94.23613977432251,92036,92420.5,ONE_POINT,100,100,RANDOM,
truncation_1,0.5,200,26,1400,98.02236914634705,90731,91801.96,ONE_POINT,100,100,RANDOM,
truncation_1,0.5,200,27,1450,101.83176946640015,90113,91150.24,ONE_POINT,100,100,RANDOM,
truncation_1,0.5,200,28,1500,105.61415815353394,89887,90502.87,ONE_POINT,100,100,RANDOM,
truncation_1,0.5,200,29,1550,109.41443085670471,89682,90135.7,ONE_POINT,100,100,RANDOM,
truncation_1,0.5,200,30,1600,113.16704797744751,88528,89556.87,ONE_POINT,100,100,RANDOM,
truncation_1,0.5,200,31,1650,116.99061226844788,87444,88685.15,ONE_POINT,100,100,RANDOM,
truncation_1,0.5,200,32,1700,120.83126664161682,87248,87916.24,ONE_POINT,100,100,RANDOM,
truncation_1,0.5,200,33,1750,124.60821151733398,86351,87310.56,ONE_POINT,100,100,RANDOM,
truncation_1,0.5,200,34,1800,128.3927080631256,85180,86588.39,ONE_POINT,100,100,RANDOM,
truncation_1,0.5,200,35,1850,132.18998908996582,84034,85610.02,ONE_POINT,100,100,RANDOM,
truncation_1,0.5,200,36,1900,135.97110080718994,83423,84661.39,ONE_POINT,100,100,RANDOM,
truncation_1,0.5,200,37,1950,139.7554280757904,82389,83706.62,ONE_POINT,100,100,RANDOM,
truncation_1,0.5,200,38,2000,143.53318428993225,81743,82639.24,ONE_POINT,100,100,RANDOM,
truncation_1,0.5,200,39,2050,147.3114881515503,81186,81900.82,ONE_POINT,100,100,RANDOM,
truncation_1,0.5,200,40,2100,151.10200142860413,80506,81409.85,ONE_POINT,100,100,RANDOM,
truncation_1,0.5,200,41,2150,154.8827452659607,79767,80722.24,ONE_POINT,100,100,RANDOM,
truncation_1,0.5,200,42,2200,158.6342477798462,78679,79778.08,ONE_POINT,100,100,RANDOM,
truncation_1,0.5,200,43,2250,162.38504099845886,78167,79073.1,ONE_POINT,100,100,RANDOM,
truncation_1,0.5,200,44,2300,166.17887806892395,77363,78305.03,ONE_POINT,100,100,RANDOM,
truncation_1,0.5,200,45,2350,169.9341070652008,74462,77054.78,ONE_POINT,100,100,RANDOM,
truncation_1,0.5,200,46,2400,173.682391166687,74067,75437.06,ONE_POINT,100,100,RANDOM,
truncation_1,0.5,200,47,2450,177.4574489593506,72360,74222.34,ONE_POINT,100,100,RANDOM,
truncation_1,0.5,200,48,2500,181.22910809516907,71733,73010.72,ONE_POINT,100,100,RANDOM,
truncation_1,0.5,200,49,2550,184.99561858177185,71108,71979.76,ONE_POINT,100,100,RANDOM,
truncation_1,0.5,200,50,2600,188.78214836120605,70863,71416.85,ONE_POINT,100,100,RANDOM,
truncation_1,0.5,200,51,2650,192.56838846206665,70320,70959.67,ONE_POINT,100,100,RANDOM,
truncation_1,0.5,200,52,2700,196.3071162700653,69502,70459.77,ONE_POINT,100,100,RANDOM,
truncation_1,0.5,200,53,2750,200.0655529499054,69116,69865.37,ONE_POINT,100,100,RANDOM,
truncation_1,0.5,200,54,2800,203.8404335975647,68812,69411.58,ONE_POINT,100,100,RANDOM,
truncation_1,0.5,200,55,2850,207.63976073265076,67574,68742.21,ONE_POINT,100,100,RANDOM,
truncation_1,0.5,200,56,2900,211.4126832485199,66768,67881.05,ONE_POINT,100,100,RANDOM,
truncation_1,0.5,200,57,2950,215.1702275276184,66215,67053.54,ONE_POINT,100,100,RANDOM,
truncation_1,0.5,200,58,3000,218.93642044067383,65947,66547.6,ONE_POINT,100,100,RANDOM,
truncation_1,0.5,200,59,3050,222.75241374969482,65581,66129.64,ONE_POINT,100,100,RANDOM,
truncation_1,0.5,200,60,3100,226.53043413162231,65578,65816.62,ONE_POINT,100,100,RANDOM,
truncation_1,0.5,200,61,3150,230.28408479690552,65424,65606.79,ONE_POINT,100,100,RANDOM,
truncation_1,0.5,200,62,3200,234.08870100975037,64512,65328.31,ONE_POINT,100,100,RANDOM,
truncation_1,0.5,200,63,3250,237.87210607528687,64336,64918.81,ONE_POINT,100,100,RANDOM,
truncation_1,0.5,200,64,3300,241.6406090259552,63907,64427.36,ONE_POINT,100,100,RANDOM,
truncation_1,0.5,200,65,3350,245.42265915870667,63407,63987.71,ONE_POINT,100,100,RANDOM,
truncation_1,0.5,200,66,3400,249.20708537101746,63026,63529.33,ONE_POINT,100,100,RANDOM,
truncation_1,0.5,200,67,3450,252.9648118019104,62331,62900.29,ONE_POINT,100,100,RANDOM,
truncation_1,0.5,200,68,3500,256.7479774951935,61829,62407.69,ONE_POINT,100,100,RANDOM,
truncation_1,0.5,200,69,3550,260.52384066581726,61434,61995.1,ONE_POINT,100,100,RANDOM,
truncation_1,0.5,200,70,3600,264.38173174858093,59837,61491.25,ONE_POINT,100,100,RANDOM,
truncation_1,0.5,200,71,3650,268.16044211387634,59733,60729.2,ONE_POINT,100,100,RANDOM,
truncation_1,0.5,200,72,3700,271.9403443336487,59471,59989.81,ONE_POINT,100,100,RANDOM,
truncation_1,0.5,200,73,3750,275.71686339378357,59085,59566.71,ONE_POINT,100,100,RANDOM,
truncation_1,0.5,200,74,3800,279.47659039497375,58862,59286.6,ONE_POINT,100,100,RANDOM,
truncation_1,0.5,200,75,3850,283.26005935668945,58541,58979.39,ONE_POINT,100,100,RANDOM,
truncation_1,0.5,200,76,3900,287.05356335639954,58283,58732.0,ONE_POINT,100,100,RANDOM,
truncation_1,0.5,200,77,3950,290.8237307071686,58110,58443.37,ONE_POINT,100,100,RANDOM,
truncation_1,0.5,200,78,4000,294.5767285823822,57493,58011.26,ONE_POINT,100,100,RANDOM,
truncation_1,0.5,200,79,4050,298.3455123901367,57333,57708.99,ONE_POINT,100,100,RANDOM,
truncation_1,0.5,200,80,4100,302.1474721431732,57037,57346.21,ONE_POINT,100,100,RANDOM,
truncation_1,0.5,200,81,4150,305.93425726890564,56604,57045.79,ONE_POINT,100,100,RANDOM,
truncation_1,0.5,200,82,4200,309.693213224411,56436,56772.02,ONE_POINT,100,100,RANDOM,
truncation_1,0.5,200,83,4250,313.4620273113251,55758,56430.44,ONE_POINT,100,100,RANDOM,
truncation_1,0.5,200,84,4300,317.22934889793396,55606,56050.94,ONE_POINT,100,100,RANDOM,
truncation_1,0.5,200,85,4350,321.0333893299103,55522,55779.36,ONE_POINT,100,100,RANDOM,
truncation_1,0.5,200,86,4400,324.827365398407,55461,55598.48,ONE_POINT,100,100,RANDOM,
truncation_1,0.5,200,87,4450,328.6034300327301,55347,55490.25,ONE_POINT,100,100,RANDOM,
truncation_1,0.5,200,88,4500,332.4043641090393,55102,55386.36,ONE_POINT,100,100,RANDOM,
truncation_1,0.5,200,89,4550,336.25028133392334,55025,55270.42,ONE_POINT,100,100,RANDOM,
truncation_1,0.5,200,90,4600,340.02236557006836,54466,55038.62,ONE_POINT,100,100,RANDOM,
truncation_1,0.5,200,91,4650,343.798624753952,54459,54736.59,ONE_POINT,100,100,RANDOM,
truncation_1,0.5,200,92,4700,347.58328461647034,54378,54513.91,ONE_POINT,100,100,RANDOM,
truncation_1,0.5,200,93,4750,351.3522608280182,53650,54363.24,ONE_POINT,100,100,RANDOM,
truncation_1,0.5,200,94,4800,355.1269974708557,53299,54050.54,ONE_POINT,100,100,RANDOM,
truncation_1,0.5,200,95,4850,358.903927564621,52615,53439.25,ONE_POINT,100,100,RANDOM,
truncation_1,0.5,200,96,4900,362.7063539028168,52604,52967.21,ONE_POINT,100,100,RANDOM,
truncation_1,0.5,200,97,4950,366.47603607177734,52482,52639.97,ONE_POINT,100,100,RANDOM,
truncation_1,0.5,200,98,5000,370.24940395355225,52361,52540.97,ONE_POINT,100,100,RANDOM,
truncation_1,0.5,200,99,5050,374.0308277606964,52222,52444.21,ONE_POINT,100,100,RANDOM,
truncation_1,0.5,200,100,5100,377.82508850097656,52141,52312.63,ONE_POINT,100,100,RANDOM,
truncation_1,0.5,200,101,5150,381.67107105255127,51965,52206.1,ONE_POINT,100,100,RANDOM,
truncation_1,0.5,200,102,5200,385.4923975467682,51836,52078.4,ONE_POINT,100,100,RANDOM,
truncation_1,0.5,200,103,5250,389.2971980571747,51427,51877.45,ONE_POINT,100,100,RANDOM,
truncation_1,0.5,200,104,5300,393.153470993042,51418,51671.79,ONE_POINT,100,100,RANDOM,
truncation_1,0.5,200,105,5350,396.9636232852936,51329,51458.88,ONE_POINT,100,100,RANDOM,
truncation_1,0.5,200,106,5400,400.7722384929657,50782,51245.7,ONE_POINT,100,100,RANDOM,
truncation_1,0.5,200,107,5450,404.584721326828,50616,51005.48,ONE_POINT,100,100,RANDOM,
truncation_1,0.5,200,108,5500,408.4885938167572,49784,50574.1,ONE_POINT,100,100,RANDOM,
truncation_1,0.5,200,109,5550,412.32262134552,49760,50153.45,ONE_POINT,100,100,RANDOM,
truncation_1,0.5,200,110,5600,416.13347005844116,49757,49874.2,ONE_POINT,100,100,RANDOM,
truncation_1,0.5,200,111,5650,419.98960161209106,49656,49762.06,ONE_POINT,100,100,RANDOM,
truncation_1,0.5,200,112,5700,423.82611417770386,49498,49685.64,ONE_POINT,100,100,RANDOM,
truncation_1,0.5,200,113,5750,427.64586782455444,48812,49514.9,ONE_POINT,100,100,RANDOM,
truncation_1,0.5,200,114,5800,431.48246335983276,48595,49180.36,ONE_POINT,100,100,RANDOM,
truncation_1,0.5,200,115,5850,435.3143138885498,48590,48886.55,ONE_POINT,100,100,RANDOM,
truncation_1,0.5,200,116,5900,439.1507749557495,48590,48678.37,ONE_POINT,100,100,RANDOM,
truncation_1,0.5,200,117,5950,442.9611382484436,48485,48596.19,ONE_POINT,100,100,RANDOM,
truncation_1,0.5,200,118,6000,446.8001592159271,48242,48513.3,ONE_POINT,100,100,RANDOM,
truncation_1,0.5,200,119,6050,450.6459093093872,48121,48364.23,ONE_POINT,100,100,RANDOM,
truncation_1,0.5,200,120,6100,454.4822392463684,47984,48201.08,ONE_POINT,100,100,RANDOM,
truncation_1,0.5,200,121,6150,458.2698781490326,47898,48089.18,ONE_POINT,100,100,RANDOM,
truncation_1,0.5,200,122,6200,462.1028347015381,47663,47944.86,ONE_POINT,100,100,RANDOM,
truncation_1,0.5,200,123,6250,465.94652128219604,47474,47757.0,ONE_POINT,100,100,RANDOM,
truncation_1,0.5,200,124,6300,470.0594873428345,46753,47493.63,ONE_POINT,100,100,RANDOM,
truncation_1,0.5,200,125,6350,473.9140908718109,46724,47120.92,ONE_POINT,100,100,RANDOM,
truncation_1,0.5,200,126,6400,477.72948384284973,46724,46881.72,ONE_POINT,100,100,RANDOM,
truncation_1,0.5,200,127,6450,481.57635521888733,46239,46611.66,ONE_POINT,100,100,RANDOM,
truncation_1,0.5,200,128,6500,485.40160870552063,46056,46410.57,ONE_POINT,100,100,RANDOM,
truncation_1,0.5,200,129,6550,489.2214901447296,45607,46150.84,ONE_POINT,100,100,RANDOM,
truncation_1,0.5,200,130,6600,493.02597284317017,45427,45877.79,ONE_POINT,100,100,RANDOM,
truncation_1,0.5,200,131,6650,496.8401024341583,45290,45601.47,ONE_POINT,100,100,RANDOM,
truncation_1,0.5,200,132,6700,500.6712849140167,44877,45270.02,ONE_POINT,100,100,RANDOM,
truncation_1,0.5,200,133,6750,504.50009965896606,44558,44994.93,ONE_POINT,100,100,RANDOM,
truncation_1,0.5,200,134,6800,508.3100893497467,44513,44736.56,ONE_POINT,100,100,RANDOM,
truncation_1,0.5,200,135,6850,512.1704306602478,44457,44605.35,ONE_POINT,100,100,RANDOM,
truncation_1,0.5,200,136,6900,516.027768611908,44257,44466.52,ONE_POINT,100,100,RANDOM,
truncation_1,0.5,200,137,6950,519.8350601196289,44257,44377.04,ONE_POINT,100,100,RANDOM,
truncation_1,0.5,200,138,7000,523.6545135974884,44229,44301.42,ONE_POINT,100,100,RANDOM,
truncation_1,0.5,200,139,7050,527.4745428562164,44086,44208.91,ONE_POINT,100,100,RANDOM,
truncation_1,0.5,200,140,7100,531.3009922504425,44086,44167.42,ONE_POINT,100,100,RANDOM,
truncation_1,0.5,200,141,7150,535.0944757461548,44057,44110.5,ONE_POINT,100,100,RANDOM,
truncation_1,0.5,200,142,7200,538.9571285247803,43900,44052.27,ONE_POINT,100,100,RANDOM,
truncation_1,0.5,200,143,7250,542.7921054363251,43897,43988.21,ONE_POINT,100,100,RANDOM,
truncation_1,0.5,200,144,7300,546.6439867019653,43790,43905.06,ONE_POINT,100,100,RANDOM,
truncation_1,0.5,200,145,7350,550.4778227806091,43753,43843.06,ONE_POINT,100,100,RANDOM,
truncation_1,0.5,200,146,7400,554.3142139911652,43667,43781.11,ONE_POINT,100,100,RANDOM,
truncation_1,0.5,200,147,7450,558.2002370357513,43377,43689.09,ONE_POINT,100,100,RANDOM,
truncation_1,0.5,200,148,7500,562.050931930542,43048,43471.69,ONE_POINT,100,100,RANDOM,
truncation_1,0.5,200,149,7550,565.8912546634674,42985,43224.49,ONE_POINT,100,100,RANDOM,
truncation_1,0.5,200,150,7600,569.7179100513458,42882,43018.33,ONE_POINT,100,100,RANDOM,
truncation_1,0.5,200,151,7650,573.569625377655,42823,42926.9,ONE_POINT,100,100,RANDOM,
truncation_1,0.5,200,152,7700,577.4043772220612,42670,42830.1,ONE_POINT,100,100,RANDOM,
truncation_1,0.5,200,153,7750,581.282071352005,42384,42703.67,ONE_POINT,100,100,RANDOM,
truncation_1,0.5,200,154,7800,585.1116635799408,42360,42554.8,ONE_POINT,100,100,RANDOM,
truncation_1,0.5,200,155,7850,589.0139467716217,41895,42403.33,ONE_POINT,100,100,RANDOM,
truncation_1,0.5,200,156,7900,592.8734290599823,41880,42153.89,ONE_POINT,100,100,RANDOM,
truncation_1,0.5,200,157,7950,596.7145121097565,41792,41960.76,ONE_POINT,100,100,RANDOM,
truncation_1,0.5,200,158,8000,600.5460243225098,41738,41830.6,ONE_POINT,100,100,RANDOM,
truncation_1,0.5,200,159,8050,604.3737814426422,41724,41784.58,ONE_POINT,100,100,RANDOM,
truncation_1,0.5,200,160,8100,608.2139835357666,41509,41707.39,ONE_POINT,100,100,RANDOM,
truncation_1,0.5,200,161,8150,612.0372061729431,41486,41610.24,ONE_POINT,100,100,RANDOM,
truncation_1,0.5,200,162,8200,615.8506424427032,41428,41524.3,ONE_POINT,100,100,RANDOM,
truncation_1,0.5,200,163,8250,619.7028529644012,41357,41455.0,ONE_POINT,100,100,RANDOM,
truncation_1,0.5,200,164,8300,623.5447905063629,41341,41408.47,ONE_POINT,100,100,RANDOM,
truncation_1,0.5,200,165,8350,627.3751087188721,41302,41363.26,ONE_POINT,100,100,RANDOM,
truncation_1,0.5,200,166,8400,631.1850419044495,41030,41309.81,ONE_POINT,100,100,RANDOM,
truncation_1,0.5,200,167,8450,635.0053675174713,40990,41194.17,ONE_POINT,100,100,RANDOM,
truncation_1,0.5,200,168,8500,638.8438472747803,40900,41071.04,ONE_POINT,100,100,RANDOM,
truncation_1,0.5,200,169,8550,642.6760141849518,40900,40970.15,ONE_POINT,100,100,RANDOM,
truncation_1,0.5,200,170,8600,646.5054132938385,40854,40925.96,ONE_POINT,100,100,RANDOM,
truncation_1,0.5,200,171,8650,650.3046669960022,40789,40864.8,ONE_POINT,100,100,RANDOM,
truncation_1,0.5,200,172,8700,654.1431999206543,40574,40795.75,ONE_POINT,100,100,RANDOM,
truncation_1,0.5,200,173,8750,657.9815545082092,40574,40698.75,ONE_POINT,100,100,RANDOM,
truncation_1,0.5,200,174,8800,661.8043937683105,40355,40572.38,ONE_POINT,100,100,RANDOM,
truncation_1,0.5,200,175,8850,665.6242334842682,40226,40447.56,ONE_POINT,100,100,RANDOM,
truncation_1,0.5,200,176,8900,669.4629528522491,40109,40318.96,ONE_POINT,100,100,RANDOM,
truncation_1,0.5,200,177,8950,673.2763810157776,40026,40214.9,ONE_POINT,100,100,RANDOM,
truncation_1,0.5,200,178,9000,677.0839846134186,39878,40069.85,ONE_POINT,100,100,RANDOM,
truncation_1,0.5,200,179,9050,680.8900020122528,39771,39969.4,ONE_POINT,100,100,RANDOM,
truncation_1,0.5,200,180,9100,684.7070984840393,39698,39862.54,ONE_POINT,100,100,RANDOM,
truncation_1,0.5,200,181,9150,688.5349531173706,39698,39779.43,ONE_POINT,100,100,RANDOM,
truncation_1,0.5,200,182,9200,692.4042336940765,39698,39734.48,ONE_POINT,100,100,RANDOM,
truncation_1,0.5,200,183,9250,696.2303972244263,39673,39707.37,ONE_POINT,100,100,RANDOM,
truncation_1,0.5,200,184,9300,700.0738706588745,39672,39688.73,ONE_POINT,100,100,RANDOM,
truncation_1,0.5,200,185,9350,703.88933801651,39664,39681.66,ONE_POINT,100,100,RANDOM,
truncation_1,0.5,200,186,9400,707.7068693637848,39471,39664.9,ONE_POINT,100,100,RANDOM,
truncation_1,0.5,200,187,9450,711.574266910553,39462,39603.05,ONE_POINT,100,100,RANDOM,
truncation_1,0.5,200,188,9500,715.4228279590607,39385,39525.11,ONE_POINT,100,100,RANDOM,
truncation_1,0.5,200,189,9550,719.2583637237549,39385,39452.06,ONE_POINT,100,100,RANDOM,
truncation_1,0.5,200,190,9600,723.1263926029205,39361,39418.23,ONE_POINT,100,100,RANDOM,
truncation_1,0.5,200,191,9650,726.9250383377075,39359,39391.4,ONE_POINT,100,100,RANDOM,
truncation_1,0.5,200,192,9700,730.7392132282257,39359,39371.64,ONE_POINT,100,100,RANDOM,
truncation_1,0.5,200,193,9750,734.551792383194,39190,39317.83,ONE_POINT,100,100,RANDOM,
truncation_1,0.5,200,194,9800,738.3760347366333,39190,39258.91,ONE_POINT,100,100,RANDOM,
truncation_1,0.5,200,195,9850,742.1800138950348,39116,39202.8,ONE_POINT,100,100,RANDOM,
truncation_1,0.5,200,196,9900,746.0123128890991,39111,39160.52,ONE_POINT,100,100,RANDOM,
truncation_1,0.5,200,197,9950,749.8364114761353,39076,39128.6,ONE_POINT,100,100,RANDOM,
truncation_1,0.5,200,198,10000,753.6615991592407,38867,39100.06,ONE_POINT,100,100,RANDOM,
truncation_1,0.5,200,199,10050,757.4985294342041,38778,38992.87,ONE_POINT,100,100,RANDOM,
truncation_1,0.5,200,200,10100,761.3699247837067,38676,38869.78,ONE_POINT,100,100,RANDOM,
truncation_1,0.5,200,201,10150,765.1897807121277,38562,38730.77,ONE_POINT,100,100,RANDOM,
truncation_1,0.5,200,202,10200,769.024985074997,38496,38644.8,ONE_POINT,100,100,RANDOM,
truncation_1,0.5,200,203,10250,772.8229417800903,38471,38557.18,ONE_POINT,100,100,RANDOM,
truncation_1,0.5,200,204,10300,776.6475307941437,38459,38509.13,ONE_POINT,100,100,RANDOM,
truncation_1,0.5,200,205,10350,780.4837956428528,38456,38485.18,ONE_POINT,100,100,RANDOM,
truncation_1,0.5,200,206,10400,784.3053801059723,38436,38460.12,ONE_POINT,100,100,RANDOM,
truncation_1,0.5,200,207,10450,788.1325640678406,38430,38450.43,ONE_POINT,100,100,RANDOM,
truncation_1,0.5,200,208,10500,791.9643249511719,38340,38420.85,ONE_POINT,100,100,RANDOM,
truncation_1,0.5,200,209,10550,795.7915561199188,38329,38385.69,ONE_POINT,100,100,RANDOM,
truncation_1,0.5,200,210,10600,799.6168956756592,38278,38354.42,ONE_POINT,100,100,RANDOM,
truncation_1,0.5,200,211,10650,803.3932316303253,38229,38315.98,ONE_POINT,100,100,RANDOM,
truncation_1,0.5,200,212,10700,807.2087898254395,38197,38271.75,ONE_POINT,100,100,RANDOM,
truncation_1,0.5,200,213,10750,811.0875566005707,38139,38218.55,ONE_POINT,100,100,RANDOM,
truncation_1,0.5,200,214,10800,814.9306991100311,38138,38178.29,ONE_POINT,100,100,RANDOM,
truncation_1,0.5,200,215,10850,818.7643430233002,38111,38154.53,ONE_POINT,100,100,RANDOM,
truncation_1,0.5,200,216,10900,822.6092164516449,38111,38130.29,ONE_POINT,100,100,RANDOM,
truncation_1,0.5,200,217,10950,826.4529755115509,38071,38116.21,ONE_POINT,100,100,RANDOM,
truncation_1,0.5,200,218,11000,830.333003282547,38071,38097.32,ONE_POINT,100,100,RANDOM,
truncation_1,0.5,200,219,11050,834.1367812156677,38071,38087.07,ONE_POINT,100,100,RANDOM,
truncation_1,0.5,200,220,11100,837.9643790721893,38053,38073.78,ONE_POINT,100,100,RANDOM,
truncation_1,0.5,200,221,11150,841.8760507106781,38053,38063.87,ONE_POINT,100,100,RANDOM,
truncation_1,0.5,200,222,11200,845.7277097702026,37951,38039.59,ONE_POINT,100,100,RANDOM,
truncation_1,0.5,200,223,11250,849.5703687667847,37831,37990.1,ONE_POINT,100,100,RANDOM,
truncation_1,0.5,200,224,11300,853.39688539505,37822,37923.94,ONE_POINT,100,100,RANDOM,
truncation_1,0.5,200,225,11350,857.2053802013397,37672,37840.08,ONE_POINT,100,100,RANDOM,
truncation_1,0.5,200,226,11400,861.0337615013123,37609,37753.32,ONE_POINT,100,100,RANDOM,
truncation_1,0.5,200,227,11450,864.843581199646,37529,37685.01,ONE_POINT,100,100,RANDOM,
truncation_1,0.5,200,228,11500,868.6648824214935,37478,37605.95,ONE_POINT,100,100,RANDOM,
truncation_1,0.5,200,229,11550,872.484381198883,37478,37535.44,ONE_POINT,100,100,RANDOM,
truncation_1,0.5,200,230,11600,876.3405706882477,37475,37498.61,ONE_POINT,100,100,RANDOM,
truncation_1,0.5,200,231,11650,880.1593501567841,37443,37480.41,ONE_POINT,100,100,RANDOM,
truncation_1,0.5,200,232,11700,883.9896340370178,37443,37467.58,ONE_POINT,100,100,RANDOM,
truncation_1,0.5,200,233,11750,887.8317666053772,37443,37460.9,ONE_POINT,100,100,RANDOM,
truncation_1,0.5,200,234,11800,891.6553518772125,37429,37450.03,ONE_POINT,100,100,RANDOM,
truncation_1,0.5,200,235,11850,895.4605720043182,37358,37432.59,ONE_POINT,100,100,RANDOM,
truncation_1,0.5,200,236,11900,899.2770256996155,37358,37407.48,ONE_POINT,100,100,RANDOM,
truncation_1,0.5,200,237,11950,903.145477771759,37358,37383.48,ONE_POINT,100,100,RANDOM,
truncation_1,0.5,200,238,12000,906.9442281723022,37278,37341.74,ONE_POINT,100,100,RANDOM,
truncation_1,0.5,200,239,12050,910.7366027832031,37197,37290.83,ONE_POINT,100,100,RANDOM,
truncation_1,0.5,200,240,12100,914.5717749595642,37197,37244.58,ONE_POINT,100,100,RANDOM,
truncation_1,0.5,200,241,12150,918.4000487327576,37162,37202.87,ONE_POINT,100,100,RANDOM,
truncation_1,0.5,200,242,12200,922.2383377552032,37049,37161.65,ONE_POINT,100,100,RANDOM,
truncation_1,0.5,200,243,12250,926.044882774353,36931,37106.0,ONE_POINT,100,100,RANDOM,
truncation_1,0.5,200,244,12300,929.8629593849182,36923,37030.14,ONE_POINT,100,100,RANDOM,
truncation_1,0.5,200,245,12350,933.7004730701447,36716,36954.23,ONE_POINT,100,100,RANDOM,
truncation_1,0.5,200,246,12400,937.522607088089,36656,36845.98,ONE_POINT,100,100,RANDOM,
truncation_1,0.5,200,247,12450,941.338240146637,36651,36785.32,ONE_POINT,100,100,RANDOM,
truncation_1,0.5,200,248,12500,945.1575424671173,36602,36700.54,ONE_POINT,100,100,RANDOM,
truncation_1,0.5,200,249,12550,948.9890475273132,36593,36642.29,ONE_POINT,100,100,RANDOM,
truncation_1,0.5,200,250,12600,952.8044784069061,36583,36620.61,ONE_POINT,100,100,RANDOM,
truncation_1,0.5,200,251,12650,956.6475749015808,36569,36593.9,ONE_POINT,100,100,RANDOM,
truncation_1,0.5,200,252,12700,960.5208599567413,36525,36572.23,ONE_POINT,100,100,RANDOM,
truncation_1,0.5,200,253,12750,964.328202009201,36525,36555.96,ONE_POINT,100,100,RANDOM,
truncation_1,0.5,200,254,12800,968.132651090622,36393,36538.68,ONE_POINT,100,100,RANDOM,
truncation_1,0.5,200,255,12850,971.9722361564636,36369,36486.94,ONE_POINT,100,100,RANDOM,
truncation_1,0.5,200,256,12900,975.8729681968689,36312,36440.7,ONE_POINT,100,100,RANDOM,
truncation_1,0.5,200,257,12950,979.7017259597778,36312,36384.71,ONE_POINT,100,100,RANDOM,
truncation_1,0.5,200,258,13000,983.5232176780701,36307,36343.91,ONE_POINT,100,100,RANDOM,
truncation_1,0.5,200,259,13050,987.3798449039459,36303,36320.29,ONE_POINT,100,100,RANDOM,
truncation_1,0.5,200,260,13100,991.2001731395721,36286,36305.98,ONE_POINT,100,100,RANDOM,
truncation_1,0.5,200,261,13150,995.0328979492188,36257,36295.69,ONE_POINT,100,100,RANDOM,
truncation_1,0.5,200,262,13200,998.8546447753906,36248,36285.1,ONE_POINT,100,100,RANDOM,
truncation_1,0.5,200,263,13250,1002.702782869339,36242,36270.61,ONE_POINT,100,100,RANDOM,
truncation_1,0.5,200,264,13300,1006.542289018631,36193,36247.45,ONE_POINT,100,100,RANDOM,
truncation_1,0.5,200,265,13350,1010.401070356369,36193,36228.86,ONE_POINT,100,100,RANDOM,
truncation_1,0.5,200,266,13400,1014.2194890975952,36191,36210.44,ONE_POINT,100,100,RANDOM,
truncation_1,0.5,200,267,13450,1018.031852722168,36136,36187.14,ONE_POINT,100,100,RANDOM,
truncation_1,0.5,200,268,13500,1021.8684704303741,36053,36148.65,ONE_POINT,100,100,RANDOM,
truncation_1,0.5,200,269,13550,1025.6933553218842,36015,36107.13,ONE_POINT,100,100,RANDOM,
truncation_1,0.5,200,270,13600,1029.5217270851135,35970,36062.21,ONE_POINT,100,100,RANDOM,
truncation_1,0.5,200,271,13650,1033.3498578071594,35965,36020.41,ONE_POINT,100,100,RANDOM,
truncation_1,0.5,200,272,13700,1037.1886358261108,35891,35970.17,ONE_POINT,100,100,RANDOM,
truncation_1,0.5,200,273,13750,1041.0260701179504,35679,35908.99,ONE_POINT,100,100,RANDOM,
truncation_1,0.5,200,274,13800,1044.883067369461,35668,35799.24,ONE_POINT,100,100,RANDOM,
truncation_1,0.5,200,275,13850,1048.7103896141052,35668,35712.44,ONE_POINT,100,100,RANDOM,
truncation_1,0.5,200,276,13900,1052.5171370506287,35633,35664.46,ONE_POINT,100,100,RANDOM,
truncation_1,0.5,200,277,13950,1056.3733594417572,35604,35650.38,ONE_POINT,100,100,RANDOM,
truncation_1,0.5,200,278,14000,1060.1963975429535,35592,35631.51,ONE_POINT,100,100,RANDOM,
truncation_1,0.5,200,279,14050,1064.0293364524841,35571,35612.95,ONE_POINT,100,100,RANDOM,
truncation_1,0.5,200,280,14100,1067.8491559028625,35564,35593.27,ONE_POINT,100,100,RANDOM,
truncation_1,0.5,200,281,14150,1071.6896193027496,35549,35580.03,ONE_POINT,100,100,RANDOM,
truncation_1,0.5,200,282,14200,1075.554748058319,35529,35563.21,ONE_POINT,100,100,RANDOM,
truncation_1,0.5,200,283,14250,1079.3741340637207,35529,35549.16,ONE_POINT,100,100,RANDOM,
truncation_1,0.5,200,284,14300,1083.2268114089966,35408,35514.52,ONE_POINT,100,100,RANDOM,
truncation_1,0.5,200,285,14350,1087.0412440299988,35408,35472.94,ONE_POINT,100,100,RANDOM,
truncation_1,0.5,200,286,14400,1090.8543229103088,35408,35438.48,ONE_POINT,100,100,RANDOM,
truncation_1,0.5,200,287,14450,1094.702178478241,35395,35410.6,ONE_POINT,100,100,RANDOM,
truncation_1,0.5,200,288,14500,1098.5327198505402,35394,35402.84,ONE_POINT,100,100,RANDOM,
truncation_1,0.5,200,289,14550,1102.3527176380157,35378,35396.24,ONE_POINT,100,100,RANDOM,
truncation_1,0.5,200,290,14600,1106.1850039958954,35364,35385.71,ONE_POINT,100,100,RANDOM,
truncation_1,0.5,200,291,14650,1110.0350365638733,35346,35377.15,ONE_POINT,100,100,RANDOM,
truncation_1,0.5,200,292,14700,1113.8837113380432,35344,35366.57,ONE_POINT,100,100,RANDOM,
truncation_1,0.5,200,293,14750,1117.7021231651306,35344,35355.25,ONE_POINT,100,100,RANDOM,
truncation_1,0.5,200,294,14800,1121.6263523101807,35271,35340.65,ONE_POINT,100,100,RANDOM,
truncation_1,0.5,200,295,14850,1125.4829449653625,35181,35296.76,ONE_POINT,100,100,RANDOM,
truncation_1,0.5,200,296,14900,1129.307461977005,35181,35257.01,ONE_POINT,100,100,RANDOM,
truncation_1,0.5,200,297,14950,1133.1403760910034,35121,35198.6,ONE_POINT,100,100,RANDOM,
truncation_1,0.5,200,298,15000,1136.9574480056763,35116,35162.56,ONE_POINT,100,100,RANDOM,
truncation_1,0.5,200,299,15050,1140.8031642436981,35103,35146.45,ONE_POINT,100,100,RANDOM,
truncation_1,0.5,200,300,15100,1144.6484513282776,35103,35126.87,ONE_POINT,100,100,RANDOM,
truncation_1,0.5,200,301,15150,1148.4770181179047,35098,35107.7,ONE_POINT,100,100,RANDOM,
truncation_1,0.5,200,302,15200,1152.3098740577698,35098,35103.56,ONE_POINT,100,100,RANDOM,
truncation_1,0.5,200,303,15250,1156.1302111148834,35084,35098.97,ONE_POINT,100,100,RANDOM,
truncation_1,0.5,200,304,15300,1159.9733755588531,35077,35092.56,ONE_POINT,100,100,RANDOM,
truncation_1,0.5,200,305,15350,1163.7991557121277,35077,35088.21,ONE_POINT,100,100,RANDOM,
truncation_1,0.5,200,306,15400,1167.6111698150635,35074,35082.41,ONE_POINT,100,100,RANDOM,
truncation_1,0.5,200,307,15450,1171.425402879715,35074,35077.36,ONE_POINT,100,100,RANDOM,
truncation_1,0.5,200,308,15500,1175.2504386901855,35074,35075.17,ONE_POINT,100,100,RANDOM,
truncation_1,0.5,200,309,15550,1179.05233335495,35073,35074.3,ONE_POINT,100,100,RANDOM,
truncation_1,0.5,200,310,15600,1182.9012758731842,35055,35069.97,ONE_POINT,100,100,RANDOM,
truncation_1,0.5,200,311,15650,1186.72674036026,35044,35065.85,ONE_POINT,100,100,RANDOM,
truncation_1,0.5,200,312,15700,1190.5605494976044,35044,35059.46,ONE_POINT,100,100,RANDOM,
truncation_1,0.5,200,313,15750,1194.3495626449585,34996,35042.22,ONE_POINT,100,100,RANDOM,
truncation_1,0.5,200,314,15800,1198.1745626926422,34996,35023.34,ONE_POINT,100,100,RANDOM,
truncation_1,0.5,200,315,15850,1202.0044960975647,34978,35008.32,ONE_POINT,100,100,RANDOM,
truncation_1,0.5,200,316,15900,1205.8543229103088,34955,34989.76,ONE_POINT,100,100,RANDOM,
truncation_1,0.5,200,317,15950,1209.686482667923,34949,34976.57,ONE_POINT,100,100,RANDOM,
truncation_1,0.5,200,318,16000,1213.5003416538239,34882,34955.92,ONE_POINT,100,100,RANDOM,
truncation_1,0.5,200,319,16050,1217.3043739795685,34882,34928.88,ONE_POINT,100,100,RANDOM,
truncation_1,0.5,200,320,16100,1221.1404485702515,34881,34904.13,ONE_POINT,100,100,RANDOM,
truncation_1,0.5,200,321,16150,1224.9501326084137,34791,34873.77,ONE_POINT,100,100,RANDOM,
truncation_1,0.5,200,322,16200,1228.7910380363464,34677,34835.27,ONE_POINT,100,100,RANDOM,
truncation_1,0.5,200,323,16250,1232.609189748764,34677,34783.16,ONE_POINT,100,100,RANDOM,
truncation_1,0.5,200,324,16300,1236.4786965847015,34640,34732.6,ONE_POINT,100,100,RANDOM,
truncation_1,0.5,200,325,16350,1240.2986238002777,34640,34681.36,ONE_POINT,100,100,RANDOM,
truncation_1,0.5,200,326,16400,1244.1469342708588,34640,34656.13,ONE_POINT,100,100,RANDOM,
truncation_1,0.5,200,327,16450,1247.9815390110016,34584,34630.15,ONE_POINT,100,100,RANDOM,
truncation_1,0.5,200,328,16500,1251.841475725174,34584,34614.59,ONE_POINT,100,100,RANDOM,
truncation_1,0.5,200,329,16550,1255.713851928711,34554,34597.91,ONE_POINT,100,100,RANDOM,
truncation_1,0.5,200,330,16600,1259.5427794456482,34238,34536.36,ONE_POINT,100,100,RANDOM,
truncation_1,0.5,200,331,16650,1263.383219242096,34229,34423.89,ONE_POINT,100,100,RANDOM,
truncation_1,0.5,200,332,16700,1267.2070336341858,34216,34307.77,ONE_POINT,100,100,RANDOM,
truncation_1,0.5,200,333,16750,1271.020439863205,34213,34233.96,ONE_POINT,100,100,RANDOM,
truncation_1,0.5,200,334,16800,1274.8589544296265,34151,34204.87,ONE_POINT,100,100,RANDOM,
truncation_1,0.5,200,335,16850,1278.6979851722717,34151,34183.27,ONE_POINT,100,100,RANDOM,
truncation_1,0.5,200,336,16900,1282.5186970233917,34151,34165.14,ONE_POINT,100,100,RANDOM,
truncation_1,0.5,200,337,16950,1286.3162331581116,34116,34152.45,ONE_POINT,100,100,RANDOM,
truncation_1,0.5,200,338,17000,1290.1401808261871,34113,34139.11,ONE_POINT,100,100,RANDOM,
truncation_1,0.5,200,339,17050,1293.9751648902893,34110,34129.95,ONE_POINT,100,100,RANDOM,
truncation_1,0.5,200,340,17100,1297.8204944133759,34016,34093.89,ONE_POINT,100,100,RANDOM,
truncation_1,0.5,200,341,17150,1301.6567604541779,34016,34068.62,ONE_POINT,100,100,RANDOM,
truncation_1,0.5,200,342,17200,1305.5155940055847,34016,34044.8,ONE_POINT,100,100,RANDOM,
truncation_1,0.5,200,343,17250,1309.391298532486,34016,34021.79,ONE_POINT,100,100,RANDOM,
truncation_1,0.5,200,344,17300,1313.231924533844,34009,34015.9,ONE_POINT,100,100,RANDOM,
truncation_1,0.5,200,345,17350,1317.0827677249908,34009,34013.54,ONE_POINT,100,100,RANDOM,
truncation_1,0.5,200,346,17400,1320.9261436462402,33998,34011.3,ONE_POINT,100,100,RANDOM,
truncation_1,0.5,200,347,17450,1324.7946610450745,33998,34007.19,ONE_POINT,100,100,RANDOM,
truncation_1,0.5,200,348,17500,1328.6535427570343,33978,33997.7,ONE_POINT,100,100,RANDOM,
truncation_1,0.5,200,349,17550,1332.5112538337708,33978,33989.36,ONE_POINT,100,100,RANDOM,
truncation_1,0.5,200,350,17600,1336.3275916576385,33917,33973.43,ONE_POINT,100,100,RANDOM,
truncation_1,0.5,200,351,17650,1340.1884596347809,33917,33954.49,ONE_POINT,100,100,RANDOM,
truncation_1,0.5,200,352,17700,1344.0394735336304,33917,33940.7,ONE_POINT,100,100,RANDOM,
truncation_1,0.5,200,353,17750,1347.9131796360016,33875,33916.74,ONE_POINT,100,100,RANDOM,
truncation_1,0.5,200,354,17800,1351.7332246303558,33875,33903.19,ONE_POINT,100,100,RANDOM,
truncation_1,0.5,200,355,17850,1355.5608215332031,33874,33893.27,ONE_POINT,100,100,RANDOM,
truncation_1,0.5,200,356,17900,1359.3879709243774,33874,33881.89,ONE_POINT,100,100,RANDOM,
truncation_1,0.5,200,357,17950,1363.2184853553772,33868,33875.92,ONE_POINT,100,100,RANDOM,
truncation_1,0.5,200,358,18000,1367.0530471801758,33868,33872.09,ONE_POINT,100,100,RANDOM,
truncation_1,0.5,200,359,18050,1371.1005809307098,33867,33870.72,ONE_POINT,100,100,RANDOM,
truncation_1,0.5,200,360,18100,1375.0004398822784,33817,33856.01,ONE_POINT,100,100,RANDOM,
truncation_1,0.5,200,361,18150,1378.8344554901123,33805,33840.62,ONE_POINT,100,100,RANDOM,
truncation_1,0.5,200,362,18200,1382.6585326194763,33805,33822.94,ONE_POINT,100,100,RANDOM,
truncation_1,0.5,200,363,18250,1386.488928079605,33786,33808.61,ONE_POINT,100,100,RANDOM,
truncation_1,0.5,200,364,18300,1390.3129272460938,33776,33798.64,ONE_POINT,100,100,RANDOM,
truncation_1,0.5,200,365,18350,1394.2068226337433,33745,33782.53,ONE_POINT,100,100,RANDOM,
truncation_1,0.5,200,366,18400,1398.022213459015,33730,33764.71,ONE_POINT,100,100,RANDOM,
truncation_1,0.5,200,367,18450,1401.8325452804565,33730,33749.57,ONE_POINT,100,100,RANDOM,
truncation_1,0.5,200,368,18500,1405.6681106090546,33715,33735.97,ONE_POINT,100,100,RANDOM,
truncation_1,0.5,200,369,18550,1409.5087761878967,33710,33728.52,ONE_POINT,100,100,RANDOM,
truncation_1,0.5,200,370,18600,1413.355016708374,33643,33707.98,ONE_POINT,100,100,RANDOM,
truncation_1,0.5,200,371,18650,1417.1724450588226,33641,33678.37,ONE_POINT,100,100,RANDOM,
truncation_1,0.5,200,372,18700,1421.0067164897919,33578,33657.04,ONE_POINT,100,100,RANDOM,
truncation_1,0.5,200,373,18750,1424.8447525501251,33578,33631.74,ONE_POINT,100,100,RANDOM,
truncation_1,0.5,200,374,18800,1428.6926987171173,33570,33609.27,ONE_POINT,100,100,RANDOM,
truncation_1,0.5,200,375,18850,1432.5225338935852,33570,33593.2,ONE_POINT,100,100,RANDOM,
truncation_1,0.5,200,376,18900,1436.3425199985504,33566,33575.72,ONE_POINT,100,100,RANDOM,
truncation_1,0.5,200,377,18950,1440.175402879715,33566,33570.51,ONE_POINT,100,100,RANDOM,
truncation_1,0.5,200,378,19000,1443.995266199112,33545,33566.83,ONE_POINT,100,100,RANDOM,
truncation_1,0.5,200,379,19050,1447.8487865924835,33545,33561.49,ONE_POINT,100,100,RANDOM,
truncation_1,0.5,200,380,19100,1451.6985182762146,33539,33554.29,ONE_POINT,100,100,RANDOM,
truncation_1,0.5,200,381,19150,1455.5454380512238,33539,33547.8,ONE_POINT,100,100,RANDOM,
truncation_1,0.5,200,382,19200,1459.429400920868,33534,33542.86,ONE_POINT,100,100,RANDOM,
truncation_1,0.5,200,383,19250,1463.251431941986,33534,33538.46,ONE_POINT,100,100,RANDOM,
truncation_1,0.5,200,384,19300,1467.1002831459045,33534,33536.59,ONE_POINT,100,100,RANDOM,
truncation_1,0.5,200,385,19350,1470.992266178131,33533,33535.39,ONE_POINT,100,100,RANDOM,
truncation_1,0.5,200,386,19400,1474.8492455482483,33533,33534.07,ONE_POINT,100,100,RANDOM,
truncation_1,0.5,200,387,19450,1478.700587272644,33530,33532.72,ONE_POINT,100,100,RANDOM,
truncation_1,0.5,200,388,19500,1482.5532422065735,33375,33508.42,ONE_POINT,100,100,RANDOM,
truncation_1,0.5,200,389,19550,1486.407166004181,33360,33456.8,ONE_POINT,100,100,RANDOM,
truncation_1,0.5,200,390,19600,1490.2310359477997,33337,33402.02,ONE_POINT,100,100,RANDOM,
truncation_1,0.5,200,391,19650,1494.0712552070618,33330,33356.7,ONE_POINT,100,100,RANDOM,
truncation_1,0.5,200,392,19700,1497.9151875972748,33321,33341.81,ONE_POINT,100,100,RANDOM,
truncation_1,0.5,200,393,19750,1501.744641304016,33223,33327.05,ONE_POINT,100,100,RANDOM,
truncation_1,0.5,200,394,19800,1505.5694665908813,33201,33286.98,ONE_POINT,100,100,RANDOM,
truncation_1,0.5,200,395,19850,1509.3734021186829,33156,33243.45,ONE_POINT,100,100,RANDOM,
truncation_1,0.5,200,396,19900,1513.22354722023,33149,33196.26,ONE_POINT,100,100,RANDOM,
truncation_1,0.5,200,397,19950,1517.0622444152832,33139,33172.01,ONE_POINT,100,100,RANDOM,
truncation_1,0.5,200,398,20000,1520.9247679710388,33119,33152.0,ONE_POINT,100,100,RANDOM,
truncation_1,0.5,200,399,20050,1524.7591304779053,33119,33138.08,ONE_POINT,100,100,RANDOM,
truncation_1,0.5,200,400,20100,1528.601714849472,33087,33127.3,ONE_POINT,100,100,RANDOM,
truncation_1,0.5,200,401,20150,1532.4515433311462,33087,33115.26,ONE_POINT,100,100,RANDOM,
truncation_1,0.5,200,402,20200,1536.3120069503784,33074,33103.02,ONE_POINT,100,100,RANDOM,
truncation_1,0.5,200,403,20250,1540.181500196457,33070,33090.89,ONE_POINT,100,100,RANDOM,
truncation_1,0.5,200,404,20300,1544.0015580654144,33070,33080.79,ONE_POINT,100,100,RANDOM,
truncation_1,0.5,200,405,20350,1547.8202216625214,33070,33074.29,ONE_POINT,100,100,RANDOM,
truncation_1,0.5,200,406,20400,1551.6785309314728,33070,33070.5,ONE_POINT,100,100,RANDOM,
truncation_1,0.5,200,407,20450,1555.5251610279083,33070,33070.0,ONE_POINT,100,100,RANDOM,
truncation_1,0.5,200,408,20500,1559.3742933273315,33061,33068.94,ONE_POINT,100,100,RANDOM,
truncation_1,0.5,200,409,20550,1563.2389640808105,33061,33066.66,ONE_POINT,100,100,RANDOM,
truncation_1,0.5,200,410,20600,1567.0772593021393,33060,33063.98,ONE_POINT,100,100,RANDOM,
truncation_1,0.5,200,411,20650,1570.8854677677155,33060,33062.03,ONE_POINT,100,100,RANDOM,
truncation_1,0.5,200,412,20700,1574.7368149757385,32999,33052.11,ONE_POINT,100,100,RANDOM,
truncation_1,0.5,200,413,20750,1578.5710356235504,32963,33030.99,ONE_POINT,100,100,RANDOM,
truncation_1,0.5,200,414,20800,1582.4053072929382,32963,33004.99,ONE_POINT,100,100,RANDOM,
truncation_1,0.5,200,415,20850,1586.242030620575,32962,32976.64,ONE_POINT,100,100,RANDOM,
truncation_1,0.5,200,416,20900,1590.095091342926,32957,32964.15,ONE_POINT,100,100,RANDOM,
truncation_1,0.5,200,417,20950,1593.936107635498,32957,32960.06,ONE_POINT,100,100,RANDOM,
truncation_1,0.5,200,418,21000,1597.7727808952332,32957,32958.8,ONE_POINT,100,100,RANDOM,
truncation_1,0.5,200,419,21050,1601.6118986606598,32954,32957.15,ONE_POINT,100,100,RANDOM,
truncation_1,0.5,200,420,21100,1605.4577555656433,32888,32943.84,ONE_POINT,100,100,RANDOM,
truncation_1,0.5,200,421,21150,1609.3539230823517,32888,32925.99,ONE_POINT,100,100,RANDOM,
truncation_1,0.5,200,422,21200,1613.2628259658813,32870,32908.58,ONE_POINT,100,100,RANDOM,
truncation_1,0.5,200,423,21250,1617.1282551288605,32870,32883.52,ONE_POINT,100,100,RANDOM,
truncation_1,0.5,200,424,21300,1621.0004320144653,32870,32877.43,ONE_POINT,100,100,RANDOM,
truncation_1,0.5,200,425,21350,1624.829829454422,32867,32871.8,ONE_POINT,100,100,RANDOM,
truncation_1,0.5,200,426,21400,1628.6440567970276,32867,32868.69,ONE_POINT,100,100,RANDOM,
truncation_1,0.5,200,427,21450,1632.4817850589752,32866,32867.9,ONE_POINT,100,100,RANDOM,
truncation_1,0.5,200,428,21500,1636.3340759277344,32866,32866.99,ONE_POINT,100,100,RANDOM,
truncation_1,0.5,200,429,21550,1640.1586425304413,32862,32865.83,ONE_POINT,100,100,RANDOM,
truncation_1,0.5,200,430,21600,1643.9692678451538,32832,32859.23,ONE_POINT,100,100,RANDOM,
truncation_1,0.5,200,431,21650,1647.7903852462769,32822,32850.64,ONE_POINT,100,100,RANDOM,
truncation_1,0.5,200,432,21700,1651.6062450408936,32814,32837.84,ONE_POINT,100,100,RANDOM,
truncation_1,0.5,200,433,21750,1655.4275736808777,32792,32822.7,ONE_POINT,100,100,RANDOM,
truncation_1,0.5,200,434,21800,1659.2346370220184,32791,32810.38,ONE_POINT,100,100,RANDOM,
truncation_1,0.5,200,435,21850,1663.0607333183289,32791,32802.68,ONE_POINT,100,100,RANDOM,
truncation_1,0.5,200,436,21900,1666.8988525867462,32787,32796.3,ONE_POINT,100,100,RANDOM,
truncation_1,0.5,200,437,21950,1670.770327091217,32773,32787.47,ONE_POINT,100,100,RANDOM,
truncation_1,0.5,200,438,22000,1674.5870442390442,32773,32783.21,ONE_POINT,100,100,RANDOM,
truncation_1,0.5,200,439,22050,1678.4018442630768,32688,32773.47,ONE_POINT,100,100,RANDOM,
truncation_1,0.5,200,440,22100,1682.2564344406128,32688,32750.01,ONE_POINT,100,100,RANDOM,
truncation_1,0.5,200,441,22150,1686.071530342102,32688,32727.12,ONE_POINT,100,100,RANDOM,
truncation_1,0.5,200,442,22200,1689.8899035453796,32688,32705.43,ONE_POINT,100,100,RANDOM,
truncation_1,0.5,200,443,22250,1693.7074754238129,32688,32689.43,ONE_POINT,100,100,RANDOM,
truncation_1,0.5,200,444,22300,1697.5600163936615,32654,32683.58,ONE_POINT,100,100,RANDOM,
truncation_1,0.5,200,445,22350,1701.3822791576385,32651,32674.27,ONE_POINT,100,100,RANDOM,
truncation_1,0.5,200,446,22400,1705.216152191162,32637,32662.57,ONE_POINT,100,100,RANDOM,
truncation_1,0.5,200,447,22450,1709.046624660492,32637,32651.42,ONE_POINT,100,100,RANDOM,
truncation_1,0.5,200,448,22500,1712.8767108917236,32637,32644.39,ONE_POINT,100,100,RANDOM,
truncation_1,0.5,200,449,22550,1716.7361555099487,32637,32639.69,ONE_POINT,100,100,RANDOM,
truncation_1,0.5,200,450,22600,1720.5620894432068,32637,32637.22,ONE_POINT,100,100,RANDOM,
truncation_1,0.5,200,451,22650,1724.4157900810242,32637,32637.0,ONE_POINT,100,100,RANDOM,
truncation_1,0.5,200,452,22700,1728.2483036518097,32637,32637.0,ONE_POINT,100,100,RANDOM,
truncation_1,0.5,200,453,22750,1732.088636636734,32604,32636.0,ONE_POINT,100,100,RANDOM,
truncation_1,0.5,200,454,22800,1735.9595530033112,32604,32627.43,ONE_POINT,100,100,RANDOM,
truncation_1,0.5,200,455,22850,1739.8191440105438,32585,32613.36,ONE_POINT,100,100,RANDOM,
truncation_1,0.5,200,456,22900,1743.6770992279053,32555,32601.25,ONE_POINT,100,100,RANDOM,
truncation_1,0.5,200,457,22950,1747.5291996002197,32450,32573.72,ONE_POINT,100,100,RANDOM,
truncation_1,0.5,200,458,23000,1751.3631267547607,32435,32530.59,ONE_POINT,100,100,RANDOM,
truncation_1,0.5,200,459,23050,1755.235597372055,32433,32483.31,ONE_POINT,100,100,RANDOM,
truncation_1,0.5,200,460,23100,1759.1073336601257,32431,32442.77,ONE_POINT,100,100,RANDOM,
truncation_1,0.5,200,461,23150,1762.96164560318,32426,32433.52,ONE_POINT,100,100,RANDOM,
truncation_1,0.5,200,462,23200,1766.7717366218567,32390,32427.27,ONE_POINT,100,100,RANDOM,
truncation_1,0.5,200,463,23250,1770.6089186668396,32390,32418.05,ONE_POINT,100,100,RANDOM,
truncation_1,0.5,200,464,23300,1774.4329624176025,32381,32404.99,ONE_POINT,100,100,RANDOM,
truncation_1,0.5,200,465,23350,1778.315782546997,32372,32394.27,ONE_POINT,100,100,RANDOM,
truncation_1,0.5,200,466,23400,1782.1333463191986,32363,32382.94,ONE_POINT,100,100,RANDOM,
truncation_1,0.5,200,467,23450,1785.981407880783,32350,32375.76,ONE_POINT,100,100,RANDOM,
truncation_1,0.5,200,468,23500,1789.8275315761566,32327,32362.72,ONE_POINT,100,100,RANDOM,
truncation_1,0.5,200,469,23550,1793.670315504074,32316,32350.48,ONE_POINT,100,100,RANDOM,
truncation_1,0.5,200,470,23600,1797.507077217102,32316,32336.77,ONE_POINT,100,100,RANDOM,
truncation_1,0.5,200,471,23650,1801.4216837882996,32312,32324.97,ONE_POINT,100,100,RANDOM,
truncation_1,0.5,200,472,23700,1805.337732076645,32312,32317.31,ONE_POINT,100,100,RANDOM,
truncation_1,0.5,200,473,23750,1809.2074694633484,32303,32314.55,ONE_POINT,100,100,RANDOM,
truncation_1,0.5,200,474,23800,1813.031703710556,32303,32310.38,ONE_POINT,100,100,RANDOM,
truncation_1,0.5,200,475,23850,1816.8596601486206,32300,32307.56,ONE_POINT,100,100,RANDOM,
truncation_1,0.5,200,476,23900,1820.7168564796448,32300,32304.47,ONE_POINT,100,100,RANDOM,
truncation_1,0.5,200,477,23950,1824.5781123638153,32291,32299.83,ONE_POINT,100,100,RANDOM,
truncation_1,0.5,200,478,24000,1828.4451789855957,32290,32295.94,ONE_POINT,100,100,RANDOM,
truncation_1,0.5,200,479,24050,1832.315902709961,32248,32291.01,ONE_POINT,100,100,RANDOM,
truncation_1,0.5,200,480,24100,1836.1858222484589,32247,32277.16,ONE_POINT,100,100,RANDOM,
truncation_1,0.5,200,481,24150,1840.018076658249,32247,32269.22,ONE_POINT,100,100,RANDOM,
truncation_1,0.5,200,482,24200,1843.8378992080688,32247,32258.44,ONE_POINT,100,100,RANDOM,
truncation_1,0.5,200,483,24250,1847.6691462993622,32247,32249.83,ONE_POINT,100,100,RANDOM,
truncation_1,0.5,200,484,24300,1851.521884918213,32241,32246.25,ONE_POINT,100,100,RANDOM,
truncation_1,0.5,200,485,24350,1855.37322640419,32241,32244.68,ONE_POINT,100,100,RANDOM,
truncation_1,0.5,200,486,24400,1859.2314717769623,32241,32243.42,ONE_POINT,100,100,RANDOM,
truncation_1,0.5,200,487,24450,1863.0868849754333,32241,32242.4,ONE_POINT,100,100,RANDOM,
truncation_1,0.5,200,488,24500,1866.9258074760437,32241,32241.15,ONE_POINT,100,100,RANDOM,
truncation_1,0.5,200,489,24550,1870.8150162696838,32239,32240.94,ONE_POINT,100,100,RANDOM,
truncation_1,0.5,200,490,24600,1874.672462463379,32236,32239.99,ONE_POINT,100,100,RANDOM,
truncation_1,0.5,200,491,24650,1878.5137948989868,32187,32232.03,ONE_POINT,100,100,RANDOM,
truncation_1,0.5,200,492,24700,1882.338160276413,32187,32217.98,ONE_POINT,100,100,RANDOM,
truncation_1,0.5,200,493,24750,1886.1580674648285,32187,32206.4,ONE_POINT,100,100,RANDOM,
truncation_1,0.5,200,494,24800,1890.0082516670227,32136,32192.33,ONE_POINT,100,100,RANDOM,
truncation_1,0.5,200,495,24850,1893.8870737552643,32136,32172.4,ONE_POINT,100,100,RANDOM,
truncation_1,0.5,200,496,24900,1897.7286126613617,32127,32153.25,ONE_POINT,100,100,RANDOM,
truncation_1,0.5,200,497,24950,1901.5809659957886,32127,32137.63,ONE_POINT,100,100,RANDOM,
truncation_1,0.5,200,498,25000,1905.4498217105865,32122,32128.43,ONE_POINT,100,100,RANDOM,
truncation_1,0.5,200,499,25050,1909.3122911453247,32122,32125.34,ONE_POINT,100,100,RANDOM,
truncation_1,0.5,200,500,25100,1913.1333169937134,32119,32123.8,ONE_POINT,100,100,RANDOM,
truncation_1,0.5,220,1,150,3.811893939971924,134203,141487.13,ONE_POINT,100,100,RANDOM,
truncation_1,0.5,220,2,200,7.662243843078613,130509,134283.42,ONE_POINT,100,100,RANDOM,
truncation_1,0.5,220,3,250,11.53936243057251,125862,130398.52,ONE_POINT,100,100,RANDOM,
truncation_1,0.5,220,4,300,15.37848711013794,121561,125973.48,ONE_POINT,100,100,RANDOM,
truncation_1,0.5,220,5,350,19.206536531448364,120317,122625.87,ONE_POINT,100,100,RANDOM,
truncation_1,0.5,220,6,400,23.06419563293457,115331,119546.09,ONE_POINT,100,100,RANDOM,
truncation_1,0.5,220,7,450,26.937816619873047,111880,115798.83,ONE_POINT,100,100,RANDOM,
truncation_1,0.5,220,8,500,30.796706676483154,110174,112521.5,ONE_POINT,100,100,RANDOM,
truncation_1,0.5,220,9,550,34.63521194458008,108504,110357.4,ONE_POINT,100,100,RANDOM,
truncation_1,0.5,220,10,600,38.464157581329346,106847,108838.74,ONE_POINT,100,100,RANDOM,
truncation_1,0.5,220,11,650,42.30534482002258,105091,107299.28,ONE_POINT,100,100,RANDOM,
truncation_1,0.5,220,12,700,46.09236788749695,104650,105770.41,ONE_POINT,100,100,RANDOM,
truncation_1,0.5,220,13,750,49.881202697753906,103682,104752.27,ONE_POINT,100,100,RANDOM,
truncation_1,0.5,220,14,800,53.695934534072876,103195,104079.69,ONE_POINT,100,100,RANDOM,
truncation_1,0.5,220,15,850,57.54988241195679,101666,103347.08,ONE_POINT,100,100,RANDOM,
truncation_1,0.5,220,16,900,61.42339205741882,99264,102054.2,ONE_POINT,100,100,RANDOM,
truncation_1,0.5,220,17,950,65.26321029663086,97169,99920.36,ONE_POINT,100,100,RANDOM,
truncation_1,0.5,220,18,1000,69.066153049469,94900,97561.06,ONE_POINT,100,100,RANDOM,
truncation_1,0.5,220,19,1050,72.88996005058289,93082,95234.77,ONE_POINT,100,100,RANDOM,
truncation_1,0.5,220,20,1100,76.70717000961304,92760,93651.0,ONE_POINT,100,100,RANDOM,
truncation_1,0.5,220,21,1150,80.59801816940308,92467,92958.01,ONE_POINT,100,100,RANDOM,
truncation_1,0.5,220,22,1200,84.42402529716492,91987,92529.55,ONE_POINT,100,100,RANDOM,
truncation_1,0.5,220,23,1250,88.25275182723999,91493,92147.22,ONE_POINT,100,100,RANDOM,
truncation_1,0.5,220,24,1300,92.06778025627136,91076,91739.84,ONE_POINT,100,100,RANDOM,
truncation_1,0.5,220,25,1350,95.89119982719421,89017,91174.51,ONE_POINT,100,100,RANDOM,
truncation_1,0.5,220,26,1400,99.70455169677734,88281,90028.62,ONE_POINT,100,100,RANDOM,
truncation_1,0.5,220,27,1450,103.55746650695801,87098,88511.58,ONE_POINT,100,100,RANDOM,
truncation_1,0.5,220,28,1500,107.42833232879639,86703,87564.82,ONE_POINT,100,100,RANDOM,
truncation_1,0.5,220,29,1550,111.25940561294556,84725,86451.8,ONE_POINT,100,100,RANDOM,
truncation_1,0.5,220,30,1600,115.08341073989868,83918,85398.33,ONE_POINT,100,100,RANDOM,
truncation_1,0.5,220,31,1650,118.92787790298462,83915,84372.73,ONE_POINT,100,100,RANDOM,
truncation_1,0.5,220,32,1700,122.75050687789917,82878,83745.26,ONE_POINT,100,100,RANDOM,
truncation_1,0.5,220,33,1750,126.59825158119202,82111,83145.49,ONE_POINT,100,100,RANDOM,
truncation_1,0.5,220,34,1800,130.44543075561523,81481,82371.05,ONE_POINT,100,100,RANDOM,
truncation_1,0.5,220,35,1850,134.29512977600098,79795,81632.84,ONE_POINT,100,100,RANDOM,
truncation_1,0.5,220,36,1900,138.13832306861877,79430,80609.6,ONE_POINT,100,100,RANDOM,
truncation_1,0.5,220,37,1950,141.95828819274902,78098,79735.66,ONE_POINT,100,100,RANDOM,
truncation_1,0.5,220,38,2000,145.76491689682007,77274,78500.87,ONE_POINT,100,100,RANDOM,
truncation_1,0.5,220,39,2050,149.59270095825195,77105,77576.68,ONE_POINT,100,100,RANDOM,
truncation_1,0.5,220,40,2100,153.4375298023224,76573,77108.65,ONE_POINT,100,100,RANDOM,
truncation_1,0.5,220,41,2150,157.29892444610596,74744,76192.18,ONE_POINT,100,100,RANDOM,
truncation_1,0.5,220,42,2200,161.11534452438354,74083,75152.51,ONE_POINT,100,100,RANDOM,
truncation_1,0.5,220,43,2250,164.95253157615662,73650,74363.04,ONE_POINT,100,100,RANDOM,
truncation_1,0.5,220,44,2300,168.78930735588074,73002,73827.21,ONE_POINT,100,100,RANDOM,
truncation_1,0.5,220,45,2350,172.6222448348999,71871,73178.21,ONE_POINT,100,100,RANDOM,
truncation_1,0.5,220,46,2400,176.44735670089722,71299,72258.13,ONE_POINT,100,100,RANDOM,
truncation_1,0.5,220,47,2450,180.27326560020447,70775,71528.99,ONE_POINT,100,100,RANDOM,
truncation_1,0.5,220,48,2500,184.1089644432068,69577,70694.09,ONE_POINT,100,100,RANDOM,
truncation_1,0.5,220,49,2550,187.94000816345215,68980,69972.93,ONE_POINT,100,100,RANDOM,
truncation_1,0.5,220,50,2600,191.76930475234985,68421,69308.48,ONE_POINT,100,100,RANDOM,
truncation_1,0.5,220,51,2650,195.62388443946838,68108,68703.2,ONE_POINT,100,100,RANDOM,
truncation_1,0.5,220,52,2700,199.42804288864136,67638,68265.59,ONE_POINT,100,100,RANDOM,
truncation_1,0.5,220,53,2750,203.2466757297516,66814,67755.09,ONE_POINT,100,100,RANDOM,
truncation_1,0.5,220,54,2800,207.07911562919617,66171,67153.97,ONE_POINT,100,100,RANDOM,
truncation_1,0.5,220,55,2850,210.91633915901184,65614,66620.18,ONE_POINT,100,100,RANDOM,
truncation_1,0.5,220,56,2900,214.78538465499878,65193,66080.96,ONE_POINT,100,100,RANDOM,
truncation_1,0.5,220,57,2950,218.6263313293457,64033,65195.17,ONE_POINT,100,100,RANDOM,
truncation_1,0.5,220,58,3000,222.51622653007507,63494,64411.42,ONE_POINT,100,100,RANDOM,
truncation_1,0.5,220,59,3050,226.34061241149902,63463,63839.27,ONE_POINT,100,100,RANDOM,
truncation_1,0.5,220,60,3100,230.1710946559906,62790,63318.4,ONE_POINT,100,100,RANDOM,
truncation_1,0.5,220,61,3150,234.004656791687,62727,62992.4,ONE_POINT,100,100,RANDOM,
truncation_1,0.5,220,62,3200,237.86617350578308,62251,62737.22,ONE_POINT,100,100,RANDOM,
truncation_1,0.5,220,63,3250,241.69258618354797,61629,62375.15,ONE_POINT,100,100,RANDOM,
truncation_1,0.5,220,64,3300,245.50890159606934,61260,61830.89,ONE_POINT,100,100,RANDOM,
truncation_1,0.5,220,65,3350,249.39935302734375,61027,61441.33,ONE_POINT,100,100,RANDOM,
truncation_1,0.5,220,66,3400,253.2309868335724,60509,61080.48,ONE_POINT,100,100,RANDOM,
truncation_1,0.5,220,67,3450,257.06814908981323,60358,60745.5,ONE_POINT,100,100,RANDOM,
truncation_1,0.5,220,68,3500,260.91344475746155,59634,60296.18,ONE_POINT,100,100,RANDOM,
truncation_1,0.5,220,69,3550,264.7377986907959,59122,59844.7,ONE_POINT,100,100,RANDOM,
truncation_1,0.5,220,70,3600,268.58369755744934,59110,59389.81,ONE_POINT,100,100,RANDOM,
truncation_1,0.5,220,71,3650,272.4152102470398,58363,59052.04,ONE_POINT,100,100,RANDOM,
truncation_1,0.5,220,72,3700,276.25445652008057,58016,58587.23,ONE_POINT,100,100,RANDOM,
truncation_1,0.5,220,73,3750,280.09206652641296,57943,58170.29,ONE_POINT,100,100,RANDOM,
truncation_1,0.5,220,74,3800,283.9192409515381,57428,57795.37,ONE_POINT,100,100,RANDOM,
truncation_1,0.5,220,75,3850,287.7788276672363,57032,57539.35,ONE_POINT,100,100,RANDOM,
truncation_1,0.5,220,76,3900,291.5991952419281,56781,57259.89,ONE_POINT,100,100,RANDOM,
truncation_1,0.5,220,77,3950,295.45813393592834,56609,56966.18,ONE_POINT,100,100,RANDOM,
truncation_1,0.5,220,78,4000,299.342515707016,56467,56679.43,ONE_POINT,100,100,RANDOM,
truncation_1,0.5,220,79,4050,303.1844265460968,56224,56552.62,ONE_POINT,100,100,RANDOM,
truncation_1,0.5,220,80,4100,306.98233914375305,56171,56416.06,ONE_POINT,100,100,RANDOM,
truncation_1,0.5,220,81,4150,310.7867634296417,55779,56235.34,ONE_POINT,100,100,RANDOM,
truncation_1,0.5,220,82,4200,314.5942316055298,55441,55963.18,ONE_POINT,100,100,RANDOM,
truncation_1,0.5,220,83,4250,318.45096230506897,55254,55677.5,ONE_POINT,100,100,RANDOM,
truncation_1,0.5,220,84,4300,322.2595798969269,55196,55437.9,ONE_POINT,100,100,RANDOM,
truncation_1,0.5,220,85,4350,326.086941242218,54974,55235.21,ONE_POINT,100,100,RANDOM,
truncation_1,0.5,220,86,4400,329.9259536266327,54695,55075.4,ONE_POINT,100,100,RANDOM,
truncation_1,0.5,220,87,4450,333.77697491645813,54461,54840.38,ONE_POINT,100,100,RANDOM,
truncation_1,0.5,220,88,4500,337.59091114997864,54035,54534.28,ONE_POINT,100,100,RANDOM,
truncation_1,0.5,220,89,4550,341.43390560150146,53648,54221.74,ONE_POINT,100,100,RANDOM,
truncation_1,0.5,220,90,4600,345.2847743034363,53078,53792.47,ONE_POINT,100,100,RANDOM,
truncation_1,0.5,220,91,4650,349.1178719997406,52680,53411.97,ONE_POINT,100,100,RANDOM,
truncation_1,0.5,220,92,4700,352.94952630996704,52623,53012.52,ONE_POINT,100,100,RANDOM,
truncation_1,0.5,220,93,4750,356.7555572986603,52472,52748.91,ONE_POINT,100,100,RANDOM,
truncation_1,0.5,220,94,4800,360.8618359565735,52210,52511.19,ONE_POINT,100,100,RANDOM,
truncation_1,0.5,220,95,4850,364.7786543369293,52075,52355.9,ONE_POINT,100,100,RANDOM,
truncation_1,0.5,220,96,4900,368.62035751342773,52019,52196.15,ONE_POINT,100,100,RANDOM,
truncation_1,0.5,220,97,4950,372.44366574287415,51883,52090.58,ONE_POINT,100,100,RANDOM,
truncation_1,0.5,220,98,5000,376.28214478492737,51672,51977.27,ONE_POINT,100,100,RANDOM,
truncation_1,0.5,220,99,5050,380.091970205307,51620,51850.32,ONE_POINT,100,100,RANDOM,
truncation_1,0.5,220,100,5100,383.9083902835846,51591,51712.35,ONE_POINT,100,100,RANDOM,
truncation_1,0.5,220,101,5150,387.7444715499878,50786,51534.63,ONE_POINT,100,100,RANDOM,
truncation_1,0.5,220,102,5200,391.5926513671875,50403,51102.35,ONE_POINT,100,100,RANDOM,
truncation_1,0.5,220,103,5250,395.46632838249207,50323,50695.21,ONE_POINT,100,100,RANDOM,
truncation_1,0.5,220,104,5300,399.3310720920563,49897,50388.4,ONE_POINT,100,100,RANDOM,
truncation_1,0.5,220,105,5350,403.1922311782837,49734,50156.06,ONE_POINT,100,100,RANDOM,
truncation_1,0.5,220,106,5400,407.03752756118774,49673,49924.19,ONE_POINT,100,100,RANDOM,
truncation_1,0.5,220,107,5450,410.91423177719116,49672,49774.45,ONE_POINT,100,100,RANDOM,
truncation_1,0.5,220,108,5500,414.7532021999359,49419,49663.6,ONE_POINT,100,100,RANDOM,
truncation_1,0.5,220,109,5550,418.61009788513184,49332,49551.48,ONE_POINT,100,100,RANDOM,
truncation_1,0.5,220,110,5600,422.43352818489075,49321,49442.7,ONE_POINT,100,100,RANDOM,
truncation_1,0.5,220,111,5650,426.243127822876,49259,49353.65,ONE_POINT,100,100,RANDOM,
truncation_1,0.5,220,112,5700,430.0491290092468,48983,49256.3,ONE_POINT,100,100,RANDOM,
truncation_1,0.5,220,113,5750,433.9116368293762,48983,49137.81,ONE_POINT,100,100,RANDOM,
truncation_1,0.5,220,114,5800,437.80966567993164,48525,48979.45,ONE_POINT,100,100,RANDOM,
truncation_1,0.5,220,115,5850,441.6706359386444,48414,48755.17,ONE_POINT,100,100,RANDOM,
truncation_1,0.5,220,116,5900,445.5169279575348,48002,48474.38,ONE_POINT,100,100,RANDOM,
truncation_1,0.5,220,117,5950,449.3491394519806,47961,48246.67,ONE_POINT,100,100,RANDOM,
truncation_1,0.5,220,118,6000,453.18855714797974,47676,48036.28,ONE_POINT,100,100,RANDOM,
truncation_1,0.5,220,119,6050,457.07402753829956,47448,47847.68,ONE_POINT,100,100,RANDOM,
truncation_1,0.5,220,120,6100,460.9224388599396,47336,47666.84,ONE_POINT,100,100,RANDOM,
truncation_1,0.5,220,121,6150,464.7798743247986,47230,47464.44,ONE_POINT,100,100,RANDOM,
truncation_1,0.5,220,122,6200,468.6080210208893,46996,47264.06,ONE_POINT,100,100,RANDOM,
truncation_1,0.5,220,123,6250,472.50443410873413,46791,47133.53,ONE_POINT,100,100,RANDOM,
truncation_1,0.5,220,124,6300,476.3295331001282,46742,46954.55,ONE_POINT,100,100,RANDOM,
truncation_1,0.5,220,125,6350,480.16096210479736,46688,46832.06,ONE_POINT,100,100,RANDOM,
truncation_1,0.5,220,126,6400,483.97719860076904,46059,46607.88,ONE_POINT,100,100,RANDOM,
truncation_1,0.5,220,127,6450,487.8304958343506,45433,46334.68,ONE_POINT,100,100,RANDOM,
truncation_1,0.5,220,128,6500,491.6647810935974,45210,45811.02,ONE_POINT,100,100,RANDOM,
truncation_1,0.5,220,129,6550,495.4915986061096,45166,45422.66,ONE_POINT,100,100,RANDOM,
truncation_1,0.5,220,130,6600,499.3028290271759,45018,45241.55,ONE_POINT,100,100,RANDOM,
truncation_1,0.5,220,131,6650,503.1123900413513,44950,45122.41,ONE_POINT,100,100,RANDOM,
truncation_1,0.5,220,132,6700,506.9377031326294,44755,44979.35,ONE_POINT,100,100,RANDOM,
truncation_1,0.5,220,133,6750,510.8031883239746,44749,44866.92,ONE_POINT,100,100,RANDOM,
truncation_1,0.5,220,134,6800,514.6297104358673,44509,44788.51,ONE_POINT,100,100,RANDOM,
truncation_1,0.5,220,135,6850,518.46240401268,44497,44683.74,ONE_POINT,100,100,RANDOM,
truncation_1,0.5,220,136,6900,522.3042583465576,44464,44579.55,ONE_POINT,100,100,RANDOM,
truncation_1,0.5,220,137,6950,526.1329622268677,44267,44484.33,ONE_POINT,100,100,RANDOM,
truncation_1,0.5,220,138,7000,529.970935344696,44256,44386.03,ONE_POINT,100,100,RANDOM,
truncation_1,0.5,220,139,7050,533.7967140674591,44159,44283.43,ONE_POINT,100,100,RANDOM,
truncation_1,0.5,220,140,7100,537.606653213501,44153,44207.52,ONE_POINT,100,100,RANDOM,
truncation_1,0.5,220,141,7150,541.426367521286,44072,44177.64,ONE_POINT,100,100,RANDOM,
truncation_1,0.5,220,142,7200,545.2465767860413,43896,44095.71,ONE_POINT,100,100,RANDOM,
truncation_1,0.5,220,143,7250,549.0703217983246,43561,43973.19,ONE_POINT,100,100,RANDOM,
truncation_1,0.5,220,144,7300,552.8915281295776,43521,43810.73,ONE_POINT,100,100,RANDOM,
truncation_1,0.5,220,145,7350,556.7487635612488,43273,43598.68,ONE_POINT,100,100,RANDOM,
truncation_1,0.5,220,146,7400,560.5777764320374,43273,43422.03,ONE_POINT,100,100,RANDOM,
truncation_1,0.5,220,147,7450,564.3990104198456,43106,43303.63,ONE_POINT,100,100,RANDOM,
truncation_1,0.5,220,148,7500,568.228759765625,43004,43183.4,ONE_POINT,100,100,RANDOM,
truncation_1,0.5,220,149,7550,572.0717849731445,42812,43050.79,ONE_POINT,100,100,RANDOM,
truncation_1,0.5,220,150,7600,575.9061155319214,42688,42920.55,ONE_POINT,100,100,RANDOM,
truncation_1,0.5,220,151,7650,579.7609956264496,42159,42722.67,ONE_POINT,100,100,RANDOM,
truncation_1,0.5,220,152,7700,583.623720407486,42105,42471.92,ONE_POINT,100,100,RANDOM,
truncation_1,0.5,220,153,7750,587.4564769268036,41925,42221.87,ONE_POINT,100,100,RANDOM,
truncation_1,0.5,220,154,7800,591.3172688484192,41913,42070.73,ONE_POINT,100,100,RANDOM,
truncation_1,0.5,220,155,7850,595.1572504043579,41886,41982.4,ONE_POINT,100,100,RANDOM,
truncation_1,0.5,220,156,7900,600.5108387470245,41756,41888.88,ONE_POINT,100,100,RANDOM,
truncation_1,0.5,220,157,7950,604.7903926372528,41705,41823.49,ONE_POINT,100,100,RANDOM,
truncation_1,0.5,220,158,8000,608.7603876590729,41675,41762.85,ONE_POINT,100,100,RANDOM,
truncation_1,0.5,220,159,8050,612.7326941490173,41553,41697.83,ONE_POINT,100,100,RANDOM,
truncation_1,0.5,220,160,8100,616.6187539100647,41476,41626.8,ONE_POINT,100,100,RANDOM,
truncation_1,0.5,220,161,8150,620.5155065059662,41425,41555.38,ONE_POINT,100,100,RANDOM,
truncation_1,0.5,220,162,8200,624.4081728458405,41340,41486.31,ONE_POINT,100,100,RANDOM,
truncation_1,0.5,220,163,8250,628.2752482891083,41340,41421.29,ONE_POINT,100,100,RANDOM,
truncation_1,0.5,220,164,8300,632.139811038971,41321,41375.73,ONE_POINT,100,100,RANDOM,
truncation_1,0.5,220,165,8350,635.9822552204132,41252,41344.87,ONE_POINT,100,100,RANDOM,
truncation_1,0.5,220,166,8400,639.8725836277008,41130,41275.74,ONE_POINT,100,100,RANDOM,
truncation_1,0.5,220,167,8450,643.7882244586945,41126,41207.45,ONE_POINT,100,100,RANDOM,
truncation_1,0.5,220,168,8500,647.7097203731537,40817,41057.83,ONE_POINT,100,100,RANDOM,
truncation_1,0.5,220,169,8550,651.6298191547394,40746,40920.19,ONE_POINT,100,100,RANDOM,
truncation_1,0.5,220,170,8600,655.523649930954,40523,40792.66,ONE_POINT,100,100,RANDOM,
truncation_1,0.5,220,171,8650,659.4512372016907,40507,40677.05,ONE_POINT,100,100,RANDOM,
truncation_1,0.5,220,172,8700,663.3418872356415,40260,40563.43,ONE_POINT,100,100,RANDOM,
truncation_1,0.5,220,173,8750,667.2282292842865,40248,40431.93,ONE_POINT,100,100,RANDOM,
truncation_1,0.5,220,174,8800,671.1756989955902,40248,40344.47,ONE_POINT,100,100,RANDOM,
truncation_1,0.5,220,175,8850,675.1753826141357,40157,40237.82,ONE_POINT,100,100,RANDOM,
truncation_1,0.5,220,176,8900,679.0024604797363,40135,40199.71,ONE_POINT,100,100,RANDOM,
truncation_1,0.5,220,177,8950,682.8301122188568,40053,40164.86,ONE_POINT,100,100,RANDOM,
truncation_1,0.5,220,178,9000,686.6773407459259,39785,40074.22,ONE_POINT,100,100,RANDOM,
truncation_1,0.5,220,179,9050,690.5047903060913,39757,39967.56,ONE_POINT,100,100,RANDOM,
truncation_1,0.5,220,180,9100,694.3205001354218,39554,39835.03,ONE_POINT,100,100,RANDOM,
truncation_1,0.5,220,181,9150,698.1286342144012,39522,39713.21,ONE_POINT,100,100,RANDOM,
truncation_1,0.5,220,182,9200,701.9923532009125,39513,39627.53,ONE_POINT,100,100,RANDOM,
truncation_1,0.5,220,183,9250,705.9068827629089,39465,39546.95,ONE_POINT,100,100,RANDOM,
truncation_1,0.5,220,184,9300,709.7238717079163,39361,39490.02,ONE_POINT,100,100,RANDOM,
truncation_1,0.5,220,185,9350,713.5517706871033,39205,39411.01,ONE_POINT,100,100,RANDOM,
truncation_1,0.5,220,186,9400,717.4189472198486,39194,39327.88,ONE_POINT,100,100,RANDOM,
truncation_1,0.5,220,187,9450,721.3098893165588,39004,39205.54,ONE_POINT,100,100,RANDOM,
truncation_1,0.5,220,188,9500,725.1836140155792,38947,39107.32,ONE_POINT,100,100,RANDOM,
truncation_1,0.5,220,189,9550,729.2380576133728,38923,39023.37,ONE_POINT,100,100,RANDOM,
truncation_1,0.5,220,190,9600,733.094646692276,38890,38955.62,ONE_POINT,100,100,RANDOM,
truncation_1,0.5,220,191,9650,736.9205141067505,38739,38892.83,ONE_POINT,100,100,RANDOM,
truncation_1,0.5,220,192,9700,740.7646081447601,38461,38732.24,ONE_POINT,100,100,RANDOM,
truncation_1,0.5,220,193,9750,744.6087658405304,38453,38596.54,ONE_POINT,100,100,RANDOM,
truncation_1,0.5,220,194,9800,748.4877943992615,38450,38491.27,ONE_POINT,100,100,RANDOM,
truncation_1,0.5,220,195,9850,752.3427264690399,38326,38436.92,ONE_POINT,100,100,RANDOM,
truncation_1,0.5,220,196,9900,756.1940879821777,38237,38384.3,ONE_POINT,100,100,RANDOM,
truncation_1,0.5,220,197,9950,760.0248579978943,38237,38322.81,ONE_POINT,100,100,RANDOM,
truncation_1,0.5,220,198,10000,763.897528886795,38229,38267.38,ONE_POINT,100,100,RANDOM,
truncation_1,0.5,220,199,10050,767.7200992107391,38223,38239.03,ONE_POINT,100,100,RANDOM,
truncation_1,0.5,220,200,10100,771.5675950050354,38109,38205.65,ONE_POINT,100,100,RANDOM,
truncation_1,0.5,220,201,10150,775.4526045322418,38106,38165.66,ONE_POINT,100,100,RANDOM,
truncation_1,0.5,220,202,10200,779.2939026355743,37960,38086.08,ONE_POINT,100,100,RANDOM,
truncation_1,0.5,220,203,10250,783.1416554450989,37944,38025.7,ONE_POINT,100,100,RANDOM,
truncation_1,0.5,220,204,10300,786.9787538051605,37868,37956.17,ONE_POINT,100,100,RANDOM,
truncation_1,0.5,220,205,10350,790.8264212608337,37865,37914.16,ONE_POINT,100,100,RANDOM,
truncation_1,0.5,220,206,10400,794.622499704361,37535,37860.15,ONE_POINT,100,100,RANDOM,
truncation_1,0.5,220,207,10450,798.4633135795593,37343,37724.82,ONE_POINT,100,100,RANDOM,
truncation_1,0.5,220,208,10500,802.2886435985565,37325,37585.88,ONE_POINT,100,100,RANDOM,
truncation_1,0.5,220,209,10550,806.1605596542358,37268,37398.89,ONE_POINT,100,100,RANDOM,
truncation_1,0.5,220,210,10600,810.0234451293945,37268,37315.41,ONE_POINT,100,100,RANDOM,
truncation_1,0.5,220,211,10650,813.8884263038635,37135,37270.22,ONE_POINT,100,100,RANDOM,
truncation_1,0.5,220,212,10700,817.7449522018433,37064,37214.38,ONE_POINT,100,100,RANDOM,
truncation_1,0.5,220,213,10750,821.5899028778076,37060,37163.03,ONE_POINT,100,100,RANDOM,
truncation_1,0.5,220,214,10800,825.438018321991,37060,37099.62,ONE_POINT,100,100,RANDOM,
truncation_1,0.5,220,215,10850,829.2881202697754,37002,37052.8,ONE_POINT,100,100,RANDOM,
truncation_1,0.5,220,216,10900,833.1134843826294,36973,37025.82,ONE_POINT,100,100,RANDOM,
truncation_1,0.5,220,217,10950,836.9637975692749,36872,36996.67,ONE_POINT,100,100,RANDOM,
truncation_1,0.5,220,218,11000,840.7592554092407,36836,36947.12,ONE_POINT,100,100,RANDOM,
truncation_1,0.5,220,219,11050,844.610969543457,36815,36894.41,ONE_POINT,100,100,RANDOM,
truncation_1,0.5,220,220,11100,848.5166227817535,36746,36845.58,ONE_POINT,100,100,RANDOM,
truncation_1,0.5,220,221,11150,852.3706290721893,36624,36774.99,ONE_POINT,100,100,RANDOM,
truncation_1,0.5,220,222,11200,856.2526288032532,36579,36708.83,ONE_POINT,100,100,RANDOM,
truncation_1,0.5,220,223,11250,860.1014039516449,36579,36645.49,ONE_POINT,100,100,RANDOM,
truncation_1,0.5,220,224,11300,863.9670488834381,36579,36612.09,ONE_POINT,100,100,RANDOM,
truncation_1,0.5,220,225,11350,867.7703301906586,36574,36588.2,ONE_POINT,100,100,RANDOM,
truncation_1,0.5,220,226,11400,871.6135025024414,36554,36577.44,ONE_POINT,100,100,RANDOM,
truncation_1,0.5,220,227,11450,875.4535148143768,36553,36569.65,ONE_POINT,100,100,RANDOM,
truncation_1,0.5,220,228,11500,879.2973387241364,36532,36564.18,ONE_POINT,100,100,RANDOM,
truncation_1,0.5,220,229,11550,883.0844302177429,36453,36533.95,ONE_POINT,100,100,RANDOM,
truncation_1,0.5,220,230,11600,886.9479343891144,36453,36503.4,ONE_POINT,100,100,RANDOM,
truncation_1,0.5,220,231,11650,890.8237581253052,36433,36471.12,ONE_POINT,100,100,RANDOM,
truncation_1,0.5,220,232,11700,894.6909096240997,36385,36435.85,ONE_POINT,100,100,RANDOM,
truncation_1,0.5,220,233,11750,898.5669689178467,36352,36411.43,ONE_POINT,100,100,RANDOM,
truncation_1,0.5,220,234,11800,902.4183707237244,36352,36384.24,ONE_POINT,100,100,RANDOM,
truncation_1,0.5,220,235,11850,906.2625906467438,36315,36362.73,ONE_POINT,100,100,RANDOM,
truncation_1,0.5,220,236,11900,910.1296446323395,36315,36343.16,ONE_POINT,100,100,RANDOM,
truncation_1,0.5,220,237,11950,913.9787068367004,36315,36334.01,ONE_POINT,100,100,RANDOM,
truncation_1,0.5,220,238,12000,917.821090221405,36314,36326.26,ONE_POINT,100,100,RANDOM,
truncation_1,0.5,220,239,12050,921.6434230804443,36207,36296.51,ONE_POINT,100,100,RANDOM,
truncation_1,0.5,220,240,12100,925.5060000419617,36128,36251.18,ONE_POINT,100,100,RANDOM,
truncation_1,0.5,220,241,12150,929.3932337760925,36128,36206.0,ONE_POINT,100,100,RANDOM,
truncation_1,0.5,220,242,12200,933.2387592792511,36119,36158.59,ONE_POINT,100,100,RANDOM,
truncation_1,0.5,220,243,12250,937.0754504203796,36117,36131.9,ONE_POINT,100,100,RANDOM,
truncation_1,0.5,220,244,12300,940.889726638794,36105,36120.2,ONE_POINT,100,100,RANDOM,
truncation_1,0.5,220,245,12350,944.7450923919678,36102,36115.2,ONE_POINT,100,100,RANDOM,
truncation_1,0.5,220,246,12400,948.5755662918091,36102,36109.04,ONE_POINT,100,100,RANDOM,
truncation_1,0.5,220,247,12450,952.4552505016327,36102,36105.88,ONE_POINT,100,100,RANDOM,
truncation_1,0.5,220,248,12500,956.2583191394806,36087,36097.96,ONE_POINT,100,100,RANDOM,
truncation_1,0.5,220,249,12550,960.0623626708984,36086,36092.89,ONE_POINT,100,100,RANDOM,
truncation_1,0.5,220,250,12600,963.9043872356415,36054,36084.79,ONE_POINT,100,100,RANDOM,
truncation_1,0.5,220,251,12650,967.7873725891113,36054,36073.46,ONE_POINT,100,100,RANDOM,
truncation_1,0.5,220,252,12700,971.6041345596313,36047,36064.73,ONE_POINT,100,100,RANDOM,
truncation_1,0.5,220,253,12750,975.49001288414,36018,36054.06,ONE_POINT,100,100,RANDOM,
truncation_1,0.5,220,254,12800,979.322847366333,36018,36042.18,ONE_POINT,100,100,RANDOM,
truncation_1,0.5,220,255,12850,983.1724200248718,36018,36033.03,ONE_POINT,100,100,RANDOM,
truncation_1,0.5,220,256,12900,986.9956152439117,36017,36023.71,ONE_POINT,100,100,RANDOM,
truncation_1,0.5,220,257,12950,990.8371312618256,35968,36004.84,ONE_POINT,100,100,RANDOM,
truncation_1,0.5,220,258,13000,994.6702320575714,35968,35992.81,ONE_POINT,100,100,RANDOM,
truncation_1,0.5,220,259,13050,998.5557508468628,35807,35966.21,ONE_POINT,100,100,RANDOM,
truncation_1,0.5,220,260,13100,1002.3713738918304,35807,35922.39,ONE_POINT,100,100,RANDOM,
truncation_1,0.5,220,261,13150,1006.217844247818,35778,35867.43,ONE_POINT,100,100,RANDOM,
truncation_1,0.5,220,262,13200,1010.123212814331,35684,35788.82,ONE_POINT,100,100,RANDOM,
truncation_1,0.5,220,263,13250,1014.0076222419739,35676,35752.47,ONE_POINT,100,100,RANDOM,
truncation_1,0.5,220,264,13300,1017.8485496044159,35676,35712.63,ONE_POINT,100,100,RANDOM,
truncation_1,0.5,220,265,13350,1021.6808257102966,35676,35687.79,ONE_POINT,100,100,RANDOM,
truncation_1,0.5,220,266,13400,1025.5200097560883,35674,35677.25,ONE_POINT,100,100,RANDOM,
truncation_1,0.5,220,267,13450,1029.3806381225586,35585,35669.23,ONE_POINT,100,100,RANDOM,
truncation_1,0.5,220,268,13500,1033.217975139618,35580,35650.08,ONE_POINT,100,100,RANDOM,
truncation_1,0.5,220,269,13550,1037.0410325527191,35559,35614.61,ONE_POINT,100,100,RANDOM,
truncation_1,0.5,220,270,13600,1040.9103741645813,35556,35579.09,ONE_POINT,100,100,RANDOM,
truncation_1,0.5,220,271,13650,1044.7604637145996,35496,35561.91,ONE_POINT,100,100,RANDOM,
truncation_1,0.5,220,272,13700,1048.6112477779388,35423,35527.6,ONE_POINT,100,100,RANDOM,
truncation_1,0.5,220,273,13750,1052.4498238563538,35410,35485.47,ONE_POINT,100,100,RANDOM,
truncation_1,0.5,220,274,13800,1056.3390324115753,35410,35450.78,ONE_POINT,100,100,RANDOM,
truncation_1,0.5,220,275,13850,1060.2703530788422,35410,35420.66,ONE_POINT,100,100,RANDOM,
truncation_1,0.5,220,276,13900,1064.1781749725342,35367,35407.54,ONE_POINT,100,100,RANDOM,
truncation_1,0.5,220,277,13950,1068.0128490924835,35337,35383.6,ONE_POINT,100,100,RANDOM,
truncation_1,0.5,220,278,14000,1071.8924629688263,35335,35360.84,ONE_POINT,100,100,RANDOM,
truncation_1,0.5,220,279,14050,1075.7338178157806,35331,35338.59,ONE_POINT,100,100,RANDOM,
truncation_1,0.5,220,280,14100,1079.5483224391937,35331,35333.3,ONE_POINT,100,100,RANDOM,
truncation_1,0.5,220,281,14150,1083.3548865318298,35159,35298.81,ONE_POINT,100,100,RANDOM,
truncation_1,0.5,220,282,14200,1087.1797959804535,35125,35239.81,ONE_POINT,100,100,RANDOM,
truncation_1,0.5,220,283,14250,1091.0084886550903,35106,35172.6,ONE_POINT,100,100,RANDOM,
truncation_1,0.5,220,284,14300,1094.8328156471252,35093,35135.87,ONE_POINT,100,100,RANDOM,
truncation_1,0.5,220,285,14350,1098.667825460434,35093,35111.28,ONE_POINT,100,100,RANDOM,
truncation_1,0.5,220,286,14400,1102.5129766464233,35093,35101.63,ONE_POINT,100,100,RANDOM,
truncation_1,0.5,220,287,14450,1106.3470163345337,35032,35082.98,ONE_POINT,100,100,RANDOM,
truncation_1,0.5,220,288,14500,1110.1747341156006,35032,35061.4,ONE_POINT,100,100,RANDOM,
truncation_1,0.5,220,289,14550,1114.0091290473938,34996,35028.49,ONE_POINT,100,100,RANDOM,
truncation_1,0.5,220,290,14600,1117.8343694210052,34970,35010.32,ONE_POINT,100,100,RANDOM,
truncation_1,0.5,220,291,14650,1121.8397283554077,34961,34993.16,ONE_POINT,100,100,RANDOM,
truncation_1,0.5,220,292,14700,1125.6909337043762,34947,34975.32,ONE_POINT,100,100,RANDOM,
truncation_1,0.5,220,293,14750,1129.5291345119476,34922,34957.17,ONE_POINT,100,100,RANDOM,
truncation_1,0.5,220,294,14800,1133.3392515182495,34918,34941.47,ONE_POINT,100,100,RANDOM,
truncation_1,0.5,220,295,14850,1137.2424211502075,34918,34930.73,ONE_POINT,100,100,RANDOM,
truncation_1,0.5,220,296,14900,1141.1529111862183,34918,34921.61,ONE_POINT,100,100,RANDOM,
truncation_1,0.5,220,297,14950,1145.0634806156158,34845,34906.38,ONE_POINT,100,100,RANDOM,
truncation_1,0.5,220,298,15000,1148.9401211738586,34834,34883.58,ONE_POINT,100,100,RANDOM,
truncation_1,0.5,220,299,15050,1152.7905230522156,34828,34861.94,ONE_POINT,100,100,RANDOM,
truncation_1,0.5,220,300,15100,1156.6132500171661,34790,34841.07,ONE_POINT,100,100,RANDOM,
truncation_1,0.5,220,301,15150,1160.4913680553436,34770,34812.49,ONE_POINT,100,100,RANDOM,
truncation_1,0.5,220,302,15200,1164.3209059238434,34770,34795.15,ONE_POINT,100,100,RANDOM,
truncation_1,0.5,220,303,15250,1168.1520853042603,34719,34772.03,ONE_POINT,100,100,RANDOM,
truncation_1,0.5,220,304,15300,1171.971037387848,34681,34751.44,ONE_POINT,100,100,RANDOM,
truncation_1,0.5,220,305,15350,1175.8136579990387,34620,34709.61,ONE_POINT,100,100,RANDOM,
truncation_1,0.5,220,306,15400,1179.6644203662872,34617,34663.77,ONE_POINT,100,100,RANDOM,
truncation_1,0.5,220,307,15450,1183.500899553299,34595,34627.44,ONE_POINT,100,100,RANDOM,
truncation_1,0.5,220,308,15500,1187.4006197452545,34595,34610.3,ONE_POINT,100,100,RANDOM,
truncation_1,0.5,220,309,15550,1191.2663264274597,34573,34598.72,ONE_POINT,100,100,RANDOM,
truncation_1,0.5,220,310,15600,1195.1176853179932,34573,34586.94,ONE_POINT,100,100,RANDOM,
truncation_1,0.5,220,311,15650,1199.0078604221344,34573,34579.95,ONE_POINT,100,100,RANDOM,
truncation_1,0.5,220,312,15700,1202.833239555359,34573,34574.79,ONE_POINT,100,100,RANDOM,
truncation_1,0.5,220,313,15750,1206.729083776474,34537,34566.95,ONE_POINT,100,100,RANDOM,
truncation_1,0.5,220,314,15800,1210.555064201355,34536,34560.36,ONE_POINT,100,100,RANDOM,
truncation_1,0.5,220,315,15850,1214.3821833133698,34519,34548.38,ONE_POINT,100,100,RANDOM,
truncation_1,0.5,220,316,15900,1218.168063879013,34519,34537.4,ONE_POINT,100,100,RANDOM,
truncation_1,0.5,220,317,15950,1221.980120420456,34519,34525.63,ONE_POINT,100,100,RANDOM,
truncation_1,0.5,220,318,16000,1225.774080991745,34518,34519.42,ONE_POINT,100,100,RANDOM,
truncation_1,0.5,220,319,16050,1229.6288087368011,34514,34517.86,ONE_POINT,100,100,RANDOM,
truncation_1,0.5,220,320,16100,1233.408013343811,34513,34516.36,ONE_POINT,100,100,RANDOM,
truncation_1,0.5,220,321,16150,1237.1852614879608,34513,34515.1,ONE_POINT,100,100,RANDOM,
truncation_1,0.5,220,322,16200,1240.9648809432983,34479,34508.19,ONE_POINT,100,100,RANDOM,
truncation_1,0.5,220,323,16250,1244.786417722702,34473,34495.39,ONE_POINT,100,100,RANDOM,
truncation_1,0.5,220,324,16300,1248.6112623214722,34432,34483.68,ONE_POINT,100,100,RANDOM,
truncation_1,0.5,220,325,16350,1252.4004273414612,34432,34462.78,ONE_POINT,100,100,RANDOM,
truncation_1,0.5,220,326,16400,1256.2380092144012,34431,34448.04,ONE_POINT,100,100,RANDOM,
truncation_1,0.5,220,327,16450,1260.0167384147644,34400,34434.27,ONE_POINT,100,100,RANDOM,
truncation_1,0.5,220,328,16500,1264.0738797187805,34400,34419.33,ONE_POINT,100,100,RANDOM,
truncation_1,0.5,220,329,16550,1267.8617932796478,34397,34412.66,ONE_POINT,100,100,RANDOM,
truncation_1,0.5,220,330,16600,1271.674201965332,34397,34405.14,ONE_POINT,100,100,RANDOM,
truncation_1,0.5,220,331,16650,1275.4744381904602,34389,34398.75,ONE_POINT,100,100,RANDOM,
truncation_1,0.5,220,332,16700,1279.241236448288,34389,34395.3,ONE_POINT,100,100,RANDOM,
truncation_1,0.5,220,333,16750,1283.0646665096283,34389,34392.38,ONE_POINT,100,100,RANDOM,
truncation_1,0.5,220,334,16800,1286.8353164196014,34389,34390.43,ONE_POINT,100,100,RANDOM,
truncation_1,0.5,220,335,16850,1290.613222360611,34366,34385.8,ONE_POINT,100,100,RANDOM,
truncation_1,0.5,220,336,16900,1294.384690284729,34311,34367.08,ONE_POINT,100,100,RANDOM,
truncation_1,0.5,220,337,16950,1298.1511726379395,34285,34342.11,ONE_POINT,100,100,RANDOM,
truncation_1,0.5,220,338,17000,1301.9434757232666,34235,34314.47,ONE_POINT,100,100,RANDOM,
truncation_1,0.5,220,339,17050,1305.7430803775787,34233,34283.9,ONE_POINT,100,100,RANDOM,
truncation_1,0.5,220,340,17100,1309.5473086833954,34232,34263.3,ONE_POINT,100,100,RANDOM,
truncation_1,0.5,220,341,17150,1313.4029874801636,34228,34243.58,ONE_POINT,100,100,RANDOM,
truncation_1,0.5,220,342,17200,1317.2442893981934,34201,34226.8,ONE_POINT,100,100,RANDOM,
truncation_1,0.5,220,343,17250,1321.0526769161224,34200,34218.19,ONE_POINT,100,100,RANDOM,
truncation_1,0.5,220,344,17300,1324.89963388443,34079,34185.37,ONE_POINT,100,100,RANDOM,
truncation_1,0.5,220,345,17350,1328.729032754898,34051,34138.25,ONE_POINT,100,100,RANDOM,
truncation_1,0.5,220,346,17400,1332.5741510391235,34045,34095.45,ONE_POINT,100,100,RANDOM,
truncation_1,0.5,220,347,17450,1336.4184572696686,34031,34057.33,ONE_POINT,100,100,RANDOM,
truncation_1,0.5,220,348,17500,1340.261884212494,34031,34046.9,ONE_POINT,100,100,RANDOM,
truncation_1,0.5,220,349,17550,1344.0995981693268,33933,34024.34,ONE_POINT,100,100,RANDOM,
truncation_1,0.5,220,350,17600,1347.9352128505707,33917,33994.39,ONE_POINT,100,100,RANDOM,
truncation_1,0.5,220,351,17650,1351.7674655914307,33909,33968.13,ONE_POINT,100,100,RANDOM,
truncation_1,0.5,220,352,17700,1355.6490638256073,33908,33935.85,ONE_POINT,100,100,RANDOM,
truncation_1,0.5,220,353,17750,1359.4835529327393,33908,33913.83,ONE_POINT,100,100,RANDOM,
truncation_1,0.5,220,354,17800,1363.3094363212585,33905,33909.27,ONE_POINT,100,100,RANDOM,
truncation_1,0.5,220,355,17850,1367.1475336551666,33905,33907.18,ONE_POINT,100,100,RANDOM,
truncation_1,0.5,220,356,17900,1370.9664192199707,33872,33903.8,ONE_POINT,100,100,RANDOM,
truncation_1,0.5,220,357,17950,1374.7937529087067,33854,33893.24,ONE_POINT,100,100,RANDOM,
truncation_1,0.5,220,358,18000,1378.597736120224,33847,33877.73,ONE_POINT,100,100,RANDOM,
truncation_1,0.5,220,359,18050,1382.431062221527,33842,33861.63,ONE_POINT,100,100,RANDOM,
truncation_1,0.5,220,360,18100,1386.3022668361664,33835,33849.77,ONE_POINT,100,100,RANDOM,
truncation_1,0.5,220,361,18150,1390.124310016632,33814,33842.5,ONE_POINT,100,100,RANDOM,
truncation_1,0.5,220,362,18200,1393.9391555786133,33814,33833.91,ONE_POINT,100,100,RANDOM,
truncation_1,0.5,220,363,18250,1397.7746477127075,33806,33825.96,ONE_POINT,100,100,RANDOM,
truncation_1,0.5,220,364,18300,1401.5965673923492,33789,33816.16,ONE_POINT,100,100,RANDOM,
truncation_1,0.5,220,365,18350,1405.421627521515,33752,33802.02,ONE_POINT,100,100,RANDOM,
truncation_1,0.5,220,366,18400,1409.2869865894318,33707,33776.07,ONE_POINT,100,100,RANDOM,
truncation_1,0.5,220,367,18450,1413.1284189224243,33693,33752.16,ONE_POINT,100,100,RANDOM,
truncation_1,0.5,220,368,18500,1416.9496216773987,33693,33723.4,ONE_POINT,100,100,RANDOM,
truncation_1,0.5,220,369,18550,1420.7730119228363,33693,33706.97,ONE_POINT,100,100,RANDOM,
truncation_1,0.5,220,370,18600,1424.5550117492676,33693,33696.24,ONE_POINT,100,100,RANDOM,
truncation_1,0.5,220,371,18650,1428.3714978694916,33658,33686.5,ONE_POINT,100,100,RANDOM,
truncation_1,0.5,220,372,18700,1432.1555423736572,33658,33678.94,ONE_POINT,100,100,RANDOM,
truncation_1,0.5,220,373,18750,1435.9340250492096,33658,33669.71,ONE_POINT,100,100,RANDOM,
truncation_1,0.5,220,374,18800,1439.697740316391,33658,33661.39,ONE_POINT,100,100,RANDOM,
truncation_1,0.5,220,375,18850,1443.4519217014313,33658,33658.0,ONE_POINT,100,100,RANDOM,
truncation_1,0.5,220,376,18900,1447.287876367569,33657,33657.87,ONE_POINT,100,100,RANDOM,
truncation_1,0.5,220,377,18950,1451.1017699241638,33657,33657.62,ONE_POINT,100,100,RANDOM,
truncation_1,0.5,220,378,19000,1454.8895163536072,33657,33657.45,ONE_POINT,100,100,RANDOM,
truncation_1,0.5,220,379,19050,1458.6603727340698,33635,33653.12,ONE_POINT,100,100,RANDOM,
truncation_1,0.5,220,380,19100,1462.4415788650513,33489,33617.93,ONE_POINT,100,100,RANDOM,
truncation_1,0.5,220,381,19150,1466.2348692417145,33480,33563.98,ONE_POINT,100,100,RANDOM,
truncation_1,0.5,220,382,19200,1470.0022444725037,33480,33517.08,ONE_POINT,100,100,RANDOM,
truncation_1,0.5,220,383,19250,1473.7887122631073,33466,33489.38,ONE_POINT,100,100,RANDOM,
truncation_1,0.5,220,384,19300,1477.6359479427338,33466,33478.93,ONE_POINT,100,100,RANDOM,
truncation_1,0.5,220,385,19350,1481.478135585785,33466,33473.19,ONE_POINT,100,100,RANDOM,
truncation_1,0.5,220,386,19400,1485.26868891716,33445,33466.98,ONE_POINT,100,100,RANDOM,
truncation_1,0.5,220,387,19450,1489.06618309021,33443,33458.64,ONE_POINT,100,100,RANDOM,
truncation_1,0.5,220,388,19500,1492.8587024211884,33443,33453.92,ONE_POINT,100,100,RANDOM,
truncation_1,0.5,220,389,19550,1496.746470451355,33430,33445.09,ONE_POINT,100,100,RANDOM,
truncation_1,0.5,220,390,19600,1500.6167452335358,33430,33437.92,ONE_POINT,100,100,RANDOM,
truncation_1,0.5,220,391,19650,1504.519982099533,33430,33433.64,ONE_POINT,100,100,RANDOM,
truncation_1,0.5,220,392,19700,1508.357795715332,33395,33428.47,ONE_POINT,100,100,RANDOM,
truncation_1,0.5,220,393,19750,1512.2007863521576,33395,33418.4,ONE_POINT,100,100,RANDOM,
truncation_1,0.5,220,394,19800,1516.029304742813,33395,33408.99,ONE_POINT,100,100,RANDOM,
truncation_1,0.5,220,395,19850,1519.8626246452332,33373,33394.52,ONE_POINT,100,100,RANDOM,
truncation_1,0.5,220,396,19900,1523.7146022319794,33366,33383.2,ONE_POINT,100,100,RANDOM,
truncation_1,0.5,220,397,19950,1527.5638003349304,33204,33359.25,ONE_POINT,100,100,RANDOM,
truncation_1,0.5,220,398,20000,1531.3955900669098,33204,33312.5,ONE_POINT,100,100,RANDOM,
truncation_1,0.5,220,399,20050,1535.2413806915283,33203,33260.75,ONE_POINT,100,100,RANDOM,
truncation_1,0.5,220,400,20100,1539.0843453407288,33156,33206.0,ONE_POINT,100,100,RANDOM,
truncation_1,0.5,220,401,20150,1542.9511709213257,33156,33182.97,ONE_POINT,100,100,RANDOM,
truncation_1,0.5,220,402,20200,1546.8014702796936,33156,33172.53,ONE_POINT,100,100,RANDOM,
truncation_1,0.5,220,403,20250,1550.7097313404083,33156,33159.62,ONE_POINT,100,100,RANDOM,
truncation_1,0.5,220,404,20300,1554.5687837600708,33156,33156.27,ONE_POINT,100,100,RANDOM,
truncation_1,0.5,220,405,20350,1558.378585100174,33148,33155.44,ONE_POINT,100,100,RANDOM,
truncation_1,0.5,220,406,20400,1562.871345758438,33148,33153.57,ONE_POINT,100,100,RANDOM,
truncation_1,0.5,220,407,20450,1566.9825687408447,33148,33152.01,ONE_POINT,100,100,RANDOM,
truncation_1,0.5,220,408,20500,1571.549141407013,33148,33150.09,ONE_POINT,100,100,RANDOM,
truncation_1,0.5,220,409,20550,1575.8182625770569,33049,33140.21,ONE_POINT,100,100,RANDOM,
truncation_1,0.5,220,410,20600,1579.9958548545837,33045,33108.62,ONE_POINT,100,100,RANDOM,
truncation_1,0.5,220,411,20650,1584.4084296226501,33045,33088.74,ONE_POINT,100,100,RANDOM,
truncation_1,0.5,220,412,20700,1588.537106513977,33036,33061.3,ONE_POINT,100,100,RANDOM,
truncation_1,0.5,220,413,20750,1592.592033624649,33036,33044.04,ONE_POINT,100,100,RANDOM,
truncation_1,0.5,220,414,20800,1596.775927066803,33033,33040.37,ONE_POINT,100,100,RANDOM,
truncation_1,0.5,220,415,20850,1601.3127117156982,33032,33037.42,ONE_POINT,100,100,RANDOM,
truncation_1,0.5,220,416,20900,1605.3521797657013,33029,33033.22,ONE_POINT,100,100,RANDOM,
truncation_1,0.5,220,417,20950,1609.4176981449127,33029,33031.76,ONE_POINT,100,100,RANDOM,
truncation_1,0.5,220,418,21000,1613.6043994426727,33029,33029.98,ONE_POINT,100,100,RANDOM,
truncation_1,0.5,220,419,21050,1618.0042569637299,33026,33029.17,ONE_POINT,100,100,RANDOM,
truncation_1,0.5,220,420,21100,1622.312075138092,33026,33028.31,ONE_POINT,100,100,RANDOM,
truncation_1,0.5,220,421,21150,1626.2226748466492,33026,33027.68,ONE_POINT,100,100,RANDOM,
truncation_1,0.5,220,422,21200,1630.136548757553,33026,33026.84,ONE_POINT,100,100,RANDOM,
truncation_1,0.5,220,423,21250,1634.2235498428345,33026,33026.09,ONE_POINT,100,100,RANDOM,
truncation_1,0.5,220,424,21300,1638.0885236263275,33025,33025.85,ONE_POINT,100,100,RANDOM,
truncation_1,0.5,220,425,21350,1642.1439833641052,33025,33025.61,ONE_POINT,100,100,RANDOM,
truncation_1,0.5,220,426,21400,1646.068659067154,33011,33023.48,ONE_POINT,100,100,RANDOM,
truncation_1,0.5,220,427,21450,1650.0652034282684,32996,33015.73,ONE_POINT,100,100,RANDOM,
truncation_1,0.5,220,428,21500,1654.0849866867065,32996,33010.34,ONE_POINT,100,100,RANDOM,
truncation_1,0.5,220,429,21550,1658.2274022102356,32996,33003.46,ONE_POINT,100,100,RANDOM,
truncation_1,0.5,220,430,21600,1662.4858620166779,32996,32997.69,ONE_POINT,100,100,RANDOM,
truncation_1,0.5,220,431,21650,1666.9836423397064,32975,32994.95,ONE_POINT,100,100,RANDOM,
truncation_1,0.5,220,432,21700,1671.788072347641,32974,32989.96,ONE_POINT,100,100,RANDOM,
truncation_1,0.5,220,433,21750,1676.0978696346283,32974,32984.3,ONE_POINT,100,100,RANDOM,
truncation_1,0.5,220,434,21800,1680.1807062625885,32974,32979.04,ONE_POINT,100,100,RANDOM,
truncation_1,0.5,220,435,21850,1684.174903869629,32969,32974.6,ONE_POINT,100,100,RANDOM,
truncation_1,0.5,220,436,21900,1688.4040360450745,32968,32971.99,ONE_POINT,100,100,RANDOM,
truncation_1,0.5,220,437,21950,1692.7312517166138,32968,32971.03,ONE_POINT,100,100,RANDOM,
truncation_1,0.5,220,438,22000,1696.9234039783478,32867,32962.38,ONE_POINT,100,100,RANDOM,
truncation_1,0.5,220,439,22050,1701.4185962677002,32867,32931.42,ONE_POINT,100,100,RANDOM,
truncation_1,0.5,220,440,22100,1705.919919013977,32861,32900.51,ONE_POINT,100,100,RANDOM,
truncation_1,0.5,220,441,22150,1710.3125467300415,32859,32871.83,ONE_POINT,100,100,RANDOM,
truncation_1,0.5,220,442,22200,1714.7209074497223,32850,32862.28,ONE_POINT,100,100,RANDOM,
truncation_1,0.5,220,443,22250,1718.7988803386688,32813,32857.3,ONE_POINT,100,100,RANDOM,
truncation_1,0.5,220,444,22300,1722.7115726470947,32812,32843.43,ONE_POINT,100,100,RANDOM,
truncation_1,0.5,220,445,22350,1726.9257204532623,32812,32832.42,ONE_POINT,100,100,RANDOM,
truncation_1,0.5,220,446,22400,1730.7989284992218,32811,32821.36,ONE_POINT,100,100,RANDOM,
truncation_1,0.5,220,447,22450,1734.6581571102142,32811,32812.99,ONE_POINT,100,100,RANDOM,
truncation_1,0.5,220,448,22500,1739.1272127628326,32811,32811.61,ONE_POINT,100,100,RANDOM,
truncation_1,0.5,220,449,22550,1743.0591666698456,32802,32809.38,ONE_POINT,100,100,RANDOM,
truncation_1,0.5,220,450,22600,1746.9418907165527,32802,32806.9,ONE_POINT,100,100,RANDOM,
truncation_1,0.5,220,451,22650,1750.8603310585022,32802,32804.92,ONE_POINT,100,100,RANDOM,
truncation_1,0.5,220,452,22700,1754.9112734794617,32802,32803.03,ONE_POINT,100,100,RANDOM,
truncation_1,0.5,220,453,22750,1758.9428539276123,32802,32802.0,ONE_POINT,100,100,RANDOM,
truncation_1,0.5,220,454,22800,1763.1766860485077,32801,32801.8,ONE_POINT,100,100,RANDOM,
truncation_1,0.5,220,455,22850,1767.5242443084717,32799,32801.27,ONE_POINT,100,100,RANDOM,
truncation_1,0.5,220,456,22900,1771.9112854003906,32799,32800.63,ONE_POINT,100,100,RANDOM,
truncation_1,0.5,220,457,22950,1775.9688210487366,32797,32799.81,ONE_POINT,100,100,RANDOM,
truncation_1,0.5,220,458,23000,1780.0577018260956,32797,32798.96,ONE_POINT,100,100,RANDOM,
truncation_1,0.5,220,459,23050,1784.0485558509827,32791,32796.9,ONE_POINT,100,100,RANDOM,
truncation_1,0.5,220,460,23100,1788.3691296577454,32779,32793.34,ONE_POINT,100,100,RANDOM,
truncation_1,0.5,220,461,23150,1792.8049330711365,32776,32788.14,ONE_POINT,100,100,RANDOM,
truncation_1,0.5,220,462,23200,1797.423234462738,32775,32782.56,ONE_POINT,100,100,RANDOM,
truncation_1,0.5,220,463,23250,1801.721176147461,32775,32777.85,ONE_POINT,100,100,RANDOM,
truncation_1,0.5,220,464,23300,1806.1020069122314,32775,32775.93,ONE_POINT,100,100,RANDOM,
truncation_1,0.5,220,465,23350,1810.5150916576385,32775,32775.19,ONE_POINT,100,100,RANDOM,
truncation_1,0.5,220,466,23400,1814.8165278434753,32764,32772.82,ONE_POINT,100,100,RANDOM,
truncation_1,0.5,220,467,23450,1819.04337143898,32647,32755.21,ONE_POINT,100,100,RANDOM,
truncation_1,0.5,220,468,23500,1823.2035057544708,32637,32726.09,ONE_POINT,100,100,RANDOM,
truncation_1,0.5,220,469,23550,1827.273871421814,32609,32686.1,ONE_POINT,100,100,RANDOM,
truncation_1,0.5,220,470,23600,1831.5158610343933,32609,32640.59,ONE_POINT,100,100,RANDOM,
truncation_1,0.5,220,471,23650,1835.7621369361877,32596,32617.71,ONE_POINT,100,100,RANDOM,
truncation_1,0.5,220,472,23700,1839.94468998909,32591,32605.08,ONE_POINT,100,100,RANDOM,
truncation_1,0.5,220,473,23750,1844.0756027698517,32591,32598.19,ONE_POINT,100,100,RANDOM,
truncation_1,0.5,220,474,23800,1848.2495138645172,32526,32583.15,ONE_POINT,100,100,RANDOM,
truncation_1,0.5,220,475,23850,1852.1663076877594,32525,32566.85,ONE_POINT,100,100,RANDOM,
truncation_1,0.5,220,476,23900,1856.2286438941956,32501,32552.29,ONE_POINT,100,100,RANDOM,
truncation_1,0.5,220,477,23950,1860.5605359077454,32501,32532.76,ONE_POINT,100,100,RANDOM,
truncation_1,0.5,220,478,24000,1864.619283914566,32498,32515.87,ONE_POINT,100,100,RANDOM,
truncation_1,0.5,220,479,24050,1868.6040143966675,32455,32500.05,ONE_POINT,100,100,RANDOM,
truncation_1,0.5,220,480,24100,1872.648137807846,32447,32479.08,ONE_POINT,100,100,RANDOM,
truncation_1,0.5,220,481,24150,1876.9444041252136,32435,32460.11,ONE_POINT,100,100,RANDOM,
truncation_1,0.5,220,482,24200,1881.2077453136444,32435,32447.62,ONE_POINT,100,100,RANDOM,
truncation_1,0.5,220,483,24250,1885.124132156372,32435,32441.05,ONE_POINT,100,100,RANDOM,
truncation_1,0.5,220,484,24300,1889.2254734039307,32435,32437.7,ONE_POINT,100,100,RANDOM,
truncation_1,0.5,220,485,24350,1893.1447281837463,32435,32435.27,ONE_POINT,100,100,RANDOM,
truncation_1,0.5,220,486,24400,1897.138078212738,32433,32434.98,ONE_POINT,100,100,RANDOM,
truncation_1,0.5,220,487,24450,1901.0249547958374,32418,32432.27,ONE_POINT,100,100,RANDOM,
truncation_1,0.5,220,488,24500,1904.9066779613495,32415,32428.46,ONE_POINT,100,100,RANDOM,
truncation_1,0.5,220,489,24550,1908.9966173171997,32400,32421.63,ONE_POINT,100,100,RANDOM,
truncation_1,0.5,220,490,24600,1913.093960762024,32347,32404.75,ONE_POINT,100,100,RANDOM,
truncation_1,0.5,220,491,24650,1917.2967262268066,32347,32388.23,ONE_POINT,100,100,RANDOM,
truncation_1,0.5,220,492,24700,1921.3196306228638,32347,32368.74,ONE_POINT,100,100,RANDOM,
truncation_1,0.5,220,493,24750,1925.2289953231812,32347,32356.67,ONE_POINT,100,100,RANDOM,
truncation_1,0.5,220,494,24800,1929.1321892738342,32344,32347.06,ONE_POINT,100,100,RANDOM,
truncation_1,0.5,220,495,24850,1933.0144445896149,32341,32345.67,ONE_POINT,100,100,RANDOM,
truncation_1,0.5,220,496,24900,1936.99467253685,32336,32343.67,ONE_POINT,100,100,RANDOM,
truncation_1,0.5,220,497,24950,1940.9164819717407,32327,32339.13,ONE_POINT,100,100,RANDOM,
truncation_1,0.5,220,498,25000,1944.945261001587,32307,32331.98,ONE_POINT,100,100,RANDOM,
truncation_1,0.5,220,499,25050,1949.0408341884613,32307,32322.9,ONE_POINT,100,100,RANDOM,
truncation_1,0.5,220,500,25100,1953.0677607059479,32305,32314.7,ONE_POINT,100,100,RANDOM,
