selection-name,num-features-mutation-strength,seed,num-generations,num-evaluations,time-elapsed,best-fitness,avg-fitness,crossover-method,population-size,num-points,initialization
truncation_1,0.5,0,1,200,0.28473734855651855,134707,135393.28,ONE_POINT,100,100,RANDOM
truncation_1,0.5,0,2,300,0.7290594577789307,130439,131451.44,ONE_POINT,100,100,RANDOM
truncation_1,0.5,0,3,400,1.2114577293395996,128275,128349.88,ONE_POINT,100,100,RANDOM
truncation_1,0.5,0,4,500,1.687727928161621,127137,127141.6,ONE_POINT,100,100,RANDOM
truncation_1,0.5,0,5,600,2.1338188648223877,125546,125549.85,ONE_POINT,100,100,RANDOM
truncation_1,0.5,0,6,700,2.586106777191162,124456,124554.28,ONE_POINT,100,100,RANDOM
truncation_1,0.5,0,7,800,3.0302491188049316,123417,123524.64,ONE_POINT,100,100,RANDOM
truncation_1,0.5,0,8,900,3.4998421669006348,121327,121869.72,ONE_POINT,100,100,RANDOM
truncation_1,0.5,0,9,1000,3.945864677429199,119837,119837.0,ONE_POINT,100,100,RANDOM
truncation_1,0.5,20,1,200,0.28890252113342285,136512,136992.48,ONE_POINT,100,100,RANDOM
truncation_1,0.5,20,2,300,0.7361207008361816,126848,127054.08,ONE_POINT,100,100,RANDOM
truncation_1,0.5,20,3,400,1.1967172622680664,125626,125783.36,ONE_POINT,100,100,RANDOM
truncation_1,0.5,20,4,500,1.6486656665802002,123744,124040.94,ONE_POINT,100,100,RANDOM
truncation_1,0.5,20,5,600,2.1016862392425537,121449,121858.2,ONE_POINT,100,100,RANDOM
truncation_1,0.5,20,6,700,2.552203893661499,119916,120354.3,ONE_POINT,100,100,RANDOM
truncation_1,0.5,20,7,800,3.0048322677612305,119031,119067.48,ONE_POINT,100,100,RANDOM
truncation_1,0.5,20,8,900,3.4845287799835205,117900,118125.6,ONE_POINT,100,100,RANDOM
truncation_1,0.5,20,9,1000,3.934324264526367,116754,117036.73,ONE_POINT,100,100,RANDOM
truncation_1,0.5,20,10,1100,4.376644134521484,115553,115722.74,ONE_POINT,100,100,RANDOM
truncation_1,0.5,20,11,1200,4.8156633377075195,114891,114922.5,ONE_POINT,100,100,RANDOM
truncation_1,0.5,20,12,1300,5.251957416534424,114079,114113.78,ONE_POINT,100,100,RANDOM
truncation_1,0.5,20,13,1400,5.724606275558472,113228,113320.0,ONE_POINT,100,100,RANDOM
truncation_1,0.5,20,14,1500,6.166735887527466,112396,112517.0,ONE_POINT,100,100,RANDOM
truncation_1,0.5,20,15,1600,6.609939098358154,111367,111375.6,ONE_POINT,100,100,RANDOM
truncation_1,0.5,20,16,1700,7.082494735717773,110478,110639.76,ONE_POINT,100,100,RANDOM
truncation_1,0.5,20,17,1800,7.542843818664551,109692,109695.48,ONE_POINT,100,100,RANDOM
truncation_1,0.5,20,18,1900,8.000128984451294,108812,108940.0,ONE_POINT,100,100,RANDOM
truncation_1,0.5,20,19,2000,8.457021713256836,108139,108167.0,ONE_POINT,100,100,RANDOM
truncation_1,0.5,20,20,2100,8.916509866714478,107545,107585.95,ONE_POINT,100,100,RANDOM
truncation_1,0.5,20,21,2200,9.370394229888916,106671,106779.81,ONE_POINT,100,100,RANDOM
truncation_1,0.5,20,22,2300,9.863845348358154,105795,106049.25,ONE_POINT,100,100,RANDOM
truncation_1,0.5,20,23,2400,10.305150032043457,105147,105166.68,ONE_POINT,100,100,RANDOM
truncation_1,0.5,20,24,2500,10.749893426895142,104393,104573.4,ONE_POINT,100,100,RANDOM
truncation_1,0.5,20,25,2600,11.190810441970825,104242,104247.6,ONE_POINT,100,100,RANDOM
truncation_1,0.5,20,26,2700,11.646352291107178,102706,103036.19,ONE_POINT,100,100,RANDOM
truncation_1,0.5,20,27,2800,12.126341581344604,102496,102507.18,ONE_POINT,100,100,RANDOM
truncation_1,0.5,20,28,2900,12.573872089385986,100914,100932.86,ONE_POINT,100,100,RANDOM
truncation_1,0.5,20,29,3000,13.027665615081787,100143,100229.42,ONE_POINT,100,100,RANDOM
truncation_1,0.5,20,30,3100,13.480265140533447,99197,99515.5,ONE_POINT,100,100,RANDOM
truncation_1,0.5,20,31,3200,13.958401203155518,98598,98622.91,ONE_POINT,100,100,RANDOM
truncation_1,0.5,20,32,3300,14.424193620681763,98095,98198.88,ONE_POINT,100,100,RANDOM
truncation_1,0.5,20,33,3400,14.870818853378296,96961,97225.69,ONE_POINT,100,100,RANDOM
truncation_1,0.5,20,34,3500,15.35207486152649,95713,96093.7,ONE_POINT,100,100,RANDOM
truncation_1,0.5,20,35,3600,15.81147575378418,95613,95623.32,ONE_POINT,100,100,RANDOM
truncation_1,0.5,20,36,3700,16.267902851104736,94972,95032.69,ONE_POINT,100,100,RANDOM
truncation_1,0.5,20,37,3800,16.732295513153076,94366,94464.5,ONE_POINT,100,100,RANDOM
truncation_1,0.5,20,38,3900,17.19887685775757,93937,94027.27,ONE_POINT,100,100,RANDOM
truncation_1,0.5,20,39,4000,17.647661924362183,93617,93626.89,ONE_POINT,100,100,RANDOM
truncation_1,0.5,20,40,4100,18.111545085906982,92219,92801.96,ONE_POINT,100,100,RANDOM
truncation_1,0.5,20,41,4200,18.554640531539917,91398,91411.0,ONE_POINT,100,100,RANDOM
truncation_1,0.5,20,42,4300,19.03084683418274,90965,91002.74,ONE_POINT,100,100,RANDOM
truncation_1,0.5,20,43,4400,19.48982572555542,90544,90591.52,ONE_POINT,100,100,RANDOM
truncation_1,0.5,20,44,4500,19.94576406478882,90029,90203.05,ONE_POINT,100,100,RANDOM
truncation_1,0.5,20,45,4600,20.400612354278564,89713,89759.08,ONE_POINT,100,100,RANDOM
truncation_1,0.5,20,46,4700,20.86786150932312,89342,89355.25,ONE_POINT,100,100,RANDOM
truncation_1,0.5,20,47,4800,21.314212560653687,88673,88734.71,ONE_POINT,100,100,RANDOM
truncation_1,0.5,20,48,4900,21.76801109313965,88442,88516.25,ONE_POINT,100,100,RANDOM
truncation_1,0.5,20,49,5000,22.232391357421875,87908,87932.5,ONE_POINT,100,100,RANDOM
truncation_1,0.5,20,50,5100,22.685513496398926,87344,87417.0,ONE_POINT,100,100,RANDOM
truncation_1,0.5,20,51,5200,23.155516386032104,86656,86770.92,ONE_POINT,100,100,RANDOM
truncation_1,0.5,20,52,5300,23.599376678466797,86360,86382.57,ONE_POINT,100,100,RANDOM
truncation_1,0.5,20,53,5400,24.04850482940674,85789,85870.51,ONE_POINT,100,100,RANDOM
truncation_1,0.5,20,54,5500,24.49599838256836,85497,85506.8,ONE_POINT,100,100,RANDOM
truncation_1,0.5,20,55,5600,24.943978786468506,84921,84943.05,ONE_POINT,100,100,RANDOM
truncation_1,0.5,20,56,5700,25.396141290664673,84466,84513.5,ONE_POINT,100,100,RANDOM
truncation_1,0.5,20,57,5800,25.851094484329224,84118,84170.8,ONE_POINT,100,100,RANDOM
truncation_1,0.5,20,58,5900,26.292418718338013,83798,83798.0,ONE_POINT,100,100,RANDOM
truncation_1,0.5,20,59,6000,26.766026496887207,83328,83407.5,ONE_POINT,100,100,RANDOM
truncation_1,0.5,20,60,6100,27.2173912525177,83043,83047.8,ONE_POINT,100,100,RANDOM
truncation_1,0.5,20,61,6200,27.68421459197998,82253,82393.06,ONE_POINT,100,100,RANDOM
truncation_1,0.5,20,62,6300,28.12453842163086,81915,82001.43,ONE_POINT,100,100,RANDOM
truncation_1,0.5,20,63,6400,28.59162974357605,81417,81495.66,ONE_POINT,100,100,RANDOM
truncation_1,0.5,20,64,6500,29.032670259475708,81045,81155.33,ONE_POINT,100,100,RANDOM
truncation_1,0.5,20,65,6600,29.471112489700317,80458,80458.88,ONE_POINT,100,100,RANDOM
truncation_1,0.5,20,66,6700,29.933739185333252,79777,79964.5,ONE_POINT,100,100,RANDOM
truncation_1,0.5,20,67,6800,30.383859634399414,79401,79401.54,ONE_POINT,100,100,RANDOM
truncation_1,0.5,20,68,6900,30.839734077453613,79143,79149.96,ONE_POINT,100,100,RANDOM
truncation_1,0.5,20,69,7000,31.291319847106934,78632,78775.07,ONE_POINT,100,100,RANDOM
truncation_1,0.5,20,70,7100,31.73180079460144,78357,78358.8,ONE_POINT,100,100,RANDOM
truncation_1,0.5,20,71,7200,32.2043399810791,77866,77930.26,ONE_POINT,100,100,RANDOM
truncation_1,0.5,20,72,7300,32.66267132759094,77586,77600.56,ONE_POINT,100,100,RANDOM
truncation_1,0.5,20,73,7400,33.1222026348114,76689,76763.88,ONE_POINT,100,100,RANDOM
truncation_1,0.5,20,74,7500,33.57565450668335,76498,76512.26,ONE_POINT,100,100,RANDOM
truncation_1,0.5,20,75,7600,34.104628562927246,76247,76257.08,ONE_POINT,100,100,RANDOM
truncation_1,0.5,20,76,7700,34.5595440864563,75754,75821.62,ONE_POINT,100,100,RANDOM
truncation_1,0.5,20,77,7800,35.01676106452942,75392,75447.68,ONE_POINT,100,100,RANDOM
truncation_1,0.5,20,78,7900,35.47300958633423,75159,75173.28,ONE_POINT,100,100,RANDOM
truncation_1,0.5,20,79,8000,35.914916038513184,74711,74809.82,ONE_POINT,100,100,RANDOM
truncation_1,0.5,20,80,8100,36.370391845703125,74232,74281.92,ONE_POINT,100,100,RANDOM
truncation_1,0.5,20,81,8200,36.81215572357178,73915,74024.98,ONE_POINT,100,100,RANDOM
truncation_1,0.5,20,82,8300,37.26206588745117,73605,73663.3,ONE_POINT,100,100,RANDOM
truncation_1,0.5,20,83,8400,37.709635972976685,73359,73359.0,ONE_POINT,100,100,RANDOM
truncation_1,0.5,40,1,200,0.2986636161804199,136636,135385.2,ONE_POINT,100,100,RANDOM
truncation_1,0.5,40,2,300,0.7611372470855713,131133,131451.24,ONE_POINT,100,100,RANDOM
truncation_1,0.5,40,3,400,1.1968767642974854,130077,130288.6,ONE_POINT,100,100,RANDOM
truncation_1,0.5,40,4,500,1.6367721557617188,128967,129087.0,ONE_POINT,100,100,RANDOM
truncation_1,0.5,40,5,600,2.0856447219848633,128151,128279.7,ONE_POINT,100,100,RANDOM
truncation_1,0.5,40,6,700,2.543778419494629,125895,126778.8,ONE_POINT,100,100,RANDOM
truncation_1,0.5,40,7,800,2.9871039390563965,124940,125093.0,ONE_POINT,100,100,RANDOM
truncation_1,0.5,40,8,900,3.4441192150115967,124684,124684.6,ONE_POINT,100,100,RANDOM
truncation_1,0.5,40,9,1000,3.887915849685669,124087,124092.2,ONE_POINT,100,100,RANDOM
truncation_1,0.5,40,10,1100,4.320260763168335,123615,123692.38,ONE_POINT,100,100,RANDOM
truncation_1,0.5,40,11,1200,4.791590213775635,123115,123177.01,ONE_POINT,100,100,RANDOM
truncation_1,0.5,40,12,1300,5.254179954528809,122054,122285.77,ONE_POINT,100,100,RANDOM
truncation_1,0.5,40,13,1400,5.700647592544556,121601,121698.44,ONE_POINT,100,100,RANDOM
truncation_1,0.5,40,14,1500,6.159258604049683,120599,120848.0,ONE_POINT,100,100,RANDOM
truncation_1,0.5,40,15,1600,6.653353929519653,119640,119768.31,ONE_POINT,100,100,RANDOM
truncation_1,0.5,40,16,1700,7.11961555480957,119289,119325.12,ONE_POINT,100,100,RANDOM
truncation_1,0.5,40,17,1800,7.663742780685425,118706,118721.64,ONE_POINT,100,100,RANDOM
truncation_1,0.5,40,18,1900,8.116072654724121,117110,117569.54,ONE_POINT,100,100,RANDOM
truncation_1,0.5,40,19,2000,8.561769962310791,115552,115898.92,ONE_POINT,100,100,RANDOM
truncation_1,0.5,40,20,2100,9.038052797317505,114102,114452.92,ONE_POINT,100,100,RANDOM
truncation_1,0.5,40,21,2200,9.486983299255371,113290,113514.4,ONE_POINT,100,100,RANDOM
truncation_1,0.5,40,22,2300,9.941073656082153,112365,112438.48,ONE_POINT,100,100,RANDOM
truncation_1,0.5,40,23,2400,10.37688660621643,111296,111424.34,ONE_POINT,100,100,RANDOM
truncation_1,0.5,40,24,2500,10.851443529129028,110496,110571.92,ONE_POINT,100,100,RANDOM
truncation_1,0.5,40,25,2600,11.314872026443481,110227,110314.71,ONE_POINT,100,100,RANDOM
truncation_1,0.5,40,26,2700,11.764274835586548,109753,109826.5,ONE_POINT,100,100,RANDOM
truncation_1,0.5,40,27,2800,12.205742835998535,109321,109359.16,ONE_POINT,100,100,RANDOM
truncation_1,0.5,40,28,2900,12.662176132202148,108608,108655.5,ONE_POINT,100,100,RANDOM
truncation_1,0.5,40,29,3000,13.104302167892456,108169,108183.57,ONE_POINT,100,100,RANDOM
truncation_1,0.5,40,30,3100,13.570770025253296,107640,107643.78,ONE_POINT,100,100,RANDOM
truncation_1,0.5,40,31,3200,14.013273477554321,106894,106995.7,ONE_POINT,100,100,RANDOM
truncation_1,0.5,40,32,3300,14.455146074295044,106104,106177.53,ONE_POINT,100,100,RANDOM
truncation_1,0.5,40,33,3400,14.900313377380371,105330,105522.57,ONE_POINT,100,100,RANDOM
truncation_1,0.5,40,34,3500,15.379451513290405,104292,104292.0,ONE_POINT,100,100,RANDOM
truncation_1,0.5,60,1,200,0.29213666915893555,136488,133811.2,ONE_POINT,100,100,RANDOM
truncation_1,0.5,60,2,300,0.74977707862854,129560,129986.5,ONE_POINT,100,100,RANDOM
truncation_1,0.5,60,3,400,1.191561222076416,129034,129133.55,ONE_POINT,100,100,RANDOM
truncation_1,0.5,60,4,500,1.6773722171783447,127935,128156.4,ONE_POINT,100,100,RANDOM
truncation_1,0.5,60,5,600,2.1544013023376465,126271,126642.28,ONE_POINT,100,100,RANDOM
truncation_1,0.5,60,6,700,2.5976648330688477,125138,125498.88,ONE_POINT,100,100,RANDOM
truncation_1,0.5,60,7,800,3.0495402812957764,123883,124025.88,ONE_POINT,100,100,RANDOM
truncation_1,0.5,60,8,900,3.527419328689575,121905,122150.82,ONE_POINT,100,100,RANDOM
truncation_1,0.5,60,9,1000,3.9787163734436035,121145,121166.15,ONE_POINT,100,100,RANDOM
truncation_1,0.5,60,10,1100,4.431951522827148,120323,120373.6,ONE_POINT,100,100,RANDOM
truncation_1,0.5,60,11,1200,4.891003370285034,118368,118847.25,ONE_POINT,100,100,RANDOM
truncation_1,0.5,60,12,1300,5.33930516242981,117584,117624.8,ONE_POINT,100,100,RANDOM
truncation_1,0.5,60,13,1400,5.794230937957764,116219,116525.24,ONE_POINT,100,100,RANDOM
truncation_1,0.5,60,14,1500,6.2622411251068115,114617,114819.52,ONE_POINT,100,100,RANDOM
truncation_1,0.5,60,15,1600,6.709022283554077,113286,113286.0,ONE_POINT,100,100,RANDOM
truncation_1,0.5,80,1,200,0.2834913730621338,133415,135835.51,ONE_POINT,100,100,RANDOM
truncation_1,0.5,80,2,300,0.7154381275177002,123437,123817.76,ONE_POINT,100,100,RANDOM
truncation_1,0.5,80,3,400,1.1872339248657227,122191,122479.58,ONE_POINT,100,100,RANDOM
truncation_1,0.5,80,4,500,1.6297473907470703,121350,121422.38,ONE_POINT,100,100,RANDOM
truncation_1,0.5,80,5,600,2.069833278656006,120704,120798.5,ONE_POINT,100,100,RANDOM
truncation_1,0.5,80,6,700,2.5286142826080322,118333,118796.32,ONE_POINT,100,100,RANDOM
truncation_1,0.5,80,7,800,2.974869728088379,117177,117206.12,ONE_POINT,100,100,RANDOM
truncation_1,0.5,80,8,900,3.4286491870880127,116369,116425.61,ONE_POINT,100,100,RANDOM
truncation_1,0.5,80,9,1000,3.885833740234375,115444,115497.2,ONE_POINT,100,100,RANDOM
truncation_1,0.5,80,10,1100,4.340938329696655,114526,114540.96,ONE_POINT,100,100,RANDOM
truncation_1,0.5,80,11,1200,4.830836057662964,113311,113311.0,ONE_POINT,100,100,RANDOM
truncation_5,0.5,0,1,200,0.2951779365539551,134707,137593.56,ONE_POINT,100,100,RANDOM
truncation_5,0.5,0,2,300,0.7414820194244385,125960,131203.03,ONE_POINT,100,100,RANDOM
truncation_5,0.5,0,3,400,1.1951839923858643,122653,124807.11,ONE_POINT,100,100,RANDOM
truncation_5,0.5,0,4,500,1.6494224071502686,118521,121346.32,ONE_POINT,100,100,RANDOM
truncation_5,0.5,0,5,600,2.0967726707458496,115374,117618.67,ONE_POINT,100,100,RANDOM
truncation_5,0.5,0,6,700,2.5552475452423096,111949,114469.14,ONE_POINT,100,100,RANDOM
truncation_5,0.5,0,7,800,2.994685173034668,111791,111936.04,ONE_POINT,100,100,RANDOM
truncation_5,0.5,0,8,900,3.454096555709839,111466,111729.63,ONE_POINT,100,100,RANDOM
truncation_5,0.5,0,9,1000,3.8999276161193848,109001,111125.76,ONE_POINT,100,100,RANDOM
truncation_5,0.5,0,10,1100,4.345375061035156,108523,108910.56,ONE_POINT,100,100,RANDOM
truncation_5,0.5,0,11,1200,4.794591665267944,107907,108267.86,ONE_POINT,100,100,RANDOM
truncation_5,0.5,0,12,1300,5.2426674365997314,106710,107117.92,ONE_POINT,100,100,RANDOM
truncation_5,0.5,0,13,1400,5.697472810745239,105897,106367.99,ONE_POINT,100,100,RANDOM
truncation_5,0.5,0,14,1500,6.140494346618652,105232,105624.6,ONE_POINT,100,100,RANDOM
truncation_5,0.5,0,15,1600,6.598595857620239,104717,105029.67,ONE_POINT,100,100,RANDOM
truncation_5,0.5,0,16,1700,7.060048818588257,103928,104479.51,ONE_POINT,100,100,RANDOM
truncation_5,0.5,0,17,1800,7.510211706161499,102570,103648.21,ONE_POINT,100,100,RANDOM
truncation_5,0.5,0,18,1900,7.956539154052734,102452,102557.02,ONE_POINT,100,100,RANDOM
truncation_5,0.5,0,19,2000,8.416813373565674,102132,102375.03,ONE_POINT,100,100,RANDOM
truncation_5,0.5,0,20,2100,8.88373589515686,101604,101896.2,ONE_POINT,100,100,RANDOM
truncation_5,0.5,0,21,2200,9.34992265701294,100181,100965.22,ONE_POINT,100,100,RANDOM
truncation_5,0.5,0,22,2300,9.821216821670532,99585,100005.68,ONE_POINT,100,100,RANDOM
truncation_5,0.5,0,23,2400,10.271624565124512,99432,99545.33,ONE_POINT,100,100,RANDOM
truncation_5,0.5,0,24,2500,10.714196681976318,98899,99299.77,ONE_POINT,100,100,RANDOM
truncation_5,0.5,0,25,2600,11.173714876174927,98764,98874.63,ONE_POINT,100,100,RANDOM
truncation_5,0.5,0,26,2700,11.621694564819336,98518,98645.02,ONE_POINT,100,100,RANDOM
truncation_5,0.5,0,27,2800,12.073311567306519,97596,98254.68,ONE_POINT,100,100,RANDOM
truncation_5,0.5,0,28,2900,12.527087450027466,97239,97602.09,ONE_POINT,100,100,RANDOM
truncation_5,0.5,0,29,3000,12.973763465881348,96475,96910.46,ONE_POINT,100,100,RANDOM
truncation_5,0.5,0,30,3100,13.434702396392822,95971,96320.39,ONE_POINT,100,100,RANDOM
truncation_5,0.5,0,31,3200,13.915712118148804,95142,95497.37,ONE_POINT,100,100,RANDOM
truncation_5,0.5,0,32,3300,14.355367422103882,94795,94979.74,ONE_POINT,100,100,RANDOM
truncation_5,0.5,0,33,3400,14.807880640029907,94250,94525.57,ONE_POINT,100,100,RANDOM
truncation_5,0.5,0,34,3500,15.25403618812561,93791,94104.09,ONE_POINT,100,100,RANDOM
truncation_5,0.5,0,35,3600,15.724617958068848,93523,93728.21,ONE_POINT,100,100,RANDOM
truncation_5,0.5,0,36,3700,16.201565504074097,93039,93315.31,ONE_POINT,100,100,RANDOM
truncation_5,0.5,0,37,3800,16.637165069580078,92096,92743.14,ONE_POINT,100,100,RANDOM
truncation_5,0.5,0,38,3900,17.086588382720947,91586,91970.76,ONE_POINT,100,100,RANDOM
truncation_5,0.5,0,39,4000,17.60724639892578,91240,91523.33,ONE_POINT,100,100,RANDOM
truncation_5,0.5,0,40,4100,18.068233013153076,90851,91122.17,ONE_POINT,100,100,RANDOM
truncation_5,0.5,0,41,4200,18.515546560287476,89825,90660.28,ONE_POINT,100,100,RANDOM
truncation_5,0.5,0,42,4300,18.94940495491028,89269,89673.58,ONE_POINT,100,100,RANDOM
truncation_5,0.5,0,43,4400,19.394017934799194,88836,89189.08,ONE_POINT,100,100,RANDOM
truncation_5,0.5,0,44,4500,19.86009931564331,87936,88626.32,ONE_POINT,100,100,RANDOM
truncation_5,0.5,0,45,4600,20.315187692642212,87196,87749.8,ONE_POINT,100,100,RANDOM
truncation_5,0.5,0,46,4700,20.76318049430847,86940,87155.57,ONE_POINT,100,100,RANDOM
truncation_5,0.5,0,47,4800,21.20789337158203,86659,86867.86,ONE_POINT,100,100,RANDOM
truncation_5,0.5,0,48,4900,21.65834951400757,86379,86567.71,ONE_POINT,100,100,RANDOM
truncation_5,0.5,0,49,5000,22.114052772521973,86089,86287.97,ONE_POINT,100,100,RANDOM
truncation_5,0.5,0,50,5100,22.580137968063354,85846,86021.88,ONE_POINT,100,100,RANDOM
truncation_5,0.5,0,51,5200,23.05061411857605,85675,85768.38,ONE_POINT,100,100,RANDOM
truncation_5,0.5,0,52,5300,23.489067316055298,84838,85446.63,ONE_POINT,100,100,RANDOM
truncation_5,0.5,0,53,5400,23.928314447402954,84187,84658.97,ONE_POINT,100,100,RANDOM
truncation_5,0.5,0,54,5500,24.407790422439575,83600,84040.41,ONE_POINT,100,100,RANDOM
truncation_5,0.5,0,55,5600,24.85774064064026,82977,83477.34,ONE_POINT,100,100,RANDOM
truncation_5,0.5,0,56,5700,25.30314612388611,82828,82958.81,ONE_POINT,100,100,RANDOM
truncation_5,0.5,0,57,5800,25.74320888519287,82339,82616.44,ONE_POINT,100,100,RANDOM
truncation_5,0.5,0,58,5900,26.178929328918457,82010,82203.94,ONE_POINT,100,100,RANDOM
truncation_5,0.5,0,59,6000,26.6562020778656,81456,81781.35,ONE_POINT,100,100,RANDOM
truncation_5,0.5,0,60,6100,27.10952091217041,80967,81213.07,ONE_POINT,100,100,RANDOM
truncation_5,0.5,0,61,6200,27.565248489379883,80449,80729.35,ONE_POINT,100,100,RANDOM
truncation_5,0.5,0,62,6300,27.999679803848267,79730,80183.73,ONE_POINT,100,100,RANDOM
truncation_5,0.5,0,63,6400,28.444424390792847,79207,79626.09,ONE_POINT,100,100,RANDOM
truncation_5,0.5,0,64,6500,28.902795791625977,79121,79195.56,ONE_POINT,100,100,RANDOM
truncation_5,0.5,0,65,6600,29.34877586364746,78810,79091.72,ONE_POINT,100,100,RANDOM
truncation_5,0.5,0,66,6700,29.88098669052124,78136,78650.22,ONE_POINT,100,100,RANDOM
truncation_5,0.5,0,67,6800,30.325230836868286,78068,78122.84,ONE_POINT,100,100,RANDOM
truncation_5,0.5,0,68,6900,30.7750461101532,77938,78003.77,ONE_POINT,100,100,RANDOM
truncation_5,0.5,0,69,7000,31.253934860229492,77751,77818.18,ONE_POINT,100,100,RANDOM
truncation_5,0.5,0,70,7100,31.701130628585815,77408,77601.08,ONE_POINT,100,100,RANDOM
truncation_5,0.5,0,71,7200,32.14033484458923,77200,77319.32,ONE_POINT,100,100,RANDOM
truncation_5,0.5,0,72,7300,32.59720516204834,76891,76978.11,ONE_POINT,100,100,RANDOM
truncation_5,0.5,0,73,7400,33.07276391983032,76581,76694.18,ONE_POINT,100,100,RANDOM
truncation_5,0.5,0,74,7500,33.513630628585815,76305,76529.01,ONE_POINT,100,100,RANDOM
truncation_5,0.5,0,75,7600,33.96444272994995,76059,76258.02,ONE_POINT,100,100,RANDOM
truncation_5,0.5,0,76,7700,34.41242432594299,75873,75996.1,ONE_POINT,100,100,RANDOM
truncation_5,0.5,0,77,7800,34.8837194442749,75598,75656.05,ONE_POINT,100,100,RANDOM
truncation_5,0.5,0,78,7900,35.33927035331726,75320,75413.88,ONE_POINT,100,100,RANDOM
truncation_5,0.5,0,79,8000,35.783753395080566,75048,75203.16,ONE_POINT,100,100,RANDOM
truncation_5,0.5,0,80,8100,36.22858715057373,74929,74982.65,ONE_POINT,100,100,RANDOM
truncation_5,0.5,0,81,8200,36.67919421195984,74595,74774.42,ONE_POINT,100,100,RANDOM
truncation_5,0.5,0,82,8300,37.13970971107483,74361,74463.9,ONE_POINT,100,100,RANDOM
truncation_5,0.5,0,83,8400,37.59869575500488,74166,74273.61,ONE_POINT,100,100,RANDOM
truncation_5,0.5,0,84,8500,38.09201908111572,73816,73954.31,ONE_POINT,100,100,RANDOM
truncation_5,0.5,0,85,8600,38.54347276687622,73406,73573.09,ONE_POINT,100,100,RANDOM
truncation_5,0.5,0,86,8700,39.00897765159607,72935,73163.06,ONE_POINT,100,100,RANDOM
truncation_5,0.5,0,87,8800,39.454437494277954,72839,72922.24,ONE_POINT,100,100,RANDOM
truncation_5,0.5,0,88,8900,39.91005516052246,72287,72767.76,ONE_POINT,100,100,RANDOM
truncation_5,0.5,0,89,9000,40.36504769325256,72151,72273.4,ONE_POINT,100,100,RANDOM
truncation_5,0.5,0,90,9100,40.812357902526855,72041,72118.75,ONE_POINT,100,100,RANDOM
truncation_5,0.5,0,91,9200,41.27367424964905,71813,71905.03,ONE_POINT,100,100,RANDOM
truncation_5,0.5,0,92,9300,41.72941875457764,71503,71648.14,ONE_POINT,100,100,RANDOM
truncation_5,0.5,0,93,9400,42.17703366279602,71167,71276.34,ONE_POINT,100,100,RANDOM
truncation_5,0.5,0,94,9500,42.62156343460083,70849,70985.09,ONE_POINT,100,100,RANDOM
truncation_5,0.5,0,95,9600,43.06283187866211,70500,70557.36,ONE_POINT,100,100,RANDOM
truncation_5,0.5,0,96,9700,43.5163688659668,70101,70288.47,ONE_POINT,100,100,RANDOM
truncation_5,0.5,0,97,9800,43.96539831161499,69909,70050.55,ONE_POINT,100,100,RANDOM
truncation_5,0.5,0,98,9900,44.44174313545227,69601,69772.5,ONE_POINT,100,100,RANDOM
truncation_5,0.5,0,99,10000,44.893965005874634,69273,69538.3,ONE_POINT,100,100,RANDOM
truncation_5,0.5,0,100,10100,45.35664963722229,69252,69269.22,ONE_POINT,100,100,RANDOM
truncation_5,0.5,0,101,10200,45.81523418426514,68770,69175.38,ONE_POINT,100,100,RANDOM
truncation_5,0.5,0,102,10300,46.26262807846069,68576,68736.89,ONE_POINT,100,100,RANDOM
truncation_5,0.5,0,103,10400,46.717583417892456,68297,68538.68,ONE_POINT,100,100,RANDOM
truncation_5,0.5,0,104,10500,47.157036542892456,68213,68275.65,ONE_POINT,100,100,RANDOM
truncation_5,0.5,0,105,10600,47.62275218963623,67811,68117.12,ONE_POINT,100,100,RANDOM
truncation_5,0.5,0,106,10700,48.08672380447388,67710,67806.62,ONE_POINT,100,100,RANDOM
truncation_5,0.5,0,107,10800,48.54373240470886,67301,67539.16,ONE_POINT,100,100,RANDOM
truncation_5,0.5,0,108,10900,48.98028230667114,67040,67226.97,ONE_POINT,100,100,RANDOM
truncation_5,0.5,0,109,11000,49.44375419616699,66732,66951.22,ONE_POINT,100,100,RANDOM
truncation_5,0.5,0,110,11100,49.932453870773315,66555,66619.31,ONE_POINT,100,100,RANDOM
truncation_5,0.5,0,111,11200,50.38725399971008,66243,66389.0,ONE_POINT,100,100,RANDOM
truncation_5,0.5,0,112,11300,50.86298680305481,66139,66210.6,ONE_POINT,100,100,RANDOM
truncation_5,0.5,0,113,11400,51.30459547042847,66092,66123.99,ONE_POINT,100,100,RANDOM
truncation_5,0.5,0,114,11500,51.775349855422974,65951,66044.84,ONE_POINT,100,100,RANDOM
truncation_5,0.5,0,115,11600,52.23131322860718,65809,65911.71,ONE_POINT,100,100,RANDOM
truncation_5,0.5,0,116,11700,52.684930086135864,65665,65730.72,ONE_POINT,100,100,RANDOM
truncation_5,0.5,0,117,11800,53.137911558151245,65475,65568.7,ONE_POINT,100,100,RANDOM
truncation_5,0.5,0,118,11900,53.59377717971802,65353,65421.78,ONE_POINT,100,100,RANDOM
truncation_5,0.5,0,119,12000,54.074244022369385,65150,65285.53,ONE_POINT,100,100,RANDOM
truncation_5,0.5,0,120,12100,54.51777720451355,64724,65032.37,ONE_POINT,100,100,RANDOM
truncation_5,0.5,0,121,12200,54.96139931678772,64553,64663.83,ONE_POINT,100,100,RANDOM
truncation_5,0.5,0,122,12300,55.412423849105835,64445,64521.95,ONE_POINT,100,100,RANDOM
truncation_5,0.5,0,123,12400,55.88812828063965,64172,64349.25,ONE_POINT,100,100,RANDOM
truncation_5,0.5,0,124,12500,56.34605526924133,64015,64110.17,ONE_POINT,100,100,RANDOM
truncation_5,0.5,0,125,12600,56.802712202072144,63877,63954.39,ONE_POINT,100,100,RANDOM
truncation_5,0.5,0,126,12700,57.24746823310852,63709,63774.13,ONE_POINT,100,100,RANDOM
truncation_5,0.5,0,127,12800,57.693418741226196,63587,63644.09,ONE_POINT,100,100,RANDOM
truncation_5,0.5,0,128,12900,58.14251923561096,63458,63524.47,ONE_POINT,100,100,RANDOM
truncation_5,0.5,0,129,13000,58.610958099365234,63346,63420.59,ONE_POINT,100,100,RANDOM
truncation_5,0.5,0,130,13100,59.05791997909546,63111,63292.45,ONE_POINT,100,100,RANDOM
truncation_5,0.5,0,131,13200,59.55632567405701,63074,63104.48,ONE_POINT,100,100,RANDOM
truncation_5,0.5,0,132,13300,60.03667879104614,62890,63012.59,ONE_POINT,100,100,RANDOM
truncation_5,0.5,0,133,13400,60.48748445510864,62754,62875.65,ONE_POINT,100,100,RANDOM
truncation_5,0.5,0,134,13500,60.936986446380615,62533,62734.04,ONE_POINT,100,100,RANDOM
truncation_5,0.5,0,135,13600,61.38191509246826,62414,62514.28,ONE_POINT,100,100,RANDOM
truncation_5,0.5,0,136,13700,61.83450746536255,62318,62392.66,ONE_POINT,100,100,RANDOM
truncation_5,0.5,0,137,13800,62.29027318954468,62203,62279.1,ONE_POINT,100,100,RANDOM
truncation_5,0.5,0,138,13900,62.73415756225586,62022,62079.72,ONE_POINT,100,100,RANDOM
truncation_5,0.5,0,139,14000,63.181469440460205,61718,61838.49,ONE_POINT,100,100,RANDOM
truncation_5,0.5,0,140,14100,63.63290071487427,61606,61692.32,ONE_POINT,100,100,RANDOM
truncation_5,0.5,0,141,14200,64.08635568618774,61460,61534.27,ONE_POINT,100,100,RANDOM
truncation_5,0.5,0,142,14300,64.54200553894043,61353,61408.72,ONE_POINT,100,100,RANDOM
truncation_5,0.5,0,143,14400,65.00259137153625,61224,61302.62,ONE_POINT,100,100,RANDOM
truncation_5,0.5,0,144,14500,65.44146418571472,61087,61178.66,ONE_POINT,100,100,RANDOM
truncation_5,0.5,0,145,14600,65.87578582763672,60876,61045.64,ONE_POINT,100,100,RANDOM
truncation_5,0.5,0,146,14700,66.36478781700134,60662,60835.45,ONE_POINT,100,100,RANDOM
truncation_5,0.5,0,147,14800,66.79731273651123,60563,60635.22,ONE_POINT,100,100,RANDOM
truncation_5,0.5,0,148,14900,67.26092267036438,60429,60533.77,ONE_POINT,100,100,RANDOM
truncation_5,0.5,0,149,15000,67.70889115333557,60371,60426.2,ONE_POINT,100,100,RANDOM
truncation_5,0.5,0,150,15100,68.15352535247803,60272,60350.01,ONE_POINT,100,100,RANDOM
truncation_5,0.5,0,151,15200,68.61523103713989,60124,60212.89,ONE_POINT,100,100,RANDOM
truncation_5,0.5,0,152,15300,69.06568312644958,59626,60003.73,ONE_POINT,100,100,RANDOM
truncation_5,0.5,0,153,15400,69.5193259716034,59495,59600.87,ONE_POINT,100,100,RANDOM
truncation_5,0.5,0,154,15500,69.98556399345398,59292,59422.98,ONE_POINT,100,100,RANDOM
truncation_5,0.5,0,155,15600,70.44232559204102,59248,59285.63,ONE_POINT,100,100,RANDOM
truncation_5,0.5,0,156,15700,70.89937615394592,59114,59211.07,ONE_POINT,100,100,RANDOM
truncation_5,0.5,0,157,15800,71.35550355911255,58991,59055.22,ONE_POINT,100,100,RANDOM
truncation_5,0.5,0,158,15900,71.8044490814209,58717,58891.28,ONE_POINT,100,100,RANDOM
truncation_5,0.5,0,159,16000,72.24657011032104,58649,58705.46,ONE_POINT,100,100,RANDOM
truncation_5,0.5,0,160,16100,72.72862458229065,58586,58637.03,ONE_POINT,100,100,RANDOM
truncation_5,0.5,0,161,16200,73.1753077507019,58493,58537.47,ONE_POINT,100,100,RANDOM
truncation_5,0.5,0,162,16300,73.62719225883484,58270,58375.94,ONE_POINT,100,100,RANDOM
truncation_5,0.5,0,163,16400,74.07363867759705,58104,58177.59,ONE_POINT,100,100,RANDOM
truncation_5,0.5,0,164,16500,74.52617931365967,57903,57979.81,ONE_POINT,100,100,RANDOM
truncation_5,0.5,0,165,16600,74.99760103225708,57732,57821.24,ONE_POINT,100,100,RANDOM
truncation_5,0.5,0,166,16700,75.45630240440369,57553,57658.26,ONE_POINT,100,100,RANDOM
truncation_5,0.5,0,167,16800,75.88878798484802,57427,57500.56,ONE_POINT,100,100,RANDOM
truncation_5,0.5,0,168,16900,76.34049963951111,57087,57370.65,ONE_POINT,100,100,RANDOM
truncation_5,0.5,0,169,17000,76.79720044136047,57042,57077.51,ONE_POINT,100,100,RANDOM
truncation_5,0.5,0,170,17100,77.25288963317871,56906,56998.05,ONE_POINT,100,100,RANDOM
truncation_5,0.5,0,171,17200,77.69889330863953,56878,56901.24,ONE_POINT,100,100,RANDOM
truncation_5,0.5,0,172,17300,78.15230774879456,56659,56782.99,ONE_POINT,100,100,RANDOM
truncation_5,0.5,0,173,17400,78.59974908828735,56548,56619.86,ONE_POINT,100,100,RANDOM
truncation_5,0.5,0,174,17500,79.07126188278198,56311,56523.1,ONE_POINT,100,100,RANDOM
truncation_5,0.5,0,175,17600,79.52517700195312,56228,56298.66,ONE_POINT,100,100,RANDOM
truncation_5,0.5,0,176,17700,79.98252034187317,56172,56219.6,ONE_POINT,100,100,RANDOM
truncation_5,0.5,0,177,17800,80.43698716163635,55957,56087.09,ONE_POINT,100,100,RANDOM
truncation_5,0.5,0,178,17900,80.88875412940979,55929,55951.02,ONE_POINT,100,100,RANDOM
truncation_5,0.5,0,179,18000,81.35844731330872,55759,55854.5,ONE_POINT,100,100,RANDOM
truncation_5,0.5,0,180,18100,81.82129120826721,55417,55636.39,ONE_POINT,100,100,RANDOM
truncation_5,0.5,0,181,18200,82.2587878704071,55417,55417.0,ONE_POINT,100,100,RANDOM
truncation_5,0.5,20,1,200,0.30418992042541504,136512,139365.8,ONE_POINT,100,100,RANDOM
truncation_5,0.5,20,2,300,0.7479569911956787,126927,132828.0,ONE_POINT,100,100,RANDOM
truncation_5,0.5,20,3,400,1.1967740058898926,125307,126291.52,ONE_POINT,100,100,RANDOM
truncation_5,0.5,20,4,500,1.6394007205963135,121581,124313.83,ONE_POINT,100,100,RANDOM
truncation_5,0.5,20,5,600,2.0808184146881104,118574,120512.42,ONE_POINT,100,100,RANDOM
truncation_5,0.5,20,6,700,2.5561623573303223,116394,117964.41,ONE_POINT,100,100,RANDOM
truncation_5,0.5,20,7,800,3.0310027599334717,114980,116024.4,ONE_POINT,100,100,RANDOM
truncation_5,0.5,20,8,900,3.4745724201202393,114434,114791.13,ONE_POINT,100,100,RANDOM
truncation_5,0.5,20,9,1000,3.9143073558807373,113729,114251.19,ONE_POINT,100,100,RANDOM
truncation_5,0.5,20,10,1100,4.35597562789917,113385,113626.24,ONE_POINT,100,100,RANDOM
truncation_5,0.5,20,11,1200,4.798675537109375,111780,112567.86,ONE_POINT,100,100,RANDOM
truncation_5,0.5,20,12,1300,5.253199577331543,111350,111707.1,ONE_POINT,100,100,RANDOM
truncation_5,0.5,20,13,1400,5.69983172416687,111078,111279.13,ONE_POINT,100,100,RANDOM
truncation_5,0.5,20,14,1500,6.14450478553772,110191,110632.42,ONE_POINT,100,100,RANDOM
truncation_5,0.5,20,15,1600,6.597440481185913,109551,109822.44,ONE_POINT,100,100,RANDOM
truncation_5,0.5,20,16,1700,7.047326564788818,108939,109205.71,ONE_POINT,100,100,RANDOM
truncation_5,0.5,20,17,1800,7.5131142139434814,108147,108699.28,ONE_POINT,100,100,RANDOM
truncation_5,0.5,20,18,1900,7.966475248336792,107195,107841.74,ONE_POINT,100,100,RANDOM
truncation_5,0.5,20,19,2000,8.410351276397705,106236,106850.96,ONE_POINT,100,100,RANDOM
truncation_5,0.5,20,20,2100,8.867205381393433,105504,105981.58,ONE_POINT,100,100,RANDOM
truncation_5,0.5,20,21,2200,9.306557416915894,104612,105144.42,ONE_POINT,100,100,RANDOM
truncation_5,0.5,20,22,2300,9.763715028762817,104202,104549.34,ONE_POINT,100,100,RANDOM
truncation_5,0.5,20,23,2400,10.202950477600098,103204,103955.82,ONE_POINT,100,100,RANDOM
truncation_5,0.5,20,24,2500,10.647998571395874,102539,103070.34,ONE_POINT,100,100,RANDOM
truncation_5,0.5,20,25,2600,11.117173194885254,102019,102473.5,ONE_POINT,100,100,RANDOM
truncation_5,0.5,20,26,2700,11.561900854110718,101181,101732.03,ONE_POINT,100,100,RANDOM
truncation_5,0.5,20,27,2800,12.01589822769165,100794,101099.91,ONE_POINT,100,100,RANDOM
truncation_5,0.5,20,28,2900,12.465511560440063,100119,100584.29,ONE_POINT,100,100,RANDOM
truncation_5,0.5,20,29,3000,12.9249107837677,99784,100001.03,ONE_POINT,100,100,RANDOM
truncation_5,0.5,20,30,3100,13.36977481842041,99467,99715.7,ONE_POINT,100,100,RANDOM
truncation_5,0.5,20,31,3200,13.818759441375732,99224,99420.62,ONE_POINT,100,100,RANDOM
truncation_5,0.5,20,32,3300,14.267777681350708,98478,99006.27,ONE_POINT,100,100,RANDOM
truncation_5,0.5,20,33,3400,14.750763893127441,98452,98475.4,ONE_POINT,100,100,RANDOM
truncation_5,0.5,20,34,3500,15.214792251586914,97136,98152.41,ONE_POINT,100,100,RANDOM
truncation_5,0.5,20,35,3600,15.655051231384277,97023,97267.25,ONE_POINT,100,100,RANDOM
truncation_5,0.5,20,36,3700,16.10484528541565,96063,96745.06,ONE_POINT,100,100,RANDOM
truncation_5,0.5,20,37,3800,16.565151691436768,95786,96030.76,ONE_POINT,100,100,RANDOM
truncation_5,0.5,20,38,3900,16.99645471572876,95041,95551.91,ONE_POINT,100,100,RANDOM
truncation_5,0.5,20,39,4000,17.4526846408844,94863,95016.08,ONE_POINT,100,100,RANDOM
truncation_5,0.5,20,40,4100,17.904422998428345,94747,94844.6,ONE_POINT,100,100,RANDOM
truncation_5,0.5,20,41,4200,18.36741828918457,94275,94545.71,ONE_POINT,100,100,RANDOM
truncation_5,0.5,20,42,4300,18.82555866241455,93298,94061.9,ONE_POINT,100,100,RANDOM
truncation_5,0.5,20,43,4400,19.295013427734375,92771,93209.13,ONE_POINT,100,100,RANDOM
truncation_5,0.5,20,44,4500,19.766164302825928,92309,92693.42,ONE_POINT,100,100,RANDOM
truncation_5,0.5,20,45,4600,20.219807624816895,91860,92241.63,ONE_POINT,100,100,RANDOM
truncation_5,0.5,20,46,4700,20.68149185180664,90980,91686.88,ONE_POINT,100,100,RANDOM
truncation_5,0.5,20,47,4800,21.121015787124634,90372,90881.94,ONE_POINT,100,100,RANDOM
truncation_5,0.5,20,48,4900,21.588621854782104,90214,90350.8,ONE_POINT,100,100,RANDOM
truncation_5,0.5,20,49,5000,22.042047262191772,89947,90155.09,ONE_POINT,100,100,RANDOM
truncation_5,0.5,20,50,5100,22.48715090751648,89448,89791.22,ONE_POINT,100,100,RANDOM
truncation_5,0.5,20,51,5200,22.94587731361389,89017,89378.01,ONE_POINT,100,100,RANDOM
truncation_5,0.5,20,52,5300,23.412801504135132,88574,88888.44,ONE_POINT,100,100,RANDOM
truncation_5,0.5,20,53,5400,23.852805614471436,88222,88420.62,ONE_POINT,100,100,RANDOM
truncation_5,0.5,20,54,5500,24.304323434829712,87884,88044.87,ONE_POINT,100,100,RANDOM
truncation_5,0.5,20,55,5600,24.75451683998108,86988,87574.8,ONE_POINT,100,100,RANDOM
truncation_5,0.5,20,56,5700,25.21217107772827,86575,86754.96,ONE_POINT,100,100,RANDOM
truncation_5,0.5,20,57,5800,25.65491223335266,86121,86420.07,ONE_POINT,100,100,RANDOM
truncation_5,0.5,20,58,5900,26.230964422225952,85031,85801.78,ONE_POINT,100,100,RANDOM
truncation_5,0.5,20,59,6000,26.71684455871582,85031,85033.98,ONE_POINT,100,100,RANDOM
truncation_5,0.5,20,60,6100,27.202843189239502,84249,84821.39,ONE_POINT,100,100,RANDOM
truncation_5,0.5,20,61,6200,27.720067977905273,83950,84169.85,ONE_POINT,100,100,RANDOM
truncation_5,0.5,20,62,6300,28.157888889312744,83726,83860.58,ONE_POINT,100,100,RANDOM
truncation_5,0.5,20,63,6400,28.620959281921387,83014,83428.05,ONE_POINT,100,100,RANDOM
truncation_5,0.5,20,64,6500,29.070423126220703,82862,82990.58,ONE_POINT,100,100,RANDOM
truncation_5,0.5,20,65,6600,29.53823471069336,82066,82505.47,ONE_POINT,100,100,RANDOM
truncation_5,0.5,20,66,6700,29.993327140808105,81905,82027.86,ONE_POINT,100,100,RANDOM
truncation_5,0.5,20,67,6800,30.446123123168945,81779,81866.34,ONE_POINT,100,100,RANDOM
truncation_5,0.5,20,68,6900,30.89508867263794,81383,81588.38,ONE_POINT,100,100,RANDOM
truncation_5,0.5,20,69,7000,31.342283487319946,81181,81336.93,ONE_POINT,100,100,RANDOM
truncation_5,0.5,20,70,7100,31.820364236831665,80812,81086.93,ONE_POINT,100,100,RANDOM
truncation_5,0.5,20,71,7200,32.26242733001709,80694,80772.01,ONE_POINT,100,100,RANDOM
truncation_5,0.5,20,72,7300,32.705578327178955,80483,80582.31,ONE_POINT,100,100,RANDOM
truncation_5,0.5,20,73,7400,33.144262075424194,80304,80430.91,ONE_POINT,100,100,RANDOM
truncation_5,0.5,20,74,7500,33.612762212753296,80009,80220.76,ONE_POINT,100,100,RANDOM
truncation_5,0.5,20,75,7600,34.15446376800537,79846,79963.99,ONE_POINT,100,100,RANDOM
truncation_5,0.5,20,76,7700,34.626084089279175,79489,79709.63,ONE_POINT,100,100,RANDOM
truncation_5,0.5,20,77,7800,35.075698137283325,79239,79372.16,ONE_POINT,100,100,RANDOM
truncation_5,0.5,20,78,7900,35.522215604782104,78904,79027.12,ONE_POINT,100,100,RANDOM
truncation_5,0.5,20,79,8000,35.99157476425171,78507,78612.05,ONE_POINT,100,100,RANDOM
truncation_5,0.5,20,80,8100,36.43674397468567,77856,78345.98,ONE_POINT,100,100,RANDOM
truncation_5,0.5,20,81,8200,36.89218997955322,77635,77841.64,ONE_POINT,100,100,RANDOM
truncation_5,0.5,20,82,8300,37.35889148712158,77210,77399.28,ONE_POINT,100,100,RANDOM
truncation_5,0.5,20,83,8400,37.80533409118652,76137,76686.68,ONE_POINT,100,100,RANDOM
truncation_5,0.5,20,84,8500,38.26838040351868,75811,76077.13,ONE_POINT,100,100,RANDOM
truncation_5,0.5,20,85,8600,38.71898603439331,75735,75803.02,ONE_POINT,100,100,RANDOM
truncation_5,0.5,20,86,8700,39.16712188720703,75329,75567.79,ONE_POINT,100,100,RANDOM
truncation_5,0.5,20,87,8800,39.60286569595337,75033,75267.46,ONE_POINT,100,100,RANDOM
truncation_5,0.5,20,88,8900,40.04866600036621,74475,74752.62,ONE_POINT,100,100,RANDOM
truncation_5,0.5,20,89,9000,40.51455330848694,74358,74455.04,ONE_POINT,100,100,RANDOM
truncation_5,0.5,20,90,9100,41.02429747581482,74091,74251.14,ONE_POINT,100,100,RANDOM
truncation_5,0.5,20,91,9200,41.47266507148743,73850,73969.97,ONE_POINT,100,100,RANDOM
truncation_5,0.5,20,92,9300,41.92484498023987,73633,73776.06,ONE_POINT,100,100,RANDOM
truncation_5,0.5,20,93,9400,42.38206887245178,73223,73506.64,ONE_POINT,100,100,RANDOM
truncation_5,0.5,20,94,9500,42.841776847839355,72989,73169.9,ONE_POINT,100,100,RANDOM
truncation_5,0.5,20,95,9600,43.28793525695801,72596,72801.03,ONE_POINT,100,100,RANDOM
truncation_5,0.5,20,96,9700,43.72324204444885,72267,72476.46,ONE_POINT,100,100,RANDOM
truncation_5,0.5,20,97,9800,44.16917133331299,71923,72233.26,ONE_POINT,100,100,RANDOM
truncation_5,0.5,20,98,9900,44.629921197891235,71542,71889.17,ONE_POINT,100,100,RANDOM
truncation_5,0.5,20,99,10000,45.0818567276001,71429,71527.3,ONE_POINT,100,100,RANDOM
truncation_5,0.5,20,100,10100,45.52777314186096,71338,71416.8,ONE_POINT,100,100,RANDOM
truncation_5,0.5,20,101,10200,45.978158712387085,70994,71114.29,ONE_POINT,100,100,RANDOM
truncation_5,0.5,20,102,10300,46.44084072113037,70678,70859.02,ONE_POINT,100,100,RANDOM
truncation_5,0.5,20,103,10400,46.891481161117554,70156,70541.13,ONE_POINT,100,100,RANDOM
truncation_5,0.5,20,104,10500,47.344356298446655,69487,69897.65,ONE_POINT,100,100,RANDOM
truncation_5,0.5,20,105,10600,47.78882575035095,69421,69477.1,ONE_POINT,100,100,RANDOM
truncation_5,0.5,20,106,10700,48.248228788375854,69290,69388.55,ONE_POINT,100,100,RANDOM
truncation_5,0.5,20,107,10800,48.705917835235596,69203,69271.3,ONE_POINT,100,100,RANDOM
truncation_5,0.5,20,108,10900,49.147512912750244,68899,69080.81,ONE_POINT,100,100,RANDOM
truncation_5,0.5,20,109,11000,49.59404468536377,68262,68766.24,ONE_POINT,100,100,RANDOM
truncation_5,0.5,20,110,11100,50.061251401901245,67962,68192.54,ONE_POINT,100,100,RANDOM
truncation_5,0.5,20,111,11200,50.50219368934631,67909,67947.82,ONE_POINT,100,100,RANDOM
truncation_5,0.5,20,112,11300,50.94719910621643,67806,67866.39,ONE_POINT,100,100,RANDOM
truncation_5,0.5,20,113,11400,51.3866651058197,67468,67676.57,ONE_POINT,100,100,RANDOM
truncation_5,0.5,20,114,11500,51.84977078437805,67100,67425.17,ONE_POINT,100,100,RANDOM
truncation_5,0.5,20,115,11600,52.30096483230591,66602,67037.03,ONE_POINT,100,100,RANDOM
truncation_5,0.5,20,116,11700,52.75996255874634,66529,66593.97,ONE_POINT,100,100,RANDOM
truncation_5,0.5,20,117,11800,53.20128631591797,66158,66440.87,ONE_POINT,100,100,RANDOM
truncation_5,0.5,20,118,11900,53.65306377410889,66005,66114.75,ONE_POINT,100,100,RANDOM
truncation_5,0.5,20,119,12000,54.11896872520447,65742,65984.06,ONE_POINT,100,100,RANDOM
truncation_5,0.5,20,120,12100,54.560181617736816,65578,65722.38,ONE_POINT,100,100,RANDOM
truncation_5,0.5,20,121,12200,55.02081751823425,65451,65547.47,ONE_POINT,100,100,RANDOM
truncation_5,0.5,20,122,12300,55.45059657096863,65136,65323.39,ONE_POINT,100,100,RANDOM
truncation_5,0.5,20,123,12400,55.901620626449585,64819,65013.08,ONE_POINT,100,100,RANDOM
truncation_5,0.5,20,124,12500,56.347840785980225,64690,64768.27,ONE_POINT,100,100,RANDOM
truncation_5,0.5,20,125,12600,56.7925443649292,64505,64599.26,ONE_POINT,100,100,RANDOM
truncation_5,0.5,20,126,12700,57.249391317367554,64265,64385.97,ONE_POINT,100,100,RANDOM
truncation_5,0.5,20,127,12800,57.70335149765015,63736,64128.89,ONE_POINT,100,100,RANDOM
truncation_5,0.5,20,128,12900,58.18215298652649,63680,63732.64,ONE_POINT,100,100,RANDOM
truncation_5,0.5,20,129,13000,58.63232755661011,63300,63590.4,ONE_POINT,100,100,RANDOM
truncation_5,0.5,20,130,13100,59.092183113098145,63290,63298.24,ONE_POINT,100,100,RANDOM
truncation_5,0.5,20,131,13200,59.547003507614136,63042,63174.94,ONE_POINT,100,100,RANDOM
truncation_5,0.5,20,132,13300,59.99862027168274,62967,63024.72,ONE_POINT,100,100,RANDOM
truncation_5,0.5,20,133,13400,60.45439147949219,62719,62825.99,ONE_POINT,100,100,RANDOM
truncation_5,0.5,20,134,13500,60.90457630157471,62557,62614.93,ONE_POINT,100,100,RANDOM
truncation_5,0.5,20,135,13600,61.3602991104126,62333,62404.35,ONE_POINT,100,100,RANDOM
truncation_5,0.5,20,136,13700,61.79537057876587,62009,62236.72,ONE_POINT,100,100,RANDOM
truncation_5,0.5,20,137,13800,62.233330726623535,61723,61881.59,ONE_POINT,100,100,RANDOM
truncation_5,0.5,20,138,13900,62.694722175598145,61389,61663.41,ONE_POINT,100,100,RANDOM
truncation_5,0.5,20,139,14000,63.152281522750854,61071,61341.22,ONE_POINT,100,100,RANDOM
truncation_5,0.5,20,140,14100,63.60591793060303,60955,61049.17,ONE_POINT,100,100,RANDOM
truncation_5,0.5,20,141,14200,64.05686593055725,60696,60914.95,ONE_POINT,100,100,RANDOM
truncation_5,0.5,20,142,14300,64.49659371376038,60401,60530.74,ONE_POINT,100,100,RANDOM
truncation_5,0.5,20,143,14400,64.95066142082214,60171,60346.46,ONE_POINT,100,100,RANDOM
truncation_5,0.5,20,144,14500,65.42203688621521,59966,60125.83,ONE_POINT,100,100,RANDOM
truncation_5,0.5,20,145,14600,65.86691665649414,59813,59936.47,ONE_POINT,100,100,RANDOM
truncation_5,0.5,20,146,14700,66.32152247428894,59698,59799.2,ONE_POINT,100,100,RANDOM
truncation_5,0.5,20,147,14800,66.77288746833801,59408,59632.15,ONE_POINT,100,100,RANDOM
truncation_5,0.5,20,148,14900,67.23132824897766,59327,59401.65,ONE_POINT,100,100,RANDOM
truncation_5,0.5,20,149,15000,67.68116283416748,59122,59303.83,ONE_POINT,100,100,RANDOM
truncation_5,0.5,20,150,15100,68.11972141265869,58953,59063.11,ONE_POINT,100,100,RANDOM
truncation_5,0.5,20,151,15200,68.57442235946655,58751,58822.37,ONE_POINT,100,100,RANDOM
truncation_5,0.5,20,152,15300,69.01710057258606,58522,58651.12,ONE_POINT,100,100,RANDOM
truncation_5,0.5,20,153,15400,69.5011854171753,58335,58434.21,ONE_POINT,100,100,RANDOM
truncation_5,0.5,20,154,15500,69.96017599105835,58256,58296.81,ONE_POINT,100,100,RANDOM
truncation_5,0.5,20,155,15600,70.41335272789001,58001,58160.32,ONE_POINT,100,100,RANDOM
truncation_5,0.5,20,156,15700,70.8682849407196,57932,57988.8,ONE_POINT,100,100,RANDOM
truncation_5,0.5,20,157,15800,71.31709599494934,57831,57875.42,ONE_POINT,100,100,RANDOM
truncation_5,0.5,20,158,15900,71.77455496788025,57561,57667.66,ONE_POINT,100,100,RANDOM
truncation_5,0.5,20,159,16000,72.224928855896,57397,57502.28,ONE_POINT,100,100,RANDOM
truncation_5,0.5,20,160,16100,72.68269991874695,57198,57264.43,ONE_POINT,100,100,RANDOM
truncation_5,0.5,20,161,16200,73.1278429031372,56919,57016.38,ONE_POINT,100,100,RANDOM
truncation_5,0.5,20,162,16300,73.59308767318726,56626,56808.02,ONE_POINT,100,100,RANDOM
truncation_5,0.5,20,163,16400,74.04508924484253,56369,56542.74,ONE_POINT,100,100,RANDOM
truncation_5,0.5,20,164,16500,74.50834441184998,56121,56204.41,ONE_POINT,100,100,RANDOM
truncation_5,0.5,20,165,16600,74.98480367660522,55892,56047.62,ONE_POINT,100,100,RANDOM
truncation_5,0.5,20,166,16700,75.43274188041687,55736,55869.73,ONE_POINT,100,100,RANDOM
truncation_5,0.5,20,167,16800,75.96346783638,55365,55633.47,ONE_POINT,100,100,RANDOM
truncation_5,0.5,20,168,16900,76.44147634506226,55316,55365.4,ONE_POINT,100,100,RANDOM
truncation_5,0.5,20,169,17000,76.90262341499329,55224,55292.28,ONE_POINT,100,100,RANDOM
truncation_5,0.5,20,170,17100,77.34632062911987,55010,55160.53,ONE_POINT,100,100,RANDOM
truncation_5,0.5,20,171,17200,77.79431509971619,54938,54994.36,ONE_POINT,100,100,RANDOM
truncation_5,0.5,20,172,17300,78.24357342720032,54825,54924.52,ONE_POINT,100,100,RANDOM
truncation_5,0.5,20,173,17400,78.67590975761414,54805,54823.07,ONE_POINT,100,100,RANDOM
truncation_5,0.5,20,174,17500,79.1183979511261,54692,54743.43,ONE_POINT,100,100,RANDOM
truncation_5,0.5,20,175,17600,79.5713255405426,54502,54622.5,ONE_POINT,100,100,RANDOM
truncation_5,0.5,20,176,17700,80.04369735717773,54354,54479.75,ONE_POINT,100,100,RANDOM
truncation_5,0.5,20,177,17800,80.49503970146179,54175,54298.3,ONE_POINT,100,100,RANDOM
truncation_5,0.5,20,178,17900,80.94264650344849,53944,54099.46,ONE_POINT,100,100,RANDOM
truncation_5,0.5,20,179,18000,81.39792966842651,53641,53872.7,ONE_POINT,100,100,RANDOM
truncation_5,0.5,20,180,18100,81.84732103347778,53378,53618.45,ONE_POINT,100,100,RANDOM
truncation_5,0.5,20,181,18200,82.2969298362732,53127,53331.93,ONE_POINT,100,100,RANDOM
truncation_5,0.5,20,182,18300,82.74330878257751,53127,53127.0,ONE_POINT,100,100,RANDOM
truncation_5,0.5,40,1,200,0.29318761825561523,136636,139168.59,ONE_POINT,100,100,RANDOM
truncation_5,0.5,40,2,300,0.7262070178985596,133072,134513.14,ONE_POINT,100,100,RANDOM
truncation_5,0.5,40,3,400,1.1816914081573486,129814,131139.26,ONE_POINT,100,100,RANDOM
truncation_5,0.5,40,4,500,1.63438081741333,127913,129163.04,ONE_POINT,100,100,RANDOM
truncation_5,0.5,40,5,600,2.0804600715637207,125935,127356.73,ONE_POINT,100,100,RANDOM
truncation_5,0.5,40,6,700,2.530876874923706,122762,124735.85,ONE_POINT,100,100,RANDOM
truncation_5,0.5,40,7,800,3.008338212966919,119701,122319.9,ONE_POINT,100,100,RANDOM
truncation_5,0.5,40,8,900,3.463550567626953,119542,119688.28,ONE_POINT,100,100,RANDOM
truncation_5,0.5,40,9,1000,3.90797758102417,118917,119393.76,ONE_POINT,100,100,RANDOM
truncation_5,0.5,40,10,1100,4.349891185760498,116672,118488.14,ONE_POINT,100,100,RANDOM
truncation_5,0.5,40,11,1200,4.801606893539429,116549,116643.53,ONE_POINT,100,100,RANDOM
truncation_5,0.5,40,12,1300,5.250234842300415,115532,116263.14,ONE_POINT,100,100,RANDOM
truncation_5,0.5,40,13,1400,5.71748685836792,114900,115331.86,ONE_POINT,100,100,RANDOM
truncation_5,0.5,40,14,1500,6.175299644470215,114279,114570.93,ONE_POINT,100,100,RANDOM
truncation_5,0.5,40,15,1600,6.616628408432007,112639,113627.18,ONE_POINT,100,100,RANDOM
truncation_5,0.5,40,16,1700,7.1465513706207275,111705,112397.22,ONE_POINT,100,100,RANDOM
truncation_5,0.5,40,17,1800,7.6433892250061035,111552,111677.65,ONE_POINT,100,100,RANDOM
truncation_5,0.5,40,18,1900,8.143913745880127,110976,111396.35,ONE_POINT,100,100,RANDOM
truncation_5,0.5,40,19,2000,8.635159254074097,110756,110903.34,ONE_POINT,100,100,RANDOM
truncation_5,0.5,40,20,2100,9.130138158798218,109890,110527.51,ONE_POINT,100,100,RANDOM
truncation_5,0.5,40,21,2200,9.611585855484009,109534,109782.42,ONE_POINT,100,100,RANDOM
truncation_5,0.5,40,22,2300,10.088238954544067,109279,109503.62,ONE_POINT,100,100,RANDOM
truncation_5,0.5,40,23,2400,10.53548812866211,109076,109110.54,ONE_POINT,100,100,RANDOM
truncation_5,0.5,40,24,2500,10.986005067825317,108353,108595.89,ONE_POINT,100,100,RANDOM
truncation_5,0.5,40,25,2600,11.440736532211304,107943,108154.22,ONE_POINT,100,100,RANDOM
truncation_5,0.5,40,26,2700,11.886168956756592,107681,107764.77,ONE_POINT,100,100,RANDOM
truncation_5,0.5,40,27,2800,12.365272521972656,107252,107388.62,ONE_POINT,100,100,RANDOM
truncation_5,0.5,40,28,2900,12.846197843551636,106785,107039.21,ONE_POINT,100,100,RANDOM
truncation_5,0.5,40,29,3000,13.304473161697388,106301,106672.07,ONE_POINT,100,100,RANDOM
truncation_5,0.5,40,30,3100,13.759113550186157,105991,106196.17,ONE_POINT,100,100,RANDOM
truncation_5,0.5,40,31,3200,14.213882446289062,105123,105594.87,ONE_POINT,100,100,RANDOM
truncation_5,0.5,40,32,3300,14.68013310432434,104981,105096.09,ONE_POINT,100,100,RANDOM
truncation_5,0.5,40,33,3400,15.128224849700928,104433,104755.77,ONE_POINT,100,100,RANDOM
truncation_5,0.5,40,34,3500,15.604409456253052,104015,104261.46,ONE_POINT,100,100,RANDOM
truncation_5,0.5,40,35,3600,16.054243564605713,103649,103791.08,ONE_POINT,100,100,RANDOM
truncation_5,0.5,40,36,3700,16.50580906867981,103083,103263.34,ONE_POINT,100,100,RANDOM
truncation_5,0.5,40,37,3800,16.98524761199951,102381,102668.33,ONE_POINT,100,100,RANDOM
truncation_5,0.5,40,38,3900,17.436290502548218,102041,102262.96,ONE_POINT,100,100,RANDOM
truncation_5,0.5,40,39,4000,17.911176443099976,101796,101968.21,ONE_POINT,100,100,RANDOM
truncation_5,0.5,40,40,4100,18.366249322891235,101487,101691.7,ONE_POINT,100,100,RANDOM
truncation_5,0.5,40,41,4200,18.82183289527893,101156,101283.7,ONE_POINT,100,100,RANDOM
truncation_5,0.5,40,42,4300,19.26876425743103,100823,100973.82,ONE_POINT,100,100,RANDOM
truncation_5,0.5,40,43,4400,19.764184713363647,99863,100542.04,ONE_POINT,100,100,RANDOM
truncation_5,0.5,40,44,4500,20.21041750907898,99280,99723.82,ONE_POINT,100,100,RANDOM
truncation_5,0.5,40,45,4600,20.65404176712036,99161,99258.48,ONE_POINT,100,100,RANDOM
truncation_5,0.5,40,46,4700,21.10559105873108,98757,99057.5,ONE_POINT,100,100,RANDOM
truncation_5,0.5,40,47,4800,21.55580449104309,98537,98630.71,ONE_POINT,100,100,RANDOM
truncation_5,0.5,40,48,4900,22.009026288986206,98088,98252.59,ONE_POINT,100,100,RANDOM
truncation_5,0.5,40,49,5000,22.47555136680603,97663,97899.15,ONE_POINT,100,100,RANDOM
truncation_5,0.5,40,50,5100,22.92633628845215,96996,97398.94,ONE_POINT,100,100,RANDOM
truncation_5,0.5,40,51,5200,23.410074949264526,96690,96887.19,ONE_POINT,100,100,RANDOM
truncation_5,0.5,40,52,5300,23.876890659332275,96142,96507.15,ONE_POINT,100,100,RANDOM
truncation_5,0.5,40,53,5400,24.33304762840271,95549,95884.13,ONE_POINT,100,100,RANDOM
truncation_5,0.5,40,54,5500,24.76776909828186,94886,95366.47,ONE_POINT,100,100,RANDOM
truncation_5,0.5,40,55,5600,25.221925497055054,94341,94532.16,ONE_POINT,100,100,RANDOM
truncation_5,0.5,40,56,5700,25.671372652053833,93828,94050.18,ONE_POINT,100,100,RANDOM
truncation_5,0.5,40,57,5800,26.126205444335938,93439,93694.7,ONE_POINT,100,100,RANDOM
truncation_5,0.5,40,58,5900,26.58398461341858,92956,93364.07,ONE_POINT,100,100,RANDOM
truncation_5,0.5,40,59,6000,27.029581308364868,92672,92917.76,ONE_POINT,100,100,RANDOM
truncation_5,0.5,40,60,6100,27.473841905593872,92538,92641.42,ONE_POINT,100,100,RANDOM
truncation_5,0.5,40,61,6200,27.930006980895996,92198,92441.37,ONE_POINT,100,100,RANDOM
truncation_5,0.5,40,62,6300,28.388901233673096,91516,91986.44,ONE_POINT,100,100,RANDOM
truncation_5,0.5,40,63,6400,28.830572843551636,90631,91165.12,ONE_POINT,100,100,RANDOM
truncation_5,0.5,40,64,6500,29.288156032562256,90241,90536.16,ONE_POINT,100,100,RANDOM
truncation_5,0.5,40,65,6600,29.732075452804565,89930,90181.55,ONE_POINT,100,100,RANDOM
truncation_5,0.5,40,66,6700,30.198583364486694,89679,89887.94,ONE_POINT,100,100,RANDOM
truncation_5,0.5,40,67,6800,30.646556854248047,89398,89589.22,ONE_POINT,100,100,RANDOM
truncation_5,0.5,40,68,6900,31.095905303955078,89056,89253.19,ONE_POINT,100,100,RANDOM
truncation_5,0.5,40,69,7000,31.578678846359253,88863,89008.79,ONE_POINT,100,100,RANDOM
truncation_5,0.5,40,70,7100,32.02756643295288,88425,88603.51,ONE_POINT,100,100,RANDOM
truncation_5,0.5,40,71,7200,32.48195791244507,88019,88265.69,ONE_POINT,100,100,RANDOM
truncation_5,0.5,40,72,7300,32.935683250427246,87726,87938.95,ONE_POINT,100,100,RANDOM
truncation_5,0.5,40,73,7400,33.37611699104309,87498,87658.95,ONE_POINT,100,100,RANDOM
truncation_5,0.5,40,74,7500,33.817843198776245,87046,87342.78,ONE_POINT,100,100,RANDOM
truncation_5,0.5,40,75,7600,34.26538825035095,86654,86918.65,ONE_POINT,100,100,RANDOM
truncation_5,0.5,40,76,7700,34.73393797874451,86523,86631.85,ONE_POINT,100,100,RANDOM
truncation_5,0.5,40,77,7800,35.17931270599365,86319,86450.96,ONE_POINT,100,100,RANDOM
truncation_5,0.5,40,78,7900,35.61813187599182,85754,86143.06,ONE_POINT,100,100,RANDOM
truncation_5,0.5,40,79,8000,36.072232484817505,85754,85754.0,ONE_POINT,100,100,RANDOM
truncation_5,0.5,60,1,200,0.28479790687561035,136488,136382.96,ONE_POINT,100,100,RANDOM
truncation_5,0.5,60,2,300,0.7186870574951172,126739,130879.07,ONE_POINT,100,100,RANDOM
truncation_5,0.5,60,3,400,1.1602706909179688,124822,126478.43,ONE_POINT,100,100,RANDOM
truncation_5,0.5,60,4,500,1.6086537837982178,124377,124735.98,ONE_POINT,100,100,RANDOM
truncation_5,0.5,60,5,600,2.0832858085632324,123177,123958.57,ONE_POINT,100,100,RANDOM
truncation_5,0.5,60,6,700,2.531667709350586,120632,122755.92,ONE_POINT,100,100,RANDOM
truncation_5,0.5,60,7,800,2.976745367050171,120064,120558.6,ONE_POINT,100,100,RANDOM
truncation_5,0.5,60,8,900,3.425321102142334,119889,120007.26,ONE_POINT,100,100,RANDOM
truncation_5,0.5,60,9,1000,3.876558303833008,119249,119578.75,ONE_POINT,100,100,RANDOM
truncation_5,0.5,60,10,1100,4.332345247268677,118434,118968.77,ONE_POINT,100,100,RANDOM
truncation_5,0.5,60,11,1200,4.777934551239014,117345,118055.95,ONE_POINT,100,100,RANDOM
truncation_5,0.5,60,12,1300,5.227786064147949,116293,116848.83,ONE_POINT,100,100,RANDOM
truncation_5,0.5,60,13,1400,5.668503761291504,115645,116157.64,ONE_POINT,100,100,RANDOM
truncation_5,0.5,60,14,1500,6.126960039138794,114941,115520.36,ONE_POINT,100,100,RANDOM
truncation_5,0.5,60,15,1600,6.582813262939453,114333,114687.43,ONE_POINT,100,100,RANDOM
truncation_5,0.5,60,16,1700,7.032960653305054,113570,113787.12,ONE_POINT,100,100,RANDOM
truncation_5,0.5,60,17,1800,7.484185457229614,112648,113111.78,ONE_POINT,100,100,RANDOM
truncation_5,0.5,60,18,1900,7.936455726623535,112088,112351.71,ONE_POINT,100,100,RANDOM
truncation_5,0.5,60,19,2000,8.397055625915527,111037,111438.69,ONE_POINT,100,100,RANDOM
truncation_5,0.5,60,20,2100,8.86177659034729,109939,110493.07,ONE_POINT,100,100,RANDOM
truncation_5,0.5,60,21,2200,9.367466688156128,109358,109726.02,ONE_POINT,100,100,RANDOM
truncation_5,0.5,60,22,2300,9.81939172744751,108645,108911.08,ONE_POINT,100,100,RANDOM
truncation_5,0.5,60,23,2400,10.300414085388184,107572,108041.49,ONE_POINT,100,100,RANDOM
truncation_5,0.5,60,24,2500,10.759659051895142,107054,107383.78,ONE_POINT,100,100,RANDOM
truncation_5,0.5,60,25,2600,11.19338607788086,106632,106887.27,ONE_POINT,100,100,RANDOM
truncation_5,0.5,60,26,2700,11.638165473937988,105555,106299.99,ONE_POINT,100,100,RANDOM
truncation_5,0.5,60,27,2800,12.097062587738037,105048,105421.44,ONE_POINT,100,100,RANDOM
truncation_5,0.5,60,28,2900,12.554195165634155,104504,104793.58,ONE_POINT,100,100,RANDOM
truncation_5,0.5,60,29,3000,13.012346029281616,103014,103920.23,ONE_POINT,100,100,RANDOM
truncation_5,0.5,60,30,3100,13.499374389648438,102715,103006.34,ONE_POINT,100,100,RANDOM
truncation_5,0.5,60,31,3200,13.9458589553833,102715,102834.34,ONE_POINT,100,100,RANDOM
truncation_5,0.5,60,32,3300,14.394891500473022,102415,102596.25,ONE_POINT,100,100,RANDOM
truncation_5,0.5,60,33,3400,14.852252721786499,102021,102307.32,ONE_POINT,100,100,RANDOM
truncation_5,0.5,60,34,3500,15.314580917358398,101587,101959.04,ONE_POINT,100,100,RANDOM
truncation_5,0.5,60,35,3600,15.758132219314575,100892,101291.14,ONE_POINT,100,100,RANDOM
truncation_5,0.5,60,36,3700,16.20992922782898,100144,100668.23,ONE_POINT,100,100,RANDOM
truncation_5,0.5,60,37,3800,16.65371799468994,99420,99956.63,ONE_POINT,100,100,RANDOM
truncation_5,0.5,60,38,3900,17.102530241012573,98973,99324.52,ONE_POINT,100,100,RANDOM
truncation_5,0.5,60,39,4000,17.542609214782715,98750,98952.22,ONE_POINT,100,100,RANDOM
truncation_5,0.5,60,40,4100,17.99014163017273,98517,98674.94,ONE_POINT,100,100,RANDOM
truncation_5,0.5,60,41,4200,18.44135880470276,97946,98279.78,ONE_POINT,100,100,RANDOM
truncation_5,0.5,60,42,4300,18.911410331726074,97546,97900.48,ONE_POINT,100,100,RANDOM
truncation_5,0.5,60,43,4400,19.358230590820312,97137,97475.75,ONE_POINT,100,100,RANDOM
truncation_5,0.5,60,44,4500,19.83052968978882,96908,97065.02,ONE_POINT,100,100,RANDOM
truncation_5,0.5,60,45,4600,20.29242992401123,96229,96510.97,ONE_POINT,100,100,RANDOM
truncation_5,0.5,60,46,4700,20.76916193962097,95826,95988.7,ONE_POINT,100,100,RANDOM
truncation_5,0.5,60,47,4800,21.228757858276367,95491,95702.32,ONE_POINT,100,100,RANDOM
truncation_5,0.5,60,48,4900,21.677509784698486,94967,95277.93,ONE_POINT,100,100,RANDOM
truncation_5,0.5,60,49,5000,22.126187324523926,94511,94865.88,ONE_POINT,100,100,RANDOM
truncation_5,0.5,60,50,5100,22.58013081550598,94215,94387.0,ONE_POINT,100,100,RANDOM
truncation_5,0.5,60,51,5200,23.04417896270752,93581,93919.55,ONE_POINT,100,100,RANDOM
truncation_5,0.5,60,52,5300,23.477876663208008,92950,93197.7,ONE_POINT,100,100,RANDOM
truncation_5,0.5,60,53,5400,23.955793142318726,92257,92668.91,ONE_POINT,100,100,RANDOM
truncation_5,0.5,60,54,5500,24.395010948181152,91579,92043.39,ONE_POINT,100,100,RANDOM
truncation_5,0.5,60,55,5600,24.865297317504883,91542,91570.27,ONE_POINT,100,100,RANDOM
truncation_5,0.5,60,56,5700,25.314950704574585,91324,91413.95,ONE_POINT,100,100,RANDOM
truncation_5,0.5,60,57,5800,25.75763463973999,91051,91267.59,ONE_POINT,100,100,RANDOM
truncation_5,0.5,60,58,5900,26.197489023208618,90676,90993.39,ONE_POINT,100,100,RANDOM
truncation_5,0.5,60,59,6000,26.70323419570923,90606,90672.5,ONE_POINT,100,100,RANDOM
truncation_5,0.5,60,60,6100,27.167973041534424,90088,90344.41,ONE_POINT,100,100,RANDOM
truncation_5,0.5,60,61,6200,27.63205575942993,89620,89972.74,ONE_POINT,100,100,RANDOM
truncation_5,0.5,60,62,6300,28.090099096298218,89289,89547.03,ONE_POINT,100,100,RANDOM
truncation_5,0.5,60,63,6400,28.548982858657837,88741,88856.9,ONE_POINT,100,100,RANDOM
truncation_5,0.5,60,64,6500,29.00232243537903,87693,88103.59,ONE_POINT,100,100,RANDOM
truncation_5,0.5,60,65,6600,29.454583168029785,87017,87569.42,ONE_POINT,100,100,RANDOM
truncation_5,0.5,60,66,6700,29.900911569595337,86653,86971.36,ONE_POINT,100,100,RANDOM
truncation_5,0.5,60,67,6800,30.35883140563965,86621,86649.48,ONE_POINT,100,100,RANDOM
truncation_5,0.5,60,68,6900,30.81627130508423,85597,86372.63,ONE_POINT,100,100,RANDOM
truncation_5,0.5,60,69,7000,31.289533615112305,85463,85591.88,ONE_POINT,100,100,RANDOM
truncation_5,0.5,60,70,7100,31.733540773391724,84879,85344.5,ONE_POINT,100,100,RANDOM
truncation_5,0.5,60,71,7200,32.18499732017517,84266,84788.77,ONE_POINT,100,100,RANDOM
truncation_5,0.5,60,72,7300,32.63394856452942,83976,84238.25,ONE_POINT,100,100,RANDOM
truncation_5,0.5,60,73,7400,33.09203267097473,83588,83906.88,ONE_POINT,100,100,RANDOM
truncation_5,0.5,60,74,7500,33.547815799713135,83588,83588.0,ONE_POINT,100,100,RANDOM
truncation_5,0.5,80,1,200,0.31978917121887207,133415,139766.17,ONE_POINT,100,100,RANDOM
truncation_5,0.5,80,2,300,0.7822930812835693,126585,132018.59,ONE_POINT,100,100,RANDOM
truncation_5,0.5,80,3,400,1.2399702072143555,122656,124711.46,ONE_POINT,100,100,RANDOM
truncation_5,0.5,80,4,500,1.68597412109375,120245,122374.99,ONE_POINT,100,100,RANDOM
truncation_5,0.5,80,5,600,2.141474723815918,119509,120093.84,ONE_POINT,100,100,RANDOM
truncation_5,0.5,80,6,700,2.5838735103607178,119030,119362.78,ONE_POINT,100,100,RANDOM
truncation_5,0.5,80,7,800,3.039102077484131,118273,118643.97,ONE_POINT,100,100,RANDOM
truncation_5,0.5,80,8,900,3.503553867340088,117782,118053.95,ONE_POINT,100,100,RANDOM
truncation_5,0.5,80,9,1000,3.9527690410614014,116373,117133.0,ONE_POINT,100,100,RANDOM
truncation_5,0.5,80,10,1100,4.398766994476318,115351,115766.67,ONE_POINT,100,100,RANDOM
truncation_5,0.5,80,11,1200,4.843342065811157,113837,114418.49,ONE_POINT,100,100,RANDOM
truncation_5,0.5,80,12,1300,5.29878306388855,112608,113305.26,ONE_POINT,100,100,RANDOM
truncation_5,0.5,80,13,1400,5.74561882019043,109920,112122.69,ONE_POINT,100,100,RANDOM
truncation_5,0.5,80,14,1500,6.197754144668579,109920,110228.91,ONE_POINT,100,100,RANDOM
truncation_5,0.5,80,15,1600,6.653882741928101,107924,109416.32,ONE_POINT,100,100,RANDOM
truncation_5,0.5,80,16,1700,7.100952625274658,107522,107889.05,ONE_POINT,100,100,RANDOM
truncation_5,0.5,80,17,1800,7.573004245758057,106364,106875.24,ONE_POINT,100,100,RANDOM
truncation_5,0.5,80,18,1900,8.028324604034424,105444,105752.42,ONE_POINT,100,100,RANDOM
truncation_5,0.5,80,19,2000,8.47273564338684,104217,105095.35,ONE_POINT,100,100,RANDOM
truncation_5,0.5,80,20,2100,8.919771671295166,103902,104190.68,ONE_POINT,100,100,RANDOM
truncation_5,0.5,80,21,2200,9.370546102523804,103396,103791.58,ONE_POINT,100,100,RANDOM
truncation_5,0.5,80,22,2300,9.84180736541748,102885,103310.88,ONE_POINT,100,100,RANDOM
truncation_5,0.5,80,23,2400,10.289064645767212,102370,102733.81,ONE_POINT,100,100,RANDOM
truncation_5,0.5,80,24,2500,10.73003077507019,101900,102154.7,ONE_POINT,100,100,RANDOM
truncation_5,0.5,80,25,2600,11.191237926483154,101421,101701.04,ONE_POINT,100,100,RANDOM
truncation_5,0.5,80,26,2700,11.665542602539062,100994,101102.27,ONE_POINT,100,100,RANDOM
truncation_5,0.5,80,27,2800,12.139598608016968,100492,100743.36,ONE_POINT,100,100,RANDOM
truncation_5,0.5,80,28,2900,12.582244396209717,100049,100364.08,ONE_POINT,100,100,RANDOM
truncation_5,0.5,80,29,3000,13.026024580001831,99457,100013.48,ONE_POINT,100,100,RANDOM
truncation_5,0.5,80,30,3100,13.477251291275024,99352,99448.64,ONE_POINT,100,100,RANDOM
truncation_5,0.5,80,31,3200,13.95445966720581,98315,98927.85,ONE_POINT,100,100,RANDOM
truncation_5,0.5,80,32,3300,14.394613265991211,97258,98190.42,ONE_POINT,100,100,RANDOM
truncation_5,0.5,80,33,3400,14.843098878860474,97258,97258.0,ONE_POINT,100,100,RANDOM
truncation_10,0.5,0,1,200,0.3023197650909424,134707,139016.57,ONE_POINT,100,100,RANDOM
truncation_10,0.5,0,2,300,0.7666106224060059,128724,133951.59,ONE_POINT,100,100,RANDOM
truncation_10,0.5,0,3,400,1.212221622467041,126193,129207.12,ONE_POINT,100,100,RANDOM
truncation_10,0.5,0,4,500,1.6676318645477295,120897,126310.44,ONE_POINT,100,100,RANDOM
truncation_10,0.5,0,5,600,2.1107177734375,119535,122914.49,ONE_POINT,100,100,RANDOM
truncation_10,0.5,0,6,700,2.557227849960327,117921,119048.86,ONE_POINT,100,100,RANDOM
truncation_10,0.5,0,7,800,3.0316731929779053,116991,117851.29,ONE_POINT,100,100,RANDOM
truncation_10,0.5,0,8,900,3.475083351135254,115541,116777.12,ONE_POINT,100,100,RANDOM
truncation_10,0.5,0,9,1000,3.925086498260498,114659,115409.2,ONE_POINT,100,100,RANDOM
truncation_10,0.5,0,10,1100,4.368432283401489,114201,114754.96,ONE_POINT,100,100,RANDOM
truncation_10,0.5,0,11,1200,4.8185014724731445,113282,114084.1,ONE_POINT,100,100,RANDOM
truncation_10,0.5,0,12,1300,5.269783020019531,112801,113230.84,ONE_POINT,100,100,RANDOM
truncation_10,0.5,0,13,1400,5.715221405029297,111664,112353.4,ONE_POINT,100,100,RANDOM
truncation_10,0.5,0,14,1500,6.156236171722412,111167,111598.22,ONE_POINT,100,100,RANDOM
truncation_10,0.5,0,15,1600,6.595982313156128,110767,111027.01,ONE_POINT,100,100,RANDOM
truncation_10,0.5,0,16,1700,7.054224252700806,109494,110184.06,ONE_POINT,100,100,RANDOM
truncation_10,0.5,0,17,1800,7.5111682415008545,107868,109095.6,ONE_POINT,100,100,RANDOM
truncation_10,0.5,0,18,1900,7.952770233154297,107806,108096.43,ONE_POINT,100,100,RANDOM
truncation_10,0.5,0,19,2000,8.400952339172363,106829,107624.0,ONE_POINT,100,100,RANDOM
truncation_10,0.5,0,20,2100,8.863214015960693,105649,106798.58,ONE_POINT,100,100,RANDOM
truncation_10,0.5,0,21,2200,9.321721076965332,104557,105562.51,ONE_POINT,100,100,RANDOM
truncation_10,0.5,0,22,2300,9.768814325332642,104557,104717.63,ONE_POINT,100,100,RANDOM
truncation_10,0.5,0,23,2400,10.216811180114746,103296,104064.72,ONE_POINT,100,100,RANDOM
truncation_10,0.5,0,24,2500,10.670819759368896,102499,103268.86,ONE_POINT,100,100,RANDOM
truncation_10,0.5,0,25,2600,11.116579532623291,102499,102824.31,ONE_POINT,100,100,RANDOM
truncation_10,0.5,0,26,2700,11.560118198394775,102096,102450.56,ONE_POINT,100,100,RANDOM
truncation_10,0.5,0,27,2800,12.015768766403198,101396,102080.06,ONE_POINT,100,100,RANDOM
truncation_10,0.5,0,28,2900,12.46410322189331,100742,101407.01,ONE_POINT,100,100,RANDOM
truncation_10,0.5,0,29,3000,12.919850826263428,100339,100744.59,ONE_POINT,100,100,RANDOM
truncation_10,0.5,0,30,3100,13.385113954544067,99847,100320.77,ONE_POINT,100,100,RANDOM
truncation_10,0.5,0,31,3200,13.836976528167725,99373,99773.82,ONE_POINT,100,100,RANDOM
truncation_10,0.5,0,32,3300,14.312626123428345,97689,99151.64,ONE_POINT,100,100,RANDOM
truncation_10,0.5,0,33,3400,14.765955448150635,97065,98125.75,ONE_POINT,100,100,RANDOM
truncation_10,0.5,0,34,3500,15.237609148025513,96702,97117.91,ONE_POINT,100,100,RANDOM
truncation_10,0.5,0,35,3600,15.6743483543396,95959,96725.48,ONE_POINT,100,100,RANDOM
truncation_10,0.5,0,36,3700,16.1210777759552,95262,95871.68,ONE_POINT,100,100,RANDOM
truncation_10,0.5,0,37,3800,16.570813179016113,94673,95145.75,ONE_POINT,100,100,RANDOM
truncation_10,0.5,0,38,3900,17.02760410308838,94556,94719.59,ONE_POINT,100,100,RANDOM
truncation_10,0.5,0,39,4000,17.48489236831665,93937,94445.67,ONE_POINT,100,100,RANDOM
truncation_10,0.5,0,40,4100,17.926364183425903,92851,93938.03,ONE_POINT,100,100,RANDOM
truncation_10,0.5,0,41,4200,18.387468814849854,92524,93113.26,ONE_POINT,100,100,RANDOM
truncation_10,0.5,0,42,4300,18.839602947235107,91612,92473.69,ONE_POINT,100,100,RANDOM
truncation_10,0.5,0,43,4400,19.30432367324829,90854,91790.32,ONE_POINT,100,100,RANDOM
truncation_10,0.5,0,44,4500,19.793633460998535,90584,90833.71,ONE_POINT,100,100,RANDOM
truncation_10,0.5,0,45,4600,20.24883484840393,90356,90525.78,ONE_POINT,100,100,RANDOM
truncation_10,0.5,0,46,4700,20.711195468902588,89344,90163.72,ONE_POINT,100,100,RANDOM
truncation_10,0.5,0,47,4800,21.161123752593994,89070,89580.25,ONE_POINT,100,100,RANDOM
truncation_10,0.5,0,48,4900,21.618091106414795,88903,89225.73,ONE_POINT,100,100,RANDOM
truncation_10,0.5,0,49,5000,22.064789295196533,88576,88881.62,ONE_POINT,100,100,RANDOM
truncation_10,0.5,0,50,5100,22.522096395492554,88385,88630.47,ONE_POINT,100,100,RANDOM
truncation_10,0.5,0,51,5200,22.98759961128235,87973,88273.29,ONE_POINT,100,100,RANDOM
truncation_10,0.5,0,52,5300,23.439297676086426,87483,87933.4,ONE_POINT,100,100,RANDOM
truncation_10,0.5,0,53,5400,23.908812522888184,87211,87521.86,ONE_POINT,100,100,RANDOM
truncation_10,0.5,0,54,5500,24.349437952041626,86658,87095.83,ONE_POINT,100,100,RANDOM
truncation_10,0.5,0,55,5600,24.79945182800293,86333,86725.98,ONE_POINT,100,100,RANDOM
truncation_10,0.5,0,56,5700,25.262106895446777,86231,86482.9,ONE_POINT,100,100,RANDOM
truncation_10,0.5,0,57,5800,25.716299295425415,85995,86184.51,ONE_POINT,100,100,RANDOM
truncation_10,0.5,0,58,5900,26.16968560218811,85508,85855.83,ONE_POINT,100,100,RANDOM
truncation_10,0.5,0,59,6000,26.639793395996094,84729,85390.62,ONE_POINT,100,100,RANDOM
truncation_10,0.5,0,60,6100,27.07931876182556,84396,84766.34,ONE_POINT,100,100,RANDOM
truncation_10,0.5,0,61,6200,27.542348623275757,83909,84379.75,ONE_POINT,100,100,RANDOM
truncation_10,0.5,0,62,6300,27.99715518951416,83578,84044.38,ONE_POINT,100,100,RANDOM
truncation_10,0.5,0,63,6400,28.45050358772278,83440,83693.75,ONE_POINT,100,100,RANDOM
truncation_10,0.5,0,64,6500,28.889281749725342,83183,83399.0,ONE_POINT,100,100,RANDOM
truncation_10,0.5,0,65,6600,29.351865530014038,83060,83226.63,ONE_POINT,100,100,RANDOM
truncation_10,0.5,0,66,6700,29.803142547607422,82769,83066.68,ONE_POINT,100,100,RANDOM
truncation_10,0.5,0,67,6800,30.252476930618286,82464,82728.96,ONE_POINT,100,100,RANDOM
truncation_10,0.5,0,68,6900,30.716349601745605,82121,82431.21,ONE_POINT,100,100,RANDOM
truncation_10,0.5,0,69,7000,31.161491870880127,81844,82123.42,ONE_POINT,100,100,RANDOM
truncation_10,0.5,0,70,7100,31.619261980056763,81551,81789.09,ONE_POINT,100,100,RANDOM
truncation_10,0.5,0,71,7200,32.07480001449585,81293,81526.84,ONE_POINT,100,100,RANDOM
truncation_10,0.5,0,72,7300,32.51997995376587,80976,81221.7,ONE_POINT,100,100,RANDOM
truncation_10,0.5,0,73,7400,32.96873712539673,80761,80996.2,ONE_POINT,100,100,RANDOM
truncation_10,0.5,0,74,7500,33.417641401290894,80573,80773.36,ONE_POINT,100,100,RANDOM
truncation_10,0.5,0,75,7600,33.897406339645386,80274,80552.03,ONE_POINT,100,100,RANDOM
truncation_10,0.5,0,76,7700,34.34942269325256,79714,80198.16,ONE_POINT,100,100,RANDOM
truncation_10,0.5,0,77,7800,34.7998046875,79603,79895.59,ONE_POINT,100,100,RANDOM
truncation_10,0.5,0,78,7900,35.25037145614624,78888,79559.3,ONE_POINT,100,100,RANDOM
truncation_10,0.5,0,79,8000,35.70783257484436,78888,79214.08,ONE_POINT,100,100,RANDOM
truncation_10,0.5,0,80,8100,36.17697095870972,77945,78795.91,ONE_POINT,100,100,RANDOM
truncation_10,0.5,0,81,8200,36.615429162979126,77903,78343.05,ONE_POINT,100,100,RANDOM
truncation_10,0.5,0,82,8300,37.05479121208191,77232,77871.35,ONE_POINT,100,100,RANDOM
truncation_10,0.5,0,83,8400,37.525484561920166,77036,77398.37,ONE_POINT,100,100,RANDOM
truncation_10,0.5,0,84,8500,37.979355335235596,76219,76920.85,ONE_POINT,100,100,RANDOM
truncation_10,0.5,0,85,8600,38.44882035255432,75997,76283.09,ONE_POINT,100,100,RANDOM
truncation_10,0.5,0,86,8700,38.89750814437866,75898,76051.75,ONE_POINT,100,100,RANDOM
truncation_10,0.5,0,87,8800,39.337892293930054,75273,75788.34,ONE_POINT,100,100,RANDOM
truncation_10,0.5,0,88,8900,39.78278875350952,75003,75441.09,ONE_POINT,100,100,RANDOM
truncation_10,0.5,0,89,9000,40.26911926269531,74770,74990.88,ONE_POINT,100,100,RANDOM
truncation_10,0.5,0,90,9100,40.730499267578125,74498,74701.74,ONE_POINT,100,100,RANDOM
truncation_10,0.5,0,91,9200,41.189391136169434,74021,74384.44,ONE_POINT,100,100,RANDOM
truncation_10,0.5,0,92,9300,41.635751247406006,74002,74100.2,ONE_POINT,100,100,RANDOM
truncation_10,0.5,0,93,9400,42.08051156997681,73671,73969.95,ONE_POINT,100,100,RANDOM
truncation_10,0.5,0,94,9500,42.5325927734375,73421,73710.21,ONE_POINT,100,100,RANDOM
truncation_10,0.5,0,95,9600,42.981423139572144,73323,73449.02,ONE_POINT,100,100,RANDOM
truncation_10,0.5,0,96,9700,43.435478925704956,73236,73332.29,ONE_POINT,100,100,RANDOM
truncation_10,0.5,0,97,9800,43.879802942276,73010,73186.29,ONE_POINT,100,100,RANDOM
truncation_10,0.5,0,98,9900,44.31920337677002,72597,72947.35,ONE_POINT,100,100,RANDOM
truncation_10,0.5,0,99,10000,44.78806185722351,72566,72673.87,ONE_POINT,100,100,RANDOM
truncation_10,0.5,0,100,10100,45.25222063064575,72004,72420.75,ONE_POINT,100,100,RANDOM
truncation_10,0.5,0,101,10200,45.71499943733215,71877,72026.76,ONE_POINT,100,100,RANDOM
truncation_10,0.5,0,102,10300,46.159794092178345,71744,71857.18,ONE_POINT,100,100,RANDOM
truncation_10,0.5,0,103,10400,46.60865926742554,71340,71594.84,ONE_POINT,100,100,RANDOM
truncation_10,0.5,0,104,10500,47.06667947769165,70927,71298.1,ONE_POINT,100,100,RANDOM
truncation_10,0.5,0,105,10600,47.51945400238037,70927,71062.71,ONE_POINT,100,100,RANDOM
truncation_10,0.5,0,106,10700,47.96144700050354,70575,70891.67,ONE_POINT,100,100,RANDOM
truncation_10,0.5,0,107,10800,48.42886829376221,70481,70647.06,ONE_POINT,100,100,RANDOM
truncation_10,0.5,0,108,10900,48.90300989151001,70285,70447.68,ONE_POINT,100,100,RANDOM
truncation_10,0.5,0,109,11000,49.36560082435608,69966,70280.52,ONE_POINT,100,100,RANDOM
truncation_10,0.5,0,110,11100,49.82343578338623,69838,70033.68,ONE_POINT,100,100,RANDOM
truncation_10,0.5,0,111,11200,50.27214050292969,69603,69856.93,ONE_POINT,100,100,RANDOM
truncation_10,0.5,0,112,11300,50.72596764564514,69433,69623.73,ONE_POINT,100,100,RANDOM
truncation_10,0.5,0,113,11400,51.17899417877197,69045,69401.2,ONE_POINT,100,100,RANDOM
truncation_10,0.5,0,114,11500,51.656336545944214,68992,69156.09,ONE_POINT,100,100,RANDOM
truncation_10,0.5,0,115,11600,52.10951900482178,68705,68907.02,ONE_POINT,100,100,RANDOM
truncation_10,0.5,0,116,11700,52.557377576828,68524,68674.14,ONE_POINT,100,100,RANDOM
truncation_10,0.5,0,117,11800,53.0041229724884,68240,68478.65,ONE_POINT,100,100,RANDOM
truncation_10,0.5,0,118,11900,53.44411492347717,67939,68228.41,ONE_POINT,100,100,RANDOM
truncation_10,0.5,0,119,12000,53.902119159698486,67805,67952.04,ONE_POINT,100,100,RANDOM
truncation_10,0.5,0,120,12100,54.3435742855072,67590,67780.1,ONE_POINT,100,100,RANDOM
truncation_10,0.5,0,121,12200,54.78489065170288,67549,67617.33,ONE_POINT,100,100,RANDOM
truncation_10,0.5,0,122,12300,55.22984313964844,67147,67473.4,ONE_POINT,100,100,RANDOM
truncation_10,0.5,0,123,12400,55.67919063568115,67147,67263.37,ONE_POINT,100,100,RANDOM
truncation_10,0.5,0,124,12500,56.14390444755554,66814,67085.34,ONE_POINT,100,100,RANDOM
truncation_10,0.5,0,125,12600,56.59578776359558,66735,66884.23,ONE_POINT,100,100,RANDOM
truncation_10,0.5,0,126,12700,57.073004484176636,66415,66664.7,ONE_POINT,100,100,RANDOM
truncation_10,0.5,0,127,12800,57.538352251052856,66379,66428.96,ONE_POINT,100,100,RANDOM
truncation_10,0.5,0,128,12900,58.00460505485535,66248,66372.66,ONE_POINT,100,100,RANDOM
truncation_10,0.5,0,129,13000,58.45438313484192,66015,66262.58,ONE_POINT,100,100,RANDOM
truncation_10,0.5,0,130,13100,58.89636826515198,65971,66040.29,ONE_POINT,100,100,RANDOM
truncation_10,0.5,0,131,13200,59.34492254257202,65771,65946.22,ONE_POINT,100,100,RANDOM
truncation_10,0.5,0,132,13300,59.781012773513794,65516,65767.19,ONE_POINT,100,100,RANDOM
truncation_10,0.5,0,133,13400,60.24677300453186,65298,65469.09,ONE_POINT,100,100,RANDOM
truncation_10,0.5,0,134,13500,60.69276261329651,65234,65291.81,ONE_POINT,100,100,RANDOM
truncation_10,0.5,0,135,13600,61.15643668174744,65053,65200.41,ONE_POINT,100,100,RANDOM
truncation_10,0.5,0,136,13700,61.60004281997681,64911,65065.7,ONE_POINT,100,100,RANDOM
truncation_10,0.5,0,137,13800,62.032121658325195,64840,64928.86,ONE_POINT,100,100,RANDOM
truncation_10,0.5,0,138,13900,62.47993993759155,64576,64756.76,ONE_POINT,100,100,RANDOM
truncation_10,0.5,0,139,14000,62.924710512161255,64353,64553.47,ONE_POINT,100,100,RANDOM
truncation_10,0.5,0,140,14100,63.3873872756958,64169,64333.88,ONE_POINT,100,100,RANDOM
truncation_10,0.5,0,141,14200,63.83883213996887,63837,64075.0,ONE_POINT,100,100,RANDOM
truncation_10,0.5,0,142,14300,64.29463386535645,63299,63794.25,ONE_POINT,100,100,RANDOM
truncation_10,0.5,0,143,14400,64.75622415542603,63237,63336.95,ONE_POINT,100,100,RANDOM
truncation_10,0.5,0,144,14500,65.2196614742279,62867,63153.79,ONE_POINT,100,100,RANDOM
truncation_10,0.5,0,145,14600,65.67380619049072,62842,62928.11,ONE_POINT,100,100,RANDOM
truncation_10,0.5,0,146,14700,66.11394762992859,62632,62776.11,ONE_POINT,100,100,RANDOM
truncation_10,0.5,0,147,14800,66.56880164146423,62451,62603.93,ONE_POINT,100,100,RANDOM
truncation_10,0.5,0,148,14900,67.03753638267517,62148,62356.74,ONE_POINT,100,100,RANDOM
truncation_10,0.5,0,149,15000,67.4982213973999,61874,62127.27,ONE_POINT,100,100,RANDOM
truncation_10,0.5,0,150,15100,67.96656680107117,61870,61957.0,ONE_POINT,100,100,RANDOM
truncation_10,0.5,0,151,15200,68.42617511749268,61654,61844.73,ONE_POINT,100,100,RANDOM
truncation_10,0.5,0,152,15300,68.87696266174316,61487,61655.35,ONE_POINT,100,100,RANDOM
truncation_10,0.5,0,153,15400,69.33636569976807,61188,61471.79,ONE_POINT,100,100,RANDOM
truncation_10,0.5,0,154,15500,69.79119729995728,61142,61201.33,ONE_POINT,100,100,RANDOM
truncation_10,0.5,0,155,15600,70.2444748878479,61012,61112.53,ONE_POINT,100,100,RANDOM
truncation_10,0.5,0,156,15700,70.70386528968811,60902,60995.34,ONE_POINT,100,100,RANDOM
truncation_10,0.5,0,157,15800,71.15923881530762,60761,60865.6,ONE_POINT,100,100,RANDOM
truncation_10,0.5,0,158,15900,71.62148857116699,60540,60717.74,ONE_POINT,100,100,RANDOM
truncation_10,0.5,0,159,16000,72.07333445549011,60316,60516.51,ONE_POINT,100,100,RANDOM
truncation_10,0.5,0,160,16100,72.51906418800354,60242,60346.15,ONE_POINT,100,100,RANDOM
truncation_10,0.5,0,161,16200,72.9528558254242,60112,60244.28,ONE_POINT,100,100,RANDOM
truncation_10,0.5,0,162,16300,73.41649293899536,59941,60124.34,ONE_POINT,100,100,RANDOM
truncation_10,0.5,0,163,16400,73.86236000061035,59921,60028.38,ONE_POINT,100,100,RANDOM
truncation_10,0.5,0,164,16500,74.30397582054138,59340,59831.78,ONE_POINT,100,100,RANDOM
truncation_10,0.5,0,165,16600,74.75212049484253,59305,59545.84,ONE_POINT,100,100,RANDOM
truncation_10,0.5,0,166,16700,75.20014810562134,59121,59305.79,ONE_POINT,100,100,RANDOM
truncation_10,0.5,0,167,16800,75.65782070159912,59062,59140.6,ONE_POINT,100,100,RANDOM
truncation_10,0.5,0,168,16900,76.12912821769714,58796,58984.56,ONE_POINT,100,100,RANDOM
truncation_10,0.5,0,169,17000,76.56781268119812,58668,58778.5,ONE_POINT,100,100,RANDOM
truncation_10,0.5,0,170,17100,77.02830362319946,58627,58669.46,ONE_POINT,100,100,RANDOM
truncation_10,0.5,0,171,17200,77.4645824432373,58340,58570.92,ONE_POINT,100,100,RANDOM
truncation_10,0.5,0,172,17300,77.95045852661133,58213,58350.79,ONE_POINT,100,100,RANDOM
truncation_10,0.5,0,173,17400,78.38760733604431,58120,58184.98,ONE_POINT,100,100,RANDOM
truncation_10,0.5,0,174,17500,78.83503317832947,57969,58042.76,ONE_POINT,100,100,RANDOM
truncation_10,0.5,0,175,17600,79.28735542297363,57762,57933.68,ONE_POINT,100,100,RANDOM
truncation_10,0.5,0,176,17700,79.75363206863403,57564,57766.75,ONE_POINT,100,100,RANDOM
truncation_10,0.5,0,177,17800,80.22645950317383,57561,57643.76,ONE_POINT,100,100,RANDOM
truncation_10,0.5,0,178,17900,80.74130272865295,57418,57538.3,ONE_POINT,100,100,RANDOM
truncation_10,0.5,0,179,18000,81.18875026702881,56991,57368.91,ONE_POINT,100,100,RANDOM
truncation_10,0.5,0,180,18100,81.6301474571228,56883,57047.64,ONE_POINT,100,100,RANDOM
truncation_10,0.5,0,181,18200,82.08902335166931,56592,56852.52,ONE_POINT,100,100,RANDOM
truncation_10,0.5,0,182,18300,82.5449652671814,56592,56636.41,ONE_POINT,100,100,RANDOM
truncation_10,0.5,0,183,18400,83.00886845588684,56349,56535.5,ONE_POINT,100,100,RANDOM
truncation_10,0.5,0,184,18500,83.46198630332947,56132,56277.11,ONE_POINT,100,100,RANDOM
truncation_10,0.5,0,185,18600,83.90602827072144,55900,56093.83,ONE_POINT,100,100,RANDOM
truncation_10,0.5,0,186,18700,84.35207724571228,55768,55926.48,ONE_POINT,100,100,RANDOM
truncation_10,0.5,0,187,18800,84.80391454696655,55562,55746.14,ONE_POINT,100,100,RANDOM
truncation_10,0.5,0,188,18900,85.24956750869751,55408,55560.53,ONE_POINT,100,100,RANDOM
truncation_10,0.5,0,189,19000,85.69691348075867,55401,55474.53,ONE_POINT,100,100,RANDOM
truncation_10,0.5,0,190,19100,86.16105651855469,55121,55338.1,ONE_POINT,100,100,RANDOM
truncation_10,0.5,0,191,19200,86.61029434204102,55032,55134.6,ONE_POINT,100,100,RANDOM
truncation_10,0.5,0,192,19300,87.0741639137268,54885,55027.53,ONE_POINT,100,100,RANDOM
truncation_10,0.5,0,193,19400,87.5287573337555,54804,54896.99,ONE_POINT,100,100,RANDOM
truncation_10,0.5,0,194,19500,87.96311926841736,54614,54762.9,ONE_POINT,100,100,RANDOM
truncation_10,0.5,0,195,19600,88.42338752746582,54494,54579.68,ONE_POINT,100,100,RANDOM
truncation_10,0.5,0,196,19700,88.88024711608887,54273,54451.8,ONE_POINT,100,100,RANDOM
truncation_10,0.5,0,197,19800,89.33340644836426,54273,54317.19,ONE_POINT,100,100,RANDOM
truncation_10,0.5,0,198,19900,89.7814826965332,54226,54256.04,ONE_POINT,100,100,RANDOM
truncation_10,0.5,0,199,20000,90.22864055633545,54032,54187.41,ONE_POINT,100,100,RANDOM
truncation_10,0.5,0,200,20100,90.70186066627502,53943,54033.87,ONE_POINT,100,100,RANDOM
truncation_10,0.5,0,201,20200,91.1859016418457,53858,53956.13,ONE_POINT,100,100,RANDOM
truncation_10,0.5,0,202,20300,91.62702131271362,53703,53834.01,ONE_POINT,100,100,RANDOM
truncation_10,0.5,0,203,20400,92.06687355041504,53586,53694.21,ONE_POINT,100,100,RANDOM
truncation_10,0.5,0,204,20500,92.5350227355957,53432,53597.37,ONE_POINT,100,100,RANDOM
truncation_10,0.5,0,205,20600,92.9812240600586,53432,53524.65,ONE_POINT,100,100,RANDOM
truncation_10,0.5,0,206,20700,93.43895244598389,53186,53398.71,ONE_POINT,100,100,RANDOM
truncation_10,0.5,0,207,20800,93.90218424797058,53032,53240.69,ONE_POINT,100,100,RANDOM
truncation_10,0.5,0,208,20900,94.35273599624634,52878,53089.19,ONE_POINT,100,100,RANDOM
truncation_10,0.5,0,209,21000,94.80607318878174,52876,52959.38,ONE_POINT,100,100,RANDOM
truncation_10,0.5,0,210,21100,95.2473955154419,52755,52847.87,ONE_POINT,100,100,RANDOM
truncation_10,0.5,0,211,21200,95.69518566131592,52678,52757.61,ONE_POINT,100,100,RANDOM
truncation_10,0.5,0,212,21300,96.14213252067566,52612,52700.29,ONE_POINT,100,100,RANDOM
truncation_10,0.5,0,213,21400,96.58228540420532,52522,52600.65,ONE_POINT,100,100,RANDOM
truncation_10,0.5,0,214,21500,97.03320717811584,52522,52546.91,ONE_POINT,100,100,RANDOM
truncation_10,0.5,0,215,21600,97.47761106491089,52401,52497.17,ONE_POINT,100,100,RANDOM
truncation_10,0.5,0,216,21700,97.93567037582397,52272,52408.39,ONE_POINT,100,100,RANDOM
truncation_10,0.5,0,217,21800,98.39942717552185,52261,52306.39,ONE_POINT,100,100,RANDOM
truncation_10,0.5,0,218,21900,98.87665843963623,52025,52169.48,ONE_POINT,100,100,RANDOM
truncation_10,0.5,0,219,22000,99.33382749557495,51940,52011.31,ONE_POINT,100,100,RANDOM
truncation_10,0.5,0,220,22100,99.79474449157715,51874,51924.32,ONE_POINT,100,100,RANDOM
truncation_10,0.5,0,221,22200,100.24905490875244,51719,51801.4,ONE_POINT,100,100,RANDOM
truncation_10,0.5,0,222,22300,100.69465017318726,51568,51696.42,ONE_POINT,100,100,RANDOM
truncation_10,0.5,0,223,22400,101.15181088447571,51539,51564.29,ONE_POINT,100,100,RANDOM
truncation_10,0.5,0,224,22500,101.59299874305725,51328,51494.93,ONE_POINT,100,100,RANDOM
truncation_10,0.5,0,225,22600,102.05948734283447,51182,51337.69,ONE_POINT,100,100,RANDOM
truncation_10,0.5,0,226,22700,102.51529502868652,50753,51172.6,ONE_POINT,100,100,RANDOM
truncation_10,0.5,0,227,22800,102.97502970695496,50753,50953.41,ONE_POINT,100,100,RANDOM
truncation_10,0.5,0,228,22900,103.4173309803009,50633,50734.91,ONE_POINT,100,100,RANDOM
truncation_10,0.5,0,229,23000,103.86306500434875,50602,50687.88,ONE_POINT,100,100,RANDOM
truncation_10,0.5,0,230,23100,104.32922077178955,50415,50605.28,ONE_POINT,100,100,RANDOM
truncation_10,0.5,0,231,23200,104.76300716400146,50308,50487.06,ONE_POINT,100,100,RANDOM
truncation_10,0.5,0,232,23300,105.22871851921082,50239,50327.65,ONE_POINT,100,100,RANDOM
truncation_10,0.5,0,233,23400,105.67583680152893,50239,50257.0,ONE_POINT,100,100,RANDOM
truncation_10,0.5,0,234,23500,106.11566305160522,50154,50231.15,ONE_POINT,100,100,RANDOM
truncation_10,0.5,0,235,23600,106.58106017112732,50139,50186.01,ONE_POINT,100,100,RANDOM
truncation_10,0.5,0,236,23700,107.02950859069824,50015,50115.7,ONE_POINT,100,100,RANDOM
truncation_10,0.5,0,237,23800,107.47259783744812,49872,50009.08,ONE_POINT,100,100,RANDOM
truncation_10,0.5,0,238,23900,107.91136693954468,49793,49882.75,ONE_POINT,100,100,RANDOM
truncation_10,0.5,0,239,24000,108.3709557056427,49681,49770.13,ONE_POINT,100,100,RANDOM
truncation_10,0.5,0,240,24100,108.8342170715332,49509,49617.04,ONE_POINT,100,100,RANDOM
truncation_10,0.5,0,241,24200,109.30547595024109,49361,49490.91,ONE_POINT,100,100,RANDOM
truncation_10,0.5,0,242,24300,109.77489423751831,49301,49391.47,ONE_POINT,100,100,RANDOM
truncation_10,0.5,0,243,24400,110.21221685409546,49270,49330.17,ONE_POINT,100,100,RANDOM
truncation_10,0.5,0,244,24500,110.65431427955627,49163,49240.53,ONE_POINT,100,100,RANDOM
truncation_10,0.5,0,245,24600,111.1235945224762,49066,49141.15,ONE_POINT,100,100,RANDOM
truncation_10,0.5,0,246,24700,111.57155728340149,48987,49051.58,ONE_POINT,100,100,RANDOM
truncation_10,0.5,0,247,24800,112.0198347568512,48794,48966.53,ONE_POINT,100,100,RANDOM
truncation_10,0.5,0,248,24900,112.46232724189758,48660,48824.09,ONE_POINT,100,100,RANDOM
truncation_10,0.5,0,249,25000,112.92081475257874,48517,48701.27,ONE_POINT,100,100,RANDOM
truncation_10,0.5,0,250,25100,113.37968945503235,48484,48562.28,ONE_POINT,100,100,RANDOM
truncation_10,0.5,0,251,25200,113.86531662940979,48345,48449.33,ONE_POINT,100,100,RANDOM
truncation_10,0.5,0,252,25300,114.30266070365906,48267,48345.45,ONE_POINT,100,100,RANDOM
truncation_10,0.5,0,253,25400,114.75240969657898,48133,48278.18,ONE_POINT,100,100,RANDOM
truncation_10,0.5,0,254,25500,115.19637799263,48024,48147.3,ONE_POINT,100,100,RANDOM
truncation_10,0.5,0,255,25600,115.68621134757996,47898,48024.12,ONE_POINT,100,100,RANDOM
truncation_10,0.5,0,256,25700,116.1457450389862,47824,47906.77,ONE_POINT,100,100,RANDOM
truncation_10,0.5,0,257,25800,116.60142159461975,47776,47835.39,ONE_POINT,100,100,RANDOM
truncation_10,0.5,0,258,25900,117.05219316482544,47678,47759.17,ONE_POINT,100,100,RANDOM
truncation_10,0.5,0,259,26000,117.52060222625732,47663,47698.85,ONE_POINT,100,100,RANDOM
truncation_10,0.5,0,260,26100,117.98936557769775,47486,47611.68,ONE_POINT,100,100,RANDOM
truncation_10,0.5,0,261,26200,118.43296670913696,47453,47512.29,ONE_POINT,100,100,RANDOM
truncation_10,0.5,0,262,26300,118.87927460670471,47402,47440.25,ONE_POINT,100,100,RANDOM
truncation_10,0.5,0,263,26400,119.32131934165955,47296,47379.36,ONE_POINT,100,100,RANDOM
truncation_10,0.5,0,264,26500,119.79565072059631,47130,47238.17,ONE_POINT,100,100,RANDOM
truncation_10,0.5,0,265,26600,120.24260115623474,47130,47138.59,ONE_POINT,100,100,RANDOM
truncation_10,0.5,0,266,26700,120.69785523414612,47056,47115.97,ONE_POINT,100,100,RANDOM
truncation_10,0.5,0,267,26800,121.15840291976929,47003,47058.84,ONE_POINT,100,100,RANDOM
truncation_10,0.5,0,268,26900,121.60834693908691,46903,46983.41,ONE_POINT,100,100,RANDOM
truncation_10,0.5,0,269,27000,122.08599352836609,46786,46889.93,ONE_POINT,100,100,RANDOM
truncation_10,0.5,0,270,27100,122.52483224868774,46749,46823.73,ONE_POINT,100,100,RANDOM
truncation_10,0.5,0,271,27200,122.97737860679626,46622,46741.77,ONE_POINT,100,100,RANDOM
truncation_10,0.5,0,272,27300,123.41533660888672,46425,46587.58,ONE_POINT,100,100,RANDOM
truncation_10,0.5,0,273,27400,123.86378479003906,46425,46488.92,ONE_POINT,100,100,RANDOM
truncation_10,0.5,0,274,27500,124.32799434661865,46280,46412.0,ONE_POINT,100,100,RANDOM
truncation_10,0.5,0,275,27600,124.79204797744751,46178,46324.67,ONE_POINT,100,100,RANDOM
truncation_10,0.5,0,276,27700,125.23659062385559,46174,46224.35,ONE_POINT,100,100,RANDOM
truncation_10,0.5,0,277,27800,125.67995858192444,46005,46159.63,ONE_POINT,100,100,RANDOM
truncation_10,0.5,0,278,27900,126.14881348609924,45998,46079.15,ONE_POINT,100,100,RANDOM
truncation_10,0.5,0,279,28000,126.61270809173584,45974,45997.55,ONE_POINT,100,100,RANDOM
truncation_10,0.5,0,280,28100,127.06702923774719,45891,45971.74,ONE_POINT,100,100,RANDOM
truncation_10,0.5,0,281,28200,127.50592851638794,45752,45884.94,ONE_POINT,100,100,RANDOM
truncation_10,0.5,0,282,28300,127.94726347923279,45752,45796.06,ONE_POINT,100,100,RANDOM
truncation_10,0.5,0,283,28400,128.39716839790344,45661,45731.14,ONE_POINT,100,100,RANDOM
truncation_10,0.5,0,284,28500,128.86388444900513,45558,45651.79,ONE_POINT,100,100,RANDOM
truncation_10,0.5,0,285,28600,129.3192584514618,45440,45546.67,ONE_POINT,100,100,RANDOM
truncation_10,0.5,0,286,28700,129.7666335105896,45380,45485.54,ONE_POINT,100,100,RANDOM
truncation_10,0.5,0,287,28800,130.21176433563232,45361,45422.87,ONE_POINT,100,100,RANDOM
truncation_10,0.5,0,288,28900,130.66734910011292,45318,45367.51,ONE_POINT,100,100,RANDOM
truncation_10,0.5,0,289,29000,131.11715936660767,45264,45321.59,ONE_POINT,100,100,RANDOM
truncation_10,0.5,0,290,29100,131.5578248500824,45135,45250.6,ONE_POINT,100,100,RANDOM
truncation_10,0.5,0,291,29200,132.00106406211853,45089,45152.89,ONE_POINT,100,100,RANDOM
truncation_10,0.5,0,292,29300,132.46872186660767,45063,45082.2,ONE_POINT,100,100,RANDOM
truncation_10,0.5,0,293,29400,132.91805219650269,44935,45025.27,ONE_POINT,100,100,RANDOM
truncation_10,0.5,0,294,29500,133.36814713478088,44885,44952.09,ONE_POINT,100,100,RANDOM
truncation_10,0.5,0,295,29600,133.812349319458,44806,44864.53,ONE_POINT,100,100,RANDOM
truncation_10,0.5,0,296,29700,134.2663106918335,44778,44801.5,ONE_POINT,100,100,RANDOM
truncation_10,0.5,0,297,29800,134.7148163318634,44657,44747.16,ONE_POINT,100,100,RANDOM
truncation_10,0.5,0,298,29900,135.16989755630493,44587,44669.2,ONE_POINT,100,100,RANDOM
truncation_10,0.5,0,299,30000,135.61776876449585,44496,44580.63,ONE_POINT,100,100,RANDOM
truncation_10,0.5,0,300,30100,136.06702971458435,44420,44488.75,ONE_POINT,100,100,RANDOM
truncation_10,0.5,0,301,30200,136.5418267250061,44355,44441.83,ONE_POINT,100,100,RANDOM
truncation_10,0.5,0,302,30300,136.98058676719666,44334,44396.99,ONE_POINT,100,100,RANDOM
truncation_10,0.5,0,303,30400,137.4411563873291,44219,44322.88,ONE_POINT,100,100,RANDOM
truncation_10,0.5,0,304,30500,137.87933158874512,44219,44239.32,ONE_POINT,100,100,RANDOM
truncation_10,0.5,0,305,30600,138.33372473716736,44174,44211.22,ONE_POINT,100,100,RANDOM
truncation_10,0.5,0,306,30700,138.79607510566711,44097,44175.34,ONE_POINT,100,100,RANDOM
truncation_10,0.5,0,307,30800,139.24609899520874,44000,44110.35,ONE_POINT,100,100,RANDOM
truncation_10,0.5,0,308,30900,139.71212124824524,44000,44038.16,ONE_POINT,100,100,RANDOM
truncation_10,0.5,0,309,31000,140.16147303581238,43850,43984.73,ONE_POINT,100,100,RANDOM
truncation_10,0.5,0,310,31100,140.66137027740479,43815,43921.84,ONE_POINT,100,100,RANDOM
truncation_10,0.5,0,311,31200,141.121887922287,43760,43844.8,ONE_POINT,100,100,RANDOM
truncation_10,0.5,0,312,31300,141.57076263427734,43738,43799.99,ONE_POINT,100,100,RANDOM
truncation_10,0.5,0,313,31400,142.0304126739502,43658,43739.79,ONE_POINT,100,100,RANDOM
truncation_10,0.5,0,314,31500,142.47096157073975,43629,43665.06,ONE_POINT,100,100,RANDOM
truncation_10,0.5,0,315,31600,142.94548916816711,43571,43630.6,ONE_POINT,100,100,RANDOM
truncation_10,0.5,0,316,31700,143.38714504241943,43537,43575.13,ONE_POINT,100,100,RANDOM
truncation_10,0.5,0,317,31800,143.82826232910156,43433,43535.49,ONE_POINT,100,100,RANDOM
truncation_10,0.5,0,318,31900,144.29531931877136,43433,43470.02,ONE_POINT,100,100,RANDOM
truncation_10,0.5,0,319,32000,144.7405505180359,43354,43404.77,ONE_POINT,100,100,RANDOM
truncation_10,0.5,0,320,32100,145.18942189216614,43287,43344.01,ONE_POINT,100,100,RANDOM
truncation_10,0.5,0,321,32200,145.63334774971008,43287,43298.84,ONE_POINT,100,100,RANDOM
truncation_10,0.5,0,322,32300,146.07261395454407,43176,43238.11,ONE_POINT,100,100,RANDOM
truncation_10,0.5,0,323,32400,146.51937079429626,43101,43163.79,ONE_POINT,100,100,RANDOM
truncation_10,0.5,0,324,32500,146.97687363624573,43036,43099.91,ONE_POINT,100,100,RANDOM
truncation_10,0.5,0,325,32600,147.4174039363861,42983,43052.85,ONE_POINT,100,100,RANDOM
truncation_10,0.5,0,326,32700,147.86616110801697,42861,42969.38,ONE_POINT,100,100,RANDOM
truncation_10,0.5,0,327,32800,148.32906770706177,42796,42878.03,ONE_POINT,100,100,RANDOM
truncation_10,0.5,0,328,32900,148.7833387851715,42796,42831.51,ONE_POINT,100,100,RANDOM
truncation_10,0.5,0,329,33000,149.24444580078125,42725,42784.55,ONE_POINT,100,100,RANDOM
truncation_10,0.5,0,330,33100,149.69146013259888,42680,42725.02,ONE_POINT,100,100,RANDOM
truncation_10,0.5,0,331,33200,150.13318800926208,42599,42665.12,ONE_POINT,100,100,RANDOM
truncation_10,0.5,0,332,33300,150.58972477912903,42585,42613.35,ONE_POINT,100,100,RANDOM
truncation_10,0.5,0,333,33400,151.04219579696655,42517,42575.66,ONE_POINT,100,100,RANDOM
truncation_10,0.5,0,334,33500,151.49238681793213,42504,42525.98,ONE_POINT,100,100,RANDOM
truncation_10,0.5,0,335,33600,151.93939805030823,42478,42509.96,ONE_POINT,100,100,RANDOM
truncation_10,0.5,0,336,33700,152.38823890686035,42444,42482.42,ONE_POINT,100,100,RANDOM
truncation_10,0.5,0,337,33800,152.84051132202148,42316,42438.66,ONE_POINT,100,100,RANDOM
truncation_10,0.5,0,338,33900,153.32198572158813,42256,42353.02,ONE_POINT,100,100,RANDOM
truncation_10,0.5,0,339,34000,153.77176213264465,42256,42282.13,ONE_POINT,100,100,RANDOM
truncation_10,0.5,0,340,34100,154.2229037284851,42175,42248.26,ONE_POINT,100,100,RANDOM
truncation_10,0.5,0,341,34200,154.69004154205322,42150,42182.38,ONE_POINT,100,100,RANDOM
truncation_10,0.5,0,342,34300,155.163179397583,42068,42140.55,ONE_POINT,100,100,RANDOM
truncation_10,0.5,0,343,34400,155.62317991256714,42068,42086.21,ONE_POINT,100,100,RANDOM
truncation_10,0.5,0,344,34500,156.0732593536377,42055,42066.55,ONE_POINT,100,100,RANDOM
truncation_10,0.5,0,345,34600,156.5169324874878,42019,42054.04,ONE_POINT,100,100,RANDOM
truncation_10,0.5,0,346,34700,156.9809250831604,42017,42025.74,ONE_POINT,100,100,RANDOM
truncation_10,0.5,0,347,34800,157.45694780349731,41982,42009.78,ONE_POINT,100,100,RANDOM
truncation_10,0.5,0,348,34900,157.92590999603271,41928,41979.38,ONE_POINT,100,100,RANDOM
truncation_10,0.5,0,349,35000,158.36061358451843,41895,41949.05,ONE_POINT,100,100,RANDOM
truncation_10,0.5,0,350,35100,158.81285333633423,41862,41899.69,ONE_POINT,100,100,RANDOM
truncation_10,0.5,0,351,35200,159.28535079956055,41817,41859.75,ONE_POINT,100,100,RANDOM
truncation_10,0.5,0,352,35300,159.74512577056885,41817,41843.38,ONE_POINT,100,100,RANDOM
truncation_10,0.5,0,353,35400,160.19470071792603,41739,41808.86,ONE_POINT,100,100,RANDOM
truncation_10,0.5,0,354,35500,160.6430766582489,41739,41762.95,ONE_POINT,100,100,RANDOM
truncation_10,0.5,0,355,35600,161.09134531021118,41673,41724.64,ONE_POINT,100,100,RANDOM
truncation_10,0.5,0,356,35700,161.54612565040588,41645,41673.86,ONE_POINT,100,100,RANDOM
truncation_10,0.5,0,357,35800,161.998633146286,41611,41649.7,ONE_POINT,100,100,RANDOM
truncation_10,0.5,0,358,35900,162.4416263103485,41585,41605.07,ONE_POINT,100,100,RANDOM
truncation_10,0.5,0,359,36000,162.88540887832642,41478,41567.97,ONE_POINT,100,100,RANDOM
truncation_10,0.5,0,360,36100,163.34361052513123,41456,41497.59,ONE_POINT,100,100,RANDOM
truncation_10,0.5,0,361,36200,163.82378768920898,41323,41442.54,ONE_POINT,100,100,RANDOM
truncation_10,0.5,0,362,36300,164.26139068603516,41194,41353.53,ONE_POINT,100,100,RANDOM
truncation_10,0.5,0,363,36400,164.7017204761505,41090,41199.54,ONE_POINT,100,100,RANDOM
truncation_10,0.5,0,364,36500,165.1400535106659,41044,41107.23,ONE_POINT,100,100,RANDOM
truncation_10,0.5,0,365,36600,165.57491397857666,40992,41066.37,ONE_POINT,100,100,RANDOM
truncation_10,0.5,0,366,36700,166.10347652435303,40927,40984.19,ONE_POINT,100,100,RANDOM
truncation_10,0.5,0,367,36800,166.5509135723114,40927,40948.68,ONE_POINT,100,100,RANDOM
truncation_10,0.5,0,368,36900,167.03114676475525,40893,40920.71,ONE_POINT,100,100,RANDOM
truncation_10,0.5,0,369,37000,167.4810996055603,40851,40897.12,ONE_POINT,100,100,RANDOM
truncation_10,0.5,0,370,37100,167.9404125213623,40823,40870.17,ONE_POINT,100,100,RANDOM
truncation_10,0.5,0,371,37200,168.4085726737976,40745,40828.69,ONE_POINT,100,100,RANDOM
truncation_10,0.5,0,372,37300,168.8481662273407,40745,40776.67,ONE_POINT,100,100,RANDOM
truncation_10,0.5,0,373,37400,169.30088925361633,40709,40736.14,ONE_POINT,100,100,RANDOM
truncation_10,0.5,0,374,37500,169.74147701263428,40698,40716.97,ONE_POINT,100,100,RANDOM
truncation_10,0.5,0,375,37600,170.2106418609619,40671,40697.94,ONE_POINT,100,100,RANDOM
truncation_10,0.5,0,376,37700,170.67441153526306,40559,40645.81,ONE_POINT,100,100,RANDOM
truncation_10,0.5,0,377,37800,171.1029372215271,40558,40577.39,ONE_POINT,100,100,RANDOM
truncation_10,0.5,0,378,37900,171.54641723632812,40509,40556.14,ONE_POINT,100,100,RANDOM
truncation_10,0.5,0,379,38000,172.00577306747437,40508,40538.15,ONE_POINT,100,100,RANDOM
truncation_10,0.5,0,380,38100,172.45706939697266,40485,40506.81,ONE_POINT,100,100,RANDOM
truncation_10,0.5,0,381,38200,172.91520524024963,40480,40492.71,ONE_POINT,100,100,RANDOM
truncation_10,0.5,0,382,38300,173.3654227256775,40460,40479.99,ONE_POINT,100,100,RANDOM
truncation_10,0.5,0,383,38400,173.81187534332275,40416,40456.8,ONE_POINT,100,100,RANDOM
truncation_10,0.5,0,384,38500,174.28056716918945,40358,40418.71,ONE_POINT,100,100,RANDOM
truncation_10,0.5,0,385,38600,174.72175073623657,40351,40366.8,ONE_POINT,100,100,RANDOM
truncation_10,0.5,0,386,38700,175.1747829914093,40293,40338.24,ONE_POINT,100,100,RANDOM
truncation_10,0.5,0,387,38800,175.63573956489563,40244,40296.02,ONE_POINT,100,100,RANDOM
truncation_10,0.5,0,388,38900,176.09102725982666,40244,40269.83,ONE_POINT,100,100,RANDOM
truncation_10,0.5,0,389,39000,176.54830813407898,40202,40235.76,ONE_POINT,100,100,RANDOM
truncation_10,0.5,0,390,39100,177.01869773864746,40166,40197.12,ONE_POINT,100,100,RANDOM
truncation_10,0.5,0,391,39200,177.48442578315735,40126,40161.6,ONE_POINT,100,100,RANDOM
truncation_10,0.5,0,392,39300,177.94000887870789,40075,40120.02,ONE_POINT,100,100,RANDOM
truncation_10,0.5,0,393,39400,178.40501737594604,40003,40073.75,ONE_POINT,100,100,RANDOM
truncation_10,0.5,0,394,39500,178.85584664344788,39995,40038.14,ONE_POINT,100,100,RANDOM
truncation_10,0.5,0,395,39600,179.31940150260925,39917,39983.15,ONE_POINT,100,100,RANDOM
truncation_10,0.5,0,396,39700,179.76950597763062,39917,39940.98,ONE_POINT,100,100,RANDOM
truncation_10,0.5,0,397,39800,180.2202262878418,39877,39916.3,ONE_POINT,100,100,RANDOM
truncation_10,0.5,0,398,39900,180.6938817501068,39851,39903.5,ONE_POINT,100,100,RANDOM
truncation_10,0.5,0,399,40000,181.15042281150818,39832,39862.06,ONE_POINT,100,100,RANDOM
truncation_10,0.5,0,400,40100,181.60067701339722,39786,39822.84,ONE_POINT,100,100,RANDOM
truncation_10,0.5,0,401,40200,182.05358386039734,39718,39785.27,ONE_POINT,100,100,RANDOM
truncation_10,0.5,0,402,40300,182.49219369888306,39703,39726.81,ONE_POINT,100,100,RANDOM
truncation_10,0.5,0,403,40400,182.95221209526062,39649,39682.97,ONE_POINT,100,100,RANDOM
truncation_10,0.5,0,404,40500,183.39903163909912,39618,39646.15,ONE_POINT,100,100,RANDOM
truncation_10,0.5,0,405,40600,183.84558510780334,39534,39584.79,ONE_POINT,100,100,RANDOM
truncation_10,0.5,0,406,40700,184.29504370689392,39511,39533.14,ONE_POINT,100,100,RANDOM
truncation_10,0.5,0,407,40800,184.750506401062,39489,39514.68,ONE_POINT,100,100,RANDOM
truncation_10,0.5,0,408,40900,185.20048761367798,39445,39483.28,ONE_POINT,100,100,RANDOM
truncation_10,0.5,0,409,41000,185.6493320465088,39423,39445.18,ONE_POINT,100,100,RANDOM
truncation_10,0.5,0,410,41100,186.10516571998596,39403,39425.87,ONE_POINT,100,100,RANDOM
truncation_10,0.5,0,411,41200,186.54174208641052,39304,39394.97,ONE_POINT,100,100,RANDOM
truncation_10,0.5,0,412,41300,187.00434851646423,39304,39334.24,ONE_POINT,100,100,RANDOM
truncation_10,0.5,0,413,41400,187.4474437236786,39253,39291.25,ONE_POINT,100,100,RANDOM
truncation_10,0.5,0,414,41500,187.88667750358582,39225,39250.45,ONE_POINT,100,100,RANDOM
truncation_10,0.5,0,415,41600,188.33948493003845,39151,39214.67,ONE_POINT,100,100,RANDOM
truncation_10,0.5,0,416,41700,188.7873604297638,38967,39138.8,ONE_POINT,100,100,RANDOM
truncation_10,0.5,0,417,41800,189.24900698661804,38922,39074.01,ONE_POINT,100,100,RANDOM
truncation_10,0.5,0,418,41900,189.69920873641968,38922,38961.4,ONE_POINT,100,100,RANDOM
truncation_10,0.5,0,419,42000,190.1776351928711,38892,38922.26,ONE_POINT,100,100,RANDOM
truncation_10,0.5,0,420,42100,190.63664174079895,38847,38899.11,ONE_POINT,100,100,RANDOM
truncation_10,0.5,0,421,42200,191.09569644927979,38812,38848.03,ONE_POINT,100,100,RANDOM
truncation_10,0.5,0,422,42300,191.53285598754883,38790,38819.76,ONE_POINT,100,100,RANDOM
truncation_10,0.5,0,423,42400,191.9801642894745,38639,38786.43,ONE_POINT,100,100,RANDOM
truncation_10,0.5,0,424,42500,192.44836115837097,38639,38678.12,ONE_POINT,100,100,RANDOM
truncation_10,0.5,0,425,42600,192.8962643146515,38542,38626.66,ONE_POINT,100,100,RANDOM
truncation_10,0.5,0,426,42700,193.33982872962952,38494,38551.76,ONE_POINT,100,100,RANDOM
truncation_10,0.5,0,427,42800,193.78097581863403,38490,38499.72,ONE_POINT,100,100,RANDOM
truncation_10,0.5,0,428,42900,194.2191355228424,38458,38486.82,ONE_POINT,100,100,RANDOM
truncation_10,0.5,0,429,43000,194.6822497844696,38442,38462.69,ONE_POINT,100,100,RANDOM
truncation_10,0.5,0,430,43100,195.14659810066223,38436,38445.53,ONE_POINT,100,100,RANDOM
truncation_10,0.5,0,431,43200,195.58482813835144,38421,38429.21,ONE_POINT,100,100,RANDOM
truncation_10,0.5,0,432,43300,196.02796626091003,38353,38412.54,ONE_POINT,100,100,RANDOM
truncation_10,0.5,0,433,43400,196.4853904247284,38353,38375.53,ONE_POINT,100,100,RANDOM
truncation_10,0.5,0,434,43500,196.96282720565796,38322,38348.35,ONE_POINT,100,100,RANDOM
truncation_10,0.5,0,435,43600,197.421528339386,38304,38324.61,ONE_POINT,100,100,RANDOM
truncation_10,0.5,0,436,43700,197.8676164150238,38182,38295.16,ONE_POINT,100,100,RANDOM
truncation_10,0.5,0,437,43800,198.31470370292664,38153,38228.03,ONE_POINT,100,100,RANDOM
truncation_10,0.5,0,438,43900,198.77021288871765,38132,38147.34,ONE_POINT,100,100,RANDOM
truncation_10,0.5,0,439,44000,199.22077345848083,38106,38129.43,ONE_POINT,100,100,RANDOM
truncation_10,0.5,0,440,44100,199.676855802536,38055,38114.55,ONE_POINT,100,100,RANDOM
truncation_10,0.5,0,441,44200,200.116605758667,38029,38085.58,ONE_POINT,100,100,RANDOM
truncation_10,0.5,0,442,44300,200.5712924003601,38009,38027.35,ONE_POINT,100,100,RANDOM
truncation_10,0.5,0,443,44400,201.0487780570984,37983,38009.81,ONE_POINT,100,100,RANDOM
truncation_10,0.5,0,444,44500,201.53851103782654,37968,37982.1,ONE_POINT,100,100,RANDOM
truncation_10,0.5,0,445,44600,201.98686718940735,37961,37976.5,ONE_POINT,100,100,RANDOM
truncation_10,0.5,0,446,44700,202.44232535362244,37945,37960.18,ONE_POINT,100,100,RANDOM
truncation_10,0.5,0,447,44800,202.88076376914978,37905,37941.56,ONE_POINT,100,100,RANDOM
truncation_10,0.5,0,448,44900,203.35972356796265,37900,37920.22,ONE_POINT,100,100,RANDOM
truncation_10,0.5,0,449,45000,203.81238341331482,37864,37899.07,ONE_POINT,100,100,RANDOM
truncation_10,0.5,0,450,45100,204.25905585289001,37859,37880.59,ONE_POINT,100,100,RANDOM
truncation_10,0.5,0,451,45200,204.71879291534424,37832,37858.03,ONE_POINT,100,100,RANDOM
truncation_10,0.5,0,452,45300,205.1638855934143,37819,37842.4,ONE_POINT,100,100,RANDOM
truncation_10,0.5,0,453,45400,205.64352822303772,37806,37821.79,ONE_POINT,100,100,RANDOM
truncation_10,0.5,0,454,45500,206.09679746627808,37718,37795.56,ONE_POINT,100,100,RANDOM
truncation_10,0.5,0,455,45600,206.54578280448914,37669,37750.06,ONE_POINT,100,100,RANDOM
truncation_10,0.5,0,456,45700,207.02020740509033,37621,37677.7,ONE_POINT,100,100,RANDOM
truncation_10,0.5,0,457,45800,207.4656376838684,37621,37637.39,ONE_POINT,100,100,RANDOM
truncation_10,0.5,0,458,45900,207.92553091049194,37596,37628.27,ONE_POINT,100,100,RANDOM
truncation_10,0.5,0,459,46000,208.35889434814453,37556,37612.25,ONE_POINT,100,100,RANDOM
truncation_10,0.5,0,460,46100,208.81121468544006,37555,37579.64,ONE_POINT,100,100,RANDOM
truncation_10,0.5,0,461,46200,209.26403617858887,37484,37540.24,ONE_POINT,100,100,RANDOM
truncation_10,0.5,0,462,46300,209.7050530910492,37484,37513.13,ONE_POINT,100,100,RANDOM
truncation_10,0.5,0,463,46400,210.16671657562256,37435,37479.33,ONE_POINT,100,100,RANDOM
truncation_10,0.5,0,464,46500,210.61501383781433,37401,37447.94,ONE_POINT,100,100,RANDOM
truncation_10,0.5,0,465,46600,211.07036972045898,37401,37413.64,ONE_POINT,100,100,RANDOM
truncation_10,0.5,0,466,46700,211.52347135543823,37378,37397.72,ONE_POINT,100,100,RANDOM
truncation_10,0.5,0,467,46800,211.99068403244019,37378,37380.62,ONE_POINT,100,100,RANDOM
truncation_10,0.5,0,468,46900,212.4471411705017,37328,37360.83,ONE_POINT,100,100,RANDOM
truncation_10,0.5,0,469,47000,212.89367055892944,37315,37327.63,ONE_POINT,100,100,RANDOM
truncation_10,0.5,0,470,47100,213.34182143211365,37303,37314.22,ONE_POINT,100,100,RANDOM
truncation_10,0.5,0,471,47200,213.78382515907288,37273,37304.49,ONE_POINT,100,100,RANDOM
truncation_10,0.5,0,472,47300,214.2260980606079,37245,37283.24,ONE_POINT,100,100,RANDOM
truncation_10,0.5,0,473,47400,214.67693519592285,37212,37249.9,ONE_POINT,100,100,RANDOM
truncation_10,0.5,0,474,47500,215.1556167602539,37184,37211.47,ONE_POINT,100,100,RANDOM
truncation_10,0.5,0,475,47600,215.6098735332489,37174,37191.38,ONE_POINT,100,100,RANDOM
truncation_10,0.5,0,476,47700,216.06330370903015,37148,37169.85,ONE_POINT,100,100,RANDOM
truncation_10,0.5,0,477,47800,216.52854681015015,37110,37144.25,ONE_POINT,100,100,RANDOM
truncation_10,0.5,0,478,47900,216.98440790176392,37090,37109.41,ONE_POINT,100,100,RANDOM
truncation_10,0.5,0,479,48000,217.42766857147217,37066,37092.83,ONE_POINT,100,100,RANDOM
truncation_10,0.5,0,480,48100,217.8839292526245,37027,37065.37,ONE_POINT,100,100,RANDOM
truncation_10,0.5,0,481,48200,218.35176014900208,37023,37029.78,ONE_POINT,100,100,RANDOM
truncation_10,0.5,0,482,48300,218.80388736724854,36994,37023.15,ONE_POINT,100,100,RANDOM
truncation_10,0.5,0,483,48400,219.2635989189148,36986,37000.62,ONE_POINT,100,100,RANDOM
truncation_10,0.5,0,484,48500,219.70748662948608,36949,36981.98,ONE_POINT,100,100,RANDOM
truncation_10,0.5,0,485,48600,220.1416254043579,36912,36950.01,ONE_POINT,100,100,RANDOM
truncation_10,0.5,0,486,48700,220.59945106506348,36879,36912.48,ONE_POINT,100,100,RANDOM
truncation_10,0.5,0,487,48800,221.06491351127625,36879,36900.37,ONE_POINT,100,100,RANDOM
truncation_10,0.5,0,488,48900,221.52237963676453,36661,36866.8,ONE_POINT,100,100,RANDOM
truncation_10,0.5,0,489,49000,221.98626041412354,36549,36721.91,ONE_POINT,100,100,RANDOM
truncation_10,0.5,0,490,49100,222.45617818832397,36527,36555.05,ONE_POINT,100,100,RANDOM
truncation_10,0.5,0,491,49200,222.89743399620056,36496,36533.57,ONE_POINT,100,100,RANDOM
truncation_10,0.5,0,492,49300,223.3715102672577,36473,36506.41,ONE_POINT,100,100,RANDOM
truncation_10,0.5,0,493,49400,223.8096821308136,36473,36483.06,ONE_POINT,100,100,RANDOM
truncation_10,0.5,0,494,49500,224.26222610473633,36457,36472.25,ONE_POINT,100,100,RANDOM
truncation_10,0.5,0,495,49600,224.7175509929657,36447,36464.56,ONE_POINT,100,100,RANDOM
truncation_10,0.5,0,496,49700,225.15897297859192,36406,36444.09,ONE_POINT,100,100,RANDOM
truncation_10,0.5,0,497,49800,225.61434769630432,36400,36419.9,ONE_POINT,100,100,RANDOM
truncation_10,0.5,0,498,49900,226.05935215950012,36363,36393.93,ONE_POINT,100,100,RANDOM
truncation_10,0.5,0,499,50000,226.5179524421692,36339,36361.02,ONE_POINT,100,100,RANDOM
truncation_10,0.5,0,500,50100,226.96867656707764,36316,36341.08,ONE_POINT,100,100,RANDOM
truncation_10,0.5,20,1,200,0.2874276638031006,136512,141159.86,ONE_POINT,100,100,RANDOM
truncation_10,0.5,20,2,300,0.7307493686676025,130014,134191.07,ONE_POINT,100,100,RANDOM
truncation_10,0.5,20,3,400,1.2187082767486572,123092,129294.85,ONE_POINT,100,100,RANDOM
truncation_10,0.5,20,4,500,1.6793479919433594,121217,123991.93,ONE_POINT,100,100,RANDOM
truncation_10,0.5,20,5,600,2.133155584335327,117908,120176.12,ONE_POINT,100,100,RANDOM
truncation_10,0.5,20,6,700,2.5839784145355225,114639,117354.08,ONE_POINT,100,100,RANDOM
truncation_10,0.5,20,7,800,3.0426037311553955,114497,115110.82,ONE_POINT,100,100,RANDOM
truncation_10,0.5,20,8,900,3.4936137199401855,113580,114255.17,ONE_POINT,100,100,RANDOM
truncation_10,0.5,20,9,1000,3.949228048324585,112324,113465.02,ONE_POINT,100,100,RANDOM
truncation_10,0.5,20,10,1100,4.4096598625183105,112181,112573.53,ONE_POINT,100,100,RANDOM
truncation_10,0.5,20,11,1200,4.851064205169678,108219,111211.87,ONE_POINT,100,100,RANDOM
truncation_10,0.5,20,12,1300,5.314067125320435,107044,108236.97,ONE_POINT,100,100,RANDOM
truncation_10,0.5,20,13,1400,5.759999752044678,105857,107045.32,ONE_POINT,100,100,RANDOM
truncation_10,0.5,20,14,1500,6.20899224281311,104901,105903.88,ONE_POINT,100,100,RANDOM
truncation_10,0.5,20,15,1600,6.669236898422241,103735,104829.73,ONE_POINT,100,100,RANDOM
truncation_10,0.5,20,16,1700,7.113698720932007,102462,103416.56,ONE_POINT,100,100,RANDOM
truncation_10,0.5,20,17,1800,7.57970404624939,101931,102354.32,ONE_POINT,100,100,RANDOM
truncation_10,0.5,20,18,1900,8.025436401367188,101461,101971.39,ONE_POINT,100,100,RANDOM
truncation_10,0.5,20,19,2000,8.491901159286499,100827,101378.79,ONE_POINT,100,100,RANDOM
truncation_10,0.5,20,20,2100,8.982978105545044,99650,100465.92,ONE_POINT,100,100,RANDOM
truncation_10,0.5,20,21,2200,9.437569618225098,98885,99553.16,ONE_POINT,100,100,RANDOM
truncation_10,0.5,20,22,2300,9.926623344421387,97928,98775.68,ONE_POINT,100,100,RANDOM
truncation_10,0.5,20,23,2400,10.392264366149902,97799,98019.75,ONE_POINT,100,100,RANDOM
truncation_10,0.5,20,24,2500,10.835154056549072,96661,97481.41,ONE_POINT,100,100,RANDOM
truncation_10,0.5,20,25,2600,11.283896207809448,95997,96616.03,ONE_POINT,100,100,RANDOM
truncation_10,0.5,20,26,2700,11.738727807998657,95838,96075.69,ONE_POINT,100,100,RANDOM
truncation_10,0.5,20,27,2800,12.19009256362915,95143,95422.82,ONE_POINT,100,100,RANDOM
truncation_10,0.5,20,28,2900,12.644562482833862,93829,94925.19,ONE_POINT,100,100,RANDOM
truncation_10,0.5,20,29,3000,13.092321395874023,93172,94004.85,ONE_POINT,100,100,RANDOM
truncation_10,0.5,20,30,3100,13.540741920471191,92781,93133.81,ONE_POINT,100,100,RANDOM
truncation_10,0.5,20,31,3200,13.997039556503296,91629,92639.08,ONE_POINT,100,100,RANDOM
truncation_10,0.5,20,32,3300,14.451712846755981,91399,91921.06,ONE_POINT,100,100,RANDOM
truncation_10,0.5,20,33,3400,14.901533365249634,91140,91459.32,ONE_POINT,100,100,RANDOM
truncation_10,0.5,20,34,3500,15.341588497161865,90488,91132.96,ONE_POINT,100,100,RANDOM
truncation_10,0.5,20,35,3600,15.810054063796997,90488,90803.93,ONE_POINT,100,100,RANDOM
truncation_10,0.5,20,36,3700,16.247892141342163,89884,90428.76,ONE_POINT,100,100,RANDOM
truncation_10,0.5,20,37,3800,16.701007843017578,89704,89999.68,ONE_POINT,100,100,RANDOM
truncation_10,0.5,20,38,3900,17.148314952850342,89456,89677.91,ONE_POINT,100,100,RANDOM
truncation_10,0.5,20,39,4000,17.638238191604614,89107,89349.09,ONE_POINT,100,100,RANDOM
truncation_10,0.5,20,40,4100,18.09665322303772,88867,89114.2,ONE_POINT,100,100,RANDOM
truncation_10,0.5,20,41,4200,18.542162895202637,88583,88867.65,ONE_POINT,100,100,RANDOM
truncation_10,0.5,20,42,4300,18.986478805541992,88478,88595.34,ONE_POINT,100,100,RANDOM
truncation_10,0.5,20,43,4400,19.437055110931396,88016,88420.36,ONE_POINT,100,100,RANDOM
truncation_10,0.5,20,44,4500,19.91196584701538,87590,87978.59,ONE_POINT,100,100,RANDOM
truncation_10,0.5,20,45,4600,20.36296248435974,87038,87535.95,ONE_POINT,100,100,RANDOM
truncation_10,0.5,20,46,4700,20.813510179519653,87038,87148.22,ONE_POINT,100,100,RANDOM
truncation_10,0.5,20,47,4800,21.27188777923584,86518,86909.09,ONE_POINT,100,100,RANDOM
truncation_10,0.5,20,48,4900,21.722127437591553,86126,86487.99,ONE_POINT,100,100,RANDOM
truncation_10,0.5,20,49,5000,22.200055360794067,85906,86160.06,ONE_POINT,100,100,RANDOM
truncation_10,0.5,20,50,5100,22.64621663093567,85076,85674.4,ONE_POINT,100,100,RANDOM
truncation_10,0.5,20,51,5200,23.108612060546875,83781,85049.2,ONE_POINT,100,100,RANDOM
truncation_10,0.5,20,52,5300,23.56445026397705,83781,84368.49,ONE_POINT,100,100,RANDOM
truncation_10,0.5,20,53,5400,24.009463787078857,83638,83763.94,ONE_POINT,100,100,RANDOM
truncation_10,0.5,20,54,5500,24.476863145828247,83373,83592.21,ONE_POINT,100,100,RANDOM
truncation_10,0.5,20,55,5600,24.92771863937378,83215,83359.38,ONE_POINT,100,100,RANDOM
truncation_10,0.5,20,56,5700,25.381901741027832,82566,83124.43,ONE_POINT,100,100,RANDOM
truncation_10,0.5,20,57,5800,25.821266889572144,82566,82690.0,ONE_POINT,100,100,RANDOM
truncation_10,0.5,20,58,5900,26.278222799301147,82183,82385.06,ONE_POINT,100,100,RANDOM
truncation_10,0.5,20,59,6000,26.728267669677734,82052,82143.7,ONE_POINT,100,100,RANDOM
truncation_10,0.5,20,60,6100,27.17499542236328,81843,81962.32,ONE_POINT,100,100,RANDOM
truncation_10,0.5,20,61,6200,27.626084566116333,81419,81731.73,ONE_POINT,100,100,RANDOM
truncation_10,0.5,20,62,6300,28.080101490020752,81224,81411.24,ONE_POINT,100,100,RANDOM
truncation_10,0.5,20,63,6400,28.534077882766724,80789,81169.67,ONE_POINT,100,100,RANDOM
truncation_10,0.5,20,64,6500,29.000181198120117,80511,80871.93,ONE_POINT,100,100,RANDOM
truncation_10,0.5,20,65,6600,29.447237491607666,80254,80450.74,ONE_POINT,100,100,RANDOM
truncation_10,0.5,20,66,6700,29.888874530792236,79875,80191.34,ONE_POINT,100,100,RANDOM
truncation_10,0.5,20,67,6800,30.35654306411743,79530,79859.29,ONE_POINT,100,100,RANDOM
truncation_10,0.5,20,68,6900,30.811553716659546,79132,79491.92,ONE_POINT,100,100,RANDOM
truncation_10,0.5,20,69,7000,31.26034712791443,78814,79093.92,ONE_POINT,100,100,RANDOM
truncation_10,0.5,20,70,7100,31.70154619216919,78517,78806.93,ONE_POINT,100,100,RANDOM
truncation_10,0.5,20,71,7200,32.14081072807312,78183,78541.14,ONE_POINT,100,100,RANDOM
truncation_10,0.5,20,72,7300,32.59678626060486,77646,78196.79,ONE_POINT,100,100,RANDOM
truncation_10,0.5,20,73,7400,33.05308747291565,77646,77826.08,ONE_POINT,100,100,RANDOM
truncation_10,0.5,20,74,7500,33.495991706848145,77434,77588.61,ONE_POINT,100,100,RANDOM
truncation_10,0.5,20,75,7600,33.930137157440186,77123,77395.95,ONE_POINT,100,100,RANDOM
truncation_10,0.5,20,76,7700,34.39009976387024,76677,77032.64,ONE_POINT,100,100,RANDOM
truncation_10,0.5,20,77,7800,34.844215869903564,76615,76715.99,ONE_POINT,100,100,RANDOM
truncation_10,0.5,20,78,7900,35.29543614387512,76280,76506.88,ONE_POINT,100,100,RANDOM
truncation_10,0.5,20,79,8000,35.73705458641052,75928,76212.46,ONE_POINT,100,100,RANDOM
truncation_10,0.5,20,80,8100,36.17814755439758,75219,75872.28,ONE_POINT,100,100,RANDOM
truncation_10,0.5,20,81,8200,36.631901264190674,75152,75486.07,ONE_POINT,100,100,RANDOM
truncation_10,0.5,20,82,8300,37.072589635849,74454,75039.23,ONE_POINT,100,100,RANDOM
truncation_10,0.5,20,83,8400,37.53736138343811,74240,74443.14,ONE_POINT,100,100,RANDOM
truncation_10,0.5,20,84,8500,37.98260521888733,73841,74239.02,ONE_POINT,100,100,RANDOM
truncation_10,0.5,20,85,8600,38.425658226013184,73732,73970.86,ONE_POINT,100,100,RANDOM
truncation_10,0.5,20,86,8700,38.93476057052612,73301,73724.3,ONE_POINT,100,100,RANDOM
truncation_10,0.5,20,87,8800,39.389291763305664,72867,73368.04,ONE_POINT,100,100,RANDOM
truncation_10,0.5,20,88,8900,39.855547189712524,72567,72903.01,ONE_POINT,100,100,RANDOM
truncation_10,0.5,20,89,9000,40.30865836143494,71714,72345.64,ONE_POINT,100,100,RANDOM
truncation_10,0.5,20,90,9100,40.747222661972046,71646,71849.51,ONE_POINT,100,100,RANDOM
truncation_10,0.5,20,91,9200,41.21091842651367,70999,71585.85,ONE_POINT,100,100,RANDOM
truncation_10,0.5,20,92,9300,41.68503928184509,70965,71290.8,ONE_POINT,100,100,RANDOM
truncation_10,0.5,20,93,9400,42.13793992996216,70483,70936.93,ONE_POINT,100,100,RANDOM
truncation_10,0.5,20,94,9500,42.587157249450684,70483,70639.38,ONE_POINT,100,100,RANDOM
truncation_10,0.5,20,95,9600,43.04641270637512,70128,70425.95,ONE_POINT,100,100,RANDOM
truncation_10,0.5,20,96,9700,43.49709439277649,70128,70234.23,ONE_POINT,100,100,RANDOM
truncation_10,0.5,20,97,9800,43.951404094696045,70054,70114.72,ONE_POINT,100,100,RANDOM
truncation_10,0.5,20,98,9900,44.41156220436096,69901,70032.72,ONE_POINT,100,100,RANDOM
truncation_10,0.5,20,99,10000,44.8566358089447,69739,69865.78,ONE_POINT,100,100,RANDOM
truncation_10,0.5,20,100,10100,45.32254409790039,69285,69604.12,ONE_POINT,100,100,RANDOM
truncation_10,0.5,20,101,10200,45.77993178367615,69124,69276.72,ONE_POINT,100,100,RANDOM
truncation_10,0.5,20,102,10300,46.2198383808136,69005,69094.9,ONE_POINT,100,100,RANDOM
truncation_10,0.5,20,103,10400,46.67451477050781,68742,68926.03,ONE_POINT,100,100,RANDOM
truncation_10,0.5,20,104,10500,47.10873293876648,68513,68714.71,ONE_POINT,100,100,RANDOM
truncation_10,0.5,20,105,10600,47.5677011013031,68404,68536.82,ONE_POINT,100,100,RANDOM
truncation_10,0.5,20,106,10700,48.04179239273071,68070,68361.55,ONE_POINT,100,100,RANDOM
truncation_10,0.5,20,107,10800,48.499860763549805,67868,68072.17,ONE_POINT,100,100,RANDOM
truncation_10,0.5,20,108,10900,48.94005227088928,67856,67890.51,ONE_POINT,100,100,RANDOM
truncation_10,0.5,20,109,11000,49.412559032440186,67762,67846.67,ONE_POINT,100,100,RANDOM
truncation_10,0.5,20,110,11100,49.86367058753967,67610,67750.81,ONE_POINT,100,100,RANDOM
truncation_10,0.5,20,111,11200,50.318978786468506,67473,67577.19,ONE_POINT,100,100,RANDOM
truncation_10,0.5,20,112,11300,50.76893877983093,67234,67421.18,ONE_POINT,100,100,RANDOM
truncation_10,0.5,20,113,11400,51.21942734718323,67035,67251.25,ONE_POINT,100,100,RANDOM
truncation_10,0.5,20,114,11500,51.695631980895996,66860,67081.32,ONE_POINT,100,100,RANDOM
truncation_10,0.5,20,115,11600,52.13521456718445,66322,66815.33,ONE_POINT,100,100,RANDOM
truncation_10,0.5,20,116,11700,52.57217979431152,66305,66562.16,ONE_POINT,100,100,RANDOM
truncation_10,0.5,20,117,11800,53.04612994194031,65989,66262.41,ONE_POINT,100,100,RANDOM
truncation_10,0.5,20,118,11900,53.52974271774292,65696,65948.7,ONE_POINT,100,100,RANDOM
truncation_10,0.5,20,119,12000,53.97176504135132,65169,65652.43,ONE_POINT,100,100,RANDOM
truncation_10,0.5,20,120,12100,54.43004775047302,65162,65249.01,ONE_POINT,100,100,RANDOM
truncation_10,0.5,20,121,12200,54.878583669662476,64902,65076.23,ONE_POINT,100,100,RANDOM
truncation_10,0.5,20,122,12300,55.32846188545227,64774,64890.01,ONE_POINT,100,100,RANDOM
truncation_10,0.5,20,123,12400,55.78817653656006,64237,64728.1,ONE_POINT,100,100,RANDOM
truncation_10,0.5,20,124,12500,56.23732352256775,64038,64317.26,ONE_POINT,100,100,RANDOM
truncation_10,0.5,20,125,12600,56.68074059486389,63945,64069.5,ONE_POINT,100,100,RANDOM
truncation_10,0.5,20,126,12700,57.133015871047974,63848,63950.13,ONE_POINT,100,100,RANDOM
truncation_10,0.5,20,127,12800,57.59990477561951,63768,63851.5,ONE_POINT,100,100,RANDOM
truncation_10,0.5,20,128,12900,58.04635667800903,63638,63743.1,ONE_POINT,100,100,RANDOM
truncation_10,0.5,20,129,13000,58.49203705787659,63427,63615.04,ONE_POINT,100,100,RANDOM
truncation_10,0.5,20,130,13100,58.948281049728394,63249,63430.29,ONE_POINT,100,100,RANDOM
truncation_10,0.5,20,131,13200,59.388025760650635,63175,63255.94,ONE_POINT,100,100,RANDOM
truncation_10,0.5,20,132,13300,59.868759870529175,63078,63159.66,ONE_POINT,100,100,RANDOM
truncation_10,0.5,20,133,13400,60.3228645324707,62860,63028.18,ONE_POINT,100,100,RANDOM
truncation_10,0.5,20,134,13500,60.7714958190918,62762,62861.54,ONE_POINT,100,100,RANDOM
truncation_10,0.5,20,135,13600,61.25607442855835,62501,62706.87,ONE_POINT,100,100,RANDOM
truncation_10,0.5,20,136,13700,61.727782011032104,62317,62531.65,ONE_POINT,100,100,RANDOM
truncation_10,0.5,20,137,13800,62.173272371292114,62016,62286.76,ONE_POINT,100,100,RANDOM
truncation_10,0.5,20,138,13900,62.619306802749634,61758,62079.42,ONE_POINT,100,100,RANDOM
truncation_10,0.5,20,139,14000,63.064786195755005,61758,61872.73,ONE_POINT,100,100,RANDOM
truncation_10,0.5,20,140,14100,63.51803636550903,61649,61734.12,ONE_POINT,100,100,RANDOM
truncation_10,0.5,20,141,14200,64.01969456672668,61380,61597.68,ONE_POINT,100,100,RANDOM
truncation_10,0.5,20,142,14300,64.4772117137909,61303,61388.7,ONE_POINT,100,100,RANDOM
truncation_10,0.5,20,143,14400,64.9262318611145,61148,61272.81,ONE_POINT,100,100,RANDOM
truncation_10,0.5,20,144,14500,65.37806844711304,61036,61146.44,ONE_POINT,100,100,RANDOM
truncation_10,0.5,20,145,14600,65.84010648727417,60910,61007.6,ONE_POINT,100,100,RANDOM
truncation_10,0.5,20,146,14700,66.30533504486084,60416,60857.86,ONE_POINT,100,100,RANDOM
truncation_10,0.5,20,147,14800,66.73849630355835,60321,60539.52,ONE_POINT,100,100,RANDOM
truncation_10,0.5,20,148,14900,67.17430901527405,60041,60297.42,ONE_POINT,100,100,RANDOM
truncation_10,0.5,20,149,15000,67.60985398292542,60041,60183.43,ONE_POINT,100,100,RANDOM
truncation_10,0.5,20,150,15100,68.06121850013733,59880,60008.49,ONE_POINT,100,100,RANDOM
truncation_10,0.5,20,151,15200,68.54298543930054,59744,59851.07,ONE_POINT,100,100,RANDOM
truncation_10,0.5,20,152,15300,68.99571084976196,59587,59711.3,ONE_POINT,100,100,RANDOM
truncation_10,0.5,20,153,15400,69.44423341751099,59451,59555.78,ONE_POINT,100,100,RANDOM
truncation_10,0.5,20,154,15500,69.8856406211853,59081,59371.66,ONE_POINT,100,100,RANDOM
truncation_10,0.5,20,155,15600,70.3558464050293,58870,59086.09,ONE_POINT,100,100,RANDOM
truncation_10,0.5,20,156,15700,70.82339930534363,58750,58870.41,ONE_POINT,100,100,RANDOM
truncation_10,0.5,20,157,15800,71.27788043022156,58361,58679.11,ONE_POINT,100,100,RANDOM
truncation_10,0.5,20,158,15900,71.73450636863708,58327,58474.17,ONE_POINT,100,100,RANDOM
truncation_10,0.5,20,159,16000,72.17589926719666,58180,58288.67,ONE_POINT,100,100,RANDOM
truncation_10,0.5,20,160,16100,72.63950085639954,57892,58109.09,ONE_POINT,100,100,RANDOM
truncation_10,0.5,20,161,16200,73.09139633178711,57710,57910.97,ONE_POINT,100,100,RANDOM
truncation_10,0.5,20,162,16300,73.53282880783081,57578,57727.03,ONE_POINT,100,100,RANDOM
truncation_10,0.5,20,163,16400,73.9751148223877,57340,57582.65,ONE_POINT,100,100,RANDOM
truncation_10,0.5,20,164,16500,74.42778873443604,57340,57377.66,ONE_POINT,100,100,RANDOM
truncation_10,0.5,20,165,16600,74.86687874794006,57157,57298.57,ONE_POINT,100,100,RANDOM
truncation_10,0.5,20,166,16700,75.33095192909241,56992,57163.36,ONE_POINT,100,100,RANDOM
truncation_10,0.5,20,167,16800,75.76706767082214,56886,57023.21,ONE_POINT,100,100,RANDOM
truncation_10,0.5,20,168,16900,76.2151608467102,56752,56873.15,ONE_POINT,100,100,RANDOM
truncation_10,0.5,20,169,17000,76.67234516143799,56541,56721.83,ONE_POINT,100,100,RANDOM
truncation_10,0.5,20,170,17100,77.13177347183228,56507,56597.52,ONE_POINT,100,100,RANDOM
truncation_10,0.5,20,171,17200,77.58488130569458,56356,56486.11,ONE_POINT,100,100,RANDOM
truncation_10,0.5,20,172,17300,78.07604384422302,56222,56327.86,ONE_POINT,100,100,RANDOM
truncation_10,0.5,20,173,17400,78.52402806282043,55914,56191.98,ONE_POINT,100,100,RANDOM
truncation_10,0.5,20,174,17500,78.98539280891418,55679,55893.81,ONE_POINT,100,100,RANDOM
truncation_10,0.5,20,175,17600,79.44498133659363,55511,55677.93,ONE_POINT,100,100,RANDOM
truncation_10,0.5,20,176,17700,79.89055824279785,55379,55496.45,ONE_POINT,100,100,RANDOM
truncation_10,0.5,20,177,17800,80.33117341995239,55262,55393.31,ONE_POINT,100,100,RANDOM
truncation_10,0.5,20,178,17900,80.78925895690918,55098,55303.89,ONE_POINT,100,100,RANDOM
truncation_10,0.5,20,179,18000,81.22219181060791,55059,55162.87,ONE_POINT,100,100,RANDOM
truncation_10,0.5,20,180,18100,81.69385766983032,55003,55055.15,ONE_POINT,100,100,RANDOM
truncation_10,0.5,20,181,18200,82.15985250473022,54809,54937.59,ONE_POINT,100,100,RANDOM
truncation_10,0.5,20,182,18300,82.59948086738586,54513,54755.13,ONE_POINT,100,100,RANDOM
truncation_10,0.5,20,183,18400,83.05572319030762,54284,54501.21,ONE_POINT,100,100,RANDOM
truncation_10,0.5,20,184,18500,83.50291657447815,54147,54299.91,ONE_POINT,100,100,RANDOM
truncation_10,0.5,20,185,18600,83.95652270317078,53680,54091.69,ONE_POINT,100,100,RANDOM
truncation_10,0.5,20,186,18700,84.40211296081543,53675,53723.47,ONE_POINT,100,100,RANDOM
truncation_10,0.5,20,187,18800,84.85569667816162,53424,53629.65,ONE_POINT,100,100,RANDOM
truncation_10,0.5,20,188,18900,85.30137634277344,53419,53462.2,ONE_POINT,100,100,RANDOM
truncation_10,0.5,20,189,19000,85.750328540802,53114,53353.82,ONE_POINT,100,100,RANDOM
truncation_10,0.5,20,190,19100,86.20842504501343,53013,53183.56,ONE_POINT,100,100,RANDOM
truncation_10,0.5,20,191,19200,86.64408373832703,52808,53087.49,ONE_POINT,100,100,RANDOM
truncation_10,0.5,20,192,19300,87.09593749046326,52701,52925.2,ONE_POINT,100,100,RANDOM
truncation_10,0.5,20,193,19400,87.54384899139404,52390,52700.25,ONE_POINT,100,100,RANDOM
truncation_10,0.5,20,194,19500,87.98718452453613,52390,52439.38,ONE_POINT,100,100,RANDOM
truncation_10,0.5,20,195,19600,88.43271660804749,51968,52327.26,ONE_POINT,100,100,RANDOM
truncation_10,0.5,20,196,19700,88.86932897567749,51948,52086.48,ONE_POINT,100,100,RANDOM
truncation_10,0.5,20,197,19800,89.31940722465515,51617,51852.4,ONE_POINT,100,100,RANDOM
truncation_10,0.5,20,198,19900,89.76433849334717,51501,51613.86,ONE_POINT,100,100,RANDOM
truncation_10,0.5,20,199,20000,90.21117877960205,51285,51509.5,ONE_POINT,100,100,RANDOM
truncation_10,0.5,20,200,20100,90.6670892238617,51258,51330.34,ONE_POINT,100,100,RANDOM
truncation_10,0.5,20,201,20200,91.12395238876343,51103,51253.41,ONE_POINT,100,100,RANDOM
truncation_10,0.5,20,202,20300,91.57819390296936,51103,51176.23,ONE_POINT,100,100,RANDOM
truncation_10,0.5,20,203,20400,92.0279769897461,50978,51083.23,ONE_POINT,100,100,RANDOM
truncation_10,0.5,20,204,20500,92.47529625892639,50862,50978.88,ONE_POINT,100,100,RANDOM
truncation_10,0.5,20,205,20600,92.92990183830261,50796,50900.17,ONE_POINT,100,100,RANDOM
truncation_10,0.5,20,206,20700,93.40086388587952,50582,50775.09,ONE_POINT,100,100,RANDOM
truncation_10,0.5,20,207,20800,93.83821320533752,50420,50582.52,ONE_POINT,100,100,RANDOM
truncation_10,0.5,20,208,20900,94.30006694793701,50268,50437.17,ONE_POINT,100,100,RANDOM
truncation_10,0.5,20,209,21000,94.76954317092896,50091,50279.89,ONE_POINT,100,100,RANDOM
truncation_10,0.5,20,210,21100,95.22653460502625,50077,50157.86,ONE_POINT,100,100,RANDOM
truncation_10,0.5,20,211,21200,95.68889093399048,49912,50044.58,ONE_POINT,100,100,RANDOM
truncation_10,0.5,20,212,21300,96.13431072235107,49912,49961.68,ONE_POINT,100,100,RANDOM
truncation_10,0.5,20,213,21400,96.59277868270874,49797,49883.89,ONE_POINT,100,100,RANDOM
truncation_10,0.5,20,214,21500,97.05142140388489,49686,49803.05,ONE_POINT,100,100,RANDOM
truncation_10,0.5,20,215,21600,97.51193618774414,49561,49698.24,ONE_POINT,100,100,RANDOM
truncation_10,0.5,20,216,21700,97.95244240760803,49397,49571.74,ONE_POINT,100,100,RANDOM
truncation_10,0.5,20,217,21800,98.39577722549438,49397,49462.13,ONE_POINT,100,100,RANDOM
truncation_10,0.5,20,218,21900,98.85348963737488,49181,49350.66,ONE_POINT,100,100,RANDOM
truncation_10,0.5,20,219,22000,99.3224983215332,48821,49144.63,ONE_POINT,100,100,RANDOM
truncation_10,0.5,20,220,22100,99.78062605857849,48748,48887.49,ONE_POINT,100,100,RANDOM
truncation_10,0.5,20,221,22200,100.2300488948822,48466,48650.93,ONE_POINT,100,100,RANDOM
truncation_10,0.5,20,222,22300,100.67590427398682,48444,48492.3,ONE_POINT,100,100,RANDOM
truncation_10,0.5,20,223,22400,101.1198513507843,48283,48439.5,ONE_POINT,100,100,RANDOM
truncation_10,0.5,20,224,22500,101.60033845901489,48282,48356.52,ONE_POINT,100,100,RANDOM
truncation_10,0.5,20,225,22600,102.03544282913208,48141,48243.85,ONE_POINT,100,100,RANDOM
truncation_10,0.5,20,226,22700,102.47725653648376,48088,48145.54,ONE_POINT,100,100,RANDOM
truncation_10,0.5,20,227,22800,102.93953466415405,47861,48021.78,ONE_POINT,100,100,RANDOM
truncation_10,0.5,20,228,22900,103.39501166343689,47838,47881.75,ONE_POINT,100,100,RANDOM
truncation_10,0.5,20,229,23000,103.8649833202362,47692,47809.01,ONE_POINT,100,100,RANDOM
truncation_10,0.5,20,230,23100,104.30065631866455,47560,47678.89,ONE_POINT,100,100,RANDOM
truncation_10,0.5,20,231,23200,104.74076056480408,47448,47549.61,ONE_POINT,100,100,RANDOM
truncation_10,0.5,20,232,23300,105.19562244415283,47258,47481.98,ONE_POINT,100,100,RANDOM
truncation_10,0.5,20,233,23400,105.64072370529175,47136,47280.97,ONE_POINT,100,100,RANDOM
truncation_10,0.5,20,234,23500,106.10458636283875,47077,47139.68,ONE_POINT,100,100,RANDOM
truncation_10,0.5,20,235,23600,106.54407334327698,47003,47083.83,ONE_POINT,100,100,RANDOM
truncation_10,0.5,20,236,23700,106.98555827140808,46920,47004.16,ONE_POINT,100,100,RANDOM
truncation_10,0.5,20,237,23800,107.43293046951294,46870,46917.24,ONE_POINT,100,100,RANDOM
truncation_10,0.5,20,238,23900,107.88702034950256,46706,46860.08,ONE_POINT,100,100,RANDOM
truncation_10,0.5,20,239,24000,108.33529162406921,46595,46759.89,ONE_POINT,100,100,RANDOM
truncation_10,0.5,20,240,24100,108.7800965309143,46526,46629.06,ONE_POINT,100,100,RANDOM
truncation_10,0.5,20,241,24200,109.23264026641846,46440,46524.15,ONE_POINT,100,100,RANDOM
truncation_10,0.5,20,242,24300,109.67111277580261,46416,46451.46,ONE_POINT,100,100,RANDOM
truncation_10,0.5,20,243,24400,110.14190101623535,46378,46424.42,ONE_POINT,100,100,RANDOM
truncation_10,0.5,20,244,24500,110.58546662330627,46317,46387.64,ONE_POINT,100,100,RANDOM
truncation_10,0.5,20,245,24600,111.02908253669739,46294,46314.85,ONE_POINT,100,100,RANDOM
truncation_10,0.5,20,246,24700,111.47617101669312,46174,46269.08,ONE_POINT,100,100,RANDOM
truncation_10,0.5,20,247,24800,111.94431948661804,46082,46167.28,ONE_POINT,100,100,RANDOM
truncation_10,0.5,20,248,24900,112.40202617645264,45939,46090.59,ONE_POINT,100,100,RANDOM
truncation_10,0.5,20,249,25000,112.83928442001343,45849,45965.59,ONE_POINT,100,100,RANDOM
truncation_10,0.5,20,250,25100,113.30541682243347,45784,45872.73,ONE_POINT,100,100,RANDOM
truncation_10,0.5,20,251,25200,113.7648572921753,45710,45813.91,ONE_POINT,100,100,RANDOM
truncation_10,0.5,20,252,25300,114.21583437919617,45583,45729.09,ONE_POINT,100,100,RANDOM
truncation_10,0.5,20,253,25400,114.68255233764648,45559,45642.76,ONE_POINT,100,100,RANDOM
truncation_10,0.5,20,254,25500,115.11807560920715,45279,45533.06,ONE_POINT,100,100,RANDOM
truncation_10,0.5,20,255,25600,115.55703473091125,45247,45359.13,ONE_POINT,100,100,RANDOM
truncation_10,0.5,20,256,25700,116.00164294242859,45193,45263.22,ONE_POINT,100,100,RANDOM
truncation_10,0.5,20,257,25800,116.46222853660583,45082,45212.43,ONE_POINT,100,100,RANDOM
truncation_10,0.5,20,258,25900,116.91143226623535,45082,45106.54,ONE_POINT,100,100,RANDOM
truncation_10,0.5,20,259,26000,117.34994554519653,45036,45080.82,ONE_POINT,100,100,RANDOM
truncation_10,0.5,20,260,26100,117.78741908073425,44955,45061.26,ONE_POINT,100,100,RANDOM
truncation_10,0.5,20,261,26200,118.23241925239563,44951,44985.57,ONE_POINT,100,100,RANDOM
truncation_10,0.5,20,262,26300,118.6780333518982,44791,44928.46,ONE_POINT,100,100,RANDOM
truncation_10,0.5,20,263,26400,119.14160895347595,44711,44844.18,ONE_POINT,100,100,RANDOM
truncation_10,0.5,20,264,26500,119.58649230003357,44693,44759.31,ONE_POINT,100,100,RANDOM
truncation_10,0.5,20,265,26600,120.02817487716675,44593,44678.98,ONE_POINT,100,100,RANDOM
truncation_10,0.5,20,266,26700,120.5023021697998,44488,44577.18,ONE_POINT,100,100,RANDOM
truncation_10,0.5,20,267,26800,120.95028734207153,44481,44509.3,ONE_POINT,100,100,RANDOM
truncation_10,0.5,20,268,26900,121.42681002616882,44397,44475.28,ONE_POINT,100,100,RANDOM
truncation_10,0.5,20,269,27000,121.88017058372498,44335,44418.21,ONE_POINT,100,100,RANDOM
truncation_10,0.5,20,270,27100,122.33023023605347,44217,44362.9,ONE_POINT,100,100,RANDOM
truncation_10,0.5,20,271,27200,122.7793402671814,44157,44263.15,ONE_POINT,100,100,RANDOM
truncation_10,0.5,20,272,27300,123.23926043510437,44137,44194.04,ONE_POINT,100,100,RANDOM
truncation_10,0.5,20,273,27400,123.69419884681702,44012,44131.54,ONE_POINT,100,100,RANDOM
truncation_10,0.5,20,274,27500,124.14203524589539,43949,44016.18,ONE_POINT,100,100,RANDOM
truncation_10,0.5,20,275,27600,124.59466028213501,43882,43951.19,ONE_POINT,100,100,RANDOM
truncation_10,0.5,20,276,27700,125.05357480049133,43877,43894.69,ONE_POINT,100,100,RANDOM
truncation_10,0.5,20,277,27800,125.51992774009705,43834,43869.68,ONE_POINT,100,100,RANDOM
truncation_10,0.5,20,278,27900,125.96859049797058,43801,43839.88,ONE_POINT,100,100,RANDOM
truncation_10,0.5,20,279,28000,126.40787100791931,43741,43789.78,ONE_POINT,100,100,RANDOM
truncation_10,0.5,20,280,28100,126.8627507686615,43664,43738.34,ONE_POINT,100,100,RANDOM
truncation_10,0.5,20,281,28200,127.30988955497742,43600,43675.88,ONE_POINT,100,100,RANDOM
truncation_10,0.5,20,282,28300,127.78146457672119,43550,43598.72,ONE_POINT,100,100,RANDOM
truncation_10,0.5,20,283,28400,128.2390558719635,43483,43540.79,ONE_POINT,100,100,RANDOM
truncation_10,0.5,20,284,28500,128.67878317832947,43232,43461.64,ONE_POINT,100,100,RANDOM
truncation_10,0.5,20,285,28600,129.13654232025146,43153,43300.41,ONE_POINT,100,100,RANDOM
truncation_10,0.5,20,286,28700,129.57151770591736,43029,43143.12,ONE_POINT,100,100,RANDOM
truncation_10,0.5,20,287,28800,130.03670644760132,42887,43025.43,ONE_POINT,100,100,RANDOM
truncation_10,0.5,20,288,28900,130.49678993225098,42802,42895.96,ONE_POINT,100,100,RANDOM
truncation_10,0.5,20,289,29000,130.95922422409058,42732,42797.48,ONE_POINT,100,100,RANDOM
truncation_10,0.5,20,290,29100,131.4062511920929,42732,42761.14,ONE_POINT,100,100,RANDOM
truncation_10,0.5,20,291,29200,131.86211776733398,42690,42726.07,ONE_POINT,100,100,RANDOM
truncation_10,0.5,20,292,29300,132.32148551940918,42643,42692.16,ONE_POINT,100,100,RANDOM
truncation_10,0.5,20,293,29400,132.77145504951477,42625,42650.75,ONE_POINT,100,100,RANDOM
truncation_10,0.5,20,294,29500,133.24131059646606,42507,42610.13,ONE_POINT,100,100,RANDOM
truncation_10,0.5,20,295,29600,133.68975377082825,42507,42553.25,ONE_POINT,100,100,RANDOM
truncation_10,0.5,20,296,29700,134.128271818161,42400,42487.19,ONE_POINT,100,100,RANDOM
truncation_10,0.5,20,297,29800,134.5847532749176,42275,42388.02,ONE_POINT,100,100,RANDOM
truncation_10,0.5,20,298,29900,135.0219931602478,42216,42288.25,ONE_POINT,100,100,RANDOM
truncation_10,0.5,20,299,30000,135.49105548858643,42132,42215.4,ONE_POINT,100,100,RANDOM
truncation_10,0.5,20,300,30100,135.9273543357849,42118,42145.04,ONE_POINT,100,100,RANDOM
truncation_10,0.5,20,301,30200,136.38186502456665,42060,42098.73,ONE_POINT,100,100,RANDOM
truncation_10,0.5,20,302,30300,136.83279180526733,41970,42034.2,ONE_POINT,100,100,RANDOM
truncation_10,0.5,20,303,30400,137.28605318069458,41846,41950.66,ONE_POINT,100,100,RANDOM
truncation_10,0.5,20,304,30500,137.73975539207458,41839,41861.72,ONE_POINT,100,100,RANDOM
truncation_10,0.5,20,305,30600,138.1896049976349,41750,41815.1,ONE_POINT,100,100,RANDOM
truncation_10,0.5,20,306,30700,138.69550108909607,41630,41732.08,ONE_POINT,100,100,RANDOM
truncation_10,0.5,20,307,30800,139.1424012184143,41581,41654.14,ONE_POINT,100,100,RANDOM
truncation_10,0.5,20,308,30900,139.6602029800415,41532,41602.94,ONE_POINT,100,100,RANDOM
truncation_10,0.5,20,309,31000,140.1358404159546,41501,41550.91,ONE_POINT,100,100,RANDOM
truncation_10,0.5,20,310,31100,140.5793333053589,41437,41494.83,ONE_POINT,100,100,RANDOM
truncation_10,0.5,20,311,31200,141.0348973274231,41346,41441.68,ONE_POINT,100,100,RANDOM
truncation_10,0.5,20,312,31300,141.49895000457764,41304,41373.4,ONE_POINT,100,100,RANDOM
truncation_10,0.5,20,313,31400,141.94961404800415,41209,41287.99,ONE_POINT,100,100,RANDOM
truncation_10,0.5,20,314,31500,142.40076160430908,41209,41215.66,ONE_POINT,100,100,RANDOM
truncation_10,0.5,20,315,31600,142.84950041770935,41121,41196.89,ONE_POINT,100,100,RANDOM
truncation_10,0.5,20,316,31700,143.31713151931763,41121,41130.5,ONE_POINT,100,100,RANDOM
truncation_10,0.5,20,317,31800,143.75846481323242,41006,41101.9,ONE_POINT,100,100,RANDOM
truncation_10,0.5,20,318,31900,144.22133493423462,41006,41028.17,ONE_POINT,100,100,RANDOM
truncation_10,0.5,20,319,32000,144.67759919166565,40898,40965.68,ONE_POINT,100,100,RANDOM
truncation_10,0.5,20,320,32100,145.12246465682983,40810,40892.61,ONE_POINT,100,100,RANDOM
truncation_10,0.5,20,321,32200,145.59097480773926,40775,40829.65,ONE_POINT,100,100,RANDOM
truncation_10,0.5,20,322,32300,146.05064463615417,40671,40770.85,ONE_POINT,100,100,RANDOM
truncation_10,0.5,20,323,32400,146.48973512649536,40659,40720.89,ONE_POINT,100,100,RANDOM
truncation_10,0.5,20,324,32500,146.93168473243713,40569,40664.49,ONE_POINT,100,100,RANDOM
truncation_10,0.5,20,325,32600,147.38287615776062,40562,40612.22,ONE_POINT,100,100,RANDOM
truncation_10,0.5,20,326,32700,147.84870505332947,40481,40549.43,ONE_POINT,100,100,RANDOM
truncation_10,0.5,20,327,32800,148.2978196144104,40362,40466.89,ONE_POINT,100,100,RANDOM
truncation_10,0.5,20,328,32900,148.7459592819214,40332,40384.45,ONE_POINT,100,100,RANDOM
truncation_10,0.5,20,329,33000,149.18592023849487,40249,40334.22,ONE_POINT,100,100,RANDOM
truncation_10,0.5,20,330,33100,149.63255405426025,40224,40255.88,ONE_POINT,100,100,RANDOM
truncation_10,0.5,20,331,33200,150.10086274147034,40140,40208.62,ONE_POINT,100,100,RANDOM
truncation_10,0.5,20,332,33300,150.55137968063354,40104,40146.27,ONE_POINT,100,100,RANDOM
truncation_10,0.5,20,333,33400,150.99964928627014,40079,40120.11,ONE_POINT,100,100,RANDOM
truncation_10,0.5,20,334,33500,151.4491674900055,40044,40090.72,ONE_POINT,100,100,RANDOM
truncation_10,0.5,20,335,33600,151.9255108833313,40031,40049.65,ONE_POINT,100,100,RANDOM
truncation_10,0.5,20,336,33700,152.37256145477295,39971,40016.33,ONE_POINT,100,100,RANDOM
truncation_10,0.5,20,337,33800,152.82209062576294,39928,39973.5,ONE_POINT,100,100,RANDOM
truncation_10,0.5,20,338,33900,153.27181482315063,39899,39929.85,ONE_POINT,100,100,RANDOM
truncation_10,0.5,20,339,34000,153.7165060043335,39899,39914.42,ONE_POINT,100,100,RANDOM
truncation_10,0.5,20,340,34100,154.18302011489868,39876,39895.64,ONE_POINT,100,100,RANDOM
truncation_10,0.5,20,341,34200,154.6284375190735,39867,39876.94,ONE_POINT,100,100,RANDOM
truncation_10,0.5,20,342,34300,155.08556962013245,39815,39854.4,ONE_POINT,100,100,RANDOM
truncation_10,0.5,20,343,34400,155.53727102279663,39815,39821.92,ONE_POINT,100,100,RANDOM
truncation_10,0.5,20,344,34500,155.98416757583618,39789,39805.93,ONE_POINT,100,100,RANDOM
truncation_10,0.5,20,345,34600,156.44826650619507,39730,39784.38,ONE_POINT,100,100,RANDOM
truncation_10,0.5,20,346,34700,156.89014744758606,39652,39751.45,ONE_POINT,100,100,RANDOM
truncation_10,0.5,20,347,34800,157.35100483894348,39627,39687.14,ONE_POINT,100,100,RANDOM
truncation_10,0.5,20,348,34900,157.79325914382935,39568,39635.18,ONE_POINT,100,100,RANDOM
truncation_10,0.5,20,349,35000,158.26056265830994,39568,39591.86,ONE_POINT,100,100,RANDOM
truncation_10,0.5,20,350,35100,158.7251741886139,39541,39566.69,ONE_POINT,100,100,RANDOM
truncation_10,0.5,20,351,35200,159.1797215938568,39474,39546.43,ONE_POINT,100,100,RANDOM
truncation_10,0.5,20,352,35300,159.6309096813202,39452,39493.38,ONE_POINT,100,100,RANDOM
truncation_10,0.5,20,353,35400,160.08833169937134,39364,39437.54,ONE_POINT,100,100,RANDOM
truncation_10,0.5,20,354,35500,160.55477285385132,39315,39372.09,ONE_POINT,100,100,RANDOM
truncation_10,0.5,20,355,35600,161.01299047470093,39221,39309.36,ONE_POINT,100,100,RANDOM
truncation_10,0.5,20,356,35700,161.4707579612732,39200,39250.94,ONE_POINT,100,100,RANDOM
truncation_10,0.5,20,357,35800,161.92027235031128,39073,39201.37,ONE_POINT,100,100,RANDOM
truncation_10,0.5,20,358,35900,162.39767003059387,39059,39109.66,ONE_POINT,100,100,RANDOM
truncation_10,0.5,20,359,36000,162.84338188171387,39020,39047.95,ONE_POINT,100,100,RANDOM
truncation_10,0.5,20,360,36100,163.30609798431396,38937,39010.82,ONE_POINT,100,100,RANDOM
truncation_10,0.5,20,361,36200,163.75744605064392,38937,38971.96,ONE_POINT,100,100,RANDOM
truncation_10,0.5,20,362,36300,164.2089159488678,38882,38917.33,ONE_POINT,100,100,RANDOM
truncation_10,0.5,20,363,36400,164.64972972869873,38823,38859.29,ONE_POINT,100,100,RANDOM
truncation_10,0.5,20,364,36500,165.09329414367676,38810,38825.26,ONE_POINT,100,100,RANDOM
truncation_10,0.5,20,365,36600,165.54757809638977,38772,38800.64,ONE_POINT,100,100,RANDOM
truncation_10,0.5,20,366,36700,165.99830031394958,38746,38775.47,ONE_POINT,100,100,RANDOM
truncation_10,0.5,20,367,36800,166.45255947113037,38708,38754.59,ONE_POINT,100,100,RANDOM
truncation_10,0.5,20,368,36900,166.90296721458435,38703,38715.06,ONE_POINT,100,100,RANDOM
truncation_10,0.5,20,369,37000,167.35919570922852,38638,38694.53,ONE_POINT,100,100,RANDOM
truncation_10,0.5,20,370,37100,167.81305837631226,38562,38635.81,ONE_POINT,100,100,RANDOM
truncation_10,0.5,20,371,37200,168.2727072238922,38468,38579.68,ONE_POINT,100,100,RANDOM
truncation_10,0.5,20,372,37300,168.7461040019989,38444,38475.3,ONE_POINT,100,100,RANDOM
truncation_10,0.5,20,373,37400,169.18608951568604,38444,38462.29,ONE_POINT,100,100,RANDOM
truncation_10,0.5,20,374,37500,169.64613509178162,38402,38443.54,ONE_POINT,100,100,RANDOM
truncation_10,0.5,20,375,37600,170.08606958389282,38375,38437.0,ONE_POINT,100,100,RANDOM
truncation_10,0.5,20,376,37700,170.53552174568176,38333,38383.5,ONE_POINT,100,100,RANDOM
truncation_10,0.5,20,377,37800,171.08255577087402,38284,38344.21,ONE_POINT,100,100,RANDOM
truncation_10,0.5,20,378,37900,171.56690740585327,38274,38306.69,ONE_POINT,100,100,RANDOM
truncation_10,0.5,20,379,38000,172.074645280838,38246,38275.95,ONE_POINT,100,100,RANDOM
truncation_10,0.5,20,380,38100,172.53323936462402,38242,38252.63,ONE_POINT,100,100,RANDOM
truncation_10,0.5,20,381,38200,173.0051076412201,38173,38232.22,ONE_POINT,100,100,RANDOM
truncation_10,0.5,20,382,38300,173.45880103111267,38173,38204.73,ONE_POINT,100,100,RANDOM
truncation_10,0.5,20,383,38400,173.90161180496216,38122,38166.43,ONE_POINT,100,100,RANDOM
truncation_10,0.5,20,384,38500,174.3591103553772,38122,38135.68,ONE_POINT,100,100,RANDOM
truncation_10,0.5,20,385,38600,174.81011366844177,38090,38115.97,ONE_POINT,100,100,RANDOM
truncation_10,0.5,20,386,38700,175.27426052093506,38038,38075.49,ONE_POINT,100,100,RANDOM
truncation_10,0.5,20,387,38800,175.72738885879517,37992,38033.3,ONE_POINT,100,100,RANDOM
truncation_10,0.5,20,388,38900,176.18139576911926,37921,37985.19,ONE_POINT,100,100,RANDOM
truncation_10,0.5,20,389,39000,176.63082075119019,37921,37927.7,ONE_POINT,100,100,RANDOM
truncation_10,0.5,20,390,39100,177.0827715396881,37830,37913.8,ONE_POINT,100,100,RANDOM
truncation_10,0.5,20,391,39200,177.5381932258606,37791,37854.33,ONE_POINT,100,100,RANDOM
truncation_10,0.5,20,392,39300,178.03500032424927,37778,37797.01,ONE_POINT,100,100,RANDOM
truncation_10,0.5,20,393,39400,178.52221536636353,37730,37775.38,ONE_POINT,100,100,RANDOM
truncation_10,0.5,20,394,39500,178.97458791732788,37718,37732.09,ONE_POINT,100,100,RANDOM
truncation_10,0.5,20,395,39600,179.43414402008057,37681,37716.96,ONE_POINT,100,100,RANDOM
truncation_10,0.5,20,396,39700,179.9285011291504,37629,37689.99,ONE_POINT,100,100,RANDOM
truncation_10,0.5,20,397,39800,180.39512515068054,37601,37644.58,ONE_POINT,100,100,RANDOM
truncation_10,0.5,20,398,39900,180.85394978523254,37582,37608.18,ONE_POINT,100,100,RANDOM
truncation_10,0.5,20,399,40000,181.3382384777069,37498,37582.65,ONE_POINT,100,100,RANDOM
truncation_10,0.5,20,400,40100,181.81000113487244,37455,37509.58,ONE_POINT,100,100,RANDOM
truncation_10,0.5,20,401,40200,182.25329160690308,37454,37459.5,ONE_POINT,100,100,RANDOM
truncation_10,0.5,20,402,40300,182.72228074073792,37373,37446.88,ONE_POINT,100,100,RANDOM
truncation_10,0.5,20,403,40400,183.1840033531189,37362,37397.59,ONE_POINT,100,100,RANDOM
truncation_10,0.5,20,404,40500,183.65066027641296,37302,37351.48,ONE_POINT,100,100,RANDOM
truncation_10,0.5,20,405,40600,184.09034371376038,37248,37296.06,ONE_POINT,100,100,RANDOM
truncation_10,0.5,20,406,40700,184.5459544658661,37218,37256.52,ONE_POINT,100,100,RANDOM
truncation_10,0.5,20,407,40800,185.00532293319702,37218,37220.72,ONE_POINT,100,100,RANDOM
truncation_10,0.5,20,408,40900,185.46517372131348,37138,37216.04,ONE_POINT,100,100,RANDOM
truncation_10,0.5,20,409,41000,185.89566779136658,37138,37199.91,ONE_POINT,100,100,RANDOM
truncation_10,0.5,20,410,41100,186.337890625,37138,37138.0,ONE_POINT,100,100,RANDOM
truncation_10,0.5,40,1,200,0.2994248867034912,136636,140338.94,ONE_POINT,100,100,RANDOM
truncation_10,0.5,40,2,300,0.7567274570465088,132901,135829.46,ONE_POINT,100,100,RANDOM
truncation_10,0.5,40,3,400,1.20204758644104,129001,132709.31,ONE_POINT,100,100,RANDOM
truncation_10,0.5,40,4,500,1.6502623558044434,128540,130296.94,ONE_POINT,100,100,RANDOM
truncation_10,0.5,40,5,600,2.0911567211151123,125197,127645.68,ONE_POINT,100,100,RANDOM
truncation_10,0.5,40,6,700,2.5568978786468506,123852,125053.1,ONE_POINT,100,100,RANDOM
truncation_10,0.5,40,7,800,3.014751434326172,122481,123915.27,ONE_POINT,100,100,RANDOM
truncation_10,0.5,40,8,900,3.469479560852051,120671,122556.44,ONE_POINT,100,100,RANDOM
truncation_10,0.5,40,9,1000,3.9172582626342773,119153,120299.54,ONE_POINT,100,100,RANDOM
truncation_10,0.5,40,10,1100,4.357132434844971,118231,119183.11,ONE_POINT,100,100,RANDOM
truncation_10,0.5,40,11,1200,4.840853691101074,116500,118121.25,ONE_POINT,100,100,RANDOM
truncation_10,0.5,40,12,1300,5.287992000579834,115478,116850.75,ONE_POINT,100,100,RANDOM
truncation_10,0.5,40,13,1400,5.737074613571167,115270,115813.61,ONE_POINT,100,100,RANDOM
truncation_10,0.5,40,14,1500,6.176394462585449,113549,114913.71,ONE_POINT,100,100,RANDOM
truncation_10,0.5,40,15,1600,6.63688588142395,112399,113430.56,ONE_POINT,100,100,RANDOM
truncation_10,0.5,40,16,1700,7.098072528839111,111450,112255.82,ONE_POINT,100,100,RANDOM
truncation_10,0.5,40,17,1800,7.547120809555054,111432,111634.44,ONE_POINT,100,100,RANDOM
truncation_10,0.5,40,18,1900,7.9910197257995605,110815,111267.67,ONE_POINT,100,100,RANDOM
truncation_10,0.5,40,19,2000,8.44398546218872,110401,110810.23,ONE_POINT,100,100,RANDOM
truncation_10,0.5,40,20,2100,8.910995483398438,109590,110382.36,ONE_POINT,100,100,RANDOM
truncation_10,0.5,40,21,2200,9.370614767074585,108661,109633.91,ONE_POINT,100,100,RANDOM
truncation_10,0.5,40,22,2300,9.823101282119751,107957,108439.09,ONE_POINT,100,100,RANDOM
truncation_10,0.5,40,23,2400,10.265628576278687,107545,107861.88,ONE_POINT,100,100,RANDOM
truncation_10,0.5,40,24,2500,10.706545114517212,106660,107339.04,ONE_POINT,100,100,RANDOM
truncation_10,0.5,40,25,2600,11.16811203956604,105406,106526.34,ONE_POINT,100,100,RANDOM
truncation_10,0.5,40,26,2700,11.630667209625244,105075,105498.24,ONE_POINT,100,100,RANDOM
truncation_10,0.5,40,27,2800,12.071884393692017,103264,104549.63,ONE_POINT,100,100,RANDOM
truncation_10,0.5,40,28,2900,12.519448041915894,103264,103736.27,ONE_POINT,100,100,RANDOM
truncation_10,0.5,40,29,3000,13.013975381851196,102482,103201.98,ONE_POINT,100,100,RANDOM
truncation_10,0.5,40,30,3100,13.48553204536438,102329,102813.23,ONE_POINT,100,100,RANDOM
truncation_10,0.5,40,31,3200,13.94176959991455,101649,102180.7,ONE_POINT,100,100,RANDOM
truncation_10,0.5,40,32,3300,14.382599592208862,100844,101596.44,ONE_POINT,100,100,RANDOM
truncation_10,0.5,40,33,3400,14.833375930786133,100023,100711.72,ONE_POINT,100,100,RANDOM
truncation_10,0.5,40,34,3500,15.30756402015686,99819,100113.34,ONE_POINT,100,100,RANDOM
truncation_10,0.5,40,35,3600,15.765796184539795,99395,99792.03,ONE_POINT,100,100,RANDOM
truncation_10,0.5,40,36,3700,16.22162103652954,98703,99271.95,ONE_POINT,100,100,RANDOM
truncation_10,0.5,40,37,3800,16.680620670318604,98342,98815.79,ONE_POINT,100,100,RANDOM
truncation_10,0.5,40,38,3900,17.124478101730347,97711,98224.3,ONE_POINT,100,100,RANDOM
truncation_10,0.5,40,39,4000,17.571681261062622,97116,97655.82,ONE_POINT,100,100,RANDOM
truncation_10,0.5,40,40,4100,18.02168345451355,96992,97207.6,ONE_POINT,100,100,RANDOM
truncation_10,0.5,40,41,4200,18.47160267829895,96515,96862.62,ONE_POINT,100,100,RANDOM
truncation_10,0.5,40,42,4300,18.92737078666687,95998,96485.32,ONE_POINT,100,100,RANDOM
truncation_10,0.5,40,43,4400,19.385881662368774,95782,95971.05,ONE_POINT,100,100,RANDOM
truncation_10,0.5,40,44,4500,19.844908714294434,95558,95728.22,ONE_POINT,100,100,RANDOM
truncation_10,0.5,40,45,4600,20.297704696655273,94811,95270.6,ONE_POINT,100,100,RANDOM
truncation_10,0.5,40,46,4700,20.740905046463013,94228,94762.41,ONE_POINT,100,100,RANDOM
truncation_10,0.5,40,47,4800,21.191487073898315,93857,94328.09,ONE_POINT,100,100,RANDOM
truncation_10,0.5,40,48,4900,21.6607825756073,93498,93920.55,ONE_POINT,100,100,RANDOM
truncation_10,0.5,40,49,5000,22.124925136566162,93163,93521.58,ONE_POINT,100,100,RANDOM
truncation_10,0.5,40,50,5100,22.591286182403564,92371,92794.2,ONE_POINT,100,100,RANDOM
truncation_10,0.5,40,51,5200,23.040569305419922,92143,92383.57,ONE_POINT,100,100,RANDOM
truncation_10,0.5,40,52,5300,23.486313819885254,91647,92119.17,ONE_POINT,100,100,RANDOM
truncation_10,0.5,40,53,5400,23.95155620574951,91182,91575.64,ONE_POINT,100,100,RANDOM
truncation_10,0.5,40,54,5500,24.408005237579346,90749,91137.03,ONE_POINT,100,100,RANDOM
truncation_10,0.5,40,55,5600,24.869071006774902,89929,90549.25,ONE_POINT,100,100,RANDOM
truncation_10,0.5,40,56,5700,25.325352907180786,89525,89847.07,ONE_POINT,100,100,RANDOM
truncation_10,0.5,40,57,5800,25.786278009414673,88965,89418.54,ONE_POINT,100,100,RANDOM
truncation_10,0.5,40,58,5900,26.237150192260742,88660,88958.01,ONE_POINT,100,100,RANDOM
truncation_10,0.5,40,59,6000,26.698288917541504,88056,88492.4,ONE_POINT,100,100,RANDOM
truncation_10,0.5,40,60,6100,27.140089511871338,87851,88054.02,ONE_POINT,100,100,RANDOM
truncation_10,0.5,40,61,6200,27.592233896255493,87197,87741.34,ONE_POINT,100,100,RANDOM
truncation_10,0.5,40,62,6300,28.05640411376953,86982,87250.53,ONE_POINT,100,100,RANDOM
truncation_10,0.5,40,63,6400,28.51064658164978,86509,86809.77,ONE_POINT,100,100,RANDOM
truncation_10,0.5,40,64,6500,28.968695640563965,86160,86492.05,ONE_POINT,100,100,RANDOM
truncation_10,0.5,40,65,6600,29.419966459274292,85520,86093.19,ONE_POINT,100,100,RANDOM
truncation_10,0.5,40,66,6700,29.860052585601807,84942,85698.4,ONE_POINT,100,100,RANDOM
truncation_10,0.5,40,67,6800,30.306246042251587,84942,85290.13,ONE_POINT,100,100,RANDOM
truncation_10,0.5,40,68,6900,30.75636911392212,84109,84803.39,ONE_POINT,100,100,RANDOM
truncation_10,0.5,40,69,7000,31.218894720077515,83644,84335.24,ONE_POINT,100,100,RANDOM
truncation_10,0.5,40,70,7100,31.6806583404541,83527,83718.33,ONE_POINT,100,100,RANDOM
truncation_10,0.5,40,71,7200,32.13662838935852,83017,83393.89,ONE_POINT,100,100,RANDOM
truncation_10,0.5,40,72,7300,32.59053897857666,82496,82928.2,ONE_POINT,100,100,RANDOM
truncation_10,0.5,40,73,7400,33.03407883644104,82245,82522.74,ONE_POINT,100,100,RANDOM
truncation_10,0.5,40,74,7500,33.49718260765076,81874,82159.14,ONE_POINT,100,100,RANDOM
truncation_10,0.5,40,75,7600,33.93890738487244,81577,81861.99,ONE_POINT,100,100,RANDOM
truncation_10,0.5,40,76,7700,34.38449048995972,81458,81601.77,ONE_POINT,100,100,RANDOM
truncation_10,0.5,40,77,7800,34.82490348815918,81201,81442.1,ONE_POINT,100,100,RANDOM
truncation_10,0.5,40,78,7900,35.26224184036255,81109,81201.91,ONE_POINT,100,100,RANDOM
truncation_10,0.5,40,79,8000,35.726603984832764,80639,81031.01,ONE_POINT,100,100,RANDOM
truncation_10,0.5,40,80,8100,36.18973398208618,80639,80772.71,ONE_POINT,100,100,RANDOM
truncation_10,0.5,40,81,8200,36.63893985748291,80365,80573.27,ONE_POINT,100,100,RANDOM
truncation_10,0.5,40,82,8300,37.0807580947876,80273,80393.67,ONE_POINT,100,100,RANDOM
truncation_10,0.5,40,83,8400,37.53072786331177,79893,80115.35,ONE_POINT,100,100,RANDOM
truncation_10,0.5,40,84,8500,37.995903730392456,79527,79862.45,ONE_POINT,100,100,RANDOM
truncation_10,0.5,40,85,8600,38.45767116546631,79404,79593.39,ONE_POINT,100,100,RANDOM
truncation_10,0.5,40,86,8700,38.901312828063965,79032,79368.52,ONE_POINT,100,100,RANDOM
truncation_10,0.5,40,87,8800,39.340938091278076,78918,79013.1,ONE_POINT,100,100,RANDOM
truncation_10,0.5,40,88,8900,39.797850608825684,78552,78801.62,ONE_POINT,100,100,RANDOM
truncation_10,0.5,40,89,9000,40.24250078201294,78034,78450.35,ONE_POINT,100,100,RANDOM
truncation_10,0.5,40,90,9100,40.6906464099884,77706,78001.41,ONE_POINT,100,100,RANDOM
truncation_10,0.5,40,91,9200,41.134578466415405,77373,77639.39,ONE_POINT,100,100,RANDOM
truncation_10,0.5,40,92,9300,41.5658061504364,76833,77267.02,ONE_POINT,100,100,RANDOM
truncation_10,0.5,40,93,9400,42.02245306968689,76681,76893.27,ONE_POINT,100,100,RANDOM
truncation_10,0.5,40,94,9500,42.50560760498047,76523,76671.71,ONE_POINT,100,100,RANDOM
truncation_10,0.5,40,95,9600,42.94998264312744,76390,76566.14,ONE_POINT,100,100,RANDOM
truncation_10,0.5,40,96,9700,43.399474143981934,76071,76354.7,ONE_POINT,100,100,RANDOM
truncation_10,0.5,40,97,9800,43.85338640213013,75905,76110.51,ONE_POINT,100,100,RANDOM
truncation_10,0.5,40,98,9900,44.31127738952637,75605,75867.21,ONE_POINT,100,100,RANDOM
truncation_10,0.5,40,99,10000,44.75868463516235,75507,75617.01,ONE_POINT,100,100,RANDOM
truncation_10,0.5,40,100,10100,45.20436382293701,74372,75308.49,ONE_POINT,100,100,RANDOM
truncation_10,0.5,40,101,10200,45.66104245185852,74372,74683.53,ONE_POINT,100,100,RANDOM
truncation_10,0.5,40,102,10300,46.106966972351074,74123,74293.56,ONE_POINT,100,100,RANDOM
truncation_10,0.5,40,103,10400,46.58232927322388,73948,74101.46,ONE_POINT,100,100,RANDOM
truncation_10,0.5,40,104,10500,47.036957025527954,73538,73887.59,ONE_POINT,100,100,RANDOM
truncation_10,0.5,40,105,10600,47.484920501708984,73416,73512.51,ONE_POINT,100,100,RANDOM
truncation_10,0.5,40,106,10700,47.95035123825073,73121,73352.01,ONE_POINT,100,100,RANDOM
truncation_10,0.5,40,107,10800,48.388901472091675,72858,73062.35,ONE_POINT,100,100,RANDOM
truncation_10,0.5,40,108,10900,48.87196183204651,72301,72788.53,ONE_POINT,100,100,RANDOM
truncation_10,0.5,40,109,11000,49.31501269340515,72301,72469.84,ONE_POINT,100,100,RANDOM
truncation_10,0.5,40,110,11100,49.7638463973999,71773,72118.84,ONE_POINT,100,100,RANDOM
truncation_10,0.5,40,111,11200,50.20397877693176,71528,71819.28,ONE_POINT,100,100,RANDOM
truncation_10,0.5,40,112,11300,50.65162920951843,71505,71574.7,ONE_POINT,100,100,RANDOM
truncation_10,0.5,40,113,11400,51.09993624687195,71169,71401.95,ONE_POINT,100,100,RANDOM
truncation_10,0.5,40,114,11500,51.53895711898804,70979,71161.35,ONE_POINT,100,100,RANDOM
truncation_10,0.5,40,115,11600,51.994043588638306,70364,70942.56,ONE_POINT,100,100,RANDOM
truncation_10,0.5,40,116,11700,52.42635989189148,70364,70771.14,ONE_POINT,100,100,RANDOM
truncation_10,0.5,40,117,11800,52.88499641418457,69957,70314.65,ONE_POINT,100,100,RANDOM
truncation_10,0.5,40,118,11900,53.35340881347656,69791,69962.21,ONE_POINT,100,100,RANDOM
truncation_10,0.5,40,119,12000,53.812981367111206,69568,69766.33,ONE_POINT,100,100,RANDOM
truncation_10,0.5,40,120,12100,54.25980257987976,69287,69566.82,ONE_POINT,100,100,RANDOM
truncation_10,0.5,40,121,12200,54.721211671829224,69127,69325.22,ONE_POINT,100,100,RANDOM
truncation_10,0.5,40,122,12300,55.18689274787903,68700,69059.23,ONE_POINT,100,100,RANDOM
truncation_10,0.5,40,123,12400,56.111478090286255,68700,68814.55,ONE_POINT,100,100,RANDOM
truncation_10,0.5,40,124,12500,56.927396059036255,68036,68501.44,ONE_POINT,100,100,RANDOM
truncation_10,0.5,40,125,12600,57.399208545684814,67833,68084.59,ONE_POINT,100,100,RANDOM
truncation_10,0.5,40,126,12700,57.83628463745117,67665,67855.14,ONE_POINT,100,100,RANDOM
truncation_10,0.5,40,127,12800,58.26593232154846,67375,67624.11,ONE_POINT,100,100,RANDOM
truncation_10,0.5,40,128,12900,58.73436713218689,67236,67398.37,ONE_POINT,100,100,RANDOM
truncation_10,0.5,40,129,13000,59.27392220497131,67098,67223.6,ONE_POINT,100,100,RANDOM
truncation_10,0.5,40,130,13100,59.73102021217346,66959,67101.2,ONE_POINT,100,100,RANDOM
truncation_10,0.5,40,131,13200,60.160386085510254,66744,66920.98,ONE_POINT,100,100,RANDOM
truncation_10,0.5,40,132,13300,60.59577941894531,66648,66734.83,ONE_POINT,100,100,RANDOM
truncation_10,0.5,40,133,13400,61.02241253852844,66294,66533.65,ONE_POINT,100,100,RANDOM
truncation_10,0.5,40,134,13500,61.49341154098511,65781,66229.5,ONE_POINT,100,100,RANDOM
truncation_10,0.5,40,135,13600,61.94228768348694,65753,65819.62,ONE_POINT,100,100,RANDOM
truncation_10,0.5,40,136,13700,62.37349462509155,65125,65515.93,ONE_POINT,100,100,RANDOM
truncation_10,0.5,40,137,13800,62.802123069763184,64999,65198.71,ONE_POINT,100,100,RANDOM
truncation_10,0.5,40,138,13900,63.23764896392822,64833,65043.5,ONE_POINT,100,100,RANDOM
truncation_10,0.5,40,139,14000,63.68547248840332,64614,64791.47,ONE_POINT,100,100,RANDOM
truncation_10,0.5,40,140,14100,64.12497138977051,64503,64596.47,ONE_POINT,100,100,RANDOM
truncation_10,0.5,40,141,14200,64.55366444587708,64316,64475.2,ONE_POINT,100,100,RANDOM
truncation_10,0.5,40,142,14300,64.98506736755371,64152,64333.35,ONE_POINT,100,100,RANDOM
truncation_10,0.5,40,143,14400,65.41361737251282,64037,64127.01,ONE_POINT,100,100,RANDOM
truncation_10,0.5,40,144,14500,65.8405773639679,63752,63942.11,ONE_POINT,100,100,RANDOM
truncation_10,0.5,40,145,14600,66.2741584777832,63232,63711.31,ONE_POINT,100,100,RANDOM
truncation_10,0.5,40,146,14700,66.72290349006653,63232,63404.57,ONE_POINT,100,100,RANDOM
truncation_10,0.5,40,147,14800,67.1686041355133,63018,63159.78,ONE_POINT,100,100,RANDOM
truncation_10,0.5,40,148,14900,67.60131454467773,62842,63005.1,ONE_POINT,100,100,RANDOM
truncation_10,0.5,40,149,15000,68.04239153862,62538,62773.64,ONE_POINT,100,100,RANDOM
truncation_10,0.5,40,150,15100,68.49584031105042,62384,62543.63,ONE_POINT,100,100,RANDOM
truncation_10,0.5,40,151,15200,68.93267464637756,62183,62340.86,ONE_POINT,100,100,RANDOM
truncation_10,0.5,40,152,15300,69.36062908172607,62042,62169.84,ONE_POINT,100,100,RANDOM
truncation_10,0.5,40,153,15400,69.82823634147644,61830,61968.2,ONE_POINT,100,100,RANDOM
truncation_10,0.5,40,154,15500,70.25939440727234,61712,61805.23,ONE_POINT,100,100,RANDOM
truncation_10,0.5,40,155,15600,70.72477173805237,61385,61621.12,ONE_POINT,100,100,RANDOM
truncation_10,0.5,40,156,15700,71.15508556365967,61249,61378.89,ONE_POINT,100,100,RANDOM
truncation_10,0.5,40,157,15800,71.5934190750122,61132,61268.64,ONE_POINT,100,100,RANDOM
truncation_10,0.5,40,158,15900,72.03083324432373,60926,61108.06,ONE_POINT,100,100,RANDOM
truncation_10,0.5,40,159,16000,72.46043729782104,60783,60942.09,ONE_POINT,100,100,RANDOM
truncation_10,0.5,40,160,16100,72.94581723213196,60425,60725.76,ONE_POINT,100,100,RANDOM
truncation_10,0.5,40,161,16200,73.37503552436829,60411,60493.8,ONE_POINT,100,100,RANDOM
truncation_10,0.5,40,162,16300,73.81392335891724,60272,60389.02,ONE_POINT,100,100,RANDOM
truncation_10,0.5,40,163,16400,74.26754641532898,60153,60255.08,ONE_POINT,100,100,RANDOM
truncation_10,0.5,40,164,16500,74.70477032661438,59975,60087.9,ONE_POINT,100,100,RANDOM
truncation_10,0.5,40,165,16600,75.14848041534424,59790,59942.39,ONE_POINT,100,100,RANDOM
truncation_10,0.5,40,166,16700,75.60117554664612,59572,59755.39,ONE_POINT,100,100,RANDOM
truncation_10,0.5,40,167,16800,76.04530954360962,59532,59649.47,ONE_POINT,100,100,RANDOM
truncation_10,0.5,40,168,16900,76.48270654678345,59147,59506.04,ONE_POINT,100,100,RANDOM
truncation_10,0.5,40,169,17000,76.91464757919312,59110,59239.37,ONE_POINT,100,100,RANDOM
truncation_10,0.5,40,170,17100,77.3565001487732,58889,59019.21,ONE_POINT,100,100,RANDOM
truncation_10,0.5,40,171,17200,77.78416013717651,58681,58824.68,ONE_POINT,100,100,RANDOM
truncation_10,0.5,40,172,17300,78.22240281105042,58466,58625.85,ONE_POINT,100,100,RANDOM
truncation_10,0.5,40,173,17400,78.64962983131409,58153,58356.49,ONE_POINT,100,100,RANDOM
truncation_10,0.5,40,174,17500,79.07963466644287,57940,58153.26,ONE_POINT,100,100,RANDOM
truncation_10,0.5,40,175,17600,79.52649784088135,57863,57993.79,ONE_POINT,100,100,RANDOM
truncation_10,0.5,40,176,17700,79.95883321762085,57762,57860.04,ONE_POINT,100,100,RANDOM
truncation_10,0.5,40,177,17800,80.40081071853638,57694,57750.66,ONE_POINT,100,100,RANDOM
truncation_10,0.5,40,178,17900,80.835942029953,57518,57678.13,ONE_POINT,100,100,RANDOM
truncation_10,0.5,40,179,18000,81.26929187774658,57389,57531.08,ONE_POINT,100,100,RANDOM
truncation_10,0.5,40,180,18100,81.69965767860413,57153,57367.5,ONE_POINT,100,100,RANDOM
truncation_10,0.5,40,181,18200,82.13130974769592,56977,57191.07,ONE_POINT,100,100,RANDOM
truncation_10,0.5,40,182,18300,82.5904335975647,56711,56944.05,ONE_POINT,100,100,RANDOM
truncation_10,0.5,40,183,18400,83.00989699363708,56691,56787.85,ONE_POINT,100,100,RANDOM
truncation_10,0.5,40,184,18500,83.459787607193,56371,56584.95,ONE_POINT,100,100,RANDOM
truncation_10,0.5,40,185,18600,83.89856266975403,56314,56398.58,ONE_POINT,100,100,RANDOM
truncation_10,0.5,40,186,18700,84.34591031074524,55946,56266.91,ONE_POINT,100,100,RANDOM
truncation_10,0.5,40,187,18800,84.77634906768799,55780,56049.9,ONE_POINT,100,100,RANDOM
truncation_10,0.5,40,188,18900,85.20502996444702,55727,55771.45,ONE_POINT,100,100,RANDOM
truncation_10,0.5,40,189,19000,85.63509917259216,55355,55640.55,ONE_POINT,100,100,RANDOM
truncation_10,0.5,40,190,19100,86.07512998580933,55197,55325.22,ONE_POINT,100,100,RANDOM
truncation_10,0.5,40,191,19200,86.5339183807373,54806,55176.05,ONE_POINT,100,100,RANDOM
truncation_10,0.5,40,192,19300,86.95409369468689,54788,54966.74,ONE_POINT,100,100,RANDOM
truncation_10,0.5,40,193,19400,87.3910813331604,54660,54779.51,ONE_POINT,100,100,RANDOM
truncation_10,0.5,40,194,19500,87.83100819587708,54514,54668.93,ONE_POINT,100,100,RANDOM
truncation_10,0.5,40,195,19600,88.27400803565979,54397,54527.66,ONE_POINT,100,100,RANDOM
truncation_10,0.5,40,196,19700,88.72594809532166,54294,54396.66,ONE_POINT,100,100,RANDOM
truncation_10,0.5,40,197,19800,89.15710496902466,54136,54321.92,ONE_POINT,100,100,RANDOM
truncation_10,0.5,40,198,19900,89.59855127334595,53752,54212.11,ONE_POINT,100,100,RANDOM
truncation_10,0.5,40,199,20000,90.02568125724792,53670,53908.87,ONE_POINT,100,100,RANDOM
truncation_10,0.5,40,200,20100,90.45643973350525,53606,53653.55,ONE_POINT,100,100,RANDOM
truncation_10,0.5,40,201,20200,90.9112937450409,53447,53570.39,ONE_POINT,100,100,RANDOM
truncation_10,0.5,40,202,20300,91.35210800170898,53378,53452.03,ONE_POINT,100,100,RANDOM
truncation_10,0.5,40,203,20400,91.79559445381165,53284,53372.19,ONE_POINT,100,100,RANDOM
truncation_10,0.5,40,204,20500,92.22876191139221,53184,53262.84,ONE_POINT,100,100,RANDOM
truncation_10,0.5,40,205,20600,92.70208883285522,52919,53150.03,ONE_POINT,100,100,RANDOM
truncation_10,0.5,40,206,20700,93.13616991043091,52917,52957.78,ONE_POINT,100,100,RANDOM
truncation_10,0.5,40,207,20800,93.57544803619385,52633,52814.95,ONE_POINT,100,100,RANDOM
truncation_10,0.5,40,208,20900,94.00378155708313,52432,52572.54,ONE_POINT,100,100,RANDOM
truncation_10,0.5,40,209,21000,94.44858193397522,52214,52419.51,ONE_POINT,100,100,RANDOM
truncation_10,0.5,40,210,21100,94.91898965835571,52214,52279.14,ONE_POINT,100,100,RANDOM
truncation_10,0.5,40,211,21200,95.34372091293335,52117,52186.94,ONE_POINT,100,100,RANDOM
truncation_10,0.5,40,212,21300,95.7778685092926,51967,52093.96,ONE_POINT,100,100,RANDOM
truncation_10,0.5,40,213,21400,96.2112967967987,51897,51980.76,ONE_POINT,100,100,RANDOM
truncation_10,0.5,40,214,21500,96.6404402256012,51755,51885.54,ONE_POINT,100,100,RANDOM
truncation_10,0.5,40,215,21600,97.10692358016968,51648,51772.26,ONE_POINT,100,100,RANDOM
truncation_10,0.5,40,216,21700,97.53763794898987,51569,51663.69,ONE_POINT,100,100,RANDOM
truncation_10,0.5,40,217,21800,97.96323704719543,51381,51545.6,ONE_POINT,100,100,RANDOM
truncation_10,0.5,40,218,21900,98.39326190948486,51284,51416.82,ONE_POINT,100,100,RANDOM
truncation_10,0.5,40,219,22000,98.81854319572449,51189,51304.54,ONE_POINT,100,100,RANDOM
truncation_10,0.5,40,220,22100,99.27542567253113,50993,51174.07,ONE_POINT,100,100,RANDOM
truncation_10,0.5,40,221,22200,99.72353625297546,50959,51007.85,ONE_POINT,100,100,RANDOM
truncation_10,0.5,40,222,22300,100.15382814407349,50852,50944.95,ONE_POINT,100,100,RANDOM
truncation_10,0.5,40,223,22400,100.60979509353638,50782,50868.82,ONE_POINT,100,100,RANDOM
truncation_10,0.5,40,224,22500,101.04322719573975,50650,50769.48,ONE_POINT,100,100,RANDOM
truncation_10,0.5,40,225,22600,101.49543166160583,50476,50616.38,ONE_POINT,100,100,RANDOM
truncation_10,0.5,40,226,22700,101.9249050617218,50346,50478.62,ONE_POINT,100,100,RANDOM
truncation_10,0.5,40,227,22800,102.36058592796326,50272,50387.53,ONE_POINT,100,100,RANDOM
truncation_10,0.5,40,228,22900,102.78558993339539,50188,50290.56,ONE_POINT,100,100,RANDOM
truncation_10,0.5,40,229,23000,103.23520731925964,50058,50174.71,ONE_POINT,100,100,RANDOM
truncation_10,0.5,40,230,23100,103.69287085533142,49922,50032.33,ONE_POINT,100,100,RANDOM
truncation_10,0.5,40,231,23200,104.13512110710144,49806,49899.47,ONE_POINT,100,100,RANDOM
truncation_10,0.5,40,232,23300,104.58613753318787,49611,49795.96,ONE_POINT,100,100,RANDOM
truncation_10,0.5,40,233,23400,105.0295524597168,49611,49724.39,ONE_POINT,100,100,RANDOM
truncation_10,0.5,40,234,23500,105.48421287536621,49450,49588.18,ONE_POINT,100,100,RANDOM
truncation_10,0.5,40,235,23600,105.92912268638611,49155,49424.38,ONE_POINT,100,100,RANDOM
truncation_10,0.5,40,236,23700,106.36009693145752,49151,49300.0,ONE_POINT,100,100,RANDOM
truncation_10,0.5,40,237,23800,106.78806686401367,49009,49143.44,ONE_POINT,100,100,RANDOM
truncation_10,0.5,40,238,23900,107.2088680267334,48999,49026.64,ONE_POINT,100,100,RANDOM
truncation_10,0.5,40,239,24000,107.65499448776245,48831,48962.33,ONE_POINT,100,100,RANDOM
truncation_10,0.5,40,240,24100,108.08765506744385,48769,48847.24,ONE_POINT,100,100,RANDOM
truncation_10,0.5,40,241,24200,108.52283644676208,48521,48739.54,ONE_POINT,100,100,RANDOM
truncation_10,0.5,40,242,24300,108.95834279060364,48385,48623.15,ONE_POINT,100,100,RANDOM
truncation_10,0.5,40,243,24400,109.43172931671143,48355,48490.2,ONE_POINT,100,100,RANDOM
truncation_10,0.5,40,244,24500,109.86298418045044,48175,48355.69,ONE_POINT,100,100,RANDOM
truncation_10,0.5,40,245,24600,110.2949378490448,48062,48228.77,ONE_POINT,100,100,RANDOM
truncation_10,0.5,40,246,24700,110.76189661026001,48032,48128.56,ONE_POINT,100,100,RANDOM
truncation_10,0.5,40,247,24800,111.18956971168518,47696,47945.52,ONE_POINT,100,100,RANDOM
truncation_10,0.5,40,248,24900,111.63537764549255,47693,47760.08,ONE_POINT,100,100,RANDOM
truncation_10,0.5,40,249,25000,112.08904361724854,47459,47638.97,ONE_POINT,100,100,RANDOM
truncation_10,0.5,40,250,25100,112.54265546798706,47437,47508.67,ONE_POINT,100,100,RANDOM
truncation_10,0.5,40,251,25200,112.98279690742493,47262,47432.09,ONE_POINT,100,100,RANDOM
truncation_10,0.5,40,252,25300,113.41921854019165,47229,47303.94,ONE_POINT,100,100,RANDOM
truncation_10,0.5,40,253,25400,113.87155795097351,47035,47201.19,ONE_POINT,100,100,RANDOM
truncation_10,0.5,40,254,25500,114.30015230178833,47002,47082.97,ONE_POINT,100,100,RANDOM
truncation_10,0.5,40,255,25600,114.74774670600891,46783,46979.56,ONE_POINT,100,100,RANDOM
truncation_10,0.5,40,256,25700,115.18896675109863,46644,46831.23,ONE_POINT,100,100,RANDOM
truncation_10,0.5,40,257,25800,115.62309861183167,46604,46706.84,ONE_POINT,100,100,RANDOM
truncation_10,0.5,40,258,25900,116.06639647483826,46541,46615.91,ONE_POINT,100,100,RANDOM
truncation_10,0.5,40,259,26000,116.4967577457428,46534,46571.39,ONE_POINT,100,100,RANDOM
truncation_10,0.5,40,260,26100,116.9341938495636,46390,46522.89,ONE_POINT,100,100,RANDOM
truncation_10,0.5,40,261,26200,117.37283635139465,46390,46464.04,ONE_POINT,100,100,RANDOM
truncation_10,0.5,40,262,26300,117.80672526359558,46341,46381.66,ONE_POINT,100,100,RANDOM
truncation_10,0.5,40,263,26400,118.24664354324341,46175,46312.46,ONE_POINT,100,100,RANDOM
truncation_10,0.5,40,264,26500,118.6748275756836,46061,46177.84,ONE_POINT,100,100,RANDOM
truncation_10,0.5,40,265,26600,119.10869193077087,46047,46085.99,ONE_POINT,100,100,RANDOM
truncation_10,0.5,40,266,26700,119.54709124565125,45915,45994.92,ONE_POINT,100,100,RANDOM
truncation_10,0.5,40,267,26800,119.9852705001831,45749,45828.47,ONE_POINT,100,100,RANDOM
truncation_10,0.5,40,268,26900,120.42000317573547,45511,45716.54,ONE_POINT,100,100,RANDOM
truncation_10,0.5,40,269,27000,120.84864950180054,45511,45582.3,ONE_POINT,100,100,RANDOM
truncation_10,0.5,40,270,27100,121.28316807746887,45391,45490.34,ONE_POINT,100,100,RANDOM
truncation_10,0.5,40,271,27200,121.72755146026611,45149,45376.22,ONE_POINT,100,100,RANDOM
truncation_10,0.5,40,272,27300,122.16845464706421,45103,45280.36,ONE_POINT,100,100,RANDOM
truncation_10,0.5,40,273,27400,122.60753226280212,44932,45129.3,ONE_POINT,100,100,RANDOM
truncation_10,0.5,40,274,27500,123.05386018753052,44932,44994.99,ONE_POINT,100,100,RANDOM
truncation_10,0.5,40,275,27600,123.48198676109314,44789,44918.11,ONE_POINT,100,100,RANDOM
truncation_10,0.5,40,276,27700,123.93174409866333,44789,44825.86,ONE_POINT,100,100,RANDOM
truncation_10,0.5,40,277,27800,124.39233088493347,44709,44772.18,ONE_POINT,100,100,RANDOM
truncation_10,0.5,40,278,27900,124.83581972122192,44678,44731.62,ONE_POINT,100,100,RANDOM
truncation_10,0.5,40,279,28000,125.27261805534363,44669,44694.72,ONE_POINT,100,100,RANDOM
truncation_10,0.5,40,280,28100,125.69481372833252,44558,44653.24,ONE_POINT,100,100,RANDOM
truncation_10,0.5,40,281,28200,126.1290671825409,44538,44581.46,ONE_POINT,100,100,RANDOM
truncation_10,0.5,40,282,28300,126.56178307533264,44452,44501.53,ONE_POINT,100,100,RANDOM
truncation_10,0.5,40,283,28400,126.99089789390564,44376,44427.74,ONE_POINT,100,100,RANDOM
truncation_10,0.5,40,284,28500,127.43201565742493,44245,44358.03,ONE_POINT,100,100,RANDOM
truncation_10,0.5,40,285,28600,127.88460636138916,43971,44219.33,ONE_POINT,100,100,RANDOM
truncation_10,0.5,40,286,28700,128.31223726272583,43898,44036.02,ONE_POINT,100,100,RANDOM
truncation_10,0.5,40,287,28800,128.74728178977966,43840,43902.45,ONE_POINT,100,100,RANDOM
truncation_10,0.5,40,288,28900,129.1807861328125,43670,43829.61,ONE_POINT,100,100,RANDOM
truncation_10,0.5,40,289,29000,129.62086486816406,43661,43729.12,ONE_POINT,100,100,RANDOM
truncation_10,0.5,40,290,29100,130.05911493301392,43549,43626.79,ONE_POINT,100,100,RANDOM
truncation_10,0.5,40,291,29200,130.4940164089203,43366,43515.84,ONE_POINT,100,100,RANDOM
truncation_10,0.5,40,292,29300,130.92399907112122,43355,43411.33,ONE_POINT,100,100,RANDOM
truncation_10,0.5,40,293,29400,131.35323762893677,43188,43342.88,ONE_POINT,100,100,RANDOM
truncation_10,0.5,40,294,29500,131.7934765815735,43121,43211.67,ONE_POINT,100,100,RANDOM
truncation_10,0.5,40,295,29600,132.21923351287842,42872,43075.09,ONE_POINT,100,100,RANDOM
truncation_10,0.5,40,296,29700,132.6637225151062,42738,42896.98,ONE_POINT,100,100,RANDOM
truncation_10,0.5,40,297,29800,133.0978491306305,42738,42779.15,ONE_POINT,100,100,RANDOM
truncation_10,0.5,40,298,29900,133.53361678123474,42644,42728.28,ONE_POINT,100,100,RANDOM
truncation_10,0.5,40,299,30000,133.97706413269043,42610,42665.83,ONE_POINT,100,100,RANDOM
truncation_10,0.5,40,300,30100,134.3994059562683,42529,42604.97,ONE_POINT,100,100,RANDOM
truncation_10,0.5,40,301,30200,134.89338660240173,42515,42531.45,ONE_POINT,100,100,RANDOM
truncation_10,0.5,40,302,30300,135.32601046562195,42438,42489.67,ONE_POINT,100,100,RANDOM
truncation_10,0.5,40,303,30400,135.76816320419312,42370,42431.51,ONE_POINT,100,100,RANDOM
truncation_10,0.5,40,304,30500,136.21448683738708,42307,42375.34,ONE_POINT,100,100,RANDOM
truncation_10,0.5,40,305,30600,136.6401424407959,42292,42320.94,ONE_POINT,100,100,RANDOM
truncation_10,0.5,40,306,30700,137.07810139656067,42070,42255.04,ONE_POINT,100,100,RANDOM
truncation_10,0.5,40,307,30800,137.5129623413086,42026,42162.08,ONE_POINT,100,100,RANDOM
truncation_10,0.5,40,308,30900,137.94073486328125,41972,42041.73,ONE_POINT,100,100,RANDOM
truncation_10,0.5,40,309,31000,138.37301206588745,41945,41976.75,ONE_POINT,100,100,RANDOM
truncation_10,0.5,40,310,31100,138.80910968780518,41855,41917.51,ONE_POINT,100,100,RANDOM
truncation_10,0.5,40,311,31200,139.2630534172058,41760,41846.46,ONE_POINT,100,100,RANDOM
truncation_10,0.5,40,312,31300,139.69107723236084,41742,41769.87,ONE_POINT,100,100,RANDOM
truncation_10,0.5,40,313,31400,140.13824319839478,41701,41737.55,ONE_POINT,100,100,RANDOM
truncation_10,0.5,40,314,31500,140.56726694107056,41688,41709.28,ONE_POINT,100,100,RANDOM
truncation_10,0.5,40,315,31600,141.0016086101532,41571,41677.39,ONE_POINT,100,100,RANDOM
truncation_10,0.5,40,316,31700,141.44102811813354,41525,41603.94,ONE_POINT,100,100,RANDOM
truncation_10,0.5,40,317,31800,141.8706796169281,41484,41531.95,ONE_POINT,100,100,RANDOM
truncation_10,0.5,40,318,31900,142.30149722099304,41410,41487.89,ONE_POINT,100,100,RANDOM
truncation_10,0.5,40,319,32000,142.7265980243683,41392,41414.54,ONE_POINT,100,100,RANDOM
truncation_10,0.5,40,320,32100,143.17797946929932,41324,41377.22,ONE_POINT,100,100,RANDOM
truncation_10,0.5,40,321,32200,143.61884713172913,41193,41318.01,ONE_POINT,100,100,RANDOM
truncation_10,0.5,40,322,32300,144.04724860191345,41193,41238.2,ONE_POINT,100,100,RANDOM
truncation_10,0.5,40,323,32400,144.48036742210388,41139,41180.04,ONE_POINT,100,100,RANDOM
truncation_10,0.5,40,324,32500,144.91015672683716,40989,41136.8,ONE_POINT,100,100,RANDOM
truncation_10,0.5,40,325,32600,145.3537757396698,40989,41041.29,ONE_POINT,100,100,RANDOM
truncation_10,0.5,40,326,32700,145.7952663898468,40949,40973.67,ONE_POINT,100,100,RANDOM
truncation_10,0.5,40,327,32800,146.2165629863739,40874,40945.84,ONE_POINT,100,100,RANDOM
truncation_10,0.5,40,328,32900,146.64483666419983,40836,40910.22,ONE_POINT,100,100,RANDOM
truncation_10,0.5,40,329,33000,147.06998348236084,40784,40839.49,ONE_POINT,100,100,RANDOM
truncation_10,0.5,40,330,33100,147.51867270469666,40555,40792.01,ONE_POINT,100,100,RANDOM
truncation_10,0.5,40,331,33200,147.96463060379028,40555,40711.74,ONE_POINT,100,100,RANDOM
truncation_10,0.5,40,332,33300,148.3877522945404,40460,40540.31,ONE_POINT,100,100,RANDOM
truncation_10,0.5,40,333,33400,148.82823014259338,40426,40465.78,ONE_POINT,100,100,RANDOM
truncation_10,0.5,40,334,33500,149.2568793296814,40420,40434.13,ONE_POINT,100,100,RANDOM
truncation_10,0.5,40,335,33600,149.69987678527832,40275,40398.74,ONE_POINT,100,100,RANDOM
truncation_10,0.5,40,336,33700,150.1555199623108,40198,40305.71,ONE_POINT,100,100,RANDOM
truncation_10,0.5,40,337,33800,150.57566475868225,40173,40198.83,ONE_POINT,100,100,RANDOM
truncation_10,0.5,40,338,33900,151.00877475738525,40102,40167.61,ONE_POINT,100,100,RANDOM
truncation_10,0.5,40,339,34000,151.44631266593933,39958,40089.59,ONE_POINT,100,100,RANDOM
truncation_10,0.5,40,340,34100,151.87805914878845,39916,39962.88,ONE_POINT,100,100,RANDOM
truncation_10,0.5,40,341,34200,152.33613657951355,39807,39872.46,ONE_POINT,100,100,RANDOM
truncation_10,0.5,40,342,34300,152.77485847473145,39739,39798.62,ONE_POINT,100,100,RANDOM
truncation_10,0.5,40,343,34400,153.215229511261,39714,39764.25,ONE_POINT,100,100,RANDOM
truncation_10,0.5,40,344,34500,153.66465258598328,39637,39717.59,ONE_POINT,100,100,RANDOM
truncation_10,0.5,40,345,34600,154.10326838493347,39637,39663.74,ONE_POINT,100,100,RANDOM
truncation_10,0.5,40,346,34700,154.54972410202026,39536,39605.25,ONE_POINT,100,100,RANDOM
truncation_10,0.5,40,347,34800,154.97667264938354,39531,39541.26,ONE_POINT,100,100,RANDOM
truncation_10,0.5,40,348,34900,155.40864181518555,39425,39494.05,ONE_POINT,100,100,RANDOM
truncation_10,0.5,40,349,35000,155.85516047477722,39421,39433.4,ONE_POINT,100,100,RANDOM
truncation_10,0.5,40,350,35100,156.286714553833,39336,39393.88,ONE_POINT,100,100,RANDOM
truncation_10,0.5,40,351,35200,156.73395133018494,39303,39330.38,ONE_POINT,100,100,RANDOM
truncation_10,0.5,40,352,35300,157.17340326309204,39276,39303.41,ONE_POINT,100,100,RANDOM
truncation_10,0.5,40,353,35400,157.59759831428528,39244,39274.09,ONE_POINT,100,100,RANDOM
truncation_10,0.5,40,354,35500,158.0433988571167,39197,39238.77,ONE_POINT,100,100,RANDOM
truncation_10,0.5,40,355,35600,158.49109840393066,39144,39185.58,ONE_POINT,100,100,RANDOM
truncation_10,0.5,40,356,35700,158.9380819797516,39120,39145.37,ONE_POINT,100,100,RANDOM
truncation_10,0.5,40,357,35800,159.37693047523499,39025,39095.92,ONE_POINT,100,100,RANDOM
truncation_10,0.5,40,358,35900,159.83599829673767,39020,39024.6,ONE_POINT,100,100,RANDOM
truncation_10,0.5,40,359,36000,160.26921558380127,38999,39019.94,ONE_POINT,100,100,RANDOM
truncation_10,0.5,40,360,36100,160.689875125885,38963,39005.0,ONE_POINT,100,100,RANDOM
truncation_10,0.5,40,361,36200,161.14810824394226,38963,38979.36,ONE_POINT,100,100,RANDOM
truncation_10,0.5,40,362,36300,161.58227682113647,38839,38950.35,ONE_POINT,100,100,RANDOM
truncation_10,0.5,40,363,36400,162.02223896980286,38839,38883.88,ONE_POINT,100,100,RANDOM
truncation_10,0.5,40,364,36500,162.45577383041382,38781,38829.88,ONE_POINT,100,100,RANDOM
truncation_10,0.5,40,365,36600,162.87418270111084,38737,38781.33,ONE_POINT,100,100,RANDOM
truncation_10,0.5,40,366,36700,163.31104826927185,38725,38740.96,ONE_POINT,100,100,RANDOM
truncation_10,0.5,40,367,36800,163.742520570755,38670,38712.46,ONE_POINT,100,100,RANDOM
truncation_10,0.5,40,368,36900,164.20491790771484,38519,38658.42,ONE_POINT,100,100,RANDOM
truncation_10,0.5,40,369,37000,164.6437656879425,38430,38567.24,ONE_POINT,100,100,RANDOM
truncation_10,0.5,40,370,37100,165.09159684181213,38302,38451.13,ONE_POINT,100,100,RANDOM
truncation_10,0.5,40,371,37200,165.5181975364685,38302,38368.36,ONE_POINT,100,100,RANDOM
truncation_10,0.5,40,372,37300,165.9847605228424,38302,38302.0,ONE_POINT,100,100,RANDOM
truncation_10,0.5,40,373,37400,166.43544960021973,38234,38295.19,ONE_POINT,100,100,RANDOM
truncation_10,0.5,40,374,37500,166.87021255493164,38213,38255.89,ONE_POINT,100,100,RANDOM
truncation_10,0.5,40,375,37600,167.30333590507507,38188,38223.03,ONE_POINT,100,100,RANDOM
truncation_10,0.5,40,376,37700,167.73805975914001,38171,38190.16,ONE_POINT,100,100,RANDOM
truncation_10,0.5,40,377,37800,168.1704442501068,38099,38155.66,ONE_POINT,100,100,RANDOM
truncation_10,0.5,40,378,37900,168.61735129356384,38099,38118.07,ONE_POINT,100,100,RANDOM
truncation_10,0.5,40,379,38000,169.054212808609,38059,38090.16,ONE_POINT,100,100,RANDOM
truncation_10,0.5,40,380,38100,169.55292296409607,38043,38060.18,ONE_POINT,100,100,RANDOM
truncation_10,0.5,40,381,38200,169.99866771697998,38017,38045.22,ONE_POINT,100,100,RANDOM
truncation_10,0.5,40,382,38300,170.43999552726746,37923,38019.5,ONE_POINT,100,100,RANDOM
truncation_10,0.5,40,383,38400,170.8702323436737,37834,37944.39,ONE_POINT,100,100,RANDOM
truncation_10,0.5,40,384,38500,171.30897402763367,37834,37877.2,ONE_POINT,100,100,RANDOM
truncation_10,0.5,40,385,38600,171.73669147491455,37803,37829.31,ONE_POINT,100,100,RANDOM
truncation_10,0.5,40,386,38700,172.17737913131714,37741,37802.34,ONE_POINT,100,100,RANDOM
truncation_10,0.5,40,387,38800,172.62031364440918,37741,37791.17,ONE_POINT,100,100,RANDOM
truncation_10,0.5,40,388,38900,173.04833245277405,37693,37731.54,ONE_POINT,100,100,RANDOM
truncation_10,0.5,40,389,39000,173.49276065826416,37693,37700.46,ONE_POINT,100,100,RANDOM
truncation_10,0.5,40,390,39100,173.92619037628174,37651,37683.48,ONE_POINT,100,100,RANDOM
truncation_10,0.5,40,391,39200,174.3673803806305,37587,37650.05,ONE_POINT,100,100,RANDOM
truncation_10,0.5,40,392,39300,174.81849312782288,37536,37600.51,ONE_POINT,100,100,RANDOM
truncation_10,0.5,40,393,39400,175.27106499671936,37527,37554.54,ONE_POINT,100,100,RANDOM
truncation_10,0.5,40,394,39500,175.69432592391968,37457,37518.68,ONE_POINT,100,100,RANDOM
truncation_10,0.5,40,395,39600,176.12722969055176,37426,37459.93,ONE_POINT,100,100,RANDOM
truncation_10,0.5,40,396,39700,176.57315373420715,37358,37417.13,ONE_POINT,100,100,RANDOM
truncation_10,0.5,40,397,39800,177.02568554878235,37345,37356.33,ONE_POINT,100,100,RANDOM
truncation_10,0.5,40,398,39900,177.45925211906433,37274,37329.21,ONE_POINT,100,100,RANDOM
truncation_10,0.5,40,399,40000,177.90032386779785,37196,37265.51,ONE_POINT,100,100,RANDOM
truncation_10,0.5,40,400,40100,178.34210968017578,37129,37193.43,ONE_POINT,100,100,RANDOM
truncation_10,0.5,40,401,40200,178.79594540596008,37085,37143.86,ONE_POINT,100,100,RANDOM
truncation_10,0.5,40,402,40300,179.2373127937317,37070,37102.51,ONE_POINT,100,100,RANDOM
truncation_10,0.5,40,403,40400,179.6692566871643,37026,37063.7,ONE_POINT,100,100,RANDOM
truncation_10,0.5,40,404,40500,180.10715126991272,36977,37022.08,ONE_POINT,100,100,RANDOM
truncation_10,0.5,40,405,40600,180.53457069396973,36977,37000.51,ONE_POINT,100,100,RANDOM
truncation_10,0.5,40,406,40700,180.9876754283905,36944,36973.92,ONE_POINT,100,100,RANDOM
truncation_10,0.5,40,407,40800,181.4176185131073,36921,36953.41,ONE_POINT,100,100,RANDOM
truncation_10,0.5,40,408,40900,181.84532856941223,36899,36922.29,ONE_POINT,100,100,RANDOM
truncation_10,0.5,40,409,41000,182.28182935714722,36873,36887.92,ONE_POINT,100,100,RANDOM
truncation_10,0.5,40,410,41100,182.7216613292694,36811,36861.29,ONE_POINT,100,100,RANDOM
truncation_10,0.5,40,411,41200,183.1743860244751,36794,36819.32,ONE_POINT,100,100,RANDOM
truncation_10,0.5,40,412,41300,183.6162919998169,36749,36795.61,ONE_POINT,100,100,RANDOM
truncation_10,0.5,40,413,41400,184.04394578933716,36732,36748.31,ONE_POINT,100,100,RANDOM
truncation_10,0.5,40,414,41500,184.47866916656494,36683,36715.04,ONE_POINT,100,100,RANDOM
truncation_10,0.5,40,415,41600,184.90566229820251,36628,36668.92,ONE_POINT,100,100,RANDOM
truncation_10,0.5,40,416,41700,185.35880279541016,36588,36638.64,ONE_POINT,100,100,RANDOM
truncation_10,0.5,40,417,41800,185.80888104438782,36581,36610.97,ONE_POINT,100,100,RANDOM
truncation_10,0.5,40,418,41900,186.23980927467346,36547,36577.58,ONE_POINT,100,100,RANDOM
truncation_10,0.5,40,419,42000,186.67434930801392,36493,36550.53,ONE_POINT,100,100,RANDOM
truncation_10,0.5,40,420,42100,187.10225915908813,36474,36514.33,ONE_POINT,100,100,RANDOM
truncation_10,0.5,40,421,42200,187.5556137561798,36435,36471.12,ONE_POINT,100,100,RANDOM
truncation_10,0.5,40,422,42300,187.98118424415588,36394,36434.89,ONE_POINT,100,100,RANDOM
truncation_10,0.5,40,423,42400,188.43694400787354,36347,36391.53,ONE_POINT,100,100,RANDOM
truncation_10,0.5,40,424,42500,188.88550686836243,36347,36374.07,ONE_POINT,100,100,RANDOM
truncation_10,0.5,40,425,42600,189.31659078598022,36285,36340.59,ONE_POINT,100,100,RANDOM
truncation_10,0.5,40,426,42700,189.75620412826538,36189,36295.63,ONE_POINT,100,100,RANDOM
truncation_10,0.5,40,427,42800,190.1826388835907,36189,36240.6,ONE_POINT,100,100,RANDOM
truncation_10,0.5,40,428,42900,190.60929226875305,36142,36197.79,ONE_POINT,100,100,RANDOM
truncation_10,0.5,40,429,43000,191.03391456604004,36142,36168.63,ONE_POINT,100,100,RANDOM
truncation_10,0.5,40,430,43100,191.49291396141052,36128,36139.19,ONE_POINT,100,100,RANDOM
truncation_10,0.5,40,431,43200,191.9350392818451,36113,36127.84,ONE_POINT,100,100,RANDOM
truncation_10,0.5,40,432,43300,192.35724306106567,36100,36113.9,ONE_POINT,100,100,RANDOM
truncation_10,0.5,40,433,43400,192.7894947528839,36075,36094.34,ONE_POINT,100,100,RANDOM
truncation_10,0.5,40,434,43500,193.2193419933319,35996,36068.43,ONE_POINT,100,100,RANDOM
truncation_10,0.5,40,435,43600,193.6586310863495,35984,36013.99,ONE_POINT,100,100,RANDOM
truncation_10,0.5,40,436,43700,194.09475684165955,35939,35972.18,ONE_POINT,100,100,RANDOM
truncation_10,0.5,40,437,43800,194.5402810573578,35906,35936.17,ONE_POINT,100,100,RANDOM
truncation_10,0.5,40,438,43900,194.9719169139862,35885,35908.58,ONE_POINT,100,100,RANDOM
truncation_10,0.5,40,439,44000,195.40020275115967,35844,35877.86,ONE_POINT,100,100,RANDOM
truncation_10,0.5,40,440,44100,195.86377358436584,35833,35845.95,ONE_POINT,100,100,RANDOM
truncation_10,0.5,40,441,44200,196.3091869354248,35812,35831.06,ONE_POINT,100,100,RANDOM
truncation_10,0.5,40,442,44300,196.7540225982666,35770,35807.02,ONE_POINT,100,100,RANDOM
truncation_10,0.5,40,443,44400,197.18089962005615,35765,35776.51,ONE_POINT,100,100,RANDOM
truncation_10,0.5,40,444,44500,197.60523796081543,35708,35757.31,ONE_POINT,100,100,RANDOM
truncation_10,0.5,40,445,44600,198.03441452980042,35708,35733.3,ONE_POINT,100,100,RANDOM
truncation_10,0.5,40,446,44700,198.47968792915344,35695,35706.62,ONE_POINT,100,100,RANDOM
truncation_10,0.5,40,447,44800,198.90892791748047,35672,35692.91,ONE_POINT,100,100,RANDOM
truncation_10,0.5,40,448,44900,199.3488645553589,35636,35671.63,ONE_POINT,100,100,RANDOM
truncation_10,0.5,40,449,45000,199.79363679885864,35636,35648.68,ONE_POINT,100,100,RANDOM
truncation_10,0.5,40,450,45100,200.23077154159546,35593,35622.13,ONE_POINT,100,100,RANDOM
truncation_10,0.5,40,451,45200,200.6791923046112,35567,35591.67,ONE_POINT,100,100,RANDOM
truncation_10,0.5,40,452,45300,201.10910844802856,35541,35572.87,ONE_POINT,100,100,RANDOM
truncation_10,0.5,40,453,45400,201.5495250225067,35541,35551.84,ONE_POINT,100,100,RANDOM
truncation_10,0.5,40,454,45500,201.99140214920044,35534,35539.37,ONE_POINT,100,100,RANDOM
truncation_10,0.5,40,455,45600,202.41300201416016,35483,35530.65,ONE_POINT,100,100,RANDOM
truncation_10,0.5,40,456,45700,202.85730624198914,35483,35503.93,ONE_POINT,100,100,RANDOM
truncation_10,0.5,40,457,45800,203.28973817825317,35443,35477.87,ONE_POINT,100,100,RANDOM
truncation_10,0.5,40,458,45900,203.732652425766,35411,35437.98,ONE_POINT,100,100,RANDOM
truncation_10,0.5,40,459,46000,204.17827343940735,35305,35398.67,ONE_POINT,100,100,RANDOM
truncation_10,0.5,40,460,46100,204.62093806266785,35280,35327.31,ONE_POINT,100,100,RANDOM
truncation_10,0.5,40,461,46200,205.05791354179382,35280,35294.87,ONE_POINT,100,100,RANDOM
truncation_10,0.5,40,462,46300,205.4752173423767,35229,35274.18,ONE_POINT,100,100,RANDOM
truncation_10,0.5,40,463,46400,205.90941286087036,35203,35240.38,ONE_POINT,100,100,RANDOM
truncation_10,0.5,40,464,46500,206.35458850860596,35173,35210.51,ONE_POINT,100,100,RANDOM
truncation_10,0.5,40,465,46600,206.77474999427795,35173,35181.47,ONE_POINT,100,100,RANDOM
truncation_10,0.5,40,466,46700,207.20905900001526,35152,35170.99,ONE_POINT,100,100,RANDOM
truncation_10,0.5,40,467,46800,207.64128851890564,35077,35154.25,ONE_POINT,100,100,RANDOM
truncation_10,0.5,40,468,46900,208.06938076019287,35072,35106.62,ONE_POINT,100,100,RANDOM
truncation_10,0.5,40,469,47000,208.51047897338867,35051,35072.74,ONE_POINT,100,100,RANDOM
truncation_10,0.5,40,470,47100,208.92897605895996,34968,35050.03,ONE_POINT,100,100,RANDOM
truncation_10,0.5,40,471,47200,209.37650275230408,34964,35020.65,ONE_POINT,100,100,RANDOM
truncation_10,0.5,40,472,47300,209.80841326713562,34920,34959.12,ONE_POINT,100,100,RANDOM
truncation_10,0.5,40,473,47400,210.25541305541992,34855,34921.72,ONE_POINT,100,100,RANDOM
truncation_10,0.5,40,474,47500,210.69238710403442,34851,34861.45,ONE_POINT,100,100,RANDOM
truncation_10,0.5,40,475,47600,211.12047266960144,34815,34848.43,ONE_POINT,100,100,RANDOM
truncation_10,0.5,40,476,47700,211.56632709503174,34815,34827.3,ONE_POINT,100,100,RANDOM
truncation_10,0.5,40,477,47800,212.00170302391052,34786,34811.21,ONE_POINT,100,100,RANDOM
truncation_10,0.5,40,478,47900,212.45401120185852,34782,34787.66,ONE_POINT,100,100,RANDOM
truncation_10,0.5,40,479,48000,212.8821280002594,34686,34778.14,ONE_POINT,100,100,RANDOM
truncation_10,0.5,40,480,48100,213.32526350021362,34686,34759.51,ONE_POINT,100,100,RANDOM
truncation_10,0.5,40,481,48200,213.77567887306213,34686,34743.51,ONE_POINT,100,100,RANDOM
truncation_10,0.5,40,482,48300,214.2093677520752,34686,34734.28,ONE_POINT,100,100,RANDOM
truncation_10,0.5,40,483,48400,214.65950965881348,34686,34722.3,ONE_POINT,100,100,RANDOM
truncation_10,0.5,40,484,48500,215.08326601982117,34686,34713.24,ONE_POINT,100,100,RANDOM
truncation_10,0.5,40,485,48600,215.51874089241028,34686,34700.09,ONE_POINT,100,100,RANDOM
truncation_10,0.5,40,486,48700,215.96995663642883,34674,34686.96,ONE_POINT,100,100,RANDOM
truncation_10,0.5,40,487,48800,216.3925495147705,34663,34673.62,ONE_POINT,100,100,RANDOM
truncation_10,0.5,40,488,48900,216.83715772628784,34577,34664.84,ONE_POINT,100,100,RANDOM
truncation_10,0.5,40,489,49000,217.26964282989502,34577,34615.77,ONE_POINT,100,100,RANDOM
truncation_10,0.5,40,490,49100,217.70367527008057,34545,34569.05,ONE_POINT,100,100,RANDOM
truncation_10,0.5,40,491,49200,218.22194623947144,34541,34544.84,ONE_POINT,100,100,RANDOM
truncation_10,0.5,40,492,49300,218.6683099269867,34541,34543.88,ONE_POINT,100,100,RANDOM
truncation_10,0.5,40,493,49400,219.10054683685303,34510,34535.48,ONE_POINT,100,100,RANDOM
truncation_10,0.5,40,494,49500,219.54531025886536,34493,34512.58,ONE_POINT,100,100,RANDOM
truncation_10,0.5,40,495,49600,219.9795045852661,34493,34499.0,ONE_POINT,100,100,RANDOM
truncation_10,0.5,40,496,49700,220.42545247077942,34431,34488.65,ONE_POINT,100,100,RANDOM
truncation_10,0.5,40,497,49800,220.92520952224731,34431,34460.57,ONE_POINT,100,100,RANDOM
truncation_10,0.5,40,498,49900,221.35581016540527,34415,34427.56,ONE_POINT,100,100,RANDOM
truncation_10,0.5,40,499,50000,221.7906494140625,34412,34414.88,ONE_POINT,100,100,RANDOM
truncation_10,0.5,40,500,50100,222.21739172935486,34361,34412.14,ONE_POINT,100,100,RANDOM
truncation_10,0.5,60,1,200,0.2888314723968506,136488,138341.53,ONE_POINT,100,100,RANDOM
truncation_10,0.5,60,2,300,0.7183811664581299,126937,132326.6,ONE_POINT,100,100,RANDOM
truncation_10,0.5,60,3,400,1.1834087371826172,122677,126629.61,ONE_POINT,100,100,RANDOM
truncation_10,0.5,60,4,500,1.6212189197540283,120812,123619.66,ONE_POINT,100,100,RANDOM
truncation_10,0.5,60,5,600,2.0686962604522705,119089,120499.92,ONE_POINT,100,100,RANDOM
truncation_10,0.5,60,6,700,2.5039947032928467,117852,119165.2,ONE_POINT,100,100,RANDOM
truncation_10,0.5,60,7,800,2.9373044967651367,116787,117754.41,ONE_POINT,100,100,RANDOM
truncation_10,0.5,60,8,900,3.3767919540405273,116135,116861.38,ONE_POINT,100,100,RANDOM
truncation_10,0.5,60,9,1000,3.8136401176452637,115281,115982.24,ONE_POINT,100,100,RANDOM
truncation_10,0.5,60,10,1100,4.269414186477661,114468,115102.56,ONE_POINT,100,100,RANDOM
truncation_10,0.5,60,11,1200,4.7194812297821045,112911,114118.46,ONE_POINT,100,100,RANDOM
truncation_10,0.5,60,12,1300,5.165663719177246,112462,112872.38,ONE_POINT,100,100,RANDOM
truncation_10,0.5,60,13,1400,5.588587760925293,110802,111905.27,ONE_POINT,100,100,RANDOM
truncation_10,0.5,60,14,1500,6.0163187980651855,110117,110882.35,ONE_POINT,100,100,RANDOM
truncation_10,0.5,60,15,1600,6.474978923797607,109194,110126.02,ONE_POINT,100,100,RANDOM
truncation_10,0.5,60,16,1700,6.959909677505493,108395,109236.24,ONE_POINT,100,100,RANDOM
truncation_10,0.5,60,17,1800,7.393468856811523,107472,108725.25,ONE_POINT,100,100,RANDOM
truncation_10,0.5,60,18,1900,7.8285346031188965,107453,107740.83,ONE_POINT,100,100,RANDOM
truncation_10,0.5,60,19,2000,8.251921892166138,106384,106849.52,ONE_POINT,100,100,RANDOM
truncation_10,0.5,60,20,2100,8.704244375228882,105468,105966.01,ONE_POINT,100,100,RANDOM
truncation_10,0.5,60,21,2200,9.134546041488647,104502,105040.2,ONE_POINT,100,100,RANDOM
truncation_10,0.5,60,22,2300,9.565340280532837,103735,104447.81,ONE_POINT,100,100,RANDOM
truncation_10,0.5,60,23,2400,10.000561237335205,103361,103732.62,ONE_POINT,100,100,RANDOM
truncation_10,0.5,60,24,2500,10.437257289886475,103108,103396.52,ONE_POINT,100,100,RANDOM
truncation_10,0.5,60,25,2600,10.881244897842407,102791,103066.47,ONE_POINT,100,100,RANDOM
truncation_10,0.5,60,26,2700,11.314292192459106,101144,102471.09,ONE_POINT,100,100,RANDOM
truncation_10,0.5,60,27,2800,11.76296067237854,100892,101189.74,ONE_POINT,100,100,RANDOM
truncation_10,0.5,60,28,2900,12.190070629119873,100781,100952.15,ONE_POINT,100,100,RANDOM
truncation_10,0.5,60,29,3000,12.667471170425415,100031,100649.86,ONE_POINT,100,100,RANDOM
truncation_10,0.5,60,30,3100,13.115653276443481,100031,100209.09,ONE_POINT,100,100,RANDOM
truncation_10,0.5,60,31,3200,13.54248309135437,99464,99772.52,ONE_POINT,100,100,RANDOM
truncation_10,0.5,60,32,3300,13.98452615737915,98825,99288.76,ONE_POINT,100,100,RANDOM
truncation_10,0.5,60,33,3400,14.423490047454834,98386,98784.34,ONE_POINT,100,100,RANDOM
truncation_10,0.5,60,34,3500,14.87735629081726,97979,98257.34,ONE_POINT,100,100,RANDOM
truncation_10,0.5,60,35,3600,15.32675814628601,97320,97808.62,ONE_POINT,100,100,RANDOM
truncation_10,0.5,60,36,3700,15.774476289749146,96069,97182.08,ONE_POINT,100,100,RANDOM
truncation_10,0.5,60,37,3800,16.204295873641968,95515,96396.72,ONE_POINT,100,100,RANDOM
truncation_10,0.5,60,38,3900,16.6351478099823,95515,95877.69,ONE_POINT,100,100,RANDOM
truncation_10,0.5,60,39,4000,17.079195976257324,95066,95487.02,ONE_POINT,100,100,RANDOM
truncation_10,0.5,60,40,4100,17.520153999328613,94413,95166.67,ONE_POINT,100,100,RANDOM
truncation_10,0.5,60,41,4200,17.95207715034485,93831,94482.1,ONE_POINT,100,100,RANDOM
truncation_10,0.5,60,42,4300,18.383814334869385,93205,93992.03,ONE_POINT,100,100,RANDOM
truncation_10,0.5,60,43,4400,18.826232194900513,93205,93429.02,ONE_POINT,100,100,RANDOM
truncation_10,0.5,60,44,4500,19.271931171417236,92674,93063.04,ONE_POINT,100,100,RANDOM
truncation_10,0.5,60,45,4600,19.718482971191406,92403,92691.96,ONE_POINT,100,100,RANDOM
truncation_10,0.5,60,46,4700,20.14691710472107,91794,92250.27,ONE_POINT,100,100,RANDOM
truncation_10,0.5,60,47,4800,20.577068090438843,91584,91807.75,ONE_POINT,100,100,RANDOM
truncation_10,0.5,60,48,4900,21.018776893615723,91101,91437.64,ONE_POINT,100,100,RANDOM
truncation_10,0.5,60,49,5000,21.460012197494507,90739,91041.52,ONE_POINT,100,100,RANDOM
truncation_10,0.5,60,50,5100,21.902621746063232,90504,90762.51,ONE_POINT,100,100,RANDOM
truncation_10,0.5,60,51,5200,22.345643758773804,89689,90410.34,ONE_POINT,100,100,RANDOM
truncation_10,0.5,60,52,5300,22.782901287078857,89457,89795.88,ONE_POINT,100,100,RANDOM
truncation_10,0.5,60,53,5400,23.242789268493652,87976,89304.92,ONE_POINT,100,100,RANDOM
truncation_10,0.5,60,54,5500,23.661280870437622,87976,88523.88,ONE_POINT,100,100,RANDOM
truncation_10,0.5,60,55,5600,24.101628065109253,87606,87932.05,ONE_POINT,100,100,RANDOM
truncation_10,0.5,60,56,5700,24.528903245925903,86595,87662.38,ONE_POINT,100,100,RANDOM
truncation_10,0.5,60,57,5800,24.952889680862427,86440,86788.03,ONE_POINT,100,100,RANDOM
truncation_10,0.5,60,58,5900,25.399431228637695,86127,86305.8,ONE_POINT,100,100,RANDOM
truncation_10,0.5,60,59,6000,25.82660436630249,85712,86004.08,ONE_POINT,100,100,RANDOM
truncation_10,0.5,60,60,6100,26.267024993896484,85278,85661.7,ONE_POINT,100,100,RANDOM
truncation_10,0.5,60,61,6200,26.703247785568237,85002,85265.61,ONE_POINT,100,100,RANDOM
truncation_10,0.5,60,62,6300,27.132338762283325,84730,84976.9,ONE_POINT,100,100,RANDOM
truncation_10,0.5,60,63,6400,27.580976009368896,84100,84537.87,ONE_POINT,100,100,RANDOM
truncation_10,0.5,60,64,6500,28.01579761505127,83513,84064.94,ONE_POINT,100,100,RANDOM
truncation_10,0.5,60,65,6600,28.449111223220825,83422,83565.46,ONE_POINT,100,100,RANDOM
truncation_10,0.5,60,66,6700,28.882906675338745,82892,83300.71,ONE_POINT,100,100,RANDOM
truncation_10,0.5,60,67,6800,29.3168728351593,82590,82964.48,ONE_POINT,100,100,RANDOM
truncation_10,0.5,60,68,6900,29.756383419036865,82590,82752.77,ONE_POINT,100,100,RANDOM
truncation_10,0.5,60,69,7000,30.18648338317871,82321,82492.13,ONE_POINT,100,100,RANDOM
truncation_10,0.5,60,70,7100,30.63533043861389,81653,82260.2,ONE_POINT,100,100,RANDOM
truncation_10,0.5,60,71,7200,31.06661343574524,81613,81920.41,ONE_POINT,100,100,RANDOM
truncation_10,0.5,60,72,7300,31.522419691085815,80609,81580.78,ONE_POINT,100,100,RANDOM
truncation_10,0.5,60,73,7400,31.962658166885376,80609,81101.77,ONE_POINT,100,100,RANDOM
truncation_10,0.5,60,74,7500,32.397921085357666,80193,80472.61,ONE_POINT,100,100,RANDOM
truncation_10,0.5,60,75,7600,32.84441351890564,79832,80160.51,ONE_POINT,100,100,RANDOM
truncation_10,0.5,60,76,7700,33.279497146606445,79823,79898.59,ONE_POINT,100,100,RANDOM
truncation_10,0.5,60,77,7800,33.72917103767395,79332,79747.66,ONE_POINT,100,100,RANDOM
truncation_10,0.5,60,78,7900,34.155879735946655,79332,79497.42,ONE_POINT,100,100,RANDOM
truncation_10,0.5,60,79,8000,34.58168053627014,78945,79244.49,ONE_POINT,100,100,RANDOM
truncation_10,0.5,60,80,8100,35.02422022819519,78758,78956.5,ONE_POINT,100,100,RANDOM
truncation_10,0.5,60,81,8200,35.48033332824707,78183,78732.58,ONE_POINT,100,100,RANDOM
truncation_10,0.5,60,82,8300,35.92071890830994,78016,78535.8,ONE_POINT,100,100,RANDOM
truncation_10,0.5,60,83,8400,36.361520528793335,77660,78031.74,ONE_POINT,100,100,RANDOM
truncation_10,0.5,60,84,8500,36.79078197479248,77078,77543.49,ONE_POINT,100,100,RANDOM
truncation_10,0.5,60,85,8600,37.23097038269043,76726,77147.94,ONE_POINT,100,100,RANDOM
truncation_10,0.5,60,86,8700,37.65851187705994,76582,76823.31,ONE_POINT,100,100,RANDOM
truncation_10,0.5,60,87,8800,38.102256536483765,76471,76617.52,ONE_POINT,100,100,RANDOM
truncation_10,0.5,60,88,8900,38.53607201576233,76015,76323.44,ONE_POINT,100,100,RANDOM
truncation_10,0.5,60,89,9000,38.96043348312378,75968,76020.38,ONE_POINT,100,100,RANDOM
truncation_10,0.5,60,90,9100,39.40062642097473,75473,75721.93,ONE_POINT,100,100,RANDOM
truncation_10,0.5,60,91,9200,39.845611572265625,74691,75357.75,ONE_POINT,100,100,RANDOM
truncation_10,0.5,60,92,9300,40.29152464866638,74426,74930.17,ONE_POINT,100,100,RANDOM
truncation_10,0.5,60,93,9400,40.716615438461304,74222,74490.94,ONE_POINT,100,100,RANDOM
truncation_10,0.5,60,94,9500,41.14739775657654,74178,74246.32,ONE_POINT,100,100,RANDOM
truncation_10,0.5,60,95,9600,41.585503339767456,73751,74102.34,ONE_POINT,100,100,RANDOM
truncation_10,0.5,60,96,9700,42.02950835227966,73459,73803.85,ONE_POINT,100,100,RANDOM
truncation_10,0.5,60,97,9800,42.45158004760742,73184,73470.36,ONE_POINT,100,100,RANDOM
truncation_10,0.5,60,98,9900,42.89402937889099,72781,73186.74,ONE_POINT,100,100,RANDOM
truncation_10,0.5,60,99,10000,43.33738303184509,72218,72792.81,ONE_POINT,100,100,RANDOM
truncation_10,0.5,60,100,10100,43.77676200866699,72218,72471.95,ONE_POINT,100,100,RANDOM
truncation_10,0.5,60,101,10200,44.235371351242065,71386,72077.79,ONE_POINT,100,100,RANDOM
truncation_10,0.5,60,102,10300,44.66855549812317,71188,71452.36,ONE_POINT,100,100,RANDOM
truncation_10,0.5,60,103,10400,45.11388683319092,70783,71153.49,ONE_POINT,100,100,RANDOM
truncation_10,0.5,60,104,10500,45.551191568374634,70477,70772.39,ONE_POINT,100,100,RANDOM
truncation_10,0.5,60,105,10600,45.99208688735962,70268,70477.87,ONE_POINT,100,100,RANDOM
truncation_10,0.5,60,106,10700,46.42931008338928,70029,70260.94,ONE_POINT,100,100,RANDOM
truncation_10,0.5,60,107,10800,46.86318922042847,69781,70008.46,ONE_POINT,100,100,RANDOM
truncation_10,0.5,60,108,10900,47.28727149963379,69359,69792.47,ONE_POINT,100,100,RANDOM
truncation_10,0.5,60,109,11000,47.71849727630615,69105,69504.77,ONE_POINT,100,100,RANDOM
truncation_10,0.5,60,110,11100,48.15933585166931,68967,69127.34,ONE_POINT,100,100,RANDOM
truncation_10,0.5,60,111,11200,48.60288691520691,68617,68941.56,ONE_POINT,100,100,RANDOM
truncation_10,0.5,60,112,11300,49.0438449382782,68180,68658.02,ONE_POINT,100,100,RANDOM
truncation_10,0.5,60,113,11400,49.480210304260254,68041,68273.76,ONE_POINT,100,100,RANDOM
truncation_10,0.5,60,114,11500,49.92227053642273,67972,68044.94,ONE_POINT,100,100,RANDOM
truncation_10,0.5,60,115,11600,50.381147146224976,67489,67820.48,ONE_POINT,100,100,RANDOM
truncation_10,0.5,60,116,11700,50.81364345550537,67388,67521.36,ONE_POINT,100,100,RANDOM
truncation_10,0.5,60,117,11800,51.251691579818726,67092,67298.15,ONE_POINT,100,100,RANDOM
truncation_10,0.5,60,118,11900,51.69166135787964,66796,67081.92,ONE_POINT,100,100,RANDOM
truncation_10,0.5,60,119,12000,52.13066339492798,66470,66809.93,ONE_POINT,100,100,RANDOM
truncation_10,0.5,60,120,12100,52.59065365791321,66372,66525.9,ONE_POINT,100,100,RANDOM
truncation_10,0.5,60,121,12200,53.03304481506348,66071,66287.99,ONE_POINT,100,100,RANDOM
truncation_10,0.5,60,122,12300,53.47898054122925,65617,66054.22,ONE_POINT,100,100,RANDOM
truncation_10,0.5,60,123,12400,53.91782093048096,65467,65739.59,ONE_POINT,100,100,RANDOM
truncation_10,0.5,60,124,12500,54.357983350753784,65097,65430.29,ONE_POINT,100,100,RANDOM
truncation_10,0.5,60,125,12600,54.8116500377655,64826,65132.62,ONE_POINT,100,100,RANDOM
truncation_10,0.5,60,126,12700,55.23532271385193,64787,64857.91,ONE_POINT,100,100,RANDOM
truncation_10,0.5,60,127,12800,55.6596040725708,64536,64744.6,ONE_POINT,100,100,RANDOM
truncation_10,0.5,60,128,12900,56.08765149116516,64099,64576.64,ONE_POINT,100,100,RANDOM
truncation_10,0.5,60,129,13000,56.51298451423645,64076,64334.26,ONE_POINT,100,100,RANDOM
truncation_10,0.5,60,130,13100,56.963595151901245,63909,64065.93,ONE_POINT,100,100,RANDOM
truncation_10,0.5,60,131,13200,57.394516706466675,63556,63899.9,ONE_POINT,100,100,RANDOM
truncation_10,0.5,60,132,13300,57.81835651397705,63482,63694.77,ONE_POINT,100,100,RANDOM
truncation_10,0.5,60,133,13400,58.2639524936676,63176,63442.74,ONE_POINT,100,100,RANDOM
truncation_10,0.5,60,134,13500,58.70819878578186,63096,63214.75,ONE_POINT,100,100,RANDOM
truncation_10,0.5,60,135,13600,59.15290403366089,62845,63052.63,ONE_POINT,100,100,RANDOM
truncation_10,0.5,60,136,13700,59.58793091773987,62712,62855.54,ONE_POINT,100,100,RANDOM
truncation_10,0.5,60,137,13800,60.02328658103943,62466,62705.91,ONE_POINT,100,100,RANDOM
truncation_10,0.5,60,138,13900,60.45898365974426,62348,62537.81,ONE_POINT,100,100,RANDOM
truncation_10,0.5,60,139,14000,60.91075921058655,62200,62342.81,ONE_POINT,100,100,RANDOM
truncation_10,0.5,60,140,14100,61.369521379470825,61784,62187.23,ONE_POINT,100,100,RANDOM
truncation_10,0.5,60,141,14200,61.79713535308838,61666,61856.91,ONE_POINT,100,100,RANDOM
truncation_10,0.5,60,142,14300,62.23414897918701,61526,61671.47,ONE_POINT,100,100,RANDOM
truncation_10,0.5,60,143,14400,62.67720937728882,61274,61505.51,ONE_POINT,100,100,RANDOM
truncation_10,0.5,60,144,14500,63.104700326919556,61201,61288.48,ONE_POINT,100,100,RANDOM
truncation_10,0.5,60,145,14600,63.54841327667236,60968,61173.54,ONE_POINT,100,100,RANDOM
truncation_10,0.5,60,146,14700,63.982738971710205,60624,60933.42,ONE_POINT,100,100,RANDOM
truncation_10,0.5,60,147,14800,64.42806506156921,60542,60691.32,ONE_POINT,100,100,RANDOM
truncation_10,0.5,60,148,14900,64.86161136627197,60516,60551.38,ONE_POINT,100,100,RANDOM
truncation_10,0.5,60,149,15000,65.31224346160889,60217,60484.44,ONE_POINT,100,100,RANDOM
truncation_10,0.5,60,150,15100,65.74857950210571,60217,60275.17,ONE_POINT,100,100,RANDOM
truncation_10,0.5,60,151,15200,66.19332528114319,60005,60201.34,ONE_POINT,100,100,RANDOM
truncation_10,0.5,60,152,15300,66.6260313987732,60005,60095.34,ONE_POINT,100,100,RANDOM
truncation_10,0.5,60,153,15400,67.11991834640503,59760,59986.02,ONE_POINT,100,100,RANDOM
truncation_10,0.5,60,154,15500,67.5473222732544,59680,59834.16,ONE_POINT,100,100,RANDOM
truncation_10,0.5,60,155,15600,67.98693442344666,59634,59711.23,ONE_POINT,100,100,RANDOM
truncation_10,0.5,60,156,15700,68.42769384384155,59425,59584.9,ONE_POINT,100,100,RANDOM
truncation_10,0.5,60,157,15800,68.85697388648987,59259,59380.86,ONE_POINT,100,100,RANDOM
truncation_10,0.5,60,158,15900,69.29910588264465,59109,59243.03,ONE_POINT,100,100,RANDOM
truncation_10,0.5,60,159,16000,69.73202848434448,59002,59121.44,ONE_POINT,100,100,RANDOM
truncation_10,0.5,60,160,16100,70.16020369529724,58885,59017.54,ONE_POINT,100,100,RANDOM
truncation_10,0.5,60,161,16200,70.60064315795898,58775,58911.52,ONE_POINT,100,100,RANDOM
truncation_10,0.5,60,162,16300,71.03071737289429,58605,58798.41,ONE_POINT,100,100,RANDOM
truncation_10,0.5,60,163,16400,71.57260251045227,58579,58665.08,ONE_POINT,100,100,RANDOM
truncation_10,0.5,60,164,16500,72.02944898605347,58151,58526.56,ONE_POINT,100,100,RANDOM
truncation_10,0.5,60,165,16600,72.51907634735107,58120,58281.31,ONE_POINT,100,100,RANDOM
truncation_10,0.5,60,166,16700,72.96854734420776,58009,58108.82,ONE_POINT,100,100,RANDOM
truncation_10,0.5,60,167,16800,73.41310262680054,58009,58033.67,ONE_POINT,100,100,RANDOM
truncation_10,0.5,60,168,16900,73.85936713218689,57761,57939.65,ONE_POINT,100,100,RANDOM
truncation_10,0.5,60,169,17000,74.28611254692078,57538,57768.51,ONE_POINT,100,100,RANDOM
truncation_10,0.5,60,170,17100,74.72716093063354,57345,57549.12,ONE_POINT,100,100,RANDOM
truncation_10,0.5,60,171,17200,75.16076159477234,57204,57394.45,ONE_POINT,100,100,RANDOM
truncation_10,0.5,60,172,17300,75.60544800758362,57011,57226.17,ONE_POINT,100,100,RANDOM
truncation_10,0.5,60,173,17400,76.02620339393616,56913,57014.97,ONE_POINT,100,100,RANDOM
truncation_10,0.5,60,174,17500,76.47612881660461,56594,56872.83,ONE_POINT,100,100,RANDOM
truncation_10,0.5,60,175,17600,76.91954255104065,56575,56709.26,ONE_POINT,100,100,RANDOM
truncation_10,0.5,60,176,17700,77.3468611240387,56038,56486.91,ONE_POINT,100,100,RANDOM
truncation_10,0.5,60,177,17800,77.79830861091614,56038,56269.49,ONE_POINT,100,100,RANDOM
truncation_10,0.5,60,178,17900,78.2127640247345,55740,56003.89,ONE_POINT,100,100,RANDOM
truncation_10,0.5,60,179,18000,78.64865469932556,55385,55818.34,ONE_POINT,100,100,RANDOM
truncation_10,0.5,60,180,18100,79.10057783126831,55088,55472.75,ONE_POINT,100,100,RANDOM
truncation_10,0.5,60,181,18200,79.54099416732788,55088,55275.29,ONE_POINT,100,100,RANDOM
truncation_10,0.5,60,182,18300,79.98948502540588,55044,55085.03,ONE_POINT,100,100,RANDOM
truncation_10,0.5,60,183,18400,80.42141389846802,54885,55038.96,ONE_POINT,100,100,RANDOM
truncation_10,0.5,60,184,18500,80.84989190101624,54841,54904.56,ONE_POINT,100,100,RANDOM
truncation_10,0.5,60,185,18600,81.3024799823761,54777,54827.15,ONE_POINT,100,100,RANDOM
truncation_10,0.5,60,186,18700,81.74688768386841,54581,54725.73,ONE_POINT,100,100,RANDOM
truncation_10,0.5,60,187,18800,82.18768119812012,54298,54573.2,ONE_POINT,100,100,RANDOM
truncation_10,0.5,60,188,18900,82.61915755271912,54164,54322.87,ONE_POINT,100,100,RANDOM
truncation_10,0.5,60,189,19000,83.0511384010315,54062,54147.49,ONE_POINT,100,100,RANDOM
truncation_10,0.5,60,190,19100,83.4753007888794,53983,54068.9,ONE_POINT,100,100,RANDOM
truncation_10,0.5,60,191,19200,83.93002653121948,53794,54031.09,ONE_POINT,100,100,RANDOM
truncation_10,0.5,60,192,19300,84.37356352806091,53695,53906.64,ONE_POINT,100,100,RANDOM
truncation_10,0.5,60,193,19400,84.80447363853455,53659,53739.19,ONE_POINT,100,100,RANDOM
truncation_10,0.5,60,194,19500,85.23212575912476,53560,53650.53,ONE_POINT,100,100,RANDOM
truncation_10,0.5,60,195,19600,85.68381929397583,53443,53544.85,ONE_POINT,100,100,RANDOM
truncation_10,0.5,60,196,19700,86.13940358161926,53332,53446.04,ONE_POINT,100,100,RANDOM
truncation_10,0.5,60,197,19800,86.56257176399231,53183,53318.27,ONE_POINT,100,100,RANDOM
truncation_10,0.5,60,198,19900,86.9934754371643,53076,53184.67,ONE_POINT,100,100,RANDOM
truncation_10,0.5,60,199,20000,87.42456436157227,52889,53048.23,ONE_POINT,100,100,RANDOM
truncation_10,0.5,60,200,20100,87.87059164047241,52720,52852.2,ONE_POINT,100,100,RANDOM
truncation_10,0.5,60,201,20200,88.32689595222473,52551,52711.27,ONE_POINT,100,100,RANDOM
truncation_10,0.5,60,202,20300,88.76536798477173,52551,52585.22,ONE_POINT,100,100,RANDOM
truncation_10,0.5,60,203,20400,89.2028546333313,52341,52518.3,ONE_POINT,100,100,RANDOM
truncation_10,0.5,60,204,20500,89.64767360687256,52335,52392.19,ONE_POINT,100,100,RANDOM
truncation_10,0.5,60,205,20600,90.0766351222992,52202,52300.43,ONE_POINT,100,100,RANDOM
truncation_10,0.5,60,206,20700,90.5053563117981,51824,52147.5,ONE_POINT,100,100,RANDOM
truncation_10,0.5,60,207,20800,90.94934940338135,51824,51942.74,ONE_POINT,100,100,RANDOM
truncation_10,0.5,60,208,20900,91.373863697052,51683,51773.62,ONE_POINT,100,100,RANDOM
truncation_10,0.5,60,209,21000,91.81941246986389,51407,51659.05,ONE_POINT,100,100,RANDOM
truncation_10,0.5,60,210,21100,92.28282141685486,51395,51469.55,ONE_POINT,100,100,RANDOM
truncation_10,0.5,60,211,21200,92.71730184555054,51132,51358.15,ONE_POINT,100,100,RANDOM
truncation_10,0.5,60,212,21300,93.14995312690735,50910,51161.2,ONE_POINT,100,100,RANDOM
truncation_10,0.5,60,213,21400,93.59038352966309,50717,51011.03,ONE_POINT,100,100,RANDOM
truncation_10,0.5,60,214,21500,94.01575922966003,50717,50787.3,ONE_POINT,100,100,RANDOM
truncation_10,0.5,60,215,21600,94.46825933456421,50661,50708.5,ONE_POINT,100,100,RANDOM
truncation_10,0.5,60,216,21700,94.89641451835632,50535,50648.14,ONE_POINT,100,100,RANDOM
truncation_10,0.5,60,217,21800,95.32038903236389,50490,50544.87,ONE_POINT,100,100,RANDOM
truncation_10,0.5,60,218,21900,95.75165104866028,50301,50470.15,ONE_POINT,100,100,RANDOM
truncation_10,0.5,60,219,22000,96.18683815002441,50241,50323.35,ONE_POINT,100,100,RANDOM
truncation_10,0.5,60,220,22100,96.63151216506958,50082,50230.09,ONE_POINT,100,100,RANDOM
truncation_10,0.5,60,221,22200,97.05160570144653,50027,50100.13,ONE_POINT,100,100,RANDOM
truncation_10,0.5,60,222,22300,97.47325897216797,49929,50004.38,ONE_POINT,100,100,RANDOM
truncation_10,0.5,60,223,22400,97.90932559967041,49794,49912.55,ONE_POINT,100,100,RANDOM
truncation_10,0.5,60,224,22500,98.33691024780273,49774,49836.22,ONE_POINT,100,100,RANDOM
truncation_10,0.5,60,225,22600,98.79442143440247,49645,49758.87,ONE_POINT,100,100,RANDOM
truncation_10,0.5,60,226,22700,99.21746611595154,49552,49645.45,ONE_POINT,100,100,RANDOM
truncation_10,0.5,60,227,22800,99.65538048744202,49376,49538.05,ONE_POINT,100,100,RANDOM
truncation_10,0.5,60,228,22900,100.10363817214966,49339,49422.54,ONE_POINT,100,100,RANDOM
truncation_10,0.5,60,229,23000,100.54640054702759,49160,49314.76,ONE_POINT,100,100,RANDOM
truncation_10,0.5,60,230,23100,100.99034643173218,48922,49142.19,ONE_POINT,100,100,RANDOM
truncation_10,0.5,60,231,23200,101.42669820785522,48777,48958.55,ONE_POINT,100,100,RANDOM
truncation_10,0.5,60,232,23300,101.87649750709534,48680,48806.48,ONE_POINT,100,100,RANDOM
truncation_10,0.5,60,233,23400,102.30796694755554,48667,48757.87,ONE_POINT,100,100,RANDOM
truncation_10,0.5,60,234,23500,102.75797533988953,48667,48693.44,ONE_POINT,100,100,RANDOM
truncation_10,0.5,60,235,23600,103.19974970817566,48592,48660.87,ONE_POINT,100,100,RANDOM
truncation_10,0.5,60,236,23700,103.63174557685852,48524,48589.3,ONE_POINT,100,100,RANDOM
truncation_10,0.5,60,237,23800,104.05541205406189,48289,48500.03,ONE_POINT,100,100,RANDOM
truncation_10,0.5,60,238,23900,104.48407292366028,48142,48342.93,ONE_POINT,100,100,RANDOM
truncation_10,0.5,60,239,24000,104.93751525878906,48118,48158.83,ONE_POINT,100,100,RANDOM
truncation_10,0.5,60,240,24100,105.38882064819336,48050,48121.04,ONE_POINT,100,100,RANDOM
truncation_10,0.5,60,241,24200,105.83045482635498,47995,48077.98,ONE_POINT,100,100,RANDOM
truncation_10,0.5,60,242,24300,106.26388454437256,47985,48012.36,ONE_POINT,100,100,RANDOM
truncation_10,0.5,60,243,24400,106.6985764503479,47918,47968.52,ONE_POINT,100,100,RANDOM
truncation_10,0.5,60,244,24500,107.13570261001587,47626,47894.38,ONE_POINT,100,100,RANDOM
truncation_10,0.5,60,245,24600,107.59007000923157,47603,47743.2,ONE_POINT,100,100,RANDOM
truncation_10,0.5,60,246,24700,108.01741886138916,47536,47609.44,ONE_POINT,100,100,RANDOM
truncation_10,0.5,60,247,24800,108.44343519210815,47524,47552.9,ONE_POINT,100,100,RANDOM
truncation_10,0.5,60,248,24900,108.88233852386475,47400,47511.67,ONE_POINT,100,100,RANDOM
truncation_10,0.5,60,249,25000,109.3145363330841,47152,47397.46,ONE_POINT,100,100,RANDOM
truncation_10,0.5,60,250,25100,109.75209164619446,47152,47236.18,ONE_POINT,100,100,RANDOM
truncation_10,0.5,60,251,25200,110.1797137260437,46924,47091.13,ONE_POINT,100,100,RANDOM
truncation_10,0.5,60,252,25300,110.61044502258301,46831,46921.91,ONE_POINT,100,100,RANDOM
truncation_10,0.5,60,253,25400,111.05062747001648,46814,46897.68,ONE_POINT,100,100,RANDOM
truncation_10,0.5,60,254,25500,111.47727727890015,46725,46799.08,ONE_POINT,100,100,RANDOM
truncation_10,0.5,60,255,25600,111.91931343078613,46677,46718.86,ONE_POINT,100,100,RANDOM
truncation_10,0.5,60,256,25700,112.34900951385498,46566,46669.08,ONE_POINT,100,100,RANDOM
truncation_10,0.5,60,257,25800,112.77627897262573,46507,46577.39,ONE_POINT,100,100,RANDOM
truncation_10,0.5,60,258,25900,113.20806527137756,46412,46476.31,ONE_POINT,100,100,RANDOM
truncation_10,0.5,60,259,26000,113.64361119270325,46308,46388.33,ONE_POINT,100,100,RANDOM
truncation_10,0.5,60,260,26100,114.08375549316406,46186,46295.88,ONE_POINT,100,100,RANDOM
truncation_10,0.5,60,261,26200,114.52886033058167,46081,46179.92,ONE_POINT,100,100,RANDOM
truncation_10,0.5,60,262,26300,114.96029305458069,45945,46062.17,ONE_POINT,100,100,RANDOM
truncation_10,0.5,60,263,26400,115.4114499092102,45845,45942.3,ONE_POINT,100,100,RANDOM
truncation_10,0.5,60,264,26500,115.847332239151,45756,45876.74,ONE_POINT,100,100,RANDOM
truncation_10,0.5,60,265,26600,116.28904557228088,45653,45792.2,ONE_POINT,100,100,RANDOM
truncation_10,0.5,60,266,26700,116.72332549095154,45647,45678.48,ONE_POINT,100,100,RANDOM
truncation_10,0.5,60,267,26800,117.15821957588196,45410,45590.12,ONE_POINT,100,100,RANDOM
truncation_10,0.5,60,268,26900,117.59468865394592,45269,45420.86,ONE_POINT,100,100,RANDOM
truncation_10,0.5,60,269,27000,118.02470016479492,45269,45351.57,ONE_POINT,100,100,RANDOM
truncation_10,0.5,60,270,27100,118.46668863296509,45264,45277.52,ONE_POINT,100,100,RANDOM
truncation_10,0.5,60,271,27200,118.96128940582275,45211,45253.44,ONE_POINT,100,100,RANDOM
truncation_10,0.5,60,272,27300,119.39382767677307,45176,45215.63,ONE_POINT,100,100,RANDOM
truncation_10,0.5,60,273,27400,119.83847689628601,45103,45172.23,ONE_POINT,100,100,RANDOM
truncation_10,0.5,60,274,27500,120.25928854942322,45000,45095.82,ONE_POINT,100,100,RANDOM
truncation_10,0.5,60,275,27600,120.69831228256226,44815,44988.9,ONE_POINT,100,100,RANDOM
truncation_10,0.5,60,276,27700,121.136159658432,44808,44849.96,ONE_POINT,100,100,RANDOM
truncation_10,0.5,60,277,27800,121.5852632522583,44665,44753.7,ONE_POINT,100,100,RANDOM
truncation_10,0.5,60,278,27900,122.02305769920349,44650,44688.38,ONE_POINT,100,100,RANDOM
truncation_10,0.5,60,279,28000,122.46884942054749,44584,44624.86,ONE_POINT,100,100,RANDOM
truncation_10,0.5,60,280,28100,122.90346837043762,44540,44579.43,ONE_POINT,100,100,RANDOM
truncation_10,0.5,60,281,28200,123.33763837814331,44485,44533.78,ONE_POINT,100,100,RANDOM
truncation_10,0.5,60,282,28300,123.80739903450012,44423,44473.83,ONE_POINT,100,100,RANDOM
truncation_10,0.5,60,283,28400,124.23970365524292,44296,44409.4,ONE_POINT,100,100,RANDOM
truncation_10,0.5,60,284,28500,124.68009305000305,44293,44330.44,ONE_POINT,100,100,RANDOM
truncation_10,0.5,60,285,28600,125.13171982765198,44146,44263.68,ONE_POINT,100,100,RANDOM
truncation_10,0.5,60,286,28700,125.55851125717163,44073,44142.94,ONE_POINT,100,100,RANDOM
truncation_10,0.5,60,287,28800,125.99805235862732,44027,44081.66,ONE_POINT,100,100,RANDOM
truncation_10,0.5,60,288,28900,126.444265127182,43946,44018.53,ONE_POINT,100,100,RANDOM
truncation_10,0.5,60,289,29000,126.87416911125183,43859,43947.32,ONE_POINT,100,100,RANDOM
truncation_10,0.5,60,290,29100,127.3236711025238,43831,43871.23,ONE_POINT,100,100,RANDOM
truncation_10,0.5,60,291,29200,127.80464434623718,43783,43829.8,ONE_POINT,100,100,RANDOM
truncation_10,0.5,60,292,29300,128.23560976982117,43720,43780.71,ONE_POINT,100,100,RANDOM
truncation_10,0.5,60,293,29400,128.67034912109375,43710,43732.73,ONE_POINT,100,100,RANDOM
truncation_10,0.5,60,294,29500,129.12085151672363,43627,43686.81,ONE_POINT,100,100,RANDOM
truncation_10,0.5,60,295,29600,129.56373381614685,43569,43622.89,ONE_POINT,100,100,RANDOM
truncation_10,0.5,60,296,29700,130.01424717903137,43504,43562.99,ONE_POINT,100,100,RANDOM
truncation_10,0.5,60,297,29800,130.4480984210968,43448,43503.92,ONE_POINT,100,100,RANDOM
truncation_10,0.5,60,298,29900,130.88943362236023,43434,43479.72,ONE_POINT,100,100,RANDOM
truncation_10,0.5,60,299,30000,131.3205325603485,43405,43440.62,ONE_POINT,100,100,RANDOM
truncation_10,0.5,60,300,30100,131.77470707893372,43352,43402.91,ONE_POINT,100,100,RANDOM
truncation_10,0.5,60,301,30200,132.23447608947754,43274,43343.72,ONE_POINT,100,100,RANDOM
truncation_10,0.5,60,302,30300,132.67934107780457,43235,43270.9,ONE_POINT,100,100,RANDOM
truncation_10,0.5,60,303,30400,133.1150267124176,43156,43233.29,ONE_POINT,100,100,RANDOM
truncation_10,0.5,60,304,30500,133.55697345733643,43077,43151.1,ONE_POINT,100,100,RANDOM
truncation_10,0.5,60,305,30600,133.99440717697144,42942,43064.25,ONE_POINT,100,100,RANDOM
truncation_10,0.5,60,306,30700,134.4318413734436,42915,42973.92,ONE_POINT,100,100,RANDOM
truncation_10,0.5,60,307,30800,134.86858892440796,42757,42881.27,ONE_POINT,100,100,RANDOM
truncation_10,0.5,60,308,30900,135.29174160957336,42689,42780.02,ONE_POINT,100,100,RANDOM
truncation_10,0.5,60,309,31000,135.72933197021484,42617,42708.3,ONE_POINT,100,100,RANDOM
truncation_10,0.5,60,310,31100,136.19453859329224,42474,42632.43,ONE_POINT,100,100,RANDOM
truncation_10,0.5,60,311,31200,136.62299370765686,42474,42506.69,ONE_POINT,100,100,RANDOM
truncation_10,0.5,60,312,31300,137.0569052696228,42449,42468.53,ONE_POINT,100,100,RANDOM
truncation_10,0.5,60,313,31400,137.50775361061096,42330,42439.24,ONE_POINT,100,100,RANDOM
truncation_10,0.5,60,314,31500,137.95123505592346,42305,42369.98,ONE_POINT,100,100,RANDOM
truncation_10,0.5,60,315,31600,138.3996045589447,42187,42282.08,ONE_POINT,100,100,RANDOM
truncation_10,0.5,60,316,31700,138.84797382354736,42154,42184.9,ONE_POINT,100,100,RANDOM
truncation_10,0.5,60,317,31800,139.28986191749573,42084,42137.9,ONE_POINT,100,100,RANDOM
truncation_10,0.5,60,318,31900,139.7165732383728,42035,42076.81,ONE_POINT,100,100,RANDOM
truncation_10,0.5,60,319,32000,140.166428565979,41934,42012.66,ONE_POINT,100,100,RANDOM
truncation_10,0.5,60,320,32100,140.60218262672424,41920,41952.85,ONE_POINT,100,100,RANDOM
truncation_10,0.5,60,321,32200,141.03838062286377,41839,41903.66,ONE_POINT,100,100,RANDOM
truncation_10,0.5,60,322,32300,141.47104907035828,41786,41838.3,ONE_POINT,100,100,RANDOM
truncation_10,0.5,60,323,32400,141.90376210212708,41738,41785.26,ONE_POINT,100,100,RANDOM
truncation_10,0.5,60,324,32500,142.32876563072205,41649,41726.56,ONE_POINT,100,100,RANDOM
truncation_10,0.5,60,325,32600,142.75943541526794,41592,41659.02,ONE_POINT,100,100,RANDOM
truncation_10,0.5,60,326,32700,143.19699382781982,41534,41584.75,ONE_POINT,100,100,RANDOM
truncation_10,0.5,60,327,32800,143.6241819858551,41514,41553.32,ONE_POINT,100,100,RANDOM
truncation_10,0.5,60,328,32900,144.0589575767517,41508,41520.22,ONE_POINT,100,100,RANDOM
truncation_10,0.5,60,329,33000,144.49166321754456,41469,41501.75,ONE_POINT,100,100,RANDOM
truncation_10,0.5,60,330,33100,144.94552636146545,41434,41467.07,ONE_POINT,100,100,RANDOM
truncation_10,0.5,60,331,33200,145.38014554977417,41357,41429.72,ONE_POINT,100,100,RANDOM
truncation_10,0.5,60,332,33300,145.80809807777405,41308,41350.76,ONE_POINT,100,100,RANDOM
truncation_10,0.5,60,333,33400,146.242919921875,41195,41288.06,ONE_POINT,100,100,RANDOM
truncation_10,0.5,60,334,33500,146.70364093780518,41159,41200.45,ONE_POINT,100,100,RANDOM
truncation_10,0.5,60,335,33600,147.14563822746277,41080,41172.4,ONE_POINT,100,100,RANDOM
truncation_10,0.5,60,336,33700,147.5809669494629,41050,41117.84,ONE_POINT,100,100,RANDOM
truncation_10,0.5,60,337,33800,148.01509737968445,41003,41060.88,ONE_POINT,100,100,RANDOM
truncation_10,0.5,60,338,33900,148.4455761909485,40998,41023.41,ONE_POINT,100,100,RANDOM
truncation_10,0.5,60,339,34000,148.890727519989,40943,40994.39,ONE_POINT,100,100,RANDOM
truncation_10,0.5,60,340,34100,149.33866500854492,40908,40954.49,ONE_POINT,100,100,RANDOM
truncation_10,0.5,60,341,34200,149.77685713768005,40842,40906.93,ONE_POINT,100,100,RANDOM
truncation_10,0.5,60,342,34300,150.20638966560364,40826,40859.82,ONE_POINT,100,100,RANDOM
truncation_10,0.5,60,343,34400,150.6428894996643,40762,40817.12,ONE_POINT,100,100,RANDOM
truncation_10,0.5,60,344,34500,151.0836410522461,40755,40769.61,ONE_POINT,100,100,RANDOM
truncation_10,0.5,60,345,34600,151.5331211090088,40659,40715.91,ONE_POINT,100,100,RANDOM
truncation_10,0.5,60,346,34700,151.96298265457153,40623,40665.53,ONE_POINT,100,100,RANDOM
truncation_10,0.5,60,347,34800,152.39718627929688,40588,40632.06,ONE_POINT,100,100,RANDOM
truncation_10,0.5,60,348,34900,152.83117389678955,40461,40575.74,ONE_POINT,100,100,RANDOM
truncation_10,0.5,60,349,35000,153.26721620559692,40398,40501.99,ONE_POINT,100,100,RANDOM
truncation_10,0.5,60,350,35100,153.71494245529175,40300,40389.77,ONE_POINT,100,100,RANDOM
truncation_10,0.5,60,351,35200,154.1552929878235,40300,40314.67,ONE_POINT,100,100,RANDOM
truncation_10,0.5,60,352,35300,154.5885956287384,40238,40287.22,ONE_POINT,100,100,RANDOM
truncation_10,0.5,60,353,35400,155.01874589920044,40238,40241.92,ONE_POINT,100,100,RANDOM
truncation_10,0.5,60,354,35500,155.46655464172363,40184,40224.61,ONE_POINT,100,100,RANDOM
truncation_10,0.5,60,355,35600,155.91161918640137,40149,40178.35,ONE_POINT,100,100,RANDOM
truncation_10,0.5,60,356,35700,156.35263848304749,40046,40142.32,ONE_POINT,100,100,RANDOM
truncation_10,0.5,60,357,35800,156.79012775421143,40046,40086.95,ONE_POINT,100,100,RANDOM
truncation_10,0.5,60,358,35900,157.24429559707642,39938,40020.65,ONE_POINT,100,100,RANDOM
truncation_10,0.5,60,359,36000,157.67304611206055,39865,39946.9,ONE_POINT,100,100,RANDOM
truncation_10,0.5,60,360,36100,158.11289811134338,39833,39875.62,ONE_POINT,100,100,RANDOM
truncation_10,0.5,60,361,36200,158.53670191764832,39787,39823.18,ONE_POINT,100,100,RANDOM
truncation_10,0.5,60,362,36300,158.97364830970764,39752,39786.48,ONE_POINT,100,100,RANDOM
truncation_10,0.5,60,363,36400,159.42581272125244,39712,39759.55,ONE_POINT,100,100,RANDOM
truncation_10,0.5,60,364,36500,159.85607409477234,39650,39721.72,ONE_POINT,100,100,RANDOM
truncation_10,0.5,60,365,36600,160.287344455719,39650,39672.04,ONE_POINT,100,100,RANDOM
truncation_10,0.5,60,366,36700,160.72323060035706,39595,39645.11,ONE_POINT,100,100,RANDOM
truncation_10,0.5,60,367,36800,161.16545820236206,39555,39601.08,ONE_POINT,100,100,RANDOM
truncation_10,0.5,60,368,36900,161.6142156124115,39506,39570.83,ONE_POINT,100,100,RANDOM
truncation_10,0.5,60,369,37000,162.05300569534302,39477,39537.0,ONE_POINT,100,100,RANDOM
truncation_10,0.5,60,370,37100,162.5022678375244,39461,39487.68,ONE_POINT,100,100,RANDOM
truncation_10,0.5,60,371,37200,162.92888879776,39393,39431.32,ONE_POINT,100,100,RANDOM
truncation_10,0.5,60,372,37300,163.36621117591858,39285,39354.57,ONE_POINT,100,100,RANDOM
truncation_10,0.5,60,373,37400,163.8077974319458,39285,39304.99,ONE_POINT,100,100,RANDOM
truncation_10,0.5,60,374,37500,164.23960041999817,39218,39275.39,ONE_POINT,100,100,RANDOM
truncation_10,0.5,60,375,37600,164.68424677848816,39187,39234.12,ONE_POINT,100,100,RANDOM
truncation_10,0.5,60,376,37700,165.12073802947998,39166,39184.91,ONE_POINT,100,100,RANDOM
truncation_10,0.5,60,377,37800,165.57926893234253,39117,39149.07,ONE_POINT,100,100,RANDOM
truncation_10,0.5,60,378,37900,166.02097082138062,39060,39111.5,ONE_POINT,100,100,RANDOM
truncation_10,0.5,60,379,38000,166.44304633140564,39043,39067.31,ONE_POINT,100,100,RANDOM
truncation_10,0.5,60,380,38100,166.9034447669983,39034,39044.69,ONE_POINT,100,100,RANDOM
truncation_10,0.5,60,381,38200,167.3412709236145,38982,39021.19,ONE_POINT,100,100,RANDOM
truncation_10,0.5,60,382,38300,167.78800249099731,38889,38974.77,ONE_POINT,100,100,RANDOM
truncation_10,0.5,60,383,38400,168.2234706878662,38889,38946.76,ONE_POINT,100,100,RANDOM
truncation_10,0.5,60,384,38500,168.6734721660614,38853,38881.04,ONE_POINT,100,100,RANDOM
truncation_10,0.5,60,385,38600,169.11070775985718,38847,38854.32,ONE_POINT,100,100,RANDOM
truncation_10,0.5,60,386,38700,169.54304194450378,38767,38838.03,ONE_POINT,100,100,RANDOM
truncation_10,0.5,60,387,38800,170.02578711509705,38765,38791.45,ONE_POINT,100,100,RANDOM
truncation_10,0.5,60,388,38900,170.50022172927856,38720,38758.82,ONE_POINT,100,100,RANDOM
truncation_10,0.5,60,389,39000,170.9568910598755,38686,38717.97,ONE_POINT,100,100,RANDOM
truncation_10,0.5,60,390,39100,171.37371969223022,38648,38684.21,ONE_POINT,100,100,RANDOM
truncation_10,0.5,60,391,39200,171.80377626419067,38605,38660.3,ONE_POINT,100,100,RANDOM
truncation_10,0.5,60,392,39300,172.25780630111694,38456,38610.91,ONE_POINT,100,100,RANDOM
truncation_10,0.5,60,393,39400,172.69779133796692,38456,38552.07,ONE_POINT,100,100,RANDOM
truncation_10,0.5,60,394,39500,173.14817023277283,38391,38454.7,ONE_POINT,100,100,RANDOM
truncation_10,0.5,60,395,39600,173.574773311615,38391,38436.84,ONE_POINT,100,100,RANDOM
truncation_10,0.5,60,396,39700,174.03065490722656,38277,38383.5,ONE_POINT,100,100,RANDOM
truncation_10,0.5,60,397,39800,174.4543068408966,38274,38340.2,ONE_POINT,100,100,RANDOM
truncation_10,0.5,60,398,39900,174.89678478240967,38239,38275.28,ONE_POINT,100,100,RANDOM
truncation_10,0.5,60,399,40000,175.335786819458,38170,38211.23,ONE_POINT,100,100,RANDOM
truncation_10,0.5,60,400,40100,175.76528811454773,38096,38168.4,ONE_POINT,100,100,RANDOM
truncation_10,0.5,60,401,40200,176.22834014892578,38096,38158.39,ONE_POINT,100,100,RANDOM
truncation_10,0.5,60,402,40300,176.676696062088,38025,38098.13,ONE_POINT,100,100,RANDOM
truncation_10,0.5,60,403,40400,177.11948657035828,38025,38079.83,ONE_POINT,100,100,RANDOM
truncation_10,0.5,60,404,40500,177.56756281852722,38025,38046.76,ONE_POINT,100,100,RANDOM
truncation_10,0.5,60,405,40600,177.99214005470276,37990,38022.65,ONE_POINT,100,100,RANDOM
truncation_10,0.5,60,406,40700,178.4369158744812,37983,38003.77,ONE_POINT,100,100,RANDOM
truncation_10,0.5,60,407,40800,178.86715030670166,37944,37976.11,ONE_POINT,100,100,RANDOM
truncation_10,0.5,60,408,40900,179.29897665977478,37902,37939.27,ONE_POINT,100,100,RANDOM
truncation_10,0.5,60,409,41000,179.7453784942627,37902,37905.77,ONE_POINT,100,100,RANDOM
truncation_10,0.5,60,410,41100,180.18496870994568,37864,37898.23,ONE_POINT,100,100,RANDOM
truncation_10,0.5,60,411,41200,180.63751196861267,37864,37877.65,ONE_POINT,100,100,RANDOM
truncation_10,0.5,60,412,41300,181.1261146068573,37765,37853.14,ONE_POINT,100,100,RANDOM
truncation_10,0.5,60,413,41400,181.55519676208496,37765,37805.9,ONE_POINT,100,100,RANDOM
truncation_10,0.5,60,414,41500,181.993643283844,37749,37764.08,ONE_POINT,100,100,RANDOM
truncation_10,0.5,60,415,41600,182.44706392288208,37599,37741.82,ONE_POINT,100,100,RANDOM
truncation_10,0.5,60,416,41700,182.87606763839722,37599,37665.21,ONE_POINT,100,100,RANDOM
truncation_10,0.5,60,417,41800,183.30553555488586,37562,37594.25,ONE_POINT,100,100,RANDOM
truncation_10,0.5,60,418,41900,183.73544669151306,37551,37561.45,ONE_POINT,100,100,RANDOM
truncation_10,0.5,60,419,42000,184.1776704788208,37515,37546.32,ONE_POINT,100,100,RANDOM
truncation_10,0.5,60,420,42100,184.62192797660828,37515,37520.04,ONE_POINT,100,100,RANDOM
truncation_10,0.5,60,421,42200,185.04727482795715,37507,37514.34,ONE_POINT,100,100,RANDOM
truncation_10,0.5,60,422,42300,185.48826575279236,37487,37504.92,ONE_POINT,100,100,RANDOM
truncation_10,0.5,60,423,42400,185.9379425048828,37473,37484.86,ONE_POINT,100,100,RANDOM
truncation_10,0.5,60,424,42500,186.40369701385498,37433,37461.76,ONE_POINT,100,100,RANDOM
truncation_10,0.5,60,425,42600,186.893705368042,37395,37428.52,ONE_POINT,100,100,RANDOM
truncation_10,0.5,60,426,42700,187.37901329994202,37345,37391.83,ONE_POINT,100,100,RANDOM
truncation_10,0.5,60,427,42800,187.85736274719238,37303,37351.17,ONE_POINT,100,100,RANDOM
truncation_10,0.5,60,428,42900,188.31803441047668,37295,37312.66,ONE_POINT,100,100,RANDOM
truncation_10,0.5,60,429,43000,188.80751156806946,37243,37296.05,ONE_POINT,100,100,RANDOM
truncation_10,0.5,60,430,43100,189.25126028060913,37235,37265.89,ONE_POINT,100,100,RANDOM
truncation_10,0.5,60,431,43200,189.67497944831848,37212,37240.22,ONE_POINT,100,100,RANDOM
truncation_10,0.5,60,432,43300,190.1050431728363,37212,37230.91,ONE_POINT,100,100,RANDOM
truncation_10,0.5,60,433,43400,190.53694343566895,37204,37212.97,ONE_POINT,100,100,RANDOM
truncation_10,0.5,60,434,43500,190.9930078983307,37192,37204.63,ONE_POINT,100,100,RANDOM
truncation_10,0.5,60,435,43600,191.41915225982666,37192,37198.47,ONE_POINT,100,100,RANDOM
truncation_10,0.5,60,436,43700,191.85598134994507,37162,37186.38,ONE_POINT,100,100,RANDOM
truncation_10,0.5,60,437,43800,192.29878282546997,37098,37158.94,ONE_POINT,100,100,RANDOM
truncation_10,0.5,60,438,43900,192.78108835220337,37068,37115.25,ONE_POINT,100,100,RANDOM
truncation_10,0.5,60,439,44000,193.23918294906616,37047,37066.44,ONE_POINT,100,100,RANDOM
truncation_10,0.5,60,440,44100,193.66793656349182,37042,37053.9,ONE_POINT,100,100,RANDOM
truncation_10,0.5,60,441,44200,194.10304141044617,37036,37045.14,ONE_POINT,100,100,RANDOM
truncation_10,0.5,60,442,44300,194.52796912193298,37025,37037.16,ONE_POINT,100,100,RANDOM
truncation_10,0.5,60,443,44400,194.9621970653534,37003,37021.82,ONE_POINT,100,100,RANDOM
truncation_10,0.5,60,444,44500,195.4150514602661,36955,36999.34,ONE_POINT,100,100,RANDOM
truncation_10,0.5,60,445,44600,195.84413933753967,36955,36978.23,ONE_POINT,100,100,RANDOM
truncation_10,0.5,60,446,44700,196.28851413726807,36931,36952.68,ONE_POINT,100,100,RANDOM
truncation_10,0.5,60,447,44800,196.72713470458984,36925,36936.91,ONE_POINT,100,100,RANDOM
truncation_10,0.5,60,448,44900,197.17011380195618,36901,36922.9,ONE_POINT,100,100,RANDOM
truncation_10,0.5,60,449,45000,197.62226390838623,36871,36898.83,ONE_POINT,100,100,RANDOM
truncation_10,0.5,60,450,45100,198.04441380500793,36871,36876.79,ONE_POINT,100,100,RANDOM
truncation_10,0.5,60,451,45200,198.48638081550598,36871,36871.0,ONE_POINT,100,100,RANDOM
truncation_10,0.5,80,1,200,0.3007941246032715,133415,142485.2,ONE_POINT,100,100,RANDOM
truncation_10,0.5,80,2,300,0.7438445091247559,127652,134352.48,ONE_POINT,100,100,RANDOM
truncation_10,0.5,80,3,400,1.170398473739624,119349,125625.62,ONE_POINT,100,100,RANDOM
truncation_10,0.5,80,4,500,1.610962152481079,113725,119977.54,ONE_POINT,100,100,RANDOM
truncation_10,0.5,80,5,600,2.049211025238037,110708,116413.38,ONE_POINT,100,100,RANDOM
truncation_10,0.5,80,6,700,2.485241651535034,110701,111243.45,ONE_POINT,100,100,RANDOM
truncation_10,0.5,80,7,800,2.9162144660949707,109500,110321.87,ONE_POINT,100,100,RANDOM
truncation_10,0.5,80,8,900,3.353604793548584,109123,109529.08,ONE_POINT,100,100,RANDOM
truncation_10,0.5,80,9,1000,3.785851240158081,106893,108739.73,ONE_POINT,100,100,RANDOM
truncation_10,0.5,80,10,1100,4.2154107093811035,106149,107396.83,ONE_POINT,100,100,RANDOM
truncation_10,0.5,80,11,1200,4.657142877578735,104758,106160.34,ONE_POINT,100,100,RANDOM
truncation_10,0.5,80,12,1300,5.100348472595215,104608,105130.27,ONE_POINT,100,100,RANDOM
truncation_10,0.5,80,13,1400,5.531394004821777,103715,104525.94,ONE_POINT,100,100,RANDOM
truncation_10,0.5,80,14,1500,5.981350898742676,102874,103959.52,ONE_POINT,100,100,RANDOM
truncation_10,0.5,80,15,1600,6.4273247718811035,102650,103164.66,ONE_POINT,100,100,RANDOM
truncation_10,0.5,80,16,1700,6.856393814086914,101575,102300.85,ONE_POINT,100,100,RANDOM
truncation_10,0.5,80,17,1800,7.285163164138794,100634,101566.99,ONE_POINT,100,100,RANDOM
truncation_10,0.5,80,18,1900,7.718336820602417,100248,101142.2,ONE_POINT,100,100,RANDOM
truncation_10,0.5,80,19,2000,8.147746324539185,100028,100434.56,ONE_POINT,100,100,RANDOM
truncation_10,0.5,80,20,2100,8.595634460449219,99216,99955.49,ONE_POINT,100,100,RANDOM
truncation_10,0.5,80,21,2200,9.023305892944336,98996,99406.5,ONE_POINT,100,100,RANDOM
truncation_10,0.5,80,22,2300,9.483539342880249,98183,98780.97,ONE_POINT,100,100,RANDOM
truncation_10,0.5,80,23,2400,9.912380456924438,97905,98218.39,ONE_POINT,100,100,RANDOM
truncation_10,0.5,80,24,2500,10.348261833190918,97511,97846.75,ONE_POINT,100,100,RANDOM
truncation_10,0.5,80,25,2600,10.793451070785522,96707,97381.68,ONE_POINT,100,100,RANDOM
truncation_10,0.5,80,26,2700,11.219933271408081,96508,96866.61,ONE_POINT,100,100,RANDOM
truncation_10,0.5,80,27,2800,11.662529706954956,96136,96393.76,ONE_POINT,100,100,RANDOM
truncation_10,0.5,80,28,2900,12.11090350151062,95146,95679.86,ONE_POINT,100,100,RANDOM
truncation_10,0.5,80,29,3000,12.564516544342041,94789,95006.71,ONE_POINT,100,100,RANDOM
truncation_10,0.5,80,30,3100,13.006282567977905,94205,94720.58,ONE_POINT,100,100,RANDOM
truncation_10,0.5,80,31,3200,13.444820404052734,94186,94327.56,ONE_POINT,100,100,RANDOM
truncation_10,0.5,80,32,3300,13.889512300491333,93417,93896.39,ONE_POINT,100,100,RANDOM
truncation_10,0.5,80,33,3400,14.328082084655762,92929,93370.75,ONE_POINT,100,100,RANDOM
truncation_10,0.5,80,34,3500,14.75874137878418,92206,92885.39,ONE_POINT,100,100,RANDOM
truncation_10,0.5,80,35,3600,15.193157434463501,91603,92279.89,ONE_POINT,100,100,RANDOM
truncation_10,0.5,80,36,3700,15.620351076126099,91603,91742.43,ONE_POINT,100,100,RANDOM
truncation_10,0.5,80,37,3800,16.056859493255615,90686,91262.11,ONE_POINT,100,100,RANDOM
truncation_10,0.5,80,38,3900,16.482765913009644,90131,90769.5,ONE_POINT,100,100,RANDOM
truncation_10,0.5,80,39,4000,16.91340446472168,89412,90079.44,ONE_POINT,100,100,RANDOM
truncation_10,0.5,80,40,4100,17.342754364013672,89412,89612.13,ONE_POINT,100,100,RANDOM
truncation_10,0.5,80,41,4200,17.779735326766968,88718,89242.96,ONE_POINT,100,100,RANDOM
truncation_10,0.5,80,42,4300,18.224180221557617,88264,88747.11,ONE_POINT,100,100,RANDOM
truncation_10,0.5,80,43,4400,18.653568506240845,87711,88197.14,ONE_POINT,100,100,RANDOM
truncation_10,0.5,80,44,4500,19.12948966026306,86283,87480.03,ONE_POINT,100,100,RANDOM
truncation_10,0.5,80,45,4600,19.56237530708313,86198,86590.03,ONE_POINT,100,100,RANDOM
truncation_10,0.5,80,46,4700,19.985320806503296,85930,86137.56,ONE_POINT,100,100,RANDOM
truncation_10,0.5,80,47,4800,20.4363374710083,85401,85830.37,ONE_POINT,100,100,RANDOM
truncation_10,0.5,80,48,4900,20.86121964454651,84940,85320.65,ONE_POINT,100,100,RANDOM
truncation_10,0.5,80,49,5000,21.30185580253601,84362,84890.63,ONE_POINT,100,100,RANDOM
truncation_10,0.5,80,50,5100,21.732664823532104,84273,84470.8,ONE_POINT,100,100,RANDOM
truncation_10,0.5,80,51,5200,22.16969132423401,83355,84025.23,ONE_POINT,100,100,RANDOM
truncation_10,0.5,80,52,5300,22.607223987579346,83017,83307.69,ONE_POINT,100,100,RANDOM
truncation_10,0.5,80,53,5400,23.040830612182617,82674,83037.92,ONE_POINT,100,100,RANDOM
truncation_10,0.5,80,54,5500,23.493123769760132,82424,82669.44,ONE_POINT,100,100,RANDOM
truncation_10,0.5,80,55,5600,23.9221293926239,81947,82335.87,ONE_POINT,100,100,RANDOM
truncation_10,0.5,80,56,5700,24.362030506134033,81711,81944.69,ONE_POINT,100,100,RANDOM
truncation_10,0.5,80,57,5800,24.804683446884155,81281,81581.39,ONE_POINT,100,100,RANDOM
truncation_10,0.5,80,58,5900,25.237677097320557,80444,81146.79,ONE_POINT,100,100,RANDOM
truncation_10,0.5,80,59,6000,25.677329301834106,80444,80702.14,ONE_POINT,100,100,RANDOM
truncation_10,0.5,80,60,6100,26.096073865890503,79742,80304.33,ONE_POINT,100,100,RANDOM
truncation_10,0.5,80,61,6200,26.52444338798523,79654,79988.49,ONE_POINT,100,100,RANDOM
truncation_10,0.5,80,62,6300,26.972562789916992,79252,79647.08,ONE_POINT,100,100,RANDOM
truncation_10,0.5,80,63,6400,27.405009984970093,79116,79331.98,ONE_POINT,100,100,RANDOM
truncation_10,0.5,80,64,6500,27.862456798553467,78345,79006.01,ONE_POINT,100,100,RANDOM
truncation_10,0.5,80,65,6600,28.28539538383484,78342,78632.51,ONE_POINT,100,100,RANDOM
truncation_10,0.5,80,66,6700,28.722113609313965,77779,78227.3,ONE_POINT,100,100,RANDOM
truncation_10,0.5,80,67,6800,29.16863179206848,77420,77658.79,ONE_POINT,100,100,RANDOM
truncation_10,0.5,80,68,6900,29.62140727043152,77223,77378.0,ONE_POINT,100,100,RANDOM
truncation_10,0.5,80,69,7000,30.0512752532959,77111,77216.41,ONE_POINT,100,100,RANDOM
truncation_10,0.5,80,70,7100,30.49988102912903,76887,77068.78,ONE_POINT,100,100,RANDOM
truncation_10,0.5,80,71,7200,30.93010950088501,76625,76876.41,ONE_POINT,100,100,RANDOM
truncation_10,0.5,80,72,7300,31.42397379875183,76445,76599.61,ONE_POINT,100,100,RANDOM
truncation_10,0.5,80,73,7400,31.86159658432007,76310,76421.5,ONE_POINT,100,100,RANDOM
truncation_10,0.5,80,74,7500,32.279356241226196,76140,76295.79,ONE_POINT,100,100,RANDOM
truncation_10,0.5,80,75,7600,32.767273902893066,75483,76120.2,ONE_POINT,100,100,RANDOM
truncation_10,0.5,80,76,7700,33.21252965927124,75168,75701.35,ONE_POINT,100,100,RANDOM
truncation_10,0.5,80,77,7800,33.66116189956665,74781,75128.51,ONE_POINT,100,100,RANDOM
truncation_10,0.5,80,78,7900,34.08502984046936,74762,74901.52,ONE_POINT,100,100,RANDOM
truncation_10,0.5,80,79,8000,34.530622243881226,74530,74709.29,ONE_POINT,100,100,RANDOM
truncation_10,0.5,80,80,8100,34.952672719955444,74222,74503.39,ONE_POINT,100,100,RANDOM
truncation_10,0.5,80,81,8200,35.37602424621582,73851,74264.2,ONE_POINT,100,100,RANDOM
truncation_10,0.5,80,82,8300,35.83736824989319,73485,73814.49,ONE_POINT,100,100,RANDOM
truncation_10,0.5,80,83,8400,36.273550033569336,73313,73506.63,ONE_POINT,100,100,RANDOM
truncation_10,0.5,80,84,8500,36.70743441581726,72262,73347.24,ONE_POINT,100,100,RANDOM
truncation_10,0.5,80,85,8600,37.1278874874115,72015,72518.82,ONE_POINT,100,100,RANDOM
truncation_10,0.5,80,86,8700,37.57249426841736,71887,72116.21,ONE_POINT,100,100,RANDOM
truncation_10,0.5,80,87,8800,38.04935431480408,71735,71933.95,ONE_POINT,100,100,RANDOM
truncation_10,0.5,80,88,8900,38.4858341217041,71430,71694.12,ONE_POINT,100,100,RANDOM
truncation_10,0.5,80,89,9000,38.93354344367981,71208,71445.69,ONE_POINT,100,100,RANDOM
truncation_10,0.5,80,90,9100,39.373318672180176,70796,71200.51,ONE_POINT,100,100,RANDOM
truncation_10,0.5,80,91,9200,39.81738090515137,70705,70956.3,ONE_POINT,100,100,RANDOM
truncation_10,0.5,80,92,9300,40.27667188644409,70412,70679.7,ONE_POINT,100,100,RANDOM
truncation_10,0.5,80,93,9400,40.72155690193176,70026,70379.5,ONE_POINT,100,100,RANDOM
truncation_10,0.5,80,94,9500,41.15307903289795,69761,70012.51,ONE_POINT,100,100,RANDOM
truncation_10,0.5,80,95,9600,41.59433698654175,69731,69770.06,ONE_POINT,100,100,RANDOM
truncation_10,0.5,80,96,9700,42.01946449279785,69442,69676.56,ONE_POINT,100,100,RANDOM
truncation_10,0.5,80,97,9800,42.47225260734558,69423,69520.14,ONE_POINT,100,100,RANDOM
truncation_10,0.5,80,98,9900,42.911456823349,68976,69317.92,ONE_POINT,100,100,RANDOM
truncation_10,0.5,80,99,10000,43.34645366668701,68849,68989.93,ONE_POINT,100,100,RANDOM
truncation_10,0.5,80,100,10100,43.78619432449341,68264,68639.53,ONE_POINT,100,100,RANDOM
truncation_10,0.5,80,101,10200,44.25501894950867,68001,68325.86,ONE_POINT,100,100,RANDOM
truncation_10,0.5,80,102,10300,44.70576524734497,67594,67956.96,ONE_POINT,100,100,RANDOM
truncation_10,0.5,80,103,10400,45.136563301086426,67540,67614.45,ONE_POINT,100,100,RANDOM
truncation_10,0.5,80,104,10500,45.56446290016174,67242,67484.43,ONE_POINT,100,100,RANDOM
truncation_10,0.5,80,105,10600,45.99954056739807,67035,67254.6,ONE_POINT,100,100,RANDOM
truncation_10,0.5,80,106,10700,46.46591567993164,66943,67090.81,ONE_POINT,100,100,RANDOM
truncation_10,0.5,80,107,10800,46.90361189842224,66663,66950.52,ONE_POINT,100,100,RANDOM
truncation_10,0.5,80,108,10900,47.35053062438965,66620,66830.91,ONE_POINT,100,100,RANDOM
truncation_10,0.5,80,109,11000,47.791937589645386,66595,66633.46,ONE_POINT,100,100,RANDOM
truncation_10,0.5,80,110,11100,48.223856687545776,66238,66533.2,ONE_POINT,100,100,RANDOM
truncation_10,0.5,80,111,11200,48.68246841430664,66119,66332.96,ONE_POINT,100,100,RANDOM
truncation_10,0.5,80,112,11300,49.1243679523468,66119,66170.94,ONE_POINT,100,100,RANDOM
truncation_10,0.5,80,113,11400,49.58594274520874,65983,66079.33,ONE_POINT,100,100,RANDOM
truncation_10,0.5,80,114,11500,50.02118468284607,65762,65949.31,ONE_POINT,100,100,RANDOM
truncation_10,0.5,80,115,11600,50.46074652671814,65553,65773.17,ONE_POINT,100,100,RANDOM
truncation_10,0.5,80,116,11700,50.908055782318115,65380,65558.76,ONE_POINT,100,100,RANDOM
truncation_10,0.5,80,117,11800,51.35245132446289,65095,65318.0,ONE_POINT,100,100,RANDOM
truncation_10,0.5,80,118,11900,51.791053771972656,64816,65012.36,ONE_POINT,100,100,RANDOM
truncation_10,0.5,80,119,12000,52.2242214679718,64681,64782.68,ONE_POINT,100,100,RANDOM
truncation_10,0.5,80,120,12100,52.67008972167969,64294,64564.16,ONE_POINT,100,100,RANDOM
truncation_10,0.5,80,121,12200,53.10534739494324,64270,64314.16,ONE_POINT,100,100,RANDOM
truncation_10,0.5,80,122,12300,53.55982542037964,64062,64252.24,ONE_POINT,100,100,RANDOM
truncation_10,0.5,80,123,12400,54.005271196365356,63809,64059.1,ONE_POINT,100,100,RANDOM
truncation_10,0.5,80,124,12500,54.437331676483154,63767,63881.71,ONE_POINT,100,100,RANDOM
truncation_10,0.5,80,125,12600,54.88951897621155,63513,63698.59,ONE_POINT,100,100,RANDOM
truncation_10,0.5,80,126,12700,55.32308745384216,63343,63519.95,ONE_POINT,100,100,RANDOM
truncation_10,0.5,80,127,12800,55.75777792930603,63265,63334.36,ONE_POINT,100,100,RANDOM
truncation_10,0.5,80,128,12900,56.19196891784668,63091,63228.74,ONE_POINT,100,100,RANDOM
truncation_10,0.5,80,129,13000,56.628870725631714,62964,63091.05,ONE_POINT,100,100,RANDOM
truncation_10,0.5,80,130,13100,57.06346416473389,62535,62899.68,ONE_POINT,100,100,RANDOM
truncation_10,0.5,80,131,13200,57.49441885948181,62459,62530.48,ONE_POINT,100,100,RANDOM
truncation_10,0.5,80,132,13300,57.941553592681885,62388,62441.2,ONE_POINT,100,100,RANDOM
truncation_10,0.5,80,133,13400,58.38406562805176,62200,62345.83,ONE_POINT,100,100,RANDOM
truncation_10,0.5,80,134,13500,58.83071732521057,62000,62187.39,ONE_POINT,100,100,RANDOM
truncation_10,0.5,80,135,13600,59.26498103141785,61905,62002.15,ONE_POINT,100,100,RANDOM
truncation_10,0.5,80,136,13700,59.70144057273865,61718,61859.63,ONE_POINT,100,100,RANDOM
truncation_10,0.5,80,137,13800,60.14000415802002,61308,61644.99,ONE_POINT,100,100,RANDOM
truncation_10,0.5,80,138,13900,60.57746148109436,61110,61401.72,ONE_POINT,100,100,RANDOM
truncation_10,0.5,80,139,14000,61.030065298080444,61045,61184.93,ONE_POINT,100,100,RANDOM
truncation_10,0.5,80,140,14100,61.45504903793335,60834,60978.95,ONE_POINT,100,100,RANDOM
truncation_10,0.5,80,141,14200,61.90056490898132,60442,60820.89,ONE_POINT,100,100,RANDOM
truncation_10,0.5,80,142,14300,62.350653648376465,60311,60496.76,ONE_POINT,100,100,RANDOM
truncation_10,0.5,80,143,14400,62.77109670639038,60084,60310.49,ONE_POINT,100,100,RANDOM
truncation_10,0.5,80,144,14500,63.221019983291626,59837,60161.88,ONE_POINT,100,100,RANDOM
truncation_10,0.5,80,145,14600,63.66557860374451,59837,59969.72,ONE_POINT,100,100,RANDOM
truncation_10,0.5,80,146,14700,64.09037971496582,59701,59813.09,ONE_POINT,100,100,RANDOM
truncation_10,0.5,80,147,14800,64.53447961807251,59555,59706.0,ONE_POINT,100,100,RANDOM
truncation_10,0.5,80,148,14900,64.96032500267029,59355,59577.85,ONE_POINT,100,100,RANDOM
truncation_10,0.5,80,149,15000,65.4191222190857,59219,59394.32,ONE_POINT,100,100,RANDOM
truncation_10,0.5,80,150,15100,65.84126210212708,58932,59240.24,ONE_POINT,100,100,RANDOM
truncation_10,0.5,80,151,15200,66.27739644050598,58932,59051.81,ONE_POINT,100,100,RANDOM
truncation_10,0.5,80,152,15300,66.71495532989502,58804,58892.35,ONE_POINT,100,100,RANDOM
truncation_10,0.5,80,153,15400,67.15828204154968,58643,58772.9,ONE_POINT,100,100,RANDOM
truncation_10,0.5,80,154,15500,67.59518790245056,58535,58625.41,ONE_POINT,100,100,RANDOM
truncation_10,0.5,80,155,15600,68.03416514396667,58326,58521.2,ONE_POINT,100,100,RANDOM
truncation_10,0.5,80,156,15700,68.46695280075073,58256,58361.41,ONE_POINT,100,100,RANDOM
truncation_10,0.5,80,157,15800,68.90937399864197,58148,58246.28,ONE_POINT,100,100,RANDOM
truncation_10,0.5,80,158,15900,69.35599827766418,57947,58109.01,ONE_POINT,100,100,RANDOM
truncation_10,0.5,80,159,16000,69.81146454811096,57831,57970.77,ONE_POINT,100,100,RANDOM
truncation_10,0.5,80,160,16100,70.23966765403748,57673,57847.36,ONE_POINT,100,100,RANDOM
truncation_10,0.5,80,161,16200,70.67989301681519,57522,57678.89,ONE_POINT,100,100,RANDOM
truncation_10,0.5,80,162,16300,71.13089418411255,57305,57493.59,ONE_POINT,100,100,RANDOM
truncation_10,0.5,80,163,16400,71.57169651985168,57211,57310.43,ONE_POINT,100,100,RANDOM
truncation_10,0.5,80,164,16500,72.01905250549316,57101,57184.92,ONE_POINT,100,100,RANDOM
truncation_10,0.5,80,165,16600,72.47273063659668,56849,57029.79,ONE_POINT,100,100,RANDOM
truncation_10,0.5,80,166,16700,72.90218544006348,56630,56838.43,ONE_POINT,100,100,RANDOM
truncation_10,0.5,80,167,16800,73.3446614742279,56585,56679.74,ONE_POINT,100,100,RANDOM
truncation_10,0.5,80,168,16900,73.79632520675659,56442,56590.0,ONE_POINT,100,100,RANDOM
truncation_10,0.5,80,169,17000,74.22573637962341,56442,56499.34,ONE_POINT,100,100,RANDOM
truncation_10,0.5,80,170,17100,74.69704246520996,56244,56402.53,ONE_POINT,100,100,RANDOM
truncation_10,0.5,80,171,17200,75.1359703540802,55988,56233.43,ONE_POINT,100,100,RANDOM
truncation_10,0.5,80,172,17300,75.5743362903595,55741,56032.27,ONE_POINT,100,100,RANDOM
truncation_10,0.5,80,173,17400,76.01253008842468,55379,55753.13,ONE_POINT,100,100,RANDOM
truncation_10,0.5,80,174,17500,76.44004392623901,55228,55571.6,ONE_POINT,100,100,RANDOM
truncation_10,0.5,80,175,17600,76.86672592163086,55068,55241.73,ONE_POINT,100,100,RANDOM
truncation_10,0.5,80,176,17700,77.30189728736877,55068,55135.88,ONE_POINT,100,100,RANDOM
truncation_10,0.5,80,177,17800,77.7513382434845,54908,55008.33,ONE_POINT,100,100,RANDOM
truncation_10,0.5,80,178,17900,78.18873977661133,54742,54897.24,ONE_POINT,100,100,RANDOM
truncation_10,0.5,80,179,18000,78.62192678451538,54615,54754.54,ONE_POINT,100,100,RANDOM
truncation_10,0.5,80,180,18100,79.04855942726135,54499,54628.64,ONE_POINT,100,100,RANDOM
truncation_10,0.5,80,181,18200,79.47210502624512,54239,54442.39,ONE_POINT,100,100,RANDOM
truncation_10,0.5,80,182,18300,79.9330325126648,54184,54228.63,ONE_POINT,100,100,RANDOM
truncation_10,0.5,80,183,18400,80.35870504379272,53883,54067.63,ONE_POINT,100,100,RANDOM
truncation_10,0.5,80,184,18500,80.79715299606323,53835,53894.53,ONE_POINT,100,100,RANDOM
truncation_10,0.5,80,185,18600,81.225909948349,53561,53806.31,ONE_POINT,100,100,RANDOM
truncation_10,0.5,80,186,18700,81.65867686271667,53550,53671.07,ONE_POINT,100,100,RANDOM
truncation_10,0.5,80,187,18800,82.12473726272583,53317,53490.29,ONE_POINT,100,100,RANDOM
truncation_10,0.5,80,188,18900,82.56911444664001,53234,53323.36,ONE_POINT,100,100,RANDOM
truncation_10,0.5,80,189,19000,82.99790096282959,52918,53188.91,ONE_POINT,100,100,RANDOM
truncation_10,0.5,80,190,19100,83.42454099655151,52881,52969.04,ONE_POINT,100,100,RANDOM
truncation_10,0.5,80,191,19200,83.85161876678467,52815,52882.44,ONE_POINT,100,100,RANDOM
truncation_10,0.5,80,192,19300,84.30353164672852,52669,52802.24,ONE_POINT,100,100,RANDOM
truncation_10,0.5,80,193,19400,84.74177694320679,52553,52694.8,ONE_POINT,100,100,RANDOM
truncation_10,0.5,80,194,19500,85.17446327209473,52495,52585.97,ONE_POINT,100,100,RANDOM
truncation_10,0.5,80,195,19600,85.6018168926239,52355,52474.28,ONE_POINT,100,100,RANDOM
truncation_10,0.5,80,196,19700,86.02914094924927,52184,52324.95,ONE_POINT,100,100,RANDOM
truncation_10,0.5,80,197,19800,86.49333190917969,52029,52168.38,ONE_POINT,100,100,RANDOM
truncation_10,0.5,80,198,19900,86.92612767219543,51725,51985.0,ONE_POINT,100,100,RANDOM
truncation_10,0.5,80,199,20000,87.36893129348755,51575,51691.23,ONE_POINT,100,100,RANDOM
truncation_10,0.5,80,200,20100,87.79511761665344,51554,51583.94,ONE_POINT,100,100,RANDOM
truncation_10,0.5,80,201,20200,88.24160695075989,51459,51548.55,ONE_POINT,100,100,RANDOM
truncation_10,0.5,80,202,20300,88.69252634048462,51436,51470.49,ONE_POINT,100,100,RANDOM
truncation_10,0.5,80,203,20400,89.12266683578491,51221,51401.26,ONE_POINT,100,100,RANDOM
truncation_10,0.5,80,204,20500,89.54759311676025,51180,51272.1,ONE_POINT,100,100,RANDOM
truncation_10,0.5,80,205,20600,90.00696206092834,50959,51132.14,ONE_POINT,100,100,RANDOM
truncation_10,0.5,80,206,20700,90.45677995681763,50835,50966.17,ONE_POINT,100,100,RANDOM
truncation_10,0.5,80,207,20800,90.89498853683472,50718,50822.34,ONE_POINT,100,100,RANDOM
truncation_10,0.5,80,208,20900,91.331289768219,50534,50699.19,ONE_POINT,100,100,RANDOM
truncation_10,0.5,80,209,21000,91.79802680015564,50529,50573.47,ONE_POINT,100,100,RANDOM
truncation_10,0.5,80,210,21100,92.23526453971863,50433,50520.25,ONE_POINT,100,100,RANDOM
truncation_10,0.5,80,211,21200,92.69189596176147,50391,50467.31,ONE_POINT,100,100,RANDOM
truncation_10,0.5,80,212,21300,93.1329414844513,50240,50388.6,ONE_POINT,100,100,RANDOM
truncation_10,0.5,80,213,21400,93.57345056533813,50240,50318.06,ONE_POINT,100,100,RANDOM
truncation_10,0.5,80,214,21500,94.00613784790039,50184,50236.11,ONE_POINT,100,100,RANDOM
truncation_10,0.5,80,215,21600,94.43917417526245,50137,50194.4,ONE_POINT,100,100,RANDOM
truncation_10,0.5,80,216,21700,94.87997198104858,49973,50122.27,ONE_POINT,100,100,RANDOM
truncation_10,0.5,80,217,21800,95.31971669197083,49873,50030.44,ONE_POINT,100,100,RANDOM
truncation_10,0.5,80,218,21900,95.75734519958496,49815,49877.42,ONE_POINT,100,100,RANDOM
truncation_10,0.5,80,219,22000,96.19344115257263,49710,49790.46,ONE_POINT,100,100,RANDOM
truncation_10,0.5,80,220,22100,96.6414680480957,49523,49675.46,ONE_POINT,100,100,RANDOM
truncation_10,0.5,80,221,22200,97.0807466506958,49388,49527.45,ONE_POINT,100,100,RANDOM
truncation_10,0.5,80,222,22300,97.52454948425293,49339,49401.66,ONE_POINT,100,100,RANDOM
truncation_10,0.5,80,223,22400,97.96119499206543,49213,49313.12,ONE_POINT,100,100,RANDOM
truncation_10,0.5,80,224,22500,98.38075399398804,49068,49207.82,ONE_POINT,100,100,RANDOM
truncation_10,0.5,80,225,22600,98.82546257972717,49024,49121.51,ONE_POINT,100,100,RANDOM
truncation_10,0.5,80,226,22700,99.26288914680481,48911,49000.57,ONE_POINT,100,100,RANDOM
truncation_10,0.5,80,227,22800,99.6964180469513,48800,48894.02,ONE_POINT,100,100,RANDOM
truncation_10,0.5,80,228,22900,100.12986254692078,48761,48801.0,ONE_POINT,100,100,RANDOM
truncation_10,0.5,80,229,23000,100.57434058189392,48608,48725.62,ONE_POINT,100,100,RANDOM
truncation_10,0.5,80,230,23100,101.02230739593506,48425,48600.03,ONE_POINT,100,100,RANDOM
truncation_10,0.5,80,231,23200,101.45699381828308,48269,48479.41,ONE_POINT,100,100,RANDOM
truncation_10,0.5,80,232,23300,101.88838768005371,48215,48320.67,ONE_POINT,100,100,RANDOM
truncation_10,0.5,80,233,23400,102.3191466331482,48074,48172.35,ONE_POINT,100,100,RANDOM
truncation_10,0.5,80,234,23500,102.75608348846436,48034,48078.15,ONE_POINT,100,100,RANDOM
truncation_10,0.5,80,235,23600,103.19532418251038,47942,48026.16,ONE_POINT,100,100,RANDOM
truncation_10,0.5,80,236,23700,103.61932897567749,47880,47945.69,ONE_POINT,100,100,RANDOM
truncation_10,0.5,80,237,23800,104.05671429634094,47846,47882.57,ONE_POINT,100,100,RANDOM
truncation_10,0.5,80,238,23900,104.50958943367004,47796,47840.59,ONE_POINT,100,100,RANDOM
truncation_10,0.5,80,239,24000,104.94108057022095,47760,47806.36,ONE_POINT,100,100,RANDOM
truncation_10,0.5,80,240,24100,105.37022471427917,47674,47756.84,ONE_POINT,100,100,RANDOM
truncation_10,0.5,80,241,24200,105.80072903633118,47559,47690.47,ONE_POINT,100,100,RANDOM
truncation_10,0.5,80,242,24300,106.24477076530457,47511,47603.79,ONE_POINT,100,100,RANDOM
truncation_10,0.5,80,243,24400,106.66904902458191,47414,47490.18,ONE_POINT,100,100,RANDOM
truncation_10,0.5,80,244,24500,107.09459400177002,47230,47403.96,ONE_POINT,100,100,RANDOM
truncation_10,0.5,80,245,24600,107.53454995155334,47167,47294.92,ONE_POINT,100,100,RANDOM
truncation_10,0.5,80,246,24700,107.9642767906189,47057,47157.29,ONE_POINT,100,100,RANDOM
truncation_10,0.5,80,247,24800,108.42209959030151,46858,46989.36,ONE_POINT,100,100,RANDOM
truncation_10,0.5,80,248,24900,108.84572649002075,46770,46856.8,ONE_POINT,100,100,RANDOM
truncation_10,0.5,80,249,25000,109.30097556114197,46745,46799.33,ONE_POINT,100,100,RANDOM
truncation_10,0.5,80,250,25100,109.75247645378113,46679,46737.38,ONE_POINT,100,100,RANDOM
truncation_10,0.5,80,251,25200,110.18302130699158,46580,46681.66,ONE_POINT,100,100,RANDOM
truncation_10,0.5,80,252,25300,110.64984583854675,46213,46548.22,ONE_POINT,100,100,RANDOM
truncation_10,0.5,80,253,25400,111.0731680393219,46093,46291.41,ONE_POINT,100,100,RANDOM
truncation_10,0.5,80,254,25500,111.5181257724762,46071,46106.89,ONE_POINT,100,100,RANDOM
truncation_10,0.5,80,255,25600,111.95727109909058,45925,46047.42,ONE_POINT,100,100,RANDOM
truncation_10,0.5,80,256,25700,112.39220023155212,45925,45958.15,ONE_POINT,100,100,RANDOM
truncation_10,0.5,80,257,25800,112.83684420585632,45871,45916.49,ONE_POINT,100,100,RANDOM
truncation_10,0.5,80,258,25900,113.28901243209839,45844,45871.23,ONE_POINT,100,100,RANDOM
truncation_10,0.5,80,259,26000,113.73539566993713,45738,45812.46,ONE_POINT,100,100,RANDOM
truncation_10,0.5,80,260,26100,114.18509674072266,45553,45741.31,ONE_POINT,100,100,RANDOM
truncation_10,0.5,80,261,26200,114.61246132850647,45503,45663.72,ONE_POINT,100,100,RANDOM
truncation_10,0.5,80,262,26300,115.0421576499939,45335,45493.96,ONE_POINT,100,100,RANDOM
truncation_10,0.5,80,263,26400,115.48040270805359,45273,45341.22,ONE_POINT,100,100,RANDOM
truncation_10,0.5,80,264,26500,115.92286825180054,45223,45265.37,ONE_POINT,100,100,RANDOM
truncation_10,0.5,80,265,26600,116.3573100566864,45091,45205.97,ONE_POINT,100,100,RANDOM
truncation_10,0.5,80,266,26700,116.77898502349854,45027,45082.32,ONE_POINT,100,100,RANDOM
truncation_10,0.5,80,267,26800,117.23063898086548,44999,45035.49,ONE_POINT,100,100,RANDOM
truncation_10,0.5,80,268,26900,117.6842782497406,44905,44981.01,ONE_POINT,100,100,RANDOM
truncation_10,0.5,80,269,27000,118.12358522415161,44616,44895.06,ONE_POINT,100,100,RANDOM
truncation_10,0.5,80,270,27100,118.55514931678772,44494,44732.37,ONE_POINT,100,100,RANDOM
truncation_10,0.5,80,271,27200,118.99272298812866,44461,44508.6,ONE_POINT,100,100,RANDOM
truncation_10,0.5,80,272,27300,119.43038582801819,44344,44440.73,ONE_POINT,100,100,RANDOM
truncation_10,0.5,80,273,27400,119.88029718399048,44210,44355.34,ONE_POINT,100,100,RANDOM
truncation_10,0.5,80,274,27500,120.31575012207031,44202,44295.87,ONE_POINT,100,100,RANDOM
truncation_10,0.5,80,275,27600,120.75945091247559,44132,44194.21,ONE_POINT,100,100,RANDOM
truncation_10,0.5,80,276,27700,121.1842737197876,43951,44125.29,ONE_POINT,100,100,RANDOM
truncation_10,0.5,80,277,27800,121.63502812385559,43902,44026.42,ONE_POINT,100,100,RANDOM
truncation_10,0.5,80,278,27900,122.07652640342712,43750,43885.13,ONE_POINT,100,100,RANDOM
truncation_10,0.5,80,279,28000,122.5235047340393,43750,43790.92,ONE_POINT,100,100,RANDOM
truncation_10,0.5,80,280,28100,122.95950961112976,43684,43741.18,ONE_POINT,100,100,RANDOM
truncation_10,0.5,80,281,28200,123.40536284446716,43684,43698.99,ONE_POINT,100,100,RANDOM
truncation_10,0.5,80,282,28300,123.85613560676575,43567,43658.57,ONE_POINT,100,100,RANDOM
truncation_10,0.5,80,283,28400,124.28540873527527,43526,43581.36,ONE_POINT,100,100,RANDOM
truncation_10,0.5,80,284,28500,124.71876525878906,43501,43526.65,ONE_POINT,100,100,RANDOM
truncation_10,0.5,80,285,28600,125.14418411254883,43368,43498.19,ONE_POINT,100,100,RANDOM
truncation_10,0.5,80,286,28700,125.5774257183075,43330,43410.31,ONE_POINT,100,100,RANDOM
truncation_10,0.5,80,287,28800,126.03745365142822,43305,43343.3,ONE_POINT,100,100,RANDOM
truncation_10,0.5,80,288,28900,126.47715663909912,43305,43317.61,ONE_POINT,100,100,RANDOM
truncation_10,0.5,80,289,29000,126.91107201576233,43268,43299.91,ONE_POINT,100,100,RANDOM
truncation_10,0.5,80,290,29100,127.34085988998413,43119,43264.71,ONE_POINT,100,100,RANDOM
truncation_10,0.5,80,291,29200,127.7808427810669,43073,43187.63,ONE_POINT,100,100,RANDOM
truncation_10,0.5,80,292,29300,128.23576140403748,43015,43081.44,ONE_POINT,100,100,RANDOM
truncation_10,0.5,80,293,29400,128.65889072418213,43015,43028.57,ONE_POINT,100,100,RANDOM
truncation_10,0.5,80,294,29500,129.1018671989441,42947,42996.05,ONE_POINT,100,100,RANDOM
truncation_10,0.5,80,295,29600,129.54381775856018,42897,42953.13,ONE_POINT,100,100,RANDOM
truncation_10,0.5,80,296,29700,129.97899341583252,42842,42894.78,ONE_POINT,100,100,RANDOM
truncation_10,0.5,80,297,29800,130.42524361610413,42802,42832.54,ONE_POINT,100,100,RANDOM
truncation_10,0.5,80,298,29900,130.85460686683655,42753,42792.96,ONE_POINT,100,100,RANDOM
truncation_10,0.5,80,299,30000,131.2778422832489,42674,42749.93,ONE_POINT,100,100,RANDOM
truncation_10,0.5,80,300,30100,131.7168483734131,42641,42712.65,ONE_POINT,100,100,RANDOM
truncation_10,0.5,80,301,30200,132.15926837921143,42569,42634.3,ONE_POINT,100,100,RANDOM
truncation_10,0.5,80,302,30300,132.61577796936035,42569,42575.25,ONE_POINT,100,100,RANDOM
truncation_10,0.5,80,303,30400,133.044606924057,42464,42556.07,ONE_POINT,100,100,RANDOM
truncation_10,0.5,80,304,30500,133.47334957122803,42418,42489.9,ONE_POINT,100,100,RANDOM
truncation_10,0.5,80,305,30600,133.9067187309265,42304,42375.86,ONE_POINT,100,100,RANDOM
truncation_10,0.5,80,306,30700,134.34564447402954,42266,42299.13,ONE_POINT,100,100,RANDOM
truncation_10,0.5,80,307,30800,134.793518781662,42056,42247.17,ONE_POINT,100,100,RANDOM
truncation_10,0.5,80,308,30900,135.2324104309082,42056,42187.97,ONE_POINT,100,100,RANDOM
truncation_10,0.5,80,309,31000,135.65978336334229,42041,42109.16,ONE_POINT,100,100,RANDOM
truncation_10,0.5,80,310,31100,136.09348487854004,41972,42031.19,ONE_POINT,100,100,RANDOM
truncation_10,0.5,80,311,31200,136.5356285572052,41861,41966.36,ONE_POINT,100,100,RANDOM
truncation_10,0.5,80,312,31300,136.97828483581543,41814,41880.24,ONE_POINT,100,100,RANDOM
truncation_10,0.5,80,313,31400,137.4114429950714,41806,41844.22,ONE_POINT,100,100,RANDOM
truncation_10,0.5,80,314,31500,137.84552812576294,41673,41789.18,ONE_POINT,100,100,RANDOM
truncation_10,0.5,80,315,31600,138.27896165847778,41574,41663.16,ONE_POINT,100,100,RANDOM
truncation_10,0.5,80,316,31700,138.71384453773499,41565,41575.52,ONE_POINT,100,100,RANDOM
truncation_10,0.5,80,317,31800,139.17216992378235,41509,41559.28,ONE_POINT,100,100,RANDOM
truncation_10,0.5,80,318,31900,139.60277318954468,41414,41515.86,ONE_POINT,100,100,RANDOM
truncation_10,0.5,80,319,32000,140.02668023109436,41398,41462.51,ONE_POINT,100,100,RANDOM
truncation_10,0.5,80,320,32100,140.46463203430176,41303,41390.29,ONE_POINT,100,100,RANDOM
truncation_10,0.5,80,321,32200,140.91366577148438,41244,41302.43,ONE_POINT,100,100,RANDOM
truncation_10,0.5,80,322,32300,141.3654637336731,41085,41224.31,ONE_POINT,100,100,RANDOM
truncation_10,0.5,80,323,32400,141.80620670318604,41065,41119.68,ONE_POINT,100,100,RANDOM
truncation_10,0.5,80,324,32500,142.2428343296051,41018,41051.09,ONE_POINT,100,100,RANDOM
truncation_10,0.5,80,325,32600,142.67853665351868,40845,41004.83,ONE_POINT,100,100,RANDOM
truncation_10,0.5,80,326,32700,143.12471437454224,40845,40908.2,ONE_POINT,100,100,RANDOM
truncation_10,0.5,80,327,32800,143.57594442367554,40702,40796.88,ONE_POINT,100,100,RANDOM
truncation_10,0.5,80,328,32900,144.00534963607788,40681,40701.33,ONE_POINT,100,100,RANDOM
truncation_10,0.5,80,329,33000,144.4366273880005,40670,40694.12,ONE_POINT,100,100,RANDOM
truncation_10,0.5,80,330,33100,144.88416123390198,40635,40672.76,ONE_POINT,100,100,RANDOM
truncation_10,0.5,80,331,33200,145.31068110466003,40635,40652.9,ONE_POINT,100,100,RANDOM
truncation_10,0.5,80,332,33300,145.75845980644226,40597,40632.61,ONE_POINT,100,100,RANDOM
truncation_10,0.5,80,333,33400,146.19368505477905,40597,40609.92,ONE_POINT,100,100,RANDOM
truncation_10,0.5,80,334,33500,146.62487649917603,40488,40580.71,ONE_POINT,100,100,RANDOM
truncation_10,0.5,80,335,33600,147.09666657447815,40472,40519.5,ONE_POINT,100,100,RANDOM
truncation_10,0.5,80,336,33700,147.53618907928467,40269,40432.62,ONE_POINT,100,100,RANDOM
truncation_10,0.5,80,337,33800,147.98635935783386,40207,40276.87,ONE_POINT,100,100,RANDOM
truncation_10,0.5,80,338,33900,148.4191381931305,40099,40185.21,ONE_POINT,100,100,RANDOM
truncation_10,0.5,80,339,34000,148.86044049263,39939,40068.52,ONE_POINT,100,100,RANDOM
truncation_10,0.5,80,340,34100,149.2966022491455,39906,39945.9,ONE_POINT,100,100,RANDOM
truncation_10,0.5,80,341,34200,149.75063705444336,39833,39886.29,ONE_POINT,100,100,RANDOM
truncation_10,0.5,80,342,34300,150.22470903396606,39625,39751.81,ONE_POINT,100,100,RANDOM
truncation_10,0.5,80,343,34400,150.67018675804138,39584,39627.02,ONE_POINT,100,100,RANDOM
truncation_10,0.5,80,344,34500,151.1072461605072,39514,39584.08,ONE_POINT,100,100,RANDOM
truncation_10,0.5,80,345,34600,151.54187726974487,39488,39511.91,ONE_POINT,100,100,RANDOM
truncation_10,0.5,80,346,34700,152.01301097869873,39476,39496.45,ONE_POINT,100,100,RANDOM
truncation_10,0.5,80,347,34800,152.47093224525452,39474,39480.14,ONE_POINT,100,100,RANDOM
truncation_10,0.5,80,348,34900,152.90587973594666,39433,39462.17,ONE_POINT,100,100,RANDOM
truncation_10,0.5,80,349,35000,153.3567454814911,39378,39427.57,ONE_POINT,100,100,RANDOM
truncation_10,0.5,80,350,35100,153.78384494781494,39378,39387.59,ONE_POINT,100,100,RANDOM
truncation_10,0.5,80,351,35200,154.23778986930847,39331,39370.08,ONE_POINT,100,100,RANDOM
truncation_10,0.5,80,352,35300,154.6930365562439,39266,39329.98,ONE_POINT,100,100,RANDOM
truncation_10,0.5,80,353,35400,155.17204093933105,39266,39296.61,ONE_POINT,100,100,RANDOM
truncation_10,0.5,80,354,35500,155.61993551254272,39204,39254.92,ONE_POINT,100,100,RANDOM
truncation_10,0.5,80,355,35600,156.0543200969696,39189,39207.26,ONE_POINT,100,100,RANDOM
truncation_10,0.5,80,356,35700,156.4956316947937,39146,39185.51,ONE_POINT,100,100,RANDOM
truncation_10,0.5,80,357,35800,156.93027520179749,39133,39147.83,ONE_POINT,100,100,RANDOM
truncation_10,0.5,80,358,35900,157.3607714176178,39109,39132.05,ONE_POINT,100,100,RANDOM
truncation_10,0.5,80,359,36000,157.8009910583496,39035,39103.48,ONE_POINT,100,100,RANDOM
truncation_10,0.5,80,360,36100,158.22741293907166,39035,39068.67,ONE_POINT,100,100,RANDOM
truncation_10,0.5,80,361,36200,158.66490197181702,38982,39037.41,ONE_POINT,100,100,RANDOM
truncation_10,0.5,80,362,36300,159.1077115535736,38944,38996.82,ONE_POINT,100,100,RANDOM
truncation_10,0.5,80,363,36400,159.5456473827362,38893,38941.86,ONE_POINT,100,100,RANDOM
truncation_10,0.5,80,364,36500,159.98652982711792,38860,38896.46,ONE_POINT,100,100,RANDOM
truncation_10,0.5,80,365,36600,160.42408657073975,38838,38862.72,ONE_POINT,100,100,RANDOM
truncation_10,0.5,80,366,36700,160.86138534545898,38737,38827.75,ONE_POINT,100,100,RANDOM
truncation_10,0.5,80,367,36800,161.29717469215393,38696,38754.6,ONE_POINT,100,100,RANDOM
truncation_10,0.5,80,368,36900,161.74014258384705,38668,38711.62,ONE_POINT,100,100,RANDOM
truncation_10,0.5,80,369,37000,162.16333055496216,38606,38672.26,ONE_POINT,100,100,RANDOM
truncation_10,0.5,80,370,37100,162.61111521720886,38606,38624.52,ONE_POINT,100,100,RANDOM
truncation_10,0.5,80,371,37200,163.04776787757874,38538,38591.7,ONE_POINT,100,100,RANDOM
truncation_10,0.5,80,372,37300,163.50312328338623,38508,38546.96,ONE_POINT,100,100,RANDOM
truncation_10,0.5,80,373,37400,163.9451813697815,38434,38516.46,ONE_POINT,100,100,RANDOM
truncation_10,0.5,80,374,37500,164.38363099098206,38392,38436.65,ONE_POINT,100,100,RANDOM
truncation_10,0.5,80,375,37600,164.809166431427,38361,38394.29,ONE_POINT,100,100,RANDOM
truncation_10,0.5,80,376,37700,165.2401521205902,38348,38368.17,ONE_POINT,100,100,RANDOM
truncation_10,0.5,80,377,37800,165.68955612182617,38211,38338.04,ONE_POINT,100,100,RANDOM
truncation_10,0.5,80,378,37900,166.12591171264648,38211,38294.65,ONE_POINT,100,100,RANDOM
truncation_10,0.5,80,379,38000,166.56810784339905,38145,38218.06,ONE_POINT,100,100,RANDOM
truncation_10,0.5,80,380,38100,166.99572324752808,38083,38156.14,ONE_POINT,100,100,RANDOM
truncation_10,0.5,80,381,38200,167.4065351486206,38083,38090.81,ONE_POINT,100,100,RANDOM
truncation_10,0.5,80,382,38300,167.8463637828827,37981,38069.53,ONE_POINT,100,100,RANDOM
truncation_10,0.5,80,383,38400,168.29763102531433,37981,38014.01,ONE_POINT,100,100,RANDOM
truncation_10,0.5,80,384,38500,168.74347186088562,37970,37980.1,ONE_POINT,100,100,RANDOM
truncation_10,0.5,80,385,38600,169.174565076828,37890,37967.79,ONE_POINT,100,100,RANDOM
truncation_10,0.5,80,386,38700,169.61075711250305,37890,37929.87,ONE_POINT,100,100,RANDOM
truncation_10,0.5,80,387,38800,170.07644867897034,37848,37888.56,ONE_POINT,100,100,RANDOM
truncation_10,0.5,80,388,38900,170.5116572380066,37772,37872.19,ONE_POINT,100,100,RANDOM
truncation_10,0.5,80,389,39000,170.94007396697998,37772,37807.12,ONE_POINT,100,100,RANDOM
truncation_10,0.5,80,390,39100,171.37015914916992,37705,37763.27,ONE_POINT,100,100,RANDOM
truncation_10,0.5,80,391,39200,171.80130791664124,37655,37701.58,ONE_POINT,100,100,RANDOM
truncation_10,0.5,80,392,39300,172.2636318206787,37629,37653.96,ONE_POINT,100,100,RANDOM
truncation_10,0.5,80,393,39400,172.69606566429138,37615,37630.27,ONE_POINT,100,100,RANDOM
truncation_10,0.5,80,394,39500,173.13488125801086,37548,37603.34,ONE_POINT,100,100,RANDOM
truncation_10,0.5,80,395,39600,173.5678117275238,37548,37558.5,ONE_POINT,100,100,RANDOM
truncation_10,0.5,80,396,39700,173.99683117866516,37534,37546.52,ONE_POINT,100,100,RANDOM
truncation_10,0.5,80,397,39800,174.46550869941711,37511,37530.04,ONE_POINT,100,100,RANDOM
truncation_10,0.5,80,398,39900,174.89780473709106,37487,37509.83,ONE_POINT,100,100,RANDOM
truncation_10,0.5,80,399,40000,175.32952308654785,37469,37483.14,ONE_POINT,100,100,RANDOM
truncation_10,0.5,80,400,40100,175.77228045463562,37416,37462.27,ONE_POINT,100,100,RANDOM
truncation_10,0.5,80,401,40200,176.21765327453613,37412,37434.43,ONE_POINT,100,100,RANDOM
truncation_10,0.5,80,402,40300,176.66402125358582,37399,37410.62,ONE_POINT,100,100,RANDOM
truncation_10,0.5,80,403,40400,177.0995545387268,37370,37399.25,ONE_POINT,100,100,RANDOM
truncation_10,0.5,80,404,40500,177.54292368888855,37278,37368.37,ONE_POINT,100,100,RANDOM
truncation_10,0.5,80,405,40600,177.98410820960999,37278,37301.01,ONE_POINT,100,100,RANDOM
truncation_10,0.5,80,406,40700,178.41967058181763,37164,37241.38,ONE_POINT,100,100,RANDOM
truncation_10,0.5,80,407,40800,178.85446953773499,37149,37182.42,ONE_POINT,100,100,RANDOM
truncation_10,0.5,80,408,40900,179.29607367515564,37028,37130.78,ONE_POINT,100,100,RANDOM
truncation_10,0.5,80,409,41000,179.7289743423462,37003,37050.35,ONE_POINT,100,100,RANDOM
truncation_10,0.5,80,410,41100,180.17375898361206,36970,37001.9,ONE_POINT,100,100,RANDOM
truncation_10,0.5,80,411,41200,180.62739777565002,36903,36974.73,ONE_POINT,100,100,RANDOM
truncation_10,0.5,80,412,41300,181.05957674980164,36820,36916.64,ONE_POINT,100,100,RANDOM
truncation_10,0.5,80,413,41400,181.48976516723633,36820,36850.38,ONE_POINT,100,100,RANDOM
truncation_10,0.5,80,414,41500,181.92079186439514,36820,36820.0,ONE_POINT,100,100,RANDOM
truncation_20,0.5,0,1,200,0.2876780033111572,134707,140622.63,ONE_POINT,100,100,RANDOM
truncation_20,0.5,0,2,300,0.7351734638214111,126733,135919.21,ONE_POINT,100,100,RANDOM
truncation_20,0.5,0,3,400,1.1564457416534424,126733,131627.95,ONE_POINT,100,100,RANDOM
truncation_20,0.5,0,4,500,1.5762343406677246,124444,127281.41,ONE_POINT,100,100,RANDOM
truncation_20,0.5,0,5,600,2.005340099334717,122510,125784.36,ONE_POINT,100,100,RANDOM
truncation_20,0.5,0,6,700,2.4580812454223633,119849,123507.64,ONE_POINT,100,100,RANDOM
truncation_20,0.5,0,7,800,2.895076274871826,119257,121512.84,ONE_POINT,100,100,RANDOM
truncation_20,0.5,0,8,900,3.3349592685699463,118047,119738.27,ONE_POINT,100,100,RANDOM
truncation_20,0.5,0,9,1000,3.7714974880218506,118047,119119.98,ONE_POINT,100,100,RANDOM
truncation_20,0.5,0,10,1100,4.2002480030059814,117621,118603.0,ONE_POINT,100,100,RANDOM
truncation_20,0.5,0,11,1200,4.637567758560181,116064,117665.5,ONE_POINT,100,100,RANDOM
truncation_20,0.5,0,12,1300,5.0802483558654785,114822,116574.11,ONE_POINT,100,100,RANDOM
truncation_20,0.5,0,13,1400,5.514707565307617,111811,115493.75,ONE_POINT,100,100,RANDOM
truncation_20,0.5,0,14,1500,5.946336507797241,111593,113805.38,ONE_POINT,100,100,RANDOM
truncation_20,0.5,0,15,1600,6.389737844467163,111140,111898.59,ONE_POINT,100,100,RANDOM
truncation_20,0.5,0,16,1700,6.815611124038696,110717,111334.46,ONE_POINT,100,100,RANDOM
truncation_20,0.5,0,17,1800,7.2519614696502686,109353,110872.88,ONE_POINT,100,100,RANDOM
truncation_20,0.5,0,18,1900,7.675621509552002,109353,110256.85,ONE_POINT,100,100,RANDOM
truncation_20,0.5,0,19,2000,8.127532482147217,108386,109534.13,ONE_POINT,100,100,RANDOM
truncation_20,0.5,0,20,2100,8.577065706253052,107960,108918.69,ONE_POINT,100,100,RANDOM
truncation_20,0.5,0,21,2200,9.019911289215088,107528,108225.58,ONE_POINT,100,100,RANDOM
truncation_20,0.5,0,22,2300,9.461452007293701,106674,107703.24,ONE_POINT,100,100,RANDOM
truncation_20,0.5,0,23,2400,9.88374638557434,106361,107277.29,ONE_POINT,100,100,RANDOM
truncation_20,0.5,0,24,2500,10.311594009399414,105634,106659.75,ONE_POINT,100,100,RANDOM
truncation_20,0.5,0,25,2600,10.751843214035034,105634,106227.39,ONE_POINT,100,100,RANDOM
truncation_20,0.5,0,26,2700,11.190585374832153,104576,105624.94,ONE_POINT,100,100,RANDOM
truncation_20,0.5,0,27,2800,11.62860107421875,104387,105332.35,ONE_POINT,100,100,RANDOM
truncation_20,0.5,0,28,2900,12.05879807472229,104000,104804.86,ONE_POINT,100,100,RANDOM
truncation_20,0.5,0,29,3000,12.502134561538696,102931,104314.59,ONE_POINT,100,100,RANDOM
truncation_20,0.5,0,30,3100,12.946259498596191,102931,103986.25,ONE_POINT,100,100,RANDOM
truncation_20,0.5,0,31,3200,13.367598295211792,102900,103487.81,ONE_POINT,100,100,RANDOM
truncation_20,0.5,0,32,3300,13.803908109664917,101934,102867.72,ONE_POINT,100,100,RANDOM
truncation_20,0.5,0,33,3400,14.236268281936646,101828,102367.28,ONE_POINT,100,100,RANDOM
truncation_20,0.5,0,34,3500,14.672764778137207,101319,101910.72,ONE_POINT,100,100,RANDOM
truncation_20,0.5,0,35,3600,15.108134031295776,100898,101616.01,ONE_POINT,100,100,RANDOM
truncation_20,0.5,0,36,3700,15.540062665939331,100568,101205.24,ONE_POINT,100,100,RANDOM
truncation_20,0.5,0,37,3800,15.990781784057617,99215,100841.68,ONE_POINT,100,100,RANDOM
truncation_20,0.5,0,38,3900,16.421176195144653,99174,100395.15,ONE_POINT,100,100,RANDOM
truncation_20,0.5,0,39,4000,16.886691331863403,98864,99449.43,ONE_POINT,100,100,RANDOM
truncation_20,0.5,0,40,4100,17.306326627731323,98318,99002.61,ONE_POINT,100,100,RANDOM
truncation_20,0.5,0,41,4200,17.735684633255005,97536,98725.92,ONE_POINT,100,100,RANDOM
truncation_20,0.5,0,42,4300,18.189037561416626,96442,98216.69,ONE_POINT,100,100,RANDOM
truncation_20,0.5,0,43,4400,18.625094890594482,96442,97394.06,ONE_POINT,100,100,RANDOM
truncation_20,0.5,0,44,4500,19.065563678741455,96237,96659.42,ONE_POINT,100,100,RANDOM
truncation_20,0.5,0,45,4600,19.497309684753418,95997,96379.14,ONE_POINT,100,100,RANDOM
truncation_20,0.5,0,46,4700,19.934253692626953,95878,96146.4,ONE_POINT,100,100,RANDOM
truncation_20,0.5,0,47,4800,20.378247022628784,95610,95907.31,ONE_POINT,100,100,RANDOM
truncation_20,0.5,0,48,4900,20.81016731262207,95293,95680.1,ONE_POINT,100,100,RANDOM
truncation_20,0.5,0,49,5000,21.263456344604492,94906,95407.32,ONE_POINT,100,100,RANDOM
truncation_20,0.5,0,50,5100,21.687807321548462,94598,95122.38,ONE_POINT,100,100,RANDOM
truncation_20,0.5,0,51,5200,22.139331579208374,93920,94702.33,ONE_POINT,100,100,RANDOM
truncation_20,0.5,0,52,5300,22.578020811080933,93920,94321.48,ONE_POINT,100,100,RANDOM
truncation_20,0.5,0,53,5400,23.01419758796692,93655,93949.12,ONE_POINT,100,100,RANDOM
truncation_20,0.5,0,54,5500,23.459882259368896,92972,93631.14,ONE_POINT,100,100,RANDOM
truncation_20,0.5,0,55,5600,23.88415002822876,92315,93284.37,ONE_POINT,100,100,RANDOM
truncation_20,0.5,0,56,5700,24.317945957183838,92181,92862.08,ONE_POINT,100,100,RANDOM
truncation_20,0.5,0,57,5800,24.764480352401733,91591,92286.27,ONE_POINT,100,100,RANDOM
truncation_20,0.5,0,58,5900,25.204350233078003,91122,91809.21,ONE_POINT,100,100,RANDOM
truncation_20,0.5,0,59,6000,25.648444414138794,91047,91469.77,ONE_POINT,100,100,RANDOM
truncation_20,0.5,0,60,6100,26.08492684364319,90737,91167.27,ONE_POINT,100,100,RANDOM
truncation_20,0.5,0,61,6200,26.51109743118286,90365,90927.53,ONE_POINT,100,100,RANDOM
truncation_20,0.5,0,62,6300,26.950859785079956,90365,90735.7,ONE_POINT,100,100,RANDOM
truncation_20,0.5,0,63,6400,27.40736699104309,89977,90456.8,ONE_POINT,100,100,RANDOM
truncation_20,0.5,0,64,6500,27.84708309173584,89405,90075.63,ONE_POINT,100,100,RANDOM
truncation_20,0.5,0,65,6600,28.28552794456482,89316,89752.78,ONE_POINT,100,100,RANDOM
truncation_20,0.5,0,66,6700,28.71350860595703,88997,89433.11,ONE_POINT,100,100,RANDOM
truncation_20,0.5,0,67,6800,29.22419834136963,88860,89250.46,ONE_POINT,100,100,RANDOM
truncation_20,0.5,0,68,6900,29.671668767929077,88439,89003.69,ONE_POINT,100,100,RANDOM
truncation_20,0.5,0,69,7000,30.106830835342407,88402,88781.23,ONE_POINT,100,100,RANDOM
truncation_20,0.5,0,70,7100,30.534844636917114,88206,88575.33,ONE_POINT,100,100,RANDOM
truncation_20,0.5,0,71,7200,30.95881462097168,87618,88318.0,ONE_POINT,100,100,RANDOM
truncation_20,0.5,0,72,7300,31.4028422832489,87618,87924.13,ONE_POINT,100,100,RANDOM
truncation_20,0.5,0,73,7400,31.847682237625122,87089,87569.17,ONE_POINT,100,100,RANDOM
truncation_20,0.5,0,74,7500,32.26533651351929,86783,87224.91,ONE_POINT,100,100,RANDOM
truncation_20,0.5,0,75,7600,32.694870471954346,86128,86832.59,ONE_POINT,100,100,RANDOM
truncation_20,0.5,0,76,7700,33.12398433685303,85746,86412.76,ONE_POINT,100,100,RANDOM
truncation_20,0.5,0,77,7800,33.57352089881897,85746,85978.43,ONE_POINT,100,100,RANDOM
truncation_20,0.5,0,78,7900,34.002119302749634,84838,85614.76,ONE_POINT,100,100,RANDOM
truncation_20,0.5,0,79,8000,34.42613172531128,84491,85159.8,ONE_POINT,100,100,RANDOM
truncation_20,0.5,0,80,8100,34.86324739456177,83804,84644.88,ONE_POINT,100,100,RANDOM
truncation_20,0.5,0,81,8200,35.28283739089966,83506,84300.9,ONE_POINT,100,100,RANDOM
truncation_20,0.5,0,82,8300,35.71586322784424,82978,83869.95,ONE_POINT,100,100,RANDOM
truncation_20,0.5,0,83,8400,36.136059284210205,82686,83255.88,ONE_POINT,100,100,RANDOM
truncation_20,0.5,0,84,8500,36.57740902900696,82405,82928.47,ONE_POINT,100,100,RANDOM
truncation_20,0.5,0,85,8600,37.00736045837402,81938,82753.16,ONE_POINT,100,100,RANDOM
truncation_20,0.5,0,86,8700,37.44010663032532,81598,82452.32,ONE_POINT,100,100,RANDOM
truncation_20,0.5,0,87,8800,37.89436602592468,80801,81915.22,ONE_POINT,100,100,RANDOM
truncation_20,0.5,0,88,8900,38.318055868148804,80801,81669.64,ONE_POINT,100,100,RANDOM
truncation_20,0.5,0,89,9000,38.75614261627197,80742,81511.78,ONE_POINT,100,100,RANDOM
truncation_20,0.5,0,90,9100,39.198681354522705,80503,81283.2,ONE_POINT,100,100,RANDOM
truncation_20,0.5,0,91,9200,39.63924717903137,79953,80954.71,ONE_POINT,100,100,RANDOM
truncation_20,0.5,0,92,9300,40.100369691848755,79913,80492.73,ONE_POINT,100,100,RANDOM
truncation_20,0.5,0,93,9400,40.524152755737305,79574,80028.99,ONE_POINT,100,100,RANDOM
truncation_20,0.5,0,94,9500,40.96814584732056,79299,79753.8,ONE_POINT,100,100,RANDOM
truncation_20,0.5,0,95,9600,41.41849946975708,78584,79417.18,ONE_POINT,100,100,RANDOM
truncation_20,0.5,0,96,9700,41.85268235206604,78302,79043.86,ONE_POINT,100,100,RANDOM
truncation_20,0.5,0,97,9800,42.36503314971924,78089,78699.62,ONE_POINT,100,100,RANDOM
truncation_20,0.5,0,98,9900,42.79067087173462,78033,78354.37,ONE_POINT,100,100,RANDOM
truncation_20,0.5,0,99,10000,43.24064326286316,77690,78025.49,ONE_POINT,100,100,RANDOM
truncation_20,0.5,0,100,10100,43.665374994277954,77301,77782.3,ONE_POINT,100,100,RANDOM
truncation_20,0.5,0,101,10200,44.10805416107178,77183,77463.39,ONE_POINT,100,100,RANDOM
truncation_20,0.5,0,102,10300,44.545432806015015,76911,77268.05,ONE_POINT,100,100,RANDOM
truncation_20,0.5,0,103,10400,44.97719693183899,76785,77131.67,ONE_POINT,100,100,RANDOM
truncation_20,0.5,0,104,10500,45.401976346969604,76288,76922.87,ONE_POINT,100,100,RANDOM
truncation_20,0.5,0,105,10600,45.82442879676819,76264,76613.42,ONE_POINT,100,100,RANDOM
truncation_20,0.5,0,106,10700,46.27593731880188,75571,76265.49,ONE_POINT,100,100,RANDOM
truncation_20,0.5,0,107,10800,46.716689586639404,75570,76119.36,ONE_POINT,100,100,RANDOM
truncation_20,0.5,0,108,10900,47.136879205703735,75471,75853.12,ONE_POINT,100,100,RANDOM
truncation_20,0.5,0,109,11000,47.56810426712036,75168,75524.42,ONE_POINT,100,100,RANDOM
truncation_20,0.5,0,110,11100,48.001585245132446,75043,75389.03,ONE_POINT,100,100,RANDOM
truncation_20,0.5,0,111,11200,48.45543956756592,74989,75187.07,ONE_POINT,100,100,RANDOM
truncation_20,0.5,0,112,11300,48.894272804260254,74314,74954.75,ONE_POINT,100,100,RANDOM
truncation_20,0.5,0,113,11400,49.340269804000854,74200,74585.11,ONE_POINT,100,100,RANDOM
truncation_20,0.5,0,114,11500,49.77713704109192,73960,74270.0,ONE_POINT,100,100,RANDOM
truncation_20,0.5,0,115,11600,50.206215143203735,73693,73978.54,ONE_POINT,100,100,RANDOM
truncation_20,0.5,0,116,11700,50.64248585700989,73343,73711.16,ONE_POINT,100,100,RANDOM
truncation_20,0.5,0,117,11800,51.07905554771423,73015,73501.5,ONE_POINT,100,100,RANDOM
truncation_20,0.5,0,118,11900,51.52277231216431,72972,73242.9,ONE_POINT,100,100,RANDOM
truncation_20,0.5,0,119,12000,51.96905279159546,72665,73012.4,ONE_POINT,100,100,RANDOM
truncation_20,0.5,0,120,12100,52.39763307571411,72458,72840.25,ONE_POINT,100,100,RANDOM
truncation_20,0.5,0,121,12200,52.83913993835449,72334,72585.6,ONE_POINT,100,100,RANDOM
truncation_20,0.5,0,122,12300,53.289780139923096,72222,72408.25,ONE_POINT,100,100,RANDOM
truncation_20,0.5,0,123,12400,53.719860553741455,72060,72290.53,ONE_POINT,100,100,RANDOM
truncation_20,0.5,0,124,12500,54.14677381515503,71800,72137.22,ONE_POINT,100,100,RANDOM
truncation_20,0.5,0,125,12600,54.5736939907074,71782,71946.06,ONE_POINT,100,100,RANDOM
truncation_20,0.5,0,126,12700,55.00373196601868,71376,71751.77,ONE_POINT,100,100,RANDOM
truncation_20,0.5,0,127,12800,55.443684577941895,71194,71568.8,ONE_POINT,100,100,RANDOM
truncation_20,0.5,0,128,12900,55.87566089630127,70872,71338.17,ONE_POINT,100,100,RANDOM
truncation_20,0.5,0,129,13000,56.30964207649231,70788,71158.75,ONE_POINT,100,100,RANDOM
truncation_20,0.5,0,130,13100,56.74611210823059,70591,70934.97,ONE_POINT,100,100,RANDOM
truncation_20,0.5,0,131,13200,57.19503116607666,70587,70767.37,ONE_POINT,100,100,RANDOM
truncation_20,0.5,0,132,13300,57.64753603935242,70281,70583.89,ONE_POINT,100,100,RANDOM
truncation_20,0.5,0,133,13400,58.099360704422,70198,70380.98,ONE_POINT,100,100,RANDOM
truncation_20,0.5,0,134,13500,58.536606550216675,69761,70172.03,ONE_POINT,100,100,RANDOM
truncation_20,0.5,0,135,13600,58.97807598114014,69732,69943.33,ONE_POINT,100,100,RANDOM
truncation_20,0.5,0,136,13700,59.40718460083008,69241,69719.67,ONE_POINT,100,100,RANDOM
truncation_20,0.5,0,137,13800,59.85135889053345,69241,69510.26,ONE_POINT,100,100,RANDOM
truncation_20,0.5,0,138,13900,60.27636647224426,69179,69329.84,ONE_POINT,100,100,RANDOM
truncation_20,0.5,0,139,14000,60.697763442993164,69059,69197.98,ONE_POINT,100,100,RANDOM
truncation_20,0.5,0,140,14100,61.15262055397034,68750,69068.02,ONE_POINT,100,100,RANDOM
truncation_20,0.5,0,141,14200,61.58061981201172,68559,68860.03,ONE_POINT,100,100,RANDOM
truncation_20,0.5,0,142,14300,62.02442669868469,68388,68680.88,ONE_POINT,100,100,RANDOM
truncation_20,0.5,0,143,14400,62.455705642700195,68137,68461.82,ONE_POINT,100,100,RANDOM
truncation_20,0.5,0,144,14500,62.895886182785034,67876,68234.57,ONE_POINT,100,100,RANDOM
truncation_20,0.5,0,145,14600,63.336286544799805,67833,68057.25,ONE_POINT,100,100,RANDOM
truncation_20,0.5,0,146,14700,63.771305561065674,67569,67869.61,ONE_POINT,100,100,RANDOM
truncation_20,0.5,0,147,14800,64.2114098072052,67532,67731.85,ONE_POINT,100,100,RANDOM
truncation_20,0.5,0,148,14900,64.63341116905212,67448,67570.66,ONE_POINT,100,100,RANDOM
truncation_20,0.5,0,149,15000,65.0852563381195,67367,67493.52,ONE_POINT,100,100,RANDOM
truncation_20,0.5,0,150,15100,65.5064046382904,67296,67426.0,ONE_POINT,100,100,RANDOM
truncation_20,0.5,0,151,15200,65.94784998893738,67172,67347.95,ONE_POINT,100,100,RANDOM
truncation_20,0.5,0,152,15300,66.3762149810791,66705,67251.2,ONE_POINT,100,100,RANDOM
truncation_20,0.5,0,153,15400,66.80403566360474,66650,67051.43,ONE_POINT,100,100,RANDOM
truncation_20,0.5,0,154,15500,67.24318838119507,66214,66669.45,ONE_POINT,100,100,RANDOM
truncation_20,0.5,0,155,15600,67.66933751106262,66182,66540.29,ONE_POINT,100,100,RANDOM
truncation_20,0.5,0,156,15700,68.09608030319214,65932,66314.49,ONE_POINT,100,100,RANDOM
truncation_20,0.5,0,157,15800,68.55022716522217,65932,66149.92,ONE_POINT,100,100,RANDOM
truncation_20,0.5,0,158,15900,68.97751116752625,65566,65961.6,ONE_POINT,100,100,RANDOM
truncation_20,0.5,0,159,16000,69.43060064315796,65284,65835.25,ONE_POINT,100,100,RANDOM
truncation_20,0.5,0,160,16100,69.86588740348816,65215,65654.7,ONE_POINT,100,100,RANDOM
truncation_20,0.5,0,161,16200,70.2964084148407,65215,65341.32,ONE_POINT,100,100,RANDOM
truncation_20,0.5,0,162,16300,70.74403929710388,65032,65220.87,ONE_POINT,100,100,RANDOM
truncation_20,0.5,0,163,16400,71.17474865913391,64930,65105.45,ONE_POINT,100,100,RANDOM
truncation_20,0.5,0,164,16500,71.61824679374695,64766,64971.86,ONE_POINT,100,100,RANDOM
truncation_20,0.5,0,165,16600,72.04853653907776,64737,64850.7,ONE_POINT,100,100,RANDOM
truncation_20,0.5,0,166,16700,72.47901320457458,64595,64742.88,ONE_POINT,100,100,RANDOM
truncation_20,0.5,0,167,16800,72.94786214828491,64470,64643.92,ONE_POINT,100,100,RANDOM
truncation_20,0.5,0,168,16900,73.38891243934631,64052,64479.2,ONE_POINT,100,100,RANDOM
truncation_20,0.5,0,169,17000,73.82314229011536,63942,64336.58,ONE_POINT,100,100,RANDOM
truncation_20,0.5,0,170,17100,74.26051664352417,63893,64167.07,ONE_POINT,100,100,RANDOM
truncation_20,0.5,0,171,17200,74.68833065032959,63806,63986.78,ONE_POINT,100,100,RANDOM
truncation_20,0.5,0,172,17300,75.12888169288635,63568,63859.87,ONE_POINT,100,100,RANDOM
truncation_20,0.5,0,173,17400,75.57395362854004,63461,63716.29,ONE_POINT,100,100,RANDOM
truncation_20,0.5,0,174,17500,76.00074410438538,63451,63578.96,ONE_POINT,100,100,RANDOM
truncation_20,0.5,0,175,17600,76.43888735771179,63328,63479.34,ONE_POINT,100,100,RANDOM
truncation_20,0.5,0,176,17700,76.86540508270264,63258,63357.56,ONE_POINT,100,100,RANDOM
truncation_20,0.5,0,177,17800,77.3132677078247,62999,63250.43,ONE_POINT,100,100,RANDOM
truncation_20,0.5,0,178,17900,77.77687811851501,62999,63122.67,ONE_POINT,100,100,RANDOM
truncation_20,0.5,0,179,18000,78.20446968078613,62627,62992.89,ONE_POINT,100,100,RANDOM
truncation_20,0.5,0,180,18100,78.64461159706116,62617,62806.23,ONE_POINT,100,100,RANDOM
truncation_20,0.5,0,181,18200,79.07439613342285,62402,62653.95,ONE_POINT,100,100,RANDOM
truncation_20,0.5,0,182,18300,79.5290801525116,62310,62544.96,ONE_POINT,100,100,RANDOM
truncation_20,0.5,0,183,18400,79.96040725708008,61979,62410.21,ONE_POINT,100,100,RANDOM
truncation_20,0.5,0,184,18500,80.38112878799438,61975,62268.29,ONE_POINT,100,100,RANDOM
truncation_20,0.5,0,185,18600,80.82149243354797,61863,62048.63,ONE_POINT,100,100,RANDOM
truncation_20,0.5,0,186,18700,81.24726724624634,61857,61914.18,ONE_POINT,100,100,RANDOM
truncation_20,0.5,0,187,18800,81.68040156364441,61696,61827.47,ONE_POINT,100,100,RANDOM
truncation_20,0.5,0,188,18900,82.12159585952759,61622,61723.38,ONE_POINT,100,100,RANDOM
truncation_20,0.5,0,189,19000,82.5550844669342,61342,61617.79,ONE_POINT,100,100,RANDOM
truncation_20,0.5,0,190,19100,82.991947889328,61231,61459.45,ONE_POINT,100,100,RANDOM
truncation_20,0.5,0,191,19200,83.42071771621704,61017,61278.72,ONE_POINT,100,100,RANDOM
truncation_20,0.5,0,192,19300,83.8440272808075,61017,61159.19,ONE_POINT,100,100,RANDOM
truncation_20,0.5,0,193,19400,84.30296492576599,60903,61049.01,ONE_POINT,100,100,RANDOM
truncation_20,0.5,0,194,19500,84.74096751213074,60853,60974.32,ONE_POINT,100,100,RANDOM
truncation_20,0.5,0,195,19600,85.17347645759583,60519,60861.01,ONE_POINT,100,100,RANDOM
truncation_20,0.5,0,196,19700,85.60703182220459,60354,60690.91,ONE_POINT,100,100,RANDOM
truncation_20,0.5,0,197,19800,86.04981899261475,60013,60432.42,ONE_POINT,100,100,RANDOM
truncation_20,0.5,0,198,19900,86.48486423492432,60013,60218.55,ONE_POINT,100,100,RANDOM
truncation_20,0.5,0,199,20000,86.91420865058899,59912,60050.3,ONE_POINT,100,100,RANDOM
truncation_20,0.5,0,200,20100,87.35223245620728,59824,59994.01,ONE_POINT,100,100,RANDOM
truncation_20,0.5,0,201,20200,87.79731893539429,59596,59931.57,ONE_POINT,100,100,RANDOM
truncation_20,0.5,0,202,20300,88.3462610244751,59596,59866.67,ONE_POINT,100,100,RANDOM
truncation_20,0.5,0,203,20400,88.78317880630493,59541,59739.7,ONE_POINT,100,100,RANDOM
truncation_20,0.5,0,204,20500,89.20225477218628,59243,59580.38,ONE_POINT,100,100,RANDOM
truncation_20,0.5,0,205,20600,89.64199566841125,59167,59378.58,ONE_POINT,100,100,RANDOM
truncation_20,0.5,0,206,20700,90.07308459281921,59083,59222.82,ONE_POINT,100,100,RANDOM
truncation_20,0.5,0,207,20800,90.53272080421448,58966,59167.5,ONE_POINT,100,100,RANDOM
truncation_20,0.5,0,208,20900,90.9586329460144,58966,59085.37,ONE_POINT,100,100,RANDOM
truncation_20,0.5,0,209,21000,91.3929455280304,58964,59029.88,ONE_POINT,100,100,RANDOM
truncation_20,0.5,0,210,21100,91.81560182571411,58523,58913.73,ONE_POINT,100,100,RANDOM
truncation_20,0.5,0,211,21200,92.24935126304626,58523,58783.05,ONE_POINT,100,100,RANDOM
truncation_20,0.5,0,212,21300,92.6949360370636,58325,58596.1,ONE_POINT,100,100,RANDOM
truncation_20,0.5,0,213,21400,93.13232636451721,58260,58429.59,ONE_POINT,100,100,RANDOM
truncation_20,0.5,0,214,21500,93.560702085495,58219,58309.5,ONE_POINT,100,100,RANDOM
truncation_20,0.5,0,215,21600,93.98802471160889,58112,58224.29,ONE_POINT,100,100,RANDOM
truncation_20,0.5,0,216,21700,94.44143986701965,58110,58164.64,ONE_POINT,100,100,RANDOM
truncation_20,0.5,0,217,21800,94.8628294467926,57970,58095.84,ONE_POINT,100,100,RANDOM
truncation_20,0.5,0,218,21900,95.30345034599304,57941,58027.79,ONE_POINT,100,100,RANDOM
truncation_20,0.5,0,219,22000,95.72793674468994,57844,57948.31,ONE_POINT,100,100,RANDOM
truncation_20,0.5,0,220,22100,96.19853520393372,57757,57871.09,ONE_POINT,100,100,RANDOM
truncation_20,0.5,0,221,22200,96.6607096195221,57623,57789.65,ONE_POINT,100,100,RANDOM
truncation_20,0.5,0,222,22300,97.11420607566833,57532,57679.83,ONE_POINT,100,100,RANDOM
truncation_20,0.5,0,223,22400,97.54509425163269,57472,57575.22,ONE_POINT,100,100,RANDOM
truncation_20,0.5,0,224,22500,97.98521733283997,57398,57492.64,ONE_POINT,100,100,RANDOM
truncation_20,0.5,0,225,22600,98.4153106212616,57161,57397.29,ONE_POINT,100,100,RANDOM
truncation_20,0.5,0,226,22700,98.84573698043823,57022,57286.91,ONE_POINT,100,100,RANDOM
truncation_20,0.5,0,227,22800,99.28182625770569,56819,57126.58,ONE_POINT,100,100,RANDOM
truncation_20,0.5,0,228,22900,99.72582221031189,56783,56924.59,ONE_POINT,100,100,RANDOM
truncation_20,0.5,0,229,23000,100.16265225410461,56636,56799.76,ONE_POINT,100,100,RANDOM
truncation_20,0.5,0,230,23100,100.60119724273682,56554,56730.56,ONE_POINT,100,100,RANDOM
truncation_20,0.5,0,231,23200,101.03729677200317,56545,56629.33,ONE_POINT,100,100,RANDOM
truncation_20,0.5,0,232,23300,101.47878527641296,56368,56548.42,ONE_POINT,100,100,RANDOM
truncation_20,0.5,0,233,23400,101.91551899909973,56246,56458.1,ONE_POINT,100,100,RANDOM
truncation_20,0.5,0,234,23500,102.3541738986969,56194,56347.55,ONE_POINT,100,100,RANDOM
truncation_20,0.5,0,235,23600,102.80510830879211,56018,56246.06,ONE_POINT,100,100,RANDOM
truncation_20,0.5,0,236,23700,103.24904012680054,55910,56169.01,ONE_POINT,100,100,RANDOM
truncation_20,0.5,0,237,23800,103.68431258201599,55872,56040.7,ONE_POINT,100,100,RANDOM
truncation_20,0.5,0,238,23900,104.12020087242126,55687,55903.75,ONE_POINT,100,100,RANDOM
truncation_20,0.5,0,239,24000,104.55004787445068,55575,55793.94,ONE_POINT,100,100,RANDOM
truncation_20,0.5,0,240,24100,105.00553321838379,55246,55617.32,ONE_POINT,100,100,RANDOM
truncation_20,0.5,0,241,24200,105.43471503257751,55063,55386.59,ONE_POINT,100,100,RANDOM
truncation_20,0.5,0,242,24300,105.85506176948547,54747,55152.27,ONE_POINT,100,100,RANDOM
truncation_20,0.5,0,243,24400,106.29522013664246,54585,54956.33,ONE_POINT,100,100,RANDOM
truncation_20,0.5,0,244,24500,106.71470808982849,54547,54710.08,ONE_POINT,100,100,RANDOM
truncation_20,0.5,0,245,24600,107.16840434074402,54330,54565.16,ONE_POINT,100,100,RANDOM
truncation_20,0.5,0,246,24700,107.61756467819214,54172,54417.42,ONE_POINT,100,100,RANDOM
truncation_20,0.5,0,247,24800,108.04826593399048,54051,54222.54,ONE_POINT,100,100,RANDOM
truncation_20,0.5,0,248,24900,108.49396347999573,53986,54130.65,ONE_POINT,100,100,RANDOM
truncation_20,0.5,0,249,25000,108.9412043094635,53840,54042.48,ONE_POINT,100,100,RANDOM
truncation_20,0.5,0,250,25100,109.37833285331726,53838,53943.31,ONE_POINT,100,100,RANDOM
truncation_20,0.5,0,251,25200,109.81658267974854,53725,53822.22,ONE_POINT,100,100,RANDOM
truncation_20,0.5,0,252,25300,110.25308537483215,53692,53763.35,ONE_POINT,100,100,RANDOM
truncation_20,0.5,0,253,25400,110.71059250831604,53647,53716.5,ONE_POINT,100,100,RANDOM
truncation_20,0.5,0,254,25500,111.15529680252075,53543,53656.03,ONE_POINT,100,100,RANDOM
truncation_20,0.5,0,255,25600,111.58981394767761,53472,53616.89,ONE_POINT,100,100,RANDOM
truncation_20,0.5,0,256,25700,112.04075145721436,53424,53538.54,ONE_POINT,100,100,RANDOM
truncation_20,0.5,0,257,25800,112.4766104221344,53403,53458.29,ONE_POINT,100,100,RANDOM
truncation_20,0.5,0,258,25900,112.91365671157837,53080,53406.32,ONE_POINT,100,100,RANDOM
truncation_20,0.5,0,259,26000,113.36935043334961,53080,53338.02,ONE_POINT,100,100,RANDOM
truncation_20,0.5,0,260,26100,113.80209493637085,53027,53231.97,ONE_POINT,100,100,RANDOM
truncation_20,0.5,0,261,26200,114.23225665092468,52990,53094.31,ONE_POINT,100,100,RANDOM
truncation_20,0.5,0,262,26300,114.68352556228638,52938,53043.56,ONE_POINT,100,100,RANDOM
truncation_20,0.5,0,263,26400,115.11717677116394,52938,52980.25,ONE_POINT,100,100,RANDOM
truncation_20,0.5,0,264,26500,115.56637978553772,52774,52917.34,ONE_POINT,100,100,RANDOM
truncation_20,0.5,0,265,26600,115.98710346221924,52567,52806.15,ONE_POINT,100,100,RANDOM
truncation_20,0.5,0,266,26700,116.41195917129517,52263,52685.94,ONE_POINT,100,100,RANDOM
truncation_20,0.5,0,267,26800,116.84538531303406,52263,52583.99,ONE_POINT,100,100,RANDOM
truncation_20,0.5,0,268,26900,117.28585314750671,52263,52490.75,ONE_POINT,100,100,RANDOM
truncation_20,0.5,0,269,27000,117.74028134346008,52180,52386.84,ONE_POINT,100,100,RANDOM
truncation_20,0.5,0,270,27100,118.17552590370178,52149,52280.88,ONE_POINT,100,100,RANDOM
truncation_20,0.5,0,271,27200,118.60262489318848,51925,52171.27,ONE_POINT,100,100,RANDOM
truncation_20,0.5,0,272,27300,119.02961826324463,51722,52048.52,ONE_POINT,100,100,RANDOM
truncation_20,0.5,0,273,27400,119.46883916854858,51583,51901.95,ONE_POINT,100,100,RANDOM
truncation_20,0.5,0,274,27500,119.9021463394165,51416,51751.82,ONE_POINT,100,100,RANDOM
truncation_20,0.5,0,275,27600,120.33716201782227,51416,51640.44,ONE_POINT,100,100,RANDOM
truncation_20,0.5,0,276,27700,120.7580361366272,51416,51560.07,ONE_POINT,100,100,RANDOM
truncation_20,0.5,0,277,27800,121.17982888221741,51411,51498.32,ONE_POINT,100,100,RANDOM
truncation_20,0.5,0,278,27900,121.63561463356018,51241,51433.35,ONE_POINT,100,100,RANDOM
truncation_20,0.5,0,279,28000,122.06278085708618,51241,51385.47,ONE_POINT,100,100,RANDOM
truncation_20,0.5,0,280,28100,122.4886109828949,51223,51323.99,ONE_POINT,100,100,RANDOM
truncation_20,0.5,0,281,28200,122.93121266365051,51144,51269.22,ONE_POINT,100,100,RANDOM
truncation_20,0.5,0,282,28300,123.36580300331116,51060,51190.24,ONE_POINT,100,100,RANDOM
truncation_20,0.5,0,283,28400,123.8313159942627,50964,51126.57,ONE_POINT,100,100,RANDOM
truncation_20,0.5,0,284,28500,124.27384614944458,50882,51035.81,ONE_POINT,100,100,RANDOM
truncation_20,0.5,0,285,28600,124.70598793029785,50837,50970.29,ONE_POINT,100,100,RANDOM
truncation_20,0.5,0,286,28700,125.14203262329102,50817,50913.79,ONE_POINT,100,100,RANDOM
truncation_20,0.5,0,287,28800,125.57942938804626,50817,50879.06,ONE_POINT,100,100,RANDOM
truncation_20,0.5,0,288,28900,126.02640533447266,50817,50865.02,ONE_POINT,100,100,RANDOM
truncation_20,0.5,0,289,29000,126.46396493911743,50676,50828.35,ONE_POINT,100,100,RANDOM
truncation_20,0.5,0,290,29100,126.88947606086731,50612,50786.0,ONE_POINT,100,100,RANDOM
truncation_20,0.5,0,291,29200,127.33674788475037,50595,50724.35,ONE_POINT,100,100,RANDOM
truncation_20,0.5,0,292,29300,127.76311802864075,50477,50635.07,ONE_POINT,100,100,RANDOM
truncation_20,0.5,0,293,29400,128.2199158668518,50399,50552.99,ONE_POINT,100,100,RANDOM
truncation_20,0.5,0,294,29500,128.6438648700714,50305,50449.05,ONE_POINT,100,100,RANDOM
truncation_20,0.5,0,295,29600,129.07565760612488,50261,50359.57,ONE_POINT,100,100,RANDOM
truncation_20,0.5,0,296,29700,129.50314283370972,50073,50256.44,ONE_POINT,100,100,RANDOM
truncation_20,0.5,0,297,29800,129.9387810230255,49985,50145.56,ONE_POINT,100,100,RANDOM
truncation_20,0.5,0,298,29900,130.38849711418152,49955,50048.63,ONE_POINT,100,100,RANDOM
truncation_20,0.5,0,299,30000,130.83256196975708,49906,49985.51,ONE_POINT,100,100,RANDOM
truncation_20,0.5,0,300,30100,131.25732493400574,49884,49954.02,ONE_POINT,100,100,RANDOM
truncation_20,0.5,0,301,30200,131.70155882835388,49825,49909.79,ONE_POINT,100,100,RANDOM
truncation_20,0.5,0,302,30300,132.12956261634827,49752,49858.03,ONE_POINT,100,100,RANDOM
truncation_20,0.5,0,303,30400,132.56946086883545,49620,49781.65,ONE_POINT,100,100,RANDOM
truncation_20,0.5,0,304,30500,133.00225162506104,49620,49688.88,ONE_POINT,100,100,RANDOM
truncation_20,0.5,0,305,30600,133.4525604248047,49583,49633.6,ONE_POINT,100,100,RANDOM
truncation_20,0.5,0,306,30700,133.87938928604126,49471,49603.05,ONE_POINT,100,100,RANDOM
truncation_20,0.5,0,307,30800,134.33403491973877,49432,49532.04,ONE_POINT,100,100,RANDOM
truncation_20,0.5,0,308,30900,134.78482866287231,49350,49456.86,ONE_POINT,100,100,RANDOM
truncation_20,0.5,0,309,31000,135.22661447525024,49234,49355.4,ONE_POINT,100,100,RANDOM
truncation_20,0.5,0,310,31100,135.662428855896,49102,49249.11,ONE_POINT,100,100,RANDOM
truncation_20,0.5,0,311,31200,136.10244917869568,49089,49193.65,ONE_POINT,100,100,RANDOM
truncation_20,0.5,0,312,31300,136.5507218837738,48978,49108.7,ONE_POINT,100,100,RANDOM
truncation_20,0.5,0,313,31400,137.00688457489014,48957,49037.18,ONE_POINT,100,100,RANDOM
truncation_20,0.5,0,314,31500,137.4472303390503,48828,48965.98,ONE_POINT,100,100,RANDOM
truncation_20,0.5,0,315,31600,137.8779776096344,48759,48879.25,ONE_POINT,100,100,RANDOM
truncation_20,0.5,0,316,31700,138.30741834640503,48654,48771.75,ONE_POINT,100,100,RANDOM
truncation_20,0.5,0,317,31800,138.74172401428223,48482,48696.51,ONE_POINT,100,100,RANDOM
truncation_20,0.5,0,318,31900,139.18097829818726,48370,48590.85,ONE_POINT,100,100,RANDOM
truncation_20,0.5,0,319,32000,139.61884665489197,48370,48469.13,ONE_POINT,100,100,RANDOM
truncation_20,0.5,0,320,32100,140.06516909599304,48286,48406.78,ONE_POINT,100,100,RANDOM
truncation_20,0.5,0,321,32200,140.5147340297699,48253,48351.43,ONE_POINT,100,100,RANDOM
truncation_20,0.5,0,322,32300,140.9422161579132,48144,48275.83,ONE_POINT,100,100,RANDOM
truncation_20,0.5,0,323,32400,141.38926124572754,48116,48197.41,ONE_POINT,100,100,RANDOM
truncation_20,0.5,0,324,32500,141.82036805152893,47950,48125.28,ONE_POINT,100,100,RANDOM
truncation_20,0.5,0,325,32600,142.25568461418152,47914,48076.4,ONE_POINT,100,100,RANDOM
truncation_20,0.5,0,326,32700,142.74480867385864,47914,47993.17,ONE_POINT,100,100,RANDOM
truncation_20,0.5,0,327,32800,143.18131113052368,47882,47941.23,ONE_POINT,100,100,RANDOM
truncation_20,0.5,0,328,32900,143.62884283065796,47824,47905.67,ONE_POINT,100,100,RANDOM
truncation_20,0.5,0,329,33000,144.06283903121948,47757,47873.37,ONE_POINT,100,100,RANDOM
truncation_20,0.5,0,330,33100,144.49647879600525,47748,47813.14,ONE_POINT,100,100,RANDOM
truncation_20,0.5,0,331,33200,144.95332145690918,47647,47751.41,ONE_POINT,100,100,RANDOM
truncation_20,0.5,0,332,33300,145.38775396347046,47577,47688.61,ONE_POINT,100,100,RANDOM
truncation_20,0.5,0,333,33400,145.83949494361877,47512,47597.74,ONE_POINT,100,100,RANDOM
truncation_20,0.5,0,334,33500,146.27119851112366,47450,47525.75,ONE_POINT,100,100,RANDOM
truncation_20,0.5,0,335,33600,146.7059588432312,47390,47478.04,ONE_POINT,100,100,RANDOM
truncation_20,0.5,0,336,33700,147.14220523834229,47344,47419.45,ONE_POINT,100,100,RANDOM
truncation_20,0.5,0,337,33800,147.58695793151855,47261,47365.46,ONE_POINT,100,100,RANDOM
truncation_20,0.5,0,338,33900,148.03429222106934,47216,47307.28,ONE_POINT,100,100,RANDOM
truncation_20,0.5,0,339,34000,148.47427201271057,47167,47241.57,ONE_POINT,100,100,RANDOM
truncation_20,0.5,0,340,34100,148.92655634880066,47095,47203.53,ONE_POINT,100,100,RANDOM
truncation_20,0.5,0,341,34200,149.35934782028198,47095,47174.0,ONE_POINT,100,100,RANDOM
truncation_20,0.5,0,342,34300,149.7906231880188,47050,47113.51,ONE_POINT,100,100,RANDOM
truncation_20,0.5,0,343,34400,150.23074316978455,46918,47076.58,ONE_POINT,100,100,RANDOM
truncation_20,0.5,0,344,34500,150.66249656677246,46918,47040.04,ONE_POINT,100,100,RANDOM
truncation_20,0.5,0,345,34600,151.12108087539673,46918,46987.06,ONE_POINT,100,100,RANDOM
truncation_20,0.5,0,346,34700,151.5494945049286,46895,46927.68,ONE_POINT,100,100,RANDOM
truncation_20,0.5,0,347,34800,151.98417210578918,46834,46910.66,ONE_POINT,100,100,RANDOM
truncation_20,0.5,0,348,34900,152.42497038841248,46834,46887.56,ONE_POINT,100,100,RANDOM
truncation_20,0.5,0,349,35000,152.85003566741943,46703,46840.53,ONE_POINT,100,100,RANDOM
truncation_20,0.5,0,350,35100,153.30248928070068,46658,46788.79,ONE_POINT,100,100,RANDOM
truncation_20,0.5,0,351,35200,153.74374985694885,46608,46690.23,ONE_POINT,100,100,RANDOM
truncation_20,0.5,0,352,35300,154.1732635498047,46567,46644.42,ONE_POINT,100,100,RANDOM
truncation_20,0.5,0,353,35400,154.62859463691711,46462,46596.58,ONE_POINT,100,100,RANDOM
truncation_20,0.5,0,354,35500,155.0704951286316,46457,46545.32,ONE_POINT,100,100,RANDOM
truncation_20,0.5,0,355,35600,155.50757598876953,46335,46470.1,ONE_POINT,100,100,RANDOM
truncation_20,0.5,0,356,35700,155.9381721019745,46271,46428.47,ONE_POINT,100,100,RANDOM
truncation_20,0.5,0,357,35800,156.38108468055725,46224,46369.73,ONE_POINT,100,100,RANDOM
truncation_20,0.5,0,358,35900,156.8462688922882,46224,46320.23,ONE_POINT,100,100,RANDOM
truncation_20,0.5,0,359,36000,157.297785282135,46192,46261.94,ONE_POINT,100,100,RANDOM
truncation_20,0.5,0,360,36100,157.72622394561768,46099,46205.55,ONE_POINT,100,100,RANDOM
truncation_20,0.5,0,361,36200,158.1582863330841,46075,46161.82,ONE_POINT,100,100,RANDOM
truncation_20,0.5,0,362,36300,158.60254836082458,45977,46095.92,ONE_POINT,100,100,RANDOM
truncation_20,0.5,0,363,36400,159.0379855632782,45977,46060.98,ONE_POINT,100,100,RANDOM
truncation_20,0.5,0,364,36500,159.49805688858032,45872,46010.56,ONE_POINT,100,100,RANDOM
truncation_20,0.5,0,365,36600,159.9290087223053,45804,45962.66,ONE_POINT,100,100,RANDOM
truncation_20,0.5,0,366,36700,160.3679587841034,45804,45884.33,ONE_POINT,100,100,RANDOM
truncation_20,0.5,0,367,36800,160.80983877182007,45715,45820.92,ONE_POINT,100,100,RANDOM
truncation_20,0.5,0,368,36900,161.25105476379395,45715,45788.96,ONE_POINT,100,100,RANDOM
truncation_20,0.5,0,369,37000,161.67782163619995,45671,45740.07,ONE_POINT,100,100,RANDOM
truncation_20,0.5,0,370,37100,162.10808038711548,45634,45695.5,ONE_POINT,100,100,RANDOM
truncation_20,0.5,0,371,37200,162.5412893295288,45615,45659.75,ONE_POINT,100,100,RANDOM
truncation_20,0.5,0,372,37300,162.98700213432312,45576,45631.21,ONE_POINT,100,100,RANDOM
truncation_20,0.5,0,373,37400,163.42394137382507,45575,45604.66,ONE_POINT,100,100,RANDOM
truncation_20,0.5,0,374,37500,163.8687686920166,45519,45577.63,ONE_POINT,100,100,RANDOM
truncation_20,0.5,0,375,37600,164.3004870414734,45496,45541.98,ONE_POINT,100,100,RANDOM
truncation_20,0.5,0,376,37700,164.72750210762024,45438,45507.08,ONE_POINT,100,100,RANDOM
truncation_20,0.5,0,377,37800,165.16427516937256,45407,45478.4,ONE_POINT,100,100,RANDOM
truncation_20,0.5,0,378,37900,165.66133880615234,45244,45421.99,ONE_POINT,100,100,RANDOM
truncation_20,0.5,0,379,38000,166.09980845451355,45244,45385.7,ONE_POINT,100,100,RANDOM
truncation_20,0.5,0,380,38100,166.53117752075195,45244,45348.4,ONE_POINT,100,100,RANDOM
truncation_20,0.5,0,381,38200,166.95941352844238,45244,45310.3,ONE_POINT,100,100,RANDOM
truncation_20,0.5,0,382,38300,167.40718913078308,45225,45271.55,ONE_POINT,100,100,RANDOM
truncation_20,0.5,0,383,38400,167.8637924194336,45211,45245.47,ONE_POINT,100,100,RANDOM
truncation_20,0.5,0,384,38500,168.29938173294067,45109,45218.64,ONE_POINT,100,100,RANDOM
truncation_20,0.5,0,385,38600,168.73308205604553,45105,45192.65,ONE_POINT,100,100,RANDOM
truncation_20,0.5,0,386,38700,169.16148161888123,45038,45134.61,ONE_POINT,100,100,RANDOM
truncation_20,0.5,0,387,38800,169.59212279319763,44997,45081.24,ONE_POINT,100,100,RANDOM
truncation_20,0.5,0,388,38900,170.03934288024902,44940,45025.37,ONE_POINT,100,100,RANDOM
truncation_20,0.5,0,389,39000,170.47459602355957,44899,44978.31,ONE_POINT,100,100,RANDOM
truncation_20,0.5,0,390,39100,170.90692043304443,44881,44933.54,ONE_POINT,100,100,RANDOM
truncation_20,0.5,0,391,39200,171.3436677455902,44846,44896.08,ONE_POINT,100,100,RANDOM
truncation_20,0.5,0,392,39300,171.77901887893677,44741,44857.2,ONE_POINT,100,100,RANDOM
truncation_20,0.5,0,393,39400,172.23118996620178,44729,44804.19,ONE_POINT,100,100,RANDOM
truncation_20,0.5,0,394,39500,172.66651487350464,44697,44745.12,ONE_POINT,100,100,RANDOM
truncation_20,0.5,0,395,39600,173.11649870872498,44647,44711.62,ONE_POINT,100,100,RANDOM
truncation_20,0.5,0,396,39700,173.5507836341858,44602,44679.78,ONE_POINT,100,100,RANDOM
truncation_20,0.5,0,397,39800,173.99113154411316,44587,44653.23,ONE_POINT,100,100,RANDOM
truncation_20,0.5,0,398,39900,174.43173098564148,44521,44617.41,ONE_POINT,100,100,RANDOM
truncation_20,0.5,0,399,40000,174.85496139526367,44499,44566.51,ONE_POINT,100,100,RANDOM
truncation_20,0.5,0,400,40100,175.28055596351624,44445,44520.33,ONE_POINT,100,100,RANDOM
truncation_20,0.5,0,401,40200,175.7193624973297,44385,44479.48,ONE_POINT,100,100,RANDOM
truncation_20,0.5,0,402,40300,176.16178274154663,44297,44408.94,ONE_POINT,100,100,RANDOM
truncation_20,0.5,0,403,40400,176.61066007614136,44285,44352.46,ONE_POINT,100,100,RANDOM
truncation_20,0.5,0,404,40500,177.03901362419128,44276,44295.58,ONE_POINT,100,100,RANDOM
truncation_20,0.5,0,405,40600,177.4761655330658,44126,44270.71,ONE_POINT,100,100,RANDOM
truncation_20,0.5,0,406,40700,177.9059238433838,44126,44230.29,ONE_POINT,100,100,RANDOM
truncation_20,0.5,0,407,40800,178.34925627708435,44114,44167.97,ONE_POINT,100,100,RANDOM
truncation_20,0.5,0,408,40900,178.7963228225708,44041,44128.04,ONE_POINT,100,100,RANDOM
truncation_20,0.5,0,409,41000,179.23161458969116,44023,44076.2,ONE_POINT,100,100,RANDOM
truncation_20,0.5,0,410,41100,179.65503406524658,44001,44039.61,ONE_POINT,100,100,RANDOM
truncation_20,0.5,0,411,41200,180.08565735816956,43921,44005.56,ONE_POINT,100,100,RANDOM
truncation_20,0.5,0,412,41300,180.5422010421753,43855,43955.02,ONE_POINT,100,100,RANDOM
truncation_20,0.5,0,413,41400,180.9920392036438,43781,43891.04,ONE_POINT,100,100,RANDOM
truncation_20,0.5,0,414,41500,181.4228150844574,43735,43831.6,ONE_POINT,100,100,RANDOM
truncation_20,0.5,0,415,41600,181.84563374519348,43716,43797.84,ONE_POINT,100,100,RANDOM
truncation_20,0.5,0,416,41700,182.2725007534027,43609,43749.74,ONE_POINT,100,100,RANDOM
truncation_20,0.5,0,417,41800,182.71517157554626,43562,43689.58,ONE_POINT,100,100,RANDOM
truncation_20,0.5,0,418,41900,183.17600464820862,43562,43645.72,ONE_POINT,100,100,RANDOM
truncation_20,0.5,0,419,42000,183.60677361488342,43544,43592.1,ONE_POINT,100,100,RANDOM
truncation_20,0.5,0,420,42100,184.04493188858032,43459,43538.24,ONE_POINT,100,100,RANDOM
truncation_20,0.5,0,421,42200,184.47046828269958,43351,43488.64,ONE_POINT,100,100,RANDOM
truncation_20,0.5,0,422,42300,184.9163908958435,43351,43441.85,ONE_POINT,100,100,RANDOM
truncation_20,0.5,0,423,42400,185.35799741744995,43326,43391.27,ONE_POINT,100,100,RANDOM
truncation_20,0.5,0,424,42500,185.78109431266785,43282,43342.82,ONE_POINT,100,100,RANDOM
truncation_20,0.5,0,425,42600,186.22234416007996,43215,43314.68,ONE_POINT,100,100,RANDOM
truncation_20,0.5,0,426,42700,186.6716742515564,43215,43282.06,ONE_POINT,100,100,RANDOM
truncation_20,0.5,0,427,42800,187.10015320777893,43168,43253.4,ONE_POINT,100,100,RANDOM
truncation_20,0.5,0,428,42900,187.53750443458557,43116,43217.66,ONE_POINT,100,100,RANDOM
truncation_20,0.5,0,429,43000,187.97588467597961,43109,43168.92,ONE_POINT,100,100,RANDOM
truncation_20,0.5,0,430,43100,188.41155004501343,43088,43137.74,ONE_POINT,100,100,RANDOM
truncation_20,0.5,0,431,43200,188.8491291999817,43008,43103.77,ONE_POINT,100,100,RANDOM
truncation_20,0.5,0,432,43300,189.29684233665466,42941,43060.04,ONE_POINT,100,100,RANDOM
truncation_20,0.5,0,433,43400,189.73814630508423,42909,42997.57,ONE_POINT,100,100,RANDOM
truncation_20,0.5,0,434,43500,190.1635024547577,42872,42938.39,ONE_POINT,100,100,RANDOM
truncation_20,0.5,0,435,43600,190.59325432777405,42825,42914.59,ONE_POINT,100,100,RANDOM
truncation_20,0.5,0,436,43700,191.02137756347656,42806,42874.12,ONE_POINT,100,100,RANDOM
truncation_20,0.5,0,437,43800,191.45488476753235,42734,42831.99,ONE_POINT,100,100,RANDOM
truncation_20,0.5,0,438,43900,191.89319896697998,42702,42785.52,ONE_POINT,100,100,RANDOM
truncation_20,0.5,0,439,44000,192.33082389831543,42625,42723.55,ONE_POINT,100,100,RANDOM
truncation_20,0.5,0,440,44100,192.76172709465027,42600,42690.9,ONE_POINT,100,100,RANDOM
truncation_20,0.5,0,441,44200,193.22174215316772,42565,42644.34,ONE_POINT,100,100,RANDOM
truncation_20,0.5,0,442,44300,193.65068006515503,42565,42592.58,ONE_POINT,100,100,RANDOM
truncation_20,0.5,0,443,44400,194.09766173362732,42465,42565.41,ONE_POINT,100,100,RANDOM
truncation_20,0.5,0,444,44500,194.53935265541077,42465,42558.62,ONE_POINT,100,100,RANDOM
truncation_20,0.5,0,445,44600,194.9701759815216,42465,42542.86,ONE_POINT,100,100,RANDOM
truncation_20,0.5,0,446,44700,195.4037458896637,42465,42501.86,ONE_POINT,100,100,RANDOM
truncation_20,0.5,0,447,44800,195.82789707183838,42395,42461.25,ONE_POINT,100,100,RANDOM
truncation_20,0.5,0,448,44900,196.27926874160767,42389,42437.02,ONE_POINT,100,100,RANDOM
truncation_20,0.5,0,449,45000,196.71472263336182,42326,42394.26,ONE_POINT,100,100,RANDOM
truncation_20,0.5,0,450,45100,197.16329622268677,42314,42356.54,ONE_POINT,100,100,RANDOM
truncation_20,0.5,0,451,45200,197.61306142807007,42111,42321.13,ONE_POINT,100,100,RANDOM
truncation_20,0.5,0,452,45300,198.0475447177887,42111,42273.21,ONE_POINT,100,100,RANDOM
truncation_20,0.5,0,453,45400,198.49602961540222,42062,42175.23,ONE_POINT,100,100,RANDOM
truncation_20,0.5,0,454,45500,198.92592358589172,42032,42102.97,ONE_POINT,100,100,RANDOM
truncation_20,0.5,0,455,45600,199.3780813217163,41955,42053.01,ONE_POINT,100,100,RANDOM
truncation_20,0.5,0,456,45700,199.80278539657593,41955,41996.38,ONE_POINT,100,100,RANDOM
truncation_20,0.5,0,457,45800,200.22893691062927,41906,41953.6,ONE_POINT,100,100,RANDOM
truncation_20,0.5,0,458,45900,200.66867089271545,41906,41944.45,ONE_POINT,100,100,RANDOM
truncation_20,0.5,0,459,46000,201.09952187538147,41840,41916.29,ONE_POINT,100,100,RANDOM
truncation_20,0.5,0,460,46100,201.52783226966858,41791,41889.86,ONE_POINT,100,100,RANDOM
truncation_20,0.5,0,461,46200,201.96346068382263,41791,41857.57,ONE_POINT,100,100,RANDOM
truncation_20,0.5,0,462,46300,202.46047711372375,41702,41837.09,ONE_POINT,100,100,RANDOM
truncation_20,0.5,0,463,46400,202.90582633018494,41702,41798.54,ONE_POINT,100,100,RANDOM
truncation_20,0.5,0,464,46500,203.34739995002747,41702,41743.03,ONE_POINT,100,100,RANDOM
truncation_20,0.5,0,465,46600,203.79054951667786,41626,41692.4,ONE_POINT,100,100,RANDOM
truncation_20,0.5,0,466,46700,204.22891521453857,41626,41661.92,ONE_POINT,100,100,RANDOM
truncation_20,0.5,0,467,46800,204.6607940196991,41547,41628.59,ONE_POINT,100,100,RANDOM
truncation_20,0.5,0,468,46900,205.1155650615692,41547,41601.43,ONE_POINT,100,100,RANDOM
truncation_20,0.5,0,469,47000,205.5621190071106,41493,41549.28,ONE_POINT,100,100,RANDOM
truncation_20,0.5,0,470,47100,206.0023057460785,41493,41538.65,ONE_POINT,100,100,RANDOM
truncation_20,0.5,0,471,47200,206.43083357810974,41493,41513.56,ONE_POINT,100,100,RANDOM
truncation_20,0.5,0,472,47300,206.8711223602295,41470,41491.71,ONE_POINT,100,100,RANDOM
truncation_20,0.5,0,473,47400,207.32586526870728,41315,41484.85,ONE_POINT,100,100,RANDOM
truncation_20,0.5,0,474,47500,207.7640368938446,41279,41459.23,ONE_POINT,100,100,RANDOM
truncation_20,0.5,0,475,47600,208.2057831287384,41260,41410.2,ONE_POINT,100,100,RANDOM
truncation_20,0.5,0,476,47700,208.6348226070404,41232,41302.05,ONE_POINT,100,100,RANDOM
truncation_20,0.5,0,477,47800,209.06312775611877,41199,41261.38,ONE_POINT,100,100,RANDOM
truncation_20,0.5,0,478,47900,209.50164771080017,41119,41221.71,ONE_POINT,100,100,RANDOM
truncation_20,0.5,0,479,48000,209.9391279220581,41085,41177.93,ONE_POINT,100,100,RANDOM
truncation_20,0.5,0,480,48100,210.37117171287537,41058,41121.04,ONE_POINT,100,100,RANDOM
truncation_20,0.5,0,481,48200,210.80878019332886,40975,41075.55,ONE_POINT,100,100,RANDOM
truncation_20,0.5,0,482,48300,211.22972536087036,40968,41038.33,ONE_POINT,100,100,RANDOM
truncation_20,0.5,0,483,48400,211.66900825500488,40932,40991.75,ONE_POINT,100,100,RANDOM
truncation_20,0.5,0,484,48500,212.0961630344391,40805,40948.5,ONE_POINT,100,100,RANDOM
truncation_20,0.5,0,485,48600,212.5310652256012,40676,40899.94,ONE_POINT,100,100,RANDOM
truncation_20,0.5,0,486,48700,212.9582335948944,40667,40817.19,ONE_POINT,100,100,RANDOM
truncation_20,0.5,0,487,48800,213.39596676826477,40667,40717.8,ONE_POINT,100,100,RANDOM
truncation_20,0.5,0,488,48900,213.86247491836548,40623,40671.14,ONE_POINT,100,100,RANDOM
truncation_20,0.5,0,489,49000,214.3079526424408,40623,40658.85,ONE_POINT,100,100,RANDOM
truncation_20,0.5,0,490,49100,214.73237109184265,40618,40644.21,ONE_POINT,100,100,RANDOM
truncation_20,0.5,0,491,49200,215.1704022884369,40589,40623.57,ONE_POINT,100,100,RANDOM
truncation_20,0.5,0,492,49300,215.60969877243042,40571,40608.15,ONE_POINT,100,100,RANDOM
truncation_20,0.5,0,493,49400,216.0745301246643,40546,40585.31,ONE_POINT,100,100,RANDOM
truncation_20,0.5,0,494,49500,216.50110626220703,40491,40562.81,ONE_POINT,100,100,RANDOM
truncation_20,0.5,0,495,49600,216.9483458995819,40367,40538.77,ONE_POINT,100,100,RANDOM
truncation_20,0.5,0,496,49700,217.40106916427612,40367,40504.11,ONE_POINT,100,100,RANDOM
truncation_20,0.5,0,497,49800,217.82696390151978,40367,40453.97,ONE_POINT,100,100,RANDOM
truncation_20,0.5,0,498,49900,218.26685500144958,40325,40386.19,ONE_POINT,100,100,RANDOM
truncation_20,0.5,0,499,50000,218.69870710372925,40325,40364.46,ONE_POINT,100,100,RANDOM
truncation_20,0.5,0,500,50100,219.1230025291443,40325,40354.43,ONE_POINT,100,100,RANDOM
truncation_20,0.5,20,1,200,0.28915858268737793,136512,142541.89,ONE_POINT,100,100,RANDOM
truncation_20,0.5,20,2,300,0.7361001968383789,131521,136755.65,ONE_POINT,100,100,RANDOM
truncation_20,0.5,20,3,400,1.1645987033843994,129253,133187.64,ONE_POINT,100,100,RANDOM
truncation_20,0.5,20,4,500,1.5998425483703613,125660,130200.59,ONE_POINT,100,100,RANDOM
truncation_20,0.5,20,5,600,2.0283291339874268,125522,127661.31,ONE_POINT,100,100,RANDOM
truncation_20,0.5,20,6,700,2.458603858947754,122989,125520.15,ONE_POINT,100,100,RANDOM
truncation_20,0.5,20,7,800,2.910566806793213,119938,123488.32,ONE_POINT,100,100,RANDOM
truncation_20,0.5,20,8,900,3.356781005859375,119416,121426.52,ONE_POINT,100,100,RANDOM
truncation_20,0.5,20,9,1000,3.7877042293548584,115328,119483.03,ONE_POINT,100,100,RANDOM
truncation_20,0.5,20,10,1100,4.220398664474487,113167,117106.8,ONE_POINT,100,100,RANDOM
truncation_20,0.5,20,11,1200,4.665082216262817,113167,114868.91,ONE_POINT,100,100,RANDOM
truncation_20,0.5,20,12,1300,5.109728097915649,110127,113557.26,ONE_POINT,100,100,RANDOM
truncation_20,0.5,20,13,1400,5.548650503158569,109649,112141.89,ONE_POINT,100,100,RANDOM
truncation_20,0.5,20,14,1500,5.973166227340698,105909,109823.3,ONE_POINT,100,100,RANDOM
truncation_20,0.5,20,15,1600,6.405402898788452,105909,108903.68,ONE_POINT,100,100,RANDOM
truncation_20,0.5,20,16,1700,6.902857780456543,105283,106333.82,ONE_POINT,100,100,RANDOM
truncation_20,0.5,20,17,1800,7.376163959503174,103413,105588.14,ONE_POINT,100,100,RANDOM
truncation_20,0.5,20,18,1900,7.824304580688477,103413,104900.01,ONE_POINT,100,100,RANDOM
truncation_20,0.5,20,19,2000,8.268172025680542,102903,104136.19,ONE_POINT,100,100,RANDOM
truncation_20,0.5,20,20,2100,8.741289377212524,102344,103231.65,ONE_POINT,100,100,RANDOM
truncation_20,0.5,20,21,2200,9.208136558532715,101839,102633.4,ONE_POINT,100,100,RANDOM
truncation_20,0.5,20,22,2300,9.654409170150757,101179,102078.36,ONE_POINT,100,100,RANDOM
truncation_20,0.5,20,23,2400,10.081258535385132,100633,101516.56,ONE_POINT,100,100,RANDOM
truncation_20,0.5,20,24,2500,10.511066198348999,100171,100928.63,ONE_POINT,100,100,RANDOM
truncation_20,0.5,20,25,2600,10.967217922210693,99811,100412.23,ONE_POINT,100,100,RANDOM
truncation_20,0.5,20,26,2700,11.421709060668945,98619,99890.4,ONE_POINT,100,100,RANDOM
truncation_20,0.5,20,27,2800,11.862629413604736,98619,99251.29,ONE_POINT,100,100,RANDOM
truncation_20,0.5,20,28,2900,12.307766675949097,97929,98566.96,ONE_POINT,100,100,RANDOM
truncation_20,0.5,20,29,3000,12.746949434280396,97407,98184.61,ONE_POINT,100,100,RANDOM
truncation_20,0.5,20,30,3100,13.200606107711792,96664,97722.82,ONE_POINT,100,100,RANDOM
truncation_20,0.5,20,31,3200,13.634445905685425,95908,97155.15,ONE_POINT,100,100,RANDOM
truncation_20,0.5,20,32,3300,14.068493366241455,95540,96539.41,ONE_POINT,100,100,RANDOM
truncation_20,0.5,20,33,3400,14.505308151245117,94735,95839.4,ONE_POINT,100,100,RANDOM
truncation_20,0.5,20,34,3500,14.92508316040039,94634,95277.48,ONE_POINT,100,100,RANDOM
truncation_20,0.5,20,35,3600,15.37200927734375,94254,94990.26,ONE_POINT,100,100,RANDOM
truncation_20,0.5,20,36,3700,15.793643474578857,94124,94627.92,ONE_POINT,100,100,RANDOM
truncation_20,0.5,20,37,3800,16.22716999053955,93775,94132.29,ONE_POINT,100,100,RANDOM
truncation_20,0.5,20,38,3900,16.668833017349243,92896,93679.8,ONE_POINT,100,100,RANDOM
truncation_20,0.5,20,39,4000,17.095284938812256,91783,93093.87,ONE_POINT,100,100,RANDOM
truncation_20,0.5,20,40,4100,17.548996448516846,91658,92359.63,ONE_POINT,100,100,RANDOM
truncation_20,0.5,20,41,4200,17.977569103240967,89871,91549.98,ONE_POINT,100,100,RANDOM
truncation_20,0.5,20,42,4300,18.429269552230835,89583,90634.13,ONE_POINT,100,100,RANDOM
truncation_20,0.5,20,43,4400,18.870784997940063,88166,89693.9,ONE_POINT,100,100,RANDOM
truncation_20,0.5,20,44,4500,19.28967785835266,88166,89001.01,ONE_POINT,100,100,RANDOM
truncation_20,0.5,20,45,4600,19.747824907302856,87810,88324.89,ONE_POINT,100,100,RANDOM
truncation_20,0.5,20,46,4700,20.185205459594727,87728,88113.07,ONE_POINT,100,100,RANDOM
truncation_20,0.5,20,47,4800,20.635759115219116,87669,87958.51,ONE_POINT,100,100,RANDOM
truncation_20,0.5,20,48,4900,21.069721460342407,87154,87679.83,ONE_POINT,100,100,RANDOM
truncation_20,0.5,20,49,5000,21.562599897384644,87126,87364.12,ONE_POINT,100,100,RANDOM
truncation_20,0.5,20,50,5100,22.001144886016846,86872,87163.4,ONE_POINT,100,100,RANDOM
truncation_20,0.5,20,51,5200,22.437154054641724,86359,87010.28,ONE_POINT,100,100,RANDOM
truncation_20,0.5,20,52,5300,22.87566637992859,86359,86758.37,ONE_POINT,100,100,RANDOM
truncation_20,0.5,20,53,5400,23.30458116531372,85718,86364.83,ONE_POINT,100,100,RANDOM
truncation_20,0.5,20,54,5500,23.74554705619812,85364,85955.87,ONE_POINT,100,100,RANDOM
truncation_20,0.5,20,55,5600,24.165213346481323,85125,85621.62,ONE_POINT,100,100,RANDOM
truncation_20,0.5,20,56,5700,24.601648807525635,84617,85229.35,ONE_POINT,100,100,RANDOM
truncation_20,0.5,20,57,5800,25.037694931030273,84476,84825.39,ONE_POINT,100,100,RANDOM
truncation_20,0.5,20,58,5900,25.47293519973755,84437,84592.65,ONE_POINT,100,100,RANDOM
truncation_20,0.5,20,59,6000,25.90619134902954,84163,84472.28,ONE_POINT,100,100,RANDOM
truncation_20,0.5,20,60,6100,26.335201263427734,83971,84264.12,ONE_POINT,100,100,RANDOM
truncation_20,0.5,20,61,6200,26.75572180747986,83665,84045.31,ONE_POINT,100,100,RANDOM
truncation_20,0.5,20,62,6300,27.24633502960205,83300,83778.46,ONE_POINT,100,100,RANDOM
truncation_20,0.5,20,63,6400,27.683618783950806,82977,83469.51,ONE_POINT,100,100,RANDOM
truncation_20,0.5,20,64,6500,28.114057064056396,82656,83100.42,ONE_POINT,100,100,RANDOM
truncation_20,0.5,20,65,6600,28.54267644882202,82583,82903.38,ONE_POINT,100,100,RANDOM
truncation_20,0.5,20,66,6700,28.97375464439392,81753,82598.99,ONE_POINT,100,100,RANDOM
truncation_20,0.5,20,67,6800,29.428300380706787,81753,82361.37,ONE_POINT,100,100,RANDOM
truncation_20,0.5,20,68,6900,29.889387845993042,81643,81976.49,ONE_POINT,100,100,RANDOM
truncation_20,0.5,20,69,7000,30.32686948776245,81161,81673.99,ONE_POINT,100,100,RANDOM
truncation_20,0.5,20,70,7100,30.761207580566406,81020,81415.8,ONE_POINT,100,100,RANDOM
truncation_20,0.5,20,71,7200,31.189589023590088,80396,81104.06,ONE_POINT,100,100,RANDOM
truncation_20,0.5,20,72,7300,31.624799013137817,80255,80741.15,ONE_POINT,100,100,RANDOM
truncation_20,0.5,20,73,7400,32.08526802062988,80001,80409.63,ONE_POINT,100,100,RANDOM
truncation_20,0.5,20,74,7500,32.517701864242554,79694,80145.24,ONE_POINT,100,100,RANDOM
truncation_20,0.5,20,75,7600,32.941147565841675,79322,79907.06,ONE_POINT,100,100,RANDOM
truncation_20,0.5,20,76,7700,33.376020431518555,78856,79569.7,ONE_POINT,100,100,RANDOM
truncation_20,0.5,20,77,7800,33.829392433166504,78460,79069.61,ONE_POINT,100,100,RANDOM
truncation_20,0.5,20,78,7900,34.27444863319397,78107,78593.23,ONE_POINT,100,100,RANDOM
truncation_20,0.5,20,79,8000,34.712465047836304,78107,78355.23,ONE_POINT,100,100,RANDOM
truncation_20,0.5,20,80,8100,35.152756690979004,77854,78109.85,ONE_POINT,100,100,RANDOM
truncation_20,0.5,20,81,8200,35.576892375946045,77572,77882.6,ONE_POINT,100,100,RANDOM
truncation_20,0.5,20,82,8300,36.01770901679993,77196,77648.74,ONE_POINT,100,100,RANDOM
truncation_20,0.5,20,83,8400,36.45378279685974,76843,77313.16,ONE_POINT,100,100,RANDOM
truncation_20,0.5,20,84,8500,36.90316963195801,76746,77081.11,ONE_POINT,100,100,RANDOM
truncation_20,0.5,20,85,8600,37.33859467506409,76276,76899.57,ONE_POINT,100,100,RANDOM
truncation_20,0.5,20,86,8700,37.76224160194397,76054,76778.37,ONE_POINT,100,100,RANDOM
truncation_20,0.5,20,87,8800,38.21807026863098,76054,76561.66,ONE_POINT,100,100,RANDOM
truncation_20,0.5,20,88,8900,38.65660858154297,75511,76234.09,ONE_POINT,100,100,RANDOM
truncation_20,0.5,20,89,9000,39.08994674682617,75239,75973.6,ONE_POINT,100,100,RANDOM
truncation_20,0.5,20,90,9100,39.5246376991272,75239,75739.13,ONE_POINT,100,100,RANDOM
truncation_20,0.5,20,91,9200,39.954405784606934,75065,75422.28,ONE_POINT,100,100,RANDOM
truncation_20,0.5,20,92,9300,40.41641640663147,74874,75183.0,ONE_POINT,100,100,RANDOM
truncation_20,0.5,20,93,9400,40.84116816520691,74507,74910.76,ONE_POINT,100,100,RANDOM
truncation_20,0.5,20,94,9500,41.305704832077026,74290,74644.17,ONE_POINT,100,100,RANDOM
truncation_20,0.5,20,95,9600,41.73839521408081,74064,74450.12,ONE_POINT,100,100,RANDOM
truncation_20,0.5,20,96,9700,42.167073249816895,73644,74186.46,ONE_POINT,100,100,RANDOM
truncation_20,0.5,20,97,9800,42.68225169181824,73096,73837.47,ONE_POINT,100,100,RANDOM
truncation_20,0.5,20,98,9900,43.114174127578735,72994,73561.04,ONE_POINT,100,100,RANDOM
truncation_20,0.5,20,99,10000,43.54301571846008,72769,73177.12,ONE_POINT,100,100,RANDOM
truncation_20,0.5,20,100,10100,43.97438287734985,72364,72877.28,ONE_POINT,100,100,RANDOM
truncation_20,0.5,20,101,10200,44.43719506263733,72232,72632.91,ONE_POINT,100,100,RANDOM
truncation_20,0.5,20,102,10300,44.89198875427246,71798,72316.43,ONE_POINT,100,100,RANDOM
truncation_20,0.5,20,103,10400,45.32801532745361,71447,72054.99,ONE_POINT,100,100,RANDOM
truncation_20,0.5,20,104,10500,45.76823306083679,71152,71671.18,ONE_POINT,100,100,RANDOM
truncation_20,0.5,20,105,10600,46.19496130943298,71116,71334.59,ONE_POINT,100,100,RANDOM
truncation_20,0.5,20,106,10700,46.63619089126587,70710,71120.73,ONE_POINT,100,100,RANDOM
truncation_20,0.5,20,107,10800,47.08510971069336,70397,70904.95,ONE_POINT,100,100,RANDOM
truncation_20,0.5,20,108,10900,47.5138373374939,70320,70640.85,ONE_POINT,100,100,RANDOM
truncation_20,0.5,20,109,11000,47.94659638404846,70320,70417.76,ONE_POINT,100,100,RANDOM
truncation_20,0.5,20,110,11100,48.39271545410156,70166,70361.19,ONE_POINT,100,100,RANDOM
truncation_20,0.5,20,111,11200,48.845415115356445,69887,70232.39,ONE_POINT,100,100,RANDOM
truncation_20,0.5,20,112,11300,49.28215789794922,69677,70081.91,ONE_POINT,100,100,RANDOM
truncation_20,0.5,20,113,11400,49.72607445716858,69411,69879.3,ONE_POINT,100,100,RANDOM
truncation_20,0.5,20,114,11500,50.15056920051575,69186,69675.92,ONE_POINT,100,100,RANDOM
truncation_20,0.5,20,115,11600,50.59864616394043,69186,69429.2,ONE_POINT,100,100,RANDOM
truncation_20,0.5,20,116,11700,51.04775929450989,68979,69234.67,ONE_POINT,100,100,RANDOM
truncation_20,0.5,20,117,11800,51.4749641418457,68937,69129.69,ONE_POINT,100,100,RANDOM
truncation_20,0.5,20,118,11900,51.907989501953125,68698,68951.69,ONE_POINT,100,100,RANDOM
truncation_20,0.5,20,119,12000,52.335623025894165,68662,68819.59,ONE_POINT,100,100,RANDOM
truncation_20,0.5,20,120,12100,52.76743984222412,68190,68618.65,ONE_POINT,100,100,RANDOM
truncation_20,0.5,20,121,12200,53.20403456687927,67898,68371.86,ONE_POINT,100,100,RANDOM
truncation_20,0.5,20,122,12300,53.64970779418945,67783,68088.95,ONE_POINT,100,100,RANDOM
truncation_20,0.5,20,123,12400,54.08462715148926,67683,67881.02,ONE_POINT,100,100,RANDOM
truncation_20,0.5,20,124,12500,54.52027726173401,67437,67753.68,ONE_POINT,100,100,RANDOM
truncation_20,0.5,20,125,12600,54.94876289367676,67236,67584.97,ONE_POINT,100,100,RANDOM
truncation_20,0.5,20,126,12700,55.37961959838867,67074,67396.37,ONE_POINT,100,100,RANDOM
truncation_20,0.5,20,127,12800,55.81442904472351,66441,67185.98,ONE_POINT,100,100,RANDOM
truncation_20,0.5,20,128,12900,56.24144983291626,66415,66818.2,ONE_POINT,100,100,RANDOM
truncation_20,0.5,20,129,13000,56.67394685745239,66300,66464.7,ONE_POINT,100,100,RANDOM
truncation_20,0.5,20,130,13100,57.11392831802368,66283,66381.71,ONE_POINT,100,100,RANDOM
truncation_20,0.5,20,131,13200,57.559433460235596,66180,66315.43,ONE_POINT,100,100,RANDOM
truncation_20,0.5,20,132,13300,57.997915506362915,65810,66194.84,ONE_POINT,100,100,RANDOM
truncation_20,0.5,20,133,13400,58.42483997344971,65424,66016.69,ONE_POINT,100,100,RANDOM
truncation_20,0.5,20,134,13500,58.85828924179077,65424,65714.54,ONE_POINT,100,100,RANDOM
truncation_20,0.5,20,135,13600,59.302210569381714,65363,65483.3,ONE_POINT,100,100,RANDOM
truncation_20,0.5,20,136,13700,59.73092079162598,65257,65397.93,ONE_POINT,100,100,RANDOM
truncation_20,0.5,20,137,13800,60.17943596839905,65210,65315.38,ONE_POINT,100,100,RANDOM
truncation_20,0.5,20,138,13900,60.607794523239136,65085,65229.21,ONE_POINT,100,100,RANDOM
truncation_20,0.5,20,139,14000,61.03370928764343,64980,65157.43,ONE_POINT,100,100,RANDOM
truncation_20,0.5,20,140,14100,61.47979974746704,64797,65019.07,ONE_POINT,100,100,RANDOM
truncation_20,0.5,20,141,14200,61.90526533126831,64582,64904.24,ONE_POINT,100,100,RANDOM
truncation_20,0.5,20,142,14300,62.34744644165039,64551,64741.25,ONE_POINT,100,100,RANDOM
truncation_20,0.5,20,143,14400,62.772454500198364,64350,64562.74,ONE_POINT,100,100,RANDOM
truncation_20,0.5,20,144,14500,63.202422857284546,64090,64404.82,ONE_POINT,100,100,RANDOM
truncation_20,0.5,20,145,14600,63.66244864463806,63914,64204.84,ONE_POINT,100,100,RANDOM
truncation_20,0.5,20,146,14700,64.09120011329651,63834,63999.61,ONE_POINT,100,100,RANDOM
truncation_20,0.5,20,147,14800,64.5288736820221,63611,63834.47,ONE_POINT,100,100,RANDOM
truncation_20,0.5,20,148,14900,64.95851516723633,63346,63632.22,ONE_POINT,100,100,RANDOM
truncation_20,0.5,20,149,15000,65.39763045310974,63122,63435.18,ONE_POINT,100,100,RANDOM
truncation_20,0.5,20,150,15100,65.82268357276917,62964,63253.56,ONE_POINT,100,100,RANDOM
truncation_20,0.5,20,151,15200,66.25623035430908,62769,63031.22,ONE_POINT,100,100,RANDOM
truncation_20,0.5,20,152,15300,66.69868516921997,62502,62880.11,ONE_POINT,100,100,RANDOM
truncation_20,0.5,20,153,15400,67.13446497917175,62502,62757.49,ONE_POINT,100,100,RANDOM
truncation_20,0.5,20,154,15500,67.57431602478027,62301,62606.89,ONE_POINT,100,100,RANDOM
truncation_20,0.5,20,155,15600,68.00042724609375,62158,62392.13,ONE_POINT,100,100,RANDOM
truncation_20,0.5,20,156,15700,68.44530582427979,62011,62198.14,ONE_POINT,100,100,RANDOM
truncation_20,0.5,20,157,15800,68.8820173740387,61896,62080.03,ONE_POINT,100,100,RANDOM
truncation_20,0.5,20,158,15900,69.31916522979736,61863,61986.98,ONE_POINT,100,100,RANDOM
truncation_20,0.5,20,159,16000,69.76420593261719,61494,61896.86,ONE_POINT,100,100,RANDOM
truncation_20,0.5,20,160,16100,70.1950409412384,61461,61777.35,ONE_POINT,100,100,RANDOM
truncation_20,0.5,20,161,16200,70.63091206550598,61174,61512.32,ONE_POINT,100,100,RANDOM
truncation_20,0.5,20,162,16300,71.05972266197205,61027,61310.28,ONE_POINT,100,100,RANDOM
truncation_20,0.5,20,163,16400,71.49883317947388,60692,61067.9,ONE_POINT,100,100,RANDOM
truncation_20,0.5,20,164,16500,71.95310878753662,60607,60965.92,ONE_POINT,100,100,RANDOM
truncation_20,0.5,20,165,16600,72.39934301376343,60574,60799.53,ONE_POINT,100,100,RANDOM
truncation_20,0.5,20,166,16700,72.83452296257019,60134,60580.01,ONE_POINT,100,100,RANDOM
truncation_20,0.5,20,167,16800,73.26411461830139,60133,60359.93,ONE_POINT,100,100,RANDOM
truncation_20,0.5,20,168,16900,73.70372271537781,60102,60217.59,ONE_POINT,100,100,RANDOM
truncation_20,0.5,20,169,17000,74.13707876205444,59822,60066.8,ONE_POINT,100,100,RANDOM
truncation_20,0.5,20,170,17100,74.585289478302,59586,59889.14,ONE_POINT,100,100,RANDOM
truncation_20,0.5,20,171,17200,75.01647782325745,59336,59786.98,ONE_POINT,100,100,RANDOM
truncation_20,0.5,20,172,17300,75.46442985534668,59336,59660.41,ONE_POINT,100,100,RANDOM
truncation_20,0.5,20,173,17400,75.88716983795166,59129,59452.67,ONE_POINT,100,100,RANDOM
truncation_20,0.5,20,174,17500,76.31517744064331,59129,59263.53,ONE_POINT,100,100,RANDOM
truncation_20,0.5,20,175,17600,76.73801779747009,58844,59165.34,ONE_POINT,100,100,RANDOM
truncation_20,0.5,20,176,17700,77.16915130615234,58844,59090.06,ONE_POINT,100,100,RANDOM
truncation_20,0.5,20,177,17800,77.61073613166809,58844,59014.2,ONE_POINT,100,100,RANDOM
truncation_20,0.5,20,178,17900,78.03556036949158,58777,58914.37,ONE_POINT,100,100,RANDOM
truncation_20,0.5,20,179,18000,78.49014186859131,58697,58798.32,ONE_POINT,100,100,RANDOM
truncation_20,0.5,20,180,18100,78.91628289222717,58475,58643.23,ONE_POINT,100,100,RANDOM
truncation_20,0.5,20,181,18200,79.3439085483551,58188,58506.81,ONE_POINT,100,100,RANDOM
truncation_20,0.5,20,182,18300,79.79726362228394,58127,58384.4,ONE_POINT,100,100,RANDOM
truncation_20,0.5,20,183,18400,80.24436712265015,58017,58256.46,ONE_POINT,100,100,RANDOM
truncation_20,0.5,20,184,18500,80.67429995536804,57945,58104.76,ONE_POINT,100,100,RANDOM
truncation_20,0.5,20,185,18600,81.10428977012634,57727,57977.96,ONE_POINT,100,100,RANDOM
truncation_20,0.5,20,186,18700,81.53458166122437,57562,57835.84,ONE_POINT,100,100,RANDOM
truncation_20,0.5,20,187,18800,81.98516321182251,57371,57652.62,ONE_POINT,100,100,RANDOM
truncation_20,0.5,20,188,18900,82.44366192817688,57268,57479.05,ONE_POINT,100,100,RANDOM
truncation_20,0.5,20,189,19000,82.89792203903198,57235,57345.79,ONE_POINT,100,100,RANDOM
truncation_20,0.5,20,190,19100,83.33543062210083,56968,57247.76,ONE_POINT,100,100,RANDOM
truncation_20,0.5,20,191,19200,83.78734040260315,56968,57145.21,ONE_POINT,100,100,RANDOM
truncation_20,0.5,20,192,19300,84.2459077835083,56880,56992.49,ONE_POINT,100,100,RANDOM
truncation_20,0.5,20,193,19400,84.69237947463989,56812,56934.3,ONE_POINT,100,100,RANDOM
truncation_20,0.5,20,194,19500,85.1269884109497,56758,56867.27,ONE_POINT,100,100,RANDOM
truncation_20,0.5,20,195,19600,85.56284856796265,56559,56790.01,ONE_POINT,100,100,RANDOM
truncation_20,0.5,20,196,19700,86.00178050994873,56500,56712.91,ONE_POINT,100,100,RANDOM
truncation_20,0.5,20,197,19800,86.4470419883728,56500,56605.69,ONE_POINT,100,100,RANDOM
truncation_20,0.5,20,198,19900,86.87921953201294,56357,56525.4,ONE_POINT,100,100,RANDOM
truncation_20,0.5,20,199,20000,87.32353925704956,56305,56435.52,ONE_POINT,100,100,RANDOM
truncation_20,0.5,20,200,20100,87.78247666358948,56132,56331.02,ONE_POINT,100,100,RANDOM
truncation_20,0.5,20,201,20200,88.23301553726196,56094,56259.01,ONE_POINT,100,100,RANDOM
truncation_20,0.5,20,202,20300,88.70278930664062,55915,56178.46,ONE_POINT,100,100,RANDOM
truncation_20,0.5,20,203,20400,89.21714234352112,55915,56091.64,ONE_POINT,100,100,RANDOM
truncation_20,0.5,20,204,20500,89.6666624546051,55788,55970.83,ONE_POINT,100,100,RANDOM
truncation_20,0.5,20,205,20600,90.10045051574707,55735,55868.12,ONE_POINT,100,100,RANDOM
truncation_20,0.5,20,206,20700,90.54151439666748,55568,55786.8,ONE_POINT,100,100,RANDOM
truncation_20,0.5,20,207,20800,90.98219847679138,55337,55660.69,ONE_POINT,100,100,RANDOM
truncation_20,0.5,20,208,20900,91.41070890426636,55322,55499.93,ONE_POINT,100,100,RANDOM
truncation_20,0.5,20,209,21000,91.84016680717468,55041,55321.26,ONE_POINT,100,100,RANDOM
truncation_20,0.5,20,210,21100,92.26694416999817,55041,55236.21,ONE_POINT,100,100,RANDOM
truncation_20,0.5,20,211,21200,92.7508442401886,55034,55112.75,ONE_POINT,100,100,RANDOM
truncation_20,0.5,20,212,21300,93.237961769104,54725,55020.71,ONE_POINT,100,100,RANDOM
truncation_20,0.5,20,213,21400,93.73738384246826,54683,54922.39,ONE_POINT,100,100,RANDOM
truncation_20,0.5,20,214,21500,94.21275973320007,54296,54768.65,ONE_POINT,100,100,RANDOM
truncation_20,0.5,20,215,21600,94.67965698242188,54212,54643.19,ONE_POINT,100,100,RANDOM
truncation_20,0.5,20,216,21700,95.1279284954071,54140,54424.06,ONE_POINT,100,100,RANDOM
truncation_20,0.5,20,217,21800,95.5643413066864,53842,54262.77,ONE_POINT,100,100,RANDOM
truncation_20,0.5,20,218,21900,95.9992892742157,53842,54164.59,ONE_POINT,100,100,RANDOM
truncation_20,0.5,20,219,22000,96.42835211753845,53842,54055.29,ONE_POINT,100,100,RANDOM
truncation_20,0.5,20,220,22100,96.85842180252075,53822,53882.09,ONE_POINT,100,100,RANDOM
truncation_20,0.5,20,221,22200,97.30484986305237,53576,53798.85,ONE_POINT,100,100,RANDOM
truncation_20,0.5,20,222,22300,97.74257373809814,53576,53696.21,ONE_POINT,100,100,RANDOM
truncation_20,0.5,20,223,22400,98.1725640296936,53409,53593.39,ONE_POINT,100,100,RANDOM
truncation_20,0.5,20,224,22500,98.60875082015991,53260,53456.66,ONE_POINT,100,100,RANDOM
truncation_20,0.5,20,225,22600,99.04484438896179,53151,53340.22,ONE_POINT,100,100,RANDOM
truncation_20,0.5,20,226,22700,99.57509756088257,52934,53207.26,ONE_POINT,100,100,RANDOM
truncation_20,0.5,20,227,22800,100.03618311882019,52820,53050.04,ONE_POINT,100,100,RANDOM
truncation_20,0.5,20,228,22900,100.4828724861145,52820,52977.26,ONE_POINT,100,100,RANDOM
truncation_20,0.5,20,229,23000,100.92978477478027,52753,52917.85,ONE_POINT,100,100,RANDOM
truncation_20,0.5,20,230,23100,101.36391544342041,52575,52797.78,ONE_POINT,100,100,RANDOM
truncation_20,0.5,20,231,23200,101.824782371521,52575,52715.8,ONE_POINT,100,100,RANDOM
truncation_20,0.5,20,232,23300,102.25478506088257,52381,52575.33,ONE_POINT,100,100,RANDOM
truncation_20,0.5,20,233,23400,102.73583674430847,52132,52477.28,ONE_POINT,100,100,RANDOM
truncation_20,0.5,20,234,23500,103.21405124664307,52132,52374.19,ONE_POINT,100,100,RANDOM
truncation_20,0.5,20,235,23600,103.7244770526886,52132,52336.78,ONE_POINT,100,100,RANDOM
truncation_20,0.5,20,236,23700,104.21926140785217,52097,52262.19,ONE_POINT,100,100,RANDOM
truncation_20,0.5,20,237,23800,104.7529764175415,52035,52188.81,ONE_POINT,100,100,RANDOM
truncation_20,0.5,20,238,23900,105.21745371818542,51971,52095.24,ONE_POINT,100,100,RANDOM
truncation_20,0.5,20,239,24000,105.72275519371033,51817,51999.28,ONE_POINT,100,100,RANDOM
truncation_20,0.5,20,240,24100,106.15968227386475,51795,51902.67,ONE_POINT,100,100,RANDOM
truncation_20,0.5,20,241,24200,106.61094903945923,51701,51811.0,ONE_POINT,100,100,RANDOM
truncation_20,0.5,20,242,24300,107.03133845329285,51503,51721.57,ONE_POINT,100,100,RANDOM
truncation_20,0.5,20,243,24400,107.49870753288269,51296,51611.54,ONE_POINT,100,100,RANDOM
truncation_20,0.5,20,244,24500,107.95161581039429,51212,51488.89,ONE_POINT,100,100,RANDOM
truncation_20,0.5,20,245,24600,108.40132284164429,51212,51392.86,ONE_POINT,100,100,RANDOM
truncation_20,0.5,20,246,24700,108.90431571006775,51082,51219.84,ONE_POINT,100,100,RANDOM
truncation_20,0.5,20,247,24800,109.44675207138062,51031,51146.24,ONE_POINT,100,100,RANDOM
truncation_20,0.5,20,248,24900,109.97410440444946,50897,51047.27,ONE_POINT,100,100,RANDOM
truncation_20,0.5,20,249,25000,110.41939878463745,50818,50968.6,ONE_POINT,100,100,RANDOM
truncation_20,0.5,20,250,25100,110.86434054374695,50803,50897.96,ONE_POINT,100,100,RANDOM
truncation_20,0.5,20,251,25200,111.30261039733887,50710,50826.24,ONE_POINT,100,100,RANDOM
truncation_20,0.5,20,252,25300,111.7326409816742,50662,50758.22,ONE_POINT,100,100,RANDOM
truncation_20,0.5,20,253,25400,112.25671434402466,50567,50671.39,ONE_POINT,100,100,RANDOM
truncation_20,0.5,20,254,25500,112.71189284324646,50536,50596.15,ONE_POINT,100,100,RANDOM
truncation_20,0.5,20,255,25600,113.18474435806274,50452,50557.18,ONE_POINT,100,100,RANDOM
truncation_20,0.5,20,256,25700,113.66398072242737,50397,50512.26,ONE_POINT,100,100,RANDOM
truncation_20,0.5,20,257,25800,114.11737561225891,50332,50444.52,ONE_POINT,100,100,RANDOM
truncation_20,0.5,20,258,25900,114.5503716468811,50193,50378.56,ONE_POINT,100,100,RANDOM
truncation_20,0.5,20,259,26000,114.9875853061676,50193,50286.7,ONE_POINT,100,100,RANDOM
truncation_20,0.5,20,260,26100,115.49539685249329,49988,50187.57,ONE_POINT,100,100,RANDOM
truncation_20,0.5,20,261,26200,115.94065880775452,49946,50115.11,ONE_POINT,100,100,RANDOM
truncation_20,0.5,20,262,26300,116.40902423858643,49795,49990.15,ONE_POINT,100,100,RANDOM
truncation_20,0.5,20,263,26400,116.93890333175659,49768,49898.97,ONE_POINT,100,100,RANDOM
truncation_20,0.5,20,264,26500,117.41210293769836,49742,49818.74,ONE_POINT,100,100,RANDOM
truncation_20,0.5,20,265,26600,117.89774441719055,49594,49745.99,ONE_POINT,100,100,RANDOM
truncation_20,0.5,20,266,26700,118.3366630077362,49487,49639.76,ONE_POINT,100,100,RANDOM
truncation_20,0.5,20,267,26800,118.83961415290833,49345,49536.71,ONE_POINT,100,100,RANDOM
truncation_20,0.5,20,268,26900,119.27953100204468,49124,49371.87,ONE_POINT,100,100,RANDOM
truncation_20,0.5,20,269,27000,119.73295617103577,49025,49205.63,ONE_POINT,100,100,RANDOM
truncation_20,0.5,20,270,27100,120.24910163879395,48904,49098.45,ONE_POINT,100,100,RANDOM
truncation_20,0.5,20,271,27200,120.68627953529358,48904,49017.18,ONE_POINT,100,100,RANDOM
truncation_20,0.5,20,272,27300,121.12848854064941,48841,48959.31,ONE_POINT,100,100,RANDOM
truncation_20,0.5,20,273,27400,121.61022472381592,48754,48891.92,ONE_POINT,100,100,RANDOM
truncation_20,0.5,20,274,27500,122.05062484741211,48573,48781.08,ONE_POINT,100,100,RANDOM
truncation_20,0.5,20,275,27600,122.58953785896301,48454,48707.59,ONE_POINT,100,100,RANDOM
truncation_20,0.5,20,276,27700,123.03831267356873,48454,48588.62,ONE_POINT,100,100,RANDOM
truncation_20,0.5,20,277,27800,123.5224380493164,48394,48539.16,ONE_POINT,100,100,RANDOM
truncation_20,0.5,20,278,27900,123.99755358695984,48275,48442.07,ONE_POINT,100,100,RANDOM
truncation_20,0.5,20,279,28000,124.4421660900116,48193,48371.56,ONE_POINT,100,100,RANDOM
truncation_20,0.5,20,280,28100,124.88996863365173,48080,48232.41,ONE_POINT,100,100,RANDOM
truncation_20,0.5,20,281,28200,125.36129236221313,48080,48137.07,ONE_POINT,100,100,RANDOM
truncation_20,0.5,20,282,28300,125.80893301963806,47956,48075.77,ONE_POINT,100,100,RANDOM
truncation_20,0.5,20,283,28400,126.26513624191284,47702,48005.71,ONE_POINT,100,100,RANDOM
truncation_20,0.5,20,284,28500,126.72448539733887,47702,47909.86,ONE_POINT,100,100,RANDOM
truncation_20,0.5,20,285,28600,127.22513699531555,47537,47755.27,ONE_POINT,100,100,RANDOM
truncation_20,0.5,20,286,28700,127.68524312973022,47537,47685.23,ONE_POINT,100,100,RANDOM
truncation_20,0.5,20,287,28800,128.15270614624023,47515,47630.45,ONE_POINT,100,100,RANDOM
truncation_20,0.5,20,288,28900,128.7270655632019,47455,47533.22,ONE_POINT,100,100,RANDOM
truncation_20,0.5,20,289,29000,129.17929029464722,47365,47491.97,ONE_POINT,100,100,RANDOM
truncation_20,0.5,20,290,29100,129.68343496322632,47316,47438.47,ONE_POINT,100,100,RANDOM
truncation_20,0.5,20,291,29200,130.13650488853455,47208,47365.32,ONE_POINT,100,100,RANDOM
truncation_20,0.5,20,292,29300,130.5847523212433,47096,47273.95,ONE_POINT,100,100,RANDOM
truncation_20,0.5,20,293,29400,131.03278160095215,47092,47171.7,ONE_POINT,100,100,RANDOM
truncation_20,0.5,20,294,29500,131.52222156524658,46865,47086.06,ONE_POINT,100,100,RANDOM
truncation_20,0.5,20,295,29600,131.95614433288574,46865,47050.79,ONE_POINT,100,100,RANDOM
truncation_20,0.5,20,296,29700,132.3915500640869,46865,46981.42,ONE_POINT,100,100,RANDOM
truncation_20,0.5,20,297,29800,132.849937915802,46814,46936.2,ONE_POINT,100,100,RANDOM
truncation_20,0.5,20,298,29900,133.36253666877747,46720,46864.85,ONE_POINT,100,100,RANDOM
truncation_20,0.5,20,299,30000,133.8185474872589,46637,46770.11,ONE_POINT,100,100,RANDOM
truncation_20,0.5,20,300,30100,134.3085708618164,46601,46693.89,ONE_POINT,100,100,RANDOM
truncation_20,0.5,20,301,30200,134.84460735321045,46453,46628.5,ONE_POINT,100,100,RANDOM
truncation_20,0.5,20,302,30300,135.30742025375366,46435,46538.33,ONE_POINT,100,100,RANDOM
truncation_20,0.5,20,303,30400,135.7536804676056,46305,46436.69,ONE_POINT,100,100,RANDOM
truncation_20,0.5,20,304,30500,136.1947410106659,46263,46352.53,ONE_POINT,100,100,RANDOM
truncation_20,0.5,20,305,30600,136.63676738739014,46120,46297.51,ONE_POINT,100,100,RANDOM
truncation_20,0.5,20,306,30700,137.08609294891357,46120,46232.6,ONE_POINT,100,100,RANDOM
truncation_20,0.5,20,307,30800,137.55844569206238,46013,46155.08,ONE_POINT,100,100,RANDOM
truncation_20,0.5,20,308,30900,138.02353715896606,45922,46082.41,ONE_POINT,100,100,RANDOM
truncation_20,0.5,20,309,31000,138.5128402709961,45922,46010.22,ONE_POINT,100,100,RANDOM
truncation_20,0.5,20,310,31100,138.9539647102356,45825,45987.42,ONE_POINT,100,100,RANDOM
truncation_20,0.5,20,311,31200,139.49612545967102,45825,45934.54,ONE_POINT,100,100,RANDOM
truncation_20,0.5,20,312,31300,139.92869877815247,45641,45869.31,ONE_POINT,100,100,RANDOM
truncation_20,0.5,20,313,31400,140.3842990398407,45517,45770.44,ONE_POINT,100,100,RANDOM
truncation_20,0.5,20,314,31500,140.82300996780396,45517,45636.33,ONE_POINT,100,100,RANDOM
truncation_20,0.5,20,315,31600,141.27041602134705,45517,45575.25,ONE_POINT,100,100,RANDOM
truncation_20,0.5,20,316,31700,141.71895599365234,45364,45506.48,ONE_POINT,100,100,RANDOM
truncation_20,0.5,20,317,31800,142.1494882106781,45301,45467.55,ONE_POINT,100,100,RANDOM
truncation_20,0.5,20,318,31900,142.57981324195862,45301,45367.29,ONE_POINT,100,100,RANDOM
truncation_20,0.5,20,319,32000,143.01196599006653,45301,45329.9,ONE_POINT,100,100,RANDOM
truncation_20,0.5,20,320,32100,143.4575490951538,45193,45294.39,ONE_POINT,100,100,RANDOM
truncation_20,0.5,20,321,32200,143.90766429901123,45193,45278.25,ONE_POINT,100,100,RANDOM
truncation_20,0.5,20,322,32300,144.34349489212036,45193,45217.47,ONE_POINT,100,100,RANDOM
truncation_20,0.5,20,323,32400,144.78436017036438,45129,45187.39,ONE_POINT,100,100,RANDOM
truncation_20,0.5,20,324,32500,145.21631026268005,45129,45164.49,ONE_POINT,100,100,RANDOM
truncation_20,0.5,20,325,32600,145.65953588485718,45052,45128.67,ONE_POINT,100,100,RANDOM
truncation_20,0.5,20,326,32700,146.09610652923584,44958,45093.95,ONE_POINT,100,100,RANDOM
truncation_20,0.5,20,327,32800,146.52762055397034,44900,45026.78,ONE_POINT,100,100,RANDOM
truncation_20,0.5,20,328,32900,146.96304774284363,44724,44950.36,ONE_POINT,100,100,RANDOM
truncation_20,0.5,20,329,33000,147.40808057785034,44670,44847.26,ONE_POINT,100,100,RANDOM
truncation_20,0.5,20,330,33100,147.85406851768494,44524,44712.01,ONE_POINT,100,100,RANDOM
truncation_20,0.5,20,331,33200,148.32280611991882,44455,44654.29,ONE_POINT,100,100,RANDOM
truncation_20,0.5,20,332,33300,148.77150106430054,44455,44566.22,ONE_POINT,100,100,RANDOM
truncation_20,0.5,20,333,33400,149.20567989349365,44422,44512.72,ONE_POINT,100,100,RANDOM
truncation_20,0.5,20,334,33500,149.64540338516235,44395,44470.99,ONE_POINT,100,100,RANDOM
truncation_20,0.5,20,335,33600,150.09818959236145,44353,44409.51,ONE_POINT,100,100,RANDOM
truncation_20,0.5,20,336,33700,150.54226660728455,44306,44365.47,ONE_POINT,100,100,RANDOM
truncation_20,0.5,20,337,33800,150.96636414527893,44206,44322.29,ONE_POINT,100,100,RANDOM
truncation_20,0.5,20,338,33900,151.38697385787964,44176,44261.57,ONE_POINT,100,100,RANDOM
truncation_20,0.5,20,339,34000,151.81707000732422,43878,44189.68,ONE_POINT,100,100,RANDOM
truncation_20,0.5,20,340,34100,152.25659608840942,43878,44090.4,ONE_POINT,100,100,RANDOM
truncation_20,0.5,20,341,34200,152.71084141731262,43832,43909.72,ONE_POINT,100,100,RANDOM
truncation_20,0.5,20,342,34300,153.13910484313965,43744,43861.27,ONE_POINT,100,100,RANDOM
truncation_20,0.5,20,343,34400,153.57607793807983,43744,43819.91,ONE_POINT,100,100,RANDOM
truncation_20,0.5,20,344,34500,154.04002451896667,43671,43767.5,ONE_POINT,100,100,RANDOM
truncation_20,0.5,20,345,34600,154.4630856513977,43652,43732.17,ONE_POINT,100,100,RANDOM
truncation_20,0.5,20,346,34700,154.9025115966797,43540,43681.42,ONE_POINT,100,100,RANDOM
truncation_20,0.5,20,347,34800,155.33280491828918,43540,43633.85,ONE_POINT,100,100,RANDOM
truncation_20,0.5,20,348,34900,155.76814675331116,43488,43572.28,ONE_POINT,100,100,RANDOM
truncation_20,0.5,20,349,35000,156.2055380344391,43452,43520.54,ONE_POINT,100,100,RANDOM
truncation_20,0.5,20,350,35100,156.63383197784424,43247,43472.58,ONE_POINT,100,100,RANDOM
truncation_20,0.5,20,351,35200,157.0859911441803,43244,43429.3,ONE_POINT,100,100,RANDOM
truncation_20,0.5,20,352,35300,157.5199534893036,43244,43361.34,ONE_POINT,100,100,RANDOM
truncation_20,0.5,20,353,35400,157.96282386779785,43160,43255.93,ONE_POINT,100,100,RANDOM
truncation_20,0.5,20,354,35500,158.40301752090454,43101,43202.59,ONE_POINT,100,100,RANDOM
truncation_20,0.5,20,355,35600,158.82976818084717,42970,43128.46,ONE_POINT,100,100,RANDOM
truncation_20,0.5,20,356,35700,159.27196073532104,42898,43074.97,ONE_POINT,100,100,RANDOM
truncation_20,0.5,20,357,35800,159.70540642738342,42897,43001.26,ONE_POINT,100,100,RANDOM
truncation_20,0.5,20,358,35900,160.1502285003662,42812,42896.67,ONE_POINT,100,100,RANDOM
truncation_20,0.5,20,359,36000,160.5950608253479,42812,42886.25,ONE_POINT,100,100,RANDOM
truncation_20,0.5,20,360,36100,161.02374696731567,42781,42849.08,ONE_POINT,100,100,RANDOM
truncation_20,0.5,20,361,36200,161.48543739318848,42607,42792.94,ONE_POINT,100,100,RANDOM
truncation_20,0.5,20,362,36300,161.9172203540802,42607,42716.62,ONE_POINT,100,100,RANDOM
truncation_20,0.5,20,363,36400,162.36378979682922,42587,42639.63,ONE_POINT,100,100,RANDOM
truncation_20,0.5,20,364,36500,162.85035371780396,42503,42591.65,ONE_POINT,100,100,RANDOM
truncation_20,0.5,20,365,36600,163.28663611412048,42434,42543.49,ONE_POINT,100,100,RANDOM
truncation_20,0.5,20,366,36700,163.7274510860443,42434,42492.19,ONE_POINT,100,100,RANDOM
truncation_20,0.5,20,367,36800,164.15055108070374,42316,42429.67,ONE_POINT,100,100,RANDOM
truncation_20,0.5,20,368,36900,164.60594487190247,42275,42353.61,ONE_POINT,100,100,RANDOM
truncation_20,0.5,20,369,37000,165.03152775764465,42147,42282.95,ONE_POINT,100,100,RANDOM
truncation_20,0.5,20,370,37100,165.46376419067383,42075,42228.66,ONE_POINT,100,100,RANDOM
truncation_20,0.5,20,371,37200,165.90591883659363,42075,42154.37,ONE_POINT,100,100,RANDOM
truncation_20,0.5,20,372,37300,166.34675192832947,42027,42091.73,ONE_POINT,100,100,RANDOM
truncation_20,0.5,20,373,37400,166.77894377708435,41931,42046.97,ONE_POINT,100,100,RANDOM
truncation_20,0.5,20,374,37500,167.2186324596405,41914,41987.73,ONE_POINT,100,100,RANDOM
truncation_20,0.5,20,375,37600,167.6638433933258,41820,41933.87,ONE_POINT,100,100,RANDOM
truncation_20,0.5,20,376,37700,168.1108455657959,41820,41903.12,ONE_POINT,100,100,RANDOM
truncation_20,0.5,20,377,37800,168.55770301818848,41754,41831.3,ONE_POINT,100,100,RANDOM
truncation_20,0.5,20,378,37900,169.01639413833618,41727,41801.6,ONE_POINT,100,100,RANDOM
truncation_20,0.5,20,379,38000,169.46619939804077,41727,41759.64,ONE_POINT,100,100,RANDOM
truncation_20,0.5,20,380,38100,169.89824867248535,41633,41735.65,ONE_POINT,100,100,RANDOM
truncation_20,0.5,20,381,38200,170.33838820457458,41633,41711.43,ONE_POINT,100,100,RANDOM
truncation_20,0.5,20,382,38300,170.79172015190125,41623,41667.38,ONE_POINT,100,100,RANDOM
truncation_20,0.5,20,383,38400,171.2268226146698,41576,41643.23,ONE_POINT,100,100,RANDOM
truncation_20,0.5,20,384,38500,171.66181087493896,41533,41610.92,ONE_POINT,100,100,RANDOM
truncation_20,0.5,20,385,38600,172.09844875335693,41506,41556.21,ONE_POINT,100,100,RANDOM
truncation_20,0.5,20,386,38700,172.54804635047913,41408,41516.03,ONE_POINT,100,100,RANDOM
truncation_20,0.5,20,387,38800,172.9873821735382,41404,41486.32,ONE_POINT,100,100,RANDOM
truncation_20,0.5,20,388,38900,173.41804146766663,41331,41435.75,ONE_POINT,100,100,RANDOM
truncation_20,0.5,20,389,39000,173.8546507358551,41323,41380.98,ONE_POINT,100,100,RANDOM
truncation_20,0.5,20,390,39100,174.28309535980225,41197,41328.3,ONE_POINT,100,100,RANDOM
truncation_20,0.5,20,391,39200,174.73444247245789,41067,41270.88,ONE_POINT,100,100,RANDOM
truncation_20,0.5,20,392,39300,175.18012619018555,41067,41171.9,ONE_POINT,100,100,RANDOM
truncation_20,0.5,20,393,39400,175.64088678359985,40984,41066.91,ONE_POINT,100,100,RANDOM
truncation_20,0.5,20,394,39500,176.07726740837097,40867,41032.28,ONE_POINT,100,100,RANDOM
truncation_20,0.5,20,395,39600,176.5214490890503,40867,40959.03,ONE_POINT,100,100,RANDOM
truncation_20,0.5,20,396,39700,176.99054527282715,40843,40897.22,ONE_POINT,100,100,RANDOM
truncation_20,0.5,20,397,39800,177.42144060134888,40800,40849.89,ONE_POINT,100,100,RANDOM
truncation_20,0.5,20,398,39900,177.85519242286682,40780,40817.8,ONE_POINT,100,100,RANDOM
truncation_20,0.5,20,399,40000,178.28155899047852,40755,40791.64,ONE_POINT,100,100,RANDOM
truncation_20,0.5,20,400,40100,178.71713519096375,40700,40756.14,ONE_POINT,100,100,RANDOM
truncation_20,0.5,20,401,40200,179.18584322929382,40692,40732.33,ONE_POINT,100,100,RANDOM
truncation_20,0.5,20,402,40300,179.61520147323608,40664,40697.98,ONE_POINT,100,100,RANDOM
truncation_20,0.5,20,403,40400,180.05570268630981,40620,40671.38,ONE_POINT,100,100,RANDOM
truncation_20,0.5,20,404,40500,180.49109387397766,40580,40638.51,ONE_POINT,100,100,RANDOM
truncation_20,0.5,20,405,40600,180.92735838890076,40499,40591.61,ONE_POINT,100,100,RANDOM
truncation_20,0.5,20,406,40700,181.3788616657257,40477,40544.72,ONE_POINT,100,100,RANDOM
truncation_20,0.5,20,407,40800,181.80689024925232,40349,40485.6,ONE_POINT,100,100,RANDOM
truncation_20,0.5,20,408,40900,182.25186681747437,40287,40438.64,ONE_POINT,100,100,RANDOM
truncation_20,0.5,20,409,41000,182.68161058425903,40242,40352.09,ONE_POINT,100,100,RANDOM
truncation_20,0.5,20,410,41100,183.12294363975525,40157,40285.72,ONE_POINT,100,100,RANDOM
truncation_20,0.5,20,411,41200,183.58103251457214,40100,40191.84,ONE_POINT,100,100,RANDOM
truncation_20,0.5,20,412,41300,184.02308225631714,40100,40136.57,ONE_POINT,100,100,RANDOM
truncation_20,0.5,20,413,41400,184.45544362068176,40035,40093.12,ONE_POINT,100,100,RANDOM
truncation_20,0.5,20,414,41500,184.89420628547668,40022,40069.74,ONE_POINT,100,100,RANDOM
truncation_20,0.5,20,415,41600,185.35609817504883,39992,40030.65,ONE_POINT,100,100,RANDOM
truncation_20,0.5,20,416,41700,185.78657603263855,39894,39994.13,ONE_POINT,100,100,RANDOM
truncation_20,0.5,20,417,41800,186.22714281082153,39881,39951.38,ONE_POINT,100,100,RANDOM
truncation_20,0.5,20,418,41900,186.67071676254272,39877,39916.04,ONE_POINT,100,100,RANDOM
truncation_20,0.5,20,419,42000,187.10467052459717,39823,39883.02,ONE_POINT,100,100,RANDOM
truncation_20,0.5,20,420,42100,187.55160522460938,39779,39841.75,ONE_POINT,100,100,RANDOM
truncation_20,0.5,20,421,42200,187.98233103752136,39743,39799.31,ONE_POINT,100,100,RANDOM
truncation_20,0.5,20,422,42300,188.41941666603088,39691,39770.26,ONE_POINT,100,100,RANDOM
truncation_20,0.5,20,423,42400,188.85683345794678,39647,39734.64,ONE_POINT,100,100,RANDOM
truncation_20,0.5,20,424,42500,189.297456741333,39630,39691.71,ONE_POINT,100,100,RANDOM
truncation_20,0.5,20,425,42600,189.74729990959167,39618,39650.36,ONE_POINT,100,100,RANDOM
truncation_20,0.5,20,426,42700,190.1952211856842,39585,39624.44,ONE_POINT,100,100,RANDOM
truncation_20,0.5,20,427,42800,190.62895679473877,39559,39605.4,ONE_POINT,100,100,RANDOM
truncation_20,0.5,20,428,42900,191.10662603378296,39514,39575.13,ONE_POINT,100,100,RANDOM
truncation_20,0.5,20,429,43000,191.5431399345398,39453,39536.6,ONE_POINT,100,100,RANDOM
truncation_20,0.5,20,430,43100,191.9816451072693,39453,39493.95,ONE_POINT,100,100,RANDOM
truncation_20,0.5,20,431,43200,192.43041372299194,39396,39452.97,ONE_POINT,100,100,RANDOM
truncation_20,0.5,20,432,43300,192.87741899490356,39396,39441.34,ONE_POINT,100,100,RANDOM
truncation_20,0.5,20,433,43400,193.31464195251465,39354,39408.18,ONE_POINT,100,100,RANDOM
truncation_20,0.5,20,434,43500,193.76989126205444,39347,39380.5,ONE_POINT,100,100,RANDOM
truncation_20,0.5,20,435,43600,194.2067244052887,39329,39350.82,ONE_POINT,100,100,RANDOM
truncation_20,0.5,20,436,43700,194.64446020126343,39289,39333.3,ONE_POINT,100,100,RANDOM
truncation_20,0.5,20,437,43800,195.07634592056274,39251,39313.12,ONE_POINT,100,100,RANDOM
truncation_20,0.5,20,438,43900,195.52250695228577,39180,39289.01,ONE_POINT,100,100,RANDOM
truncation_20,0.5,20,439,44000,195.98565244674683,39180,39261.11,ONE_POINT,100,100,RANDOM
truncation_20,0.5,20,440,44100,196.43300080299377,39180,39220.99,ONE_POINT,100,100,RANDOM
truncation_20,0.5,20,441,44200,196.86282753944397,39143,39177.71,ONE_POINT,100,100,RANDOM
truncation_20,0.5,20,442,44300,197.30413103103638,39126,39167.22,ONE_POINT,100,100,RANDOM
truncation_20,0.5,20,443,44400,197.74614357948303,39109,39140.8,ONE_POINT,100,100,RANDOM
truncation_20,0.5,20,444,44500,198.18930101394653,39103,39121.63,ONE_POINT,100,100,RANDOM
truncation_20,0.5,20,445,44600,198.63368391990662,39041,39097.73,ONE_POINT,100,100,RANDOM
truncation_20,0.5,20,446,44700,199.05493474006653,39013,39064.73,ONE_POINT,100,100,RANDOM
truncation_20,0.5,20,447,44800,199.49202942848206,38969,39034.8,ONE_POINT,100,100,RANDOM
truncation_20,0.5,20,448,44900,199.934894323349,38928,39009.87,ONE_POINT,100,100,RANDOM
truncation_20,0.5,20,449,45000,200.38074326515198,38917,38959.01,ONE_POINT,100,100,RANDOM
truncation_20,0.5,20,450,45100,200.80902767181396,38846,38919.47,ONE_POINT,100,100,RANDOM
truncation_20,0.5,20,451,45200,201.24804139137268,38807,38870.58,ONE_POINT,100,100,RANDOM
truncation_20,0.5,20,452,45300,201.69803309440613,38807,38843.41,ONE_POINT,100,100,RANDOM
truncation_20,0.5,20,453,45400,202.14337825775146,38718,38809.39,ONE_POINT,100,100,RANDOM
truncation_20,0.5,20,454,45500,202.59568071365356,38681,38756.91,ONE_POINT,100,100,RANDOM
truncation_20,0.5,20,455,45600,203.02986860275269,38597,38696.22,ONE_POINT,100,100,RANDOM
truncation_20,0.5,20,456,45700,203.47390604019165,38597,38650.55,ONE_POINT,100,100,RANDOM
truncation_20,0.5,20,457,45800,203.90337109565735,38503,38604.68,ONE_POINT,100,100,RANDOM
truncation_20,0.5,20,458,45900,204.35780811309814,38487,38563.39,ONE_POINT,100,100,RANDOM
truncation_20,0.5,20,459,46000,204.7925090789795,38465,38502.34,ONE_POINT,100,100,RANDOM
truncation_20,0.5,20,460,46100,205.23789715766907,38394,38460.12,ONE_POINT,100,100,RANDOM
truncation_20,0.5,20,461,46200,205.670015335083,38322,38397.59,ONE_POINT,100,100,RANDOM
truncation_20,0.5,20,462,46300,206.09606528282166,38306,38361.9,ONE_POINT,100,100,RANDOM
truncation_20,0.5,20,463,46400,206.54715657234192,38306,38323.31,ONE_POINT,100,100,RANDOM
truncation_20,0.5,20,464,46500,206.98361539840698,38276,38320.88,ONE_POINT,100,100,RANDOM
truncation_20,0.5,20,465,46600,207.43327856063843,38264,38317.05,ONE_POINT,100,100,RANDOM
truncation_20,0.5,20,466,46700,207.86668014526367,38264,38301.77,ONE_POINT,100,100,RANDOM
truncation_20,0.5,20,467,46800,208.3110671043396,38246,38273.83,ONE_POINT,100,100,RANDOM
truncation_20,0.5,20,468,46900,208.7428493499756,38195,38255.55,ONE_POINT,100,100,RANDOM
truncation_20,0.5,20,469,47000,209.18288207054138,38184,38225.37,ONE_POINT,100,100,RANDOM
truncation_20,0.5,20,470,47100,209.6344072818756,38144,38195.41,ONE_POINT,100,100,RANDOM
truncation_20,0.5,20,471,47200,210.0726284980774,38125,38167.0,ONE_POINT,100,100,RANDOM
truncation_20,0.5,20,472,47300,210.51233625411987,38099,38142.68,ONE_POINT,100,100,RANDOM
truncation_20,0.5,20,473,47400,210.95627784729004,38086,38122.46,ONE_POINT,100,100,RANDOM
truncation_20,0.5,20,474,47500,211.37728786468506,38069,38097.16,ONE_POINT,100,100,RANDOM
truncation_20,0.5,20,475,47600,211.81293320655823,38006,38076.86,ONE_POINT,100,100,RANDOM
truncation_20,0.5,20,476,47700,212.24625849723816,37991,38044.51,ONE_POINT,100,100,RANDOM
truncation_20,0.5,20,477,47800,212.69954538345337,37983,38003.48,ONE_POINT,100,100,RANDOM
truncation_20,0.5,20,478,47900,213.12158918380737,37951,37982.2,ONE_POINT,100,100,RANDOM
truncation_20,0.5,20,479,48000,213.55860209465027,37899,37955.88,ONE_POINT,100,100,RANDOM
truncation_20,0.5,20,480,48100,214.01622200012207,37899,37935.15,ONE_POINT,100,100,RANDOM
truncation_20,0.5,20,481,48200,214.46592211723328,37844,37898.57,ONE_POINT,100,100,RANDOM
truncation_20,0.5,20,482,48300,214.9741690158844,37792,37869.74,ONE_POINT,100,100,RANDOM
truncation_20,0.5,20,483,48400,215.4198033809662,37785,37839.54,ONE_POINT,100,100,RANDOM
truncation_20,0.5,20,484,48500,215.84662866592407,37755,37804.68,ONE_POINT,100,100,RANDOM
truncation_20,0.5,20,485,48600,216.29005193710327,37707,37769.26,ONE_POINT,100,100,RANDOM
truncation_20,0.5,20,486,48700,216.73509740829468,37676,37752.19,ONE_POINT,100,100,RANDOM
truncation_20,0.5,20,487,48800,217.1637179851532,37663,37717.12,ONE_POINT,100,100,RANDOM
truncation_20,0.5,20,488,48900,217.60427689552307,37663,37696.82,ONE_POINT,100,100,RANDOM
truncation_20,0.5,20,489,49000,218.03901886940002,37640,37672.24,ONE_POINT,100,100,RANDOM
truncation_20,0.5,20,490,49100,218.4836781024933,37578,37650.57,ONE_POINT,100,100,RANDOM
truncation_20,0.5,20,491,49200,218.92287468910217,37557,37600.16,ONE_POINT,100,100,RANDOM
truncation_20,0.5,20,492,49300,219.3619577884674,37506,37563.96,ONE_POINT,100,100,RANDOM
truncation_20,0.5,20,493,49400,219.79249739646912,37475,37531.41,ONE_POINT,100,100,RANDOM
truncation_20,0.5,20,494,49500,220.21324348449707,37425,37489.0,ONE_POINT,100,100,RANDOM
truncation_20,0.5,20,495,49600,220.65167880058289,37400,37450.32,ONE_POINT,100,100,RANDOM
truncation_20,0.5,20,496,49700,221.1047761440277,37363,37411.71,ONE_POINT,100,100,RANDOM
truncation_20,0.5,20,497,49800,221.53579258918762,37318,37372.17,ONE_POINT,100,100,RANDOM
truncation_20,0.5,20,498,49900,221.96477007865906,37298,37342.22,ONE_POINT,100,100,RANDOM
truncation_20,0.5,20,499,50000,222.38673520088196,37255,37316.39,ONE_POINT,100,100,RANDOM
truncation_20,0.5,20,500,50100,222.81430315971375,37255,37297.35,ONE_POINT,100,100,RANDOM
truncation_20,0.5,40,1,200,0.2832796573638916,136636,142574.07,ONE_POINT,100,100,RANDOM
truncation_20,0.5,40,2,300,0.7035701274871826,131167,137737.84,ONE_POINT,100,100,RANDOM
truncation_20,0.5,40,3,400,1.1392168998718262,130189,133094.89,ONE_POINT,100,100,RANDOM
truncation_20,0.5,40,4,500,1.5666828155517578,128350,130948.79,ONE_POINT,100,100,RANDOM
truncation_20,0.5,40,5,600,2.0228569507598877,128096,129852.65,ONE_POINT,100,100,RANDOM
truncation_20,0.5,40,6,700,2.4502694606781006,125182,128273.58,ONE_POINT,100,100,RANDOM
truncation_20,0.5,40,7,800,2.886667013168335,124374,126311.62,ONE_POINT,100,100,RANDOM
truncation_20,0.5,40,8,900,3.3259308338165283,123068,124997.83,ONE_POINT,100,100,RANDOM
truncation_20,0.5,40,9,1000,3.759639263153076,121318,123730.86,ONE_POINT,100,100,RANDOM
truncation_20,0.5,40,10,1100,4.206526517868042,120378,122450.09,ONE_POINT,100,100,RANDOM
truncation_20,0.5,40,11,1200,4.647965431213379,117350,120780.95,ONE_POINT,100,100,RANDOM
truncation_20,0.5,40,12,1300,5.079614877700806,117271,118848.37,ONE_POINT,100,100,RANDOM
truncation_20,0.5,40,13,1400,5.508285045623779,116555,117301.31,ONE_POINT,100,100,RANDOM
truncation_20,0.5,40,14,1500,5.956860780715942,116223,116887.36,ONE_POINT,100,100,RANDOM
truncation_20,0.5,40,15,1600,6.402411460876465,115407,116311.57,ONE_POINT,100,100,RANDOM
truncation_20,0.5,40,16,1700,6.843781471252441,113474,115535.76,ONE_POINT,100,100,RANDOM
truncation_20,0.5,40,17,1800,7.308472633361816,113246,114706.91,ONE_POINT,100,100,RANDOM
truncation_20,0.5,40,18,1900,7.737165212631226,112802,113727.02,ONE_POINT,100,100,RANDOM
truncation_20,0.5,40,19,2000,8.174477577209473,112802,113258.56,ONE_POINT,100,100,RANDOM
truncation_20,0.5,40,20,2100,8.618199586868286,111496,112845.62,ONE_POINT,100,100,RANDOM
truncation_20,0.5,40,21,2200,9.044806957244873,110971,112207.11,ONE_POINT,100,100,RANDOM
truncation_20,0.5,40,22,2300,9.480120182037354,110216,111487.6,ONE_POINT,100,100,RANDOM
truncation_20,0.5,40,23,2400,9.913782596588135,109535,110634.25,ONE_POINT,100,100,RANDOM
truncation_20,0.5,40,24,2500,10.35569167137146,109194,109816.82,ONE_POINT,100,100,RANDOM
truncation_20,0.5,40,25,2600,10.809340476989746,108129,109171.46,ONE_POINT,100,100,RANDOM
truncation_20,0.5,40,26,2700,11.254018545150757,107000,108326.9,ONE_POINT,100,100,RANDOM
truncation_20,0.5,40,27,2800,11.691843271255493,106604,107845.3,ONE_POINT,100,100,RANDOM
truncation_20,0.5,40,28,2900,12.134061336517334,106473,107194.08,ONE_POINT,100,100,RANDOM
truncation_20,0.5,40,29,3000,12.558290958404541,105649,106771.68,ONE_POINT,100,100,RANDOM
truncation_20,0.5,40,30,3100,12.990865230560303,105622,106455.12,ONE_POINT,100,100,RANDOM
truncation_20,0.5,40,31,3200,13.418598175048828,105439,106084.6,ONE_POINT,100,100,RANDOM
truncation_20,0.5,40,32,3300,13.868420124053955,105204,105592.96,ONE_POINT,100,100,RANDOM
truncation_20,0.5,40,33,3400,14.31692361831665,103879,105179.81,ONE_POINT,100,100,RANDOM
truncation_20,0.5,40,34,3500,14.76209282875061,103288,104382.17,ONE_POINT,100,100,RANDOM
truncation_20,0.5,40,35,3600,15.19945478439331,102638,103712.78,ONE_POINT,100,100,RANDOM
truncation_20,0.5,40,36,3700,15.640233039855957,102454,103098.83,ONE_POINT,100,100,RANDOM
truncation_20,0.5,40,37,3800,16.06857180595398,101651,102442.59,ONE_POINT,100,100,RANDOM
truncation_20,0.5,40,38,3900,16.51876711845398,101195,101862.53,ONE_POINT,100,100,RANDOM
truncation_20,0.5,40,39,4000,16.951924800872803,100645,101392.08,ONE_POINT,100,100,RANDOM
truncation_20,0.5,40,40,4100,17.391573190689087,100216,100767.0,ONE_POINT,100,100,RANDOM
truncation_20,0.5,40,41,4200,17.81144094467163,99648,100359.67,ONE_POINT,100,100,RANDOM
truncation_20,0.5,40,42,4300,18.24229073524475,99208,99949.54,ONE_POINT,100,100,RANDOM
truncation_20,0.5,40,43,4400,18.681785583496094,98525,99533.25,ONE_POINT,100,100,RANDOM
truncation_20,0.5,40,44,4500,19.110339164733887,98096,99002.94,ONE_POINT,100,100,RANDOM
truncation_20,0.5,40,45,4600,19.541740894317627,97646,98453.69,ONE_POINT,100,100,RANDOM
truncation_20,0.5,40,46,4700,19.972100973129272,96830,97826.66,ONE_POINT,100,100,RANDOM
truncation_20,0.5,40,47,4800,20.400315046310425,96703,97214.95,ONE_POINT,100,100,RANDOM
truncation_20,0.5,40,48,4900,20.845415592193604,96411,96774.89,ONE_POINT,100,100,RANDOM
truncation_20,0.5,40,49,5000,21.27675437927246,95632,96451.51,ONE_POINT,100,100,RANDOM
truncation_20,0.5,40,50,5100,21.718064308166504,95632,96053.93,ONE_POINT,100,100,RANDOM
truncation_20,0.5,40,51,5200,22.165931940078735,94763,95593.53,ONE_POINT,100,100,RANDOM
truncation_20,0.5,40,52,5300,22.622233629226685,93946,95198.51,ONE_POINT,100,100,RANDOM
truncation_20,0.5,40,53,5400,23.058588981628418,93946,94587.29,ONE_POINT,100,100,RANDOM
truncation_20,0.5,40,54,5500,23.49551033973694,93616,94165.26,ONE_POINT,100,100,RANDOM
truncation_20,0.5,40,55,5600,23.95115351676941,93461,93848.16,ONE_POINT,100,100,RANDOM
truncation_20,0.5,40,56,5700,24.385924816131592,93023,93559.1,ONE_POINT,100,100,RANDOM
truncation_20,0.5,40,57,5800,24.8367919921875,92565,93189.56,ONE_POINT,100,100,RANDOM
truncation_20,0.5,40,58,5900,25.2786602973938,92554,92815.72,ONE_POINT,100,100,RANDOM
truncation_20,0.5,40,59,6000,25.7025146484375,92023,92516.63,ONE_POINT,100,100,RANDOM
truncation_20,0.5,40,60,6100,26.14770197868347,91779,92274.72,ONE_POINT,100,100,RANDOM
truncation_20,0.5,40,61,6200,26.57704448699951,91302,91893.31,ONE_POINT,100,100,RANDOM
truncation_20,0.5,40,62,6300,27.014702081680298,90645,91420.9,ONE_POINT,100,100,RANDOM
truncation_20,0.5,40,63,6400,27.44096803665161,90386,91043.4,ONE_POINT,100,100,RANDOM
truncation_20,0.5,40,64,6500,27.917323350906372,90110,90724.43,ONE_POINT,100,100,RANDOM
truncation_20,0.5,40,65,6600,28.350109815597534,90110,90494.98,ONE_POINT,100,100,RANDOM
truncation_20,0.5,40,66,6700,28.80022883415222,89886,90261.27,ONE_POINT,100,100,RANDOM
truncation_20,0.5,40,67,6800,29.234602212905884,89436,90032.71,ONE_POINT,100,100,RANDOM
truncation_20,0.5,40,68,6900,29.669851064682007,89128,89693.57,ONE_POINT,100,100,RANDOM
truncation_20,0.5,40,69,7000,30.102278232574463,88833,89346.25,ONE_POINT,100,100,RANDOM
truncation_20,0.5,40,70,7100,30.546685457229614,88481,89086.47,ONE_POINT,100,100,RANDOM
truncation_20,0.5,40,71,7200,30.982447624206543,88167,88771.8,ONE_POINT,100,100,RANDOM
truncation_20,0.5,40,72,7300,31.413386821746826,88090,88386.08,ONE_POINT,100,100,RANDOM
truncation_20,0.5,40,73,7400,31.834558725357056,87658,88107.76,ONE_POINT,100,100,RANDOM
truncation_20,0.5,40,74,7500,32.26134204864502,87310,87878.99,ONE_POINT,100,100,RANDOM
truncation_20,0.5,40,75,7600,32.698949575424194,87240,87568.52,ONE_POINT,100,100,RANDOM
truncation_20,0.5,40,76,7700,33.13826251029968,86508,87283.56,ONE_POINT,100,100,RANDOM
truncation_20,0.5,40,77,7800,33.58285045623779,86475,86896.68,ONE_POINT,100,100,RANDOM
truncation_20,0.5,40,78,7900,34.030680894851685,86105,86526.44,ONE_POINT,100,100,RANDOM
truncation_20,0.5,40,79,8000,34.47036695480347,85482,86281.41,ONE_POINT,100,100,RANDOM
truncation_20,0.5,40,80,8100,34.922447204589844,85379,85909.73,ONE_POINT,100,100,RANDOM
truncation_20,0.5,40,81,8200,35.37385678291321,84905,85451.18,ONE_POINT,100,100,RANDOM
truncation_20,0.5,40,82,8300,35.80211138725281,84875,85184.52,ONE_POINT,100,100,RANDOM
truncation_20,0.5,40,83,8400,36.238508224487305,84593,84901.65,ONE_POINT,100,100,RANDOM
truncation_20,0.5,40,84,8500,36.66284132003784,84225,84808.02,ONE_POINT,100,100,RANDOM
truncation_20,0.5,40,85,8600,37.108367681503296,84039,84643.28,ONE_POINT,100,100,RANDOM
truncation_20,0.5,40,86,8700,37.552900075912476,83969,84437.37,ONE_POINT,100,100,RANDOM
truncation_20,0.5,40,87,8800,37.98285794258118,83420,84076.97,ONE_POINT,100,100,RANDOM
truncation_20,0.5,40,88,8900,38.41435265541077,83278,83625.5,ONE_POINT,100,100,RANDOM
truncation_20,0.5,40,89,9000,38.84784770011902,83170,83330.75,ONE_POINT,100,100,RANDOM
truncation_20,0.5,40,90,9100,39.28260350227356,82721,83183.56,ONE_POINT,100,100,RANDOM
truncation_20,0.5,40,91,9200,39.71401882171631,82072,82898.92,ONE_POINT,100,100,RANDOM
truncation_20,0.5,40,92,9300,40.13617467880249,82036,82560.03,ONE_POINT,100,100,RANDOM
truncation_20,0.5,40,93,9400,40.569807291030884,81544,81966.0,ONE_POINT,100,100,RANDOM
truncation_20,0.5,40,94,9500,40.99971127510071,80774,81449.42,ONE_POINT,100,100,RANDOM
truncation_20,0.5,40,95,9600,41.47673058509827,80548,80959.78,ONE_POINT,100,100,RANDOM
truncation_20,0.5,40,96,9700,41.91500496864319,80028,80675.69,ONE_POINT,100,100,RANDOM
truncation_20,0.5,40,97,9800,42.35068392753601,79768,80254.89,ONE_POINT,100,100,RANDOM
truncation_20,0.5,40,98,9900,42.772520780563354,79211,79859.57,ONE_POINT,100,100,RANDOM
truncation_20,0.5,40,99,10000,43.212260007858276,78861,79418.87,ONE_POINT,100,100,RANDOM
truncation_20,0.5,40,100,10100,43.668750524520874,78572,78968.08,ONE_POINT,100,100,RANDOM
truncation_20,0.5,40,101,10200,44.12187147140503,78440,78707.27,ONE_POINT,100,100,RANDOM
truncation_20,0.5,40,102,10300,44.552730560302734,78314,78511.55,ONE_POINT,100,100,RANDOM
truncation_20,0.5,40,103,10400,44.975674629211426,78112,78400.97,ONE_POINT,100,100,RANDOM
truncation_20,0.5,40,104,10500,45.40538668632507,77865,78247.51,ONE_POINT,100,100,RANDOM
truncation_20,0.5,40,105,10600,45.840086698532104,77818,78036.56,ONE_POINT,100,100,RANDOM
truncation_20,0.5,40,106,10700,46.27374219894409,77609,77836.27,ONE_POINT,100,100,RANDOM
truncation_20,0.5,40,107,10800,46.696086168289185,77438,77744.54,ONE_POINT,100,100,RANDOM
truncation_20,0.5,40,108,10900,47.13344693183899,77418,77630.83,ONE_POINT,100,100,RANDOM
truncation_20,0.5,40,109,11000,47.54860830307007,77066,77447.59,ONE_POINT,100,100,RANDOM
truncation_20,0.5,40,110,11100,48.00143313407898,76899,77263.67,ONE_POINT,100,100,RANDOM
truncation_20,0.5,40,111,11200,48.426785469055176,76620,77059.27,ONE_POINT,100,100,RANDOM
truncation_20,0.5,40,112,11300,48.86517858505249,76615,76827.01,ONE_POINT,100,100,RANDOM
truncation_20,0.5,40,113,11400,49.29722237586975,76244,76590.13,ONE_POINT,100,100,RANDOM
truncation_20,0.5,40,114,11500,49.73331928253174,75765,76341.57,ONE_POINT,100,100,RANDOM
truncation_20,0.5,40,115,11600,50.19116830825806,75636,75984.14,ONE_POINT,100,100,RANDOM
truncation_20,0.5,40,116,11700,50.617069244384766,75459,75693.93,ONE_POINT,100,100,RANDOM
truncation_20,0.5,40,117,11800,51.058016777038574,75151,75556.88,ONE_POINT,100,100,RANDOM
truncation_20,0.5,40,118,11900,51.50284385681152,74936,75396.08,ONE_POINT,100,100,RANDOM
truncation_20,0.5,40,119,12000,51.948381423950195,74936,75231.96,ONE_POINT,100,100,RANDOM
truncation_20,0.5,40,120,12100,52.3807806968689,74566,74917.34,ONE_POINT,100,100,RANDOM
truncation_20,0.5,40,121,12200,52.814438581466675,74411,74743.14,ONE_POINT,100,100,RANDOM
truncation_20,0.5,40,122,12300,53.246869802474976,74006,74457.89,ONE_POINT,100,100,RANDOM
truncation_20,0.5,40,123,12400,53.67267346382141,73605,74239.59,ONE_POINT,100,100,RANDOM
truncation_20,0.5,40,124,12500,54.104665756225586,73605,73972.04,ONE_POINT,100,100,RANDOM
truncation_20,0.5,40,125,12600,54.557616233825684,73267,73694.33,ONE_POINT,100,100,RANDOM
truncation_20,0.5,40,126,12700,54.98306703567505,73267,73541.42,ONE_POINT,100,100,RANDOM
truncation_20,0.5,40,127,12800,55.41525316238403,73263,73338.6,ONE_POINT,100,100,RANDOM
truncation_20,0.5,40,128,12900,55.843286752700806,72987,73245.73,ONE_POINT,100,100,RANDOM
truncation_20,0.5,40,129,13000,56.2976176738739,72728,73108.25,ONE_POINT,100,100,RANDOM
truncation_20,0.5,40,130,13100,56.74402928352356,72728,72907.29,ONE_POINT,100,100,RANDOM
truncation_20,0.5,40,131,13200,57.18150544166565,72508,72741.2,ONE_POINT,100,100,RANDOM
truncation_20,0.5,40,132,13300,57.60638928413391,72388,72599.91,ONE_POINT,100,100,RANDOM
truncation_20,0.5,40,133,13400,58.04942202568054,71782,72320.83,ONE_POINT,100,100,RANDOM
truncation_20,0.5,40,134,13500,58.49682927131653,71491,71985.76,ONE_POINT,100,100,RANDOM
truncation_20,0.5,40,135,13600,58.93550372123718,71305,71689.62,ONE_POINT,100,100,RANDOM
truncation_20,0.5,40,136,13700,59.37341117858887,70669,71332.04,ONE_POINT,100,100,RANDOM
truncation_20,0.5,40,137,13800,59.81298017501831,70427,70899.29,ONE_POINT,100,100,RANDOM
truncation_20,0.5,40,138,13900,60.254485845565796,70086,70568.55,ONE_POINT,100,100,RANDOM
truncation_20,0.5,40,139,14000,60.694769620895386,69577,70335.25,ONE_POINT,100,100,RANDOM
truncation_20,0.5,40,140,14100,61.134960412979126,69577,70043.91,ONE_POINT,100,100,RANDOM
truncation_20,0.5,40,141,14200,61.57009029388428,69288,69704.47,ONE_POINT,100,100,RANDOM
truncation_20,0.5,40,142,14300,62.0085723400116,69233,69501.23,ONE_POINT,100,100,RANDOM
truncation_20,0.5,40,143,14400,62.501840591430664,68975,69268.28,ONE_POINT,100,100,RANDOM
truncation_20,0.5,40,144,14500,62.935115337371826,68857,69094.1,ONE_POINT,100,100,RANDOM
truncation_20,0.5,40,145,14600,63.383540630340576,68694,68960.34,ONE_POINT,100,100,RANDOM
truncation_20,0.5,40,146,14700,63.81360983848572,68694,68851.3,ONE_POINT,100,100,RANDOM
truncation_20,0.5,40,147,14800,64.28423190116882,68392,68756.35,ONE_POINT,100,100,RANDOM
truncation_20,0.5,40,148,14900,64.73075652122498,68320,68579.78,ONE_POINT,100,100,RANDOM
truncation_20,0.5,40,149,15000,65.17760992050171,68270,68406.14,ONE_POINT,100,100,RANDOM
truncation_20,0.5,40,150,15100,65.60284757614136,67803,68267.12,ONE_POINT,100,100,RANDOM
truncation_20,0.5,40,151,15200,66.04292488098145,67803,68132.61,ONE_POINT,100,100,RANDOM
truncation_20,0.5,40,152,15300,66.47478985786438,67657,67976.5,ONE_POINT,100,100,RANDOM
truncation_20,0.5,40,153,15400,66.9094820022583,67607,67759.75,ONE_POINT,100,100,RANDOM
truncation_20,0.5,40,154,15500,67.34035563468933,67436,67636.18,ONE_POINT,100,100,RANDOM
truncation_20,0.5,40,155,15600,67.77875280380249,67240,67542.69,ONE_POINT,100,100,RANDOM
truncation_20,0.5,40,156,15700,68.20211791992188,67240,67401.16,ONE_POINT,100,100,RANDOM
truncation_20,0.5,40,157,15800,68.64001488685608,67034,67235.77,ONE_POINT,100,100,RANDOM
truncation_20,0.5,40,158,15900,69.08069109916687,66949,67173.46,ONE_POINT,100,100,RANDOM
truncation_20,0.5,40,159,16000,69.5230700969696,66889,67045.26,ONE_POINT,100,100,RANDOM
truncation_20,0.5,40,160,16100,69.98253607749939,66653,66936.67,ONE_POINT,100,100,RANDOM
truncation_20,0.5,40,161,16200,70.4115219116211,66390,66828.73,ONE_POINT,100,100,RANDOM
truncation_20,0.5,40,162,16300,70.85709834098816,66390,66667.4,ONE_POINT,100,100,RANDOM
truncation_20,0.5,40,163,16400,71.29061675071716,66069,66408.94,ONE_POINT,100,100,RANDOM
truncation_20,0.5,40,164,16500,71.7215347290039,65940,66195.7,ONE_POINT,100,100,RANDOM
truncation_20,0.5,40,165,16600,72.16407179832458,65611,65989.8,ONE_POINT,100,100,RANDOM
truncation_20,0.5,40,166,16700,72.59697103500366,65591,65879.69,ONE_POINT,100,100,RANDOM
truncation_20,0.5,40,167,16800,73.06149625778198,65424,65765.86,ONE_POINT,100,100,RANDOM
truncation_20,0.5,40,168,16900,73.489089012146,65212,65620.97,ONE_POINT,100,100,RANDOM
truncation_20,0.5,40,169,17000,73.91158056259155,65212,65465.34,ONE_POINT,100,100,RANDOM
truncation_20,0.5,40,170,17100,74.35489463806152,65191,65314.94,ONE_POINT,100,100,RANDOM
truncation_20,0.5,40,171,17200,74.77533411979675,65009,65184.05,ONE_POINT,100,100,RANDOM
truncation_20,0.5,40,172,17300,75.22227907180786,64880,65047.24,ONE_POINT,100,100,RANDOM
truncation_20,0.5,40,173,17400,75.64485478401184,64737,64906.36,ONE_POINT,100,100,RANDOM
truncation_20,0.5,40,174,17500,76.06967449188232,64537,64738.64,ONE_POINT,100,100,RANDOM
truncation_20,0.5,40,175,17600,76.5310730934143,64220,64538.0,ONE_POINT,100,100,RANDOM
truncation_20,0.5,40,176,17700,76.95941424369812,63963,64397.42,ONE_POINT,100,100,RANDOM
truncation_20,0.5,40,177,17800,77.41055154800415,63959,64202.56,ONE_POINT,100,100,RANDOM
truncation_20,0.5,40,178,17900,77.83666133880615,63646,63979.06,ONE_POINT,100,100,RANDOM
truncation_20,0.5,40,179,18000,78.26735806465149,63492,63775.03,ONE_POINT,100,100,RANDOM
truncation_20,0.5,40,180,18100,78.72885847091675,63234,63540.08,ONE_POINT,100,100,RANDOM
truncation_20,0.5,40,181,18200,79.17820024490356,63218,63371.17,ONE_POINT,100,100,RANDOM
truncation_20,0.5,40,182,18300,79.62905836105347,62669,63183.18,ONE_POINT,100,100,RANDOM
truncation_20,0.5,40,183,18400,80.0544319152832,62669,62982.8,ONE_POINT,100,100,RANDOM
truncation_20,0.5,40,184,18500,80.50182271003723,62447,62829.15,ONE_POINT,100,100,RANDOM
truncation_20,0.5,40,185,18600,80.95869040489197,62372,62640.88,ONE_POINT,100,100,RANDOM
truncation_20,0.5,40,186,18700,81.40119528770447,62144,62440.45,ONE_POINT,100,100,RANDOM
truncation_20,0.5,40,187,18800,81.83648896217346,61777,62296.11,ONE_POINT,100,100,RANDOM
truncation_20,0.5,40,188,18900,82.26454067230225,61777,62066.05,ONE_POINT,100,100,RANDOM
truncation_20,0.5,40,189,19000,82.68963694572449,61545,61855.99,ONE_POINT,100,100,RANDOM
truncation_20,0.5,40,190,19100,83.13293766975403,61379,61704.89,ONE_POINT,100,100,RANDOM
truncation_20,0.5,40,191,19200,83.56147503852844,61195,61530.77,ONE_POINT,100,100,RANDOM
truncation_20,0.5,40,192,19300,84.00136041641235,61140,61330.68,ONE_POINT,100,100,RANDOM
truncation_20,0.5,40,193,19400,84.4327757358551,60689,61127.46,ONE_POINT,100,100,RANDOM
truncation_20,0.5,40,194,19500,84.88139939308167,60689,60991.31,ONE_POINT,100,100,RANDOM
truncation_20,0.5,40,195,19600,85.32972407341003,60684,60725.97,ONE_POINT,100,100,RANDOM
truncation_20,0.5,40,196,19700,85.78426504135132,60465,60666.7,ONE_POINT,100,100,RANDOM
truncation_20,0.5,40,197,19800,86.22082161903381,60340,60583.65,ONE_POINT,100,100,RANDOM
truncation_20,0.5,40,198,19900,86.65373754501343,60231,60444.09,ONE_POINT,100,100,RANDOM
truncation_20,0.5,40,199,20000,87.08342552185059,60036,60282.59,ONE_POINT,100,100,RANDOM
truncation_20,0.5,40,200,20100,87.52698302268982,59717,60181.98,ONE_POINT,100,100,RANDOM
truncation_20,0.5,40,201,20200,88.03154063224792,59691,60075.42,ONE_POINT,100,100,RANDOM
truncation_20,0.5,40,202,20300,88.45411038398743,59691,59934.12,ONE_POINT,100,100,RANDOM
truncation_20,0.5,40,203,20400,88.88710451126099,59656,59742.36,ONE_POINT,100,100,RANDOM
truncation_20,0.5,40,204,20500,89.31723284721375,59370,59612.33,ONE_POINT,100,100,RANDOM
truncation_20,0.5,40,205,20600,89.7797155380249,59264,59420.76,ONE_POINT,100,100,RANDOM
truncation_20,0.5,40,206,20700,90.20940637588501,59098,59286.96,ONE_POINT,100,100,RANDOM
truncation_20,0.5,40,207,20800,90.63467288017273,58920,59142.27,ONE_POINT,100,100,RANDOM
truncation_20,0.5,40,208,20900,91.07519578933716,58844,59040.84,ONE_POINT,100,100,RANDOM
truncation_20,0.5,40,209,21000,91.50921154022217,58682,58880.57,ONE_POINT,100,100,RANDOM
truncation_20,0.5,40,210,21100,91.96344709396362,58237,58742.09,ONE_POINT,100,100,RANDOM
truncation_20,0.5,40,211,21200,92.40205359458923,58237,58527.13,ONE_POINT,100,100,RANDOM
truncation_20,0.5,40,212,21300,92.83852529525757,58165,58403.81,ONE_POINT,100,100,RANDOM
truncation_20,0.5,40,213,21400,93.279212474823,57811,58193.11,ONE_POINT,100,100,RANDOM
truncation_20,0.5,40,214,21500,93.72005558013916,57733,58005.18,ONE_POINT,100,100,RANDOM
truncation_20,0.5,40,215,21600,94.16638565063477,57447,57782.45,ONE_POINT,100,100,RANDOM
truncation_20,0.5,40,216,21700,94.59856009483337,57293,57595.35,ONE_POINT,100,100,RANDOM
truncation_20,0.5,40,217,21800,95.02005434036255,57217,57368.23,ONE_POINT,100,100,RANDOM
truncation_20,0.5,40,218,21900,95.44948434829712,56978,57261.61,ONE_POINT,100,100,RANDOM
truncation_20,0.5,40,219,22000,95.87269377708435,56978,57167.03,ONE_POINT,100,100,RANDOM
truncation_20,0.5,40,220,22100,96.32227873802185,56977,57045.0,ONE_POINT,100,100,RANDOM
truncation_20,0.5,40,221,22200,96.74524426460266,56869,56966.35,ONE_POINT,100,100,RANDOM
truncation_20,0.5,40,222,22300,97.18154978752136,56838,56937.76,ONE_POINT,100,100,RANDOM
truncation_20,0.5,40,223,22400,97.60365438461304,56496,56889.94,ONE_POINT,100,100,RANDOM
truncation_20,0.5,40,224,22500,98.0386734008789,56496,56804.96,ONE_POINT,100,100,RANDOM
truncation_20,0.5,40,225,22600,98.48256826400757,56477,56709.59,ONE_POINT,100,100,RANDOM
truncation_20,0.5,40,226,22700,98.91088104248047,56112,56524.67,ONE_POINT,100,100,RANDOM
truncation_20,0.5,40,227,22800,99.35130763053894,56019,56349.7,ONE_POINT,100,100,RANDOM
truncation_20,0.5,40,228,22900,99.7727370262146,56019,56165.99,ONE_POINT,100,100,RANDOM
truncation_20,0.5,40,229,23000,100.22161960601807,55895,56030.31,ONE_POINT,100,100,RANDOM
truncation_20,0.5,40,230,23100,100.6768012046814,55887,55970.4,ONE_POINT,100,100,RANDOM
truncation_20,0.5,40,231,23200,101.11497044563293,55736,55886.38,ONE_POINT,100,100,RANDOM
truncation_20,0.5,40,232,23300,101.55303072929382,55678,55802.71,ONE_POINT,100,100,RANDOM
truncation_20,0.5,40,233,23400,101.98978471755981,55550,55704.14,ONE_POINT,100,100,RANDOM
truncation_20,0.5,40,234,23500,102.45004487037659,55367,55620.1,ONE_POINT,100,100,RANDOM
truncation_20,0.5,40,235,23600,102.89648699760437,55363,55502.27,ONE_POINT,100,100,RANDOM
truncation_20,0.5,40,236,23700,103.33306217193604,55219,55369.66,ONE_POINT,100,100,RANDOM
truncation_20,0.5,40,237,23800,103.76757526397705,55052,55298.05,ONE_POINT,100,100,RANDOM
truncation_20,0.5,40,238,23900,104.20121002197266,55010,55191.65,ONE_POINT,100,100,RANDOM
truncation_20,0.5,40,239,24000,104.6339123249054,54824,55054.62,ONE_POINT,100,100,RANDOM
truncation_20,0.5,40,240,24100,105.06914114952087,54624,54977.73,ONE_POINT,100,100,RANDOM
truncation_20,0.5,40,241,24200,105.53114533424377,54537,54839.36,ONE_POINT,100,100,RANDOM
truncation_20,0.5,40,242,24300,105.96538376808167,54460,54684.97,ONE_POINT,100,100,RANDOM
truncation_20,0.5,40,243,24400,106.4198226928711,54441,54555.1,ONE_POINT,100,100,RANDOM
truncation_20,0.5,40,244,24500,106.85680675506592,54441,54498.5,ONE_POINT,100,100,RANDOM
truncation_20,0.5,40,245,24600,107.30180311203003,54313,54431.99,ONE_POINT,100,100,RANDOM
truncation_20,0.5,40,246,24700,107.74747395515442,54183,54373.08,ONE_POINT,100,100,RANDOM
truncation_20,0.5,40,247,24800,108.17487835884094,54183,54307.61,ONE_POINT,100,100,RANDOM
truncation_20,0.5,40,248,24900,108.62591576576233,54075,54205.77,ONE_POINT,100,100,RANDOM
truncation_20,0.5,40,249,25000,109.06038427352905,53948,54114.28,ONE_POINT,100,100,RANDOM
truncation_20,0.5,40,250,25100,109.5087399482727,53901,54021.71,ONE_POINT,100,100,RANDOM
truncation_20,0.5,40,251,25200,109.95849800109863,53718,53942.18,ONE_POINT,100,100,RANDOM
truncation_20,0.5,40,252,25300,110.40458273887634,53718,53841.77,ONE_POINT,100,100,RANDOM
truncation_20,0.5,40,253,25400,110.84835886955261,53595,53728.15,ONE_POINT,100,100,RANDOM
truncation_20,0.5,40,254,25500,111.28710722923279,53499,53658.31,ONE_POINT,100,100,RANDOM
truncation_20,0.5,40,255,25600,111.73106503486633,53472,53578.38,ONE_POINT,100,100,RANDOM
truncation_20,0.5,40,256,25700,112.18082475662231,53357,53491.08,ONE_POINT,100,100,RANDOM
truncation_20,0.5,40,257,25800,112.61514019966125,53319,53424.53,ONE_POINT,100,100,RANDOM
truncation_20,0.5,40,258,25900,113.06219339370728,53246,53351.37,ONE_POINT,100,100,RANDOM
truncation_20,0.5,40,259,26000,113.4898145198822,53166,53295.47,ONE_POINT,100,100,RANDOM
truncation_20,0.5,40,260,26100,113.92864036560059,53003,53227.3,ONE_POINT,100,100,RANDOM
truncation_20,0.5,40,261,26200,114.37248849868774,53003,53149.81,ONE_POINT,100,100,RANDOM
truncation_20,0.5,40,262,26300,114.8079662322998,52892,53058.01,ONE_POINT,100,100,RANDOM
truncation_20,0.5,40,263,26400,115.25346040725708,52816,52967.94,ONE_POINT,100,100,RANDOM
truncation_20,0.5,40,264,26500,115.67991304397583,52799,52887.02,ONE_POINT,100,100,RANDOM
truncation_20,0.5,40,265,26600,116.12290787696838,52775,52859.35,ONE_POINT,100,100,RANDOM
truncation_20,0.5,40,266,26700,116.56000590324402,52543,52797.16,ONE_POINT,100,100,RANDOM
truncation_20,0.5,40,267,26800,117.01793360710144,52438,52710.24,ONE_POINT,100,100,RANDOM
truncation_20,0.5,40,268,26900,117.44523811340332,52401,52584.2,ONE_POINT,100,100,RANDOM
truncation_20,0.5,40,269,27000,117.87423181533813,52231,52476.69,ONE_POINT,100,100,RANDOM
truncation_20,0.5,40,270,27100,118.33238625526428,52231,52391.53,ONE_POINT,100,100,RANDOM
truncation_20,0.5,40,271,27200,118.76000094413757,52168,52324.93,ONE_POINT,100,100,RANDOM
truncation_20,0.5,40,272,27300,119.20373678207397,52090,52228.02,ONE_POINT,100,100,RANDOM
truncation_20,0.5,40,273,27400,119.64930939674377,51858,52107.93,ONE_POINT,100,100,RANDOM
truncation_20,0.5,40,274,27500,120.07651114463806,51786,52010.6,ONE_POINT,100,100,RANDOM
truncation_20,0.5,40,275,27600,120.52524852752686,51780,51905.82,ONE_POINT,100,100,RANDOM
truncation_20,0.5,40,276,27700,120.96258783340454,51716,51803.71,ONE_POINT,100,100,RANDOM
truncation_20,0.5,40,277,27800,121.402916431427,51511,51753.39,ONE_POINT,100,100,RANDOM
truncation_20,0.5,40,278,27900,121.83608746528625,51379,51668.0,ONE_POINT,100,100,RANDOM
truncation_20,0.5,40,279,28000,122.27145385742188,51339,51536.41,ONE_POINT,100,100,RANDOM
truncation_20,0.5,40,280,28100,122.71691536903381,51179,51405.69,ONE_POINT,100,100,RANDOM
truncation_20,0.5,40,281,28200,123.16466951370239,51150,51313.56,ONE_POINT,100,100,RANDOM
truncation_20,0.5,40,282,28300,123.60401916503906,51150,51207.48,ONE_POINT,100,100,RANDOM
truncation_20,0.5,40,283,28400,124.06071829795837,50963,51134.25,ONE_POINT,100,100,RANDOM
truncation_20,0.5,40,284,28500,124.52737545967102,50907,51027.92,ONE_POINT,100,100,RANDOM
truncation_20,0.5,40,285,28600,124.9849910736084,50732,50939.73,ONE_POINT,100,100,RANDOM
truncation_20,0.5,40,286,28700,125.44070076942444,50676,50873.14,ONE_POINT,100,100,RANDOM
truncation_20,0.5,40,287,28800,125.87501430511475,50396,50713.42,ONE_POINT,100,100,RANDOM
truncation_20,0.5,40,288,28900,126.30975008010864,50396,50595.44,ONE_POINT,100,100,RANDOM
truncation_20,0.5,40,289,29000,126.7427659034729,50260,50441.93,ONE_POINT,100,100,RANDOM
truncation_20,0.5,40,290,29100,127.1882393360138,50215,50324.65,ONE_POINT,100,100,RANDOM
truncation_20,0.5,40,291,29200,127.63199281692505,50112,50260.19,ONE_POINT,100,100,RANDOM
truncation_20,0.5,40,292,29300,128.05362105369568,50007,50182.95,ONE_POINT,100,100,RANDOM
truncation_20,0.5,40,293,29400,128.50451278686523,50007,50104.22,ONE_POINT,100,100,RANDOM
truncation_20,0.5,40,294,29500,128.9352548122406,49724,49967.34,ONE_POINT,100,100,RANDOM
truncation_20,0.5,40,295,29600,129.3878948688507,49614,49839.81,ONE_POINT,100,100,RANDOM
truncation_20,0.5,40,296,29700,129.82143831253052,49576,49705.49,ONE_POINT,100,100,RANDOM
truncation_20,0.5,40,297,29800,130.26326394081116,49516,49611.99,ONE_POINT,100,100,RANDOM
truncation_20,0.5,40,298,29900,130.69451713562012,49384,49537.17,ONE_POINT,100,100,RANDOM
truncation_20,0.5,40,299,30000,131.14105892181396,49248,49421.94,ONE_POINT,100,100,RANDOM
truncation_20,0.5,40,300,30100,131.58482003211975,49162,49286.67,ONE_POINT,100,100,RANDOM
truncation_20,0.5,40,301,30200,132.0305950641632,49099,49194.35,ONE_POINT,100,100,RANDOM
truncation_20,0.5,40,302,30300,132.46533632278442,49060,49148.92,ONE_POINT,100,100,RANDOM
truncation_20,0.5,40,303,30400,132.89739441871643,49004,49098.76,ONE_POINT,100,100,RANDOM
truncation_20,0.5,40,304,30500,133.328209400177,48849,49035.53,ONE_POINT,100,100,RANDOM
truncation_20,0.5,40,305,30600,133.77133131027222,48849,48993.33,ONE_POINT,100,100,RANDOM
truncation_20,0.5,40,306,30700,134.1974654197693,48822,48934.26,ONE_POINT,100,100,RANDOM
truncation_20,0.5,40,307,30800,134.6333076953888,48742,48849.34,ONE_POINT,100,100,RANDOM
truncation_20,0.5,40,308,30900,135.07343745231628,48605,48771.44,ONE_POINT,100,100,RANDOM
truncation_20,0.5,40,309,31000,135.50109243392944,48495,48663.0,ONE_POINT,100,100,RANDOM
truncation_20,0.5,40,310,31100,135.9652669429779,48360,48546.96,ONE_POINT,100,100,RANDOM
truncation_20,0.5,40,311,31200,136.39807796478271,48351,48451.73,ONE_POINT,100,100,RANDOM
truncation_20,0.5,40,312,31300,136.8299114704132,48263,48381.72,ONE_POINT,100,100,RANDOM
truncation_20,0.5,40,313,31400,137.25851702690125,48203,48326.56,ONE_POINT,100,100,RANDOM
truncation_20,0.5,40,314,31500,137.68040132522583,48160,48263.4,ONE_POINT,100,100,RANDOM
truncation_20,0.5,40,315,31600,138.13686323165894,48036,48207.37,ONE_POINT,100,100,RANDOM
truncation_20,0.5,40,316,31700,138.56472539901733,47893,48157.26,ONE_POINT,100,100,RANDOM
truncation_20,0.5,40,317,31800,138.9981939792633,47893,48064.88,ONE_POINT,100,100,RANDOM
truncation_20,0.5,40,318,31900,139.43520784378052,47864,48001.19,ONE_POINT,100,100,RANDOM
truncation_20,0.5,40,319,32000,139.86720252037048,47777,47919.38,ONE_POINT,100,100,RANDOM
truncation_20,0.5,40,320,32100,140.3196246623993,47739,47840.29,ONE_POINT,100,100,RANDOM
truncation_20,0.5,40,321,32200,140.7498767375946,47711,47769.35,ONE_POINT,100,100,RANDOM
truncation_20,0.5,40,322,32300,141.18404912948608,47632,47725.38,ONE_POINT,100,100,RANDOM
truncation_20,0.5,40,323,32400,141.61015129089355,47519,47649.83,ONE_POINT,100,100,RANDOM
truncation_20,0.5,40,324,32500,142.03888988494873,47479,47595.83,ONE_POINT,100,100,RANDOM
truncation_20,0.5,40,325,32600,142.48719429969788,47343,47510.44,ONE_POINT,100,100,RANDOM
truncation_20,0.5,40,326,32700,142.93001055717468,47190,47426.48,ONE_POINT,100,100,RANDOM
truncation_20,0.5,40,327,32800,143.36951613426208,47190,47331.24,ONE_POINT,100,100,RANDOM
truncation_20,0.5,40,328,32900,143.80142664909363,47005,47204.44,ONE_POINT,100,100,RANDOM
truncation_20,0.5,40,329,33000,144.25828170776367,46965,47075.83,ONE_POINT,100,100,RANDOM
truncation_20,0.5,40,330,33100,144.68932104110718,46843,46986.03,ONE_POINT,100,100,RANDOM
truncation_20,0.5,40,331,33200,145.12072920799255,46826,46933.63,ONE_POINT,100,100,RANDOM
truncation_20,0.5,40,332,33300,145.5508635044098,46796,46859.78,ONE_POINT,100,100,RANDOM
truncation_20,0.5,40,333,33400,145.9856390953064,46705,46802.33,ONE_POINT,100,100,RANDOM
truncation_20,0.5,40,334,33500,146.4295847415924,46674,46750.05,ONE_POINT,100,100,RANDOM
truncation_20,0.5,40,335,33600,146.8592438697815,46572,46678.56,ONE_POINT,100,100,RANDOM
truncation_20,0.5,40,336,33700,147.3033742904663,46558,46596.33,ONE_POINT,100,100,RANDOM
truncation_20,0.5,40,337,33800,147.74441933631897,46473,46550.37,ONE_POINT,100,100,RANDOM
truncation_20,0.5,40,338,33900,148.21831941604614,46383,46480.61,ONE_POINT,100,100,RANDOM
truncation_20,0.5,40,339,34000,148.66020464897156,46218,46407.63,ONE_POINT,100,100,RANDOM
truncation_20,0.5,40,340,34100,149.09234762191772,46218,46353.78,ONE_POINT,100,100,RANDOM
truncation_20,0.5,40,341,34200,149.5135622024536,46126,46274.75,ONE_POINT,100,100,RANDOM
truncation_20,0.5,40,342,34300,149.95772409439087,45999,46141.35,ONE_POINT,100,100,RANDOM
truncation_20,0.5,40,343,34400,150.38115000724792,45988,46049.48,ONE_POINT,100,100,RANDOM
truncation_20,0.5,40,344,34500,150.8297917842865,45952,45994.18,ONE_POINT,100,100,RANDOM
truncation_20,0.5,40,345,34600,151.27249789237976,45837,45960.62,ONE_POINT,100,100,RANDOM
truncation_20,0.5,40,346,34700,151.71996355056763,45837,45910.91,ONE_POINT,100,100,RANDOM
truncation_20,0.5,40,347,34800,152.1378879547119,45772,45857.13,ONE_POINT,100,100,RANDOM
truncation_20,0.5,40,348,34900,152.58283615112305,45707,45816.43,ONE_POINT,100,100,RANDOM
truncation_20,0.5,40,349,35000,153.0187165737152,45618,45759.38,ONE_POINT,100,100,RANDOM
truncation_20,0.5,40,350,35100,153.45313906669617,45602,45674.58,ONE_POINT,100,100,RANDOM
truncation_20,0.5,40,351,35200,153.89400267601013,45495,45597.57,ONE_POINT,100,100,RANDOM
truncation_20,0.5,40,352,35300,154.33310890197754,45330,45535.48,ONE_POINT,100,100,RANDOM
truncation_20,0.5,40,353,35400,154.7832248210907,45273,45449.01,ONE_POINT,100,100,RANDOM
truncation_20,0.5,40,354,35500,155.21243906021118,45273,45332.89,ONE_POINT,100,100,RANDOM
truncation_20,0.5,40,355,35600,155.65145611763,45186,45307.85,ONE_POINT,100,100,RANDOM
truncation_20,0.5,40,356,35700,156.08494544029236,45172,45255.71,ONE_POINT,100,100,RANDOM
truncation_20,0.5,40,357,35800,156.51756763458252,45130,45209.59,ONE_POINT,100,100,RANDOM
truncation_20,0.5,40,358,35900,156.96150398254395,45078,45159.63,ONE_POINT,100,100,RANDOM
truncation_20,0.5,40,359,36000,157.39668655395508,45063,45133.89,ONE_POINT,100,100,RANDOM
truncation_20,0.5,40,360,36100,157.84361600875854,45010,45103.67,ONE_POINT,100,100,RANDOM
truncation_20,0.5,40,361,36200,158.27618312835693,44955,45051.11,ONE_POINT,100,100,RANDOM
truncation_20,0.5,40,362,36300,158.71632480621338,44896,44999.16,ONE_POINT,100,100,RANDOM
truncation_20,0.5,40,363,36400,159.15425086021423,44864,44943.61,ONE_POINT,100,100,RANDOM
truncation_20,0.5,40,364,36500,159.5903491973877,44720,44886.33,ONE_POINT,100,100,RANDOM
truncation_20,0.5,40,365,36600,160.03922152519226,44690,44852.09,ONE_POINT,100,100,RANDOM
truncation_20,0.5,40,366,36700,160.46984338760376,44674,44759.23,ONE_POINT,100,100,RANDOM
truncation_20,0.5,40,367,36800,160.91088271141052,44532,44681.21,ONE_POINT,100,100,RANDOM
truncation_20,0.5,40,368,36900,161.3530387878418,44205,44597.33,ONE_POINT,100,100,RANDOM
truncation_20,0.5,40,369,37000,161.80227637290955,44205,44505.95,ONE_POINT,100,100,RANDOM
truncation_20,0.5,40,370,37100,162.24510645866394,44205,44442.64,ONE_POINT,100,100,RANDOM
truncation_20,0.5,40,371,37200,162.67818307876587,44171,44352.58,ONE_POINT,100,100,RANDOM
truncation_20,0.5,40,372,37300,163.12635254859924,43974,44215.26,ONE_POINT,100,100,RANDOM
truncation_20,0.5,40,373,37400,163.5571415424347,43903,44082.21,ONE_POINT,100,100,RANDOM
truncation_20,0.5,40,374,37500,163.99362230300903,43875,43966.5,ONE_POINT,100,100,RANDOM
truncation_20,0.5,40,375,37600,164.4314022064209,43856,43899.76,ONE_POINT,100,100,RANDOM
truncation_20,0.5,40,376,37700,164.85818529129028,43726,43863.42,ONE_POINT,100,100,RANDOM
truncation_20,0.5,40,377,37800,165.29980564117432,43718,43790.44,ONE_POINT,100,100,RANDOM
truncation_20,0.5,40,378,37900,165.7305474281311,43598,43708.27,ONE_POINT,100,100,RANDOM
truncation_20,0.5,40,379,38000,166.16507768630981,43573,43655.64,ONE_POINT,100,100,RANDOM
truncation_20,0.5,40,380,38100,166.60202050209045,43573,43613.78,ONE_POINT,100,100,RANDOM
truncation_20,0.5,40,381,38200,167.04151248931885,43486,43578.79,ONE_POINT,100,100,RANDOM
truncation_20,0.5,40,382,38300,167.51143074035645,43428,43535.05,ONE_POINT,100,100,RANDOM
truncation_20,0.5,40,383,38400,167.93512725830078,43340,43471.41,ONE_POINT,100,100,RANDOM
truncation_20,0.5,40,384,38500,168.3569633960724,43340,43426.46,ONE_POINT,100,100,RANDOM
truncation_20,0.5,40,385,38600,168.79763865470886,43340,43424.37,ONE_POINT,100,100,RANDOM
truncation_20,0.5,40,386,38700,169.22798228263855,43279,43410.15,ONE_POINT,100,100,RANDOM
truncation_20,0.5,40,387,38800,169.67036628723145,43278,43372.07,ONE_POINT,100,100,RANDOM
truncation_20,0.5,40,388,38900,170.09947276115417,43254,43303.67,ONE_POINT,100,100,RANDOM
truncation_20,0.5,40,389,39000,170.53279447555542,43129,43277.1,ONE_POINT,100,100,RANDOM
truncation_20,0.5,40,390,39100,170.98020458221436,43129,43247.6,ONE_POINT,100,100,RANDOM
truncation_20,0.5,40,391,39200,171.41816592216492,43088,43153.06,ONE_POINT,100,100,RANDOM
truncation_20,0.5,40,392,39300,171.89270401000977,43074,43125.32,ONE_POINT,100,100,RANDOM
truncation_20,0.5,40,393,39400,172.33380126953125,43024,43110.74,ONE_POINT,100,100,RANDOM
truncation_20,0.5,40,394,39500,172.7639124393463,42940,43066.46,ONE_POINT,100,100,RANDOM
truncation_20,0.5,40,395,39600,173.19943833351135,42940,43011.83,ONE_POINT,100,100,RANDOM
truncation_20,0.5,40,396,39700,173.6420295238495,42861,42959.79,ONE_POINT,100,100,RANDOM
truncation_20,0.5,40,397,39800,174.0727288722992,42829,42910.02,ONE_POINT,100,100,RANDOM
truncation_20,0.5,40,398,39900,174.49485230445862,42677,42846.21,ONE_POINT,100,100,RANDOM
truncation_20,0.5,40,399,40000,174.93121027946472,42677,42803.52,ONE_POINT,100,100,RANDOM
truncation_20,0.5,40,400,40100,175.3724274635315,42569,42711.15,ONE_POINT,100,100,RANDOM
truncation_20,0.5,40,401,40200,175.8225655555725,42543,42664.6,ONE_POINT,100,100,RANDOM
truncation_20,0.5,40,402,40300,176.25705981254578,42541,42613.33,ONE_POINT,100,100,RANDOM
truncation_20,0.5,40,403,40400,176.6921751499176,42434,42536.1,ONE_POINT,100,100,RANDOM
truncation_20,0.5,40,404,40500,177.1187002658844,42434,42519.99,ONE_POINT,100,100,RANDOM
truncation_20,0.5,40,405,40600,177.56988620758057,42379,42469.04,ONE_POINT,100,100,RANDOM
truncation_20,0.5,40,406,40700,178.0083134174347,42296,42400.55,ONE_POINT,100,100,RANDOM
truncation_20,0.5,40,407,40800,178.43144369125366,42220,42363.34,ONE_POINT,100,100,RANDOM
truncation_20,0.5,40,408,40900,178.86518812179565,42206,42320.07,ONE_POINT,100,100,RANDOM
truncation_20,0.5,40,409,41000,179.30234909057617,42084,42249.02,ONE_POINT,100,100,RANDOM
truncation_20,0.5,40,410,41100,179.73710107803345,42052,42174.21,ONE_POINT,100,100,RANDOM
truncation_20,0.5,40,411,41200,180.17492747306824,41964,42080.06,ONE_POINT,100,100,RANDOM
truncation_20,0.5,40,412,41300,180.60919666290283,41933,42017.94,ONE_POINT,100,100,RANDOM
truncation_20,0.5,40,413,41400,181.04912567138672,41909,41957.46,ONE_POINT,100,100,RANDOM
truncation_20,0.5,40,414,41500,181.48199439048767,41816,41923.94,ONE_POINT,100,100,RANDOM
truncation_20,0.5,40,415,41600,181.94065141677856,41772,41859.47,ONE_POINT,100,100,RANDOM
truncation_20,0.5,40,416,41700,182.37960267066956,41737,41800.2,ONE_POINT,100,100,RANDOM
truncation_20,0.5,40,417,41800,182.80324935913086,41698,41766.72,ONE_POINT,100,100,RANDOM
truncation_20,0.5,40,418,41900,183.2385766506195,41597,41732.34,ONE_POINT,100,100,RANDOM
truncation_20,0.5,40,419,42000,183.6638445854187,41571,41675.32,ONE_POINT,100,100,RANDOM
truncation_20,0.5,40,420,42100,184.12671041488647,41551,41605.93,ONE_POINT,100,100,RANDOM
truncation_20,0.5,40,421,42200,184.56252002716064,41330,41558.94,ONE_POINT,100,100,RANDOM
truncation_20,0.5,40,422,42300,184.99351620674133,41330,41499.43,ONE_POINT,100,100,RANDOM
truncation_20,0.5,40,423,42400,185.42180490493774,41330,41414.94,ONE_POINT,100,100,RANDOM
truncation_20,0.5,40,424,42500,185.84952092170715,41212,41328.89,ONE_POINT,100,100,RANDOM
truncation_20,0.5,40,425,42600,186.31567335128784,41096,41249.81,ONE_POINT,100,100,RANDOM
truncation_20,0.5,40,426,42700,186.74240374565125,41045,41146.39,ONE_POINT,100,100,RANDOM
truncation_20,0.5,40,427,42800,187.1723177433014,40978,41061.92,ONE_POINT,100,100,RANDOM
truncation_20,0.5,40,428,42900,187.61243104934692,40932,40998.22,ONE_POINT,100,100,RANDOM
truncation_20,0.5,40,429,43000,188.0445282459259,40889,40939.44,ONE_POINT,100,100,RANDOM
truncation_20,0.5,40,430,43100,188.5029284954071,40832,40898.85,ONE_POINT,100,100,RANDOM
truncation_20,0.5,40,431,43200,188.94086050987244,40831,40867.64,ONE_POINT,100,100,RANDOM
truncation_20,0.5,40,432,43300,189.37157249450684,40807,40832.09,ONE_POINT,100,100,RANDOM
truncation_20,0.5,40,433,43400,189.79908180236816,40748,40820.12,ONE_POINT,100,100,RANDOM
truncation_20,0.5,40,434,43500,190.23661303520203,40700,40785.73,ONE_POINT,100,100,RANDOM
truncation_20,0.5,40,435,43600,190.68438148498535,40673,40739.54,ONE_POINT,100,100,RANDOM
truncation_20,0.5,40,436,43700,191.12607097625732,40673,40702.06,ONE_POINT,100,100,RANDOM
truncation_20,0.5,40,437,43800,191.55810689926147,40606,40671.5,ONE_POINT,100,100,RANDOM
truncation_20,0.5,40,438,43900,191.99258732795715,40606,40644.86,ONE_POINT,100,100,RANDOM
truncation_20,0.5,40,439,44000,192.430890083313,40599,40627.51,ONE_POINT,100,100,RANDOM
truncation_20,0.5,40,440,44100,192.87420201301575,40511,40605.13,ONE_POINT,100,100,RANDOM
truncation_20,0.5,40,441,44200,193.29576325416565,40495,40561.05,ONE_POINT,100,100,RANDOM
truncation_20,0.5,40,442,44300,193.72684383392334,40440,40498.25,ONE_POINT,100,100,RANDOM
truncation_20,0.5,40,443,44400,194.1555290222168,40402,40465.98,ONE_POINT,100,100,RANDOM
truncation_20,0.5,40,444,44500,194.60473108291626,40355,40425.73,ONE_POINT,100,100,RANDOM
truncation_20,0.5,40,445,44600,195.06392335891724,40355,40393.67,ONE_POINT,100,100,RANDOM
truncation_20,0.5,40,446,44700,195.4883427619934,40296,40362.51,ONE_POINT,100,100,RANDOM
truncation_20,0.5,40,447,44800,195.91486501693726,40294,40326.97,ONE_POINT,100,100,RANDOM
truncation_20,0.5,40,448,44900,196.3354434967041,40241,40290.73,ONE_POINT,100,100,RANDOM
truncation_20,0.5,40,449,45000,196.78576922416687,40194,40257.82,ONE_POINT,100,100,RANDOM
truncation_20,0.5,40,450,45100,197.21915078163147,40111,40220.26,ONE_POINT,100,100,RANDOM
truncation_20,0.5,40,451,45200,197.67914247512817,40111,40180.04,ONE_POINT,100,100,RANDOM
truncation_20,0.5,40,452,45300,198.11043763160706,40097,40130.2,ONE_POINT,100,100,RANDOM
truncation_20,0.5,40,453,45400,198.5480513572693,40055,40104.82,ONE_POINT,100,100,RANDOM
truncation_20,0.5,40,454,45500,198.9804162979126,40006,40073.6,ONE_POINT,100,100,RANDOM
truncation_20,0.5,40,455,45600,199.41203045845032,39970,40026.98,ONE_POINT,100,100,RANDOM
truncation_20,0.5,40,456,45700,199.8674614429474,39875,39979.15,ONE_POINT,100,100,RANDOM
truncation_20,0.5,40,457,45800,200.3099982738495,39771,39931.01,ONE_POINT,100,100,RANDOM
truncation_20,0.5,40,458,45900,200.74764704704285,39771,39868.63,ONE_POINT,100,100,RANDOM
truncation_20,0.5,40,459,46000,201.19990587234497,39740,39788.35,ONE_POINT,100,100,RANDOM
truncation_20,0.5,40,460,46100,201.62638211250305,39740,39770.11,ONE_POINT,100,100,RANDOM
truncation_20,0.5,40,461,46200,202.06661248207092,39739,39763.77,ONE_POINT,100,100,RANDOM
truncation_20,0.5,40,462,46300,202.49506664276123,39666,39740.5,ONE_POINT,100,100,RANDOM
truncation_20,0.5,40,463,46400,202.9285364151001,39617,39715.8,ONE_POINT,100,100,RANDOM
truncation_20,0.5,40,464,46500,203.3681604862213,39612,39667.49,ONE_POINT,100,100,RANDOM
truncation_20,0.5,40,465,46600,203.7927529811859,39589,39643.7,ONE_POINT,100,100,RANDOM
truncation_20,0.5,40,466,46700,204.22368335723877,39512,39606.22,ONE_POINT,100,100,RANDOM
truncation_20,0.5,40,467,46800,204.64991331100464,39468,39570.15,ONE_POINT,100,100,RANDOM
truncation_20,0.5,40,468,46900,205.09242463111877,39396,39507.06,ONE_POINT,100,100,RANDOM
truncation_20,0.5,40,469,47000,205.52820706367493,39326,39452.54,ONE_POINT,100,100,RANDOM
truncation_20,0.5,40,470,47100,205.95372104644775,39322,39392.61,ONE_POINT,100,100,RANDOM
truncation_20,0.5,40,471,47200,206.39375638961792,39248,39319.22,ONE_POINT,100,100,RANDOM
truncation_20,0.5,40,472,47300,206.84251642227173,39232,39293.01,ONE_POINT,100,100,RANDOM
truncation_20,0.5,40,473,47400,207.2941746711731,39217,39256.45,ONE_POINT,100,100,RANDOM
truncation_20,0.5,40,474,47500,207.72263884544373,39213,39242.42,ONE_POINT,100,100,RANDOM
truncation_20,0.5,40,475,47600,208.1603684425354,39121,39222.16,ONE_POINT,100,100,RANDOM
truncation_20,0.5,40,476,47700,208.63243627548218,39121,39202.95,ONE_POINT,100,100,RANDOM
truncation_20,0.5,40,477,47800,209.0591459274292,39121,39160.72,ONE_POINT,100,100,RANDOM
truncation_20,0.5,40,478,47900,209.50451278686523,39084,39120.13,ONE_POINT,100,100,RANDOM
truncation_20,0.5,40,479,48000,209.96316719055176,38994,39104.02,ONE_POINT,100,100,RANDOM
truncation_20,0.5,40,480,48100,210.4005753993988,38994,39051.49,ONE_POINT,100,100,RANDOM
truncation_20,0.5,40,481,48200,210.84487962722778,38893,38985.95,ONE_POINT,100,100,RANDOM
truncation_20,0.5,40,482,48300,211.2688639163971,38893,38965.87,ONE_POINT,100,100,RANDOM
truncation_20,0.5,40,483,48400,211.70576548576355,38883,38913.07,ONE_POINT,100,100,RANDOM
truncation_20,0.5,40,484,48500,212.13537192344666,38810,38885.71,ONE_POINT,100,100,RANDOM
truncation_20,0.5,40,485,48600,212.57467889785767,38772,38847.03,ONE_POINT,100,100,RANDOM
truncation_20,0.5,40,486,48700,213.0218632221222,38766,38799.09,ONE_POINT,100,100,RANDOM
truncation_20,0.5,40,487,48800,213.46656680107117,38749,38772.89,ONE_POINT,100,100,RANDOM
truncation_20,0.5,40,488,48900,213.91178226470947,38662,38745.93,ONE_POINT,100,100,RANDOM
truncation_20,0.5,40,489,49000,214.34935092926025,38662,38707.23,ONE_POINT,100,100,RANDOM
truncation_20,0.5,40,490,49100,214.78682351112366,38636,38674.39,ONE_POINT,100,100,RANDOM
truncation_20,0.5,40,491,49200,215.21327996253967,38619,38647.28,ONE_POINT,100,100,RANDOM
truncation_20,0.5,40,492,49300,215.6786470413208,38594,38621.06,ONE_POINT,100,100,RANDOM
truncation_20,0.5,40,493,49400,216.11866855621338,38526,38601.67,ONE_POINT,100,100,RANDOM
truncation_20,0.5,40,494,49500,216.5491237640381,38526,38585.0,ONE_POINT,100,100,RANDOM
truncation_20,0.5,40,495,49600,216.9779851436615,38526,38568.85,ONE_POINT,100,100,RANDOM
truncation_20,0.5,40,496,49700,217.43007469177246,38490,38545.74,ONE_POINT,100,100,RANDOM
truncation_20,0.5,40,497,49800,217.8784680366516,38356,38509.33,ONE_POINT,100,100,RANDOM
truncation_20,0.5,40,498,49900,218.3088457584381,38338,38456.54,ONE_POINT,100,100,RANDOM
truncation_20,0.5,40,499,50000,218.75999236106873,38338,38388.33,ONE_POINT,100,100,RANDOM
truncation_20,0.5,40,500,50100,219.19126677513123,38287,38338.4,ONE_POINT,100,100,RANDOM
truncation_20,0.5,60,1,200,0.2836184501647949,136488,141080.33,ONE_POINT,100,100,RANDOM
truncation_20,0.5,60,2,300,0.7075345516204834,131002,134491.74,ONE_POINT,100,100,RANDOM
truncation_20,0.5,60,3,400,1.146770715713501,124352,130257.96,ONE_POINT,100,100,RANDOM
truncation_20,0.5,60,4,500,1.5801632404327393,122802,126319.46,ONE_POINT,100,100,RANDOM
truncation_20,0.5,60,5,600,2.023313283920288,120414,123768.91,ONE_POINT,100,100,RANDOM
truncation_20,0.5,60,6,700,2.465527057647705,115976,121820.55,ONE_POINT,100,100,RANDOM
truncation_20,0.5,60,7,800,2.8944451808929443,115976,119215.11,ONE_POINT,100,100,RANDOM
truncation_20,0.5,60,8,900,3.3172366619110107,114910,116554.1,ONE_POINT,100,100,RANDOM
truncation_20,0.5,60,9,1000,3.7602250576019287,114051,115549.53,ONE_POINT,100,100,RANDOM
truncation_20,0.5,60,10,1100,4.214407920837402,109076,114346.73,ONE_POINT,100,100,RANDOM
truncation_20,0.5,60,11,1200,4.649954795837402,109076,112787.75,ONE_POINT,100,100,RANDOM
truncation_20,0.5,60,12,1300,5.0732855796813965,109076,111498.77,ONE_POINT,100,100,RANDOM
truncation_20,0.5,60,13,1400,5.510159254074097,109076,110367.5,ONE_POINT,100,100,RANDOM
truncation_20,0.5,60,14,1500,5.940067529678345,106581,109118.54,ONE_POINT,100,100,RANDOM
truncation_20,0.5,60,15,1600,6.399343729019165,106581,108548.68,ONE_POINT,100,100,RANDOM
truncation_20,0.5,60,16,1700,6.829944372177124,106024,107268.5,ONE_POINT,100,100,RANDOM
truncation_20,0.5,60,17,1800,7.263575553894043,105885,106437.48,ONE_POINT,100,100,RANDOM
truncation_20,0.5,60,18,1900,7.708592891693115,104885,106074.17,ONE_POINT,100,100,RANDOM
truncation_20,0.5,60,19,2000,8.122390031814575,104603,105476.63,ONE_POINT,100,100,RANDOM
truncation_20,0.5,60,20,2100,8.567075490951538,104269,104796.83,ONE_POINT,100,100,RANDOM
truncation_20,0.5,60,21,2200,9.00743579864502,103757,104454.51,ONE_POINT,100,100,RANDOM
truncation_20,0.5,60,22,2300,9.44740891456604,103176,103915.61,ONE_POINT,100,100,RANDOM
truncation_20,0.5,60,23,2400,9.88002610206604,101984,103395.71,ONE_POINT,100,100,RANDOM
truncation_20,0.5,60,24,2500,10.312075138092041,101984,102870.01,ONE_POINT,100,100,RANDOM
truncation_20,0.5,60,25,2600,10.784372568130493,101425,102346.39,ONE_POINT,100,100,RANDOM
truncation_20,0.5,60,26,2700,11.210075378417969,101275,101809.04,ONE_POINT,100,100,RANDOM
truncation_20,0.5,60,27,2800,11.65592908859253,100219,101328.78,ONE_POINT,100,100,RANDOM
truncation_20,0.5,60,28,2900,12.082243919372559,99626,100738.66,ONE_POINT,100,100,RANDOM
truncation_20,0.5,60,29,3000,12.52397084236145,99051,100049.17,ONE_POINT,100,100,RANDOM
truncation_20,0.5,60,30,3100,12.972635984420776,98710,99563.14,ONE_POINT,100,100,RANDOM
truncation_20,0.5,60,31,3200,13.414746284484863,98654,99129.76,ONE_POINT,100,100,RANDOM
truncation_20,0.5,60,32,3300,13.849177360534668,97612,98732.37,ONE_POINT,100,100,RANDOM
truncation_20,0.5,60,33,3400,14.284286975860596,97242,98301.43,ONE_POINT,100,100,RANDOM
truncation_20,0.5,60,34,3500,14.745080471038818,96996,97756.84,ONE_POINT,100,100,RANDOM
truncation_20,0.5,60,35,3600,15.186688899993896,96427,97187.78,ONE_POINT,100,100,RANDOM
truncation_20,0.5,60,36,3700,15.636884927749634,96018,96640.66,ONE_POINT,100,100,RANDOM
truncation_20,0.5,60,37,3800,16.0734441280365,95805,96260.82,ONE_POINT,100,100,RANDOM
truncation_20,0.5,60,38,3900,16.503633975982666,94844,95786.52,ONE_POINT,100,100,RANDOM
truncation_20,0.5,60,39,4000,16.946162939071655,94323,95193.79,ONE_POINT,100,100,RANDOM
truncation_20,0.5,60,40,4100,17.383651971817017,93566,94507.73,ONE_POINT,100,100,RANDOM
truncation_20,0.5,60,41,4200,17.81687569618225,93409,94105.97,ONE_POINT,100,100,RANDOM
truncation_20,0.5,60,42,4300,18.260760068893433,92897,93675.41,ONE_POINT,100,100,RANDOM
truncation_20,0.5,60,43,4400,18.69074583053589,92053,93294.62,ONE_POINT,100,100,RANDOM
truncation_20,0.5,60,44,4500,19.13252878189087,91900,92383.58,ONE_POINT,100,100,RANDOM
truncation_20,0.5,60,45,4600,19.576621532440186,91681,91948.77,ONE_POINT,100,100,RANDOM
truncation_20,0.5,60,46,4700,20.009459972381592,90980,91755.97,ONE_POINT,100,100,RANDOM
truncation_20,0.5,60,47,4800,20.439594984054565,89816,91415.3,ONE_POINT,100,100,RANDOM
truncation_20,0.5,60,48,4900,20.872816801071167,89711,90809.68,ONE_POINT,100,100,RANDOM
truncation_20,0.5,60,49,5000,21.303444862365723,89144,90102.79,ONE_POINT,100,100,RANDOM
truncation_20,0.5,60,50,5100,21.745882987976074,89066,89630.15,ONE_POINT,100,100,RANDOM
truncation_20,0.5,60,51,5200,22.184381008148193,88946,89329.22,ONE_POINT,100,100,RANDOM
truncation_20,0.5,60,52,5300,22.617450714111328,88813,89085.44,ONE_POINT,100,100,RANDOM
truncation_20,0.5,60,53,5400,23.05450201034546,88323,88942.83,ONE_POINT,100,100,RANDOM
truncation_20,0.5,60,54,5500,23.48243284225464,87714,88545.87,ONE_POINT,100,100,RANDOM
truncation_20,0.5,60,55,5600,23.921757698059082,87398,88038.0,ONE_POINT,100,100,RANDOM
truncation_20,0.5,60,56,5700,24.365917205810547,87143,87676.39,ONE_POINT,100,100,RANDOM
truncation_20,0.5,60,57,5800,24.795761823654175,86984,87386.46,ONE_POINT,100,100,RANDOM
truncation_20,0.5,60,58,5900,25.253063440322876,86704,87128.65,ONE_POINT,100,100,RANDOM
truncation_20,0.5,60,59,6000,25.74808979034424,86313,86842.46,ONE_POINT,100,100,RANDOM
truncation_20,0.5,60,60,6100,26.192675590515137,86000,86479.58,ONE_POINT,100,100,RANDOM
truncation_20,0.5,60,61,6200,26.632887363433838,85716,86094.22,ONE_POINT,100,100,RANDOM
truncation_20,0.5,60,62,6300,27.05795645713806,85471,85885.86,ONE_POINT,100,100,RANDOM
truncation_20,0.5,60,63,6400,27.499057292938232,85398,85673.12,ONE_POINT,100,100,RANDOM
truncation_20,0.5,60,64,6500,27.99628782272339,84654,85434.29,ONE_POINT,100,100,RANDOM
truncation_20,0.5,60,65,6600,28.427459716796875,84272,85006.56,ONE_POINT,100,100,RANDOM
truncation_20,0.5,60,66,6700,28.862871408462524,83969,84508.51,ONE_POINT,100,100,RANDOM
truncation_20,0.5,60,67,6800,29.318312644958496,83480,84184.72,ONE_POINT,100,100,RANDOM
truncation_20,0.5,60,68,6900,29.76432180404663,83480,83977.09,ONE_POINT,100,100,RANDOM
truncation_20,0.5,60,69,7000,30.204087257385254,83480,83800.09,ONE_POINT,100,100,RANDOM
truncation_20,0.5,60,70,7100,30.64551568031311,83038,83541.35,ONE_POINT,100,100,RANDOM
truncation_20,0.5,60,71,7200,31.07290530204773,82968,83325.47,ONE_POINT,100,100,RANDOM
truncation_20,0.5,60,72,7300,31.50693392753601,82610,83121.69,ONE_POINT,100,100,RANDOM
truncation_20,0.5,60,73,7400,31.93108320236206,82539,82911.18,ONE_POINT,100,100,RANDOM
truncation_20,0.5,60,74,7500,32.358712673187256,82481,82734.88,ONE_POINT,100,100,RANDOM
truncation_20,0.5,60,75,7600,32.79693627357483,82104,82518.61,ONE_POINT,100,100,RANDOM
truncation_20,0.5,60,76,7700,33.21890473365784,81945,82239.75,ONE_POINT,100,100,RANDOM
truncation_20,0.5,60,77,7800,33.67014789581299,81313,82028.0,ONE_POINT,100,100,RANDOM
truncation_20,0.5,60,78,7900,34.10660123825073,81313,81766.22,ONE_POINT,100,100,RANDOM
truncation_20,0.5,60,79,8000,34.5536584854126,80641,81303.68,ONE_POINT,100,100,RANDOM
truncation_20,0.5,60,80,8100,34.98415970802307,80291,80836.23,ONE_POINT,100,100,RANDOM
truncation_20,0.5,60,81,8200,35.40909171104431,79948,80605.43,ONE_POINT,100,100,RANDOM
truncation_20,0.5,60,82,8300,35.855369091033936,79943,80328.1,ONE_POINT,100,100,RANDOM
truncation_20,0.5,60,83,8400,36.294862270355225,79540,80050.11,ONE_POINT,100,100,RANDOM
truncation_20,0.5,60,84,8500,36.74090266227722,79456,79755.62,ONE_POINT,100,100,RANDOM
truncation_20,0.5,60,85,8600,37.182950258255005,79202,79489.24,ONE_POINT,100,100,RANDOM
truncation_20,0.5,60,86,8700,37.61063194274902,79073,79332.99,ONE_POINT,100,100,RANDOM
truncation_20,0.5,60,87,8800,38.051655530929565,78480,79163.42,ONE_POINT,100,100,RANDOM
truncation_20,0.5,60,88,8900,38.49347472190857,78480,78938.84,ONE_POINT,100,100,RANDOM
truncation_20,0.5,60,89,9000,38.942458391189575,78327,78580.51,ONE_POINT,100,100,RANDOM
truncation_20,0.5,60,90,9100,39.386651039123535,77866,78357.99,ONE_POINT,100,100,RANDOM
truncation_20,0.5,60,91,9200,39.83875346183777,77866,78134.78,ONE_POINT,100,100,RANDOM
truncation_20,0.5,60,92,9300,40.264796018600464,77342,77858.79,ONE_POINT,100,100,RANDOM
truncation_20,0.5,60,93,9400,40.69546294212341,77342,77677.95,ONE_POINT,100,100,RANDOM
truncation_20,0.5,60,94,9500,41.12383842468262,77024,77329.84,ONE_POINT,100,100,RANDOM
truncation_20,0.5,60,95,9600,41.56934642791748,76830,77106.77,ONE_POINT,100,100,RANDOM
truncation_20,0.5,60,96,9700,42.020365953445435,76539,76861.45,ONE_POINT,100,100,RANDOM
truncation_20,0.5,60,97,9800,42.45709538459778,76539,76733.27,ONE_POINT,100,100,RANDOM
truncation_20,0.5,60,98,9900,42.89197516441345,76114,76501.73,ONE_POINT,100,100,RANDOM
truncation_20,0.5,60,99,10000,43.346739768981934,75963,76274.29,ONE_POINT,100,100,RANDOM
truncation_20,0.5,60,100,10100,43.792255878448486,75677,76052.8,ONE_POINT,100,100,RANDOM
truncation_20,0.5,60,101,10200,44.23329520225525,75516,75814.01,ONE_POINT,100,100,RANDOM
truncation_20,0.5,60,102,10300,44.70525527000427,75099,75593.64,ONE_POINT,100,100,RANDOM
truncation_20,0.5,60,103,10400,45.176182985305786,74951,75436.25,ONE_POINT,100,100,RANDOM
truncation_20,0.5,60,104,10500,45.6665198802948,74951,75236.22,ONE_POINT,100,100,RANDOM
truncation_20,0.5,60,105,10600,46.1723268032074,74098,74965.25,ONE_POINT,100,100,RANDOM
truncation_20,0.5,60,106,10700,46.64337110519409,74098,74715.04,ONE_POINT,100,100,RANDOM
truncation_20,0.5,60,107,10800,47.104007959365845,74098,74468.71,ONE_POINT,100,100,RANDOM
truncation_20,0.5,60,108,10900,47.60172486305237,73905,74319.17,ONE_POINT,100,100,RANDOM
truncation_20,0.5,60,109,11000,48.04958486557007,73497,74108.25,ONE_POINT,100,100,RANDOM
truncation_20,0.5,60,110,11100,48.49709343910217,73497,73767.13,ONE_POINT,100,100,RANDOM
truncation_20,0.5,60,111,11200,48.926780223846436,73232,73628.54,ONE_POINT,100,100,RANDOM
truncation_20,0.5,60,112,11300,49.368243932724,73125,73478.05,ONE_POINT,100,100,RANDOM
truncation_20,0.5,60,113,11400,49.7937695980072,72982,73282.74,ONE_POINT,100,100,RANDOM
truncation_20,0.5,60,114,11500,50.270501136779785,72887,73113.71,ONE_POINT,100,100,RANDOM
truncation_20,0.5,60,115,11600,50.717541456222534,72644,72957.12,ONE_POINT,100,100,RANDOM
truncation_20,0.5,60,116,11700,51.140446186065674,72637,72792.23,ONE_POINT,100,100,RANDOM
truncation_20,0.5,60,117,11800,51.58990216255188,72388,72591.7,ONE_POINT,100,100,RANDOM
truncation_20,0.5,60,118,11900,52.021485805511475,72152,72433.49,ONE_POINT,100,100,RANDOM
truncation_20,0.5,60,119,12000,52.48745608329773,71914,72258.93,ONE_POINT,100,100,RANDOM
truncation_20,0.5,60,120,12100,52.91984152793884,71869,72053.01,ONE_POINT,100,100,RANDOM
truncation_20,0.5,60,121,12200,53.34400200843811,71533,71837.54,ONE_POINT,100,100,RANDOM
truncation_20,0.5,60,122,12300,53.77515459060669,71383,71640.07,ONE_POINT,100,100,RANDOM
truncation_20,0.5,60,123,12400,54.24017786979675,70939,71449.98,ONE_POINT,100,100,RANDOM
truncation_20,0.5,60,124,12500,54.77249360084534,70931,71228.71,ONE_POINT,100,100,RANDOM
truncation_20,0.5,60,125,12600,55.23652696609497,70706,71032.73,ONE_POINT,100,100,RANDOM
truncation_20,0.5,60,126,12700,55.75028443336487,70416,70816.54,ONE_POINT,100,100,RANDOM
truncation_20,0.5,60,127,12800,56.182852029800415,70090,70550.06,ONE_POINT,100,100,RANDOM
truncation_20,0.5,60,128,12900,56.64718842506409,70063,70298.88,ONE_POINT,100,100,RANDOM
truncation_20,0.5,60,129,13000,57.074350357055664,69829,70159.28,ONE_POINT,100,100,RANDOM
truncation_20,0.5,60,130,13100,57.505040884017944,69559,69961.24,ONE_POINT,100,100,RANDOM
truncation_20,0.5,60,131,13200,57.92624807357788,69488,69748.93,ONE_POINT,100,100,RANDOM
truncation_20,0.5,60,132,13300,58.36984705924988,69188,69545.87,ONE_POINT,100,100,RANDOM
truncation_20,0.5,60,133,13400,58.83960819244385,69157,69353.23,ONE_POINT,100,100,RANDOM
truncation_20,0.5,60,134,13500,59.280556440353394,68985,69157.23,ONE_POINT,100,100,RANDOM
truncation_20,0.5,60,135,13600,59.713876485824585,68814,69037.35,ONE_POINT,100,100,RANDOM
truncation_20,0.5,60,136,13700,60.152844190597534,68534,68902.94,ONE_POINT,100,100,RANDOM
truncation_20,0.5,60,137,13800,60.59459090232849,68534,68786.13,ONE_POINT,100,100,RANDOM
truncation_20,0.5,60,138,13900,61.04934740066528,68482,68658.5,ONE_POINT,100,100,RANDOM
truncation_20,0.5,60,139,14000,61.47886776924133,68267,68474.83,ONE_POINT,100,100,RANDOM
truncation_20,0.5,60,140,14100,61.906108379364014,68050,68307.4,ONE_POINT,100,100,RANDOM
truncation_20,0.5,60,141,14200,62.34005427360535,67922,68153.28,ONE_POINT,100,100,RANDOM
truncation_20,0.5,60,142,14300,62.77792739868164,67557,67957.34,ONE_POINT,100,100,RANDOM
truncation_20,0.5,60,143,14400,63.232179403305054,67315,67723.16,ONE_POINT,100,100,RANDOM
truncation_20,0.5,60,144,14500,63.67108225822449,67058,67477.14,ONE_POINT,100,100,RANDOM
truncation_20,0.5,60,145,14600,64.10921120643616,66714,67233.05,ONE_POINT,100,100,RANDOM
truncation_20,0.5,60,146,14700,64.54855823516846,66685,66963.97,ONE_POINT,100,100,RANDOM
truncation_20,0.5,60,147,14800,64.99216532707214,66275,66734.97,ONE_POINT,100,100,RANDOM
truncation_20,0.5,60,148,14900,65.4217472076416,65651,66542.53,ONE_POINT,100,100,RANDOM
truncation_20,0.5,60,149,15000,65.87118721008301,65651,66198.9,ONE_POINT,100,100,RANDOM
truncation_20,0.5,60,150,15100,66.30722951889038,65349,65658.36,ONE_POINT,100,100,RANDOM
truncation_20,0.5,60,151,15200,66.74621438980103,65171,65624.04,ONE_POINT,100,100,RANDOM
truncation_20,0.5,60,152,15300,67.18815922737122,65171,65546.4,ONE_POINT,100,100,RANDOM
truncation_20,0.5,60,153,15400,67.63496828079224,65052,65295.99,ONE_POINT,100,100,RANDOM
truncation_20,0.5,60,154,15500,68.05845856666565,64738,65094.49,ONE_POINT,100,100,RANDOM
truncation_20,0.5,60,155,15600,68.50225377082825,64715,64909.39,ONE_POINT,100,100,RANDOM
truncation_20,0.5,60,156,15700,68.92671918869019,64494,64787.04,ONE_POINT,100,100,RANDOM
truncation_20,0.5,60,157,15800,69.39496421813965,64430,64645.7,ONE_POINT,100,100,RANDOM
truncation_20,0.5,60,158,15900,69.83024978637695,64133,64454.34,ONE_POINT,100,100,RANDOM
truncation_20,0.5,60,159,16000,70.25884413719177,63879,64296.99,ONE_POINT,100,100,RANDOM
truncation_20,0.5,60,160,16100,70.69311094284058,63808,64086.97,ONE_POINT,100,100,RANDOM
truncation_20,0.5,60,161,16200,71.12681579589844,63700,63952.36,ONE_POINT,100,100,RANDOM
truncation_20,0.5,60,162,16300,71.58387351036072,63615,63815.54,ONE_POINT,100,100,RANDOM
truncation_20,0.5,60,163,16400,72.01709127426147,63442,63663.62,ONE_POINT,100,100,RANDOM
truncation_20,0.5,60,164,16500,72.44417333602905,63179,63522.97,ONE_POINT,100,100,RANDOM
truncation_20,0.5,60,165,16600,72.86948204040527,62932,63356.16,ONE_POINT,100,100,RANDOM
truncation_20,0.5,60,166,16700,73.30187177658081,62932,63151.97,ONE_POINT,100,100,RANDOM
truncation_20,0.5,60,167,16800,73.74028158187866,62726,62960.8,ONE_POINT,100,100,RANDOM
truncation_20,0.5,60,168,16900,74.18335676193237,62465,62825.22,ONE_POINT,100,100,RANDOM
truncation_20,0.5,60,169,17000,74.61894130706787,62455,62644.13,ONE_POINT,100,100,RANDOM
truncation_20,0.5,60,170,17100,75.04879570007324,62165,62461.13,ONE_POINT,100,100,RANDOM
truncation_20,0.5,60,171,17200,75.49242806434631,62165,62358.9,ONE_POINT,100,100,RANDOM
truncation_20,0.5,60,172,17300,75.92831063270569,61974,62200.63,ONE_POINT,100,100,RANDOM
truncation_20,0.5,60,173,17400,76.35929942131042,61864,62082.89,ONE_POINT,100,100,RANDOM
truncation_20,0.5,60,174,17500,76.80686593055725,61864,61975.99,ONE_POINT,100,100,RANDOM
truncation_20,0.5,60,175,17600,77.23649024963379,61699,61898.07,ONE_POINT,100,100,RANDOM
truncation_20,0.5,60,176,17700,77.68318796157837,61453,61797.01,ONE_POINT,100,100,RANDOM
truncation_20,0.5,60,177,17800,78.12584710121155,61453,61704.1,ONE_POINT,100,100,RANDOM
truncation_20,0.5,60,178,17900,78.56295394897461,61453,61627.15,ONE_POINT,100,100,RANDOM
truncation_20,0.5,60,179,18000,78.9953019618988,61263,61525.23,ONE_POINT,100,100,RANDOM
truncation_20,0.5,60,180,18100,79.43581581115723,61134,61401.15,ONE_POINT,100,100,RANDOM
truncation_20,0.5,60,181,18200,79.87944316864014,61051,61232.58,ONE_POINT,100,100,RANDOM
truncation_20,0.5,60,182,18300,80.31530261039734,60846,61103.09,ONE_POINT,100,100,RANDOM
truncation_20,0.5,60,183,18400,80.746821641922,60668,60958.44,ONE_POINT,100,100,RANDOM
truncation_20,0.5,60,184,18500,81.19437766075134,60498,60814.54,ONE_POINT,100,100,RANDOM
truncation_20,0.5,60,185,18600,81.6192238330841,60498,60694.14,ONE_POINT,100,100,RANDOM
truncation_20,0.5,60,186,18700,82.05843997001648,60402,60508.41,ONE_POINT,100,100,RANDOM
truncation_20,0.5,60,187,18800,82.48380088806152,59980,60375.91,ONE_POINT,100,100,RANDOM
truncation_20,0.5,60,188,18900,82.92747521400452,59959,60219.84,ONE_POINT,100,100,RANDOM
truncation_20,0.5,60,189,19000,83.36886310577393,59954,60079.99,ONE_POINT,100,100,RANDOM
truncation_20,0.5,60,190,19100,83.80409502983093,59851,59961.16,ONE_POINT,100,100,RANDOM
truncation_20,0.5,60,191,19200,84.24956488609314,59561,59890.59,ONE_POINT,100,100,RANDOM
truncation_20,0.5,60,192,19300,84.67937994003296,59308,59773.77,ONE_POINT,100,100,RANDOM
truncation_20,0.5,60,193,19400,85.12271881103516,59213,59537.96,ONE_POINT,100,100,RANDOM
truncation_20,0.5,60,194,19500,85.56818556785583,58935,59332.93,ONE_POINT,100,100,RANDOM
truncation_20,0.5,60,195,19600,86.00392508506775,58913,59171.31,ONE_POINT,100,100,RANDOM
truncation_20,0.5,60,196,19700,86.45658612251282,58635,58960.35,ONE_POINT,100,100,RANDOM
truncation_20,0.5,60,197,19800,86.89153790473938,58284,58839.91,ONE_POINT,100,100,RANDOM
truncation_20,0.5,60,198,19900,87.32927203178406,58219,58630.27,ONE_POINT,100,100,RANDOM
truncation_20,0.5,60,199,20000,87.76200318336487,58125,58400.11,ONE_POINT,100,100,RANDOM
truncation_20,0.5,60,200,20100,88.20411515235901,57930,58203.38,ONE_POINT,100,100,RANDOM
truncation_20,0.5,60,201,20200,88.67286825180054,57916,58110.05,ONE_POINT,100,100,RANDOM
truncation_20,0.5,60,202,20300,89.12119913101196,57768,57982.23,ONE_POINT,100,100,RANDOM
truncation_20,0.5,60,203,20400,89.55251622200012,57680,57865.96,ONE_POINT,100,100,RANDOM
truncation_20,0.5,60,204,20500,89.99560117721558,57326,57706.82,ONE_POINT,100,100,RANDOM
truncation_20,0.5,60,205,20600,90.44080662727356,57326,57491.28,ONE_POINT,100,100,RANDOM
truncation_20,0.5,60,206,20700,90.86636233329773,57169,57330.47,ONE_POINT,100,100,RANDOM
truncation_20,0.5,60,207,20800,91.29519844055176,57094,57215.61,ONE_POINT,100,100,RANDOM
truncation_20,0.5,60,208,20900,91.72860169410706,57020,57138.5,ONE_POINT,100,100,RANDOM
truncation_20,0.5,60,209,21000,92.1862142086029,56974,57072.14,ONE_POINT,100,100,RANDOM
truncation_20,0.5,60,210,21100,92.62202072143555,56880,57007.98,ONE_POINT,100,100,RANDOM
truncation_20,0.5,60,211,21200,93.05155968666077,56866,56951.78,ONE_POINT,100,100,RANDOM
truncation_20,0.5,60,212,21300,93.48694014549255,56636,56847.43,ONE_POINT,100,100,RANDOM
truncation_20,0.5,60,213,21400,93.92550802230835,56533,56733.63,ONE_POINT,100,100,RANDOM
truncation_20,0.5,60,214,21500,94.3790910243988,56456,56626.29,ONE_POINT,100,100,RANDOM
truncation_20,0.5,60,215,21600,94.80183672904968,56270,56530.82,ONE_POINT,100,100,RANDOM
truncation_20,0.5,60,216,21700,95.22307133674622,56270,56429.88,ONE_POINT,100,100,RANDOM
truncation_20,0.5,60,217,21800,95.65217638015747,56135,56293.31,ONE_POINT,100,100,RANDOM
truncation_20,0.5,60,218,21900,96.08132195472717,55878,56164.92,ONE_POINT,100,100,RANDOM
truncation_20,0.5,60,219,22000,96.55508399009705,55878,56098.4,ONE_POINT,100,100,RANDOM
truncation_20,0.5,60,220,22100,96.97761940956116,55857,56009.85,ONE_POINT,100,100,RANDOM
truncation_20,0.5,60,221,22200,97.40393161773682,55713,55904.35,ONE_POINT,100,100,RANDOM
truncation_20,0.5,60,222,22300,97.84082889556885,55626,55819.67,ONE_POINT,100,100,RANDOM
truncation_20,0.5,60,223,22400,98.27186703681946,55626,55690.31,ONE_POINT,100,100,RANDOM
truncation_20,0.5,60,224,22500,98.73590850830078,55499,55624.75,ONE_POINT,100,100,RANDOM
truncation_20,0.5,60,225,22600,99.17478513717651,55455,55564.92,ONE_POINT,100,100,RANDOM
truncation_20,0.5,60,226,22700,99.61715936660767,55247,55471.39,ONE_POINT,100,100,RANDOM
truncation_20,0.5,60,227,22800,100.04045581817627,55173,55382.79,ONE_POINT,100,100,RANDOM
truncation_20,0.5,60,228,22900,100.47451043128967,55049,55263.53,ONE_POINT,100,100,RANDOM
truncation_20,0.5,60,229,23000,100.93580555915833,55028,55177.96,ONE_POINT,100,100,RANDOM
truncation_20,0.5,60,230,23100,101.37390351295471,55022,55103.75,ONE_POINT,100,100,RANDOM
truncation_20,0.5,60,231,23200,101.80678844451904,54856,55024.83,ONE_POINT,100,100,RANDOM
truncation_20,0.5,60,232,23300,102.23194670677185,54784,54923.48,ONE_POINT,100,100,RANDOM
truncation_20,0.5,60,233,23400,102.66587710380554,54763,54860.35,ONE_POINT,100,100,RANDOM
truncation_20,0.5,60,234,23500,103.11708879470825,54602,54797.49,ONE_POINT,100,100,RANDOM
truncation_20,0.5,60,235,23600,103.5589509010315,54517,54678.83,ONE_POINT,100,100,RANDOM
truncation_20,0.5,60,236,23700,103.99175357818604,54394,54551.0,ONE_POINT,100,100,RANDOM
truncation_20,0.5,60,237,23800,104.42559432983398,54328,54421.84,ONE_POINT,100,100,RANDOM
truncation_20,0.5,60,238,23900,104.88386034965515,54158,54334.28,ONE_POINT,100,100,RANDOM
truncation_20,0.5,60,239,24000,105.32935237884521,53987,54220.28,ONE_POINT,100,100,RANDOM
truncation_20,0.5,60,240,24100,105.75368976593018,53882,54112.91,ONE_POINT,100,100,RANDOM
truncation_20,0.5,60,241,24200,106.18469595909119,53824,53998.38,ONE_POINT,100,100,RANDOM
truncation_20,0.5,60,242,24300,106.61295652389526,53612,53911.02,ONE_POINT,100,100,RANDOM
truncation_20,0.5,60,243,24400,107.05991387367249,53508,53746.4,ONE_POINT,100,100,RANDOM
truncation_20,0.5,60,244,24500,107.50635838508606,53281,53563.34,ONE_POINT,100,100,RANDOM
truncation_20,0.5,60,245,24600,107.92853736877441,53281,53455.0,ONE_POINT,100,100,RANDOM
truncation_20,0.5,60,246,24700,108.36520910263062,53259,53345.24,ONE_POINT,100,100,RANDOM
truncation_20,0.5,60,247,24800,108.80621194839478,53187,53273.36,ONE_POINT,100,100,RANDOM
truncation_20,0.5,60,248,24900,109.25921320915222,53092,53241.0,ONE_POINT,100,100,RANDOM
truncation_20,0.5,60,249,25000,109.70716762542725,53092,53171.54,ONE_POINT,100,100,RANDOM
truncation_20,0.5,60,250,25100,110.14505887031555,52979,53103.59,ONE_POINT,100,100,RANDOM
truncation_20,0.5,60,251,25200,110.62387728691101,52925,53043.05,ONE_POINT,100,100,RANDOM
truncation_20,0.5,60,252,25300,111.06982111930847,52842,52966.0,ONE_POINT,100,100,RANDOM
truncation_20,0.5,60,253,25400,111.51083016395569,52675,52875.15,ONE_POINT,100,100,RANDOM
truncation_20,0.5,60,254,25500,111.9472541809082,52567,52763.09,ONE_POINT,100,100,RANDOM
truncation_20,0.5,60,255,25600,112.38060140609741,52548,52636.53,ONE_POINT,100,100,RANDOM
truncation_20,0.5,60,256,25700,112.8173463344574,52443,52554.51,ONE_POINT,100,100,RANDOM
truncation_20,0.5,60,257,25800,113.26086068153381,52353,52513.12,ONE_POINT,100,100,RANDOM
truncation_20,0.5,60,258,25900,113.70307230949402,52353,52448.51,ONE_POINT,100,100,RANDOM
truncation_20,0.5,60,259,26000,114.15086817741394,52229,52373.55,ONE_POINT,100,100,RANDOM
truncation_20,0.5,60,260,26100,114.59038949012756,52134,52319.1,ONE_POINT,100,100,RANDOM
truncation_20,0.5,60,261,26200,115.02767038345337,52130,52230.6,ONE_POINT,100,100,RANDOM
truncation_20,0.5,60,262,26300,115.48157072067261,51985,52144.23,ONE_POINT,100,100,RANDOM
truncation_20,0.5,60,263,26400,115.90972232818604,51943,52084.15,ONE_POINT,100,100,RANDOM
truncation_20,0.5,60,264,26500,116.3534562587738,51872,52005.77,ONE_POINT,100,100,RANDOM
truncation_20,0.5,60,265,26600,116.79055428504944,51724,51920.38,ONE_POINT,100,100,RANDOM
truncation_20,0.5,60,266,26700,117.21645522117615,51634,51818.23,ONE_POINT,100,100,RANDOM
truncation_20,0.5,60,267,26800,117.65253949165344,51415,51679.13,ONE_POINT,100,100,RANDOM
truncation_20,0.5,60,268,26900,118.0721333026886,51415,51589.32,ONE_POINT,100,100,RANDOM
truncation_20,0.5,60,269,27000,118.5173110961914,51337,51497.06,ONE_POINT,100,100,RANDOM
truncation_20,0.5,60,270,27100,118.95105814933777,51267,51394.83,ONE_POINT,100,100,RANDOM
truncation_20,0.5,60,271,27200,119.38062453269958,51134,51315.42,ONE_POINT,100,100,RANDOM
truncation_20,0.5,60,272,27300,119.82214188575745,51120,51245.27,ONE_POINT,100,100,RANDOM
truncation_20,0.5,60,273,27400,120.25145959854126,50764,51140.14,ONE_POINT,100,100,RANDOM
truncation_20,0.5,60,274,27500,120.69076251983643,50764,51069.59,ONE_POINT,100,100,RANDOM
truncation_20,0.5,60,275,27600,121.11856579780579,50764,50975.32,ONE_POINT,100,100,RANDOM
truncation_20,0.5,60,276,27700,121.57134485244751,50654,50905.6,ONE_POINT,100,100,RANDOM
truncation_20,0.5,60,277,27800,122.002281665802,50585,50743.8,ONE_POINT,100,100,RANDOM
truncation_20,0.5,60,278,27900,122.4260151386261,50410,50606.68,ONE_POINT,100,100,RANDOM
truncation_20,0.5,60,279,28000,122.85496497154236,50410,50573.36,ONE_POINT,100,100,RANDOM
truncation_20,0.5,60,280,28100,123.29963731765747,50386,50509.2,ONE_POINT,100,100,RANDOM
truncation_20,0.5,60,281,28200,123.73938703536987,50215,50394.06,ONE_POINT,100,100,RANDOM
truncation_20,0.5,60,282,28300,124.16722750663757,50203,50315.36,ONE_POINT,100,100,RANDOM
truncation_20,0.5,60,283,28400,124.61218357086182,49997,50196.66,ONE_POINT,100,100,RANDOM
truncation_20,0.5,60,284,28500,125.05424904823303,49997,50108.29,ONE_POINT,100,100,RANDOM
truncation_20,0.5,60,285,28600,125.46996450424194,49934,50028.15,ONE_POINT,100,100,RANDOM
truncation_20,0.5,60,286,28700,125.91486930847168,49753,49967.7,ONE_POINT,100,100,RANDOM
truncation_20,0.5,60,287,28800,126.35005688667297,49733,49898.05,ONE_POINT,100,100,RANDOM
truncation_20,0.5,60,288,28900,126.78214049339294,49580,49814.06,ONE_POINT,100,100,RANDOM
truncation_20,0.5,60,289,29000,127.22927570343018,49580,49690.87,ONE_POINT,100,100,RANDOM
truncation_20,0.5,60,290,29100,127.65881156921387,49382,49593.22,ONE_POINT,100,100,RANDOM
truncation_20,0.5,60,291,29200,128.09777879714966,49365,49525.43,ONE_POINT,100,100,RANDOM
truncation_20,0.5,60,292,29300,128.52777767181396,49291,49394.17,ONE_POINT,100,100,RANDOM
truncation_20,0.5,60,293,29400,128.96453213691711,49229,49315.47,ONE_POINT,100,100,RANDOM
truncation_20,0.5,60,294,29500,129.41395688056946,49050,49248.2,ONE_POINT,100,100,RANDOM
truncation_20,0.5,60,295,29600,129.85916137695312,49050,49172.62,ONE_POINT,100,100,RANDOM
truncation_20,0.5,60,296,29700,130.30000758171082,48954,49099.34,ONE_POINT,100,100,RANDOM
truncation_20,0.5,60,297,29800,130.72744798660278,48921,49002.19,ONE_POINT,100,100,RANDOM
truncation_20,0.5,60,298,29900,131.1590986251831,48781,48919.4,ONE_POINT,100,100,RANDOM
truncation_20,0.5,60,299,30000,131.59796595573425,48781,48848.62,ONE_POINT,100,100,RANDOM
truncation_20,0.5,60,300,30100,132.0581510066986,48527,48772.3,ONE_POINT,100,100,RANDOM
truncation_20,0.5,60,301,30200,132.50548028945923,48527,48699.22,ONE_POINT,100,100,RANDOM
truncation_20,0.5,60,302,30300,132.94459700584412,48459,48566.55,ONE_POINT,100,100,RANDOM
truncation_20,0.5,60,303,30400,133.3877556324005,48434,48510.19,ONE_POINT,100,100,RANDOM
truncation_20,0.5,60,304,30500,133.83411192893982,48398,48467.9,ONE_POINT,100,100,RANDOM
truncation_20,0.5,60,305,30600,134.28711438179016,48305,48420.74,ONE_POINT,100,100,RANDOM
truncation_20,0.5,60,306,30700,134.72038531303406,48237,48356.53,ONE_POINT,100,100,RANDOM
truncation_20,0.5,60,307,30800,135.16735172271729,48148,48294.49,ONE_POINT,100,100,RANDOM
truncation_20,0.5,60,308,30900,135.60438346862793,48148,48238.5,ONE_POINT,100,100,RANDOM
truncation_20,0.5,60,309,31000,136.0479907989502,48096,48200.27,ONE_POINT,100,100,RANDOM
truncation_20,0.5,60,310,31100,136.4962728023529,47986,48136.54,ONE_POINT,100,100,RANDOM
truncation_20,0.5,60,311,31200,136.92475843429565,47942,48069.2,ONE_POINT,100,100,RANDOM
truncation_20,0.5,60,312,31300,137.35676169395447,47706,47951.98,ONE_POINT,100,100,RANDOM
truncation_20,0.5,60,313,31400,137.79659271240234,47688,47844.07,ONE_POINT,100,100,RANDOM
truncation_20,0.5,60,314,31500,138.2318513393402,47612,47725.08,ONE_POINT,100,100,RANDOM
truncation_20,0.5,60,315,31600,138.7204053401947,47569,47681.38,ONE_POINT,100,100,RANDOM
truncation_20,0.5,60,316,31700,139.15581917762756,47518,47613.5,ONE_POINT,100,100,RANDOM
truncation_20,0.5,60,317,31800,139.58882451057434,47403,47551.87,ONE_POINT,100,100,RANDOM
truncation_20,0.5,60,318,31900,140.01980352401733,47319,47502.46,ONE_POINT,100,100,RANDOM
truncation_20,0.5,60,319,32000,140.4732210636139,47265,47450.27,ONE_POINT,100,100,RANDOM
truncation_20,0.5,60,320,32100,140.91041493415833,47190,47335.66,ONE_POINT,100,100,RANDOM
truncation_20,0.5,60,321,32200,141.3525173664093,47016,47214.03,ONE_POINT,100,100,RANDOM
truncation_20,0.5,60,322,32300,141.79727792739868,46984,47146.84,ONE_POINT,100,100,RANDOM
truncation_20,0.5,60,323,32400,142.23129272460938,46839,47047.11,ONE_POINT,100,100,RANDOM
truncation_20,0.5,60,324,32500,142.6826045513153,46839,46983.21,ONE_POINT,100,100,RANDOM
truncation_20,0.5,60,325,32600,143.1113269329071,46839,46926.18,ONE_POINT,100,100,RANDOM
truncation_20,0.5,60,326,32700,143.54316759109497,46789,46862.91,ONE_POINT,100,100,RANDOM
truncation_20,0.5,60,327,32800,143.97212982177734,46749,46819.38,ONE_POINT,100,100,RANDOM
truncation_20,0.5,60,328,32900,144.40198516845703,46706,46775.26,ONE_POINT,100,100,RANDOM
truncation_20,0.5,60,329,33000,144.86786031723022,46612,46738.16,ONE_POINT,100,100,RANDOM
truncation_20,0.5,60,330,33100,145.29534435272217,46574,46678.22,ONE_POINT,100,100,RANDOM
truncation_20,0.5,60,331,33200,145.72784280776978,46532,46609.79,ONE_POINT,100,100,RANDOM
truncation_20,0.5,60,332,33300,146.1671221256256,46460,46539.62,ONE_POINT,100,100,RANDOM
truncation_20,0.5,60,333,33400,146.60772609710693,46460,46506.31,ONE_POINT,100,100,RANDOM
truncation_20,0.5,60,334,33500,147.060617685318,46414,46456.12,ONE_POINT,100,100,RANDOM
truncation_20,0.5,60,335,33600,147.50030636787415,46351,46441.77,ONE_POINT,100,100,RANDOM
truncation_20,0.5,60,336,33700,147.94029116630554,46351,46414.52,ONE_POINT,100,100,RANDOM
truncation_20,0.5,60,337,33800,148.38463258743286,46276,46374.65,ONE_POINT,100,100,RANDOM
truncation_20,0.5,60,338,33900,148.84301090240479,46184,46316.56,ONE_POINT,100,100,RANDOM
truncation_20,0.5,60,339,34000,149.2723400592804,46168,46246.7,ONE_POINT,100,100,RANDOM
truncation_20,0.5,60,340,34100,149.76933312416077,46073,46168.36,ONE_POINT,100,100,RANDOM
truncation_20,0.5,60,341,34200,150.20662832260132,45884,46082.57,ONE_POINT,100,100,RANDOM
truncation_20,0.5,60,342,34300,150.6441993713379,45740,45959.14,ONE_POINT,100,100,RANDOM
truncation_20,0.5,60,343,34400,151.10118103027344,45731,45848.15,ONE_POINT,100,100,RANDOM
truncation_20,0.5,60,344,34500,151.5426242351532,45598,45737.87,ONE_POINT,100,100,RANDOM
truncation_20,0.5,60,345,34600,151.97966051101685,45521,45668.9,ONE_POINT,100,100,RANDOM
truncation_20,0.5,60,346,34700,152.41604232788086,45496,45584.27,ONE_POINT,100,100,RANDOM
truncation_20,0.5,60,347,34800,152.8439164161682,45383,45512.78,ONE_POINT,100,100,RANDOM
truncation_20,0.5,60,348,34900,153.30416178703308,45364,45446.15,ONE_POINT,100,100,RANDOM
truncation_20,0.5,60,349,35000,153.73220539093018,45256,45379.9,ONE_POINT,100,100,RANDOM
truncation_20,0.5,60,350,35100,154.14871859550476,45181,45329.79,ONE_POINT,100,100,RANDOM
truncation_20,0.5,60,351,35200,154.59519958496094,44610,45265.87,ONE_POINT,100,100,RANDOM
truncation_20,0.5,60,352,35300,155.02870273590088,44610,45218.88,ONE_POINT,100,100,RANDOM
truncation_20,0.5,60,353,35400,155.47146844863892,44575,45099.74,ONE_POINT,100,100,RANDOM
truncation_20,0.5,60,354,35500,155.93870759010315,44412,44801.08,ONE_POINT,100,100,RANDOM
truncation_20,0.5,60,355,35600,156.3750033378601,44275,44494.95,ONE_POINT,100,100,RANDOM
truncation_20,0.5,60,356,35700,156.81100392341614,44275,44379.79,ONE_POINT,100,100,RANDOM
truncation_20,0.5,60,357,35800,157.2621865272522,44239,44307.75,ONE_POINT,100,100,RANDOM
truncation_20,0.5,60,358,35900,157.70042872428894,44205,44252.7,ONE_POINT,100,100,RANDOM
truncation_20,0.5,60,359,36000,158.13399457931519,44139,44225.92,ONE_POINT,100,100,RANDOM
truncation_20,0.5,60,360,36100,158.57439994812012,44137,44186.55,ONE_POINT,100,100,RANDOM
truncation_20,0.5,60,361,36200,159.0072956085205,43998,44131.24,ONE_POINT,100,100,RANDOM
truncation_20,0.5,60,362,36300,159.45629119873047,43989,44075.59,ONE_POINT,100,100,RANDOM
truncation_20,0.5,60,363,36400,159.8924286365509,43940,44030.25,ONE_POINT,100,100,RANDOM
truncation_20,0.5,60,364,36500,160.3255786895752,43940,43996.24,ONE_POINT,100,100,RANDOM
truncation_20,0.5,60,365,36600,160.7627136707306,43772,43950.68,ONE_POINT,100,100,RANDOM
truncation_20,0.5,60,366,36700,161.19538593292236,43695,43904.85,ONE_POINT,100,100,RANDOM
truncation_20,0.5,60,367,36800,161.63509726524353,43695,43807.59,ONE_POINT,100,100,RANDOM
truncation_20,0.5,60,368,36900,162.10834169387817,43685,43728.37,ONE_POINT,100,100,RANDOM
truncation_20,0.5,60,369,37000,162.53516149520874,43678,43692.72,ONE_POINT,100,100,RANDOM
truncation_20,0.5,60,370,37100,162.96450328826904,43592,43676.51,ONE_POINT,100,100,RANDOM
truncation_20,0.5,60,371,37200,163.39576029777527,43575,43645.96,ONE_POINT,100,100,RANDOM
truncation_20,0.5,60,372,37300,163.83601999282837,43568,43603.68,ONE_POINT,100,100,RANDOM
truncation_20,0.5,60,373,37400,164.2799048423767,43533,43582.35,ONE_POINT,100,100,RANDOM
truncation_20,0.5,60,374,37500,164.71071863174438,43512,43561.32,ONE_POINT,100,100,RANDOM
truncation_20,0.5,60,375,37600,165.14980697631836,43480,43525.55,ONE_POINT,100,100,RANDOM
truncation_20,0.5,60,376,37700,165.6015796661377,43424,43501.94,ONE_POINT,100,100,RANDOM
truncation_20,0.5,60,377,37800,166.03259563446045,43399,43476.28,ONE_POINT,100,100,RANDOM
truncation_20,0.5,60,378,37900,166.4857976436615,43379,43419.65,ONE_POINT,100,100,RANDOM
truncation_20,0.5,60,379,38000,166.9228870868683,43275,43380.86,ONE_POINT,100,100,RANDOM
truncation_20,0.5,60,380,38100,167.3616874217987,43275,43341.81,ONE_POINT,100,100,RANDOM
truncation_20,0.5,60,381,38200,167.8089475631714,43230,43288.08,ONE_POINT,100,100,RANDOM
truncation_20,0.5,60,382,38300,168.26025295257568,43174,43253.66,ONE_POINT,100,100,RANDOM
truncation_20,0.5,60,383,38400,168.71036982536316,43097,43199.31,ONE_POINT,100,100,RANDOM
truncation_20,0.5,60,384,38500,169.14220309257507,42995,43121.54,ONE_POINT,100,100,RANDOM
truncation_20,0.5,60,385,38600,169.56905007362366,42946,43054.26,ONE_POINT,100,100,RANDOM
truncation_20,0.5,60,386,38700,170.01832628250122,42930,43000.39,ONE_POINT,100,100,RANDOM
truncation_20,0.5,60,387,38800,170.45879125595093,42874,42960.48,ONE_POINT,100,100,RANDOM
truncation_20,0.5,60,388,38900,170.91502857208252,42849,42922.95,ONE_POINT,100,100,RANDOM
truncation_20,0.5,60,389,39000,171.34889817237854,42811,42887.04,ONE_POINT,100,100,RANDOM
truncation_20,0.5,60,390,39100,171.7811667919159,42783,42837.82,ONE_POINT,100,100,RANDOM
truncation_20,0.5,60,391,39200,172.22027969360352,42753,42800.46,ONE_POINT,100,100,RANDOM
truncation_20,0.5,60,392,39300,172.6623477935791,42736,42776.19,ONE_POINT,100,100,RANDOM
truncation_20,0.5,60,393,39400,173.09759855270386,42668,42746.93,ONE_POINT,100,100,RANDOM
truncation_20,0.5,60,394,39500,173.53676176071167,42569,42693.7,ONE_POINT,100,100,RANDOM
truncation_20,0.5,60,395,39600,173.9785075187683,42569,42642.35,ONE_POINT,100,100,RANDOM
truncation_20,0.5,60,396,39700,174.41560626029968,42507,42578.97,ONE_POINT,100,100,RANDOM
truncation_20,0.5,60,397,39800,174.8566493988037,42399,42525.36,ONE_POINT,100,100,RANDOM
truncation_20,0.5,60,398,39900,175.2995913028717,42320,42457.48,ONE_POINT,100,100,RANDOM
truncation_20,0.5,60,399,40000,175.7335729598999,42213,42372.62,ONE_POINT,100,100,RANDOM
truncation_20,0.5,60,400,40100,176.17437529563904,42213,42306.68,ONE_POINT,100,100,RANDOM
truncation_20,0.5,60,401,40200,176.6152319908142,42097,42240.87,ONE_POINT,100,100,RANDOM
truncation_20,0.5,60,402,40300,177.0534589290619,42086,42185.11,ONE_POINT,100,100,RANDOM
truncation_20,0.5,60,403,40400,177.4922490119934,42071,42116.37,ONE_POINT,100,100,RANDOM
truncation_20,0.5,60,404,40500,177.9332001209259,41961,42083.63,ONE_POINT,100,100,RANDOM
truncation_20,0.5,60,405,40600,178.3827464580536,41961,42044.01,ONE_POINT,100,100,RANDOM
truncation_20,0.5,60,406,40700,178.81857800483704,41952,41976.62,ONE_POINT,100,100,RANDOM
truncation_20,0.5,60,407,40800,179.2765667438507,41855,41955.93,ONE_POINT,100,100,RANDOM
truncation_20,0.5,60,408,40900,179.73162841796875,41855,41938.75,ONE_POINT,100,100,RANDOM
truncation_20,0.5,60,409,41000,180.16661381721497,41846,41907.28,ONE_POINT,100,100,RANDOM
truncation_20,0.5,60,410,41100,180.60555291175842,41825,41877.28,ONE_POINT,100,100,RANDOM
truncation_20,0.5,60,411,41200,181.03662872314453,41810,41845.94,ONE_POINT,100,100,RANDOM
truncation_20,0.5,60,412,41300,181.47420692443848,41803,41826.87,ONE_POINT,100,100,RANDOM
truncation_20,0.5,60,413,41400,181.91181087493896,41748,41814.22,ONE_POINT,100,100,RANDOM
truncation_20,0.5,60,414,41500,182.3779058456421,41748,41788.95,ONE_POINT,100,100,RANDOM
truncation_20,0.5,60,415,41600,182.8165099620819,41579,41744.48,ONE_POINT,100,100,RANDOM
truncation_20,0.5,60,416,41700,183.25520610809326,41548,41690.09,ONE_POINT,100,100,RANDOM
truncation_20,0.5,60,417,41800,183.6915888786316,41533,41570.72,ONE_POINT,100,100,RANDOM
truncation_20,0.5,60,418,41900,184.15951251983643,41454,41542.72,ONE_POINT,100,100,RANDOM
truncation_20,0.5,60,419,42000,184.61132049560547,41454,41522.14,ONE_POINT,100,100,RANDOM
truncation_20,0.5,60,420,42100,185.0448203086853,41437,41494.65,ONE_POINT,100,100,RANDOM
truncation_20,0.5,60,421,42200,185.47843718528748,41431,41447.02,ONE_POINT,100,100,RANDOM
truncation_20,0.5,60,422,42300,185.90467190742493,41374,41429.96,ONE_POINT,100,100,RANDOM
truncation_20,0.5,60,423,42400,186.3606812953949,41374,41414.43,ONE_POINT,100,100,RANDOM
truncation_20,0.5,60,424,42500,186.80044436454773,41240,41388.51,ONE_POINT,100,100,RANDOM
truncation_20,0.5,60,425,42600,187.2426996231079,41211,41336.52,ONE_POINT,100,100,RANDOM
truncation_20,0.5,60,426,42700,187.67261266708374,41158,41264.29,ONE_POINT,100,100,RANDOM
truncation_20,0.5,60,427,42800,188.10479831695557,41122,41214.17,ONE_POINT,100,100,RANDOM
truncation_20,0.5,60,428,42900,188.54985356330872,41122,41187.05,ONE_POINT,100,100,RANDOM
truncation_20,0.5,60,429,43000,188.99255108833313,41110,41135.46,ONE_POINT,100,100,RANDOM
truncation_20,0.5,60,430,43100,189.4431071281433,41042,41115.56,ONE_POINT,100,100,RANDOM
truncation_20,0.5,60,431,43200,189.88090062141418,41016,41090.51,ONE_POINT,100,100,RANDOM
truncation_20,0.5,60,432,43300,190.3076412677765,40949,41034.14,ONE_POINT,100,100,RANDOM
truncation_20,0.5,60,433,43400,190.7687017917633,40927,40979.53,ONE_POINT,100,100,RANDOM
truncation_20,0.5,60,434,43500,191.2079577445984,40851,40940.65,ONE_POINT,100,100,RANDOM
truncation_20,0.5,60,435,43600,191.64178943634033,40819,40916.48,ONE_POINT,100,100,RANDOM
truncation_20,0.5,60,436,43700,192.08368611335754,40819,40895.7,ONE_POINT,100,100,RANDOM
truncation_20,0.5,60,437,43800,192.51731634140015,40819,40864.07,ONE_POINT,100,100,RANDOM
truncation_20,0.5,60,438,43900,192.99329161643982,40748,40821.8,ONE_POINT,100,100,RANDOM
truncation_20,0.5,60,439,44000,193.42061710357666,40593,40796.39,ONE_POINT,100,100,RANDOM
truncation_20,0.5,60,440,44100,193.85429048538208,40593,40734.05,ONE_POINT,100,100,RANDOM
truncation_20,0.5,60,441,44200,194.28235292434692,40593,40686.39,ONE_POINT,100,100,RANDOM
truncation_20,0.5,60,442,44300,194.71156859397888,40523,40614.28,ONE_POINT,100,100,RANDOM
truncation_20,0.5,60,443,44400,195.1680281162262,40523,40574.75,ONE_POINT,100,100,RANDOM
truncation_20,0.5,60,444,44500,195.6070921421051,40402,40544.85,ONE_POINT,100,100,RANDOM
truncation_20,0.5,60,445,44600,196.03321075439453,40362,40509.07,ONE_POINT,100,100,RANDOM
truncation_20,0.5,60,446,44700,196.46990823745728,40304,40435.82,ONE_POINT,100,100,RANDOM
truncation_20,0.5,60,447,44800,196.8986575603485,40304,40351.86,ONE_POINT,100,100,RANDOM
truncation_20,0.5,60,448,44900,197.3581941127777,40273,40310.72,ONE_POINT,100,100,RANDOM
truncation_20,0.5,60,449,45000,197.79232096672058,40257,40296.55,ONE_POINT,100,100,RANDOM
truncation_20,0.5,60,450,45100,198.24594831466675,40209,40281.91,ONE_POINT,100,100,RANDOM
truncation_20,0.5,60,451,45200,198.6915636062622,40196,40251.85,ONE_POINT,100,100,RANDOM
truncation_20,0.5,60,452,45300,199.13987708091736,40145,40207.73,ONE_POINT,100,100,RANDOM
truncation_20,0.5,60,453,45400,199.59689855575562,40051,40164.56,ONE_POINT,100,100,RANDOM
truncation_20,0.5,60,454,45500,200.02566766738892,40044,40108.73,ONE_POINT,100,100,RANDOM
truncation_20,0.5,60,455,45600,200.4636948108673,40021,40066.69,ONE_POINT,100,100,RANDOM
truncation_20,0.5,60,456,45700,200.90639877319336,40021,40051.49,ONE_POINT,100,100,RANDOM
truncation_20,0.5,60,457,45800,201.34190821647644,39957,40033.32,ONE_POINT,100,100,RANDOM
truncation_20,0.5,60,458,45900,201.79071497917175,39891,40000.28,ONE_POINT,100,100,RANDOM
truncation_20,0.5,60,459,46000,202.2378900051117,39891,39965.11,ONE_POINT,100,100,RANDOM
truncation_20,0.5,60,460,46100,202.66351699829102,39783,39926.16,ONE_POINT,100,100,RANDOM
truncation_20,0.5,60,461,46200,203.08597087860107,39783,39884.49,ONE_POINT,100,100,RANDOM
truncation_20,0.5,60,462,46300,203.52567791938782,39751,39803.14,ONE_POINT,100,100,RANDOM
truncation_20,0.5,60,463,46400,203.9726107120514,39707,39768.67,ONE_POINT,100,100,RANDOM
truncation_20,0.5,60,464,46500,204.4055895805359,39707,39742.21,ONE_POINT,100,100,RANDOM
truncation_20,0.5,60,465,46600,204.8466293811798,39679,39716.75,ONE_POINT,100,100,RANDOM
truncation_20,0.5,60,466,46700,205.27585124969482,39612,39696.51,ONE_POINT,100,100,RANDOM
truncation_20,0.5,60,467,46800,205.7344114780426,39603,39670.19,ONE_POINT,100,100,RANDOM
truncation_20,0.5,60,468,46900,206.1695523262024,39597,39622.02,ONE_POINT,100,100,RANDOM
truncation_20,0.5,60,469,47000,206.60744380950928,39515,39599.14,ONE_POINT,100,100,RANDOM
truncation_20,0.5,60,470,47100,207.0376100540161,39511,39577.92,ONE_POINT,100,100,RANDOM
truncation_20,0.5,60,471,47200,207.4585576057434,39452,39537.95,ONE_POINT,100,100,RANDOM
truncation_20,0.5,60,472,47300,207.9006223678589,39441,39497.46,ONE_POINT,100,100,RANDOM
truncation_20,0.5,60,473,47400,208.32054901123047,39409,39462.64,ONE_POINT,100,100,RANDOM
truncation_20,0.5,60,474,47500,208.78250432014465,39409,39430.25,ONE_POINT,100,100,RANDOM
truncation_20,0.5,60,475,47600,209.21196150779724,39346,39403.95,ONE_POINT,100,100,RANDOM
truncation_20,0.5,60,476,47700,209.6565225124359,39318,39376.16,ONE_POINT,100,100,RANDOM
truncation_20,0.5,60,477,47800,210.1342418193817,39244,39335.32,ONE_POINT,100,100,RANDOM
truncation_20,0.5,60,478,47900,210.58541703224182,39196,39305.9,ONE_POINT,100,100,RANDOM
truncation_20,0.5,60,479,48000,211.01560926437378,39173,39252.31,ONE_POINT,100,100,RANDOM
truncation_20,0.5,60,480,48100,211.44790244102478,39138,39199.67,ONE_POINT,100,100,RANDOM
truncation_20,0.5,60,481,48200,211.89766883850098,39074,39172.0,ONE_POINT,100,100,RANDOM
truncation_20,0.5,60,482,48300,212.33125376701355,39061,39117.0,ONE_POINT,100,100,RANDOM
truncation_20,0.5,60,483,48400,212.77930855751038,38991,39075.75,ONE_POINT,100,100,RANDOM
truncation_20,0.5,60,484,48500,213.2154095172882,38973,39052.67,ONE_POINT,100,100,RANDOM
truncation_20,0.5,60,485,48600,213.6529324054718,38847,39010.8,ONE_POINT,100,100,RANDOM
truncation_20,0.5,60,486,48700,214.08461666107178,38809,38952.52,ONE_POINT,100,100,RANDOM
truncation_20,0.5,60,487,48800,214.52150654792786,38809,38879.85,ONE_POINT,100,100,RANDOM
truncation_20,0.5,60,488,48900,214.94865679740906,38789,38818.36,ONE_POINT,100,100,RANDOM
truncation_20,0.5,60,489,49000,215.3841257095337,38734,38803.05,ONE_POINT,100,100,RANDOM
truncation_20,0.5,60,490,49100,215.81874346733093,38721,38787.91,ONE_POINT,100,100,RANDOM
truncation_20,0.5,60,491,49200,216.25770044326782,38690,38762.01,ONE_POINT,100,100,RANDOM
truncation_20,0.5,60,492,49300,216.68953609466553,38689,38723.69,ONE_POINT,100,100,RANDOM
truncation_20,0.5,60,493,49400,217.12510228157043,38639,38711.69,ONE_POINT,100,100,RANDOM
truncation_20,0.5,60,494,49500,217.57100915908813,38614,38687.55,ONE_POINT,100,100,RANDOM
truncation_20,0.5,60,495,49600,218.00494837760925,38595,38642.56,ONE_POINT,100,100,RANDOM
truncation_20,0.5,60,496,49700,218.45081186294556,38564,38612.33,ONE_POINT,100,100,RANDOM
truncation_20,0.5,60,497,49800,218.88238787651062,38505,38576.78,ONE_POINT,100,100,RANDOM
truncation_20,0.5,60,498,49900,219.31172442436218,38448,38544.34,ONE_POINT,100,100,RANDOM
truncation_20,0.5,60,499,50000,219.74621391296387,38440,38506.83,ONE_POINT,100,100,RANDOM
truncation_20,0.5,60,500,50100,220.20303201675415,38406,38451.68,ONE_POINT,100,100,RANDOM
truncation_20,0.5,80,1,200,0.28373026847839355,133415,143671.81,ONE_POINT,100,100,RANDOM
truncation_20,0.5,80,2,300,0.7081317901611328,127591,136954.13,ONE_POINT,100,100,RANDOM
truncation_20,0.5,80,3,400,1.1521739959716797,124760,130562.74,ONE_POINT,100,100,RANDOM
truncation_20,0.5,80,4,500,1.6075913906097412,117448,125885.46,ONE_POINT,100,100,RANDOM
truncation_20,0.5,80,5,600,2.043856382369995,117448,124216.45,ONE_POINT,100,100,RANDOM
truncation_20,0.5,80,6,700,2.481640100479126,117448,121595.29,ONE_POINT,100,100,RANDOM
truncation_20,0.5,80,7,800,2.913006544113159,113800,119009.42,ONE_POINT,100,100,RANDOM
truncation_20,0.5,80,8,900,3.3500845432281494,113800,117251.32,ONE_POINT,100,100,RANDOM
truncation_20,0.5,80,9,1000,3.7915947437286377,113498,115849.94,ONE_POINT,100,100,RANDOM
truncation_20,0.5,80,10,1100,4.224058389663696,112243,113742.68,ONE_POINT,100,100,RANDOM
truncation_20,0.5,80,11,1200,4.659646987915039,111793,113142.04,ONE_POINT,100,100,RANDOM
truncation_20,0.5,80,12,1300,5.0871100425720215,111754,112509.29,ONE_POINT,100,100,RANDOM
truncation_20,0.5,80,13,1400,5.535118103027344,110984,111690.98,ONE_POINT,100,100,RANDOM
truncation_20,0.5,80,14,1500,5.971977949142456,109553,111047.77,ONE_POINT,100,100,RANDOM
truncation_20,0.5,80,15,1600,6.415235996246338,109542,110441.84,ONE_POINT,100,100,RANDOM
truncation_20,0.5,80,16,1700,6.846155166625977,108792,109495.41,ONE_POINT,100,100,RANDOM
truncation_20,0.5,80,17,1800,7.270972490310669,108506,109066.26,ONE_POINT,100,100,RANDOM
truncation_20,0.5,80,18,1900,7.737962007522583,108181,108725.14,ONE_POINT,100,100,RANDOM
truncation_20,0.5,80,19,2000,8.16808295249939,107687,108133.48,ONE_POINT,100,100,RANDOM
truncation_20,0.5,80,20,2100,8.607435464859009,106914,107738.39,ONE_POINT,100,100,RANDOM
truncation_20,0.5,80,21,2200,9.033828020095825,106071,107247.63,ONE_POINT,100,100,RANDOM
truncation_20,0.5,80,22,2300,9.4618558883667,105917,106700.29,ONE_POINT,100,100,RANDOM
truncation_20,0.5,80,23,2400,9.931315183639526,105537,106056.7,ONE_POINT,100,100,RANDOM
truncation_20,0.5,80,24,2500,10.367733001708984,104910,105620.69,ONE_POINT,100,100,RANDOM
truncation_20,0.5,80,25,2600,10.796288251876831,104619,105136.91,ONE_POINT,100,100,RANDOM
truncation_20,0.5,80,26,2700,11.223618268966675,104325,104786.05,ONE_POINT,100,100,RANDOM
truncation_20,0.5,80,27,2800,11.660386323928833,104058,104492.62,ONE_POINT,100,100,RANDOM
truncation_20,0.5,80,28,2900,12.095697164535522,103520,104209.34,ONE_POINT,100,100,RANDOM
truncation_20,0.5,80,29,3000,12.531383514404297,103156,103924.17,ONE_POINT,100,100,RANDOM
truncation_20,0.5,80,30,3100,12.958962202072144,103156,103429.75,ONE_POINT,100,100,RANDOM
truncation_20,0.5,80,31,3200,13.398019313812256,102522,103060.84,ONE_POINT,100,100,RANDOM
truncation_20,0.5,80,32,3300,13.825573444366455,102015,102601.95,ONE_POINT,100,100,RANDOM
truncation_20,0.5,80,33,3400,14.281461954116821,101829,102193.27,ONE_POINT,100,100,RANDOM
truncation_20,0.5,80,34,3500,14.712159633636475,100831,101738.42,ONE_POINT,100,100,RANDOM
truncation_20,0.5,80,35,3600,15.15098237991333,100548,101120.68,ONE_POINT,100,100,RANDOM
truncation_20,0.5,80,36,3700,15.581109285354614,100183,100635.84,ONE_POINT,100,100,RANDOM
truncation_20,0.5,80,37,3800,16.014090299606323,99207,100313.78,ONE_POINT,100,100,RANDOM
truncation_20,0.5,80,38,3900,16.445472717285156,99049,100049.49,ONE_POINT,100,100,RANDOM
truncation_20,0.5,80,39,4000,16.877131700515747,98618,99729.08,ONE_POINT,100,100,RANDOM
truncation_20,0.5,80,40,4100,17.30855965614319,98419,99197.2,ONE_POINT,100,100,RANDOM
truncation_20,0.5,80,41,4200,17.753244161605835,98160,98682.81,ONE_POINT,100,100,RANDOM
truncation_20,0.5,80,42,4300,18.206661462783813,97815,98308.76,ONE_POINT,100,100,RANDOM
truncation_20,0.5,80,43,4400,18.64559817314148,97162,97947.23,ONE_POINT,100,100,RANDOM
truncation_20,0.5,80,44,4500,19.077385663986206,96650,97501.85,ONE_POINT,100,100,RANDOM
truncation_20,0.5,80,45,4600,19.51266050338745,96650,97036.6,ONE_POINT,100,100,RANDOM
truncation_20,0.5,80,46,4700,19.945072412490845,95751,96543.82,ONE_POINT,100,100,RANDOM
truncation_20,0.5,80,47,4800,20.410974740982056,95751,96071.74,ONE_POINT,100,100,RANDOM
truncation_20,0.5,80,48,4900,20.851655960083008,95611,95911.46,ONE_POINT,100,100,RANDOM
truncation_20,0.5,80,49,5000,21.278430223464966,94195,95597.9,ONE_POINT,100,100,RANDOM
truncation_20,0.5,80,50,5100,21.71434450149536,94181,94825.0,ONE_POINT,100,100,RANDOM
truncation_20,0.5,80,51,5200,22.144708156585693,93754,94241.49,ONE_POINT,100,100,RANDOM
truncation_20,0.5,80,52,5300,22.587191581726074,93463,93914.49,ONE_POINT,100,100,RANDOM
truncation_20,0.5,80,53,5400,23.022154331207275,92977,93483.91,ONE_POINT,100,100,RANDOM
truncation_20,0.5,80,54,5500,23.453956127166748,92787,93238.25,ONE_POINT,100,100,RANDOM
truncation_20,0.5,80,55,5600,23.918527126312256,92255,92949.87,ONE_POINT,100,100,RANDOM
truncation_20,0.5,80,56,5700,24.35785174369812,91914,92593.17,ONE_POINT,100,100,RANDOM
truncation_20,0.5,80,57,5800,24.8064386844635,91898,92223.23,ONE_POINT,100,100,RANDOM
truncation_20,0.5,80,58,5900,25.243037939071655,90382,91710.9,ONE_POINT,100,100,RANDOM
truncation_20,0.5,80,59,6000,25.667450666427612,90382,90993.51,ONE_POINT,100,100,RANDOM
truncation_20,0.5,80,60,6100,26.095399141311646,89373,90574.88,ONE_POINT,100,100,RANDOM
truncation_20,0.5,80,61,6200,26.540059804916382,89373,90313.12,ONE_POINT,100,100,RANDOM
truncation_20,0.5,80,62,6300,26.96404457092285,89373,90041.92,ONE_POINT,100,100,RANDOM
truncation_20,0.5,80,63,6400,27.40727949142456,89364,89565.53,ONE_POINT,100,100,RANDOM
truncation_20,0.5,80,64,6500,27.82579779624939,88978,89286.61,ONE_POINT,100,100,RANDOM
truncation_20,0.5,80,65,6600,28.25415825843811,88854,89085.32,ONE_POINT,100,100,RANDOM
truncation_20,0.5,80,66,6700,28.70208477973938,88339,88842.99,ONE_POINT,100,100,RANDOM
truncation_20,0.5,80,67,6800,29.118089199066162,88212,88574.04,ONE_POINT,100,100,RANDOM
truncation_20,0.5,80,68,6900,29.556798696517944,88126,88314.89,ONE_POINT,100,100,RANDOM
truncation_20,0.5,80,69,7000,29.983718633651733,87882,88191.13,ONE_POINT,100,100,RANDOM
truncation_20,0.5,80,70,7100,30.41893744468689,87442,87951.45,ONE_POINT,100,100,RANDOM
truncation_20,0.5,80,71,7200,30.86454725265503,87224,87709.93,ONE_POINT,100,100,RANDOM
truncation_20,0.5,80,72,7300,31.302709579467773,87185,87478.14,ONE_POINT,100,100,RANDOM
truncation_20,0.5,80,73,7400,31.748962879180908,86988,87255.22,ONE_POINT,100,100,RANDOM
truncation_20,0.5,80,74,7500,32.17991924285889,86637,87041.45,ONE_POINT,100,100,RANDOM
truncation_20,0.5,80,75,7600,32.60832142829895,86415,86778.2,ONE_POINT,100,100,RANDOM
truncation_20,0.5,80,76,7700,33.053186655044556,86153,86555.1,ONE_POINT,100,100,RANDOM
truncation_20,0.5,80,77,7800,33.48940992355347,85845,86251.12,ONE_POINT,100,100,RANDOM
truncation_20,0.5,80,78,7900,33.911614179611206,85690,85962.26,ONE_POINT,100,100,RANDOM
truncation_20,0.5,80,79,8000,34.35654926300049,85055,85731.26,ONE_POINT,100,100,RANDOM
truncation_20,0.5,80,80,8100,34.79862856864929,85013,85453.2,ONE_POINT,100,100,RANDOM
truncation_20,0.5,80,81,8200,35.22504472732544,84449,85095.85,ONE_POINT,100,100,RANDOM
truncation_20,0.5,80,82,8300,35.65394425392151,84146,84748.0,ONE_POINT,100,100,RANDOM
truncation_20,0.5,80,83,8400,36.106682538986206,83949,84321.79,ONE_POINT,100,100,RANDOM
truncation_20,0.5,80,84,8500,36.53961491584778,83369,83980.35,ONE_POINT,100,100,RANDOM
truncation_20,0.5,80,85,8600,36.97002816200256,83257,83589.77,ONE_POINT,100,100,RANDOM
truncation_20,0.5,80,86,8700,37.40622925758362,82473,83256.24,ONE_POINT,100,100,RANDOM
truncation_20,0.5,80,87,8800,37.839614391326904,82473,82956.98,ONE_POINT,100,100,RANDOM
truncation_20,0.5,80,88,8900,38.29156565666199,82134,82593.06,ONE_POINT,100,100,RANDOM
truncation_20,0.5,80,89,9000,38.73191523551941,81591,82344.44,ONE_POINT,100,100,RANDOM
truncation_20,0.5,80,90,9100,39.18741965293884,81574,81984.8,ONE_POINT,100,100,RANDOM
truncation_20,0.5,80,91,9200,39.61906409263611,81124,81644.88,ONE_POINT,100,100,RANDOM
truncation_20,0.5,80,92,9300,40.04256010055542,80564,81351.38,ONE_POINT,100,100,RANDOM
truncation_20,0.5,80,93,9400,40.48257565498352,80012,80871.9,ONE_POINT,100,100,RANDOM
truncation_20,0.5,80,94,9500,40.92256832122803,79974,80565.49,ONE_POINT,100,100,RANDOM
truncation_20,0.5,80,95,9600,41.36413764953613,79904,80326.03,ONE_POINT,100,100,RANDOM
truncation_20,0.5,80,96,9700,41.7936692237854,79904,80075.47,ONE_POINT,100,100,RANDOM
truncation_20,0.5,80,97,9800,42.23292326927185,79494,79939.77,ONE_POINT,100,100,RANDOM
truncation_20,0.5,80,98,9900,42.67921423912048,79259,79694.34,ONE_POINT,100,100,RANDOM
truncation_20,0.5,80,99,10000,43.10961103439331,79242,79423.51,ONE_POINT,100,100,RANDOM
truncation_20,0.5,80,100,10100,43.564409494400024,78448,79216.67,ONE_POINT,100,100,RANDOM
truncation_20,0.5,80,101,10200,44.000784397125244,78427,79038.22,ONE_POINT,100,100,RANDOM
truncation_20,0.5,80,102,10300,44.44692325592041,78145,78619.93,ONE_POINT,100,100,RANDOM
truncation_20,0.5,80,103,10400,44.890239238739014,78145,78415.27,ONE_POINT,100,100,RANDOM
truncation_20,0.5,80,104,10500,45.31099486351013,78082,78282.57,ONE_POINT,100,100,RANDOM
truncation_20,0.5,80,105,10600,45.767125844955444,77871,78107.88,ONE_POINT,100,100,RANDOM
truncation_20,0.5,80,106,10700,46.19576954841614,77763,77976.19,ONE_POINT,100,100,RANDOM
truncation_20,0.5,80,107,10800,46.62904500961304,77551,77795.89,ONE_POINT,100,100,RANDOM
truncation_20,0.5,80,108,10900,47.072925090789795,77174,77571.4,ONE_POINT,100,100,RANDOM
truncation_20,0.5,80,109,11000,47.520549297332764,76854,77277.66,ONE_POINT,100,100,RANDOM
truncation_20,0.5,80,110,11100,47.95827579498291,76081,76937.34,ONE_POINT,100,100,RANDOM
truncation_20,0.5,80,111,11200,48.382731199264526,76081,76596.01,ONE_POINT,100,100,RANDOM
truncation_20,0.5,80,112,11300,48.80597710609436,75908,76183.89,ONE_POINT,100,100,RANDOM
truncation_20,0.5,80,113,11400,49.295767068862915,75480,75974.94,ONE_POINT,100,100,RANDOM
truncation_20,0.5,80,114,11500,49.737576723098755,75092,75705.18,ONE_POINT,100,100,RANDOM
truncation_20,0.5,80,115,11600,50.178683042526245,74689,75298.58,ONE_POINT,100,100,RANDOM
truncation_20,0.5,80,116,11700,50.603171586990356,74156,74889.11,ONE_POINT,100,100,RANDOM
truncation_20,0.5,80,117,11800,51.04697847366333,74156,74506.33,ONE_POINT,100,100,RANDOM
truncation_20,0.5,80,118,11900,51.482107639312744,74020,74260.22,ONE_POINT,100,100,RANDOM
truncation_20,0.5,80,119,12000,51.92521953582764,73695,74095.2,ONE_POINT,100,100,RANDOM
truncation_20,0.5,80,120,12100,52.35649847984314,73545,73944.43,ONE_POINT,100,100,RANDOM
truncation_20,0.5,80,121,12200,52.797605991363525,73421,73752.0,ONE_POINT,100,100,RANDOM
truncation_20,0.5,80,122,12300,53.2240936756134,73124,73474.37,ONE_POINT,100,100,RANDOM
truncation_20,0.5,80,123,12400,53.66752076148987,72623,73215.56,ONE_POINT,100,100,RANDOM
truncation_20,0.5,80,124,12500,54.09397554397583,72424,72959.51,ONE_POINT,100,100,RANDOM
truncation_20,0.5,80,125,12600,54.53242778778076,72424,72708.78,ONE_POINT,100,100,RANDOM
truncation_20,0.5,80,126,12700,54.955703020095825,72231,72517.56,ONE_POINT,100,100,RANDOM
truncation_20,0.5,80,127,12800,55.3889582157135,72176,72352.78,ONE_POINT,100,100,RANDOM
truncation_20,0.5,80,128,12900,55.83657169342041,71861,72213.09,ONE_POINT,100,100,RANDOM
truncation_20,0.5,80,129,13000,56.36603808403015,71856,72127.63,ONE_POINT,100,100,RANDOM
truncation_20,0.5,80,130,13100,56.828455209732056,71682,71923.17,ONE_POINT,100,100,RANDOM
truncation_20,0.5,80,131,13200,57.266377449035645,71520,71775.43,ONE_POINT,100,100,RANDOM
truncation_20,0.5,80,132,13300,57.7005980014801,71383,71653.12,ONE_POINT,100,100,RANDOM
truncation_20,0.5,80,133,13400,58.15554881095886,71323,71546.56,ONE_POINT,100,100,RANDOM
truncation_20,0.5,80,134,13500,58.59809350967407,71222,71357.97,ONE_POINT,100,100,RANDOM
truncation_20,0.5,80,135,13600,59.02005124092102,70839,71270.82,ONE_POINT,100,100,RANDOM
truncation_20,0.5,80,136,13700,59.48000240325928,70576,71012.95,ONE_POINT,100,100,RANDOM
truncation_20,0.5,80,137,13800,59.962958574295044,70322,70736.93,ONE_POINT,100,100,RANDOM
truncation_20,0.5,80,138,13900,60.41598129272461,70318,70521.74,ONE_POINT,100,100,RANDOM
truncation_20,0.5,80,139,14000,60.8891019821167,70160,70334.36,ONE_POINT,100,100,RANDOM
truncation_20,0.5,80,140,14100,61.354339361190796,69902,70240.12,ONE_POINT,100,100,RANDOM
truncation_20,0.5,80,141,14200,61.813732862472534,69729,70018.98,ONE_POINT,100,100,RANDOM
truncation_20,0.5,80,142,14300,62.28819131851196,69467,69780.59,ONE_POINT,100,100,RANDOM
truncation_20,0.5,80,143,14400,62.73102378845215,69302,69547.7,ONE_POINT,100,100,RANDOM
truncation_20,0.5,80,144,14500,63.17305254936218,68975,69386.63,ONE_POINT,100,100,RANDOM
truncation_20,0.5,80,145,14600,63.605831146240234,68943,69191.24,ONE_POINT,100,100,RANDOM
truncation_20,0.5,80,146,14700,64.04189252853394,68712,69005.84,ONE_POINT,100,100,RANDOM
truncation_20,0.5,80,147,14800,64.49389815330505,68570,68873.66,ONE_POINT,100,100,RANDOM
truncation_20,0.5,80,148,14900,64.92644882202148,68554,68765.91,ONE_POINT,100,100,RANDOM
truncation_20,0.5,80,149,15000,65.36640071868896,68464,68679.11,ONE_POINT,100,100,RANDOM
truncation_20,0.5,80,150,15100,65.80348801612854,68231,68566.62,ONE_POINT,100,100,RANDOM
truncation_20,0.5,80,151,15200,66.2620120048523,68120,68419.79,ONE_POINT,100,100,RANDOM
truncation_20,0.5,80,152,15300,66.71052265167236,68052,68208.68,ONE_POINT,100,100,RANDOM
truncation_20,0.5,80,153,15400,67.2209312915802,67671,68026.47,ONE_POINT,100,100,RANDOM
truncation_20,0.5,80,154,15500,67.66243004798889,67429,67795.18,ONE_POINT,100,100,RANDOM
truncation_20,0.5,80,155,15600,68.09816980361938,67026,67543.71,ONE_POINT,100,100,RANDOM
truncation_20,0.5,80,156,15700,68.56273150444031,66626,67126.34,ONE_POINT,100,100,RANDOM
truncation_20,0.5,80,157,15800,69.0119297504425,66587,66900.54,ONE_POINT,100,100,RANDOM
truncation_20,0.5,80,158,15900,69.4620349407196,66349,66610.71,ONE_POINT,100,100,RANDOM
truncation_20,0.5,80,159,16000,69.95611524581909,66113,66413.98,ONE_POINT,100,100,RANDOM
truncation_20,0.5,80,160,16100,70.38730382919312,65950,66271.64,ONE_POINT,100,100,RANDOM
truncation_20,0.5,80,161,16200,70.89323210716248,65950,66154.72,ONE_POINT,100,100,RANDOM
truncation_20,0.5,80,162,16300,71.3442006111145,65686,66004.53,ONE_POINT,100,100,RANDOM
truncation_20,0.5,80,163,16400,71.89522790908813,65686,65850.06,ONE_POINT,100,100,RANDOM
truncation_20,0.5,80,164,16500,72.34630870819092,65438,65639.63,ONE_POINT,100,100,RANDOM
truncation_20,0.5,80,165,16600,72.80084943771362,65336,65458.86,ONE_POINT,100,100,RANDOM
truncation_20,0.5,80,166,16700,73.25012636184692,64910,65314.37,ONE_POINT,100,100,RANDOM
truncation_20,0.5,80,167,16800,73.7050712108612,64815,65123.36,ONE_POINT,100,100,RANDOM
truncation_20,0.5,80,168,16900,74.13209223747253,64725,65027.04,ONE_POINT,100,100,RANDOM
truncation_20,0.5,80,169,17000,74.56377935409546,64567,64875.41,ONE_POINT,100,100,RANDOM
truncation_20,0.5,80,170,17100,75.03636050224304,64480,64679.95,ONE_POINT,100,100,RANDOM
truncation_20,0.5,80,171,17200,75.60277533531189,64327,64546.4,ONE_POINT,100,100,RANDOM
truncation_20,0.5,80,172,17300,76.08059930801392,64190,64424.73,ONE_POINT,100,100,RANDOM
truncation_20,0.5,80,173,17400,76.57140016555786,63949,64247.75,ONE_POINT,100,100,RANDOM
truncation_20,0.5,80,174,17500,77.01204943656921,63817,64106.8,ONE_POINT,100,100,RANDOM
truncation_20,0.5,80,175,17600,77.44551467895508,63633,63909.21,ONE_POINT,100,100,RANDOM
truncation_20,0.5,80,176,17700,77.89437413215637,63386,63714.49,ONE_POINT,100,100,RANDOM
truncation_20,0.5,80,177,17800,78.32955884933472,63352,63539.75,ONE_POINT,100,100,RANDOM
truncation_20,0.5,80,178,17900,78.81900238990784,62926,63364.19,ONE_POINT,100,100,RANDOM
truncation_20,0.5,80,179,18000,79.26403594017029,62889,63142.23,ONE_POINT,100,100,RANDOM
truncation_20,0.5,80,180,18100,79.75019073486328,62543,62901.31,ONE_POINT,100,100,RANDOM
truncation_20,0.5,80,181,18200,80.23367762565613,62543,62780.75,ONE_POINT,100,100,RANDOM
truncation_20,0.5,80,182,18300,80.67262744903564,62094,62617.01,ONE_POINT,100,100,RANDOM
truncation_20,0.5,80,183,18400,81.09572052955627,62094,62404.28,ONE_POINT,100,100,RANDOM
truncation_20,0.5,80,184,18500,81.53803253173828,61622,62123.43,ONE_POINT,100,100,RANDOM
truncation_20,0.5,80,185,18600,82.07916641235352,61622,61952.04,ONE_POINT,100,100,RANDOM
truncation_20,0.5,80,186,18700,82.5170693397522,61550,61700.62,ONE_POINT,100,100,RANDOM
truncation_20,0.5,80,187,18800,82.95508933067322,61359,61593.42,ONE_POINT,100,100,RANDOM
truncation_20,0.5,80,188,18900,83.39638137817383,61312,61493.22,ONE_POINT,100,100,RANDOM
truncation_20,0.5,80,189,19000,83.84665250778198,61171,61357.1,ONE_POINT,100,100,RANDOM
truncation_20,0.5,80,190,19100,84.30131578445435,61013,61230.75,ONE_POINT,100,100,RANDOM
truncation_20,0.5,80,191,19200,84.7318913936615,60874,61061.55,ONE_POINT,100,100,RANDOM
truncation_20,0.5,80,192,19300,85.2165675163269,60486,60865.03,ONE_POINT,100,100,RANDOM
truncation_20,0.5,80,193,19400,85.66518902778625,60486,60632.2,ONE_POINT,100,100,RANDOM
truncation_20,0.5,80,194,19500,86.14376783370972,60279,60448.83,ONE_POINT,100,100,RANDOM
truncation_20,0.5,80,195,19600,86.71346592903137,60104,60321.29,ONE_POINT,100,100,RANDOM
truncation_20,0.5,80,196,19700,87.1467273235321,59895,60230.14,ONE_POINT,100,100,RANDOM
truncation_20,0.5,80,197,19800,87.57059407234192,59884,60123.54,ONE_POINT,100,100,RANDOM
truncation_20,0.5,80,198,19900,88.00727701187134,59680,59929.68,ONE_POINT,100,100,RANDOM
truncation_20,0.5,80,199,20000,88.44520258903503,59612,59812.62,ONE_POINT,100,100,RANDOM
truncation_20,0.5,80,200,20100,88.97175621986389,59542,59667.86,ONE_POINT,100,100,RANDOM
truncation_20,0.5,80,201,20200,89.41877341270447,59087,59554.13,ONE_POINT,100,100,RANDOM
truncation_20,0.5,80,202,20300,89.84901666641235,59087,59409.43,ONE_POINT,100,100,RANDOM
truncation_20,0.5,80,203,20400,90.29749846458435,58819,59185.21,ONE_POINT,100,100,RANDOM
truncation_20,0.5,80,204,20500,90.7396936416626,58719,59012.29,ONE_POINT,100,100,RANDOM
truncation_20,0.5,80,205,20600,91.17745637893677,58618,58826.12,ONE_POINT,100,100,RANDOM
truncation_20,0.5,80,206,20700,91.63235712051392,58321,58664.2,ONE_POINT,100,100,RANDOM
truncation_20,0.5,80,207,20800,92.12333178520203,58317,58498.51,ONE_POINT,100,100,RANDOM
truncation_20,0.5,80,208,20900,92.57459831237793,57981,58340.15,ONE_POINT,100,100,RANDOM
truncation_20,0.5,80,209,21000,93.06235694885254,57931,58144.57,ONE_POINT,100,100,RANDOM
truncation_20,0.5,80,210,21100,93.55218744277954,57598,57939.99,ONE_POINT,100,100,RANDOM
truncation_20,0.5,80,211,21200,93.99990677833557,57186,57762.59,ONE_POINT,100,100,RANDOM
truncation_20,0.5,80,212,21300,94.42626190185547,57121,57513.12,ONE_POINT,100,100,RANDOM
truncation_20,0.5,80,213,21400,94.8775806427002,57027,57309.02,ONE_POINT,100,100,RANDOM
truncation_20,0.5,80,214,21500,95.30624866485596,56978,57170.79,ONE_POINT,100,100,RANDOM
truncation_20,0.5,80,215,21600,95.7474672794342,56978,57133.76,ONE_POINT,100,100,RANDOM
truncation_20,0.5,80,216,21700,96.17484521865845,56946,57043.26,ONE_POINT,100,100,RANDOM
truncation_20,0.5,80,217,21800,96.61016273498535,56850,56958.46,ONE_POINT,100,100,RANDOM
truncation_20,0.5,80,218,21900,97.06185293197632,56768,56891.9,ONE_POINT,100,100,RANDOM
truncation_20,0.5,80,219,22000,97.48641562461853,56692,56791.56,ONE_POINT,100,100,RANDOM
truncation_20,0.5,80,220,22100,97.92313623428345,56508,56680.63,ONE_POINT,100,100,RANDOM
truncation_20,0.5,80,221,22200,98.35562062263489,56248,56570.83,ONE_POINT,100,100,RANDOM
truncation_20,0.5,80,222,22300,98.78489685058594,56248,56436.25,ONE_POINT,100,100,RANDOM
truncation_20,0.5,80,223,22400,99.23818373680115,56158,56297.94,ONE_POINT,100,100,RANDOM
truncation_20,0.5,80,224,22500,99.6705961227417,55829,56133.5,ONE_POINT,100,100,RANDOM
truncation_20,0.5,80,225,22600,100.11639165878296,55829,55993.61,ONE_POINT,100,100,RANDOM
truncation_20,0.5,80,226,22700,100.54984641075134,55678,55830.85,ONE_POINT,100,100,RANDOM
truncation_20,0.5,80,227,22800,100.99112319946289,55521,55748.77,ONE_POINT,100,100,RANDOM
truncation_20,0.5,80,228,22900,101.44236516952515,55374,55631.87,ONE_POINT,100,100,RANDOM
truncation_20,0.5,80,229,23000,101.88000535964966,55276,55474.47,ONE_POINT,100,100,RANDOM
truncation_20,0.5,80,230,23100,102.3210289478302,55107,55363.51,ONE_POINT,100,100,RANDOM
truncation_20,0.5,80,231,23200,102.75865626335144,55092,55220.06,ONE_POINT,100,100,RANDOM
truncation_20,0.5,80,232,23300,103.20215177536011,54944,55089.7,ONE_POINT,100,100,RANDOM
truncation_20,0.5,80,233,23400,103.63523316383362,54810,55007.8,ONE_POINT,100,100,RANDOM
truncation_20,0.5,80,234,23500,104.06978487968445,54810,54899.11,ONE_POINT,100,100,RANDOM
truncation_20,0.5,80,235,23600,104.50336742401123,54570,54794.15,ONE_POINT,100,100,RANDOM
truncation_20,0.5,80,236,23700,104.93607950210571,54423,54675.94,ONE_POINT,100,100,RANDOM
truncation_20,0.5,80,237,23800,105.44641971588135,54402,54580.07,ONE_POINT,100,100,RANDOM
truncation_20,0.5,80,238,23900,105.87743949890137,54165,54425.32,ONE_POINT,100,100,RANDOM
truncation_20,0.5,80,239,24000,106.33231687545776,54043,54296.18,ONE_POINT,100,100,RANDOM
truncation_20,0.5,80,240,24100,106.76920080184937,54043,54199.25,ONE_POINT,100,100,RANDOM
truncation_20,0.5,80,241,24200,107.29015517234802,54043,54106.6,ONE_POINT,100,100,RANDOM
truncation_20,0.5,80,242,24300,107.73168230056763,53799,54014.29,ONE_POINT,100,100,RANDOM
truncation_20,0.5,80,243,24400,108.1621561050415,53689,53907.41,ONE_POINT,100,100,RANDOM
truncation_20,0.5,80,244,24500,108.61022734642029,53562,53783.02,ONE_POINT,100,100,RANDOM
truncation_20,0.5,80,245,24600,109.05757570266724,53562,53685.85,ONE_POINT,100,100,RANDOM
truncation_20,0.5,80,246,24700,109.5036723613739,53501,53602.22,ONE_POINT,100,100,RANDOM
truncation_20,0.5,80,247,24800,109.93735122680664,53438,53532.31,ONE_POINT,100,100,RANDOM
truncation_20,0.5,80,248,24900,110.37434101104736,53334,53462.72,ONE_POINT,100,100,RANDOM
truncation_20,0.5,80,249,25000,110.8161027431488,53082,53372.65,ONE_POINT,100,100,RANDOM
truncation_20,0.5,80,250,25100,111.24274277687073,53059,53300.96,ONE_POINT,100,100,RANDOM
truncation_20,0.5,80,251,25200,111.68500828742981,52970,53228.99,ONE_POINT,100,100,RANDOM
truncation_20,0.5,80,252,25300,112.12744474411011,52774,53114.64,ONE_POINT,100,100,RANDOM
truncation_20,0.5,80,253,25400,112.59105110168457,52772,52907.59,ONE_POINT,100,100,RANDOM
truncation_20,0.5,80,254,25500,113.03641271591187,52669,52764.64,ONE_POINT,100,100,RANDOM
truncation_20,0.5,80,255,25600,113.4736385345459,52669,52728.22,ONE_POINT,100,100,RANDOM
truncation_20,0.5,80,256,25700,113.91290974617004,52460,52652.08,ONE_POINT,100,100,RANDOM
truncation_20,0.5,80,257,25800,114.33762311935425,52460,52570.33,ONE_POINT,100,100,RANDOM
truncation_20,0.5,80,258,25900,114.78059148788452,52264,52458.28,ONE_POINT,100,100,RANDOM
truncation_20,0.5,80,259,26000,115.21850848197937,52264,52406.6,ONE_POINT,100,100,RANDOM
truncation_20,0.5,80,260,26100,115.65349793434143,52219,52314.93,ONE_POINT,100,100,RANDOM
truncation_20,0.5,80,261,26200,116.08709120750427,52099,52245.18,ONE_POINT,100,100,RANDOM
truncation_20,0.5,80,262,26300,116.5169677734375,52099,52183.54,ONE_POINT,100,100,RANDOM
truncation_20,0.5,80,263,26400,116.95422315597534,51957,52077.26,ONE_POINT,100,100,RANDOM
truncation_20,0.5,80,264,26500,117.39596009254456,51957,52012.7,ONE_POINT,100,100,RANDOM
truncation_20,0.5,80,265,26600,117.84756851196289,51723,51930.17,ONE_POINT,100,100,RANDOM
truncation_20,0.5,80,266,26700,118.27585434913635,51718,51823.83,ONE_POINT,100,100,RANDOM
truncation_20,0.5,80,267,26800,118.71352815628052,51636,51733.0,ONE_POINT,100,100,RANDOM
truncation_20,0.5,80,268,26900,119.16117405891418,51610,51688.82,ONE_POINT,100,100,RANDOM
truncation_20,0.5,80,269,27000,119.5881781578064,51550,51634.72,ONE_POINT,100,100,RANDOM
truncation_20,0.5,80,270,27100,120.03911399841309,51474,51580.98,ONE_POINT,100,100,RANDOM
truncation_20,0.5,80,271,27200,120.47496628761292,51065,51511.13,ONE_POINT,100,100,RANDOM
truncation_20,0.5,80,272,27300,120.89531517028809,51062,51399.43,ONE_POINT,100,100,RANDOM
truncation_20,0.5,80,273,27400,121.32553839683533,50967,51209.08,ONE_POINT,100,100,RANDOM
truncation_20,0.5,80,274,27500,121.75916314125061,50855,51026.41,ONE_POINT,100,100,RANDOM
truncation_20,0.5,80,275,27600,122.2310380935669,50855,50937.26,ONE_POINT,100,100,RANDOM
truncation_20,0.5,80,276,27700,122.66783690452576,50768,50852.95,ONE_POINT,100,100,RANDOM
truncation_20,0.5,80,277,27800,123.09041094779968,50755,50823.96,ONE_POINT,100,100,RANDOM
truncation_20,0.5,80,278,27900,123.51077795028687,50655,50765.83,ONE_POINT,100,100,RANDOM
truncation_20,0.5,80,279,28000,123.94146203994751,50565,50711.68,ONE_POINT,100,100,RANDOM
truncation_20,0.5,80,280,28100,124.39513492584229,50565,50649.21,ONE_POINT,100,100,RANDOM
truncation_20,0.5,80,281,28200,124.82246899604797,50433,50566.3,ONE_POINT,100,100,RANDOM
truncation_20,0.5,80,282,28300,125.26176333427429,50372,50488.69,ONE_POINT,100,100,RANDOM
truncation_20,0.5,80,283,28400,125.68888878822327,50305,50411.25,ONE_POINT,100,100,RANDOM
truncation_20,0.5,80,284,28500,126.11942887306213,50109,50335.6,ONE_POINT,100,100,RANDOM
truncation_20,0.5,80,285,28600,126.57190680503845,50023,50231.27,ONE_POINT,100,100,RANDOM
truncation_20,0.5,80,286,28700,127.0136730670929,50023,50107.65,ONE_POINT,100,100,RANDOM
truncation_20,0.5,80,287,28800,127.44560313224792,49922,50019.56,ONE_POINT,100,100,RANDOM
truncation_20,0.5,80,288,28900,127.87754464149475,49796,49979.83,ONE_POINT,100,100,RANDOM
truncation_20,0.5,80,289,29000,128.3193440437317,49796,49921.15,ONE_POINT,100,100,RANDOM
truncation_20,0.5,80,290,29100,128.7526569366455,49730,49846.49,ONE_POINT,100,100,RANDOM
truncation_20,0.5,80,291,29200,129.17729544639587,49585,49758.12,ONE_POINT,100,100,RANDOM
truncation_20,0.5,80,292,29300,129.60972595214844,49433,49660.73,ONE_POINT,100,100,RANDOM
truncation_20,0.5,80,293,29400,130.04884099960327,49419,49578.07,ONE_POINT,100,100,RANDOM
truncation_20,0.5,80,294,29500,130.4967007637024,49419,49547.24,ONE_POINT,100,100,RANDOM
truncation_20,0.5,80,295,29600,130.95192289352417,49139,49422.97,ONE_POINT,100,100,RANDOM
truncation_20,0.5,80,296,29700,131.38699555397034,49139,49300.7,ONE_POINT,100,100,RANDOM
truncation_20,0.5,80,297,29800,131.81597685813904,49040,49141.0,ONE_POINT,100,100,RANDOM
truncation_20,0.5,80,298,29900,132.24553871154785,49040,49121.22,ONE_POINT,100,100,RANDOM
truncation_20,0.5,80,299,30000,132.69965291023254,48984,49088.99,ONE_POINT,100,100,RANDOM
truncation_20,0.5,80,300,30100,133.15625405311584,48969,49051.22,ONE_POINT,100,100,RANDOM
truncation_20,0.5,80,301,30200,133.59849429130554,48687,48987.66,ONE_POINT,100,100,RANDOM
truncation_20,0.5,80,302,30300,134.02446627616882,48566,48907.64,ONE_POINT,100,100,RANDOM
truncation_20,0.5,80,303,30400,134.47208428382874,48472,48744.55,ONE_POINT,100,100,RANDOM
truncation_20,0.5,80,304,30500,134.92277097702026,48472,48584.6,ONE_POINT,100,100,RANDOM
truncation_20,0.5,80,305,30600,135.36880540847778,48445,48474.41,ONE_POINT,100,100,RANDOM
truncation_20,0.5,80,306,30700,135.79676723480225,48356,48447.19,ONE_POINT,100,100,RANDOM
truncation_20,0.5,80,307,30800,136.21795511245728,48288,48397.93,ONE_POINT,100,100,RANDOM
truncation_20,0.5,80,308,30900,136.64869594573975,48245,48333.43,ONE_POINT,100,100,RANDOM
truncation_20,0.5,80,309,31000,137.08717846870422,48207,48282.46,ONE_POINT,100,100,RANDOM
truncation_20,0.5,80,310,31100,137.53586554527283,48101,48249.94,ONE_POINT,100,100,RANDOM
truncation_20,0.5,80,311,31200,137.96880912780762,48031,48186.13,ONE_POINT,100,100,RANDOM
truncation_20,0.5,80,312,31300,138.4127254486084,48023,48105.73,ONE_POINT,100,100,RANDOM
truncation_20,0.5,80,313,31400,138.95739316940308,47872,48034.3,ONE_POINT,100,100,RANDOM
truncation_20,0.5,80,314,31500,139.39798712730408,47872,47957.05,ONE_POINT,100,100,RANDOM
truncation_20,0.5,80,315,31600,139.83203983306885,47817,47888.68,ONE_POINT,100,100,RANDOM
truncation_20,0.5,80,316,31700,140.2549877166748,47661,47821.0,ONE_POINT,100,100,RANDOM
truncation_20,0.5,80,317,31800,140.69930338859558,47509,47733.07,ONE_POINT,100,100,RANDOM
truncation_20,0.5,80,318,31900,141.15341877937317,47461,47633.66,ONE_POINT,100,100,RANDOM
truncation_20,0.5,80,319,32000,141.57867860794067,47364,47532.26,ONE_POINT,100,100,RANDOM
truncation_20,0.5,80,320,32100,142.07214164733887,47166,47433.23,ONE_POINT,100,100,RANDOM
truncation_20,0.5,80,321,32200,142.537677526474,47152,47317.66,ONE_POINT,100,100,RANDOM
truncation_20,0.5,80,322,32300,142.99806571006775,46951,47167.7,ONE_POINT,100,100,RANDOM
truncation_20,0.5,80,323,32400,143.48378252983093,46912,47056.91,ONE_POINT,100,100,RANDOM
truncation_20,0.5,80,324,32500,143.97998571395874,46747,46971.08,ONE_POINT,100,100,RANDOM
truncation_20,0.5,80,325,32600,144.4214859008789,46747,46912.09,ONE_POINT,100,100,RANDOM
truncation_20,0.5,80,326,32700,144.86176443099976,46603,46829.9,ONE_POINT,100,100,RANDOM
truncation_20,0.5,80,327,32800,145.29793572425842,46603,46716.76,ONE_POINT,100,100,RANDOM
truncation_20,0.5,80,328,32900,145.73977661132812,46598,46625.3,ONE_POINT,100,100,RANDOM
truncation_20,0.5,80,329,33000,146.18313264846802,46456,46597.98,ONE_POINT,100,100,RANDOM
truncation_20,0.5,80,330,33100,146.63490629196167,46456,46584.35,ONE_POINT,100,100,RANDOM
truncation_20,0.5,80,331,33200,147.10594177246094,46341,46547.93,ONE_POINT,100,100,RANDOM
truncation_20,0.5,80,332,33300,147.60123586654663,46341,46502.52,ONE_POINT,100,100,RANDOM
truncation_20,0.5,80,333,33400,148.0735683441162,46338,46449.95,ONE_POINT,100,100,RANDOM
truncation_20,0.5,80,334,33500,148.55242919921875,46204,46387.67,ONE_POINT,100,100,RANDOM
truncation_20,0.5,80,335,33600,149.03419017791748,46123,46288.64,ONE_POINT,100,100,RANDOM
truncation_20,0.5,80,336,33700,149.47619915008545,45978,46165.55,ONE_POINT,100,100,RANDOM
truncation_20,0.5,80,337,33800,149.90914678573608,45934,46034.27,ONE_POINT,100,100,RANDOM
truncation_20,0.5,80,338,33900,150.3260853290558,45930,45989.65,ONE_POINT,100,100,RANDOM
truncation_20,0.5,80,339,34000,150.77048468589783,45897,45958.55,ONE_POINT,100,100,RANDOM
truncation_20,0.5,80,340,34100,151.20273756980896,45777,45900.27,ONE_POINT,100,100,RANDOM
truncation_20,0.5,80,341,34200,151.6490969657898,45705,45847.45,ONE_POINT,100,100,RANDOM
truncation_20,0.5,80,342,34300,152.08111906051636,45705,45778.64,ONE_POINT,100,100,RANDOM
truncation_20,0.5,80,343,34400,152.51938128471375,45583,45726.1,ONE_POINT,100,100,RANDOM
truncation_20,0.5,80,344,34500,152.97361421585083,45583,45683.61,ONE_POINT,100,100,RANDOM
truncation_20,0.5,80,345,34600,153.3938491344452,45551,45620.09,ONE_POINT,100,100,RANDOM
truncation_20,0.5,80,346,34700,153.82316637039185,45364,45554.95,ONE_POINT,100,100,RANDOM
truncation_20,0.5,80,347,34800,154.26372718811035,45349,45487.55,ONE_POINT,100,100,RANDOM
truncation_20,0.5,80,348,34900,154.69726514816284,45214,45382.87,ONE_POINT,100,100,RANDOM
truncation_20,0.5,80,349,35000,155.1984076499939,45214,45349.69,ONE_POINT,100,100,RANDOM
truncation_20,0.5,80,350,35100,155.64194583892822,45214,45328.02,ONE_POINT,100,100,RANDOM
truncation_20,0.5,80,351,35200,156.1224925518036,45214,45292.1,ONE_POINT,100,100,RANDOM
truncation_20,0.5,80,352,35300,156.60255980491638,45214,45271.75,ONE_POINT,100,100,RANDOM
truncation_20,0.5,80,353,35400,157.05561780929565,45214,45246.74,ONE_POINT,100,100,RANDOM
truncation_20,0.5,80,354,35500,157.5618302822113,45110,45216.11,ONE_POINT,100,100,RANDOM
truncation_20,0.5,80,355,35600,157.99832677841187,45110,45180.02,ONE_POINT,100,100,RANDOM
truncation_20,0.5,80,356,35700,158.43185329437256,45104,45144.41,ONE_POINT,100,100,RANDOM
truncation_20,0.5,80,357,35800,158.90646600723267,45071,45101.88,ONE_POINT,100,100,RANDOM
truncation_20,0.5,80,358,35900,159.36531257629395,45015,45077.23,ONE_POINT,100,100,RANDOM
truncation_20,0.5,80,359,36000,159.81610989570618,44941,45052.89,ONE_POINT,100,100,RANDOM
truncation_20,0.5,80,360,36100,160.271137714386,44929,45017.13,ONE_POINT,100,100,RANDOM
truncation_20,0.5,80,361,36200,160.70526003837585,44895,44960.78,ONE_POINT,100,100,RANDOM
truncation_20,0.5,80,362,36300,161.18512749671936,44863,44922.17,ONE_POINT,100,100,RANDOM
truncation_20,0.5,80,363,36400,161.65410375595093,44780,44891.49,ONE_POINT,100,100,RANDOM
truncation_20,0.5,80,364,36500,162.11568021774292,44771,44845.55,ONE_POINT,100,100,RANDOM
truncation_20,0.5,80,365,36600,162.65127301216125,44668,44806.96,ONE_POINT,100,100,RANDOM
truncation_20,0.5,80,366,36700,163.1108319759369,44551,44740.11,ONE_POINT,100,100,RANDOM
truncation_20,0.5,80,367,36800,163.5475811958313,44471,44678.21,ONE_POINT,100,100,RANDOM
truncation_20,0.5,80,368,36900,163.99597358703613,44431,44589.7,ONE_POINT,100,100,RANDOM
truncation_20,0.5,80,369,37000,164.4466953277588,44373,44485.87,ONE_POINT,100,100,RANDOM
truncation_20,0.5,80,370,37100,164.88253927230835,44372,44426.57,ONE_POINT,100,100,RANDOM
truncation_20,0.5,80,371,37200,165.36375498771667,44356,44385.47,ONE_POINT,100,100,RANDOM
truncation_20,0.5,80,372,37300,165.85456705093384,44300,44366.31,ONE_POINT,100,100,RANDOM
truncation_20,0.5,80,373,37400,166.3930423259735,44299,44352.34,ONE_POINT,100,100,RANDOM
truncation_20,0.5,80,374,37500,166.8489179611206,44259,44323.68,ONE_POINT,100,100,RANDOM
truncation_20,0.5,80,375,37600,167.33730912208557,44180,44285.63,ONE_POINT,100,100,RANDOM
truncation_20,0.5,80,376,37700,167.79394459724426,44180,44244.58,ONE_POINT,100,100,RANDOM
truncation_20,0.5,80,377,37800,168.2399024963379,44113,44188.97,ONE_POINT,100,100,RANDOM
truncation_20,0.5,80,378,37900,168.69670748710632,44098,44167.32,ONE_POINT,100,100,RANDOM
truncation_20,0.5,80,379,38000,169.12049865722656,44046,44124.32,ONE_POINT,100,100,RANDOM
truncation_20,0.5,80,380,38100,169.54557704925537,44046,44101.64,ONE_POINT,100,100,RANDOM
truncation_20,0.5,80,381,38200,169.9679033756256,44029,44077.85,ONE_POINT,100,100,RANDOM
truncation_20,0.5,80,382,38300,170.41193437576294,43962,44041.24,ONE_POINT,100,100,RANDOM
truncation_20,0.5,80,383,38400,170.85980534553528,43908,43999.07,ONE_POINT,100,100,RANDOM
truncation_20,0.5,80,384,38500,171.28702807426453,43908,43951.65,ONE_POINT,100,100,RANDOM
truncation_20,0.5,80,385,38600,171.728502035141,43907,43927.67,ONE_POINT,100,100,RANDOM
truncation_20,0.5,80,386,38700,172.17489433288574,43860,43906.55,ONE_POINT,100,100,RANDOM
truncation_20,0.5,80,387,38800,172.63658595085144,43843,43895.59,ONE_POINT,100,100,RANDOM
truncation_20,0.5,80,388,38900,173.0774507522583,43802,43865.27,ONE_POINT,100,100,RANDOM
truncation_20,0.5,80,389,39000,173.50781202316284,43749,43840.38,ONE_POINT,100,100,RANDOM
truncation_20,0.5,80,390,39100,173.93816661834717,43738,43799.84,ONE_POINT,100,100,RANDOM
truncation_20,0.5,80,391,39200,174.3704376220703,43651,43748.7,ONE_POINT,100,100,RANDOM
truncation_20,0.5,80,392,39300,174.83949828147888,43630,43710.91,ONE_POINT,100,100,RANDOM
truncation_20,0.5,80,393,39400,175.27155447006226,43630,43659.7,ONE_POINT,100,100,RANDOM
truncation_20,0.5,80,394,39500,175.70430302619934,43586,43634.26,ONE_POINT,100,100,RANDOM
truncation_20,0.5,80,395,39600,176.13615465164185,43577,43608.66,ONE_POINT,100,100,RANDOM
truncation_20,0.5,80,396,39700,176.57419776916504,43491,43578.18,ONE_POINT,100,100,RANDOM
truncation_20,0.5,80,397,39800,177.03337168693542,43491,43530.92,ONE_POINT,100,100,RANDOM
truncation_20,0.5,80,398,39900,177.4831840991974,43428,43486.95,ONE_POINT,100,100,RANDOM
truncation_20,0.5,80,399,40000,177.92270708084106,43393,43440.29,ONE_POINT,100,100,RANDOM
truncation_20,0.5,80,400,40100,178.35296893119812,43351,43411.58,ONE_POINT,100,100,RANDOM
truncation_20,0.5,80,401,40200,178.79848289489746,43351,43378.59,ONE_POINT,100,100,RANDOM
truncation_20,0.5,80,402,40300,179.24814748764038,43293,43351.71,ONE_POINT,100,100,RANDOM
truncation_20,0.5,80,403,40400,179.68924283981323,43256,43326.86,ONE_POINT,100,100,RANDOM
truncation_20,0.5,80,404,40500,180.13328313827515,43228,43292.87,ONE_POINT,100,100,RANDOM
truncation_20,0.5,80,405,40600,180.56151390075684,43228,43257.61,ONE_POINT,100,100,RANDOM
truncation_20,0.5,80,406,40700,180.9928560256958,43203,43228.21,ONE_POINT,100,100,RANDOM
truncation_20,0.5,80,407,40800,181.4508752822876,43188,43222.44,ONE_POINT,100,100,RANDOM
truncation_20,0.5,80,408,40900,181.88932919502258,43168,43211.21,ONE_POINT,100,100,RANDOM
truncation_20,0.5,80,409,41000,182.33467292785645,43153,43191.54,ONE_POINT,100,100,RANDOM
truncation_20,0.5,80,410,41100,182.76986575126648,43140,43174.02,ONE_POINT,100,100,RANDOM
truncation_20,0.5,80,411,41200,183.20319080352783,43118,43156.68,ONE_POINT,100,100,RANDOM
truncation_20,0.5,80,412,41300,183.63423824310303,43118,43147.8,ONE_POINT,100,100,RANDOM
truncation_20,0.5,80,413,41400,184.06540989875793,43081,43130.21,ONE_POINT,100,100,RANDOM
truncation_20,0.5,80,414,41500,184.49975633621216,43038,43102.35,ONE_POINT,100,100,RANDOM
truncation_20,0.5,80,415,41600,184.93759989738464,43033,43072.55,ONE_POINT,100,100,RANDOM
truncation_20,0.5,80,416,41700,185.3915150165558,42977,43041.45,ONE_POINT,100,100,RANDOM
truncation_20,0.5,80,417,41800,185.83059406280518,42912,43014.58,ONE_POINT,100,100,RANDOM
truncation_20,0.5,80,418,41900,186.26348114013672,42907,42981.06,ONE_POINT,100,100,RANDOM
truncation_20,0.5,80,419,42000,186.69577813148499,42879,42931.49,ONE_POINT,100,100,RANDOM
truncation_20,0.5,80,420,42100,187.12359929084778,42847,42897.93,ONE_POINT,100,100,RANDOM
truncation_20,0.5,80,421,42200,187.57565760612488,42847,42877.66,ONE_POINT,100,100,RANDOM
truncation_20,0.5,80,422,42300,188.03146052360535,42827,42853.77,ONE_POINT,100,100,RANDOM
truncation_20,0.5,80,423,42400,188.46109104156494,42755,42819.77,ONE_POINT,100,100,RANDOM
truncation_20,0.5,80,424,42500,188.8834137916565,42697,42784.5,ONE_POINT,100,100,RANDOM
truncation_20,0.5,80,425,42600,189.32079410552979,42697,42749.23,ONE_POINT,100,100,RANDOM
truncation_20,0.5,80,426,42700,189.75709223747253,42645,42710.59,ONE_POINT,100,100,RANDOM
truncation_20,0.5,80,427,42800,190.2213442325592,42606,42681.17,ONE_POINT,100,100,RANDOM
truncation_20,0.5,80,428,42900,190.64583683013916,42581,42653.45,ONE_POINT,100,100,RANDOM
truncation_20,0.5,80,429,43000,191.08651447296143,42553,42620.55,ONE_POINT,100,100,RANDOM
truncation_20,0.5,80,430,43100,191.53476762771606,42461,42568.88,ONE_POINT,100,100,RANDOM
truncation_20,0.5,80,431,43200,191.9686336517334,42446,42519.82,ONE_POINT,100,100,RANDOM
truncation_20,0.5,80,432,43300,192.4047269821167,42324,42470.74,ONE_POINT,100,100,RANDOM
truncation_20,0.5,80,433,43400,192.82994842529297,42324,42427.42,ONE_POINT,100,100,RANDOM
truncation_20,0.5,80,434,43500,193.26302027702332,42295,42361.21,ONE_POINT,100,100,RANDOM
truncation_20,0.5,80,435,43600,193.70407891273499,42217,42310.91,ONE_POINT,100,100,RANDOM
truncation_20,0.5,80,436,43700,194.14650082588196,42217,42282.94,ONE_POINT,100,100,RANDOM
truncation_20,0.5,80,437,43800,194.6069052219391,42167,42235.43,ONE_POINT,100,100,RANDOM
truncation_20,0.5,80,438,43900,195.02737855911255,42129,42194.7,ONE_POINT,100,100,RANDOM
truncation_20,0.5,80,439,44000,195.4570508003235,42129,42159.42,ONE_POINT,100,100,RANDOM
truncation_20,0.5,80,440,44100,195.90308356285095,41936,42123.08,ONE_POINT,100,100,RANDOM
truncation_20,0.5,80,441,44200,196.32263374328613,41880,42051.05,ONE_POINT,100,100,RANDOM
truncation_20,0.5,80,442,44300,196.7700502872467,41855,41936.65,ONE_POINT,100,100,RANDOM
truncation_20,0.5,80,443,44400,197.20395469665527,41821,41888.35,ONE_POINT,100,100,RANDOM
truncation_20,0.5,80,444,44500,197.6484570503235,41812,41862.68,ONE_POINT,100,100,RANDOM
truncation_20,0.5,80,445,44600,198.08622097969055,41810,41838.52,ONE_POINT,100,100,RANDOM
truncation_20,0.5,80,446,44700,198.50655007362366,41778,41818.35,ONE_POINT,100,100,RANDOM
truncation_20,0.5,80,447,44800,198.95454573631287,41739,41791.87,ONE_POINT,100,100,RANDOM
truncation_20,0.5,80,448,44900,199.38223123550415,41739,41769.82,ONE_POINT,100,100,RANDOM
truncation_20,0.5,80,449,45000,199.81813979148865,41702,41744.31,ONE_POINT,100,100,RANDOM
truncation_20,0.5,80,450,45100,200.25555539131165,41654,41727.53,ONE_POINT,100,100,RANDOM
truncation_20,0.5,80,451,45200,200.68721866607666,41654,41700.61,ONE_POINT,100,100,RANDOM
truncation_20,0.5,80,452,45300,201.12852144241333,41651,41680.21,ONE_POINT,100,100,RANDOM
truncation_20,0.5,80,453,45400,201.56420826911926,41609,41647.57,ONE_POINT,100,100,RANDOM
truncation_20,0.5,80,454,45500,202.00226140022278,41587,41622.86,ONE_POINT,100,100,RANDOM
truncation_20,0.5,80,455,45600,202.4367160797119,41522,41593.58,ONE_POINT,100,100,RANDOM
truncation_20,0.5,80,456,45700,202.87494826316833,41468,41546.16,ONE_POINT,100,100,RANDOM
truncation_20,0.5,80,457,45800,203.32775497436523,41465,41512.93,ONE_POINT,100,100,RANDOM
truncation_20,0.5,80,458,45900,203.75458216667175,41429,41486.16,ONE_POINT,100,100,RANDOM
truncation_20,0.5,80,459,46000,204.20177173614502,41358,41446.63,ONE_POINT,100,100,RANDOM
truncation_20,0.5,80,460,46100,204.63549900054932,41358,41401.19,ONE_POINT,100,100,RANDOM
truncation_20,0.5,80,461,46200,205.062912940979,41324,41360.23,ONE_POINT,100,100,RANDOM
truncation_20,0.5,80,462,46300,205.51616525650024,41262,41325.73,ONE_POINT,100,100,RANDOM
truncation_20,0.5,80,463,46400,205.95048880577087,41215,41292.82,ONE_POINT,100,100,RANDOM
truncation_20,0.5,80,464,46500,206.38703274726868,41180,41248.24,ONE_POINT,100,100,RANDOM
truncation_20,0.5,80,465,46600,206.82053661346436,40753,41184.67,ONE_POINT,100,100,RANDOM
truncation_20,0.5,80,466,46700,207.24500274658203,40753,41130.57,ONE_POINT,100,100,RANDOM
truncation_20,0.5,80,467,46800,207.69084477424622,40738,41069.42,ONE_POINT,100,100,RANDOM
truncation_20,0.5,80,468,46900,208.13021159172058,40738,40964.09,ONE_POINT,100,100,RANDOM
truncation_20,0.5,80,469,47000,208.55897450447083,40707,40747.13,ONE_POINT,100,100,RANDOM
truncation_20,0.5,80,470,47100,208.99437737464905,40661,40727.61,ONE_POINT,100,100,RANDOM
truncation_20,0.5,80,471,47200,209.42608189582825,40612,40693.36,ONE_POINT,100,100,RANDOM
truncation_20,0.5,80,472,47300,209.87350797653198,40607,40653.79,ONE_POINT,100,100,RANDOM
truncation_20,0.5,80,473,47400,210.3065299987793,40574,40619.34,ONE_POINT,100,100,RANDOM
truncation_20,0.5,80,474,47500,210.73899459838867,40519,40592.49,ONE_POINT,100,100,RANDOM
truncation_20,0.5,80,475,47600,211.1667356491089,40519,40558.74,ONE_POINT,100,100,RANDOM
truncation_20,0.5,80,476,47700,211.59550619125366,40504,40533.73,ONE_POINT,100,100,RANDOM
truncation_20,0.5,80,477,47800,212.05631232261658,40465,40508.74,ONE_POINT,100,100,RANDOM
truncation_20,0.5,80,478,47900,212.4938132762909,40449,40479.64,ONE_POINT,100,100,RANDOM
truncation_20,0.5,80,479,48000,212.93046522140503,40411,40460.54,ONE_POINT,100,100,RANDOM
truncation_20,0.5,80,480,48100,213.36395049095154,40308,40447.03,ONE_POINT,100,100,RANDOM
truncation_20,0.5,80,481,48200,213.8083472251892,40308,40421.84,ONE_POINT,100,100,RANDOM
truncation_20,0.5,80,482,48300,214.24345874786377,40308,40395.22,ONE_POINT,100,100,RANDOM
truncation_20,0.5,80,483,48400,214.68299412727356,40308,40363.97,ONE_POINT,100,100,RANDOM
truncation_20,0.5,80,484,48500,215.11053586006165,40285,40337.86,ONE_POINT,100,100,RANDOM
truncation_20,0.5,80,485,48600,215.53920674324036,40229,40297.91,ONE_POINT,100,100,RANDOM
truncation_20,0.5,80,486,48700,215.97003149986267,40211,40272.75,ONE_POINT,100,100,RANDOM
truncation_20,0.5,80,487,48800,216.41910314559937,40148,40240.41,ONE_POINT,100,100,RANDOM
truncation_20,0.5,80,488,48900,216.87157034873962,40148,40212.32,ONE_POINT,100,100,RANDOM
truncation_20,0.5,80,489,49000,217.30545210838318,40038,40177.26,ONE_POINT,100,100,RANDOM
truncation_20,0.5,80,490,49100,217.73903822898865,40038,40146.24,ONE_POINT,100,100,RANDOM
truncation_20,0.5,80,491,49200,218.1757915019989,40018,40120.39,ONE_POINT,100,100,RANDOM
truncation_20,0.5,80,492,49300,218.6238250732422,39957,40056.01,ONE_POINT,100,100,RANDOM
truncation_20,0.5,80,493,49400,219.0551426410675,39912,39997.13,ONE_POINT,100,100,RANDOM
truncation_20,0.5,80,494,49500,219.4912543296814,39906,39956.05,ONE_POINT,100,100,RANDOM
truncation_20,0.5,80,495,49600,219.9235999584198,39889,39932.74,ONE_POINT,100,100,RANDOM
truncation_20,0.5,80,496,49700,220.34682989120483,39852,39894.81,ONE_POINT,100,100,RANDOM
truncation_20,0.5,80,497,49800,220.77995824813843,39801,39858.97,ONE_POINT,100,100,RANDOM
truncation_20,0.5,80,498,49900,221.22988557815552,39794,39833.14,ONE_POINT,100,100,RANDOM
truncation_20,0.5,80,499,50000,221.6704466342926,39765,39801.8,ONE_POINT,100,100,RANDOM
truncation_20,0.5,80,500,50100,222.089421749115,39727,39784.44,ONE_POINT,100,100,RANDOM
truncation_40,0.5,0,1,200,0.30918192863464355,134707,143433.61,ONE_POINT,100,100,RANDOM
truncation_40,0.5,0,2,300,0.7563803195953369,127781,138972.19,ONE_POINT,100,100,RANDOM
truncation_40,0.5,0,3,400,1.2068397998809814,121877,135412.88,ONE_POINT,100,100,RANDOM
truncation_40,0.5,0,4,500,1.634394884109497,121877,132142.62,ONE_POINT,100,100,RANDOM
truncation_40,0.5,0,5,600,2.0621907711029053,119996,128470.31,ONE_POINT,100,100,RANDOM
truncation_40,0.5,0,6,700,2.5859601497650146,119812,126136.72,ONE_POINT,100,100,RANDOM
truncation_40,0.5,0,7,800,3.0198073387145996,119812,123532.81,ONE_POINT,100,100,RANDOM
truncation_40,0.5,0,8,900,3.44374680519104,119464,121428.0,ONE_POINT,100,100,RANDOM
truncation_40,0.5,0,9,1000,3.8670918941497803,118718,120497.08,ONE_POINT,100,100,RANDOM
truncation_40,0.5,0,10,1100,4.292780637741089,116158,119921.26,ONE_POINT,100,100,RANDOM
truncation_40,0.5,0,11,1200,4.743869781494141,116158,119331.94,ONE_POINT,100,100,RANDOM
truncation_40,0.5,0,12,1300,5.18114161491394,111374,117886.21,ONE_POINT,100,100,RANDOM
truncation_40,0.5,0,13,1400,5.6200761795043945,111268,116022.17,ONE_POINT,100,100,RANDOM
truncation_40,0.5,0,14,1500,6.057499170303345,111090,114336.09,ONE_POINT,100,100,RANDOM
truncation_40,0.5,0,15,1600,6.4778523445129395,110176,112833.27,ONE_POINT,100,100,RANDOM
truncation_40,0.5,0,16,1700,6.926452398300171,109084,111476.32,ONE_POINT,100,100,RANDOM
truncation_40,0.5,0,17,1800,7.361077308654785,108519,110744.75,ONE_POINT,100,100,RANDOM
truncation_40,0.5,0,18,1900,7.795291900634766,107026,110082.28,ONE_POINT,100,100,RANDOM
truncation_40,0.5,0,19,2000,8.227298736572266,107026,109191.69,ONE_POINT,100,100,RANDOM
truncation_40,0.5,0,20,2100,8.654882669448853,106497,108423.49,ONE_POINT,100,100,RANDOM
truncation_40,0.5,0,21,2200,9.084044456481934,104862,107794.36,ONE_POINT,100,100,RANDOM
truncation_40,0.5,0,22,2300,9.517498016357422,104823,107194.51,ONE_POINT,100,100,RANDOM
truncation_40,0.5,0,23,2400,9.959572315216064,104823,106769.38,ONE_POINT,100,100,RANDOM
truncation_40,0.5,0,24,2500,10.394353866577148,104823,106354.58,ONE_POINT,100,100,RANDOM
truncation_40,0.5,0,25,2600,10.840384483337402,102889,105647.86,ONE_POINT,100,100,RANDOM
truncation_40,0.5,0,26,2700,11.277592658996582,102889,104909.88,ONE_POINT,100,100,RANDOM
truncation_40,0.5,0,27,2800,11.724561929702759,102466,104077.81,ONE_POINT,100,100,RANDOM
truncation_40,0.5,0,28,2900,12.145907640457153,102043,103281.23,ONE_POINT,100,100,RANDOM
truncation_40,0.5,0,29,3000,12.591870307922363,101666,102771.04,ONE_POINT,100,100,RANDOM
truncation_40,0.5,0,30,3100,13.027934551239014,101151,102507.71,ONE_POINT,100,100,RANDOM
truncation_40,0.5,0,31,3200,13.46908187866211,101018,102203.64,ONE_POINT,100,100,RANDOM
truncation_40,0.5,0,32,3300,13.91064715385437,99386,101757.68,ONE_POINT,100,100,RANDOM
truncation_40,0.5,0,33,3400,14.342911720275879,99386,101375.96,ONE_POINT,100,100,RANDOM
truncation_40,0.5,0,34,3500,14.762918949127197,99203,100915.47,ONE_POINT,100,100,RANDOM
truncation_40,0.5,0,35,3600,15.201391220092773,98966,100407.87,ONE_POINT,100,100,RANDOM
truncation_40,0.5,0,36,3700,15.631064891815186,97970,99816.75,ONE_POINT,100,100,RANDOM
truncation_40,0.5,0,37,3800,16.064659357070923,97435,99161.21,ONE_POINT,100,100,RANDOM
truncation_40,0.5,0,38,3900,16.503668546676636,96826,98630.35,ONE_POINT,100,100,RANDOM
truncation_40,0.5,0,39,4000,16.927285194396973,96826,98189.33,ONE_POINT,100,100,RANDOM
truncation_40,0.5,0,40,4100,17.358913898468018,96612,97751.03,ONE_POINT,100,100,RANDOM
truncation_40,0.5,0,41,4200,17.789804697036743,96081,97259.0,ONE_POINT,100,100,RANDOM
truncation_40,0.5,0,42,4300,18.220619440078735,96040,96901.19,ONE_POINT,100,100,RANDOM
truncation_40,0.5,0,43,4400,18.668453216552734,95961,96587.06,ONE_POINT,100,100,RANDOM
truncation_40,0.5,0,44,4500,19.102991342544556,94914,96250.4,ONE_POINT,100,100,RANDOM
truncation_40,0.5,0,45,4600,19.546039581298828,94625,95801.34,ONE_POINT,100,100,RANDOM
truncation_40,0.5,0,46,4700,19.973207712173462,94543,95324.69,ONE_POINT,100,100,RANDOM
truncation_40,0.5,0,47,4800,20.409469842910767,94124,94841.03,ONE_POINT,100,100,RANDOM
truncation_40,0.5,0,48,4900,20.839382886886597,92407,94437.68,ONE_POINT,100,100,RANDOM
truncation_40,0.5,0,49,5000,21.275532007217407,92407,94087.24,ONE_POINT,100,100,RANDOM
truncation_40,0.5,0,50,5100,21.718279600143433,92407,93838.72,ONE_POINT,100,100,RANDOM
truncation_40,0.5,0,51,5200,22.160789251327515,92270,93454.26,ONE_POINT,100,100,RANDOM
truncation_40,0.5,0,52,5300,22.59473490715027,92029,93164.34,ONE_POINT,100,100,RANDOM
truncation_40,0.5,0,53,5400,23.019295692443848,91088,92868.5,ONE_POINT,100,100,RANDOM
truncation_40,0.5,0,54,5500,23.45145845413208,91088,92558.83,ONE_POINT,100,100,RANDOM
truncation_40,0.5,0,55,5600,23.873241424560547,91088,92300.77,ONE_POINT,100,100,RANDOM
truncation_40,0.5,0,56,5700,24.29767394065857,90679,91947.39,ONE_POINT,100,100,RANDOM
truncation_40,0.5,0,57,5800,24.728379487991333,90679,91609.39,ONE_POINT,100,100,RANDOM
truncation_40,0.5,0,58,5900,25.164063215255737,90679,91432.56,ONE_POINT,100,100,RANDOM
truncation_40,0.5,0,59,6000,25.60802674293518,89801,91156.64,ONE_POINT,100,100,RANDOM
truncation_40,0.5,0,60,6100,26.038798093795776,89801,90831.19,ONE_POINT,100,100,RANDOM
truncation_40,0.5,0,61,6200,26.46094536781311,89481,90549.31,ONE_POINT,100,100,RANDOM
truncation_40,0.5,0,62,6300,26.910410404205322,88596,90107.46,ONE_POINT,100,100,RANDOM
truncation_40,0.5,0,63,6400,27.339160203933716,88596,89759.09,ONE_POINT,100,100,RANDOM
truncation_40,0.5,0,64,6500,27.7974374294281,88409,89479.48,ONE_POINT,100,100,RANDOM
truncation_40,0.5,0,65,6600,28.223632335662842,88222,89180.26,ONE_POINT,100,100,RANDOM
truncation_40,0.5,0,66,6700,28.66534161567688,87827,88771.67,ONE_POINT,100,100,RANDOM
truncation_40,0.5,0,67,6800,29.109524250030518,87368,88435.53,ONE_POINT,100,100,RANDOM
truncation_40,0.5,0,68,6900,29.538866996765137,87116,88134.21,ONE_POINT,100,100,RANDOM
truncation_40,0.5,0,69,7000,30.012154817581177,86971,87733.43,ONE_POINT,100,100,RANDOM
truncation_40,0.5,0,70,7100,30.447157859802246,86570,87390.2,ONE_POINT,100,100,RANDOM
truncation_40,0.5,0,71,7200,30.881916522979736,86263,87070.2,ONE_POINT,100,100,RANDOM
truncation_40,0.5,0,72,7300,31.322618007659912,85810,86839.81,ONE_POINT,100,100,RANDOM
truncation_40,0.5,0,73,7400,31.783283710479736,85772,86656.91,ONE_POINT,100,100,RANDOM
truncation_40,0.5,0,74,7500,32.227258920669556,85772,86442.15,ONE_POINT,100,100,RANDOM
truncation_40,0.5,0,75,7600,32.64837884902954,85765,86191.26,ONE_POINT,100,100,RANDOM
truncation_40,0.5,0,76,7700,33.075512647628784,85444,85965.18,ONE_POINT,100,100,RANDOM
truncation_40,0.5,0,77,7800,33.51442003250122,84930,85754.59,ONE_POINT,100,100,RANDOM
truncation_40,0.5,0,78,7900,33.96178865432739,84696,85494.96,ONE_POINT,100,100,RANDOM
truncation_40,0.5,0,79,8000,34.395299434661865,84696,85262.08,ONE_POINT,100,100,RANDOM
truncation_40,0.5,0,80,8100,34.84720206260681,84283,85019.51,ONE_POINT,100,100,RANDOM
truncation_40,0.5,0,81,8200,35.28779911994934,84189,84771.31,ONE_POINT,100,100,RANDOM
truncation_40,0.5,0,82,8300,35.7265944480896,83869,84536.46,ONE_POINT,100,100,RANDOM
truncation_40,0.5,0,83,8400,36.16355490684509,83512,84253.66,ONE_POINT,100,100,RANDOM
truncation_40,0.5,0,84,8500,36.59224724769592,83509,84103.2,ONE_POINT,100,100,RANDOM
truncation_40,0.5,0,85,8600,37.01898956298828,83284,83893.0,ONE_POINT,100,100,RANDOM
truncation_40,0.5,0,86,8700,37.44892621040344,82767,83637.14,ONE_POINT,100,100,RANDOM
truncation_40,0.5,0,87,8800,37.89553785324097,82518,83402.77,ONE_POINT,100,100,RANDOM
truncation_40,0.5,0,88,8900,38.33078575134277,81554,83132.66,ONE_POINT,100,100,RANDOM
truncation_40,0.5,0,89,9000,38.755584955215454,81129,82865.72,ONE_POINT,100,100,RANDOM
truncation_40,0.5,0,90,9100,39.188520193099976,80772,82524.95,ONE_POINT,100,100,RANDOM
truncation_40,0.5,0,91,9200,39.61462473869324,80772,82068.43,ONE_POINT,100,100,RANDOM
truncation_40,0.5,0,92,9300,40.069761753082275,80759,81631.91,ONE_POINT,100,100,RANDOM
truncation_40,0.5,0,93,9400,40.509528398513794,80711,81311.48,ONE_POINT,100,100,RANDOM
truncation_40,0.5,0,94,9500,40.929945945739746,80372,81056.35,ONE_POINT,100,100,RANDOM
truncation_40,0.5,0,95,9600,41.358261823654175,80064,80746.61,ONE_POINT,100,100,RANDOM
truncation_40,0.5,0,96,9700,41.79012060165405,79781,80486.28,ONE_POINT,100,100,RANDOM
truncation_40,0.5,0,97,9800,42.24796795845032,79491,80241.18,ONE_POINT,100,100,RANDOM
truncation_40,0.5,0,98,9900,42.68404459953308,79491,80005.75,ONE_POINT,100,100,RANDOM
truncation_40,0.5,0,99,10000,43.11492133140564,79098,79801.63,ONE_POINT,100,100,RANDOM
truncation_40,0.5,0,100,10100,43.54572010040283,79098,79543.36,ONE_POINT,100,100,RANDOM
truncation_40,0.5,0,101,10200,43.99032378196716,78753,79425.63,ONE_POINT,100,100,RANDOM
truncation_40,0.5,0,102,10300,44.4585382938385,78638,79316.82,ONE_POINT,100,100,RANDOM
truncation_40,0.5,0,103,10400,44.89663505554199,78638,79156.35,ONE_POINT,100,100,RANDOM
truncation_40,0.5,0,104,10500,45.328683614730835,78512,78944.69,ONE_POINT,100,100,RANDOM
truncation_40,0.5,0,105,10600,45.771047830581665,78150,78741.21,ONE_POINT,100,100,RANDOM
truncation_40,0.5,0,106,10700,46.201404094696045,78082,78593.12,ONE_POINT,100,100,RANDOM
truncation_40,0.5,0,107,10800,46.66338324546814,77980,78379.69,ONE_POINT,100,100,RANDOM
truncation_40,0.5,0,108,10900,47.09105110168457,77725,78219.87,ONE_POINT,100,100,RANDOM
truncation_40,0.5,0,109,11000,47.524908781051636,77592,78058.91,ONE_POINT,100,100,RANDOM
truncation_40,0.5,0,110,11100,47.951760053634644,77001,77827.24,ONE_POINT,100,100,RANDOM
truncation_40,0.5,0,111,11200,48.38130450248718,77001,77640.26,ONE_POINT,100,100,RANDOM
truncation_40,0.5,0,112,11300,48.83971691131592,76855,77448.15,ONE_POINT,100,100,RANDOM
truncation_40,0.5,0,113,11400,49.282394886016846,76540,77242.43,ONE_POINT,100,100,RANDOM
truncation_40,0.5,0,114,11500,49.7108359336853,76425,77073.04,ONE_POINT,100,100,RANDOM
truncation_40,0.5,0,115,11600,50.147013425827026,76415,76841.12,ONE_POINT,100,100,RANDOM
truncation_40,0.5,0,116,11700,50.60168194770813,76232,76661.22,ONE_POINT,100,100,RANDOM
truncation_40,0.5,0,117,11800,51.04817581176758,76022,76512.35,ONE_POINT,100,100,RANDOM
truncation_40,0.5,0,118,11900,51.48124384880066,75606,76368.29,ONE_POINT,100,100,RANDOM
truncation_40,0.5,0,119,12000,51.92758917808533,75606,76177.51,ONE_POINT,100,100,RANDOM
truncation_40,0.5,0,120,12100,52.357287883758545,75532,76002.88,ONE_POINT,100,100,RANDOM
truncation_40,0.5,0,121,12200,52.798720598220825,75274,75833.14,ONE_POINT,100,100,RANDOM
truncation_40,0.5,0,122,12300,53.24024152755737,75114,75675.67,ONE_POINT,100,100,RANDOM
truncation_40,0.5,0,123,12400,53.67220497131348,74991,75490.24,ONE_POINT,100,100,RANDOM
truncation_40,0.5,0,124,12500,54.101651668548584,74872,75356.99,ONE_POINT,100,100,RANDOM
truncation_40,0.5,0,125,12600,54.52691078186035,74724,75147.78,ONE_POINT,100,100,RANDOM
truncation_40,0.5,0,126,12700,54.98677611351013,74478,75009.51,ONE_POINT,100,100,RANDOM
truncation_40,0.5,0,127,12800,55.42629885673523,74326,74891.95,ONE_POINT,100,100,RANDOM
truncation_40,0.5,0,128,12900,55.85971927642822,74326,74835.54,ONE_POINT,100,100,RANDOM
truncation_40,0.5,0,129,13000,56.29072093963623,74326,74718.57,ONE_POINT,100,100,RANDOM
truncation_40,0.5,0,130,13100,56.72350025177002,74000,74612.85,ONE_POINT,100,100,RANDOM
truncation_40,0.5,0,131,13200,57.16556358337402,73685,74446.62,ONE_POINT,100,100,RANDOM
truncation_40,0.5,0,132,13300,57.59965109825134,73595,74268.56,ONE_POINT,100,100,RANDOM
truncation_40,0.5,0,133,13400,58.03263235092163,72887,74119.12,ONE_POINT,100,100,RANDOM
truncation_40,0.5,0,134,13500,58.45706057548523,72815,73945.32,ONE_POINT,100,100,RANDOM
truncation_40,0.5,0,135,13600,58.88745665550232,72668,73718.27,ONE_POINT,100,100,RANDOM
truncation_40,0.5,0,136,13700,59.32042217254639,72513,73443.36,ONE_POINT,100,100,RANDOM
truncation_40,0.5,0,137,13800,59.74544334411621,72513,73054.43,ONE_POINT,100,100,RANDOM
truncation_40,0.5,0,138,13900,60.180222272872925,72438,72746.19,ONE_POINT,100,100,RANDOM
truncation_40,0.5,0,139,14000,60.60663723945618,72214,72580.32,ONE_POINT,100,100,RANDOM
truncation_40,0.5,0,140,14100,61.04880237579346,72064,72460.41,ONE_POINT,100,100,RANDOM
truncation_40,0.5,0,141,14200,61.494457483291626,72037,72335.82,ONE_POINT,100,100,RANDOM
truncation_40,0.5,0,142,14300,61.94260120391846,71921,72177.35,ONE_POINT,100,100,RANDOM
truncation_40,0.5,0,143,14400,62.37981200218201,71607,72038.39,ONE_POINT,100,100,RANDOM
truncation_40,0.5,0,144,14500,62.82142734527588,71549,71929.42,ONE_POINT,100,100,RANDOM
truncation_40,0.5,0,145,14600,63.30611324310303,71549,71791.14,ONE_POINT,100,100,RANDOM
truncation_40,0.5,0,146,14700,63.72940421104431,71492,71676.49,ONE_POINT,100,100,RANDOM
truncation_40,0.5,0,147,14800,64.19700884819031,71324,71589.38,ONE_POINT,100,100,RANDOM
truncation_40,0.5,0,148,14900,64.6315336227417,71324,71522.25,ONE_POINT,100,100,RANDOM
truncation_40,0.5,0,149,15000,65.06305646896362,70819,71447.55,ONE_POINT,100,100,RANDOM
truncation_40,0.5,0,150,15100,65.4935576915741,70819,71355.81,ONE_POINT,100,100,RANDOM
truncation_40,0.5,0,151,15200,65.91844773292542,70819,71257.25,ONE_POINT,100,100,RANDOM
truncation_40,0.5,0,152,15300,66.36166143417358,70780,71151.94,ONE_POINT,100,100,RANDOM
truncation_40,0.5,0,153,15400,66.79593801498413,70772,71070.18,ONE_POINT,100,100,RANDOM
truncation_40,0.5,0,154,15500,67.23104763031006,70615,70941.65,ONE_POINT,100,100,RANDOM
truncation_40,0.5,0,155,15600,67.66292333602905,70577,70812.13,ONE_POINT,100,100,RANDOM
truncation_40,0.5,0,156,15700,68.10157108306885,70053,70687.88,ONE_POINT,100,100,RANDOM
truncation_40,0.5,0,157,15800,68.52936863899231,69851,70540.49,ONE_POINT,100,100,RANDOM
truncation_40,0.5,0,158,15900,68.97411346435547,69783,70357.68,ONE_POINT,100,100,RANDOM
truncation_40,0.5,0,159,16000,69.41248512268066,69697,70170.58,ONE_POINT,100,100,RANDOM
truncation_40,0.5,0,160,16100,69.84779477119446,69547,70027.89,ONE_POINT,100,100,RANDOM
truncation_40,0.5,0,161,16200,70.28080916404724,69129,69829.59,ONE_POINT,100,100,RANDOM
truncation_40,0.5,0,162,16300,70.70772004127502,69120,69693.44,ONE_POINT,100,100,RANDOM
truncation_40,0.5,0,163,16400,71.14660096168518,69078,69552.5,ONE_POINT,100,100,RANDOM
truncation_40,0.5,0,164,16500,71.58000946044922,68992,69424.84,ONE_POINT,100,100,RANDOM
truncation_40,0.5,0,165,16600,72.01896476745605,68799,69249.2,ONE_POINT,100,100,RANDOM
truncation_40,0.5,0,166,16700,72.46681046485901,68700,69060.77,ONE_POINT,100,100,RANDOM
truncation_40,0.5,0,167,16800,72.89827585220337,68332,68914.77,ONE_POINT,100,100,RANDOM
truncation_40,0.5,0,168,16900,73.34388542175293,68332,68759.71,ONE_POINT,100,100,RANDOM
truncation_40,0.5,0,169,17000,73.80880284309387,68280,68643.06,ONE_POINT,100,100,RANDOM
truncation_40,0.5,0,170,17100,74.23995804786682,68159,68557.29,ONE_POINT,100,100,RANDOM
truncation_40,0.5,0,171,17200,74.66177368164062,67925,68419.27,ONE_POINT,100,100,RANDOM
truncation_40,0.5,0,172,17300,75.09370064735413,67925,68291.08,ONE_POINT,100,100,RANDOM
truncation_40,0.5,0,173,17400,75.53242588043213,67756,68127.65,ONE_POINT,100,100,RANDOM
truncation_40,0.5,0,174,17500,75.97408246994019,67722,67979.24,ONE_POINT,100,100,RANDOM
truncation_40,0.5,0,175,17600,76.39437055587769,67700,67877.54,ONE_POINT,100,100,RANDOM
truncation_40,0.5,0,176,17700,76.81771421432495,67519,67810.03,ONE_POINT,100,100,RANDOM
truncation_40,0.5,0,177,17800,77.24419569969177,67491,67745.72,ONE_POINT,100,100,RANDOM
truncation_40,0.5,0,178,17900,77.68040776252747,67405,67700.15,ONE_POINT,100,100,RANDOM
truncation_40,0.5,0,179,18000,78.13082575798035,67244,67617.95,ONE_POINT,100,100,RANDOM
truncation_40,0.5,0,180,18100,78.56158828735352,67028,67489.08,ONE_POINT,100,100,RANDOM
truncation_40,0.5,0,181,18200,79.00306534767151,66696,67344.35,ONE_POINT,100,100,RANDOM
truncation_40,0.5,0,182,18300,79.43482685089111,66696,67209.21,ONE_POINT,100,100,RANDOM
truncation_40,0.5,0,183,18400,79.9211208820343,66696,67069.0,ONE_POINT,100,100,RANDOM
truncation_40,0.5,0,184,18500,80.38275790214539,66509,66872.37,ONE_POINT,100,100,RANDOM
truncation_40,0.5,0,185,18600,80.8346471786499,66027,66744.1,ONE_POINT,100,100,RANDOM
truncation_40,0.5,0,186,18700,81.26852345466614,66010,66586.13,ONE_POINT,100,100,RANDOM
truncation_40,0.5,0,187,18800,81.69872403144836,66002,66469.94,ONE_POINT,100,100,RANDOM
truncation_40,0.5,0,188,18900,82.17194128036499,65778,66330.07,ONE_POINT,100,100,RANDOM
truncation_40,0.5,0,189,19000,82.62268471717834,65723,66187.66,ONE_POINT,100,100,RANDOM
truncation_40,0.5,0,190,19100,83.06954574584961,65723,66036.45,ONE_POINT,100,100,RANDOM
truncation_40,0.5,0,191,19200,83.50283193588257,65617,65911.96,ONE_POINT,100,100,RANDOM
truncation_40,0.5,0,192,19300,83.9450216293335,65351,65822.34,ONE_POINT,100,100,RANDOM
truncation_40,0.5,0,193,19400,84.39367198944092,65201,65758.74,ONE_POINT,100,100,RANDOM
truncation_40,0.5,0,194,19500,84.82550811767578,65116,65644.84,ONE_POINT,100,100,RANDOM
truncation_40,0.5,0,195,19600,85.26562857627869,65068,65512.52,ONE_POINT,100,100,RANDOM
truncation_40,0.5,0,196,19700,85.68970680236816,64750,65364.72,ONE_POINT,100,100,RANDOM
truncation_40,0.5,0,197,19800,86.1249635219574,64728,65216.74,ONE_POINT,100,100,RANDOM
truncation_40,0.5,0,198,19900,86.56292080879211,64603,65114.56,ONE_POINT,100,100,RANDOM
truncation_40,0.5,0,199,20000,86.99165678024292,64521,64952.57,ONE_POINT,100,100,RANDOM
truncation_40,0.5,0,200,20100,87.40962147712708,64419,64820.08,ONE_POINT,100,100,RANDOM
truncation_40,0.5,0,201,20200,87.86664581298828,64247,64649.02,ONE_POINT,100,100,RANDOM
truncation_40,0.5,0,202,20300,88.30665421485901,64195,64544.57,ONE_POINT,100,100,RANDOM
truncation_40,0.5,0,203,20400,88.75365018844604,64195,64434.38,ONE_POINT,100,100,RANDOM
truncation_40,0.5,0,204,20500,89.19772124290466,64015,64321.39,ONE_POINT,100,100,RANDOM
truncation_40,0.5,0,205,20600,89.6240918636322,63911,64209.06,ONE_POINT,100,100,RANDOM
truncation_40,0.5,0,206,20700,90.06360983848572,63769,64102.86,ONE_POINT,100,100,RANDOM
truncation_40,0.5,0,207,20800,90.50386810302734,63673,63969.52,ONE_POINT,100,100,RANDOM
truncation_40,0.5,0,208,20900,90.95290899276733,63659,63862.94,ONE_POINT,100,100,RANDOM
truncation_40,0.5,0,209,21000,91.40253353118896,63447,63773.84,ONE_POINT,100,100,RANDOM
truncation_40,0.5,0,210,21100,91.83942699432373,63311,63663.15,ONE_POINT,100,100,RANDOM
truncation_40,0.5,0,211,21200,92.27342987060547,62920,63554.98,ONE_POINT,100,100,RANDOM
truncation_40,0.5,0,212,21300,92.71815466880798,62920,63456.42,ONE_POINT,100,100,RANDOM
truncation_40,0.5,0,213,21400,93.16357159614563,62920,63351.39,ONE_POINT,100,100,RANDOM
truncation_40,0.5,0,214,21500,93.58778238296509,62920,63211.13,ONE_POINT,100,100,RANDOM
truncation_40,0.5,0,215,21600,94.01990032196045,62843,63113.83,ONE_POINT,100,100,RANDOM
truncation_40,0.5,0,216,21700,94.45269894599915,62779,63041.11,ONE_POINT,100,100,RANDOM
truncation_40,0.5,0,217,21800,94.88667750358582,62672,62945.85,ONE_POINT,100,100,RANDOM
truncation_40,0.5,0,218,21900,95.32204532623291,62552,62862.95,ONE_POINT,100,100,RANDOM
truncation_40,0.5,0,219,22000,95.74723386764526,62394,62767.64,ONE_POINT,100,100,RANDOM
truncation_40,0.5,0,220,22100,96.16907358169556,62301,62666.68,ONE_POINT,100,100,RANDOM
truncation_40,0.5,0,221,22200,96.60169863700867,62186,62614.86,ONE_POINT,100,100,RANDOM
truncation_40,0.5,0,222,22300,97.04146814346313,62146,62502.37,ONE_POINT,100,100,RANDOM
truncation_40,0.5,0,223,22400,97.5040237903595,61957,62353.78,ONE_POINT,100,100,RANDOM
truncation_40,0.5,0,224,22500,97.91885495185852,61957,62217.31,ONE_POINT,100,100,RANDOM
truncation_40,0.5,0,225,22600,98.34990859031677,61507,62093.33,ONE_POINT,100,100,RANDOM
truncation_40,0.5,0,226,22700,98.80244779586792,61507,61963.89,ONE_POINT,100,100,RANDOM
truncation_40,0.5,0,227,22800,99.23337030410767,61439,61819.93,ONE_POINT,100,100,RANDOM
truncation_40,0.5,0,228,22900,99.68540287017822,61435,61668.53,ONE_POINT,100,100,RANDOM
truncation_40,0.5,0,229,23000,100.13100242614746,61232,61523.56,ONE_POINT,100,100,RANDOM
truncation_40,0.5,0,230,23100,100.55406761169434,61202,61463.62,ONE_POINT,100,100,RANDOM
truncation_40,0.5,0,231,23200,100.9987633228302,61076,61401.35,ONE_POINT,100,100,RANDOM
truncation_40,0.5,0,232,23300,101.42979907989502,61037,61333.53,ONE_POINT,100,100,RANDOM
truncation_40,0.5,0,233,23400,101.88284850120544,60955,61217.25,ONE_POINT,100,100,RANDOM
truncation_40,0.5,0,234,23500,102.31830477714539,60912,61131.59,ONE_POINT,100,100,RANDOM
truncation_40,0.5,0,235,23600,102.74762916564941,60904,61068.45,ONE_POINT,100,100,RANDOM
truncation_40,0.5,0,236,23700,103.21414351463318,60530,60999.33,ONE_POINT,100,100,RANDOM
truncation_40,0.5,0,237,23800,103.64655256271362,60399,60955.17,ONE_POINT,100,100,RANDOM
truncation_40,0.5,0,238,23900,104.09177327156067,60276,60871.87,ONE_POINT,100,100,RANDOM
truncation_40,0.5,0,239,24000,104.51749968528748,60276,60751.53,ONE_POINT,100,100,RANDOM
truncation_40,0.5,0,240,24100,104.95089673995972,60276,60615.33,ONE_POINT,100,100,RANDOM
truncation_40,0.5,0,241,24200,105.38179922103882,60075,60449.36,ONE_POINT,100,100,RANDOM
truncation_40,0.5,0,242,24300,105.81925630569458,59773,60315.23,ONE_POINT,100,100,RANDOM
truncation_40,0.5,0,243,24400,106.2565176486969,59773,60176.09,ONE_POINT,100,100,RANDOM
truncation_40,0.5,0,244,24500,106.6862256526947,59594,60015.88,ONE_POINT,100,100,RANDOM
truncation_40,0.5,0,245,24600,107.12232732772827,59594,59878.63,ONE_POINT,100,100,RANDOM
truncation_40,0.5,0,246,24700,107.54741048812866,59406,59743.78,ONE_POINT,100,100,RANDOM
truncation_40,0.5,0,247,24800,107.98038125038147,59019,59595.36,ONE_POINT,100,100,RANDOM
truncation_40,0.5,0,248,24900,108.44007444381714,59019,59420.89,ONE_POINT,100,100,RANDOM
truncation_40,0.5,0,249,25000,108.8910140991211,58811,59302.18,ONE_POINT,100,100,RANDOM
truncation_40,0.5,0,250,25100,109.33133506774902,58717,59175.32,ONE_POINT,100,100,RANDOM
truncation_40,0.5,0,251,25200,109.77142930030823,58717,59038.23,ONE_POINT,100,100,RANDOM
truncation_40,0.5,0,252,25300,110.20315504074097,58536,58890.99,ONE_POINT,100,100,RANDOM
truncation_40,0.5,0,253,25400,110.64709162712097,58096,58756.73,ONE_POINT,100,100,RANDOM
truncation_40,0.5,0,254,25500,111.08142113685608,58096,58616.24,ONE_POINT,100,100,RANDOM
truncation_40,0.5,0,255,25600,111.51875734329224,58024,58473.98,ONE_POINT,100,100,RANDOM
truncation_40,0.5,0,256,25700,111.97368311882019,57926,58348.82,ONE_POINT,100,100,RANDOM
truncation_40,0.5,0,257,25800,112.3999936580658,57926,58246.37,ONE_POINT,100,100,RANDOM
truncation_40,0.5,0,258,25900,112.85112929344177,57614,58118.74,ONE_POINT,100,100,RANDOM
truncation_40,0.5,0,259,26000,113.28700661659241,57614,58021.86,ONE_POINT,100,100,RANDOM
truncation_40,0.5,0,260,26100,113.73051977157593,57492,57908.93,ONE_POINT,100,100,RANDOM
truncation_40,0.5,0,261,26200,114.16005253791809,57442,57830.73,ONE_POINT,100,100,RANDOM
truncation_40,0.5,0,262,26300,114.58741569519043,57379,57685.76,ONE_POINT,100,100,RANDOM
truncation_40,0.5,0,263,26400,115.02559685707092,57072,57514.84,ONE_POINT,100,100,RANDOM
truncation_40,0.5,0,264,26500,115.45764899253845,57032,57373.8,ONE_POINT,100,100,RANDOM
truncation_40,0.5,0,265,26600,115.8974838256836,56834,57252.92,ONE_POINT,100,100,RANDOM
truncation_40,0.5,0,266,26700,116.32583498954773,56834,57139.35,ONE_POINT,100,100,RANDOM
truncation_40,0.5,0,267,26800,116.76337718963623,56700,57055.57,ONE_POINT,100,100,RANDOM
truncation_40,0.5,0,268,26900,117.19910979270935,56700,57010.44,ONE_POINT,100,100,RANDOM
truncation_40,0.5,0,269,27000,117.64765644073486,56569,56946.29,ONE_POINT,100,100,RANDOM
truncation_40,0.5,0,270,27100,118.08169960975647,56525,56872.7,ONE_POINT,100,100,RANDOM
truncation_40,0.5,0,271,27200,118.51444292068481,56390,56797.23,ONE_POINT,100,100,RANDOM
truncation_40,0.5,0,272,27300,118.94187307357788,56390,56714.15,ONE_POINT,100,100,RANDOM
truncation_40,0.5,0,273,27400,119.38373136520386,56316,56641.74,ONE_POINT,100,100,RANDOM
truncation_40,0.5,0,274,27500,119.82960963249207,56246,56548.99,ONE_POINT,100,100,RANDOM
truncation_40,0.5,0,275,27600,120.27118563652039,56152,56417.46,ONE_POINT,100,100,RANDOM
truncation_40,0.5,0,276,27700,120.70200943946838,56087,56313.64,ONE_POINT,100,100,RANDOM
truncation_40,0.5,0,277,27800,121.13331866264343,55933,56236.41,ONE_POINT,100,100,RANDOM
truncation_40,0.5,0,278,27900,121.5714168548584,55613,56140.22,ONE_POINT,100,100,RANDOM
truncation_40,0.5,0,279,28000,122.0174605846405,55613,56056.07,ONE_POINT,100,100,RANDOM
truncation_40,0.5,0,280,28100,122.44581198692322,55613,55985.04,ONE_POINT,100,100,RANDOM
truncation_40,0.5,0,281,28200,122.9110414981842,55557,55903.4,ONE_POINT,100,100,RANDOM
truncation_40,0.5,0,282,28300,123.35009336471558,55430,55806.31,ONE_POINT,100,100,RANDOM
truncation_40,0.5,0,283,28400,123.79182624816895,55144,55693.87,ONE_POINT,100,100,RANDOM
truncation_40,0.5,0,284,28500,124.22843599319458,55144,55590.24,ONE_POINT,100,100,RANDOM
truncation_40,0.5,0,285,28600,124.66282081604004,54781,55477.61,ONE_POINT,100,100,RANDOM
truncation_40,0.5,0,286,28700,125.09701609611511,54781,55335.15,ONE_POINT,100,100,RANDOM
truncation_40,0.5,0,287,28800,125.53118991851807,54781,55221.98,ONE_POINT,100,100,RANDOM
truncation_40,0.5,0,288,28900,125.96726775169373,54726,55085.85,ONE_POINT,100,100,RANDOM
truncation_40,0.5,0,289,29000,126.40274357795715,54502,54998.88,ONE_POINT,100,100,RANDOM
truncation_40,0.5,0,290,29100,126.834547996521,54502,54910.61,ONE_POINT,100,100,RANDOM
truncation_40,0.5,0,291,29200,127.27111196517944,54502,54818.37,ONE_POINT,100,100,RANDOM
truncation_40,0.5,0,292,29300,127.69485235214233,54502,54747.67,ONE_POINT,100,100,RANDOM
truncation_40,0.5,0,293,29400,128.1569595336914,54445,54700.15,ONE_POINT,100,100,RANDOM
truncation_40,0.5,0,294,29500,128.6131763458252,54429,54655.39,ONE_POINT,100,100,RANDOM
truncation_40,0.5,0,295,29600,129.03925037384033,54429,54602.85,ONE_POINT,100,100,RANDOM
truncation_40,0.5,0,296,29700,129.4693579673767,54400,54553.66,ONE_POINT,100,100,RANDOM
truncation_40,0.5,0,297,29800,129.90528535842896,54383,54499.97,ONE_POINT,100,100,RANDOM
truncation_40,0.5,0,298,29900,130.36751794815063,54278,54471.85,ONE_POINT,100,100,RANDOM
truncation_40,0.5,0,299,30000,130.79542112350464,54278,54426.33,ONE_POINT,100,100,RANDOM
truncation_40,0.5,0,300,30100,131.2305805683136,54278,54400.77,ONE_POINT,100,100,RANDOM
truncation_40,0.5,0,301,30200,131.6692898273468,54207,54369.17,ONE_POINT,100,100,RANDOM
truncation_40,0.5,0,302,30300,132.09936118125916,54116,54339.39,ONE_POINT,100,100,RANDOM
truncation_40,0.5,0,303,30400,132.53814125061035,54011,54295.56,ONE_POINT,100,100,RANDOM
truncation_40,0.5,0,304,30500,132.96550393104553,54011,54235.03,ONE_POINT,100,100,RANDOM
truncation_40,0.5,0,305,30600,133.40560793876648,53884,54174.39,ONE_POINT,100,100,RANDOM
truncation_40,0.5,0,306,30700,133.84214806556702,53884,54112.15,ONE_POINT,100,100,RANDOM
truncation_40,0.5,0,307,30800,134.28868126869202,53884,54063.0,ONE_POINT,100,100,RANDOM
truncation_40,0.5,0,308,30900,134.74080657958984,53818,53982.41,ONE_POINT,100,100,RANDOM
truncation_40,0.5,0,309,31000,135.1791226863861,53677,53918.68,ONE_POINT,100,100,RANDOM
truncation_40,0.5,0,310,31100,135.6113817691803,53676,53880.21,ONE_POINT,100,100,RANDOM
truncation_40,0.5,0,311,31200,136.0344066619873,53597,53832.73,ONE_POINT,100,100,RANDOM
truncation_40,0.5,0,312,31300,136.4658818244934,53477,53756.79,ONE_POINT,100,100,RANDOM
truncation_40,0.5,0,313,31400,136.90516304969788,53407,53696.34,ONE_POINT,100,100,RANDOM
truncation_40,0.5,0,314,31500,137.33562874794006,53399,53612.0,ONE_POINT,100,100,RANDOM
truncation_40,0.5,0,315,31600,137.76279258728027,53399,53557.26,ONE_POINT,100,100,RANDOM
truncation_40,0.5,0,316,31700,138.20270586013794,53255,53499.66,ONE_POINT,100,100,RANDOM
truncation_40,0.5,0,317,31800,138.64577102661133,53186,53448.24,ONE_POINT,100,100,RANDOM
truncation_40,0.5,0,318,31900,139.10065865516663,52981,53397.03,ONE_POINT,100,100,RANDOM
truncation_40,0.5,0,319,32000,139.54281735420227,52920,53308.8,ONE_POINT,100,100,RANDOM
truncation_40,0.5,0,320,32100,139.9726161956787,52920,53246.64,ONE_POINT,100,100,RANDOM
truncation_40,0.5,0,321,32200,140.39975929260254,52907,53179.28,ONE_POINT,100,100,RANDOM
truncation_40,0.5,0,322,32300,140.85118532180786,52748,53143.78,ONE_POINT,100,100,RANDOM
truncation_40,0.5,0,323,32400,141.29859352111816,52748,53117.1,ONE_POINT,100,100,RANDOM
truncation_40,0.5,0,324,32500,141.73863458633423,52748,53073.5,ONE_POINT,100,100,RANDOM
truncation_40,0.5,0,325,32600,142.1654839515686,52748,53028.11,ONE_POINT,100,100,RANDOM
truncation_40,0.5,0,326,32700,142.60089015960693,52748,52983.05,ONE_POINT,100,100,RANDOM
truncation_40,0.5,0,327,32800,143.04348587989807,52680,52945.92,ONE_POINT,100,100,RANDOM
truncation_40,0.5,0,328,32900,143.4870684146881,52680,52901.95,ONE_POINT,100,100,RANDOM
truncation_40,0.5,0,329,33000,143.9144253730774,52680,52858.1,ONE_POINT,100,100,RANDOM
truncation_40,0.5,0,330,33100,144.34680247306824,52413,52789.68,ONE_POINT,100,100,RANDOM
truncation_40,0.5,0,331,33200,144.7853503227234,52350,52727.85,ONE_POINT,100,100,RANDOM
truncation_40,0.5,0,332,33300,145.23979306221008,52350,52657.88,ONE_POINT,100,100,RANDOM
truncation_40,0.5,0,333,33400,145.69090938568115,52350,52587.59,ONE_POINT,100,100,RANDOM
truncation_40,0.5,0,334,33500,146.1231324672699,52318,52504.09,ONE_POINT,100,100,RANDOM
truncation_40,0.5,0,335,33600,146.55247378349304,52284,52413.67,ONE_POINT,100,100,RANDOM
truncation_40,0.5,0,336,33700,146.98784565925598,52160,52347.14,ONE_POINT,100,100,RANDOM
truncation_40,0.5,0,337,33800,147.415780544281,52160,52317.54,ONE_POINT,100,100,RANDOM
truncation_40,0.5,0,338,33900,147.86043858528137,52140,52277.75,ONE_POINT,100,100,RANDOM
truncation_40,0.5,0,339,34000,148.30363249778748,52119,52243.05,ONE_POINT,100,100,RANDOM
truncation_40,0.5,0,340,34100,148.73319721221924,52110,52203.98,ONE_POINT,100,100,RANDOM
truncation_40,0.5,0,341,34200,149.1834523677826,51989,52153.77,ONE_POINT,100,100,RANDOM
truncation_40,0.5,0,342,34300,149.61797070503235,51893,52114.36,ONE_POINT,100,100,RANDOM
truncation_40,0.5,0,343,34400,150.05905413627625,51893,52068.19,ONE_POINT,100,100,RANDOM
truncation_40,0.5,0,344,34500,150.4886918067932,51893,52037.87,ONE_POINT,100,100,RANDOM
truncation_40,0.5,0,345,34600,150.93203139305115,51860,52007.96,ONE_POINT,100,100,RANDOM
truncation_40,0.5,0,346,34700,151.3791618347168,51850,51956.5,ONE_POINT,100,100,RANDOM
truncation_40,0.5,0,347,34800,151.81123113632202,51813,51908.75,ONE_POINT,100,100,RANDOM
truncation_40,0.5,0,348,34900,152.2537899017334,51733,51874.54,ONE_POINT,100,100,RANDOM
truncation_40,0.5,0,349,35000,152.6860008239746,51691,51843.59,ONE_POINT,100,100,RANDOM
truncation_40,0.5,0,350,35100,153.12294602394104,51691,51803.36,ONE_POINT,100,100,RANDOM
truncation_40,0.5,0,351,35200,153.5793538093567,51574,51755.9,ONE_POINT,100,100,RANDOM
truncation_40,0.5,0,352,35300,154.01353287696838,51507,51717.7,ONE_POINT,100,100,RANDOM
truncation_40,0.5,0,353,35400,154.4541003704071,51507,51679.91,ONE_POINT,100,100,RANDOM
truncation_40,0.5,0,354,35500,154.88966345787048,51458,51624.31,ONE_POINT,100,100,RANDOM
truncation_40,0.5,0,355,35600,155.32509207725525,51458,51584.12,ONE_POINT,100,100,RANDOM
truncation_40,0.5,0,356,35700,155.76639914512634,51337,51536.54,ONE_POINT,100,100,RANDOM
truncation_40,0.5,0,357,35800,156.19518184661865,51303,51500.87,ONE_POINT,100,100,RANDOM
truncation_40,0.5,0,358,35900,156.64964866638184,51287,51441.27,ONE_POINT,100,100,RANDOM
truncation_40,0.5,0,359,36000,157.07950949668884,51177,51387.2,ONE_POINT,100,100,RANDOM
truncation_40,0.5,0,360,36100,157.52384519577026,51177,51341.08,ONE_POINT,100,100,RANDOM
truncation_40,0.5,0,361,36200,157.95612859725952,51173,51292.67,ONE_POINT,100,100,RANDOM
truncation_40,0.5,0,362,36300,158.37993216514587,50978,51235.37,ONE_POINT,100,100,RANDOM
truncation_40,0.5,0,363,36400,158.81916546821594,50925,51171.84,ONE_POINT,100,100,RANDOM
truncation_40,0.5,0,364,36500,159.2468740940094,50859,51106.75,ONE_POINT,100,100,RANDOM
truncation_40,0.5,0,365,36600,159.68913102149963,50811,51040.47,ONE_POINT,100,100,RANDOM
truncation_40,0.5,0,366,36700,160.12385749816895,50671,50935.73,ONE_POINT,100,100,RANDOM
truncation_40,0.5,0,367,36800,160.5615680217743,50609,50859.87,ONE_POINT,100,100,RANDOM
truncation_40,0.5,0,368,36900,161.00879740715027,50559,50802.21,ONE_POINT,100,100,RANDOM
truncation_40,0.5,0,369,37000,161.4426531791687,50518,50717.77,ONE_POINT,100,100,RANDOM
truncation_40,0.5,0,370,37100,161.88730311393738,50447,50646.68,ONE_POINT,100,100,RANDOM
truncation_40,0.5,0,371,37200,162.31852102279663,50425,50578.72,ONE_POINT,100,100,RANDOM
truncation_40,0.5,0,372,37300,162.74841833114624,50425,50523.36,ONE_POINT,100,100,RANDOM
truncation_40,0.5,0,373,37400,163.19047594070435,50332,50482.14,ONE_POINT,100,100,RANDOM
truncation_40,0.5,0,374,37500,163.63320755958557,50332,50441.33,ONE_POINT,100,100,RANDOM
truncation_40,0.5,0,375,37600,164.06977581977844,50292,50397.35,ONE_POINT,100,100,RANDOM
truncation_40,0.5,0,376,37700,164.49762415885925,50272,50362.55,ONE_POINT,100,100,RANDOM
truncation_40,0.5,0,377,37800,164.94190311431885,50252,50326.12,ONE_POINT,100,100,RANDOM
truncation_40,0.5,0,378,37900,165.37595391273499,50102,50294.15,ONE_POINT,100,100,RANDOM
truncation_40,0.5,0,379,38000,165.80815887451172,50102,50267.49,ONE_POINT,100,100,RANDOM
truncation_40,0.5,0,380,38100,166.25844526290894,50102,50238.88,ONE_POINT,100,100,RANDOM
truncation_40,0.5,0,381,38200,166.6872272491455,50071,50212.21,ONE_POINT,100,100,RANDOM
truncation_40,0.5,0,382,38300,167.11495065689087,50064,50180.39,ONE_POINT,100,100,RANDOM
truncation_40,0.5,0,383,38400,167.54845714569092,50026,50149.0,ONE_POINT,100,100,RANDOM
truncation_40,0.5,0,384,38500,167.99063181877136,49955,50120.8,ONE_POINT,100,100,RANDOM
truncation_40,0.5,0,385,38600,168.42216968536377,49853,50078.06,ONE_POINT,100,100,RANDOM
truncation_40,0.5,0,386,38700,168.8521227836609,49782,50037.93,ONE_POINT,100,100,RANDOM
truncation_40,0.5,0,387,38800,169.30451464653015,49782,50001.87,ONE_POINT,100,100,RANDOM
truncation_40,0.5,0,388,38900,169.7416694164276,49782,49962.47,ONE_POINT,100,100,RANDOM
truncation_40,0.5,0,389,39000,170.2613332271576,49672,49919.84,ONE_POINT,100,100,RANDOM
truncation_40,0.5,0,390,39100,170.69403624534607,49672,49870.85,ONE_POINT,100,100,RANDOM
truncation_40,0.5,0,391,39200,171.12194442749023,49629,49829.62,ONE_POINT,100,100,RANDOM
truncation_40,0.5,0,392,39300,171.54632997512817,49580,49781.01,ONE_POINT,100,100,RANDOM
truncation_40,0.5,0,393,39400,171.9913203716278,49495,49732.12,ONE_POINT,100,100,RANDOM
truncation_40,0.5,0,394,39500,172.4330997467041,49435,49671.19,ONE_POINT,100,100,RANDOM
truncation_40,0.5,0,395,39600,172.86363291740417,49435,49592.48,ONE_POINT,100,100,RANDOM
truncation_40,0.5,0,396,39700,173.30293083190918,49293,49532.91,ONE_POINT,100,100,RANDOM
truncation_40,0.5,0,397,39800,173.75393056869507,49270,49478.59,ONE_POINT,100,100,RANDOM
truncation_40,0.5,0,398,39900,174.19740104675293,49270,49450.11,ONE_POINT,100,100,RANDOM
truncation_40,0.5,0,399,40000,174.63118314743042,49212,49394.58,ONE_POINT,100,100,RANDOM
truncation_40,0.5,0,400,40100,175.0650873184204,49024,49342.53,ONE_POINT,100,100,RANDOM
truncation_40,0.5,0,401,40200,175.50526356697083,48991,49304.47,ONE_POINT,100,100,RANDOM
truncation_40,0.5,0,402,40300,175.92750525474548,48991,49232.12,ONE_POINT,100,100,RANDOM
truncation_40,0.5,0,403,40400,176.37872958183289,48991,49178.49,ONE_POINT,100,100,RANDOM
truncation_40,0.5,0,404,40500,176.81742095947266,48883,49122.09,ONE_POINT,100,100,RANDOM
truncation_40,0.5,0,405,40600,177.24814534187317,48863,49065.23,ONE_POINT,100,100,RANDOM
truncation_40,0.5,0,406,40700,177.67821216583252,48801,48997.74,ONE_POINT,100,100,RANDOM
truncation_40,0.5,0,407,40800,178.09959864616394,48749,48926.98,ONE_POINT,100,100,RANDOM
truncation_40,0.5,0,408,40900,178.54360914230347,48706,48873.37,ONE_POINT,100,100,RANDOM
truncation_40,0.5,0,409,41000,178.97929787635803,48691,48831.77,ONE_POINT,100,100,RANDOM
truncation_40,0.5,0,410,41100,179.40618014335632,48677,48784.46,ONE_POINT,100,100,RANDOM
truncation_40,0.5,0,411,41200,179.83236742019653,48655,48760.94,ONE_POINT,100,100,RANDOM
truncation_40,0.5,0,412,41300,180.28586339950562,48475,48709.33,ONE_POINT,100,100,RANDOM
truncation_40,0.5,0,413,41400,180.73470902442932,48475,48667.09,ONE_POINT,100,100,RANDOM
truncation_40,0.5,0,414,41500,181.17571902275085,48459,48607.54,ONE_POINT,100,100,RANDOM
truncation_40,0.5,0,415,41600,181.59932446479797,48325,48553.21,ONE_POINT,100,100,RANDOM
truncation_40,0.5,0,416,41700,182.03124046325684,48242,48486.4,ONE_POINT,100,100,RANDOM
truncation_40,0.5,0,417,41800,182.56084537506104,48187,48423.2,ONE_POINT,100,100,RANDOM
truncation_40,0.5,0,418,41900,183.00394225120544,48102,48338.14,ONE_POINT,100,100,RANDOM
truncation_40,0.5,0,419,42000,183.4462502002716,48102,48285.78,ONE_POINT,100,100,RANDOM
truncation_40,0.5,0,420,42100,183.88704633712769,48040,48232.07,ONE_POINT,100,100,RANDOM
truncation_40,0.5,0,421,42200,184.31337642669678,48040,48158.96,ONE_POINT,100,100,RANDOM
truncation_40,0.5,0,422,42300,184.74136066436768,48040,48133.07,ONE_POINT,100,100,RANDOM
truncation_40,0.5,0,423,42400,185.19218516349792,47892,48095.01,ONE_POINT,100,100,RANDOM
truncation_40,0.5,0,424,42500,185.6240358352661,47892,48061.9,ONE_POINT,100,100,RANDOM
truncation_40,0.5,0,425,42600,186.0621407032013,47892,48024.76,ONE_POINT,100,100,RANDOM
truncation_40,0.5,0,426,42700,186.49914479255676,47892,48011.71,ONE_POINT,100,100,RANDOM
truncation_40,0.5,0,427,42800,186.94911217689514,47805,47986.86,ONE_POINT,100,100,RANDOM
truncation_40,0.5,0,428,42900,187.38965582847595,47805,47964.12,ONE_POINT,100,100,RANDOM
truncation_40,0.5,0,429,43000,187.82391047477722,47789,47928.14,ONE_POINT,100,100,RANDOM
truncation_40,0.5,0,430,43100,188.2557773590088,47781,47902.68,ONE_POINT,100,100,RANDOM
truncation_40,0.5,0,431,43200,188.69803285598755,47759,47878.99,ONE_POINT,100,100,RANDOM
truncation_40,0.5,0,432,43300,189.1607460975647,47757,47846.67,ONE_POINT,100,100,RANDOM
truncation_40,0.5,0,433,43400,189.60370135307312,47702,47806.92,ONE_POINT,100,100,RANDOM
truncation_40,0.5,0,434,43500,190.0392870903015,47634,47761.54,ONE_POINT,100,100,RANDOM
truncation_40,0.5,0,435,43600,190.46687984466553,47592,47718.35,ONE_POINT,100,100,RANDOM
truncation_40,0.5,0,436,43700,190.8931655883789,47533,47685.14,ONE_POINT,100,100,RANDOM
truncation_40,0.5,0,437,43800,191.32020378112793,47532,47644.06,ONE_POINT,100,100,RANDOM
truncation_40,0.5,0,438,43900,191.74559903144836,47392,47596.49,ONE_POINT,100,100,RANDOM
truncation_40,0.5,0,439,44000,192.18547129631042,47193,47543.98,ONE_POINT,100,100,RANDOM
truncation_40,0.5,0,440,44100,192.61119651794434,47193,47455.64,ONE_POINT,100,100,RANDOM
truncation_40,0.5,0,441,44200,193.04752588272095,47193,47385.51,ONE_POINT,100,100,RANDOM
truncation_40,0.5,0,442,44300,193.48398232460022,47148,47319.14,ONE_POINT,100,100,RANDOM
truncation_40,0.5,0,443,44400,193.94317841529846,47062,47253.45,ONE_POINT,100,100,RANDOM
truncation_40,0.5,0,444,44500,194.38215589523315,47032,47196.87,ONE_POINT,100,100,RANDOM
truncation_40,0.5,0,445,44600,194.82556676864624,46894,47151.42,ONE_POINT,100,100,RANDOM
truncation_40,0.5,0,446,44700,195.26584005355835,46894,47107.83,ONE_POINT,100,100,RANDOM
truncation_40,0.5,0,447,44800,195.71098160743713,46795,47043.84,ONE_POINT,100,100,RANDOM
truncation_40,0.5,0,448,44900,196.15347385406494,46777,47001.56,ONE_POINT,100,100,RANDOM
truncation_40,0.5,0,449,45000,196.5789933204651,46749,46937.95,ONE_POINT,100,100,RANDOM
truncation_40,0.5,0,450,45100,197.01067996025085,46674,46888.06,ONE_POINT,100,100,RANDOM
truncation_40,0.5,0,451,45200,197.4759922027588,46674,46841.15,ONE_POINT,100,100,RANDOM
truncation_40,0.5,0,452,45300,197.9125063419342,46594,46788.28,ONE_POINT,100,100,RANDOM
truncation_40,0.5,0,453,45400,198.34183979034424,46591,46745.89,ONE_POINT,100,100,RANDOM
truncation_40,0.5,0,454,45500,198.7889153957367,46446,46691.72,ONE_POINT,100,100,RANDOM
truncation_40,0.5,0,455,45600,199.23560738563538,46446,46624.68,ONE_POINT,100,100,RANDOM
truncation_40,0.5,0,456,45700,199.68928050994873,46237,46565.26,ONE_POINT,100,100,RANDOM
truncation_40,0.5,0,457,45800,200.1554651260376,46129,46511.66,ONE_POINT,100,100,RANDOM
truncation_40,0.5,0,458,45900,200.59215331077576,46129,46468.59,ONE_POINT,100,100,RANDOM
truncation_40,0.5,0,459,46000,201.03605723381042,46008,46384.18,ONE_POINT,100,100,RANDOM
truncation_40,0.5,0,460,46100,201.48432898521423,45989,46318.89,ONE_POINT,100,100,RANDOM
truncation_40,0.5,0,461,46200,201.92362332344055,45989,46220.79,ONE_POINT,100,100,RANDOM
truncation_40,0.5,0,462,46300,202.35830521583557,45840,46130.56,ONE_POINT,100,100,RANDOM
truncation_40,0.5,0,463,46400,202.80001950263977,45840,46079.75,ONE_POINT,100,100,RANDOM
truncation_40,0.5,0,464,46500,203.23329901695251,45840,46034.61,ONE_POINT,100,100,RANDOM
truncation_40,0.5,0,465,46600,203.65632128715515,45767,45994.63,ONE_POINT,100,100,RANDOM
truncation_40,0.5,0,466,46700,204.09292459487915,45767,45959.46,ONE_POINT,100,100,RANDOM
truncation_40,0.5,0,467,46800,204.5092887878418,45767,45918.65,ONE_POINT,100,100,RANDOM
truncation_40,0.5,0,468,46900,204.93948078155518,45748,45862.74,ONE_POINT,100,100,RANDOM
truncation_40,0.5,0,469,47000,205.37378478050232,45681,45801.17,ONE_POINT,100,100,RANDOM
truncation_40,0.5,0,470,47100,205.83305144309998,45640,45782.64,ONE_POINT,100,100,RANDOM
truncation_40,0.5,0,471,47200,206.27423238754272,45606,45749.92,ONE_POINT,100,100,RANDOM
truncation_40,0.5,0,472,47300,206.7097430229187,45604,45733.14,ONE_POINT,100,100,RANDOM
truncation_40,0.5,0,473,47400,207.14049983024597,45604,45699.89,ONE_POINT,100,100,RANDOM
truncation_40,0.5,0,474,47500,207.58082699775696,45551,45660.75,ONE_POINT,100,100,RANDOM
truncation_40,0.5,0,475,47600,208.0371868610382,45551,45632.23,ONE_POINT,100,100,RANDOM
truncation_40,0.5,0,476,47700,208.4678475856781,45502,45609.77,ONE_POINT,100,100,RANDOM
truncation_40,0.5,0,477,47800,208.89020419120789,45444,45589.13,ONE_POINT,100,100,RANDOM
truncation_40,0.5,0,478,47900,209.3295383453369,45444,45567.88,ONE_POINT,100,100,RANDOM
truncation_40,0.5,0,479,48000,209.77415204048157,45405,45535.71,ONE_POINT,100,100,RANDOM
truncation_40,0.5,0,480,48100,210.20655417442322,45405,45507.39,ONE_POINT,100,100,RANDOM
truncation_40,0.5,0,481,48200,210.63799929618835,45405,45474.82,ONE_POINT,100,100,RANDOM
truncation_40,0.5,0,482,48300,211.07670378684998,45333,45445.71,ONE_POINT,100,100,RANDOM
truncation_40,0.5,0,483,48400,211.5232503414154,45238,45414.93,ONE_POINT,100,100,RANDOM
truncation_40,0.5,0,484,48500,212.01592826843262,45235,45367.61,ONE_POINT,100,100,RANDOM
truncation_40,0.5,0,485,48600,212.45230317115784,45235,45330.58,ONE_POINT,100,100,RANDOM
truncation_40,0.5,0,486,48700,212.8833384513855,45221,45310.2,ONE_POINT,100,100,RANDOM
truncation_40,0.5,0,487,48800,213.33059096336365,45163,45281.88,ONE_POINT,100,100,RANDOM
truncation_40,0.5,0,488,48900,213.76170945167542,45159,45251.5,ONE_POINT,100,100,RANDOM
truncation_40,0.5,0,489,49000,214.2114462852478,45150,45225.77,ONE_POINT,100,100,RANDOM
truncation_40,0.5,0,490,49100,214.64722228050232,45097,45210.77,ONE_POINT,100,100,RANDOM
truncation_40,0.5,0,491,49200,215.08878564834595,45097,45188.47,ONE_POINT,100,100,RANDOM
truncation_40,0.5,0,492,49300,215.539231300354,45087,45164.65,ONE_POINT,100,100,RANDOM
truncation_40,0.5,0,493,49400,215.96835947036743,44990,45132.88,ONE_POINT,100,100,RANDOM
truncation_40,0.5,0,494,49500,216.41759610176086,44976,45100.95,ONE_POINT,100,100,RANDOM
truncation_40,0.5,0,495,49600,216.85198068618774,44900,45062.07,ONE_POINT,100,100,RANDOM
truncation_40,0.5,0,496,49700,217.29014825820923,44900,45033.6,ONE_POINT,100,100,RANDOM
truncation_40,0.5,0,497,49800,217.72444128990173,44900,44998.96,ONE_POINT,100,100,RANDOM
truncation_40,0.5,0,498,49900,218.1470582485199,44840,44975.49,ONE_POINT,100,100,RANDOM
truncation_40,0.5,0,499,50000,218.60584950447083,44800,44960.77,ONE_POINT,100,100,RANDOM
truncation_40,0.5,0,500,50100,219.0437250137329,44800,44933.07,ONE_POINT,100,100,RANDOM
truncation_40,0.5,20,1,200,0.29446983337402344,136512,145422.07,ONE_POINT,100,100,RANDOM
truncation_40,0.5,20,2,300,0.7400507926940918,134785,141638.88,ONE_POINT,100,100,RANDOM
truncation_40,0.5,20,3,400,1.1721827983856201,128841,138405.49,ONE_POINT,100,100,RANDOM
truncation_40,0.5,20,4,500,1.598160743713379,125760,135182.7,ONE_POINT,100,100,RANDOM
truncation_40,0.5,20,5,600,2.0186398029327393,121957,131583.27,ONE_POINT,100,100,RANDOM
truncation_40,0.5,20,6,700,2.4381155967712402,120020,128196.23,ONE_POINT,100,100,RANDOM
truncation_40,0.5,20,7,800,2.8796463012695312,120020,126320.49,ONE_POINT,100,100,RANDOM
truncation_40,0.5,20,8,900,3.315783977508545,118386,123991.95,ONE_POINT,100,100,RANDOM
truncation_40,0.5,20,9,1000,3.7469985485076904,117433,122353.5,ONE_POINT,100,100,RANDOM
truncation_40,0.5,20,10,1100,4.179719686508179,114420,120926.92,ONE_POINT,100,100,RANDOM
truncation_40,0.5,20,11,1200,4.604971885681152,114420,119727.17,ONE_POINT,100,100,RANDOM
truncation_40,0.5,20,12,1300,5.041890859603882,114420,118616.58,ONE_POINT,100,100,RANDOM
truncation_40,0.5,20,13,1400,5.488850116729736,114420,117462.32,ONE_POINT,100,100,RANDOM
truncation_40,0.5,20,14,1500,5.930490970611572,114420,116390.92,ONE_POINT,100,100,RANDOM
truncation_40,0.5,20,15,1600,6.356770992279053,113802,115871.1,ONE_POINT,100,100,RANDOM
truncation_40,0.5,20,16,1700,6.792819499969482,111480,114923.16,ONE_POINT,100,100,RANDOM
truncation_40,0.5,20,17,1800,7.2398388385772705,111448,114272.63,ONE_POINT,100,100,RANDOM
truncation_40,0.5,20,18,1900,7.675042152404785,110888,113434.47,ONE_POINT,100,100,RANDOM
truncation_40,0.5,20,19,2000,8.104153633117676,110238,112815.76,ONE_POINT,100,100,RANDOM
truncation_40,0.5,20,20,2100,8.534840106964111,110238,112257.27,ONE_POINT,100,100,RANDOM
truncation_40,0.5,20,21,2200,8.96964979171753,109408,111612.93,ONE_POINT,100,100,RANDOM
truncation_40,0.5,20,22,2300,9.404780626296997,109408,110922.14,ONE_POINT,100,100,RANDOM
truncation_40,0.5,20,23,2400,9.844074964523315,108218,110171.03,ONE_POINT,100,100,RANDOM
truncation_40,0.5,20,24,2500,10.276335716247559,106814,109404.31,ONE_POINT,100,100,RANDOM
truncation_40,0.5,20,25,2600,10.712413311004639,106181,108774.95,ONE_POINT,100,100,RANDOM
truncation_40,0.5,20,26,2700,11.146719217300415,105868,108003.28,ONE_POINT,100,100,RANDOM
truncation_40,0.5,20,27,2800,11.584548473358154,105868,107486.46,ONE_POINT,100,100,RANDOM
truncation_40,0.5,20,28,2900,12.03626561164856,105211,106970.08,ONE_POINT,100,100,RANDOM
truncation_40,0.5,20,29,3000,12.488284587860107,105211,106434.29,ONE_POINT,100,100,RANDOM
truncation_40,0.5,20,30,3100,12.914386987686157,104493,106034.19,ONE_POINT,100,100,RANDOM
truncation_40,0.5,20,31,3200,13.354135036468506,104493,105682.29,ONE_POINT,100,100,RANDOM
truncation_40,0.5,20,32,3300,13.791035890579224,104030,105286.29,ONE_POINT,100,100,RANDOM
truncation_40,0.5,20,33,3400,14.232138395309448,103868,104918.24,ONE_POINT,100,100,RANDOM
truncation_40,0.5,20,34,3500,14.66841173171997,102856,104499.68,ONE_POINT,100,100,RANDOM
truncation_40,0.5,20,35,3600,15.094659090042114,102725,104010.61,ONE_POINT,100,100,RANDOM
truncation_40,0.5,20,36,3700,15.546253204345703,102725,103558.4,ONE_POINT,100,100,RANDOM
truncation_40,0.5,20,37,3800,15.974642515182495,102408,103140.87,ONE_POINT,100,100,RANDOM
truncation_40,0.5,20,38,3900,16.417187690734863,101830,102818.91,ONE_POINT,100,100,RANDOM
truncation_40,0.5,20,39,4000,16.838017225265503,101830,102515.97,ONE_POINT,100,100,RANDOM
truncation_40,0.5,20,40,4100,17.27054452896118,100450,102246.31,ONE_POINT,100,100,RANDOM
truncation_40,0.5,20,41,4200,17.720177173614502,100450,101936.55,ONE_POINT,100,100,RANDOM
truncation_40,0.5,20,42,4300,18.1568386554718,100450,101520.7,ONE_POINT,100,100,RANDOM
truncation_40,0.5,20,43,4400,18.6016948223114,99836,101151.1,ONE_POINT,100,100,RANDOM
truncation_40,0.5,20,44,4500,19.02795100212097,99284,100812.41,ONE_POINT,100,100,RANDOM
truncation_40,0.5,20,45,4600,19.458300828933716,99134,100365.23,ONE_POINT,100,100,RANDOM
truncation_40,0.5,20,46,4700,19.89254117012024,98753,99881.51,ONE_POINT,100,100,RANDOM
truncation_40,0.5,20,47,4800,20.322372436523438,98370,99493.32,ONE_POINT,100,100,RANDOM
truncation_40,0.5,20,48,4900,20.76470136642456,97724,99095.12,ONE_POINT,100,100,RANDOM
truncation_40,0.5,20,49,5000,21.202990770339966,97581,98767.09,ONE_POINT,100,100,RANDOM
truncation_40,0.5,20,50,5100,21.63836669921875,97581,98426.59,ONE_POINT,100,100,RANDOM
truncation_40,0.5,20,51,5200,22.0954372882843,97044,98127.33,ONE_POINT,100,100,RANDOM
truncation_40,0.5,20,52,5300,22.51491904258728,97044,97958.03,ONE_POINT,100,100,RANDOM
truncation_40,0.5,20,53,5400,22.975887537002563,96643,97776.72,ONE_POINT,100,100,RANDOM
truncation_40,0.5,20,54,5500,23.422046422958374,96643,97650.25,ONE_POINT,100,100,RANDOM
truncation_40,0.5,20,55,5600,23.856798887252808,96612,97431.78,ONE_POINT,100,100,RANDOM
truncation_40,0.5,20,56,5700,24.28967547416687,96407,97175.39,ONE_POINT,100,100,RANDOM
truncation_40,0.5,20,57,5800,24.72045660018921,96174,96956.98,ONE_POINT,100,100,RANDOM
truncation_40,0.5,20,58,5900,25.16940426826477,95679,96714.67,ONE_POINT,100,100,RANDOM
truncation_40,0.5,20,59,6000,25.59837770462036,95630,96486.71,ONE_POINT,100,100,RANDOM
truncation_40,0.5,20,60,6100,26.05789089202881,95495,96305.24,ONE_POINT,100,100,RANDOM
truncation_40,0.5,20,61,6200,26.483487129211426,94909,96037.84,ONE_POINT,100,100,RANDOM
truncation_40,0.5,20,62,6300,26.913744926452637,94909,95783.24,ONE_POINT,100,100,RANDOM
truncation_40,0.5,20,63,6400,27.353619813919067,94579,95421.36,ONE_POINT,100,100,RANDOM
truncation_40,0.5,20,64,6500,27.78086543083191,94579,95146.11,ONE_POINT,100,100,RANDOM
truncation_40,0.5,20,65,6600,28.230085849761963,94323,94991.15,ONE_POINT,100,100,RANDOM
truncation_40,0.5,20,66,6700,28.669015645980835,94221,94798.31,ONE_POINT,100,100,RANDOM
truncation_40,0.5,20,67,6800,29.11909317970276,93983,94614.55,ONE_POINT,100,100,RANDOM
truncation_40,0.5,20,68,6900,29.550301551818848,93922,94441.21,ONE_POINT,100,100,RANDOM
truncation_40,0.5,20,69,7000,29.99162530899048,93463,94184.72,ONE_POINT,100,100,RANDOM
truncation_40,0.5,20,70,7100,30.430680990219116,93127,93909.56,ONE_POINT,100,100,RANDOM
truncation_40,0.5,20,71,7200,30.865403175354004,93041,93705.78,ONE_POINT,100,100,RANDOM
truncation_40,0.5,20,72,7300,31.292804956436157,92831,93454.6,ONE_POINT,100,100,RANDOM
truncation_40,0.5,20,73,7400,31.738515377044678,92642,93189.07,ONE_POINT,100,100,RANDOM
truncation_40,0.5,20,74,7500,32.16649651527405,92334,93011.76,ONE_POINT,100,100,RANDOM
truncation_40,0.5,20,75,7600,32.606691122055054,91878,92868.68,ONE_POINT,100,100,RANDOM
truncation_40,0.5,20,76,7700,33.03353023529053,91876,92687.82,ONE_POINT,100,100,RANDOM
truncation_40,0.5,20,77,7800,33.46347713470459,91785,92512.01,ONE_POINT,100,100,RANDOM
truncation_40,0.5,20,78,7900,33.898115158081055,91785,92332.56,ONE_POINT,100,100,RANDOM
truncation_40,0.5,20,79,8000,34.337979793548584,91785,92186.12,ONE_POINT,100,100,RANDOM
truncation_40,0.5,20,80,8100,34.76740217208862,91290,91962.15,ONE_POINT,100,100,RANDOM
truncation_40,0.5,20,81,8200,35.195374965667725,91290,91754.33,ONE_POINT,100,100,RANDOM
truncation_40,0.5,20,82,8300,35.63392686843872,90896,91587.43,ONE_POINT,100,100,RANDOM
truncation_40,0.5,20,83,8400,36.07102131843567,90012,91346.71,ONE_POINT,100,100,RANDOM
truncation_40,0.5,20,84,8500,36.508535861968994,90012,91163.2,ONE_POINT,100,100,RANDOM
truncation_40,0.5,20,85,8600,36.9370322227478,90012,90950.22,ONE_POINT,100,100,RANDOM
truncation_40,0.5,20,86,8700,37.369306325912476,90012,90742.3,ONE_POINT,100,100,RANDOM
truncation_40,0.5,20,87,8800,37.808958292007446,89127,90431.09,ONE_POINT,100,100,RANDOM
truncation_40,0.5,20,88,8900,38.2638578414917,89077,89984.33,ONE_POINT,100,100,RANDOM
truncation_40,0.5,20,89,9000,38.7112603187561,88789,89647.21,ONE_POINT,100,100,RANDOM
truncation_40,0.5,20,90,9100,39.14454412460327,88599,89360.24,ONE_POINT,100,100,RANDOM
truncation_40,0.5,20,91,9200,39.57462978363037,88599,89106.52,ONE_POINT,100,100,RANDOM
truncation_40,0.5,20,92,9300,40.01074934005737,88599,88965.82,ONE_POINT,100,100,RANDOM
truncation_40,0.5,20,93,9400,40.47670364379883,88299,88820.65,ONE_POINT,100,100,RANDOM
truncation_40,0.5,20,94,9500,40.8984100818634,87820,88684.71,ONE_POINT,100,100,RANDOM
truncation_40,0.5,20,95,9600,41.32282519340515,87790,88452.45,ONE_POINT,100,100,RANDOM
truncation_40,0.5,20,96,9700,41.75917911529541,87640,88169.17,ONE_POINT,100,100,RANDOM
truncation_40,0.5,20,97,9800,42.19290804862976,87080,87871.56,ONE_POINT,100,100,RANDOM
truncation_40,0.5,20,98,9900,42.661314249038696,87080,87685.27,ONE_POINT,100,100,RANDOM
truncation_40,0.5,20,99,10000,43.1070613861084,86676,87450.79,ONE_POINT,100,100,RANDOM
truncation_40,0.5,20,100,10100,43.564733266830444,86344,87294.54,ONE_POINT,100,100,RANDOM
truncation_40,0.5,20,101,10200,44.00232243537903,86220,87051.53,ONE_POINT,100,100,RANDOM
truncation_40,0.5,20,102,10300,44.43920707702637,86220,86861.97,ONE_POINT,100,100,RANDOM
truncation_40,0.5,20,103,10400,44.91545104980469,86220,86718.02,ONE_POINT,100,100,RANDOM
truncation_40,0.5,20,104,10500,45.34925937652588,85804,86563.16,ONE_POINT,100,100,RANDOM
truncation_40,0.5,20,105,10600,45.794769525527954,85706,86361.0,ONE_POINT,100,100,RANDOM
truncation_40,0.5,20,106,10700,46.242403745651245,85462,86185.81,ONE_POINT,100,100,RANDOM
truncation_40,0.5,20,107,10800,46.67847990989685,85312,86019.8,ONE_POINT,100,100,RANDOM
truncation_40,0.5,20,108,10900,47.13645839691162,85312,85860.62,ONE_POINT,100,100,RANDOM
truncation_40,0.5,20,109,11000,47.57173418998718,84771,85609.86,ONE_POINT,100,100,RANDOM
truncation_40,0.5,20,110,11100,48.00245380401611,84232,85247.21,ONE_POINT,100,100,RANDOM
truncation_40,0.5,20,111,11200,48.42880702018738,84232,84964.0,ONE_POINT,100,100,RANDOM
truncation_40,0.5,20,112,11300,48.87456202507019,84232,84780.43,ONE_POINT,100,100,RANDOM
truncation_40,0.5,20,113,11400,49.32204246520996,83554,84563.81,ONE_POINT,100,100,RANDOM
truncation_40,0.5,20,114,11500,49.75610637664795,83554,84309.11,ONE_POINT,100,100,RANDOM
truncation_40,0.5,20,115,11600,50.18708872795105,83337,84091.0,ONE_POINT,100,100,RANDOM
truncation_40,0.5,20,116,11700,50.62200379371643,83230,83850.67,ONE_POINT,100,100,RANDOM
truncation_40,0.5,20,117,11800,51.05297636985779,82950,83623.26,ONE_POINT,100,100,RANDOM
truncation_40,0.5,20,118,11900,51.51145362854004,82828,83418.05,ONE_POINT,100,100,RANDOM
truncation_40,0.5,20,119,12000,51.94047474861145,82381,83220.8,ONE_POINT,100,100,RANDOM
truncation_40,0.5,20,120,12100,52.43001842498779,82191,82956.54,ONE_POINT,100,100,RANDOM
truncation_40,0.5,20,121,12200,52.864107608795166,82000,82729.79,ONE_POINT,100,100,RANDOM
truncation_40,0.5,20,122,12300,53.30938005447388,82000,82542.78,ONE_POINT,100,100,RANDOM
truncation_40,0.5,20,123,12400,53.75090050697327,81940,82302.56,ONE_POINT,100,100,RANDOM
truncation_40,0.5,20,124,12500,54.20112729072571,81537,82119.15,ONE_POINT,100,100,RANDOM
truncation_40,0.5,20,125,12600,54.63602018356323,81394,81989.1,ONE_POINT,100,100,RANDOM
truncation_40,0.5,20,126,12700,55.06102514266968,81394,81860.1,ONE_POINT,100,100,RANDOM
truncation_40,0.5,20,127,12800,55.49721956253052,81060,81656.81,ONE_POINT,100,100,RANDOM
truncation_40,0.5,20,128,12900,55.930025815963745,80989,81511.74,ONE_POINT,100,100,RANDOM
truncation_40,0.5,20,129,13000,56.35811185836792,80461,81323.35,ONE_POINT,100,100,RANDOM
truncation_40,0.5,20,130,13100,56.78563165664673,80461,81178.47,ONE_POINT,100,100,RANDOM
truncation_40,0.5,20,131,13200,57.20692014694214,80285,80940.91,ONE_POINT,100,100,RANDOM
truncation_40,0.5,20,132,13300,57.644423961639404,79981,80719.12,ONE_POINT,100,100,RANDOM
truncation_40,0.5,20,133,13400,58.091956615448,79819,80496.72,ONE_POINT,100,100,RANDOM
truncation_40,0.5,20,134,13500,58.52473783493042,79656,80322.23,ONE_POINT,100,100,RANDOM
truncation_40,0.5,20,135,13600,58.94613194465637,79562,80118.66,ONE_POINT,100,100,RANDOM
truncation_40,0.5,20,136,13700,59.38240170478821,79562,79883.84,ONE_POINT,100,100,RANDOM
truncation_40,0.5,20,137,13800,59.80745720863342,79405,79700.27,ONE_POINT,100,100,RANDOM
truncation_40,0.5,20,138,13900,60.25974631309509,78982,79594.33,ONE_POINT,100,100,RANDOM
truncation_40,0.5,20,139,14000,60.693142890930176,78982,79475.55,ONE_POINT,100,100,RANDOM
truncation_40,0.5,20,140,14100,61.12607479095459,78920,79309.23,ONE_POINT,100,100,RANDOM
truncation_40,0.5,20,141,14200,61.55732822418213,78653,79129.7,ONE_POINT,100,100,RANDOM
truncation_40,0.5,20,142,14300,61.99423670768738,78491,78965.9,ONE_POINT,100,100,RANDOM
truncation_40,0.5,20,143,14400,62.43867492675781,78122,78800.9,ONE_POINT,100,100,RANDOM
truncation_40,0.5,20,144,14500,62.8710401058197,78091,78608.94,ONE_POINT,100,100,RANDOM
truncation_40,0.5,20,145,14600,63.29309678077698,78058,78453.65,ONE_POINT,100,100,RANDOM
truncation_40,0.5,20,146,14700,63.72546172142029,77518,78195.27,ONE_POINT,100,100,RANDOM
truncation_40,0.5,20,147,14800,64.16740441322327,77251,78023.41,ONE_POINT,100,100,RANDOM
truncation_40,0.5,20,148,14900,64.61558437347412,77251,77856.65,ONE_POINT,100,100,RANDOM
truncation_40,0.5,20,149,15000,65.05269241333008,77251,77739.33,ONE_POINT,100,100,RANDOM
truncation_40,0.5,20,150,15100,65.48853087425232,76871,77593.13,ONE_POINT,100,100,RANDOM
truncation_40,0.5,20,151,15200,65.93633699417114,76563,77413.3,ONE_POINT,100,100,RANDOM
truncation_40,0.5,20,152,15300,66.36246275901794,76563,77245.99,ONE_POINT,100,100,RANDOM
truncation_40,0.5,20,153,15400,66.80042338371277,76475,77040.62,ONE_POINT,100,100,RANDOM
truncation_40,0.5,20,154,15500,67.22874641418457,76351,76847.83,ONE_POINT,100,100,RANDOM
truncation_40,0.5,20,155,15600,67.66648364067078,76218,76704.66,ONE_POINT,100,100,RANDOM
truncation_40,0.5,20,156,15700,68.11622214317322,76178,76558.27,ONE_POINT,100,100,RANDOM
truncation_40,0.5,20,157,15800,68.5475685596466,76129,76444.46,ONE_POINT,100,100,RANDOM
truncation_40,0.5,20,158,15900,68.9904842376709,75991,76367.03,ONE_POINT,100,100,RANDOM
truncation_40,0.5,20,159,16000,69.42287349700928,75890,76287.17,ONE_POINT,100,100,RANDOM
truncation_40,0.5,20,160,16100,69.86537075042725,75815,76193.05,ONE_POINT,100,100,RANDOM
truncation_40,0.5,20,161,16200,70.32258987426758,75679,76088.04,ONE_POINT,100,100,RANDOM
truncation_40,0.5,20,162,16300,70.75858402252197,75380,75914.38,ONE_POINT,100,100,RANDOM
truncation_40,0.5,20,163,16400,71.2029881477356,75380,75817.14,ONE_POINT,100,100,RANDOM
truncation_40,0.5,20,164,16500,71.63125896453857,75312,75701.85,ONE_POINT,100,100,RANDOM
truncation_40,0.5,20,165,16600,72.05766224861145,75236,75549.11,ONE_POINT,100,100,RANDOM
truncation_40,0.5,20,166,16700,72.50136995315552,74871,75374.65,ONE_POINT,100,100,RANDOM
truncation_40,0.5,20,167,16800,72.92406964302063,74871,75266.85,ONE_POINT,100,100,RANDOM
truncation_40,0.5,20,168,16900,73.37450313568115,74121,75142.64,ONE_POINT,100,100,RANDOM
truncation_40,0.5,20,169,17000,73.8013026714325,74121,75002.12,ONE_POINT,100,100,RANDOM
truncation_40,0.5,20,170,17100,74.27658176422119,74088,74810.79,ONE_POINT,100,100,RANDOM
truncation_40,0.5,20,171,17200,74.70848798751831,74082,74549.32,ONE_POINT,100,100,RANDOM
truncation_40,0.5,20,172,17300,75.14517021179199,73418,74261.97,ONE_POINT,100,100,RANDOM
truncation_40,0.5,20,173,17400,75.58383464813232,73418,74078.89,ONE_POINT,100,100,RANDOM
truncation_40,0.5,20,174,17500,76.01148414611816,73418,74000.83,ONE_POINT,100,100,RANDOM
truncation_40,0.5,20,175,17600,76.45573568344116,73418,73877.48,ONE_POINT,100,100,RANDOM
truncation_40,0.5,20,176,17700,76.88149976730347,73418,73777.15,ONE_POINT,100,100,RANDOM
truncation_40,0.5,20,177,17800,77.31109166145325,73130,73713.8,ONE_POINT,100,100,RANDOM
truncation_40,0.5,20,178,17900,77.74647736549377,73130,73638.69,ONE_POINT,100,100,RANDOM
truncation_40,0.5,20,179,18000,78.1805272102356,72959,73524.4,ONE_POINT,100,100,RANDOM
truncation_40,0.5,20,180,18100,78.61789631843567,72940,73352.92,ONE_POINT,100,100,RANDOM
truncation_40,0.5,20,181,18200,79.05811810493469,72674,73197.17,ONE_POINT,100,100,RANDOM
truncation_40,0.5,20,182,18300,79.48339700698853,72616,72997.43,ONE_POINT,100,100,RANDOM
truncation_40,0.5,20,183,18400,79.9246232509613,72356,72834.08,ONE_POINT,100,100,RANDOM
truncation_40,0.5,20,184,18500,80.36590313911438,72158,72680.77,ONE_POINT,100,100,RANDOM
truncation_40,0.5,20,185,18600,80.82177019119263,72082,72517.28,ONE_POINT,100,100,RANDOM
truncation_40,0.5,20,186,18700,81.3149836063385,71975,72376.62,ONE_POINT,100,100,RANDOM
truncation_40,0.5,20,187,18800,81.74000406265259,71781,72187.53,ONE_POINT,100,100,RANDOM
truncation_40,0.5,20,188,18900,82.18624758720398,71450,72045.38,ONE_POINT,100,100,RANDOM
truncation_40,0.5,20,189,19000,82.6386981010437,71450,71934.06,ONE_POINT,100,100,RANDOM
truncation_40,0.5,20,190,19100,83.06571984291077,71317,71807.13,ONE_POINT,100,100,RANDOM
truncation_40,0.5,20,191,19200,83.48811030387878,71161,71633.54,ONE_POINT,100,100,RANDOM
truncation_40,0.5,20,192,19300,83.91695785522461,70758,71482.05,ONE_POINT,100,100,RANDOM
truncation_40,0.5,20,193,19400,84.37019324302673,70662,71328.9,ONE_POINT,100,100,RANDOM
truncation_40,0.5,20,194,19500,84.81998634338379,70568,71121.34,ONE_POINT,100,100,RANDOM
truncation_40,0.5,20,195,19600,85.24703741073608,70395,70879.84,ONE_POINT,100,100,RANDOM
truncation_40,0.5,20,196,19700,85.68971276283264,70172,70689.83,ONE_POINT,100,100,RANDOM
truncation_40,0.5,20,197,19800,86.12485313415527,69796,70555.61,ONE_POINT,100,100,RANDOM
truncation_40,0.5,20,198,19900,86.5630738735199,69622,70423.03,ONE_POINT,100,100,RANDOM
truncation_40,0.5,20,199,20000,86.99174571037292,69598,70226.9,ONE_POINT,100,100,RANDOM
truncation_40,0.5,20,200,20100,87.4249894618988,69598,70051.21,ONE_POINT,100,100,RANDOM
truncation_40,0.5,20,201,20200,87.86464166641235,69541,69912.45,ONE_POINT,100,100,RANDOM
truncation_40,0.5,20,202,20300,88.28925228118896,69454,69796.52,ONE_POINT,100,100,RANDOM
truncation_40,0.5,20,203,20400,88.7125792503357,69247,69718.82,ONE_POINT,100,100,RANDOM
truncation_40,0.5,20,204,20500,89.1622965335846,69247,69620.24,ONE_POINT,100,100,RANDOM
truncation_40,0.5,20,205,20600,89.59570837020874,68999,69468.68,ONE_POINT,100,100,RANDOM
truncation_40,0.5,20,206,20700,90.01750326156616,68999,69368.41,ONE_POINT,100,100,RANDOM
truncation_40,0.5,20,207,20800,90.44274663925171,68842,69264.7,ONE_POINT,100,100,RANDOM
truncation_40,0.5,20,208,20900,90.88726019859314,68745,69137.14,ONE_POINT,100,100,RANDOM
truncation_40,0.5,20,209,21000,91.3282585144043,68594,69021.59,ONE_POINT,100,100,RANDOM
truncation_40,0.5,20,210,21100,91.75477266311646,68409,68853.67,ONE_POINT,100,100,RANDOM
truncation_40,0.5,20,211,21200,92.18065333366394,68296,68688.42,ONE_POINT,100,100,RANDOM
truncation_40,0.5,20,212,21300,92.60446286201477,68145,68524.36,ONE_POINT,100,100,RANDOM
truncation_40,0.5,20,213,21400,93.05232405662537,67972,68391.25,ONE_POINT,100,100,RANDOM
truncation_40,0.5,20,214,21500,93.50088047981262,67627,68298.0,ONE_POINT,100,100,RANDOM
truncation_40,0.5,20,215,21600,93.92336535453796,67480,68131.86,ONE_POINT,100,100,RANDOM
truncation_40,0.5,20,216,21700,94.34605860710144,67317,67980.37,ONE_POINT,100,100,RANDOM
truncation_40,0.5,20,217,21800,94.7711911201477,67296,67783.44,ONE_POINT,100,100,RANDOM
truncation_40,0.5,20,218,21900,95.21201944351196,67008,67636.01,ONE_POINT,100,100,RANDOM
truncation_40,0.5,20,219,22000,95.65817499160767,67008,67514.68,ONE_POINT,100,100,RANDOM
truncation_40,0.5,20,220,22100,96.08425807952881,66909,67394.07,ONE_POINT,100,100,RANDOM
truncation_40,0.5,20,221,22200,96.51180577278137,66909,67253.26,ONE_POINT,100,100,RANDOM
truncation_40,0.5,20,222,22300,96.93619012832642,66696,67133.49,ONE_POINT,100,100,RANDOM
truncation_40,0.5,20,223,22400,97.37575674057007,66696,67014.28,ONE_POINT,100,100,RANDOM
truncation_40,0.5,20,224,22500,97.80590391159058,66404,66894.03,ONE_POINT,100,100,RANDOM
truncation_40,0.5,20,225,22600,98.25214767456055,66267,66777.45,ONE_POINT,100,100,RANDOM
truncation_40,0.5,20,226,22700,98.68638491630554,66039,66626.05,ONE_POINT,100,100,RANDOM
truncation_40,0.5,20,227,22800,99.12901568412781,65968,66507.72,ONE_POINT,100,100,RANDOM
truncation_40,0.5,20,228,22900,99.57312822341919,65967,66333.11,ONE_POINT,100,100,RANDOM
truncation_40,0.5,20,229,23000,100.01167178153992,65733,66204.61,ONE_POINT,100,100,RANDOM
truncation_40,0.5,20,230,23100,100.45455598831177,65583,66064.56,ONE_POINT,100,100,RANDOM
truncation_40,0.5,20,231,23200,100.88798475265503,65230,65928.41,ONE_POINT,100,100,RANDOM
truncation_40,0.5,20,232,23300,101.31582903862,65230,65794.35,ONE_POINT,100,100,RANDOM
truncation_40,0.5,20,233,23400,101.7545907497406,65078,65706.43,ONE_POINT,100,100,RANDOM
truncation_40,0.5,20,234,23500,102.19099497795105,65078,65603.87,ONE_POINT,100,100,RANDOM
truncation_40,0.5,20,235,23600,102.61411428451538,65048,65512.85,ONE_POINT,100,100,RANDOM
truncation_40,0.5,20,236,23700,103.05617904663086,65010,65423.31,ONE_POINT,100,100,RANDOM
truncation_40,0.5,20,237,23800,103.50186824798584,64548,65264.61,ONE_POINT,100,100,RANDOM
truncation_40,0.5,20,238,23900,103.92928409576416,64350,65075.62,ONE_POINT,100,100,RANDOM
truncation_40,0.5,20,239,24000,104.37842035293579,64195,64982.95,ONE_POINT,100,100,RANDOM
truncation_40,0.5,20,240,24100,104.83045077323914,64195,64879.12,ONE_POINT,100,100,RANDOM
truncation_40,0.5,20,241,24200,105.27402091026306,64128,64754.13,ONE_POINT,100,100,RANDOM
truncation_40,0.5,20,242,24300,105.78051352500916,64011,64594.26,ONE_POINT,100,100,RANDOM
truncation_40,0.5,20,243,24400,106.21663498878479,63713,64353.25,ONE_POINT,100,100,RANDOM
truncation_40,0.5,20,244,24500,106.65672254562378,63713,64191.12,ONE_POINT,100,100,RANDOM
truncation_40,0.5,20,245,24600,107.10248279571533,63713,64092.4,ONE_POINT,100,100,RANDOM
truncation_40,0.5,20,246,24700,107.52958536148071,63713,64045.38,ONE_POINT,100,100,RANDOM
truncation_40,0.5,20,247,24800,107.97703266143799,63651,63967.66,ONE_POINT,100,100,RANDOM
truncation_40,0.5,20,248,24900,108.39837098121643,63611,63845.94,ONE_POINT,100,100,RANDOM
truncation_40,0.5,20,249,25000,108.85581040382385,63278,63714.94,ONE_POINT,100,100,RANDOM
truncation_40,0.5,20,250,25100,109.2878749370575,63278,63619.37,ONE_POINT,100,100,RANDOM
truncation_40,0.5,20,251,25200,109.73885822296143,63239,63550.72,ONE_POINT,100,100,RANDOM
truncation_40,0.5,20,252,25300,110.17128562927246,63239,63471.73,ONE_POINT,100,100,RANDOM
truncation_40,0.5,20,253,25400,110.60907030105591,63064,63367.67,ONE_POINT,100,100,RANDOM
truncation_40,0.5,20,254,25500,111.04634046554565,62772,63289.62,ONE_POINT,100,100,RANDOM
truncation_40,0.5,20,255,25600,111.48253417015076,62772,63214.25,ONE_POINT,100,100,RANDOM
truncation_40,0.5,20,256,25700,111.94237518310547,62719,63067.53,ONE_POINT,100,100,RANDOM
truncation_40,0.5,20,257,25800,112.37258958816528,62584,62928.57,ONE_POINT,100,100,RANDOM
truncation_40,0.5,20,258,25900,112.79219627380371,62426,62777.75,ONE_POINT,100,100,RANDOM
truncation_40,0.5,20,259,26000,113.2765052318573,62284,62669.76,ONE_POINT,100,100,RANDOM
truncation_40,0.5,20,260,26100,113.71092176437378,62118,62570.54,ONE_POINT,100,100,RANDOM
truncation_40,0.5,20,261,26200,114.15470600128174,62047,62482.14,ONE_POINT,100,100,RANDOM
truncation_40,0.5,20,262,26300,114.57818484306335,61828,62347.21,ONE_POINT,100,100,RANDOM
truncation_40,0.5,20,263,26400,115.01334547996521,61828,62192.94,ONE_POINT,100,100,RANDOM
truncation_40,0.5,20,264,26500,115.45220708847046,61571,62089.77,ONE_POINT,100,100,RANDOM
truncation_40,0.5,20,265,26600,115.90643382072449,61571,62004.68,ONE_POINT,100,100,RANDOM
truncation_40,0.5,20,266,26700,116.34499311447144,61571,61902.51,ONE_POINT,100,100,RANDOM
truncation_40,0.5,20,267,26800,116.77036619186401,61571,61844.24,ONE_POINT,100,100,RANDOM
truncation_40,0.5,20,268,26900,117.195387840271,61487,61761.5,ONE_POINT,100,100,RANDOM
truncation_40,0.5,20,269,27000,117.63411545753479,61487,61689.48,ONE_POINT,100,100,RANDOM
truncation_40,0.5,20,270,27100,118.06309533119202,61413,61624.43,ONE_POINT,100,100,RANDOM
truncation_40,0.5,20,271,27200,118.49869966506958,61130,61573.22,ONE_POINT,100,100,RANDOM
truncation_40,0.5,20,272,27300,118.93005061149597,61130,61518.15,ONE_POINT,100,100,RANDOM
truncation_40,0.5,20,273,27400,119.3544385433197,61130,61457.93,ONE_POINT,100,100,RANDOM
truncation_40,0.5,20,274,27500,119.79469132423401,61130,61399.63,ONE_POINT,100,100,RANDOM
truncation_40,0.5,20,275,27600,120.216952085495,61030,61327.84,ONE_POINT,100,100,RANDOM
truncation_40,0.5,20,276,27700,120.66421365737915,60974,61256.53,ONE_POINT,100,100,RANDOM
truncation_40,0.5,20,277,27800,121.08713436126709,60907,61178.44,ONE_POINT,100,100,RANDOM
truncation_40,0.5,20,278,27900,121.50600361824036,60856,61099.69,ONE_POINT,100,100,RANDOM
truncation_40,0.5,20,279,28000,121.94392108917236,60741,61025.16,ONE_POINT,100,100,RANDOM
truncation_40,0.5,20,280,28100,122.3839225769043,60675,60916.64,ONE_POINT,100,100,RANDOM
truncation_40,0.5,20,281,28200,122.81999135017395,60454,60808.54,ONE_POINT,100,100,RANDOM
truncation_40,0.5,20,282,28300,123.25171780586243,60454,60728.76,ONE_POINT,100,100,RANDOM
truncation_40,0.5,20,283,28400,123.68994927406311,60308,60651.73,ONE_POINT,100,100,RANDOM
truncation_40,0.5,20,284,28500,124.12920260429382,60307,60566.9,ONE_POINT,100,100,RANDOM
truncation_40,0.5,20,285,28600,124.5800769329071,60196,60474.4,ONE_POINT,100,100,RANDOM
truncation_40,0.5,20,286,28700,125.00809407234192,60044,60399.46,ONE_POINT,100,100,RANDOM
truncation_40,0.5,20,287,28800,125.44075393676758,60044,60335.62,ONE_POINT,100,100,RANDOM
truncation_40,0.5,20,288,28900,125.8652503490448,59938,60239.94,ONE_POINT,100,100,RANDOM
truncation_40,0.5,20,289,29000,126.2984127998352,59777,60151.36,ONE_POINT,100,100,RANDOM
truncation_40,0.5,20,290,29100,126.73095107078552,59721,60040.91,ONE_POINT,100,100,RANDOM
truncation_40,0.5,20,291,29200,127.15923357009888,59534,59933.18,ONE_POINT,100,100,RANDOM
truncation_40,0.5,20,292,29300,127.59328436851501,59270,59810.25,ONE_POINT,100,100,RANDOM
truncation_40,0.5,20,293,29400,128.02788162231445,59007,59678.2,ONE_POINT,100,100,RANDOM
truncation_40,0.5,20,294,29500,128.4786877632141,58999,59500.65,ONE_POINT,100,100,RANDOM
truncation_40,0.5,20,295,29600,128.90565729141235,58986,59339.03,ONE_POINT,100,100,RANDOM
truncation_40,0.5,20,296,29700,129.33547163009644,58960,59220.83,ONE_POINT,100,100,RANDOM
truncation_40,0.5,20,297,29800,129.78089356422424,58691,59090.11,ONE_POINT,100,100,RANDOM
truncation_40,0.5,20,298,29900,130.21503496170044,58437,58949.82,ONE_POINT,100,100,RANDOM
truncation_40,0.5,20,299,30000,130.67466926574707,58437,58799.91,ONE_POINT,100,100,RANDOM
truncation_40,0.5,20,300,30100,131.13324522972107,58437,58689.4,ONE_POINT,100,100,RANDOM
truncation_40,0.5,20,301,30200,131.57133197784424,58277,58559.64,ONE_POINT,100,100,RANDOM
truncation_40,0.5,20,302,30300,131.9969732761383,58128,58464.27,ONE_POINT,100,100,RANDOM
truncation_40,0.5,20,303,30400,132.41631841659546,57890,58361.96,ONE_POINT,100,100,RANDOM
truncation_40,0.5,20,304,30500,132.87198686599731,57890,58273.95,ONE_POINT,100,100,RANDOM
truncation_40,0.5,20,305,30600,133.29833102226257,57890,58159.04,ONE_POINT,100,100,RANDOM
truncation_40,0.5,20,306,30700,133.73674130439758,57851,58067.57,ONE_POINT,100,100,RANDOM
truncation_40,0.5,20,307,30800,134.15992975234985,57746,58004.88,ONE_POINT,100,100,RANDOM
truncation_40,0.5,20,308,30900,134.59631180763245,57434,57904.6,ONE_POINT,100,100,RANDOM
truncation_40,0.5,20,309,31000,135.05584049224854,57417,57784.16,ONE_POINT,100,100,RANDOM
truncation_40,0.5,20,310,31100,135.50379753112793,57324,57652.3,ONE_POINT,100,100,RANDOM
truncation_40,0.5,20,311,31200,135.94849395751953,57182,57516.69,ONE_POINT,100,100,RANDOM
truncation_40,0.5,20,312,31300,136.38791728019714,57035,57414.61,ONE_POINT,100,100,RANDOM
truncation_40,0.5,20,313,31400,136.81989789009094,57035,57350.94,ONE_POINT,100,100,RANDOM
truncation_40,0.5,20,314,31500,137.27157998085022,57035,57278.41,ONE_POINT,100,100,RANDOM
truncation_40,0.5,20,315,31600,137.6992223262787,56974,57184.31,ONE_POINT,100,100,RANDOM
truncation_40,0.5,20,316,31700,138.12911915779114,56875,57118.12,ONE_POINT,100,100,RANDOM
truncation_40,0.5,20,317,31800,138.5580189228058,56875,57049.77,ONE_POINT,100,100,RANDOM
truncation_40,0.5,20,318,31900,138.99527502059937,56762,56995.82,ONE_POINT,100,100,RANDOM
truncation_40,0.5,20,319,32000,139.44670128822327,56698,56946.81,ONE_POINT,100,100,RANDOM
truncation_40,0.5,20,320,32100,139.87800550460815,56524,56915.74,ONE_POINT,100,100,RANDOM
truncation_40,0.5,20,321,32200,140.30952739715576,56524,56845.66,ONE_POINT,100,100,RANDOM
truncation_40,0.5,20,322,32300,140.7460389137268,56524,56773.43,ONE_POINT,100,100,RANDOM
truncation_40,0.5,20,323,32400,141.20044898986816,56430,56705.3,ONE_POINT,100,100,RANDOM
truncation_40,0.5,20,324,32500,141.649649143219,56313,56633.33,ONE_POINT,100,100,RANDOM
truncation_40,0.5,20,325,32600,142.0733027458191,56305,56529.83,ONE_POINT,100,100,RANDOM
truncation_40,0.5,20,326,32700,142.5106339454651,55968,56439.69,ONE_POINT,100,100,RANDOM
truncation_40,0.5,20,327,32800,142.96769070625305,55968,56338.48,ONE_POINT,100,100,RANDOM
truncation_40,0.5,20,328,32900,143.41579413414001,55968,56228.81,ONE_POINT,100,100,RANDOM
truncation_40,0.5,20,329,33000,143.86539125442505,55846,56112.3,ONE_POINT,100,100,RANDOM
truncation_40,0.5,20,330,33100,144.29607629776,55592,55996.39,ONE_POINT,100,100,RANDOM
truncation_40,0.5,20,331,33200,144.7325575351715,55592,55902.7,ONE_POINT,100,100,RANDOM
truncation_40,0.5,20,332,33300,145.19255900382996,55296,55788.72,ONE_POINT,100,100,RANDOM
truncation_40,0.5,20,333,33400,145.63146710395813,55296,55704.74,ONE_POINT,100,100,RANDOM
truncation_40,0.5,20,334,33500,146.07232213020325,55278,55610.75,ONE_POINT,100,100,RANDOM
truncation_40,0.5,20,335,33600,146.51120710372925,55133,55464.18,ONE_POINT,100,100,RANDOM
truncation_40,0.5,20,336,33700,146.94452261924744,55133,55384.6,ONE_POINT,100,100,RANDOM
truncation_40,0.5,20,337,33800,147.36408686637878,55121,55333.4,ONE_POINT,100,100,RANDOM
truncation_40,0.5,20,338,33900,147.80061745643616,55121,55278.81,ONE_POINT,100,100,RANDOM
truncation_40,0.5,20,339,34000,148.24614095687866,55063,55193.97,ONE_POINT,100,100,RANDOM
truncation_40,0.5,20,340,34100,148.67796659469604,54962,55146.42,ONE_POINT,100,100,RANDOM
truncation_40,0.5,20,341,34200,149.10512852668762,54883,55096.98,ONE_POINT,100,100,RANDOM
truncation_40,0.5,20,342,34300,149.55364608764648,54808,55050.21,ONE_POINT,100,100,RANDOM
truncation_40,0.5,20,343,34400,149.9844994544983,54808,55005.38,ONE_POINT,100,100,RANDOM
truncation_40,0.5,20,344,34500,150.42854189872742,54760,54958.27,ONE_POINT,100,100,RANDOM
truncation_40,0.5,20,345,34600,150.85994219779968,54760,54891.41,ONE_POINT,100,100,RANDOM
truncation_40,0.5,20,346,34700,151.28342032432556,54638,54826.55,ONE_POINT,100,100,RANDOM
truncation_40,0.5,20,347,34800,151.74643182754517,54509,54743.96,ONE_POINT,100,100,RANDOM
truncation_40,0.5,20,348,34900,152.1756556034088,54441,54695.65,ONE_POINT,100,100,RANDOM
truncation_40,0.5,20,349,35000,152.59332489967346,54392,54633.94,ONE_POINT,100,100,RANDOM
truncation_40,0.5,20,350,35100,153.0333173274994,54279,54559.17,ONE_POINT,100,100,RANDOM
truncation_40,0.5,20,351,35200,153.47406673431396,54188,54487.65,ONE_POINT,100,100,RANDOM
truncation_40,0.5,20,352,35300,153.92896461486816,54188,54412.21,ONE_POINT,100,100,RANDOM
truncation_40,0.5,20,353,35400,154.3538691997528,54032,54341.98,ONE_POINT,100,100,RANDOM
truncation_40,0.5,20,354,35500,154.7737958431244,54008,54261.13,ONE_POINT,100,100,RANDOM
truncation_40,0.5,20,355,35600,155.21978640556335,54008,54187.27,ONE_POINT,100,100,RANDOM
truncation_40,0.5,20,356,35700,155.66100811958313,53917,54123.79,ONE_POINT,100,100,RANDOM
truncation_40,0.5,20,357,35800,156.09470415115356,53803,54051.51,ONE_POINT,100,100,RANDOM
truncation_40,0.5,20,358,35900,156.52098965644836,53716,54005.4,ONE_POINT,100,100,RANDOM
truncation_40,0.5,20,359,36000,156.95182037353516,53716,53936.46,ONE_POINT,100,100,RANDOM
truncation_40,0.5,20,360,36100,157.39097833633423,53689,53894.08,ONE_POINT,100,100,RANDOM
truncation_40,0.5,20,361,36200,157.83699917793274,53639,53837.02,ONE_POINT,100,100,RANDOM
truncation_40,0.5,20,362,36300,158.28630208969116,53500,53769.42,ONE_POINT,100,100,RANDOM
truncation_40,0.5,20,363,36400,158.7349488735199,53286,53701.49,ONE_POINT,100,100,RANDOM
truncation_40,0.5,20,364,36500,159.1689488887787,53286,53656.77,ONE_POINT,100,100,RANDOM
truncation_40,0.5,20,365,36600,159.61320781707764,53286,53575.43,ONE_POINT,100,100,RANDOM
truncation_40,0.5,20,366,36700,160.05879640579224,53286,53515.83,ONE_POINT,100,100,RANDOM
truncation_40,0.5,20,367,36800,160.51963663101196,53286,53453.11,ONE_POINT,100,100,RANDOM
truncation_40,0.5,20,368,36900,160.96451234817505,53196,53397.92,ONE_POINT,100,100,RANDOM
truncation_40,0.5,20,369,37000,161.3962743282318,53130,53338.51,ONE_POINT,100,100,RANDOM
truncation_40,0.5,20,370,37100,161.8359215259552,53130,53304.15,ONE_POINT,100,100,RANDOM
truncation_40,0.5,20,371,37200,162.2801594734192,53130,53264.6,ONE_POINT,100,100,RANDOM
truncation_40,0.5,20,372,37300,162.71350479125977,52958,53211.94,ONE_POINT,100,100,RANDOM
truncation_40,0.5,20,373,37400,163.15000438690186,52943,53155.19,ONE_POINT,100,100,RANDOM
truncation_40,0.5,20,374,37500,163.5953381061554,52934,53094.68,ONE_POINT,100,100,RANDOM
truncation_40,0.5,20,375,37600,164.03103399276733,52800,53041.78,ONE_POINT,100,100,RANDOM
truncation_40,0.5,20,376,37700,164.48736810684204,52773,52959.71,ONE_POINT,100,100,RANDOM
truncation_40,0.5,20,377,37800,164.91379952430725,52700,52901.89,ONE_POINT,100,100,RANDOM
truncation_40,0.5,20,378,37900,165.34469532966614,52579,52839.15,ONE_POINT,100,100,RANDOM
truncation_40,0.5,20,379,38000,165.77846670150757,52562,52764.21,ONE_POINT,100,100,RANDOM
truncation_40,0.5,20,380,38100,166.20914268493652,52562,52714.31,ONE_POINT,100,100,RANDOM
truncation_40,0.5,20,381,38200,166.6535165309906,52526,52669.02,ONE_POINT,100,100,RANDOM
truncation_40,0.5,20,382,38300,167.08935642242432,52460,52617.79,ONE_POINT,100,100,RANDOM
truncation_40,0.5,20,383,38400,167.5302128791809,52445,52566.7,ONE_POINT,100,100,RANDOM
truncation_40,0.5,20,384,38500,167.95479941368103,52416,52525.34,ONE_POINT,100,100,RANDOM
truncation_40,0.5,20,385,38600,168.39876294136047,52338,52474.19,ONE_POINT,100,100,RANDOM
truncation_40,0.5,20,386,38700,168.91372537612915,52263,52425.61,ONE_POINT,100,100,RANDOM
truncation_40,0.5,20,387,38800,169.35080552101135,52133,52378.47,ONE_POINT,100,100,RANDOM
truncation_40,0.5,20,388,38900,169.77069807052612,52047,52323.3,ONE_POINT,100,100,RANDOM
truncation_40,0.5,20,389,39000,170.22957921028137,52047,52290.18,ONE_POINT,100,100,RANDOM
truncation_40,0.5,20,390,39100,170.66639947891235,52047,52255.17,ONE_POINT,100,100,RANDOM
truncation_40,0.5,20,391,39200,171.10951161384583,51945,52206.5,ONE_POINT,100,100,RANDOM
truncation_40,0.5,20,392,39300,171.5359616279602,51945,52162.66,ONE_POINT,100,100,RANDOM
truncation_40,0.5,20,393,39400,171.96291255950928,51945,52116.85,ONE_POINT,100,100,RANDOM
truncation_40,0.5,20,394,39500,172.39086627960205,51868,52059.52,ONE_POINT,100,100,RANDOM
truncation_40,0.5,20,395,39600,172.83649945259094,51793,52002.43,ONE_POINT,100,100,RANDOM
truncation_40,0.5,20,396,39700,173.26019525527954,51793,51937.86,ONE_POINT,100,100,RANDOM
truncation_40,0.5,20,397,39800,173.68510460853577,51633,51853.8,ONE_POINT,100,100,RANDOM
truncation_40,0.5,20,398,39900,174.11574912071228,51611,51796.91,ONE_POINT,100,100,RANDOM
truncation_40,0.5,20,399,40000,174.5425124168396,51482,51744.68,ONE_POINT,100,100,RANDOM
truncation_40,0.5,20,400,40100,175.00161242485046,51242,51686.06,ONE_POINT,100,100,RANDOM
truncation_40,0.5,20,401,40200,175.4361023902893,51242,51621.3,ONE_POINT,100,100,RANDOM
truncation_40,0.5,20,402,40300,175.87222957611084,51242,51550.93,ONE_POINT,100,100,RANDOM
truncation_40,0.5,20,403,40400,176.31142902374268,51242,51487.38,ONE_POINT,100,100,RANDOM
truncation_40,0.5,20,404,40500,176.74189066886902,51046,51438.46,ONE_POINT,100,100,RANDOM
truncation_40,0.5,20,405,40600,177.1922013759613,51046,51338.02,ONE_POINT,100,100,RANDOM
truncation_40,0.5,20,406,40700,177.62231874465942,50758,51222.95,ONE_POINT,100,100,RANDOM
truncation_40,0.5,20,407,40800,178.0497567653656,50758,51129.95,ONE_POINT,100,100,RANDOM
truncation_40,0.5,20,408,40900,178.48208665847778,50532,51008.13,ONE_POINT,100,100,RANDOM
truncation_40,0.5,20,409,41000,178.92221117019653,50414,50886.07,ONE_POINT,100,100,RANDOM
truncation_40,0.5,20,410,41100,179.3586847782135,50382,50748.09,ONE_POINT,100,100,RANDOM
truncation_40,0.5,20,411,41200,179.7834289073944,50382,50620.44,ONE_POINT,100,100,RANDOM
truncation_40,0.5,20,412,41300,180.21573066711426,50257,50520.34,ONE_POINT,100,100,RANDOM
truncation_40,0.5,20,413,41400,180.65665340423584,50244,50403.99,ONE_POINT,100,100,RANDOM
truncation_40,0.5,20,414,41500,181.12565732002258,50151,50356.97,ONE_POINT,100,100,RANDOM
truncation_40,0.5,20,415,41600,181.5905213356018,50151,50306.19,ONE_POINT,100,100,RANDOM
truncation_40,0.5,20,416,41700,182.0212721824646,50072,50264.89,ONE_POINT,100,100,RANDOM
truncation_40,0.5,20,417,41800,182.46631526947021,50072,50225.02,ONE_POINT,100,100,RANDOM
truncation_40,0.5,20,418,41900,182.89049363136292,49948,50199.62,ONE_POINT,100,100,RANDOM
truncation_40,0.5,20,419,42000,183.31095480918884,49948,50175.03,ONE_POINT,100,100,RANDOM
truncation_40,0.5,20,420,42100,183.76638507843018,49944,50138.51,ONE_POINT,100,100,RANDOM
truncation_40,0.5,20,421,42200,184.20465898513794,49897,50088.72,ONE_POINT,100,100,RANDOM
truncation_40,0.5,20,422,42300,184.6494038105011,49890,50026.12,ONE_POINT,100,100,RANDOM
truncation_40,0.5,20,423,42400,185.08546614646912,49744,49958.12,ONE_POINT,100,100,RANDOM
truncation_40,0.5,20,424,42500,185.5372085571289,49721,49909.11,ONE_POINT,100,100,RANDOM
truncation_40,0.5,20,425,42600,185.9818594455719,49667,49865.59,ONE_POINT,100,100,RANDOM
truncation_40,0.5,20,426,42700,186.427903175354,49526,49804.61,ONE_POINT,100,100,RANDOM
truncation_40,0.5,20,427,42800,186.86713647842407,49526,49748.63,ONE_POINT,100,100,RANDOM
truncation_40,0.5,20,428,42900,187.3102834224701,49523,49688.93,ONE_POINT,100,100,RANDOM
truncation_40,0.5,20,429,43000,187.735337972641,49373,49642.02,ONE_POINT,100,100,RANDOM
truncation_40,0.5,20,430,43100,188.17250299453735,49373,49588.51,ONE_POINT,100,100,RANDOM
truncation_40,0.5,20,431,43200,188.61196613311768,49306,49529.82,ONE_POINT,100,100,RANDOM
truncation_40,0.5,20,432,43300,189.04702806472778,49306,49500.64,ONE_POINT,100,100,RANDOM
truncation_40,0.5,20,433,43400,189.48527693748474,49306,49453.68,ONE_POINT,100,100,RANDOM
truncation_40,0.5,20,434,43500,189.91127920150757,49266,49390.82,ONE_POINT,100,100,RANDOM
truncation_40,0.5,20,435,43600,190.34632182121277,49212,49341.65,ONE_POINT,100,100,RANDOM
truncation_40,0.5,20,436,43700,190.782532453537,49145,49303.45,ONE_POINT,100,100,RANDOM
truncation_40,0.5,20,437,43800,191.21479320526123,49130,49268.63,ONE_POINT,100,100,RANDOM
truncation_40,0.5,20,438,43900,191.6677348613739,49079,49238.53,ONE_POINT,100,100,RANDOM
truncation_40,0.5,20,439,44000,192.11364364624023,49079,49215.88,ONE_POINT,100,100,RANDOM
truncation_40,0.5,20,440,44100,192.5594823360443,48945,49174.3,ONE_POINT,100,100,RANDOM
truncation_40,0.5,20,441,44200,192.9881374835968,48945,49125.91,ONE_POINT,100,100,RANDOM
truncation_40,0.5,20,442,44300,193.4263277053833,48945,49082.57,ONE_POINT,100,100,RANDOM
truncation_40,0.5,20,443,44400,193.85838079452515,48871,49036.23,ONE_POINT,100,100,RANDOM
truncation_40,0.5,20,444,44500,194.28499794006348,48758,48988.77,ONE_POINT,100,100,RANDOM
truncation_40,0.5,20,445,44600,194.7277865409851,48729,48921.61,ONE_POINT,100,100,RANDOM
truncation_40,0.5,20,446,44700,195.15386414527893,48698,48873.65,ONE_POINT,100,100,RANDOM
truncation_40,0.5,20,447,44800,195.59209418296814,48662,48815.73,ONE_POINT,100,100,RANDOM
truncation_40,0.5,20,448,44900,196.03115057945251,48662,48770.59,ONE_POINT,100,100,RANDOM
truncation_40,0.5,20,449,45000,196.46582770347595,48662,48740.84,ONE_POINT,100,100,RANDOM
truncation_40,0.5,20,450,45100,196.9093849658966,48609,48705.49,ONE_POINT,100,100,RANDOM
truncation_40,0.5,20,451,45200,197.35337257385254,48370,48671.99,ONE_POINT,100,100,RANDOM
truncation_40,0.5,20,452,45300,197.80764245986938,48370,48650.11,ONE_POINT,100,100,RANDOM
truncation_40,0.5,20,453,45400,198.23691487312317,48370,48619.81,ONE_POINT,100,100,RANDOM
truncation_40,0.5,20,454,45500,198.66533946990967,48370,48582.21,ONE_POINT,100,100,RANDOM
truncation_40,0.5,20,455,45600,199.10772442817688,48370,48554.5,ONE_POINT,100,100,RANDOM
truncation_40,0.5,20,456,45700,199.53860139846802,48370,48509.71,ONE_POINT,100,100,RANDOM
truncation_40,0.5,20,457,45800,199.98337650299072,48214,48439.29,ONE_POINT,100,100,RANDOM
truncation_40,0.5,20,458,45900,200.42181205749512,48077,48388.31,ONE_POINT,100,100,RANDOM
truncation_40,0.5,20,459,46000,200.84420466423035,48077,48318.21,ONE_POINT,100,100,RANDOM
truncation_40,0.5,20,460,46100,201.28663873672485,48077,48270.63,ONE_POINT,100,100,RANDOM
truncation_40,0.5,20,461,46200,201.72973012924194,48077,48227.22,ONE_POINT,100,100,RANDOM
truncation_40,0.5,20,462,46300,202.17255854606628,48047,48187.93,ONE_POINT,100,100,RANDOM
truncation_40,0.5,20,463,46400,202.6005699634552,48024,48148.88,ONE_POINT,100,100,RANDOM
truncation_40,0.5,20,464,46500,203.0369975566864,47944,48108.91,ONE_POINT,100,100,RANDOM
truncation_40,0.5,20,465,46600,203.47324395179749,47944,48076.83,ONE_POINT,100,100,RANDOM
truncation_40,0.5,20,466,46700,203.89830708503723,47944,48050.78,ONE_POINT,100,100,RANDOM
truncation_40,0.5,20,467,46800,204.33086585998535,47847,48012.68,ONE_POINT,100,100,RANDOM
truncation_40,0.5,20,468,46900,204.76029181480408,47847,47977.37,ONE_POINT,100,100,RANDOM
truncation_40,0.5,20,469,47000,205.19371342658997,47752,47943.93,ONE_POINT,100,100,RANDOM
truncation_40,0.5,20,470,47100,205.63177752494812,47667,47898.46,ONE_POINT,100,100,RANDOM
truncation_40,0.5,20,471,47200,206.06900548934937,47667,47852.96,ONE_POINT,100,100,RANDOM
truncation_40,0.5,20,472,47300,206.5111382007599,47585,47787.52,ONE_POINT,100,100,RANDOM
truncation_40,0.5,20,473,47400,206.9435520172119,47430,47719.53,ONE_POINT,100,100,RANDOM
truncation_40,0.5,20,474,47500,207.38052892684937,47430,47653.89,ONE_POINT,100,100,RANDOM
truncation_40,0.5,20,475,47600,207.83316135406494,47336,47612.09,ONE_POINT,100,100,RANDOM
truncation_40,0.5,20,476,47700,208.27934622764587,47336,47568.78,ONE_POINT,100,100,RANDOM
truncation_40,0.5,20,477,47800,208.7044496536255,47309,47520.33,ONE_POINT,100,100,RANDOM
truncation_40,0.5,20,478,47900,209.12667655944824,47170,47433.65,ONE_POINT,100,100,RANDOM
truncation_40,0.5,20,479,48000,209.54827308654785,47170,47359.99,ONE_POINT,100,100,RANDOM
truncation_40,0.5,20,480,48100,209.99243760108948,47071,47270.62,ONE_POINT,100,100,RANDOM
truncation_40,0.5,20,481,48200,210.4425573348999,47071,47196.69,ONE_POINT,100,100,RANDOM
truncation_40,0.5,20,482,48300,210.88550806045532,47026,47143.55,ONE_POINT,100,100,RANDOM
truncation_40,0.5,20,483,48400,211.31074452400208,46937,47093.24,ONE_POINT,100,100,RANDOM
truncation_40,0.5,20,484,48500,211.7288236618042,46937,47054.38,ONE_POINT,100,100,RANDOM
truncation_40,0.5,20,485,48600,212.1706657409668,46853,47021.75,ONE_POINT,100,100,RANDOM
truncation_40,0.5,20,486,48700,212.61511778831482,46790,46984.73,ONE_POINT,100,100,RANDOM
truncation_40,0.5,20,487,48800,213.04542088508606,46790,46939.6,ONE_POINT,100,100,RANDOM
truncation_40,0.5,20,488,48900,213.47990250587463,46790,46894.87,ONE_POINT,100,100,RANDOM
truncation_40,0.5,20,489,49000,213.90738129615784,46628,46851.97,ONE_POINT,100,100,RANDOM
truncation_40,0.5,20,490,49100,214.35186457633972,46628,46796.71,ONE_POINT,100,100,RANDOM
truncation_40,0.5,20,491,49200,214.78232407569885,46628,46766.88,ONE_POINT,100,100,RANDOM
truncation_40,0.5,20,492,49300,215.21033596992493,46567,46733.68,ONE_POINT,100,100,RANDOM
truncation_40,0.5,20,493,49400,215.64243030548096,46541,46682.14,ONE_POINT,100,100,RANDOM
truncation_40,0.5,20,494,49500,216.07871842384338,46526,46642.25,ONE_POINT,100,100,RANDOM
truncation_40,0.5,20,495,49600,216.51251864433289,46421,46596.65,ONE_POINT,100,100,RANDOM
truncation_40,0.5,20,496,49700,216.95919585227966,46405,46558.47,ONE_POINT,100,100,RANDOM
truncation_40,0.5,20,497,49800,217.39667296409607,46325,46513.58,ONE_POINT,100,100,RANDOM
truncation_40,0.5,20,498,49900,217.82601690292358,46290,46463.49,ONE_POINT,100,100,RANDOM
truncation_40,0.5,20,499,50000,218.2429714202881,46232,46416.32,ONE_POINT,100,100,RANDOM
truncation_40,0.5,20,500,50100,218.6916961669922,46202,46368.68,ONE_POINT,100,100,RANDOM
truncation_40,0.5,40,1,200,0.2851736545562744,136636,144275.53,ONE_POINT,100,100,RANDOM
truncation_40,0.5,40,2,300,0.7535130977630615,128893,139391.04,ONE_POINT,100,100,RANDOM
truncation_40,0.5,40,3,400,1.1835999488830566,128893,136233.46,ONE_POINT,100,100,RANDOM
truncation_40,0.5,40,4,500,1.6441237926483154,128893,133961.24,ONE_POINT,100,100,RANDOM
truncation_40,0.5,40,5,600,2.0715601444244385,127074,131947.7,ONE_POINT,100,100,RANDOM
truncation_40,0.5,40,6,700,2.5012683868408203,122326,129776.22,ONE_POINT,100,100,RANDOM
truncation_40,0.5,40,7,800,2.9250142574310303,122198,128748.87,ONE_POINT,100,100,RANDOM
truncation_40,0.5,40,8,900,3.3563084602355957,122146,127409.68,ONE_POINT,100,100,RANDOM
truncation_40,0.5,40,9,1000,3.8156497478485107,122146,125675.17,ONE_POINT,100,100,RANDOM
truncation_40,0.5,40,10,1100,4.273035049438477,118996,124325.25,ONE_POINT,100,100,RANDOM
truncation_40,0.5,40,11,1200,4.703421115875244,118613,122933.96,ONE_POINT,100,100,RANDOM
truncation_40,0.5,40,12,1300,5.132070302963257,118613,121130.96,ONE_POINT,100,100,RANDOM
truncation_40,0.5,40,13,1400,5.567272663116455,118258,119748.04,ONE_POINT,100,100,RANDOM
truncation_40,0.5,40,14,1500,6.010941743850708,116960,118857.19,ONE_POINT,100,100,RANDOM
truncation_40,0.5,40,15,1600,6.446828603744507,115488,118341.32,ONE_POINT,100,100,RANDOM
truncation_40,0.5,40,16,1700,6.877742290496826,115488,117946.43,ONE_POINT,100,100,RANDOM
truncation_40,0.5,40,17,1800,7.302741289138794,113255,117317.34,ONE_POINT,100,100,RANDOM
truncation_40,0.5,40,18,1900,7.775635242462158,113255,116549.42,ONE_POINT,100,100,RANDOM
truncation_40,0.5,40,19,2000,8.219829082489014,112151,115553.99,ONE_POINT,100,100,RANDOM
truncation_40,0.5,40,20,2100,8.644299030303955,111296,114738.94,ONE_POINT,100,100,RANDOM
truncation_40,0.5,40,21,2200,9.079896450042725,110568,113957.4,ONE_POINT,100,100,RANDOM
truncation_40,0.5,40,22,2300,9.526954412460327,110568,113234.98,ONE_POINT,100,100,RANDOM
truncation_40,0.5,40,23,2400,9.979424715042114,109759,112469.88,ONE_POINT,100,100,RANDOM
truncation_40,0.5,40,24,2500,10.43446660041809,109064,111923.09,ONE_POINT,100,100,RANDOM
truncation_40,0.5,40,25,2600,10.865586996078491,109032,111284.93,ONE_POINT,100,100,RANDOM
truncation_40,0.5,40,26,2700,11.299866437911987,107970,110462.67,ONE_POINT,100,100,RANDOM
truncation_40,0.5,40,27,2800,11.742003202438354,107711,109508.09,ONE_POINT,100,100,RANDOM
truncation_40,0.5,40,28,2900,12.212801218032837,107516,109021.24,ONE_POINT,100,100,RANDOM
truncation_40,0.5,40,29,3000,12.648394107818604,106387,108379.0,ONE_POINT,100,100,RANDOM
truncation_40,0.5,40,30,3100,13.087710857391357,106143,107801.38,ONE_POINT,100,100,RANDOM
truncation_40,0.5,40,31,3200,13.515888214111328,106134,107284.42,ONE_POINT,100,100,RANDOM
truncation_40,0.5,40,32,3300,13.952364206314087,105904,106764.71,ONE_POINT,100,100,RANDOM
truncation_40,0.5,40,33,3400,14.39715027809143,105364,106242.01,ONE_POINT,100,100,RANDOM
truncation_40,0.5,40,34,3500,14.841315507888794,104851,105960.2,ONE_POINT,100,100,RANDOM
truncation_40,0.5,40,35,3600,15.270249128341675,104851,105621.77,ONE_POINT,100,100,RANDOM
truncation_40,0.5,40,36,3700,15.704909563064575,104851,105299.42,ONE_POINT,100,100,RANDOM
truncation_40,0.5,40,37,3800,16.238901138305664,103605,105030.74,ONE_POINT,100,100,RANDOM
truncation_40,0.5,40,38,3900,16.760694980621338,103605,104640.94,ONE_POINT,100,100,RANDOM
truncation_40,0.5,40,39,4000,17.215856075286865,103061,104173.61,ONE_POINT,100,100,RANDOM
truncation_40,0.5,40,40,4100,17.641237258911133,102926,103757.13,ONE_POINT,100,100,RANDOM
truncation_40,0.5,40,41,4200,18.073164224624634,102222,103347.98,ONE_POINT,100,100,RANDOM
truncation_40,0.5,40,42,4300,18.505378484725952,101912,103031.81,ONE_POINT,100,100,RANDOM
truncation_40,0.5,40,43,4400,18.9547221660614,100916,102712.47,ONE_POINT,100,100,RANDOM
truncation_40,0.5,40,44,4500,19.39357042312622,100916,102205.91,ONE_POINT,100,100,RANDOM
truncation_40,0.5,40,45,4600,19.822444915771484,100916,101763.77,ONE_POINT,100,100,RANDOM
truncation_40,0.5,40,46,4700,20.249732971191406,100916,101517.38,ONE_POINT,100,100,RANDOM
truncation_40,0.5,40,47,4800,20.688584804534912,100642,101284.76,ONE_POINT,100,100,RANDOM
truncation_40,0.5,40,48,4900,21.124004364013672,100180,101070.68,ONE_POINT,100,100,RANDOM
truncation_40,0.5,40,49,5000,21.56874942779541,100113,100861.82,ONE_POINT,100,100,RANDOM
truncation_40,0.5,40,50,5100,22.002938270568848,99853,100532.28,ONE_POINT,100,100,RANDOM
truncation_40,0.5,40,51,5200,22.459819555282593,99494,100241.53,ONE_POINT,100,100,RANDOM
truncation_40,0.5,40,52,5300,22.895339012145996,99030,99953.04,ONE_POINT,100,100,RANDOM
truncation_40,0.5,40,53,5400,23.341545820236206,98965,99741.53,ONE_POINT,100,100,RANDOM
truncation_40,0.5,40,54,5500,23.77160668373108,98118,99452.21,ONE_POINT,100,100,RANDOM
truncation_40,0.5,40,55,5600,24.206378936767578,97360,99099.65,ONE_POINT,100,100,RANDOM
truncation_40,0.5,40,56,5700,24.665746688842773,97360,98656.52,ONE_POINT,100,100,RANDOM
truncation_40,0.5,40,57,5800,25.10676670074463,97360,98329.87,ONE_POINT,100,100,RANDOM
truncation_40,0.5,40,58,5900,25.574793815612793,97087,97937.28,ONE_POINT,100,100,RANDOM
truncation_40,0.5,40,59,6000,26.015751123428345,96298,97582.89,ONE_POINT,100,100,RANDOM
truncation_40,0.5,40,60,6100,26.45118737220764,96298,97243.02,ONE_POINT,100,100,RANDOM
truncation_40,0.5,40,61,6200,26.90762996673584,95875,96941.39,ONE_POINT,100,100,RANDOM
truncation_40,0.5,40,62,6300,27.341567516326904,95426,96555.77,ONE_POINT,100,100,RANDOM
truncation_40,0.5,40,63,6400,27.795825719833374,95426,96215.9,ONE_POINT,100,100,RANDOM
truncation_40,0.5,40,64,6500,28.22123122215271,94479,95829.68,ONE_POINT,100,100,RANDOM
truncation_40,0.5,40,65,6600,28.65260648727417,94479,95519.07,ONE_POINT,100,100,RANDOM
truncation_40,0.5,40,66,6700,29.101572513580322,94111,95278.32,ONE_POINT,100,100,RANDOM
truncation_40,0.5,40,67,6800,29.532204389572144,94111,95026.48,ONE_POINT,100,100,RANDOM
truncation_40,0.5,40,68,6900,29.970001220703125,93221,94583.7,ONE_POINT,100,100,RANDOM
truncation_40,0.5,40,69,7000,30.399068117141724,93158,94265.78,ONE_POINT,100,100,RANDOM
truncation_40,0.5,40,70,7100,30.842373371124268,93158,94034.24,ONE_POINT,100,100,RANDOM
truncation_40,0.5,40,71,7200,31.277947664260864,92903,93802.27,ONE_POINT,100,100,RANDOM
truncation_40,0.5,40,72,7300,31.710630893707275,92888,93540.0,ONE_POINT,100,100,RANDOM
truncation_40,0.5,40,73,7400,32.14414119720459,92322,93235.11,ONE_POINT,100,100,RANDOM
truncation_40,0.5,40,74,7500,32.56705832481384,91964,93072.61,ONE_POINT,100,100,RANDOM
truncation_40,0.5,40,75,7600,33.06091356277466,91655,92818.62,ONE_POINT,100,100,RANDOM
truncation_40,0.5,40,76,7700,33.49716019630432,91655,92528.64,ONE_POINT,100,100,RANDOM
truncation_40,0.5,40,77,7800,33.933531522750854,90917,92135.44,ONE_POINT,100,100,RANDOM
truncation_40,0.5,40,78,7900,34.36966824531555,90751,91746.56,ONE_POINT,100,100,RANDOM
truncation_40,0.5,40,79,8000,34.796042919158936,90583,91373.7,ONE_POINT,100,100,RANDOM
truncation_40,0.5,40,80,8100,35.247575759887695,90370,91118.66,ONE_POINT,100,100,RANDOM
truncation_40,0.5,40,81,8200,35.671189308166504,89701,90841.13,ONE_POINT,100,100,RANDOM
truncation_40,0.5,40,82,8300,36.10051989555359,88926,90346.95,ONE_POINT,100,100,RANDOM
truncation_40,0.5,40,83,8400,36.52656650543213,88865,89930.37,ONE_POINT,100,100,RANDOM
truncation_40,0.5,40,84,8500,36.975908279418945,88865,89620.31,ONE_POINT,100,100,RANDOM
truncation_40,0.5,40,85,8600,37.425580978393555,88798,89409.33,ONE_POINT,100,100,RANDOM
truncation_40,0.5,40,86,8700,37.85399770736694,88607,89141.42,ONE_POINT,100,100,RANDOM
truncation_40,0.5,40,87,8800,38.278303146362305,88512,88904.32,ONE_POINT,100,100,RANDOM
truncation_40,0.5,40,88,8900,38.71308088302612,88385,88729.35,ONE_POINT,100,100,RANDOM
truncation_40,0.5,40,89,9000,39.15383815765381,88296,88542.57,ONE_POINT,100,100,RANDOM
truncation_40,0.5,40,90,9100,39.5880343914032,87662,88391.71,ONE_POINT,100,100,RANDOM
truncation_40,0.5,40,91,9200,40.02310109138489,87662,88289.38,ONE_POINT,100,100,RANDOM
truncation_40,0.5,40,92,9300,40.455881118774414,87225,88151.8,ONE_POINT,100,100,RANDOM
truncation_40,0.5,40,93,9400,40.890525341033936,86723,87953.06,ONE_POINT,100,100,RANDOM
truncation_40,0.5,40,94,9500,41.32487440109253,86723,87685.84,ONE_POINT,100,100,RANDOM
truncation_40,0.5,40,95,9600,41.76646304130554,86723,87360.95,ONE_POINT,100,100,RANDOM
truncation_40,0.5,40,96,9700,42.1963095664978,86624,87082.49,ONE_POINT,100,100,RANDOM
truncation_40,0.5,40,97,9800,42.629456520080566,86093,86835.02,ONE_POINT,100,100,RANDOM
truncation_40,0.5,40,98,9900,43.06304121017456,85860,86631.45,ONE_POINT,100,100,RANDOM
truncation_40,0.5,40,99,10000,43.518765926361084,85715,86460.18,ONE_POINT,100,100,RANDOM
truncation_40,0.5,40,100,10100,43.98303818702698,85682,86270.99,ONE_POINT,100,100,RANDOM
truncation_40,0.5,40,101,10200,44.42768573760986,85655,86047.2,ONE_POINT,100,100,RANDOM
truncation_40,0.5,40,102,10300,44.85017657279968,85317,85840.27,ONE_POINT,100,100,RANDOM
truncation_40,0.5,40,103,10400,45.351816177368164,85148,85702.59,ONE_POINT,100,100,RANDOM
truncation_40,0.5,40,104,10500,45.78818678855896,85078,85583.3,ONE_POINT,100,100,RANDOM
truncation_40,0.5,40,105,10600,46.23245167732239,85013,85461.03,ONE_POINT,100,100,RANDOM
truncation_40,0.5,40,106,10700,46.65547513961792,84824,85313.77,ONE_POINT,100,100,RANDOM
truncation_40,0.5,40,107,10800,47.07474994659424,84500,85036.82,ONE_POINT,100,100,RANDOM
truncation_40,0.5,40,108,10900,47.503305196762085,84294,84785.2,ONE_POINT,100,100,RANDOM
truncation_40,0.5,40,109,11000,47.94104552268982,84189,84556.3,ONE_POINT,100,100,RANDOM
truncation_40,0.5,40,110,11100,48.369269132614136,83630,84339.79,ONE_POINT,100,100,RANDOM
truncation_40,0.5,40,111,11200,48.80297255516052,83343,84228.09,ONE_POINT,100,100,RANDOM
truncation_40,0.5,40,112,11300,49.23252582550049,82510,84010.06,ONE_POINT,100,100,RANDOM
truncation_40,0.5,40,113,11400,49.665337324142456,82510,83805.32,ONE_POINT,100,100,RANDOM
truncation_40,0.5,40,114,11500,50.12285280227661,82510,83506.86,ONE_POINT,100,100,RANDOM
truncation_40,0.5,40,115,11600,50.563260555267334,82428,83239.08,ONE_POINT,100,100,RANDOM
truncation_40,0.5,40,116,11700,50.98979830741882,81890,82962.73,ONE_POINT,100,100,RANDOM
truncation_40,0.5,40,117,11800,51.43791055679321,81890,82690.65,ONE_POINT,100,100,RANDOM
truncation_40,0.5,40,118,11900,51.862916469573975,81890,82464.06,ONE_POINT,100,100,RANDOM
truncation_40,0.5,40,119,12000,52.315515995025635,81566,82249.07,ONE_POINT,100,100,RANDOM
truncation_40,0.5,40,120,12100,52.737770557403564,81565,82053.72,ONE_POINT,100,100,RANDOM
truncation_40,0.5,40,121,12200,53.16564083099365,81213,81837.67,ONE_POINT,100,100,RANDOM
truncation_40,0.5,40,122,12300,53.59595060348511,81194,81627.44,ONE_POINT,100,100,RANDOM
truncation_40,0.5,40,123,12400,54.032687187194824,81130,81445.58,ONE_POINT,100,100,RANDOM
truncation_40,0.5,40,124,12500,54.47358059883118,80907,81254.0,ONE_POINT,100,100,RANDOM
truncation_40,0.5,40,125,12600,54.92057275772095,80654,81089.72,ONE_POINT,100,100,RANDOM
truncation_40,0.5,40,126,12700,55.351128816604614,80593,80984.46,ONE_POINT,100,100,RANDOM
truncation_40,0.5,40,127,12800,55.777514696121216,80409,80850.57,ONE_POINT,100,100,RANDOM
truncation_40,0.5,40,128,12900,56.221577882766724,80061,80677.39,ONE_POINT,100,100,RANDOM
truncation_40,0.5,40,129,13000,56.662447452545166,79832,80532.0,ONE_POINT,100,100,RANDOM
truncation_40,0.5,40,130,13100,57.11058163642883,79832,80373.0,ONE_POINT,100,100,RANDOM
truncation_40,0.5,40,131,13200,57.565263986587524,79549,80220.51,ONE_POINT,100,100,RANDOM
truncation_40,0.5,40,132,13300,57.986438274383545,79549,80057.33,ONE_POINT,100,100,RANDOM
truncation_40,0.5,40,133,13400,58.421788930892944,79549,79907.93,ONE_POINT,100,100,RANDOM
truncation_40,0.5,40,134,13500,58.863176107406616,79220,79759.41,ONE_POINT,100,100,RANDOM
truncation_40,0.5,40,135,13600,59.29230976104736,79145,79624.3,ONE_POINT,100,100,RANDOM
truncation_40,0.5,40,136,13700,59.7174277305603,78935,79479.31,ONE_POINT,100,100,RANDOM
truncation_40,0.5,40,137,13800,60.153220891952515,78889,79255.43,ONE_POINT,100,100,RANDOM
truncation_40,0.5,40,138,13900,60.60390090942383,78601,79094.32,ONE_POINT,100,100,RANDOM
truncation_40,0.5,40,139,14000,61.04236960411072,78305,78952.07,ONE_POINT,100,100,RANDOM
truncation_40,0.5,40,140,14100,61.52946591377258,78182,78814.72,ONE_POINT,100,100,RANDOM
truncation_40,0.5,40,141,14200,62.02394461631775,78182,78667.39,ONE_POINT,100,100,RANDOM
truncation_40,0.5,40,142,14300,62.50178146362305,78008,78484.13,ONE_POINT,100,100,RANDOM
truncation_40,0.5,40,143,14400,62.96523380279541,77811,78367.01,ONE_POINT,100,100,RANDOM
truncation_40,0.5,40,144,14500,63.40725588798523,77674,78210.02,ONE_POINT,100,100,RANDOM
truncation_40,0.5,40,145,14600,63.82613277435303,77397,78070.78,ONE_POINT,100,100,RANDOM
truncation_40,0.5,40,146,14700,64.26097822189331,77397,77953.49,ONE_POINT,100,100,RANDOM
truncation_40,0.5,40,147,14800,64.69442820549011,77176,77792.98,ONE_POINT,100,100,RANDOM
truncation_40,0.5,40,148,14900,65.14192652702332,77134,77597.24,ONE_POINT,100,100,RANDOM
truncation_40,0.5,40,149,15000,65.58929085731506,76920,77391.14,ONE_POINT,100,100,RANDOM
truncation_40,0.5,40,150,15100,66.06227898597717,76888,77253.39,ONE_POINT,100,100,RANDOM
truncation_40,0.5,40,151,15200,66.55566596984863,76473,77107.39,ONE_POINT,100,100,RANDOM
truncation_40,0.5,40,152,15300,67.05558848381042,76431,76909.05,ONE_POINT,100,100,RANDOM
truncation_40,0.5,40,153,15400,67.53511095046997,76281,76742.65,ONE_POINT,100,100,RANDOM
truncation_40,0.5,40,154,15500,67.99208855628967,76206,76544.54,ONE_POINT,100,100,RANDOM
truncation_40,0.5,40,155,15600,68.43051838874817,76114,76412.81,ONE_POINT,100,100,RANDOM
truncation_40,0.5,40,156,15700,68.86556577682495,75761,76299.78,ONE_POINT,100,100,RANDOM
truncation_40,0.5,40,157,15800,69.31368970870972,75660,76123.36,ONE_POINT,100,100,RANDOM
truncation_40,0.5,40,158,15900,69.76981925964355,75284,75962.5,ONE_POINT,100,100,RANDOM
truncation_40,0.5,40,159,16000,70.21009039878845,74966,75756.81,ONE_POINT,100,100,RANDOM
truncation_40,0.5,40,160,16100,70.64083409309387,74966,75564.15,ONE_POINT,100,100,RANDOM
truncation_40,0.5,40,161,16200,71.09019041061401,74947,75348.89,ONE_POINT,100,100,RANDOM
truncation_40,0.5,40,162,16300,71.51644706726074,74522,75076.46,ONE_POINT,100,100,RANDOM
truncation_40,0.5,40,163,16400,71.96691942214966,74266,74866.8,ONE_POINT,100,100,RANDOM
truncation_40,0.5,40,164,16500,72.39512372016907,73891,74716.64,ONE_POINT,100,100,RANDOM
truncation_40,0.5,40,165,16600,72.82991623878479,73806,74519.08,ONE_POINT,100,100,RANDOM
truncation_40,0.5,40,166,16700,73.25364017486572,73655,74326.27,ONE_POINT,100,100,RANDOM
truncation_40,0.5,40,167,16800,73.68308568000793,73438,74023.23,ONE_POINT,100,100,RANDOM
truncation_40,0.5,40,168,16900,74.13030123710632,73438,73827.38,ONE_POINT,100,100,RANDOM
truncation_40,0.5,40,169,17000,74.55921125411987,73289,73689.24,ONE_POINT,100,100,RANDOM
truncation_40,0.5,40,170,17100,75.00233793258667,72979,73556.3,ONE_POINT,100,100,RANDOM
truncation_40,0.5,40,171,17200,75.43076372146606,72879,73451.88,ONE_POINT,100,100,RANDOM
truncation_40,0.5,40,172,17300,75.85977816581726,72879,73375.11,ONE_POINT,100,100,RANDOM
truncation_40,0.5,40,173,17400,76.30882835388184,72879,73293.48,ONE_POINT,100,100,RANDOM
truncation_40,0.5,40,174,17500,76.73942804336548,72633,73188.39,ONE_POINT,100,100,RANDOM
truncation_40,0.5,40,175,17600,77.18149328231812,72633,73091.1,ONE_POINT,100,100,RANDOM
truncation_40,0.5,40,176,17700,77.60936164855957,72446,72937.12,ONE_POINT,100,100,RANDOM
truncation_40,0.5,40,177,17800,78.03546094894409,72378,72762.21,ONE_POINT,100,100,RANDOM
truncation_40,0.5,40,178,17900,78.48744511604309,72126,72591.99,ONE_POINT,100,100,RANDOM
truncation_40,0.5,40,179,18000,78.91845512390137,72056,72482.29,ONE_POINT,100,100,RANDOM
truncation_40,0.5,40,180,18100,79.35291123390198,71976,72365.75,ONE_POINT,100,100,RANDOM
truncation_40,0.5,40,181,18200,79.78848052024841,71908,72286.4,ONE_POINT,100,100,RANDOM
truncation_40,0.5,40,182,18300,80.2162709236145,71341,72129.13,ONE_POINT,100,100,RANDOM
truncation_40,0.5,40,183,18400,80.66128373146057,71229,71958.0,ONE_POINT,100,100,RANDOM
truncation_40,0.5,40,184,18500,81.08796548843384,71012,71835.61,ONE_POINT,100,100,RANDOM
truncation_40,0.5,40,185,18600,81.52349162101746,70803,71700.76,ONE_POINT,100,100,RANDOM
truncation_40,0.5,40,186,18700,81.94924759864807,70803,71543.86,ONE_POINT,100,100,RANDOM
truncation_40,0.5,40,187,18800,82.37723922729492,70803,71402.06,ONE_POINT,100,100,RANDOM
truncation_40,0.5,40,188,18900,82.81451654434204,70290,71218.98,ONE_POINT,100,100,RANDOM
truncation_40,0.5,40,189,19000,83.2610514163971,70239,71030.81,ONE_POINT,100,100,RANDOM
truncation_40,0.5,40,190,19100,83.71412920951843,70191,70682.57,ONE_POINT,100,100,RANDOM
truncation_40,0.5,40,191,19200,84.16038155555725,70191,70458.66,ONE_POINT,100,100,RANDOM
truncation_40,0.5,40,192,19300,84.58924102783203,69822,70296.31,ONE_POINT,100,100,RANDOM
truncation_40,0.5,40,193,19400,85.03686141967773,69763,70237.68,ONE_POINT,100,100,RANDOM
truncation_40,0.5,40,194,19500,85.47955465316772,69655,70159.03,ONE_POINT,100,100,RANDOM
truncation_40,0.5,40,195,19600,85.91748285293579,69449,70069.6,ONE_POINT,100,100,RANDOM
truncation_40,0.5,40,196,19700,86.34908604621887,69404,69962.16,ONE_POINT,100,100,RANDOM
truncation_40,0.5,40,197,19800,86.79039144515991,69327,69807.83,ONE_POINT,100,100,RANDOM
truncation_40,0.5,40,198,19900,87.25092101097107,69061,69652.01,ONE_POINT,100,100,RANDOM
truncation_40,0.5,40,199,20000,87.69071292877197,69016,69474.48,ONE_POINT,100,100,RANDOM
truncation_40,0.5,40,200,20100,88.11108303070068,68849,69307.78,ONE_POINT,100,100,RANDOM
truncation_40,0.5,40,201,20200,88.54904747009277,68788,69188.08,ONE_POINT,100,100,RANDOM
truncation_40,0.5,40,202,20300,88.98274159431458,68583,69051.81,ONE_POINT,100,100,RANDOM
truncation_40,0.5,40,203,20400,89.41964960098267,68260,68921.24,ONE_POINT,100,100,RANDOM
truncation_40,0.5,40,204,20500,89.86785387992859,68081,68818.26,ONE_POINT,100,100,RANDOM
truncation_40,0.5,40,205,20600,90.2916419506073,67697,68675.25,ONE_POINT,100,100,RANDOM
truncation_40,0.5,40,206,20700,90.7168653011322,67697,68552.61,ONE_POINT,100,100,RANDOM
truncation_40,0.5,40,207,20800,91.14357900619507,67697,68399.22,ONE_POINT,100,100,RANDOM
truncation_40,0.5,40,208,20900,91.61435222625732,67697,68160.47,ONE_POINT,100,100,RANDOM
truncation_40,0.5,40,209,21000,92.05261611938477,67255,67983.35,ONE_POINT,100,100,RANDOM
truncation_40,0.5,40,210,21100,92.4775002002716,67255,67840.78,ONE_POINT,100,100,RANDOM
truncation_40,0.5,40,211,21200,92.91659641265869,66995,67689.59,ONE_POINT,100,100,RANDOM
truncation_40,0.5,40,212,21300,93.35189986228943,66967,67591.47,ONE_POINT,100,100,RANDOM
truncation_40,0.5,40,213,21400,93.8061625957489,66967,67401.25,ONE_POINT,100,100,RANDOM
truncation_40,0.5,40,214,21500,94.24590706825256,66709,67229.85,ONE_POINT,100,100,RANDOM
truncation_40,0.5,40,215,21600,94.67430067062378,66658,67055.64,ONE_POINT,100,100,RANDOM
truncation_40,0.5,40,216,21700,95.11837363243103,66488,66938.65,ONE_POINT,100,100,RANDOM
truncation_40,0.5,40,217,21800,95.55154991149902,66486,66811.43,ONE_POINT,100,100,RANDOM
truncation_40,0.5,40,218,21900,96.01235389709473,66334,66675.87,ONE_POINT,100,100,RANDOM
truncation_40,0.5,40,219,22000,96.44628882408142,66053,66527.86,ONE_POINT,100,100,RANDOM
truncation_40,0.5,40,220,22100,96.8665280342102,65684,66362.95,ONE_POINT,100,100,RANDOM
truncation_40,0.5,40,221,22200,97.28197431564331,65684,66216.0,ONE_POINT,100,100,RANDOM
truncation_40,0.5,40,222,22300,97.71356058120728,65504,66056.27,ONE_POINT,100,100,RANDOM
truncation_40,0.5,40,223,22400,98.15824580192566,65445,65873.15,ONE_POINT,100,100,RANDOM
truncation_40,0.5,40,224,22500,98.58115029335022,65316,65752.96,ONE_POINT,100,100,RANDOM
truncation_40,0.5,40,225,22600,99.03445291519165,65149,65626.84,ONE_POINT,100,100,RANDOM
truncation_40,0.5,40,226,22700,99.46307563781738,64972,65512.51,ONE_POINT,100,100,RANDOM
truncation_40,0.5,40,227,22800,99.90035724639893,64823,65350.54,ONE_POINT,100,100,RANDOM
truncation_40,0.5,40,228,22900,100.34395742416382,64596,65149.63,ONE_POINT,100,100,RANDOM
truncation_40,0.5,40,229,23000,100.78966283798218,64233,64978.52,ONE_POINT,100,100,RANDOM
truncation_40,0.5,40,230,23100,101.22616672515869,64211,64813.81,ONE_POINT,100,100,RANDOM
truncation_40,0.5,40,231,23200,101.6634156703949,64178,64658.07,ONE_POINT,100,100,RANDOM
truncation_40,0.5,40,232,23300,102.20558071136475,63964,64456.44,ONE_POINT,100,100,RANDOM
truncation_40,0.5,40,233,23400,102.657071352005,63711,64301.2,ONE_POINT,100,100,RANDOM
truncation_40,0.5,40,234,23500,103.10303211212158,63632,64117.09,ONE_POINT,100,100,RANDOM
truncation_40,0.5,40,235,23600,103.54157733917236,63559,63949.64,ONE_POINT,100,100,RANDOM
truncation_40,0.5,40,236,23700,103.976886510849,63188,63803.65,ONE_POINT,100,100,RANDOM
truncation_40,0.5,40,237,23800,104.41591501235962,63149,63675.14,ONE_POINT,100,100,RANDOM
truncation_40,0.5,40,238,23900,104.88646578788757,63121,63558.3,ONE_POINT,100,100,RANDOM
truncation_40,0.5,40,239,24000,105.32309007644653,63014,63423.52,ONE_POINT,100,100,RANDOM
truncation_40,0.5,40,240,24100,105.7476236820221,62998,63238.39,ONE_POINT,100,100,RANDOM
truncation_40,0.5,40,241,24200,106.18427896499634,62728,63118.49,ONE_POINT,100,100,RANDOM
truncation_40,0.5,40,242,24300,106.62116575241089,62728,63048.76,ONE_POINT,100,100,RANDOM
truncation_40,0.5,40,243,24400,107.07521510124207,62723,62956.4,ONE_POINT,100,100,RANDOM
truncation_40,0.5,40,244,24500,107.51482319831848,62526,62862.12,ONE_POINT,100,100,RANDOM
truncation_40,0.5,40,245,24600,107.94615268707275,62526,62763.75,ONE_POINT,100,100,RANDOM
truncation_40,0.5,40,246,24700,108.3803780078888,62284,62692.93,ONE_POINT,100,100,RANDOM
truncation_40,0.5,40,247,24800,108.81448554992676,62213,62597.62,ONE_POINT,100,100,RANDOM
truncation_40,0.5,40,248,24900,109.25881028175354,62035,62460.86,ONE_POINT,100,100,RANDOM
truncation_40,0.5,40,249,25000,109.68132328987122,62005,62341.51,ONE_POINT,100,100,RANDOM
truncation_40,0.5,40,250,25100,110.12631058692932,61804,62197.7,ONE_POINT,100,100,RANDOM
truncation_40,0.5,40,251,25200,110.57906150817871,61601,62057.69,ONE_POINT,100,100,RANDOM
truncation_40,0.5,40,252,25300,111.00904273986816,61348,61922.12,ONE_POINT,100,100,RANDOM
truncation_40,0.5,40,253,25400,111.44264364242554,61348,61786.2,ONE_POINT,100,100,RANDOM
truncation_40,0.5,40,254,25500,111.86773872375488,61229,61670.48,ONE_POINT,100,100,RANDOM
truncation_40,0.5,40,255,25600,112.30310273170471,61222,61595.82,ONE_POINT,100,100,RANDOM
truncation_40,0.5,40,256,25700,112.74145817756653,61094,61482.36,ONE_POINT,100,100,RANDOM
truncation_40,0.5,40,257,25800,113.18304681777954,61074,61373.16,ONE_POINT,100,100,RANDOM
truncation_40,0.5,40,258,25900,113.6319580078125,61074,61262.44,ONE_POINT,100,100,RANDOM
truncation_40,0.5,40,259,26000,114.05988383293152,61001,61196.55,ONE_POINT,100,100,RANDOM
truncation_40,0.5,40,260,26100,114.49778771400452,60846,61158.51,ONE_POINT,100,100,RANDOM
truncation_40,0.5,40,261,26200,114.94977951049805,60730,61089.14,ONE_POINT,100,100,RANDOM
truncation_40,0.5,40,262,26300,115.37658500671387,60730,61031.13,ONE_POINT,100,100,RANDOM
truncation_40,0.5,40,263,26400,115.80120873451233,60713,60942.01,ONE_POINT,100,100,RANDOM
truncation_40,0.5,40,264,26500,116.23389840126038,60509,60857.26,ONE_POINT,100,100,RANDOM
truncation_40,0.5,40,265,26600,116.67562532424927,60294,60798.42,ONE_POINT,100,100,RANDOM
truncation_40,0.5,40,266,26700,117.12013125419617,60294,60721.44,ONE_POINT,100,100,RANDOM
truncation_40,0.5,40,267,26800,117.56845116615295,60294,60627.72,ONE_POINT,100,100,RANDOM
truncation_40,0.5,40,268,26900,117.99668526649475,60159,60495.03,ONE_POINT,100,100,RANDOM
truncation_40,0.5,40,269,27000,118.42672562599182,60073,60418.76,ONE_POINT,100,100,RANDOM
truncation_40,0.5,40,270,27100,118.86985635757446,60073,60363.7,ONE_POINT,100,100,RANDOM
truncation_40,0.5,40,271,27200,119.31543731689453,60073,60294.04,ONE_POINT,100,100,RANDOM
truncation_40,0.5,40,272,27300,119.73652148246765,59960,60203.91,ONE_POINT,100,100,RANDOM
truncation_40,0.5,40,273,27400,120.18120098114014,59733,60121.02,ONE_POINT,100,100,RANDOM
truncation_40,0.5,40,274,27500,120.6457109451294,59611,60018.1,ONE_POINT,100,100,RANDOM
truncation_40,0.5,40,275,27600,121.08010768890381,59480,59885.82,ONE_POINT,100,100,RANDOM
truncation_40,0.5,40,276,27700,121.52658152580261,59480,59750.36,ONE_POINT,100,100,RANDOM
truncation_40,0.5,40,277,27800,121.96596932411194,59430,59649.21,ONE_POINT,100,100,RANDOM
truncation_40,0.5,40,278,27900,122.41005039215088,59311,59553.55,ONE_POINT,100,100,RANDOM
truncation_40,0.5,40,279,28000,122.83717966079712,59110,59479.96,ONE_POINT,100,100,RANDOM
truncation_40,0.5,40,280,28100,123.29284572601318,58821,59414.34,ONE_POINT,100,100,RANDOM
truncation_40,0.5,40,281,28200,123.72496247291565,58821,59330.83,ONE_POINT,100,100,RANDOM
truncation_40,0.5,40,282,28300,124.15196776390076,58821,59256.69,ONE_POINT,100,100,RANDOM
truncation_40,0.5,40,283,28400,124.58286786079407,58726,59163.49,ONE_POINT,100,100,RANDOM
truncation_40,0.5,40,284,28500,125.05081057548523,58726,59058.09,ONE_POINT,100,100,RANDOM
truncation_40,0.5,40,285,28600,125.50362920761108,58691,58940.25,ONE_POINT,100,100,RANDOM
truncation_40,0.5,40,286,28700,125.9461350440979,58554,58866.97,ONE_POINT,100,100,RANDOM
truncation_40,0.5,40,287,28800,126.37446904182434,58478,58785.31,ONE_POINT,100,100,RANDOM
truncation_40,0.5,40,288,28900,126.81355333328247,58478,58736.89,ONE_POINT,100,100,RANDOM
truncation_40,0.5,40,289,29000,127.24527502059937,58408,58646.55,ONE_POINT,100,100,RANDOM
truncation_40,0.5,40,290,29100,127.67737674713135,58378,58564.14,ONE_POINT,100,100,RANDOM
truncation_40,0.5,40,291,29200,128.1101953983307,58053,58450.36,ONE_POINT,100,100,RANDOM
truncation_40,0.5,40,292,29300,128.5488817691803,57969,58333.27,ONE_POINT,100,100,RANDOM
truncation_40,0.5,40,293,29400,128.99458503723145,57956,58231.45,ONE_POINT,100,100,RANDOM
truncation_40,0.5,40,294,29500,129.42714738845825,57841,58127.44,ONE_POINT,100,100,RANDOM
truncation_40,0.5,40,295,29600,129.88274955749512,57446,58019.37,ONE_POINT,100,100,RANDOM
truncation_40,0.5,40,296,29700,130.3111913204193,57446,57929.54,ONE_POINT,100,100,RANDOM
truncation_40,0.5,40,297,29800,130.74142694473267,57278,57798.81,ONE_POINT,100,100,RANDOM
truncation_40,0.5,40,298,29900,131.16901636123657,57278,57648.33,ONE_POINT,100,100,RANDOM
truncation_40,0.5,40,299,30000,131.61405968666077,57149,57488.64,ONE_POINT,100,100,RANDOM
truncation_40,0.5,40,300,30100,132.05585837364197,57149,57372.23,ONE_POINT,100,100,RANDOM
truncation_40,0.5,40,301,30200,132.50275778770447,57149,57291.3,ONE_POINT,100,100,RANDOM
truncation_40,0.5,40,302,30300,132.93759298324585,57053,57245.6,ONE_POINT,100,100,RANDOM
truncation_40,0.5,40,303,30400,133.36570191383362,56980,57200.22,ONE_POINT,100,100,RANDOM
truncation_40,0.5,40,304,30500,133.81340861320496,56912,57152.71,ONE_POINT,100,100,RANDOM
truncation_40,0.5,40,305,30600,134.24642276763916,56860,57089.99,ONE_POINT,100,100,RANDOM
truncation_40,0.5,40,306,30700,134.69167518615723,56426,56968.03,ONE_POINT,100,100,RANDOM
truncation_40,0.5,40,307,30800,135.13658356666565,56426,56876.53,ONE_POINT,100,100,RANDOM
truncation_40,0.5,40,308,30900,135.59241652488708,56426,56785.35,ONE_POINT,100,100,RANDOM
truncation_40,0.5,40,309,31000,136.0308907032013,56314,56705.35,ONE_POINT,100,100,RANDOM
truncation_40,0.5,40,310,31100,136.46776127815247,56282,56627.42,ONE_POINT,100,100,RANDOM
truncation_40,0.5,40,311,31200,136.89605045318604,56282,56538.44,ONE_POINT,100,100,RANDOM
truncation_40,0.5,40,312,31300,137.3306109905243,56048,56450.07,ONE_POINT,100,100,RANDOM
truncation_40,0.5,40,313,31400,137.757563829422,56048,56353.4,ONE_POINT,100,100,RANDOM
truncation_40,0.5,40,314,31500,138.2155089378357,55989,56265.84,ONE_POINT,100,100,RANDOM
truncation_40,0.5,40,315,31600,138.63556599617004,55767,56131.77,ONE_POINT,100,100,RANDOM
truncation_40,0.5,40,316,31700,139.07815217971802,55767,56030.58,ONE_POINT,100,100,RANDOM
truncation_40,0.5,40,317,31800,139.5174810886383,55697,55954.05,ONE_POINT,100,100,RANDOM
truncation_40,0.5,40,318,31900,139.94767808914185,55546,55868.08,ONE_POINT,100,100,RANDOM
truncation_40,0.5,40,319,32000,140.39114427566528,55546,55775.43,ONE_POINT,100,100,RANDOM
truncation_40,0.5,40,320,32100,140.81900143623352,55407,55690.2,ONE_POINT,100,100,RANDOM
truncation_40,0.5,40,321,32200,141.2540807723999,55265,55599.17,ONE_POINT,100,100,RANDOM
truncation_40,0.5,40,322,32300,141.69926142692566,55182,55466.42,ONE_POINT,100,100,RANDOM
truncation_40,0.5,40,323,32400,142.14273023605347,55030,55369.17,ONE_POINT,100,100,RANDOM
truncation_40,0.5,40,324,32500,142.58879351615906,55030,55285.67,ONE_POINT,100,100,RANDOM
truncation_40,0.5,40,325,32600,143.02866625785828,54609,55162.66,ONE_POINT,100,100,RANDOM
truncation_40,0.5,40,326,32700,143.4691400527954,54590,55008.57,ONE_POINT,100,100,RANDOM
truncation_40,0.5,40,327,32800,143.91128182411194,54506,54861.12,ONE_POINT,100,100,RANDOM
truncation_40,0.5,40,328,32900,144.3572986125946,54335,54692.6,ONE_POINT,100,100,RANDOM
truncation_40,0.5,40,329,33000,144.79550290107727,54312,54577.29,ONE_POINT,100,100,RANDOM
truncation_40,0.5,40,330,33100,145.2249138355255,54199,54461.7,ONE_POINT,100,100,RANDOM
truncation_40,0.5,40,331,33200,145.66457104682922,54074,54367.26,ONE_POINT,100,100,RANDOM
truncation_40,0.5,40,332,33300,146.09863424301147,54065,54274.69,ONE_POINT,100,100,RANDOM
truncation_40,0.5,40,333,33400,146.52569913864136,53847,54170.73,ONE_POINT,100,100,RANDOM
truncation_40,0.5,40,334,33500,146.95616507530212,53847,54087.57,ONE_POINT,100,100,RANDOM
truncation_40,0.5,40,335,33600,147.39176845550537,53764,54023.09,ONE_POINT,100,100,RANDOM
truncation_40,0.5,40,336,33700,147.836585521698,53764,53980.92,ONE_POINT,100,100,RANDOM
truncation_40,0.5,40,337,33800,148.27139282226562,53644,53923.41,ONE_POINT,100,100,RANDOM
truncation_40,0.5,40,338,33900,148.733656167984,53556,53855.1,ONE_POINT,100,100,RANDOM
truncation_40,0.5,40,339,34000,149.1694769859314,53447,53771.95,ONE_POINT,100,100,RANDOM
truncation_40,0.5,40,340,34100,149.6039640903473,53228,53647.33,ONE_POINT,100,100,RANDOM
truncation_40,0.5,40,341,34200,150.03788447380066,53211,53540.98,ONE_POINT,100,100,RANDOM
truncation_40,0.5,40,342,34300,150.47610354423523,53167,53470.93,ONE_POINT,100,100,RANDOM
truncation_40,0.5,40,343,34400,150.90925526618958,53167,53355.84,ONE_POINT,100,100,RANDOM
truncation_40,0.5,40,344,34500,151.35187482833862,52797,53274.07,ONE_POINT,100,100,RANDOM
truncation_40,0.5,40,345,34600,151.8008041381836,52797,53215.43,ONE_POINT,100,100,RANDOM
truncation_40,0.5,40,346,34700,152.23264598846436,52797,53153.93,ONE_POINT,100,100,RANDOM
truncation_40,0.5,40,347,34800,152.68232917785645,52779,53053.0,ONE_POINT,100,100,RANDOM
truncation_40,0.5,40,348,34900,153.10669898986816,52721,52979.28,ONE_POINT,100,100,RANDOM
truncation_40,0.5,40,349,35000,153.53734636306763,52669,52887.46,ONE_POINT,100,100,RANDOM
truncation_40,0.5,40,350,35100,153.9675407409668,52445,52812.96,ONE_POINT,100,100,RANDOM
truncation_40,0.5,40,351,35200,154.41910886764526,52439,52735.66,ONE_POINT,100,100,RANDOM
truncation_40,0.5,40,352,35300,154.85180687904358,52439,52636.53,ONE_POINT,100,100,RANDOM
truncation_40,0.5,40,353,35400,155.2877426147461,52334,52544.78,ONE_POINT,100,100,RANDOM
truncation_40,0.5,40,354,35500,155.72686505317688,52308,52458.84,ONE_POINT,100,100,RANDOM
truncation_40,0.5,40,355,35600,156.14502215385437,52173,52384.96,ONE_POINT,100,100,RANDOM
truncation_40,0.5,40,356,35700,156.58653855323792,52012,52306.91,ONE_POINT,100,100,RANDOM
truncation_40,0.5,40,357,35800,157.01728343963623,51942,52237.78,ONE_POINT,100,100,RANDOM
truncation_40,0.5,40,358,35900,157.44841384887695,51805,52138.48,ONE_POINT,100,100,RANDOM
truncation_40,0.5,40,359,36000,157.89858555793762,51715,52035.21,ONE_POINT,100,100,RANDOM
truncation_40,0.5,40,360,36100,158.32583379745483,51583,51939.17,ONE_POINT,100,100,RANDOM
truncation_40,0.5,40,361,36200,158.75024557113647,51387,51814.01,ONE_POINT,100,100,RANDOM
truncation_40,0.5,40,362,36300,159.2410569190979,51387,51737.23,ONE_POINT,100,100,RANDOM
truncation_40,0.5,40,363,36400,159.67790842056274,51387,51649.06,ONE_POINT,100,100,RANDOM
truncation_40,0.5,40,364,36500,160.11529898643494,51387,51577.36,ONE_POINT,100,100,RANDOM
truncation_40,0.5,40,365,36600,160.53616881370544,51277,51507.5,ONE_POINT,100,100,RANDOM
truncation_40,0.5,40,366,36700,160.97565960884094,51203,51437.98,ONE_POINT,100,100,RANDOM
truncation_40,0.5,40,367,36800,161.40324521064758,51172,51375.18,ONE_POINT,100,100,RANDOM
truncation_40,0.5,40,368,36900,161.8662211894989,51109,51340.06,ONE_POINT,100,100,RANDOM
truncation_40,0.5,40,369,37000,162.33055353164673,51103,51297.0,ONE_POINT,100,100,RANDOM
truncation_40,0.5,40,370,37100,162.81169867515564,50963,51236.58,ONE_POINT,100,100,RANDOM
truncation_40,0.5,40,371,37200,163.25389742851257,50963,51190.28,ONE_POINT,100,100,RANDOM
truncation_40,0.5,40,372,37300,163.6865153312683,50963,51141.48,ONE_POINT,100,100,RANDOM
truncation_40,0.5,40,373,37400,164.12032413482666,50874,51078.84,ONE_POINT,100,100,RANDOM
truncation_40,0.5,40,374,37500,164.55753374099731,50794,51026.29,ONE_POINT,100,100,RANDOM
truncation_40,0.5,40,375,37600,164.9781837463379,50794,50984.88,ONE_POINT,100,100,RANDOM
truncation_40,0.5,40,376,37700,165.41563320159912,50665,50926.32,ONE_POINT,100,100,RANDOM
truncation_40,0.5,40,377,37800,165.83635306358337,50665,50856.19,ONE_POINT,100,100,RANDOM
truncation_40,0.5,40,378,37900,166.2660722732544,50565,50791.15,ONE_POINT,100,100,RANDOM
truncation_40,0.5,40,379,38000,166.71571826934814,50565,50738.7,ONE_POINT,100,100,RANDOM
truncation_40,0.5,40,380,38100,167.16158032417297,50330,50649.92,ONE_POINT,100,100,RANDOM
truncation_40,0.5,40,381,38200,167.60490345954895,50330,50580.2,ONE_POINT,100,100,RANDOM
truncation_40,0.5,40,382,38300,168.04351592063904,50330,50518.71,ONE_POINT,100,100,RANDOM
truncation_40,0.5,40,383,38400,168.47271513938904,50208,50450.7,ONE_POINT,100,100,RANDOM
truncation_40,0.5,40,384,38500,168.92331647872925,50208,50395.64,ONE_POINT,100,100,RANDOM
truncation_40,0.5,40,385,38600,169.36835312843323,50112,50327.26,ONE_POINT,100,100,RANDOM
truncation_40,0.5,40,386,38700,169.80078148841858,50112,50292.25,ONE_POINT,100,100,RANDOM
truncation_40,0.5,40,387,38800,170.23110127449036,50092,50238.5,ONE_POINT,100,100,RANDOM
truncation_40,0.5,40,388,38900,170.66456174850464,50059,50201.41,ONE_POINT,100,100,RANDOM
truncation_40,0.5,40,389,39000,171.1032190322876,50002,50152.4,ONE_POINT,100,100,RANDOM
truncation_40,0.5,40,390,39100,171.54579210281372,49805,50088.96,ONE_POINT,100,100,RANDOM
truncation_40,0.5,40,391,39200,171.97939252853394,49805,50052.71,ONE_POINT,100,100,RANDOM
truncation_40,0.5,40,392,39300,172.41616988182068,49805,50000.46,ONE_POINT,100,100,RANDOM
truncation_40,0.5,40,393,39400,172.8396155834198,49727,49939.76,ONE_POINT,100,100,RANDOM
truncation_40,0.5,40,394,39500,173.27070116996765,49576,49875.51,ONE_POINT,100,100,RANDOM
truncation_40,0.5,40,395,39600,173.72276258468628,49489,49815.17,ONE_POINT,100,100,RANDOM
truncation_40,0.5,40,396,39700,174.15067863464355,49489,49747.79,ONE_POINT,100,100,RANDOM
truncation_40,0.5,40,397,39800,174.5845024585724,49455,49663.45,ONE_POINT,100,100,RANDOM
truncation_40,0.5,40,398,39900,175.01680541038513,49455,49581.55,ONE_POINT,100,100,RANDOM
truncation_40,0.5,40,399,40000,175.46227097511292,49433,49547.24,ONE_POINT,100,100,RANDOM
truncation_40,0.5,40,400,40100,175.89930701255798,49363,49512.22,ONE_POINT,100,100,RANDOM
truncation_40,0.5,40,401,40200,176.342280626297,49363,49475.7,ONE_POINT,100,100,RANDOM
truncation_40,0.5,40,402,40300,176.76727485656738,49267,49432.09,ONE_POINT,100,100,RANDOM
truncation_40,0.5,40,403,40400,177.1951961517334,49230,49402.47,ONE_POINT,100,100,RANDOM
truncation_40,0.5,40,404,40500,177.64709949493408,49198,49373.56,ONE_POINT,100,100,RANDOM
truncation_40,0.5,40,405,40600,178.0832395553589,49177,49337.92,ONE_POINT,100,100,RANDOM
truncation_40,0.5,40,406,40700,178.51619839668274,49105,49278.33,ONE_POINT,100,100,RANDOM
truncation_40,0.5,40,407,40800,178.934739112854,49047,49236.2,ONE_POINT,100,100,RANDOM
truncation_40,0.5,40,408,40900,179.36940217018127,48970,49190.77,ONE_POINT,100,100,RANDOM
truncation_40,0.5,40,409,41000,179.82224822044373,48939,49150.4,ONE_POINT,100,100,RANDOM
truncation_40,0.5,40,410,41100,180.25414752960205,48659,49079.33,ONE_POINT,100,100,RANDOM
truncation_40,0.5,40,411,41200,180.6823811531067,48659,49000.14,ONE_POINT,100,100,RANDOM
truncation_40,0.5,40,412,41300,181.12211418151855,48659,48922.77,ONE_POINT,100,100,RANDOM
truncation_40,0.5,40,413,41400,181.55650973320007,48565,48866.33,ONE_POINT,100,100,RANDOM
truncation_40,0.5,40,414,41500,182.01846027374268,48565,48801.12,ONE_POINT,100,100,RANDOM
truncation_40,0.5,40,415,41600,182.44427514076233,48526,48716.9,ONE_POINT,100,100,RANDOM
truncation_40,0.5,40,416,41700,182.8945276737213,48466,48632.7,ONE_POINT,100,100,RANDOM
truncation_40,0.5,40,417,41800,183.3245587348938,48400,48595.46,ONE_POINT,100,100,RANDOM
truncation_40,0.5,40,418,41900,183.7743854522705,48353,48558.13,ONE_POINT,100,100,RANDOM
truncation_40,0.5,40,419,42000,184.2490222454071,48353,48534.55,ONE_POINT,100,100,RANDOM
truncation_40,0.5,40,420,42100,184.6838014125824,48255,48491.11,ONE_POINT,100,100,RANDOM
truncation_40,0.5,40,421,42200,185.11074924468994,48216,48439.67,ONE_POINT,100,100,RANDOM
truncation_40,0.5,40,422,42300,185.538733959198,48216,48381.37,ONE_POINT,100,100,RANDOM
truncation_40,0.5,40,423,42400,185.9699935913086,48216,48330.23,ONE_POINT,100,100,RANDOM
truncation_40,0.5,40,424,42500,186.44853568077087,48133,48278.56,ONE_POINT,100,100,RANDOM
truncation_40,0.5,40,425,42600,186.87299156188965,48133,48244.09,ONE_POINT,100,100,RANDOM
truncation_40,0.5,40,426,42700,187.31017065048218,48007,48208.99,ONE_POINT,100,100,RANDOM
truncation_40,0.5,40,427,42800,187.75593209266663,47886,48177.6,ONE_POINT,100,100,RANDOM
truncation_40,0.5,40,428,42900,188.1957151889801,47886,48112.52,ONE_POINT,100,100,RANDOM
truncation_40,0.5,40,429,43000,188.64780044555664,47886,48060.83,ONE_POINT,100,100,RANDOM
truncation_40,0.5,40,430,43100,189.07634115219116,47776,47979.48,ONE_POINT,100,100,RANDOM
truncation_40,0.5,40,431,43200,189.5152006149292,47776,47917.81,ONE_POINT,100,100,RANDOM
truncation_40,0.5,40,432,43300,189.95497608184814,47776,47872.93,ONE_POINT,100,100,RANDOM
truncation_40,0.5,40,433,43400,190.41844511032104,47755,47839.1,ONE_POINT,100,100,RANDOM
truncation_40,0.5,40,434,43500,190.8845329284668,47722,47810.35,ONE_POINT,100,100,RANDOM
truncation_40,0.5,40,435,43600,191.32148814201355,47679,47778.34,ONE_POINT,100,100,RANDOM
truncation_40,0.5,40,436,43700,191.75832891464233,47665,47754.21,ONE_POINT,100,100,RANDOM
truncation_40,0.5,40,437,43800,192.18385195732117,47546,47726.62,ONE_POINT,100,100,RANDOM
truncation_40,0.5,40,438,43900,192.63962769508362,47516,47688.15,ONE_POINT,100,100,RANDOM
truncation_40,0.5,40,439,44000,193.072167634964,47505,47637.23,ONE_POINT,100,100,RANDOM
truncation_40,0.5,40,440,44100,193.4987668991089,47356,47567.07,ONE_POINT,100,100,RANDOM
truncation_40,0.5,40,441,44200,193.9228355884552,47289,47499.04,ONE_POINT,100,100,RANDOM
truncation_40,0.5,40,442,44300,194.37200164794922,47289,47457.89,ONE_POINT,100,100,RANDOM
truncation_40,0.5,40,443,44400,194.80746054649353,47283,47397.53,ONE_POINT,100,100,RANDOM
truncation_40,0.5,40,444,44500,195.2519338130951,47172,47344.35,ONE_POINT,100,100,RANDOM
truncation_40,0.5,40,445,44600,195.68170857429504,47169,47304.07,ONE_POINT,100,100,RANDOM
truncation_40,0.5,40,446,44700,196.1240520477295,47000,47267.74,ONE_POINT,100,100,RANDOM
truncation_40,0.5,40,447,44800,196.56192183494568,46966,47219.08,ONE_POINT,100,100,RANDOM
truncation_40,0.5,40,448,44900,196.97901940345764,46962,47167.37,ONE_POINT,100,100,RANDOM
truncation_40,0.5,40,449,45000,197.44427371025085,46909,47110.37,ONE_POINT,100,100,RANDOM
truncation_40,0.5,40,450,45100,197.8704903125763,46909,47037.48,ONE_POINT,100,100,RANDOM
truncation_40,0.5,40,451,45200,198.3148775100708,46738,46987.27,ONE_POINT,100,100,RANDOM
truncation_40,0.5,40,452,45300,198.76587224006653,46696,46931.7,ONE_POINT,100,100,RANDOM
truncation_40,0.5,40,453,45400,199.19630026817322,46548,46877.53,ONE_POINT,100,100,RANDOM
truncation_40,0.5,40,454,45500,199.6327133178711,46548,46827.1,ONE_POINT,100,100,RANDOM
truncation_40,0.5,40,455,45600,200.06925582885742,46548,46794.81,ONE_POINT,100,100,RANDOM
truncation_40,0.5,40,456,45700,200.50406455993652,46442,46754.18,ONE_POINT,100,100,RANDOM
truncation_40,0.5,40,457,45800,200.9496829509735,46442,46710.05,ONE_POINT,100,100,RANDOM
truncation_40,0.5,40,458,45900,201.403493642807,46442,46645.17,ONE_POINT,100,100,RANDOM
truncation_40,0.5,40,459,46000,201.86920833587646,46428,46587.76,ONE_POINT,100,100,RANDOM
truncation_40,0.5,40,460,46100,202.29882645606995,46428,46551.61,ONE_POINT,100,100,RANDOM
truncation_40,0.5,40,461,46200,202.72455501556396,46376,46492.58,ONE_POINT,100,100,RANDOM
truncation_40,0.5,40,462,46300,203.17867064476013,46318,46449.55,ONE_POINT,100,100,RANDOM
truncation_40,0.5,40,463,46400,203.60757446289062,46292,46425.32,ONE_POINT,100,100,RANDOM
truncation_40,0.5,40,464,46500,204.0452024936676,46292,46398.58,ONE_POINT,100,100,RANDOM
truncation_40,0.5,40,465,46600,204.481778383255,46215,46360.55,ONE_POINT,100,100,RANDOM
truncation_40,0.5,40,466,46700,204.92169880867004,46146,46318.21,ONE_POINT,100,100,RANDOM
truncation_40,0.5,40,467,46800,205.36908864974976,46077,46263.08,ONE_POINT,100,100,RANDOM
truncation_40,0.5,40,468,46900,205.809814453125,46057,46210.72,ONE_POINT,100,100,RANDOM
truncation_40,0.5,40,469,47000,206.25390553474426,45893,46155.31,ONE_POINT,100,100,RANDOM
truncation_40,0.5,40,470,47100,206.68194603919983,45855,46100.96,ONE_POINT,100,100,RANDOM
truncation_40,0.5,40,471,47200,207.1283359527588,45855,46049.55,ONE_POINT,100,100,RANDOM
truncation_40,0.5,40,472,47300,207.5707516670227,45784,45991.35,ONE_POINT,100,100,RANDOM
truncation_40,0.5,40,473,47400,208.00290083885193,45784,45931.24,ONE_POINT,100,100,RANDOM
truncation_40,0.5,40,474,47500,208.43885946273804,45740,45882.73,ONE_POINT,100,100,RANDOM
truncation_40,0.5,40,475,47600,208.8742072582245,45740,45850.85,ONE_POINT,100,100,RANDOM
truncation_40,0.5,40,476,47700,209.3304958343506,45588,45808.92,ONE_POINT,100,100,RANDOM
truncation_40,0.5,40,477,47800,209.75908756256104,45588,45780.73,ONE_POINT,100,100,RANDOM
truncation_40,0.5,40,478,47900,210.20608019828796,45588,45730.64,ONE_POINT,100,100,RANDOM
truncation_40,0.5,40,479,48000,210.6485869884491,45494,45691.17,ONE_POINT,100,100,RANDOM
truncation_40,0.5,40,480,48100,211.0849633216858,45320,45609.91,ONE_POINT,100,100,RANDOM
truncation_40,0.5,40,481,48200,211.54308009147644,45301,45521.04,ONE_POINT,100,100,RANDOM
truncation_40,0.5,40,482,48300,211.99163699150085,45268,45445.75,ONE_POINT,100,100,RANDOM
truncation_40,0.5,40,483,48400,212.43190360069275,45168,45373.39,ONE_POINT,100,100,RANDOM
truncation_40,0.5,40,484,48500,212.91839480400085,45162,45299.81,ONE_POINT,100,100,RANDOM
truncation_40,0.5,40,485,48600,213.3596692085266,45084,45218.05,ONE_POINT,100,100,RANDOM
truncation_40,0.5,40,486,48700,213.79642128944397,45043,45160.99,ONE_POINT,100,100,RANDOM
truncation_40,0.5,40,487,48800,214.22597575187683,45043,45120.14,ONE_POINT,100,100,RANDOM
truncation_40,0.5,40,488,48900,214.66762948036194,44871,45086.02,ONE_POINT,100,100,RANDOM
truncation_40,0.5,40,489,49000,215.09669160842896,44871,45055.37,ONE_POINT,100,100,RANDOM
truncation_40,0.5,40,490,49100,215.54437613487244,44871,45031.84,ONE_POINT,100,100,RANDOM
truncation_40,0.5,40,491,49200,215.9970977306366,44855,45005.31,ONE_POINT,100,100,RANDOM
truncation_40,0.5,40,492,49300,216.43201756477356,44819,44968.1,ONE_POINT,100,100,RANDOM
truncation_40,0.5,40,493,49400,216.88628673553467,44819,44927.68,ONE_POINT,100,100,RANDOM
truncation_40,0.5,40,494,49500,217.3257613182068,44802,44905.16,ONE_POINT,100,100,RANDOM
truncation_40,0.5,40,495,49600,217.77632856369019,44773,44890.94,ONE_POINT,100,100,RANDOM
truncation_40,0.5,40,496,49700,218.20539951324463,44734,44870.69,ONE_POINT,100,100,RANDOM
truncation_40,0.5,40,497,49800,218.63440537452698,44718,44857.13,ONE_POINT,100,100,RANDOM
truncation_40,0.5,40,498,49900,219.07070636749268,44718,44843.21,ONE_POINT,100,100,RANDOM
truncation_40,0.5,40,499,50000,219.50760126113892,44694,44817.49,ONE_POINT,100,100,RANDOM
truncation_40,0.5,40,500,50100,219.95088505744934,44694,44785.24,ONE_POINT,100,100,RANDOM
truncation_40,0.5,60,1,200,0.28847336769104004,136488,144373.53,ONE_POINT,100,100,RANDOM
truncation_40,0.5,60,2,300,0.718682050704956,134493,139691.31,ONE_POINT,100,100,RANDOM
truncation_40,0.5,60,3,400,1.1563246250152588,128889,136390.36,ONE_POINT,100,100,RANDOM
truncation_40,0.5,60,4,500,1.5938694477081299,121692,132962.24,ONE_POINT,100,100,RANDOM
truncation_40,0.5,60,5,600,2.0252883434295654,121692,130877.34,ONE_POINT,100,100,RANDOM
truncation_40,0.5,60,6,700,2.4596316814422607,121692,127839.31,ONE_POINT,100,100,RANDOM
truncation_40,0.5,60,7,800,2.9216418266296387,121519,125169.7,ONE_POINT,100,100,RANDOM
truncation_40,0.5,60,8,900,3.3684017658233643,115866,122848.82,ONE_POINT,100,100,RANDOM
truncation_40,0.5,60,9,1000,3.7919394969940186,113937,120476.77,ONE_POINT,100,100,RANDOM
truncation_40,0.5,60,10,1100,4.217602729797363,113937,118618.79,ONE_POINT,100,100,RANDOM
truncation_40,0.5,60,11,1200,4.664743185043335,112700,116200.31,ONE_POINT,100,100,RANDOM
truncation_40,0.5,60,12,1300,5.110919237136841,112700,115159.88,ONE_POINT,100,100,RANDOM
truncation_40,0.5,60,13,1400,5.564887046813965,112025,114375.45,ONE_POINT,100,100,RANDOM
truncation_40,0.5,60,14,1500,5.998727083206177,112025,113740.77,ONE_POINT,100,100,RANDOM
truncation_40,0.5,60,15,1600,6.425040006637573,108533,112886.39,ONE_POINT,100,100,RANDOM
truncation_40,0.5,60,16,1700,6.859813690185547,107990,111938.66,ONE_POINT,100,100,RANDOM
truncation_40,0.5,60,17,1800,7.312314748764038,107990,110921.47,ONE_POINT,100,100,RANDOM
truncation_40,0.5,60,18,1900,7.74998927116394,107046,109663.2,ONE_POINT,100,100,RANDOM
truncation_40,0.5,60,19,2000,8.172608613967896,106423,108600.35,ONE_POINT,100,100,RANDOM
truncation_40,0.5,60,20,2100,8.605698823928833,105312,108062.23,ONE_POINT,100,100,RANDOM
truncation_40,0.5,60,21,2200,9.035298109054565,104514,107618.01,ONE_POINT,100,100,RANDOM
truncation_40,0.5,60,22,2300,9.547793865203857,104514,107030.7,ONE_POINT,100,100,RANDOM
truncation_40,0.5,60,23,2400,9.981898069381714,104204,106594.42,ONE_POINT,100,100,RANDOM
truncation_40,0.5,60,24,2500,10.416499137878418,103923,106151.84,ONE_POINT,100,100,RANDOM
truncation_40,0.5,60,25,2600,10.848228693008423,103813,105450.9,ONE_POINT,100,100,RANDOM
truncation_40,0.5,60,26,2700,11.285353660583496,102897,104743.22,ONE_POINT,100,100,RANDOM
truncation_40,0.5,60,27,2800,11.754879713058472,102354,104188.8,ONE_POINT,100,100,RANDOM
truncation_40,0.5,60,28,2900,12.183030605316162,102354,103697.0,ONE_POINT,100,100,RANDOM
truncation_40,0.5,60,29,3000,12.614840984344482,101033,103184.49,ONE_POINT,100,100,RANDOM
truncation_40,0.5,60,30,3100,13.039973497390747,100807,102752.91,ONE_POINT,100,100,RANDOM
truncation_40,0.5,60,31,3200,13.466565132141113,100698,102206.06,ONE_POINT,100,100,RANDOM
truncation_40,0.5,60,32,3300,13.920340299606323,100698,101708.81,ONE_POINT,100,100,RANDOM
truncation_40,0.5,60,33,3400,14.348965406417847,99604,101124.66,ONE_POINT,100,100,RANDOM
truncation_40,0.5,60,34,3500,14.78149962425232,99247,100709.72,ONE_POINT,100,100,RANDOM
truncation_40,0.5,60,35,3600,15.205373764038086,99119,100466.82,ONE_POINT,100,100,RANDOM
truncation_40,0.5,60,36,3700,15.629211664199829,98782,100072.67,ONE_POINT,100,100,RANDOM
truncation_40,0.5,60,37,3800,16.06924557685852,98247,99652.86,ONE_POINT,100,100,RANDOM
truncation_40,0.5,60,38,3900,16.50609588623047,98247,99162.92,ONE_POINT,100,100,RANDOM
truncation_40,0.5,60,39,4000,16.933383464813232,97267,98704.55,ONE_POINT,100,100,RANDOM
truncation_40,0.5,60,40,4100,17.37519097328186,95215,98295.2,ONE_POINT,100,100,RANDOM
truncation_40,0.5,60,41,4200,17.8165442943573,95215,97906.88,ONE_POINT,100,100,RANDOM
truncation_40,0.5,60,42,4300,18.253406286239624,95215,97493.0,ONE_POINT,100,100,RANDOM
truncation_40,0.5,60,43,4400,18.690255403518677,95049,96878.59,ONE_POINT,100,100,RANDOM
truncation_40,0.5,60,44,4500,19.109946727752686,94690,96215.35,ONE_POINT,100,100,RANDOM
truncation_40,0.5,60,45,4600,19.55618953704834,94192,95502.81,ONE_POINT,100,100,RANDOM
truncation_40,0.5,60,46,4700,20.010135173797607,93412,94922.42,ONE_POINT,100,100,RANDOM
truncation_40,0.5,60,47,4800,20.439260482788086,93095,94648.67,ONE_POINT,100,100,RANDOM
truncation_40,0.5,60,48,4900,20.877681970596313,93095,94366.8,ONE_POINT,100,100,RANDOM
truncation_40,0.5,60,49,5000,21.312025547027588,93095,94135.94,ONE_POINT,100,100,RANDOM
truncation_40,0.5,60,50,5100,21.74662137031555,92917,93984.69,ONE_POINT,100,100,RANDOM
truncation_40,0.5,60,51,5200,22.22210955619812,92917,93804.97,ONE_POINT,100,100,RANDOM
truncation_40,0.5,60,52,5300,22.64933729171753,92544,93641.6,ONE_POINT,100,100,RANDOM
truncation_40,0.5,60,53,5400,23.086143970489502,92121,93387.24,ONE_POINT,100,100,RANDOM
truncation_40,0.5,60,54,5500,23.512772798538208,91944,93171.59,ONE_POINT,100,100,RANDOM
truncation_40,0.5,60,55,5600,23.95051622390747,91944,92816.08,ONE_POINT,100,100,RANDOM
truncation_40,0.5,60,56,5700,24.386873960494995,90880,92434.74,ONE_POINT,100,100,RANDOM
truncation_40,0.5,60,57,5800,24.810685873031616,90758,92057.68,ONE_POINT,100,100,RANDOM
truncation_40,0.5,60,58,5900,25.281762838363647,90478,91635.42,ONE_POINT,100,100,RANDOM
truncation_40,0.5,60,59,6000,25.715523719787598,90212,91204.68,ONE_POINT,100,100,RANDOM
truncation_40,0.5,60,60,6100,26.1532564163208,90212,90784.79,ONE_POINT,100,100,RANDOM
truncation_40,0.5,60,61,6200,26.58995032310486,89845,90519.51,ONE_POINT,100,100,RANDOM
truncation_40,0.5,60,62,6300,27.02989935874939,89234,90204.45,ONE_POINT,100,100,RANDOM
truncation_40,0.5,60,63,6400,27.464754819869995,88387,89832.15,ONE_POINT,100,100,RANDOM
truncation_40,0.5,60,64,6500,27.89539909362793,88171,89441.23,ONE_POINT,100,100,RANDOM
truncation_40,0.5,60,65,6600,28.355623483657837,88022,89009.19,ONE_POINT,100,100,RANDOM
truncation_40,0.5,60,66,6700,28.794854402542114,87971,88650.46,ONE_POINT,100,100,RANDOM
truncation_40,0.5,60,67,6800,29.227131843566895,87423,88229.97,ONE_POINT,100,100,RANDOM
truncation_40,0.5,60,68,6900,29.690346479415894,87423,87958.89,ONE_POINT,100,100,RANDOM
truncation_40,0.5,60,69,7000,30.127060651779175,87086,87760.64,ONE_POINT,100,100,RANDOM
truncation_40,0.5,60,70,7100,30.570009469985962,87086,87587.5,ONE_POINT,100,100,RANDOM
truncation_40,0.5,60,71,7200,31.000788927078247,87085,87429.89,ONE_POINT,100,100,RANDOM
truncation_40,0.5,60,72,7300,31.45591688156128,86968,87300.97,ONE_POINT,100,100,RANDOM
truncation_40,0.5,60,73,7400,31.89266037940979,86654,87121.88,ONE_POINT,100,100,RANDOM
truncation_40,0.5,60,74,7500,32.32381272315979,86583,87007.41,ONE_POINT,100,100,RANDOM
truncation_40,0.5,60,75,7600,32.764084577560425,86101,86876.13,ONE_POINT,100,100,RANDOM
truncation_40,0.5,60,76,7700,33.1931631565094,86101,86740.59,ONE_POINT,100,100,RANDOM
truncation_40,0.5,60,77,7800,33.635725259780884,85600,86584.55,ONE_POINT,100,100,RANDOM
truncation_40,0.5,60,78,7900,34.07416749000549,85600,86401.69,ONE_POINT,100,100,RANDOM
truncation_40,0.5,60,79,8000,34.50986361503601,85600,86249.62,ONE_POINT,100,100,RANDOM
truncation_40,0.5,60,80,8100,34.96043038368225,85337,86053.14,ONE_POINT,100,100,RANDOM
truncation_40,0.5,60,81,8200,35.386446475982666,85337,85868.48,ONE_POINT,100,100,RANDOM
truncation_40,0.5,60,82,8300,35.813857316970825,85337,85671.36,ONE_POINT,100,100,RANDOM
truncation_40,0.5,60,83,8400,36.24801826477051,85091,85518.11,ONE_POINT,100,100,RANDOM
truncation_40,0.5,60,84,8500,36.69032382965088,84696,85376.03,ONE_POINT,100,100,RANDOM
truncation_40,0.5,60,85,8600,37.13224697113037,84313,85237.87,ONE_POINT,100,100,RANDOM
truncation_40,0.5,60,86,8700,37.56170654296875,84313,85060.0,ONE_POINT,100,100,RANDOM
truncation_40,0.5,60,87,8800,37.97872233390808,84077,84846.8,ONE_POINT,100,100,RANDOM
truncation_40,0.5,60,88,8900,38.41843366622925,83865,84584.4,ONE_POINT,100,100,RANDOM
truncation_40,0.5,60,89,9000,38.868757009506226,83674,84404.98,ONE_POINT,100,100,RANDOM
truncation_40,0.5,60,90,9100,39.29254484176636,83546,84231.89,ONE_POINT,100,100,RANDOM
truncation_40,0.5,60,91,9200,39.7153480052948,83474,83999.96,ONE_POINT,100,100,RANDOM
truncation_40,0.5,60,92,9300,40.14654469490051,83243,83792.84,ONE_POINT,100,100,RANDOM
truncation_40,0.5,60,93,9400,40.578152894973755,83082,83604.24,ONE_POINT,100,100,RANDOM
truncation_40,0.5,60,94,9500,41.02584505081177,82549,83402.68,ONE_POINT,100,100,RANDOM
truncation_40,0.5,60,95,9600,41.45349454879761,82376,83185.9,ONE_POINT,100,100,RANDOM
truncation_40,0.5,60,96,9700,41.89314651489258,82376,82962.24,ONE_POINT,100,100,RANDOM
truncation_40,0.5,60,97,9800,42.33515214920044,82174,82749.95,ONE_POINT,100,100,RANDOM
truncation_40,0.5,60,98,9900,42.7665913105011,81855,82564.76,ONE_POINT,100,100,RANDOM
truncation_40,0.5,60,99,10000,43.20957350730896,81615,82360.44,ONE_POINT,100,100,RANDOM
truncation_40,0.5,60,100,10100,43.64440321922302,81615,82190.45,ONE_POINT,100,100,RANDOM
truncation_40,0.5,60,101,10200,44.0812132358551,81227,82055.08,ONE_POINT,100,100,RANDOM
truncation_40,0.5,60,102,10300,44.521174907684326,81227,81879.07,ONE_POINT,100,100,RANDOM
truncation_40,0.5,60,103,10400,44.978216886520386,80981,81699.05,ONE_POINT,100,100,RANDOM
truncation_40,0.5,60,104,10500,45.437742471694946,80981,81522.15,ONE_POINT,100,100,RANDOM
truncation_40,0.5,60,105,10600,45.890305519104004,80567,81356.7,ONE_POINT,100,100,RANDOM
truncation_40,0.5,60,106,10700,46.33755683898926,80498,81142.36,ONE_POINT,100,100,RANDOM
truncation_40,0.5,60,107,10800,46.76719903945923,80498,80972.26,ONE_POINT,100,100,RANDOM
truncation_40,0.5,60,108,10900,47.20900344848633,80436,80847.1,ONE_POINT,100,100,RANDOM
truncation_40,0.5,60,109,11000,47.651352643966675,80137,80689.5,ONE_POINT,100,100,RANDOM
truncation_40,0.5,60,110,11100,48.07875871658325,79675,80517.34,ONE_POINT,100,100,RANDOM
truncation_40,0.5,60,111,11200,48.528939962387085,79653,80305.92,ONE_POINT,100,100,RANDOM
truncation_40,0.5,60,112,11300,48.963473081588745,79549,80073.79,ONE_POINT,100,100,RANDOM
truncation_40,0.5,60,113,11400,49.41549634933472,79377,79857.44,ONE_POINT,100,100,RANDOM
truncation_40,0.5,60,114,11500,49.8617467880249,79257,79667.97,ONE_POINT,100,100,RANDOM
truncation_40,0.5,60,115,11600,50.29271483421326,79145,79545.53,ONE_POINT,100,100,RANDOM
truncation_40,0.5,60,116,11700,50.72625803947449,79020,79402.63,ONE_POINT,100,100,RANDOM
truncation_40,0.5,60,117,11800,51.14888095855713,78420,79279.02,ONE_POINT,100,100,RANDOM
truncation_40,0.5,60,118,11900,51.603984117507935,78391,79130.05,ONE_POINT,100,100,RANDOM
truncation_40,0.5,60,119,12000,52.04351186752319,78391,79003.91,ONE_POINT,100,100,RANDOM
truncation_40,0.5,60,120,12100,52.485459327697754,77997,78847.89,ONE_POINT,100,100,RANDOM
truncation_40,0.5,60,121,12200,52.92006039619446,77997,78715.31,ONE_POINT,100,100,RANDOM
truncation_40,0.5,60,122,12300,53.3628625869751,77997,78541.74,ONE_POINT,100,100,RANDOM
truncation_40,0.5,60,123,12400,53.814279079437256,77980,78380.96,ONE_POINT,100,100,RANDOM
truncation_40,0.5,60,124,12500,54.249714612960815,77980,78318.74,ONE_POINT,100,100,RANDOM
truncation_40,0.5,60,125,12600,54.67327666282654,77902,78225.81,ONE_POINT,100,100,RANDOM
truncation_40,0.5,60,126,12700,55.0898814201355,77746,78120.97,ONE_POINT,100,100,RANDOM
truncation_40,0.5,60,127,12800,55.53224849700928,77190,78006.62,ONE_POINT,100,100,RANDOM
truncation_40,0.5,60,128,12900,55.966635942459106,77190,77941.76,ONE_POINT,100,100,RANDOM
truncation_40,0.5,60,129,13000,56.4020254611969,76998,77831.89,ONE_POINT,100,100,RANDOM
truncation_40,0.5,60,130,13100,56.83839702606201,76998,77639.39,ONE_POINT,100,100,RANDOM
truncation_40,0.5,60,131,13200,57.26986908912659,76690,77460.35,ONE_POINT,100,100,RANDOM
truncation_40,0.5,60,132,13300,57.71976637840271,76501,77255.63,ONE_POINT,100,100,RANDOM
truncation_40,0.5,60,133,13400,58.15886378288269,76501,77011.09,ONE_POINT,100,100,RANDOM
truncation_40,0.5,60,134,13500,58.602426052093506,76346,76794.48,ONE_POINT,100,100,RANDOM
truncation_40,0.5,60,135,13600,59.04975247383118,75933,76596.61,ONE_POINT,100,100,RANDOM
truncation_40,0.5,60,136,13700,59.47698521614075,75880,76377.26,ONE_POINT,100,100,RANDOM
truncation_40,0.5,60,137,13800,59.916067123413086,75344,76100.25,ONE_POINT,100,100,RANDOM
truncation_40,0.5,60,138,13900,60.404797077178955,75270,75943.24,ONE_POINT,100,100,RANDOM
truncation_40,0.5,60,139,14000,60.84047079086304,75147,75811.45,ONE_POINT,100,100,RANDOM
truncation_40,0.5,60,140,14100,61.2869336605072,74910,75604.06,ONE_POINT,100,100,RANDOM
truncation_40,0.5,60,141,14200,61.70384359359741,74910,75406.24,ONE_POINT,100,100,RANDOM
truncation_40,0.5,60,142,14300,62.17133545875549,74548,75236.92,ONE_POINT,100,100,RANDOM
truncation_40,0.5,60,143,14400,62.60411739349365,74211,75000.72,ONE_POINT,100,100,RANDOM
truncation_40,0.5,60,144,14500,63.02741050720215,74211,74808.87,ONE_POINT,100,100,RANDOM
truncation_40,0.5,60,145,14600,63.49340200424194,74025,74592.04,ONE_POINT,100,100,RANDOM
truncation_40,0.5,60,146,14700,63.94527506828308,74025,74473.85,ONE_POINT,100,100,RANDOM
truncation_40,0.5,60,147,14800,64.39004182815552,73953,74335.45,ONE_POINT,100,100,RANDOM
truncation_40,0.5,60,148,14900,64.8348035812378,73787,74257.35,ONE_POINT,100,100,RANDOM
truncation_40,0.5,60,149,15000,65.26117396354675,73694,74172.16,ONE_POINT,100,100,RANDOM
truncation_40,0.5,60,150,15100,65.69117259979248,73694,74059.16,ONE_POINT,100,100,RANDOM
truncation_40,0.5,60,151,15200,66.1442642211914,73514,73941.56,ONE_POINT,100,100,RANDOM
truncation_40,0.5,60,152,15300,66.57754969596863,73356,73820.93,ONE_POINT,100,100,RANDOM
truncation_40,0.5,60,153,15400,67.01575088500977,73236,73687.59,ONE_POINT,100,100,RANDOM
truncation_40,0.5,60,154,15500,67.45337986946106,72994,73536.49,ONE_POINT,100,100,RANDOM
truncation_40,0.5,60,155,15600,67.88455748558044,72687,73358.24,ONE_POINT,100,100,RANDOM
truncation_40,0.5,60,156,15700,68.32242178916931,72687,73224.5,ONE_POINT,100,100,RANDOM
truncation_40,0.5,60,157,15800,68.75704002380371,72558,73109.33,ONE_POINT,100,100,RANDOM
truncation_40,0.5,60,158,15900,69.20650935173035,72558,72959.55,ONE_POINT,100,100,RANDOM
truncation_40,0.5,60,159,16000,69.63536500930786,72360,72818.95,ONE_POINT,100,100,RANDOM
truncation_40,0.5,60,160,16100,70.06057834625244,72049,72688.59,ONE_POINT,100,100,RANDOM
truncation_40,0.5,60,161,16200,70.4936203956604,72008,72564.16,ONE_POINT,100,100,RANDOM
truncation_40,0.5,60,162,16300,70.94327712059021,71774,72457.88,ONE_POINT,100,100,RANDOM
truncation_40,0.5,60,163,16400,71.37935948371887,71722,72289.75,ONE_POINT,100,100,RANDOM
truncation_40,0.5,60,164,16500,71.81009244918823,71646,72131.78,ONE_POINT,100,100,RANDOM
truncation_40,0.5,60,165,16600,72.25055742263794,71526,71967.76,ONE_POINT,100,100,RANDOM
truncation_40,0.5,60,166,16700,72.7520043849945,71220,71832.86,ONE_POINT,100,100,RANDOM
truncation_40,0.5,60,167,16800,73.21193623542786,71220,71671.24,ONE_POINT,100,100,RANDOM
truncation_40,0.5,60,168,16900,73.64969849586487,71051,71562.44,ONE_POINT,100,100,RANDOM
truncation_40,0.5,60,169,17000,74.0923867225647,71051,71445.98,ONE_POINT,100,100,RANDOM
truncation_40,0.5,60,170,17100,74.54580044746399,70584,71290.24,ONE_POINT,100,100,RANDOM
truncation_40,0.5,60,171,17200,74.98319911956787,70584,71158.0,ONE_POINT,100,100,RANDOM
truncation_40,0.5,60,172,17300,75.42924070358276,70342,70936.21,ONE_POINT,100,100,RANDOM
truncation_40,0.5,60,173,17400,75.8678617477417,70085,70742.83,ONE_POINT,100,100,RANDOM
truncation_40,0.5,60,174,17500,76.30565190315247,70085,70548.21,ONE_POINT,100,100,RANDOM
truncation_40,0.5,60,175,17600,76.7396559715271,69389,70355.98,ONE_POINT,100,100,RANDOM
truncation_40,0.5,60,176,17700,77.16490435600281,69389,70157.26,ONE_POINT,100,100,RANDOM
truncation_40,0.5,60,177,17800,77.61176300048828,69389,70048.16,ONE_POINT,100,100,RANDOM
truncation_40,0.5,60,178,17900,78.03893089294434,69389,69911.3,ONE_POINT,100,100,RANDOM
truncation_40,0.5,60,179,18000,78.46973824501038,69347,69763.44,ONE_POINT,100,100,RANDOM
truncation_40,0.5,60,180,18100,78.91262626647949,69291,69645.86,ONE_POINT,100,100,RANDOM
truncation_40,0.5,60,181,18200,79.350337266922,69024,69520.39,ONE_POINT,100,100,RANDOM
truncation_40,0.5,60,182,18300,79.79656028747559,68851,69415.01,ONE_POINT,100,100,RANDOM
truncation_40,0.5,60,183,18400,80.24365019798279,68656,69292.55,ONE_POINT,100,100,RANDOM
truncation_40,0.5,60,184,18500,80.67809200286865,68315,69159.21,ONE_POINT,100,100,RANDOM
truncation_40,0.5,60,185,18600,81.12222123146057,68220,68991.18,ONE_POINT,100,100,RANDOM
truncation_40,0.5,60,186,18700,81.56278204917908,68153,68733.11,ONE_POINT,100,100,RANDOM
truncation_40,0.5,60,187,18800,82.01491570472717,68053,68455.5,ONE_POINT,100,100,RANDOM
truncation_40,0.5,60,188,18900,82.44585490226746,67754,68214.24,ONE_POINT,100,100,RANDOM
truncation_40,0.5,60,189,19000,82.92674446105957,67673,68122.82,ONE_POINT,100,100,RANDOM
truncation_40,0.5,60,190,19100,83.35142612457275,67673,68041.61,ONE_POINT,100,100,RANDOM
truncation_40,0.5,60,191,19200,83.78121829032898,67441,67930.11,ONE_POINT,100,100,RANDOM
truncation_40,0.5,60,192,19300,84.2250828742981,67394,67797.23,ONE_POINT,100,100,RANDOM
truncation_40,0.5,60,193,19400,84.6537778377533,67006,67655.44,ONE_POINT,100,100,RANDOM
truncation_40,0.5,60,194,19500,85.10579943656921,67006,67500.56,ONE_POINT,100,100,RANDOM
truncation_40,0.5,60,195,19600,85.5260980129242,66853,67335.53,ONE_POINT,100,100,RANDOM
truncation_40,0.5,60,196,19700,85.95401525497437,66740,67183.66,ONE_POINT,100,100,RANDOM
truncation_40,0.5,60,197,19800,86.40036582946777,66680,67060.1,ONE_POINT,100,100,RANDOM
truncation_40,0.5,60,198,19900,86.85174775123596,66611,66935.36,ONE_POINT,100,100,RANDOM
truncation_40,0.5,60,199,20000,87.29136037826538,66463,66807.61,ONE_POINT,100,100,RANDOM
truncation_40,0.5,60,200,20100,87.73620700836182,66201,66708.17,ONE_POINT,100,100,RANDOM
truncation_40,0.5,60,201,20200,88.16859149932861,66177,66607.27,ONE_POINT,100,100,RANDOM
truncation_40,0.5,60,202,20300,88.62252140045166,66060,66490.57,ONE_POINT,100,100,RANDOM
truncation_40,0.5,60,203,20400,89.06273579597473,66060,66361.25,ONE_POINT,100,100,RANDOM
truncation_40,0.5,60,204,20500,89.5022521018982,65828,66234.23,ONE_POINT,100,100,RANDOM
truncation_40,0.5,60,205,20600,89.94101691246033,65704,66123.16,ONE_POINT,100,100,RANDOM
truncation_40,0.5,60,206,20700,90.37197971343994,65613,66041.97,ONE_POINT,100,100,RANDOM
truncation_40,0.5,60,207,20800,90.8253002166748,65613,65932.1,ONE_POINT,100,100,RANDOM
truncation_40,0.5,60,208,20900,91.28199887275696,65613,65828.26,ONE_POINT,100,100,RANDOM
truncation_40,0.5,60,209,21000,91.71448993682861,65275,65695.58,ONE_POINT,100,100,RANDOM
truncation_40,0.5,60,210,21100,92.1484923362732,65275,65622.9,ONE_POINT,100,100,RANDOM
truncation_40,0.5,60,211,21200,92.5873851776123,64834,65506.16,ONE_POINT,100,100,RANDOM
truncation_40,0.5,60,212,21300,93.03000736236572,64834,65373.51,ONE_POINT,100,100,RANDOM
truncation_40,0.5,60,213,21400,93.46398568153381,64351,65195.81,ONE_POINT,100,100,RANDOM
truncation_40,0.5,60,214,21500,93.89150142669678,64351,64962.65,ONE_POINT,100,100,RANDOM
truncation_40,0.5,60,215,21600,94.32454347610474,64253,64710.31,ONE_POINT,100,100,RANDOM
truncation_40,0.5,60,216,21700,94.76172471046448,64108,64577.43,ONE_POINT,100,100,RANDOM
truncation_40,0.5,60,217,21800,95.1926257610321,64071,64424.32,ONE_POINT,100,100,RANDOM
truncation_40,0.5,60,218,21900,95.65555572509766,63923,64306.39,ONE_POINT,100,100,RANDOM
truncation_40,0.5,60,219,22000,96.09884786605835,63799,64205.2,ONE_POINT,100,100,RANDOM
truncation_40,0.5,60,220,22100,96.53624510765076,63798,64137.54,ONE_POINT,100,100,RANDOM
truncation_40,0.5,60,221,22200,96.9723870754242,63640,63993.78,ONE_POINT,100,100,RANDOM
truncation_40,0.5,60,222,22300,97.42465734481812,63640,63864.51,ONE_POINT,100,100,RANDOM
truncation_40,0.5,60,223,22400,97.8668909072876,63453,63722.81,ONE_POINT,100,100,RANDOM
truncation_40,0.5,60,224,22500,98.30526399612427,63271,63615.92,ONE_POINT,100,100,RANDOM
truncation_40,0.5,60,225,22600,98.73242521286011,63035,63490.56,ONE_POINT,100,100,RANDOM
truncation_40,0.5,60,226,22700,99.16222620010376,63035,63398.25,ONE_POINT,100,100,RANDOM
truncation_40,0.5,60,227,22800,99.62183856964111,62937,63297.4,ONE_POINT,100,100,RANDOM
truncation_40,0.5,60,228,22900,100.06369090080261,62734,63116.54,ONE_POINT,100,100,RANDOM
truncation_40,0.5,60,229,23000,100.48529958724976,62623,62933.09,ONE_POINT,100,100,RANDOM
truncation_40,0.5,60,230,23100,100.91855025291443,62424,62762.15,ONE_POINT,100,100,RANDOM
truncation_40,0.5,60,231,23200,101.34857106208801,62363,62628.12,ONE_POINT,100,100,RANDOM
truncation_40,0.5,60,232,23300,101.83236813545227,62191,62509.45,ONE_POINT,100,100,RANDOM
truncation_40,0.5,60,233,23400,102.26609182357788,62070,62404.23,ONE_POINT,100,100,RANDOM
truncation_40,0.5,60,234,23500,102.70626473426819,61981,62316.6,ONE_POINT,100,100,RANDOM
truncation_40,0.5,60,235,23600,103.15720987319946,61763,62216.45,ONE_POINT,100,100,RANDOM
truncation_40,0.5,60,236,23700,103.57814025878906,61695,62116.45,ONE_POINT,100,100,RANDOM
truncation_40,0.5,60,237,23800,104.03443551063538,61462,62030.24,ONE_POINT,100,100,RANDOM
truncation_40,0.5,60,238,23900,104.45616674423218,61462,61930.44,ONE_POINT,100,100,RANDOM
truncation_40,0.5,60,239,24000,104.89541006088257,61444,61815.8,ONE_POINT,100,100,RANDOM
truncation_40,0.5,60,240,24100,105.33342790603638,61239,61624.11,ONE_POINT,100,100,RANDOM
truncation_40,0.5,60,241,24200,105.76973748207092,60981,61446.72,ONE_POINT,100,100,RANDOM
truncation_40,0.5,60,242,24300,106.22339582443237,60908,61382.8,ONE_POINT,100,100,RANDOM
truncation_40,0.5,60,243,24400,106.67667961120605,60764,61286.02,ONE_POINT,100,100,RANDOM
truncation_40,0.5,60,244,24500,107.12110209465027,60764,61186.48,ONE_POINT,100,100,RANDOM
truncation_40,0.5,60,245,24600,107.5386073589325,60764,61062.06,ONE_POINT,100,100,RANDOM
truncation_40,0.5,60,246,24700,107.99049377441406,60611,60919.01,ONE_POINT,100,100,RANDOM
truncation_40,0.5,60,247,24800,108.43755340576172,60570,60844.84,ONE_POINT,100,100,RANDOM
truncation_40,0.5,60,248,24900,108.86822605133057,60567,60757.67,ONE_POINT,100,100,RANDOM
truncation_40,0.5,60,249,25000,109.29535937309265,60417,60682.29,ONE_POINT,100,100,RANDOM
truncation_40,0.5,60,250,25100,109.72781753540039,60374,60596.56,ONE_POINT,100,100,RANDOM
truncation_40,0.5,60,251,25200,110.1819314956665,60208,60520.57,ONE_POINT,100,100,RANDOM
truncation_40,0.5,60,252,25300,110.61431527137756,60164,60458.18,ONE_POINT,100,100,RANDOM
truncation_40,0.5,60,253,25400,111.04526472091675,60099,60389.58,ONE_POINT,100,100,RANDOM
truncation_40,0.5,60,254,25500,111.47757959365845,60099,60349.04,ONE_POINT,100,100,RANDOM
truncation_40,0.5,60,255,25600,111.92196893692017,60099,60300.38,ONE_POINT,100,100,RANDOM
truncation_40,0.5,60,256,25700,112.37720656394958,59971,60243.88,ONE_POINT,100,100,RANDOM
truncation_40,0.5,60,257,25800,112.82055902481079,59971,60182.15,ONE_POINT,100,100,RANDOM
truncation_40,0.5,60,258,25900,113.24613094329834,59854,60118.96,ONE_POINT,100,100,RANDOM
truncation_40,0.5,60,259,26000,113.68265748023987,59676,60051.96,ONE_POINT,100,100,RANDOM
truncation_40,0.5,60,260,26100,114.10794496536255,59676,59974.16,ONE_POINT,100,100,RANDOM
truncation_40,0.5,60,261,26200,114.54261183738708,59589,59889.95,ONE_POINT,100,100,RANDOM
truncation_40,0.5,60,262,26300,114.97098398208618,59413,59823.72,ONE_POINT,100,100,RANDOM
truncation_40,0.5,60,263,26400,115.4028697013855,59413,59740.74,ONE_POINT,100,100,RANDOM
truncation_40,0.5,60,264,26500,115.83471155166626,59413,59654.03,ONE_POINT,100,100,RANDOM
truncation_40,0.5,60,265,26600,116.26628470420837,59399,59614.47,ONE_POINT,100,100,RANDOM
truncation_40,0.5,60,266,26700,116.71503186225891,59244,59538.09,ONE_POINT,100,100,RANDOM
truncation_40,0.5,60,267,26800,117.15530800819397,59110,59452.41,ONE_POINT,100,100,RANDOM
truncation_40,0.5,60,268,26900,117.58543515205383,59106,59361.81,ONE_POINT,100,100,RANDOM
truncation_40,0.5,60,269,27000,118.03246188163757,58866,59239.14,ONE_POINT,100,100,RANDOM
truncation_40,0.5,60,270,27100,118.51742768287659,58735,59120.85,ONE_POINT,100,100,RANDOM
truncation_40,0.5,60,271,27200,118.95630836486816,58643,59009.25,ONE_POINT,100,100,RANDOM
truncation_40,0.5,60,272,27300,119.3914840221405,58386,58858.94,ONE_POINT,100,100,RANDOM
truncation_40,0.5,60,273,27400,119.83329272270203,58379,58725.09,ONE_POINT,100,100,RANDOM
truncation_40,0.5,60,274,27500,120.26272082328796,58169,58546.34,ONE_POINT,100,100,RANDOM
truncation_40,0.5,60,275,27600,120.71063208580017,58031,58388.53,ONE_POINT,100,100,RANDOM
truncation_40,0.5,60,276,27700,121.14013528823853,57989,58299.08,ONE_POINT,100,100,RANDOM
truncation_40,0.5,60,277,27800,121.58341908454895,57848,58200.72,ONE_POINT,100,100,RANDOM
truncation_40,0.5,60,278,27900,122.03391623497009,57779,58088.57,ONE_POINT,100,100,RANDOM
truncation_40,0.5,60,279,28000,122.49511384963989,57776,57992.39,ONE_POINT,100,100,RANDOM
truncation_40,0.5,60,280,28100,122.94803476333618,57631,57948.47,ONE_POINT,100,100,RANDOM
truncation_40,0.5,60,281,28200,123.40002799034119,57631,57890.23,ONE_POINT,100,100,RANDOM
truncation_40,0.5,60,282,28300,123.85765600204468,57383,57779.89,ONE_POINT,100,100,RANDOM
truncation_40,0.5,60,283,28400,124.29400730133057,57316,57666.1,ONE_POINT,100,100,RANDOM
truncation_40,0.5,60,284,28500,124.75254726409912,57286,57573.0,ONE_POINT,100,100,RANDOM
truncation_40,0.5,60,285,28600,125.18282532691956,57187,57492.14,ONE_POINT,100,100,RANDOM
truncation_40,0.5,60,286,28700,125.6125054359436,57187,57414.6,ONE_POINT,100,100,RANDOM
truncation_40,0.5,60,287,28800,126.06980776786804,57076,57333.41,ONE_POINT,100,100,RANDOM
truncation_40,0.5,60,288,28900,126.49071288108826,56871,57245.09,ONE_POINT,100,100,RANDOM
truncation_40,0.5,60,289,29000,126.9427101612091,56819,57158.23,ONE_POINT,100,100,RANDOM
truncation_40,0.5,60,290,29100,127.37651658058167,56819,57071.01,ONE_POINT,100,100,RANDOM
truncation_40,0.5,60,291,29200,127.80989003181458,56781,56999.18,ONE_POINT,100,100,RANDOM
truncation_40,0.5,60,292,29300,128.24919891357422,56538,56901.76,ONE_POINT,100,100,RANDOM
truncation_40,0.5,60,293,29400,128.67603206634521,56462,56839.09,ONE_POINT,100,100,RANDOM
truncation_40,0.5,60,294,29500,129.13052082061768,56462,56789.18,ONE_POINT,100,100,RANDOM
truncation_40,0.5,60,295,29600,129.55253553390503,56363,56733.66,ONE_POINT,100,100,RANDOM
truncation_40,0.5,60,296,29700,130.0249583721161,56317,56657.09,ONE_POINT,100,100,RANDOM
truncation_40,0.5,60,297,29800,130.51599144935608,56218,56560.39,ONE_POINT,100,100,RANDOM
truncation_40,0.5,60,298,29900,130.94854307174683,56016,56454.73,ONE_POINT,100,100,RANDOM
truncation_40,0.5,60,299,30000,131.39101481437683,55978,56367.32,ONE_POINT,100,100,RANDOM
truncation_40,0.5,60,300,30100,131.82145643234253,55726,56252.95,ONE_POINT,100,100,RANDOM
truncation_40,0.5,60,301,30200,132.26509618759155,55726,56169.79,ONE_POINT,100,100,RANDOM
truncation_40,0.5,60,302,30300,132.70613265037537,55578,56047.55,ONE_POINT,100,100,RANDOM
truncation_40,0.5,60,303,30400,133.1730580329895,55578,55950.1,ONE_POINT,100,100,RANDOM
truncation_40,0.5,60,304,30500,133.68355679512024,55578,55866.85,ONE_POINT,100,100,RANDOM
truncation_40,0.5,60,305,30600,134.11809754371643,55553,55801.64,ONE_POINT,100,100,RANDOM
truncation_40,0.5,60,306,30700,134.55237913131714,55426,55738.94,ONE_POINT,100,100,RANDOM
truncation_40,0.5,60,307,30800,135.01080107688904,55426,55658.5,ONE_POINT,100,100,RANDOM
truncation_40,0.5,60,308,30900,135.4476511478424,55329,55567.73,ONE_POINT,100,100,RANDOM
truncation_40,0.5,60,309,31000,135.89043807983398,55298,55494.66,ONE_POINT,100,100,RANDOM
truncation_40,0.5,60,310,31100,136.34026622772217,55164,55408.9,ONE_POINT,100,100,RANDOM
truncation_40,0.5,60,311,31200,136.7745761871338,55049,55318.85,ONE_POINT,100,100,RANDOM
truncation_40,0.5,60,312,31300,137.23191690444946,54963,55243.3,ONE_POINT,100,100,RANDOM
truncation_40,0.5,60,313,31400,137.6739444732666,54912,55150.54,ONE_POINT,100,100,RANDOM
truncation_40,0.5,60,314,31500,138.10388326644897,54897,55061.33,ONE_POINT,100,100,RANDOM
truncation_40,0.5,60,315,31600,138.54034781455994,54794,55006.42,ONE_POINT,100,100,RANDOM
truncation_40,0.5,60,316,31700,138.97078680992126,54794,54941.52,ONE_POINT,100,100,RANDOM
truncation_40,0.5,60,317,31800,139.4198615550995,54687,54882.53,ONE_POINT,100,100,RANDOM
truncation_40,0.5,60,318,31900,139.8964762687683,54612,54828.81,ONE_POINT,100,100,RANDOM
truncation_40,0.5,60,319,32000,140.34719109535217,54612,54765.77,ONE_POINT,100,100,RANDOM
truncation_40,0.5,60,320,32100,140.7703971862793,54502,54717.02,ONE_POINT,100,100,RANDOM
truncation_40,0.5,60,321,32200,141.20981407165527,54447,54652.56,ONE_POINT,100,100,RANDOM
truncation_40,0.5,60,322,32300,141.71301651000977,54447,54598.07,ONE_POINT,100,100,RANDOM
truncation_40,0.5,60,323,32400,142.15706276893616,54355,54541.23,ONE_POINT,100,100,RANDOM
truncation_40,0.5,60,324,32500,142.5983180999756,54355,54487.3,ONE_POINT,100,100,RANDOM
truncation_40,0.5,60,325,32600,143.03449487686157,54216,54429.19,ONE_POINT,100,100,RANDOM
truncation_40,0.5,60,326,32700,143.4722547531128,54172,54383.55,ONE_POINT,100,100,RANDOM
truncation_40,0.5,60,327,32800,143.91318106651306,54038,54296.34,ONE_POINT,100,100,RANDOM
truncation_40,0.5,60,328,32900,144.34257578849792,53927,54217.5,ONE_POINT,100,100,RANDOM
truncation_40,0.5,60,329,33000,144.78627252578735,53927,54128.72,ONE_POINT,100,100,RANDOM
truncation_40,0.5,60,330,33100,145.22472596168518,53815,54040.7,ONE_POINT,100,100,RANDOM
truncation_40,0.5,60,331,33200,145.6693558692932,53708,53972.43,ONE_POINT,100,100,RANDOM
truncation_40,0.5,60,332,33300,146.11817908287048,53708,53943.61,ONE_POINT,100,100,RANDOM
truncation_40,0.5,60,333,33400,146.56045818328857,53674,53909.71,ONE_POINT,100,100,RANDOM
truncation_40,0.5,60,334,33500,146.99805283546448,53561,53852.76,ONE_POINT,100,100,RANDOM
truncation_40,0.5,60,335,33600,147.4256467819214,53199,53767.87,ONE_POINT,100,100,RANDOM
truncation_40,0.5,60,336,33700,147.8709259033203,53199,53695.71,ONE_POINT,100,100,RANDOM
truncation_40,0.5,60,337,33800,148.3134253025055,53199,53609.85,ONE_POINT,100,100,RANDOM
truncation_40,0.5,60,338,33900,148.73897552490234,53097,53499.07,ONE_POINT,100,100,RANDOM
truncation_40,0.5,60,339,34000,149.1987109184265,53084,53406.87,ONE_POINT,100,100,RANDOM
truncation_40,0.5,60,340,34100,149.6395344734192,52784,53275.66,ONE_POINT,100,100,RANDOM
truncation_40,0.5,60,341,34200,150.09646821022034,52784,53131.67,ONE_POINT,100,100,RANDOM
truncation_40,0.5,60,342,34300,150.5516119003296,52784,53059.78,ONE_POINT,100,100,RANDOM
truncation_40,0.5,60,343,34400,150.9804196357727,52784,53008.48,ONE_POINT,100,100,RANDOM
truncation_40,0.5,60,344,34500,151.41417503356934,52763,52939.26,ONE_POINT,100,100,RANDOM
truncation_40,0.5,60,345,34600,151.86161541938782,52683,52880.48,ONE_POINT,100,100,RANDOM
truncation_40,0.5,60,346,34700,152.32209753990173,52616,52815.16,ONE_POINT,100,100,RANDOM
truncation_40,0.5,60,347,34800,152.7776837348938,52608,52761.85,ONE_POINT,100,100,RANDOM
truncation_40,0.5,60,348,34900,153.20224142074585,52608,52717.22,ONE_POINT,100,100,RANDOM
truncation_40,0.5,60,349,35000,153.62818884849548,52538,52673.51,ONE_POINT,100,100,RANDOM
truncation_40,0.5,60,350,35100,154.10681343078613,52481,52635.86,ONE_POINT,100,100,RANDOM
truncation_40,0.5,60,351,35200,154.58269906044006,52407,52597.18,ONE_POINT,100,100,RANDOM
truncation_40,0.5,60,352,35300,155.04702281951904,52407,52568.16,ONE_POINT,100,100,RANDOM
truncation_40,0.5,60,353,35400,155.49117493629456,52356,52534.41,ONE_POINT,100,100,RANDOM
truncation_40,0.5,60,354,35500,155.9268090724945,52269,52505.43,ONE_POINT,100,100,RANDOM
truncation_40,0.5,60,355,35600,156.37598276138306,52266,52443.39,ONE_POINT,100,100,RANDOM
truncation_40,0.5,60,356,35700,156.81683826446533,52266,52394.23,ONE_POINT,100,100,RANDOM
truncation_40,0.5,60,357,35800,157.24942183494568,52145,52339.78,ONE_POINT,100,100,RANDOM
truncation_40,0.5,60,358,35900,157.6827850341797,52091,52295.7,ONE_POINT,100,100,RANDOM
truncation_40,0.5,60,359,36000,158.11093378067017,52091,52245.9,ONE_POINT,100,100,RANDOM
truncation_40,0.5,60,360,36100,158.5556664466858,52058,52209.76,ONE_POINT,100,100,RANDOM
truncation_40,0.5,60,361,36200,158.98734760284424,52000,52154.01,ONE_POINT,100,100,RANDOM
truncation_40,0.5,60,362,36300,159.43988394737244,51851,52094.76,ONE_POINT,100,100,RANDOM
truncation_40,0.5,60,363,36400,159.88300895690918,51784,52021.98,ONE_POINT,100,100,RANDOM
truncation_40,0.5,60,364,36500,160.3140070438385,51689,51940.47,ONE_POINT,100,100,RANDOM
truncation_40,0.5,60,365,36600,160.75757360458374,51689,51886.05,ONE_POINT,100,100,RANDOM
truncation_40,0.5,60,366,36700,161.1861617565155,51555,51827.48,ONE_POINT,100,100,RANDOM
truncation_40,0.5,60,367,36800,161.62036538124084,51555,51780.74,ONE_POINT,100,100,RANDOM
truncation_40,0.5,60,368,36900,162.0602777004242,51555,51739.3,ONE_POINT,100,100,RANDOM
truncation_40,0.5,60,369,37000,162.49588537216187,51489,51712.2,ONE_POINT,100,100,RANDOM
truncation_40,0.5,60,370,37100,162.93209791183472,51489,51660.58,ONE_POINT,100,100,RANDOM
truncation_40,0.5,60,371,37200,163.3645794391632,51425,51633.91,ONE_POINT,100,100,RANDOM
truncation_40,0.5,60,372,37300,163.80950021743774,51351,51592.55,ONE_POINT,100,100,RANDOM
truncation_40,0.5,60,373,37400,164.25472331047058,51293,51538.63,ONE_POINT,100,100,RANDOM
truncation_40,0.5,60,374,37500,164.70158314704895,51214,51490.46,ONE_POINT,100,100,RANDOM
truncation_40,0.5,60,375,37600,165.13007164001465,51214,51407.24,ONE_POINT,100,100,RANDOM
truncation_40,0.5,60,376,37700,165.55668330192566,50981,51308.17,ONE_POINT,100,100,RANDOM
truncation_40,0.5,60,377,37800,165.99448251724243,50981,51245.98,ONE_POINT,100,100,RANDOM
truncation_40,0.5,60,378,37900,166.4225652217865,50859,51189.73,ONE_POINT,100,100,RANDOM
truncation_40,0.5,60,379,38000,166.88951969146729,50850,51098.43,ONE_POINT,100,100,RANDOM
truncation_40,0.5,60,380,38100,167.31367897987366,50850,51002.1,ONE_POINT,100,100,RANDOM
truncation_40,0.5,60,381,38200,167.7577679157257,50759,50942.6,ONE_POINT,100,100,RANDOM
truncation_40,0.5,60,382,38300,168.20377159118652,50697,50874.15,ONE_POINT,100,100,RANDOM
truncation_40,0.5,60,383,38400,168.64174342155457,50680,50808.08,ONE_POINT,100,100,RANDOM
truncation_40,0.5,60,384,38500,169.0896246433258,50589,50744.31,ONE_POINT,100,100,RANDOM
truncation_40,0.5,60,385,38600,169.5258231163025,50553,50689.64,ONE_POINT,100,100,RANDOM
truncation_40,0.5,60,386,38700,169.9483768939972,50361,50644.59,ONE_POINT,100,100,RANDOM
truncation_40,0.5,60,387,38800,170.40503430366516,50361,50591.26,ONE_POINT,100,100,RANDOM
truncation_40,0.5,60,388,38900,170.83952689170837,50315,50537.88,ONE_POINT,100,100,RANDOM
truncation_40,0.5,60,389,39000,171.31583762168884,50258,50477.99,ONE_POINT,100,100,RANDOM
truncation_40,0.5,60,390,39100,171.76805806159973,50222,50399.07,ONE_POINT,100,100,RANDOM
truncation_40,0.5,60,391,39200,172.20631980895996,50150,50323.44,ONE_POINT,100,100,RANDOM
truncation_40,0.5,60,392,39300,172.64081859588623,50124,50278.75,ONE_POINT,100,100,RANDOM
truncation_40,0.5,60,393,39400,173.08143711090088,50057,50219.41,ONE_POINT,100,100,RANDOM
truncation_40,0.5,60,394,39500,173.52829456329346,50025,50164.84,ONE_POINT,100,100,RANDOM
truncation_40,0.5,60,395,39600,173.95156359672546,49993,50110.93,ONE_POINT,100,100,RANDOM
truncation_40,0.5,60,396,39700,174.38391852378845,49926,50051.82,ONE_POINT,100,100,RANDOM
truncation_40,0.5,60,397,39800,174.83016109466553,49785,50010.0,ONE_POINT,100,100,RANDOM
truncation_40,0.5,60,398,39900,175.27188420295715,49759,49966.5,ONE_POINT,100,100,RANDOM
truncation_40,0.5,60,399,40000,175.71783804893494,49759,49929.82,ONE_POINT,100,100,RANDOM
truncation_40,0.5,60,400,40100,176.1487922668457,49663,49894.47,ONE_POINT,100,100,RANDOM
truncation_40,0.5,60,401,40200,176.58775424957275,49663,49861.84,ONE_POINT,100,100,RANDOM
truncation_40,0.5,60,402,40300,177.0278024673462,49663,49819.22,ONE_POINT,100,100,RANDOM
truncation_40,0.5,60,403,40400,177.4728877544403,49533,49770.68,ONE_POINT,100,100,RANDOM
truncation_40,0.5,60,404,40500,177.90207624435425,49533,49720.07,ONE_POINT,100,100,RANDOM
truncation_40,0.5,60,405,40600,178.3376762866974,49506,49663.77,ONE_POINT,100,100,RANDOM
truncation_40,0.5,60,406,40700,178.78170037269592,49440,49627.04,ONE_POINT,100,100,RANDOM
truncation_40,0.5,60,407,40800,179.22046995162964,49341,49587.09,ONE_POINT,100,100,RANDOM
truncation_40,0.5,60,408,40900,179.6533031463623,49280,49531.1,ONE_POINT,100,100,RANDOM
truncation_40,0.5,60,409,41000,180.09802317619324,49215,49462.31,ONE_POINT,100,100,RANDOM
truncation_40,0.5,60,410,41100,180.5435287952423,49215,49397.21,ONE_POINT,100,100,RANDOM
truncation_40,0.5,60,411,41200,180.99960947036743,49215,49339.5,ONE_POINT,100,100,RANDOM
truncation_40,0.5,60,412,41300,181.4596562385559,49188,49279.34,ONE_POINT,100,100,RANDOM
truncation_40,0.5,60,413,41400,181.89964938163757,49080,49224.83,ONE_POINT,100,100,RANDOM
truncation_40,0.5,60,414,41500,182.3267982006073,49067,49200.45,ONE_POINT,100,100,RANDOM
truncation_40,0.5,60,415,41600,182.7756278514862,48964,49166.11,ONE_POINT,100,100,RANDOM
truncation_40,0.5,60,416,41700,183.1983072757721,48964,49116.71,ONE_POINT,100,100,RANDOM
truncation_40,0.5,60,417,41800,183.65971684455872,48950,49072.22,ONE_POINT,100,100,RANDOM
truncation_40,0.5,60,418,41900,184.09959769248962,48906,49043.29,ONE_POINT,100,100,RANDOM
truncation_40,0.5,60,419,42000,184.5397071838379,48816,48999.37,ONE_POINT,100,100,RANDOM
truncation_40,0.5,60,420,42100,184.96134638786316,48816,48962.25,ONE_POINT,100,100,RANDOM
truncation_40,0.5,60,421,42200,185.38925623893738,48731,48911.52,ONE_POINT,100,100,RANDOM
truncation_40,0.5,60,422,42300,185.86124086380005,48685,48876.76,ONE_POINT,100,100,RANDOM
truncation_40,0.5,60,423,42400,186.29738640785217,48685,48841.61,ONE_POINT,100,100,RANDOM
truncation_40,0.5,60,424,42500,186.7336072921753,48629,48798.02,ONE_POINT,100,100,RANDOM
truncation_40,0.5,60,425,42600,187.1722526550293,48506,48760.87,ONE_POINT,100,100,RANDOM
truncation_40,0.5,60,426,42700,187.62529134750366,48506,48726.02,ONE_POINT,100,100,RANDOM
truncation_40,0.5,60,427,42800,188.08219265937805,48491,48683.97,ONE_POINT,100,100,RANDOM
truncation_40,0.5,60,428,42900,188.5090627670288,48491,48637.62,ONE_POINT,100,100,RANDOM
truncation_40,0.5,60,429,43000,188.9457950592041,48443,48590.91,ONE_POINT,100,100,RANDOM
truncation_40,0.5,60,430,43100,189.38357162475586,48393,48536.26,ONE_POINT,100,100,RANDOM
truncation_40,0.5,60,431,43200,189.82059907913208,48393,48494.77,ONE_POINT,100,100,RANDOM
truncation_40,0.5,60,432,43300,190.273864030838,48308,48454.31,ONE_POINT,100,100,RANDOM
truncation_40,0.5,60,433,43400,190.76028060913086,48284,48413.5,ONE_POINT,100,100,RANDOM
truncation_40,0.5,60,434,43500,191.19080638885498,48284,48378.88,ONE_POINT,100,100,RANDOM
truncation_40,0.5,60,435,43600,191.62109637260437,48186,48345.89,ONE_POINT,100,100,RANDOM
truncation_40,0.5,60,436,43700,192.07710099220276,48137,48300.09,ONE_POINT,100,100,RANDOM
truncation_40,0.5,60,437,43800,192.5106554031372,48128,48255.68,ONE_POINT,100,100,RANDOM
truncation_40,0.5,60,438,43900,192.94671154022217,48042,48199.58,ONE_POINT,100,100,RANDOM
truncation_40,0.5,60,439,44000,193.36394834518433,47998,48150.57,ONE_POINT,100,100,RANDOM
truncation_40,0.5,60,440,44100,193.8007209300995,47708,48097.01,ONE_POINT,100,100,RANDOM
truncation_40,0.5,60,441,44200,194.31786727905273,47708,48046.67,ONE_POINT,100,100,RANDOM
truncation_40,0.5,60,442,44300,194.75492882728577,47708,48007.2,ONE_POINT,100,100,RANDOM
truncation_40,0.5,60,443,44400,195.19494557380676,47708,47977.25,ONE_POINT,100,100,RANDOM
truncation_40,0.5,60,444,44500,195.62297296524048,47708,47936.59,ONE_POINT,100,100,RANDOM
truncation_40,0.5,60,445,44600,196.06151056289673,47708,47891.53,ONE_POINT,100,100,RANDOM
truncation_40,0.5,60,446,44700,196.5242133140564,47690,47867.45,ONE_POINT,100,100,RANDOM
truncation_40,0.5,60,447,44800,196.9724338054657,47609,47839.75,ONE_POINT,100,100,RANDOM
truncation_40,0.5,60,448,44900,197.3999502658844,47609,47792.82,ONE_POINT,100,100,RANDOM
truncation_40,0.5,60,449,45000,197.825119972229,47609,47768.69,ONE_POINT,100,100,RANDOM
truncation_40,0.5,60,450,45100,198.24108910560608,47609,47740.24,ONE_POINT,100,100,RANDOM
truncation_40,0.5,60,451,45200,198.7024052143097,47609,47705.7,ONE_POINT,100,100,RANDOM
truncation_40,0.5,60,452,45300,199.13849210739136,47564,47673.88,ONE_POINT,100,100,RANDOM
truncation_40,0.5,60,453,45400,199.5810272693634,47546,47633.06,ONE_POINT,100,100,RANDOM
truncation_40,0.5,60,454,45500,200.00609755516052,47529,47598.04,ONE_POINT,100,100,RANDOM
truncation_40,0.5,60,455,45600,200.45010614395142,47463,47569.05,ONE_POINT,100,100,RANDOM
truncation_40,0.5,60,456,45700,200.89694738388062,47381,47536.81,ONE_POINT,100,100,RANDOM
truncation_40,0.5,60,457,45800,201.33044338226318,47340,47505.75,ONE_POINT,100,100,RANDOM
truncation_40,0.5,60,458,45900,201.76475596427917,47340,47466.29,ONE_POINT,100,100,RANDOM
truncation_40,0.5,60,459,46000,202.19724702835083,47255,47426.07,ONE_POINT,100,100,RANDOM
truncation_40,0.5,60,460,46100,202.64818334579468,47255,47371.53,ONE_POINT,100,100,RANDOM
truncation_40,0.5,60,461,46200,203.10989022254944,47132,47317.67,ONE_POINT,100,100,RANDOM
truncation_40,0.5,60,462,46300,203.57282853126526,47035,47267.47,ONE_POINT,100,100,RANDOM
truncation_40,0.5,60,463,46400,204.00961256027222,47030,47201.94,ONE_POINT,100,100,RANDOM
truncation_40,0.5,60,464,46500,204.45229363441467,47030,47150.38,ONE_POINT,100,100,RANDOM
truncation_40,0.5,60,465,46600,204.89623618125916,47030,47118.09,ONE_POINT,100,100,RANDOM
truncation_40,0.5,60,466,46700,205.3407645225525,46932,47105.89,ONE_POINT,100,100,RANDOM
truncation_40,0.5,60,467,46800,205.7673215866089,46842,47088.06,ONE_POINT,100,100,RANDOM
truncation_40,0.5,60,468,46900,206.23483753204346,46842,47054.45,ONE_POINT,100,100,RANDOM
truncation_40,0.5,60,469,47000,206.6879060268402,46842,47013.01,ONE_POINT,100,100,RANDOM
truncation_40,0.5,60,470,47100,207.12113547325134,46727,46975.45,ONE_POINT,100,100,RANDOM
truncation_40,0.5,60,471,47200,207.57291078567505,46727,46940.72,ONE_POINT,100,100,RANDOM
truncation_40,0.5,60,472,47300,208.0031774044037,46727,46903.18,ONE_POINT,100,100,RANDOM
truncation_40,0.5,60,473,47400,208.4587597846985,46727,46872.86,ONE_POINT,100,100,RANDOM
truncation_40,0.5,60,474,47500,208.904456615448,46727,46840.85,ONE_POINT,100,100,RANDOM
truncation_40,0.5,60,475,47600,209.31722712516785,46652,46805.36,ONE_POINT,100,100,RANDOM
truncation_40,0.5,60,476,47700,209.76372480392456,46616,46766.82,ONE_POINT,100,100,RANDOM
truncation_40,0.5,60,477,47800,210.22576355934143,46582,46724.08,ONE_POINT,100,100,RANDOM
truncation_40,0.5,60,478,47900,210.65702390670776,46532,46687.75,ONE_POINT,100,100,RANDOM
truncation_40,0.5,60,479,48000,211.11135244369507,46532,46644.87,ONE_POINT,100,100,RANDOM
truncation_40,0.5,60,480,48100,211.5588676929474,46503,46611.24,ONE_POINT,100,100,RANDOM
truncation_40,0.5,60,481,48200,212.01285123825073,46456,46570.0,ONE_POINT,100,100,RANDOM
truncation_40,0.5,60,482,48300,212.44634342193604,46420,46529.29,ONE_POINT,100,100,RANDOM
truncation_40,0.5,60,483,48400,212.88172340393066,46391,46497.79,ONE_POINT,100,100,RANDOM
truncation_40,0.5,60,484,48500,213.3160274028778,46378,46475.64,ONE_POINT,100,100,RANDOM
truncation_40,0.5,60,485,48600,213.7493724822998,46334,46457.56,ONE_POINT,100,100,RANDOM
truncation_40,0.5,60,486,48700,214.2062132358551,46334,46439.01,ONE_POINT,100,100,RANDOM
truncation_40,0.5,60,487,48800,214.6474630832672,46318,46417.47,ONE_POINT,100,100,RANDOM
truncation_40,0.5,60,488,48900,215.08603620529175,46283,46389.34,ONE_POINT,100,100,RANDOM
truncation_40,0.5,60,489,49000,215.53283405303955,46283,46362.88,ONE_POINT,100,100,RANDOM
truncation_40,0.5,60,490,49100,215.95890998840332,46235,46340.23,ONE_POINT,100,100,RANDOM
truncation_40,0.5,60,491,49200,216.40210127830505,46169,46323.7,ONE_POINT,100,100,RANDOM
truncation_40,0.5,60,492,49300,216.84093141555786,46169,46294.11,ONE_POINT,100,100,RANDOM
truncation_40,0.5,60,493,49400,217.2855703830719,46050,46247.07,ONE_POINT,100,100,RANDOM
truncation_40,0.5,60,494,49500,217.71224188804626,46050,46214.91,ONE_POINT,100,100,RANDOM
truncation_40,0.5,60,495,49600,218.15564966201782,46039,46175.97,ONE_POINT,100,100,RANDOM
truncation_40,0.5,60,496,49700,218.59715914726257,46009,46140.1,ONE_POINT,100,100,RANDOM
truncation_40,0.5,60,497,49800,219.0400230884552,45919,46088.74,ONE_POINT,100,100,RANDOM
truncation_40,0.5,60,498,49900,219.5046579837799,45919,46050.14,ONE_POINT,100,100,RANDOM
truncation_40,0.5,60,499,50000,219.9491627216339,45906,46028.09,ONE_POINT,100,100,RANDOM
truncation_40,0.5,60,500,50100,220.37274360656738,45906,46012.06,ONE_POINT,100,100,RANDOM
truncation_40,0.5,80,1,200,0.28682518005371094,133415,147085.44,ONE_POINT,100,100,RANDOM
truncation_40,0.5,80,2,300,0.7418637275695801,133415,142299.64,ONE_POINT,100,100,RANDOM
truncation_40,0.5,80,3,400,1.1915545463562012,128509,139140.14,ONE_POINT,100,100,RANDOM
truncation_40,0.5,80,4,500,1.6256709098815918,126172,136075.86,ONE_POINT,100,100,RANDOM
truncation_40,0.5,80,5,600,2.0638837814331055,122477,132532.72,ONE_POINT,100,100,RANDOM
truncation_40,0.5,80,6,700,2.495370864868164,121831,129102.76,ONE_POINT,100,100,RANDOM
truncation_40,0.5,80,7,800,2.923434257507324,119691,125930.74,ONE_POINT,100,100,RANDOM
truncation_40,0.5,80,8,900,3.3662047386169434,117706,123363.39,ONE_POINT,100,100,RANDOM
truncation_40,0.5,80,9,1000,3.7997281551361084,117505,121517.38,ONE_POINT,100,100,RANDOM
truncation_40,0.5,80,10,1100,4.252629518508911,112458,119557.44,ONE_POINT,100,100,RANDOM
truncation_40,0.5,80,11,1200,4.71153712272644,109814,117296.58,ONE_POINT,100,100,RANDOM
truncation_40,0.5,80,12,1300,5.138291120529175,108064,114389.09,ONE_POINT,100,100,RANDOM
truncation_40,0.5,80,13,1400,5.58171534538269,108064,112127.62,ONE_POINT,100,100,RANDOM
truncation_40,0.5,80,14,1500,6.018182754516602,108064,110856.73,ONE_POINT,100,100,RANDOM
truncation_40,0.5,80,15,1600,6.454133749008179,107963,109355.91,ONE_POINT,100,100,RANDOM
truncation_40,0.5,80,16,1700,6.889928579330444,107435,108891.16,ONE_POINT,100,100,RANDOM
truncation_40,0.5,80,17,1800,7.3097569942474365,107349,108478.65,ONE_POINT,100,100,RANDOM
truncation_40,0.5,80,18,1900,7.732710599899292,106981,108133.77,ONE_POINT,100,100,RANDOM
truncation_40,0.5,80,19,2000,8.161040544509888,106313,107810.48,ONE_POINT,100,100,RANDOM
truncation_40,0.5,80,20,2100,8.601232767105103,104721,107552.08,ONE_POINT,100,100,RANDOM
truncation_40,0.5,80,21,2200,9.034253358840942,104721,107380.55,ONE_POINT,100,100,RANDOM
truncation_40,0.5,80,22,2300,9.470079898834229,104721,107103.12,ONE_POINT,100,100,RANDOM
truncation_40,0.5,80,23,2400,9.899887084960938,104721,106723.39,ONE_POINT,100,100,RANDOM
truncation_40,0.5,80,24,2500,10.325802564620972,104117,106076.58,ONE_POINT,100,100,RANDOM
truncation_40,0.5,80,25,2600,10.75136923789978,104117,105597.81,ONE_POINT,100,100,RANDOM
truncation_40,0.5,80,26,2700,11.260380506515503,104117,105332.6,ONE_POINT,100,100,RANDOM
truncation_40,0.5,80,27,2800,11.69514775276184,103771,104969.7,ONE_POINT,100,100,RANDOM
truncation_40,0.5,80,28,2900,12.123044967651367,103609,104514.11,ONE_POINT,100,100,RANDOM
truncation_40,0.5,80,29,3000,12.551138401031494,102859,104093.59,ONE_POINT,100,100,RANDOM
truncation_40,0.5,80,30,3100,13.017998933792114,102166,103709.87,ONE_POINT,100,100,RANDOM
truncation_40,0.5,80,31,3200,13.456569910049438,101854,103339.21,ONE_POINT,100,100,RANDOM
truncation_40,0.5,80,32,3300,13.883481740951538,101634,102951.08,ONE_POINT,100,100,RANDOM
truncation_40,0.5,80,33,3400,14.314902544021606,100918,102574.13,ONE_POINT,100,100,RANDOM
truncation_40,0.5,80,34,3500,14.750871658325195,100918,102035.89,ONE_POINT,100,100,RANDOM
truncation_40,0.5,80,35,3600,15.205504179000854,100710,101646.37,ONE_POINT,100,100,RANDOM
truncation_40,0.5,80,36,3700,15.647910118103027,100607,101162.37,ONE_POINT,100,100,RANDOM
truncation_40,0.5,80,37,3800,16.078652381896973,99944,100811.64,ONE_POINT,100,100,RANDOM
truncation_40,0.5,80,38,3900,16.516711950302124,99797,100623.4,ONE_POINT,100,100,RANDOM
truncation_40,0.5,80,39,4000,16.967687845230103,99598,100440.36,ONE_POINT,100,100,RANDOM
truncation_40,0.5,80,40,4100,17.40357255935669,98952,100163.63,ONE_POINT,100,100,RANDOM
truncation_40,0.5,80,41,4200,17.831441164016724,98412,99839.22,ONE_POINT,100,100,RANDOM
truncation_40,0.5,80,42,4300,18.257129907608032,98208,99454.5,ONE_POINT,100,100,RANDOM
truncation_40,0.5,80,43,4400,18.69908380508423,98177,99112.19,ONE_POINT,100,100,RANDOM
truncation_40,0.5,80,44,4500,19.12653613090515,97390,98653.49,ONE_POINT,100,100,RANDOM
truncation_40,0.5,80,45,4600,19.55813765525818,97245,98184.41,ONE_POINT,100,100,RANDOM
truncation_40,0.5,80,46,4700,19.99491810798645,97094,97919.33,ONE_POINT,100,100,RANDOM
truncation_40,0.5,80,47,4800,20.425403833389282,96853,97567.11,ONE_POINT,100,100,RANDOM
truncation_40,0.5,80,48,4900,20.864042282104492,96583,97235.8,ONE_POINT,100,100,RANDOM
truncation_40,0.5,80,49,5000,21.294448614120483,96583,97094.37,ONE_POINT,100,100,RANDOM
truncation_40,0.5,80,50,5100,21.736016750335693,96233,96922.0,ONE_POINT,100,100,RANDOM
truncation_40,0.5,80,51,5200,22.179858684539795,96051,96664.14,ONE_POINT,100,100,RANDOM
truncation_40,0.5,80,52,5300,22.60904049873352,95474,96380.32,ONE_POINT,100,100,RANDOM
truncation_40,0.5,80,53,5400,23.055728912353516,95220,96048.71,ONE_POINT,100,100,RANDOM
truncation_40,0.5,80,54,5500,23.499939918518066,93978,95753.91,ONE_POINT,100,100,RANDOM
truncation_40,0.5,80,55,5600,23.924806118011475,93978,95505.83,ONE_POINT,100,100,RANDOM
truncation_40,0.5,80,56,5700,24.358179807662964,93847,95306.89,ONE_POINT,100,100,RANDOM
truncation_40,0.5,80,57,5800,24.796475172042847,93847,95064.02,ONE_POINT,100,100,RANDOM
truncation_40,0.5,80,58,5900,25.227524995803833,93584,94653.92,ONE_POINT,100,100,RANDOM
truncation_40,0.5,80,59,6000,25.672927141189575,92687,94198.68,ONE_POINT,100,100,RANDOM
truncation_40,0.5,80,60,6100,26.09701919555664,92687,93809.06,ONE_POINT,100,100,RANDOM
truncation_40,0.5,80,61,6200,26.53795313835144,92618,93589.24,ONE_POINT,100,100,RANDOM
truncation_40,0.5,80,62,6300,26.969176292419434,92198,93248.92,ONE_POINT,100,100,RANDOM
truncation_40,0.5,80,63,6400,27.3957679271698,92198,92901.81,ONE_POINT,100,100,RANDOM
truncation_40,0.5,80,64,6500,27.84498882293701,91888,92643.19,ONE_POINT,100,100,RANDOM
truncation_40,0.5,80,65,6600,28.28290319442749,91372,92479.41,ONE_POINT,100,100,RANDOM
truncation_40,0.5,80,66,6700,28.73213529586792,91372,92216.0,ONE_POINT,100,100,RANDOM
truncation_40,0.5,80,67,6800,29.170233011245728,91133,91915.34,ONE_POINT,100,100,RANDOM
truncation_40,0.5,80,68,6900,29.60654067993164,90674,91564.43,ONE_POINT,100,100,RANDOM
truncation_40,0.5,80,69,7000,30.038610696792603,90504,91276.96,ONE_POINT,100,100,RANDOM
truncation_40,0.5,80,70,7100,30.466861248016357,90349,90931.97,ONE_POINT,100,100,RANDOM
truncation_40,0.5,80,71,7200,30.906642198562622,89809,90605.09,ONE_POINT,100,100,RANDOM
truncation_40,0.5,80,72,7300,31.334291219711304,89809,90372.67,ONE_POINT,100,100,RANDOM
truncation_40,0.5,80,73,7400,31.76021456718445,89009,90106.96,ONE_POINT,100,100,RANDOM
truncation_40,0.5,80,74,7500,32.20473885536194,88848,89826.71,ONE_POINT,100,100,RANDOM
truncation_40,0.5,80,75,7600,32.62532949447632,88641,89572.01,ONE_POINT,100,100,RANDOM
truncation_40,0.5,80,76,7700,33.055708169937134,88330,89225.62,ONE_POINT,100,100,RANDOM
truncation_40,0.5,80,77,7800,33.49162530899048,88330,88861.55,ONE_POINT,100,100,RANDOM
truncation_40,0.5,80,78,7900,33.917588233947754,88148,88578.71,ONE_POINT,100,100,RANDOM
truncation_40,0.5,80,79,8000,34.355189085006714,87815,88398.32,ONE_POINT,100,100,RANDOM
truncation_40,0.5,80,80,8100,34.80560517311096,87314,88203.04,ONE_POINT,100,100,RANDOM
truncation_40,0.5,80,81,8200,35.235177993774414,86934,87860.97,ONE_POINT,100,100,RANDOM
truncation_40,0.5,80,82,8300,35.68741846084595,86706,87528.12,ONE_POINT,100,100,RANDOM
truncation_40,0.5,80,83,8400,36.13764810562134,85934,87107.28,ONE_POINT,100,100,RANDOM
truncation_40,0.5,80,84,8500,36.56512212753296,85542,86818.03,ONE_POINT,100,100,RANDOM
truncation_40,0.5,80,85,8600,36.99118709564209,85542,86558.18,ONE_POINT,100,100,RANDOM
truncation_40,0.5,80,86,8700,37.43444633483887,85436,86284.26,ONE_POINT,100,100,RANDOM
truncation_40,0.5,80,87,8800,37.8792200088501,85180,85933.15,ONE_POINT,100,100,RANDOM
truncation_40,0.5,80,88,8900,38.351229429244995,85144,85712.57,ONE_POINT,100,100,RANDOM
truncation_40,0.5,80,89,9000,38.77783799171448,84940,85497.38,ONE_POINT,100,100,RANDOM
truncation_40,0.5,80,90,9100,39.217416524887085,84778,85307.93,ONE_POINT,100,100,RANDOM
truncation_40,0.5,80,91,9200,39.6764919757843,84406,85162.48,ONE_POINT,100,100,RANDOM
truncation_40,0.5,80,92,9300,40.14408755302429,84336,85035.56,ONE_POINT,100,100,RANDOM
truncation_40,0.5,80,93,9400,40.5982940196991,84336,84908.78,ONE_POINT,100,100,RANDOM
truncation_40,0.5,80,94,9500,41.03023719787598,84044,84680.54,ONE_POINT,100,100,RANDOM
truncation_40,0.5,80,95,9600,41.47645950317383,83877,84448.6,ONE_POINT,100,100,RANDOM
truncation_40,0.5,80,96,9700,41.92581391334534,83828,84293.79,ONE_POINT,100,100,RANDOM
truncation_40,0.5,80,97,9800,42.38603162765503,83370,84084.64,ONE_POINT,100,100,RANDOM
truncation_40,0.5,80,98,9900,42.82912611961365,83370,83927.53,ONE_POINT,100,100,RANDOM
truncation_40,0.5,80,99,10000,43.26157331466675,83212,83723.47,ONE_POINT,100,100,RANDOM
truncation_40,0.5,80,100,10100,43.69440674781799,82961,83555.64,ONE_POINT,100,100,RANDOM
truncation_40,0.5,80,101,10200,44.1508686542511,82405,83321.76,ONE_POINT,100,100,RANDOM
truncation_40,0.5,80,102,10300,44.5865318775177,82405,83099.94,ONE_POINT,100,100,RANDOM
truncation_40,0.5,80,103,10400,45.023141860961914,81706,82877.41,ONE_POINT,100,100,RANDOM
truncation_40,0.5,80,104,10500,45.43638372421265,81706,82672.78,ONE_POINT,100,100,RANDOM
truncation_40,0.5,80,105,10600,45.87173509597778,81706,82428.96,ONE_POINT,100,100,RANDOM
truncation_40,0.5,80,106,10700,46.3220956325531,81630,82205.36,ONE_POINT,100,100,RANDOM
truncation_40,0.5,80,107,10800,46.777138471603394,81494,81988.14,ONE_POINT,100,100,RANDOM
truncation_40,0.5,80,108,10900,47.226011991500854,80716,81779.87,ONE_POINT,100,100,RANDOM
truncation_40,0.5,80,109,11000,47.663289308547974,80716,81547.73,ONE_POINT,100,100,RANDOM
truncation_40,0.5,80,110,11100,48.10400342941284,80385,81229.64,ONE_POINT,100,100,RANDOM
truncation_40,0.5,80,111,11200,48.53879237174988,80385,81000.21,ONE_POINT,100,100,RANDOM
truncation_40,0.5,80,112,11300,49.00386357307434,80240,80724.78,ONE_POINT,100,100,RANDOM
truncation_40,0.5,80,113,11400,49.43974018096924,80025,80565.29,ONE_POINT,100,100,RANDOM
truncation_40,0.5,80,114,11500,49.871734380722046,79393,80350.23,ONE_POINT,100,100,RANDOM
truncation_40,0.5,80,115,11600,50.29391121864319,79393,80141.98,ONE_POINT,100,100,RANDOM
truncation_40,0.5,80,116,11700,50.73968243598938,79139,79902.21,ONE_POINT,100,100,RANDOM
truncation_40,0.5,80,117,11800,51.1859564781189,79139,79686.01,ONE_POINT,100,100,RANDOM
truncation_40,0.5,80,118,11900,51.62547278404236,79044,79457.94,ONE_POINT,100,100,RANDOM
truncation_40,0.5,80,119,12000,52.057706117630005,78833,79293.21,ONE_POINT,100,100,RANDOM
truncation_40,0.5,80,120,12100,52.477555990219116,78542,79102.75,ONE_POINT,100,100,RANDOM
truncation_40,0.5,80,121,12200,52.92872405052185,78185,78944.62,ONE_POINT,100,100,RANDOM
truncation_40,0.5,80,122,12300,53.36833834648132,77903,78737.62,ONE_POINT,100,100,RANDOM
truncation_40,0.5,80,123,12400,53.791882038116455,77903,78540.98,ONE_POINT,100,100,RANDOM
truncation_40,0.5,80,124,12500,54.2195029258728,77746,78295.22,ONE_POINT,100,100,RANDOM
truncation_40,0.5,80,125,12600,54.64716672897339,77504,78019.71,ONE_POINT,100,100,RANDOM
truncation_40,0.5,80,126,12700,55.11723303794861,77112,77827.99,ONE_POINT,100,100,RANDOM
truncation_40,0.5,80,127,12800,55.54128623008728,77112,77665.26,ONE_POINT,100,100,RANDOM
truncation_40,0.5,80,128,12900,55.96822118759155,77042,77508.3,ONE_POINT,100,100,RANDOM
truncation_40,0.5,80,129,13000,56.39922046661377,77023,77377.96,ONE_POINT,100,100,RANDOM
truncation_40,0.5,80,130,13100,56.822619915008545,76925,77232.16,ONE_POINT,100,100,RANDOM
truncation_40,0.5,80,131,13200,57.277602434158325,76788,77095.73,ONE_POINT,100,100,RANDOM
truncation_40,0.5,80,132,13300,57.716712951660156,76537,76994.6,ONE_POINT,100,100,RANDOM
truncation_40,0.5,80,133,13400,58.14105439186096,76537,76889.19,ONE_POINT,100,100,RANDOM
truncation_40,0.5,80,134,13500,58.57154679298401,76121,76714.79,ONE_POINT,100,100,RANDOM
truncation_40,0.5,80,135,13600,58.997193813323975,76121,76560.16,ONE_POINT,100,100,RANDOM
truncation_40,0.5,80,136,13700,59.44658041000366,75892,76408.75,ONE_POINT,100,100,RANDOM
truncation_40,0.5,80,137,13800,59.87815260887146,75722,76273.32,ONE_POINT,100,100,RANDOM
truncation_40,0.5,80,138,13900,60.30693292617798,75568,76126.83,ONE_POINT,100,100,RANDOM
truncation_40,0.5,80,139,14000,60.74124526977539,75568,75979.25,ONE_POINT,100,100,RANDOM
truncation_40,0.5,80,140,14100,61.16921329498291,75391,75844.07,ONE_POINT,100,100,RANDOM
truncation_40,0.5,80,141,14200,61.610291719436646,75289,75735.61,ONE_POINT,100,100,RANDOM
truncation_40,0.5,80,142,14300,62.03273320198059,74755,75558.41,ONE_POINT,100,100,RANDOM
truncation_40,0.5,80,143,14400,62.464316606521606,74755,75342.92,ONE_POINT,100,100,RANDOM
truncation_40,0.5,80,144,14500,62.957967042922974,74657,75121.16,ONE_POINT,100,100,RANDOM
truncation_40,0.5,80,145,14600,63.409279108047485,74430,74861.45,ONE_POINT,100,100,RANDOM
truncation_40,0.5,80,146,14700,63.85862636566162,74118,74709.19,ONE_POINT,100,100,RANDOM
truncation_40,0.5,80,147,14800,64.54070544242859,74008,74592.58,ONE_POINT,100,100,RANDOM
truncation_40,0.5,80,148,14900,64.96187138557434,73818,74399.28,ONE_POINT,100,100,RANDOM
truncation_40,0.5,80,149,15000,65.39229440689087,73554,74205.3,ONE_POINT,100,100,RANDOM
truncation_40,0.5,80,150,15100,65.84716939926147,73554,74047.96,ONE_POINT,100,100,RANDOM
truncation_40,0.5,80,151,15200,66.28241324424744,73428,73905.51,ONE_POINT,100,100,RANDOM
truncation_40,0.5,80,152,15300,66.70323204994202,73306,73791.58,ONE_POINT,100,100,RANDOM
truncation_40,0.5,80,153,15400,67.13344478607178,72929,73624.57,ONE_POINT,100,100,RANDOM
truncation_40,0.5,80,154,15500,67.57591724395752,72695,73438.82,ONE_POINT,100,100,RANDOM
truncation_40,0.5,80,155,15600,68.02955794334412,72695,73346.33,ONE_POINT,100,100,RANDOM
truncation_40,0.5,80,156,15700,68.45629787445068,72410,73162.53,ONE_POINT,100,100,RANDOM
truncation_40,0.5,80,157,15800,68.8923499584198,72386,72993.24,ONE_POINT,100,100,RANDOM
truncation_40,0.5,80,158,15900,69.30837440490723,72323,72782.29,ONE_POINT,100,100,RANDOM
truncation_40,0.5,80,159,16000,69.74904704093933,72323,72577.23,ONE_POINT,100,100,RANDOM
truncation_40,0.5,80,160,16100,70.19064211845398,71863,72387.55,ONE_POINT,100,100,RANDOM
truncation_40,0.5,80,161,16200,70.61571455001831,71605,72224.22,ONE_POINT,100,100,RANDOM
truncation_40,0.5,80,162,16300,71.05281591415405,71438,72064.16,ONE_POINT,100,100,RANDOM
truncation_40,0.5,80,163,16400,71.49133157730103,71117,71892.76,ONE_POINT,100,100,RANDOM
truncation_40,0.5,80,164,16500,71.93825316429138,71117,71740.78,ONE_POINT,100,100,RANDOM
truncation_40,0.5,80,165,16600,72.37884020805359,70874,71568.63,ONE_POINT,100,100,RANDOM
truncation_40,0.5,80,166,16700,72.81321835517883,70808,71334.14,ONE_POINT,100,100,RANDOM
truncation_40,0.5,80,167,16800,73.24075508117676,70559,71052.15,ONE_POINT,100,100,RANDOM
truncation_40,0.5,80,168,16900,73.6676676273346,70206,70873.31,ONE_POINT,100,100,RANDOM
truncation_40,0.5,80,169,17000,74.09951782226562,70206,70720.69,ONE_POINT,100,100,RANDOM
truncation_40,0.5,80,170,17100,74.53750944137573,69936,70530.86,ONE_POINT,100,100,RANDOM
truncation_40,0.5,80,171,17200,75.00553154945374,69933,70341.51,ONE_POINT,100,100,RANDOM
truncation_40,0.5,80,172,17300,75.42580914497375,69361,70164.92,ONE_POINT,100,100,RANDOM
truncation_40,0.5,80,173,17400,75.86163902282715,69361,69983.69,ONE_POINT,100,100,RANDOM
truncation_40,0.5,80,174,17500,76.32211899757385,69183,69834.78,ONE_POINT,100,100,RANDOM
truncation_40,0.5,80,175,17600,76.7461667060852,69183,69695.36,ONE_POINT,100,100,RANDOM
truncation_40,0.5,80,176,17700,77.17485094070435,69183,69529.65,ONE_POINT,100,100,RANDOM
truncation_40,0.5,80,177,17800,77.60796022415161,69049,69371.52,ONE_POINT,100,100,RANDOM
truncation_40,0.5,80,178,17900,78.03160524368286,68774,69253.91,ONE_POINT,100,100,RANDOM
truncation_40,0.5,80,179,18000,78.45855522155762,68437,69156.24,ONE_POINT,100,100,RANDOM
truncation_40,0.5,80,180,18100,78.87386989593506,68437,69066.14,ONE_POINT,100,100,RANDOM
truncation_40,0.5,80,181,18200,79.30675935745239,68437,68932.02,ONE_POINT,100,100,RANDOM
truncation_40,0.5,80,182,18300,79.72911167144775,68296,68826.33,ONE_POINT,100,100,RANDOM
truncation_40,0.5,80,183,18400,80.17802453041077,68296,68736.14,ONE_POINT,100,100,RANDOM
truncation_40,0.5,80,184,18500,80.61837220191956,67561,68630.29,ONE_POINT,100,100,RANDOM
truncation_40,0.5,80,185,18600,81.04720973968506,67561,68421.58,ONE_POINT,100,100,RANDOM
truncation_40,0.5,80,186,18700,81.54508876800537,67561,68152.91,ONE_POINT,100,100,RANDOM
truncation_40,0.5,80,187,18800,82.01481342315674,67171,67876.98,ONE_POINT,100,100,RANDOM
truncation_40,0.5,80,188,18900,82.5111711025238,66973,67721.33,ONE_POINT,100,100,RANDOM
truncation_40,0.5,80,189,19000,82.99250936508179,66726,67471.65,ONE_POINT,100,100,RANDOM
truncation_40,0.5,80,190,19100,83.49226236343384,66579,67187.17,ONE_POINT,100,100,RANDOM
truncation_40,0.5,80,191,19200,83.96961259841919,66579,66918.73,ONE_POINT,100,100,RANDOM
truncation_40,0.5,80,192,19300,84.57497429847717,66372,66742.65,ONE_POINT,100,100,RANDOM
truncation_40,0.5,80,193,19400,85.09912276268005,65942,66584.65,ONE_POINT,100,100,RANDOM
truncation_40,0.5,80,194,19500,85.61661505699158,65896,66428.17,ONE_POINT,100,100,RANDOM
truncation_40,0.5,80,195,19600,86.10185980796814,65834,66268.88,ONE_POINT,100,100,RANDOM
truncation_40,0.5,80,196,19700,86.61342597007751,65588,66125.37,ONE_POINT,100,100,RANDOM
truncation_40,0.5,80,197,19800,87.11064529418945,65375,65959.23,ONE_POINT,100,100,RANDOM
truncation_40,0.5,80,198,19900,87.61501407623291,65375,65803.36,ONE_POINT,100,100,RANDOM
truncation_40,0.5,80,199,20000,88.10828042030334,65303,65676.91,ONE_POINT,100,100,RANDOM
truncation_40,0.5,80,200,20100,88.59263873100281,65076,65519.32,ONE_POINT,100,100,RANDOM
truncation_40,0.5,80,201,20200,89.13132047653198,64949,65387.03,ONE_POINT,100,100,RANDOM
truncation_40,0.5,80,202,20300,89.64832544326782,64630,65212.83,ONE_POINT,100,100,RANDOM
truncation_40,0.5,80,203,20400,90.14477801322937,64573,65052.58,ONE_POINT,100,100,RANDOM
truncation_40,0.5,80,204,20500,90.61911582946777,64422,64879.94,ONE_POINT,100,100,RANDOM
truncation_40,0.5,80,205,20600,91.11067509651184,64286,64674.51,ONE_POINT,100,100,RANDOM
truncation_40,0.5,80,206,20700,91.60070657730103,64145,64555.96,ONE_POINT,100,100,RANDOM
truncation_40,0.5,80,207,20800,92.09113931655884,63976,64445.86,ONE_POINT,100,100,RANDOM
truncation_40,0.5,80,208,20900,92.6082763671875,63582,64310.11,ONE_POINT,100,100,RANDOM
truncation_40,0.5,80,209,21000,93.10315918922424,63582,64164.48,ONE_POINT,100,100,RANDOM
truncation_40,0.5,80,210,21100,93.60664534568787,63582,64039.87,ONE_POINT,100,100,RANDOM
truncation_40,0.5,80,211,21200,94.08703756332397,63582,63931.87,ONE_POINT,100,100,RANDOM
truncation_40,0.5,80,212,21300,94.57773971557617,63534,63816.96,ONE_POINT,100,100,RANDOM
truncation_40,0.5,80,213,21400,95.08164191246033,63490,63733.2,ONE_POINT,100,100,RANDOM
truncation_40,0.5,80,214,21500,95.56571912765503,63394,63664.12,ONE_POINT,100,100,RANDOM
truncation_40,0.5,80,215,21600,96.04597091674805,63191,63610.2,ONE_POINT,100,100,RANDOM
truncation_40,0.5,80,216,21700,96.50542449951172,63164,63541.52,ONE_POINT,100,100,RANDOM
truncation_40,0.5,80,217,21800,96.94716572761536,63145,63468.96,ONE_POINT,100,100,RANDOM
truncation_40,0.5,80,218,21900,97.38216996192932,62813,63347.09,ONE_POINT,100,100,RANDOM
truncation_40,0.5,80,219,22000,97.81418442726135,62715,63203.81,ONE_POINT,100,100,RANDOM
truncation_40,0.5,80,220,22100,98.24150133132935,62563,63074.21,ONE_POINT,100,100,RANDOM
truncation_40,0.5,80,221,22200,98.66902685165405,62408,62905.07,ONE_POINT,100,100,RANDOM
truncation_40,0.5,80,222,22300,99.12891960144043,62408,62765.76,ONE_POINT,100,100,RANDOM
truncation_40,0.5,80,223,22400,99.61564803123474,62408,62695.48,ONE_POINT,100,100,RANDOM
truncation_40,0.5,80,224,22500,100.050936460495,62122,62621.27,ONE_POINT,100,100,RANDOM
truncation_40,0.5,80,225,22600,100.48291826248169,62005,62528.06,ONE_POINT,100,100,RANDOM
truncation_40,0.5,80,226,22700,100.91539859771729,61753,62399.06,ONE_POINT,100,100,RANDOM
truncation_40,0.5,80,227,22800,101.36422181129456,61503,62271.4,ONE_POINT,100,100,RANDOM
truncation_40,0.5,80,228,22900,101.78850388526917,61401,62086.17,ONE_POINT,100,100,RANDOM
truncation_40,0.5,80,229,23000,102.23656153678894,61091,61847.87,ONE_POINT,100,100,RANDOM
truncation_40,0.5,80,230,23100,102.66724038124084,61090,61619.33,ONE_POINT,100,100,RANDOM
truncation_40,0.5,80,231,23200,103.10814452171326,61076,61413.18,ONE_POINT,100,100,RANDOM
truncation_40,0.5,80,232,23300,103.56934475898743,60855,61243.48,ONE_POINT,100,100,RANDOM
truncation_40,0.5,80,233,23400,104.01544642448425,60811,61082.52,ONE_POINT,100,100,RANDOM
truncation_40,0.5,80,234,23500,104.46729040145874,60683,60975.37,ONE_POINT,100,100,RANDOM
truncation_40,0.5,80,235,23600,104.89460158348083,60637,60867.6,ONE_POINT,100,100,RANDOM
truncation_40,0.5,80,236,23700,105.32923340797424,60503,60794.16,ONE_POINT,100,100,RANDOM
truncation_40,0.5,80,237,23800,105.7756450176239,60417,60715.53,ONE_POINT,100,100,RANDOM
truncation_40,0.5,80,238,23900,106.2081184387207,60414,60613.73,ONE_POINT,100,100,RANDOM
truncation_40,0.5,80,239,24000,106.63896346092224,60365,60511.71,ONE_POINT,100,100,RANDOM
truncation_40,0.5,80,240,24100,107.06054329872131,60365,60448.97,ONE_POINT,100,100,RANDOM
truncation_40,0.5,80,241,24200,107.5027232170105,59842,60391.3,ONE_POINT,100,100,RANDOM
truncation_40,0.5,80,242,24300,107.93830108642578,59719,60331.04,ONE_POINT,100,100,RANDOM
truncation_40,0.5,80,243,24400,108.37834119796753,59719,60270.18,ONE_POINT,100,100,RANDOM
truncation_40,0.5,80,244,24500,108.81015729904175,59719,60206.38,ONE_POINT,100,100,RANDOM
truncation_40,0.5,80,245,24600,109.24012994766235,59671,60138.21,ONE_POINT,100,100,RANDOM
truncation_40,0.5,80,246,24700,109.6852068901062,59646,60019.33,ONE_POINT,100,100,RANDOM
truncation_40,0.5,80,247,24800,110.12877321243286,59477,59856.66,ONE_POINT,100,100,RANDOM
truncation_40,0.5,80,248,24900,110.5702543258667,59473,59711.59,ONE_POINT,100,100,RANDOM
truncation_40,0.5,80,249,25000,111.00044417381287,59285,59612.25,ONE_POINT,100,100,RANDOM
truncation_40,0.5,80,250,25100,111.44165921211243,59268,59526.28,ONE_POINT,100,100,RANDOM
truncation_40,0.5,80,251,25200,111.89499855041504,59110,59443.63,ONE_POINT,100,100,RANDOM
truncation_40,0.5,80,252,25300,112.32124733924866,58958,59345.57,ONE_POINT,100,100,RANDOM
truncation_40,0.5,80,253,25400,112.73899531364441,58842,59234.64,ONE_POINT,100,100,RANDOM
truncation_40,0.5,80,254,25500,113.18054580688477,58825,59110.23,ONE_POINT,100,100,RANDOM
truncation_40,0.5,80,255,25600,113.61425423622131,58557,58987.32,ONE_POINT,100,100,RANDOM
truncation_40,0.5,80,256,25700,114.04785299301147,58533,58848.89,ONE_POINT,100,100,RANDOM
truncation_40,0.5,80,257,25800,114.49028730392456,58355,58768.28,ONE_POINT,100,100,RANDOM
truncation_40,0.5,80,258,25900,114.9224693775177,58238,58644.58,ONE_POINT,100,100,RANDOM
truncation_40,0.5,80,259,26000,115.34019064903259,58115,58501.67,ONE_POINT,100,100,RANDOM
truncation_40,0.5,80,260,26100,115.77909231185913,58012,58356.81,ONE_POINT,100,100,RANDOM
truncation_40,0.5,80,261,26200,116.21645283699036,57744,58249.88,ONE_POINT,100,100,RANDOM
truncation_40,0.5,80,262,26300,116.6766710281372,57744,58158.54,ONE_POINT,100,100,RANDOM
truncation_40,0.5,80,263,26400,117.11618161201477,57744,58060.6,ONE_POINT,100,100,RANDOM
truncation_40,0.5,80,264,26500,117.54751205444336,57744,57992.78,ONE_POINT,100,100,RANDOM
truncation_40,0.5,80,265,26600,118.00250673294067,57656,57923.81,ONE_POINT,100,100,RANDOM
truncation_40,0.5,80,266,26700,118.4356484413147,57647,57848.91,ONE_POINT,100,100,RANDOM
truncation_40,0.5,80,267,26800,118.86959290504456,57550,57774.94,ONE_POINT,100,100,RANDOM
truncation_40,0.5,80,268,26900,119.3079822063446,57534,57693.99,ONE_POINT,100,100,RANDOM
truncation_40,0.5,80,269,27000,119.733065366745,57465,57633.38,ONE_POINT,100,100,RANDOM
truncation_40,0.5,80,270,27100,120.19021773338318,57465,57598.3,ONE_POINT,100,100,RANDOM
truncation_40,0.5,80,271,27200,120.64277338981628,57346,57558.71,ONE_POINT,100,100,RANDOM
truncation_40,0.5,80,272,27300,121.0821590423584,57249,57507.52,ONE_POINT,100,100,RANDOM
truncation_40,0.5,80,273,27400,121.5013039112091,57125,57454.24,ONE_POINT,100,100,RANDOM
truncation_40,0.5,80,274,27500,121.93528318405151,57125,57362.09,ONE_POINT,100,100,RANDOM
truncation_40,0.5,80,275,27600,122.37085175514221,56920,57234.7,ONE_POINT,100,100,RANDOM
truncation_40,0.5,80,276,27700,122.80147290229797,56713,57123.78,ONE_POINT,100,100,RANDOM
truncation_40,0.5,80,277,27800,123.2479522228241,56713,57057.04,ONE_POINT,100,100,RANDOM
truncation_40,0.5,80,278,27900,123.68284177780151,56540,56968.41,ONE_POINT,100,100,RANDOM
truncation_40,0.5,80,279,28000,124.11608719825745,56540,56882.93,ONE_POINT,100,100,RANDOM
truncation_40,0.5,80,280,28100,124.5549566745758,56522,56785.09,ONE_POINT,100,100,RANDOM
truncation_40,0.5,80,281,28200,124.98636174201965,56047,56658.45,ONE_POINT,100,100,RANDOM
truncation_40,0.5,80,282,28300,125.43959307670593,56047,56552.97,ONE_POINT,100,100,RANDOM
truncation_40,0.5,80,283,28400,125.86863565444946,56047,56412.12,ONE_POINT,100,100,RANDOM
truncation_40,0.5,80,284,28500,126.30144619941711,55697,56234.12,ONE_POINT,100,100,RANDOM
truncation_40,0.5,80,285,28600,126.75484132766724,55625,56129.58,ONE_POINT,100,100,RANDOM
truncation_40,0.5,80,286,28700,127.17922186851501,55602,56022.6,ONE_POINT,100,100,RANDOM
truncation_40,0.5,80,287,28800,127.61801791191101,55492,55884.19,ONE_POINT,100,100,RANDOM
truncation_40,0.5,80,288,28900,128.03906297683716,55380,55765.04,ONE_POINT,100,100,RANDOM
truncation_40,0.5,80,289,29000,128.48395442962646,55380,55669.25,ONE_POINT,100,100,RANDOM
truncation_40,0.5,80,290,29100,128.91513967514038,55182,55576.0,ONE_POINT,100,100,RANDOM
truncation_40,0.5,80,291,29200,129.33921265602112,55182,55518.08,ONE_POINT,100,100,RANDOM
truncation_40,0.5,80,292,29300,129.78183579444885,55182,55453.16,ONE_POINT,100,100,RANDOM
truncation_40,0.5,80,293,29400,130.20558977127075,55048,55368.7,ONE_POINT,100,100,RANDOM
truncation_40,0.5,80,294,29500,130.6542947292328,54847,55247.15,ONE_POINT,100,100,RANDOM
truncation_40,0.5,80,295,29600,131.0874171257019,54747,55131.7,ONE_POINT,100,100,RANDOM
truncation_40,0.5,80,296,29700,131.52177381515503,54616,54973.37,ONE_POINT,100,100,RANDOM
truncation_40,0.5,80,297,29800,131.9743845462799,54490,54843.5,ONE_POINT,100,100,RANDOM
truncation_40,0.5,80,298,29900,132.40623998641968,54466,54741.47,ONE_POINT,100,100,RANDOM
truncation_40,0.5,80,299,30000,132.85631036758423,54422,54670.3,ONE_POINT,100,100,RANDOM
truncation_40,0.5,80,300,30100,133.27660751342773,54228,54577.89,ONE_POINT,100,100,RANDOM
truncation_40,0.5,80,301,30200,133.7286410331726,54228,54509.39,ONE_POINT,100,100,RANDOM
truncation_40,0.5,80,302,30300,134.18177700042725,54164,54440.1,ONE_POINT,100,100,RANDOM
truncation_40,0.5,80,303,30400,134.60729503631592,54164,54385.44,ONE_POINT,100,100,RANDOM
truncation_40,0.5,80,304,30500,135.052250623703,53999,54291.6,ONE_POINT,100,100,RANDOM
truncation_40,0.5,80,305,30600,135.49063277244568,53999,54200.21,ONE_POINT,100,100,RANDOM
truncation_40,0.5,80,306,30700,135.91657757759094,53958,54132.75,ONE_POINT,100,100,RANDOM
truncation_40,0.5,80,307,30800,136.35039806365967,53804,54075.88,ONE_POINT,100,100,RANDOM
truncation_40,0.5,80,308,30900,136.79042387008667,53462,54010.02,ONE_POINT,100,100,RANDOM
truncation_40,0.5,80,309,31000,137.22297430038452,53462,53950.36,ONE_POINT,100,100,RANDOM
truncation_40,0.5,80,310,31100,137.66441106796265,53462,53905.4,ONE_POINT,100,100,RANDOM
truncation_40,0.5,80,311,31200,138.08342504501343,53462,53868.69,ONE_POINT,100,100,RANDOM
truncation_40,0.5,80,312,31300,138.52430415153503,53444,53823.66,ONE_POINT,100,100,RANDOM
truncation_40,0.5,80,313,31400,138.97019934654236,53444,53770.93,ONE_POINT,100,100,RANDOM
truncation_40,0.5,80,314,31500,139.39934420585632,53444,53728.28,ONE_POINT,100,100,RANDOM
truncation_40,0.5,80,315,31600,139.8391683101654,53444,53680.28,ONE_POINT,100,100,RANDOM
truncation_40,0.5,80,316,31700,140.2835156917572,53444,53629.43,ONE_POINT,100,100,RANDOM
truncation_40,0.5,80,317,31800,140.74933791160583,53404,53590.49,ONE_POINT,100,100,RANDOM
truncation_40,0.5,80,318,31900,141.19419717788696,53208,53533.4,ONE_POINT,100,100,RANDOM
truncation_40,0.5,80,319,32000,141.63816809654236,53194,53443.45,ONE_POINT,100,100,RANDOM
truncation_40,0.5,80,320,32100,142.05775547027588,53194,53376.28,ONE_POINT,100,100,RANDOM
truncation_40,0.5,80,321,32200,142.4818024635315,53139,53288.37,ONE_POINT,100,100,RANDOM
truncation_40,0.5,80,322,32300,142.97562170028687,53079,53225.67,ONE_POINT,100,100,RANDOM
truncation_40,0.5,80,323,32400,143.4056158065796,52913,53190.25,ONE_POINT,100,100,RANDOM
truncation_40,0.5,80,324,32500,143.84174704551697,52913,53122.71,ONE_POINT,100,100,RANDOM
truncation_40,0.5,80,325,32600,144.27284836769104,52873,53072.28,ONE_POINT,100,100,RANDOM
truncation_40,0.5,80,326,32700,144.69642734527588,52873,53019.8,ONE_POINT,100,100,RANDOM
truncation_40,0.5,80,327,32800,145.13658380508423,52811,52949.64,ONE_POINT,100,100,RANDOM
truncation_40,0.5,80,328,32900,145.5867726802826,52710,52888.6,ONE_POINT,100,100,RANDOM
truncation_40,0.5,80,329,33000,146.01872944831848,52634,52834.63,ONE_POINT,100,100,RANDOM
truncation_40,0.5,80,330,33100,146.45732736587524,52634,52764.79,ONE_POINT,100,100,RANDOM
truncation_40,0.5,80,331,33200,146.89449667930603,52557,52717.19,ONE_POINT,100,100,RANDOM
truncation_40,0.5,80,332,33300,147.36880230903625,52557,52662.03,ONE_POINT,100,100,RANDOM
truncation_40,0.5,80,333,33400,147.79794049263,52381,52628.9,ONE_POINT,100,100,RANDOM
truncation_40,0.5,80,334,33500,148.24040746688843,52381,52578.39,ONE_POINT,100,100,RANDOM
truncation_40,0.5,80,335,33600,148.66687512397766,52318,52523.81,ONE_POINT,100,100,RANDOM
truncation_40,0.5,80,336,33700,149.10069108009338,52155,52445.1,ONE_POINT,100,100,RANDOM
truncation_40,0.5,80,337,33800,149.55757069587708,52155,52394.08,ONE_POINT,100,100,RANDOM
truncation_40,0.5,80,338,33900,149.99597191810608,52155,52349.11,ONE_POINT,100,100,RANDOM
truncation_40,0.5,80,339,34000,150.4338538646698,52091,52304.35,ONE_POINT,100,100,RANDOM
truncation_40,0.5,80,340,34100,150.85652709007263,52009,52246.85,ONE_POINT,100,100,RANDOM
truncation_40,0.5,80,341,34200,151.316397190094,51956,52189.65,ONE_POINT,100,100,RANDOM
truncation_40,0.5,80,342,34300,151.78340554237366,51872,52108.39,ONE_POINT,100,100,RANDOM
truncation_40,0.5,80,343,34400,152.21255326271057,51861,52043.76,ONE_POINT,100,100,RANDOM
truncation_40,0.5,80,344,34500,152.65875124931335,51851,51987.13,ONE_POINT,100,100,RANDOM
truncation_40,0.5,80,345,34600,153.0941605567932,51763,51928.15,ONE_POINT,100,100,RANDOM
truncation_40,0.5,80,346,34700,153.52556848526,51599,51870.26,ONE_POINT,100,100,RANDOM
truncation_40,0.5,80,347,34800,153.97514128684998,51599,51831.0,ONE_POINT,100,100,RANDOM
truncation_40,0.5,80,348,34900,154.40559673309326,51583,51786.81,ONE_POINT,100,100,RANDOM
truncation_40,0.5,80,349,35000,154.8421196937561,51483,51722.43,ONE_POINT,100,100,RANDOM
truncation_40,0.5,80,350,35100,155.27358174324036,51483,51666.79,ONE_POINT,100,100,RANDOM
truncation_40,0.5,80,351,35200,155.72002744674683,51378,51588.92,ONE_POINT,100,100,RANDOM
truncation_40,0.5,80,352,35300,156.1807837486267,51222,51524.54,ONE_POINT,100,100,RANDOM
truncation_40,0.5,80,353,35400,156.6391441822052,51201,51472.73,ONE_POINT,100,100,RANDOM
truncation_40,0.5,80,354,35500,157.06393027305603,51187,51392.18,ONE_POINT,100,100,RANDOM
truncation_40,0.5,80,355,35600,157.48653602600098,51102,51315.04,ONE_POINT,100,100,RANDOM
truncation_40,0.5,80,356,35700,157.94026470184326,50988,51227.43,ONE_POINT,100,100,RANDOM
truncation_40,0.5,80,357,35800,158.37713408470154,50899,51131.28,ONE_POINT,100,100,RANDOM
truncation_40,0.5,80,358,35900,158.8122320175171,50833,51055.05,ONE_POINT,100,100,RANDOM
truncation_40,0.5,80,359,36000,159.27691316604614,50673,50967.31,ONE_POINT,100,100,RANDOM
truncation_40,0.5,80,360,36100,159.70976662635803,50647,50911.04,ONE_POINT,100,100,RANDOM
truncation_40,0.5,80,361,36200,160.14848804473877,50647,50855.8,ONE_POINT,100,100,RANDOM
truncation_40,0.5,80,362,36300,160.60941982269287,50545,50781.11,ONE_POINT,100,100,RANDOM
truncation_40,0.5,80,363,36400,161.0518913269043,50464,50715.84,ONE_POINT,100,100,RANDOM
truncation_40,0.5,80,364,36500,161.48358464241028,50396,50625.82,ONE_POINT,100,100,RANDOM
truncation_40,0.5,80,365,36600,161.90852212905884,50308,50536.94,ONE_POINT,100,100,RANDOM
truncation_40,0.5,80,366,36700,162.35228395462036,50208,50458.48,ONE_POINT,100,100,RANDOM
truncation_40,0.5,80,367,36800,162.79177832603455,50202,50394.68,ONE_POINT,100,100,RANDOM
truncation_40,0.5,80,368,36900,163.22304821014404,50167,50351.44,ONE_POINT,100,100,RANDOM
truncation_40,0.5,80,369,37000,163.66863656044006,50167,50290.53,ONE_POINT,100,100,RANDOM
truncation_40,0.5,80,370,37100,164.13117361068726,50098,50230.9,ONE_POINT,100,100,RANDOM
truncation_40,0.5,80,371,37200,164.5512182712555,50008,50180.06,ONE_POINT,100,100,RANDOM
truncation_40,0.5,80,372,37300,164.99524354934692,49866,50120.11,ONE_POINT,100,100,RANDOM
truncation_40,0.5,80,373,37400,165.4166522026062,49866,50065.51,ONE_POINT,100,100,RANDOM
truncation_40,0.5,80,374,37500,165.84886693954468,49840,50012.2,ONE_POINT,100,100,RANDOM
truncation_40,0.5,80,375,37600,166.29815101623535,49840,49966.56,ONE_POINT,100,100,RANDOM
truncation_40,0.5,80,376,37700,166.74286699295044,49776,49936.66,ONE_POINT,100,100,RANDOM
truncation_40,0.5,80,377,37800,167.1883864402771,49758,49897.86,ONE_POINT,100,100,RANDOM
truncation_40,0.5,80,378,37900,167.6291148662567,49710,49839.01,ONE_POINT,100,100,RANDOM
truncation_40,0.5,80,379,38000,168.0673542022705,49666,49796.23,ONE_POINT,100,100,RANDOM
truncation_40,0.5,80,380,38100,168.4934401512146,49660,49761.42,ONE_POINT,100,100,RANDOM
truncation_40,0.5,80,381,38200,168.91222310066223,49605,49742.15,ONE_POINT,100,100,RANDOM
truncation_40,0.5,80,382,38300,169.36450791358948,49569,49705.08,ONE_POINT,100,100,RANDOM
truncation_40,0.5,80,383,38400,169.7891023159027,49420,49648.44,ONE_POINT,100,100,RANDOM
truncation_40,0.5,80,384,38500,170.20950031280518,49356,49603.51,ONE_POINT,100,100,RANDOM
truncation_40,0.5,80,385,38600,170.66563320159912,49356,49549.17,ONE_POINT,100,100,RANDOM
truncation_40,0.5,80,386,38700,171.09467482566833,49314,49485.24,ONE_POINT,100,100,RANDOM
truncation_40,0.5,80,387,38800,171.54509234428406,49314,49436.31,ONE_POINT,100,100,RANDOM
truncation_40,0.5,80,388,38900,171.99476027488708,49202,49376.21,ONE_POINT,100,100,RANDOM
truncation_40,0.5,80,389,39000,172.44081568717957,49079,49310.6,ONE_POINT,100,100,RANDOM
truncation_40,0.5,80,390,39100,172.87058067321777,48966,49242.82,ONE_POINT,100,100,RANDOM
truncation_40,0.5,80,391,39200,173.30126428604126,48931,49171.46,ONE_POINT,100,100,RANDOM
truncation_40,0.5,80,392,39300,173.7428948879242,48888,49087.0,ONE_POINT,100,100,RANDOM
truncation_40,0.5,80,393,39400,174.195077419281,48817,49024.62,ONE_POINT,100,100,RANDOM
truncation_40,0.5,80,394,39500,174.63483715057373,48766,48964.46,ONE_POINT,100,100,RANDOM
truncation_40,0.5,80,395,39600,175.06728768348694,48683,48918.23,ONE_POINT,100,100,RANDOM
truncation_40,0.5,80,396,39700,175.49432253837585,48640,48865.71,ONE_POINT,100,100,RANDOM
truncation_40,0.5,80,397,39800,175.9224545955658,48639,48805.61,ONE_POINT,100,100,RANDOM
truncation_40,0.5,80,398,39900,176.36764097213745,48616,48744.82,ONE_POINT,100,100,RANDOM
truncation_40,0.5,80,399,40000,176.8013253211975,48496,48693.24,ONE_POINT,100,100,RANDOM
truncation_40,0.5,80,400,40100,177.237220287323,48484,48624.62,ONE_POINT,100,100,RANDOM
truncation_40,0.5,80,401,40200,177.66994762420654,48129,48572.88,ONE_POINT,100,100,RANDOM
truncation_40,0.5,80,402,40300,178.1037654876709,48129,48514.74,ONE_POINT,100,100,RANDOM
truncation_40,0.5,80,403,40400,178.54301977157593,48129,48455.34,ONE_POINT,100,100,RANDOM
truncation_40,0.5,80,404,40500,178.99229645729065,48129,48411.05,ONE_POINT,100,100,RANDOM
truncation_40,0.5,80,405,40600,179.42266511917114,48079,48353.15,ONE_POINT,100,100,RANDOM
truncation_40,0.5,80,406,40700,179.84688305854797,48079,48300.81,ONE_POINT,100,100,RANDOM
truncation_40,0.5,80,407,40800,180.27578449249268,48068,48231.17,ONE_POINT,100,100,RANDOM
truncation_40,0.5,80,408,40900,180.73017358779907,47975,48169.12,ONE_POINT,100,100,RANDOM
truncation_40,0.5,80,409,41000,181.18416500091553,47975,48126.66,ONE_POINT,100,100,RANDOM
truncation_40,0.5,80,410,41100,181.62080478668213,47911,48087.66,ONE_POINT,100,100,RANDOM
truncation_40,0.5,80,411,41200,182.04519534111023,47898,48042.27,ONE_POINT,100,100,RANDOM
truncation_40,0.5,80,412,41300,182.47498488426208,47888,48006.01,ONE_POINT,100,100,RANDOM
truncation_40,0.5,80,413,41400,182.93263721466064,47804,47974.54,ONE_POINT,100,100,RANDOM
truncation_40,0.5,80,414,41500,183.3643069267273,47744,47946.41,ONE_POINT,100,100,RANDOM
truncation_40,0.5,80,415,41600,183.78591537475586,47744,47911.13,ONE_POINT,100,100,RANDOM
truncation_40,0.5,80,416,41700,184.21880435943604,47712,47882.6,ONE_POINT,100,100,RANDOM
truncation_40,0.5,80,417,41800,184.65222764015198,47700,47855.42,ONE_POINT,100,100,RANDOM
truncation_40,0.5,80,418,41900,185.10010814666748,47700,47823.81,ONE_POINT,100,100,RANDOM
truncation_40,0.5,80,419,42000,185.5188274383545,47461,47773.68,ONE_POINT,100,100,RANDOM
truncation_40,0.5,80,420,42100,185.9590449333191,47461,47719.24,ONE_POINT,100,100,RANDOM
truncation_40,0.5,80,421,42200,186.38860630989075,47461,47675.8,ONE_POINT,100,100,RANDOM
truncation_40,0.5,80,422,42300,186.82620215415955,47177,47654.94,ONE_POINT,100,100,RANDOM
truncation_40,0.5,80,423,42400,187.2915596961975,47177,47586.86,ONE_POINT,100,100,RANDOM
truncation_40,0.5,80,424,42500,187.73110389709473,47177,47524.81,ONE_POINT,100,100,RANDOM
truncation_40,0.5,80,425,42600,188.16574239730835,47177,47478.01,ONE_POINT,100,100,RANDOM
truncation_40,0.5,80,426,42700,188.6111376285553,47079,47398.15,ONE_POINT,100,100,RANDOM
truncation_40,0.5,80,427,42800,189.03790307044983,47060,47299.18,ONE_POINT,100,100,RANDOM
truncation_40,0.5,80,428,42900,189.4832944869995,46943,47185.88,ONE_POINT,100,100,RANDOM
truncation_40,0.5,80,429,43000,189.90885424613953,46943,47098.59,ONE_POINT,100,100,RANDOM
truncation_40,0.5,80,430,43100,190.34115028381348,46943,47066.19,ONE_POINT,100,100,RANDOM
truncation_40,0.5,80,431,43200,190.77393746376038,46906,47043.06,ONE_POINT,100,100,RANDOM
truncation_40,0.5,80,432,43300,191.20481729507446,46776,46992.53,ONE_POINT,100,100,RANDOM
truncation_40,0.5,80,433,43400,191.67378950119019,46776,46947.2,ONE_POINT,100,100,RANDOM
truncation_40,0.5,80,434,43500,192.12747383117676,46749,46909.01,ONE_POINT,100,100,RANDOM
truncation_40,0.5,80,435,43600,192.57102417945862,46652,46871.45,ONE_POINT,100,100,RANDOM
truncation_40,0.5,80,436,43700,192.99081993103027,46652,46823.55,ONE_POINT,100,100,RANDOM
truncation_40,0.5,80,437,43800,193.4402048587799,46613,46786.72,ONE_POINT,100,100,RANDOM
truncation_40,0.5,80,438,43900,193.8843376636505,46609,46753.77,ONE_POINT,100,100,RANDOM
truncation_40,0.5,80,439,44000,194.31672835350037,46558,46709.8,ONE_POINT,100,100,RANDOM
truncation_40,0.5,80,440,44100,194.7512948513031,46511,46668.62,ONE_POINT,100,100,RANDOM
truncation_40,0.5,80,441,44200,195.1824071407318,46492,46614.58,ONE_POINT,100,100,RANDOM
truncation_40,0.5,80,442,44300,195.6175947189331,46409,46576.61,ONE_POINT,100,100,RANDOM
truncation_40,0.5,80,443,44400,196.05724930763245,46409,46539.11,ONE_POINT,100,100,RANDOM
truncation_40,0.5,80,444,44500,196.4881293773651,46329,46494.83,ONE_POINT,100,100,RANDOM
truncation_40,0.5,80,445,44600,196.92427229881287,46329,46462.95,ONE_POINT,100,100,RANDOM
truncation_40,0.5,80,446,44700,197.3720896244049,46297,46428.84,ONE_POINT,100,100,RANDOM
truncation_40,0.5,80,447,44800,197.80752444267273,46255,46377.96,ONE_POINT,100,100,RANDOM
truncation_40,0.5,80,448,44900,198.24623608589172,46156,46324.62,ONE_POINT,100,100,RANDOM
truncation_40,0.5,80,449,45000,198.67600083351135,46133,46286.93,ONE_POINT,100,100,RANDOM
truncation_40,0.5,80,450,45100,199.11556267738342,46073,46259.02,ONE_POINT,100,100,RANDOM
truncation_40,0.5,80,451,45200,199.55431175231934,46073,46233.22,ONE_POINT,100,100,RANDOM
truncation_40,0.5,80,452,45300,200.03515481948853,46073,46201.79,ONE_POINT,100,100,RANDOM
truncation_40,0.5,80,453,45400,200.46904492378235,46073,46164.51,ONE_POINT,100,100,RANDOM
truncation_40,0.5,80,454,45500,200.90487790107727,45947,46122.11,ONE_POINT,100,100,RANDOM
truncation_40,0.5,80,455,45600,201.33977103233337,45947,46093.56,ONE_POINT,100,100,RANDOM
truncation_40,0.5,80,456,45700,201.7660002708435,45947,46074.02,ONE_POINT,100,100,RANDOM
truncation_40,0.5,80,457,45800,202.20881962776184,45947,46053.33,ONE_POINT,100,100,RANDOM
truncation_40,0.5,80,458,45900,202.67818522453308,45925,46029.19,ONE_POINT,100,100,RANDOM
truncation_40,0.5,80,459,46000,203.11014461517334,45888,45998.8,ONE_POINT,100,100,RANDOM
truncation_40,0.5,80,460,46100,203.5381178855896,45824,45964.28,ONE_POINT,100,100,RANDOM
truncation_40,0.5,80,461,46200,203.99841117858887,45824,45934.66,ONE_POINT,100,100,RANDOM
truncation_40,0.5,80,462,46300,204.4346957206726,45796,45905.33,ONE_POINT,100,100,RANDOM
truncation_40,0.5,80,463,46400,204.90243935585022,45732,45879.87,ONE_POINT,100,100,RANDOM
truncation_40,0.5,80,464,46500,205.32731795310974,45593,45853.13,ONE_POINT,100,100,RANDOM
truncation_40,0.5,80,465,46600,205.7616696357727,45593,45815.76,ONE_POINT,100,100,RANDOM
truncation_40,0.5,80,466,46700,206.20347499847412,45593,45771.12,ONE_POINT,100,100,RANDOM
truncation_40,0.5,80,467,46800,206.63562536239624,45503,45714.38,ONE_POINT,100,100,RANDOM
truncation_40,0.5,80,468,46900,207.08739304542542,45503,45672.93,ONE_POINT,100,100,RANDOM
truncation_40,0.5,80,469,47000,207.52075934410095,45408,45633.83,ONE_POINT,100,100,RANDOM
truncation_40,0.5,80,470,47100,207.9486277103424,45408,45590.53,ONE_POINT,100,100,RANDOM
truncation_40,0.5,80,471,47200,208.38954067230225,45393,45541.67,ONE_POINT,100,100,RANDOM
truncation_40,0.5,80,472,47300,208.82547974586487,45212,45479.69,ONE_POINT,100,100,RANDOM
truncation_40,0.5,80,473,47400,209.25272297859192,45153,45412.71,ONE_POINT,100,100,RANDOM
truncation_40,0.5,80,474,47500,209.6833095550537,45110,45333.08,ONE_POINT,100,100,RANDOM
truncation_40,0.5,80,475,47600,210.1044056415558,45020,45262.33,ONE_POINT,100,100,RANDOM
truncation_40,0.5,80,476,47700,210.55308628082275,44889,45203.67,ONE_POINT,100,100,RANDOM
truncation_40,0.5,80,477,47800,210.990220785141,44842,45144.98,ONE_POINT,100,100,RANDOM
truncation_40,0.5,80,478,47900,211.44300532341003,44783,45064.33,ONE_POINT,100,100,RANDOM
truncation_40,0.5,80,479,48000,211.8712728023529,44763,44965.11,ONE_POINT,100,100,RANDOM
truncation_40,0.5,80,480,48100,212.3268482685089,44659,44869.18,ONE_POINT,100,100,RANDOM
truncation_40,0.5,80,481,48200,212.8093991279602,44659,44778.93,ONE_POINT,100,100,RANDOM
truncation_40,0.5,80,482,48300,213.24036192893982,44433,44715.15,ONE_POINT,100,100,RANDOM
truncation_40,0.5,80,483,48400,213.6816267967224,44433,44659.83,ONE_POINT,100,100,RANDOM
truncation_40,0.5,80,484,48500,214.09690189361572,44321,44623.47,ONE_POINT,100,100,RANDOM
truncation_40,0.5,80,485,48600,214.55333542823792,44321,44592.01,ONE_POINT,100,100,RANDOM
truncation_40,0.5,80,486,48700,214.98972845077515,44321,44561.65,ONE_POINT,100,100,RANDOM
truncation_40,0.5,80,487,48800,215.4191243648529,44321,44534.6,ONE_POINT,100,100,RANDOM
truncation_40,0.5,80,488,48900,215.85267519950867,44321,44523.62,ONE_POINT,100,100,RANDOM
truncation_40,0.5,80,489,49000,216.28892350196838,44288,44492.1,ONE_POINT,100,100,RANDOM
truncation_40,0.5,80,490,49100,216.72637557983398,44226,44447.45,ONE_POINT,100,100,RANDOM
truncation_40,0.5,80,491,49200,217.15757393836975,44226,44402.25,ONE_POINT,100,100,RANDOM
truncation_40,0.5,80,492,49300,217.58849382400513,44226,44348.03,ONE_POINT,100,100,RANDOM
truncation_40,0.5,80,493,49400,218.03369808197021,44177,44280.34,ONE_POINT,100,100,RANDOM
truncation_40,0.5,80,494,49500,218.46791315078735,44177,44241.04,ONE_POINT,100,100,RANDOM
truncation_40,0.5,80,495,49600,218.9035770893097,44086,44212.74,ONE_POINT,100,100,RANDOM
truncation_40,0.5,80,496,49700,219.33077716827393,44086,44200.73,ONE_POINT,100,100,RANDOM
truncation_40,0.5,80,497,49800,219.7606897354126,44033,44174.1,ONE_POINT,100,100,RANDOM
truncation_40,0.5,80,498,49900,220.25512266159058,44033,44145.32,ONE_POINT,100,100,RANDOM
truncation_40,0.5,80,499,50000,220.70959782600403,43959,44102.46,ONE_POINT,100,100,RANDOM
truncation_40,0.5,80,500,50100,221.1321678161621,43908,44042.34,ONE_POINT,100,100,RANDOM
truncation_60,0.5,0,1,200,0.28795313835144043,134707,144743.98,ONE_POINT,100,100,RANDOM
truncation_60,0.5,0,2,300,0.7189922332763672,127456,141333.67,ONE_POINT,100,100,RANDOM
truncation_60,0.5,0,3,400,1.1468257904052734,126924,138927.62,ONE_POINT,100,100,RANDOM
truncation_60,0.5,0,4,500,1.5876045227050781,123486,137334.66,ONE_POINT,100,100,RANDOM
truncation_60,0.5,0,5,600,2.0156056880950928,123486,135213.67,ONE_POINT,100,100,RANDOM
truncation_60,0.5,0,6,700,2.44063138961792,123486,134036.31,ONE_POINT,100,100,RANDOM
truncation_60,0.5,0,7,800,2.884204864501953,123278,132208.03,ONE_POINT,100,100,RANDOM
truncation_60,0.5,0,8,900,3.317765951156616,120377,130514.43,ONE_POINT,100,100,RANDOM
truncation_60,0.5,0,9,1000,3.7453253269195557,120377,129388.53,ONE_POINT,100,100,RANDOM
truncation_60,0.5,0,10,1100,4.169306755065918,120377,127835.26,ONE_POINT,100,100,RANDOM
truncation_60,0.5,0,11,1200,4.615125894546509,120377,127174.99,ONE_POINT,100,100,RANDOM
truncation_60,0.5,0,12,1300,5.0606982707977295,120377,126446.96,ONE_POINT,100,100,RANDOM
truncation_60,0.5,0,13,1400,5.494900465011597,120377,125270.15,ONE_POINT,100,100,RANDOM
truncation_60,0.5,0,14,1500,5.921555280685425,117998,124163.58,ONE_POINT,100,100,RANDOM
truncation_60,0.5,0,15,1600,6.339173316955566,117288,122389.08,ONE_POINT,100,100,RANDOM
truncation_60,0.5,0,16,1700,6.768573045730591,115639,121236.06,ONE_POINT,100,100,RANDOM
truncation_60,0.5,0,17,1800,7.221892356872559,115639,120212.7,ONE_POINT,100,100,RANDOM
truncation_60,0.5,0,18,1900,7.6725239753723145,115639,119782.25,ONE_POINT,100,100,RANDOM
truncation_60,0.5,0,19,2000,8.093976497650146,115639,119190.91,ONE_POINT,100,100,RANDOM
truncation_60,0.5,0,20,2100,8.531483173370361,114803,118574.81,ONE_POINT,100,100,RANDOM
truncation_60,0.5,0,21,2200,8.95793604850769,114266,118001.97,ONE_POINT,100,100,RANDOM
truncation_60,0.5,0,22,2300,9.409104585647583,114002,117465.15,ONE_POINT,100,100,RANDOM
truncation_60,0.5,0,23,2400,9.833749055862427,113412,116696.87,ONE_POINT,100,100,RANDOM
truncation_60,0.5,0,24,2500,10.263665914535522,113390,116106.05,ONE_POINT,100,100,RANDOM
truncation_60,0.5,0,25,2600,10.68834137916565,112286,115533.39,ONE_POINT,100,100,RANDOM
truncation_60,0.5,0,26,2700,11.122433185577393,111658,115056.61,ONE_POINT,100,100,RANDOM
truncation_60,0.5,0,27,2800,11.571912288665771,110249,114595.51,ONE_POINT,100,100,RANDOM
truncation_60,0.5,0,28,2900,12.004333257675171,110249,114080.37,ONE_POINT,100,100,RANDOM
truncation_60,0.5,0,29,3000,12.438404083251953,110249,113573.53,ONE_POINT,100,100,RANDOM
truncation_60,0.5,0,30,3100,12.87083911895752,110249,113130.54,ONE_POINT,100,100,RANDOM
truncation_60,0.5,0,31,3200,13.299205541610718,109690,112595.21,ONE_POINT,100,100,RANDOM
truncation_60,0.5,0,32,3300,13.764297246932983,108471,111957.68,ONE_POINT,100,100,RANDOM
truncation_60,0.5,0,33,3400,14.213241577148438,108471,111447.08,ONE_POINT,100,100,RANDOM
truncation_60,0.5,0,34,3500,14.651061534881592,108471,111058.46,ONE_POINT,100,100,RANDOM
truncation_60,0.5,0,35,3600,15.084256649017334,108214,110803.41,ONE_POINT,100,100,RANDOM
truncation_60,0.5,0,36,3700,15.519107103347778,108214,110373.12,ONE_POINT,100,100,RANDOM
truncation_60,0.5,0,37,3800,15.971733093261719,106098,110046.06,ONE_POINT,100,100,RANDOM
truncation_60,0.5,0,38,3900,16.411754608154297,106098,109848.54,ONE_POINT,100,100,RANDOM
truncation_60,0.5,0,39,4000,16.838019609451294,106098,109522.39,ONE_POINT,100,100,RANDOM
truncation_60,0.5,0,40,4100,17.27253484725952,106098,109243.34,ONE_POINT,100,100,RANDOM
truncation_60,0.5,0,41,4200,17.715458631515503,105095,108744.83,ONE_POINT,100,100,RANDOM
truncation_60,0.5,0,42,4300,18.158038854599,105095,108532.21,ONE_POINT,100,100,RANDOM
truncation_60,0.5,0,43,4400,18.58317542076111,105095,108376.24,ONE_POINT,100,100,RANDOM
truncation_60,0.5,0,44,4500,19.01109266281128,104226,108082.67,ONE_POINT,100,100,RANDOM
truncation_60,0.5,0,45,4600,19.44232749938965,104226,107832.04,ONE_POINT,100,100,RANDOM
truncation_60,0.5,0,46,4700,19.88223934173584,103231,107551.44,ONE_POINT,100,100,RANDOM
truncation_60,0.5,0,47,4800,20.32314658164978,103231,106905.1,ONE_POINT,100,100,RANDOM
truncation_60,0.5,0,48,4900,20.73765516281128,103231,106568.98,ONE_POINT,100,100,RANDOM
truncation_60,0.5,0,49,5000,21.1891131401062,103231,106053.49,ONE_POINT,100,100,RANDOM
truncation_60,0.5,0,50,5100,21.63127326965332,100691,105376.46,ONE_POINT,100,100,RANDOM
truncation_60,0.5,0,51,5200,22.074772119522095,100691,104849.29,ONE_POINT,100,100,RANDOM
truncation_60,0.5,0,52,5300,22.508619785308838,100553,104263.33,ONE_POINT,100,100,RANDOM
truncation_60,0.5,0,53,5400,22.943578720092773,100553,103528.25,ONE_POINT,100,100,RANDOM
truncation_60,0.5,0,54,5500,23.367608785629272,100553,103021.01,ONE_POINT,100,100,RANDOM
truncation_60,0.5,0,55,5600,23.78516173362732,99839,102444.27,ONE_POINT,100,100,RANDOM
truncation_60,0.5,0,56,5700,24.214097499847412,98997,102010.73,ONE_POINT,100,100,RANDOM
truncation_60,0.5,0,57,5800,24.655150890350342,98997,101504.67,ONE_POINT,100,100,RANDOM
truncation_60,0.5,0,58,5900,25.08985209465027,98997,101044.24,ONE_POINT,100,100,RANDOM
truncation_60,0.5,0,59,6000,25.505858182907104,98986,100781.28,ONE_POINT,100,100,RANDOM
truncation_60,0.5,0,60,6100,25.934758186340332,98986,100323.75,ONE_POINT,100,100,RANDOM
truncation_60,0.5,0,61,6200,26.36875295639038,98089,100019.16,ONE_POINT,100,100,RANDOM
truncation_60,0.5,0,62,6300,26.795891046524048,98089,99748.29,ONE_POINT,100,100,RANDOM
truncation_60,0.5,0,63,6400,27.220563173294067,97930,99333.31,ONE_POINT,100,100,RANDOM
truncation_60,0.5,0,64,6500,27.64264154434204,97300,99007.91,ONE_POINT,100,100,RANDOM
truncation_60,0.5,0,65,6600,28.07339072227478,97300,98647.34,ONE_POINT,100,100,RANDOM
truncation_60,0.5,0,66,6700,28.50389814376831,96930,98303.95,ONE_POINT,100,100,RANDOM
truncation_60,0.5,0,67,6800,28.952532291412354,96658,98019.25,ONE_POINT,100,100,RANDOM
truncation_60,0.5,0,68,6900,29.37740707397461,96511,97767.68,ONE_POINT,100,100,RANDOM
truncation_60,0.5,0,69,7000,29.811665296554565,95897,97601.26,ONE_POINT,100,100,RANDOM
truncation_60,0.5,0,70,7100,30.26636290550232,95650,97371.4,ONE_POINT,100,100,RANDOM
truncation_60,0.5,0,71,7200,30.70665454864502,95597,97050.79,ONE_POINT,100,100,RANDOM
truncation_60,0.5,0,72,7300,31.16216468811035,95597,96854.77,ONE_POINT,100,100,RANDOM
truncation_60,0.5,0,73,7400,31.582443952560425,95597,96643.09,ONE_POINT,100,100,RANDOM
truncation_60,0.5,0,74,7500,32.01902675628662,95521,96415.15,ONE_POINT,100,100,RANDOM
truncation_60,0.5,0,75,7600,32.4699444770813,95095,96195.07,ONE_POINT,100,100,RANDOM
truncation_60,0.5,0,76,7700,32.897043228149414,94873,95935.31,ONE_POINT,100,100,RANDOM
truncation_60,0.5,0,77,7800,33.34476161003113,94873,95809.4,ONE_POINT,100,100,RANDOM
truncation_60,0.5,0,78,7900,33.77545523643494,93496,95685.25,ONE_POINT,100,100,RANDOM
truncation_60,0.5,0,79,8000,34.20125341415405,93496,95504.55,ONE_POINT,100,100,RANDOM
truncation_60,0.5,0,80,8100,34.6573588848114,93496,95318.28,ONE_POINT,100,100,RANDOM
truncation_60,0.5,0,81,8200,35.106417179107666,93496,95145.12,ONE_POINT,100,100,RANDOM
truncation_60,0.5,0,82,8300,35.53710103034973,93496,94887.26,ONE_POINT,100,100,RANDOM
truncation_60,0.5,0,83,8400,35.965309858322144,93496,94695.41,ONE_POINT,100,100,RANDOM
truncation_60,0.5,0,84,8500,36.38973116874695,93496,94478.76,ONE_POINT,100,100,RANDOM
truncation_60,0.5,0,85,8600,36.82665181159973,93336,94215.68,ONE_POINT,100,100,RANDOM
truncation_60,0.5,0,86,8700,37.30389094352722,92864,94046.36,ONE_POINT,100,100,RANDOM
truncation_60,0.5,0,87,8800,37.742207527160645,92864,93848.54,ONE_POINT,100,100,RANDOM
truncation_60,0.5,0,88,8900,38.172024965286255,92864,93649.42,ONE_POINT,100,100,RANDOM
truncation_60,0.5,0,89,9000,38.61936640739441,92262,93417.83,ONE_POINT,100,100,RANDOM
truncation_60,0.5,0,90,9100,39.06822228431702,92154,93227.45,ONE_POINT,100,100,RANDOM
truncation_60,0.5,0,91,9200,39.487889766693115,91613,92986.11,ONE_POINT,100,100,RANDOM
truncation_60,0.5,0,92,9300,39.932700395584106,91613,92784.9,ONE_POINT,100,100,RANDOM
truncation_60,0.5,0,93,9400,40.36036920547485,91228,92593.3,ONE_POINT,100,100,RANDOM
truncation_60,0.5,0,94,9500,40.82026171684265,91124,92369.82,ONE_POINT,100,100,RANDOM
truncation_60,0.5,0,95,9600,41.294331550598145,91107,92160.7,ONE_POINT,100,100,RANDOM
truncation_60,0.5,0,96,9700,41.713892459869385,91050,91997.04,ONE_POINT,100,100,RANDOM
truncation_60,0.5,0,97,9800,42.16677498817444,90984,91878.38,ONE_POINT,100,100,RANDOM
truncation_60,0.5,0,98,9900,42.58598804473877,90984,91748.24,ONE_POINT,100,100,RANDOM
truncation_60,0.5,0,99,10000,43.028290033340454,90621,91564.04,ONE_POINT,100,100,RANDOM
truncation_60,0.5,0,100,10100,43.450052976608276,90434,91354.28,ONE_POINT,100,100,RANDOM
truncation_60,0.5,0,101,10200,43.87612581253052,89946,91188.3,ONE_POINT,100,100,RANDOM
truncation_60,0.5,0,102,10300,44.30209279060364,89946,91035.55,ONE_POINT,100,100,RANDOM
truncation_60,0.5,0,103,10400,44.738616704940796,89946,90868.28,ONE_POINT,100,100,RANDOM
truncation_60,0.5,0,104,10500,45.175352811813354,89706,90750.83,ONE_POINT,100,100,RANDOM
truncation_60,0.5,0,105,10600,45.6066312789917,89424,90600.55,ONE_POINT,100,100,RANDOM
truncation_60,0.5,0,106,10700,46.032469034194946,89215,90402.24,ONE_POINT,100,100,RANDOM
truncation_60,0.5,0,107,10800,46.45145320892334,89069,90210.75,ONE_POINT,100,100,RANDOM
truncation_60,0.5,0,108,10900,46.88585162162781,88989,89987.0,ONE_POINT,100,100,RANDOM
truncation_60,0.5,0,109,11000,47.32707142829895,88866,89775.35,ONE_POINT,100,100,RANDOM
truncation_60,0.5,0,110,11100,47.75511074066162,88866,89632.14,ONE_POINT,100,100,RANDOM
truncation_60,0.5,0,111,11200,48.18582606315613,88842,89456.22,ONE_POINT,100,100,RANDOM
truncation_60,0.5,0,112,11300,48.6232807636261,88665,89363.81,ONE_POINT,100,100,RANDOM
truncation_60,0.5,0,113,11400,49.06398367881775,88369,89246.58,ONE_POINT,100,100,RANDOM
truncation_60,0.5,0,114,11500,49.50018262863159,88369,89156.96,ONE_POINT,100,100,RANDOM
truncation_60,0.5,0,115,11600,49.9304416179657,87965,88973.49,ONE_POINT,100,100,RANDOM
truncation_60,0.5,0,116,11700,50.36290693283081,87959,88848.12,ONE_POINT,100,100,RANDOM
truncation_60,0.5,0,117,11800,50.786324977874756,87843,88716.26,ONE_POINT,100,100,RANDOM
truncation_60,0.5,0,118,11900,51.248828411102295,87843,88561.39,ONE_POINT,100,100,RANDOM
truncation_60,0.5,0,119,12000,51.686304569244385,87248,88399.41,ONE_POINT,100,100,RANDOM
truncation_60,0.5,0,120,12100,52.13124418258667,87212,88191.13,ONE_POINT,100,100,RANDOM
truncation_60,0.5,0,121,12200,52.56378483772278,87178,87978.58,ONE_POINT,100,100,RANDOM
truncation_60,0.5,0,122,12300,52.99723529815674,87160,87858.49,ONE_POINT,100,100,RANDOM
truncation_60,0.5,0,123,12400,53.45277428627014,86687,87736.74,ONE_POINT,100,100,RANDOM
truncation_60,0.5,0,124,12500,53.88382363319397,86687,87626.72,ONE_POINT,100,100,RANDOM
truncation_60,0.5,0,125,12600,54.321521043777466,86687,87472.59,ONE_POINT,100,100,RANDOM
truncation_60,0.5,0,126,12700,54.763312101364136,86687,87361.01,ONE_POINT,100,100,RANDOM
truncation_60,0.5,0,127,12800,55.2022762298584,86495,87247.17,ONE_POINT,100,100,RANDOM
truncation_60,0.5,0,128,12900,55.644824743270874,85822,87082.23,ONE_POINT,100,100,RANDOM
truncation_60,0.5,0,129,13000,56.07747673988342,85822,86935.35,ONE_POINT,100,100,RANDOM
truncation_60,0.5,0,130,13100,56.49922800064087,85822,86827.93,ONE_POINT,100,100,RANDOM
truncation_60,0.5,0,131,13200,56.92881202697754,85822,86750.22,ONE_POINT,100,100,RANDOM
truncation_60,0.5,0,132,13300,57.36283540725708,85822,86683.29,ONE_POINT,100,100,RANDOM
truncation_60,0.5,0,133,13400,57.81318950653076,85603,86563.12,ONE_POINT,100,100,RANDOM
truncation_60,0.5,0,134,13500,58.25493240356445,85490,86479.25,ONE_POINT,100,100,RANDOM
truncation_60,0.5,0,135,13600,58.67996430397034,85441,86318.09,ONE_POINT,100,100,RANDOM
truncation_60,0.5,0,136,13700,59.10642123222351,84952,86150.5,ONE_POINT,100,100,RANDOM
truncation_60,0.5,0,137,13800,59.54747295379639,84952,85967.92,ONE_POINT,100,100,RANDOM
truncation_60,0.5,0,138,13900,59.99862241744995,84952,85778.62,ONE_POINT,100,100,RANDOM
truncation_60,0.5,0,139,14000,60.43292760848999,84270,85606.97,ONE_POINT,100,100,RANDOM
truncation_60,0.5,0,140,14100,60.858121156692505,84270,85428.99,ONE_POINT,100,100,RANDOM
truncation_60,0.5,0,141,14200,61.295408725738525,84270,85326.19,ONE_POINT,100,100,RANDOM
truncation_60,0.5,0,142,14300,61.739190340042114,84270,85143.94,ONE_POINT,100,100,RANDOM
truncation_60,0.5,0,143,14400,62.1789174079895,84045,84961.77,ONE_POINT,100,100,RANDOM
truncation_60,0.5,0,144,14500,62.61219882965088,83986,84757.45,ONE_POINT,100,100,RANDOM
truncation_60,0.5,0,145,14600,63.03714084625244,83805,84594.61,ONE_POINT,100,100,RANDOM
truncation_60,0.5,0,146,14700,63.47134828567505,83707,84518.96,ONE_POINT,100,100,RANDOM
truncation_60,0.5,0,147,14800,63.92401957511902,83384,84377.9,ONE_POINT,100,100,RANDOM
truncation_60,0.5,0,148,14900,64.37834310531616,83384,84254.85,ONE_POINT,100,100,RANDOM
truncation_60,0.5,0,149,15000,64.80257892608643,83360,84181.38,ONE_POINT,100,100,RANDOM
truncation_60,0.5,0,150,15100,65.21973371505737,83360,84111.22,ONE_POINT,100,100,RANDOM
truncation_60,0.5,0,151,15200,65.66460275650024,83201,84060.29,ONE_POINT,100,100,RANDOM
truncation_60,0.5,0,152,15300,66.11919236183167,83201,83974.56,ONE_POINT,100,100,RANDOM
truncation_60,0.5,0,153,15400,66.56535840034485,82745,83908.43,ONE_POINT,100,100,RANDOM
truncation_60,0.5,0,154,15500,66.98504972457886,82745,83805.67,ONE_POINT,100,100,RANDOM
truncation_60,0.5,0,155,15600,67.42076277732849,82745,83719.81,ONE_POINT,100,100,RANDOM
truncation_60,0.5,0,156,15700,67.87189936637878,82745,83639.24,ONE_POINT,100,100,RANDOM
truncation_60,0.5,0,157,15800,68.31405472755432,82680,83548.22,ONE_POINT,100,100,RANDOM
truncation_60,0.5,0,158,15900,68.76511240005493,82516,83472.51,ONE_POINT,100,100,RANDOM
truncation_60,0.5,0,159,16000,69.1966757774353,82326,83379.74,ONE_POINT,100,100,RANDOM
truncation_60,0.5,0,160,16100,69.6294538974762,82326,83251.17,ONE_POINT,100,100,RANDOM
truncation_60,0.5,0,161,16200,70.06710267066956,82243,83117.16,ONE_POINT,100,100,RANDOM
truncation_60,0.5,0,162,16300,70.5106635093689,81903,82993.43,ONE_POINT,100,100,RANDOM
truncation_60,0.5,0,163,16400,70.9514639377594,81903,82888.84,ONE_POINT,100,100,RANDOM
truncation_60,0.5,0,164,16500,71.3843400478363,81903,82781.91,ONE_POINT,100,100,RANDOM
truncation_60,0.5,0,165,16600,71.81213331222534,81675,82705.01,ONE_POINT,100,100,RANDOM
truncation_60,0.5,0,166,16700,72.24614143371582,81675,82606.75,ONE_POINT,100,100,RANDOM
truncation_60,0.5,0,167,16800,72.67359733581543,81603,82505.44,ONE_POINT,100,100,RANDOM
truncation_60,0.5,0,168,16900,73.10670375823975,81603,82337.62,ONE_POINT,100,100,RANDOM
truncation_60,0.5,0,169,17000,73.5297155380249,81603,82224.57,ONE_POINT,100,100,RANDOM
truncation_60,0.5,0,170,17100,73.94728136062622,81107,82079.93,ONE_POINT,100,100,RANDOM
truncation_60,0.5,0,171,17200,74.38988137245178,80864,81888.77,ONE_POINT,100,100,RANDOM
truncation_60,0.5,0,172,17300,74.81263327598572,80659,81717.29,ONE_POINT,100,100,RANDOM
truncation_60,0.5,0,173,17400,75.25986194610596,80595,81552.48,ONE_POINT,100,100,RANDOM
truncation_60,0.5,0,174,17500,75.69186019897461,80595,81388.96,ONE_POINT,100,100,RANDOM
truncation_60,0.5,0,175,17600,76.11419820785522,80496,81226.59,ONE_POINT,100,100,RANDOM
truncation_60,0.5,0,176,17700,76.57067394256592,80457,81087.47,ONE_POINT,100,100,RANDOM
truncation_60,0.5,0,177,17800,76.99744272232056,80135,81015.07,ONE_POINT,100,100,RANDOM
truncation_60,0.5,0,178,17900,77.45117807388306,80135,80940.21,ONE_POINT,100,100,RANDOM
truncation_60,0.5,0,179,18000,77.88538074493408,80002,80852.63,ONE_POINT,100,100,RANDOM
truncation_60,0.5,0,180,18100,78.30792450904846,79962,80691.38,ONE_POINT,100,100,RANDOM
truncation_60,0.5,0,181,18200,78.78743290901184,79706,80593.46,ONE_POINT,100,100,RANDOM
truncation_60,0.5,0,182,18300,79.2229015827179,79706,80512.65,ONE_POINT,100,100,RANDOM
truncation_60,0.5,0,183,18400,79.67352676391602,79334,80384.48,ONE_POINT,100,100,RANDOM
truncation_60,0.5,0,184,18500,80.10634064674377,79242,80200.81,ONE_POINT,100,100,RANDOM
truncation_60,0.5,0,185,18600,80.5396625995636,78910,80074.56,ONE_POINT,100,100,RANDOM
truncation_60,0.5,0,186,18700,80.96431422233582,78910,79963.84,ONE_POINT,100,100,RANDOM
truncation_60,0.5,0,187,18800,81.40331959724426,78745,79716.61,ONE_POINT,100,100,RANDOM
truncation_60,0.5,0,188,18900,81.86324620246887,78745,79516.6,ONE_POINT,100,100,RANDOM
truncation_60,0.5,0,189,19000,82.29237937927246,78703,79306.99,ONE_POINT,100,100,RANDOM
truncation_60,0.5,0,190,19100,82.72509813308716,78512,79123.41,ONE_POINT,100,100,RANDOM
truncation_60,0.5,0,191,19200,83.15907526016235,78320,78982.09,ONE_POINT,100,100,RANDOM
truncation_60,0.5,0,192,19300,83.57890391349792,78273,78809.81,ONE_POINT,100,100,RANDOM
truncation_60,0.5,0,193,19400,84.02328157424927,77950,78671.85,ONE_POINT,100,100,RANDOM
truncation_60,0.5,0,194,19500,84.45022201538086,77634,78545.76,ONE_POINT,100,100,RANDOM
truncation_60,0.5,0,195,19600,84.89701223373413,77443,78436.12,ONE_POINT,100,100,RANDOM
truncation_60,0.5,0,196,19700,85.3276915550232,77443,78345.67,ONE_POINT,100,100,RANDOM
truncation_60,0.5,0,197,19800,85.76739549636841,77434,78228.66,ONE_POINT,100,100,RANDOM
truncation_60,0.5,0,198,19900,86.20503568649292,77434,78118.94,ONE_POINT,100,100,RANDOM
truncation_60,0.5,0,199,20000,86.6304988861084,77214,77986.32,ONE_POINT,100,100,RANDOM
truncation_60,0.5,0,200,20100,87.07546281814575,77164,77816.9,ONE_POINT,100,100,RANDOM
truncation_60,0.5,0,201,20200,87.5350193977356,77056,77700.09,ONE_POINT,100,100,RANDOM
truncation_60,0.5,0,202,20300,87.96123814582825,76781,77554.66,ONE_POINT,100,100,RANDOM
truncation_60,0.5,0,203,20400,88.4041543006897,76781,77460.74,ONE_POINT,100,100,RANDOM
truncation_60,0.5,0,204,20500,88.83694338798523,76629,77383.63,ONE_POINT,100,100,RANDOM
truncation_60,0.5,0,205,20600,89.2938756942749,76427,77244.67,ONE_POINT,100,100,RANDOM
truncation_60,0.5,0,206,20700,89.71997880935669,76310,77109.11,ONE_POINT,100,100,RANDOM
truncation_60,0.5,0,207,20800,90.1502206325531,76197,76948.52,ONE_POINT,100,100,RANDOM
truncation_60,0.5,0,208,20900,90.5852165222168,76197,76817.5,ONE_POINT,100,100,RANDOM
truncation_60,0.5,0,209,21000,91.00598287582397,75855,76707.38,ONE_POINT,100,100,RANDOM
truncation_60,0.5,0,210,21100,91.44520306587219,75710,76578.59,ONE_POINT,100,100,RANDOM
truncation_60,0.5,0,211,21200,91.86720728874207,75473,76476.92,ONE_POINT,100,100,RANDOM
truncation_60,0.5,0,212,21300,92.28580522537231,75473,76321.29,ONE_POINT,100,100,RANDOM
truncation_60,0.5,0,213,21400,92.7297854423523,75473,76288.54,ONE_POINT,100,100,RANDOM
truncation_60,0.5,0,214,21500,93.16313409805298,75473,76142.4,ONE_POINT,100,100,RANDOM
truncation_60,0.5,0,215,21600,93.59540319442749,74850,76045.93,ONE_POINT,100,100,RANDOM
truncation_60,0.5,0,216,21700,94.03113794326782,74555,75866.51,ONE_POINT,100,100,RANDOM
truncation_60,0.5,0,217,21800,94.46705555915833,74555,75743.21,ONE_POINT,100,100,RANDOM
truncation_60,0.5,0,218,21900,94.9103410243988,74555,75616.15,ONE_POINT,100,100,RANDOM
truncation_60,0.5,0,219,22000,95.34560990333557,74526,75457.17,ONE_POINT,100,100,RANDOM
truncation_60,0.5,0,220,22100,95.7779860496521,74450,75298.53,ONE_POINT,100,100,RANDOM
truncation_60,0.5,0,221,22200,96.21195578575134,74302,75146.85,ONE_POINT,100,100,RANDOM
truncation_60,0.5,0,222,22300,96.6414110660553,74301,74963.64,ONE_POINT,100,100,RANDOM
truncation_60,0.5,0,223,22400,97.07475590705872,74080,74786.11,ONE_POINT,100,100,RANDOM
truncation_60,0.5,0,224,22500,97.5341420173645,73684,74637.43,ONE_POINT,100,100,RANDOM
truncation_60,0.5,0,225,22600,97.9611439704895,73684,74475.22,ONE_POINT,100,100,RANDOM
truncation_60,0.5,0,226,22700,98.41055011749268,73597,74374.05,ONE_POINT,100,100,RANDOM
truncation_60,0.5,0,227,22800,98.84856128692627,73130,74213.63,ONE_POINT,100,100,RANDOM
truncation_60,0.5,0,228,22900,99.27683091163635,72932,74135.49,ONE_POINT,100,100,RANDOM
truncation_60,0.5,0,229,23000,99.74128317832947,72932,73990.53,ONE_POINT,100,100,RANDOM
truncation_60,0.5,0,230,23100,100.16869735717773,72911,73811.58,ONE_POINT,100,100,RANDOM
truncation_60,0.5,0,231,23200,100.61260724067688,72713,73661.17,ONE_POINT,100,100,RANDOM
truncation_60,0.5,0,232,23300,101.03907632827759,72705,73544.2,ONE_POINT,100,100,RANDOM
truncation_60,0.5,0,233,23400,101.46484017372131,72546,73436.48,ONE_POINT,100,100,RANDOM
truncation_60,0.5,0,234,23500,101.93375849723816,72546,73331.45,ONE_POINT,100,100,RANDOM
truncation_60,0.5,0,235,23600,102.35678482055664,72546,73260.5,ONE_POINT,100,100,RANDOM
truncation_60,0.5,0,236,23700,102.79068374633789,72546,73211.65,ONE_POINT,100,100,RANDOM
truncation_60,0.5,0,237,23800,103.21123266220093,72546,73160.35,ONE_POINT,100,100,RANDOM
truncation_60,0.5,0,238,23900,103.65994119644165,72546,73079.93,ONE_POINT,100,100,RANDOM
truncation_60,0.5,0,239,24000,104.09391164779663,72411,72997.22,ONE_POINT,100,100,RANDOM
truncation_60,0.5,0,240,24100,104.52638173103333,72389,72920.1,ONE_POINT,100,100,RANDOM
truncation_60,0.5,0,241,24200,104.96764755249023,72170,72842.17,ONE_POINT,100,100,RANDOM
truncation_60,0.5,0,242,24300,105.4085807800293,72170,72766.28,ONE_POINT,100,100,RANDOM
truncation_60,0.5,0,243,24400,105.84993696212769,72170,72725.43,ONE_POINT,100,100,RANDOM
truncation_60,0.5,0,244,24500,106.29331946372986,72170,72666.67,ONE_POINT,100,100,RANDOM
truncation_60,0.5,0,245,24600,106.71863102912903,72170,72627.18,ONE_POINT,100,100,RANDOM
truncation_60,0.5,0,246,24700,107.14816784858704,72170,72568.47,ONE_POINT,100,100,RANDOM
truncation_60,0.5,0,247,24800,107.57101535797119,72170,72503.42,ONE_POINT,100,100,RANDOM
truncation_60,0.5,0,248,24900,108.02712559700012,71991,72456.81,ONE_POINT,100,100,RANDOM
truncation_60,0.5,0,249,25000,108.4733612537384,71991,72380.58,ONE_POINT,100,100,RANDOM
truncation_60,0.5,0,250,25100,108.90435314178467,71845,72283.22,ONE_POINT,100,100,RANDOM
truncation_60,0.5,0,251,25200,109.34907150268555,71696,72201.17,ONE_POINT,100,100,RANDOM
truncation_60,0.5,0,252,25300,109.77378106117249,71525,72092.49,ONE_POINT,100,100,RANDOM
truncation_60,0.5,0,253,25400,110.21583771705627,70940,72008.32,ONE_POINT,100,100,RANDOM
truncation_60,0.5,0,254,25500,110.64598059654236,70885,71957.14,ONE_POINT,100,100,RANDOM
truncation_60,0.5,0,255,25600,111.07527732849121,70885,71909.56,ONE_POINT,100,100,RANDOM
truncation_60,0.5,0,256,25700,111.50643181800842,70885,71838.72,ONE_POINT,100,100,RANDOM
truncation_60,0.5,0,257,25800,111.93180179595947,70885,71733.09,ONE_POINT,100,100,RANDOM
truncation_60,0.5,0,258,25900,112.4296805858612,70463,71651.09,ONE_POINT,100,100,RANDOM
truncation_60,0.5,0,259,26000,112.88807487487793,70463,71538.31,ONE_POINT,100,100,RANDOM
truncation_60,0.5,0,260,26100,113.32149314880371,70463,71419.13,ONE_POINT,100,100,RANDOM
truncation_60,0.5,0,261,26200,113.74833369255066,70463,71361.85,ONE_POINT,100,100,RANDOM
truncation_60,0.5,0,262,26300,114.18242335319519,70463,71289.6,ONE_POINT,100,100,RANDOM
truncation_60,0.5,0,263,26400,114.6304407119751,70393,71251.25,ONE_POINT,100,100,RANDOM
truncation_60,0.5,0,264,26500,115.0673418045044,70393,71176.67,ONE_POINT,100,100,RANDOM
truncation_60,0.5,0,265,26600,115.50360941886902,70344,71011.23,ONE_POINT,100,100,RANDOM
truncation_60,0.5,0,266,26700,115.94024753570557,70314,70840.52,ONE_POINT,100,100,RANDOM
truncation_60,0.5,0,267,26800,116.37904071807861,69965,70698.24,ONE_POINT,100,100,RANDOM
truncation_60,0.5,0,268,26900,116.81088256835938,69965,70615.59,ONE_POINT,100,100,RANDOM
truncation_60,0.5,0,269,27000,117.26547861099243,69917,70506.88,ONE_POINT,100,100,RANDOM
truncation_60,0.5,0,270,27100,117.69195008277893,69899,70475.08,ONE_POINT,100,100,RANDOM
truncation_60,0.5,0,271,27200,118.12581944465637,69897,70416.95,ONE_POINT,100,100,RANDOM
truncation_60,0.5,0,272,27300,118.57414817810059,69880,70357.67,ONE_POINT,100,100,RANDOM
truncation_60,0.5,0,273,27400,119.0039439201355,69445,70303.13,ONE_POINT,100,100,RANDOM
truncation_60,0.5,0,274,27500,119.43516826629639,69445,70279.39,ONE_POINT,100,100,RANDOM
truncation_60,0.5,0,275,27600,119.8687903881073,69293,70227.64,ONE_POINT,100,100,RANDOM
truncation_60,0.5,0,276,27700,120.30304169654846,69293,70170.77,ONE_POINT,100,100,RANDOM
truncation_60,0.5,0,277,27800,120.77163338661194,69293,70084.67,ONE_POINT,100,100,RANDOM
truncation_60,0.5,0,278,27900,121.20544338226318,69293,69986.8,ONE_POINT,100,100,RANDOM
truncation_60,0.5,0,279,28000,121.64369988441467,68955,69897.98,ONE_POINT,100,100,RANDOM
truncation_60,0.5,0,280,28100,122.07195162773132,68955,69819.66,ONE_POINT,100,100,RANDOM
truncation_60,0.5,0,281,28200,122.50097441673279,68865,69717.33,ONE_POINT,100,100,RANDOM
truncation_60,0.5,0,282,28300,122.95393776893616,68865,69635.79,ONE_POINT,100,100,RANDOM
truncation_60,0.5,0,283,28400,123.37714076042175,68785,69555.56,ONE_POINT,100,100,RANDOM
truncation_60,0.5,0,284,28500,123.82526969909668,68443,69430.11,ONE_POINT,100,100,RANDOM
truncation_60,0.5,0,285,28600,124.24297857284546,68443,69296.41,ONE_POINT,100,100,RANDOM
truncation_60,0.5,0,286,28700,124.71368336677551,68265,69226.96,ONE_POINT,100,100,RANDOM
truncation_60,0.5,0,287,28800,125.15855956077576,68265,69107.29,ONE_POINT,100,100,RANDOM
truncation_60,0.5,0,288,28900,125.58039879798889,68234,68982.4,ONE_POINT,100,100,RANDOM
truncation_60,0.5,0,289,29000,126.01941442489624,68093,68854.3,ONE_POINT,100,100,RANDOM
truncation_60,0.5,0,290,29100,126.44863986968994,68093,68760.92,ONE_POINT,100,100,RANDOM
truncation_60,0.5,0,291,29200,126.88173723220825,68093,68676.26,ONE_POINT,100,100,RANDOM
truncation_60,0.5,0,292,29300,127.32327103614807,67855,68567.79,ONE_POINT,100,100,RANDOM
truncation_60,0.5,0,293,29400,127.75047254562378,67855,68489.14,ONE_POINT,100,100,RANDOM
truncation_60,0.5,0,294,29500,128.1962239742279,67697,68429.6,ONE_POINT,100,100,RANDOM
truncation_60,0.5,0,295,29600,128.63591861724854,67697,68337.46,ONE_POINT,100,100,RANDOM
truncation_60,0.5,0,296,29700,129.08031630516052,67634,68243.21,ONE_POINT,100,100,RANDOM
truncation_60,0.5,0,297,29800,129.5013666152954,67423,68152.16,ONE_POINT,100,100,RANDOM
truncation_60,0.5,0,298,29900,129.92895364761353,67210,67989.48,ONE_POINT,100,100,RANDOM
truncation_60,0.5,0,299,30000,130.36297130584717,67077,67812.83,ONE_POINT,100,100,RANDOM
truncation_60,0.5,0,300,30100,130.78875207901,67023,67661.45,ONE_POINT,100,100,RANDOM
truncation_60,0.5,0,301,30200,131.24576210975647,67023,67579.38,ONE_POINT,100,100,RANDOM
truncation_60,0.5,0,302,30300,131.67884731292725,66919,67516.03,ONE_POINT,100,100,RANDOM
truncation_60,0.5,0,303,30400,132.11019134521484,66919,67444.72,ONE_POINT,100,100,RANDOM
truncation_60,0.5,0,304,30500,132.5496642589569,66919,67376.4,ONE_POINT,100,100,RANDOM
truncation_60,0.5,0,305,30600,132.97297263145447,66764,67325.51,ONE_POINT,100,100,RANDOM
truncation_60,0.5,0,306,30700,133.40768337249756,66764,67291.61,ONE_POINT,100,100,RANDOM
truncation_60,0.5,0,307,30800,133.8529896736145,66739,67213.07,ONE_POINT,100,100,RANDOM
truncation_60,0.5,0,308,30900,134.2905876636505,66739,67140.17,ONE_POINT,100,100,RANDOM
truncation_60,0.5,0,309,31000,134.7257137298584,66598,67079.0,ONE_POINT,100,100,RANDOM
truncation_60,0.5,0,310,31100,135.15483975410461,66598,67004.72,ONE_POINT,100,100,RANDOM
truncation_60,0.5,0,311,31200,135.59498381614685,66569,66939.83,ONE_POINT,100,100,RANDOM
truncation_60,0.5,0,312,31300,136.0318603515625,66459,66883.45,ONE_POINT,100,100,RANDOM
truncation_60,0.5,0,313,31400,136.46250987052917,66459,66828.75,ONE_POINT,100,100,RANDOM
truncation_60,0.5,0,314,31500,136.92818665504456,66191,66778.14,ONE_POINT,100,100,RANDOM
truncation_60,0.5,0,315,31600,137.3741579055786,66191,66732.42,ONE_POINT,100,100,RANDOM
truncation_60,0.5,0,316,31700,137.81735277175903,66191,66680.29,ONE_POINT,100,100,RANDOM
truncation_60,0.5,0,317,31800,138.24534916877747,66191,66619.39,ONE_POINT,100,100,RANDOM
truncation_60,0.5,0,318,31900,138.6729440689087,66191,66559.77,ONE_POINT,100,100,RANDOM
truncation_60,0.5,0,319,32000,139.1136679649353,66050,66503.04,ONE_POINT,100,100,RANDOM
truncation_60,0.5,0,320,32100,139.55777978897095,66050,66452.29,ONE_POINT,100,100,RANDOM
truncation_60,0.5,0,321,32200,139.99659276008606,65248,66385.31,ONE_POINT,100,100,RANDOM
truncation_60,0.5,0,322,32300,140.4217345714569,65248,66327.87,ONE_POINT,100,100,RANDOM
truncation_60,0.5,0,323,32400,140.84649348258972,65248,66239.94,ONE_POINT,100,100,RANDOM
truncation_60,0.5,0,324,32500,141.29047513008118,65248,66162.8,ONE_POINT,100,100,RANDOM
truncation_60,0.5,0,325,32600,141.74245357513428,65248,66100.04,ONE_POINT,100,100,RANDOM
truncation_60,0.5,0,326,32700,142.1691975593567,65248,66010.93,ONE_POINT,100,100,RANDOM
truncation_60,0.5,0,327,32800,142.59055709838867,65248,65941.38,ONE_POINT,100,100,RANDOM
truncation_60,0.5,0,328,32900,143.01309084892273,65248,65852.9,ONE_POINT,100,100,RANDOM
truncation_60,0.5,0,329,33000,143.44966101646423,65248,65766.09,ONE_POINT,100,100,RANDOM
truncation_60,0.5,0,330,33100,143.90657234191895,65248,65701.19,ONE_POINT,100,100,RANDOM
truncation_60,0.5,0,331,33200,144.3261799812317,64716,65606.95,ONE_POINT,100,100,RANDOM
truncation_60,0.5,0,332,33300,144.74963188171387,64716,65533.72,ONE_POINT,100,100,RANDOM
truncation_60,0.5,0,333,33400,145.18533325195312,64716,65465.08,ONE_POINT,100,100,RANDOM
truncation_60,0.5,0,334,33500,145.62273478507996,64716,65393.09,ONE_POINT,100,100,RANDOM
truncation_60,0.5,0,335,33600,146.06314873695374,64716,65302.88,ONE_POINT,100,100,RANDOM
truncation_60,0.5,0,336,33700,146.51168489456177,64716,65256.24,ONE_POINT,100,100,RANDOM
truncation_60,0.5,0,337,33800,146.9564332962036,64716,65225.51,ONE_POINT,100,100,RANDOM
truncation_60,0.5,0,338,33900,147.38628029823303,64710,65159.86,ONE_POINT,100,100,RANDOM
truncation_60,0.5,0,339,34000,147.82990717887878,64622,65062.26,ONE_POINT,100,100,RANDOM
truncation_60,0.5,0,340,34100,148.2631893157959,64447,64989.13,ONE_POINT,100,100,RANDOM
truncation_60,0.5,0,341,34200,148.69767808914185,64447,64924.02,ONE_POINT,100,100,RANDOM
truncation_60,0.5,0,342,34300,149.11537313461304,64310,64865.01,ONE_POINT,100,100,RANDOM
truncation_60,0.5,0,343,34400,149.61020612716675,63528,64772.8,ONE_POINT,100,100,RANDOM
truncation_60,0.5,0,344,34500,150.07835817337036,63287,64690.86,ONE_POINT,100,100,RANDOM
truncation_60,0.5,0,345,34600,150.50713062286377,63287,64634.18,ONE_POINT,100,100,RANDOM
truncation_60,0.5,0,346,34700,150.9321630001068,63287,64574.09,ONE_POINT,100,100,RANDOM
truncation_60,0.5,0,347,34800,151.36275482177734,63287,64467.19,ONE_POINT,100,100,RANDOM
truncation_60,0.5,0,348,34900,151.79687213897705,63287,64367.77,ONE_POINT,100,100,RANDOM
truncation_60,0.5,0,349,35000,152.25333166122437,63287,64279.5,ONE_POINT,100,100,RANDOM
truncation_60,0.5,0,350,35100,152.6886396408081,63287,64186.05,ONE_POINT,100,100,RANDOM
truncation_60,0.5,0,351,35200,153.13439989089966,63159,64089.16,ONE_POINT,100,100,RANDOM
truncation_60,0.5,0,352,35300,153.57498407363892,63159,63987.74,ONE_POINT,100,100,RANDOM
truncation_60,0.5,0,353,35400,154.01481747627258,63159,63887.84,ONE_POINT,100,100,RANDOM
truncation_60,0.5,0,354,35500,154.46215558052063,63009,63784.51,ONE_POINT,100,100,RANDOM
truncation_60,0.5,0,355,35600,154.8999617099762,62956,63631.85,ONE_POINT,100,100,RANDOM
truncation_60,0.5,0,356,35700,155.33761525154114,62632,63504.38,ONE_POINT,100,100,RANDOM
truncation_60,0.5,0,357,35800,155.77249765396118,62632,63391.19,ONE_POINT,100,100,RANDOM
truncation_60,0.5,0,358,35900,156.22510313987732,62632,63289.22,ONE_POINT,100,100,RANDOM
truncation_60,0.5,0,359,36000,156.66007590293884,62632,63233.67,ONE_POINT,100,100,RANDOM
truncation_60,0.5,0,360,36100,157.08965754508972,62632,63185.92,ONE_POINT,100,100,RANDOM
truncation_60,0.5,0,361,36200,157.51862406730652,62632,63110.99,ONE_POINT,100,100,RANDOM
truncation_60,0.5,0,362,36300,157.9542293548584,62555,63016.48,ONE_POINT,100,100,RANDOM
truncation_60,0.5,0,363,36400,158.4116005897522,62555,62969.59,ONE_POINT,100,100,RANDOM
truncation_60,0.5,0,364,36500,158.86464524269104,62144,62910.1,ONE_POINT,100,100,RANDOM
truncation_60,0.5,0,365,36600,159.286301612854,62144,62848.95,ONE_POINT,100,100,RANDOM
truncation_60,0.5,0,366,36700,159.7336974143982,62144,62758.05,ONE_POINT,100,100,RANDOM
truncation_60,0.5,0,367,36800,160.17088222503662,62056,62689.12,ONE_POINT,100,100,RANDOM
truncation_60,0.5,0,368,36900,160.61734008789062,62056,62640.24,ONE_POINT,100,100,RANDOM
truncation_60,0.5,0,369,37000,161.06363105773926,61883,62553.15,ONE_POINT,100,100,RANDOM
truncation_60,0.5,0,370,37100,161.49563598632812,61883,62447.26,ONE_POINT,100,100,RANDOM
truncation_60,0.5,0,371,37200,161.93616700172424,61869,62343.4,ONE_POINT,100,100,RANDOM
truncation_60,0.5,0,372,37300,162.36149501800537,61790,62266.84,ONE_POINT,100,100,RANDOM
truncation_60,0.5,0,373,37400,162.81645584106445,61585,62213.25,ONE_POINT,100,100,RANDOM
truncation_60,0.5,0,374,37500,163.2526924610138,61585,62136.02,ONE_POINT,100,100,RANDOM
truncation_60,0.5,0,375,37600,163.6949646472931,61585,62060.55,ONE_POINT,100,100,RANDOM
truncation_60,0.5,0,376,37700,164.13215565681458,61585,61980.17,ONE_POINT,100,100,RANDOM
truncation_60,0.5,0,377,37800,164.5675494670868,61263,61898.06,ONE_POINT,100,100,RANDOM
truncation_60,0.5,0,378,37900,165.00688004493713,61263,61806.64,ONE_POINT,100,100,RANDOM
truncation_60,0.5,0,379,38000,165.4517583847046,61120,61734.07,ONE_POINT,100,100,RANDOM
truncation_60,0.5,0,380,38100,165.88683819770813,61120,61695.8,ONE_POINT,100,100,RANDOM
truncation_60,0.5,0,381,38200,166.30962824821472,61119,61637.97,ONE_POINT,100,100,RANDOM
truncation_60,0.5,0,382,38300,166.74875044822693,61069,61555.64,ONE_POINT,100,100,RANDOM
truncation_60,0.5,0,383,38400,167.19937300682068,61069,61473.9,ONE_POINT,100,100,RANDOM
truncation_60,0.5,0,384,38500,167.6315882205963,60890,61409.09,ONE_POINT,100,100,RANDOM
truncation_60,0.5,0,385,38600,168.05471205711365,60890,61358.6,ONE_POINT,100,100,RANDOM
truncation_60,0.5,0,386,38700,168.48090958595276,60715,61295.76,ONE_POINT,100,100,RANDOM
truncation_60,0.5,0,387,38800,168.9274034500122,60715,61237.46,ONE_POINT,100,100,RANDOM
truncation_60,0.5,0,388,38900,169.35632586479187,60518,61157.54,ONE_POINT,100,100,RANDOM
truncation_60,0.5,0,389,39000,169.7876181602478,60518,61033.02,ONE_POINT,100,100,RANDOM
truncation_60,0.5,0,390,39100,170.21414399147034,60518,60931.93,ONE_POINT,100,100,RANDOM
truncation_60,0.5,0,391,39200,170.64167833328247,60244,60819.7,ONE_POINT,100,100,RANDOM
truncation_60,0.5,0,392,39300,171.0854103565216,60244,60763.86,ONE_POINT,100,100,RANDOM
truncation_60,0.5,0,393,39400,171.53411269187927,60244,60713.14,ONE_POINT,100,100,RANDOM
truncation_60,0.5,0,394,39500,171.99810600280762,60161,60675.06,ONE_POINT,100,100,RANDOM
truncation_60,0.5,0,395,39600,172.42943358421326,60085,60617.32,ONE_POINT,100,100,RANDOM
truncation_60,0.5,0,396,39700,172.8658230304718,60085,60562.66,ONE_POINT,100,100,RANDOM
truncation_60,0.5,0,397,39800,173.33494448661804,60085,60509.54,ONE_POINT,100,100,RANDOM
truncation_60,0.5,0,398,39900,173.76134252548218,60054,60441.05,ONE_POINT,100,100,RANDOM
truncation_60,0.5,0,399,40000,174.1965298652649,59996,60370.25,ONE_POINT,100,100,RANDOM
truncation_60,0.5,0,400,40100,174.62430834770203,59983,60314.57,ONE_POINT,100,100,RANDOM
truncation_60,0.5,0,401,40200,175.0630431175232,59898,60264.85,ONE_POINT,100,100,RANDOM
truncation_60,0.5,0,402,40300,175.5010061264038,59695,60199.42,ONE_POINT,100,100,RANDOM
truncation_60,0.5,0,403,40400,175.92883896827698,59643,60154.43,ONE_POINT,100,100,RANDOM
truncation_60,0.5,0,404,40500,176.36912536621094,59643,60099.62,ONE_POINT,100,100,RANDOM
truncation_60,0.5,0,405,40600,176.79204654693604,59624,60048.45,ONE_POINT,100,100,RANDOM
truncation_60,0.5,0,406,40700,177.22235345840454,59624,59966.18,ONE_POINT,100,100,RANDOM
truncation_60,0.5,0,407,40800,177.71831679344177,59540,59905.27,ONE_POINT,100,100,RANDOM
truncation_60,0.5,0,408,40900,178.1758930683136,59540,59854.85,ONE_POINT,100,100,RANDOM
truncation_60,0.5,0,409,41000,178.6156096458435,59306,59781.53,ONE_POINT,100,100,RANDOM
truncation_60,0.5,0,410,41100,179.04143524169922,59076,59736.57,ONE_POINT,100,100,RANDOM
truncation_60,0.5,0,411,41200,179.4796862602234,58979,59696.4,ONE_POINT,100,100,RANDOM
truncation_60,0.5,0,412,41300,179.90692901611328,58979,59630.75,ONE_POINT,100,100,RANDOM
truncation_60,0.5,0,413,41400,180.33911442756653,58941,59555.31,ONE_POINT,100,100,RANDOM
truncation_60,0.5,0,414,41500,180.7753608226776,58886,59477.4,ONE_POINT,100,100,RANDOM
truncation_60,0.5,0,415,41600,181.1990406513214,58870,59352.82,ONE_POINT,100,100,RANDOM
truncation_60,0.5,0,416,41700,181.64134430885315,58749,59186.79,ONE_POINT,100,100,RANDOM
truncation_60,0.5,0,417,41800,182.07169246673584,58684,59084.21,ONE_POINT,100,100,RANDOM
truncation_60,0.5,0,418,41900,182.49024438858032,58684,58980.3,ONE_POINT,100,100,RANDOM
truncation_60,0.5,0,419,42000,182.93606972694397,58603,58906.27,ONE_POINT,100,100,RANDOM
truncation_60,0.5,0,420,42100,183.3630223274231,58603,58880.54,ONE_POINT,100,100,RANDOM
truncation_60,0.5,0,421,42200,183.80961799621582,58595,58841.64,ONE_POINT,100,100,RANDOM
truncation_60,0.5,0,422,42300,184.24084544181824,58429,58819.77,ONE_POINT,100,100,RANDOM
truncation_60,0.5,0,423,42400,184.6766471862793,58429,58787.94,ONE_POINT,100,100,RANDOM
truncation_60,0.5,0,424,42500,185.11906814575195,58429,58756.44,ONE_POINT,100,100,RANDOM
truncation_60,0.5,0,425,42600,185.5406153202057,58353,58714.3,ONE_POINT,100,100,RANDOM
truncation_60,0.5,0,426,42700,185.96872973442078,58353,58664.93,ONE_POINT,100,100,RANDOM
truncation_60,0.5,0,427,42800,186.38931703567505,58237,58627.56,ONE_POINT,100,100,RANDOM
truncation_60,0.5,0,428,42900,186.8205828666687,58237,58588.45,ONE_POINT,100,100,RANDOM
truncation_60,0.5,0,429,43000,187.2596936225891,58135,58541.64,ONE_POINT,100,100,RANDOM
truncation_60,0.5,0,430,43100,187.7010200023651,58135,58486.15,ONE_POINT,100,100,RANDOM
truncation_60,0.5,0,431,43200,188.15690326690674,58135,58434.95,ONE_POINT,100,100,RANDOM
truncation_60,0.5,0,432,43300,188.5852599143982,57999,58388.41,ONE_POINT,100,100,RANDOM
truncation_60,0.5,0,433,43400,189.00956439971924,57974,58350.93,ONE_POINT,100,100,RANDOM
truncation_60,0.5,0,434,43500,189.45788955688477,57924,58283.75,ONE_POINT,100,100,RANDOM
truncation_60,0.5,0,435,43600,189.91332411766052,57844,58221.72,ONE_POINT,100,100,RANDOM
truncation_60,0.5,0,436,43700,190.34056663513184,57728,58140.07,ONE_POINT,100,100,RANDOM
truncation_60,0.5,0,437,43800,190.7758240699768,57710,58078.28,ONE_POINT,100,100,RANDOM
truncation_60,0.5,0,438,43900,191.20046257972717,57666,58010.95,ONE_POINT,100,100,RANDOM
truncation_60,0.5,0,439,44000,191.6435887813568,57433,57951.37,ONE_POINT,100,100,RANDOM
truncation_60,0.5,0,440,44100,192.12074303627014,57380,57908.32,ONE_POINT,100,100,RANDOM
truncation_60,0.5,0,441,44200,192.5544946193695,57380,57867.07,ONE_POINT,100,100,RANDOM
truncation_60,0.5,0,442,44300,192.98593997955322,57380,57824.13,ONE_POINT,100,100,RANDOM
truncation_60,0.5,0,443,44400,193.42100501060486,57362,57776.18,ONE_POINT,100,100,RANDOM
truncation_60,0.5,0,444,44500,193.85548782348633,57362,57701.8,ONE_POINT,100,100,RANDOM
truncation_60,0.5,0,445,44600,194.30006957054138,57108,57666.36,ONE_POINT,100,100,RANDOM
truncation_60,0.5,0,446,44700,194.7302553653717,57108,57618.01,ONE_POINT,100,100,RANDOM
truncation_60,0.5,0,447,44800,195.1629729270935,57066,57565.43,ONE_POINT,100,100,RANDOM
truncation_60,0.5,0,448,44900,195.60057926177979,56986,57527.27,ONE_POINT,100,100,RANDOM
truncation_60,0.5,0,449,45000,196.04065537452698,56986,57513.87,ONE_POINT,100,100,RANDOM
truncation_60,0.5,0,450,45100,196.4769253730774,56986,57473.38,ONE_POINT,100,100,RANDOM
truncation_60,0.5,0,451,45200,196.9278004169464,56986,57421.32,ONE_POINT,100,100,RANDOM
truncation_60,0.5,0,452,45300,197.35314440727234,56986,57374.16,ONE_POINT,100,100,RANDOM
truncation_60,0.5,0,453,45400,197.7801730632782,56986,57329.67,ONE_POINT,100,100,RANDOM
truncation_60,0.5,0,454,45500,198.2308313846588,56923,57282.05,ONE_POINT,100,100,RANDOM
truncation_60,0.5,0,455,45600,198.67419815063477,56923,57211.25,ONE_POINT,100,100,RANDOM
truncation_60,0.5,0,456,45700,199.10871243476868,56866,57167.98,ONE_POINT,100,100,RANDOM
truncation_60,0.5,0,457,45800,199.55682849884033,56771,57130.47,ONE_POINT,100,100,RANDOM
truncation_60,0.5,0,458,45900,199.98691296577454,56761,57102.06,ONE_POINT,100,100,RANDOM
truncation_60,0.5,0,459,46000,200.44180631637573,56761,57075.57,ONE_POINT,100,100,RANDOM
truncation_60,0.5,0,460,46100,200.87382006645203,56761,57042.22,ONE_POINT,100,100,RANDOM
truncation_60,0.5,0,461,46200,201.31036925315857,56761,57004.39,ONE_POINT,100,100,RANDOM
truncation_60,0.5,0,462,46300,201.7630488872528,56571,56944.43,ONE_POINT,100,100,RANDOM
truncation_60,0.5,0,463,46400,202.1832938194275,56571,56888.12,ONE_POINT,100,100,RANDOM
truncation_60,0.5,0,464,46500,202.62911367416382,56375,56858.86,ONE_POINT,100,100,RANDOM
truncation_60,0.5,0,465,46600,203.0626256465912,56375,56834.46,ONE_POINT,100,100,RANDOM
truncation_60,0.5,0,466,46700,203.5037899017334,56375,56810.99,ONE_POINT,100,100,RANDOM
truncation_60,0.5,0,467,46800,203.9320068359375,56375,56778.74,ONE_POINT,100,100,RANDOM
truncation_60,0.5,0,468,46900,204.36757969856262,56375,56741.39,ONE_POINT,100,100,RANDOM
truncation_60,0.5,0,469,47000,204.80701637268066,56375,56720.33,ONE_POINT,100,100,RANDOM
truncation_60,0.5,0,470,47100,205.24126482009888,56375,56678.15,ONE_POINT,100,100,RANDOM
truncation_60,0.5,0,471,47200,205.67956805229187,56206,56650.43,ONE_POINT,100,100,RANDOM
truncation_60,0.5,0,472,47300,206.1085066795349,56193,56622.98,ONE_POINT,100,100,RANDOM
truncation_60,0.5,0,473,47400,206.5414342880249,56193,56595.47,ONE_POINT,100,100,RANDOM
truncation_60,0.5,0,474,47500,206.99140453338623,56193,56561.12,ONE_POINT,100,100,RANDOM
truncation_60,0.5,0,475,47600,207.4337649345398,56193,56537.79,ONE_POINT,100,100,RANDOM
truncation_60,0.5,0,476,47700,207.87287378311157,56193,56515.06,ONE_POINT,100,100,RANDOM
truncation_60,0.5,0,477,47800,208.32309556007385,56193,56488.62,ONE_POINT,100,100,RANDOM
truncation_60,0.5,0,478,47900,208.7706229686737,56190,56458.87,ONE_POINT,100,100,RANDOM
truncation_60,0.5,0,479,48000,209.20793294906616,56134,56427.72,ONE_POINT,100,100,RANDOM
truncation_60,0.5,0,480,48100,209.6528549194336,56134,56409.35,ONE_POINT,100,100,RANDOM
truncation_60,0.5,0,481,48200,210.090594291687,56134,56382.15,ONE_POINT,100,100,RANDOM
truncation_60,0.5,0,482,48300,210.52197170257568,56037,56354.86,ONE_POINT,100,100,RANDOM
truncation_60,0.5,0,483,48400,210.98736667633057,56020,56311.98,ONE_POINT,100,100,RANDOM
truncation_60,0.5,0,484,48500,211.4247145652771,55968,56263.24,ONE_POINT,100,100,RANDOM
truncation_60,0.5,0,485,48600,211.86702299118042,55897,56223.02,ONE_POINT,100,100,RANDOM
truncation_60,0.5,0,486,48700,212.30176401138306,55897,56194.9,ONE_POINT,100,100,RANDOM
truncation_60,0.5,0,487,48800,212.7270200252533,55897,56160.58,ONE_POINT,100,100,RANDOM
truncation_60,0.5,0,488,48900,213.16890168190002,55866,56120.0,ONE_POINT,100,100,RANDOM
truncation_60,0.5,0,489,49000,213.62090516090393,55791,56074.6,ONE_POINT,100,100,RANDOM
truncation_60,0.5,0,490,49100,214.05208015441895,55791,56042.41,ONE_POINT,100,100,RANDOM
truncation_60,0.5,0,491,49200,214.47846722602844,55684,56013.85,ONE_POINT,100,100,RANDOM
truncation_60,0.5,0,492,49300,214.91171383857727,55623,55978.2,ONE_POINT,100,100,RANDOM
truncation_60,0.5,0,493,49400,215.34302496910095,55623,55950.14,ONE_POINT,100,100,RANDOM
truncation_60,0.5,0,494,49500,215.77662682533264,55623,55914.7,ONE_POINT,100,100,RANDOM
truncation_60,0.5,0,495,49600,216.20898413658142,55566,55893.81,ONE_POINT,100,100,RANDOM
truncation_60,0.5,0,496,49700,216.69903540611267,55566,55865.06,ONE_POINT,100,100,RANDOM
truncation_60,0.5,0,497,49800,217.15293884277344,55566,55839.16,ONE_POINT,100,100,RANDOM
truncation_60,0.5,0,498,49900,217.57791471481323,55566,55820.82,ONE_POINT,100,100,RANDOM
truncation_60,0.5,0,499,50000,218.0188500881195,55470,55790.01,ONE_POINT,100,100,RANDOM
truncation_60,0.5,0,500,50100,218.4642403125763,55361,55751.63,ONE_POINT,100,100,RANDOM
truncation_60,0.5,20,1,200,0.3064846992492676,136512,147255.73,ONE_POINT,100,100,RANDOM
truncation_60,0.5,20,2,300,0.7466487884521484,132327,144639.54,ONE_POINT,100,100,RANDOM
truncation_60,0.5,20,3,400,1.178900957107544,132327,142389.25,ONE_POINT,100,100,RANDOM
truncation_60,0.5,20,4,500,1.602766513824463,128988,140634.18,ONE_POINT,100,100,RANDOM
truncation_60,0.5,20,5,600,2.0384628772735596,127484,138986.16,ONE_POINT,100,100,RANDOM
truncation_60,0.5,20,6,700,2.5144786834716797,127025,137111.58,ONE_POINT,100,100,RANDOM
truncation_60,0.5,20,7,800,2.9433891773223877,127025,135414.48,ONE_POINT,100,100,RANDOM
truncation_60,0.5,20,8,900,3.377153158187866,125298,133396.63,ONE_POINT,100,100,RANDOM
truncation_60,0.5,20,9,1000,3.805903196334839,124089,131917.52,ONE_POINT,100,100,RANDOM
truncation_60,0.5,20,10,1100,4.25260591506958,124089,130588.66,ONE_POINT,100,100,RANDOM
truncation_60,0.5,20,11,1200,4.6877899169921875,123651,129303.41,ONE_POINT,100,100,RANDOM
truncation_60,0.5,20,12,1300,5.11116099357605,122823,128356.7,ONE_POINT,100,100,RANDOM
truncation_60,0.5,20,13,1400,5.566866636276245,121994,127271.14,ONE_POINT,100,100,RANDOM
truncation_60,0.5,20,14,1500,5.997470378875732,121360,126597.79,ONE_POINT,100,100,RANDOM
truncation_60,0.5,20,15,1600,6.45682430267334,120992,125977.06,ONE_POINT,100,100,RANDOM
truncation_60,0.5,20,16,1700,6.898237705230713,120683,125199.94,ONE_POINT,100,100,RANDOM
truncation_60,0.5,20,17,1800,7.334136486053467,118835,124405.17,ONE_POINT,100,100,RANDOM
truncation_60,0.5,20,18,1900,7.773040294647217,118835,123521.53,ONE_POINT,100,100,RANDOM
truncation_60,0.5,20,19,2000,8.192918062210083,118211,122860.25,ONE_POINT,100,100,RANDOM
truncation_60,0.5,20,20,2100,8.642562866210938,118211,122163.01,ONE_POINT,100,100,RANDOM
truncation_60,0.5,20,21,2200,9.089209794998169,116461,121333.8,ONE_POINT,100,100,RANDOM
truncation_60,0.5,20,22,2300,9.634779691696167,115374,120593.6,ONE_POINT,100,100,RANDOM
truncation_60,0.5,20,23,2400,10.105274200439453,115374,120000.12,ONE_POINT,100,100,RANDOM
truncation_60,0.5,20,24,2500,10.555434703826904,115374,119066.96,ONE_POINT,100,100,RANDOM
truncation_60,0.5,20,25,2600,11.019431829452515,115374,118540.96,ONE_POINT,100,100,RANDOM
truncation_60,0.5,20,26,2700,11.44983959197998,114884,117567.22,ONE_POINT,100,100,RANDOM
truncation_60,0.5,20,27,2800,11.890464305877686,114192,116848.59,ONE_POINT,100,100,RANDOM
truncation_60,0.5,20,28,2900,12.323863506317139,113699,116457.52,ONE_POINT,100,100,RANDOM
truncation_60,0.5,20,29,3000,12.765899658203125,113699,115968.14,ONE_POINT,100,100,RANDOM
truncation_60,0.5,20,30,3100,13.20761251449585,113257,115464.4,ONE_POINT,100,100,RANDOM
truncation_60,0.5,20,31,3200,13.639190912246704,113193,114988.04,ONE_POINT,100,100,RANDOM
truncation_60,0.5,20,32,3300,14.07383680343628,111055,114504.58,ONE_POINT,100,100,RANDOM
truncation_60,0.5,20,33,3400,14.53016972541809,111055,113935.21,ONE_POINT,100,100,RANDOM
truncation_60,0.5,20,34,3500,14.973609447479248,111055,113472.85,ONE_POINT,100,100,RANDOM
truncation_60,0.5,20,35,3600,15.407854318618774,110751,112865.15,ONE_POINT,100,100,RANDOM
truncation_60,0.5,20,36,3700,15.824480295181274,110040,112283.29,ONE_POINT,100,100,RANDOM
truncation_60,0.5,20,37,3800,16.265940189361572,109675,111725.22,ONE_POINT,100,100,RANDOM
truncation_60,0.5,20,38,3900,16.712326526641846,109263,111177.62,ONE_POINT,100,100,RANDOM
truncation_60,0.5,20,39,4000,17.15191340446472,108697,110673.45,ONE_POINT,100,100,RANDOM
truncation_60,0.5,20,40,4100,17.57574224472046,107888,110088.64,ONE_POINT,100,100,RANDOM
truncation_60,0.5,20,41,4200,18.00265073776245,107762,109665.21,ONE_POINT,100,100,RANDOM
truncation_60,0.5,20,42,4300,18.440965175628662,106948,109340.72,ONE_POINT,100,100,RANDOM
truncation_60,0.5,20,43,4400,18.899619102478027,106948,108991.63,ONE_POINT,100,100,RANDOM
truncation_60,0.5,20,44,4500,19.336874961853027,106396,108674.67,ONE_POINT,100,100,RANDOM
truncation_60,0.5,20,45,4600,19.769097328186035,105943,108399.01,ONE_POINT,100,100,RANDOM
truncation_60,0.5,20,46,4700,20.201626777648926,105943,108063.27,ONE_POINT,100,100,RANDOM
truncation_60,0.5,20,47,4800,20.624387979507446,105470,107717.47,ONE_POINT,100,100,RANDOM
truncation_60,0.5,20,48,4900,21.086116075515747,105470,107302.68,ONE_POINT,100,100,RANDOM
truncation_60,0.5,20,49,5000,21.51625657081604,104817,106865.7,ONE_POINT,100,100,RANDOM
truncation_60,0.5,20,50,5100,21.94728922843933,104817,106538.31,ONE_POINT,100,100,RANDOM
truncation_60,0.5,20,51,5200,22.393583297729492,103621,106263.64,ONE_POINT,100,100,RANDOM
truncation_60,0.5,20,52,5300,22.8276047706604,103621,105828.0,ONE_POINT,100,100,RANDOM
truncation_60,0.5,20,53,5400,23.285370349884033,103621,105465.3,ONE_POINT,100,100,RANDOM
truncation_60,0.5,20,54,5500,23.729548931121826,103173,105047.42,ONE_POINT,100,100,RANDOM
truncation_60,0.5,20,55,5600,24.16303849220276,103173,104698.02,ONE_POINT,100,100,RANDOM
truncation_60,0.5,20,56,5700,24.590396881103516,103128,104327.33,ONE_POINT,100,100,RANDOM
truncation_60,0.5,20,57,5800,25.02251362800598,102688,103994.69,ONE_POINT,100,100,RANDOM
truncation_60,0.5,20,58,5900,25.465031385421753,101748,103676.73,ONE_POINT,100,100,RANDOM
truncation_60,0.5,20,59,6000,25.889070510864258,101668,103347.46,ONE_POINT,100,100,RANDOM
truncation_60,0.5,20,60,6100,26.318339586257935,101495,103026.43,ONE_POINT,100,100,RANDOM
truncation_60,0.5,20,61,6200,26.74620532989502,101447,102801.66,ONE_POINT,100,100,RANDOM
truncation_60,0.5,20,62,6300,27.17546844482422,101447,102605.89,ONE_POINT,100,100,RANDOM
truncation_60,0.5,20,63,6400,27.61917471885681,101025,102503.76,ONE_POINT,100,100,RANDOM
truncation_60,0.5,20,64,6500,28.05479669570923,100857,102273.43,ONE_POINT,100,100,RANDOM
truncation_60,0.5,20,65,6600,28.484647274017334,100599,102112.08,ONE_POINT,100,100,RANDOM
truncation_60,0.5,20,66,6700,28.907903909683228,100599,101922.3,ONE_POINT,100,100,RANDOM
truncation_60,0.5,20,67,6800,29.361425161361694,100493,101685.14,ONE_POINT,100,100,RANDOM
truncation_60,0.5,20,68,6900,29.80299687385559,100382,101494.05,ONE_POINT,100,100,RANDOM
truncation_60,0.5,20,69,7000,30.216301202774048,100350,101268.27,ONE_POINT,100,100,RANDOM
truncation_60,0.5,20,70,7100,30.65217685699463,100106,101134.37,ONE_POINT,100,100,RANDOM
truncation_60,0.5,20,71,7200,31.09075117111206,99710,101002.7,ONE_POINT,100,100,RANDOM
truncation_60,0.5,20,72,7300,31.529164791107178,99710,100769.67,ONE_POINT,100,100,RANDOM
truncation_60,0.5,20,73,7400,31.9694242477417,99396,100625.6,ONE_POINT,100,100,RANDOM
truncation_60,0.5,20,74,7500,32.393606424331665,99396,100493.06,ONE_POINT,100,100,RANDOM
truncation_60,0.5,20,75,7600,32.819042444229126,99146,100378.7,ONE_POINT,100,100,RANDOM
truncation_60,0.5,20,76,7700,33.254411458969116,98861,100212.08,ONE_POINT,100,100,RANDOM
truncation_60,0.5,20,77,7800,33.694560289382935,97896,100014.49,ONE_POINT,100,100,RANDOM
truncation_60,0.5,20,78,7900,34.12378215789795,97896,99768.61,ONE_POINT,100,100,RANDOM
truncation_60,0.5,20,79,8000,34.55205035209656,97896,99566.19,ONE_POINT,100,100,RANDOM
truncation_60,0.5,20,80,8100,35.02027082443237,97774,99266.89,ONE_POINT,100,100,RANDOM
truncation_60,0.5,20,81,8200,35.44554567337036,97690,99039.17,ONE_POINT,100,100,RANDOM
truncation_60,0.5,20,82,8300,35.89135503768921,97106,98823.92,ONE_POINT,100,100,RANDOM
truncation_60,0.5,20,83,8400,36.32353234291077,97043,98653.2,ONE_POINT,100,100,RANDOM
truncation_60,0.5,20,84,8500,36.7704176902771,96539,98318.23,ONE_POINT,100,100,RANDOM
truncation_60,0.5,20,85,8600,37.207143783569336,96539,98012.52,ONE_POINT,100,100,RANDOM
truncation_60,0.5,20,86,8700,37.634060859680176,96288,97734.64,ONE_POINT,100,100,RANDOM
truncation_60,0.5,20,87,8800,38.082375288009644,95600,97611.49,ONE_POINT,100,100,RANDOM
truncation_60,0.5,20,88,8900,38.5136034488678,95600,97498.16,ONE_POINT,100,100,RANDOM
truncation_60,0.5,20,89,9000,38.95643591880798,95600,97241.55,ONE_POINT,100,100,RANDOM
truncation_60,0.5,20,90,9100,39.39750146865845,95600,96973.56,ONE_POINT,100,100,RANDOM
truncation_60,0.5,20,91,9200,39.82206726074219,95600,96731.44,ONE_POINT,100,100,RANDOM
truncation_60,0.5,20,92,9300,40.26029849052429,95517,96527.21,ONE_POINT,100,100,RANDOM
truncation_60,0.5,20,93,9400,40.69024682044983,95444,96377.2,ONE_POINT,100,100,RANDOM
truncation_60,0.5,20,94,9500,41.126904010772705,95018,96197.27,ONE_POINT,100,100,RANDOM
truncation_60,0.5,20,95,9600,41.5510516166687,95018,96089.54,ONE_POINT,100,100,RANDOM
truncation_60,0.5,20,96,9700,41.99010682106018,94959,95875.84,ONE_POINT,100,100,RANDOM
truncation_60,0.5,20,97,9800,42.426778078079224,94900,95765.51,ONE_POINT,100,100,RANDOM
truncation_60,0.5,20,98,9900,42.85993766784668,94365,95575.81,ONE_POINT,100,100,RANDOM
truncation_60,0.5,20,99,10000,43.30129957199097,94365,95387.36,ONE_POINT,100,100,RANDOM
truncation_60,0.5,20,100,10100,43.72441124916077,94365,95175.27,ONE_POINT,100,100,RANDOM
truncation_60,0.5,20,101,10200,44.185385942459106,94161,95083.09,ONE_POINT,100,100,RANDOM
truncation_60,0.5,20,102,10300,44.621076583862305,93701,94937.71,ONE_POINT,100,100,RANDOM
truncation_60,0.5,20,103,10400,45.043219566345215,93701,94844.85,ONE_POINT,100,100,RANDOM
truncation_60,0.5,20,104,10500,45.48067545890808,93701,94796.29,ONE_POINT,100,100,RANDOM
truncation_60,0.5,20,105,10600,45.91395854949951,93701,94673.78,ONE_POINT,100,100,RANDOM
truncation_60,0.5,20,106,10700,46.376458168029785,93701,94559.38,ONE_POINT,100,100,RANDOM
truncation_60,0.5,20,107,10800,46.80671691894531,93501,94407.13,ONE_POINT,100,100,RANDOM
truncation_60,0.5,20,108,10900,47.25397181510925,93334,94282.5,ONE_POINT,100,100,RANDOM
truncation_60,0.5,20,109,11000,47.693284034729004,93334,94198.86,ONE_POINT,100,100,RANDOM
truncation_60,0.5,20,110,11100,48.146708726882935,92936,94035.24,ONE_POINT,100,100,RANDOM
truncation_60,0.5,20,111,11200,48.59104609489441,92936,93900.46,ONE_POINT,100,100,RANDOM
truncation_60,0.5,20,112,11300,49.01894545555115,92675,93734.55,ONE_POINT,100,100,RANDOM
truncation_60,0.5,20,113,11400,49.44218373298645,91421,93513.31,ONE_POINT,100,100,RANDOM
truncation_60,0.5,20,114,11500,49.88474130630493,91048,93218.36,ONE_POINT,100,100,RANDOM
truncation_60,0.5,20,115,11600,50.31604361534119,90637,92904.68,ONE_POINT,100,100,RANDOM
truncation_60,0.5,20,116,11700,50.760419845581055,90637,92693.52,ONE_POINT,100,100,RANDOM
truncation_60,0.5,20,117,11800,51.182716608047485,90637,92526.4,ONE_POINT,100,100,RANDOM
truncation_60,0.5,20,118,11900,51.60519337654114,90637,92281.26,ONE_POINT,100,100,RANDOM
truncation_60,0.5,20,119,12000,52.04968476295471,90343,92060.05,ONE_POINT,100,100,RANDOM
truncation_60,0.5,20,120,12100,52.49984812736511,90343,91827.93,ONE_POINT,100,100,RANDOM
truncation_60,0.5,20,121,12200,52.93812799453735,90343,91576.43,ONE_POINT,100,100,RANDOM
truncation_60,0.5,20,122,12300,53.36204695701599,90077,91319.3,ONE_POINT,100,100,RANDOM
truncation_60,0.5,20,123,12400,53.80809998512268,89629,91151.86,ONE_POINT,100,100,RANDOM
truncation_60,0.5,20,124,12500,54.24911975860596,89500,90929.8,ONE_POINT,100,100,RANDOM
truncation_60,0.5,20,125,12600,54.69566631317139,89500,90770.17,ONE_POINT,100,100,RANDOM
truncation_60,0.5,20,126,12700,55.125322341918945,89500,90617.43,ONE_POINT,100,100,RANDOM
truncation_60,0.5,20,127,12800,55.56315803527832,89500,90469.1,ONE_POINT,100,100,RANDOM
truncation_60,0.5,20,128,12900,55.98992300033569,89500,90325.72,ONE_POINT,100,100,RANDOM
truncation_60,0.5,20,129,13000,56.4274525642395,89500,90185.09,ONE_POINT,100,100,RANDOM
truncation_60,0.5,20,130,13100,56.85782980918884,89286,90089.38,ONE_POINT,100,100,RANDOM
truncation_60,0.5,20,131,13200,57.28497505187988,89286,89976.29,ONE_POINT,100,100,RANDOM
truncation_60,0.5,20,132,13300,57.72241544723511,89209,89836.51,ONE_POINT,100,100,RANDOM
truncation_60,0.5,20,133,13400,58.15171456336975,88929,89732.05,ONE_POINT,100,100,RANDOM
truncation_60,0.5,20,134,13500,58.58212852478027,88648,89562.94,ONE_POINT,100,100,RANDOM
truncation_60,0.5,20,135,13600,59.018187046051025,88648,89436.86,ONE_POINT,100,100,RANDOM
truncation_60,0.5,20,136,13700,59.4719443321228,88022,89333.93,ONE_POINT,100,100,RANDOM
truncation_60,0.5,20,137,13800,59.905118465423584,87938,89241.16,ONE_POINT,100,100,RANDOM
truncation_60,0.5,20,138,13900,60.33054828643799,87938,89061.25,ONE_POINT,100,100,RANDOM
truncation_60,0.5,20,139,14000,60.78008794784546,87938,88970.76,ONE_POINT,100,100,RANDOM
truncation_60,0.5,20,140,14100,61.22298336029053,87741,88862.51,ONE_POINT,100,100,RANDOM
truncation_60,0.5,20,141,14200,61.697251081466675,87591,88709.32,ONE_POINT,100,100,RANDOM
truncation_60,0.5,20,142,14300,62.13577651977539,87591,88598.22,ONE_POINT,100,100,RANDOM
truncation_60,0.5,20,143,14400,62.58151960372925,87591,88506.91,ONE_POINT,100,100,RANDOM
truncation_60,0.5,20,144,14500,63.039504528045654,87412,88345.87,ONE_POINT,100,100,RANDOM
truncation_60,0.5,20,145,14600,63.48117423057556,87061,88225.71,ONE_POINT,100,100,RANDOM
truncation_60,0.5,20,146,14700,63.90395212173462,86465,88011.17,ONE_POINT,100,100,RANDOM
truncation_60,0.5,20,147,14800,64.32965517044067,86465,87826.13,ONE_POINT,100,100,RANDOM
truncation_60,0.5,20,148,14900,64.79102873802185,86465,87686.97,ONE_POINT,100,100,RANDOM
truncation_60,0.5,20,149,15000,65.24679684638977,86465,87522.73,ONE_POINT,100,100,RANDOM
truncation_60,0.5,20,150,15100,65.67272901535034,86465,87359.56,ONE_POINT,100,100,RANDOM
truncation_60,0.5,20,151,15200,66.12089896202087,85720,87145.18,ONE_POINT,100,100,RANDOM
truncation_60,0.5,20,152,15300,66.54763650894165,85720,86942.51,ONE_POINT,100,100,RANDOM
truncation_60,0.5,20,153,15400,66.98423719406128,85258,86687.55,ONE_POINT,100,100,RANDOM
truncation_60,0.5,20,154,15500,67.44054579734802,84769,86550.59,ONE_POINT,100,100,RANDOM
truncation_60,0.5,20,155,15600,67.8755259513855,84611,86311.78,ONE_POINT,100,100,RANDOM
truncation_60,0.5,20,156,15700,68.31210899353027,84611,86130.29,ONE_POINT,100,100,RANDOM
truncation_60,0.5,20,157,15800,68.74201488494873,84611,85844.63,ONE_POINT,100,100,RANDOM
truncation_60,0.5,20,158,15900,69.17842817306519,84330,85624.05,ONE_POINT,100,100,RANDOM
truncation_60,0.5,20,159,16000,69.62193751335144,84330,85252.17,ONE_POINT,100,100,RANDOM
truncation_60,0.5,20,160,16100,70.07089591026306,83977,84884.74,ONE_POINT,100,100,RANDOM
truncation_60,0.5,20,161,16200,70.49160623550415,83600,84603.71,ONE_POINT,100,100,RANDOM
truncation_60,0.5,20,162,16300,70.91864824295044,83600,84379.91,ONE_POINT,100,100,RANDOM
truncation_60,0.5,20,163,16400,71.36775016784668,83518,84232.5,ONE_POINT,100,100,RANDOM
truncation_60,0.5,20,164,16500,71.81119704246521,82940,84125.17,ONE_POINT,100,100,RANDOM
truncation_60,0.5,20,165,16600,72.25764632225037,82800,83948.01,ONE_POINT,100,100,RANDOM
truncation_60,0.5,20,166,16700,72.70149445533752,82800,83845.75,ONE_POINT,100,100,RANDOM
truncation_60,0.5,20,167,16800,73.13004684448242,82535,83640.0,ONE_POINT,100,100,RANDOM
truncation_60,0.5,20,168,16900,73.57137823104858,82535,83505.54,ONE_POINT,100,100,RANDOM
truncation_60,0.5,20,169,17000,74.00843644142151,82446,83291.89,ONE_POINT,100,100,RANDOM
truncation_60,0.5,20,170,17100,74.4315836429596,82336,83098.19,ONE_POINT,100,100,RANDOM
truncation_60,0.5,20,171,17200,74.85606932640076,82336,82970.4,ONE_POINT,100,100,RANDOM
truncation_60,0.5,20,172,17300,75.28468704223633,82100,82861.0,ONE_POINT,100,100,RANDOM
truncation_60,0.5,20,173,17400,75.74299645423889,82092,82792.12,ONE_POINT,100,100,RANDOM
truncation_60,0.5,20,174,17500,76.18760895729065,81674,82723.15,ONE_POINT,100,100,RANDOM
truncation_60,0.5,20,175,17600,76.61763095855713,81674,82526.14,ONE_POINT,100,100,RANDOM
truncation_60,0.5,20,176,17700,77.06511330604553,81506,82363.62,ONE_POINT,100,100,RANDOM
truncation_60,0.5,20,177,17800,77.54352235794067,81506,82170.72,ONE_POINT,100,100,RANDOM
truncation_60,0.5,20,178,17900,77.99201703071594,81183,81998.94,ONE_POINT,100,100,RANDOM
truncation_60,0.5,20,179,18000,78.42816066741943,80501,81879.78,ONE_POINT,100,100,RANDOM
truncation_60,0.5,20,180,18100,78.86705470085144,80501,81735.11,ONE_POINT,100,100,RANDOM
truncation_60,0.5,20,181,18200,79.30174350738525,80430,81576.89,ONE_POINT,100,100,RANDOM
truncation_60,0.5,20,182,18300,79.76876974105835,80430,81445.61,ONE_POINT,100,100,RANDOM
truncation_60,0.5,20,183,18400,80.18615818023682,80429,81297.75,ONE_POINT,100,100,RANDOM
truncation_60,0.5,20,184,18500,80.63336944580078,80174,81172.76,ONE_POINT,100,100,RANDOM
truncation_60,0.5,20,185,18600,81.05849575996399,80174,81042.77,ONE_POINT,100,100,RANDOM
truncation_60,0.5,20,186,18700,81.48706865310669,79968,80974.6,ONE_POINT,100,100,RANDOM
truncation_60,0.5,20,187,18800,81.93168950080872,79836,80902.0,ONE_POINT,100,100,RANDOM
truncation_60,0.5,20,188,18900,82.35723948478699,79836,80831.61,ONE_POINT,100,100,RANDOM
truncation_60,0.5,20,189,19000,82.80895018577576,79836,80711.03,ONE_POINT,100,100,RANDOM
truncation_60,0.5,20,190,19100,83.23667907714844,79329,80552.31,ONE_POINT,100,100,RANDOM
truncation_60,0.5,20,191,19200,83.66360425949097,79329,80435.11,ONE_POINT,100,100,RANDOM
truncation_60,0.5,20,192,19300,84.09320878982544,79329,80282.21,ONE_POINT,100,100,RANDOM
truncation_60,0.5,20,193,19400,84.53535962104797,79309,80129.58,ONE_POINT,100,100,RANDOM
truncation_60,0.5,20,194,19500,84.9703049659729,79304,80028.38,ONE_POINT,100,100,RANDOM
truncation_60,0.5,20,195,19600,85.4012839794159,78942,79891.11,ONE_POINT,100,100,RANDOM
truncation_60,0.5,20,196,19700,85.83393740653992,78711,79733.51,ONE_POINT,100,100,RANDOM
truncation_60,0.5,20,197,19800,86.32217574119568,78711,79646.69,ONE_POINT,100,100,RANDOM
truncation_60,0.5,20,198,19900,86.80172610282898,77900,79496.23,ONE_POINT,100,100,RANDOM
truncation_60,0.5,20,199,20000,87.29123878479004,77900,79446.68,ONE_POINT,100,100,RANDOM
truncation_60,0.5,20,200,20100,87.75846028327942,77900,79347.42,ONE_POINT,100,100,RANDOM
truncation_60,0.5,20,201,20200,88.25536298751831,77900,79250.26,ONE_POINT,100,100,RANDOM
truncation_60,0.5,20,202,20300,88.72879695892334,77849,79156.59,ONE_POINT,100,100,RANDOM
truncation_60,0.5,20,203,20400,89.23195242881775,77482,78932.34,ONE_POINT,100,100,RANDOM
truncation_60,0.5,20,204,20500,89.66996383666992,76621,78686.46,ONE_POINT,100,100,RANDOM
truncation_60,0.5,20,205,20600,90.10665726661682,76621,78389.96,ONE_POINT,100,100,RANDOM
truncation_60,0.5,20,206,20700,90.55540442466736,76621,78036.53,ONE_POINT,100,100,RANDOM
truncation_60,0.5,20,207,20800,90.98307275772095,76261,77731.91,ONE_POINT,100,100,RANDOM
truncation_60,0.5,20,208,20900,91.4312973022461,76199,77486.06,ONE_POINT,100,100,RANDOM
truncation_60,0.5,20,209,21000,91.85902214050293,76158,77275.23,ONE_POINT,100,100,RANDOM
truncation_60,0.5,20,210,21100,92.31709480285645,76158,77084.95,ONE_POINT,100,100,RANDOM
truncation_60,0.5,20,211,21200,92.7441143989563,76145,76910.45,ONE_POINT,100,100,RANDOM
truncation_60,0.5,20,212,21300,93.19156241416931,76091,76770.05,ONE_POINT,100,100,RANDOM
truncation_60,0.5,20,213,21400,93.63423228263855,75934,76645.77,ONE_POINT,100,100,RANDOM
truncation_60,0.5,20,214,21500,94.06668829917908,75740,76463.5,ONE_POINT,100,100,RANDOM
truncation_60,0.5,20,215,21600,94.51796579360962,74924,76285.29,ONE_POINT,100,100,RANDOM
truncation_60,0.5,20,216,21700,94.95114374160767,74924,76178.58,ONE_POINT,100,100,RANDOM
truncation_60,0.5,20,217,21800,95.38702178001404,74802,76046.98,ONE_POINT,100,100,RANDOM
truncation_60,0.5,20,218,21900,95.81989884376526,74802,75936.96,ONE_POINT,100,100,RANDOM
truncation_60,0.5,20,219,22000,96.26041054725647,74802,75861.23,ONE_POINT,100,100,RANDOM
truncation_60,0.5,20,220,22100,96.696284532547,74802,75688.01,ONE_POINT,100,100,RANDOM
truncation_60,0.5,20,221,22200,97.13733339309692,74335,75590.77,ONE_POINT,100,100,RANDOM
truncation_60,0.5,20,222,22300,97.56929993629456,74335,75497.49,ONE_POINT,100,100,RANDOM
truncation_60,0.5,20,223,22400,98.01873779296875,74335,75359.32,ONE_POINT,100,100,RANDOM
truncation_60,0.5,20,224,22500,98.45189809799194,74335,75244.93,ONE_POINT,100,100,RANDOM
truncation_60,0.5,20,225,22600,98.88921475410461,74287,75116.82,ONE_POINT,100,100,RANDOM
truncation_60,0.5,20,226,22700,99.3368661403656,73840,74937.14,ONE_POINT,100,100,RANDOM
truncation_60,0.5,20,227,22800,99.77737474441528,73840,74790.63,ONE_POINT,100,100,RANDOM
truncation_60,0.5,20,228,22900,100.23465967178345,73840,74697.38,ONE_POINT,100,100,RANDOM
truncation_60,0.5,20,229,23000,100.69006133079529,73504,74606.01,ONE_POINT,100,100,RANDOM
truncation_60,0.5,20,230,23100,101.12976312637329,73504,74490.5,ONE_POINT,100,100,RANDOM
truncation_60,0.5,20,231,23200,101.5535831451416,73504,74376.88,ONE_POINT,100,100,RANDOM
truncation_60,0.5,20,232,23300,101.99496960639954,73504,74292.67,ONE_POINT,100,100,RANDOM
truncation_60,0.5,20,233,23400,102.43538284301758,73504,74135.68,ONE_POINT,100,100,RANDOM
truncation_60,0.5,20,234,23500,102.89159345626831,73504,74017.32,ONE_POINT,100,100,RANDOM
truncation_60,0.5,20,235,23600,103.31085801124573,73266,73888.41,ONE_POINT,100,100,RANDOM
truncation_60,0.5,20,236,23700,103.73883056640625,73266,73774.37,ONE_POINT,100,100,RANDOM
truncation_60,0.5,20,237,23800,104.1730682849884,73266,73693.85,ONE_POINT,100,100,RANDOM
truncation_60,0.5,20,238,23900,104.62423896789551,73095,73607.31,ONE_POINT,100,100,RANDOM
truncation_60,0.5,20,239,24000,105.06827569007874,73030,73539.49,ONE_POINT,100,100,RANDOM
truncation_60,0.5,20,240,24100,105.48552799224854,72665,73478.41,ONE_POINT,100,100,RANDOM
truncation_60,0.5,20,241,24200,105.90772795677185,72650,73404.22,ONE_POINT,100,100,RANDOM
truncation_60,0.5,20,242,24300,106.33258032798767,72635,73300.0,ONE_POINT,100,100,RANDOM
truncation_60,0.5,20,243,24400,106.77665972709656,72371,73231.66,ONE_POINT,100,100,RANDOM
truncation_60,0.5,20,244,24500,107.22213053703308,72371,73147.51,ONE_POINT,100,100,RANDOM
truncation_60,0.5,20,245,24600,107.65441918373108,72371,73066.55,ONE_POINT,100,100,RANDOM
truncation_60,0.5,20,246,24700,108.08592438697815,72259,72962.54,ONE_POINT,100,100,RANDOM
truncation_60,0.5,20,247,24800,108.51093459129333,71839,72848.18,ONE_POINT,100,100,RANDOM
truncation_60,0.5,20,248,24900,108.95163583755493,71839,72745.81,ONE_POINT,100,100,RANDOM
truncation_60,0.5,20,249,25000,109.38980102539062,71839,72630.22,ONE_POINT,100,100,RANDOM
truncation_60,0.5,20,250,25100,109.81469082832336,71807,72516.67,ONE_POINT,100,100,RANDOM
truncation_60,0.5,20,251,25200,110.2527825832367,71807,72440.82,ONE_POINT,100,100,RANDOM
truncation_60,0.5,20,252,25300,110.67314219474792,71712,72331.03,ONE_POINT,100,100,RANDOM
truncation_60,0.5,20,253,25400,111.12482786178589,71610,72208.65,ONE_POINT,100,100,RANDOM
truncation_60,0.5,20,254,25500,111.57246255874634,71610,72156.01,ONE_POINT,100,100,RANDOM
truncation_60,0.5,20,255,25600,111.99974513053894,71556,72079.52,ONE_POINT,100,100,RANDOM
truncation_60,0.5,20,256,25700,112.4387857913971,71509,72038.99,ONE_POINT,100,100,RANDOM
truncation_60,0.5,20,257,25800,112.86539936065674,71096,71992.07,ONE_POINT,100,100,RANDOM
truncation_60,0.5,20,258,25900,113.31758213043213,71096,71945.64,ONE_POINT,100,100,RANDOM
truncation_60,0.5,20,259,26000,113.75212049484253,71013,71855.99,ONE_POINT,100,100,RANDOM
truncation_60,0.5,20,260,26100,114.1842896938324,71013,71760.41,ONE_POINT,100,100,RANDOM
truncation_60,0.5,20,261,26200,114.61500287055969,71013,71689.88,ONE_POINT,100,100,RANDOM
truncation_60,0.5,20,262,26300,115.05065250396729,70718,71577.9,ONE_POINT,100,100,RANDOM
truncation_60,0.5,20,263,26400,115.57081413269043,70718,71459.25,ONE_POINT,100,100,RANDOM
truncation_60,0.5,20,264,26500,115.98780155181885,70718,71381.51,ONE_POINT,100,100,RANDOM
truncation_60,0.5,20,265,26600,116.43078541755676,70712,71349.13,ONE_POINT,100,100,RANDOM
truncation_60,0.5,20,266,26700,116.85697221755981,70532,71278.11,ONE_POINT,100,100,RANDOM
truncation_60,0.5,20,267,26800,117.34044241905212,70527,71182.16,ONE_POINT,100,100,RANDOM
truncation_60,0.5,20,268,26900,117.77261543273926,70400,71090.72,ONE_POINT,100,100,RANDOM
truncation_60,0.5,20,269,27000,118.21070551872253,70400,70980.78,ONE_POINT,100,100,RANDOM
truncation_60,0.5,20,270,27100,118.63926148414612,70400,70875.18,ONE_POINT,100,100,RANDOM
truncation_60,0.5,20,271,27200,119.08431363105774,70051,70764.97,ONE_POINT,100,100,RANDOM
truncation_60,0.5,20,272,27300,119.55023670196533,70051,70677.33,ONE_POINT,100,100,RANDOM
truncation_60,0.5,20,273,27400,119.99314093589783,69913,70598.23,ONE_POINT,100,100,RANDOM
truncation_60,0.5,20,274,27500,120.4240198135376,69913,70554.29,ONE_POINT,100,100,RANDOM
truncation_60,0.5,20,275,27600,120.8496675491333,69913,70485.04,ONE_POINT,100,100,RANDOM
truncation_60,0.5,20,276,27700,121.29373741149902,69913,70419.12,ONE_POINT,100,100,RANDOM
truncation_60,0.5,20,277,27800,121.73642468452454,69913,70339.9,ONE_POINT,100,100,RANDOM
truncation_60,0.5,20,278,27900,122.18561935424805,69780,70252.22,ONE_POINT,100,100,RANDOM
truncation_60,0.5,20,279,28000,122.63193035125732,69546,70144.44,ONE_POINT,100,100,RANDOM
truncation_60,0.5,20,280,28100,123.06330943107605,69384,70059.76,ONE_POINT,100,100,RANDOM
truncation_60,0.5,20,281,28200,123.48705840110779,69273,69896.5,ONE_POINT,100,100,RANDOM
truncation_60,0.5,20,282,28300,123.9397656917572,69273,69789.93,ONE_POINT,100,100,RANDOM
truncation_60,0.5,20,283,28400,124.37409973144531,69236,69684.36,ONE_POINT,100,100,RANDOM
truncation_60,0.5,20,284,28500,124.8043851852417,69000,69593.17,ONE_POINT,100,100,RANDOM
truncation_60,0.5,20,285,28600,125.23283290863037,68707,69493.79,ONE_POINT,100,100,RANDOM
truncation_60,0.5,20,286,28700,125.66266107559204,68707,69418.79,ONE_POINT,100,100,RANDOM
truncation_60,0.5,20,287,28800,126.11439108848572,68707,69339.82,ONE_POINT,100,100,RANDOM
truncation_60,0.5,20,288,28900,126.55181550979614,68707,69219.96,ONE_POINT,100,100,RANDOM
truncation_60,0.5,20,289,29000,126.97725796699524,68628,69114.42,ONE_POINT,100,100,RANDOM
truncation_60,0.5,20,290,29100,127.42946124076843,68628,69056.63,ONE_POINT,100,100,RANDOM
truncation_60,0.5,20,291,29200,127.86865592002869,68628,69013.32,ONE_POINT,100,100,RANDOM
truncation_60,0.5,20,292,29300,128.3146767616272,68538,68949.53,ONE_POINT,100,100,RANDOM
truncation_60,0.5,20,293,29400,128.75216126441956,68162,68906.61,ONE_POINT,100,100,RANDOM
truncation_60,0.5,20,294,29500,129.17606592178345,67978,68869.41,ONE_POINT,100,100,RANDOM
truncation_60,0.5,20,295,29600,129.60990810394287,67978,68784.71,ONE_POINT,100,100,RANDOM
truncation_60,0.5,20,296,29700,130.0470094680786,67978,68714.35,ONE_POINT,100,100,RANDOM
truncation_60,0.5,20,297,29800,130.4940094947815,67933,68667.58,ONE_POINT,100,100,RANDOM
truncation_60,0.5,20,298,29900,130.9184947013855,67933,68612.06,ONE_POINT,100,100,RANDOM
truncation_60,0.5,20,299,30000,131.35135626792908,67933,68543.79,ONE_POINT,100,100,RANDOM
truncation_60,0.5,20,300,30100,131.78791403770447,67933,68472.29,ONE_POINT,100,100,RANDOM
truncation_60,0.5,20,301,30200,132.23374843597412,67933,68399.16,ONE_POINT,100,100,RANDOM
truncation_60,0.5,20,302,30300,132.66500401496887,67863,68297.7,ONE_POINT,100,100,RANDOM
truncation_60,0.5,20,303,30400,133.09203553199768,67767,68218.79,ONE_POINT,100,100,RANDOM
truncation_60,0.5,20,304,30500,133.52797603607178,67767,68154.48,ONE_POINT,100,100,RANDOM
truncation_60,0.5,20,305,30600,133.97092962265015,67722,68067.45,ONE_POINT,100,100,RANDOM
truncation_60,0.5,20,306,30700,134.43612003326416,67664,67988.83,ONE_POINT,100,100,RANDOM
truncation_60,0.5,20,307,30800,134.87809252738953,67317,67904.46,ONE_POINT,100,100,RANDOM
truncation_60,0.5,20,308,30900,135.33893823623657,67210,67845.76,ONE_POINT,100,100,RANDOM
truncation_60,0.5,20,309,31000,135.78016185760498,67121,67772.94,ONE_POINT,100,100,RANDOM
truncation_60,0.5,20,310,31100,136.2084765434265,67121,67708.66,ONE_POINT,100,100,RANDOM
truncation_60,0.5,20,311,31200,136.64733481407166,67121,67644.93,ONE_POINT,100,100,RANDOM
truncation_60,0.5,20,312,31300,137.08361053466797,66951,67563.53,ONE_POINT,100,100,RANDOM
truncation_60,0.5,20,313,31400,137.49972534179688,66702,67467.64,ONE_POINT,100,100,RANDOM
truncation_60,0.5,20,314,31500,137.94249868392944,66702,67398.21,ONE_POINT,100,100,RANDOM
truncation_60,0.5,20,315,31600,138.3726556301117,66180,67273.87,ONE_POINT,100,100,RANDOM
truncation_60,0.5,20,316,31700,138.823162317276,66180,67231.24,ONE_POINT,100,100,RANDOM
truncation_60,0.5,20,317,31800,139.25749254226685,66180,67171.32,ONE_POINT,100,100,RANDOM
truncation_60,0.5,20,318,31900,139.6817455291748,66180,67065.41,ONE_POINT,100,100,RANDOM
truncation_60,0.5,20,319,32000,140.11346554756165,66180,67007.5,ONE_POINT,100,100,RANDOM
truncation_60,0.5,20,320,32100,140.54724860191345,66180,66931.51,ONE_POINT,100,100,RANDOM
truncation_60,0.5,20,321,32200,140.9732129573822,66180,66857.63,ONE_POINT,100,100,RANDOM
truncation_60,0.5,20,322,32300,141.411376953125,66180,66762.25,ONE_POINT,100,100,RANDOM
truncation_60,0.5,20,323,32400,141.85050892829895,66180,66693.01,ONE_POINT,100,100,RANDOM
truncation_60,0.5,20,324,32500,142.28572916984558,65924,66631.61,ONE_POINT,100,100,RANDOM
truncation_60,0.5,20,325,32600,142.74272298812866,65924,66584.83,ONE_POINT,100,100,RANDOM
truncation_60,0.5,20,326,32700,143.17081880569458,65924,66516.99,ONE_POINT,100,100,RANDOM
truncation_60,0.5,20,327,32800,143.59855556488037,65924,66466.35,ONE_POINT,100,100,RANDOM
truncation_60,0.5,20,328,32900,144.03156900405884,65924,66413.41,ONE_POINT,100,100,RANDOM
truncation_60,0.5,20,329,33000,144.4651780128479,65924,66355.24,ONE_POINT,100,100,RANDOM
truncation_60,0.5,20,330,33100,144.90855288505554,65538,66293.07,ONE_POINT,100,100,RANDOM
truncation_60,0.5,20,331,33200,145.34972286224365,65538,66217.53,ONE_POINT,100,100,RANDOM
truncation_60,0.5,20,332,33300,145.77674078941345,65419,66142.27,ONE_POINT,100,100,RANDOM
truncation_60,0.5,20,333,33400,146.2069170475006,65419,66124.89,ONE_POINT,100,100,RANDOM
truncation_60,0.5,20,334,33500,146.63290405273438,65419,66066.36,ONE_POINT,100,100,RANDOM
truncation_60,0.5,20,335,33600,147.0749807357788,65419,66028.01,ONE_POINT,100,100,RANDOM
truncation_60,0.5,20,336,33700,147.50360488891602,65419,65981.84,ONE_POINT,100,100,RANDOM
truncation_60,0.5,20,337,33800,147.9295756816864,65377,65938.31,ONE_POINT,100,100,RANDOM
truncation_60,0.5,20,338,33900,148.35922122001648,65377,65884.17,ONE_POINT,100,100,RANDOM
truncation_60,0.5,20,339,34000,148.79189324378967,65377,65825.29,ONE_POINT,100,100,RANDOM
truncation_60,0.5,20,340,34100,149.22244572639465,65332,65755.39,ONE_POINT,100,100,RANDOM
truncation_60,0.5,20,341,34200,149.67384457588196,65164,65712.17,ONE_POINT,100,100,RANDOM
truncation_60,0.5,20,342,34300,150.10824823379517,65164,65650.65,ONE_POINT,100,100,RANDOM
truncation_60,0.5,20,343,34400,150.5429904460907,65024,65601.29,ONE_POINT,100,100,RANDOM
truncation_60,0.5,20,344,34500,150.98266100883484,64864,65469.52,ONE_POINT,100,100,RANDOM
truncation_60,0.5,20,345,34600,151.41277861595154,64864,65373.06,ONE_POINT,100,100,RANDOM
truncation_60,0.5,20,346,34700,151.8506817817688,64675,65287.78,ONE_POINT,100,100,RANDOM
truncation_60,0.5,20,347,34800,152.27458357810974,64675,65220.09,ONE_POINT,100,100,RANDOM
truncation_60,0.5,20,348,34900,152.70008277893066,64675,65139.25,ONE_POINT,100,100,RANDOM
truncation_60,0.5,20,349,35000,153.15084195137024,64651,65073.21,ONE_POINT,100,100,RANDOM
truncation_60,0.5,20,350,35100,153.57925820350647,64517,65060.36,ONE_POINT,100,100,RANDOM
truncation_60,0.5,20,351,35200,154.0151288509369,64268,65012.09,ONE_POINT,100,100,RANDOM
truncation_60,0.5,20,352,35300,154.43038487434387,64268,64982.19,ONE_POINT,100,100,RANDOM
truncation_60,0.5,20,353,35400,154.87173295021057,64065,64900.78,ONE_POINT,100,100,RANDOM
truncation_60,0.5,20,354,35500,155.32833528518677,64065,64857.72,ONE_POINT,100,100,RANDOM
truncation_60,0.5,20,355,35600,155.7656102180481,64065,64757.2,ONE_POINT,100,100,RANDOM
truncation_60,0.5,20,356,35700,156.1959924697876,64065,64700.21,ONE_POINT,100,100,RANDOM
truncation_60,0.5,20,357,35800,156.63349223136902,64065,64607.49,ONE_POINT,100,100,RANDOM
truncation_60,0.5,20,358,35900,157.06939506530762,64001,64557.38,ONE_POINT,100,100,RANDOM
truncation_60,0.5,20,359,36000,157.52812099456787,63981,64518.78,ONE_POINT,100,100,RANDOM
truncation_60,0.5,20,360,36100,157.96654987335205,63981,64481.98,ONE_POINT,100,100,RANDOM
truncation_60,0.5,20,361,36200,158.3961582183838,63744,64382.73,ONE_POINT,100,100,RANDOM
truncation_60,0.5,20,362,36300,158.81609892845154,63744,64300.12,ONE_POINT,100,100,RANDOM
truncation_60,0.5,20,363,36400,159.25165700912476,63727,64232.32,ONE_POINT,100,100,RANDOM
truncation_60,0.5,20,364,36500,159.69792556762695,63423,64167.75,ONE_POINT,100,100,RANDOM
truncation_60,0.5,20,365,36600,160.12859177589417,63423,64130.16,ONE_POINT,100,100,RANDOM
truncation_60,0.5,20,366,36700,160.5641210079193,63423,64058.93,ONE_POINT,100,100,RANDOM
truncation_60,0.5,20,367,36800,160.9869282245636,63423,63999.2,ONE_POINT,100,100,RANDOM
truncation_60,0.5,20,368,36900,161.42314291000366,63273,63923.73,ONE_POINT,100,100,RANDOM
truncation_60,0.5,20,369,37000,161.87590980529785,63255,63841.96,ONE_POINT,100,100,RANDOM
truncation_60,0.5,20,370,37100,162.30909419059753,63167,63750.76,ONE_POINT,100,100,RANDOM
truncation_60,0.5,20,371,37200,162.7431275844574,63167,63676.45,ONE_POINT,100,100,RANDOM
truncation_60,0.5,20,372,37300,163.16920638084412,63063,63633.04,ONE_POINT,100,100,RANDOM
truncation_60,0.5,20,373,37400,163.60219740867615,63063,63570.39,ONE_POINT,100,100,RANDOM
truncation_60,0.5,20,374,37500,164.0453462600708,63063,63510.49,ONE_POINT,100,100,RANDOM
truncation_60,0.5,20,375,37600,164.51872372627258,63063,63479.63,ONE_POINT,100,100,RANDOM
truncation_60,0.5,20,376,37700,164.9486484527588,63063,63449.23,ONE_POINT,100,100,RANDOM
truncation_60,0.5,20,377,37800,165.3815426826477,62917,63430.04,ONE_POINT,100,100,RANDOM
truncation_60,0.5,20,378,37900,165.82971382141113,62917,63371.38,ONE_POINT,100,100,RANDOM
truncation_60,0.5,20,379,38000,166.2725749015808,62917,63321.86,ONE_POINT,100,100,RANDOM
truncation_60,0.5,20,380,38100,166.72172212600708,62792,63269.95,ONE_POINT,100,100,RANDOM
truncation_60,0.5,20,381,38200,167.16348004341125,62792,63236.11,ONE_POINT,100,100,RANDOM
truncation_60,0.5,20,382,38300,167.60003423690796,62644,63174.69,ONE_POINT,100,100,RANDOM
truncation_60,0.5,20,383,38400,168.0483057498932,62098,63116.83,ONE_POINT,100,100,RANDOM
truncation_60,0.5,20,384,38500,168.50096464157104,62098,63050.12,ONE_POINT,100,100,RANDOM
truncation_60,0.5,20,385,38600,168.93055891990662,62098,62989.24,ONE_POINT,100,100,RANDOM
truncation_60,0.5,20,386,38700,169.35889887809753,62098,62923.17,ONE_POINT,100,100,RANDOM
truncation_60,0.5,20,387,38800,169.788254737854,62098,62859.35,ONE_POINT,100,100,RANDOM
truncation_60,0.5,20,388,38900,170.22878122329712,62098,62758.86,ONE_POINT,100,100,RANDOM
truncation_60,0.5,20,389,39000,170.66602969169617,62098,62646.35,ONE_POINT,100,100,RANDOM
truncation_60,0.5,20,390,39100,171.11132550239563,62098,62566.36,ONE_POINT,100,100,RANDOM
truncation_60,0.5,20,391,39200,171.54354739189148,61933,62484.67,ONE_POINT,100,100,RANDOM
truncation_60,0.5,20,392,39300,171.96388745307922,61895,62408.8,ONE_POINT,100,100,RANDOM
truncation_60,0.5,20,393,39400,172.40530920028687,61895,62361.65,ONE_POINT,100,100,RANDOM
truncation_60,0.5,20,394,39500,172.84748697280884,61837,62336.11,ONE_POINT,100,100,RANDOM
truncation_60,0.5,20,395,39600,173.28688669204712,61837,62261.65,ONE_POINT,100,100,RANDOM
truncation_60,0.5,20,396,39700,173.73026728630066,61837,62180.42,ONE_POINT,100,100,RANDOM
truncation_60,0.5,20,397,39800,174.18944001197815,61555,62102.75,ONE_POINT,100,100,RANDOM
truncation_60,0.5,20,398,39900,174.62650418281555,61301,62035.77,ONE_POINT,100,100,RANDOM
truncation_60,0.5,20,399,40000,175.08229899406433,60961,61990.56,ONE_POINT,100,100,RANDOM
truncation_60,0.5,20,400,40100,175.51057624816895,60961,61942.69,ONE_POINT,100,100,RANDOM
truncation_60,0.5,20,401,40200,175.93950819969177,60961,61879.94,ONE_POINT,100,100,RANDOM
truncation_60,0.5,20,402,40300,176.38077116012573,60961,61813.33,ONE_POINT,100,100,RANDOM
truncation_60,0.5,20,403,40400,176.81101751327515,60961,61768.5,ONE_POINT,100,100,RANDOM
truncation_60,0.5,20,404,40500,177.2455804347992,60961,61713.62,ONE_POINT,100,100,RANDOM
truncation_60,0.5,20,405,40600,177.68045854568481,60961,61643.39,ONE_POINT,100,100,RANDOM
truncation_60,0.5,20,406,40700,178.105149269104,60948,61593.64,ONE_POINT,100,100,RANDOM
truncation_60,0.5,20,407,40800,178.54222893714905,60913,61523.55,ONE_POINT,100,100,RANDOM
truncation_60,0.5,20,408,40900,178.98998022079468,60913,61474.92,ONE_POINT,100,100,RANDOM
truncation_60,0.5,20,409,41000,179.4320559501648,60829,61383.89,ONE_POINT,100,100,RANDOM
truncation_60,0.5,20,410,41100,179.86729669570923,60791,61295.38,ONE_POINT,100,100,RANDOM
truncation_60,0.5,20,411,41200,180.29593873023987,60630,61186.99,ONE_POINT,100,100,RANDOM
truncation_60,0.5,20,412,41300,180.7452404499054,60423,61038.82,ONE_POINT,100,100,RANDOM
truncation_60,0.5,20,413,41400,181.17360162734985,60423,60927.64,ONE_POINT,100,100,RANDOM
truncation_60,0.5,20,414,41500,181.60717177391052,60396,60822.33,ONE_POINT,100,100,RANDOM
truncation_60,0.5,20,415,41600,182.05507063865662,60272,60787.67,ONE_POINT,100,100,RANDOM
truncation_60,0.5,20,416,41700,182.5046238899231,60236,60709.84,ONE_POINT,100,100,RANDOM
truncation_60,0.5,20,417,41800,182.93173813819885,60236,60658.13,ONE_POINT,100,100,RANDOM
truncation_60,0.5,20,418,41900,183.36615371704102,60072,60586.98,ONE_POINT,100,100,RANDOM
truncation_60,0.5,20,419,42000,183.80335140228271,60048,60487.96,ONE_POINT,100,100,RANDOM
truncation_60,0.5,20,420,42100,184.24437713623047,59797,60371.87,ONE_POINT,100,100,RANDOM
truncation_60,0.5,20,421,42200,184.7002158164978,59280,60259.52,ONE_POINT,100,100,RANDOM
truncation_60,0.5,20,422,42300,185.12745332717896,59280,60171.79,ONE_POINT,100,100,RANDOM
truncation_60,0.5,20,423,42400,185.56599164009094,59280,60091.59,ONE_POINT,100,100,RANDOM
truncation_60,0.5,20,424,42500,186.00123023986816,59280,60027.86,ONE_POINT,100,100,RANDOM
truncation_60,0.5,20,425,42600,186.44212174415588,59280,59985.87,ONE_POINT,100,100,RANDOM
truncation_60,0.5,20,426,42700,186.86732697486877,59280,59937.36,ONE_POINT,100,100,RANDOM
truncation_60,0.5,20,427,42800,187.31280279159546,59280,59880.61,ONE_POINT,100,100,RANDOM
truncation_60,0.5,20,428,42900,187.7362310886383,59057,59841.75,ONE_POINT,100,100,RANDOM
truncation_60,0.5,20,429,43000,188.17411708831787,59057,59751.13,ONE_POINT,100,100,RANDOM
truncation_60,0.5,20,430,43100,188.62254667282104,59057,59680.69,ONE_POINT,100,100,RANDOM
truncation_60,0.5,20,431,43200,189.07315731048584,59057,59596.33,ONE_POINT,100,100,RANDOM
truncation_60,0.5,20,432,43300,189.490642786026,59057,59503.55,ONE_POINT,100,100,RANDOM
truncation_60,0.5,20,433,43400,189.93358612060547,58936,59444.98,ONE_POINT,100,100,RANDOM
truncation_60,0.5,20,434,43500,190.35964584350586,58678,59372.8,ONE_POINT,100,100,RANDOM
truncation_60,0.5,20,435,43600,190.81010246276855,58678,59312.36,ONE_POINT,100,100,RANDOM
truncation_60,0.5,20,436,43700,191.2406497001648,58398,59279.76,ONE_POINT,100,100,RANDOM
truncation_60,0.5,20,437,43800,191.67158675193787,58398,59204.96,ONE_POINT,100,100,RANDOM
truncation_60,0.5,20,438,43900,192.10185313224792,58398,59125.08,ONE_POINT,100,100,RANDOM
truncation_60,0.5,20,439,44000,192.5300738811493,58398,59050.19,ONE_POINT,100,100,RANDOM
truncation_60,0.5,20,440,44100,193.00272607803345,58398,58977.49,ONE_POINT,100,100,RANDOM
truncation_60,0.5,20,441,44200,193.43470287322998,58398,58875.46,ONE_POINT,100,100,RANDOM
truncation_60,0.5,20,442,44300,193.87020564079285,58398,58820.32,ONE_POINT,100,100,RANDOM
truncation_60,0.5,20,443,44400,194.30914735794067,58369,58790.69,ONE_POINT,100,100,RANDOM
truncation_60,0.5,20,444,44500,194.73942685127258,58260,58743.76,ONE_POINT,100,100,RANDOM
truncation_60,0.5,20,445,44600,195.186607837677,58260,58661.44,ONE_POINT,100,100,RANDOM
truncation_60,0.5,20,446,44700,195.62550687789917,58260,58646.28,ONE_POINT,100,100,RANDOM
truncation_60,0.5,20,447,44800,196.07243156433105,58247,58585.72,ONE_POINT,100,100,RANDOM
truncation_60,0.5,20,448,44900,196.4997582435608,58247,58529.19,ONE_POINT,100,100,RANDOM
truncation_60,0.5,20,449,45000,196.9400770664215,58071,58441.91,ONE_POINT,100,100,RANDOM
truncation_60,0.5,20,450,45100,197.37610983848572,58037,58367.46,ONE_POINT,100,100,RANDOM
truncation_60,0.5,20,451,45200,197.81553626060486,58018,58320.16,ONE_POINT,100,100,RANDOM
truncation_60,0.5,20,452,45300,198.24527144432068,57811,58271.2,ONE_POINT,100,100,RANDOM
truncation_60,0.5,20,453,45400,198.67312502861023,57811,58209.84,ONE_POINT,100,100,RANDOM
truncation_60,0.5,20,454,45500,199.09582805633545,57811,58177.64,ONE_POINT,100,100,RANDOM
truncation_60,0.5,20,455,45600,199.54006624221802,57811,58164.8,ONE_POINT,100,100,RANDOM
truncation_60,0.5,20,456,45700,199.9767427444458,57689,58114.33,ONE_POINT,100,100,RANDOM
truncation_60,0.5,20,457,45800,200.43082189559937,57605,58076.24,ONE_POINT,100,100,RANDOM
truncation_60,0.5,20,458,45900,200.85683584213257,57605,58047.09,ONE_POINT,100,100,RANDOM
truncation_60,0.5,20,459,46000,201.2959065437317,57500,58009.54,ONE_POINT,100,100,RANDOM
truncation_60,0.5,20,460,46100,201.79507756233215,57500,57940.22,ONE_POINT,100,100,RANDOM
truncation_60,0.5,20,461,46200,202.2198097705841,57500,57903.63,ONE_POINT,100,100,RANDOM
truncation_60,0.5,20,462,46300,202.65552973747253,57500,57850.85,ONE_POINT,100,100,RANDOM
truncation_60,0.5,20,463,46400,203.08395957946777,57363,57781.4,ONE_POINT,100,100,RANDOM
truncation_60,0.5,20,464,46500,203.52847695350647,57363,57739.76,ONE_POINT,100,100,RANDOM
truncation_60,0.5,20,465,46600,203.96873903274536,57363,57686.98,ONE_POINT,100,100,RANDOM
truncation_60,0.5,20,466,46700,204.41169142723083,57202,57623.8,ONE_POINT,100,100,RANDOM
truncation_60,0.5,20,467,46800,204.85248041152954,57202,57588.38,ONE_POINT,100,100,RANDOM
truncation_60,0.5,20,468,46900,205.32346057891846,57161,57531.25,ONE_POINT,100,100,RANDOM
truncation_60,0.5,20,469,47000,205.7885217666626,57002,57485.78,ONE_POINT,100,100,RANDOM
truncation_60,0.5,20,470,47100,206.21942019462585,57002,57414.6,ONE_POINT,100,100,RANDOM
truncation_60,0.5,20,471,47200,206.65095353126526,56935,57367.4,ONE_POINT,100,100,RANDOM
truncation_60,0.5,20,472,47300,207.07521271705627,56850,57341.19,ONE_POINT,100,100,RANDOM
truncation_60,0.5,20,473,47400,207.49870038032532,56824,57273.86,ONE_POINT,100,100,RANDOM
truncation_60,0.5,20,474,47500,207.94251084327698,56824,57223.09,ONE_POINT,100,100,RANDOM
truncation_60,0.5,20,475,47600,208.37936425209045,56752,57178.34,ONE_POINT,100,100,RANDOM
truncation_60,0.5,20,476,47700,208.80698823928833,56656,57143.59,ONE_POINT,100,100,RANDOM
truncation_60,0.5,20,477,47800,209.23709917068481,56153,57086.28,ONE_POINT,100,100,RANDOM
truncation_60,0.5,20,478,47900,209.68885564804077,56109,56981.74,ONE_POINT,100,100,RANDOM
truncation_60,0.5,20,479,48000,210.11634612083435,56109,56888.33,ONE_POINT,100,100,RANDOM
truncation_60,0.5,20,480,48100,210.5669355392456,55900,56782.26,ONE_POINT,100,100,RANDOM
truncation_60,0.5,20,481,48200,210.99625372886658,55839,56686.69,ONE_POINT,100,100,RANDOM
truncation_60,0.5,20,482,48300,211.41811776161194,55839,56621.14,ONE_POINT,100,100,RANDOM
truncation_60,0.5,20,483,48400,211.87810397148132,55809,56515.91,ONE_POINT,100,100,RANDOM
truncation_60,0.5,20,484,48500,212.31485295295715,55714,56413.15,ONE_POINT,100,100,RANDOM
truncation_60,0.5,20,485,48600,212.7534694671631,55686,56296.88,ONE_POINT,100,100,RANDOM
truncation_60,0.5,20,486,48700,213.1811695098877,55598,56168.04,ONE_POINT,100,100,RANDOM
truncation_60,0.5,20,487,48800,213.62146091461182,55469,56079.01,ONE_POINT,100,100,RANDOM
truncation_60,0.5,20,488,48900,214.08327794075012,55386,55977.61,ONE_POINT,100,100,RANDOM
truncation_60,0.5,20,489,49000,214.51343274116516,55311,55910.59,ONE_POINT,100,100,RANDOM
truncation_60,0.5,20,490,49100,214.9530646800995,55311,55841.17,ONE_POINT,100,100,RANDOM
truncation_60,0.5,20,491,49200,215.3864767551422,55124,55715.86,ONE_POINT,100,100,RANDOM
truncation_60,0.5,20,492,49300,215.814786195755,55124,55638.27,ONE_POINT,100,100,RANDOM
truncation_60,0.5,20,493,49400,216.25296926498413,55123,55545.0,ONE_POINT,100,100,RANDOM
truncation_60,0.5,20,494,49500,216.68142771720886,55123,55470.53,ONE_POINT,100,100,RANDOM
truncation_60,0.5,20,495,49600,217.11342024803162,54964,55451.75,ONE_POINT,100,100,RANDOM
truncation_60,0.5,20,496,49700,217.556969165802,54964,55396.49,ONE_POINT,100,100,RANDOM
truncation_60,0.5,20,497,49800,217.99470782279968,54921,55335.29,ONE_POINT,100,100,RANDOM
truncation_60,0.5,20,498,49900,218.44341611862183,54873,55266.79,ONE_POINT,100,100,RANDOM
truncation_60,0.5,20,499,50000,218.8824486732483,54863,55207.65,ONE_POINT,100,100,RANDOM
truncation_60,0.5,20,500,50100,219.33074617385864,54777,55140.42,ONE_POINT,100,100,RANDOM
truncation_60,0.5,40,1,200,0.30422234535217285,136636,146483.99,ONE_POINT,100,100,RANDOM
truncation_60,0.5,40,2,300,0.7406585216522217,130160,143237.29,ONE_POINT,100,100,RANDOM
truncation_60,0.5,40,3,400,1.177013874053955,130160,139933.82,ONE_POINT,100,100,RANDOM
truncation_60,0.5,40,4,500,1.5982930660247803,129510,137605.24,ONE_POINT,100,100,RANDOM
truncation_60,0.5,40,5,600,2.022548198699951,126189,136146.04,ONE_POINT,100,100,RANDOM
truncation_60,0.5,40,6,700,2.478663921356201,126177,134056.72,ONE_POINT,100,100,RANDOM
truncation_60,0.5,40,7,800,2.9180233478546143,121171,131902.33,ONE_POINT,100,100,RANDOM
truncation_60,0.5,40,8,900,3.350804090499878,121171,130606.32,ONE_POINT,100,100,RANDOM
truncation_60,0.5,40,9,1000,3.776886224746704,120686,129091.13,ONE_POINT,100,100,RANDOM
truncation_60,0.5,40,10,1100,4.219604969024658,117279,127543.2,ONE_POINT,100,100,RANDOM
truncation_60,0.5,40,11,1200,4.651216983795166,117279,126015.37,ONE_POINT,100,100,RANDOM
truncation_60,0.5,40,12,1300,5.078426361083984,117279,124902.23,ONE_POINT,100,100,RANDOM
truncation_60,0.5,40,13,1400,5.5059814453125,117279,123533.16,ONE_POINT,100,100,RANDOM
truncation_60,0.5,40,14,1500,5.941304683685303,117279,122343.2,ONE_POINT,100,100,RANDOM
truncation_60,0.5,40,15,1600,6.364941835403442,117167,121554.66,ONE_POINT,100,100,RANDOM
truncation_60,0.5,40,16,1700,6.844709634780884,117167,120891.1,ONE_POINT,100,100,RANDOM
truncation_60,0.5,40,17,1800,7.277244329452515,116938,120452.98,ONE_POINT,100,100,RANDOM
truncation_60,0.5,40,18,1900,7.719988822937012,115735,119900.75,ONE_POINT,100,100,RANDOM
truncation_60,0.5,40,19,2000,8.153778314590454,115735,119301.35,ONE_POINT,100,100,RANDOM
truncation_60,0.5,40,20,2100,8.57791543006897,115224,118613.07,ONE_POINT,100,100,RANDOM
truncation_60,0.5,40,21,2200,9.018918991088867,114017,118253.29,ONE_POINT,100,100,RANDOM
truncation_60,0.5,40,22,2300,9.441443681716919,113829,117562.77,ONE_POINT,100,100,RANDOM
truncation_60,0.5,40,23,2400,9.877079248428345,112545,116692.13,ONE_POINT,100,100,RANDOM
truncation_60,0.5,40,24,2500,10.314749479293823,112545,116009.13,ONE_POINT,100,100,RANDOM
truncation_60,0.5,40,25,2600,10.763497591018677,111763,115327.05,ONE_POINT,100,100,RANDOM
truncation_60,0.5,40,26,2700,11.20346188545227,111763,114884.86,ONE_POINT,100,100,RANDOM
truncation_60,0.5,40,27,2800,11.63164210319519,111763,114424.28,ONE_POINT,100,100,RANDOM
truncation_60,0.5,40,28,2900,12.05384349822998,110854,113934.29,ONE_POINT,100,100,RANDOM
truncation_60,0.5,40,29,3000,12.495906352996826,110854,113564.51,ONE_POINT,100,100,RANDOM
truncation_60,0.5,40,30,3100,12.952735900878906,110854,113056.63,ONE_POINT,100,100,RANDOM
truncation_60,0.5,40,31,3200,13.385000228881836,110105,112594.24,ONE_POINT,100,100,RANDOM
truncation_60,0.5,40,32,3300,13.809489250183105,110105,112289.53,ONE_POINT,100,100,RANDOM
truncation_60,0.5,40,33,3400,14.244450807571411,109972,111779.57,ONE_POINT,100,100,RANDOM
truncation_60,0.5,40,34,3500,14.680952787399292,109585,111378.31,ONE_POINT,100,100,RANDOM
truncation_60,0.5,40,35,3600,15.125162363052368,108766,111006.11,ONE_POINT,100,100,RANDOM
truncation_60,0.5,40,36,3700,15.564262866973877,108080,110669.39,ONE_POINT,100,100,RANDOM
truncation_60,0.5,40,37,3800,15.996654987335205,108080,110410.5,ONE_POINT,100,100,RANDOM
truncation_60,0.5,40,38,3900,16.435880422592163,108073,110122.85,ONE_POINT,100,100,RANDOM
truncation_60,0.5,40,39,4000,16.866940021514893,107599,109885.66,ONE_POINT,100,100,RANDOM
truncation_60,0.5,40,40,4100,17.319379091262817,106860,109424.71,ONE_POINT,100,100,RANDOM
truncation_60,0.5,40,41,4200,17.752859354019165,105516,108927.57,ONE_POINT,100,100,RANDOM
truncation_60,0.5,40,42,4300,18.18026638031006,105516,108216.98,ONE_POINT,100,100,RANDOM
truncation_60,0.5,40,43,4400,18.617027282714844,104477,107350.85,ONE_POINT,100,100,RANDOM
truncation_60,0.5,40,44,4500,19.057696104049683,104366,106465.68,ONE_POINT,100,100,RANDOM
truncation_60,0.5,40,45,4600,19.536705255508423,104222,105889.44,ONE_POINT,100,100,RANDOM
truncation_60,0.5,40,46,4700,19.96184206008911,103580,105423.06,ONE_POINT,100,100,RANDOM
truncation_60,0.5,40,47,4800,20.401516914367676,103580,105002.43,ONE_POINT,100,100,RANDOM
truncation_60,0.5,40,48,4900,20.83588981628418,103206,104683.77,ONE_POINT,100,100,RANDOM
truncation_60,0.5,40,49,5000,21.287462949752808,103112,104344.87,ONE_POINT,100,100,RANDOM
truncation_60,0.5,40,50,5100,21.714982748031616,102687,104065.28,ONE_POINT,100,100,RANDOM
truncation_60,0.5,40,51,5200,22.153167247772217,101931,103758.88,ONE_POINT,100,100,RANDOM
truncation_60,0.5,40,52,5300,22.575870752334595,101931,103447.63,ONE_POINT,100,100,RANDOM
truncation_60,0.5,40,53,5400,23.000421285629272,100735,103117.75,ONE_POINT,100,100,RANDOM
truncation_60,0.5,40,54,5500,23.469263792037964,100640,102674.83,ONE_POINT,100,100,RANDOM
truncation_60,0.5,40,55,5600,23.89734148979187,100626,102183.26,ONE_POINT,100,100,RANDOM
truncation_60,0.5,40,56,5700,24.339688062667847,100626,101870.5,ONE_POINT,100,100,RANDOM
truncation_60,0.5,40,57,5800,24.789210081100464,100194,101565.75,ONE_POINT,100,100,RANDOM
truncation_60,0.5,40,58,5900,25.22044539451599,99871,101285.84,ONE_POINT,100,100,RANDOM
truncation_60,0.5,40,59,6000,25.70197081565857,99871,100991.24,ONE_POINT,100,100,RANDOM
truncation_60,0.5,40,60,6100,26.115355014801025,99735,100699.34,ONE_POINT,100,100,RANDOM
truncation_60,0.5,40,61,6200,26.540345430374146,99375,100422.38,ONE_POINT,100,100,RANDOM
truncation_60,0.5,40,62,6300,26.983097314834595,98932,100133.78,ONE_POINT,100,100,RANDOM
truncation_60,0.5,40,63,6400,27.406607151031494,98686,99820.28,ONE_POINT,100,100,RANDOM
truncation_60,0.5,40,64,6500,27.871777296066284,98054,99606.17,ONE_POINT,100,100,RANDOM
truncation_60,0.5,40,65,6600,28.296994924545288,97910,99410.57,ONE_POINT,100,100,RANDOM
truncation_60,0.5,40,66,6700,28.724214792251587,97910,99203.52,ONE_POINT,100,100,RANDOM
truncation_60,0.5,40,67,6800,29.14803957939148,97910,99054.98,ONE_POINT,100,100,RANDOM
truncation_60,0.5,40,68,6900,29.589340925216675,97366,98893.08,ONE_POINT,100,100,RANDOM
truncation_60,0.5,40,69,7000,30.025051593780518,97366,98676.69,ONE_POINT,100,100,RANDOM
truncation_60,0.5,40,70,7100,30.46193528175354,97354,98467.52,ONE_POINT,100,100,RANDOM
truncation_60,0.5,40,71,7200,30.894219398498535,97057,98300.29,ONE_POINT,100,100,RANDOM
truncation_60,0.5,40,72,7300,31.316765546798706,97057,98119.61,ONE_POINT,100,100,RANDOM
truncation_60,0.5,40,73,7400,31.74936604499817,96194,97920.74,ONE_POINT,100,100,RANDOM
truncation_60,0.5,40,74,7500,32.18436098098755,96194,97767.38,ONE_POINT,100,100,RANDOM
truncation_60,0.5,40,75,7600,32.614869832992554,96070,97626.15,ONE_POINT,100,100,RANDOM
truncation_60,0.5,40,76,7700,33.051621198654175,96070,97534.16,ONE_POINT,100,100,RANDOM
truncation_60,0.5,40,77,7800,33.47997736930847,96070,97427.1,ONE_POINT,100,100,RANDOM
truncation_60,0.5,40,78,7900,33.933202266693115,95768,97355.79,ONE_POINT,100,100,RANDOM
truncation_60,0.5,40,79,8000,34.38714003562927,95697,97210.87,ONE_POINT,100,100,RANDOM
truncation_60,0.5,40,80,8100,34.81920623779297,95697,97112.65,ONE_POINT,100,100,RANDOM
truncation_60,0.5,40,81,8200,35.2615110874176,95404,96959.0,ONE_POINT,100,100,RANDOM
truncation_60,0.5,40,82,8300,35.692163944244385,95404,96761.0,ONE_POINT,100,100,RANDOM
truncation_60,0.5,40,83,8400,36.14037251472473,95202,96521.54,ONE_POINT,100,100,RANDOM
truncation_60,0.5,40,84,8500,36.58867597579956,95202,96306.39,ONE_POINT,100,100,RANDOM
truncation_60,0.5,40,85,8600,37.01274585723877,94687,95997.2,ONE_POINT,100,100,RANDOM
truncation_60,0.5,40,86,8700,37.438350677490234,94687,95766.81,ONE_POINT,100,100,RANDOM
truncation_60,0.5,40,87,8800,37.87181234359741,94687,95576.83,ONE_POINT,100,100,RANDOM
truncation_60,0.5,40,88,8900,38.311490297317505,93677,95415.62,ONE_POINT,100,100,RANDOM
truncation_60,0.5,40,89,9000,38.73505139350891,93554,95238.62,ONE_POINT,100,100,RANDOM
truncation_60,0.5,40,90,9100,39.17871284484863,93554,95112.83,ONE_POINT,100,100,RANDOM
truncation_60,0.5,40,91,9200,39.611841917037964,92976,94860.46,ONE_POINT,100,100,RANDOM
truncation_60,0.5,40,92,9300,40.03646230697632,92511,94591.98,ONE_POINT,100,100,RANDOM
truncation_60,0.5,40,93,9400,40.46355414390564,92511,94301.27,ONE_POINT,100,100,RANDOM
truncation_60,0.5,40,94,9500,40.912705421447754,91272,94047.24,ONE_POINT,100,100,RANDOM
truncation_60,0.5,40,95,9600,41.34988570213318,91272,93837.59,ONE_POINT,100,100,RANDOM
truncation_60,0.5,40,96,9700,41.77892827987671,91272,93585.43,ONE_POINT,100,100,RANDOM
truncation_60,0.5,40,97,9800,42.2178008556366,91272,93292.76,ONE_POINT,100,100,RANDOM
truncation_60,0.5,40,98,9900,42.653294801712036,91272,93108.83,ONE_POINT,100,100,RANDOM
truncation_60,0.5,40,99,10000,43.09936571121216,91272,92850.62,ONE_POINT,100,100,RANDOM
truncation_60,0.5,40,100,10100,43.52548336982727,90987,92605.65,ONE_POINT,100,100,RANDOM
truncation_60,0.5,40,101,10200,43.965930461883545,90987,92453.06,ONE_POINT,100,100,RANDOM
truncation_60,0.5,40,102,10300,44.40125513076782,90987,92321.19,ONE_POINT,100,100,RANDOM
truncation_60,0.5,40,103,10400,44.821563482284546,90987,92230.05,ONE_POINT,100,100,RANDOM
truncation_60,0.5,40,104,10500,45.27061367034912,90955,92076.79,ONE_POINT,100,100,RANDOM
truncation_60,0.5,40,105,10600,45.69187116622925,90955,91868.14,ONE_POINT,100,100,RANDOM
truncation_60,0.5,40,106,10700,46.11493134498596,89664,91574.22,ONE_POINT,100,100,RANDOM
truncation_60,0.5,40,107,10800,46.5609073638916,89664,91248.98,ONE_POINT,100,100,RANDOM
truncation_60,0.5,40,108,10900,46.98712182044983,89664,91046.14,ONE_POINT,100,100,RANDOM
truncation_60,0.5,40,109,11000,47.42821002006531,89662,90785.38,ONE_POINT,100,100,RANDOM
truncation_60,0.5,40,110,11100,47.84568929672241,89538,90455.21,ONE_POINT,100,100,RANDOM
truncation_60,0.5,40,111,11200,48.26755499839783,89538,90192.25,ONE_POINT,100,100,RANDOM
truncation_60,0.5,40,112,11300,48.70918583869934,89121,90013.49,ONE_POINT,100,100,RANDOM
truncation_60,0.5,40,113,11400,49.14691877365112,89121,89833.48,ONE_POINT,100,100,RANDOM
truncation_60,0.5,40,114,11500,49.60203671455383,89033,89730.28,ONE_POINT,100,100,RANDOM
truncation_60,0.5,40,115,11600,50.03654646873474,89033,89598.37,ONE_POINT,100,100,RANDOM
truncation_60,0.5,40,116,11700,50.46838188171387,88849,89498.98,ONE_POINT,100,100,RANDOM
truncation_60,0.5,40,117,11800,50.911667823791504,87968,89339.99,ONE_POINT,100,100,RANDOM
truncation_60,0.5,40,118,11900,51.348896503448486,87968,89255.12,ONE_POINT,100,100,RANDOM
truncation_60,0.5,40,119,12000,51.793646812438965,87968,89122.53,ONE_POINT,100,100,RANDOM
truncation_60,0.5,40,120,12100,52.2286274433136,87968,89030.73,ONE_POINT,100,100,RANDOM
truncation_60,0.5,40,121,12200,52.651060581207275,87968,88938.32,ONE_POINT,100,100,RANDOM
truncation_60,0.5,40,122,12300,53.08087158203125,87968,88831.17,ONE_POINT,100,100,RANDOM
truncation_60,0.5,40,123,12400,53.50682973861694,87968,88692.12,ONE_POINT,100,100,RANDOM
truncation_60,0.5,40,124,12500,53.93662738800049,87663,88539.62,ONE_POINT,100,100,RANDOM
truncation_60,0.5,40,125,12600,54.37105345726013,87198,88356.04,ONE_POINT,100,100,RANDOM
truncation_60,0.5,40,126,12700,54.812328815460205,86785,88156.82,ONE_POINT,100,100,RANDOM
truncation_60,0.5,40,127,12800,55.24412536621094,86785,87994.92,ONE_POINT,100,100,RANDOM
truncation_60,0.5,40,128,12900,55.673776149749756,86785,87808.44,ONE_POINT,100,100,RANDOM
truncation_60,0.5,40,129,13000,56.11320090293884,86672,87652.15,ONE_POINT,100,100,RANDOM
truncation_60,0.5,40,130,13100,56.53556680679321,86672,87502.16,ONE_POINT,100,100,RANDOM
truncation_60,0.5,40,131,13200,56.992791414260864,86581,87365.55,ONE_POINT,100,100,RANDOM
truncation_60,0.5,40,132,13300,57.42464089393616,86554,87246.96,ONE_POINT,100,100,RANDOM
truncation_60,0.5,40,133,13400,57.847466230392456,86488,87175.24,ONE_POINT,100,100,RANDOM
truncation_60,0.5,40,134,13500,58.279906272888184,85961,87050.0,ONE_POINT,100,100,RANDOM
truncation_60,0.5,40,135,13600,58.71997928619385,85667,86862.69,ONE_POINT,100,100,RANDOM
truncation_60,0.5,40,136,13700,59.15745401382446,85667,86758.72,ONE_POINT,100,100,RANDOM
truncation_60,0.5,40,137,13800,59.59859848022461,85667,86665.49,ONE_POINT,100,100,RANDOM
truncation_60,0.5,40,138,13900,60.0346155166626,85377,86512.16,ONE_POINT,100,100,RANDOM
truncation_60,0.5,40,139,14000,60.478479623794556,85377,86404.55,ONE_POINT,100,100,RANDOM
truncation_60,0.5,40,140,14100,60.90918445587158,85323,86221.53,ONE_POINT,100,100,RANDOM
truncation_60,0.5,40,141,14200,61.35017776489258,85115,86018.43,ONE_POINT,100,100,RANDOM
truncation_60,0.5,40,142,14300,61.81995153427124,85111,85865.43,ONE_POINT,100,100,RANDOM
truncation_60,0.5,40,143,14400,62.25453448295593,85045,85714.4,ONE_POINT,100,100,RANDOM
truncation_60,0.5,40,144,14500,62.69288992881775,84523,85510.37,ONE_POINT,100,100,RANDOM
truncation_60,0.5,40,145,14600,63.150553464889526,84523,85385.99,ONE_POINT,100,100,RANDOM
truncation_60,0.5,40,146,14700,63.57665705680847,84523,85263.04,ONE_POINT,100,100,RANDOM
truncation_60,0.5,40,147,14800,64.01323246955872,84302,85169.56,ONE_POINT,100,100,RANDOM
truncation_60,0.5,40,148,14900,64.4415180683136,84278,85036.29,ONE_POINT,100,100,RANDOM
truncation_60,0.5,40,149,15000,64.87836074829102,84094,84875.17,ONE_POINT,100,100,RANDOM
truncation_60,0.5,40,150,15100,65.33407235145569,84077,84702.38,ONE_POINT,100,100,RANDOM
truncation_60,0.5,40,151,15200,65.79199242591858,83597,84547.03,ONE_POINT,100,100,RANDOM
truncation_60,0.5,40,152,15300,66.23158359527588,83522,84439.38,ONE_POINT,100,100,RANDOM
truncation_60,0.5,40,153,15400,66.66127681732178,83392,84292.69,ONE_POINT,100,100,RANDOM
truncation_60,0.5,40,154,15500,67.10462307929993,82826,84141.16,ONE_POINT,100,100,RANDOM
truncation_60,0.5,40,155,15600,67.55872988700867,82826,83944.02,ONE_POINT,100,100,RANDOM
truncation_60,0.5,40,156,15700,67.98412990570068,82826,83816.58,ONE_POINT,100,100,RANDOM
truncation_60,0.5,40,157,15800,68.41655731201172,82347,83723.5,ONE_POINT,100,100,RANDOM
truncation_60,0.5,40,158,15900,68.83784413337708,82347,83639.79,ONE_POINT,100,100,RANDOM
truncation_60,0.5,40,159,16000,69.27959179878235,82347,83514.9,ONE_POINT,100,100,RANDOM
truncation_60,0.5,40,160,16100,69.73245692253113,82347,83380.66,ONE_POINT,100,100,RANDOM
truncation_60,0.5,40,161,16200,70.16492199897766,82033,83201.06,ONE_POINT,100,100,RANDOM
truncation_60,0.5,40,162,16300,70.60978937149048,81937,83020.77,ONE_POINT,100,100,RANDOM
truncation_60,0.5,40,163,16400,71.04603552818298,81821,82918.87,ONE_POINT,100,100,RANDOM
truncation_60,0.5,40,164,16500,71.47877883911133,81821,82760.27,ONE_POINT,100,100,RANDOM
truncation_60,0.5,40,165,16600,71.92930030822754,81821,82638.59,ONE_POINT,100,100,RANDOM
truncation_60,0.5,40,166,16700,72.3506989479065,81650,82448.93,ONE_POINT,100,100,RANDOM
truncation_60,0.5,40,167,16800,72.79202699661255,81339,82337.21,ONE_POINT,100,100,RANDOM
truncation_60,0.5,40,168,16900,73.22187280654907,81309,82197.57,ONE_POINT,100,100,RANDOM
truncation_60,0.5,40,169,17000,73.64819288253784,81226,82077.77,ONE_POINT,100,100,RANDOM
truncation_60,0.5,40,170,17100,74.09501767158508,81069,81950.92,ONE_POINT,100,100,RANDOM
truncation_60,0.5,40,171,17200,74.53705763816833,81039,81815.6,ONE_POINT,100,100,RANDOM
truncation_60,0.5,40,172,17300,74.9778950214386,80766,81733.38,ONE_POINT,100,100,RANDOM
truncation_60,0.5,40,173,17400,75.41027903556824,80766,81601.65,ONE_POINT,100,100,RANDOM
truncation_60,0.5,40,174,17500,75.86358523368835,80766,81474.53,ONE_POINT,100,100,RANDOM
truncation_60,0.5,40,175,17600,76.31433010101318,80766,81374.65,ONE_POINT,100,100,RANDOM
truncation_60,0.5,40,176,17700,76.73713207244873,80766,81190.97,ONE_POINT,100,100,RANDOM
truncation_60,0.5,40,177,17800,77.17971634864807,80533,81034.76,ONE_POINT,100,100,RANDOM
truncation_60,0.5,40,178,17900,77.61660647392273,80294,80959.75,ONE_POINT,100,100,RANDOM
truncation_60,0.5,40,179,18000,78.05156826972961,80277,80861.07,ONE_POINT,100,100,RANDOM
truncation_60,0.5,40,180,18100,78.48485207557678,80277,80802.3,ONE_POINT,100,100,RANDOM
truncation_60,0.5,40,181,18200,78.92801189422607,80084,80765.61,ONE_POINT,100,100,RANDOM
truncation_60,0.5,40,182,18300,79.35795569419861,80084,80689.97,ONE_POINT,100,100,RANDOM
truncation_60,0.5,40,183,18400,79.79105520248413,80084,80649.43,ONE_POINT,100,100,RANDOM
truncation_60,0.5,40,184,18500,80.2410044670105,79753,80547.09,ONE_POINT,100,100,RANDOM
truncation_60,0.5,40,185,18600,80.69346761703491,79753,80455.47,ONE_POINT,100,100,RANDOM
truncation_60,0.5,40,186,18700,81.12582039833069,79753,80287.03,ONE_POINT,100,100,RANDOM
truncation_60,0.5,40,187,18800,81.54577279090881,79608,80116.72,ONE_POINT,100,100,RANDOM
truncation_60,0.5,40,188,18900,81.98988699913025,79270,80001.25,ONE_POINT,100,100,RANDOM
truncation_60,0.5,40,189,19000,82.42885088920593,79177,79879.42,ONE_POINT,100,100,RANDOM
truncation_60,0.5,40,190,19100,82.87585711479187,79066,79764.56,ONE_POINT,100,100,RANDOM
truncation_60,0.5,40,191,19200,83.2981424331665,79066,79648.76,ONE_POINT,100,100,RANDOM
truncation_60,0.5,40,192,19300,83.75822830200195,78234,79556.73,ONE_POINT,100,100,RANDOM
truncation_60,0.5,40,193,19400,84.21704936027527,78234,79334.27,ONE_POINT,100,100,RANDOM
truncation_60,0.5,40,194,19500,84.64849042892456,78165,79170.2,ONE_POINT,100,100,RANDOM
truncation_60,0.5,40,195,19600,85.0947413444519,77474,78956.72,ONE_POINT,100,100,RANDOM
truncation_60,0.5,40,196,19700,85.52037596702576,77474,78756.4,ONE_POINT,100,100,RANDOM
truncation_60,0.5,40,197,19800,85.96862554550171,77474,78497.28,ONE_POINT,100,100,RANDOM
truncation_60,0.5,40,198,19900,86.45357179641724,77474,78343.29,ONE_POINT,100,100,RANDOM
truncation_60,0.5,40,199,20000,86.88802599906921,77474,78140.76,ONE_POINT,100,100,RANDOM
truncation_60,0.5,40,200,20100,87.3146185874939,77355,77951.1,ONE_POINT,100,100,RANDOM
truncation_60,0.5,40,201,20200,87.75860595703125,77194,77824.34,ONE_POINT,100,100,RANDOM
truncation_60,0.5,40,202,20300,88.18653106689453,77194,77728.94,ONE_POINT,100,100,RANDOM
truncation_60,0.5,40,203,20400,88.61957454681396,77185,77658.21,ONE_POINT,100,100,RANDOM
truncation_60,0.5,40,204,20500,89.04984140396118,77053,77571.25,ONE_POINT,100,100,RANDOM
truncation_60,0.5,40,205,20600,89.49159932136536,76700,77536.33,ONE_POINT,100,100,RANDOM
truncation_60,0.5,40,206,20700,89.93617939949036,76700,77461.53,ONE_POINT,100,100,RANDOM
truncation_60,0.5,40,207,20800,90.38427734375,76700,77390.55,ONE_POINT,100,100,RANDOM
truncation_60,0.5,40,208,20900,90.82222867012024,76339,77289.46,ONE_POINT,100,100,RANDOM
truncation_60,0.5,40,209,21000,91.25776290893555,76339,77211.42,ONE_POINT,100,100,RANDOM
truncation_60,0.5,40,210,21100,91.69267797470093,76319,77065.89,ONE_POINT,100,100,RANDOM
truncation_60,0.5,40,211,21200,92.12353777885437,76319,76924.93,ONE_POINT,100,100,RANDOM
truncation_60,0.5,40,212,21300,92.55777359008789,76319,76812.85,ONE_POINT,100,100,RANDOM
truncation_60,0.5,40,213,21400,92.99105501174927,76038,76723.55,ONE_POINT,100,100,RANDOM
truncation_60,0.5,40,214,21500,93.42435479164124,75992,76618.97,ONE_POINT,100,100,RANDOM
truncation_60,0.5,40,215,21600,93.85839533805847,75924,76535.8,ONE_POINT,100,100,RANDOM
truncation_60,0.5,40,216,21700,94.288987159729,75727,76416.28,ONE_POINT,100,100,RANDOM
truncation_60,0.5,40,217,21800,94.7375419139862,75504,76306.35,ONE_POINT,100,100,RANDOM
truncation_60,0.5,40,218,21900,95.16677451133728,75504,76206.64,ONE_POINT,100,100,RANDOM
truncation_60,0.5,40,219,22000,95.60215210914612,75504,76072.41,ONE_POINT,100,100,RANDOM
truncation_60,0.5,40,220,22100,96.03710174560547,75327,75962.72,ONE_POINT,100,100,RANDOM
truncation_60,0.5,40,221,22200,96.46920609474182,75269,75891.99,ONE_POINT,100,100,RANDOM
truncation_60,0.5,40,222,22300,96.91901540756226,75215,75782.85,ONE_POINT,100,100,RANDOM
truncation_60,0.5,40,223,22400,97.34853839874268,74808,75718.62,ONE_POINT,100,100,RANDOM
truncation_60,0.5,40,224,22500,97.7753849029541,74808,75609.32,ONE_POINT,100,100,RANDOM
truncation_60,0.5,40,225,22600,98.24125838279724,74783,75501.03,ONE_POINT,100,100,RANDOM
truncation_60,0.5,40,226,22700,98.7004611492157,74783,75422.64,ONE_POINT,100,100,RANDOM
truncation_60,0.5,40,227,22800,99.13394403457642,74783,75366.91,ONE_POINT,100,100,RANDOM
truncation_60,0.5,40,228,22900,99.56750273704529,74772,75302.02,ONE_POINT,100,100,RANDOM
truncation_60,0.5,40,229,23000,99.99574279785156,74110,75230.97,ONE_POINT,100,100,RANDOM
truncation_60,0.5,40,230,23100,100.42490863800049,74110,75136.9,ONE_POINT,100,100,RANDOM
truncation_60,0.5,40,231,23200,100.90679574012756,74110,75057.95,ONE_POINT,100,100,RANDOM
truncation_60,0.5,40,232,23300,101.34985136985779,74110,75015.02,ONE_POINT,100,100,RANDOM
truncation_60,0.5,40,233,23400,101.77872562408447,74110,74958.62,ONE_POINT,100,100,RANDOM
truncation_60,0.5,40,234,23500,102.20390796661377,74110,74888.28,ONE_POINT,100,100,RANDOM
truncation_60,0.5,40,235,23600,102.65623664855957,74110,74806.71,ONE_POINT,100,100,RANDOM
truncation_60,0.5,40,236,23700,103.08935713768005,74110,74744.82,ONE_POINT,100,100,RANDOM
truncation_60,0.5,40,237,23800,103.52483081817627,73979,74679.51,ONE_POINT,100,100,RANDOM
truncation_60,0.5,40,238,23900,103.9579086303711,73979,74614.24,ONE_POINT,100,100,RANDOM
truncation_60,0.5,40,239,24000,104.3899176120758,73979,74568.71,ONE_POINT,100,100,RANDOM
truncation_60,0.5,40,240,24100,104.84378409385681,73943,74489.56,ONE_POINT,100,100,RANDOM
truncation_60,0.5,40,241,24200,105.28142738342285,73943,74403.16,ONE_POINT,100,100,RANDOM
truncation_60,0.5,40,242,24300,105.71723198890686,73916,74301.44,ONE_POINT,100,100,RANDOM
truncation_60,0.5,40,243,24400,106.1479926109314,73907,74206.51,ONE_POINT,100,100,RANDOM
truncation_60,0.5,40,244,24500,106.56653356552124,73636,74148.43,ONE_POINT,100,100,RANDOM
truncation_60,0.5,40,245,24600,106.9941463470459,73481,74085.98,ONE_POINT,100,100,RANDOM
truncation_60,0.5,40,246,24700,107.42675495147705,73312,74035.65,ONE_POINT,100,100,RANDOM
truncation_60,0.5,40,247,24800,107.86024212837219,73312,74000.77,ONE_POINT,100,100,RANDOM
truncation_60,0.5,40,248,24900,108.29390168190002,73247,73962.61,ONE_POINT,100,100,RANDOM
truncation_60,0.5,40,249,25000,108.71570324897766,73114,73895.08,ONE_POINT,100,100,RANDOM
truncation_60,0.5,40,250,25100,109.15257906913757,73114,73823.47,ONE_POINT,100,100,RANDOM
truncation_60,0.5,40,251,25200,109.60049033164978,73114,73761.18,ONE_POINT,100,100,RANDOM
truncation_60,0.5,40,252,25300,110.02585959434509,73053,73683.92,ONE_POINT,100,100,RANDOM
truncation_60,0.5,40,253,25400,110.45917272567749,72954,73626.57,ONE_POINT,100,100,RANDOM
truncation_60,0.5,40,254,25500,110.88703203201294,72909,73552.64,ONE_POINT,100,100,RANDOM
truncation_60,0.5,40,255,25600,111.3362283706665,72865,73492.33,ONE_POINT,100,100,RANDOM
truncation_60,0.5,40,256,25700,111.77762603759766,72378,73449.44,ONE_POINT,100,100,RANDOM
truncation_60,0.5,40,257,25800,112.20770239830017,72378,73344.79,ONE_POINT,100,100,RANDOM
truncation_60,0.5,40,258,25900,112.64137601852417,72378,73251.09,ONE_POINT,100,100,RANDOM
truncation_60,0.5,40,259,26000,113.07743430137634,72378,73166.19,ONE_POINT,100,100,RANDOM
truncation_60,0.5,40,260,26100,113.5628809928894,71970,73034.12,ONE_POINT,100,100,RANDOM
truncation_60,0.5,40,261,26200,114.01443910598755,71312,72849.32,ONE_POINT,100,100,RANDOM
truncation_60,0.5,40,262,26300,114.43278336524963,71312,72709.89,ONE_POINT,100,100,RANDOM
truncation_60,0.5,40,263,26400,114.84787058830261,71312,72549.3,ONE_POINT,100,100,RANDOM
truncation_60,0.5,40,264,26500,115.28824830055237,71132,72352.93,ONE_POINT,100,100,RANDOM
truncation_60,0.5,40,265,26600,115.73534202575684,71132,72168.34,ONE_POINT,100,100,RANDOM
truncation_60,0.5,40,266,26700,116.17757797241211,70465,71984.76,ONE_POINT,100,100,RANDOM
truncation_60,0.5,40,267,26800,116.61821556091309,70465,71788.67,ONE_POINT,100,100,RANDOM
truncation_60,0.5,40,268,26900,117.03781390190125,69995,71657.67,ONE_POINT,100,100,RANDOM
truncation_60,0.5,40,269,27000,117.51062512397766,69995,71543.49,ONE_POINT,100,100,RANDOM
truncation_60,0.5,40,270,27100,117.9710259437561,69995,71390.76,ONE_POINT,100,100,RANDOM
truncation_60,0.5,40,271,27200,118.40632629394531,69995,71200.16,ONE_POINT,100,100,RANDOM
truncation_60,0.5,40,272,27300,118.83674716949463,69995,71084.92,ONE_POINT,100,100,RANDOM
truncation_60,0.5,40,273,27400,119.26508331298828,69995,70973.73,ONE_POINT,100,100,RANDOM
truncation_60,0.5,40,274,27500,119.68655610084534,69987,70843.15,ONE_POINT,100,100,RANDOM
truncation_60,0.5,40,275,27600,120.14336490631104,69987,70714.58,ONE_POINT,100,100,RANDOM
truncation_60,0.5,40,276,27700,120.57161808013916,69322,70563.91,ONE_POINT,100,100,RANDOM
truncation_60,0.5,40,277,27800,121.01820230484009,69322,70490.5,ONE_POINT,100,100,RANDOM
truncation_60,0.5,40,278,27900,121.44574666023254,69322,70406.29,ONE_POINT,100,100,RANDOM
truncation_60,0.5,40,279,28000,121.87294483184814,69223,70322.28,ONE_POINT,100,100,RANDOM
truncation_60,0.5,40,280,28100,122.31710171699524,69223,70209.76,ONE_POINT,100,100,RANDOM
truncation_60,0.5,40,281,28200,122.75119638442993,69213,70069.68,ONE_POINT,100,100,RANDOM
truncation_60,0.5,40,282,28300,123.17893838882446,69168,69910.5,ONE_POINT,100,100,RANDOM
truncation_60,0.5,40,283,28400,123.59793972969055,68988,69798.61,ONE_POINT,100,100,RANDOM
truncation_60,0.5,40,284,28500,124.03729677200317,68988,69652.63,ONE_POINT,100,100,RANDOM
truncation_60,0.5,40,285,28600,124.46791052818298,68820,69490.57,ONE_POINT,100,100,RANDOM
truncation_60,0.5,40,286,28700,124.89674544334412,68754,69365.06,ONE_POINT,100,100,RANDOM
truncation_60,0.5,40,287,28800,125.3158106803894,68460,69242.35,ONE_POINT,100,100,RANDOM
truncation_60,0.5,40,288,28900,125.73722386360168,68460,69123.23,ONE_POINT,100,100,RANDOM
truncation_60,0.5,40,289,29000,126.18404364585876,68460,69006.41,ONE_POINT,100,100,RANDOM
truncation_60,0.5,40,290,29100,126.63075828552246,68145,68893.43,ONE_POINT,100,100,RANDOM
truncation_60,0.5,40,291,29200,127.05711054801941,68145,68823.77,ONE_POINT,100,100,RANDOM
truncation_60,0.5,40,292,29300,127.47803664207458,68047,68739.84,ONE_POINT,100,100,RANDOM
truncation_60,0.5,40,293,29400,127.90194535255432,68047,68694.51,ONE_POINT,100,100,RANDOM
truncation_60,0.5,40,294,29500,128.3521285057068,68020,68593.09,ONE_POINT,100,100,RANDOM
truncation_60,0.5,40,295,29600,128.79049110412598,67593,68524.83,ONE_POINT,100,100,RANDOM
truncation_60,0.5,40,296,29700,129.22892022132874,67593,68424.85,ONE_POINT,100,100,RANDOM
truncation_60,0.5,40,297,29800,129.64801859855652,67593,68334.25,ONE_POINT,100,100,RANDOM
truncation_60,0.5,40,298,29900,130.0786201953888,67593,68167.21,ONE_POINT,100,100,RANDOM
truncation_60,0.5,40,299,30000,130.52003479003906,66939,67998.42,ONE_POINT,100,100,RANDOM
truncation_60,0.5,40,300,30100,130.9641273021698,66939,67877.25,ONE_POINT,100,100,RANDOM
truncation_60,0.5,40,301,30200,131.40852785110474,66939,67753.37,ONE_POINT,100,100,RANDOM
truncation_60,0.5,40,302,30300,131.83624839782715,66939,67623.29,ONE_POINT,100,100,RANDOM
truncation_60,0.5,40,303,30400,132.2658040523529,66939,67494.79,ONE_POINT,100,100,RANDOM
truncation_60,0.5,40,304,30500,132.70378971099854,66939,67401.67,ONE_POINT,100,100,RANDOM
truncation_60,0.5,40,305,30600,133.14897394180298,66853,67306.41,ONE_POINT,100,100,RANDOM
truncation_60,0.5,40,306,30700,133.57441306114197,66485,67240.52,ONE_POINT,100,100,RANDOM
truncation_60,0.5,40,307,30800,134.00150108337402,66485,67156.58,ONE_POINT,100,100,RANDOM
truncation_60,0.5,40,308,30900,134.42242097854614,66485,67107.0,ONE_POINT,100,100,RANDOM
truncation_60,0.5,40,309,31000,134.8664321899414,66485,67020.12,ONE_POINT,100,100,RANDOM
truncation_60,0.5,40,310,31100,135.31876063346863,66398,66930.28,ONE_POINT,100,100,RANDOM
truncation_60,0.5,40,311,31200,135.74851036071777,66398,66860.69,ONE_POINT,100,100,RANDOM
truncation_60,0.5,40,312,31300,136.20031714439392,66398,66809.44,ONE_POINT,100,100,RANDOM
truncation_60,0.5,40,313,31400,136.63327884674072,66398,66777.02,ONE_POINT,100,100,RANDOM
truncation_60,0.5,40,314,31500,137.06273865699768,66090,66721.15,ONE_POINT,100,100,RANDOM
truncation_60,0.5,40,315,31600,137.51176857948303,66090,66664.13,ONE_POINT,100,100,RANDOM
truncation_60,0.5,40,316,31700,137.93290901184082,66090,66627.1,ONE_POINT,100,100,RANDOM
truncation_60,0.5,40,317,31800,138.3585889339447,65957,66586.09,ONE_POINT,100,100,RANDOM
truncation_60,0.5,40,318,31900,138.80570769309998,65816,66522.75,ONE_POINT,100,100,RANDOM
truncation_60,0.5,40,319,32000,139.2436168193817,65816,66436.66,ONE_POINT,100,100,RANDOM
truncation_60,0.5,40,320,32100,139.7014036178589,65799,66363.7,ONE_POINT,100,100,RANDOM
truncation_60,0.5,40,321,32200,140.13879919052124,65796,66298.56,ONE_POINT,100,100,RANDOM
truncation_60,0.5,40,322,32300,140.57193803787231,65733,66232.27,ONE_POINT,100,100,RANDOM
truncation_60,0.5,40,323,32400,141.02636623382568,65712,66158.76,ONE_POINT,100,100,RANDOM
truncation_60,0.5,40,324,32500,141.4549789428711,65348,66069.04,ONE_POINT,100,100,RANDOM
truncation_60,0.5,40,325,32600,141.94070982933044,65348,65997.85,ONE_POINT,100,100,RANDOM
truncation_60,0.5,40,326,32700,142.36907386779785,65348,65923.35,ONE_POINT,100,100,RANDOM
truncation_60,0.5,40,327,32800,142.8479564189911,65277,65858.14,ONE_POINT,100,100,RANDOM
truncation_60,0.5,40,328,32900,143.2861499786377,65277,65813.07,ONE_POINT,100,100,RANDOM
truncation_60,0.5,40,329,33000,143.72063302993774,65277,65775.42,ONE_POINT,100,100,RANDOM
truncation_60,0.5,40,330,33100,144.1613414287567,65277,65733.21,ONE_POINT,100,100,RANDOM
truncation_60,0.5,40,331,33200,144.58668541908264,65277,65684.12,ONE_POINT,100,100,RANDOM
truncation_60,0.5,40,332,33300,145.02108454704285,65099,65628.25,ONE_POINT,100,100,RANDOM
truncation_60,0.5,40,333,33400,145.4445674419403,65099,65573.22,ONE_POINT,100,100,RANDOM
truncation_60,0.5,40,334,33500,145.88421201705933,65099,65492.51,ONE_POINT,100,100,RANDOM
truncation_60,0.5,40,335,33600,146.34141063690186,64966,65417.0,ONE_POINT,100,100,RANDOM
truncation_60,0.5,40,336,33700,146.76180052757263,64859,65295.71,ONE_POINT,100,100,RANDOM
truncation_60,0.5,40,337,33800,147.21346807479858,64592,65213.78,ONE_POINT,100,100,RANDOM
truncation_60,0.5,40,338,33900,147.6291081905365,64592,65144.61,ONE_POINT,100,100,RANDOM
truncation_60,0.5,40,339,34000,148.08441758155823,64542,65050.9,ONE_POINT,100,100,RANDOM
truncation_60,0.5,40,340,34100,148.57410383224487,64542,64974.62,ONE_POINT,100,100,RANDOM
truncation_60,0.5,40,341,34200,149.00676465034485,64396,64911.52,ONE_POINT,100,100,RANDOM
truncation_60,0.5,40,342,34300,149.45193076133728,64186,64807.51,ONE_POINT,100,100,RANDOM
truncation_60,0.5,40,343,34400,149.86790323257446,64059,64708.39,ONE_POINT,100,100,RANDOM
truncation_60,0.5,40,344,34500,150.29543375968933,64053,64586.19,ONE_POINT,100,100,RANDOM
truncation_60,0.5,40,345,34600,150.73647546768188,63653,64470.59,ONE_POINT,100,100,RANDOM
truncation_60,0.5,40,346,34700,151.16376328468323,63653,64359.93,ONE_POINT,100,100,RANDOM
truncation_60,0.5,40,347,34800,151.60146236419678,63653,64254.71,ONE_POINT,100,100,RANDOM
truncation_60,0.5,40,348,34900,152.0311324596405,63653,64187.03,ONE_POINT,100,100,RANDOM
truncation_60,0.5,40,349,35000,152.45485854148865,63653,64155.22,ONE_POINT,100,100,RANDOM
truncation_60,0.5,40,350,35100,152.8967800140381,63653,64120.47,ONE_POINT,100,100,RANDOM
truncation_60,0.5,40,351,35200,153.32742857933044,63653,64093.88,ONE_POINT,100,100,RANDOM
truncation_60,0.5,40,352,35300,153.75967001914978,63653,64042.66,ONE_POINT,100,100,RANDOM
truncation_60,0.5,40,353,35400,154.1892397403717,63653,64007.97,ONE_POINT,100,100,RANDOM
truncation_60,0.5,40,354,35500,154.62951135635376,63653,63960.3,ONE_POINT,100,100,RANDOM
truncation_60,0.5,40,355,35600,155.08393692970276,63653,63930.14,ONE_POINT,100,100,RANDOM
truncation_60,0.5,40,356,35700,155.5348482131958,63555,63891.62,ONE_POINT,100,100,RANDOM
truncation_60,0.5,40,357,35800,155.97550582885742,63555,63854.42,ONE_POINT,100,100,RANDOM
truncation_60,0.5,40,358,35900,156.39876985549927,63486,63804.96,ONE_POINT,100,100,RANDOM
truncation_60,0.5,40,359,36000,156.83676409721375,63167,63745.39,ONE_POINT,100,100,RANDOM
truncation_60,0.5,40,360,36100,157.2983260154724,63167,63688.33,ONE_POINT,100,100,RANDOM
truncation_60,0.5,40,361,36200,157.73270797729492,63109,63630.46,ONE_POINT,100,100,RANDOM
truncation_60,0.5,40,362,36300,158.1746108531952,63109,63579.18,ONE_POINT,100,100,RANDOM
truncation_60,0.5,40,363,36400,158.61908721923828,63095,63526.51,ONE_POINT,100,100,RANDOM
truncation_60,0.5,40,364,36500,159.05727553367615,62848,63496.85,ONE_POINT,100,100,RANDOM
truncation_60,0.5,40,365,36600,159.49451851844788,62848,63458.89,ONE_POINT,100,100,RANDOM
truncation_60,0.5,40,366,36700,159.93303036689758,62848,63406.09,ONE_POINT,100,100,RANDOM
truncation_60,0.5,40,367,36800,160.36499547958374,62848,63349.95,ONE_POINT,100,100,RANDOM
truncation_60,0.5,40,368,36900,160.79720997810364,62848,63302.73,ONE_POINT,100,100,RANDOM
truncation_60,0.5,40,369,37000,161.2431333065033,62592,63197.13,ONE_POINT,100,100,RANDOM
truncation_60,0.5,40,370,37100,161.68286228179932,62592,63115.49,ONE_POINT,100,100,RANDOM
truncation_60,0.5,40,371,37200,162.12378001213074,62592,63038.68,ONE_POINT,100,100,RANDOM
truncation_60,0.5,40,372,37300,162.5557746887207,62230,62960.85,ONE_POINT,100,100,RANDOM
truncation_60,0.5,40,373,37400,162.99095177650452,62230,62877.49,ONE_POINT,100,100,RANDOM
truncation_60,0.5,40,374,37500,163.41028833389282,62230,62811.37,ONE_POINT,100,100,RANDOM
truncation_60,0.5,40,375,37600,163.85104727745056,62230,62756.51,ONE_POINT,100,100,RANDOM
truncation_60,0.5,40,376,37700,164.28486347198486,62206,62687.95,ONE_POINT,100,100,RANDOM
truncation_60,0.5,40,377,37800,164.71088194847107,62206,62603.72,ONE_POINT,100,100,RANDOM
truncation_60,0.5,40,378,37900,165.13505506515503,62171,62502.44,ONE_POINT,100,100,RANDOM
truncation_60,0.5,40,379,38000,165.57249903678894,62024,62425.31,ONE_POINT,100,100,RANDOM
truncation_60,0.5,40,380,38100,166.0143072605133,61734,62350.24,ONE_POINT,100,100,RANDOM
truncation_60,0.5,40,381,38200,166.45453262329102,61734,62250.83,ONE_POINT,100,100,RANDOM
truncation_60,0.5,40,382,38300,166.88192892074585,61734,62134.29,ONE_POINT,100,100,RANDOM
truncation_60,0.5,40,383,38400,167.31809902191162,61734,62079.73,ONE_POINT,100,100,RANDOM
truncation_60,0.5,40,384,38500,167.73893427848816,61690,62023.17,ONE_POINT,100,100,RANDOM
truncation_60,0.5,40,385,38600,168.1690788269043,61632,61955.67,ONE_POINT,100,100,RANDOM
truncation_60,0.5,40,386,38700,168.60918283462524,61421,61895.06,ONE_POINT,100,100,RANDOM
truncation_60,0.5,40,387,38800,169.03741765022278,61421,61834.4,ONE_POINT,100,100,RANDOM
truncation_60,0.5,40,388,38900,169.49829411506653,61421,61787.32,ONE_POINT,100,100,RANDOM
truncation_60,0.5,40,389,39000,169.93410396575928,61421,61753.13,ONE_POINT,100,100,RANDOM
truncation_60,0.5,40,390,39100,170.36959600448608,61420,61683.01,ONE_POINT,100,100,RANDOM
truncation_60,0.5,40,391,39200,170.80904960632324,61391,61626.26,ONE_POINT,100,100,RANDOM
truncation_60,0.5,40,392,39300,171.2523627281189,61276,61587.14,ONE_POINT,100,100,RANDOM
truncation_60,0.5,40,393,39400,171.68720650672913,61276,61557.11,ONE_POINT,100,100,RANDOM
truncation_60,0.5,40,394,39500,172.1622588634491,61276,61517.35,ONE_POINT,100,100,RANDOM
truncation_60,0.5,40,395,39600,172.61460494995117,61119,61457.52,ONE_POINT,100,100,RANDOM
truncation_60,0.5,40,396,39700,173.05718755722046,61005,61417.21,ONE_POINT,100,100,RANDOM
truncation_60,0.5,40,397,39800,173.4882571697235,61005,61386.05,ONE_POINT,100,100,RANDOM
truncation_60,0.5,40,398,39900,173.91925621032715,61005,61334.27,ONE_POINT,100,100,RANDOM
truncation_60,0.5,40,399,40000,174.38296389579773,60753,61288.56,ONE_POINT,100,100,RANDOM
truncation_60,0.5,40,400,40100,174.84085369110107,60753,61219.15,ONE_POINT,100,100,RANDOM
truncation_60,0.5,40,401,40200,175.27998185157776,60707,61156.62,ONE_POINT,100,100,RANDOM
truncation_60,0.5,40,402,40300,175.72561740875244,60662,61106.41,ONE_POINT,100,100,RANDOM
truncation_60,0.5,40,403,40400,176.1546070575714,60577,61046.72,ONE_POINT,100,100,RANDOM
truncation_60,0.5,40,404,40500,176.60107493400574,60577,61040.01,ONE_POINT,100,100,RANDOM
truncation_60,0.5,40,405,40600,177.03240704536438,60577,60987.71,ONE_POINT,100,100,RANDOM
truncation_60,0.5,40,406,40700,177.46370220184326,60502,60911.89,ONE_POINT,100,100,RANDOM
truncation_60,0.5,40,407,40800,177.89613699913025,60205,60837.81,ONE_POINT,100,100,RANDOM
truncation_60,0.5,40,408,40900,178.3302013874054,60205,60778.21,ONE_POINT,100,100,RANDOM
truncation_60,0.5,40,409,41000,178.76359820365906,60196,60695.13,ONE_POINT,100,100,RANDOM
truncation_60,0.5,40,410,41100,179.1898021697998,60170,60630.11,ONE_POINT,100,100,RANDOM
truncation_60,0.5,40,411,41200,179.62541437149048,60166,60555.25,ONE_POINT,100,100,RANDOM
truncation_60,0.5,40,412,41300,180.0506935119629,60020,60464.03,ONE_POINT,100,100,RANDOM
truncation_60,0.5,40,413,41400,180.49631190299988,60020,60380.95,ONE_POINT,100,100,RANDOM
truncation_60,0.5,40,414,41500,180.9495143890381,59896,60329.3,ONE_POINT,100,100,RANDOM
truncation_60,0.5,40,415,41600,181.36740469932556,59896,60283.45,ONE_POINT,100,100,RANDOM
truncation_60,0.5,40,416,41700,181.802485704422,59785,60232.69,ONE_POINT,100,100,RANDOM
truncation_60,0.5,40,417,41800,182.23236393928528,59785,60194.37,ONE_POINT,100,100,RANDOM
truncation_60,0.5,40,418,41900,182.6667799949646,59612,60160.44,ONE_POINT,100,100,RANDOM
truncation_60,0.5,40,419,42000,183.0968689918518,59612,60088.8,ONE_POINT,100,100,RANDOM
truncation_60,0.5,40,420,42100,183.53809261322021,59612,60042.78,ONE_POINT,100,100,RANDOM
truncation_60,0.5,40,421,42200,183.96803617477417,59612,59985.1,ONE_POINT,100,100,RANDOM
truncation_60,0.5,40,422,42300,184.3892900943756,59612,59914.96,ONE_POINT,100,100,RANDOM
truncation_60,0.5,40,423,42400,184.8332245349884,59544,59863.25,ONE_POINT,100,100,RANDOM
truncation_60,0.5,40,424,42500,185.2714741230011,59544,59821.89,ONE_POINT,100,100,RANDOM
truncation_60,0.5,40,425,42600,185.70307064056396,59491,59795.69,ONE_POINT,100,100,RANDOM
truncation_60,0.5,40,426,42700,186.14896965026855,59372,59756.01,ONE_POINT,100,100,RANDOM
truncation_60,0.5,40,427,42800,186.5857367515564,59307,59720.06,ONE_POINT,100,100,RANDOM
truncation_60,0.5,40,428,42900,187.02866530418396,59307,59693.83,ONE_POINT,100,100,RANDOM
truncation_60,0.5,40,429,43000,187.4612693786621,59307,59651.7,ONE_POINT,100,100,RANDOM
truncation_60,0.5,40,430,43100,187.8840308189392,59307,59603.97,ONE_POINT,100,100,RANDOM
truncation_60,0.5,40,431,43200,188.3148913383484,59307,59578.34,ONE_POINT,100,100,RANDOM
truncation_60,0.5,40,432,43300,188.74121022224426,59301,59533.6,ONE_POINT,100,100,RANDOM
truncation_60,0.5,40,433,43400,189.1865532398224,59184,59494.45,ONE_POINT,100,100,RANDOM
truncation_60,0.5,40,434,43500,189.6089689731598,59096,59461.01,ONE_POINT,100,100,RANDOM
truncation_60,0.5,40,435,43600,190.02417016029358,59027,59416.21,ONE_POINT,100,100,RANDOM
truncation_60,0.5,40,436,43700,190.4608633518219,59027,59378.66,ONE_POINT,100,100,RANDOM
truncation_60,0.5,40,437,43800,190.89130997657776,59027,59335.46,ONE_POINT,100,100,RANDOM
truncation_60,0.5,40,438,43900,191.3237063884735,59014,59288.08,ONE_POINT,100,100,RANDOM
truncation_60,0.5,40,439,44000,191.73807001113892,58971,59240.48,ONE_POINT,100,100,RANDOM
truncation_60,0.5,40,440,44100,192.16280102729797,58777,59169.71,ONE_POINT,100,100,RANDOM
truncation_60,0.5,40,441,44200,192.6030604839325,58632,59053.54,ONE_POINT,100,100,RANDOM
truncation_60,0.5,40,442,44300,193.03273797035217,58546,58997.17,ONE_POINT,100,100,RANDOM
truncation_60,0.5,40,443,44400,193.4733603000641,58399,58935.27,ONE_POINT,100,100,RANDOM
truncation_60,0.5,40,444,44500,193.89598441123962,58399,58876.93,ONE_POINT,100,100,RANDOM
truncation_60,0.5,40,445,44600,194.32512784004211,58129,58821.82,ONE_POINT,100,100,RANDOM
truncation_60,0.5,40,446,44700,194.77958989143372,58129,58800.22,ONE_POINT,100,100,RANDOM
truncation_60,0.5,40,447,44800,195.208190202713,58129,58756.3,ONE_POINT,100,100,RANDOM
truncation_60,0.5,40,448,44900,195.63258719444275,58129,58692.76,ONE_POINT,100,100,RANDOM
truncation_60,0.5,40,449,45000,196.06367874145508,58129,58615.99,ONE_POINT,100,100,RANDOM
truncation_60,0.5,40,450,45100,196.49572372436523,58093,58542.53,ONE_POINT,100,100,RANDOM
truncation_60,0.5,40,451,45200,196.93879413604736,58093,58489.43,ONE_POINT,100,100,RANDOM
truncation_60,0.5,40,452,45300,197.38059401512146,57944,58423.37,ONE_POINT,100,100,RANDOM
truncation_60,0.5,40,453,45400,197.80589079856873,57944,58359.88,ONE_POINT,100,100,RANDOM
truncation_60,0.5,40,454,45500,198.22960925102234,57811,58311.47,ONE_POINT,100,100,RANDOM
truncation_60,0.5,40,455,45600,198.65951347351074,57811,58272.25,ONE_POINT,100,100,RANDOM
truncation_60,0.5,40,456,45700,199.09848642349243,57734,58225.64,ONE_POINT,100,100,RANDOM
truncation_60,0.5,40,457,45800,199.59225487709045,57734,58158.29,ONE_POINT,100,100,RANDOM
truncation_60,0.5,40,458,45900,200.01485347747803,57734,58129.38,ONE_POINT,100,100,RANDOM
truncation_60,0.5,40,459,46000,200.45469045639038,57734,58091.86,ONE_POINT,100,100,RANDOM
truncation_60,0.5,40,460,46100,200.89673328399658,57548,58039.17,ONE_POINT,100,100,RANDOM
truncation_60,0.5,40,461,46200,201.34730076789856,57548,57988.85,ONE_POINT,100,100,RANDOM
truncation_60,0.5,40,462,46300,201.8002495765686,57535,57933.42,ONE_POINT,100,100,RANDOM
truncation_60,0.5,40,463,46400,202.28457713127136,57535,57905.5,ONE_POINT,100,100,RANDOM
truncation_60,0.5,40,464,46500,202.7058207988739,57535,57867.13,ONE_POINT,100,100,RANDOM
truncation_60,0.5,40,465,46600,203.15669417381287,57366,57803.35,ONE_POINT,100,100,RANDOM
truncation_60,0.5,40,466,46700,203.616290807724,57366,57738.85,ONE_POINT,100,100,RANDOM
truncation_60,0.5,40,467,46800,204.0433166027069,57359,57703.96,ONE_POINT,100,100,RANDOM
truncation_60,0.5,40,468,46900,204.525377035141,57299,57628.76,ONE_POINT,100,100,RANDOM
truncation_60,0.5,40,469,47000,204.96054220199585,57277,57588.44,ONE_POINT,100,100,RANDOM
truncation_60,0.5,40,470,47100,205.37382245063782,57136,57545.57,ONE_POINT,100,100,RANDOM
truncation_60,0.5,40,471,47200,205.85292077064514,57136,57517.53,ONE_POINT,100,100,RANDOM
truncation_60,0.5,40,472,47300,206.28759169578552,57136,57458.13,ONE_POINT,100,100,RANDOM
truncation_60,0.5,40,473,47400,206.71939373016357,57136,57412.28,ONE_POINT,100,100,RANDOM
truncation_60,0.5,40,474,47500,207.14727067947388,57051,57364.67,ONE_POINT,100,100,RANDOM
truncation_60,0.5,40,475,47600,207.5800130367279,57009,57327.57,ONE_POINT,100,100,RANDOM
truncation_60,0.5,40,476,47700,208.04317259788513,56960,57300.18,ONE_POINT,100,100,RANDOM
truncation_60,0.5,40,477,47800,208.4663426876068,56886,57260.79,ONE_POINT,100,100,RANDOM
truncation_60,0.5,40,478,47900,208.89409160614014,56683,57204.24,ONE_POINT,100,100,RANDOM
truncation_60,0.5,40,479,48000,209.320570230484,56467,57168.79,ONE_POINT,100,100,RANDOM
truncation_60,0.5,40,480,48100,209.74813508987427,56467,57112.53,ONE_POINT,100,100,RANDOM
truncation_60,0.5,40,481,48200,210.19418931007385,56335,57055.99,ONE_POINT,100,100,RANDOM
truncation_60,0.5,40,482,48300,210.62766098976135,56335,57002.54,ONE_POINT,100,100,RANDOM
truncation_60,0.5,40,483,48400,211.05920386314392,56335,56966.19,ONE_POINT,100,100,RANDOM
truncation_60,0.5,40,484,48500,211.48891472816467,56335,56914.9,ONE_POINT,100,100,RANDOM
truncation_60,0.5,40,485,48600,211.9191975593567,56305,56860.92,ONE_POINT,100,100,RANDOM
truncation_60,0.5,40,486,48700,212.37625169754028,56305,56803.0,ONE_POINT,100,100,RANDOM
truncation_60,0.5,40,487,48800,212.80418300628662,56149,56748.95,ONE_POINT,100,100,RANDOM
truncation_60,0.5,40,488,48900,213.22950315475464,56149,56709.27,ONE_POINT,100,100,RANDOM
truncation_60,0.5,40,489,49000,213.64907097816467,56149,56625.74,ONE_POINT,100,100,RANDOM
truncation_60,0.5,40,490,49100,214.08981466293335,56149,56581.59,ONE_POINT,100,100,RANDOM
truncation_60,0.5,40,491,49200,214.53790616989136,56098,56533.54,ONE_POINT,100,100,RANDOM
truncation_60,0.5,40,492,49300,214.98835802078247,56098,56440.43,ONE_POINT,100,100,RANDOM
truncation_60,0.5,40,493,49400,215.41732668876648,56098,56358.02,ONE_POINT,100,100,RANDOM
truncation_60,0.5,40,494,49500,215.85310554504395,55922,56288.41,ONE_POINT,100,100,RANDOM
truncation_60,0.5,40,495,49600,216.29814767837524,55922,56238.56,ONE_POINT,100,100,RANDOM
truncation_60,0.5,40,496,49700,216.72672867774963,55902,56185.01,ONE_POINT,100,100,RANDOM
truncation_60,0.5,40,497,49800,217.15753269195557,55893,56162.98,ONE_POINT,100,100,RANDOM
truncation_60,0.5,40,498,49900,217.59565448760986,55744,56145.57,ONE_POINT,100,100,RANDOM
truncation_60,0.5,40,499,50000,218.01858758926392,55669,56108.2,ONE_POINT,100,100,RANDOM
truncation_60,0.5,40,500,50100,218.45596528053284,55669,56045.87,ONE_POINT,100,100,RANDOM
truncation_60,0.5,60,1,200,0.28094005584716797,136488,145747.21,ONE_POINT,100,100,RANDOM
truncation_60,0.5,60,2,300,0.7135915756225586,135730,142571.07,ONE_POINT,100,100,RANDOM
truncation_60,0.5,60,3,400,1.1451056003570557,131243,140408.33,ONE_POINT,100,100,RANDOM
truncation_60,0.5,60,4,500,1.5709939002990723,127789,137953.79,ONE_POINT,100,100,RANDOM
truncation_60,0.5,60,5,600,2.014380931854248,122512,135849.92,ONE_POINT,100,100,RANDOM
truncation_60,0.5,60,6,700,2.4409773349761963,122512,134183.83,ONE_POINT,100,100,RANDOM
truncation_60,0.5,60,7,800,2.8672702312469482,122512,133096.46,ONE_POINT,100,100,RANDOM
truncation_60,0.5,60,8,900,3.297592878341675,122512,131932.84,ONE_POINT,100,100,RANDOM
truncation_60,0.5,60,9,1000,3.7377264499664307,122512,131071.73,ONE_POINT,100,100,RANDOM
truncation_60,0.5,60,10,1100,4.1709301471710205,122512,129676.53,ONE_POINT,100,100,RANDOM
truncation_60,0.5,60,11,1200,4.601717233657837,117711,128311.82,ONE_POINT,100,100,RANDOM
truncation_60,0.5,60,12,1300,5.036499977111816,117711,126698.01,ONE_POINT,100,100,RANDOM
truncation_60,0.5,60,13,1400,5.466773986816406,117711,125515.59,ONE_POINT,100,100,RANDOM
truncation_60,0.5,60,14,1500,5.907117605209351,117546,123608.94,ONE_POINT,100,100,RANDOM
truncation_60,0.5,60,15,1600,6.332756042480469,115794,122362.98,ONE_POINT,100,100,RANDOM
truncation_60,0.5,60,16,1700,6.768606901168823,115317,121507.82,ONE_POINT,100,100,RANDOM
truncation_60,0.5,60,17,1800,7.2241644859313965,114861,120452.2,ONE_POINT,100,100,RANDOM
truncation_60,0.5,60,18,1900,7.691655397415161,114861,119536.49,ONE_POINT,100,100,RANDOM
truncation_60,0.5,60,19,2000,8.138651847839355,113923,118301.83,ONE_POINT,100,100,RANDOM
truncation_60,0.5,60,20,2100,8.56314754486084,111264,117607.04,ONE_POINT,100,100,RANDOM
truncation_60,0.5,60,21,2200,9.000592947006226,111264,116937.98,ONE_POINT,100,100,RANDOM
truncation_60,0.5,60,22,2300,9.425061464309692,111264,116258.32,ONE_POINT,100,100,RANDOM
truncation_60,0.5,60,23,2400,9.87456202507019,110534,115447.05,ONE_POINT,100,100,RANDOM
truncation_60,0.5,60,24,2500,10.314746379852295,110257,115033.58,ONE_POINT,100,100,RANDOM
truncation_60,0.5,60,25,2600,10.755606889724731,110028,114520.81,ONE_POINT,100,100,RANDOM
truncation_60,0.5,60,26,2700,11.204050540924072,109821,113341.7,ONE_POINT,100,100,RANDOM
truncation_60,0.5,60,27,2800,11.643288135528564,107506,112216.02,ONE_POINT,100,100,RANDOM
truncation_60,0.5,60,28,2900,12.075764656066895,107506,111324.85,ONE_POINT,100,100,RANDOM
truncation_60,0.5,60,29,3000,12.501848459243774,107506,110849.39,ONE_POINT,100,100,RANDOM
truncation_60,0.5,60,30,3100,12.934069633483887,107368,109965.21,ONE_POINT,100,100,RANDOM
truncation_60,0.5,60,31,3200,13.362797498703003,106894,109482.28,ONE_POINT,100,100,RANDOM
truncation_60,0.5,60,32,3300,13.798259496688843,106894,108806.36,ONE_POINT,100,100,RANDOM
truncation_60,0.5,60,33,3400,14.23540472984314,105950,108396.03,ONE_POINT,100,100,RANDOM
truncation_60,0.5,60,34,3500,14.670246124267578,104508,107946.55,ONE_POINT,100,100,RANDOM
truncation_60,0.5,60,35,3600,15.10856318473816,104222,107422.16,ONE_POINT,100,100,RANDOM
truncation_60,0.5,60,36,3700,15.539096355438232,104222,106626.97,ONE_POINT,100,100,RANDOM
truncation_60,0.5,60,37,3800,15.970469951629639,102825,105985.03,ONE_POINT,100,100,RANDOM
truncation_60,0.5,60,38,3900,16.45590043067932,102684,105498.09,ONE_POINT,100,100,RANDOM
truncation_60,0.5,60,39,4000,16.900211811065674,102684,104855.95,ONE_POINT,100,100,RANDOM
truncation_60,0.5,60,40,4100,17.343425512313843,102372,104452.43,ONE_POINT,100,100,RANDOM
truncation_60,0.5,60,41,4200,17.7745680809021,102372,104289.78,ONE_POINT,100,100,RANDOM
truncation_60,0.5,60,42,4300,18.210509061813354,102331,104145.81,ONE_POINT,100,100,RANDOM
truncation_60,0.5,60,43,4400,18.649239778518677,102331,104032.51,ONE_POINT,100,100,RANDOM
truncation_60,0.5,60,44,4500,19.091059923171997,102331,103877.89,ONE_POINT,100,100,RANDOM
truncation_60,0.5,60,45,4600,19.51326322555542,102331,103685.68,ONE_POINT,100,100,RANDOM
truncation_60,0.5,60,46,4700,19.966822147369385,102331,103507.44,ONE_POINT,100,100,RANDOM
truncation_60,0.5,60,47,4800,20.40270757675171,102039,103257.29,ONE_POINT,100,100,RANDOM
truncation_60,0.5,60,48,4900,20.832484483718872,101372,103095.2,ONE_POINT,100,100,RANDOM
truncation_60,0.5,60,49,5000,21.260010719299316,101372,102876.36,ONE_POINT,100,100,RANDOM
truncation_60,0.5,60,50,5100,21.68614649772644,101372,102735.04,ONE_POINT,100,100,RANDOM
truncation_60,0.5,60,51,5200,22.130631685256958,100360,102344.7,ONE_POINT,100,100,RANDOM
truncation_60,0.5,60,52,5300,22.5663845539093,99977,101914.1,ONE_POINT,100,100,RANDOM
truncation_60,0.5,60,53,5400,22.993301391601562,99898,101459.74,ONE_POINT,100,100,RANDOM
truncation_60,0.5,60,54,5500,23.416358470916748,99519,101001.68,ONE_POINT,100,100,RANDOM
truncation_60,0.5,60,55,5600,23.848926544189453,98912,100671.75,ONE_POINT,100,100,RANDOM
truncation_60,0.5,60,56,5700,24.286518573760986,98912,100310.24,ONE_POINT,100,100,RANDOM
truncation_60,0.5,60,57,5800,24.72849750518799,98663,99968.31,ONE_POINT,100,100,RANDOM
truncation_60,0.5,60,58,5900,25.16107726097107,97835,99684.53,ONE_POINT,100,100,RANDOM
truncation_60,0.5,60,59,6000,25.587979078292847,97835,99414.42,ONE_POINT,100,100,RANDOM
truncation_60,0.5,60,60,6100,26.00831627845764,97835,99186.2,ONE_POINT,100,100,RANDOM
truncation_60,0.5,60,61,6200,26.446366786956787,96794,99032.83,ONE_POINT,100,100,RANDOM
truncation_60,0.5,60,62,6300,26.876020908355713,96794,98824.19,ONE_POINT,100,100,RANDOM
truncation_60,0.5,60,63,6400,27.29169249534607,96471,98651.75,ONE_POINT,100,100,RANDOM
truncation_60,0.5,60,64,6500,27.72388744354248,96471,98482.4,ONE_POINT,100,100,RANDOM
truncation_60,0.5,60,65,6600,28.151347637176514,96471,98392.93,ONE_POINT,100,100,RANDOM
truncation_60,0.5,60,66,6700,28.603704690933228,96471,98146.5,ONE_POINT,100,100,RANDOM
truncation_60,0.5,60,67,6800,29.030667304992676,96471,97869.42,ONE_POINT,100,100,RANDOM
truncation_60,0.5,60,68,6900,29.469719648361206,96471,97681.08,ONE_POINT,100,100,RANDOM
truncation_60,0.5,60,69,7000,29.89758038520813,96330,97455.74,ONE_POINT,100,100,RANDOM
truncation_60,0.5,60,70,7100,30.322487592697144,95757,97277.54,ONE_POINT,100,100,RANDOM
truncation_60,0.5,60,71,7200,30.772386074066162,95757,97066.6,ONE_POINT,100,100,RANDOM
truncation_60,0.5,60,72,7300,31.201269388198853,95757,96880.46,ONE_POINT,100,100,RANDOM
truncation_60,0.5,60,73,7400,31.632946968078613,95644,96751.92,ONE_POINT,100,100,RANDOM
truncation_60,0.5,60,74,7500,32.059030055999756,95271,96592.19,ONE_POINT,100,100,RANDOM
truncation_60,0.5,60,75,7600,32.48258900642395,95062,96334.27,ONE_POINT,100,100,RANDOM
truncation_60,0.5,60,76,7700,32.9476318359375,94544,96095.1,ONE_POINT,100,100,RANDOM
truncation_60,0.5,60,77,7800,33.37623739242554,94544,95904.03,ONE_POINT,100,100,RANDOM
truncation_60,0.5,60,78,7900,33.786616563797,94544,95749.61,ONE_POINT,100,100,RANDOM
truncation_60,0.5,60,79,8000,34.21814942359924,94544,95594.72,ONE_POINT,100,100,RANDOM
truncation_60,0.5,60,80,8100,34.64671754837036,94544,95523.5,ONE_POINT,100,100,RANDOM
truncation_60,0.5,60,81,8200,35.1104838848114,94544,95380.84,ONE_POINT,100,100,RANDOM
truncation_60,0.5,60,82,8300,35.54052376747131,94170,95262.97,ONE_POINT,100,100,RANDOM
truncation_60,0.5,60,83,8400,35.96593427658081,94170,95108.5,ONE_POINT,100,100,RANDOM
truncation_60,0.5,60,84,8500,36.40047812461853,94170,94960.68,ONE_POINT,100,100,RANDOM
truncation_60,0.5,60,85,8600,36.827970027923584,93475,94825.23,ONE_POINT,100,100,RANDOM
truncation_60,0.5,60,86,8700,37.273622035980225,93475,94690.28,ONE_POINT,100,100,RANDOM
truncation_60,0.5,60,87,8800,37.704803466796875,93475,94502.9,ONE_POINT,100,100,RANDOM
truncation_60,0.5,60,88,8900,38.1382520198822,93475,94332.13,ONE_POINT,100,100,RANDOM
truncation_60,0.5,60,89,9000,38.55309700965881,92956,94188.52,ONE_POINT,100,100,RANDOM
truncation_60,0.5,60,90,9100,38.9747679233551,92956,94071.8,ONE_POINT,100,100,RANDOM
truncation_60,0.5,60,91,9200,39.42012643814087,92755,93947.62,ONE_POINT,100,100,RANDOM
truncation_60,0.5,60,92,9300,39.843958616256714,92755,93862.61,ONE_POINT,100,100,RANDOM
truncation_60,0.5,60,93,9400,40.3081214427948,92749,93656.88,ONE_POINT,100,100,RANDOM
truncation_60,0.5,60,94,9500,40.78915810585022,92312,93511.22,ONE_POINT,100,100,RANDOM
truncation_60,0.5,60,95,9600,41.224443435668945,92312,93444.07,ONE_POINT,100,100,RANDOM
truncation_60,0.5,60,96,9700,41.6676812171936,92312,93351.19,ONE_POINT,100,100,RANDOM
truncation_60,0.5,60,97,9800,42.10653281211853,92312,93256.57,ONE_POINT,100,100,RANDOM
truncation_60,0.5,60,98,9900,42.55379009246826,90930,93084.32,ONE_POINT,100,100,RANDOM
truncation_60,0.5,60,99,10000,42.989795207977295,90929,92845.08,ONE_POINT,100,100,RANDOM
truncation_60,0.5,60,100,10100,43.43340730667114,90929,92627.67,ONE_POINT,100,100,RANDOM
truncation_60,0.5,60,101,10200,43.89050054550171,90471,92355.51,ONE_POINT,100,100,RANDOM
truncation_60,0.5,60,102,10300,44.31930923461914,90471,92070.15,ONE_POINT,100,100,RANDOM
truncation_60,0.5,60,103,10400,44.742746353149414,90471,91553.83,ONE_POINT,100,100,RANDOM
truncation_60,0.5,60,104,10500,45.171398878097534,90160,91139.07,ONE_POINT,100,100,RANDOM
truncation_60,0.5,60,105,10600,45.60757923126221,90160,90886.33,ONE_POINT,100,100,RANDOM
truncation_60,0.5,60,106,10700,46.0378851890564,90001,90738.01,ONE_POINT,100,100,RANDOM
truncation_60,0.5,60,107,10800,46.46827793121338,89511,90624.03,ONE_POINT,100,100,RANDOM
truncation_60,0.5,60,108,10900,46.902188777923584,89243,90485.85,ONE_POINT,100,100,RANDOM
truncation_60,0.5,60,109,11000,47.3317084312439,88819,90368.15,ONE_POINT,100,100,RANDOM
truncation_60,0.5,60,110,11100,47.770747423172,88819,90289.23,ONE_POINT,100,100,RANDOM
truncation_60,0.5,60,111,11200,48.194342374801636,88819,90172.15,ONE_POINT,100,100,RANDOM
truncation_60,0.5,60,112,11300,48.62210011482239,88819,90051.28,ONE_POINT,100,100,RANDOM
truncation_60,0.5,60,113,11400,49.057058334350586,88819,89973.12,ONE_POINT,100,100,RANDOM
truncation_60,0.5,60,114,11500,49.494380712509155,88819,89838.13,ONE_POINT,100,100,RANDOM
truncation_60,0.5,60,115,11600,49.94114685058594,88819,89720.78,ONE_POINT,100,100,RANDOM
truncation_60,0.5,60,116,11700,50.371896505355835,88144,89581.41,ONE_POINT,100,100,RANDOM
truncation_60,0.5,60,117,11800,50.804682970047,88000,89457.63,ONE_POINT,100,100,RANDOM
truncation_60,0.5,60,118,11900,51.22975277900696,88000,89366.76,ONE_POINT,100,100,RANDOM
truncation_60,0.5,60,119,12000,51.66815686225891,88000,89285.76,ONE_POINT,100,100,RANDOM
truncation_60,0.5,60,120,12100,52.108478307724,88000,89201.84,ONE_POINT,100,100,RANDOM
truncation_60,0.5,60,121,12200,52.53391718864441,88000,89113.98,ONE_POINT,100,100,RANDOM
truncation_60,0.5,60,122,12300,52.98753881454468,88000,88998.64,ONE_POINT,100,100,RANDOM
truncation_60,0.5,60,123,12400,53.42019295692444,88000,88886.84,ONE_POINT,100,100,RANDOM
truncation_60,0.5,60,124,12500,53.87915873527527,87963,88811.13,ONE_POINT,100,100,RANDOM
truncation_60,0.5,60,125,12600,54.300965309143066,87949,88698.83,ONE_POINT,100,100,RANDOM
truncation_60,0.5,60,126,12700,54.73573350906372,87777,88583.1,ONE_POINT,100,100,RANDOM
truncation_60,0.5,60,127,12800,55.189897298812866,87661,88436.03,ONE_POINT,100,100,RANDOM
truncation_60,0.5,60,128,12900,55.61257362365723,87171,88293.3,ONE_POINT,100,100,RANDOM
truncation_60,0.5,60,129,13000,56.049747943878174,86768,88095.39,ONE_POINT,100,100,RANDOM
truncation_60,0.5,60,130,13100,56.47006106376648,86768,87917.47,ONE_POINT,100,100,RANDOM
truncation_60,0.5,60,131,13200,56.9045147895813,86768,87814.08,ONE_POINT,100,100,RANDOM
truncation_60,0.5,60,132,13300,57.3629047870636,86294,87564.7,ONE_POINT,100,100,RANDOM
truncation_60,0.5,60,133,13400,57.80423712730408,86294,87395.14,ONE_POINT,100,100,RANDOM
truncation_60,0.5,60,134,13500,58.241156578063965,86294,87239.79,ONE_POINT,100,100,RANDOM
truncation_60,0.5,60,135,13600,58.682169914245605,85903,87068.09,ONE_POINT,100,100,RANDOM
truncation_60,0.5,60,136,13700,59.116355657577515,85903,87021.03,ONE_POINT,100,100,RANDOM
truncation_60,0.5,60,137,13800,59.545586347579956,85903,86919.4,ONE_POINT,100,100,RANDOM
truncation_60,0.5,60,138,13900,59.99106311798096,85650,86707.23,ONE_POINT,100,100,RANDOM
truncation_60,0.5,60,139,14000,60.41776967048645,85583,86516.16,ONE_POINT,100,100,RANDOM
truncation_60,0.5,60,140,14100,60.84924554824829,85583,86317.24,ONE_POINT,100,100,RANDOM
truncation_60,0.5,60,141,14200,61.27038359642029,84908,86172.89,ONE_POINT,100,100,RANDOM
truncation_60,0.5,60,142,14300,61.71807527542114,84733,86031.06,ONE_POINT,100,100,RANDOM
truncation_60,0.5,60,143,14400,62.16461658477783,84733,85910.52,ONE_POINT,100,100,RANDOM
truncation_60,0.5,60,144,14500,62.5987811088562,84733,85817.38,ONE_POINT,100,100,RANDOM
truncation_60,0.5,60,145,14600,63.026939153671265,84733,85692.0,ONE_POINT,100,100,RANDOM
truncation_60,0.5,60,146,14700,63.470128297805786,84617,85557.29,ONE_POINT,100,100,RANDOM
truncation_60,0.5,60,147,14800,63.90665030479431,84617,85435.13,ONE_POINT,100,100,RANDOM
truncation_60,0.5,60,148,14900,64.35838031768799,84455,85313.17,ONE_POINT,100,100,RANDOM
truncation_60,0.5,60,149,15000,64.80077052116394,84051,85239.34,ONE_POINT,100,100,RANDOM
truncation_60,0.5,60,150,15100,65.22219753265381,84051,85086.23,ONE_POINT,100,100,RANDOM
truncation_60,0.5,60,151,15200,65.65597534179688,84051,84965.85,ONE_POINT,100,100,RANDOM
truncation_60,0.5,60,152,15300,66.0951898097992,83863,84857.67,ONE_POINT,100,100,RANDOM
truncation_60,0.5,60,153,15400,66.52869844436646,83863,84724.77,ONE_POINT,100,100,RANDOM
truncation_60,0.5,60,154,15500,66.94807147979736,83842,84570.29,ONE_POINT,100,100,RANDOM
truncation_60,0.5,60,155,15600,67.39410734176636,83692,84486.87,ONE_POINT,100,100,RANDOM
truncation_60,0.5,60,156,15700,67.8442063331604,83692,84424.54,ONE_POINT,100,100,RANDOM
truncation_60,0.5,60,157,15800,68.2781913280487,82944,84287.08,ONE_POINT,100,100,RANDOM
truncation_60,0.5,60,158,15900,68.71280336380005,82944,84181.05,ONE_POINT,100,100,RANDOM
truncation_60,0.5,60,159,16000,69.14733171463013,82944,84034.63,ONE_POINT,100,100,RANDOM
truncation_60,0.5,60,160,16100,69.5706787109375,82036,83912.01,ONE_POINT,100,100,RANDOM
truncation_60,0.5,60,161,16200,69.98653483390808,82036,83758.49,ONE_POINT,100,100,RANDOM
truncation_60,0.5,60,162,16300,70.43786644935608,82036,83619.52,ONE_POINT,100,100,RANDOM
truncation_60,0.5,60,163,16400,70.88631796836853,82036,83433.14,ONE_POINT,100,100,RANDOM
truncation_60,0.5,60,164,16500,71.32527041435242,82036,83274.14,ONE_POINT,100,100,RANDOM
truncation_60,0.5,60,165,16600,71.74968934059143,82036,83107.04,ONE_POINT,100,100,RANDOM
truncation_60,0.5,60,166,16700,72.17289471626282,82036,82978.61,ONE_POINT,100,100,RANDOM
truncation_60,0.5,60,167,16800,72.63354992866516,82036,82816.23,ONE_POINT,100,100,RANDOM
truncation_60,0.5,60,168,16900,73.05733799934387,81942,82682.13,ONE_POINT,100,100,RANDOM
truncation_60,0.5,60,169,17000,73.48209381103516,81942,82592.59,ONE_POINT,100,100,RANDOM
truncation_60,0.5,60,170,17100,73.90053415298462,81942,82511.83,ONE_POINT,100,100,RANDOM
truncation_60,0.5,60,171,17200,74.33214378356934,81833,82413.16,ONE_POINT,100,100,RANDOM
truncation_60,0.5,60,172,17300,74.80065488815308,81833,82320.44,ONE_POINT,100,100,RANDOM
truncation_60,0.5,60,173,17400,75.24052476882935,81760,82237.89,ONE_POINT,100,100,RANDOM
truncation_60,0.5,60,174,17500,75.66733050346375,81322,82161.47,ONE_POINT,100,100,RANDOM
truncation_60,0.5,60,175,17600,76.09583687782288,81199,82027.92,ONE_POINT,100,100,RANDOM
truncation_60,0.5,60,176,17700,76.57457637786865,81141,81910.68,ONE_POINT,100,100,RANDOM
truncation_60,0.5,60,177,17800,77.0362000465393,80909,81794.15,ONE_POINT,100,100,RANDOM
truncation_60,0.5,60,178,17900,77.45993733406067,80909,81712.63,ONE_POINT,100,100,RANDOM
truncation_60,0.5,60,179,18000,77.88607597351074,80385,81541.92,ONE_POINT,100,100,RANDOM
truncation_60,0.5,60,180,18100,78.31500935554504,80385,81379.58,ONE_POINT,100,100,RANDOM
truncation_60,0.5,60,181,18200,78.74032473564148,79672,81185.75,ONE_POINT,100,100,RANDOM
truncation_60,0.5,60,182,18300,79.1934494972229,79672,81021.95,ONE_POINT,100,100,RANDOM
truncation_60,0.5,60,183,18400,79.63091325759888,79617,80855.92,ONE_POINT,100,100,RANDOM
truncation_60,0.5,60,184,18500,80.07494783401489,79617,80689.06,ONE_POINT,100,100,RANDOM
truncation_60,0.5,60,185,18600,80.49546790122986,79501,80488.07,ONE_POINT,100,100,RANDOM
truncation_60,0.5,60,186,18700,80.92274713516235,79501,80281.95,ONE_POINT,100,100,RANDOM
truncation_60,0.5,60,187,18800,81.35789680480957,79151,80072.37,ONE_POINT,100,100,RANDOM
truncation_60,0.5,60,188,18900,81.7862298488617,79151,79922.18,ONE_POINT,100,100,RANDOM
truncation_60,0.5,60,189,19000,82.22592854499817,79065,79747.42,ONE_POINT,100,100,RANDOM
truncation_60,0.5,60,190,19100,82.65399956703186,78837,79577.12,ONE_POINT,100,100,RANDOM
truncation_60,0.5,60,191,19200,83.10238647460938,78685,79407.38,ONE_POINT,100,100,RANDOM
truncation_60,0.5,60,192,19300,83.55449223518372,78193,79309.93,ONE_POINT,100,100,RANDOM
truncation_60,0.5,60,193,19400,83.98523235321045,78193,79204.0,ONE_POINT,100,100,RANDOM
truncation_60,0.5,60,194,19500,84.41626572608948,78193,79075.17,ONE_POINT,100,100,RANDOM
truncation_60,0.5,60,195,19600,84.83849549293518,77956,78919.75,ONE_POINT,100,100,RANDOM
truncation_60,0.5,60,196,19700,85.2851767539978,77956,78824.67,ONE_POINT,100,100,RANDOM
truncation_60,0.5,60,197,19800,85.7261266708374,77956,78664.68,ONE_POINT,100,100,RANDOM
truncation_60,0.5,60,198,19900,86.16798686981201,77912,78494.1,ONE_POINT,100,100,RANDOM
truncation_60,0.5,60,199,20000,86.6035966873169,77738,78388.43,ONE_POINT,100,100,RANDOM
truncation_60,0.5,60,200,20100,87.04013085365295,77701,78292.08,ONE_POINT,100,100,RANDOM
truncation_60,0.5,60,201,20200,87.49278974533081,77112,78198.19,ONE_POINT,100,100,RANDOM
truncation_60,0.5,60,202,20300,87.92618346214294,77112,78135.39,ONE_POINT,100,100,RANDOM
truncation_60,0.5,60,203,20400,88.35215520858765,77112,78041.13,ONE_POINT,100,100,RANDOM
truncation_60,0.5,60,204,20500,88.77973294258118,77112,77984.46,ONE_POINT,100,100,RANDOM
truncation_60,0.5,60,205,20600,89.22631621360779,77112,77924.46,ONE_POINT,100,100,RANDOM
truncation_60,0.5,60,206,20700,89.6634635925293,77112,77856.11,ONE_POINT,100,100,RANDOM
truncation_60,0.5,60,207,20800,90.10201597213745,77086,77754.08,ONE_POINT,100,100,RANDOM
truncation_60,0.5,60,208,20900,90.52703261375427,76572,77679.26,ONE_POINT,100,100,RANDOM
truncation_60,0.5,60,209,21000,90.94966292381287,76572,77580.94,ONE_POINT,100,100,RANDOM
truncation_60,0.5,60,210,21100,91.37207365036011,76572,77472.49,ONE_POINT,100,100,RANDOM
truncation_60,0.5,60,211,21200,91.80583119392395,76572,77348.52,ONE_POINT,100,100,RANDOM
truncation_60,0.5,60,212,21300,92.23418760299683,76484,77244.76,ONE_POINT,100,100,RANDOM
truncation_60,0.5,60,213,21400,92.66470694541931,76397,77152.2,ONE_POINT,100,100,RANDOM
truncation_60,0.5,60,214,21500,93.08538436889648,76344,77050.77,ONE_POINT,100,100,RANDOM
truncation_60,0.5,60,215,21600,93.51836514472961,76344,77008.68,ONE_POINT,100,100,RANDOM
truncation_60,0.5,60,216,21700,93.94381260871887,76314,76983.83,ONE_POINT,100,100,RANDOM
truncation_60,0.5,60,217,21800,94.37513303756714,75722,76909.17,ONE_POINT,100,100,RANDOM
truncation_60,0.5,60,218,21900,94.81076645851135,75722,76830.18,ONE_POINT,100,100,RANDOM
truncation_60,0.5,60,219,22000,95.23992657661438,75610,76741.64,ONE_POINT,100,100,RANDOM
truncation_60,0.5,60,220,22100,95.68788743019104,75574,76685.92,ONE_POINT,100,100,RANDOM
truncation_60,0.5,60,221,22200,96.10750269889832,75524,76609.63,ONE_POINT,100,100,RANDOM
truncation_60,0.5,60,222,22300,96.53423976898193,75524,76505.17,ONE_POINT,100,100,RANDOM
truncation_60,0.5,60,223,22400,96.95932602882385,75524,76440.73,ONE_POINT,100,100,RANDOM
truncation_60,0.5,60,224,22500,97.39177918434143,75298,76317.56,ONE_POINT,100,100,RANDOM
truncation_60,0.5,60,225,22600,97.8351628780365,75298,76250.37,ONE_POINT,100,100,RANDOM
truncation_60,0.5,60,226,22700,98.25474762916565,75226,76068.93,ONE_POINT,100,100,RANDOM
truncation_60,0.5,60,227,22800,98.68625569343567,75226,75901.61,ONE_POINT,100,100,RANDOM
truncation_60,0.5,60,228,22900,99.11576199531555,75001,75731.11,ONE_POINT,100,100,RANDOM
truncation_60,0.5,60,229,23000,99.54396390914917,74834,75577.85,ONE_POINT,100,100,RANDOM
truncation_60,0.5,60,230,23100,99.98755502700806,74834,75430.42,ONE_POINT,100,100,RANDOM
truncation_60,0.5,60,231,23200,100.4259557723999,74702,75318.37,ONE_POINT,100,100,RANDOM
truncation_60,0.5,60,232,23300,100.85561847686768,74702,75224.54,ONE_POINT,100,100,RANDOM
truncation_60,0.5,60,233,23400,101.29246020317078,74693,75145.47,ONE_POINT,100,100,RANDOM
truncation_60,0.5,60,234,23500,101.73354363441467,74367,75033.97,ONE_POINT,100,100,RANDOM
truncation_60,0.5,60,235,23600,102.17952513694763,74257,74980.38,ONE_POINT,100,100,RANDOM
truncation_60,0.5,60,236,23700,102.62248802185059,74257,74883.35,ONE_POINT,100,100,RANDOM
truncation_60,0.5,60,237,23800,103.06404423713684,74257,74856.06,ONE_POINT,100,100,RANDOM
truncation_60,0.5,60,238,23900,103.50816011428833,74195,74758.57,ONE_POINT,100,100,RANDOM
truncation_60,0.5,60,239,24000,103.93328213691711,74184,74663.15,ONE_POINT,100,100,RANDOM
truncation_60,0.5,60,240,24100,104.37588310241699,73927,74587.12,ONE_POINT,100,100,RANDOM
truncation_60,0.5,60,241,24200,104.80368518829346,73927,74491.04,ONE_POINT,100,100,RANDOM
truncation_60,0.5,60,242,24300,105.23467206954956,73789,74389.3,ONE_POINT,100,100,RANDOM
truncation_60,0.5,60,243,24400,105.68345260620117,73789,74275.53,ONE_POINT,100,100,RANDOM
truncation_60,0.5,60,244,24500,106.10452032089233,73553,74198.6,ONE_POINT,100,100,RANDOM
truncation_60,0.5,60,245,24600,106.59426069259644,73553,74089.74,ONE_POINT,100,100,RANDOM
truncation_60,0.5,60,246,24700,107.02631330490112,73423,74052.51,ONE_POINT,100,100,RANDOM
truncation_60,0.5,60,247,24800,107.4527976512909,73423,73977.23,ONE_POINT,100,100,RANDOM
truncation_60,0.5,60,248,24900,107.8862738609314,73260,73912.0,ONE_POINT,100,100,RANDOM
truncation_60,0.5,60,249,25000,108.32895565032959,73069,73846.72,ONE_POINT,100,100,RANDOM
truncation_60,0.5,60,250,25100,108.75683331489563,72966,73724.02,ONE_POINT,100,100,RANDOM
truncation_60,0.5,60,251,25200,109.1946451663971,72552,73575.16,ONE_POINT,100,100,RANDOM
truncation_60,0.5,60,252,25300,109.62369394302368,72552,73431.87,ONE_POINT,100,100,RANDOM
truncation_60,0.5,60,253,25400,110.07286238670349,72552,73270.36,ONE_POINT,100,100,RANDOM
truncation_60,0.5,60,254,25500,110.51081800460815,72061,73126.45,ONE_POINT,100,100,RANDOM
truncation_60,0.5,60,255,25600,110.93594264984131,72061,72963.55,ONE_POINT,100,100,RANDOM
truncation_60,0.5,60,256,25700,111.36090683937073,72004,72837.91,ONE_POINT,100,100,RANDOM
truncation_60,0.5,60,257,25800,111.78994035720825,71892,72681.63,ONE_POINT,100,100,RANDOM
truncation_60,0.5,60,258,25900,112.2390820980072,71499,72611.67,ONE_POINT,100,100,RANDOM
truncation_60,0.5,60,259,26000,112.70058584213257,71499,72495.21,ONE_POINT,100,100,RANDOM
truncation_60,0.5,60,260,26100,113.14278244972229,71499,72386.77,ONE_POINT,100,100,RANDOM
truncation_60,0.5,60,261,26200,113.57440733909607,71499,72301.13,ONE_POINT,100,100,RANDOM
truncation_60,0.5,60,262,26300,114.00459384918213,71499,72189.09,ONE_POINT,100,100,RANDOM
truncation_60,0.5,60,263,26400,114.4349627494812,71499,72100.33,ONE_POINT,100,100,RANDOM
truncation_60,0.5,60,264,26500,114.89215517044067,71499,72026.67,ONE_POINT,100,100,RANDOM
truncation_60,0.5,60,265,26600,115.31999492645264,71499,71958.59,ONE_POINT,100,100,RANDOM
truncation_60,0.5,60,266,26700,115.746346950531,71220,71847.04,ONE_POINT,100,100,RANDOM
truncation_60,0.5,60,267,26800,116.17209005355835,71005,71746.06,ONE_POINT,100,100,RANDOM
truncation_60,0.5,60,268,26900,116.60864567756653,71005,71652.32,ONE_POINT,100,100,RANDOM
truncation_60,0.5,60,269,27000,117.04029273986816,71005,71608.69,ONE_POINT,100,100,RANDOM
truncation_60,0.5,60,270,27100,117.46450638771057,71005,71536.15,ONE_POINT,100,100,RANDOM
truncation_60,0.5,60,271,27200,117.90643501281738,71005,71479.2,ONE_POINT,100,100,RANDOM
truncation_60,0.5,60,272,27300,118.3269293308258,70863,71366.6,ONE_POINT,100,100,RANDOM
truncation_60,0.5,60,273,27400,118.77304434776306,70863,71270.37,ONE_POINT,100,100,RANDOM
truncation_60,0.5,60,274,27500,119.20058703422546,70653,71165.4,ONE_POINT,100,100,RANDOM
truncation_60,0.5,60,275,27600,119.71164035797119,70584,71101.46,ONE_POINT,100,100,RANDOM
truncation_60,0.5,60,276,27700,120.15177583694458,70493,71035.02,ONE_POINT,100,100,RANDOM
truncation_60,0.5,60,277,27800,120.63500142097473,70023,70931.89,ONE_POINT,100,100,RANDOM
truncation_60,0.5,60,278,27900,121.08996224403381,70023,70826.04,ONE_POINT,100,100,RANDOM
truncation_60,0.5,60,279,28000,121.52271890640259,70023,70724.41,ONE_POINT,100,100,RANDOM
truncation_60,0.5,60,280,28100,121.98450517654419,69775,70577.29,ONE_POINT,100,100,RANDOM
truncation_60,0.5,60,281,28200,122.41963171958923,69775,70459.15,ONE_POINT,100,100,RANDOM
truncation_60,0.5,60,282,28300,122.83292007446289,69581,70306.08,ONE_POINT,100,100,RANDOM
truncation_60,0.5,60,283,28400,123.28567576408386,69528,70189.69,ONE_POINT,100,100,RANDOM
truncation_60,0.5,60,284,28500,123.71083998680115,69443,70124.64,ONE_POINT,100,100,RANDOM
truncation_60,0.5,60,285,28600,124.12691187858582,69269,70031.23,ONE_POINT,100,100,RANDOM
truncation_60,0.5,60,286,28700,124.55027103424072,69269,69938.04,ONE_POINT,100,100,RANDOM
truncation_60,0.5,60,287,28800,124.98819828033447,69182,69850.01,ONE_POINT,100,100,RANDOM
truncation_60,0.5,60,288,28900,125.43745613098145,69032,69705.29,ONE_POINT,100,100,RANDOM
truncation_60,0.5,60,289,29000,125.88099527359009,69032,69623.11,ONE_POINT,100,100,RANDOM
truncation_60,0.5,60,290,29100,126.31598162651062,69032,69546.0,ONE_POINT,100,100,RANDOM
truncation_60,0.5,60,291,29200,126.7640585899353,68922,69424.3,ONE_POINT,100,100,RANDOM
truncation_60,0.5,60,292,29300,127.20411324501038,68922,69379.68,ONE_POINT,100,100,RANDOM
truncation_60,0.5,60,293,29400,127.64385437965393,68851,69297.53,ONE_POINT,100,100,RANDOM
truncation_60,0.5,60,294,29500,128.08015966415405,68691,69226.68,ONE_POINT,100,100,RANDOM
truncation_60,0.5,60,295,29600,128.50670552253723,68465,69160.52,ONE_POINT,100,100,RANDOM
truncation_60,0.5,60,296,29700,128.93667435646057,68130,69097.75,ONE_POINT,100,100,RANDOM
truncation_60,0.5,60,297,29800,129.37763619422913,68130,69052.88,ONE_POINT,100,100,RANDOM
truncation_60,0.5,60,298,29900,129.8124384880066,68130,69000.82,ONE_POINT,100,100,RANDOM
truncation_60,0.5,60,299,30000,130.24449849128723,68130,68914.92,ONE_POINT,100,100,RANDOM
truncation_60,0.5,60,300,30100,130.66510391235352,68130,68831.51,ONE_POINT,100,100,RANDOM
truncation_60,0.5,60,301,30200,131.10437893867493,68058,68720.32,ONE_POINT,100,100,RANDOM
truncation_60,0.5,60,302,30300,131.56540894508362,68058,68623.43,ONE_POINT,100,100,RANDOM
truncation_60,0.5,60,303,30400,132.00511646270752,67956,68504.19,ONE_POINT,100,100,RANDOM
truncation_60,0.5,60,304,30500,132.42998027801514,67956,68465.46,ONE_POINT,100,100,RANDOM
truncation_60,0.5,60,305,30600,132.86258387565613,67635,68407.19,ONE_POINT,100,100,RANDOM
truncation_60,0.5,60,306,30700,133.29161643981934,67350,68346.23,ONE_POINT,100,100,RANDOM
truncation_60,0.5,60,307,30800,133.73558068275452,67350,68260.55,ONE_POINT,100,100,RANDOM
truncation_60,0.5,60,308,30900,134.1828968524933,67350,68184.34,ONE_POINT,100,100,RANDOM
truncation_60,0.5,60,309,31000,134.6174454689026,67350,68099.0,ONE_POINT,100,100,RANDOM
truncation_60,0.5,60,310,31100,135.03976964950562,67350,67936.97,ONE_POINT,100,100,RANDOM
truncation_60,0.5,60,311,31200,135.4753019809723,66985,67882.23,ONE_POINT,100,100,RANDOM
truncation_60,0.5,60,312,31300,135.91780352592468,66985,67758.23,ONE_POINT,100,100,RANDOM
truncation_60,0.5,60,313,31400,136.33343863487244,66985,67637.99,ONE_POINT,100,100,RANDOM
truncation_60,0.5,60,314,31500,136.78140544891357,66715,67481.85,ONE_POINT,100,100,RANDOM
truncation_60,0.5,60,315,31600,137.21197843551636,66673,67391.64,ONE_POINT,100,100,RANDOM
truncation_60,0.5,60,316,31700,137.65075588226318,66673,67344.45,ONE_POINT,100,100,RANDOM
truncation_60,0.5,60,317,31800,138.0770080089569,66673,67305.86,ONE_POINT,100,100,RANDOM
truncation_60,0.5,60,318,31900,138.51960253715515,66673,67229.92,ONE_POINT,100,100,RANDOM
truncation_60,0.5,60,319,32000,138.9671928882599,66558,67137.67,ONE_POINT,100,100,RANDOM
truncation_60,0.5,60,320,32100,139.39186263084412,66439,67082.5,ONE_POINT,100,100,RANDOM
truncation_60,0.5,60,321,32200,139.831392288208,66153,66991.89,ONE_POINT,100,100,RANDOM
truncation_60,0.5,60,322,32300,140.25573182106018,65878,66851.65,ONE_POINT,100,100,RANDOM
truncation_60,0.5,60,323,32400,140.68005681037903,65878,66769.45,ONE_POINT,100,100,RANDOM
truncation_60,0.5,60,324,32500,141.1185326576233,65813,66697.67,ONE_POINT,100,100,RANDOM
truncation_60,0.5,60,325,32600,141.54847884178162,65813,66548.5,ONE_POINT,100,100,RANDOM
truncation_60,0.5,60,326,32700,141.99506187438965,65813,66398.72,ONE_POINT,100,100,RANDOM
truncation_60,0.5,60,327,32800,142.42254972457886,65557,66268.24,ONE_POINT,100,100,RANDOM
truncation_60,0.5,60,328,32900,142.84850239753723,65506,66157.68,ONE_POINT,100,100,RANDOM
truncation_60,0.5,60,329,33000,143.28462719917297,65425,66059.15,ONE_POINT,100,100,RANDOM
truncation_60,0.5,60,330,33100,143.7126498222351,65196,65960.12,ONE_POINT,100,100,RANDOM
truncation_60,0.5,60,331,33200,144.1562695503235,64971,65882.61,ONE_POINT,100,100,RANDOM
truncation_60,0.5,60,332,33300,144.5892834663391,64971,65803.26,ONE_POINT,100,100,RANDOM
truncation_60,0.5,60,333,33400,145.01197004318237,64971,65729.14,ONE_POINT,100,100,RANDOM
truncation_60,0.5,60,334,33500,145.44480657577515,64971,65695.91,ONE_POINT,100,100,RANDOM
truncation_60,0.5,60,335,33600,145.89405632019043,64940,65623.06,ONE_POINT,100,100,RANDOM
truncation_60,0.5,60,336,33700,146.34292101860046,64940,65544.51,ONE_POINT,100,100,RANDOM
truncation_60,0.5,60,337,33800,146.78002429008484,64940,65416.91,ONE_POINT,100,100,RANDOM
truncation_60,0.5,60,338,33900,147.20100927352905,64772,65319.98,ONE_POINT,100,100,RANDOM
truncation_60,0.5,60,339,34000,147.6269257068634,64772,65252.42,ONE_POINT,100,100,RANDOM
truncation_60,0.5,60,340,34100,148.05179595947266,64637,65171.27,ONE_POINT,100,100,RANDOM
truncation_60,0.5,60,341,34200,148.48685836791992,64637,65117.29,ONE_POINT,100,100,RANDOM
truncation_60,0.5,60,342,34300,148.91976475715637,64525,65081.07,ONE_POINT,100,100,RANDOM
truncation_60,0.5,60,343,34400,149.35050177574158,64443,65030.49,ONE_POINT,100,100,RANDOM
truncation_60,0.5,60,344,34500,149.7997350692749,64434,64981.34,ONE_POINT,100,100,RANDOM
truncation_60,0.5,60,345,34600,150.22901701927185,64387,64895.56,ONE_POINT,100,100,RANDOM
truncation_60,0.5,60,346,34700,150.71513319015503,64380,64789.29,ONE_POINT,100,100,RANDOM
truncation_60,0.5,60,347,34800,151.1398046016693,64272,64722.03,ONE_POINT,100,100,RANDOM
truncation_60,0.5,60,348,34900,151.5825550556183,63929,64626.6,ONE_POINT,100,100,RANDOM
truncation_60,0.5,60,349,35000,152.0277078151703,63929,64530.85,ONE_POINT,100,100,RANDOM
truncation_60,0.5,60,350,35100,152.4724531173706,63809,64444.3,ONE_POINT,100,100,RANDOM
truncation_60,0.5,60,351,35200,152.92771363258362,63602,64363.22,ONE_POINT,100,100,RANDOM
truncation_60,0.5,60,352,35300,153.3573408126831,63602,64264.03,ONE_POINT,100,100,RANDOM
truncation_60,0.5,60,353,35400,153.79286885261536,63602,64222.17,ONE_POINT,100,100,RANDOM
truncation_60,0.5,60,354,35500,154.22946166992188,63602,64161.48,ONE_POINT,100,100,RANDOM
truncation_60,0.5,60,355,35600,154.6755931377411,63602,64125.36,ONE_POINT,100,100,RANDOM
truncation_60,0.5,60,356,35700,155.10023617744446,63602,64097.59,ONE_POINT,100,100,RANDOM
truncation_60,0.5,60,357,35800,155.52522826194763,63602,64045.24,ONE_POINT,100,100,RANDOM
truncation_60,0.5,60,358,35900,155.9481942653656,63587,64009.82,ONE_POINT,100,100,RANDOM
truncation_60,0.5,60,359,36000,156.38012170791626,63583,63957.44,ONE_POINT,100,100,RANDOM
truncation_60,0.5,60,360,36100,156.81175780296326,63368,63917.0,ONE_POINT,100,100,RANDOM
truncation_60,0.5,60,361,36200,157.23771357536316,63216,63865.89,ONE_POINT,100,100,RANDOM
truncation_60,0.5,60,362,36300,157.66532850265503,63216,63816.65,ONE_POINT,100,100,RANDOM
truncation_60,0.5,60,363,36400,158.09552192687988,63125,63765.29,ONE_POINT,100,100,RANDOM
truncation_60,0.5,60,364,36500,158.5447473526001,63125,63672.44,ONE_POINT,100,100,RANDOM
truncation_60,0.5,60,365,36600,158.98724913597107,63042,63619.99,ONE_POINT,100,100,RANDOM
truncation_60,0.5,60,366,36700,159.4111785888672,63042,63557.33,ONE_POINT,100,100,RANDOM
truncation_60,0.5,60,367,36800,159.84065008163452,63042,63473.65,ONE_POINT,100,100,RANDOM
truncation_60,0.5,60,368,36900,160.27370858192444,63042,63384.4,ONE_POINT,100,100,RANDOM
truncation_60,0.5,60,369,37000,160.72996926307678,63042,63325.78,ONE_POINT,100,100,RANDOM
truncation_60,0.5,60,370,37100,161.1608304977417,63042,63291.04,ONE_POINT,100,100,RANDOM
truncation_60,0.5,60,371,37200,161.5904896259308,63020,63253.78,ONE_POINT,100,100,RANDOM
truncation_60,0.5,60,372,37300,162.01668906211853,62930,63197.42,ONE_POINT,100,100,RANDOM
truncation_60,0.5,60,373,37400,162.44944596290588,62902,63151.08,ONE_POINT,100,100,RANDOM
truncation_60,0.5,60,374,37500,162.90341997146606,62801,63110.81,ONE_POINT,100,100,RANDOM
truncation_60,0.5,60,375,37600,163.34257912635803,62629,63067.05,ONE_POINT,100,100,RANDOM
truncation_60,0.5,60,376,37700,163.76815700531006,62629,63023.59,ONE_POINT,100,100,RANDOM
truncation_60,0.5,60,377,37800,164.2046184539795,62629,62981.0,ONE_POINT,100,100,RANDOM
truncation_60,0.5,60,378,37900,164.62993454933167,62546,62932.19,ONE_POINT,100,100,RANDOM
truncation_60,0.5,60,379,38000,165.08236980438232,62525,62872.97,ONE_POINT,100,100,RANDOM
truncation_60,0.5,60,380,38100,165.49837732315063,62114,62808.81,ONE_POINT,100,100,RANDOM
truncation_60,0.5,60,381,38200,165.92898225784302,62114,62750.95,ONE_POINT,100,100,RANDOM
truncation_60,0.5,60,382,38300,166.36816668510437,62114,62709.4,ONE_POINT,100,100,RANDOM
truncation_60,0.5,60,383,38400,166.78304147720337,62114,62632.91,ONE_POINT,100,100,RANDOM
truncation_60,0.5,60,384,38500,167.2483892440796,62114,62575.58,ONE_POINT,100,100,RANDOM
truncation_60,0.5,60,385,38600,167.6762466430664,61957,62498.23,ONE_POINT,100,100,RANDOM
truncation_60,0.5,60,386,38700,168.0963523387909,61957,62463.54,ONE_POINT,100,100,RANDOM
truncation_60,0.5,60,387,38800,168.52574038505554,61957,62385.32,ONE_POINT,100,100,RANDOM
truncation_60,0.5,60,388,38900,168.95508909225464,61914,62321.14,ONE_POINT,100,100,RANDOM
truncation_60,0.5,60,389,39000,169.38562512397766,61914,62277.86,ONE_POINT,100,100,RANDOM
truncation_60,0.5,60,390,39100,169.84736156463623,61908,62223.31,ONE_POINT,100,100,RANDOM
truncation_60,0.5,60,391,39200,170.27834963798523,61845,62172.63,ONE_POINT,100,100,RANDOM
truncation_60,0.5,60,392,39300,170.70906329154968,61688,62120.41,ONE_POINT,100,100,RANDOM
truncation_60,0.5,60,393,39400,171.12789630889893,61687,62057.86,ONE_POINT,100,100,RANDOM
truncation_60,0.5,60,394,39500,171.55005979537964,61622,62008.33,ONE_POINT,100,100,RANDOM
truncation_60,0.5,60,395,39600,172.0016541481018,61622,61940.67,ONE_POINT,100,100,RANDOM
truncation_60,0.5,60,396,39700,172.42323565483093,61466,61900.2,ONE_POINT,100,100,RANDOM
truncation_60,0.5,60,397,39800,172.85285592079163,61466,61837.08,ONE_POINT,100,100,RANDOM
truncation_60,0.5,60,398,39900,173.28792691230774,61466,61807.38,ONE_POINT,100,100,RANDOM
truncation_60,0.5,60,399,40000,173.739981174469,61452,61749.35,ONE_POINT,100,100,RANDOM
truncation_60,0.5,60,400,40100,174.19107174873352,61177,61698.25,ONE_POINT,100,100,RANDOM
truncation_60,0.5,60,401,40200,174.6370301246643,61167,61666.64,ONE_POINT,100,100,RANDOM
truncation_60,0.5,60,402,40300,175.0644428730011,61167,61617.38,ONE_POINT,100,100,RANDOM
truncation_60,0.5,60,403,40400,175.51004576683044,60913,61579.41,ONE_POINT,100,100,RANDOM
truncation_60,0.5,60,404,40500,175.94792556762695,60913,61531.86,ONE_POINT,100,100,RANDOM
truncation_60,0.5,60,405,40600,176.4062740802765,60913,61468.53,ONE_POINT,100,100,RANDOM
truncation_60,0.5,60,406,40700,176.84489464759827,60759,61384.08,ONE_POINT,100,100,RANDOM
truncation_60,0.5,60,407,40800,177.26793432235718,60759,61318.13,ONE_POINT,100,100,RANDOM
truncation_60,0.5,60,408,40900,177.7111792564392,60759,61259.27,ONE_POINT,100,100,RANDOM
truncation_60,0.5,60,409,41000,178.14574718475342,60759,61194.57,ONE_POINT,100,100,RANDOM
truncation_60,0.5,60,410,41100,178.5787374973297,60759,61151.06,ONE_POINT,100,100,RANDOM
truncation_60,0.5,60,411,41200,179.01330590248108,60693,61112.57,ONE_POINT,100,100,RANDOM
truncation_60,0.5,60,412,41300,179.44344782829285,60693,61074.23,ONE_POINT,100,100,RANDOM
truncation_60,0.5,60,413,41400,179.89470887184143,60621,61034.68,ONE_POINT,100,100,RANDOM
truncation_60,0.5,60,414,41500,180.32139921188354,60621,60983.12,ONE_POINT,100,100,RANDOM
truncation_60,0.5,60,415,41600,180.75564527511597,60537,60909.73,ONE_POINT,100,100,RANDOM
truncation_60,0.5,60,416,41700,181.18229293823242,60537,60886.41,ONE_POINT,100,100,RANDOM
truncation_60,0.5,60,417,41800,181.61213731765747,60381,60802.4,ONE_POINT,100,100,RANDOM
truncation_60,0.5,60,418,41900,182.0557565689087,59902,60711.97,ONE_POINT,100,100,RANDOM
truncation_60,0.5,60,419,42000,182.4916274547577,59902,60663.1,ONE_POINT,100,100,RANDOM
truncation_60,0.5,60,420,42100,182.93462777137756,59902,60587.56,ONE_POINT,100,100,RANDOM
truncation_60,0.5,60,421,42200,183.36341500282288,59902,60539.9,ONE_POINT,100,100,RANDOM
truncation_60,0.5,60,422,42300,183.80490827560425,59902,60490.43,ONE_POINT,100,100,RANDOM
truncation_60,0.5,60,423,42400,184.24129581451416,59902,60438.88,ONE_POINT,100,100,RANDOM
truncation_60,0.5,60,424,42500,184.70858216285706,59902,60376.27,ONE_POINT,100,100,RANDOM
truncation_60,0.5,60,425,42600,185.1529941558838,59850,60339.53,ONE_POINT,100,100,RANDOM
truncation_60,0.5,60,426,42700,185.5763702392578,59850,60284.36,ONE_POINT,100,100,RANDOM
truncation_60,0.5,60,427,42800,186.0517430305481,59850,60222.38,ONE_POINT,100,100,RANDOM
truncation_60,0.5,60,428,42900,186.4706301689148,59742,60168.81,ONE_POINT,100,100,RANDOM
truncation_60,0.5,60,429,43000,186.89484286308289,59742,60119.62,ONE_POINT,100,100,RANDOM
truncation_60,0.5,60,430,43100,187.33600616455078,59742,60074.33,ONE_POINT,100,100,RANDOM
truncation_60,0.5,60,431,43200,187.7750895023346,59684,60018.69,ONE_POINT,100,100,RANDOM
truncation_60,0.5,60,432,43300,188.2097852230072,59653,59965.72,ONE_POINT,100,100,RANDOM
truncation_60,0.5,60,433,43400,188.64369416236877,59618,59913.53,ONE_POINT,100,100,RANDOM
truncation_60,0.5,60,434,43500,189.1033914089203,59618,59852.53,ONE_POINT,100,100,RANDOM
truncation_60,0.5,60,435,43600,189.6174235343933,59541,59827.6,ONE_POINT,100,100,RANDOM
truncation_60,0.5,60,436,43700,190.11740803718567,59424,59776.67,ONE_POINT,100,100,RANDOM
truncation_60,0.5,60,437,43800,190.56544828414917,59402,59733.19,ONE_POINT,100,100,RANDOM
truncation_60,0.5,60,438,43900,190.9842824935913,59402,59690.12,ONE_POINT,100,100,RANDOM
truncation_60,0.5,60,439,44000,191.43734073638916,59306,59656.71,ONE_POINT,100,100,RANDOM
truncation_60,0.5,60,440,44100,191.8686900138855,59283,59626.79,ONE_POINT,100,100,RANDOM
truncation_60,0.5,60,441,44200,192.31529593467712,59147,59589.16,ONE_POINT,100,100,RANDOM
truncation_60,0.5,60,442,44300,192.7421751022339,59137,59545.28,ONE_POINT,100,100,RANDOM
truncation_60,0.5,60,443,44400,193.17373085021973,59007,59505.35,ONE_POINT,100,100,RANDOM
truncation_60,0.5,60,444,44500,193.6094422340393,59007,59465.08,ONE_POINT,100,100,RANDOM
truncation_60,0.5,60,445,44600,194.0479772090912,58976,59396.96,ONE_POINT,100,100,RANDOM
truncation_60,0.5,60,446,44700,194.50264525413513,58909,59341.14,ONE_POINT,100,100,RANDOM
truncation_60,0.5,60,447,44800,194.92697191238403,58909,59310.38,ONE_POINT,100,100,RANDOM
truncation_60,0.5,60,448,44900,195.34379506111145,58842,59255.29,ONE_POINT,100,100,RANDOM
truncation_60,0.5,60,449,45000,195.7747688293457,58712,59196.89,ONE_POINT,100,100,RANDOM
truncation_60,0.5,60,450,45100,196.2078080177307,58712,59157.63,ONE_POINT,100,100,RANDOM
truncation_60,0.5,60,451,45200,196.66717886924744,58712,59110.49,ONE_POINT,100,100,RANDOM
truncation_60,0.5,60,452,45300,197.10355710983276,58712,59079.05,ONE_POINT,100,100,RANDOM
truncation_60,0.5,60,453,45400,197.5219497680664,58712,59043.42,ONE_POINT,100,100,RANDOM
truncation_60,0.5,60,454,45500,197.94887781143188,58589,58990.63,ONE_POINT,100,100,RANDOM
truncation_60,0.5,60,455,45600,198.39119505882263,58589,58961.79,ONE_POINT,100,100,RANDOM
truncation_60,0.5,60,456,45700,198.83692359924316,58589,58922.51,ONE_POINT,100,100,RANDOM
truncation_60,0.5,60,457,45800,199.27597665786743,58393,58897.49,ONE_POINT,100,100,RANDOM
truncation_60,0.5,60,458,45900,199.71052169799805,58393,58870.24,ONE_POINT,100,100,RANDOM
truncation_60,0.5,60,459,46000,200.14582633972168,58393,58804.81,ONE_POINT,100,100,RANDOM
truncation_60,0.5,60,460,46100,200.60124683380127,58393,58745.65,ONE_POINT,100,100,RANDOM
truncation_60,0.5,60,461,46200,201.03583240509033,58181,58696.29,ONE_POINT,100,100,RANDOM
truncation_60,0.5,60,462,46300,201.4786159992218,58076,58653.1,ONE_POINT,100,100,RANDOM
truncation_60,0.5,60,463,46400,201.89445805549622,58076,58632.75,ONE_POINT,100,100,RANDOM
truncation_60,0.5,60,464,46500,202.3262312412262,58076,58618.22,ONE_POINT,100,100,RANDOM
truncation_60,0.5,60,465,46600,202.77499127388,58076,58569.82,ONE_POINT,100,100,RANDOM
truncation_60,0.5,60,466,46700,203.20594263076782,58076,58495.18,ONE_POINT,100,100,RANDOM
truncation_60,0.5,60,467,46800,203.64652109146118,58024,58431.35,ONE_POINT,100,100,RANDOM
truncation_60,0.5,60,468,46900,204.07412266731262,58024,58373.62,ONE_POINT,100,100,RANDOM
truncation_60,0.5,60,469,47000,204.5003547668457,57923,58336.39,ONE_POINT,100,100,RANDOM
truncation_60,0.5,60,470,47100,204.94321823120117,57923,58285.26,ONE_POINT,100,100,RANDOM
truncation_60,0.5,60,471,47200,205.36936354637146,57802,58233.46,ONE_POINT,100,100,RANDOM
truncation_60,0.5,60,472,47300,205.79759740829468,57802,58183.01,ONE_POINT,100,100,RANDOM
truncation_60,0.5,60,473,47400,206.2287585735321,57802,58146.87,ONE_POINT,100,100,RANDOM
truncation_60,0.5,60,474,47500,206.65299034118652,57585,58106.85,ONE_POINT,100,100,RANDOM
truncation_60,0.5,60,475,47600,207.1046462059021,57585,58064.28,ONE_POINT,100,100,RANDOM
truncation_60,0.5,60,476,47700,207.5249149799347,57432,58022.49,ONE_POINT,100,100,RANDOM
truncation_60,0.5,60,477,47800,207.95514631271362,57432,57967.95,ONE_POINT,100,100,RANDOM
truncation_60,0.5,60,478,47900,208.37446093559265,57432,57915.42,ONE_POINT,100,100,RANDOM
truncation_60,0.5,60,479,48000,208.80686354637146,57432,57836.54,ONE_POINT,100,100,RANDOM
truncation_60,0.5,60,480,48100,209.2563750743866,57239,57792.54,ONE_POINT,100,100,RANDOM
truncation_60,0.5,60,481,48200,209.6746165752411,57239,57734.94,ONE_POINT,100,100,RANDOM
truncation_60,0.5,60,482,48300,210.0988302230835,57239,57726.18,ONE_POINT,100,100,RANDOM
truncation_60,0.5,60,483,48400,210.52905797958374,57125,57693.9,ONE_POINT,100,100,RANDOM
truncation_60,0.5,60,484,48500,210.95702028274536,57125,57665.68,ONE_POINT,100,100,RANDOM
truncation_60,0.5,60,485,48600,211.402010679245,57010,57612.34,ONE_POINT,100,100,RANDOM
truncation_60,0.5,60,486,48700,211.8266625404358,57010,57580.44,ONE_POINT,100,100,RANDOM
truncation_60,0.5,60,487,48800,212.26610493659973,57010,57469.5,ONE_POINT,100,100,RANDOM
truncation_60,0.5,60,488,48900,212.69274592399597,56990,57406.16,ONE_POINT,100,100,RANDOM
truncation_60,0.5,60,489,49000,213.13408994674683,56968,57358.37,ONE_POINT,100,100,RANDOM
truncation_60,0.5,60,490,49100,213.61923837661743,56808,57301.59,ONE_POINT,100,100,RANDOM
truncation_60,0.5,60,491,49200,214.0551769733429,56808,57250.16,ONE_POINT,100,100,RANDOM
truncation_60,0.5,60,492,49300,214.47537302970886,56808,57189.46,ONE_POINT,100,100,RANDOM
truncation_60,0.5,60,493,49400,214.91099667549133,56808,57114.34,ONE_POINT,100,100,RANDOM
truncation_60,0.5,60,494,49500,215.3571162223816,56617,57042.53,ONE_POINT,100,100,RANDOM
truncation_60,0.5,60,495,49600,215.81384229660034,56617,56995.02,ONE_POINT,100,100,RANDOM
truncation_60,0.5,60,496,49700,216.2374074459076,56455,56945.31,ONE_POINT,100,100,RANDOM
truncation_60,0.5,60,497,49800,216.66796135902405,56455,56899.83,ONE_POINT,100,100,RANDOM
truncation_60,0.5,60,498,49900,217.0950255393982,56455,56837.07,ONE_POINT,100,100,RANDOM
truncation_60,0.5,60,499,50000,217.53507018089294,56455,56783.08,ONE_POINT,100,100,RANDOM
truncation_60,0.5,60,500,50100,217.9804811477661,56364,56711.87,ONE_POINT,100,100,RANDOM
truncation_60,0.5,80,1,200,0.30323195457458496,133415,149809.18,ONE_POINT,100,100,RANDOM
truncation_60,0.5,80,2,300,0.7390050888061523,132310,146047.37,ONE_POINT,100,100,RANDOM
truncation_60,0.5,80,3,400,1.1870982646942139,130083,143370.58,ONE_POINT,100,100,RANDOM
truncation_60,0.5,80,4,500,1.683274269104004,129704,141002.49,ONE_POINT,100,100,RANDOM
truncation_60,0.5,80,5,600,2.1176719665527344,129704,139155.1,ONE_POINT,100,100,RANDOM
truncation_60,0.5,80,6,700,2.5459227561950684,129704,137339.5,ONE_POINT,100,100,RANDOM
truncation_60,0.5,80,7,800,2.987736463546753,129704,136009.1,ONE_POINT,100,100,RANDOM
truncation_60,0.5,80,8,900,3.4097535610198975,127003,134522.19,ONE_POINT,100,100,RANDOM
truncation_60,0.5,80,9,1000,3.8400206565856934,126803,132456.39,ONE_POINT,100,100,RANDOM
truncation_60,0.5,80,10,1100,4.319370746612549,125894,131645.59,ONE_POINT,100,100,RANDOM
truncation_60,0.5,80,11,1200,4.75031852722168,124900,130493.26,ONE_POINT,100,100,RANDOM
truncation_60,0.5,80,12,1300,5.206462621688843,122638,128840.04,ONE_POINT,100,100,RANDOM
truncation_60,0.5,80,13,1400,5.638925313949585,121596,127711.76,ONE_POINT,100,100,RANDOM
truncation_60,0.5,80,14,1500,6.063297271728516,121596,126990.3,ONE_POINT,100,100,RANDOM
truncation_60,0.5,80,15,1600,6.496922254562378,120891,125679.18,ONE_POINT,100,100,RANDOM
truncation_60,0.5,80,16,1700,6.914011001586914,116297,124743.46,ONE_POINT,100,100,RANDOM
truncation_60,0.5,80,17,1800,7.365415096282959,116297,123579.13,ONE_POINT,100,100,RANDOM
truncation_60,0.5,80,18,1900,7.7844460010528564,116297,122564.13,ONE_POINT,100,100,RANDOM
truncation_60,0.5,80,19,2000,8.218661308288574,116297,122096.04,ONE_POINT,100,100,RANDOM
truncation_60,0.5,80,20,2100,8.662415266036987,115543,121558.81,ONE_POINT,100,100,RANDOM
truncation_60,0.5,80,21,2200,9.083756923675537,115543,120973.57,ONE_POINT,100,100,RANDOM
truncation_60,0.5,80,22,2300,9.52403974533081,115543,120350.91,ONE_POINT,100,100,RANDOM
truncation_60,0.5,80,23,2400,9.943700075149536,114608,119525.44,ONE_POINT,100,100,RANDOM
truncation_60,0.5,80,24,2500,10.383683204650879,112805,118800.21,ONE_POINT,100,100,RANDOM
truncation_60,0.5,80,25,2600,10.811764001846313,112423,118226.88,ONE_POINT,100,100,RANDOM
truncation_60,0.5,80,26,2700,11.246161222457886,112423,117481.42,ONE_POINT,100,100,RANDOM
truncation_60,0.5,80,27,2800,11.70368766784668,111303,116831.74,ONE_POINT,100,100,RANDOM
truncation_60,0.5,80,28,2900,12.131567001342773,111303,116196.03,ONE_POINT,100,100,RANDOM
truncation_60,0.5,80,29,3000,12.575987577438354,111303,115099.51,ONE_POINT,100,100,RANDOM
truncation_60,0.5,80,30,3100,13.01349925994873,110735,114121.66,ONE_POINT,100,100,RANDOM
truncation_60,0.5,80,31,3200,13.457054615020752,110237,113449.66,ONE_POINT,100,100,RANDOM
truncation_60,0.5,80,32,3300,13.876468181610107,106681,112713.28,ONE_POINT,100,100,RANDOM
truncation_60,0.5,80,33,3400,14.322796821594238,106681,112055.52,ONE_POINT,100,100,RANDOM
truncation_60,0.5,80,34,3500,14.752294778823853,106681,111538.87,ONE_POINT,100,100,RANDOM
truncation_60,0.5,80,35,3600,15.191847085952759,105815,110728.2,ONE_POINT,100,100,RANDOM
truncation_60,0.5,80,36,3700,15.630123615264893,105719,110159.26,ONE_POINT,100,100,RANDOM
truncation_60,0.5,80,37,3800,16.056992530822754,105719,109198.78,ONE_POINT,100,100,RANDOM
truncation_60,0.5,80,38,3900,16.499042510986328,105719,108722.47,ONE_POINT,100,100,RANDOM
truncation_60,0.5,80,39,4000,16.931347131729126,105690,108233.24,ONE_POINT,100,100,RANDOM
truncation_60,0.5,80,40,4100,17.362741231918335,105352,107643.99,ONE_POINT,100,100,RANDOM
truncation_60,0.5,80,41,4200,17.805986166000366,105316,107263.83,ONE_POINT,100,100,RANDOM
truncation_60,0.5,80,42,4300,18.22626519203186,105316,106942.68,ONE_POINT,100,100,RANDOM
truncation_60,0.5,80,43,4400,18.65768337249756,104314,106509.64,ONE_POINT,100,100,RANDOM
truncation_60,0.5,80,44,4500,19.09229016304016,104314,106129.29,ONE_POINT,100,100,RANDOM
truncation_60,0.5,80,45,4600,19.52996826171875,104271,105776.58,ONE_POINT,100,100,RANDOM
truncation_60,0.5,80,46,4700,19.975008010864258,104271,105461.11,ONE_POINT,100,100,RANDOM
truncation_60,0.5,80,47,4800,20.41135311126709,103507,105201.75,ONE_POINT,100,100,RANDOM
truncation_60,0.5,80,48,4900,20.87342143058777,103507,104827.4,ONE_POINT,100,100,RANDOM
truncation_60,0.5,80,49,5000,21.31432867050171,103177,104711.13,ONE_POINT,100,100,RANDOM
truncation_60,0.5,80,50,5100,21.77936029434204,102664,104464.02,ONE_POINT,100,100,RANDOM
truncation_60,0.5,80,51,5200,22.25620698928833,102021,104244.38,ONE_POINT,100,100,RANDOM
truncation_60,0.5,80,52,5300,22.681308269500732,102021,104108.7,ONE_POINT,100,100,RANDOM
truncation_60,0.5,80,53,5400,23.106664657592773,102021,103958.19,ONE_POINT,100,100,RANDOM
truncation_60,0.5,80,54,5500,23.54005789756775,102021,103653.56,ONE_POINT,100,100,RANDOM
truncation_60,0.5,80,55,5600,23.980918884277344,102021,103437.88,ONE_POINT,100,100,RANDOM
truncation_60,0.5,80,56,5700,24.402288675308228,102021,103234.59,ONE_POINT,100,100,RANDOM
truncation_60,0.5,80,57,5800,24.834019899368286,101620,103003.68,ONE_POINT,100,100,RANDOM
truncation_60,0.5,80,58,5900,25.25135064125061,100307,102711.14,ONE_POINT,100,100,RANDOM
truncation_60,0.5,80,59,6000,25.689364910125732,99710,102486.31,ONE_POINT,100,100,RANDOM
truncation_60,0.5,80,60,6100,26.128482818603516,99710,102159.48,ONE_POINT,100,100,RANDOM
truncation_60,0.5,80,61,6200,26.551095247268677,99710,101818.18,ONE_POINT,100,100,RANDOM
truncation_60,0.5,80,62,6300,26.982085704803467,99710,101455.13,ONE_POINT,100,100,RANDOM
truncation_60,0.5,80,63,6400,27.411880493164062,98260,101037.43,ONE_POINT,100,100,RANDOM
truncation_60,0.5,80,64,6500,27.859796047210693,98260,100649.86,ONE_POINT,100,100,RANDOM
truncation_60,0.5,80,65,6600,28.29898691177368,98260,100293.96,ONE_POINT,100,100,RANDOM
truncation_60,0.5,80,66,6700,28.72785234451294,98260,100049.8,ONE_POINT,100,100,RANDOM
truncation_60,0.5,80,67,6800,29.152004718780518,97990,99762.4,ONE_POINT,100,100,RANDOM
truncation_60,0.5,80,68,6900,29.571499347686768,97990,99474.82,ONE_POINT,100,100,RANDOM
truncation_60,0.5,80,69,7000,30.018192768096924,97734,99224.18,ONE_POINT,100,100,RANDOM
truncation_60,0.5,80,70,7100,30.44850754737854,97734,98978.76,ONE_POINT,100,100,RANDOM
truncation_60,0.5,80,71,7200,30.867443084716797,97385,98668.99,ONE_POINT,100,100,RANDOM
truncation_60,0.5,80,72,7300,31.29164433479309,97210,98420.13,ONE_POINT,100,100,RANDOM
truncation_60,0.5,80,73,7400,31.729674816131592,97171,98197.75,ONE_POINT,100,100,RANDOM
truncation_60,0.5,80,74,7500,32.16333293914795,96270,97936.76,ONE_POINT,100,100,RANDOM
truncation_60,0.5,80,75,7600,32.61419177055359,96270,97741.94,ONE_POINT,100,100,RANDOM
truncation_60,0.5,80,76,7700,33.05918550491333,96203,97495.2,ONE_POINT,100,100,RANDOM
truncation_60,0.5,80,77,7800,33.489338874816895,96000,97279.28,ONE_POINT,100,100,RANDOM
truncation_60,0.5,80,78,7900,33.898574113845825,96000,97048.02,ONE_POINT,100,100,RANDOM
truncation_60,0.5,80,79,8000,34.348687410354614,95595,96922.7,ONE_POINT,100,100,RANDOM
truncation_60,0.5,80,80,8100,34.77623438835144,95447,96738.87,ONE_POINT,100,100,RANDOM
truncation_60,0.5,80,81,8200,35.21038889884949,95406,96516.09,ONE_POINT,100,100,RANDOM
truncation_60,0.5,80,82,8300,35.64222979545593,95064,96372.2,ONE_POINT,100,100,RANDOM
truncation_60,0.5,80,83,8400,36.07209324836731,94828,96258.56,ONE_POINT,100,100,RANDOM
truncation_60,0.5,80,84,8500,36.51420283317566,94555,96012.66,ONE_POINT,100,100,RANDOM
truncation_60,0.5,80,85,8600,36.95967984199524,94449,95740.04,ONE_POINT,100,100,RANDOM
truncation_60,0.5,80,86,8700,37.39225244522095,94449,95496.82,ONE_POINT,100,100,RANDOM
truncation_60,0.5,80,87,8800,37.81486916542053,94304,95279.83,ONE_POINT,100,100,RANDOM
truncation_60,0.5,80,88,8900,38.25059962272644,93906,95090.19,ONE_POINT,100,100,RANDOM
truncation_60,0.5,80,89,9000,38.68286657333374,93400,94904.58,ONE_POINT,100,100,RANDOM
truncation_60,0.5,80,90,9100,39.12374496459961,93400,94665.31,ONE_POINT,100,100,RANDOM
truncation_60,0.5,80,91,9200,39.54996180534363,93170,94461.81,ONE_POINT,100,100,RANDOM
truncation_60,0.5,80,92,9300,39.97852683067322,92885,94287.03,ONE_POINT,100,100,RANDOM
truncation_60,0.5,80,93,9400,40.408602476119995,92612,94070.29,ONE_POINT,100,100,RANDOM
truncation_60,0.5,80,94,9500,40.85725498199463,92612,93878.26,ONE_POINT,100,100,RANDOM
truncation_60,0.5,80,95,9600,41.35667276382446,92612,93671.0,ONE_POINT,100,100,RANDOM
truncation_60,0.5,80,96,9700,41.78563475608826,92612,93484.04,ONE_POINT,100,100,RANDOM
truncation_60,0.5,80,97,9800,42.21903586387634,92060,93255.96,ONE_POINT,100,100,RANDOM
truncation_60,0.5,80,98,9900,42.64664959907532,91339,93035.42,ONE_POINT,100,100,RANDOM
truncation_60,0.5,80,99,10000,43.08073449134827,91339,92872.01,ONE_POINT,100,100,RANDOM
truncation_60,0.5,80,100,10100,43.52216339111328,91281,92667.86,ONE_POINT,100,100,RANDOM
truncation_60,0.5,80,101,10200,43.96817231178284,91281,92472.62,ONE_POINT,100,100,RANDOM
truncation_60,0.5,80,102,10300,44.39626479148865,91116,92348.71,ONE_POINT,100,100,RANDOM
truncation_60,0.5,80,103,10400,44.82160258293152,91116,92203.94,ONE_POINT,100,100,RANDOM
truncation_60,0.5,80,104,10500,45.27061939239502,90885,91999.38,ONE_POINT,100,100,RANDOM
truncation_60,0.5,80,105,10600,45.71313428878784,90728,91720.04,ONE_POINT,100,100,RANDOM
truncation_60,0.5,80,106,10700,46.13435244560242,89701,91413.92,ONE_POINT,100,100,RANDOM
truncation_60,0.5,80,107,10800,46.57093262672424,89638,91189.82,ONE_POINT,100,100,RANDOM
truncation_60,0.5,80,108,10900,47.00133800506592,89638,90994.98,ONE_POINT,100,100,RANDOM
truncation_60,0.5,80,109,11000,47.44240975379944,89638,90861.26,ONE_POINT,100,100,RANDOM
truncation_60,0.5,80,110,11100,47.874958515167236,89638,90689.19,ONE_POINT,100,100,RANDOM
truncation_60,0.5,80,111,11200,48.303821086883545,89404,90490.94,ONE_POINT,100,100,RANDOM
truncation_60,0.5,80,112,11300,48.726547718048096,89220,90319.21,ONE_POINT,100,100,RANDOM
truncation_60,0.5,80,113,11400,49.17731952667236,89153,90125.2,ONE_POINT,100,100,RANDOM
truncation_60,0.5,80,114,11500,49.60800623893738,88525,89982.5,ONE_POINT,100,100,RANDOM
truncation_60,0.5,80,115,11600,50.03727698326111,88525,89801.43,ONE_POINT,100,100,RANDOM
truncation_60,0.5,80,116,11700,50.46004629135132,88492,89572.73,ONE_POINT,100,100,RANDOM
truncation_60,0.5,80,117,11800,50.89042544364929,88465,89334.41,ONE_POINT,100,100,RANDOM
truncation_60,0.5,80,118,11900,51.356666564941406,88008,89063.28,ONE_POINT,100,100,RANDOM
truncation_60,0.5,80,119,12000,51.774850845336914,87927,88823.33,ONE_POINT,100,100,RANDOM
truncation_60,0.5,80,120,12100,52.211122035980225,87459,88563.21,ONE_POINT,100,100,RANDOM
truncation_60,0.5,80,121,12200,52.63528561592102,87354,88369.2,ONE_POINT,100,100,RANDOM
truncation_60,0.5,80,122,12300,53.053518772125244,87094,88172.85,ONE_POINT,100,100,RANDOM
truncation_60,0.5,80,123,12400,53.5192346572876,87094,88075.49,ONE_POINT,100,100,RANDOM
truncation_60,0.5,80,124,12500,53.94117760658264,86687,87950.16,ONE_POINT,100,100,RANDOM
truncation_60,0.5,80,125,12600,54.383565187454224,86364,87759.75,ONE_POINT,100,100,RANDOM
truncation_60,0.5,80,126,12700,54.818015575408936,86364,87561.86,ONE_POINT,100,100,RANDOM
truncation_60,0.5,80,127,12800,55.24688196182251,86364,87314.79,ONE_POINT,100,100,RANDOM
truncation_60,0.5,80,128,12900,55.6891987323761,86225,87058.52,ONE_POINT,100,100,RANDOM
truncation_60,0.5,80,129,13000,56.10965156555176,86114,86851.52,ONE_POINT,100,100,RANDOM
truncation_60,0.5,80,130,13100,56.539209842681885,85758,86658.18,ONE_POINT,100,100,RANDOM
truncation_60,0.5,80,131,13200,56.97306990623474,85758,86479.57,ONE_POINT,100,100,RANDOM
truncation_60,0.5,80,132,13300,57.39943170547485,85377,86334.51,ONE_POINT,100,100,RANDOM
truncation_60,0.5,80,133,13400,57.823028326034546,85278,86153.4,ONE_POINT,100,100,RANDOM
truncation_60,0.5,80,134,13500,58.25187087059021,85201,85974.92,ONE_POINT,100,100,RANDOM
truncation_60,0.5,80,135,13600,58.69576644897461,84996,85822.08,ONE_POINT,100,100,RANDOM
truncation_60,0.5,80,136,13700,59.12189745903015,83876,85736.21,ONE_POINT,100,100,RANDOM
truncation_60,0.5,80,137,13800,59.55592584609985,83876,85628.15,ONE_POINT,100,100,RANDOM
truncation_60,0.5,80,138,13900,59.998116970062256,83876,85454.42,ONE_POINT,100,100,RANDOM
truncation_60,0.5,80,139,14000,60.42747735977173,83876,85303.46,ONE_POINT,100,100,RANDOM
truncation_60,0.5,80,140,14100,60.87025499343872,83876,85137.45,ONE_POINT,100,100,RANDOM
truncation_60,0.5,80,141,14200,61.30429196357727,82812,84848.21,ONE_POINT,100,100,RANDOM
truncation_60,0.5,80,142,14300,61.7751624584198,82812,84658.32,ONE_POINT,100,100,RANDOM
truncation_60,0.5,80,143,14400,62.20713782310486,82812,84463.98,ONE_POINT,100,100,RANDOM
truncation_60,0.5,80,144,14500,62.6437246799469,82812,84260.38,ONE_POINT,100,100,RANDOM
truncation_60,0.5,80,145,14600,63.076024770736694,82812,84002.51,ONE_POINT,100,100,RANDOM
truncation_60,0.5,80,146,14700,63.50032949447632,82812,83898.33,ONE_POINT,100,100,RANDOM
truncation_60,0.5,80,147,14800,63.9379506111145,82616,83737.12,ONE_POINT,100,100,RANDOM
truncation_60,0.5,80,148,14900,64.36535429954529,82431,83543.82,ONE_POINT,100,100,RANDOM
truncation_60,0.5,80,149,15000,64.79038453102112,82220,83379.19,ONE_POINT,100,100,RANDOM
truncation_60,0.5,80,150,15100,65.2813789844513,82220,83210.69,ONE_POINT,100,100,RANDOM
truncation_60,0.5,80,151,15200,65.71084213256836,82165,83044.92,ONE_POINT,100,100,RANDOM
truncation_60,0.5,80,152,15300,66.14333963394165,81537,82850.12,ONE_POINT,100,100,RANDOM
truncation_60,0.5,80,153,15400,66.58795213699341,81532,82656.85,ONE_POINT,100,100,RANDOM
truncation_60,0.5,80,154,15500,67.0123975276947,81532,82513.96,ONE_POINT,100,100,RANDOM
truncation_60,0.5,80,155,15600,67.46090388298035,81532,82348.78,ONE_POINT,100,100,RANDOM
truncation_60,0.5,80,156,15700,67.89431762695312,81298,82216.3,ONE_POINT,100,100,RANDOM
truncation_60,0.5,80,157,15800,68.33557891845703,81172,82098.1,ONE_POINT,100,100,RANDOM
truncation_60,0.5,80,158,15900,68.77203559875488,81172,81965.44,ONE_POINT,100,100,RANDOM
truncation_60,0.5,80,159,16000,69.21581625938416,80648,81768.9,ONE_POINT,100,100,RANDOM
truncation_60,0.5,80,160,16100,69.67375326156616,80618,81607.65,ONE_POINT,100,100,RANDOM
truncation_60,0.5,80,161,16200,70.11696863174438,80359,81459.42,ONE_POINT,100,100,RANDOM
truncation_60,0.5,80,162,16300,70.54436659812927,80240,81240.19,ONE_POINT,100,100,RANDOM
truncation_60,0.5,80,163,16400,70.96679186820984,80201,81051.96,ONE_POINT,100,100,RANDOM
truncation_60,0.5,80,164,16500,71.41245484352112,79756,80852.53,ONE_POINT,100,100,RANDOM
truncation_60,0.5,80,165,16600,71.85283994674683,79756,80656.15,ONE_POINT,100,100,RANDOM
truncation_60,0.5,80,166,16700,72.29912757873535,79756,80509.16,ONE_POINT,100,100,RANDOM
truncation_60,0.5,80,167,16800,72.71951103210449,78936,80355.68,ONE_POINT,100,100,RANDOM
truncation_60,0.5,80,168,16900,73.16737222671509,78936,80232.28,ONE_POINT,100,100,RANDOM
truncation_60,0.5,80,169,17000,73.59386372566223,78293,80139.64,ONE_POINT,100,100,RANDOM
truncation_60,0.5,80,170,17100,74.03439021110535,78293,80039.46,ONE_POINT,100,100,RANDOM
truncation_60,0.5,80,171,17200,74.49594926834106,78293,79933.79,ONE_POINT,100,100,RANDOM
truncation_60,0.5,80,172,17300,74.92133688926697,78293,79735.36,ONE_POINT,100,100,RANDOM
truncation_60,0.5,80,173,17400,75.3573989868164,78293,79546.86,ONE_POINT,100,100,RANDOM
truncation_60,0.5,80,174,17500,75.78646850585938,78293,79371.46,ONE_POINT,100,100,RANDOM
truncation_60,0.5,80,175,17600,76.24772310256958,78293,79201.54,ONE_POINT,100,100,RANDOM
truncation_60,0.5,80,176,17700,76.67730021476746,78293,79052.87,ONE_POINT,100,100,RANDOM
truncation_60,0.5,80,177,17800,77.11999702453613,77984,78885.05,ONE_POINT,100,100,RANDOM
truncation_60,0.5,80,178,17900,77.54695200920105,77710,78793.53,ONE_POINT,100,100,RANDOM
truncation_60,0.5,80,179,18000,77.97180247306824,77710,78716.0,ONE_POINT,100,100,RANDOM
truncation_60,0.5,80,180,18100,78.42976832389832,77710,78610.66,ONE_POINT,100,100,RANDOM
truncation_60,0.5,80,181,18200,78.86120986938477,77700,78530.32,ONE_POINT,100,100,RANDOM
truncation_60,0.5,80,182,18300,79.291818857193,77454,78479.82,ONE_POINT,100,100,RANDOM
truncation_60,0.5,80,183,18400,79.72833108901978,76889,78336.51,ONE_POINT,100,100,RANDOM
truncation_60,0.5,80,184,18500,80.16792821884155,76889,78270.23,ONE_POINT,100,100,RANDOM
truncation_60,0.5,80,185,18600,80.62781524658203,76634,78122.21,ONE_POINT,100,100,RANDOM
truncation_60,0.5,80,186,18700,81.05284261703491,76634,77942.55,ONE_POINT,100,100,RANDOM
truncation_60,0.5,80,187,18800,81.47539925575256,76350,77777.57,ONE_POINT,100,100,RANDOM
truncation_60,0.5,80,188,18900,81.91220235824585,76174,77558.82,ONE_POINT,100,100,RANDOM
truncation_60,0.5,80,189,19000,82.33135318756104,76057,77428.9,ONE_POINT,100,100,RANDOM
truncation_60,0.5,80,190,19100,82.78592228889465,76057,77280.25,ONE_POINT,100,100,RANDOM
truncation_60,0.5,80,191,19200,83.21110987663269,76057,77088.72,ONE_POINT,100,100,RANDOM
truncation_60,0.5,80,192,19300,83.6316225528717,76057,76904.92,ONE_POINT,100,100,RANDOM
truncation_60,0.5,80,193,19400,84.06024885177612,75580,76764.65,ONE_POINT,100,100,RANDOM
truncation_60,0.5,80,194,19500,84.49566888809204,75580,76664.57,ONE_POINT,100,100,RANDOM
truncation_60,0.5,80,195,19600,84.9648699760437,75580,76588.72,ONE_POINT,100,100,RANDOM
truncation_60,0.5,80,196,19700,85.38848757743835,75580,76488.63,ONE_POINT,100,100,RANDOM
truncation_60,0.5,80,197,19800,85.81078219413757,75477,76364.98,ONE_POINT,100,100,RANDOM
truncation_60,0.5,80,198,19900,86.24819588661194,75477,76265.13,ONE_POINT,100,100,RANDOM
truncation_60,0.5,80,199,20000,86.6785569190979,75440,76215.73,ONE_POINT,100,100,RANDOM
truncation_60,0.5,80,200,20100,87.10954189300537,75336,76165.61,ONE_POINT,100,100,RANDOM
truncation_60,0.5,80,201,20200,87.55451989173889,75336,76125.95,ONE_POINT,100,100,RANDOM
truncation_60,0.5,80,202,20300,87.9748363494873,75336,76067.51,ONE_POINT,100,100,RANDOM
truncation_60,0.5,80,203,20400,88.4066698551178,75183,76012.83,ONE_POINT,100,100,RANDOM
truncation_60,0.5,80,204,20500,88.83029627799988,75056,75934.23,ONE_POINT,100,100,RANDOM
truncation_60,0.5,80,205,20600,89.26239776611328,74977,75825.0,ONE_POINT,100,100,RANDOM
truncation_60,0.5,80,206,20700,89.69172191619873,74559,75708.25,ONE_POINT,100,100,RANDOM
truncation_60,0.5,80,207,20800,90.14201402664185,74559,75641.45,ONE_POINT,100,100,RANDOM
truncation_60,0.5,80,208,20900,90.57742953300476,74559,75604.37,ONE_POINT,100,100,RANDOM
truncation_60,0.5,80,209,21000,91.0518307685852,74499,75524.77,ONE_POINT,100,100,RANDOM
truncation_60,0.5,80,210,21100,91.51581168174744,74499,75470.86,ONE_POINT,100,100,RANDOM
truncation_60,0.5,80,211,21200,91.96485590934753,74499,75355.16,ONE_POINT,100,100,RANDOM
truncation_60,0.5,80,212,21300,92.39362263679504,74499,75252.55,ONE_POINT,100,100,RANDOM
truncation_60,0.5,80,213,21400,92.8201892375946,74456,75147.53,ONE_POINT,100,100,RANDOM
truncation_60,0.5,80,214,21500,93.27143335342407,74193,75034.44,ONE_POINT,100,100,RANDOM
truncation_60,0.5,80,215,21600,93.69724678993225,74193,74962.86,ONE_POINT,100,100,RANDOM
truncation_60,0.5,80,216,21700,94.13580513000488,74193,74906.91,ONE_POINT,100,100,RANDOM
truncation_60,0.5,80,217,21800,94.56258273124695,74193,74849.08,ONE_POINT,100,100,RANDOM
truncation_60,0.5,80,218,21900,94.99120759963989,74193,74823.78,ONE_POINT,100,100,RANDOM
truncation_60,0.5,80,219,22000,95.44351959228516,74193,74806.55,ONE_POINT,100,100,RANDOM
truncation_60,0.5,80,220,22100,95.92472100257874,74193,74762.32,ONE_POINT,100,100,RANDOM
truncation_60,0.5,80,221,22200,96.35477042198181,73797,74721.02,ONE_POINT,100,100,RANDOM
truncation_60,0.5,80,222,22300,96.78141188621521,73797,74651.16,ONE_POINT,100,100,RANDOM
truncation_60,0.5,80,223,22400,97.2142608165741,73774,74545.42,ONE_POINT,100,100,RANDOM
truncation_60,0.5,80,224,22500,97.65154266357422,73774,74464.39,ONE_POINT,100,100,RANDOM
truncation_60,0.5,80,225,22600,98.0785264968872,73767,74385.59,ONE_POINT,100,100,RANDOM
truncation_60,0.5,80,226,22700,98.5211193561554,73173,74300.84,ONE_POINT,100,100,RANDOM
truncation_60,0.5,80,227,22800,98.95047640800476,73159,74188.69,ONE_POINT,100,100,RANDOM
truncation_60,0.5,80,228,22900,99.37587761878967,73132,74059.3,ONE_POINT,100,100,RANDOM
truncation_60,0.5,80,229,23000,99.82372713088989,73115,73970.24,ONE_POINT,100,100,RANDOM
truncation_60,0.5,80,230,23100,100.2497570514679,73010,73841.5,ONE_POINT,100,100,RANDOM
truncation_60,0.5,80,231,23200,100.68626976013184,72652,73743.13,ONE_POINT,100,100,RANDOM
truncation_60,0.5,80,232,23300,101.13852834701538,72652,73637.81,ONE_POINT,100,100,RANDOM
truncation_60,0.5,80,233,23400,101.58160209655762,72652,73537.42,ONE_POINT,100,100,RANDOM
truncation_60,0.5,80,234,23500,102.00460457801819,72652,73374.45,ONE_POINT,100,100,RANDOM
truncation_60,0.5,80,235,23600,102.44402170181274,72315,73245.12,ONE_POINT,100,100,RANDOM
truncation_60,0.5,80,236,23700,102.88376474380493,72213,73065.23,ONE_POINT,100,100,RANDOM
truncation_60,0.5,80,237,23800,103.29934215545654,71881,72952.64,ONE_POINT,100,100,RANDOM
truncation_60,0.5,80,238,23900,103.74105501174927,71513,72789.89,ONE_POINT,100,100,RANDOM
truncation_60,0.5,80,239,24000,104.16314125061035,71513,72655.94,ONE_POINT,100,100,RANDOM
truncation_60,0.5,80,240,24100,104.58714652061462,71513,72434.04,ONE_POINT,100,100,RANDOM
truncation_60,0.5,80,241,24200,105.03949165344238,71513,72168.75,ONE_POINT,100,100,RANDOM
truncation_60,0.5,80,242,24300,105.47637891769409,71135,71956.45,ONE_POINT,100,100,RANDOM
truncation_60,0.5,80,243,24400,105.92068672180176,71100,71819.01,ONE_POINT,100,100,RANDOM
truncation_60,0.5,80,244,24500,106.34694981575012,71096,71765.45,ONE_POINT,100,100,RANDOM
truncation_60,0.5,80,245,24600,106.78069496154785,71024,71696.27,ONE_POINT,100,100,RANDOM
truncation_60,0.5,80,246,24700,107.22931051254272,71024,71616.21,ONE_POINT,100,100,RANDOM
truncation_60,0.5,80,247,24800,107.66226077079773,70602,71551.84,ONE_POINT,100,100,RANDOM
truncation_60,0.5,80,248,24900,108.10213470458984,70602,71492.97,ONE_POINT,100,100,RANDOM
truncation_60,0.5,80,249,25000,108.53870987892151,70478,71414.6,ONE_POINT,100,100,RANDOM
truncation_60,0.5,80,250,25100,108.9657871723175,70478,71290.17,ONE_POINT,100,100,RANDOM
truncation_60,0.5,80,251,25200,109.41196894645691,70446,71202.96,ONE_POINT,100,100,RANDOM
truncation_60,0.5,80,252,25300,109.83184456825256,70305,71060.47,ONE_POINT,100,100,RANDOM
truncation_60,0.5,80,253,25400,110.27832555770874,69937,70919.43,ONE_POINT,100,100,RANDOM
truncation_60,0.5,80,254,25500,110.70820999145508,69937,70787.78,ONE_POINT,100,100,RANDOM
truncation_60,0.5,80,255,25600,111.1316750049591,69815,70662.39,ONE_POINT,100,100,RANDOM
truncation_60,0.5,80,256,25700,111.57623195648193,69815,70548.89,ONE_POINT,100,100,RANDOM
truncation_60,0.5,80,257,25800,111.99953722953796,69232,70415.65,ONE_POINT,100,100,RANDOM
truncation_60,0.5,80,258,25900,112.43538784980774,68949,70304.23,ONE_POINT,100,100,RANDOM
truncation_60,0.5,80,259,26000,112.86482238769531,68949,70200.14,ONE_POINT,100,100,RANDOM
truncation_60,0.5,80,260,26100,113.29672813415527,68949,70074.04,ONE_POINT,100,100,RANDOM
truncation_60,0.5,80,261,26200,113.73617792129517,68748,69937.22,ONE_POINT,100,100,RANDOM
truncation_60,0.5,80,262,26300,114.19282341003418,68718,69810.61,ONE_POINT,100,100,RANDOM
truncation_60,0.5,80,263,26400,114.62239909172058,68613,69600.21,ONE_POINT,100,100,RANDOM
truncation_60,0.5,80,264,26500,115.05988883972168,68613,69412.27,ONE_POINT,100,100,RANDOM
truncation_60,0.5,80,265,26600,115.4917631149292,68515,69271.19,ONE_POINT,100,100,RANDOM
truncation_60,0.5,80,266,26700,115.9422914981842,68515,69141.77,ONE_POINT,100,100,RANDOM
truncation_60,0.5,80,267,26800,116.39010548591614,68515,69023.9,ONE_POINT,100,100,RANDOM
truncation_60,0.5,80,268,26900,116.82981395721436,68438,68970.16,ONE_POINT,100,100,RANDOM
truncation_60,0.5,80,269,27000,117.27362823486328,68160,68918.97,ONE_POINT,100,100,RANDOM
truncation_60,0.5,80,270,27100,117.70920658111572,68160,68858.76,ONE_POINT,100,100,RANDOM
truncation_60,0.5,80,271,27200,118.16117429733276,68160,68806.16,ONE_POINT,100,100,RANDOM
truncation_60,0.5,80,272,27300,118.60802674293518,68160,68756.17,ONE_POINT,100,100,RANDOM
truncation_60,0.5,80,273,27400,119.04454612731934,68076,68710.78,ONE_POINT,100,100,RANDOM
truncation_60,0.5,80,274,27500,119.47557973861694,68076,68680.45,ONE_POINT,100,100,RANDOM
truncation_60,0.5,80,275,27600,119.91042256355286,68076,68629.31,ONE_POINT,100,100,RANDOM
truncation_60,0.5,80,276,27700,120.34348750114441,67913,68563.26,ONE_POINT,100,100,RANDOM
truncation_60,0.5,80,277,27800,120.77144694328308,67913,68490.12,ONE_POINT,100,100,RANDOM
truncation_60,0.5,80,278,27900,121.19420909881592,67831,68365.59,ONE_POINT,100,100,RANDOM
truncation_60,0.5,80,279,28000,121.6290488243103,67626,68284.78,ONE_POINT,100,100,RANDOM
truncation_60,0.5,80,280,28100,122.05717134475708,67626,68202.29,ONE_POINT,100,100,RANDOM
truncation_60,0.5,80,281,28200,122.5236804485321,67626,68107.76,ONE_POINT,100,100,RANDOM
truncation_60,0.5,80,282,28300,122.95638060569763,67224,67995.22,ONE_POINT,100,100,RANDOM
truncation_60,0.5,80,283,28400,123.38475489616394,67224,67877.96,ONE_POINT,100,100,RANDOM
truncation_60,0.5,80,284,28500,123.83206176757812,66836,67764.75,ONE_POINT,100,100,RANDOM
truncation_60,0.5,80,285,28600,124.26142716407776,66836,67671.16,ONE_POINT,100,100,RANDOM
truncation_60,0.5,80,286,28700,124.70775556564331,66746,67555.58,ONE_POINT,100,100,RANDOM
truncation_60,0.5,80,287,28800,125.13432812690735,66707,67492.37,ONE_POINT,100,100,RANDOM
truncation_60,0.5,80,288,28900,125.55959486961365,66701,67358.38,ONE_POINT,100,100,RANDOM
truncation_60,0.5,80,289,29000,125.990314245224,66681,67283.6,ONE_POINT,100,100,RANDOM
truncation_60,0.5,80,290,29100,126.45687890052795,66519,67201.13,ONE_POINT,100,100,RANDOM
truncation_60,0.5,80,291,29200,126.90588402748108,66519,67079.93,ONE_POINT,100,100,RANDOM
truncation_60,0.5,80,292,29300,127.34711194038391,66316,66969.33,ONE_POINT,100,100,RANDOM
truncation_60,0.5,80,293,29400,127.78610563278198,66312,66913.8,ONE_POINT,100,100,RANDOM
truncation_60,0.5,80,294,29500,128.217214345932,65805,66832.86,ONE_POINT,100,100,RANDOM
truncation_60,0.5,80,295,29600,128.63868856430054,65805,66737.2,ONE_POINT,100,100,RANDOM
truncation_60,0.5,80,296,29700,129.08184051513672,65805,66613.89,ONE_POINT,100,100,RANDOM
truncation_60,0.5,80,297,29800,129.5267629623413,65666,66487.31,ONE_POINT,100,100,RANDOM
truncation_60,0.5,80,298,29900,129.9479742050171,65666,66396.35,ONE_POINT,100,100,RANDOM
truncation_60,0.5,80,299,30000,130.3809700012207,65528,66247.37,ONE_POINT,100,100,RANDOM
truncation_60,0.5,80,300,30100,130.81001448631287,65528,66153.39,ONE_POINT,100,100,RANDOM
truncation_60,0.5,80,301,30200,131.29595494270325,65528,66070.49,ONE_POINT,100,100,RANDOM
truncation_60,0.5,80,302,30300,131.72410559654236,65463,65956.02,ONE_POINT,100,100,RANDOM
truncation_60,0.5,80,303,30400,132.14786410331726,65431,65879.8,ONE_POINT,100,100,RANDOM
truncation_60,0.5,80,304,30500,132.58223962783813,65322,65779.87,ONE_POINT,100,100,RANDOM
truncation_60,0.5,80,305,30600,133.01838755607605,65195,65732.43,ONE_POINT,100,100,RANDOM
truncation_60,0.5,80,306,30700,133.4562954902649,65195,65682.76,ONE_POINT,100,100,RANDOM
truncation_60,0.5,80,307,30800,133.91293358802795,65171,65624.36,ONE_POINT,100,100,RANDOM
truncation_60,0.5,80,308,30900,134.3427438735962,65171,65564.06,ONE_POINT,100,100,RANDOM
truncation_60,0.5,80,309,31000,134.76214504241943,64921,65463.15,ONE_POINT,100,100,RANDOM
truncation_60,0.5,80,310,31100,135.22058272361755,64843,65398.2,ONE_POINT,100,100,RANDOM
truncation_60,0.5,80,311,31200,135.65484404563904,64843,65354.16,ONE_POINT,100,100,RANDOM
truncation_60,0.5,80,312,31300,136.0859637260437,64843,65313.98,ONE_POINT,100,100,RANDOM
truncation_60,0.5,80,313,31400,136.51000666618347,64843,65231.09,ONE_POINT,100,100,RANDOM
truncation_60,0.5,80,314,31500,136.95503568649292,64820,65159.61,ONE_POINT,100,100,RANDOM
truncation_60,0.5,80,315,31600,137.4275484085083,64786,65103.53,ONE_POINT,100,100,RANDOM
truncation_60,0.5,80,316,31700,137.8761761188507,64766,65020.72,ONE_POINT,100,100,RANDOM
truncation_60,0.5,80,317,31800,138.31261324882507,64561,64953.13,ONE_POINT,100,100,RANDOM
truncation_60,0.5,80,318,31900,138.73801279067993,64368,64856.05,ONE_POINT,100,100,RANDOM
truncation_60,0.5,80,319,32000,139.16423964500427,64368,64796.82,ONE_POINT,100,100,RANDOM
truncation_60,0.5,80,320,32100,139.60607171058655,64047,64731.48,ONE_POINT,100,100,RANDOM
truncation_60,0.5,80,321,32200,140.04715943336487,63863,64643.76,ONE_POINT,100,100,RANDOM
truncation_60,0.5,80,322,32300,140.47559690475464,63863,64550.91,ONE_POINT,100,100,RANDOM
truncation_60,0.5,80,323,32400,140.9015953540802,63794,64478.43,ONE_POINT,100,100,RANDOM
truncation_60,0.5,80,324,32500,141.32906317710876,63794,64342.3,ONE_POINT,100,100,RANDOM
truncation_60,0.5,80,325,32600,141.7580692768097,63187,64195.39,ONE_POINT,100,100,RANDOM
truncation_60,0.5,80,326,32700,142.20156383514404,63187,64088.47,ONE_POINT,100,100,RANDOM
truncation_60,0.5,80,327,32800,142.6234369277954,63069,63962.32,ONE_POINT,100,100,RANDOM
truncation_60,0.5,80,328,32900,143.06089806556702,63069,63864.38,ONE_POINT,100,100,RANDOM
truncation_60,0.5,80,329,33000,143.5151309967041,62843,63702.3,ONE_POINT,100,100,RANDOM
truncation_60,0.5,80,330,33100,143.9424819946289,62843,63570.08,ONE_POINT,100,100,RANDOM
truncation_60,0.5,80,331,33200,144.3792953491211,62769,63463.58,ONE_POINT,100,100,RANDOM
truncation_60,0.5,80,332,33300,144.81366682052612,62769,63335.94,ONE_POINT,100,100,RANDOM
truncation_60,0.5,80,333,33400,145.28368377685547,62623,63210.7,ONE_POINT,100,100,RANDOM
truncation_60,0.5,80,334,33500,145.73740601539612,62623,63135.42,ONE_POINT,100,100,RANDOM
truncation_60,0.5,80,335,33600,146.1652865409851,62623,63060.52,ONE_POINT,100,100,RANDOM
truncation_60,0.5,80,336,33700,146.60221982002258,62623,63012.41,ONE_POINT,100,100,RANDOM
truncation_60,0.5,80,337,33800,147.03494954109192,62623,62965.72,ONE_POINT,100,100,RANDOM
truncation_60,0.5,80,338,33900,147.4567732810974,62577,62906.46,ONE_POINT,100,100,RANDOM
truncation_60,0.5,80,339,34000,147.9066994190216,62516,62864.06,ONE_POINT,100,100,RANDOM
truncation_60,0.5,80,340,34100,148.33186054229736,62511,62808.82,ONE_POINT,100,100,RANDOM
truncation_60,0.5,80,341,34200,148.7623918056488,62336,62759.57,ONE_POINT,100,100,RANDOM
truncation_60,0.5,80,342,34300,149.1883101463318,62256,62719.23,ONE_POINT,100,100,RANDOM
truncation_60,0.5,80,343,34400,149.62749409675598,62256,62646.77,ONE_POINT,100,100,RANDOM
truncation_60,0.5,80,344,34500,150.064715385437,62135,62605.02,ONE_POINT,100,100,RANDOM
truncation_60,0.5,80,345,34600,150.48729395866394,62135,62525.75,ONE_POINT,100,100,RANDOM
truncation_60,0.5,80,346,34700,150.91823935508728,62119,62471.13,ONE_POINT,100,100,RANDOM
truncation_60,0.5,80,347,34800,151.34736466407776,62069,62388.37,ONE_POINT,100,100,RANDOM
truncation_60,0.5,80,348,34900,151.77957272529602,61829,62311.83,ONE_POINT,100,100,RANDOM
truncation_60,0.5,80,349,35000,152.21965193748474,61797,62244.86,ONE_POINT,100,100,RANDOM
truncation_60,0.5,80,350,35100,152.6510350704193,61797,62160.55,ONE_POINT,100,100,RANDOM
truncation_60,0.5,80,351,35200,153.09146976470947,61514,62098.85,ONE_POINT,100,100,RANDOM
truncation_60,0.5,80,352,35300,153.5316460132599,61514,62054.41,ONE_POINT,100,100,RANDOM
truncation_60,0.5,80,353,35400,153.98319554328918,61514,61993.28,ONE_POINT,100,100,RANDOM
truncation_60,0.5,80,354,35500,154.4073040485382,61514,61944.35,ONE_POINT,100,100,RANDOM
truncation_60,0.5,80,355,35600,154.8409595489502,61514,61895.61,ONE_POINT,100,100,RANDOM
truncation_60,0.5,80,356,35700,155.25796627998352,61369,61813.15,ONE_POINT,100,100,RANDOM
truncation_60,0.5,80,357,35800,155.7074465751648,61369,61771.27,ONE_POINT,100,100,RANDOM
truncation_60,0.5,80,358,35900,156.15493845939636,61369,61733.41,ONE_POINT,100,100,RANDOM
truncation_60,0.5,80,359,36000,156.59029364585876,61154,61669.13,ONE_POINT,100,100,RANDOM
truncation_60,0.5,80,360,36100,157.04193329811096,61154,61626.89,ONE_POINT,100,100,RANDOM
truncation_60,0.5,80,361,36200,157.47377157211304,61154,61561.93,ONE_POINT,100,100,RANDOM
truncation_60,0.5,80,362,36300,157.90950846672058,61154,61491.35,ONE_POINT,100,100,RANDOM
truncation_60,0.5,80,363,36400,158.33432817459106,61005,61433.39,ONE_POINT,100,100,RANDOM
truncation_60,0.5,80,364,36500,158.7734091281891,60709,61387.35,ONE_POINT,100,100,RANDOM
truncation_60,0.5,80,365,36600,159.21128153800964,60645,61311.85,ONE_POINT,100,100,RANDOM
truncation_60,0.5,80,366,36700,159.63590931892395,60624,61240.01,ONE_POINT,100,100,RANDOM
truncation_60,0.5,80,367,36800,160.06935286521912,60568,61155.95,ONE_POINT,100,100,RANDOM
truncation_60,0.5,80,368,36900,160.5073447227478,60485,61086.05,ONE_POINT,100,100,RANDOM
truncation_60,0.5,80,369,37000,160.95151662826538,60251,60998.43,ONE_POINT,100,100,RANDOM
truncation_60,0.5,80,370,37100,161.40223574638367,60251,60927.38,ONE_POINT,100,100,RANDOM
truncation_60,0.5,80,371,37200,161.82747077941895,60019,60845.89,ONE_POINT,100,100,RANDOM
truncation_60,0.5,80,372,37300,162.2833149433136,59843,60758.06,ONE_POINT,100,100,RANDOM
truncation_60,0.5,80,373,37400,162.71028542518616,59843,60692.13,ONE_POINT,100,100,RANDOM
truncation_60,0.5,80,374,37500,163.14999771118164,59843,60621.89,ONE_POINT,100,100,RANDOM
truncation_60,0.5,80,375,37600,163.58410358428955,59843,60572.79,ONE_POINT,100,100,RANDOM
truncation_60,0.5,80,376,37700,164.01776576042175,59843,60483.05,ONE_POINT,100,100,RANDOM
truncation_60,0.5,80,377,37800,164.47608637809753,59655,60374.68,ONE_POINT,100,100,RANDOM
truncation_60,0.5,80,378,37900,164.91482949256897,59630,60283.77,ONE_POINT,100,100,RANDOM
truncation_60,0.5,80,379,38000,165.34252262115479,59630,60235.8,ONE_POINT,100,100,RANDOM
truncation_60,0.5,80,380,38100,165.7750985622406,59630,60192.01,ONE_POINT,100,100,RANDOM
truncation_60,0.5,80,381,38200,166.20734930038452,59482,60143.73,ONE_POINT,100,100,RANDOM
truncation_60,0.5,80,382,38300,166.65720963478088,59482,60102.56,ONE_POINT,100,100,RANDOM
truncation_60,0.5,80,383,38400,167.0829372406006,59387,60049.85,ONE_POINT,100,100,RANDOM
truncation_60,0.5,80,384,38500,167.52493500709534,59387,59970.96,ONE_POINT,100,100,RANDOM
truncation_60,0.5,80,385,38600,167.95431876182556,59387,59892.18,ONE_POINT,100,100,RANDOM
truncation_60,0.5,80,386,38700,168.38409781455994,59387,59838.97,ONE_POINT,100,100,RANDOM
truncation_60,0.5,80,387,38800,168.8359773159027,59333,59801.26,ONE_POINT,100,100,RANDOM
truncation_60,0.5,80,388,38900,169.2650010585785,59333,59742.05,ONE_POINT,100,100,RANDOM
truncation_60,0.5,80,389,39000,169.69997143745422,59329,59710.46,ONE_POINT,100,100,RANDOM
truncation_60,0.5,80,390,39100,170.12929344177246,59329,59665.57,ONE_POINT,100,100,RANDOM
truncation_60,0.5,80,391,39200,170.58350491523743,58994,59574.69,ONE_POINT,100,100,RANDOM
truncation_60,0.5,80,392,39300,171.0339434146881,58951,59543.3,ONE_POINT,100,100,RANDOM
truncation_60,0.5,80,393,39400,171.46976399421692,58951,59483.04,ONE_POINT,100,100,RANDOM
truncation_60,0.5,80,394,39500,171.89386773109436,58951,59434.26,ONE_POINT,100,100,RANDOM
truncation_60,0.5,80,395,39600,172.32748579978943,58951,59393.12,ONE_POINT,100,100,RANDOM
truncation_60,0.5,80,396,39700,172.76629185676575,58892,59367.77,ONE_POINT,100,100,RANDOM
truncation_60,0.5,80,397,39800,173.20937824249268,58769,59333.19,ONE_POINT,100,100,RANDOM
truncation_60,0.5,80,398,39900,173.64421272277832,58769,59272.53,ONE_POINT,100,100,RANDOM
truncation_60,0.5,80,399,40000,174.07515859603882,58769,59227.33,ONE_POINT,100,100,RANDOM
truncation_60,0.5,80,400,40100,174.5043008327484,58769,59166.73,ONE_POINT,100,100,RANDOM
truncation_60,0.5,80,401,40200,174.95186233520508,58626,59113.28,ONE_POINT,100,100,RANDOM
truncation_60,0.5,80,402,40300,175.39025926589966,58619,59020.4,ONE_POINT,100,100,RANDOM
truncation_60,0.5,80,403,40400,175.8171374797821,58603,58952.84,ONE_POINT,100,100,RANDOM
truncation_60,0.5,80,404,40500,176.27470064163208,58508,58897.64,ONE_POINT,100,100,RANDOM
truncation_60,0.5,80,405,40600,176.7045624256134,58068,58836.36,ONE_POINT,100,100,RANDOM
truncation_60,0.5,80,406,40700,177.16292762756348,58068,58775.92,ONE_POINT,100,100,RANDOM
truncation_60,0.5,80,407,40800,177.61088633537292,58068,58682.32,ONE_POINT,100,100,RANDOM
truncation_60,0.5,80,408,40900,178.03512930870056,57848,58601.39,ONE_POINT,100,100,RANDOM
truncation_60,0.5,80,409,41000,178.47907614707947,57848,58482.77,ONE_POINT,100,100,RANDOM
truncation_60,0.5,80,410,41100,178.90406131744385,57848,58402.54,ONE_POINT,100,100,RANDOM
truncation_60,0.5,80,411,41200,179.35039019584656,57848,58325.42,ONE_POINT,100,100,RANDOM
truncation_60,0.5,80,412,41300,179.79979252815247,57625,58254.33,ONE_POINT,100,100,RANDOM
truncation_60,0.5,80,413,41400,180.22173142433167,57625,58209.41,ONE_POINT,100,100,RANDOM
truncation_60,0.5,80,414,41500,180.64025282859802,57625,58176.23,ONE_POINT,100,100,RANDOM
truncation_60,0.5,80,415,41600,181.11144256591797,57559,58151.2,ONE_POINT,100,100,RANDOM
truncation_60,0.5,80,416,41700,181.54959726333618,57435,58107.84,ONE_POINT,100,100,RANDOM
truncation_60,0.5,80,417,41800,182.00335788726807,57435,58066.13,ONE_POINT,100,100,RANDOM
truncation_60,0.5,80,418,41900,182.4375283718109,57409,58004.01,ONE_POINT,100,100,RANDOM
truncation_60,0.5,80,419,42000,182.87220931053162,57409,57935.72,ONE_POINT,100,100,RANDOM
truncation_60,0.5,80,420,42100,183.316987991333,57282,57875.08,ONE_POINT,100,100,RANDOM
truncation_60,0.5,80,421,42200,183.749573469162,57174,57804.37,ONE_POINT,100,100,RANDOM
truncation_60,0.5,80,422,42300,184.19169282913208,57174,57749.44,ONE_POINT,100,100,RANDOM
truncation_60,0.5,80,423,42400,184.60763359069824,57174,57702.35,ONE_POINT,100,100,RANDOM
truncation_60,0.5,80,424,42500,185.04445123672485,57174,57639.06,ONE_POINT,100,100,RANDOM
truncation_60,0.5,80,425,42600,185.48954892158508,56921,57607.2,ONE_POINT,100,100,RANDOM
truncation_60,0.5,80,426,42700,185.9152057170868,56921,57569.42,ONE_POINT,100,100,RANDOM
truncation_60,0.5,80,427,42800,186.35127782821655,56921,57483.16,ONE_POINT,100,100,RANDOM
truncation_60,0.5,80,428,42900,186.79503560066223,56921,57429.41,ONE_POINT,100,100,RANDOM
truncation_60,0.5,80,429,43000,187.22111797332764,56859,57367.95,ONE_POINT,100,100,RANDOM
truncation_60,0.5,80,430,43100,187.65870881080627,56859,57317.28,ONE_POINT,100,100,RANDOM
truncation_60,0.5,80,431,43200,188.08453273773193,56859,57300.84,ONE_POINT,100,100,RANDOM
truncation_60,0.5,80,432,43300,188.52293872833252,56859,57260.21,ONE_POINT,100,100,RANDOM
truncation_60,0.5,80,433,43400,188.94543504714966,56780,57201.22,ONE_POINT,100,100,RANDOM
truncation_60,0.5,80,434,43500,189.38225769996643,56741,57146.81,ONE_POINT,100,100,RANDOM
truncation_60,0.5,80,435,43600,189.8773946762085,56643,57108.74,ONE_POINT,100,100,RANDOM
truncation_60,0.5,80,436,43700,190.31024980545044,56634,57054.43,ONE_POINT,100,100,RANDOM
truncation_60,0.5,80,437,43800,190.74867224693298,56634,57009.14,ONE_POINT,100,100,RANDOM
truncation_60,0.5,80,438,43900,191.1797387599945,56553,56951.8,ONE_POINT,100,100,RANDOM
truncation_60,0.5,80,439,44000,191.63745641708374,56553,56914.99,ONE_POINT,100,100,RANDOM
truncation_60,0.5,80,440,44100,192.0630865097046,56520,56858.52,ONE_POINT,100,100,RANDOM
truncation_60,0.5,80,441,44200,192.49269676208496,56002,56807.06,ONE_POINT,100,100,RANDOM
truncation_60,0.5,80,442,44300,192.93449902534485,56002,56757.73,ONE_POINT,100,100,RANDOM
truncation_60,0.5,80,443,44400,193.3757860660553,56002,56694.93,ONE_POINT,100,100,RANDOM
truncation_60,0.5,80,444,44500,193.8333818912506,56002,56622.56,ONE_POINT,100,100,RANDOM
truncation_60,0.5,80,445,44600,194.27704882621765,56002,56569.01,ONE_POINT,100,100,RANDOM
truncation_60,0.5,80,446,44700,194.703138589859,56002,56515.67,ONE_POINT,100,100,RANDOM
truncation_60,0.5,80,447,44800,195.14028692245483,55783,56454.07,ONE_POINT,100,100,RANDOM
truncation_60,0.5,80,448,44900,195.57535696029663,55783,56363.17,ONE_POINT,100,100,RANDOM
truncation_60,0.5,80,449,45000,196.03306436538696,55637,56269.94,ONE_POINT,100,100,RANDOM
truncation_60,0.5,80,450,45100,196.47776746749878,55637,56223.01,ONE_POINT,100,100,RANDOM
truncation_60,0.5,80,451,45200,196.90889883041382,55620,56126.82,ONE_POINT,100,100,RANDOM
truncation_60,0.5,80,452,45300,197.34915781021118,55620,56071.97,ONE_POINT,100,100,RANDOM
truncation_60,0.5,80,453,45400,197.79043698310852,55620,56031.51,ONE_POINT,100,100,RANDOM
truncation_60,0.5,80,454,45500,198.22654581069946,55620,55965.2,ONE_POINT,100,100,RANDOM
truncation_60,0.5,80,455,45600,198.66236639022827,55567,55889.39,ONE_POINT,100,100,RANDOM
truncation_60,0.5,80,456,45700,199.0881314277649,55507,55815.88,ONE_POINT,100,100,RANDOM
truncation_60,0.5,80,457,45800,199.544371843338,55326,55764.25,ONE_POINT,100,100,RANDOM
truncation_60,0.5,80,458,45900,199.99143648147583,55320,55710.67,ONE_POINT,100,100,RANDOM
truncation_60,0.5,80,459,46000,200.42055940628052,55100,55633.4,ONE_POINT,100,100,RANDOM
truncation_60,0.5,80,460,46100,200.84765005111694,55100,55575.15,ONE_POINT,100,100,RANDOM
truncation_60,0.5,80,461,46200,201.27651405334473,55100,55512.71,ONE_POINT,100,100,RANDOM
truncation_60,0.5,80,462,46300,201.7109513282776,55100,55470.67,ONE_POINT,100,100,RANDOM
truncation_60,0.5,80,463,46400,202.1696846485138,55100,55448.33,ONE_POINT,100,100,RANDOM
truncation_60,0.5,80,464,46500,202.5932879447937,55100,55390.85,ONE_POINT,100,100,RANDOM
truncation_60,0.5,80,465,46600,203.01803755760193,55059,55326.94,ONE_POINT,100,100,RANDOM
truncation_60,0.5,80,466,46700,203.47393822669983,55005,55277.16,ONE_POINT,100,100,RANDOM
truncation_60,0.5,80,467,46800,203.92063856124878,54702,55210.51,ONE_POINT,100,100,RANDOM
truncation_60,0.5,80,468,46900,204.3728802204132,54547,55147.92,ONE_POINT,100,100,RANDOM
truncation_60,0.5,80,469,47000,204.81187415122986,54547,55125.27,ONE_POINT,100,100,RANDOM
truncation_60,0.5,80,470,47100,205.2428002357483,54547,55069.0,ONE_POINT,100,100,RANDOM
truncation_60,0.5,80,471,47200,205.67650413513184,54547,55034.93,ONE_POINT,100,100,RANDOM
truncation_60,0.5,80,472,47300,206.10586428642273,54547,55003.01,ONE_POINT,100,100,RANDOM
truncation_60,0.5,80,473,47400,206.54233169555664,54547,54976.01,ONE_POINT,100,100,RANDOM
truncation_60,0.5,80,474,47500,206.98143458366394,54547,54953.78,ONE_POINT,100,100,RANDOM
truncation_60,0.5,80,475,47600,207.40667366981506,54547,54927.56,ONE_POINT,100,100,RANDOM
truncation_60,0.5,80,476,47700,207.838636636734,54547,54896.62,ONE_POINT,100,100,RANDOM
truncation_60,0.5,80,477,47800,208.28635931015015,54528,54869.12,ONE_POINT,100,100,RANDOM
truncation_60,0.5,80,478,47900,208.72343683242798,54528,54834.87,ONE_POINT,100,100,RANDOM
truncation_60,0.5,80,479,48000,209.1563401222229,54528,54811.12,ONE_POINT,100,100,RANDOM
truncation_60,0.5,80,480,48100,209.57852792739868,54528,54789.14,ONE_POINT,100,100,RANDOM
truncation_60,0.5,80,481,48200,210.0041708946228,54528,54752.18,ONE_POINT,100,100,RANDOM
truncation_60,0.5,80,482,48300,210.44192051887512,54528,54713.93,ONE_POINT,100,100,RANDOM
truncation_60,0.5,80,483,48400,210.92715501785278,54479,54679.44,ONE_POINT,100,100,RANDOM
truncation_60,0.5,80,484,48500,211.34416031837463,54294,54656.29,ONE_POINT,100,100,RANDOM
truncation_60,0.5,80,485,48600,211.78057885169983,54294,54630.71,ONE_POINT,100,100,RANDOM
truncation_60,0.5,80,486,48700,212.20577955245972,54294,54616.02,ONE_POINT,100,100,RANDOM
truncation_60,0.5,80,487,48800,212.6607494354248,54294,54588.7,ONE_POINT,100,100,RANDOM
truncation_60,0.5,80,488,48900,213.10406374931335,54294,54567.42,ONE_POINT,100,100,RANDOM
truncation_60,0.5,80,489,49000,213.5330410003662,54263,54530.45,ONE_POINT,100,100,RANDOM
truncation_60,0.5,80,490,49100,213.9539337158203,54220,54507.94,ONE_POINT,100,100,RANDOM
truncation_60,0.5,80,491,49200,214.3952739238739,54220,54485.66,ONE_POINT,100,100,RANDOM
truncation_60,0.5,80,492,49300,214.872252702713,54109,54430.29,ONE_POINT,100,100,RANDOM
truncation_60,0.5,80,493,49400,215.30265998840332,53944,54386.28,ONE_POINT,100,100,RANDOM
truncation_60,0.5,80,494,49500,215.73801612854004,53854,54348.04,ONE_POINT,100,100,RANDOM
truncation_60,0.5,80,495,49600,216.1589024066925,53854,54289.95,ONE_POINT,100,100,RANDOM
truncation_60,0.5,80,496,49700,216.59559297561646,53854,54230.24,ONE_POINT,100,100,RANDOM
truncation_60,0.5,80,497,49800,217.04058384895325,53854,54182.75,ONE_POINT,100,100,RANDOM
truncation_60,0.5,80,498,49900,217.46444463729858,53795,54118.03,ONE_POINT,100,100,RANDOM
truncation_60,0.5,80,499,50000,217.88687753677368,53795,54045.36,ONE_POINT,100,100,RANDOM
truncation_60,0.5,80,500,50100,218.33804559707642,53667,53999.71,ONE_POINT,100,100,RANDOM
